Frequency in Hz	AED_Ref_40mm_LF Normalized Surface Impedance continuous Re	Frequency in Hz	AED_Ref_40mm_HF Normalized Surface Impedance continuous Re	Frequency in Hz	SpecimenHolder_HF Normalized Surface Impedance continuous Re	Frequency in Hz	SpecimenHolder_LF Normalized Surface Impedance continuous Re	Frequency in Hz	Air_LF Normalized Surface Impedance continuous Re	Frequency in Hz	Air_HF Normalized Surface Impedance continuous Re	Frequency in Hz	AED_Ref_40mm_LF Normalized Surface Impedance continuous Im	Frequency in Hz	AED_Ref_40mm_HF Normalized Surface Impedance continuous Im	Frequency in Hz	SpecimenHolder_HF Normalized Surface Impedance continuous Im	Frequency in Hz	SpecimenHolder_LF Normalized Surface Impedance continuous Im	Frequency in Hz	Air_LF Normalized Surface Impedance continuous Im	Frequency in Hz	Air_HF Normalized Surface Impedance continuous Im	
100	6,62061882019043	556,25	6,46465444564819	556,25	0,120333127677441	100	4,01286363601685	100	2,8341281414032	556,25	0,0746150463819504	100	-17,6029796600342	556,25	4,39021682739258	556,25	-4,22886419296265	100	-19,353832244873	100	-17,9784107208252	556,25	-3,77755641937256	
103,125	9,05926609039307	559,375	6,44767618179321	559,375	0,171544089913368	103,125	6,31167650222778	103,125	4,77428197860718	559,375	0,116615183651447	103,125	-17,5912570953369	559,375	4,21314573287964	559,375	-4,19241428375244	103,125	-20,3599681854248	103,125	-19,0995712280273	559,375	-3,7475802898407	
106,25	4,98882961273193	562,5	6,40583038330078	562,5	0,166707500815392	106,25	2,63437414169312	106,25	2,06312942504883	562,5	0,112463377416134	106,25	-14,7058610916138	562,5	4,23127222061157	562,5	-4,17715644836426	106,25	-15,7787837982178	106,25	-14,8200397491455	562,5	-3,73271799087524	
109,375	5,36863279342651	565,625	6,50287628173828	565,625	0,152453452348709	109,375	1,82453346252441	109,375	1,18176674842834	565,625	0,100276485085487	109,375	-17,2442970275879	565,625	4,27083587646484	565,625	-4,13802623748779	109,375	-18,862922668457	109,375	-17,3241271972656	565,625	-3,69958829879761	
112,5	6,10981416702271	568,75	6,46463966369629	568,75	0,171248838305473	112,5	3,38936829566956	112,5	2,52680730819702	568,75	0,114821814000607	112,5	-15,4450807571411	568,75	4,25124788284302	568,75	-4,1197772026062	112,5	-17,3754367828369	112,5	-16,0808620452881	568,75	-3,68394875526428	
115,625	5,21604061126709	571,875	6,39784049987793	571,875	0,178031042218208	115,625	2,75276637077332	115,625	2,07036828994751	571,875	0,120870694518089	115,625	-14,4737958908081	571,875	4,30511045455933	571,875	-4,11373472213745	115,625	-15,8447465896606	115,625	-14,7343873977661	571,875	-3,67869806289673	
118,75	5,67404413223267	575	6,42899417877197	575	0,153258726000786	118,75	2,64481735229492	118,75	1,89649724960327	575	0,100943967700005	118,75	-15,5841932296753	575	4,39435577392578	575	-4,08372068405151	118,75	-17,3532543182373	118,75	-15,9592876434326	575	-3,65042757987976	
121,875	5,98953247070313	578,125	6,32218408584595	578,125	0,185840338468552	121,875	3,53441619873047	121,875	2,79075789451599	578,125	0,126736924052238	121,875	-13,6599044799805	578,125	4,34676504135132	578,125	-4,08546304702759	121,875	-15,5387382507324	121,875	-14,4624519348145	578,125	-3,65073776245117	
125	4,9507269859314	581,25	6,40514659881592	581,25	0,142536655068398	125	1,93710780143738	125	1,42379069328308	581,25	0,0917557552456856	125	-14,4528732299805	581,25	4,52753877639771	581,25	-4,05406045913696	125	-16,2024803161621	125	-14,8697719573975	581,25	-3,62382411956787	
128,125	4,36140108108521	584,375	6,50624561309814	584,375	0,126398339867592	128,125	1,47825253009796	128,125	1,05355906486511	584,375	0,0792659148573875	128,125	-13,5356130599976	584,375	4,62110567092896	584,375	-4,01074314117432	128,125	-14,877589225769	128,125	-13,7083368301392	584,375	-3,58720397949219	
131,25	4,52978944778442	587,5	6,46127605438232	587,5	0,123393341898918	131,25	1,51770687103271	131,25	1,07060170173645	587,5	0,0764357075095177	131,25	-13,6630144119263	587,5	4,69027233123779	587,5	-4,00739622116089	131,25	-15,1699695587158	131,25	-13,9141492843628	587,5	-3,58434963226318	
134,375	3,84460186958313	590,625	6,50098943710327	590,625	0,143526002764702	134,375	0,460816562175751	134,375	0,178598523139954	590,625	0,0931660085916519	134,375	-14,1672096252441	590,625	4,66789150238037	590,625	-3,98251080513	134,375	-15,5501308441162	134,375	-14,1453428268433	590,625	-3,56486773490906	
137,5	4,51891613006592	593,75	6,52173757553101	593,75	0,14359849691391	137,5	2,18584561347961	137,5	1,70078587532043	593,75	0,0946359187364578	137,5	-11,5398321151733	593,75	4,70637798309326	593,75	-3,95551061630249	137,5	-13,0306215286255	137,5	-12,0920524597168	593,75	-3,54298901557922	
140,625	5,39696168899536	596,875	6,50204133987427	596,875	0,13653127849102	140,625	2,78063583374023	140,625	2,18054962158203	596,875	0,0891834050416946	140,625	-11,9471855163574	596,875	4,79916286468506	596,875	-3,95299363136292	140,625	-13,9889650344849	140,625	-12,9042749404907	596,875	-3,53855895996094	
143,75	4,80898904800415	600	6,65749168395996	600	0,128162026405334	143,75	2,43386697769165	143,75	1,91346395015717	600	0,106786355376244	143,75	-11,1355066299438	600	4,8394923210144	600	-3,90264630317688	143,75	-12,9923667907715	143,75	-12,0114231109619	600	-3,51147270202637	
146,875	4,68695020675659	603,125	6,58440065383911	603,125	0,130723312497139	146,875	1,28616619110107	146,875	0,854462385177612	603,125	0,0948117300868034	146,875	-12,8142995834351	603,125	4,89683485031128	603,125	-3,90447354316711	146,875	-14,8154640197754	146,875	-13,4786128997803	603,125	-3,48905038833618	
150	4,7138786315918	606,25	6,68889570236206	606,25	0,138570591807365	150	1,94878602027893	150	1,46356213092804	606,25	0,0927533730864525	150	-11,2609443664551	606,25	4,89887666702271	606,25	-3,8681104183197	150	-13,3082656860352	150	-12,2070446014404	606,25	-3,44373393058777	
153,125	3,98684191703796	609,375	6,62981081008911	609,375	0,121070936322212	153,125	1,34988105297089	153,125	1,01669311523438	609,375	0,0716432631015778	153,125	-10,6308746337891	609,375	5,04221343994141	609,375	-3,87413382530212	153,125	-12,2925338745117	153,125	-11,2939348220825	609,375	-3,44970893859863	
156,25	4,27121210098267	612,5	6,66098594665527	612,5	0,136601269245148	156,25	1,43280696868896	156,25	1,06588995456696	612,5	0,0698903352022171	156,25	-10,8206739425659	612,5	5,05949783325195	612,5	-3,85415506362915	156,25	-12,7247686386108	156,25	-11,6509742736816	612,5	-3,42859315872192	
159,375	4,04402685165405	615,625	6,79822158813477	615,625	0,132800787687302	159,375	1,2277318239212	159,375	0,898675143718719	615,625	0,0689248070120811	159,375	-10,5034418106079	615,625	5,0564923286438	615,625	-3,78988599777222	159,375	-12,3716554641724	159,375	-11,3233423233032	615,625	-3,39807891845703	
162,5	4,05774259567261	618,75	6,78806209564209	618,75	0,118434704840183	162,5	1,0772784948349	162,5	0,769511640071869	618,75	0,0671567618846893	162,5	-10,5235948562622	618,75	5,1095814704895	618,75	-3,78354668617249	162,5	-12,4813194274902	162,5	-11,3907489776611	618,75	-3,39173603057861	
165,625	4,32982969284058	621,875	6,73651075363159	621,875	0,102605372667313	165,625	1,40320146083832	165,625	1,04920625686646	621,875	0,0582748092710972	165,625	-10,2119140625	621,875	5,23747062683105	621,875	-3,78825926780701	165,625	-12,3811950683594	165,625	-11,2988271713257	621,875	-3,3906238079071	
168,75	3,66967082023621	625	6,77145338058472	625	0,121807679533958	168,75	1,0107969045639	168,75	0,755809247493744	625	0,0731802880764008	168,75	-9,41489696502686	625	5,17748928070068	625	-3,75820636749268	168,75	-11,2012071609497	168,75	-10,274561882019	625	-3,36718773841858	
171,875	4,30170202255249	628,125	6,93927955627441	628,125	0,110332779586315	171,875	1,54663574695587	171,875	1,19578409194946	628,125	0,0658535212278366	171,875	-9,43272876739502	628,125	5,21021175384521	628,125	-3,7143714427948	171,875	-11,6934261322021	171,875	-10,6870059967041	628,125	-3,32934021949768	
175	4,17459487915039	631,25	6,91517925262451	631,25	0,134943276643753	175	1,62375140190125	175	1,27272307872772	631,25	0,0859027579426765	175	-8,84315967559814	631,25	5,08904218673706	631,25	-3,69758939743042	175	-11,0592069625854	175	-10,1367053985596	631,25	-3,31251811981201	
178,125	3,82323908805847	634,375	6,91124868392944	634,375	0,128579586744308	178,125	1,01447761058807	178,125	0,757983028888702	634,375	0,0813098922371864	178,125	-8,97576141357422	634,375	5,13021469116211	634,375	-3,68218111991882	178,125	-11,0729608535767	178,125	-10,1163263320923	634,375	-3,29768013954163	
181,25	3,99320125579834	637,5	6,97431564331055	637,5	0,11261735111475	181,25	1,04489278793335	181,25	0,78260350227356	637,5	0,0685073658823967	181,25	-8,96256637573242	637,5	5,23080921173096	637,5	-3,66848421096802	181,25	-11,2615165710449	181,25	-10,2573652267456	637,5	-3,28419518470764	
184,375	4,17872905731201	640,625	6,85178756713867	640,625	0,111102774739265	184,375	1,36921882629395	184,375	1,05196130275726	640,625	0,0667122229933739	184,375	-8,58311557769775	640,625	5,32143306732178	640,625	-3,67645406723022	184,375	-11,0611438751221	184,375	-10,0855989456177	640,625	-3,29042816162109	
187,5	4,01467847824097	643,75	7,08649587631226	643,75	0,095759429037571	187,5	1,47408306598663	187,5	1,16103422641754	643,75	0,0558085069060326	187,5	-7,94321823120117	643,75	5,39098501205444	643,75	-3,61530447006226	187,5	-10,299840927124	187,5	-9,43731498718262	643,75	-3,23883724212646	
190,625	4,2145357131958	646,875	7,05009412765503	646,875	0,114954516291618	190,625	1,57558393478394	190,625	1,24054682254791	646,875	0,0713450312614441	190,625	-7,93226909637451	646,875	5,28388929367065	646,875	-3,60775971412659	190,625	-10,5468473434448	190,625	-9,64033508300781	646,875	-3,23078870773315	
193,75	3,87502193450928	650	7,14439105987549	650	0,0848942250013351	193,75	1,37934577465057	193,75	1,0931510925293	650	0,0469860173761845	193,75	-7,44085645675659	650	5,4652304649353	650	-3,58577632904053	193,75	-9,80091762542725	193,75	-8,99476051330566	650	-3,21126508712769	
196,875	4,01106595993042	653,125	7,09743547439575	653,125	0,104284442961216	196,875	1,31635439395905	196,875	1,02612900733948	653,125	0,0628408268094063	196,875	-7,56057786941528	653,125	5,37523221969604	653,125	-3,57687854766846	196,875	-10,1783800125122	196,875	-9,30134391784668	653,125	-3,2025408744812	
200	3,89272665977478	656,25	7,09686803817749	656,25	0,117298319935799	200	0,885026872158051	200	0,664022147655487	656,25	0,0736642703413963	200	-7,70803546905518	656,25	5,3195538520813	656,25	-3,55829739570618	200	-10,3214082717896	200	-9,40467262268066	656,25	-3,18746137619019	
203,125	3,88416647911072	659,375	7,29287958145142	659,375	0,113218262791634	203,125	0,6140958070755	203,125	0,430449098348618	659,375	0,0716286078095436	203,125	-7,72783470153809	659,375	5,31348896026611	659,375	-3,52008581161499	203,125	-10,4420671463013	203,125	-9,49169921875	659,375	-3,1542181968689	
206,25	3,54432654380798	662,5	7,20638561248779	662,5	0,088998943567276	206,25	0,824614822864532	206,25	0,624978721141815	662,5	0,0520406328141689	206,25	-6,90134477615356	662,5	5,50136518478394	662,5	-3,52647233009338	206,25	-9,34352111816406	206,25	-8,55717754364014	662,5	-3,15815258026123	
209,375	3,77304029464722	665,625	7,30055952072144	665,625	0,0753107666969299	209,375	0,956457197666168	209,375	0,732076823711395	665,625	0,0408982671797276	209,375	-6,87217283248901	665,625	5,56466722488403	665,625	-3,50338363647461	209,375	-9,59626293182373	209,375	-8,76160430908203	665,625	-3,1380398273468	
212,5	3,86680555343628	668,75	7,36541271209717	668,75	0,0922446995973587	212,5	0,650769770145416	212,5	0,46564707159996	668,75	0,0551580227911472	212,5	-7,10585498809814	668,75	5,47252225875854	668,75	-3,47908473014832	212,5	-10,0485811233521	212,5	-9,11815071105957	668,75	-3,11736631393433	
215,625	3,67324423789978	671,875	7,23217391967773	671,875	0,101488396525383	215,625	0,951859831809998	215,625	0,734172582626343	671,875	0,062870480120182	215,625	-6,35453939437866	671,875	5,4670557975769	671,875	-3,4818115234375	215,625	-9,12749862670898	215,625	-8,34070682525635	671,875	-3,11894702911377	
218,75	3,88345384597778	675	7,3433690071106	675	0,10991758108139	218,75	0,895731925964355	218,75	0,676765859127045	675	0,0703283697366714	218,75	-6,47616624832153	675	5,36225318908691	675	-3,44220042228699	218,75	-9,54393768310547	218,75	-8,67624473571777	675	-3,08655190467834	
221,875	3,72589373588562	678,125	7,45882225036621	678,125	0,112188458442688	221,875	0,865531921386719	221,875	0,660593688488007	678,125	0,0727241858839989	221,875	-6,14077568054199	678,125	5,32789659500122	678,125	-3,41325521469116	221,875	-9,10103988647461	221,875	-8,29114437103271	678,125	-3,06171727180481	
225	3,8334813117981	681,25	7,47293996810913	681,25	0,101707428693771	225	1,04299926757813	225	0,804439246654511	681,25	0,0645865574479103	225	-5,92425012588501	681,25	5,44776630401611	681,25	-3,40679979324341	225	-9,04919528961182	225	-8,24279689788818	681,25	-3,05551218986511	
228,125	3,81336355209351	684,375	7,47406339645386	684,375	0,100361093878746	228,125	1,03928816318512	228,125	0,803194105625153	684,375	0,0632686465978622	228,125	-5,73315095901489	684,375	5,4404730796814	684,375	-3,39763593673706	228,125	-8,88949203491211	228,125	-8,09927082061768	684,375	-3,04733061790466	
231,25	3,82622194290161	687,5	7,4119291305542	687,5	0,0718338117003441	231,25	0,968535661697388	231,25	0,744935095310211	687,5	0,0393845848739147	231,25	-5,62396860122681	687,5	5,64376592636108	687,5	-3,39898872375488	231,25	-8,86736488342285	231,25	-8,06738567352295	687,5	-3,046875	
234,375	3,80850982666016	690,625	7,87542772293091	690,625	0,0780277475714684	234,375	1,0180252790451	234,375	0,793304026126862	690,625	0,0459466874599457	234,375	-5,39417505264282	690,625	5,44215965270996	690,625	-3,31904721260071	234,375	-8,66501712799072	234,375	-7,89119672775269	690,625	-2,98156929016113	
237,5	3,81933403015137	693,75	7,59400224685669	693,75	0,0804232582449913	237,5	0,73117059469223	237,5	0,546177804470062	693,75	0,0474311001598835	237,5	-5,4510555267334	693,75	5,52911567687988	693,75	-3,35004949569702	237,5	-8,83947658538818	237,5	-8,02028846740723	693,75	-3,00565218925476	
240,625	3,52713632583618	696,875	7,58609914779663	696,875	0,0768363922834396	240,625	0,481861263513565	240,625	0,349384933710098	696,875	0,0452264547348022	240,625	-5,21627187728882	696,875	5,58969163894653	696,875	-3,33491897583008	240,625	-8,25788688659668	240,625	-7,51920604705811	696,875	-2,99267196655273	
243,75	3,70000791549683	700	7,69458961486816	700	0,0872961431741714	243,75	0,61136794090271	243,75	0,452868431806564	700	0,0543421544134617	243,75	-5,09262609481812	700	5,46703290939331	700	-3,30159068107605	243,75	-8,41871929168701	243,75	-7,64538955688477	700	-2,96484518051147	
246,875	3,76375532150269	703,125	7,81698656082153	703,125	0,0772353038191795	246,875	0,896680772304535	246,875	0,69491183757782	703,125	0,0447301045060158	246,875	-4,77136468887329	703,125	5,46139907836914	703,125	-3,28417801856995	246,875	-8,22997093200684	246,875	-7,48915910720825	703,125	-2,94970035552979	
250	3,78414082527161	706,25	7,70846176147461	706,25	0,0714920908212662	250	0,911563634872437	250	0,709448099136353	706,25	0,040070079267025	250	-4,62185764312744	706,25	5,55819606781006	706,25	-3,28979778289795	250	-8,16080856323242	250	-7,42364406585693	706,25	-2,95343995094299	
253,125	3,7308201789856	709,375	7,60738134384155	709,375	0,0834522023797035	253,125	0,675719201564789	253,125	0,512433707714081	709,375	0,0521482825279236	253,125	-4,55978059768677	709,375	5,51204919815063	709,375	-3,2763888835907	253,125	-8,10455799102783	253,125	-7,36247539520264	709,375	-2,94262957572937	
256,25	3,67437076568604	712,5	8,06575870513916	712,5	0,0882158353924751	256,25	0,683405458927155	256,25	0,522128760814667	712,5	0,056454811245203	256,25	-4,36523914337158	712,5	5,19908285140991	712,5	-3,20488333702087	256,25	-7,83076906204224	256,25	-7,12770462036133	712,5	-2,88309240341187	
259,375	3,79827570915222	715,625	7,86983203887939	715,625	0,0722813457250595	259,375	0,874117374420166	259,375	0,680009007453918	715,625	0,0423667691648006	259,375	-4,17304277420044	715,625	5,43124437332153	715,625	-3,22779965400696	259,375	-7,886061668396	259,375	-7,17079877853394	715,625	-2,90083026885986	
262,5	3,71134543418884	718,75	7,95823860168457	718,75	0,0615478195250034	262,5	0,64753657579422	262,5	0,493772238492966	718,75	0,0328989736735821	262,5	-4,09750652313232	718,75	5,45950937271118	718,75	-3,21543908119202	262,5	-7,71769428253174	262,5	-7,01977396011353	718,75	-2,89197063446045	
265,625	3,64676380157471	721,875	7,95036554336548	721,875	0,0773046240210533	265,625	0,480911135673523	265,625	0,35734897851944	721,875	0,0462303794920444	265,625	-3,99894332885742	721,875	5,31853771209717	721,875	-3,19388198852539	265,625	-7,55536222457886	265,625	-6,87304735183716	721,875	-2,87512540817261	
268,75	3,75995469093323	725	7,99590539932251	725	0,0540157444775105	268,75	0,59992903470993	268,75	0,453285604715347	725	0,0265405531972647	268,75	-3,8426947593689	725	5,47002935409546	725	-3,17966175079346	268,75	-7,64517021179199	268,75	-6,94186925888062	725	-2,86194968223572	
271,875	3,69332575798035	728,125	8,04149055480957	728,125	0,0752116814255714	271,875	0,599286615848541	271,875	0,458612531423569	728,125	0,0434112064540386	271,875	-3,65706920623779	728,125	5,31136035919189	728,125	-3,15742874145508	271,875	-7,36977291107178	271,875	-6,70391654968262	728,125	-2,84216737747192	
275	3,7121946811676	731,25	8,02802562713623	731,25	0,0605035685002804	275	0,454647600650787	275	0,335235595703125	731,25	0,0313332267105579	275	-3,58856654167175	731,25	5,37653064727783	731,25	-3,15335083007813	275	-7,38387680053711	275	-6,70874834060669	731,25	-2,83722472190857	
278,125	3,69165253639221	734,375	8,02723217010498	734,375	0,0623289830982685	278,125	0,559066534042358	278,125	0,426808685064316	734,375	0,0313421189785004	278,125	-3,39269185066223	734,375	5,28727388381958	734,375	-3,14173245429993	278,125	-7,16754913330078	278,125	-6,52429437637329	734,375	-2,8277313709259	
281,25	3,74633026123047	737,5	8,0548620223999	737,5	0,0514631122350693	281,25	0,551349580287933	281,25	0,41837540268898	737,5	0,0213683806359768	281,25	-3,28007555007935	737,5	5,35706043243408	737,5	-3,13650465011597	281,25	-7,19238567352295	281,25	-6,53997468948364	737,5	-2,82546329498291	
284,375	3,76667976379395	740,625	8,10781288146973	740,625	0,0742506459355354	284,375	0,516889691352844	284,375	0,389563500881195	740,625	0,0412815250456333	284,375	-3,15891528129578	740,625	5,20984935760498	740,625	-3,10046410560608	284,375	-7,13396835327148	284,375	-6,48618412017822	740,625	-2,79427552223206	
287,5	3,79495596885681	743,75	8,12081718444824	743,75	0,084429532289505	287,5	0,171387165784836	287,5	0,102229751646519	743,75	0,0507344678044319	287,5	-3,15476775169373	743,75	5,11817741394043	743,75	-3,06593585014343	287,5	-7,28085899353027	287,5	-6,61804294586182	743,75	-2,76219701766968	
290,625	3,66343379020691	746,875	8,29647636413574	746,875	0,0427731610834599	290,625	0,37290695309639	290,625	0,280694454908371	746,875	0,0160981360822916	290,625	-2,92184138298035	746,875	5,24203538894653	746,875	-3,04125547409058	290,625	-6,70138120651245	290,625	-6,12041282653809	746,875	-2,73936891555786	
293,75	3,73675489425659	750	8,24329662322998	750	0,0417196564376354	293,75	0,325817853212357	293,75	0,241196766495705	750	0,0135688846930861	293,75	-2,82855343818665	750	5,13295030593872	750	-3,03910326957703	293,75	-6,76270580291748	293,75	-6,16609477996826	750	-2,73666977882385	
296,875	3,76385045051575	753,125	8,18249797821045	753,125	0,0532616302371025	296,875	0,421802788972855	296,875	0,346208930015564	753,125	0,02407456189394	296,875	-2,67002606391907	753,125	5,09443712234497	753,125	-3,04070329666138	296,875	-6,68118333816528	296,875	-6,0961766242981	753,125	-2,73896479606628	
300	3,7949047088623	756,25	8,24237442016602	756,25	0,0624530091881752	300	0,72366201877594	300	0,669884264469147	756,25	0,0313306339085102	300	-2,54700708389282	756,25	5,09187889099121	756,25	-3,02514791488647	300	-6,9100866317749	300	-5,67951393127441	756,25	-2,72703981399536	
303,125	3,75456929206848	759,375	8,1783390045166	759,375	0,0790944471955299	303,125	0,495027244091034	303,125	0,326939195394516	759,375	0,0414926744997501	303,125	-2,41009473800659	759,375	4,84178304672241	759,375	-3,03387570381165	303,125	-6,27468395233154	303,125	-5,75780868530273	759,375	-2,73680281639099	
306,25	3,76444792747498	762,5	8,15515899658203	762,5	0,0545580349862576	306,25	0,49178022146225	306,25	0,371955037117004	762,5	0,0213963724672794	306,25	-2,26145195960999	762,5	5,02437543869019	762,5	-3,02962779998779	306,25	-6,23328256607056	306,25	-5,70015621185303	762,5	-2,73041749000549	
309,375	3,77950811386108	765,625	8,07046127319336	765,625	0,0676899701356888	309,375	0,580968737602234	309,375	0,450595885515213	765,625	0,0341601110994816	309,375	-2,10645985603333	765,625	4,92904710769653	765,625	-3,00768733024597	309,375	-6,19514036178589	309,375	-5,65831518173218	765,625	-2,71154236793518	
312,5	3,74611592292786	768,75	8,24123573303223	768,75	0,0552919469773769	312,5	0,677088260650635	312,5	0,53663557767868	768,75	0,0237059015780687	312,5	-1,93570566177368	768,75	4,74860668182373	768,75	-2,96014094352722	312,5	-5,94188499450684	312,5	-5,4496922492981	768,75	-2,66994881629944	
315,625	3,82428383827209	771,875	8,19772243499756	771,875	0,0672866925597191	315,625	1,02355241775513	315,625	0,828199684619904	771,875	0,0352526642382145	315,625	-1,69424700737	771,875	4,67940187454224	771,875	-2,93415522575378	315,625	-6,08809995651245	315,625	-5,57297372817993	771,875	-2,64484834671021	
318,75	3,86045575141907	775	8,08601665496826	775	0,0556379295885563	318,75	0,996691346168518	318,75	0,806523203849792	775	0,0228328909724951	318,75	-1,55270946025848	775	4,75214004516602	775	-2,94130706787109	318,75	-6,02263593673706	318,75	-5,5112042427063	775	-2,64972257614136	
321,875	3,99306392669678	778,125	8,10855674743652	778,125	0,0689850598573685	321,875	0,914308190345764	321,875	0,73089462518692	778,125	0,0349896512925625	321,875	-1,42931246757507	778,125	4,66670274734497	778,125	-2,93505716323853	321,875	-6,29249048233032	321,875	-5,72427177429199	778,125	-2,64771294593811	
325	4,09369802474976	781,25	8,1848087310791	781,25	0,0625135600566864	325	0,90890109539032	325	0,722655236721039	781,25	0,0322416536509991	325	-1,3182487487793	781,25	4,64528512954712	781,25	-2,90927958488464	325	-6,40584993362427	325	-5,81435680389404	781,25	-2,62428832054138	
328,125	4,13217544555664	784,375	8,21124267578125	784,375	0,0709579139947891	328,125	1,00110936164856	328,125	0,796081006526947	784,375	0,0411637090146542	328,125	-1,18692517280579	784,375	4,54794692993164	784,375	-2,88438963890076	328,125	-6,42411756515503	328,125	-5,83235025405884	784,375	-2,6046130657196	
331,25	4,19746112823486	787,5	8,24552154541016	787,5	0,06297267973423	331,25	0,648029506206512	331,25	0,499678999185562	787,5	0,0365289822220802	331,25	-1,19995868206024	787,5	4,57402372360229	787,5	-2,85009026527405	331,25	-6,28035736083984	331,25	-5,7023401260376	787,5	-2,57425594329834	
334,375	4,23548698425293	790,625	8,25719165802002	790,625	0,0634136572480202	334,375	0,570445954799652	334,375	0,439333111047745	790,625	0,0341134332120419	334,375	-1,10545027256012	790,625	4,50715446472168	790,625	-2,84766721725464	334,375	-6,2624044418335	334,375	-5,67477655410767	790,625	-2,57072687149048	
337,5	4,26869487762451	793,75	8,04381561279297	793,75	0,0624110102653503	337,5	0,625224828720093	337,5	0,484817206859589	793,75	0,0310006588697433	337,5	-0,975146293640137	793,75	4,43207120895386	793,75	-2,8582079410553	337,5	-6,28814935684204	337,5	-5,6907525062561	793,75	-2,57930707931519	
340,625	4,31762933731079	796,875	7,94683694839478	796,875	0,0472362451255322	340,625	0,489463150501251	340,625	0,370628237724304	796,875	0,0155427353456616	340,625	-0,894217967987061	796,875	4,42423629760742	796,875	-2,85773825645447	340,625	-6,21767282485962	340,625	-5,62621402740479	796,875	-2,57755208015442	
343,75	4,31557035446167	800	7,90752267837524	800	0,042584091424942	343,75	0,506880283355713	343,75	0,383328288793564	800	0,012716855853796	343,75	-0,828148186206818	800	4,40619039535522	800	-2,82694482803345	343,75	-6,01769161224365	343,75	-5,45586538314819	800	-2,55089712142944	
346,875	4,38977813720703	803,125	7,75618171691895	803,125	0,0182747971266508	346,875	0,46984401345253	346,875	0,351365476846695	803,125	-0,00994203239679337	346,875	-0,731910347938538	803,125	4,46878480911255	803,125	-2,84957599639893	346,875	-5,98942899703979	346,875	-5,43260765075684	803,125	-2,56457805633545	
350	4,41121530532837	806,25	7,94458818435669	806,25	0,0400266349315643	350	0,487220466136932	350	0,369357615709305	806,25	0,0148362861946225	350	-0,595799446105957	806,25	4,41180992126465	806,25	-2,805251121521	350	-5,99606275558472	350	-5,43112134933472	806,25	-2,52911376953125	
353,125	4,48807048797607	809,375	8,17415237426758	809,375	0,0481200441718102	353,125	0,428286612033844	353,125	0,326408296823502	809,375	0,0273331627249718	353,125	-0,474672138690948	809,375	4,24781179428101	809,375	-2,72599792480469	353,125	-5,95066833496094	353,125	-5,39227676391602	809,375	-2,46511173248291	
356,25	4,55499076843262	812,5	7,75287628173828	812,5	0,0472721047699451	356,25	0,285831600427628	356,25	0,203337579965591	812,5	0,020778676494956	356,25	-0,445556074380875	812,5	4,3613018989563	812,5	-2,7710874080658	356,25	-5,84041738510132	356,25	-5,29147863388062	812,5	-2,50449371337891	
359,375	4,5610933303833	815,625	7,63244676589966	815,625	0,0517269633710384	359,375	0,252678692340851	359,375	0,180633023381233	815,625	0,017453558743	359,375	-0,390683174133301	815,625	4,3461709022522	815,625	-2,79903650283813	359,375	-5,65630340576172	359,375	-5,12626552581787	815,625	-2,52534985542297	
362,5	4,56401824951172	818,75	7,8389835357666	818,75	0,0627559572458267	362,5	0,305377990007401	362,5	0,222990170121193	818,75	0,0344803780317307	362,5	-0,287303626537323	818,75	4,25654935836792	818,75	-2,73927402496338	362,5	-5,6645622253418	362,5	-5,12258005142212	818,75	-2,4760000705719	
365,625	4,62257099151611	821,875	7,6175274848938	821,875	0,0632940679788589	365,625	0,475055724382401	365,625	0,365676164627075	821,875	0,0365081168711185	365,625	-0,173816293478012	821,875	4,1207160949707	821,875	-2,73619937896729	365,625	-5,58894062042236	365,625	-5,07634878158569	821,875	-2,47419619560242	
368,75	4,71543502807617	825	7,17097091674805	825	0,0383042693138123	368,75	0,272140383720398	368,75	0,191597059369087	825	0,0115488599985838	368,75	-0,0773529931902885	825	4,1527533531189	825	-2,78370022773743	368,75	-5,63371849060059	368,75	-5,09122228622437	825	-2,50629138946533	
371,875	4,87776613235474	828,125	7,27073431015015	828,125	0,037424623966217	371,875	0,00453354511409998	371,875	-0,0249844361096621	828,125	0,0105433510616422	371,875	0,0246876813471317	828,125	4,07029581069946	828,125	-2,76938152313232	371,875	-5,5851411819458	371,875	-5,03871536254883	828,125	-2,49106001853943	
375	4,66263675689697	831,25	6,92221927642822	831,25	0,133226722478867	375	0,491938322782516	375	0,412985682487488	831,25	0,0834402441978455	375	0,13768370449543	831,25	3,63194632530212	831,25	-2,79913735389709	375	-5,30594062805176	375	-4,82768964767456	831,25	-2,52027535438538	
378,125	4,7929425239563	834,375	7,58881616592407	834,375	0,106597498059273	378,125	0,408851355314255	378,125	0,329965770244598	834,375	0,0689646899700165	378,125	0,184112146496773	834,375	3,99821209907532	834,375	-2,68873238563538	378,125	-5,25064039230347	378,125	-4,78256368637085	834,375	-2,43582320213318	
381,25	4,91970729827881	837,5	7,54129981994629	837,5	0,0636296793818474	381,25	0,276361018419266	381,25	0,191928163170815	837,5	0,0361523739993572	381,25	0,34773913025856	837,5	4,21747732162476	837,5	-2,66879034042358	381,25	-5,50930690765381	381,25	-4,98840379714966	837,5	-2,41744041442871	
384,375	4,87218141555786	840,625	7,42193174362183	840,625	0,0534589700400829	384,375	0,469766467809677	384,375	0,374633878469467	840,625	0,0303924195468426	384,375	0,352508246898651	840,625	4,12733697891235	840,625	-2,65285134315491	384,375	-5,25586652755737	384,375	-4,7833456993103	840,625	-2,40024471282959	
387,5	4,95483636856079	843,75	7,45486640930176	843,75	0,0724022537469864	387,5	0,33154433965683	387,5	0,263935446739197	843,75	0,044657826423645	387,5	0,284207940101624	843,75	4,04247331619263	843,75	-2,63267707824707	387,5	-5,06445598602295	387,5	-4,60166931152344	843,75	-2,38308095932007	
390,625	5,11193561553955	846,875	7,33265447616577	846,875	0,0478839799761772	390,625	0,202493697404861	390,625	0,15586644411087	846,875	0,0246959514915943	390,625	0,356977462768555	846,875	4,3541145324707	846,875	-2,62299180030823	390,625	-5,01064300537109	390,625	-4,54619741439819	846,875	-2,37387180328369	
393,75	5,20489645004272	850	7,22839641571045	850	0,026057219132781	393,75	0,216506093740463	393,75	0,148095831274986	850	0,00677070673555136	393,75	0,653526663780212	850	4,39631748199463	850	-2,61098885536194	393,75	-5,28297233581543	393,75	-4,78752660751343	850	-2,36413145065308	
396,875	5,26419115066528	853,125	6,85215044021606	853,125	0,0120315384119749	396,875	0,22682623565197	396,875	0,150800377130508	853,125	-0,00321505265310407	396,875	0,761196553707123	853,125	4,36344814300537	853,125	-2,62375831604004	396,875	-5,28734159469604	396,875	-4,78845453262329	853,125	-2,37081003189087	
400	5,29910945892334	856,25	6,80500745773315	856,25	0,054418507963419	400	0,24066062271595	400	0,15672604739666	856,25	0,0265456642955542	400	0,877988159656525	856,25	4,07318735122681	856,25	-2,65328073501587	400	-5,30730104446411	400	-4,79253959655762	856,25	-2,39780831336975	
403,125	5,31899976730347	859,375	6,91746377944946	859,375	0,0771860927343369	403,125	0,231907427310944	403,125	0,148338437080383	859,375	0,0448658801615238	403,125	0,973800003528595	859,375	3,92101216316223	859,375	-2,63264465332031	403,125	-5,28863668441772	403,125	-4,77168416976929	859,375	-2,38102769851685	
406,25	5,38413619995117	862,5	6,8714427947998	862,5	0,0606330819427967	406,25	0,367470175027847	406,25	0,260830074548721	862,5	0,0347976833581924	406,25	0,92416375875473	862,5	4,08253908157349	862,5	-2,6005711555481	406,25	-5,08110809326172	406,25	-4,62695741653442	862,5	-2,35571599006653	
409,375	5,34146738052368	865,625	6,7320556640625	865,625	0,0516792684793472	409,375	0,393701285123825	409,375	0,315359264612198	865,625	0,0275615956634283	409,375	0,86588329076767	865,625	4,24116802215576	865,625	-2,59270668029785	409,375	-4,82184839248657	409,375	-4,40188789367676	865,625	-2,34938716888428	
412,5	5,53164911270142	868,75	6,63167715072632	868,75	0,0409093908965588	412,5	0,351823925971985	412,5	0,283907443284988	868,75	0,0190633367747068	412,5	0,826714277267456	868,75	4,42050170898438	868,75	-2,58233523368835	412,5	-4,67077779769897	412,5	-4,26487350463867	868,75	-2,3404483795166	
415,625	5,74042224884033	871,875	6,74961137771606	871,875	0,04464191198349	415,625	0,156559735536575	415,625	0,110172897577286	871,875	0,0211883988231421	415,625	1,05152332782745	871,875	4,44641971588135	871,875	-2,55561637878418	415,625	-4,80893993377686	415,625	-4,36620330810547	871,875	-2,31787419319153	
418,75	5,64740228652954	875	6,6082558631897	875	0,0593339093029499	418,75	0,316112875938416	418,75	0,251920014619827	875	0,0329381600022316	418,75	1,04706943035126	875	4,33143472671509	875	-2,55286765098572	418,75	-4,6880669593811	418,75	-4,28048658370972	875	-2,31339907646179	
421,875	5,81542491912842	878,125	6,66936922073364	878,125	0,0501756444573402	421,875	0,170228555798531	421,875	0,148648500442505	878,125	0,026164973154664	421,875	1,03245675563812	878,125	4,40344762802124	878,125	-2,54122257232666	421,875	-4,55145406723022	421,875	-4,14908885955811	878,125	-2,30448484420776	
425	5,82197237014771	881,25	6,74842548370361	881,25	0,0620334818959236	425	0,231528431177139	425	0,183364391326904	881,25	0,0369625762104988	425	1,092928647995	881,25	4,37097978591919	881,25	-2,52062439918518	425	-4,63585901260376	425	-4,2181191444397	881,25	-2,28852295875549	
428,125	5,75401735305786	884,375	6,56339359283447	884,375	0,0558886900544167	428,125	0,362836927175522	428,125	0,256067335605621	884,375	0,0310519132763147	428,125	1,39355039596558	884,375	4,36442708969116	884,375	-2,51827192306519	428,125	-4,87417125701904	428,125	-4,42636919021606	884,375	-2,28424453735352	
431,25	6,02565288543701	887,5	6,44485521316528	887,5	0,0739693641662598	431,25	0,197060376405716	431,25	0,14370059967041	887,5	0,0459383763372898	431,25	1,24433386325836	887,5	4,21103715896606	887,5	-2,51763272285461	431,25	-4,60522079467773	431,25	-4,18799257278442	887,5	-2,28427314758301	
434,375	5,9726767539978	890,625	6,55565786361694	890,625	0,0733409151434898	434,375	0,228343412280083	434,375	0,167049378156662	890,625	0,0456023849546909	434,375	1,37310886383057	890,625	4,28443145751953	890,625	-2,49781060218811	434,375	-4,66461038589478	434,375	-4,23465633392334	890,625	-2,26830506324768	
437,5	5,98290061950684	893,75	6,60671138763428	893,75	0,0419042408466339	437,5	0,204679548740387	437,5	0,146457374095917	893,75	0,0218779575079679	437,5	1,43322134017944	893,75	4,63287019729614	893,75	-2,47602081298828	437,5	-4,68232202529907	437,5	-4,2390022277832	893,75	-2,25019550323486	
440,625	6,01807594299316	896,875	6,65244579315186	896,875	0,0529767610132694	440,625	0,262504458427429	440,625	0,186968058347702	896,875	0,0290280357003212	440,625	1,48559892177582	896,875	4,51499938964844	896,875	-2,46446967124939	440,625	-4,69311094284058	440,625	-4,24777507781982	896,875	-2,2406370639801	
443,75	6,15109968185425	900	6,41886186599731	900	0,0521699711680412	443,75	0,224878117442131	443,75	0,171048283576965	900	0,0277611613273621	443,75	1,44528448581696	900	4,60294008255005	900	-2,4704418182373	443,75	-4,53909158706665	443,75	-4,11581802368164	900	-2,24461007118225	
446,875	6,1512770652771	903,125	6,39988660812378	903,125	0,0616586431860924	446,875	0,287967771291733	446,875	0,211863622069359	903,125	0,0368631668388844	446,875	1,52619814872742	903,125	4,44172239303589	903,125	-2,46089482307434	446,875	-4,55361413955688	446,875	-4,13539981842041	903,125	-2,23584270477295	
450	6,27316379547119	906,25	6,28160047531128	906,25	0,0542985610663891	450	0,128931358456612	450	0,0775590017437935	906,25	0,0323644801974297	450	1,79866349697113	906,25	4,60456657409668	906,25	-2,44698858261108	450	-4,64066648483276	450	-4,19494819641113	906,25	-2,22366118431091	
453,125	6,25803661346436	909,375	6,22958326339722	909,375	0,0373003445565701	453,125	0,102532863616943	453,125	0,0581267960369587	909,375	0,0167244710028172	453,125	1,7848356962204	909,375	4,89606809616089	909,375	-2,43699789047241	453,125	-4,62849903106689	453,125	-4,17426776885986	909,375	-2,21494841575623	
456,25	6,41786575317383	912,5	6,52621507644653	912,5	0,0390730611979961	456,25	-0,0039298408664763	456,25	-0,0247407015413046	912,5	0,0188011713325977	456,25	1,9574419260025	912,5	4,97748517990112	912,5	-2,41138458251953	456,25	-4,61467218399048	456,25	-4,15132474899292	912,5	-2,19416403770447	
459,375	6,54563570022583	915,625	6,49079275131226	915,625	0,0431031994521618	459,375	0,0802138149738312	459,375	0,0475423708558083	915,625	0,0216084811836481	459,375	1,8255809545517	915,625	4,99637746810913	915,625	-2,40261769294739	459,375	-4,46358966827393	459,375	-4,03595685958862	915,625	-2,18636059761047	
462,5	6,69599199295044	918,75	6,3934383392334	918,75	0,054089792072773	462,5	0,12278675287962	462,5	0,0846224427223206	918,75	0,0303967986255884	462,5	1,7024108171463	918,75	4,9689507484436	918,75	-2,39902925491333	462,5	-4,29483890533447	462,5	-3,90537285804749	918,75	-2,18336582183838	
465,625	6,80348062515259	921,875	6,1852593421936	921,875	0,0607348419725895	465,625	0,0838017091155052	465,625	0,0555321015417576	921,875	0,0348617918789387	465,625	1,85931873321533	921,875	4,77569484710693	921,875	-2,39767241477966	465,625	-4,27167892456055	465,625	-3,88317322731018	921,875	-2,18198299407959	
468,75	6,77164506912231	925	6,2054181098938	925	0,0571175552904606	468,75	0,0953559130430222	468,75	0,0609811246395111	925	0,0323092304170132	468,75	1,96215999126434	925	4,81543827056885	925	-2,39161348342896	468,75	-4,28255558013916	468,75	-3,89136362075806	925	-2,1762523651123	
471,875	6,98460531234741	928,125	6,10810089111328	928,125	0,0405751690268517	471,875	0,114353992044926	471,875	0,077932745218277	928,125	0,0190300177782774	471,875	1,68107318878174	928,125	5,06562280654907	928,125	-2,39201045036316	471,875	-4,11766576766968	471,875	-3,75283122062683	928,125	-2,17724370956421	
475	6,88344478607178	931,25	6,25278949737549	931,25	0,0531233176589012	475	0,14076030254364	475	0,100720390677452	931,25	0,0304279159754515	475	1,73379731178284	931,25	4,91434335708618	931,25	-2,36170387268066	475	-4,11900329589844	475	-3,75495004653931	931,25	-2,1499195098877	
478,125	6,74955320358276	934,375	6,18301057815552	934,375	0,0491449870169163	478,125	0,201862290501595	478,125	0,143959224224091	934,375	0,0274579916149378	478,125	1,79541790485382	934,375	5,01665782928467	934,375	-2,35597348213196	478,125	-4,21591901779175	478,125	-3,83125805854797	934,375	-2,14429044723511	
481,25	6,88310766220093	937,5	6,26709222793579	937,5	0,0534922331571579	481,25	0,106699846684933	481,25	0,0660752430558205	937,5	0,0310580302029848	481,25	2,14772343635559	937,5	5,00958442687988	937,5	-2,34564256668091	481,25	-4,24891996383667	481,25	-3,8500509262085	937,5	-2,13645935058594	
484,375	7,01150417327881	940,625	6,19393253326416	940,625	0,0527493767440319	484,375	0,150220602750778	484,375	0,104860439896584	940,625	0,0295427832752466	484,375	1,87440276145935	940,625	5,0717568397522	940,625	-2,34374785423279	484,375	-4,11981344223022	484,375	-3,74312686920166	940,625	-2,13410758972168	
487,5	6,93685674667358	943,75	6,32768535614014	943,75	0,0450685396790504	487,5	0,166242569684982	487,5	0,114071495831013	943,75	0,0245133507996798	487,5	2,06268000602722	943,75	5,08927917480469	943,75	-2,31791377067566	487,5	-4,1622166633606	487,5	-3,77680969238281	943,75	-2,11253929138184	
490,625	7,05485248565674	946,875	6,32271099090576	946,875	0,046636063605547	490,625	0,164143264293671	490,625	0,113314934074879	946,875	0,0256674084812403	490,625	2,04676246643066	946,875	5,11263513565063	946,875	-2,31476640701294	490,625	-4,10285091400146	490,625	-3,72626876831055	946,875	-2,11084938049316	
493,75	7,03270196914673	950	6,20674180984497	950	0,0491164065897465	493,75	0,19597016274929	493,75	0,143455013632774	950	0,0275470856577158	493,75	1,98083913326263	950	5,12055110931396	950	-2,30993151664734	493,75	-4,05489110946655	493,75	-3,68645524978638	950	-2,10688281059265	
496,875	7,07805204391479	953,125	6,05393600463867	953,125	0,046159815043211	496,875	0,17994512617588	496,875	0,127256289124489	953,125	0,0237229205667973	496,875	2,03075981140137	953,125	5,14694929122925	953,125	-2,31120181083679	496,875	-4,04891538619995	496,875	-3,67406249046326	953,125	-2,10588479042053	
500	7,42213916778564	956,25	6,11542367935181	956,25	0,0562335141003132	500	0,0832530558109283	500	0,0517801977694035	956,25	0,0328177846968174	500	2,20787906646729	956,25	5,15485906600952	956,25	-2,29961705207825	500	-3,99207878112793	500	-3,62481093406677	956,25	-2,09585189819336	
503,125	7,47129774093628	959,375	6,21464920043945	959,375	0,0591481290757656	503,125	0,0895038619637489	503,125	0,0602043867111206	959,375	0,0358912497758865	503,125	2,15759110450745	959,375	5,16097164154053	959,375	-2,28062105178833	503,125	-3,94225382804871	503,125	-3,58371329307556	959,375	-2,08048272132874	
506,25	7,4600625038147	962,5	6,24555063247681	962,5	0,0493961498141289	506,25	0,0880697667598724	506,25	0,057790782302618	962,5	0,0274036750197411	506,25	2,30088686943054	962,5	5,20396137237549	962,5	-2,27047348022461	506,25	-3,94031715393066	506,25	-3,58253788948059	962,5	-2,0721001625061	
509,375	7,70187664031982	965,625	6,19676065444946	965,625	0,0493032485246658	509,375	0,060568131506443	509,375	0,0356358475983143	965,625	0,0274751968681812	509,375	2,27846574783325	965,625	5,23449277877808	965,625	-2,26452040672302	509,375	-3,8881893157959	509,375	-3,53463506698608	965,625	-2,06692934036255	
512,5	7,67620420455933	968,75	6,15255451202393	968,75	0,0411692447960377	512,5	0,107030600309372	512,5	0,0730426833033562	968,75	0,0205602403730154	512,5	2,09458065032959	968,75	5,38004112243652	968,75	-2,26356053352356	512,5	-3,84150815010071	512,5	-3,49374556541443	968,75	-2,0656270980835	
515,625	7,49821186065674	971,875	6,26958465576172	971,875	0,0500462539494038	515,625	0,120940461754799	515,625	0,0809819474816322	971,875	0,0280316229909658	515,625	2,27844738960266	971,875	5,28152799606323	971,875	-2,24387383460999	515,625	-3,88479042053223	515,625	-3,52666211128235	971,875	-2,04904794692993	
518,75	7,47302961349487	975	6,1843376159668	975	0,0523800812661648	518,75	0,131424441933632	518,75	0,0865297466516495	975	0,0304163713008165	518,75	2,36942768096924	975	5,3140082359314	975	-2,24041676521301	518,75	-3,89081168174744	518,75	-3,53171849250793	975	-2,04659509658813	
521,875	7,92127752304077	978,125	6,15841388702393	978,125	0,0521168224513531	521,875	0,0996074825525284	521,875	0,0648249164223671	978,125	0,0300469547510147	521,875	2,19720458984375	978,125	5,33946084976196	978,125	-2,23277068138123	521,875	-3,77173185348511	521,875	-3,43089580535889	978,125	-2,03948545455933	
525	7,8288426399231	981,25	6,17129039764404	981,25	0,0593112520873547	525	0,118860326707363	525	0,0820961147546768	981,25	0,0359764359891415	525	2,17620134353638	981,25	5,23442792892456	981,25	-2,22165179252625	525	-3,75824594497681	525	-3,41818737983704	981,25	-2,03007102012634	
528,125	7,92228317260742	984,375	6,17309761047363	984,375	0,0504525601863861	528,125	0,0666799917817116	528,125	0,038267195224762	984,375	0,0284629072993994	528,125	2,52839875221252	984,375	5,38022899627686	984,375	-2,21446299552917	528,125	-3,77439713478088	528,125	-3,43003368377686	984,375	-2,02372074127197	
531,25	8,01351547241211	987,5	6,15881586074829	987,5	0,0501258410513401	531,25	0,0953086391091347	531,25	0,0635278075933456	987,5	0,0283285416662693	531,25	2,3237099647522	987,5	5,40628385543823	987,5	-2,20573830604553	531,25	-3,72003698348999	531,25	-3,38393354415894	987,5	-2,01600337028503	
534,375	8,02595138549805	990,625	6,15439891815186	990,625	0,0536241605877876	534,375	0,103247411549091	534,375	0,0690061673521996	990,625	0,0311666056513786	534,375	2,36636114120483	990,625	5,39799737930298	990,625	-2,20127105712891	534,375	-3,70453953742981	534,375	-3,3710253238678	990,625	-2,01198673248291	
537,5	8,11055183410645	993,75	6,31025123596191	993,75	0,0467555485665798	537,5	0,0999347567558289	537,5	0,0666892156004906	993,75	0,0252240393310785	537,5	2,38081908226013	993,75	5,51343822479248	993,75	-2,18413400650024	537,5	-3,67745161056519	537,5	-3,34654355049133	993,75	-1,99746596813202	
540,625	8,21538066864014	996,875	6,23398160934448	996,875	0,0461873486638069	540,625	0,0840002745389938	540,625	0,0554919429123402	996,875	0,0246795974671841	540,625	2,43498826026917	996,875	5,55169582366943	996,875	-2,18048167228699	540,625	-3,65347290039063	540,625	-3,32242679595947	996,875	-1,99441874027252	
543,75	7,97859621047974	1000	6,30906581878662	1000	0,0443168468773365	543,75	0,103519663214684	543,75	0,0703771561384201	1000	0,0232878550887108	543,75	2,53669810295105	1000	5,593674659729	1000	-2,16613054275513	543,75	-3,67565059661865	543,75	-3,33696913719177	1000	-1,98283433914185	
546,875	8,57357120513916	1003,125	6,22202253341675	1003,125	0,0487317182123661	546,875	0,0645862519741058	546,875	0,0398231968283653	1003,125	0,02707739174366	546,875	2,4019820690155	1003,125	5,53573703765869	1003,125	-2,16472220420837	546,875	-3,58021020889282	546,875	-3,25993251800537	1003,125	-1,98116791248322	
550	8,45891094207764	1006,25	6,22045230865479	1006,25	0,0497849658131599	550	0,0796984434127808	550	0,0528520606458187	1006,25	0,0279164221137762	550	2,46364998817444	1006,25	5,52759075164795	1006,25	-2,15733194351196	550	-3,58316326141357	550	-3,26076865196228	1006,25	-1,97475850582123	
553,125	8,4999942779541	1009,375	6,2931981086731	1009,375	0,0509073175489903	553,125	0,100237287580967	553,125	0,0700226128101349	1009,375	0,028997341170907	553,125	2,30910921096802	1009,375	5,52135753631592	1009,375	-2,14445900917053	553,125	-3,54678177833557	553,125	-3,23057508468628	1009,375	-1,96426129341125	
556,25	8,66628742218018	1012,5	6,21200132369995	1012,5	0,0505064874887466	556,25	0,0744263753294945	556,25	0,0487325452268124	1012,5	0,0288009010255337	556,25	2,46093678474426	1012,5	5,56757497787476	1012,5	-2,14284825325012	556,25	-3,52977132797241	556,25	-3,21595001220703	1012,5	-1,96302258968353	
559,375	8,51358127593994	1015,625	6,18987083435059	1015,625	0,0433394275605679	559,375	0,109249040484428	559,375	0,0764734297990799	1015,625	0,0225472804158926	559,375	2,28707599639893	1015,625	5,68425464630127	1015,625	-2,13729882240295	559,375	-3,50358986854553	559,375	-3,19464111328125	1015,625	-1,95823431015015	
562,5	8,60864353179932	1018,75	6,41114950180054	1018,75	0,0461730770766735	562,5	0,099822074174881	562,5	0,0685234144330025	1018,75	0,0248015616089106	562,5	2,37447738647461	1018,75	5,61557054519653	1018,75	-2,11701917648315	562,5	-3,48633170127869	562,5	-3,17992615699768	1018,75	-1,94050705432892	
565,625	8,76451778411865	1021,875	6,30471467971802	1021,875	0,047593466937542	565,625	0,0930032655596733	565,625	0,0612439326941967	1021,875	0,0261631440371275	565,625	2,34669971466064	1021,875	5,64941930770874	1021,875	-2,11795496940613	565,625	-3,45769810676575	565,625	-3,15483021736145	1021,875	-1,94112348556519	
568,75	8,68924236297607	1025	6,39823293685913	1025	0,0523372106254101	568,75	0,106203265488148	568,75	0,0707742050290108	1025	0,0303483530879021	568,75	2,33609628677368	1025	5,61359262466431	1025	-2,10424089431763	568,75	-3,44440960884094	568,75	-3,14172410964966	1025	-1,92922377586365	
571,875	8,66786289215088	1028,125	6,34533023834229	1028,125	0,0510386377573013	571,875	0,112376064062119	571,875	0,0750012993812561	1028,125	0,0293450877070427	571,875	2,33696746826172	1028,125	5,66722249984741	1028,125	-2,09910917282104	571,875	-3,42998290061951	571,875	-3,1279764175415	1028,125	-1,92460381984711	
575	8,83626651763916	1031,25	6,30458688735962	1031,25	0,0441415645182133	575	0,0968329906463623	575	0,061210036277771	1031,25	0,0233986619859934	575	2,40063238143921	1031,25	5,77576732635498	1031,25	-2,0956118106842	575	-3,40698885917664	575	-3,10666871070862	1031,25	-1,92149591445923	
578,125	8,67508697509766	1034,375	6,40691900253296	1034,375	0,0473468005657196	578,125	0,11573813855648	578,125	0,0770367905497551	1034,375	0,0258630253374577	578,125	2,436856508255	1034,375	5,7376651763916	1034,375	-2,08452367782593	578,125	-3,4050555229187	578,125	-3,10377717018127	1034,375	-1,91214644908905	
581,25	8,92125034332275	1037,5	6,41749906539917	1037,5	0,0502760522067547	581,25	0,0892073735594749	581,25	0,0554374158382416	1037,5	0,0285733435302973	581,25	2,60894250869751	1037,5	5,71658182144165	1037,5	-2,07738494873047	581,25	-3,38205146789551	581,25	-3,08136487007141	1037,5	-1,90659201145172	
584,375	9,12040424346924	1040,625	6,44205570220947	1040,625	0,0469172038137913	584,375	0,0808029323816299	584,375	0,0488367974758148	1040,625	0,0262374989688396	584,375	2,6092689037323	1040,625	5,74026393890381	1040,625	-2,0677056312561	584,375	-3,35107898712158	584,375	-3,05376291275024	1040,625	-1,8983850479126	
587,5	9,16126537322998	1043,75	6,40810298919678	1043,75	0,0483180582523346	587,5	0,0776214674115181	587,5	0,0458019003272057	1043,75	0,0269596241414547	587,5	2,64222860336304	1043,75	5,73519325256348	1043,75	-2,06386971473694	587,5	-3,34013867378235	587,5	-3,04309511184692	1043,75	-1,89437365531921	
590,625	9,21028900146484	1046,875	6,42251539230347	1046,875	0,052165687084198	590,625	0,0872545540332794	590,625	0,0542374178767204	1046,875	0,0303568039089441	590,625	2,60496854782104	1046,875	5,70052337646484	1046,875	-2,05959844589233	590,625	-3,32166981697083	590,625	-3,02604818344116	1046,875	-1,89093005657196	
593,75	9,27657127380371	1050	6,4996542930603	1050	0,0462786369025707	593,75	0,0871432945132256	593,75	0,0545975007116795	1050	0,0257418602705002	593,75	2,57494449615479	1050	5,77039813995361	1050	-2,04552721977234	593,75	-3,29855632781982	593,75	-3,00534605979919	1050	-1,87859392166138	
596,875	9,40024566650391	1053,125	6,52964878082275	1053,125	0,0405079610645771	596,875	0,0809666141867638	596,875	0,0497644320130348	1053,125	0,0203510131686926	596,875	2,66032242774963	1053,125	5,87795734405518	1053,125	-2,03925943374634	596,875	-3,29267644882202	596,875	-2,99943137168884	1053,125	-1,87389516830444	
600	9,60867977142334	1056,25	6,59304189682007	1056,25	0,0442985631525517	600	0,0764725878834724	600	0,0464857667684555	1056,25	0,0240885689854622	600	2,55534625053406	1056,25	5,81292009353638	1056,25	-2,02796959877014	600	-3,25434517860413	600	-2,9665858745575	1056,25	-1,86319780349731	
603,125	9,56779956817627	1059,375	6,53288984298706	1059,375	0,0428413338959217	603,125	0,0790490359067917	603,125	0,0483310893177986	1059,375	0,0233758632093668	603,125	2,636225938797	1059,375	5,85373401641846	1059,375	-2,02719855308533	603,125	-3,25230288505554	603,125	-2,96389293670654	1059,375	-1,86298155784607	
606,25	9,71920204162598	1062,5	6,5797061920166	1062,5	0,0395006611943245	606,25	0,081260547041893	606,25	0,0508758276700974	1062,5	0,0204819962382317	606,25	2,55774331092834	1062,5	5,85307884216309	1062,5	-2,020512342453	606,25	-3,22538495063782	606,25	-2,93938851356506	1062,5	-1,85722923278809	
609,375	9,80438041687012	1065,625	6,70368719100952	1065,625	0,0405306071043015	609,375	0,0698582753539085	609,375	0,0409918688237667	1065,625	0,0208863075822592	609,375	2,71735048294067	1065,625	5,81466197967529	1065,625	-2,0035605430603	609,375	-3,22121453285217	609,375	-2,93475389480591	1065,625	-1,84268152713776	
612,5	9,89586353302002	1068,75	6,58451080322266	1068,75	0,0492665208876133	612,5	0,0683131515979767	612,5	0,0399551279842854	1068,75	0,0283296760171652	612,5	2,6615993976593	1068,75	5,74175977706909	1068,75	-2,00539588928223	612,5	-3,20149064064026	612,5	-2,91702556610107	1068,75	-1,84367918968201	
615,625	10,0635395050049	1071,875	6,62285375595093	1071,875	0,0502076223492622	615,625	0,066321074962616	615,625	0,0386002659797668	1071,875	0,0295778885483742	615,625	2,49521255493164	1071,875	5,75941801071167	1071,875	-1,9962100982666	615,625	-3,17324018478394	615,625	-2,89215183258057	1071,875	-1,83609640598297	
618,75	10,1409215927124	1075	6,64592027664185	1075	0,0444107092916965	618,75	0,0641433447599411	618,75	0,0366745553910732	1075	0,0262411907315254	618,75	2,54225921630859	1075	5,84294843673706	1075	-1,98916220664978	618,75	-3,16422748565674	618,75	-2,8836350440979	1075	-1,82964599132538	
621,875	10,2313871383667	1078,125	6,69116067886353	1078,125	0,0381182990968227	621,875	0,0589731484651566	621,875	0,0322925224900246	1078,125	0,0189237054437399	621,875	2,71381616592407	1078,125	5,87290477752686	1078,125	-1,98144578933716	621,875	-3,15884351730347	621,875	-2,8781464099884	1078,125	-1,82503461837769	
625	10,2465658187866	1081,25	6,8493070602417	1081,25	0,0531377419829369	625	0,0682895258069038	625	0,0409176982939243	1081,25	0,0321055054664612	625	2,5881609916687	1081,25	5,64188623428345	1081,25	-1,96257042884827	625	-3,14150977134705	625	-2,86252641677856	1081,25	-1,80831027030945	
628,125	10,4679622650146	1084,375	6,77568817138672	1084,375	0,0456385649740696	628,125	0,0623734630644321	628,125	0,0356212742626667	1084,375	0,0264337807893753	628,125	2,4364697933197	1084,375	5,72084617614746	1084,375	-1,96243751049042	628,125	-3,10969972610474	628,125	-2,83446288108826	1084,375	-1,80613875389099	
631,25	10,3557729721069	1087,5	6,77762317657471	1087,5	0,0446514822542667	631,25	0,0769466981291771	631,25	0,0483418814837933	1087,5	0,0251672100275755	631,25	2,30744004249573	1087,5	5,72222709655762	1087,5	-1,95708394050598	631,25	-3,0913565158844	631,25	-2,81821179389954	1087,5	-1,80162143707275	
634,375	10,4170789718628	1090,625	6,75678825378418	1090,625	0,0445095226168633	634,375	0,072291225194931	634,375	0,0452665127813816	1090,625	0,0261652655899525	634,375	2,28630876541138	1090,625	5,686279296875	1090,625	-1,95308887958527	634,375	-3,07395315170288	634,375	-2,80250716209412	1090,625	-1,798419713974	
637,5	10,6066436767578	1093,75	6,83921670913696	1093,75	0,0453679822385311	637,5	0,0626413449645042	637,5	0,0371009930968285	1093,75	0,0259062815457582	637,5	2,29765677452087	1093,75	5,69085597991943	1093,75	-1,94430017471313	637,5	-3,05963611602783	637,5	-2,78937149047852	1093,75	-1,79183220863342	
640,625	10,6015605926514	1096,875	6,84452438354492	1096,875	0,0481212437152863	640,625	0,0618006736040115	640,625	0,0363514721393585	1096,875	0,0279455985873938	640,625	2,46259140968323	1096,875	5,60348606109619	1096,875	-1,93304860591888	640,625	-3,06198406219482	640,625	-2,79078221321106	1096,875	-1,7816960811615	
643,75	10,8932723999023	1100	6,87097311019897	1100	0,0474973879754543	643,75	0,0557055026292801	643,75	0,0320681296288967	1100	0,0283815562725067	643,75	2,26774501800537	1100	5,54509687423706	1100	-1,92726385593414	643,75	-3,02206778526306	643,75	-2,75510597229004	1100	-1,77611196041107	
646,875	10,8167266845703	1103,125	6,92969799041748	1103,125	0,0487227700650692	646,875	0,0639830827713013	646,875	0,0394080579280853	1103,125	0,0286639239639044	646,875	2,16882348060608	1103,125	5,52367877960205	1103,125	-1,91676259040833	646,875	-3,01024174690247	646,875	-2,74474549293518	1103,125	-1,76939165592194	
650	11,0766572952271	1106,25	6,81134700775146	1106,25	0,054784782230854	650	0,0481581389904022	650	0,0260612890124321	1106,25	0,0338676758110523	650	2,18934917449951	1106,25	5,47800731658936	1106,25	-1,91548347473145	650	-2,9925262928009	650	-2,72895407676697	1106,25	-1,76764214038849	
653,125	10,9860029220581	1109,375	6,99242639541626	1109,375	0,0443418435752392	653,125	0,0580275394022465	653,125	0,0351157151162624	1109,375	0,0257175024598837	653,125	2,1112961769104	1109,375	5,47762966156006	1109,375	-1,90183782577515	653,125	-2,98091435432434	653,125	-2,71872758865356	1109,375	-1,75640094280243	
656,25	11,0268573760986	1112,5	6,93985795974731	1112,5	0,0428765378892422	656,25	0,0636176243424416	656,25	0,0399163663387299	1112,5	0,0235904194414616	656,25	2,01495432853699	1112,5	5,5239839553833	1112,5	-1,90219855308533	656,25	-2,96799969673157	656,25	-2,70790147781372	1112,5	-1,75794970989227	
659,375	11,2025594711304	1115,625	6,91055774688721	1115,625	0,0590520799160004	659,375	0,0619710795581341	659,375	0,0391715206205845	1115,625	0,0380732379853725	659,375	1,83241093158722	1115,625	5,30980348587036	1115,625	-1,8972692489624	659,375	-2,94088387489319	659,375	-2,68421673774719	1115,625	-1,75256085395813	
662,5	11,3119525909424	1118,75	7,03895568847656	1118,75	0,0434167832136154	662,5	0,0488528683781624	662,5	0,0279941018670797	1118,75	0,0238115396350622	662,5	1,98141658306122	1118,75	5,42571401596069	1118,75	-1,88807809352875	662,5	-2,93738865852356	662,5	-2,68053960800171	1118,75	-1,74504804611206	
665,625	11,4809083938599	1121,875	6,90057945251465	1121,875	0,0471986420452595	665,625	0,0415355302393436	665,625	0,0210811123251915	1121,875	0,0269206911325455	665,625	1,89618146419525	1121,875	5,36029386520386	1121,875	-1,88749539852142	665,625	-2,91971373558044	665,625	-2,66481566429138	1121,875	-1,74492847919464	
668,75	11,4486932754517	1125	6,99421977996826	1125	0,0439952909946442	668,75	0,0530593171715736	668,75	0,031007818877697	1125	0,0252102147787809	668,75	1,72581744194031	1125	5,38086080551147	1125	-1,87993633747101	668,75	-2,90090775489807	668,75	-2,64828038215637	1125	-1,73770678043365	
671,875	11,3941164016724	1128,125	6,97389602661133	1128,125	0,0389809906482697	671,875	0,0575447492301464	671,875	0,0349070467054844	1128,125	0,019691102206707	671,875	1,78604471683502	1128,125	5,41535139083862	1128,125	-1,87367820739746	671,875	-2,8970890045166	671,875	-2,64478206634521	1128,125	-1,72977542877197	
675	11,4276456832886	1131,25	7,1216254234314	1131,25	0,047522634267807	675	0,0607431717216969	675	0,0390021689236164	1131,25	0,0298497937619686	675	1,51796436309814	1131,25	5,22005558013916	1131,25	-1,84929764270782	675	-2,86929869651794	675	-2,61995029449463	1131,25	-1,71128070354462	
678,125	11,4767179489136	1134,375	7,00528526306152	1134,375	0,0494857057929039	678,125	0,0644591227173805	678,125	0,0423131212592125	1134,375	0,0328546576201916	678,125	1,36978113651276	1134,375	5,22230195999146	1134,375	-1,85682189464569	678,125	-2,85078716278076	678,125	-2,60383534431458	1134,375	-1,71650218963623	
681,25	11,5734043121338	1137,5	7,01093530654907	1137,5	0,0381311476230621	681,25	0,0613084509968758	681,25	0,0387019477784634	1137,5	0,0223929323256016	681,25	1,42479610443115	1137,5	5,27468490600586	1137,5	-1,86044716835022	681,25	-2,8414900302887	681,25	-2,59582471847534	1137,5	-1,72001969814301	
684,375	11,6491918563843	1140,625	7,14972543716431	1140,625	0,0347922556102276	684,375	0,0575640872120857	684,375	0,0355901457369328	1140,625	0,0175323579460382	684,375	1,36575448513031	1140,625	5,14224529266357	1140,625	-1,83675682544708	684,375	-2,83266687393188	684,375	-2,58803081512451	1140,625	-1,7013635635376	
687,5	11,8649616241455	1143,75	7,01146411895752	1143,75	0,0379688590764999	687,5	0,0391787327826023	687,5	0,0199821721762419	1143,75	0,0203474685549736	687,5	1,45967411994934	1143,75	5,12411451339722	1143,75	-1,83893215656281	687,5	-2,82910704612732	687,5	-2,58424091339111	1143,75	-1,7036269903183	
690,625	11,9833993911743	1146,875	6,97895574569702	1146,875	0,0367585383355618	690,625	0,0441317185759544	690,625	0,0250292811542749	1146,875	0,0174617003649473	690,625	0,892441153526306	1146,875	5,06423330307007	1146,875	-1,83133518695831	690,625	-2,78058743476868	690,625	-2,54126358032227	1146,875	-1,69673120975494	
693,75	11,9066257476807	1150	7,05527257919312	1150	0,0450496077537537	693,75	0,0448170192539692	693,75	0,0254581216722727	1150	0,0260296389460564	693,75	1,10854470729828	1150	4,92751598358154	1150	-1,80952966213226	693,75	-2,79107737541199	693,75	-2,551189661026	1150	-1,67844307422638	
696,875	11,9655323028564	1153,125	6,93624877929688	1153,125	0,0491005927324295	696,875	0,0438523665070534	696,875	0,0248772520571947	1153,125	0,0294015668332577	696,875	1,06627821922302	1153,125	4,85194826126099	1153,125	-1,81310164928436	696,875	-2,77874851226807	696,875	-2,54058241844177	1153,125	-1,68127584457397	
700	11,9526491165161	1156,25	6,96546840667725	1156,25	0,0415044724941254	700	0,0486349314451218	700	0,0303905960172415	1156,25	0,0233742743730545	700	0,789560973644257	1156,25	4,95313167572021	1156,25	-1,81822419166565	700	-2,7536404132843	700	-2,51833915710449	1156,25	-1,68520998954773	
703,125	12,0513772964478	1159,375	7,09597444534302	1159,375	0,0385525934398174	703,125	0,0420017167925835	703,125	0,0236146859824657	1159,375	0,0206010919064283	703,125	0,685903489589691	1159,375	4,92933225631714	1159,375	-1,80117857456207	703,125	-2,74210476875305	703,125	-2,50732684135437	1159,375	-1,66925501823425	
706,25	12,0373067855835	1162,5	6,91772127151489	1162,5	0,0475635267794132	706,25	0,0410070233047009	706,25	0,0217728093266487	1162,5	0,0295348092913628	706,25	0,741851210594177	1162,5	4,87786149978638	1162,5	-1,807861328125	706,25	-2,74061584472656	706,25	-2,50637459754944	1162,5	-1,67590308189392	
709,375	11,8855237960815	1165,625	6,99656391143799	1165,625	0,0507869310677052	709,375	0,051617719233036	709,375	0,0310165677219629	1165,625	0,0337418504059315	709,375	0,662610411643982	1165,625	4,72579669952393	1165,625	-1,79732978343964	709,375	-2,72676062583923	709,375	-2,49497628211975	1165,625	-1,66783392429352	
712,5	12,0246429443359	1168,75	6,92264127731323	1168,75	0,0496272593736649	712,5	0,0483481772243977	712,5	0,0318309031426907	1168,75	0,0303972456604242	712,5	0,146673023700714	1168,75	4,7516942024231	1168,75	-1,79409861564636	712,5	-2,68502068519592	712,5	-2,45738673210144	1168,75	-1,66578805446625	
715,625	12,1204776763916	1171,875	6,87800407409668	1171,875	0,0413227900862694	715,625	0,0391709022223949	715,625	0,0223354622721672	1171,875	0,0220596008002758	715,625	0,343813270330429	1171,875	4,69390249252319	1171,875	-1,79291009902954	715,625	-2,69238471984863	715,625	-2,46374106407166	1171,875	-1,66691541671753	
718,75	12,1866283416748	1175	6,90993881225586	1175	0,0443449094891548	718,75	0,033455565571785	718,75	0,0158661790192127	1175	0,0243877675384283	718,75	0,24254098534584	1175	4,62197065353394	1175	-1,77275884151459	718,75	-2,68361520767212	718,75	-2,45629572868347	1175	-1,6478568315506	
721,875	12,0851554870605	1178,125	6,85215091705322	1178,125	0,0441066212952137	721,875	0,0439849868416786	721,875	0,0253749918192625	1178,125	0,0245713964104652	721,875	0,123405672609806	1178,125	4,64322376251221	1178,125	-1,7714900970459	721,875	-2,66819167137146	721,875	-2,44285893440247	1178,125	-1,64589071273804	
725	12,180811882019	1181,25	6,76591539382935	1181,25	0,0431444719433784	725	0,0299689248204231	725	0,0132469991222024	1181,25	0,0247420947998762	725	0,0557429529726505	1181,25	4,61970710754395	1181,25	-1,77468943595886	725	-2,65528964996338	725	-2,43148469924927	1181,25	-1,64919793605804	
728,125	12,0670652389526	1184,375	6,79803514480591	1184,375	0,0445263460278511	728,125	0,0436497069895267	728,125	0,0261494070291519	1184,375	0,0249938704073429	728,125	-0,0985787287354469	1184,375	4,51308822631836	1184,375	-1,76144671440125	728,125	-2,63851261138916	728,125	-2,4170982837677	1184,375	-1,63686800003052	
731,25	12,1615800857544	1187,5	6,83504343032837	1187,5	0,0444919057190418	731,25	0,0342722199857235	731,25	0,0174453835934401	1187,5	0,025333609431982	731,25	-0,133044332265854	1187,5	4,57668352127075	1187,5	-1,74050271511078	731,25	-2,63178491592407	731,25	-2,41155195236206	1187,5	-1,61780035495758	
734,375	12,0950412750244	1190,625	6,72097158432007	1190,625	0,0464905351400375	734,375	0,0349284820258617	734,375	0,0173893067985773	1190,625	0,0268627367913723	734,375	-0,151440754532814	1190,625	4,47592163085938	1190,625	-1,74076068401337	734,375	-2,62302947044373	734,375	-2,40366506576538	1190,625	-1,61792492866516	
737,5	12,1706972122192	1193,75	6,63074922561646	1193,75	0,0458486452698708	737,5	0,0272876732051373	737,5	0,0111910337582231	1193,75	0,0237088110297918	737,5	-0,230637893080711	1193,75	4,40206623077393	1193,75	-1,76028954982758	737,5	-2,61745309829712	737,5	-2,39898824691772	1193,75	-1,63904476165771	
740,625	11,9532861709595	1196,875	6,59531545639038	1196,875	0,0512724742293358	740,625	0,0454373881220818	740,625	0,02680304646492	1196,875	0,02832249738276	740,625	-0,456567674875259	1196,875	4,27047634124756	1196,875	-1,75583446025848	740,625	-2,59122586250305	740,625	-2,37647914886475	1196,875	-1,63510024547577	
743,75	11,7865896224976	1200	6,6843204498291	1200	0,0523421205580235	743,75	0,0540817193686962	743,75	0,0343525037169456	1200	0,0309671703726053	743,75	-0,597917437553406	1200	4,30629587173462	1200	-1,72714233398438	743,75	-2,56710815429688	743,75	-2,35504627227783	1200	-1,60829102993011	
746,875	12,0063858032227	1203,125	6,57545709609985	1203,125	0,0461469180881977	746,875	0,0266520399600267	746,875	0,0102705312892795	1203,125	0,0268428009003401	746,875	-0,774586021900177	1203,125	4,27732276916504	1203,125	-1,72116410732269	746,875	-2,54490399360657	746,875	-2,33448100090027	1203,125	-1,60170042514801	
750	12,0146465301514	1206,25	6,44033718109131	1206,25	0,0601137578487396	750	0,023985268548131	750	0,00720078544691205	1206,25	0,0402814857661724	750	-0,863236904144287	1206,25	4,19054985046387	1206,25	-1,72080934047699	750	-2,54033660888672	750	-2,32988953590393	1206,25	-1,60506784915924	
753,125	11,9584264755249	1209,375	6,5134801864624	1209,375	0,0538722984492779	753,125	0,0311179589480162	753,125	0,0140011720359325	1209,375	0,0370007678866386	753,125	-0,870009005069733	1209,375	4,30874681472778	1209,375	-1,68462550640106	753,125	-2,54315161705017	753,125	-2,331951379776	1209,375	-1,5709320306778	
756,25	11,7255725860596	1212,5	6,48637962341309	1212,5	0,0427280701696873	756,25	0,0389046110212803	756,25	0,0221105478703976	1212,5	0,028209213167429	756,25	-0,926698625087738	1212,5	4,30267524719238	1212,5	-1,67406225204468	756,25	-2,5304753780365	756,25	-2,32124257087708	1212,5	-1,55892693996429	
759,375	11,3504114151001	1215,625	6,385413646698	1215,625	0,0462228842079639	759,375	0,0527860298752785	759,375	0,0319873094558716	1215,625	0,03065475076437	759,375	-0,870149731636047	1215,625	4,26780605316162	1215,625	-1,69223523139954	759,375	-2,53746342658997	759,375	-2,3287341594696	1215,625	-1,57595884799957	
762,5	11,476508140564	1218,75	6,51230621337891	1218,75	0,0555630587041378	762,5	0,0365810208022594	762,5	0,0162341203540564	1218,75	0,0338045209646225	762,5	-0,863214015960693	1218,75	4,15498542785645	1218,75	-1,67735648155212	762,5	-2,53135061264038	762,5	-2,32398319244385	1218,75	-1,56323647499084	
765,625	11,5110912322998	1221,875	6,33289289474487	1221,875	0,0579236112535	765,625	0,0442869439721107	765,625	0,0249326303601265	1221,875	0,0389024578034878	765,625	-0,882127583026886	1221,875	4,1269793510437	1221,875	-1,67992234230042	765,625	-2,51332402229309	765,625	-2,30798411369324	1221,875	-1,56453907489777	
768,75	11,6322422027588	1225	6,21040630340576	1225	0,0550014115869999	768,75	0,034730352461338	768,75	0,0180233903229237	1225	0,0359966941177845	768,75	-1,15059471130371	1225	4,20969390869141	1225	-1,68356657028198	768,75	-2,48079133033752	768,75	-2,27784705162048	1225	-1,57113206386566	
771,875	11,5408582687378	1228,125	6,28599405288696	1228,125	0,0505209639668465	771,875	0,0431557856500149	771,875	0,0270414520055056	1228,125	0,0284778568893671	771,875	-1,32797408103943	1228,125	4,15013933181763	1228,125	-1,6567165851593	771,875	-2,45977115631104	771,875	-2,25825905799866	1228,125	-1,54761600494385	
775	11,4599857330322	1231,25	6,25409936904907	1231,25	0,0498041845858097	775	0,0369260311126709	775	0,0183619447052479	1231,25	0,0297812167555094	775	-1,0232400894165	1231,25	4,17855167388916	1231,25	-1,66239643096924	775	-2,46531677246094	775	-2,26134753227234	1231,25	-1,55347919464111	
778,125	11,2208967208862	1234,375	6,09001731872559	1234,375	0,0487607680261135	778,125	0,0485571585595608	778,125	0,02544298581779	1234,375	0,0285847671329975	778,125	-0,963962018489838	1234,375	4,14523839950562	1234,375	-1,67118763923645	778,125	-2,46023106575012	778,125	-2,25964450836182	1234,375	-1,56077826023102	
781,25	11,2132844924927	1237,5	6,0963830947876	1237,5	0,0495197810232639	781,25	0,0449150055646896	781,25	0,0242654476314783	1237,5	0,0302275251597166	781,25	-1,25742781162262	1237,5	4,22524642944336	1237,5	-1,65059411525726	781,25	-2,43872404098511	781,25	-2,24198079109192	1237,5	-1,54103338718414	
784,375	11,0731353759766	1240,625	6,08184003829956	1240,625	0,0558985881507397	784,375	0,0508617535233498	784,375	0,0307063162326813	1240,625	0,0375918373465538	784,375	-1,49105656147003	1240,625	4,19373798370361	1240,625	-1,64887881278992	784,375	-2,42202043533325	784,375	-2,22699165344238	1240,625	-1,54154932498932	
787,5	11,1456460952759	1243,75	6,07146883010864	1243,75	0,0497549958527088	787,5	0,0447843745350838	787,5	0,0285238437354565	1243,75	0,0293452199548483	787,5	-1,66179215908051	1243,75	4,12499666213989	1243,75	-1,63668513298035	787,5	-2,39617729187012	787,5	-2,20255136489868	1243,75	-1,53223693370819	
790,625	11,2284955978394	1246,875	6,06667566299438	1246,875	0,0475592203438282	790,625	0,0458865985274315	790,625	0,0296715069562197	1246,875	0,0267931316047907	790,625	-1,57593190670013	1246,875	4,08302927017212	1246,875	-1,6383228302002	790,625	-2,39253830909729	790,625	-2,198646068573	1246,875	-1,53064250946045	
793,75	11,1841411590576	1250	5,9853777885437	1250	0,0545073747634888	793,75	0,0468803457915783	793,75	0,0286535993218422	1250	0,0355966202914715	793,75	-1,46254825592041	1250	4,10307884216309	1250	-1,63069343566895	793,75	-2,40094947814941	793,75	-2,20631408691406	1250	-1,52347421646118	
796,875	10,9488363265991	1253,125	5,91283178329468	1253,125	0,0453691221773624	796,875	0,0366853401064873	796,875	0,0158586371690035	1253,125	0,0279210768640041	796,875	-1,24368071556091	1253,125	4,16868448257446	1253,125	-1,61611616611481	796,875	-2,4008047580719	796,875	-2,20503783226013	1253,125	-1,51089262962341	
800	10,8449077606201	1256,25	6,00395822525024	1256,25	0,0521141588687897	800	0,033177375793457	800	0,0147722363471985	1256,25	0,033777941018343	800	-1,43557476997375	1256,25	4,19113397598267	1256,25	-1,60086107254028	800	-2,37815833091736	800	-2,18566703796387	1256,25	-1,49903976917267	
803,125	11,0274486541748	1259,375	5,83871698379517	1259,375	0,0492018982768059	803,125	0,0139461476355791	803,125	-0,00276291836053133	1259,375	0,0304603911936283	803,125	-1,04724967479706	1259,375	4,18850040435791	1259,375	-1,60575354099274	803,125	-2,39312696456909	803,125	-2,19516277313232	1259,375	-1,5034282207489	
806,25	11,0595979690552	1262,5	5,71853923797607	1262,5	0,0483111143112183	806,25	0,0298905968666077	806,25	0,0138233294710517	1262,5	0,0294893514364958	806,25	-1,4017026424408	1262,5	4,1486029624939	1262,5	-1,60901141166687	806,25	-2,36682558059692	806,25	-2,17500448226929	1262,5	-1,50783860683441	
809,375	10,9528884887695	1265,625	5,73204708099365	1265,625	0,0497519560158253	809,375	0,039044052362442	809,375	0,0262638665735722	1265,625	0,0309724770486355	809,375	-1,68486177921295	1265,625	4,18283939361572	1265,625	-1,60228431224823	809,375	-2,30297780036926	809,375	-2,11823415756226	1265,625	-1,50253117084503	
812,5	10,7266578674316	1268,75	5,66539525985718	1268,75	0,0454433187842369	812,5	0,0377153120934963	812,5	0,0218624100089073	1268,75	0,0272492580115795	812,5	-1,38088047504425	1268,75	4,21075487136841	1268,75	-1,59285223484039	812,5	-2,33726906776428	812,5	-2,15176653862	1268,75	-1,49271512031555	
815,625	10,5918312072754	1271,875	5,68317270278931	1271,875	0,0545189343392849	815,625	0,0396389029920101	815,625	0,0186044331640005	1271,875	0,0359577387571335	815,625	-1,03499269485474	1271,875	4,15426111221313	1271,875	-1,58929908275604	815,625	-2,35498332977295	815,625	-2,16513729095459	1271,875	-1,48999118804932	
818,75	10,6811475753784	1275	5,66241312026978	1275	0,0510291457176209	818,75	0,0509505160152912	818,75	0,0318434648215771	1275	0,0324948765337467	818,75	-1,4952427148819	1275	4,16619539260864	1275	-1,58786427974701	818,75	-2,31252193450928	818,75	-2,12898755073547	1275	-1,48724353313446	
821,875	10,2313642501831	1278,125	5,56688642501831	1278,125	0,0514135733246803	821,875	0,0514499060809612	821,875	0,0339671559631824	1278,125	0,0317055992782116	821,875	-1,43775296211243	1278,125	4,1637806892395	1278,125	-1,57759475708008	821,875	-2,30846190452576	821,875	-2,12485122680664	1278,125	-1,48023593425751	
825	9,94881725311279	1281,25	5,59012746810913	1281,25	0,047838494181633	825	0,0342740342020988	825	0,017624095082283	1281,25	0,0297833867371082	825	-0,760910511016846	1281,25	4,26665925979614	1281,25	-1,5705338716507	825	-2,33848285675049	825	-2,14649271965027	1281,25	-1,47434663772583	
828,125	10,0316257476807	1284,375	5,50870037078857	1284,375	0,0488080382347107	828,125	0,0350173339247704	828,125	0,0171159245073795	1284,375	0,0309867169708014	828,125	-0,852192461490631	1284,375	4,24434423446655	1284,375	-1,57180988788605	828,125	-2,32958841323853	828,125	-2,13874292373657	1284,375	-1,4754763841629	
831,25	9,847900390625	1287,5	5,44742918014526	1287,5	0,0429042913019657	831,25	0,114141963422298	831,25	0,0840581133961678	1287,5	0,0255563221871853	831,25	-0,439973831176758	1287,5	4,27509641647339	1287,5	-1,56670844554901	831,25	-2,36370944976807	831,25	-2,17152690887451	1287,5	-1,47077238559723	
834,375	10,5444240570068	1290,625	5,5104546546936	1290,625	0,0454037822782993	834,375	0,0902582556009293	834,375	0,0686377212405205	1290,625	0,0266655944287777	834,375	-1,17702877521515	1290,625	4,3540358543396	1290,625	-1,55708062648773	834,375	-2,27801179885864	834,375	-2,098708152771	1290,625	-1,46145308017731	
837,5	10,4549207687378	1293,75	5,47391414642334	1293,75	0,0513597801327705	837,5	0,0543018877506256	837,5	0,0373349748551846	1293,75	0,0325873158872128	837,5	-1,41585147380829	1293,75	4,30469942092896	1293,75	-1,55763578414917	837,5	-2,26495957374573	837,5	-2,08654832839966	1293,75	-1,46143531799316	
840,625	10,0782661437988	1296,875	5,49111461639404	1296,875	0,0533694103360176	840,625	0,0445502400398254	840,625	0,0296625569462776	1296,875	0,0327220410108566	840,625	-1,37109589576721	1296,875	4,292396068573	1296,875	-1,54456734657288	840,625	-2,2455849647522	840,625	-2,06932091712952	1296,875	-1,45170986652374	
843,75	10,2487411499023	1300	5,42094659805298	1300	0,039615124464035	843,75	0,0644235461950302	843,75	0,04776806011796	1300	0,0209100265055895	843,75	-1,33455789089203	1300	4,36760759353638	1300	-1,54116916656494	843,75	-2,2263331413269	843,75	-2,0538694858551	1300	-1,44951593875885	
846,875	10,7411365509033	1303,125	5,39273643493652	1303,125	0,0383209995925426	846,875	0,0463931895792484	846,875	0,0333566963672638	1303,125	0,0202074591070414	846,875	-1,27312672138214	1303,125	4,38057279586792	1303,125	-1,53576302528381	846,875	-2,22591376304626	846,875	-2,05453777313232	1303,125	-1,44345140457153	
850	10,7926378250122	1306,25	5,36826372146606	1306,25	0,0436222217977047	850	0,0332117006182671	850	0,0224862415343523	1306,25	0,0248894859105349	850	-1,07291829586029	1306,25	4,34959077835083	1306,25	-1,53569340705872	850	-2,21588492393494	850	-2,04463768005371	1306,25	-1,44426798820496	
853,125	10,6331491470337	1309,375	5,36638402938843	1309,375	0,0455138124525547	853,125	0,0289254076778889	853,125	0,0200995616614819	1309,375	0,0272015351802111	853,125	-0,194944322109222	1309,375	4,35811042785645	1309,375	-1,527099609375	853,125	-2,22745871543884	853,125	-2,05245351791382	1309,375	-1,4363979101181	
856,25	10,1000308990479	1312,5	5,37271118164063	1312,5	0,043882854282856	856,25	0,0563396774232388	856,25	0,0394725240767002	1312,5	0,025756012648344	856,25	-0,43029111623764	1312,5	4,41810941696167	1312,5	-1,52279245853424	856,25	-2,25164008140564	856,25	-2,07627606391907	1312,5	-1,43295228481293	
859,375	10,0855541229248	1315,625	5,35591459274292	1315,625	0,0407590679824352	859,375	0,0790504887700081	859,375	0,0591799169778824	1315,625	0,0229825153946877	859,375	-0,826798796653748	1315,625	4,43760395050049	1315,625	-1,52123928070068	859,375	-2,2372624874115	859,375	-2,06473898887634	1315,625	-1,43233966827393	
862,5	10,1862344741821	1318,75	5,33567333221436	1318,75	0,0442853681743145	862,5	0,0679799988865852	862,5	0,050512719899416	1318,75	0,0273816306143999	862,5	-0,698514401912689	1318,75	4,33241415023804	1318,75	-1,51464581489563	862,5	-2,21339344978333	862,5	-2,04241228103638	1318,75	-1,42578458786011	
865,625	10,2603616714478	1321,875	5,2638521194458	1321,875	0,0462891235947609	865,625	0,0627497062087059	865,625	0,0460640899837017	1321,875	0,0286798849701881	865,625	-0,44261759519577	1321,875	4,39152097702026	1321,875	-1,51377463340759	865,625	-2,20802211761475	865,625	-2,03746676445007	1321,875	-1,42526590824127	
868,75	10,6603679656982	1325	5,17607116699219	1325	0,0439918264746666	868,75	0,0569330379366875	868,75	0,0423954389989376	1325	0,0262498967349529	868,75	-0,283711135387421	1325	4,45149517059326	1325	-1,50924694538116	868,75	-2,20662140846252	868,75	-2,03801989555359	1325	-1,42107915878296	
871,875	10,6723375320435	1328,125	5,29343843460083	1328,125	0,0424682199954987	871,875	0,0562374033033848	871,875	0,0418308526277542	1328,125	0,0251346845179796	871,875	-0,580383062362671	1328,125	4,48782253265381	1328,125	-1,4995025396347	871,875	-2,18539977073669	871,875	-2,02019238471985	1328,125	-1,41348576545715	
875	10,6440353393555	1331,25	5,31847524642944	1331,25	0,0479464791715145	875	0,0809513628482819	875	0,0646488144993782	1331,25	0,0298895761370659	875	-0,374824911355972	1331,25	4,47152042388916	1331,25	-1,49313759803772	875	-2,18674993515015	875	-2,02177381515503	1331,25	-1,4093109369278	
878,125	10,5926103591919	1334,375	5,36645221710205	1334,375	0,0439287610352039	878,125	0,0684523656964302	878,125	0,0524855218827724	1334,375	0,0256257280707359	878,125	-0,335638046264648	1334,375	4,52020788192749	1334,375	-1,48308348655701	878,125	-2,17857146263123	878,125	-2,01495242118835	1334,375	-1,39976596832275	
881,25	10,6966285705566	1337,5	5,27873659133911	1337,5	0,0452813245356083	881,25	0,0774721205234528	881,25	0,0609583668410778	1337,5	0,0272196009755135	881,25	-0,790485918521881	1337,5	4,49148225784302	1337,5	-1,4854279756546	881,25	-2,16105604171753	881,25	-2,00064563751221	1337,5	-1,40210962295532	
		1340,625	5,23952913284302	1340,625	0,0494823753833771					1340,625	0,0308792181313038			1340,625	4,47143459320068	1340,625	-1,4790256023407					1340,625	-1,39704132080078	
		1343,75	5,1552996635437	1343,75	0,0450447089970112					1343,75	0,0275788716971874			1343,75	4,53109264373779	1343,75	-1,4769378900528					1343,75	-1,39523994922638	
		1346,875	5,22440004348755	1346,875	0,0482336059212685					1346,875	0,0304845124483109			1346,875	4,47051382064819	1346,875	-1,46955418586731					1346,875	-1,388920545578	
		1350	5,26925659179688	1350	0,044446125626564					1350	0,0268077664077282			1350	4,50911426544189	1350	-1,46513605117798					1350	-1,38477742671967	
		1353,125	5,19648218154907	1353,125	0,0429170951247215					1353,125	0,0255074314773083			1353,125	4,5495285987854	1353,125	-1,46368646621704					1353,125	-1,38391637802124	
		1356,25	5,27008152008057	1356,25	0,0383580215275288					1356,25	0,0219512991607189			1356,25	4,65400695800781	1356,25	-1,44913876056671					1356,25	-1,37116169929504	
		1359,375	5,23100805282593	1359,375	0,0464973971247673					1359,375	0,0288998205214739			1359,375	4,53271198272705	1359,375	-1,45053064823151					1359,375	-1,372403383255	
		1362,5	5,22977352142334	1362,5	0,0477072931826115					1362,5	0,0289356764405966			1362,5	4,52323389053345	1362,5	-1,44467806816101					1362,5	-1,36771273612976	
		1365,625	5,19141626358032	1365,625	0,0450495854020119					1365,625	0,0272395499050617			1365,625	4,53883790969849	1365,625	-1,4412989616394					1365,625	-1,36558330059052	
		1368,75	5,17375087738037	1368,75	0,0462150685489178					1368,75	0,0288001094013453			1368,75	4,52416229248047	1368,75	-1,43898713588715					1368,75	-1,36348462104797	
		1371,875	5,2057204246521	1371,875	0,0438417233526707					1371,875	0,0268555693328381			1371,875	4,49362325668335	1371,875	-1,43122565746307					1371,875	-1,35611498355865	
		1375	5,20616149902344	1375	0,038378432393074					1375	0,0214512925595045			1375	4,54678106307983	1375	-1,42714059352875					1375	-1,35245978832245	
		1378,125	5,16888618469238	1378,125	0,0372322537004948					1378,125	0,020175551995635			1378,125	4,54823589324951	1378,125	-1,42776906490326					1378,125	-1,35309779644012	
		1381,25	5,29105377197266	1381,25	0,0371974185109138					1381,25	0,0203746929764748			1381,25	4,51455974578857	1381,25	-1,41196262836456					1381,25	-1,33898985385895	
		1384,375	5,25177478790283	1384,375	0,0361227318644524					1384,375	0,0196502171456814			1384,375	4,57638597488403	1384,375	-1,40993976593018					1384,375	-1,33801329135895	
		1387,5	5,13362407684326	1387,5	0,0379856117069721					1387,5	0,0209238976240158			1387,5	4,5247049331665	1387,5	-1,41161489486694					1387,5	-1,33993446826935	
		1390,625	5,12348508834839	1390,625	0,0427445136010647					1390,625	0,0253347288817167			1390,625	4,50374412536621	1390,625	-1,40638494491577					1390,625	-1,33535099029541	
		1393,75	5,12893342971802	1393,75	0,0450024120509624					1393,75	0,0276964828372002			1393,75	4,46613073348999	1393,75	-1,39991748332977					1393,75	-1,32985353469849	
		1396,875	5,10517692565918	1396,875	0,0428700186312199					1396,875	0,0255462788045406			1396,875	4,42890977859497	1396,875	-1,39597105979919					1396,875	-1,32649850845337	
		1400	5,11096048355103	1400	0,0454025603830814					1400	0,0281908623874187			1400	4,44843530654907	1400	-1,39149045944214					1400	-1,32278561592102	
		1403,125	5,10153102874756	1403,125	0,0417344868183136					1403,125	0,0246752351522446			1403,125	4,473388671875	1403,125	-1,38680446147919					1403,125	-1,31840038299561	
		1406,25	5,11113929748535	1406,25	0,0392668321728706					1406,25	0,0222547072917223			1406,25	4,43887901306152	1406,25	-1,38326060771942					1406,25	-1,31575858592987	
		1409,375	5,12367010116577	1409,375	0,0404489524662495					1409,375	0,0230671335011721			1409,375	4,41025400161743	1409,375	-1,37670254707336					1409,375	-1,31015563011169	
		1412,5	5,07102584838867	1412,5	0,0426373444497585					1412,5	0,025455879047513			1412,5	4,39029455184937	1412,5	-1,37540245056152					1412,5	-1,3095463514328	
		1415,625	5,08752250671387	1415,625	0,0405779853463173					1415,625	0,0235776584595442			1415,625	4,40130376815796	1415,625	-1,36825835704803					1415,625	-1,30344521999359	
		1418,75	5,0719518661499	1418,75	0,0394463092088699					1418,75	0,0224146880209446			1418,75	4,41910648345947	1418,75	-1,36518526077271					1418,75	-1,30059063434601	
		1421,875	5,0079550743103	1421,875	0,0416724868118763					1421,875	0,0243109799921513			1421,875	4,37988567352295	1421,875	-1,36326313018799					1421,875	-1,29924309253693	
		1425	4,99084329605103	1425	0,0403247214853764					1425	0,023388460278511			1425	4,39345598220825	1425	-1,36077904701233					1425	-1,29723799228668	
		1428,125	5,04460477828979	1428,125	0,035459216684103					1428,125	0,0189682692289352			1428,125	4,38829612731934	1428,125	-1,34877622127533					1428,125	-1,28621625900269	
		1431,25	4,98314952850342	1431,25	0,0385177843272686					1431,25	0,0217216778546572			1431,25	4,36079072952271	1431,25	-1,34996104240417					1431,25	-1,28798174858093	
		1434,375	4,96637630462646	1434,375	0,0405047237873077					1434,375	0,023247504606843			1434,375	4,33736753463745	1434,375	-1,34566581249237					1434,375	-1,28416109085083	
		1437,5	4,94934797286987	1437,5	0,0455080717802048					1437,5	0,0279742311686277			1437,5	4,27923917770386	1437,5	-1,33737230300903					1437,5	-1,27703368663788	
		1440,625	4,87429714202881	1440,625	0,0415119491517544					1440,625	0,0246445871889591			1440,625	4,34580707550049	1440,625	-1,34226989746094					1440,625	-1,28226840496063	
		1443,75	4,96379327774048	1443,75	0,038100004196167					1443,75	0,0212342366576195			1443,75	4,31486129760742	1443,75	-1,32396125793457					1443,75	-1,26568222045898	
		1446,875	4,87470006942749	1446,875	0,0429527424275875					1446,875	0,0255446452647448			1446,875	4,27673530578613	1446,875	-1,3286429643631					1446,875	-1,26985991001129	
		1450	4,84648656845093	1450	0,0444124080240726					1450	0,0265561956912279			1450	4,26475191116333	1450	-1,32312548160553					1450	-1,2647225856781	
		1453,125	4,80712080001831	1453,125	0,0431952364742756					1453,125	0,0256312042474747			1453,125	4,24671745300293	1453,125	-1,31940376758575					1453,125	-1,2620974779129	
		1456,25	4,82472085952759	1456,25	0,0426106490194798					1456,25	0,0250470414757729			1456,25	4,25500249862671	1456,25	-1,31184303760529					1456,25	-1,25526094436646	
		1459,375	4,78116130828857	1459,375	0,0447241738438606					1459,375	0,026860672980547			1459,375	4,23866415023804	1459,375	-1,31052768230438					1459,375	-1,25398004055023	
		1462,5	4,72399997711182	1462,5	0,0482178255915642					1462,5	0,0296647008508444			1462,5	4,20562219619751	1462,5	-1,30830597877502					1462,5	-1,25259065628052	
		1465,625	4,68980121612549	1465,625	0,043548695743084					1465,625	0,0254981871694326			1465,625	4,23735761642456	1465,625	-1,30334532260895					1465,625	-1,24902176856995	
		1468,75	4,72000026702881	1468,75	0,046075101941824					1468,75	0,0281656701117754			1468,75	4,19796466827393	1468,75	-1,29482340812683					1468,75	-1,24092066287994	
		1471,875	4,68893909454346	1471,875	0,0452990271151066					1471,875	0,027442017570138			1471,875	4,21139669418335	1471,875	-1,29120981693268					1471,875	-1,23795521259308	
		1475	4,62321615219116	1475	0,0429452732205391					1475	0,0256818868219852			1475	4,22934770584106	1475	-1,29025685787201					1475	-1,23757076263428	
		1478,125	4,6213173866272	1478,125	0,0453569442033768					1478,125	0,0276598129421473			1478,125	4,21027851104736	1478,125	-1,2845424413681					1478,125	-1,23259627819061	
		1481,25	4,56289052963257	1481,25	0,0486080348491669					1481,25	0,0305582322180271			1481,25	4,18395280838013	1481,25	-1,28301692008972					1481,25	-1,23090028762817	
		1484,375	4,58180618286133	1484,375	0,0484958477318287					1484,375	0,0306364502757788			1484,375	4,18373394012451	1484,375	-1,27422416210175					1484,375	-1,2233898639679	
		1487,5	4,54025983810425	1487,5	0,0411379560828209					1487,5	0,0237294565886259			1487,5	4,24692249298096	1487,5	-1,27274394035339					1487,5	-1,22261810302734	
		1490,625	4,50868701934814	1490,625	0,0432041585445404					1490,625	0,0255410652607679			1490,625	4,23642921447754	1490,625	-1,2694456577301					1490,625	-1,22004997730255	
		1493,75	4,48635482788086	1493,75	0,0410648956894875					1493,75	0,0235468521714211			1493,75	4,25995445251465	1493,75	-1,26377522945404					1493,75	-1,2151312828064	
		1496,875	4,41669702529907	1496,875	0,041073951870203					1496,875	0,0227463059127331			1496,875	4,27165460586548	1496,875	-1,2666939496994					1496,875	-1,21791660785675	
		1500	4,44978618621826	1500	0,0414417944848537					1500	0,0233832374215126			1500	4,2534384727478	1500	-1,25624001026154					1500	-1,20833992958069	
		1503,125	4,41752576828003	1503,125	0,0446860231459141					1503,125	0,0269421357661486			1503,125	4,24761867523193	1503,125	-1,25180602073669					1503,125	-1,20444476604462	
		1506,25	4,34861183166504	1506,25	0,0462130382657051					1506,25	0,028393654152751			1506,25	4,2401328086853	1506,25	-1,25218951702118					1506,25	-1,20495963096619	
		1509,375	4,38778352737427	1509,375	0,0409732684493065					1509,375	0,0235740449279547			1509,375	4,28061246871948	1509,375	-1,24219071865082					1509,375	-1,1956604719162	
		1512,5	4,34463405609131	1512,5	0,0410790704190731					1512,5	0,023893091827631			1512,5	4,28165340423584	1512,5	-1,2382937669754					1512,5	-1,19347381591797	
		1515,625	4,30782699584961	1515,625	0,0364515297114849					1515,625	0,0192462522536516			1515,625	4,30656147003174	1515,625	-1,23718702793121					1515,625	-1,19263625144958	
		1518,75	4,28588819503784	1518,75	0,0455489978194237					1518,75	0,0272266883403063			1518,75	4,28678226470947	1518,75	-1,23243427276611					1518,75	-1,18851685523987	
		1521,875	4,23055410385132	1521,875	0,0452385954558849					1521,875	0,0277193114161491			1521,875	4,30574989318848	1521,875	-1,23384511470795					1521,875	-1,1892101764679	
		1525	4,26894521713257	1525	0,0342123843729496					1525	0,0182414930313826			1525	4,35607481002808	1525	-1,22287166118622					1525	-1,17995190620422	
		1528,125	4,23466444015503	1528,125	0,0458828248083591					1528,125	0,0286931414157152			1528,125	4,31549596786499	1528,125	-1,22036588191986					1528,125	-1,17779994010925	
		1531,25	4,21628952026367	1531,25	0,0452048406004906					1531,25	0,0279752686619759			1531,25	4,34114742279053	1531,25	-1,21703016757965					1531,25	-1,17572784423828	
		1534,375	4,19425582885742	1534,375	0,0470830835402012					1534,375	0,0295861531049013			1534,375	4,32939767837524	1534,375	-1,21391749382019					1534,375	-1,17373549938202	
		1537,5	4,17873764038086	1537,5	0,0388191975653172					1537,5	0,0216983947902918			1537,5	4,3716893196106	1537,5	-1,20950293540955					1537,5	-1,16901218891144	
		1540,625	4,12976026535034	1540,625	0,0408698283135891					1540,625	0,0237207338213921			1540,625	4,36567401885986	1540,625	-1,21158182621002					1540,625	-1,17140972614288	
		1543,75	4,18690538406372	1543,75	0,0407505221664906					1543,75	0,0228599403053522			1543,75	4,40464639663696	1543,75	-1,19453728199005					1543,75	-1,15596282482147	
		1546,875	4,12035846710205	1546,875	0,0433324724435806					1546,875	0,0257548373192549			1546,875	4,39540004730225	1546,875	-1,1968777179718					1546,875	-1,15808546543121	
		1550	4,1302695274353	1550	0,0407608710229397					1550	0,0239791609346867			1550	4,42211389541626	1550	-1,19103753566742					1550	-1,15315496921539	
		1553,125	4,08372259140015	1553,125	0,03843042999506					1553,125	0,0218092724680901			1553,125	4,43792057037354	1553,125	-1,19283640384674					1553,125	-1,15542948246002	
		1556,25	4,10361003875732	1556,25	0,0397501736879349					1556,25	0,0229643546044827			1556,25	4,43534278869629	1556,25	-1,18537163734436					1556,25	-1,14820921421051	
		1559,375	4,0806999206543	1559,375	0,0401096679270267					1559,375	0,0230580288916826			1559,375	4,46337890625	1559,375	-1,18203854560852					1559,375	-1,14517414569855	
		1562,5	4,05689573287964	1562,5	0,0409885048866272					1562,5	0,022721329703927			1562,5	4,48888444900513	1562,5	-1,17510271072388					1562,5	-1,13865673542023	
		1565,625	4,07505750656128	1565,625	0,046457190066576					1565,625	0,0282116811722517			1565,625	4,45515823364258	1565,625	-1,17004609107971					1565,625	-1,13418555259705	
		1568,75	4,06215667724609	1568,75	0,0362248718738556					1568,75	0,0179561488330364			1568,75	4,5032172203064	1568,75	-1,17081773281097					1568,75	-1,13616454601288	
		1571,875	4,07252073287964	1571,875	0,0422291420400143					1571,875	0,0241591166704893			1571,875	4,50505542755127	1571,875	-1,16792774200439					1571,875	-1,1339293718338	
		1575	4,02659225463867	1575	0,0419954843819141					1575	0,0237663928419352			1575	4,52183055877686	1575	-1,17000532150269					1575	-1,13584518432617	
		1578,125	4,04350900650024	1578,125	0,0499140471220016					1578,125	0,0323362275958061			1578,125	4,53965711593628	1578,125	-1,16285073757172					1578,125	-1,1288800239563	
		1581,25	4,05322408676147	1581,25	0,0422362275421619					1581,25	0,0250885039567947			1581,25	4,5786018371582	1581,25	-1,1551707983017					1581,25	-1,12275719642639	
		1584,375	4,00970697402954	1584,375	0,0446658656001091					1584,375	0,0278800707310438			1584,375	4,53495168685913	1584,375	-1,15557289123535					1584,375	-1,12410712242126	
		1587,5	4,03216218948364	1587,5	0,0386563539505005					1587,5	0,0224729888141155			1587,5	4,57551574707031	1587,5	-1,14483714103699					1587,5	-1,11423122882843	
		1590,625	4,01559782028198	1590,625	0,0276541542261839					1590,625	0,0119441654533148			1590,625	4,62916278839111	1590,625	-1,14249217510223					1590,625	-1,11058616638184	
		1593,75	4,03690147399902	1593,75	0,0320248268544674					1593,75	0,0166247226297855			1593,75	4,64201211929321	1593,75	-1,13560962677002					1593,75	-1,10432755947113	
		1596,875	4,0184531211853	1596,875	0,0342592410743237					1596,875	0,0190594960004091			1596,875	4,61351013183594	1596,875	-1,132493019104					1596,875	-1,10237205028534	
		1600	4,0235333442688	1600	0,0321243777871132					1600	0,0166329145431519			1600	4,63877534866333	1600	-1,13267159461975					1600	-1,10287284851074	
		1603,125	4,02491807937622	1603,125	0,0305544100701809					1603,125	0,0149653712287545			1603,125	4,65967607498169	1603,125	-1,13191676139832					1603,125	-1,10267698764801	
		1606,25	4,01042222976685	1606,25	0,0285766031593084					1606,25	0,0139978574588895			1606,25	4,66780805587769	1606,25	-1,12167239189148					1606,25	-1,09366428852081	
		1609,375	4,0399284362793	1609,375	0,0427341349422932					1609,375	0,027454586699605			1609,375	4,58907794952393	1609,375	-1,12406253814697					1609,375	-1,09603214263916	
		1612,5	4,08304309844971	1612,5	0,0512400604784489					1612,5	0,0343963876366615			1612,5	4,5623664855957	1612,5	-1,11763918399811					1612,5	-1,09044086933136	
		1615,625	4,06040191650391	1615,625	0,041781097650528					1615,625	0,0265824850648642			1615,625	4,5936427116394	1615,625	-1,10988807678223					1615,625	-1,08408033847809	
		1618,75	4,06276655197144	1618,75	0,0357869751751423					1618,75	0,0213035717606544			1618,75	4,66620016098022	1618,75	-1,10788023471832					1618,75	-1,08229923248291	
		1621,875	4,05389547348022	1621,875	0,038371417671442					1621,875	0,0238388665020466			1621,875	4,65539026260376	1621,875	-1,10793220996857					1621,875	-1,08317089080811	
		1625	4,07515335083008	1625	0,0391626320779324					1625	0,0240328777581453			1625	4,64957571029663	1625	-1,10373401641846					1625	-1,07938086986542	
		1628,125	4,04644536972046	1628,125	0,038772739470005					1628,125	0,0238762106746435			1628,125	4,61362314224243	1628,125	-1,10437178611755					1628,125	-1,08004653453827	
		1631,25	4,10675621032715	1631,25	0,0379913598299026					1631,25	0,0234259311109781			1631,25	4,63190937042236	1631,25	-1,09236323833466					1631,25	-1,06927824020386	
		1634,375	4,03553628921509	1634,375	0,0360768623650074					1634,375	0,0215088054537773			1634,375	4,70023107528687	1634,375	-1,08647048473358					1634,375	-1,06430339813232	
		1637,5	4,10318660736084	1637,5	0,0315662771463394					1637,5	0,0159181784838438			1637,5	4,63293695449829	1637,5	-1,08940780162811					1637,5	-1,06628727912903	
		1640,625	4,07178258895874	1640,625	0,0459194146096706					1640,625	0,0285791046917439			1640,625	4,54043436050415	1640,625	-1,09822809696198					1640,625	-1,07614839076996	
		1643,75	4,23260068893433	1643,75	0,0462362095713615					1643,75	0,0306148156523705			1643,75	4,60898065567017	1643,75	-1,07174205780029					1643,75	-1,05111932754517	
		1646,875	4,10795783996582	1646,875	0,0393277816474438					1646,875	0,0239640790969133			1646,875	4,61866235733032	1646,875	-1,07920491695404					1646,875	-1,05767667293549	
		1650	4,10162925720215	1650	0,0348471440374851					1650	0,0189453437924385			1650	4,64480400085449	1650	-1,07519447803497					1650	-1,05442643165588	
		1653,125	4,14097356796265	1653,125	0,0400072857737541					1653,125	0,0251780953258276			1653,125	4,61385250091553	1653,125	-1,07131242752075					1653,125	-1,05181467533112	
		1656,25	4,1626033782959	1656,25	0,0383435636758804					1656,25	0,0234927572309971			1656,25	4,61119842529297	1656,25	-1,07160639762878					1656,25	-1,05286204814911	
		1659,375	4,12553024291992	1659,375	0,0360895246267319					1659,375	0,0209484919905663			1659,375	4,55919551849365	1659,375	-1,07178831100464					1659,375	-1,05315017700195	
		1662,5	4,14923000335693	1662,5	0,0369723625481129					1662,5	0,0214831940829754			1662,5	4,56891345977783	1662,5	-1,06811094284058					1662,5	-1,04986262321472	
		1665,625	4,16208457946777	1665,625	0,032264705747366					1665,625	0,0177499763667583			1665,625	4,60825967788696	1665,625	-1,05873000621796					1665,625	-1,04066026210785	
		1668,75	4,14853239059448	1668,75	0,0325049385428429					1668,75	0,0174325220286846			1668,75	4,54446649551392	1668,75	-1,05787777900696					1668,75	-1,04116666316986	
		1671,875	4,13340044021606	1671,875	0,031775739043951					1671,875	0,017384696751833			1671,875	4,53460121154785	1671,875	-1,05251240730286					1671,875	-1,03619241714478	
		1675	4,12497520446777	1675	0,0381896570324898					1675	0,0239327400922775			1675	4,5223708152771	1675	-1,04642021656036					1675	-1,03021359443665	
		1678,125	4,17659187316895	1678,125	0,0373839437961578					1678,125	0,022605461999774			1678,125	4,52287101745605	1678,125	-1,04180657863617					1678,125	-1,02632009983063	
		1681,25	4,10159254074097	1681,25	0,0347290709614754					1681,25	0,0200607404112816			1681,25	4,51122045516968	1681,25	-1,04281294345856					1681,25	-1,02840113639832	
		1684,375	4,19751882553101	1684,375	0,043181274086237					1684,375	0,0277601107954979			1684,375	4,43179225921631	1684,375	-1,03290033340454					1684,375	-1,01946187019348	
		1687,5	4,20347595214844	1687,5	0,0418353118002415					1687,5	0,026862034574151			1687,5	4,46371650695801	1687,5	-1,03314232826233					1687,5	-1,02074098587036	
		1690,625	4,23473930358887	1690,625	0,042744055390358					1690,625	0,0279014259576797			1690,625	4,44423151016235	1690,625	-1,03208994865417					1690,625	-1,0197913646698	
		1693,75	4,20091199874878	1693,75	0,0467270947992802					1693,75	0,0315534286201			1693,75	4,38509559631348	1693,75	-1,03278076648712					1693,75	-1,02102410793304	
		1696,875	4,19191884994507	1696,875	0,037935595959425					1696,875	0,0227458123117685			1696,875	4,32019329071045	1696,875	-1,02094256877899					1696,875	-1,00946867465973	
		1700	4,22029399871826	1700	0,0398596487939358					1700	0,024486904963851			1700	4,33515644073486	1700	-1,01960456371307					1700	-1,00882565975189	
		1703,125	4,1929292678833	1703,125	0,0359749086201191					1703,125	0,0208874493837357			1703,125	4,37432527542114	1703,125	-1,0174241065979					1703,125	-1,00705337524414	
		1706,25	4,20428276062012	1706,25	0,0369374193251133					1706,25	0,0221334062516689			1706,25	4,314697265625	1706,25	-1,01322317123413					1706,25	-1,00341081619263	
		1709,375	4,24804067611694	1709,375	0,0415681824088097					1709,375	0,0270149894058704			1709,375	4,30719327926636	1709,375	-1,00726854801178					1709,375	-0,998470962047577	
		1712,5	4,1944375038147	1712,5	0,0399895273149014					1712,5	0,0251504201442003			1712,5	4,28596544265747	1712,5	-1,00603818893433					1712,5	-0,997897803783417	
		1715,625	4,21357583999634	1715,625	0,0402082167565823					1715,625	0,0252289436757565			1715,625	4,21054363250732	1715,625	-1,00090134143829					1715,625	-0,993867874145508	
		1718,75	4,17358827590942	1718,75	0,036005899310112					1718,75	0,0209707263857126			1718,75	4,24073791503906	1718,75	-0,999104678630829					1718,75	-0,992107748985291	
		1721,875	4,17248201370239	1721,875	0,037448987364769					1721,875	0,0228352956473827			1721,875	4,28392171859741	1721,875	-0,994822859764099					1721,875	-0,987925052642822	
		1725	4,32799911499023	1725	0,0422020778059959					1725	0,0273553431034088			1725	4,20694541931152	1725	-0,987338244915009					1725	-0,981332957744598	
		1728,125	4,23700141906738	1728,125	0,0372488275170326					1728,125	0,02233543433249			1728,125	4,15491199493408	1728,125	-0,988888680934906					1728,125	-0,983253538608551	
		1731,25	4,09250926971436	1731,25	0,0348652042448521					1731,25	0,0198695119470358			1731,25	4,16619968414307	1731,25	-0,986789524555206					1731,25	-0,981998145580292	
		1734,375	4,16646289825439	1734,375	0,0337284542620182					1734,375	0,018633559346199			1734,375	4,18923568725586	1734,375	-0,97985851764679					1734,375	-0,975685834884644	
		1737,5	4,17660045623779	1737,5	0,0386186353862286					1737,5	0,023105263710022			1737,5	4,07284021377563	1737,5	-0,978650748729706					1737,5	-0,974485158920288	
		1740,625	4,02453804016113	1740,625	0,0349280461668968					1740,625	0,0200159251689911			1740,625	4,04805135726929	1740,625	-0,979070961475372					1740,625	-0,975227773189545	
		1743,75	4,08456754684448	1743,75	0,0401187092065811					1743,75	0,0253608170896769			1743,75	3,96675848960876	1743,75	-0,969199478626251					1743,75	-0,966425240039825	
		1746,875	4,01777315139771	1746,875	0,0423920080065727					1746,875	0,0273965504020453			1746,875	3,93888521194458	1746,875	-0,968886256217957					1746,875	-0,96649444103241	
		1750	3,93547868728638	1750	0,0393421351909637					1750	0,0243115518242121			1750	3,93394303321838	1750	-0,968307852745056					1750	-0,96630322933197	
		1753,125	3,89583945274353	1753,125	0,0379648543894291					1753,125	0,0230072140693665			1753,125	3,9100866317749	1753,125	-0,961387038230896					1753,125	-0,960147619247437	
		1756,25	3,93186545372009	1756,25	0,0375654734671116					1756,25	0,0225731395184994			1756,25	3,8864209651947	1756,25	-0,956642270088196					1756,25	-0,956039786338806	
		1759,375	3,85056591033936	1759,375	0,0365743823349476					1759,375	0,0214984025806189			1759,375	3,94599580764771	1759,375	-0,959564805030823					1759,375	-0,958965599536896	
		1762,5	3,84626412391663	1762,5	0,0365525744855404					1762,5	0,0212766639888287			1762,5	3,92111873626709	1762,5	-0,953654885292053					1762,5	-0,953709721565247	
		1765,625	3,88669109344482	1765,625	0,0382972955703735					1765,625	0,0231813825666904			1765,625	3,94071793556213	1765,625	-0,94879025220871					1765,625	-0,949438452720642	
		1768,75	3,82918882369995	1768,75	0,0403241664171219					1768,75	0,0250621028244495			1768,75	3,91669106483459	1768,75	-0,943863809108734					1768,75	-0,944774150848389	
		1771,875	3,78448510169983	1771,875	0,0379222370684147					1771,875	0,0228347908705473			1771,875	3,91818499565125	1771,875	-0,943371891975403					1771,875	-0,944471836090088	
		1775	3,76335906982422	1775	0,0379905998706818					1775	0,0229157526046038			1775	3,91933274269104	1775	-0,942284762859344					1775	-0,943685412406921	
		1778,125	3,78497862815857	1778,125	0,0366766005754471					1778,125	0,0216444954276085			1778,125	3,93768930435181	1778,125	-0,937421858310699					1778,125	-0,939572632312775	
		1781,25	3,75249791145325	1781,25	0,0385562516748905					1781,25	0,0238085296005011			1781,25	3,89571070671082	1781,25	-0,933371901512146					1781,25	-0,936204731464386	
		1784,375	3,74710202217102	1784,375	0,0365121811628342					1784,375	0,0217609032988548			1784,375	3,87819147109985	1784,375	-0,931716501712799					1784,375	-0,934964656829834	
		1787,5	3,75885319709778	1787,5	0,0324817635118961					1787,5	0,0178121887147427			1787,5	3,93517279624939	1787,5	-0,929791808128357					1787,5	-0,933185994625092	
		1790,625	3,72505664825439	1790,625	0,0374645181000233					1790,625	0,0227839946746826			1790,625	3,82982778549194	1790,625	-0,924941778182983					1790,625	-0,929069817066193	
		1793,75	3,76593327522278	1793,75	0,0328780487179756					1793,75	0,0183594040572643			1793,75	3,91379356384277	1793,75	-0,917802333831787					1793,75	-0,922507882118225	
		1796,875	3,6882266998291	1796,875	0,0335413627326488					1796,875	0,0189816541969776			1796,875	3,90350031852722	1796,875	-0,919055700302124					1796,875	-0,924265265464783	
		1800	3,58340001106262	1800	0,0369133986532688					1800	0,0218632631003857			1800	3,83368754386902	1800	-0,920965850353241					1800	-0,926701605319977	
		1803,125	3,67766618728638	1803,125	0,0360179096460342					1803,125	0,0210739839822054			1803,125	3,83633589744568	1803,125	-0,908787667751312					1803,125	-0,915634334087372	
		1806,25	3,61627388000488	1806,25	0,0380238369107246					1806,25	0,023391792550683			1806,25	3,81654524803162	1806,25	-0,909286797046661					1806,25	-0,916318118572235	
		1809,375	3,59337306022644	1809,375	0,0397084057331085					1809,375	0,0258254855871201			1809,375	3,80131959915161	1809,375	-0,904378831386566					1809,375	-0,91289210319519	
		1812,5	3,51098108291626	1812,5	0,0390030704438686					1812,5	0,027210995554924			1812,5	3,80083179473877	1812,5	-0,907135248184204					1812,5	-0,916519522666931	
		1815,625	3,5952250957489	1815,625	0,0340651422739029					1815,625	0,0202685594558716			1815,625	3,79848384857178	1815,625	-0,894881248474121					1815,625	-0,902486860752106	
		1818,75	3,53755474090576	1818,75	0,0393900871276855					1818,75	0,0251097902655602			1818,75	3,7526535987854	1818,75	-0,895671665668488					1818,75	-0,903905034065247	
		1821,875	3,51550579071045	1821,875	0,036230742931366					1821,875	0,0218554493039846			1821,875	3,76835751533508	1821,875	-0,891617894172668					1821,875	-0,900776088237762	
		1825	3,49288320541382	1825	0,0351951494812965					1825	0,0207404531538486			1825	3,79682374000549	1825	-0,889082431793213					1825	-0,898778676986694	
		1828,125	3,44448137283325	1828,125	0,0344683341681957					1828,125	0,0199699364602566			1828,125	3,79379034042358	1828,125	-0,887144982814789					1828,125	-0,897326529026031	
		1831,25	3,39708542823792	1831,25	0,0374743603169918					1831,25	0,0230725165456533			1831,25	3,76180076599121	1831,25	-0,884902775287628					1831,25	-0,895656645298004	
		1834,375	3,38514733314514	1834,375	0,036542821675539					1834,375	0,0222226809710264			1834,375	3,72945117950439	1834,375	-0,879835963249207					1834,375	-0,891044676303864	
		1837,5	3,34519577026367	1837,5	0,0353760272264481					1837,5	0,0210920218378305			1837,5	3,73361992835999	1837,5	-0,878825724124908					1837,5	-0,890409350395203	
		1840,625	3,34404468536377	1840,625	0,030199933797121					1840,625	0,0159987322986126			1840,625	3,79527711868286	1840,625	-0,874235570430756					1840,625	-0,886455953121185	
		1843,75	3,35024499893188	1843,75	0,0332354716956615					1843,75	0,0190034713596106			1843,75	3,7492892742157	1843,75	-0,871273159980774					1843,75	-0,883989632129669	
		1846,875	3,33228993415833	1846,875	0,0307611897587776					1846,875	0,0165938101708889			1846,875	3,76372790336609	1846,875	-0,866642117500305					1846,875	-0,879768431186676	
		1850	3,29798889160156	1850	0,0319210402667522					1850	0,0176727268844843			1850	3,77536535263062	1850	-0,86443567276001					1850	-0,878052771091461	
		1853,125	3,27209115028381	1853,125	0,0307325124740601					1853,125	0,0166600402444601			1853,125	3,78112578392029	1853,125	-0,862725794315338					1853,125	-0,876944899559021	
		1856,25	3,21776533126831	1856,25	0,0356497131288052					1856,25	0,021343756467104			1856,25	3,74067521095276	1856,25	-0,86175000667572					1856,25	-0,87640506029129	
		1859,375	3,21591639518738	1859,375	0,0332912355661392					1859,375	0,0186707470566034			1859,375	3,77111959457397	1859,375	-0,85678631067276					1859,375	-0,871895909309387	
		1862,5	3,22225427627563	1862,5	0,0334803573787212					1862,5	0,0191466305404902			1862,5	3,76191544532776	1862,5	-0,84951251745224					1862,5	-0,865158975124359	
		1865,625	3,16364479064941	1865,625	0,0329758077859879					1865,625	0,0188140589743853			1865,625	3,76998949050903	1865,625	-0,850640833377838					1865,625	-0,866648554801941	
		1868,75	3,12293171882629	1868,75	0,0347971357405186					1868,75	0,0207044836133718			1868,75	3,7554087638855	1868,75	-0,849723875522614					1868,75	-0,86598265171051	
		1871,875	3,12330389022827	1871,875	0,0336991585791111					1871,875	0,0193562284111977			1871,875	3,7758777141571	1871,875	-0,843354463577271					1871,875	-0,860540509223938	
		1875	3,0958948135376	1875	0,0311403051018715					1875	0,0166278891265392			1875	3,80442261695862	1875	-0,842932164669037					1875	-0,86051082611084	
		1878,125	3,1088490486145	1878,125	0,0347730182111263					1878,125	0,0208014864474535			1878,125	3,78067278862	1878,125	-0,838673770427704					1878,125	-0,856780230998993	
		1881,25	3,08458805084229	1881,25	0,0323329046368599					1881,25	0,0185121577233076			1881,25	3,793612241745	1881,25	-0,834287822246552					1881,25	-0,852987170219421	
		1884,375	3,04350161552429	1884,375	0,0288984309881926					1884,375	0,0148306963965297			1884,375	3,79819941520691	1884,375	-0,832634150981903					1884,375	-0,85188752412796	
		1887,5	3,00957560539246	1887,5	0,0289298873394728					1887,5	0,0148183731362224			1887,5	3,81095337867737	1887,5	-0,828393757343292					1887,5	-0,847784340381622	
		1890,625	3,01259541511536	1890,625	0,0340119116008282					1890,625	0,0199093725532293			1890,625	3,78528547286987	1890,625	-0,82483583688736					1890,625	-0,844409167766571	
		1893,75	2,97878050804138	1893,75	0,0349339358508587					1893,75	0,0208108518272638			1893,75	3,79018402099609	1893,75	-0,823767066001892					1893,75	-0,843417525291443	
		1896,875	2,97089266777039	1896,875	0,0375272259116173					1896,875	0,0232857298105955			1896,875	3,79204201698303	1896,875	-0,820218145847321					1896,875	-0,840370833873749	
		1900	2,95731687545776	1900	0,0344205051660538					1900	0,020311152562499			1900	3,80735301971436	1900	-0,817886769771576					1900	-0,838808417320251	
		1903,125	2,94201803207397	1903,125	0,035079400986433					1903,125	0,0210813228040934			1903,125	3,77562975883484	1903,125	-0,815509915351868					1903,125	-0,836856424808502	
		1906,25	2,93665599822998	1906,25	0,0344729870557785					1906,25	0,0205596629530191			1906,25	3,78730177879334	1906,25	-0,809660017490387					1906,25	-0,831381380558014	
		1909,375	2,91000032424927	1909,375	0,0344821251928806					1909,375	0,0200904626399279			1909,375	3,82149791717529	1909,375	-0,808242797851563					1909,375	-0,830471932888031	
		1912,5	2,86689305305481	1912,5	0,0342913754284382					1912,5	0,0199353322386742			1912,5	3,83609843254089	1912,5	-0,808101952075958					1912,5	-0,830872595310211	
		1915,625	2,86971521377563	1915,625	0,0338243208825588					1915,625	0,019710611552			1915,625	3,8236722946167	1915,625	-0,80280077457428					1915,625	-0,825970768928528	
		1918,75	2,89690518379211	1918,75	0,0346575267612934					1918,75	0,0202741790562868			1918,75	3,83743143081665	1918,75	-0,795752763748169					1918,75	-0,819219648838043	
		1921,875	2,84419417381287	1921,875	0,0317425131797791					1921,875	0,0173585433512926			1921,875	3,8656222820282	1921,875	-0,798597812652588					1921,875	-0,822485446929932	
		1925	2,82634353637695	1925	0,0281924437731504					1925	0,0142574971541762			1925	3,89150452613831	1925	-0,796824812889099					1925	-0,820815205574036	
		1928,125	2,8317015171051	1928,125	0,0329189784824848					1928,125	0,018840279430151			1928,125	3,85484099388123	1928,125	-0,790980815887451					1928,125	-0,815991044044495	
		1931,25	2,80820560455322	1931,25	0,0336582139134407					1931,25	0,0196056198328733			1931,25	3,86116075515747	1931,25	-0,789883732795715					1931,25	-0,815762221813202	
		1934,375	2,80235505104065	1934,375	0,031533095985651					1934,375	0,0180028099566698			1934,375	3,88394665718079	1934,375	-0,785983443260193					1934,375	-0,812435567378998	
		1937,5	2,77589416503906	1937,5	0,0313024781644344					1937,5	0,0174638628959656			1937,5	3,8866662979126	1937,5	-0,784508883953094					1937,5	-0,811454057693481	
		1940,625	2,78129458427429	1940,625	0,031628355383873					1940,625	0,0179282687604427			1940,625	3,88887810707092	1940,625	-0,781193852424622					1940,625	-0,80854594707489	
		1943,75	2,7658007144928	1943,75	0,0305545795708895					1943,75	0,0167953427881002			1943,75	3,90013647079468	1943,75	-0,774343609809875					1943,75	-0,802267611026764	
		1946,875	2,77276873588562	1946,875	0,0327424332499504					1946,875	0,0189822651445866			1946,875	3,89393925666809	1946,875	-0,773534834384918					1946,875	-0,80186927318573	
		1950	2,73063254356384	1950	0,0313059575855732					1950	0,0175752174109221			1950	3,90144777297974	1950	-0,773413419723511					1950	-0,802032351493835	
		1953,125	2,74093675613403	1953,125	0,0268966350704432					1953,125	0,0125202657654881			1953,125	3,93940448760986	1953,125	-0,76415228843689					1953,125	-0,792877793312073	
		1956,25	2,70540356636047	1956,25	0,0289108473807573					1956,25	0,0141997849568725			1956,25	3,93176507949829	1956,25	-0,763323724269867					1956,25	-0,791944026947021	
		1959,375	2,70654630661011	1959,375	0,0292312148958445					1959,375	0,0149428145959973			1959,375	3,95788073539734	1959,375	-0,76005631685257					1959,375	-0,789768278598785	
		1962,5	2,66775870323181	1962,5	0,024717116728425					1962,5	0,0109495064243674			1962,5	3,9904100894928	1962,5	-0,7622110247612					1962,5	-0,791986525058746	
		1965,625	2,66987991333008	1965,625	0,0300756059587002					1965,625	0,0169048793613911			1965,625	3,96077179908752	1965,625	-0,760418295860291					1965,625	-0,790440857410431	
		1968,75	2,68042993545532	1968,75	0,0319491736590862					1968,75	0,0181555598974228			1968,75	3,97840213775635	1968,75	-0,756965398788452					1968,75	-0,78800904750824	
		1971,875	2,68214845657349	1971,875	0,0337681584060192					1971,875	0,0198306236416101			1971,875	3,96657586097717	1971,875	-0,751400470733643					1971,875	-0,782588660717011	
		1975	2,66153740882874	1975	0,0307025462388992					1975	0,01725784689188			1975	3,92119431495667	1975	-0,751188397407532					1975	-0,782613217830658	
		1978,125	2,66559457778931	1978,125	0,0247857794165611					1978,125	0,0121243167668581			1978,125	3,99203062057495	1978,125	-0,74703973531723					1978,125	-0,779033362865448	
		1981,25	2,64113068580627	1981,25	0,0320165157318115					1981,25	0,0186674203723669			1981,25	3,97428512573242	1981,25	-0,753681004047394					1981,25	-0,786077439785004	
		1984,375	2,65688109397888	1984,375	0,0353514403104782					1984,375	0,0215232949703932			1984,375	3,99560570716858	1984,375	-0,744012832641602					1984,375	-0,776658713817596	
		1987,5	2,62003040313721	1987,5	0,0324749574065208					1987,5	0,0192535128444433			1987,5	3,99567437171936	1987,5	-0,740326702594757					1987,5	-0,773337960243225	
		1990,625	2,58622813224792	1990,625	0,0240262243896723					1990,625	0,0113346129655838			1990,625	4,00695085525513	1990,625	-0,737380087375641					1990,625	-0,770796954631805	
		1993,75	2,64830708503723	1993,75	0,0300749633461237					1993,75	0,01525938231498			1993,75	4,01373767852783	1993,75	-0,733866333961487					1993,75	-0,767559111118317	
		1996,875	2,61140656471252	1996,875	0,0283271241933107					1996,875	0,0142309609800577			1996,875	4,0368824005127	1996,875	-0,729667484760284					1996,875	-0,763441681861877	
		2000	2,57275581359863	2000	0,02252415753901					2000	0,00897558778524399			2000	4,0462703704834	2000	-0,726563692092896					2000	-0,76104336977005	
		2003,125	2,57277894020081	2003,125	0,0189153701066971					2003,125	0,00492930319160223			2003,125	4,04369831085205	2003,125	-0,72930645942688					2003,125	-0,764787197113037	
		2006,25	2,57368421554565	2006,25	0,0175522156059742					2006,25	0,0041986214928329			2006,25	4,05230569839478	2006,25	-0,719996213912964					2006,25	-0,754981577396393	
		2009,375	2,59937644004822	2009,375	0,0277096275240183					2009,375	0,0134770954027772			2009,375	4,04911136627197	2009,375	-0,716590344905853					2009,375	-0,751993238925934	
		2012,5	2,59296703338623	2012,5	0,0311308652162552					2012,5	0,0177743136882782			2012,5	4,03608322143555	2012,5	-0,716626286506653					2012,5	-0,752667427062988	
		2015,625	2,56154918670654	2015,625	0,0267525482922792					2015,625	0,0138589777052402			2015,625	4,0538272857666	2015,625	-0,711433172225952					2015,625	-0,747487962245941	
		2018,75	2,61064887046814	2018,75	0,0314966328442097					2018,75	0,0176343284547329			2018,75	4,05419969558716	2018,75	-0,712241649627686					2018,75	-0,748763144016266	
		2021,875	2,54311275482178	2021,875	0,0256067849695683					2021,875	0,0121340015903115			2021,875	4,07940244674683	2021,875	-0,706538856029511					2021,875	-0,744171917438507	
		2025	2,54513573646545	2025	0,0247269924730062					2025	0,0103455260396004			2025	4,0883207321167	2025	-0,702842056751251					2025	-0,74192863702774	
		2028,125	2,53760647773743	2028,125	0,0272126160562038					2028,125	0,0127287730574608			2028,125	4,05501747131348	2028,125	-0,705724120140076					2028,125	-0,744490802288055	
		2031,25	2,5688624382019	2031,25	0,0357580669224262					2031,25	0,0217661261558533			2031,25	4,02116727828979	2031,25	-0,706336796283722					2031,25	-0,745360195636749	
		2034,375	2,55609822273254	2034,375	0,0263814702630043					2034,375	0,0128672821447253			2034,375	4,08468294143677	2034,375	-0,695466041564941					2034,375	-0,734404265880585	
		2037,5	2,5124716758728	2037,5	0,0240103788673878					2037,5	0,0103707248345017			2037,5	4,05408191680908	2037,5	-0,697687327861786					2037,5	-0,737154483795166	
		2040,625	2,61386942863464	2040,625	0,03161246702075					2040,625	0,0185929927974939			2040,625	3,9956259727478	2040,625	-0,694615066051483					2040,625	-0,735313177108765	
		2043,75	2,565993309021	2043,75	0,0334471389651299					2043,75	0,0200770832598209			2043,75	4,04268074035645	2043,75	-0,694210469722748					2043,75	-0,73516833782196	
		2046,875	2,53009533882141	2046,875	0,0314068533480167					2046,875	0,016935408115387			2046,875	4,05935382843018	2046,875	-0,691084027290344					2046,875	-0,732610523700714	
		2050	2,54066038131714	2050	0,0291832610964775					2050	0,0152368452399969			2050	4,05688619613647	2050	-0,684516191482544					2050	-0,725742995738983	
		2053,125	2,51726984977722	2053,125	0,0242248997092247					2053,125	0,0101859401911497			2053,125	4,07769775390625	2053,125	-0,67965692281723					2053,125	-0,721188902854919	
		2056,25	2,50958442687988	2056,25	0,0279719177633524					2056,25	0,0140750892460346			2056,25	4,06757688522339	2056,25	-0,678024590015411					2056,25	-0,720700562000275	
		2059,375	2,52687978744507	2059,375	0,0286645274609327					2059,375	0,0146460346877575			2059,375	4,06185817718506	2059,375	-0,676112174987793					2059,375	-0,719059348106384	
		2062,5	2,51510500907898	2062,5	0,0296265631914139					2062,5	0,0158299319446087			2062,5	4,0459361076355	2062,5	-0,674685180187225					2062,5	-0,717816770076752	
		2065,625	2,51249861717224	2065,625	0,0278042107820511					2065,625	0,0143239786848426			2065,625	4,06678009033203	2065,625	-0,669290363788605					2065,625	-0,712364912033081	
		2068,75	2,47741031646729	2068,75	0,025941114872694					2068,75	0,0125755360350013			2068,75	4,08409690856934	2068,75	-0,668806195259094					2068,75	-0,712367415428162	
		2071,875	2,48155045509338	2071,875	0,0242170728743076					2071,875	0,0106189223006368			2071,875	4,1033148765564	2071,875	-0,667450189590454					2071,875	-0,711731791496277	
		2075	2,48785257339478	2075	0,0256850514560938					2075	0,0119369840249419			2075	4,08765411376953	2075	-0,663146376609802					2075	-0,707781434059143	
		2078,125	2,48981285095215	2078,125	0,0292778052389622					2078,125	0,015734925866127			2078,125	4,0733585357666	2078,125	-0,662285327911377					2078,125	-0,707096099853516	
		2081,25	2,47767114639282	2081,25	0,0322215706110001					2081,25	0,0185864232480526			2081,25	4,04465866088867	2081,25	-0,661311447620392					2081,25	-0,706425249576569	
		2084,375	2,4972288608551	2084,375	0,0292025245726109					2084,375	0,0156397055834532			2084,375	4,0939998626709	2084,375	-0,654394328594208					2084,375	-0,700002551078796	
		2087,5	2,45889496803284	2087,5	0,0271751489490271					2087,5	0,0142720052972436			2087,5	4,0744833946228	2087,5	-0,655074059963226					2087,5	-0,700994253158569	
		2090,625	2,44238305091858	2090,625	0,0265016239136457					2090,625	0,013708327896893			2090,625	4,07800149917603	2090,625	-0,651872336864471					2090,625	-0,698852241039276	
		2093,75	2,49658918380737	2093,75	0,0256264638155699					2093,75	0,012398892082274			2093,75	4,06572341918945	2093,75	-0,646592676639557					2093,75	-0,693130433559418	
		2096,875	2,44609141349792	2096,875	0,0269326455891132					2096,875	0,0131504740566015			2096,875	4,03511571884155	2096,875	-0,646688520908356					2096,875	-0,693576157093048	
		2100	2,51211643218994	2100	0,0286124087870121					2100	0,0150298206135631			2100	4,09551525115967	2100	-0,639146387577057					2100	-0,686413586139679	
		2103,125	2,4459662437439	2103,125	0,0307890139520168					2103,125	0,0174865610897541			2103,125	4,04459524154663	2103,125	-0,640977680683136					2103,125	-0,688761591911316	
		2106,25	2,4190309047699	2106,25	0,0296264197677374					2106,25	0,0157996732741594			2106,25	4,01495456695557	2106,25	-0,638901054859161					2106,25	-0,68689501285553	
		2109,375	2,42441749572754	2109,375	0,0278090219944716					2109,375	0,0138565227389336			2109,375	4,04220533370972	2109,375	-0,634064495563507					2109,375	-0,682564556598663	
		2112,5	2,40100717544556	2112,5	0,0271342042833567					2112,5	0,0133237410336733			2112,5	4,07304382324219	2112,5	-0,632771253585815					2112,5	-0,681593418121338	
		2115,625	2,42634916305542	2115,625	0,0289796330034733					2115,625	0,0151341687887907			2115,625	4,06716871261597	2115,625	-0,630045771598816					2115,625	-0,679043173789978	
		2118,75	2,38889193534851	2118,75	0,0271378438919783					2118,75	0,0134555054828525			2118,75	4,04272747039795	2118,75	-0,627556383609772					2118,75	-0,67694103717804	
		2121,875	2,39578461647034	2121,875	0,0297249853610992					2121,875	0,0165694933384657			2121,875	4,00895500183105	2121,875	-0,624896109104156					2121,875	-0,674646496772766	
		2125	2,41969060897827	2125	0,0293487347662449					2125	0,0162818338721991			2125	4,0029296875	2125	-0,623397052288055					2125	-0,673588335514069	
		2128,125	2,39739227294922	2128,125	0,0276800263673067					2128,125	0,0140671376138926			2128,125	4,06443214416504	2128,125	-0,61905825138092					2128,125	-0,669435501098633	
		2131,25	2,3715136051178	2131,25	0,0281620807945728					2131,25	0,0146017866209149			2131,25	4,0458402633667	2131,25	-0,617259562015533					2131,25	-0,668124198913574	
		2134,375	2,40977764129639	2134,375	0,0282346364110708					2134,375	0,0146726351231337			2134,375	4,05437612533569	2134,375	-0,612908780574799					2134,375	-0,664362967014313	
		2137,5	2,39732503890991	2137,5	0,0279184877872467					2137,5	0,0143191190436482			2137,5	4,08881139755249	2137,5	-0,611424446105957					2137,5	-0,66338038444519	
		2140,625	2,38262104988098	2140,625	0,0302388519048691					2140,625	0,0169723704457283			2140,625	4,03985118865967	2140,625	-0,608733952045441					2140,625	-0,661207437515259	
		2143,75	2,36034464836121	2143,75	0,0300896372646093					2143,75	0,0170786865055561			2143,75	4,0148754119873	2143,75	-0,606210350990295					2143,75	-0,658740222454071	
		2146,875	2,31471824645996	2146,875	0,0266773477196693					2146,875	0,0132806524634361			2146,875	4,04109239578247	2146,875	-0,606551945209503					2146,875	-0,659255564212799	
		2150	2,34415936470032	2150	0,0262020453810692					2150	0,0126967495307326			2150	4,07397508621216	2150	-0,601924121379852					2150	-0,655081927776337	
		2153,125	2,33787250518799	2153,125	0,027752423658967					2153,125	0,014225821942091			2153,125	4,03765916824341	2153,125	-0,600086510181427					2153,125	-0,65354973077774	
		2156,25	2,32749342918396	2156,25	0,0257520955055952					2156,25	0,0120094222947955			2156,25	4,06984663009644	2156,25	-0,598262906074524					2156,25	-0,65211296081543	
		2159,375	2,35670042037964	2159,375	0,0269393622875214					2159,375	0,0133693711832166			2159,375	4,02589559555054	2159,375	-0,594334244728088					2159,375	-0,648469626903534	
		2162,5	2,3002290725708	2162,5	0,0281263291835785					2162,5	0,0147880343720317			2162,5	3,97615361213684	2162,5	-0,595672130584717					2162,5	-0,650332093238831	
		2165,625	2,31166887283325	2165,625	0,0282961186021566					2165,625	0,0148946363478899			2165,625	4,0028133392334	2165,625	-0,591448545455933					2165,625	-0,646452903747559	
		2168,75	2,34479928016663	2168,75	0,0276184696704149					2168,75	0,0141293471679091			2168,75	4,0805025100708	2168,75	-0,586283922195435					2168,75	-0,64117830991745	
		2171,875	2,29880332946777	2171,875	0,0273391343653202					2171,875	0,0140414079651237			2171,875	4,0568733215332	2171,875	-0,585262358188629					2171,875	-0,640588045120239	
		2175	2,28474259376526	2175	0,0246471334248781					2175	0,0113567812368274			2175	4,10219192504883	2175	-0,582740902900696					2175	-0,63847142457962	
		2178,125	2,32725787162781	2178,125	0,0266069527715445					2178,125	0,0133511126041412			2178,125	4,08537101745605	2178,125	-0,580059468746185					2178,125	-0,636114001274109	
		2181,25	2,28584671020508	2181,25	0,0279506053775549					2181,25	0,0147788804024458			2181,25	4,04572582244873	2181,25	-0,579171478748322					2181,25	-0,635624587535858	
		2184,375	2,30516791343689	2184,375	0,0293238069862127					2184,375	0,0158496461808681			2184,375	4,0405478477478	2184,375	-0,575234949588776					2184,375	-0,631930768489838	
		2187,5	2,28913307189941	2187,5	0,0293319132179022					2187,5	0,0158434435725212			2187,5	4,05763673782349	2187,5	-0,572725772857666					2187,5	-0,629887044429779	
		2190,625	2,24879789352417	2190,625	0,0283017102628946					2190,625	0,0149097181856632			2190,625	4,06096267700195	2190,625	-0,57260400056839					2190,625	-0,629979252815247	
		2193,75	2,24664187431335	2193,75	0,0254719965159893					2193,75	0,0123618962243199			2193,75	4,0986123085022	2193,75	-0,568047344684601					2193,75	-0,625612914562225	
		2196,875	2,26238632202148	2196,875	0,0260375458747149					2196,875	0,0129899978637695			2196,875	4,10070180892944	2196,875	-0,564569592475891					2196,875	-0,622657358646393	
		2200	2,25837588310242	2200	0,0280642826110125					2200	0,0149366836994886			2200	4,07039260864258	2200	-0,564100980758667					2200	-0,622565269470215	
		2203,125	2,25117588043213	2203,125	0,0275635365396738					2203,125	0,0144226299598813			2203,125	4,07360363006592	2203,125	-0,561707198619843					2203,125	-0,620547831058502	
		2206,25	2,22260713577271	2206,25	0,0285523384809494					2206,25	0,0154134500771761			2206,25	4,07211828231812	2206,25	-0,559200167655945					2206,25	-0,618336260318756	
		2209,375	2,22484827041626	2209,375	0,0289493296295404					2209,375	0,0156394317746162			2209,375	4,04535484313965	2209,375	-0,557846009731293					2209,375	-0,617360174655914	
		2212,5	2,20816874504089	2212,5	0,0245158635079861					2212,5	0,0111391488462687			2212,5	4,11867141723633	2212,5	-0,554640769958496					2212,5	-0,614538550376892	
		2215,625	2,19241046905518	2215,625	0,0230186879634857					2215,625	0,00970248226076365			2215,625	4,15317916870117	2215,625	-0,552279949188232					2215,625	-0,612528860569	
		2218,75	2,19250321388245	2218,75	0,0248658508062363					2218,75	0,0116275995969772			2218,75	4,12496280670166	2218,75	-0,54993611574173					2218,75	-0,61067670583725	
		2221,875	2,19930768013	2221,875	0,0271321944892406					2221,875	0,0138863483443856			2221,875	4,10623931884766	2221,875	-0,548716723918915					2221,875	-0,609634280204773	
		2225	2,22431302070618	2225	0,0260716155171394					2225	0,0129057541489601			2225	4,11667251586914	2225	-0,544332802295685					2225	-0,605468511581421	
		2228,125	2,22433114051819	2228,125	0,0249168444424868					2228,125	0,011680394411087			2228,125	4,13567781448364	2228,125	-0,54233980178833					2228,125	-0,603870451450348	
		2231,25	2,22339677810669	2231,25	0,0270783044397831					2231,25	0,0138508342206478			2231,25	4,10137271881104	2231,25	-0,54111510515213					2231,25	-0,602990925312042	
		2234,375	2,22300338745117	2234,375	0,0269295945763588					2234,375	0,0137356026098132			2234,375	4,07912731170654	2234,375	-0,537400782108307					2234,375	-0,599533677101135	
		2237,5	2,17045426368713	2237,5	0,0251367408782244					2237,5	0,011906810104847			2237,5	4,09245300292969	2237,5	-0,536474645137787					2237,5	-0,598962306976318	
		2240,625	2,18425393104553	2240,625	0,0234021060168743					2240,625	0,0101201189681888			2240,625	4,19904184341431	2240,625	-0,532096922397614					2240,625	-0,594895601272583	
		2243,75	2,17786955833435	2243,75	0,0231917537748814					2243,75	0,0100402301177382			2243,75	4,17719745635986	2243,75	-0,531735360622406					2243,75	-0,594768106937408	
		2246,875	2,17035984992981	2246,875	0,0240951292216778					2246,875	0,0109989438205957			2246,875	4,14448547363281	2246,875	-0,530386924743652					2246,875	-0,593790948390961	
		2250	2,19198966026306	2250	0,0265950337052345					2250	0,0133918290957808			2250	4,12049770355225	2250	-0,527397871017456					2250	-0,591054916381836	
		2253,125	2,18308043479919	2253,125	0,0258257258683443					2253,125	0,0126611310988665			2253,125	4,11556529998779	2253,125	-0,523683547973633					2253,125	-0,588043570518494	
		2256,25	2,21779489517212	2256,25	0,0269271899014711					2256,25	0,0137555031105876			2256,25	4,09678983688354	2256,25	-0,521505236625671					2256,25	-0,586145997047424	
		2259,375	2,20232176780701	2259,375	0,0261123292148113					2259,375	0,0130384126678109			2259,375	4,14866971969604	2259,375	-0,518392384052277					2259,375	-0,583169639110565	
		2262,5	2,19564819335938	2262,5	0,0259113423526287					2262,5	0,012782602570951			2262,5	4,13840436935425	2262,5	-0,517508089542389					2262,5	-0,582561850547791	
		2265,625	2,20226240158081	2265,625	0,0256834123283625					2265,625	0,012514827772975			2265,625	4,12756490707397	2265,625	-0,515474855899811					2265,625	-0,580537557601929	
		2268,75	2,21993041038513	2268,75	0,0287407618016005					2268,75	0,0151563659310341			2268,75	4,09484958648682	2268,75	-0,512983798980713					2268,75	-0,578730463981628	
		2271,875	2,2193615436554	2271,875	0,0271684713661671					2271,875	0,0138505697250366			2271,875	4,11479187011719	2271,875	-0,510550141334534					2271,875	-0,57673978805542	
		2275	2,23227882385254	2275	0,0245034657418728					2275	0,0113364858552814			2275	4,14293527603149	2275	-0,507057666778564					2275	-0,573438882827759	
		2278,125	2,20188307762146	2278,125	0,0250075533986092					2278,125	0,0117305209860206			2278,125	4,15698385238647	2278,125	-0,504934430122375					2278,125	-0,571680665016174	
		2281,25	2,18885159492493	2281,25	0,0261189807206392					2281,25	0,0130157070234418			2281,25	4,1355938911438	2281,25	-0,504341185092926					2281,25	-0,57109522819519	
		2284,375	2,19121599197388	2284,375	0,0259655117988586					2284,375	0,0130463717505336			2284,375	4,11308574676514	2284,375	-0,503126680850983					2284,375	-0,57002592086792	
		2287,5	2,19842386245728	2287,5	0,022755591198802					2287,5	0,00992389116436243			2287,5	4,17393589019775	2287,5	-0,498582303524017					2287,5	-0,566280722618103	
		2290,625	2,21219992637634	2290,625	0,0259096547961235					2290,625	0,0127783864736557			2290,625	4,14104461669922	2290,625	-0,496989339590073					2290,625	-0,565115034580231	
		2293,75	2,20295310020447	2293,75	0,0282951220870018					2293,75	0,0147672994062304			2293,75	4,10252666473389	2293,75	-0,494950264692307					2293,75	-0,563331127166748	
		2296,875	2,2162184715271	2296,875	0,0244460348039865					2296,875	0,0110049545764923			2296,875	4,14151239395142	2296,875	-0,492578119039536					2296,875	-0,56120353937149	
		2300	2,21676445007324	2300	0,0239697266370058					2300	0,0110292173922062			2300	4,14757537841797	2300	-0,488950192928314					2300	-0,557681500911713	
		2303,125	2,22467064857483	2303,125	0,0258941240608692					2303,125	0,0124765429645777			2303,125	4,11703014373779	2303,125	-0,486714035272598					2303,125	-0,555678367614746	
		2306,25	2,23260164260864	2306,25	0,0259049646556377					2306,25	0,0123896868899465			2306,25	4,11939907073975	2306,25	-0,484997391700745					2306,25	-0,554462134838104	
		2309,375	2,20554232597351	2309,375	0,0255262013524771					2309,375	0,0120633197948337			2309,375	4,12112951278687	2309,375	-0,484021455049515					2309,375	-0,553959727287292	
		2312,5	2,20922374725342	2312,5	0,0259471982717514					2312,5	0,0127259837463498			2312,5	4,09511661529541	2312,5	-0,481414526700974					2312,5	-0,551506876945496	
		2315,625	2,23776865005493	2315,625	0,0272559486329556					2315,625	0,0144500453025103			2315,625	4,06452322006226	2315,625	-0,479645162820816					2315,625	-0,549487054347992	
		2318,75	2,26518821716309	2318,75	0,0263013355433941					2318,75	0,0130092548206449			2318,75	4,11154890060425	2318,75	-0,475517809391022					2318,75	-0,545754790306091	
		2321,875	2,26091861724854	2321,875	0,0286441668868065					2321,875	0,0154447909444571			2321,875	4,06240367889404	2321,875	-0,472797125577927					2321,875	-0,543219685554504	
		2325	2,24231433868408	2325	0,0260863397270441					2325	0,012474711984396			2325	4,1021203994751	2325	-0,471910834312439					2325	-0,54245936870575	
		2328,125	2,22136974334717	2328,125	0,0261721089482307					2328,125	0,0125929275527596			2328,125	4,08947467803955	2328,125	-0,471852481365204					2328,125	-0,54288923740387	
		2331,25	2,22817015647888	2331,25	0,0265936348587275					2331,25	0,0132582280784845			2331,25	4,09021282196045	2331,25	-0,47006618976593					2331,25	-0,541372835636139	
		2334,375	2,21849918365479	2334,375	0,0244372766464949					2334,375	0,0114015098661184			2334,375	4,10771989822388	2334,375	-0,467761546373367					2334,375	-0,539431929588318	
		2337,5	2,22493958473206	2337,5	0,025987034663558					2337,5	0,0127556035295129			2337,5	4,09189653396606	2337,5	-0,464189648628235					2337,5	-0,53657054901123	
		2340,625	2,23968863487244	2340,625	0,0289527382701635					2340,625	0,0158586874604225			2340,625	4,0405478477478	2340,625	-0,462105959653854					2340,625	-0,534825444221497	
		2343,75	2,23678493499756	2343,75	0,0250085107982159					2343,75	0,0122216092422605			2343,75	4,09572887420654	2343,75	-0,459330171346664					2343,75	-0,532383024692535	
		2346,875	2,24401259422302	2346,875	0,0260810218751431					2346,875	0,0127792228013277			2346,875	4,07599067687988	2346,875	-0,457177102565765					2346,875	-0,52989399433136	
		2350	2,20102262496948	2350	0,0249879788607359					2350	0,0115401009097695			2350	4,08295154571533	2350	-0,45574477314949					2350	-0,528733432292938	
		2353,125	2,22627758979797	2353,125	0,022904759272933					2353,125	0,00956006161868572			2353,125	4,08334398269653	2353,125	-0,454317688941956					2353,125	-0,527802407741547	
		2356,25	2,21716642379761	2356,25	0,0244390573352575					2356,25	0,0114987622946501			2356,25	4,06545877456665	2356,25	-0,452779710292816					2356,25	-0,526309251785278	
		2359,375	2,21847867965698	2359,375	0,0267346557229757					2359,375	0,0138865187764168			2359,375	4,05191850662231	2359,375	-0,452010631561279					2359,375	-0,526274859905243	
		2362,5	2,20971274375916	2362,5	0,0237280502915382					2362,5	0,0105151375755668			2362,5	4,06119012832642	2362,5	-0,448399692773819					2362,5	-0,522956073284149	
		2365,625	2,24116826057434	2365,625	0,0257069189101458					2365,625	0,0122097581624985			2365,625	4,085608959198	2365,625	-0,44291079044342					2365,625	-0,516637921333313	
		2368,75	2,2041130065918	2368,75	0,0275821425020695					2368,75	0,0141724981367588			2368,75	4,04160308837891	2368,75	-0,444541871547699					2368,75	-0,518877446651459	
		2371,875	2,24865031242371	2371,875	0,0309307817369699					2371,875	0,017102213576436			2371,875	3,9836483001709	2371,875	-0,442085385322571					2371,875	-0,51725846529007	
		2375	2,23273611068726	2375	0,0281204450875521					2375	0,0143819972872734			2375	4,00168752670288	2375	-0,438591331243515					2375	-0,514508426189423	
		2378,125	2,24783539772034	2378,125	0,0252563841640949					2378,125	0,012003761716187			2378,125	4,02112579345703	2378,125	-0,435585260391235					2378,125	-0,5110924243927	
		2381,25	2,23112869262695	2381,25	0,0249806009232998					2381,25	0,0111800646409392			2381,25	4,02888488769531	2381,25	-0,432197958230972					2381,25	-0,507485866546631	
		2384,375	2,17776966094971	2384,375	0,0254044774919748					2384,375	0,0112633844837546			2384,375	4,03238439559937	2384,375	-0,432234644889832					2384,375	-0,50712651014328	
		2387,5	2,2160279750824	2387,5	0,0296006537973881					2387,5	0,0160126201808453			2387,5	4,00777196884155	2387,5	-0,430112361907959					2387,5	-0,505298852920532	
		2390,625	2,21488094329834	2390,625	0,0268284231424332					2390,625	0,0132325403392315			2390,625	3,99320650100708	2390,625	-0,428944885730743					2390,625	-0,506111264228821	
		2393,75	2,19791340827942	2393,75	0,0254812762141228					2393,75	0,0117361675947905			2393,75	3,99583339691162	2393,75	-0,426867842674255					2393,75	-0,504688739776611	
		2396,875	2,1991069316864	2396,875	0,0229609459638596					2396,875	0,00931185577064753			2396,875	4,01766586303711	2396,875	-0,423943668603897					2396,875	-0,501967966556549	
		2400	2,19898319244385	2400	0,0243974700570107					2400	0,0105449771508574			2400	3,98792695999146	2400	-0,421467959880829					2400	-0,499285697937012	
		2403,125	2,18343091011047	2403,125	0,0238484591245651					2403,125	0,00934916455298662			2403,125	3,98197388648987	2403,125	-0,417777001857758					2403,125	-0,494899570941925	
		2406,25	2,17386794090271	2406,25	0,0222874246537685					2406,25	0,00921040307730436			2406,25	4,0102596282959	2406,25	-0,417308807373047					2406,25	-0,494558870792389	
		2409,375	2,18906211853027	2409,375	0,0242220684885979					2409,375	0,0115967448800802			2409,375	4,01420497894287	2409,375	-0,413422524929047					2409,375	-0,491807520389557	
		2412,5	2,16085505485535	2412,5	0,0258879214525223					2412,5	0,0131185026839375			2412,5	3,95541477203369	2412,5	-0,413598775863647					2412,5	-0,492746978998184	
		2415,625	2,23130083084106	2415,625	0,0286136996001005					2415,625	0,0159172508865595			2415,625	3,97154140472412	2415,625	-0,409920126199722					2415,625	-0,487779974937439	
		2418,75	2,21051383018494	2418,75	0,0261463653296232					2418,75	0,0128240119665861			2418,75	3,97070336341858	2418,75	-0,408456981182098					2418,75	-0,487199366092682	
		2421,875	2,16571378707886	2421,875	0,0241017024964094					2421,875	0,0101963244378567			2421,875	3,9757878780365	2421,875	-0,407489508390427					2421,875	-0,487256765365601	
		2425	2,16903448104858	2425	0,0260854866355658					2425	0,0121184233576059			2425	3,95544290542603	2425	-0,404695749282837					2425	-0,48441344499588	
		2428,125	2,18875288963318	2428,125	0,02709717489779					2428,125	0,0138329155743122			2428,125	3,95651388168335	2428,125	-0,399991601705551					2428,125	-0,479014009237289	
		2431,25	2,17071294784546	2431,25	0,0248555671423674					2431,25	0,0113510610535741			2431,25	3,95073461532593	2431,25	-0,398831963539124					2431,25	-0,478527307510376	
		2434,375	2,19096660614014	2434,375	0,0265250988304615					2434,375	0,0133592570200562			2434,375	3,94153904914856	2434,375	-0,397430568933487					2434,375	-0,477505415678024	
		2437,5	2,16764330863953	2437,5	0,0270635597407818					2437,5	0,0142716709524393			2437,5	3,94683218002319	2437,5	-0,396881282329559					2437,5	-0,476603806018829	
		2440,625	2,16554617881775	2440,625	0,0261395145207644					2440,625	0,0130799375474453			2440,625	3,94199466705322	2440,625	-0,396134257316589					2440,625	-0,476663589477539	
		2443,75	2,179767370224	2443,75	0,0262906197458506					2443,75	0,0127652119845152			2443,75	3,94509768486023	2443,75	-0,390933752059937					2443,75	-0,471639454364777	
		2446,875	2,16737246513367	2446,875	0,0274822879582644					2446,875	0,0139421327039599			2446,875	3,91896438598633	2446,875	-0,388688772916794					2446,875	-0,469502717256546	
		2450	2,14128255844116	2450	0,0266954954713583					2450	0,0131264869123697			2450	3,93855595588684	2450	-0,387590229511261					2450	-0,468365490436554	
		2453,125	2,15236258506775	2453,125	0,02731111086905					2453,125	0,0131622245535254			2453,125	3,93541836738586	2453,125	-0,385643482208252					2453,125	-0,466449618339539	
		2456,25	2,16344237327576	2456,25	0,025624942034483					2456,25	0,0121622933074832			2456,25	3,92602324485779	2456,25	-0,383461356163025					2456,25	-0,465066641569138	
		2459,375	2,1420886516571	2459,375	0,0247771292924881					2459,375	0,0113649973645806			2459,375	3,92559695243835	2459,375	-0,382422894239426					2459,375	-0,464469015598297	
		2462,5	2,15970396995544	2462,5	0,0267950333654881					2462,5	0,0134738907217979			2462,5	3,93199968338013	2462,5	-0,378744930028915					2462,5	-0,461147606372833	
		2465,625	2,14598345756531	2465,625	0,0258707012981176					2465,625	0,0122335609048605			2465,625	3,92601013183594	2465,625	-0,377757996320724					2465,625	-0,459698617458344	
		2468,75	2,12242960929871	2468,75	0,0257624052464962					2468,75	0,0118460776284337			2468,75	3,8882462978363	2468,75	-0,377176851034164					2468,75	-0,459056109189987	
		2471,875	2,16310262680054	2471,875	0,0270859096199274					2471,875	0,0141034917905927			2471,875	3,95262813568115	2471,875	-0,373782843351364					2471,875	-0,456756174564362	
		2475	2,1346743106842	2475	0,0236368030309677					2475	0,0106558548286557			2475	3,92189311981201	2475	-0,37513467669487					2475	-0,458289533853531	
		2478,125	2,11972332000732	2478,125	0,0232464335858822					2478,125	0,00982078164815903			2478,125	3,94969272613525	2478,125	-0,370162308216095					2478,125	-0,453291863203049	
		2481,25	2,09908390045166	2481,25	0,0252143274992704					2481,25	0,0115814171731472			2481,25	3,90030360221863	2481,25	-0,370735466480255					2481,25	-0,45390510559082	
		2484,375	2,10218858718872	2484,375	0,0247796904295683					2484,375	0,0121145034208894			2484,375	3,9209520816803	2484,375	-0,367322415113449					2484,375	-0,450499683618546	
		2487,5	2,13025784492493	2487,5	0,0226518008857965					2487,5	0,00963803008198738			2487,5	3,99186563491821	2487,5	-0,362590581178665					2487,5	-0,446860104799271	
		2490,625	2,11264514923096	2490,625	0,0255820248275995					2490,625	0,0124421082437038			2490,625	3,9294753074646	2490,625	-0,362473458051682					2490,625	-0,446496725082397	
		2493,75	2,12608623504639	2493,75	0,0271409917622805					2493,75	0,0137072568759322			2493,75	3,90400767326355	2493,75	-0,360222995281219					2493,75	-0,444143772125244	
		2496,875	2,11272358894348	2496,875	0,0278582461178303					2496,875	0,0138032529503107			2496,875	3,9041006565094	2496,875	-0,35978427529335					2496,875	-0,444094926118851	
		2500	2,06798648834229	2500	0,0257533919066191					2500	0,0116940438747406			2500	3,91148829460144	2500	-0,357342183589935					2500	-0,44180816411972	
		2503,125	2,12758612632751	2503,125	0,0256415903568268					2503,125	0,0124404607340693			2503,125	3,94221138954163	2503,125	-0,353403031826019					2503,125	-0,437969475984573	
		2506,25	2,08438658714294	2506,25	0,022134942933917					2506,25	0,00859920401126146			2506,25	3,94493103027344	2506,25	-0,354211270809174					2506,25	-0,438923090696335	
		2509,375	2,09670925140381	2509,375	0,0235622804611921					2509,375	0,0101763727143407			2509,375	3,93301105499268	2509,375	-0,352243095636368					2509,375	-0,437662780284882	
		2512,5	2,09215903282166	2512,5	0,0249522160738707					2512,5	0,0114824660122395			2512,5	3,9164400100708	2512,5	-0,350476711988449					2512,5	-0,435861766338348	
		2515,625	2,11822867393494	2515,625	0,0265593994408846					2515,625	0,0135846808552742			2515,625	3,89564275741577	2515,625	-0,347659796476364					2515,625	-0,433443278074265	
		2518,75	2,11298060417175	2518,75	0,0249947290867567					2518,75	0,0121362265199423			2518,75	3,90472865104675	2518,75	-0,346528947353363					2518,75	-0,432811170816422	
		2521,875	2,08182954788208	2521,875	0,0254138242453337					2521,875	0,0128397112712264			2521,875	3,90937209129334	2521,875	-0,345992922782898					2521,875	-0,432297080755234	
		2525	2,10330510139465	2525	0,0243559814989567					2525	0,0116479676216841			2525	3,98320484161377	2525	-0,339992552995682					2525	-0,426298975944519	
		2528,125	2,10658836364746	2528,125	0,0270200129598379					2528,125	0,0134619027376175			2528,125	3,89590454101563	2528,125	-0,340681552886963					2528,125	-0,427583903074265	
		2531,25	2,10862565040588	2531,25	0,0274145696312189					2531,25	0,0145364180207253			2531,25	3,88875865936279	2531,25	-0,338929921388626					2531,25	-0,42594039440155	
		2534,375	2,06787347793579	2534,375	0,0270113293081522					2534,375	0,0138075202703476			2534,375	3,90066814422607	2534,375	-0,337979227304459					2534,375	-0,424864500761032	
		2537,5	2,12625980377197	2537,5	0,0255795121192932					2537,5	0,0124839283525944			2537,5	3,9249472618103	2537,5	-0,332999467849731					2537,5	-0,420637845993042	
		2540,625	2,11287879943848	2540,625	0,0281832702457905					2540,625	0,0150627242401242			2540,625	3,84683775901794	2540,625	-0,334529429674149					2540,625	-0,422413498163223	
		2543,75	2,14563679695129	2543,75	0,0288783591240644					2543,75	0,0156557355076075			2543,75	3,8727023601532	2543,75	-0,331251233816147					2543,75	-0,418898433446884	
		2546,875	2,08973288536072	2546,875	0,0252030901610851					2546,875	0,0118511589244008			2546,875	3,93209290504456	2546,875	-0,329440832138062					2546,875	-0,417481064796448	
		2550	2,07124328613281	2550	0,0242150612175465					2550	0,0109671168029308			2550	3,9209258556366	2550	-0,32838374376297					2550	-0,416915535926819	
		2553,125	2,10082292556763	2553,125	0,0245139971375465					2553,125	0,0107199000194669			2553,125	3,93291473388672	2553,125	-0,325413972139359					2553,125	-0,413959711790085	
		2556,25	2,09004640579224	2556,25	0,0240743178874254					2556,25	0,0105736078694463			2556,25	3,93377995491028	2556,25	-0,323987156152725					2556,25	-0,412700474262238	
		2559,375	2,09018182754517	2559,375	0,0244543980807066					2559,375	0,0111010419204831			2559,375	3,91969537734985	2559,375	-0,322535783052444					2559,375	-0,411579370498657	
		2562,5	2,10815167427063	2562,5	0,0258649364113808					2562,5	0,0124183036386967			2562,5	3,91584134101868	2562,5	-0,320016026496887					2562,5	-0,409340292215347	
		2565,625	2,10218262672424	2565,625	0,0258873570710421					2565,625	0,0125371301546693			2565,625	3,91206002235413	2565,625	-0,318983256816864					2565,625	-0,40859118103981	
		2568,75	2,09257340431213	2568,75	0,0248315799981356					2568,75	0,0112819308415055			2568,75	3,91780734062195	2568,75	-0,317547500133514					2568,75	-0,407426327466965	
		2571,875	2,07577276229858	2571,875	0,0234854444861412					2571,875	0,0100391115993261			2571,875	3,94089293479919	2571,875	-0,315519958734512					2571,875	-0,405234336853027	
		2575	2,09005522727966	2575	0,02478520385921					2575	0,0116514042019844			2575	3,93977284431458	2575	-0,313964515924454					2575	-0,40367117524147	
		2578,125	2,1601710319519	2578,125	0,0290447287261486					2578,125	0,0157278813421726			2578,125	3,88987112045288	2578,125	-0,309677332639694					2578,125	-0,399862021207809	
		2581,25	2,11236906051636	2581,25	0,0251346696168184					2581,25	0,0119626168161631			2581,25	3,92143821716309	2581,25	-0,310081750154495					2581,25	-0,400568515062332	
		2584,375	2,17664527893066	2584,375	0,0258630607277155					2584,375	0,0125617031008005			2584,375	3,90074300765991	2584,375	-0,307650029659271					2584,375	-0,398274481296539	
		2587,5	2,18474984169006	2587,5	0,0255130548030138					2587,5	0,0120127461850643			2587,5	3,90632629394531	2587,5	-0,305924743413925					2587,5	-0,3968306183815	
		2590,625	2,19483399391174	2590,625	0,0265334844589233					2590,625	0,0131775438785553			2590,625	3,88443851470947	2590,625	-0,304588109254837					2590,625	-0,395801365375519	
		2593,75	2,19765067100525	2593,75	0,0267154257744551					2593,75	0,0132877742871642			2593,75	3,87616729736328	2593,75	-0,302242636680603					2593,75	-0,393611460924149	
		2596,875	2,16874766349792	2596,875	0,0246786661446095					2596,875	0,0110710235312581			2596,875	3,8848557472229	2596,875	-0,301524251699448					2596,875	-0,393027752637863	
		2600	2,17612338066101	2600	0,0256916657090187					2600	0,0123366732150316			2600	3,83926391601563	2600	-0,299402445554733					2600	-0,391047179698944	
		2603,125	2,18840742111206	2603,125	0,0256584379822016					2603,125	0,0123069230467081			2603,125	3,82681918144226	2603,125	-0,296547591686249					2603,125	-0,388502389192581	
		2606,25	2,16589617729187	2606,25	0,0268121547996998					2606,25	0,0132962446659803			2606,25	3,79050207138062	2606,25	-0,29615131020546					2606,25	-0,388359129428864	
		2609,375	2,14227676391602	2609,375	0,0247351974248886					2609,375	0,0112812742590904			2609,375	3,81345987319946	2609,375	-0,29368868470192					2609,375	-0,386182844638824	
		2612,5	2,16012644767761	2612,5	0,0251982863992453					2612,5	0,0118079110980034			2612,5	3,8135769367218	2612,5	-0,292351871728897					2612,5	-0,385087430477142	
		2615,625	2,17400002479553	2615,625	0,0264149475842714					2615,625	0,0129466680809855			2615,625	3,81764364242554	2615,625	-0,289456427097321					2615,625	-0,382027387619019	
		2618,75	2,13905620574951	2618,75	0,0247702747583389					2618,75	0,0112332589924335			2618,75	3,84109687805176	2618,75	-0,288905560970306					2618,75	-0,381695985794067	
		2621,875	2,16670227050781	2621,875	0,0259657874703407					2621,875	0,0125999776646495			2621,875	3,80716872215271	2621,875	-0,286746442317963					2621,875	-0,379786312580109	
		2625	2,13662052154541	2625	0,0277526546269655					2625	0,0143798943608999			2625	3,76248121261597	2625	-0,285767048597336					2625	-0,379038691520691	
		2628,125	2,12877321243286	2628,125	0,026425376534462					2628,125	0,0130026545375586			2628,125	3,77753496170044	2628,125	-0,283174782991409					2628,125	-0,376839876174927	
		2631,25	2,16232967376709	2631,25	0,0264179725199938					2631,25	0,0131513783708215			2631,25	3,76949334144592	2631,25	-0,280615597963333					2631,25	-0,374366044998169	
		2634,375	2,14465618133545	2634,375	0,0282016340643168					2634,375	0,0149075798690319			2634,375	3,73064804077148	2634,375	-0,280495405197144					2634,375	-0,374410808086395	
		2637,5	2,15973591804504	2637,5	0,0288498401641846					2637,5	0,0153164612129331			2637,5	3,76707363128662	2637,5	-0,276780098676682					2637,5	-0,370884150266647	
		2640,625	2,15209937095642	2640,625	0,0272185113281012					2640,625	0,013657471165061			2640,625	3,77014183998108	2640,625	-0,276111453771591					2640,625	-0,370438665151596	
		2643,75	2,13358736038208	2643,75	0,0259139034897089					2643,75	0,012473002076149			2643,75	3,80732083320618	2643,75	-0,274488151073456					2643,75	-0,369034260511398	
		2646,875	2,09258532524109	2646,875	0,0253121573477983					2646,875	0,0118759162724018			2646,875	3,80120587348938	2646,875	-0,275806695222855					2646,875	-0,370438784360886	
		2650	2,18218755722046	2650	0,024924723431468					2650	0,0115018589422107			2650	3,82961392402649	2650	-0,26754891872406					2650	-0,362551599740982	
		2653,125	2,14141893386841	2653,125	0,0258707981556654					2653,125	0,0125684607774019			2653,125	3,78418326377869	2653,125	-0,268880009651184					2653,125	-0,364270389080048	
		2656,25	2,1279776096344	2656,25	0,0244017168879509					2656,25	0,0108955902978778			2656,25	3,82606935501099	2656,25	-0,267363518476486					2656,25	-0,362679302692413	
		2659,375	2,14697742462158	2659,375	0,0259041469544172					2659,375	0,0123626431450248			2659,375	3,82205128669739	2659,375	-0,265054494142532					2659,375	-0,360439568758011	
		2662,5	2,14209198951721	2662,5	0,0264231469482183					2662,5	0,0131040653213859			2662,5	3,78160977363586	2662,5	-0,264947414398193					2662,5	-0,36076620221138	
		2665,625	2,15712976455688	2665,625	0,0260011106729507					2665,625	0,0125612774863839			2665,625	3,77250576019287	2665,625	-0,261874407529831					2665,625	-0,358021348714828	
		2668,75	2,16989517211914	2668,75	0,0294890124350786					2668,75	0,0158776938915253			2668,75	3,7261688709259	2668,75	-0,260109215974808					2668,75	-0,356344193220139	
		2671,875	2,15078949928284	2671,875	0,0269006192684174					2671,875	0,013413492590189			2671,875	3,75558304786682	2671,875	-0,259227007627487					2671,875	-0,355357825756073	
		2675	2,13844442367554	2675	0,0253577623516321					2675	0,0119410902261734			2675	3,75031447410584	2675	-0,2580806016922					2675	-0,354435175657272	
		2678,125	2,12652373313904	2678,125	0,0251402202993631					2678,125	0,0116675598546863			2678,125	3,72584939002991	2678,125	-0,256478667259216					2678,125	-0,353269696235657	
		2681,25	2,12545228004456	2681,25	0,0250468961894512					2681,25	0,0109412325546145			2681,25	3,74336552619934	2681,25	-0,254180073738098					2681,25	-0,351014643907547	
		2684,375	2,14174485206604	2684,375	0,0244709216058254					2684,375	0,010710246860981			2684,375	3,76435422897339	2684,375	-0,250930696725845					2684,375	-0,347638040781021	
		2687,5	2,11692070960999	2687,5	0,0247307401150465					2687,5	0,0113384835422039			2687,5	3,72531151771545	2687,5	-0,252051115036011					2687,5	-0,349105477333069	
		2690,625	2,15228676795959	2690,625	0,0251110158860683					2690,625	0,0116018019616604			2690,625	3,73375415802002	2690,625	-0,246934026479721					2690,625	-0,34443473815918	
		2693,75	2,10852599143982	2693,75	0,0244163610041142					2693,75	0,0107614742591977			2693,75	3,71954154968262	2693,75	-0,247380629181862					2693,75	-0,345106035470963	
		2696,875	2,11577010154724	2696,875	0,0263817496597767					2696,875	0,0123887239024043			2696,875	3,70258951187134	2696,875	-0,243958309292793					2696,875	-0,341697335243225	
		2700	2,11266446113586	2700	0,0261940583586693					2700	0,012525693513453			2700	3,69449710845947	2700	-0,24394990503788					2700	-0,341702699661255	
		2703,125	2,12502121925354	2703,125	0,0261479802429676					2703,125	0,0123592857271433			2703,125	3,70048666000366	2703,125	-0,241007193922997					2703,125	-0,339010119438171	
		2706,25	2,12937712669373	2706,25	0,0277718883007765					2706,25	0,0140709485858679			2706,25	3,67816853523254	2706,25	-0,239672869443893					2706,25	-0,337858378887177	
		2709,375	2,11715841293335	2709,375	0,0269108340144157					2709,375	0,013249235227704			2709,375	3,691486120224	2709,375	-0,237989768385887					2709,375	-0,336728721857071	
		2712,5	2,08787417411804	2712,5	0,0249384082853794					2712,5	0,0111650135368109			2712,5	3,69959425926209	2712,5	-0,237656086683273					2712,5	-0,33666867017746	
		2715,625	2,11722421646118	2715,625	0,0248719099909067					2715,625	0,0114446226507425			2715,625	3,69767260551453	2715,625	-0,235102772712708					2715,625	-0,334087729454041	
		2718,75	2,1323664188385	2718,75	0,0268534012138844					2718,75	0,0130425253883004			2718,75	3,67924451828003	2718,75	-0,233313620090485					2718,75	-0,332472234964371	
		2721,875	2,12652683258057	2721,875	0,0278185233473778					2721,875	0,014029729180038			2721,875	3,66129279136658	2721,875	-0,231380343437195					2721,875	-0,330987393856049	
		2725	2,10946249961853	2725	0,0249979980289936					2725	0,01189024746418			2725	3,68149971961975	2725	-0,229609727859497					2725	-0,329165518283844	
		2728,125	2,10089087486267	2728,125	0,0243313014507294					2728,125	0,0107328649610281			2728,125	3,70829248428345	2728,125	-0,22556109726429					2728,125	-0,325235486030579	
		2731,25	2,10377430915833	2731,25	0,0258031003177166					2731,25	0,0119668692350388			2731,25	3,69173192977905	2731,25	-0,226028919219971					2731,25	-0,325848251581192	
		2734,375	2,11327171325684	2734,375	0,0270422007888556					2734,375	0,0135256135836244			2734,375	3,65480446815491	2734,375	-0,224869847297668					2734,375	-0,325093954801559	
		2737,5	2,11697268486023	2737,5	0,0281094424426556					2737,5	0,0142905414104462			2737,5	3,66080069541931	2737,5	-0,2225491553545					2737,5	-0,322708427906036	
		2740,625	2,08641386032104	2740,625	0,0275876484811306					2740,625	0,0136064710095525			2740,625	3,66486167907715	2740,625	-0,222228288650513					2740,625	-0,322729766368866	
		2743,75	2,07567739486694	2743,75	0,0241847764700651					2743,75	0,0104967942461371			2743,75	3,69352841377258	2743,75	-0,220974683761597					2743,75	-0,321587592363358	
		2746,875	2,08536672592163	2746,875	0,0256995633244514					2746,875	0,0115628289058805			2746,875	3,66143012046814	2746,875	-0,218214720487595					2746,875	-0,319098234176636	
		2750	2,10003185272217	2750	0,0296513140201569					2750	0,0153239639475942			2750	3,63505482673645	2750	-0,215478137135506					2750	-0,316183000802994	
		2753,125	2,07803511619568	2753,125	0,0281332843005657					2753,125	0,0139057915657759			2753,125	3,65881729125977	2753,125	-0,215646296739578					2753,125	-0,317041516304016	
		2756,25	2,11203598976135	2756,25	0,0261763911694288					2756,25	0,012183285318315			2756,25	3,66765642166138	2756,25	-0,209847912192345					2756,25	-0,311850905418396	
		2759,375	2,08676218986511	2759,375	0,0263293068856001					2759,375	0,0122833894565701			2759,375	3,65207815170288	2759,375	-0,210293769836426					2759,375	-0,312264055013657	
		2762,5	2,09944629669189	2762,5	0,0286412034183741					2762,5	0,0147331152111292			2762,5	3,64175319671631	2762,5	-0,208762511610985					2762,5	-0,310769379138947	
		2765,625	2,07654452323914	2765,625	0,0279991943389177					2765,625	0,0143385231494904			2765,625	3,63921046257019	2765,625	-0,209138467907906					2765,625	-0,310829311609268	
		2768,75	2,07043600082397	2768,75	0,0243633911013603					2768,75	0,0107124652713537			2768,75	3,67236661911011	2768,75	-0,206437334418297					2768,75	-0,308511555194855	
		2771,875	2,0973424911499	2771,875	0,0266144741326571					2771,875	0,0126975001767278			2771,875	3,6434018611908	2771,875	-0,202286317944527					2771,875	-0,305187851190567	
		2775	2,09522557258606	2775	0,0283282548189163					2775	0,0149417538195848			2775	3,64847922325134	2775	-0,20112931728363					2775	-0,303544610738754	
		2778,125	2,09564018249512	2778,125	0,0290046650916338					2778,125	0,0154979564249516			2778,125	3,63048267364502	2778,125	-0,200487613677979					2778,125	-0,303253918886185	
		2781,25	2,09165000915527	2781,25	0,0282948650419712					2781,25	0,0142859425395727			2781,25	3,64003300666809	2781,25	-0,19723653793335					2781,25	-0,30021396279335	
		2784,375	2,08374285697937	2784,375	0,0300927516072989					2784,375	0,0158187784254551			2784,375	3,61622047424316	2784,375	-0,196890592575073					2784,375	-0,299898684024811	
		2787,5	2,09807515144348	2787,5	0,0318730212748051					2787,5	0,0177805498242378			2787,5	3,59236788749695	2787,5	-0,194819331169128					2787,5	-0,298252493143082	
		2790,625	2,10505390167236	2790,625	0,0299429669976234					2790,625	0,0160116143524647			2790,625	3,61939716339111	2790,625	-0,192482724785805					2790,625	-0,295841246843338	
		2793,75	2,08880925178528	2793,75	0,0298250317573547					2793,75	0,0158461406826973			2793,75	3,61531972885132	2793,75	-0,191965147852898					2793,75	-0,295509696006775	
		2796,875	2,07815527915955	2796,875	0,0292264111340046					2796,875	0,0151588842272758			2796,875	3,61492443084717	2796,875	-0,190562725067139					2796,875	-0,294554024934769	
		2800	2,07850885391235	2800	0,0275088623166084					2800	0,0135054299607873			2800	3,62089133262634	2800	-0,18951541185379					2800	-0,294422835111618	
		2803,125	2,05339360237122	2803,125	0,0244921278208494					2803,125	0,0104705458506942			2803,125	3,63906931877136	2803,125	-0,188466727733612					2803,125	-0,29352480173111	
		2806,25	2,09260773658752	2806,25	0,0304062888026237					2806,25	0,0164541509002447			2806,25	3,61574697494507	2806,25	-0,186058282852173					2806,25	-0,290901750326157	
		2809,375	2,07277989387512	2809,375	0,0278303399682045					2809,375	0,0137075809761882			2809,375	3,60883617401123	2809,375	-0,186537444591522					2809,375	-0,291659623384476	
		2812,5	2,08068346977234	2812,5	0,0264694020152092					2812,5	0,0118423346430063			2812,5	3,62323331832886	2812,5	-0,181023880839348					2812,5	-0,286275148391724	
		2815,625	2,08403944969177	2815,625	0,0289005544036627					2815,625	0,0143188545480371			2815,625	3,60894441604614	2815,625	-0,177694350481033					2815,625	-0,283208638429642	
		2818,75	2,08485150337219	2818,75	0,0314568355679512					2818,75	0,0170910432934761			2818,75	3,59065079689026	2818,75	-0,177598565816879					2818,75	-0,283012300729752	
		2821,875	2,09021997451782	2821,875	0,0316877812147141					2821,875	0,0170595105737448			2821,875	3,59687185287476	2821,875	-0,17631359398365					2821,875	-0,281643331050873	
		2825	2,08586573600769	2825	0,0332727059721947					2825	0,0194407664239407			2825	3,56965804100037	2825	-0,177892848849297					2825	-0,283149391412735	
		2828,125	2,07483911514282	2828,125	0,0327624008059502					2828,125	0,0184215754270554			2828,125	3,57002520561218	2828,125	-0,175901979207993					2828,125	-0,281196355819702	
		2831,25	2,09664130210876	2831,25	0,033581055700779					2831,25	0,0183771159499884			2831,25	3,59885954856873	2831,25	-0,168949767947197					2831,25	-0,274425625801086	
		2834,375	2,09714078903198	2834,375	0,0344279333949089					2834,375	0,0196259059011936			2834,375	3,56609153747559	2834,375	-0,169709056615829					2834,375	-0,275693714618683	
		2837,5	2,08283805847168	2837,5	0,030915355309844					2837,5	0,0159923862665892			2837,5	3,60125923156738	2837,5	-0,168187037110329					2837,5	-0,274047404527664	
		2840,625	2,08229541778564	2840,625	0,0306920316070318					2840,625	0,0159876756370068			2840,625	3,58944988250732	2840,625	-0,167788296937943					2840,625	-0,273826628923416	
		2843,75	2,08559989929199	2843,75	0,034702479839325					2843,75	0,0199156850576401			2843,75	3,54521131515503	2843,75	-0,167224213480949					2843,75	-0,273172825574875	
		2846,875	2,10390853881836	2846,875	0,0357929654419422					2846,875	0,0208871383219957			2846,875	3,57027721405029	2846,875	-0,16231133043766					2846,875	-0,268284887075424	
		2850	2,09707760810852	2850	0,0354755073785782					2850	0,020552683621645			2850	3,54414677619934	2850	-0,163328260183334					2850	-0,269745528697968	
		2853,125	2,10207796096802	2853,125	0,0358924567699432					2853,125	0,0212330110371113			2853,125	3,52016425132751	2853,125	-0,162198394536972					2853,125	-0,268795490264893	
		2856,25	2,088707447052	2856,25	0,0345111861824989					2856,25	0,0194329656660557			2856,25	3,53256225585938	2856,25	-0,161329969763756					2856,25	-0,267702996730804	
		2859,375	2,09834504127502	2859,375	0,0380204431712627					2859,375	0,0225017089396715			2859,375	3,51703763008118	2859,375	-0,159253627061844					2859,375	-0,26584604382515	
		2862,5	2,10052633285522	2862,5	0,0363671816885471					2862,5	0,0213712397962809			2862,5	3,52467203140259	2862,5	-0,157953202724457					2862,5	-0,264944225549698	
		2865,625	2,1258533000946	2865,625	0,0369505695998669					2865,625	0,0222345050424337			2865,625	3,51648497581482	2865,625	-0,155665144324303					2865,625	-0,262658685445786	
		2868,75	2,10826420783997	2868,75	0,0357036255300045					2868,75	0,0211376063525677			2868,75	3,509596824646	2868,75	-0,156403794884682					2868,75	-0,263371527194977	
		2871,875	2,08671641349792	2871,875	0,0331793390214443					2871,875	0,0185101479291916			2871,875	3,51568746566772	2871,875	-0,154814824461937					2871,875	-0,261931866407394	
		2875	2,10181975364685	2875	0,0358973667025566					2875	0,0207780189812183			2875	3,49802350997925	2875	-0,152113497257233					2875	-0,259142160415649	
		2878,125	2,09784770011902	2878,125	0,0360893197357655					2878,125	0,0213191919028759			2878,125	3,48870849609375	2878,125	-0,151061207056046					2878,125	-0,258415669202805	
		2881,25	2,10172414779663	2881,25	0,0354925058782101					2881,25	0,0209889002144337			2881,25	3,49169373512268	2881,25	-0,150088742375374					2881,25	-0,257274955511093	
		2884,375	2,10403895378113	2884,375	0,0360672064125538					2884,375	0,0217420812696218			2884,375	3,4801037311554	2884,375	-0,148738235235214					2884,375	-0,255992859601974	
		2887,5	2,08890986442566	2887,5	0,0348803251981735					2887,5	0,0207704361528158			2887,5	3,47865962982178	2887,5	-0,147719755768776					2887,5	-0,255132406949997	
		2890,625	2,09536170959473	2890,625	0,0335697494447231					2890,625	0,0192033536732197			2890,625	3,49545550346375	2890,625	-0,144449472427368					2890,625	-0,25187087059021	
		2893,75	2,09190940856934	2893,75	0,0337833650410175					2893,75	0,0193852055817842			2893,75	3,47751903533936	2893,75	-0,144159436225891					2893,75	-0,251459807157516	
		2896,875	2,09810566902161	2896,875	0,0350543819367886					2896,875	0,0208711996674538			2896,875	3,45550918579102	2896,875	-0,143615856766701					2896,875	-0,251257479190826	
		2900	2,09133815765381	2900	0,0346969775855541					2900	0,0200873892754316			2900	3,44699716567993	2900	-0,142493173480034					2900	-0,250628441572189	
		2903,125	2,0867714881897	2903,125	0,0344838052988052					2903,125	0,019899521023035			2903,125	3,42776107788086	2903,125	-0,139971673488617					2903,125	-0,248482584953308	
		2906,25	2,10313129425049	2906,25	0,0367136597633362					2906,25	0,0222682263702154			2906,25	3,40898108482361	2906,25	-0,137796401977539					2906,25	-0,246050074696541	
		2909,375	2,09613728523254	2909,375	0,035432506352663					2909,375	0,0211628954857588			2909,375	3,42159676551819	2909,375	-0,137397199869156					2909,375	-0,245872482657433	
		2912,5	2,09872150421143	2912,5	0,0374873504042625					2912,5	0,0235939640551806			2912,5	3,39484572410584	2912,5	-0,137179583311081					2912,5	-0,245596289634705	
		2915,625	2,11581993103027	2915,625	0,036659948527813					2915,625	0,0225352048873901			2915,625	3,387526512146	2915,625	-0,133193105459213					2915,625	-0,241853162646294	
		2918,75	2,10931921005249	2918,75	0,0358025021851063					2918,75	0,0218262784183025			2918,75	3,38765478134155	2918,75	-0,131211385130882					2918,75	-0,240284964442253	
		2921,875	2,07430195808411	2921,875	0,034550815820694					2921,875	0,020557951182127			2921,875	3,38138914108276	2921,875	-0,132676377892494					2921,875	-0,241877555847168	
		2925	2,07000970840454	2925	0,0320478901267052					2925	0,0180536471307278			2925	3,38651299476624	2925	-0,130345359444618					2925	-0,23928028345108	
		2928,125	2,08852601051331	2928,125	0,0352593772113323					2928,125	0,0212565921247005			2928,125	3,3480486869812	2928,125	-0,128839299082756					2928,125	-0,23820324242115	
		2931,25	2,09585881233215	2931,25	0,0369803123176098					2931,25	0,0227320585399866			2931,25	3,33483171463013	2931,25	-0,126235216856003					2931,25	-0,236213445663452	
		2934,375	2,07083010673523	2934,375	0,0343440361320972					2934,375	0,0204875953495502			2934,375	3,34692764282227	2934,375	-0,125051647424698					2934,375	-0,23504051566124	
		2937,5	2,06743264198303	2937,5	0,0342004895210266					2937,5	0,0204198826104403			2937,5	3,3410747051239	2937,5	-0,123113453388214					2937,5	-0,23315018415451	
		2940,625	2,06730031967163	2940,625	0,0363606177270412					2940,625	0,0226698163896799			2940,625	3,30976295471191	2940,625	-0,12232581526041					2940,625	-0,23255529999733	
		2943,75	2,07143187522888	2943,75	0,0370153188705444					2943,75	0,0230496805161238			2943,75	3,29381895065308	2943,75	-0,120753824710846					2943,75	-0,230723366141319	
		2946,875	2,08411598205566	2946,875	0,0341996997594833					2946,875	0,0202964823693037			2946,875	3,31816864013672	2946,875	-0,117325030267239					2946,875	-0,227739185094833	
		2950	2,06970572471619	2950	0,0342138782143593					2950	0,0204331986606121			2950	3,3039755821228	2950	-0,117541380226612					2950	-0,228124842047691	
		2953,125	2,0711464881897	2953,125	0,0345442742109299					2953,125	0,0206403527408838			2953,125	3,2892804145813	2953,125	-0,114717297255993					2953,125	-0,22565758228302	
		2956,25	2,04384231567383	2956,25	0,0322405807673931					2956,25	0,0181820243597031			2956,25	3,29498386383057	2956,25	-0,114723026752472					2956,25	-0,225587323307991	
		2959,375	2,03600764274597	2959,375	0,0323232859373093					2959,375	0,0184911973774433			2959,375	3,29448461532593	2959,375	-0,11194059252739					2959,375	-0,222409635782242	
		2962,5	2,06383347511292	2962,5	0,0346724614500999					2962,5	0,020667428150773			2962,5	3,26047015190125	2962,5	-0,109835796058178					2962,5	-0,220767125487328	
		2965,625	2,04794025421143	2965,625	0,0337429121136665					2965,625	0,0197598524391651			2965,625	3,26484370231628	2965,625	-0,108966954052448					2965,625	-0,21992826461792	
		2968,75	2,02684307098389	2968,75	0,0327709876000881					2968,75	0,0185389220714569			2968,75	3,27019715309143	2968,75	-0,106367088854313					2968,75	-0,217781692743301	
		2971,875	2,02910447120667	2971,875	0,0317357033491135					2971,875	0,0176913514733315			2971,875	3,2590320110321	2971,875	-0,104116633534431					2971,875	-0,215808629989624	
		2975	2,0170910358429	2975	0,0333182811737061					2975	0,0189612917602062			2975	3,24051570892334	2975	-0,103720992803574					2975	-0,215700149536133	
		2978,125	2,0159969329834	2978,125	0,0324414931237698					2978,125	0,0185179747641087			2978,125	3,24226808547974	2978,125	-0,101677693426609					2978,125	-0,213873758912086	
		2981,25	2,01767992973328	2981,25	0,0352385267615318					2981,25	0,0210612080991268			2981,25	3,21736454963684	2981,25	-0,0993528589606285					2981,25	-0,211810290813446	
		2984,375	2,00515294075012	2984,375	0,0334367044270039					2984,375	0,0192840937525034			2984,375	3,22634601593018	2984,375	-0,0974385961890221					2984,375	-0,210299044847488	
		2987,5	1,99551618099213	2987,5	0,0335067845880985					2987,5	0,0190511327236891			2987,5	3,22069334983826	2987,5	-0,095639742910862					2987,5	-0,209192991256714	
		2990,625	2,00621008872986	2990,625	0,0351350493729115					2990,625	0,0212336052209139			2990,625	3,20857191085815	2990,625	-0,0937027558684349					2990,625	-0,206847593188286	
		2993,75	1,98164689540863	2993,75	0,0349449478089809					2993,75	0,0204535573720932			2993,75	3,18678975105286	2993,75	-0,0923802107572556					2993,75	-0,207118660211563	
		2996,875	1,97612249851227	2996,875	0,0343964472413063					2996,875	0,0204607900232077			2996,875	3,18809390068054	2996,875	-0,0914052352309227					2996,875	-0,205486387014389	
		3000	2,01054692268372	3000	0,0360644981265068					3000	0,022295705974102			3000	3,18255639076233	3000	-0,0859501212835312					3000	-0,200551450252533	
		3003,125	1,97507560253143	3003,125	0,0313645526766777					3003,125	0,0175751149654388			3003,125	3,20003986358643	3003,125	-0,0867588147521019					3003,125	-0,200699761509895	
		3006,25	1,96828746795654	3006,25	0,032949548214674					3006,25	0,0190712455660105			3006,25	3,18490934371948	3006,25	-0,0848773494362831					3006,25	-0,198746681213379	
		3009,375	1,9703688621521	3009,375	0,0350002720952034					3009,375	0,0213895700871944			3009,375	3,16039538383484	3009,375	-0,0834120661020279					3009,375	-0,197890162467957	
		3012,5	1,98551225662231	3012,5	0,0355134233832359					3012,5	0,0225265137851238			3012,5	3,16455674171448	3012,5	-0,0815902426838875					3012,5	-0,196163147687912	
		3015,625	1,98382878303528	3015,625	0,0331811830401421					3015,625	0,0199774671345949			3015,625	3,18171811103821	3015,625	-0,0781300067901611					3015,625	-0,19226185977459	
		3018,75	1,95186948776245	3018,75	0,032325241714716					3018,75	0,0197253320366144			3018,75	3,16750574111938	3018,75	-0,0788346081972122					3018,75	-0,193570971488953	
		3021,875	1,97735202312469	3021,875	0,0344301760196686					3021,875	0,0236627925187349			3021,875	3,14016318321228	3021,875	-0,0747871100902557					3021,875	-0,189076021313667	
		3025	1,96568369865417	3025	0,0353340990841389					3025	0,0220430828630924			3025	3,14880776405334	3025	-0,0733665004372597					3025	-0,187504038214684	
		3028,125	1,94777882099152	3028,125	0,0355506278574467					3028,125	0,0222181901335716			3028,125	3,14167523384094	3028,125	-0,0729580000042915					3028,125	-0,187118142843246	
		3031,25	1,94822311401367	3031,25	0,0321527495980263					3031,25	0,0189182329922915			3031,25	3,16571116447449	3031,25	-0,0699425488710403					3031,25	-0,183732151985168	
		3034,375	1,9520058631897	3034,375	0,0362296253442764					3034,375	0,0228775218129158			3034,375	3,12174606323242	3034,375	-0,0714253485202789					3034,375	-0,185463830828667	
		3037,5	1,98739445209503	3037,5	0,0355425290763378					3037,5	0,02177844196558			3037,5	3,14184260368347	3037,5	-0,0649563744664192					3037,5	-0,178946033120155	
		3040,625	1,96815729141235	3040,625	0,0355647541582584					3040,625	0,0216434076428413			3040,625	3,10404682159424	3040,625	-0,0648340731859207					3040,625	-0,179122045636177	
		3043,75	1,93874859809875	3043,75	0,0361221618950367					3043,75	0,0219940487295389			3043,75	3,0902624130249	3043,75	-0,0646726340055466					3043,75	-0,179143488407135	
		3046,875	1,93274354934692	3046,875	0,03398222848773					3046,875	0,0200520399957895			3046,875	3,10712361335754	3046,875	-0,0621167458593845					3046,875	-0,176352635025978	
		3050	1,95834994316101	3050	0,0370429754257202					3050	0,0236437954008579			3050	3,06616282463074	3050	-0,0602974221110344					3050	-0,174950987100601	
		3053,125	1,94322752952576	3053,125	0,0364334136247635					3053,125	0,0226512774825096			3053,125	3,07531094551086	3053,125	-0,0575942993164063					3053,125	-0,172354012727737	
		3056,25	1,9377121925354	3056,25	0,0360551401972771					3056,25	0,0221042595803738			3056,25	3,05198884010315	3056,25	-0,0548257119953632					3056,25	-0,170279622077942	
		3059,375	1,92657613754272	3059,375	0,0344211012125015					3059,375	0,0206679906696081			3059,375	3,06696534156799	3059,375	-0,0538350827991962					3059,375	-0,16922515630722	
		3062,5	1,91541731357574	3062,5	0,0354862660169601					3062,5	0,0217100754380226			3062,5	3,06085109710693	3062,5	-0,0526109896600246					3062,5	-0,167571291327477	
		3065,625	1,89529657363892	3065,625	0,0366985313594341					3065,625	0,0228464864194393			3065,625	3,03715562820435	3065,625	-0,0520841293036938					3065,625	-0,167207956314087	
		3068,75	1,90402495861053	3068,75	0,0367368794977665					3068,75	0,0229843370616436			3068,75	3,02387428283691	3068,75	-0,0491837672889233					3068,75	-0,164745092391968	
		3071,875	1,8885577917099	3071,875	0,0370522662997246					3071,875	0,0233273077756166			3071,875	3,0102972984314	3071,875	-0,0484782643616199					3071,875	-0,163923427462578	
		3075	1,88899827003479	3075	0,0370456464588642					3075	0,0230648424476385			3075	3,02898240089417	3075	-0,0457358323037624					3075	-0,161053285002708	
		3078,125	1,90100455284119	3078,125	0,0388966836035252					3078,125	0,0249869506806135			3078,125	3,00949358940125	3078,125	-0,0441645607352257					3078,125	-0,159910768270493	
		3081,25	1,90409076213837	3081,25	0,0398603565990925					3081,25	0,0258403569459915			3081,25	3,00340509414673	3081,25	-0,0416375659406185					3081,25	-0,157494202256203	
		3084,375	1,89404571056366	3084,375	0,0384871475398541					3084,375	0,0244937427341938			3084,375	2,98981976509094	3084,375	-0,0409025736153126					3084,375	-0,156892895698547	
		3087,5	1,8636839389801	3087,5	0,0386135615408421					3087,5	0,0240999516099691			3087,5	2,98190712928772	3087,5	-0,0399621017277241					3087,5	-0,155830904841423	
		3090,625	1,84317183494568	3090,625	0,0363042913377285					3090,625	0,021768543869257			3090,625	2,99183773994446	3090,625	-0,0375562086701393					3090,625	-0,154109999537468	
		3093,75	1,84491384029388	3093,75	0,0369743779301643					3093,75	0,0226447917521			3093,75	3,00828814506531	3093,75	-0,0351605825126171					3093,75	-0,150985315442085	
		3096,875	1,8432605266571	3096,875	0,0381024032831192					3096,875	0,0241847857832909			3096,875	2,97933578491211	3096,875	-0,0365078672766685					3096,875	-0,151900395750999	
		3100	1,86427009105682	3100	0,0397365540266037					3100	0,0256594456732273			3100	2,94812226295471	3100	-0,0312510617077351					3100	-0,147507965564728	
		3103,125	1,84005653858185	3103,125	0,039362259209156					3103,125	0,0255091339349747			3103,125	2,93275022506714	3103,125	-0,0297262407839298					3103,125	-0,146884724497795	
		3106,25	1,83222913742065	3106,25	0,0408397987484932					3106,25	0,0264163818210363			3106,25	2,93700551986694	3106,25	-0,0263843350112438					3106,25	-0,142562434077263	
		3109,375	1,85452377796173	3109,375	0,0407260917127132					3109,375	0,0272291041910648			3109,375	2,93176698684692	3109,375	-0,0251444354653358					3109,375	-0,141547411680222	
		3112,5	1,81895339488983	3112,5	0,0392865017056465					3112,5	0,0259030051529408			3112,5	2,93709921836853	3112,5	-0,0261690467596054					3112,5	-0,142450749874115	
		3115,625	1,79016590118408	3115,625	0,0412902496755123					3115,625	0,0277251433581114			3115,625	2,91204524040222	3115,625	-0,0247939191758633					3115,625	-0,141181007027626	
		3118,75	1,79092824459076	3118,75	0,0397645197808743					3118,75	0,0267758425325155			3118,75	2,92216944694519	3118,75	-0,0226589534431696					3118,75	-0,139096230268478	
		3121,875	1,76182234287262	3121,875	0,0368735007941723					3121,875	0,0230795722454786			3121,875	2,92358732223511	3121,875	-0,0220499206334352					3121,875	-0,139782562851906	
		3125	1,79220843315125	3125	0,0417456887662411					3125	0,0273150578141212			3125	2,92670583724976	3125	-0,0177968386560678					3125	-0,133510187268257	
		3128,125	1,7706116437912	3128,125	0,0414672121405602					3128,125	0,0270679406821728			3128,125	2,91200375556946	3128,125	-0,0196438059210777					3128,125	-0,135151952505112	
		3131,25	1,76540303230286	3131,25	0,0425053797662258					3131,25	0,0279181972146034			3131,25	2,90641117095947	3131,25	-0,0169889368116856					3131,25	-0,133319288492203	
		3134,375	1,74586415290833	3134,375	0,0435460023581982					3134,375	0,0299592651426792			3134,375	2,89381980895996	3134,375	-0,0135339591652155					3134,375	-0,130072385072708	
		3137,5	1,7427521944046	3137,5	0,0443947166204453					3137,5	0,0314969383180141			3137,5	2,87957429885864	3137,5	-0,0131303872913122					3137,5	-0,130049228668213	
		3140,625	1,73561537265778	3140,625	0,0436122305691242					3140,625	0,0306532084941864			3140,625	2,88231873512268	3140,625	-0,0117642106488347					3140,625	-0,128140911459923	
		3143,75	1,70449864864349	3143,75	0,0443020947277546					3143,75	0,0306796468794346			3143,75	2,87650108337402	3143,75	-0,012838339433074					3143,75	-0,128920286893845	
		3146,875	1,72206556797028	3146,875	0,045554056763649					3146,875	0,0316209457814693			3146,875	2,85356760025024	3146,875	-0,00962739996612072					3146,875	-0,125723794102669	
		3150	1,72026681900024	3150	0,0462300553917885					3150	0,0330229327082634			3150	2,85218143463135	3150	-0,00838155299425125					3150	-0,124115087091923	
		3153,125	1,7190568447113	3153,125	0,0447684340178967					3153,125	0,0310833435505629			3153,125	2,85106468200684	3153,125	-0,00901070702821016					3153,125	-0,124961405992508	
		3156,25	1,71034383773804	3156,25	0,0449375472962856					3156,25	0,0315642952919006			3156,25	2,85315608978271	3156,25	-0,00698091369122267					3156,25	-0,123560070991516	
		3159,375	1,69542860984802	3159,375	0,0453033111989498					3159,375	0,0310945566743612			3159,375	2,83263206481934	3159,375	-0,00356707093305886					3159,375	-0,120480947196484	
		3162,5	1,68872022628784	3162,5	0,0519433058798313					3162,5	0,0374706983566284			3162,5	2,81212759017944	3162,5	-0,000687361811287701					3162,5	-0,11630417406559	
		3165,625	1,68178737163544	3165,625	0,0518951043486595					3165,625	0,0375828184187412			3165,625	2,8124406337738	3165,625	-0,00163071369752288					3165,625	-0,1173480078578	
		3168,75	1,66043770313263	3168,75	0,0485645234584808					3168,75	0,0343970842659473			3168,75	2,80787897109985	3168,75	-0,00326000899076462					3168,75	-0,120395630598068	
		3171,875	1,66169452667236	3171,875	0,0515332370996475					3171,875	0,0380378104746342			3171,875	2,80722665786743	3171,875	-0,0014576722169295					3171,875	-0,117501735687256	
		3175	1,66454565525055	3175	0,0484111905097961					3175	0,035291064530611			3175	2,80500841140747	3175	0,00479871314018965					3175	-0,111903160810471	
		3178,125	1,66856741905212	3178,125	0,0472598522901535					3178,125	0,0335955172777176			3178,125	2,80332827568054	3178,125	0,00944137945771217					3178,125	-0,107201941311359	
		3181,25	1,61942648887634	3181,25	0,0485720038414001					3181,25	0,0356247201561928			3181,25	2,80223798751831	3181,25	0,00559421954676509					3181,25	-0,108635768294334	
		3184,375	1,59033405780792	3184,375	0,0509063191711903					3184,375	0,0408094599843025			3184,375	2,81222152709961	3184,375	0,000590688665397465					3184,375	-0,113817110657692	
		3187,5	1,59822380542755	3187,5	0,0458128899335861					3187,5	0,0337693803012371			3187,5	2,82223510742188	3187,5	0,000949612818658352					3187,5	-0,116159379482269	
		3190,625	1,6007524728775	3190,625	0,0503465086221695					3190,625	0,0379659384489059			3190,625	2,78645133972168	3190,625	0,00373662682250142					3190,625	-0,111450627446175	
		3193,75	1,58368945121765	3193,75	0,0521999225020409					3193,75	0,0405932143330574			3193,75	2,77236437797546	3193,75	0,0034012368414551					3193,75	-0,111989170312881	
		3196,875	1,58724975585938	3196,875	0,0490326285362244					3196,875	0,03615627810359			3196,875	2,79543948173523	3196,875	0,0102743171155453					3196,875	-0,104836121201515	
		3200	1,55911028385162	3200	0,0423093885183334					3200	0,0311110205948353			3200	2,79700398445129	3200	0,00437464425340295					3200	-0,111135385930538	
		3203,125	1,55537021160126	3203,125	0,0465985871851444					3203,125	0,0343052670359612			3203,125	2,78912830352783	3203,125	0,0110445525497198					3203,125	-0,105337008833885	
		3206,25	1,55857610702515	3206,25	0,0481734089553356					3206,25	0,0352591201663017			3206,25	2,78984832763672	3206,25	0,0121931238099933					3206,25	-0,105754859745502	
		3209,375	1,54457271099091	3209,375	0,047334399074316					3209,375	0,0346113257110119			3209,375	2,77566766738892	3209,375	0,0135581931099296					3209,375	-0,104320414364338	
		3212,5	1,5331779718399	3212,5	0,0425600223243237					3212,5	0,0312039460986853			3212,5	2,77535915374756	3212,5	0,0142869362607598					3212,5	-0,103048093616962	
		3215,625	1,53708469867706	3215,625	0,0412132106721401					3215,625	0,0301322415471077			3215,625	2,77208423614502	3215,625	0,0137498639523983					3215,625	-0,103187702596188	
		3218,75	1,50832617282867	3218,75	0,0423080064356327					3218,75	0,030735719949007			3218,75	2,77548170089722	3218,75	0,0114290630444884					3218,75	-0,104985974729061	
		3221,875	1,51414918899536	3221,875	0,0474198237061501					3221,875	0,0356914326548576			3221,875	2,76941847801209	3221,875	0,0129132280126214					3221,875	-0,103613547980785	
		3225	1,51678740978241	3225	0,0457632094621658					3225	0,0349548794329166			3225	2,7752799987793	3225	0,0208746157586575					3225	-0,096871055662632	
		3228,125	1,50513315200806	3228,125	0,0390926115214825					3228,125	0,02798742800951			3228,125	2,77469229698181	3228,125	0,0223188363015652					3228,125	-0,0960815399885178	
		3231,25	1,50003790855408	3231,25	0,0386619940400124					3231,25	0,0265269838273525			3231,25	2,78118467330933	3231,25	0,0231515001505613					3231,25	-0,0949828922748566	
		3234,375	1,48337686061859	3234,375	0,0352658368647099					3234,375	0,0239268280565739			3234,375	2,77980422973633	3234,375	0,0255260616540909					3234,375	-0,0930378958582878	
		3237,5	1,47120082378387	3237,5	0,0349623374640942					3237,5	0,0241231322288513			3237,5	2,7783637046814	3237,5	0,0234267134219408					3237,5	-0,0950351431965828	
		3240,625	1,45717620849609	3240,625	0,0351181291043758					3240,625	0,0237748883664608			3240,625	2,78204941749573	3240,625	0,0244062058627605					3240,625	-0,0944791883230209	
		3243,75	1,44789612293243	3243,75	0,0360271148383617					3243,75	0,0250462926924229			3243,75	2,77532577514648	3243,75	0,0269104093313217					3243,75	-0,0918163359165192	
		3246,875	1,42972016334534	3246,875	0,0359680391848087					3246,875	0,0250697862356901			3246,875	2,76690530776978	3246,875	0,0267404690384865					3246,875	-0,0905578881502151	
		3250	1,42026138305664	3250	0,0384137779474258					3250	0,0288468319922686			3250	2,75275039672852	3250	0,0247334055602551					3250	-0,09227454662323	
		3253,125	1,42131984233856	3253,125	0,0355345048010349					3253,125	0,0235826689749956			3253,125	2,78932619094849	3253,125	0,0311059858649969					3253,125	-0,0859703496098518	
		3256,25	1,4064074754715	3256,25	0,0354738235473633					3256,25	0,024029029533267			3256,25	2,77221322059631	3256,25	0,030925152823329					3256,25	-0,086460642516613	
		3259,375	1,39918744564056	3259,375	0,0338900573551655					3259,375	0,0225725155323744			3259,375	2,77211332321167	3259,375	0,0322997495532036					3259,375	-0,0861535668373108	
		3262,5	1,40062582492828	3262,5	0,0335395894944668					3262,5	0,0223293267190456			3262,5	2,77222776412964	3262,5	0,035781342536211					3262,5	-0,0833733007311821	
		3265,625	1,41089284420013	3265,625	0,0369607023894787					3265,625	0,0259138885885477			3265,625	2,76866602897644	3265,625	0,0387247428297997					3265,625	-0,0799455419182777	
		3268,75	1,39399576187134	3268,75	0,035803809762001					3268,75	0,0250876527279615			3268,75	2,77280259132385	3268,75	0,0401425622403622					3268,75	-0,0786017701029778	
		3271,875	1,38463807106018	3271,875	0,0339834615588188					3271,875	0,0226881429553032			3271,875	2,77327966690063	3271,875	0,0435055382549763					3271,875	-0,075560674071312	
		3275	1,38258409500122	3275	0,0338642448186874					3275	0,0236133001744747			3275	2,77154350280762	3275	0,0483957454562187					3275	-0,0709090679883957	
		3278,125	1,36768531799316	3278,125	0,0348970852792263					3278,125	0,0247896853834391			3278,125	2,75523543357849	3278,125	0,0443545877933502					3278,125	-0,074543684720993	
		3281,25	1,35159873962402	3281,25	0,0331351235508919					3281,25	0,0208694487810135			3281,25	2,77342653274536	3281,25	0,0476555414497852					3281,25	-0,0716412365436554	
		3284,375	1,34556972980499	3284,375	0,0324430093169212					3284,375	0,0203235596418381			3284,375	2,77417683601379	3284,375	0,0488642454147339					3284,375	-0,0712467208504677	
		3287,5	1,33197200298309	3287,5	0,0310782287269831					3287,5	0,0202293023467064			3287,5	2,76516175270081	3287,5	0,0481893233954906					3287,5	-0,072048619389534	
		3290,625	1,31588184833527	3290,625	0,0273944139480591					3290,625	0,0158330127596855			3290,625	2,76903009414673	3290,625	0,0523723736405373					3290,625	-0,0690061822533607	
		3293,75	1,33210372924805	3293,75	0,0311320796608925					3293,75	0,0182328894734383			3293,75	2,79117012023926	3293,75	0,0575957857072353					3293,75	-0,0622030794620514	
		3296,875	1,33735167980194	3296,875	0,0324983298778534					3296,875	0,0212735831737518			3296,875	2,77809476852417	3296,875	0,0561411306262016					3296,875	-0,063367672264576	
		3300	1,32607483863831	3300	0,0299215838313103					3300	0,0190033819526434			3300	2,77832698822021	3300	0,0583838857710361					3300	-0,0608677305281162	
		3303,125	1,32208597660065	3303,125	0,0320668742060661					3303,125	0,0201535671949387			3303,125	2,77182698249817	3303,125	0,0591299869120121					3303,125	-0,0594073198735714	
		3306,25	1,30745840072632	3306,25	0,0321566089987755					3306,25	0,0193299874663353			3306,25	2,7790834903717	3306,25	0,0609670914709568					3306,25	-0,0587767697870731	
		3309,375	1,29465568065643	3309,375	0,0302278604358435					3309,375	0,0179451424628496			3309,375	2,78625106811523	3309,375	0,0638508871197701					3309,375	-0,0564628727734089	
		3312,5	1,27670443058014	3312,5	0,0297788064926863					3312,5	0,0178949683904648			3312,5	2,77899742126465	3312,5	0,0627397522330284					3312,5	-0,057676874101162	
		3315,625	1,28108930587769	3315,625	0,0310222189873457					3315,625	0,0194673016667366			3315,625	2,77264380455017	3315,625	0,0650909170508385					3315,625	-0,0554208382964134	
		3318,75	1,26735162734985	3318,75	0,0288201123476028					3318,75	0,0168563406914473			3318,75	2,7749342918396	3318,75	0,0674982443451881					3318,75	-0,0526548139750957	
		3321,875	1,26200759410858	3321,875	0,0278789531439543					3321,875	0,0159732326865196			3321,875	2,78695893287659	3321,875	0,0709057971835136					3321,875	-0,0484675318002701	
		3325	1,24945425987244	3325	0,0274432450532913					3325	0,0153651796281338			3325	2,7929699420929	3325	0,0721291229128838					3325	-0,0468168295919895	
		3328,125	1,24680602550507	3328,125	0,0280231684446335					3328,125	0,0164657160639763			3328,125	2,79633021354675	3328,125	0,0723590701818466					3328,125	-0,0469046607613564	
		3331,25	1,24513506889343	3331,25	0,0284075196832418					3331,25	0,0164180509746075			3331,25	2,79480504989624	3331,25	0,0732848048210144					3331,25	-0,0462867766618729	
		3334,375	1,23507583141327	3334,375	0,0277010928839445					3334,375	0,0148930232971907			3334,375	2,79137063026428	3334,375	0,0748041197657585					3334,375	-0,0450295805931091	
		3337,5	1,24020326137543	3337,5	0,0276078749448061					3337,5	0,0143952220678329			3337,5	2,79733324050903	3337,5	0,0794668942689896					3337,5	-0,0393202230334282	
		3340,625	1,23603391647339	3340,625	0,0301806926727295					3340,625	0,0177498944103718			3340,625	2,79181861877441	3340,625	0,0810827016830444					3340,625	-0,0384189076721668	
		3343,75	1,22229993343353	3343,75	0,0295016672462225					3343,75	0,0162987019866705			3343,75	2,7919933795929	3343,75	0,0810133069753647					3343,75	-0,0389305204153061	
		3346,875	1,2233110666275	3346,875	0,027469938620925					3346,875	0,0150171108543873			3346,875	2,82534503936768	3346,875	0,0875171199440956					3346,875	-0,0316096656024456	
		3350	1,20968639850616	3350	0,0273972321301699					3350	0,0151194473728538			3350	2,82336616516113	3350	0,0856313332915306					3350	-0,0333086960017681	
		3353,125	1,20517289638519	3353,125	0,0242871325463057					3353,125	0,0117616420611739			3353,125	2,8306577205658	3353,125	0,087229460477829					3353,125	-0,0313439331948757	
		3356,25	1,20431208610535	3356,25	0,0272640809416771					3356,25	0,0148872034624219			3356,25	2,80880808830261	3356,25	0,0865365564823151					3356,25	-0,0325712338089943	
		3359,375	1,19953143596649	3359,375	0,0253898240625858					3359,375	0,0135380020365119			3359,375	2,83140635490417	3359,375	0,0902663171291351					3359,375	-0,0285557694733143	
		3362,5	1,20459496974945	3362,5	0,0274577289819717					3362,5	0,0156928226351738			3362,5	2,82702207565308	3362,5	0,093424528837204					3362,5	-0,0253355801105499	
		3365,625	1,19736194610596	3365,625	0,0291410405188799					3365,625	0,0172254964709282			3365,625	2,81370711326599	3365,625	0,093316987156868					3365,625	-0,0260173957794905	
		3368,75	1,20056390762329	3368,75	0,0291495360434055					3368,75	0,017307486385107			3368,75	2,82117462158203	3368,75	0,0953650325536728					3368,75	-0,0242228321731091	
		3371,875	1,18298411369324	3371,875	0,0278477799147367					3371,875	0,0157291311770678			3371,875	2,81061458587646	3371,875	0,0952298566699028					3371,875	-0,0240505114197731	
		3375	1,17407608032227	3375	0,0286941230297089					3375	0,0166267696768045			3375	2,79460144042969	3375	0,0953323245048523					3375	-0,0240558572113514	
		3378,125	1,18196713924408	3378,125	0,0267571192234755					3378,125	0,0146590881049633			3378,125	2,84249472618103	3378,125	0,10258437693119					3378,125	-0,0168788209557533	
		3381,25	1,17658710479736	3381,25	0,0276254490017891					3381,25	0,0153134372085333			3381,25	2,82547855377197	3381,25	0,101607710123062					3381,25	-0,0177771933376789	
		3384,375	1,17418766021729	3384,375	0,0276660677045584					3384,375	0,0149742960929871			3384,375	2,82391834259033	3384,375	0,102687142789364					3384,375	-0,016437865793705	
		3387,5	1,17971360683441	3387,5	0,0304795950651169					3387,5	0,0179108809679747			3387,5	2,82283401489258	3387,5	0,105158090591431					3387,5	-0,0142300184816122	
		3390,625	1,15828585624695	3390,625	0,0279842391610146					3390,625	0,0157061405479908			3390,625	2,83094763755798	3390,625	0,106289565563202					3390,625	-0,0121874222531915	
		3393,75	1,18055558204651	3393,75	0,0295525379478931					3393,75	0,017020208761096			3393,75	2,82787299156189	3393,75	0,108519412577152					3393,75	-0,0104427495971322	
		3396,875	1,17322754859924	3396,875	0,0289237853139639					3396,875	0,0166435409337282			3396,875	2,83211755752563	3396,875	0,108862310647964					3396,875	-0,0100882761180401	
		3400	1,17070734500885	3400	0,0284783635288477					3400	0,0163641702383757			3400	2,84095978736877	3400	0,112075112760067					3400	-0,00649549625813961	
		3403,125	1,14726161956787	3403,125	0,0269543025642633					3403,125	0,0147657720372081			3403,125	2,83435440063477	3403,125	0,112163200974464					3403,125	-0,00657332735136151	
		3406,25	1,13090145587921	3406,25	0,0254106186330318					3406,25	0,0132560608908534			3406,25	2,84440279006958	3406,25	0,113828480243683					3406,25	-0,00541302794590592	
		3409,375	1,15117788314819	3409,375	0,0267523769289255					3409,375	0,0146738486364484			3409,375	2,85374641418457	3409,375	0,116958983242512					3409,375	-0,00206487975083292	
		3412,5	1,13140678405762	3412,5	0,0251046027988195					3412,5	0,0130416406318545			3412,5	2,84860682487488	3412,5	0,116841830313206					3412,5	-0,00248228083364666	
		3415,625	1,12181329727173	3415,625	0,0238651875406504					3415,625	0,0112448427826166			3415,625	2,86221241950989	3415,625	0,11858407407999					3415,625	-0,000339221674948931	
		3418,75	1,14363706111908	3418,75	0,0264194179326296					3418,75	0,0142337903380394			3418,75	2,85282278060913	3418,75	0,121296904981136					3418,75	0,00244854320771992	
		3421,875	1,12636947631836	3421,875	0,0267447866499424					3421,875	0,0144112026318908			3421,875	2,83695030212402	3421,875	0,120732769370079					3421,875	0,001914027845487	
		3425	1,11673486232758	3425	0,0263557285070419					3425	0,0140767423436046			3425	2,8350248336792	3425	0,121287368237972					3425	0,00310177472420037	
		3428,125	1,13667464256287	3428,125	0,0268289223313332					3428,125	0,0144335282966495			3428,125	2,85632753372192	3428,125	0,125898122787476					3428,125	0,00739449774846435	
		3431,25	1,1334547996521	3431,25	0,0272816028445959					3431,25	0,0150241022929549			3431,25	2,84829139709473	3431,25	0,126261189579964					3431,25	0,00764210475608706	
		3434,375	1,11979961395264	3434,375	0,0264518614858389					3434,375	0,0140053359791636			3434,375	2,85109400749207	3434,375	0,127678751945496					3434,375	0,00902210362255573	
		3437,5	1,11810266971588	3437,5	0,0253348965197802					3437,5	0,0128766698762774			3437,5	2,8774254322052	3437,5	0,130585834383965					3437,5	0,0120712136849761	
		3440,625	1,11692702770233	3440,625	0,0245972946286201					3440,625	0,0123944934457541			3440,625	2,87889981269836	3440,625	0,131987303495407					3440,625	0,0135174682363868	
		3443,75	1,11165308952332	3443,75	0,0250082407146692					3443,75	0,0127648366615176			3443,75	2,86590790748596	3443,75	0,131892874836922					3443,75	0,0134737081825733	
		3446,875	1,13260138034821	3446,875	0,0271857995539904					3446,875	0,0146439848467708			3446,875	2,86036419868469	3446,875	0,134958058595657					3446,875	0,0166288763284683	
		3450	1,13223433494568	3450	0,0270801670849323					3450	0,0143730789422989			3450	2,86984133720398	3450	0,136874184012413					3450	0,0185137446969748	
		3453,125	1,12212061882019	3453,125	0,0266682263463736					3453,125	0,0141265047714114			3453,125	2,87035703659058	3453,125	0,137269929051399					3453,125	0,0186677929013968	
		3456,25	1,11855280399323	3456,25	0,0251686256378889					3456,25	0,012955485843122			3456,25	2,87628865242004	3456,25	0,139202028512955					3456,25	0,0205441191792488	
		3459,375	1,11127400398254	3459,375	0,0253802165389061					3459,375	0,012903188355267			3459,375	2,86805605888367	3459,375	0,139724507927895					3459,375	0,0215408354997635	
		3462,5	1,12430465221405	3462,5	0,0273319818079472					3462,5	0,0147967673838139			3462,5	2,86455893516541	3462,5	0,142672151327133					3462,5	0,0246831811964512	
		3465,625	1,11604785919189	3465,625	0,0270707067102194					3465,625	0,0143683198839426			3465,625	2,86087012290955	3465,625	0,142743796110153					3465,625	0,0247204788029194	
		3468,75	1,09823215007782	3468,75	0,0246489681303501					3468,75	0,0119233904406428			3468,75	2,88201904296875	3468,75	0,144480332732201					3468,75	0,02619793638587	
		3471,875	1,09697079658508	3471,875	0,0249294396489859					3471,875	0,0122953625395894			3471,875	2,86611533164978	3471,875	0,145639628171921					3471,875	0,0274102706462145	
		3475	1,10233736038208	3475	0,0246937740594149					3475	0,0124989487230778			3475	2,87677264213562	3475	0,148781582713127					3475	0,0309827122837305	
		3478,125	1,09948408603668	3478,125	0,0254986640065908					3478,125	0,0132912555709481			3478,125	2,8666033744812	3478,125	0,147592529654503					3478,125	0,029342032968998	
		3481,25	1,13077425956726	3481,25	0,0288420878350735					3481,25	0,0165495313704014			3481,25	2,86795711517334	3481,25	0,152396962046623					3481,25	0,0342370234429836	
		3484,375	1,12199223041534	3484,375	0,0279992017894983					3484,375	0,0157659985125065			3484,375	2,86232900619507	3484,375	0,152382731437683					3484,375	0,0344764292240143	
		3487,5	1,10710883140564	3487,5	0,0256402418017387					3487,5	0,0132746063172817			3487,5	2,86887884140015	3487,5	0,152976229786873					3487,5	0,0345055498182774	
		3490,625	1,11617481708527	3490,625	0,0252316743135452					3490,625	0,0130023742094636			3490,625	2,87681794166565	3490,625	0,155553117394447					3490,625	0,0375596396625042	
		3493,75	1,10148072242737	3493,75	0,0242389645427465					3493,75	0,0120314424857497			3493,75	2,88574767112732	3493,75	0,156922161579132					3493,75	0,0391593351960182	
		3496,875	1,10489344596863	3496,875	0,0269432477653027					3496,875	0,0141312889754772			3496,875	2,87374234199524	3496,875	0,156659260392189					3496,875	0,0391815379261971	
		3500	1,11073279380798	3500	0,0251457802951336					3500	0,0127779571339488			3500	2,88752698898315	3500	0,161406815052032					3500	0,0436693280935287	
		3503,125	1,1087806224823	3503,125	0,0252112783491611					3503,125	0,0129372123628855			3503,125	2,87593102455139	3503,125	0,161131456494331					3503,125	0,0433211624622345	
		3506,25	1,09249591827393	3506,25	0,0238176882266998					3506,25	0,011810552328825			3506,25	2,88911938667297	3506,25	0,162404447793961					3506,25	0,044686671346426	
		3509,375	1,09140050411224	3509,375	0,0251821987330914					3509,375	0,0128685226663947			3509,375	2,87265872955322	3509,375	0,162562504410744					3509,375	0,045120857656002	
		3512,5	1,12213969230652	3512,5	0,0272987186908722					3512,5	0,0149578088894486			3512,5	2,86644220352173	3512,5	0,165840640664101					3512,5	0,0487626679241657	
		3515,625	1,13216257095337	3515,625	0,0285087432712317					3515,625	0,0162052847445011			3515,625	2,87145614624023	3515,625	0,167436227202415					3515,625	0,0503970235586166	
		3518,75	1,10546004772186	3518,75	0,0268875751644373					3518,75	0,0144038833677769			3518,75	2,86617040634155	3518,75	0,167287439107895					3518,75	0,0502116903662682	
		3521,875	1,11532092094421	3521,875	0,0263331271708012					3521,875	0,0136903701350093			3521,875	2,86680722236633	3521,875	0,170021787285805					3521,875	0,052494116127491	
		3525	1,12833774089813	3525	0,0263896193355322					3525	0,0139923747628927			3525	2,87569856643677	3525	0,17250169813633					3525	0,0549901835620403	
		3528,125	1,11461222171783	3528,125	0,0246377270668745					3528,125	0,0117932362481952			3528,125	2,88373136520386	3528,125	0,173269107937813					3528,125	0,0560350194573402	
		3531,25	1,10190558433533	3531,25	0,022910101339221					3531,25	0,0101236924529076			3531,25	2,89190483093262	3531,25	0,17443160712719					3531,25	0,0573539473116398	
		3534,375	1,10278606414795	3534,375	0,024922851473093					3534,375	0,0124887134879827			3534,375	2,87140965461731	3534,375	0,174635589122772					3534,375	0,0579904839396477	
		3537,5	1,11930167675018	3537,5	0,0269080549478531					3537,5	0,0146079733967781			3537,5	2,85637450218201	3537,5	0,177108094096184					3537,5	0,0605920813977718	
		3540,625	1,12175834178925	3540,625	0,0260611809790134					3540,625	0,0134137542918324			3540,625	2,86627006530762	3540,625	0,178427055478096					3540,625	0,0620855130255222	
		3543,75	1,11970019340515	3543,75	0,0263178758323193					3543,75	0,0137512199580669			3543,75	2,86403679847717	3543,75	0,179550051689148					3543,75	0,0631716251373291	
		3546,875	1,11810743808746	3546,875	0,0270078405737877					3546,875	0,0144515326246619			3546,875	2,84451246261597	3546,875	0,180017456412315					3546,875	0,063590832054615	
		3550	1,1301144361496	3550	0,0264817792922258					3550	0,0137880016118288			3550	2,85785984992981	3550	0,18296617269516					3550	0,0668788328766823	
		3553,125	1,12108063697815	3553,125	0,0265933163464069					3553,125	0,0139695154502988			3553,125	2,84637928009033	3553,125	0,182631105184555					3553,125	0,0666863471269608	
		3556,25	1,12178528308868	3556,25	0,0259188897907734					3556,25	0,0129464054480195			3556,25	2,85638284683228	3556,25	0,184846162796021					3556,25	0,0689641386270523	
		3559,375	1,12265777587891	3559,375	0,0259631313383579					3559,375	0,0127426031976938			3559,375	2,85250353813171	3559,375	0,186478838324547					3559,375	0,0701055303215981	
		3562,5	1,10863661766052	3562,5	0,0241505578160286					3562,5	0,0110083529725671			3562,5	2,85875344276428	3562,5	0,18778133392334					3562,5	0,071345292031765	
		3565,625	1,11790192127228	3565,625	0,0244566462934017					3565,625	0,0118010342121124			3565,625	2,85190629959106	3565,625	0,189559653401375					3565,625	0,0734926611185074	
		3568,75	1,12045013904572	3568,75	0,0251180548220873					3568,75	0,0123157016932964			3568,75	2,8393349647522	3568,75	0,190492317080498					3568,75	0,0741231217980385	
		3571,875	1,12707304954529	3571,875	0,0228074640035629					3571,875	0,0100654335692525			3571,875	2,86062169075012	3571,875	0,193486228585243					3571,875	0,0766250267624855	
		3575	1,11865961551666	3575	0,0215136185288429					3575	0,00906607694923878			3575	2,8652446269989	3575	0,194010183215141					3575	0,07819514721632	
		3578,125	1,11426794528961	3578,125	0,0217449143528938					3578,125	0,00865574181079865			3578,125	2,85803771018982	3578,125	0,19542683660984					3578,125	0,0800453200936317	
		3581,25	1,11424827575684	3581,25	0,0219913236796856					3581,25	0,0089359050616622			3581,25	2,85496306419373	3581,25	0,197692811489105					3581,25	0,0825621336698532	
		3584,375	1,12567842006683	3584,375	0,0237962361425161					3584,375	0,0109004033729434			3584,375	2,84342336654663	3584,375	0,199869334697723					3584,375	0,0848992839455605	
		3587,5	1,13179957866669	3587,5	0,0250468831509352					3587,5	0,0117020672187209			3587,5	2,83135294914246	3587,5	0,200932428240776					3587,5	0,085974358022213	
		3590,625	1,12143766880035	3590,625	0,0235111434012651					3590,625	0,0108489664271474			3590,625	2,83523535728455	3590,625	0,201988056302071					3590,625	0,0866504013538361	
		3593,75	1,11373698711395	3593,75	0,0235811434686184					3593,75	0,0111411064863205			3593,75	2,84065437316895	3593,75	0,203487575054169					3593,75	0,088704988360405	
		3596,875	1,11089491844177	3596,875	0,023622190579772					3596,875	0,0112843392416835			3596,875	2,83699035644531	3596,875	0,203820288181305					3596,875	0,0891012698411942	
		3600	1,12062764167786	3600	0,0227580349892378					3600	0,0104333506897092			3600	2,834716796875	3600	0,206665620207787					3600	0,0917472764849663	
		3603,125	1,13411927223206	3603,125	0,0244837142527103					3603,125	0,0118851689621806			3603,125	2,83428382873535	3603,125	0,20903691649437					3603,125	0,0943591520190239	
		3606,25	1,1159815788269	3606,25	0,0243605580180883					3606,25	0,0118004204705358			3606,25	2,81827735900879	3606,25	0,20719213783741					3606,25	0,0930472686886787	
		3609,375	1,1359189748764	3609,375	0,025056729093194					3609,375	0,0123518463224173			3609,375	2,82331514358521	3609,375	0,212124794721603					3609,375	0,0979038700461388	
		3612,5	1,13294363021851	3612,5	0,0250086355954409					3612,5	0,0122712189331651			3612,5	2,81383514404297	3612,5	0,212919503450394					3612,5	0,098575621843338	
		3615,625	1,11654233932495	3615,625	0,0232111643999815					3615,625	0,0108765559270978			3615,625	2,81304407119751	3615,625	0,212803512811661					3615,625	0,0985336750745773	
		3618,75	1,13162970542908	3618,75	0,0247552823275328					3618,75	0,0121767856180668			3618,75	2,80621385574341	3618,75	0,214590817689896					3618,75	0,1008220911026	
		3621,875	1,12806069850922	3621,875	0,0254365317523479					3621,875	0,0131658837199211			3621,875	2,79204916954041	3621,875	0,21506667137146					3621,875	0,101372912526131	
		3625	1,13241112232208	3625	0,0259496197104454					3625	0,0135436207056046			3625	2,78937864303589	3625	0,217700809240341					3625	0,103819988667965	
		3628,125	1,13580274581909	3628,125	0,0239473767578602					3628,125	0,0115292342379689			3628,125	2,79338884353638	3628,125	0,219189196825027					3628,125	0,104892484843731	
		3631,25	1,13829600811005	3631,25	0,0238518193364143					3631,25	0,0111555755138397			3631,25	2,80258107185364	3631,25	0,222055837512016					3631,25	0,108280189335346	
		3634,375	1,1251482963562	3634,375	0,0230023413896561					3634,375	0,010562933050096			3634,375	2,79651308059692	3634,375	0,221909314393997					3634,375	0,108564950525761	
		3637,5	1,12898218631744	3637,5	0,0241416227072477					3637,5	0,0120043996721506			3637,5	2,77791595458984	3637,5	0,221949994564056					3637,5	0,108739480376244	
		3640,625	1,14249610900879	3640,625	0,0264654643833637					3640,625	0,014139044098556			3640,625	2,76622700691223	3640,625	0,224361002445221					3640,625	0,11077631264925	
		3643,75	1,13762760162354	3643,75	0,0258619748055935					3643,75	0,0132703185081482			3643,75	2,7711009979248	3643,75	0,226309269666672					3643,75	0,113167755305767	
		3646,875	1,13879430294037	3646,875	0,0263792593032122					3646,875	0,0133908269926906			3646,875	2,75754165649414	3646,875	0,226647540926933					3646,875	0,113684862852097	
		3650	1,13613140583038	3650	0,0243596062064171					3650	0,0117996297776699			3650	2,76034808158875	3650	0,22839879989624					3650	0,115144968032837	
		3653,125	1,14064657688141	3653,125	0,0263786390423775					3653,125	0,0138959623873234			3653,125	2,75258111953735	3653,125	0,23051854968071					3653,125	0,117321528494358	
		3656,25	1,13725018501282	3656,25	0,026335371658206					3656,25	0,0138897383585572			3656,25	2,74236822128296	3656,25	0,231383487582207					3656,25	0,118615113198757	
		3659,375	1,12593460083008	3659,375	0,0243762452155352					3659,375	0,0120782759040594			3659,375	2,74492073059082	3659,375	0,231601938605309					3659,375	0,119122706353664	
		3662,5	1,12707662582397	3662,5	0,0243315603584051					3662,5	0,0116012003272772			3662,5	2,74527263641357	3662,5	0,233316332101822					3662,5	0,120779402554035	
		3665,625	1,10226321220398	3665,625	0,0227602627128363					3665,625	0,0101085873320699			3665,625	2,73656916618347	3665,625	0,231902733445168					3665,625	0,11962203681469	
		3668,75	1,1313591003418	3668,75	0,0235294457525015					3668,75	0,0112653896212578			3668,75	2,74495911598206	3668,75	0,237811177968979					3668,75	0,1253831833601	
		3671,875	1,13171780109406	3671,875	0,0255629401654005					3671,875	0,0133565571159124			3671,875	2,71589350700378	3671,875	0,237497180700302					3671,875	0,125149056315422	
		3675	1,12336432933807	3675	0,0242974311113358					3675	0,0119506251066923			3675	2,71802592277527	3675	0,239125415682793					3675	0,126758337020874	
		3678,125	1,12062847614288	3678,125	0,0243028160184622					3678,125	0,011841794475913			3678,125	2,71460843086243	3678,125	0,240523383021355					3678,125	0,128493160009384	
		3681,25	1,09784746170044	3681,25	0,0235349275171757					3681,25	0,0114973038434982			3681,25	2,69346117973328	3681,25	0,237903147935867					3681,25	0,126444980502129	
		3684,375	1,15136051177979	3684,375	0,0264301523566246					3684,375	0,0140983769670129			3684,375	2,70914101600647	3684,375	0,246369108557701					3684,375	0,134566053748131	
		3687,5	1,12632322311401	3687,5	0,0259710643440485					3687,5	0,0131946578621864			3687,5	2,69053649902344	3687,5	0,243650898337364					3687,5	0,132006451487541	
		3690,625	1,11688625812531	3690,625	0,0250246450304985					3690,625	0,012504524551332			3690,625	2,68356347084045	3690,625	0,244470372796059					3690,625	0,132434263825417	
		3693,75	1,11901533603668	3693,75	0,0244492795318365					3693,75	0,0118938507512212			3693,75	2,69003391265869	3693,75	0,247218981385231					3693,75	0,135384649038315	
		3696,875	1,10395109653473	3696,875	0,0233189854770899					3696,875	0,01077566947788			3696,875	2,68296456336975	3696,875	0,246849849820137					3696,875	0,135321736335754	
		3700	1,10936665534973	3700	0,0246933307498693					3700	0,0120321279391646			3700	2,66904163360596	3700	0,247924029827118					3700	0,136407792568207	
		3703,125	1,11825728416443	3703,125	0,0264236330986023					3703,125	0,0138001507148147			3703,125	2,6646614074707	3703,125	0,25092414021492					3703,125	0,139554053544998	
		3706,25	1,10700082778931	3706,25	0,0236672759056091					3706,25	0,0111143803223968			3706,25	2,67560243606567	3706,25	0,25322961807251					3706,25	0,1421919465065	
		3709,375	1,09296059608459	3709,375	0,0239773504436016					3709,375	0,0116499597206712			3709,375	2,65982270240784	3709,375	0,252476543188095					3709,375	0,141601830720901	
		3712,5	1,10235369205475	3712,5	0,0259093251079321					3712,5	0,0133420862257481			3712,5	2,6472852230072	3712,5	0,2545505464077					3712,5	0,143976524472237	
		3715,625	1,11784565448761	3715,625	0,0273879878222942					3715,625	0,0147399986162782			3715,625	2,63937091827393	3715,625	0,256699681282043					3715,625	0,146009415388107	
		3718,75	1,09132623672485	3718,75	0,0227166041731834					3718,75	0,0104268016293645			3718,75	2,65078139305115	3718,75	0,258762389421463					3718,75	0,148034885525703	
		3721,875	1,09529626369476	3721,875	0,0236883163452148					3721,875	0,0116474172100425			3721,875	2,64419078826904	3721,875	0,259886384010315					3721,875	0,149295330047607	
		3725	1,07964289188385	3725	0,0235002711415291					3725	0,0114981066435575			3725	2,63492751121521	3725	0,259528428316116					3725	0,149500608444214	
		3728,125	1,09072697162628	3728,125	0,0251800157129765					3728,125	0,0126444362103939			3728,125	2,63460087776184	3728,125	0,262227356433868					3728,125	0,15219347178936	
		3731,25	1,07882070541382	3731,25	0,0246236305683851					3731,25	0,0117227612063289			3731,25	2,62277269363403	3731,25	0,262040108442307					3731,25	0,15221019089222	
		3734,375	1,08636391162872	3734,375	0,0250356607139111					3734,375	0,0125122889876366			3734,375	2,62203574180603	3734,375	0,264848947525024					3734,375	0,155036836862564	
		3737,5	1,07078409194946	3737,5	0,0246762074530125					3737,5	0,0121902655810118			3737,5	2,60835957527161	3737,5	0,264364451169968					3737,5	0,154533222317696	
		3740,625	1,07213139533997	3740,625	0,0234709680080414					3740,625	0,0109469890594482			3740,625	2,62426090240479	3740,625	0,268079459667206					3740,625	0,158813044428825	
		3743,75	1,06798911094666	3743,75	0,0240397118031979					3743,75	0,0117736356332898			3743,75	2,61121773719788	3743,75	0,268156558275223					3743,75	0,159082055091858	
		3746,875	1,05628478527069	3746,875	0,0238743778318167					3746,875	0,0115897227078676			3746,875	2,59754157066345	3746,875	0,268150955438614					3746,875	0,159133344888687	
		3750	1,05883204936981	3750	0,0237549059092999					3750	0,0113193793222308			3750	2,60282564163208	3750	0,27144467830658					3750	0,162403225898743	
		3753,125	1,05647528171539	3753,125	0,0246069356799126					3753,125	0,0122091630473733			3753,125	2,5934693813324	3753,125	0,271997064352036					3753,125	0,163183569908142	
		3756,25	1,05617022514343	3756,25	0,0245792493224144					3756,25	0,0121902413666248			3756,25	2,58979821205139	3756,25	0,273562043905258					3756,25	0,165005445480347	
		3759,375	1,0547022819519	3759,375	0,0259769763797522					3759,375	0,0135258166119456			3759,375	2,58106136322021	3759,375	0,2748843729496					3759,375	0,166225507855415	
		3762,5	1,02777361869812	3762,5	0,0239691715687513					3762,5	0,0115052219480276			3762,5	2,56851887702942	3762,5	0,272898316383362					3762,5	0,164488449692726	
		3765,625	1,0580153465271	3765,625	0,025064617395401					3765,625	0,0128477569669485			3765,625	2,59337520599365	3765,625	0,280229449272156					3765,625	0,17210790514946	
		3768,75	1,03820288181305	3768,75	0,025293193757534					3768,75	0,0129714133217931			3768,75	2,56871581077576	3768,75	0,277757823467255					3768,75	0,169767156243324	
		3771,875	1,04108214378357	3771,875	0,0263697523623705					3771,875	0,014070363715291			3771,875	2,5608127117157	3771,875	0,279518008232117					3771,875	0,171391353011131	
		3775	1,02766501903534	3775	0,0249508488923311					3775	0,0126822404563427			3775	2,56032347679138	3775	0,280410379171371					3775	0,172441065311432	
		3778,125	1,02982294559479	3778,125	0,0254592392593622					3778,125	0,013212600722909			3778,125	2,55810737609863	3778,125	0,282389163970947					3778,125	0,174775451421738	
		3781,25	1,02653276920319	3781,25	0,0249005630612373					3781,25	0,0126205813139677			3781,25	2,56186485290527	3781,25	0,284941166639328					3781,25	0,177357152104378	
		3784,375	1,00619149208069	3784,375	0,0236425343900919					3784,375	0,0114960335195065			3784,375	2,55529356002808	3784,375	0,284197300672531					3784,375	0,17679651081562	
		3787,5	0,999386608600616	3787,5	0,0224994216114283					3787,5	0,0102804806083441			3787,5	2,56633281707764	3787,5	0,287009745836258					3787,5	0,179702043533325	
		3790,625	0,994998335838318	3790,625	0,023837985470891					3790,625	0,0114968894049525			3790,625	2,54961037635803	3790,625	0,286636680364609					3790,625	0,17947319149971	
		3793,75	1,01309525966644	3793,75	0,0255454014986753					3793,75	0,0130724674090743			3793,75	2,553959608078	3793,75	0,290375053882599					3793,75	0,183441609144211	
		3796,875	1,00262677669525	3796,875	0,026028985157609					3796,875	0,0135422861203551			3796,875	2,53879380226135	3796,875	0,289545178413391					3796,875	0,18296092748642	
		3800	1,00762069225311	3800	0,0274629909545183					3800	0,0149668641388416			3800	2,53079175949097	3800	0,291282385587692					3800	0,184585854411125	
		3803,125	0,991961002349854	3803,125	0,0257099270820618					3803,125	0,0135024292394519			3803,125	2,53604650497437	3803,125	0,292615324258804					3803,125	0,186287373304367	
		3806,25	0,974122643470764	3806,25	0,0237950291484594					3806,25	0,0117871863767505			3806,25	2,53845834732056	3806,25	0,293074816465378					3806,25	0,187116950750351	
		3809,375	0,982803702354431	3809,375	0,0251932796090841					3809,375	0,0127709209918976			3809,375	2,53709006309509	3809,375	0,295078426599503					3809,375	0,18921785056591	
		3812,5	0,984925925731659	3812,5	0,0261954534798861					3812,5	0,0136789409443736			3812,5	2,5330011844635	3812,5	0,296535551548004					3812,5	0,190879195928574	
		3815,625	0,982058584690094	3815,625	0,0273830480873585					3815,625	0,0151443621143699			3815,625	2,52263927459717	3815,625	0,296978443861008					3815,625	0,191497355699539	
		3818,75	0,966397047042847	3818,75	0,0251947268843651					3818,75	0,0131290880963206			3818,75	2,52871918678284	3818,75	0,298611223697662					3818,75	0,19327050447464	
		3821,875	0,967947661876678	3821,875	0,0263647176325321					3821,875	0,014151724986732			3821,875	2,51849031448364	3821,875	0,299521714448929					3821,875	0,194318428635597	
		3825	0,954579651355743	3825	0,0259479135274887					3825	0,013445639051497			3825	2,51066017150879	3825	0,299507111310959					3825	0,194428727030754	
		3828,125	0,953593492507935	3828,125	0,0251527223736048					3828,125	0,0127231236547232			3828,125	2,52493214607239	3828,125	0,302834868431091					3828,125	0,197994560003281	
		3831,25	0,946679830551147	3831,25	0,0251235496252775					3831,25	0,0128720542415977			3831,25	2,52369832992554	3831,25	0,303531855344772					3831,25	0,19887512922287	
		3834,375	0,93967604637146	3834,375	0,0244076885282993					3834,375	0,0121412361040711			3834,375	2,53105497360229	3834,375	0,305440127849579					3834,375	0,200854644179344	
		3837,5	0,927435517311096	3837,5	0,0239389315247536					3837,5	0,0115090785548091			3837,5	2,52269530296326	3837,5	0,305308520793915					3837,5	0,20075598359108	
		3840,625	0,94000917673111	3840,625	0,025697473436594					3840,625	0,0131699591875076			3840,625	2,51931428909302	3840,625	0,307574540376663					3840,625	0,203311592340469	
		3843,75	0,942743360996246	3843,75	0,0271094776690006					3843,75	0,0147672286257148			3843,75	2,51250171661377	3843,75	0,308253616094589					3843,75	0,204165548086166	
		3846,875	0,934096336364746	3846,875	0,0260017942637205					3846,875	0,0137742487713695			3846,875	2,52622485160828	3846,875	0,310794681310654					3846,875	0,206965833902359	
		3850	0,926082015037537	3850	0,025929668918252					3850	0,013677341863513			3850	2,51783537864685	3850	0,310746788978577					3850	0,207074344158173	
		3853,125	0,916622877120972	3853,125	0,025670213624835					3853,125	0,0133481295779347			3853,125	2,51441740989685	3853,125	0,311415135860443					3853,125	0,207913309335709	
		3856,25	0,902290344238281	3856,25	0,0241854097694159					3856,25	0,0118620963767171			3856,25	2,52444553375244	3856,25	0,313397824764252					3856,25	0,210316479206085	
		3859,375	0,910513699054718	3859,375	0,0260093621909618					3859,375	0,0133962780237198			3859,375	2,51885676383972	3859,375	0,314300656318665					3859,375	0,211030453443527	
		3862,5	0,921591818332672	3862,5	0,0266440156847239					3862,5	0,0140840448439121			3862,5	2,52406191825867	3862,5	0,317235887050629					3862,5	0,213843584060669	
		3865,625	0,901623845100403	3865,625	0,0251580532640219					3865,625	0,012724332511425			3865,625	2,52171730995178	3865,625	0,317162364721298					3865,625	0,214249640703201	
		3868,75	0,895860910415649	3868,75	0,0252046659588814					3868,75	0,0127953430637717			3868,75	2,51842451095581	3868,75	0,317864596843719					3868,75	0,215088814496994	
		3871,875	0,903583943843842	3871,875	0,0263509228825569					3871,875	0,0139387026429176			3871,875	2,51891660690308	3871,875	0,319916784763336					3871,875	0,21733233332634	
		3875	0,89853173494339	3875	0,0263429619371891					3875	0,0140465879812837			3875	2,51799559593201	3875	0,32051345705986					3875	0,218270033597946	
		3878,125	0,886660099029541	3878,125	0,024444991722703					3878,125	0,0121858837082982			3878,125	2,52865195274353	3878,125	0,321944177150726					3878,125	0,219898551702499	
		3881,25	0,892316937446594	3881,25	0,0253125112503767					3881,25	0,0130372410640121			3881,25	2,52521276473999	3881,25	0,323192059993744					3881,25	0,221512123942375	
		3884,375	0,890985488891602	3884,375	0,0250327847898006					3884,375	0,0125989010557532			3884,375	2,54099869728088	3884,375	0,325784623622894					3884,375	0,224330499768257	
		3887,5	0,878672480583191	3887,5	0,0251863766461611					3887,5	0,0127595560625196			3887,5	2,53047060966492	3887,5	0,325405329465866					3887,5	0,223971247673035	
		3890,625	0,881712138652802	3890,625	0,0252559334039688					3890,625	0,0129597820341587			3890,625	2,52541518211365	3890,625	0,327055662870407					3890,625	0,225656181573868	
		3893,75	0,864426970481873	3893,75	0,023076081648469					3893,75	0,0110306059941649			3893,75	2,53400349617004	3893,75	0,328383386135101					3893,75	0,227312296628952	
		3896,875	0,872203826904297	3896,875	0,0242931451648474					3896,875	0,0120985172688961			3896,875	2,53884792327881	3896,875	0,330631464719772					3896,875	0,229662597179413	
		3900	0,857373416423798	3900	0,0232782103121281					3900	0,0114440675824881			3900	2,53488159179688	3900	0,330513507127762					3900	0,229713201522827	
		3903,125	0,858645081520081	3903,125	0,0241464618593454					3903,125	0,0121182883158326			3903,125	2,53170609474182	3903,125	0,331373184919357					3903,125	0,230680823326111	
		3906,25	0,860292911529541	3906,25	0,0247759111225605					3906,25	0,0123341698199511			3906,25	2,54082727432251	3906,25	0,334027171134949					3906,25	0,23344387114048	
		3909,375	0,853342413902283	3909,375	0,0243934709578753					3909,375	0,0120003381744027			3909,375	2,53921604156494	3909,375	0,333998590707779					3909,375	0,233914941549301	
		3912,5	0,851488530635834	3912,5	0,0246819499880075					3912,5	0,0122593147680163			3912,5	2,53380656242371	3912,5	0,334262847900391					3912,5	0,234437510371208	
		3915,625	0,853832423686981	3915,625	0,0239737518131733					3915,625	0,0117117930203676			3915,625	2,55370044708252	3915,625	0,338616132736206					3915,625	0,238967344164848	
		3918,75	0,839558720588684	3918,75	0,0247296169400215					3918,75	0,0126881469041109			3918,75	2,52154207229614	3918,75	0,335138857364655					3918,75	0,235630825161934	
		3921,875	0,863419771194458	3921,875	0,0243542436510324					3921,875	0,0114077534526587			3921,875	2,56878566741943	3921,875	0,342446655035019					3921,875	0,242894038558006	
		3925	0,856940090656281	3925	0,0264531075954437					3925	0,0139912189915776			3925	2,53929662704468	3925	0,34057292342186					3925	0,241163566708565	
		3928,125	0,852796077728271	3928,125	0,0267912317067385					3928,125	0,0144470250234008			3928,125	2,54055285453796	3928,125	0,342241048812866					3928,125	0,243174731731415	
		3931,25	0,833742380142212	3931,25	0,0262412894517183					3931,25	0,0139040779322386			3931,25	2,52161073684692	3931,25	0,340275257825851					3931,25	0,241623193025589	
		3934,375	0,82868504524231	3934,375	0,0255659930408001					3934,375	0,012879615649581			3934,375	2,53694701194763	3934,375	0,342863827943802					3934,375	0,244176626205444	
		3937,5	0,834687888622284	3937,5	0,025748273357749					3937,5	0,0132793840020895			3937,5	2,54778504371643	3937,5	0,345759361982346					3937,5	0,247235521674156	
		3940,625	0,824103891849518	3940,625	0,0251937881112099					3940,625	0,0128361629322171			3940,625	2,54779076576233	3940,625	0,345758616924286					3940,625	0,247683882713318	
		3943,75	0,816340565681458	3943,75	0,0252936147153378					3943,75	0,0129719441756606			3943,75	2,53781652450562	3943,75	0,345073670148849					3943,75	0,247387856245041	
		3946,875	0,829092085361481	3946,875	0,025699719786644					3946,875	0,0133230099454522			3946,875	2,54518365859985	3946,875	0,348011374473572					3946,875	0,2502601146698	
		3950	0,835824072360992	3950	0,0269906893372536					3950	0,0146471075713634			3950	2,54876923561096	3950	0,349919736385345					3950	0,252407938241959	
		3953,125	0,827845990657806	3953,125	0,0264307148754597					3953,125	0,0140912570059299			3953,125	2,55250453948975	3953,125	0,350617289543152					3953,125	0,253485888242722	
		3956,25	0,818913400173187	3956,25	0,0262804515659809					3956,25	0,0140248499810696			3956,25	2,54563736915588	3956,25	0,350938320159912					3956,25	0,254026532173157	
		3959,375	0,832820594310761	3959,375	0,0279829576611519					3959,375	0,0155426943674684			3959,375	2,54115128517151	3959,375	0,352818042039871					3959,375	0,255895495414734	
		3962,5	0,82571941614151	3962,5	0,0258961282670498					3962,5	0,0137120122089982			3962,5	2,56620121002197	3962,5	0,354470759630203					3962,5	0,257605910301209	
		3965,625	0,798004508018494	3965,625	0,0241610240191221					3965,625	0,0121283354237676			3965,625	2,5662796497345	3965,625	0,353116869926453					3965,625	0,25669139623642	
		3968,75	0,797595262527466	3968,75	0,0238891560584307					3968,75	0,0117517644539475			3968,75	2,5717511177063	3968,75	0,354830116033554					3968,75	0,258847415447235	
		3971,875	0,803233087062836	3971,875	0,0223667081445456					3971,875	0,0106051368638873			3971,875	2,5863208770752	3971,875	0,357427477836609					3971,875	0,26170939207077	
		3975	0,805174648761749	3975	0,0217728056013584					3975	0,010121394880116			3975	2,60289216041565	3975	0,360912144184113					3975	0,264895707368851	
		3978,125	0,80726432800293	3978,125	0,0243441313505173					3978,125	0,0122671071439981			3978,125	2,58504319190979	3978,125	0,360417157411575					3978,125	0,264587193727493	
		3981,25	0,80995112657547	3981,25	0,0265296678990126					3981,25	0,0142489559948444			3981,25	2,56259250640869	3981,25	0,35941269993782					3981,25	0,264010429382324	
		3984,375	0,815439105033875	3984,375	0,0273550972342491					3984,375	0,0150900054723024			3984,375	2,57261872291565	3984,375	0,361324399709702					3984,375	0,266005456447601	
		3987,5	0,797811388969421	3987,5	0,0269241165369749					3987,5	0,0148201696574688			3987,5	2,57512331008911	3987,5	0,360886693000793					3987,5	0,265936821699142	
		3990,625	0,79809182882309	3990,625	0,0258008930832148					3990,625	0,0134311821311712			3990,625	2,58800864219666	3990,625	0,364487946033478					3990,625	0,269799500703812	
		3993,75	0,795692443847656	3993,75	0,0251809004694223					3993,75	0,012898575514555			3993,75	2,58840751647949	3993,75	0,364397019147873					3993,75	0,269814759492874	
		3996,875	0,789958119392395	3996,875	0,0238973218947649					3996,875	0,0113970600068569			3996,875	2,59460282325745	3996,875	0,365394115447998					3996,875	0,270825266838074	
		4000	0,781533300876617	4000	0,020714558660984					4000	0,00853727292269468			4000	2,61881518363953	4000	0,367958009243011					4000	0,273555308580399	
		4003,125	0,790297091007233	4003,125	0,0223344378173351					4003,125	0,0103434342890978			4003,125	2,60784578323364	4003,125	0,368850201368332					4003,125	0,274602323770523	
		4006,25	0,795655131340027	4006,25	0,023293124511838					4006,25	0,0111109465360641			4006,25	2,60630559921265	4006,25	0,369637578725815					4006,25	0,275512635707855	
		4009,375	0,800032019615173	4009,375	0,0243246536701918					4009,375	0,0122056007385254			4009,375	2,60932588577271	4009,375	0,371053725481033					4009,375	0,27714416384697	
		4012,5	0,794207155704498	4012,5	0,0237609278410673					4012,5	0,0114730168133974			4012,5	2,60951709747314	4012,5	0,371585667133331					4012,5	0,277842730283737	
		4015,625	0,79360044002533	4015,625	0,0233566965907812					4015,625	0,0108993165194988			4015,625	2,61457300186157	4015,625	0,372650027275085					4015,625	0,279560714960098	
		4018,75	0,798068940639496	4018,75	0,0228133331984282					4018,75	0,0105727510526776			4018,75	2,61940383911133	4018,75	0,374217689037323					4018,75	0,281341820955276	
		4021,875	0,807352960109711	4021,875	0,0218615867197514					4021,875	0,010147562250495			4021,875	2,62431526184082	4021,875	0,37568524479866					4021,875	0,282514065504074	
		4025	0,805913031101227	4025	0,0213406402617693					4025	0,00963628850877285			4025	2,62311983108521	4025	0,377264857292175					4025	0,283977657556534	
		4028,125	0,805855631828308	4028,125	0,0238585025072098					4028,125	0,0119039583951235			4028,125	2,60450792312622	4028,125	0,375977665185928					4028,125	0,283506721258163	
		4031,25	0,834121823310852	4031,25	0,0266750156879425					4031,25	0,0141572840511799			4031,25	2,61453890800476	4031,25	0,379878520965576					4031,25	0,287929207086563	
		4034,375	0,823696553707123	4034,375	0,0248823501169682					4034,375	0,0123470351099968			4034,375	2,6134569644928	4034,375	0,380585551261902					4034,375	0,288444101810455	
		4037,5	0,803132295608521	4037,5	0,0217912029474974					4037,5	0,0097741624340415			4037,5	2,6225061416626	4037,5	0,381335318088531					4037,5	0,289401590824127	
		4040,625	0,835136532783508	4040,625	0,0278799515217543					4040,625	0,0153295285999775			4040,625	2,59093499183655	4040,625	0,381769806146622					4040,625	0,29016575217247	
		4043,75	0,832914412021637	4043,75	0,0251910760998726					4043,75	0,0129094105213881			4043,75	2,60284471511841	4043,75	0,384208858013153					4043,75	0,292791575193405	
		4046,875	0,836335361003876	4046,875	0,0251594819128513					4046,875	0,0132071413099766			4046,875	2,60410404205322	4046,875	0,386051416397095					4046,875	0,29503259062767	
		4050	0,841033756732941	4050	0,0262282211333513					4050	0,014037137851119			4050	2,60088920593262	4050	0,388036638498306					4050	0,296997308731079	
		4053,125	0,824160099029541	4053,125	0,0249460190534592					4053,125	0,0125100743025541			4053,125	2,58929681777954	4053,125	0,386119246482849					4053,125	0,295351535081863	
		4056,25	0,834966659545898	4056,25	0,0254047568887472					4056,25	0,0128603577613831			4056,25	2,60117959976196	4056,25	0,388995170593262					4056,25	0,298415690660477	
		4059,375	0,824487864971161	4059,375	0,0259563531726599					4059,375	0,0137231275439262			4059,375	2,58498954772949	4059,375	0,386704951524735					4059,375	0,296459048986435	
		4062,5	0,845181405544281	4062,5	0,0282935351133347					4062,5	0,0161625072360039			4062,5	2,58169770240784	4062,5	0,390065789222717					4062,5	0,30000627040863	
		4065,625	0,831801474094391	4065,625	0,0251028500497341					4065,625	0,013185583986342			4065,625	2,59121060371399	4065,625	0,392566651105881					4065,625	0,302557587623596	
		4068,75	0,82867842912674	4068,75	0,0259015299379826					4068,75	0,0137930884957314			4068,75	2,58171987533569	4068,75	0,392588585615158					4068,75	0,302758276462555	
		4071,875	0,839488625526428	4071,875	0,0278550293296576					4071,875	0,0156294815242291			4071,875	2,57301425933838	4071,875	0,393168687820435					4071,875	0,303890734910965	
		4075	0,819191813468933	4075	0,0236166138201952					4075	0,0115261217579246			4075	2,59582948684692	4075	0,395795881748199					4075	0,306485831737518	
		4078,125	0,813383221626282	4078,125	0,0221473481506109					4078,125	0,0094080762937665			4078,125	2,58693289756775	4078,125	0,396265238523483					4078,125	0,306816756725311	
		4081,25	0,816214740276337	4081,25	0,0210020858794451					4081,25	0,00832373928278685			4081,25	2,58836603164673	4081,25	0,39939484000206					4081,25	0,310303747653961	
		4084,375	0,829735338687897	4084,375	0,0233687832951546					4084,375	0,01116559561342			4084,375	2,58297324180603	4084,375	0,399275809526443					4084,375	0,310004353523254	
		4087,5	0,816427767276764	4087,5	0,0223498027771711					4087,5	0,0101259602233768			4087,5	2,59296655654907	4087,5	0,400729477405548					4087,5	0,311848133802414	
		4090,625	0,822770774364471	4090,625	0,0265608318150043					4090,625	0,0142336850985885			4090,625	2,56341552734375	4090,625	0,399082809686661					4090,625	0,310802161693573	
		4093,75	0,846487641334534	4093,75	0,0292344205081463					4093,75	0,0169372539967299			4093,75	2,56646800041199	4093,75	0,403235673904419					4093,75	0,315265089273453	
		4096,875	0,821190655231476	4096,875	0,0257612932473421					4096,875	0,013393534347415			4096,875	2,56817936897278	4096,875	0,402405917644501					4096,875	0,314860463142395	
		4100	0,816141784191132	4100	0,02481434866786					4100	0,0122998375445604			4100	2,58140540122986	4100	0,405038207769394					4100	0,317942202091217	
		4103,125	0,818038403987885	4103,125	0,0255464967340231					4103,125	0,0129310917109251			4103,125	2,57217359542847	4103,125	0,405556887388229					4103,125	0,318548023700714	
		4106,25	0,8113774061203	4106,25	0,0255677811801434					4106,25	0,0131774572655559			4106,25	2,56120848655701	4106,25	0,403947949409485					4106,25	0,317220687866211	
		4109,375	0,79748672246933	4109,375	0,0221884567290545					4109,375	0,0102342572063208			4109,375	2,57650971412659	4109,375	0,405984222888947					4109,375	0,319749116897583	
		4112,5	0,816712081432343	4112,5	0,0268824994564056					4112,5	0,0146715082228184			4112,5	2,56974220275879	4112,5	0,408440679311752					4112,5	0,322418361902237	
		4115,625	0,816796660423279	4115,625	0,0268138889223337					4115,625	0,0146703058853745			4115,625	2,561448097229	4115,625	0,409249842166901					4115,625	0,323275357484818	
		4118,75	0,806005835533142	4118,75	0,0244640540331602					4118,75	0,0120393075048923			4118,75	2,56546568870544	4118,75	0,410373389720917					4118,75	0,324334770441055	
		4121,875	0,799423515796661	4121,875	0,0241317879408598					4121,875	0,0118852192535996			4121,875	2,55461812019348	4121,875	0,410049855709076					4121,875	0,324641019105911	
		4125	0,819095313549042	4125	0,0272241439670324					4125	0,01517020072788			4125	2,56198191642761	4125	0,413652986288071					4125	0,328517496585846	
		4128,125	0,814082324504852	4128,125	0,0271062571555376					4128,125	0,0149546563625336			4128,125	2,55764961242676	4128,125	0,414692759513855					4128,125	0,329542279243469	
		4131,25	0,805722594261169	4131,25	0,0256755091249943					4131,25	0,0136748449876904			4131,25	2,5490128993988	4131,25	0,414323598146439					4131,25	0,329513341188431	
		4134,375	0,804512798786163	4134,375	0,0246151816099882					4134,375	0,012858766131103			4134,375	2,56030225753784	4134,375	0,417111545801163					4134,375	0,332556426525116	
		4137,5	0,798785030841827	4137,5	0,0247231777757406					4137,5	0,0126982191577554			4137,5	2,55674815177917	4137,5	0,417098790407181					4137,5	0,332867383956909	
		4140,625	0,803334176540375	4140,625	0,0264922175556421					4140,625	0,014318423345685			4140,625	2,5381166934967	4140,625	0,415708661079407					4140,625	0,331880956888199	
		4143,75	0,809535920619965	4143,75	0,0265434850007296					4143,75	0,0143790375441313			4143,75	2,55439043045044	4143,75	0,420066714286804					4143,75	0,336279779672623	
		4146,875	0,795369625091553	4146,875	0,0267245657742023					4146,875	0,0146995494142175			4146,875	2,54162311553955	4146,875	0,418278634548187					4146,875	0,334860056638718	
		4150	0,80766773223877	4150	0,0283597372472286					4150	0,0164348594844341			4150	2,55473041534424	4150	0,423456490039825					4150	0,340258806943893	
		4153,125	0,787463426589966	4153,125	0,0245880354195833					4153,125	0,0129630835726857			4153,125	2,55723261833191	4153,125	0,423619866371155					4153,125	0,341163963079453	
		4156,25	0,790858209133148	4156,25	0,0248382519930601					4156,25	0,0130103584378958			4156,25	2,55204081535339	4156,25	0,424997329711914					4156,25	0,342433929443359	
		4159,375	0,791392683982849	4159,375	0,0265309680253267					4159,375	0,0146518563851714			4159,375	2,52511930465698	4159,375	0,422575622797012					4159,375	0,340323597192764	
		4162,5	0,803181350231171	4162,5	0,0275180861353874					4162,5	0,0154534038156271			4162,5	2,5381031036377	4162,5	0,426067858934402					4162,5	0,344031572341919	
		4165,625	0,796140730381012	4165,625	0,0275212768465281					4165,625	0,0156906340271235			4165,625	2,53907895088196	4165,625	0,427442759275436					4165,625	0,345228254795074	
		4168,75	0,794208884239197	4168,75	0,0275595653802156					4168,75	0,0160508323460817			4168,75	2,53130221366882	4168,75	0,427604168653488					4168,75	0,345723986625671	
		4171,875	0,793096005916595	4171,875	0,0270831659436226					4171,875	0,0159088857471943			4171,875	2,52179002761841	4171,875	0,427766412496567					4171,875	0,346393555402756	
		4175	0,781496405601501	4175	0,0249163322150707					4175	0,0135471187531948			4175	2,52544498443604	4175	0,428460329771042					4175	0,347519785165787	
		4178,125	0,777046799659729	4178,125	0,0239152535796165					4178,125	0,0118957916274667			4178,125	2,53483891487122	4178,125	0,431655138731003					4178,125	0,35086515545845	
		4181,25	0,783196806907654	4181,25	0,025600254535675					4181,25	0,0140659930184484			4181,25	2,53366565704346	4181,25	0,434020519256592					4181,25	0,353400975465775	
		4184,375	0,77822607755661	4184,375	0,0260215885937214					4184,375	0,0145500646904111			4184,375	2,52093935012817	4184,375	0,433220893144608					4184,375	0,352891266345978	
		4187,5	0,780657231807709	4187,5	0,0256588794291019					4187,5	0,0143519090488553			4187,5	2,52351760864258	4187,5	0,435386449098587					4187,5	0,3553187251091	
		4190,625	0,771614074707031	4190,625	0,025084812194109					4190,625	0,0136158270761371			4190,625	2,51721096038818	4190,625	0,435032993555069					4190,625	0,355491369962692	
		4193,75	0,770405530929565	4193,75	0,0246182661503553					4193,75	0,0131696052849293			4193,75	2,5105288028717	4193,75	0,435902506113052					4193,75	0,356445759534836	
		4196,875	0,774324238300323	4196,875	0,0256156288087368					4196,875	0,0137662412598729			4196,875	2,50691628456116	4196,875	0,43733423948288					4196,875	0,358536928892136	
		4200	0,764649510383606	4200	0,0265649445354939					4200	0,0140203004702926			4200	2,49989533424377	4200	0,436937689781189					4200	0,358717441558838	
		4203,125	0,772279977798462	4203,125	0,0271788705140352					4203,125	0,0149602992460132			4203,125	2,50731325149536	4203,125	0,440536707639694					4203,125	0,361668556928635	
		4206,25	0,78474760055542	4206,25	0,0303789041936398					4206,25	0,0184662863612175			4206,25	2,48679232597351	4206,25	0,441368162631989					4206,25	0,362394392490387	
		4209,375	0,774961292743683	4209,375	0,0287634152919054					4209,375	0,0163775514811277			4209,375	2,48987936973572	4209,375	0,442593485116959					4209,375	0,363445788621902	
		4212,5	0,760683298110962	4212,5	0,0255710817873478					4212,5	0,0138697028160095			4212,5	2,49394750595093	4212,5	0,44331169128418					4212,5	0,364423036575317	
		4215,625	0,75675904750824	4215,625	0,025042662397027					4215,625	0,0135206822305918			4215,625	2,49618864059448	4215,625	0,445796936750412					4215,625	0,366413980722427	
		4218,75	0,753704607486725	4218,75	0,024911692366004					4218,75	0,0138775464147329			4218,75	2,49139547348022	4218,75	0,446099191904068					4218,75	0,367886543273926	
		4221,875	0,754491567611694	4221,875	0,0253773611038923					4221,875	0,0145854726433754			4221,875	2,48307466506958	4221,875	0,446113258600235					4221,875	0,368068277835846	
		4225	0,762403845787048	4225	0,0260997153818607					4225	0,0159807931631804			4225	2,48399806022644	4225	0,449563890695572					4225	0,369708359241486	
		4228,125	0,763709247112274	4228,125	0,0274105351418257					4228,125	0,0169981066137552			4228,125	2,47621154785156	4228,125	0,44981324672699					4228,125	0,372180461883545	
		4231,25	0,745829641819	4231,25	0,0250721126794815					4231,25	0,0149420807138085			4231,25	2,46735000610352	4231,25	0,449070960283279					4231,25	0,372282266616821	
		4234,375	0,750976741313934	4234,375	0,0262508075684309					4234,375	0,0185059439390898			4234,375	2,46456527709961	4234,375	0,452194541692734					4234,375	0,37586036324501	
		4237,5	0,749942123889923	4237,5	0,0272820144891739					4237,5	0,017851622775197			4237,5	2,46507716178894	4237,5	0,453750669956207					4237,5	0,378072887659073	
		4240,625	0,734764218330383	4240,625	0,0256683751940727					4240,625	0,015591355971992			4240,625	2,45776391029358	4240,625	0,453241169452667					4240,625	0,377742856740952	
		4243,75	0,744227826595306	4243,75	0,0281013585627079					4243,75	0,0177765842527151			4243,75	2,44824147224426	4243,75	0,454624980688095					4243,75	0,379321992397308	
		4246,875	0,723388910293579	4246,875	0,0239250641316175					4246,875	0,013985775411129			4246,875	2,44958138465881	4246,875	0,455350548028946					4246,875	0,38034775853157	
		4250	0,726284623146057	4250	0,0248124934732914					4250	0,0149442972615361			4250	2,44807529449463	4250	0,457578778266907					4250	0,382855236530304	
		4253,125	0,732083976268768	4253,125	0,0272254440933466					4253,125	0,0171322803944349			4253,125	2,43838620185852	4253,125	0,457287788391113					4253,125	0,382727265357971	
		4256,25	0,723542034626007	4256,25	0,0257727615535259					4256,25	0,0160723533481359			4256,25	2,44094252586365	4256,25	0,459694594144821					4256,25	0,384904384613037	
		4259,375	0,706226944923401	4259,375	0,0246877409517765					4259,375	0,0153102595359087			4259,375	2,42602753639221	4259,375	0,458094149827957					4259,375	0,383617341518402	
		4262,5	0,701253831386566	4262,5	0,0246192906051874					4262,5	0,0148619888350368			4262,5	2,4344687461853	4262,5	0,461527347564697					4262,5	0,386993110179901	
		4265,625	0,697738647460938	4265,625	0,0246342662721872					4265,625	0,0148937664926052			4265,625	2,43983697891235	4265,625	0,463908582925797					4265,625	0,389362782239914	
		4268,75	0,686502873897552	4268,75	0,0241138972342014					4268,75	0,014594548381865			4268,75	2,42393112182617	4268,75	0,4623664021492					4268,75	0,388366252183914	
		4271,875	0,685092985630035	4271,875	0,0246770977973938					4271,875	0,0155059173703194			4271,875	2,41354298591614	4271,875	0,463314712047577					4271,875	0,389666825532913	
		4275	0,685237884521484	4275	0,0235167033970356					4275	0,0145003776997328			4275	2,43899822235107	4275	0,468834280967712					4275	0,394798040390015	
		4278,125	0,670215785503387	4278,125	0,0236223749816418					4278,125	0,0141656808555126			4278,125	2,42953944206238	4278,125	0,466787278652191					4278,125	0,393246710300446	
		4281,25	0,666538953781128	4281,25	0,0241861622780561					4281,25	0,0145344734191895			4281,25	2,42027258872986	4281,25	0,466185092926025					4281,25	0,393118172883987	
		4284,375	0,653212189674377	4284,375	0,021796366199851					4284,375	0,0127101009711623			4284,375	2,44928407669067	4284,375	0,471991091966629					4284,375	0,399165958166122	
		4287,5	0,643647372722626	4287,5	0,0215609278529882					4287,5	0,0126022435724735			4287,5	2,44044756889343	4287,5	0,471379727125168					4287,5	0,398231595754623	
		4290,625	0,636672616004944	4290,625	0,0218821205198765					4290,625	0,0129646239802241			4290,625	2,43911337852478	4290,625	0,472031950950623					4290,625	0,39925479888916	
		4293,75	0,64685320854187	4293,75	0,0246795304119587					4293,75	0,015612730756402			4293,75	2,43580174446106	4293,75	0,472075164318085					4293,75	0,399930089712143	
		4296,875	0,65233451128006	4296,875	0,0258804094046354					4296,875	0,0166632831096649			4296,875	2,43029403686523	4296,875	0,472559571266174					4296,875	0,400640249252319	
		4300	0,655443489551544	4300	0,0253733247518539					4300	0,0159861072897911			4300	2,43881988525391	4300	0,476522952318192					4300	0,40411564707756	
		4303,125	0,635191917419434	4303,125	0,0238786470144987					4303,125	0,0142530417069793			4303,125	2,45300960540771	4303,125	0,477031201124191					4303,125	0,405504912137985	
		4306,25	0,648664712905884	4306,25	0,025340162217617					4306,25	0,0157478712499142			4306,25	2,45380067825317	4306,25	0,479215145111084					4306,25	0,407141536474228	
		4309,375	0,648572742938995	4309,375	0,0255940519273281					4309,375	0,0159083176404238			4309,375	2,4467921257019	4309,375	0,478690713644028					4309,375	0,406567692756653	
		4312,5	0,637741386890411	4312,5	0,0229879878461361					4312,5	0,0134125333279371			4312,5	2,46448421478271	4312,5	0,482269555330276					4312,5	0,410666137933731	
		4315,625	0,636586546897888	4315,625	0,0243916865438223					4315,625	0,0146249774843454			4315,625	2,46074390411377	4315,625	0,482552230358124					4315,625	0,411199599504471	
		4318,75	0,632487714290619	4318,75	0,0233496595174074					4318,75	0,013315168209374			4318,75	2,46116757392883	4318,75	0,483250141143799					4318,75	0,411824226379395	
		4321,875	0,642763316631317	4321,875	0,0239524617791176					4321,875	0,0140268560498953			4321,875	2,46728134155273	4321,875	0,486126631498337					4321,875	0,414901703596115	
		4325	0,649521172046661	4325	0,0254702419042587					4325	0,0158981755375862			4325	2,46144151687622	4325	0,48637980222702					4325	0,415285050868988	
		4328,125	0,638932108879089	4328,125	0,023213092237711					4328,125	0,0134198712185025			4328,125	2,45969843864441	4328,125	0,485820829868317					4328,125	0,41520082950592	
		4331,25	0,634617924690247	4331,25	0,021638672798872					4331,25	0,0115064261481166			4331,25	2,47038006782532	4331,25	0,488307237625122					4331,25	0,417756319046021	
		4334,375	0,646298706531525	4334,375	0,0242991540580988					4334,375	0,0141199501231313			4334,375	2,46136236190796	4334,375	0,488715916872025					4334,375	0,418505162000656	
		4337,5	0,640063941478729	4337,5	0,0224362779408693					4337,5	0,0120123084634542			4337,5	2,46751523017883	4337,5	0,490839451551437					4337,5	0,420964360237122	
		4340,625	0,654362320899963	4340,625	0,0253285877406597					4340,625	0,0148626184090972			4340,625	2,46520280838013	4340,625	0,491701155900955					4340,625	0,422690063714981	
		4343,75	0,644193649291992	4343,75	0,023662893101573					4343,75	0,0131433224305511			4343,75	2,46746850013733	4343,75	0,493049621582031					4343,75	0,424273431301117	
		4346,875	0,654491484165192	4346,875	0,0242645721882582					4346,875	0,0133226728066802			4346,875	2,4712336063385	4346,875	0,496056646108627					4346,875	0,426928818225861	
		4350	0,663859069347382	4350	0,0253542456775904					4350	0,013189953751862			4350	2,47237300872803	4350	0,497460275888443					4350	0,428766429424286	
		4353,125	0,656616389751434	4353,125	0,0247518755495548					4353,125	0,0130269508808851			4353,125	2,46205735206604	4353,125	0,496157556772232					4353,125	0,427728146314621	
		4356,25	0,661607027053833	4356,25	0,0246993992477655					4356,25	0,0132276834920049			4356,25	2,45996952056885	4356,25	0,497743844985962					4356,25	0,42948380112648	
		4359,375	0,675999104976654	4359,375	0,0260200276970863					4359,375	0,0149502502754331			4359,375	2,46795701980591	4359,375	0,500070512294769					4359,375	0,431967258453369	
		4362,5	0,663626432418823	4362,5	0,0234898030757904					4362,5	0,0124235181137919			4362,5	2,46853470802307	4362,5	0,50223970413208					4362,5	0,435411423444748	
		4365,625	0,650360822677612	4365,625	0,0228222720324993					4365,625	0,0107572758570313			4365,625	2,46100378036499	4365,625	0,500584244728088					4365,625	0,433849930763245	
		4368,75	0,657755851745605	4368,75	0,022165285423398					4368,75	0,0104448720812798			4368,75	2,46876764297485	4368,75	0,504790365695953					4368,75	0,438118726015091	
		4371,875	0,676856696605682	4371,875	0,0255324561148882					4371,875	0,0141614470630884			4371,875	2,45800518989563	4371,875	0,503986597061157					4371,875	0,438285410404205	
		4375	0,684778094291687	4375	0,0267460271716118					4375	0,0148449977859855			4375	2,45939660072327	4375	0,505887389183044					4375	0,440672606229782	
		4378,125	0,662221252918243	4378,125	0,0204294007271528					4378,125	0,00899238046258688			4378,125	2,48652195930481	4378,125	0,509801626205444					4378,125	0,444761633872986	
		4381,25	0,679809272289276	4381,25	0,0230547022074461					4381,25	0,0114836944267154			4381,25	2,47341918945313	4381,25	0,510289311408997					4381,25	0,446030497550964	
		4384,375	0,685757637023926	4384,375	0,0255117062479258					4384,375	0,0135748255997896			4384,375	2,45998072624207	4384,375	0,511035740375519					4384,375	0,44683250784874	
		4387,5	0,6934494972229	4387,5	0,0272138323634863					4387,5	0,0150162624195218			4387,5	2,44408297538757	4387,5	0,511322557926178					4387,5	0,447127252817154	
		4390,625	0,690556526184082	4390,625	0,0252359062433243					4390,625	0,0131910108029842			4390,625	2,45306086540222	4390,625	0,513195693492889					4390,625	0,449963450431824	
		4393,75	0,688045263290405	4393,75	0,0247864853590727					4393,75	0,0131147364154458			4393,75	2,46349930763245	4393,75	0,51558244228363					4393,75	0,452833026647568	
		4396,875	0,684112310409546	4396,875	0,0233210027217865					4396,875	0,0113512631505728			4396,875	2,45964026451111	4396,875	0,515412867069244					4396,875	0,453150004148483	
		4400	0,689346969127655	4400	0,0238576885312796					4400	0,0123422518372536			4400	2,45937085151672	4400	0,517169713973999					4400	0,455121695995331	
		4403,125	0,700674712657928	4403,125	0,0262700486928225					4403,125	0,0147626148536801			4403,125	2,44569182395935	4403,125	0,518247902393341					4403,125	0,456483513116837	
		4406,25	0,703633964061737	4406,25	0,0257540624588728					4406,25	0,0144446520134807			4406,25	2,44897747039795	4406,25	0,518961191177368					4406,25	0,458298116922379	
		4409,375	0,702656447887421	4409,375	0,0229117181152105					4409,375	0,0117896543815732			4409,375	2,46380090713501	4409,375	0,522879123687744					4409,375	0,462059706449509	
		4412,5	0,705524861812592	4412,5	0,0229802913963795					4412,5	0,0116053279489279			4412,5	2,45848083496094	4412,5	0,521798968315125					4412,5	0,461450755596161	
		4415,625	0,705505907535553	4415,625	0,0256696119904518					4415,625	0,0130532644689083			4415,625	2,4581139087677	4415,625	0,522924900054932					4415,625	0,462660044431686	
		4418,75	0,713085770606995	4418,75	0,0239143688231707					4418,75	0,0121538955718279			4418,75	2,45469284057617	4418,75	0,526128351688385					4418,75	0,465761333703995	
		4421,875	0,706648111343384	4421,875	0,0226990189403296					4421,875	0,010906751267612			4421,875	2,44872212409973	4421,875	0,528220891952515					4421,875	0,467603743076324	
		4425	0,719704568386078	4425	0,0250270459800959					4425	0,0132813835516572			4425	2,43902802467346	4425	0,529018461704254					4425	0,469252020120621	
		4428,125	0,717219471931458	4428,125	0,0249911323189735					4428,125	0,0136421239003539			4428,125	2,44554758071899	4428,125	0,530784606933594					4428,125	0,47165647149086	
		4431,25	0,701938450336456	4431,25	0,0230374727398157					4431,25	0,0119714885950089			4431,25	2,43671703338623	4431,25	0,527924656867981					4431,25	0,469343304634094	
		4434,375	0,721162140369415	4434,375	0,0233443677425385					4434,375	0,0115302270278335			4434,375	2,43388676643372	4434,375	0,533531248569489					4434,375	0,474390238523483	
		4437,5	0,737652719020844	4437,5	0,0239377189427614					4437,5	0,0122920870780945			4437,5	2,43514347076416	4437,5	0,532983124256134					4437,5	0,474848031997681	
		4440,625	0,738812267780304	4440,625	0,0239712186157703					4440,625	0,0119539275765419			4440,625	2,43836450576782	4440,625	0,535167157649994					4440,625	0,477708965539932	
		4443,75	0,745327770709991	4443,75	0,0261534247547388					4443,75	0,0150398444384336			4443,75	2,43804430961609	4443,75	0,537226676940918					4443,75	0,479965180158615	
		4446,875	0,730704426765442	4446,875	0,024074686691165					4446,875	0,0124923512339592			4446,875	2,43660926818848	4446,875	0,537662386894226					4446,875	0,480771869421005	
		4450	0,727451860904694	4450	0,0234638564288616					4450	0,0105576869100332			4450	2,43057918548584	4450	0,537144958972931					4450	0,480397015810013	
		4453,125	0,740102231502533	4453,125	0,0242108851671219					4453,125	0,0116833569481969			4453,125	2,4326810836792	4453,125	0,53936642408371					4453,125	0,483632117509842	
		4456,25	0,746703147888184	4456,25	0,0262281782925129					4456,25	0,0148057322949171			4456,25	2,41309475898743	4456,25	0,538523077964783					4456,25	0,483007192611694	
		4459,375	0,756162405014038	4459,375	0,0270786285400391					4459,375	0,0156423263251781			4459,375	2,416020154953	4459,375	0,542419075965881					4459,375	0,487113416194916	
		4462,5	0,751033782958984	4462,5	0,0234406124800444					4462,5	0,0106344735249877			4462,5	2,43066811561584	4462,5	0,548365592956543					4462,5	0,492249399423599	
		4465,625	0,751622974872589	4465,625	0,024378689005971					4465,625	0,0117265721783042			4465,625	2,41714239120483	4465,625	0,546223521232605					4465,625	0,491410106420517	
		4468,75	0,751219093799591	4468,75	0,0223363861441612					4468,75	0,0114441830664873			4468,75	2,42129349708557	4468,75	0,545831322669983					4468,75	0,492679953575134	
		4471,875	0,769432067871094	4471,875	0,0251986775547266					4471,875	0,0138660790398717			4471,875	2,41905903816223	4471,875	0,552089989185333					4471,875	0,499173313379288	
		4475	0,762240469455719	4475	0,0265029594302177					4475	0,0129325576126575			4475	2,41356182098389	4475	0,551239907741547					4475	0,498372673988342	
		4478,125	0,770085036754608	4478,125	0,028652373701334					4478,125	0,0168326087296009			4478,125	2,40110850334167	4478,125	0,54913854598999					4478,125	0,498348295688629	
		4481,25	0,787620782852173	4481,25	0,0260974578559399					4481,25	0,0137688806280494			4481,25	2,42174673080444	4481,25	0,558433651924133					4481,25	0,508721709251404	
		4484,375	0,776701331138611	4484,375	0,0236501637846231					4484,375	0,0114525137469172			4484,375	2,4158730506897	4484,375	0,558135390281677					4484,375	0,506947636604309	
		4487,5	0,782191336154938	4487,5	0,0255428142845631					4487,5	0,0135579705238342			4487,5	2,40251731872559	4487,5	0,554363787174225					4487,5	0,503340303897858	
		4490,625	0,791046798229218	4490,625	0,0267685893923044					4490,625	0,0145417088642716			4490,625	2,3949601650238	4490,625	0,557746350765228					4490,625	0,506545007228851	
		4493,75	0,795528829097748	4493,75	0,0261365678161383					4493,75	0,0151145700365305			4493,75	2,39112114906311	4493,75	0,560142040252686					4493,75	0,510375022888184	
		4496,875	0,809484899044037	4496,875	0,029147682711482					4496,875	0,0184983946382999			4496,875	2,39703345298767	4496,875	0,562473595142365					4496,875	0,513573586940765	
		4500	0,798428475856781	4500	0,0261875968426466					4500	0,0146667324006557			4500	2,39557242393494	4500	0,561095774173737					4500	0,51157021522522	
		4503,125	0,80869323015213	4503,125	0,0281822625547647					4503,125	0,0156907718628645			4503,125	2,38673281669617	4503,125	0,564722061157227					4503,125	0,515254855155945	
		4506,25	0,805546998977661	4506,25	0,0258349534124136					4506,25	0,013354916125536			4506,25	2,39004158973694	4506,25	0,565873622894287					4506,25	0,518082618713379	
		4509,375	0,813073337078094	4509,375	0,0235503204166889					4509,375	0,0118774101138115			4509,375	2,38993263244629	4509,375	0,56718373298645					4509,375	0,519993603229523	
		4512,5	0,820567727088928	4512,5	0,0269580259919167					4512,5	0,0152997793629766			4512,5	2,37380051612854	4512,5	0,566653907299042					4512,5	0,519212007522583	
		4515,625	0,830767571926117	4515,625	0,0274902526289225					4515,625	0,0160180926322937			4515,625	2,37718486785889	4515,625	0,569373846054077					4515,625	0,522563815116882	
		4518,75	0,823747932910919	4518,75	0,0237179212272167					4518,75	0,013149905949831			4518,75	2,37134599685669	4518,75	0,569265246391296					4518,75	0,522868633270264	
		4521,875	0,830637753009796	4521,875	0,0242934618145227					4521,875	0,0129894781857729			4521,875	2,36771893501282	4521,875	0,57258802652359					4521,875	0,524901688098907	
		4525	0,844409227371216	4525	0,0268044080585241					4525	0,0158231854438782			4525	2,35706114768982	4525	0,575241148471832					4525	0,528733789920807	
		4528,125	0,856130599975586	4528,125	0,0304220765829086					4528,125	0,0198349822312593			4528,125	2,34447407722473	4528,125	0,576173067092896					4528,125	0,529890894889832	
		4531,25	0,857403337955475	4531,25	0,0308242328464985					4531,25	0,0192674919962883			4531,25	2,34321355819702	4531,25	0,577907204627991					4531,25	0,532373666763306	
		4534,375	0,851675450801849	4534,375	0,0283655934035778					4534,375	0,0166402012109756			4534,375	2,33783411979675	4534,375	0,577625513076782					4534,375	0,532539010047913	
		4537,5	0,855149567127228	4537,5	0,0296636950224638					4537,5	0,0177225582301617			4537,5	2,33273363113403	4537,5	0,579627394676209					4537,5	0,535232901573181	
		4540,625	0,861380875110626	4540,625	0,0297703612595797					4540,625	0,0184800215065479			4540,625	2,33115744590759	4540,625	0,582731187343597					4540,625	0,537848711013794	
		4543,75	0,856319725513458	4543,75	0,0299897696822882					4543,75	0,0188324823975563			4543,75	2,32716870307922	4543,75	0,584665894508362					4543,75	0,539821028709412	
		4546,875	0,853053867816925	4546,875	0,0295153092592955					4546,875	0,0183750465512276			4546,875	2,31964159011841	4546,875	0,584896624088287					4546,875	0,54036545753479	
		4550	0,846960067749023	4550	0,0268117897212505					4550	0,015348662622273			4550	2,32049775123596	4550	0,585774898529053					4550	0,541198968887329	
		4553,125	0,85535192489624	4553,125	0,0304842665791512					4553,125	0,0195507612079382			4553,125	2,3175802230835	4553,125	0,587481439113617					4553,125	0,543782353401184	
		4556,25	0,857869863510132	4556,25	0,0298888944089413					4556,25	0,0186319444328547			4556,25	2,31641030311584	4556,25	0,591250717639923					4556,25	0,547984182834625	
		4559,375	0,846605062484741	4559,375	0,0271002668887377					4559,375	0,0151521740481257			4559,375	2,29676365852356	4559,375	0,586757302284241					4559,375	0,544500827789307	
		4562,5	0,860457837581635	4562,5	0,0259436331689358					4562,5	0,0155937066301703			4562,5	2,33742904663086	4562,5	0,598607420921326					4562,5	0,557282447814941	
		4565,625	0,859601855278015	4565,625	0,0282376818358898					4565,625	0,0176435839384794			4565,625	2,32128763198853	4565,625	0,59603625535965					4565,625	0,554820001125336	
		4568,75	0,858662486076355	4568,75	0,0271594934165478					4568,75	0,0163767579942942			4568,75	2,32041382789612	4568,75	0,596834182739258					4568,75	0,55591094493866	
		4571,875	0,861317753791809	4571,875	0,0282203890383244					4571,875	0,0174673218280077			4571,875	2,30704045295715	4571,875	0,596721887588501					4571,875	0,55554336309433	
		4575	0,870923817157745	4575	0,0297508183866739					4575	0,0180122833698988			4575	2,31157827377319	4575	0,601920545101166					4575	0,560965240001678	
		4578,125	0,873853445053101	4578,125	0,0309833362698555					4578,125	0,01944868452847			4578,125	2,30415606498718	4578,125	0,603059053421021					4578,125	0,561830341815948	
		4581,25	0,887813627719879	4581,25	0,0324225462973118					4581,25	0,0217356253415346			4581,25	2,30223512649536	4581,25	0,604925036430359					4581,25	0,564399838447571	
		4584,375	0,888205945491791	4584,375	0,0314645767211914					4584,375	0,020347161218524			4584,375	2,30870079994202	4584,375	0,607257544994354					4584,375	0,567538738250732	
		4587,5	0,876670002937317	4587,5	0,0285186115652323					4587,5	0,0178036447614431			4587,5	2,30560421943665	4587,5	0,60720831155777					4587,5	0,567585706710815	
		4590,625	0,884565234184265	4590,625	0,0291817244142294					4590,625	0,0191214252263308			4590,625	2,31152725219727	4590,625	0,611126363277435					4590,625	0,571892082691193	
		4593,75	0,888523578643799	4593,75	0,0302199013531208					4593,75	0,018907442688942			4593,75	2,3064227104187	4593,75	0,612778544425964					4593,75	0,574210464954376	
		4596,875	0,896051645278931	4596,875	0,0320117473602295					4596,875	0,0209760442376137			4596,875	2,29690742492676	4596,875	0,612132906913757					4596,875	0,574494779109955	
		4600	0,896139681339264	4600	0,0291776582598686					4600	0,0182637684047222			4600	2,30833864212036	4600	0,616645336151123					4600	0,579198002815247	
		4603,125	0,898225605487823	4603,125	0,0276440195739269					4603,125	0,0162588935345411			4603,125	2,31528806686401	4603,125	0,620384395122528					4603,125	0,58292430639267	
		4606,25	0,902562379837036	4606,25	0,0307181887328625					4606,25	0,0190901067107916			4606,25	2,29720306396484	4606,25	0,619093477725983					4606,25	0,581112802028656	
		4609,375	0,897294342517853	4609,375	0,0282724425196648					4609,375	0,0166533328592777			4609,375	2,29871773719788	4609,375	0,621222376823425					4609,375	0,583809018135071	
		4612,5	0,906516253948212	4612,5	0,0304988082498312					4612,5	0,0193113386631012			4612,5	2,29996466636658	4612,5	0,626037180423737					4612,5	0,589393496513367	
		4615,625	0,910445272922516	4615,625	0,0321155823767185					4615,625	0,0206084232777357			4615,625	2,29130840301514	4615,625	0,624903678894043					4615,625	0,587624132633209	
		4618,75	0,909428715705872	4618,75	0,0296656861901283					4618,75	0,0177187751978636			4618,75	2,29528546333313	4618,75	0,627788782119751					4618,75	0,590976297855377	
		4621,875	0,915174603462219	4621,875	0,0315344594419003					4621,875	0,018992381170392			4621,875	2,28681635856628	4621,875	0,627691566944122					4621,875	0,591877937316895	
		4625	0,935168087482452	4625	0,0370367988944054					4625	0,024578956887126			4625	2,29017019271851	4625	0,635898947715759					4625	0,600282967090607	
		4628,125	0,928968548774719	4628,125	0,0335148349404335					4628,125	0,0219355896115303			4628,125	2,29030632972717	4628,125	0,63628363609314					4628,125	0,601761758327484	
		4631,25	0,935379207134247	4631,25	0,0351319275796413					4631,25	0,0234861206263304			4631,25	2,2782940864563	4631,25	0,637543439865112					4631,25	0,603858351707459	
		4634,375	0,936929225921631	4634,375	0,0331679731607437					4634,375	0,0215339828282595			4634,375	2,29144096374512	4634,375	0,64240962266922					4634,375	0,608192384243011	
		4637,5	0,929740428924561	4637,5	0,0318355299532413					4637,5	0,0204251445829868			4637,5	2,28473854064941	4637,5	0,640849351882935					4637,5	0,607515752315521	
		4640,625	0,932557582855225	4640,625	0,031852975487709					4640,625	0,0197192225605249			4640,625	2,27725625038147	4640,625	0,640067756175995					4640,625	0,60842090845108	
		4643,75	0,943208396434784	4643,75	0,0356555990874767					4643,75	0,0232080053538084			4643,75	2,2858943939209	4643,75	0,647559463977814					4643,75	0,615190267562866	
		4646,875	0,941589891910553	4646,875	0,0351299121975899					4646,875	0,0226273201406002			4646,875	2,27931809425354	4646,875	0,647234201431274					4646,875	0,61481511592865	
		4650	0,94487476348877	4650	0,0357878096401691					4650	0,0233040917664766			4650	2,27220511436462	4650	0,649840533733368					4650	0,618283987045288	
		4653,125	0,944131314754486	4653,125	0,0344215035438538					4653,125	0,0220185630023479			4653,125	2,27611708641052	4653,125	0,652500987052917					4653,125	0,621351003646851	
		4656,25	0,946816742420197	4656,25	0,0341184213757515					4656,25	0,0224029161036015			4656,25	2,27862668037415	4656,25	0,654817581176758					4656,25	0,623933434486389	
		4659,375	0,941530466079712	4659,375	0,032359816133976					4659,375	0,0213786382228136			4659,375	2,27425122261047	4659,375	0,655025959014893					4659,375	0,624673008918762	
		4662,5	0,929790914058685	4662,5	0,028912540525198					4662,5	0,0170211680233479			4662,5	2,29150390625	4662,5	0,660474836826324					4662,5	0,630035042762756	
		4665,625	0,954725861549377	4665,625	0,0340290553867817					4665,625	0,021410059183836			4665,625	2,28238773345947	4665,625	0,663919985294342					4665,625	0,633701682090759	
		4668,75	0,952493727207184	4668,75	0,0356753170490265					4668,75	0,0234017055481672			4668,75	2,26772546768188	4668,75	0,660388827323914					4668,75	0,631546080112457	
		4671,875	0,973865151405334	4671,875	0,0383469946682453					4671,875	0,0260201413184404			4671,875	2,2766284942627	4671,875	0,66900509595871					4671,875	0,640454590320587	
		4675	0,967813670635223	4675	0,0392753221094608					4675	0,025734830647707			4675	2,27041578292847	4675	0,66786253452301					4675	0,639377772808075	
		4678,125	0,959624886512756	4678,125	0,0358961038291454					4678,125	0,0227338243275881			4678,125	2,27604913711548	4678,125	0,671284973621368					4678,125	0,64290863275528	
		4681,25	0,98242723941803	4681,25	0,0414361022412777					4681,25	0,0289172008633614			4681,25	2,25871849060059	4681,25	0,671648919582367					4681,25	0,644312798976898	
		4684,375	0,975941956043243	4684,375	0,0374400950968266					4684,375	0,0251186210662127			4684,375	2,27067422866821	4684,375	0,674520015716553					4684,375	0,647608458995819	
		4687,5	0,97041118144989	4687,5	0,0371016077697277					4687,5	0,025437418371439			4687,5	2,27699375152588	4687,5	0,678922891616821					4687,5	0,652116239070892	
		4690,625	0,969680845737457	4690,625	0,0401743948459625					4690,625	0,0278541631996632			4690,625	2,26530289649963	4690,625	0,678432285785675					4690,625	0,652866721153259	
		4693,75	0,975322604179382	4693,75	0,0410645753145218					4693,75	0,0280932746827602			4693,75	2,2637619972229	4693,75	0,681348502635956					4693,75	0,655470430850983	
		4696,875	0,97529411315918	4696,875	0,0393098555505276					4696,875	0,0267208572477102			4696,875	2,27049994468689	4696,875	0,684544086456299					4696,875	0,659167885780334	
		4700	0,969890654087067	4700	0,0345356576144695					4700	0,0223670024424791			4700	2,27150011062622	4700	0,685369849205017					4700	0,660876929759979	
		4703,125	0,976354837417603	4703,125	0,0390489660203457					4703,125	0,0273518655449152			4703,125	2,27775597572327	4703,125	0,690827250480652					4703,125	0,668294250965118	
		4706,25	0,979687511920929	4706,25	0,0402037464082241					4706,25	0,0287986043840647			4706,25	2,27651882171631	4706,25	0,692247688770294					4706,25	0,669693291187286	
		4709,375	0,981415152549744	4709,375	0,0377839580178261					4709,375	0,0254789106547832			4709,375	2,28204083442688	4709,375	0,695075631141663					4709,375	0,67323887348175	
		4712,5	0,982740938663483	4712,5	0,0395521894097328					4712,5	0,0264974515885115			4712,5	2,27948617935181	4712,5	0,697804927825928					4712,5	0,676013112068176	
		4715,625	0,984244108200073	4715,625	0,0422555543482304					4715,625	0,0289796870201826			4715,625	2,27553534507751	4715,625	0,700153589248657					4715,625	0,6783527135849	
		4718,75	0,992131412029266	4718,75	0,0447461307048798					4718,75	0,0318648368120193			4718,75	2,27004241943359	4718,75	0,701420485973358					4718,75	0,679484367370605	
		4721,875	0,993419945240021	4721,875	0,0431257896125317					4721,875	0,0292314197868109			4721,875	2,28114438056946	4721,875	0,704710125923157					4721,875	0,683149874210358	
		4725	0,985594213008881	4725	0,0399620160460472					4725	0,0267213135957718			4725	2,28089165687561	4725	0,705790460109711					4725	0,684924602508545	
		4728,125	0,982827544212341	4728,125	0,0391465239226818					4728,125	0,0267850533127785			4728,125	2,2818398475647	4728,125	0,709223210811615					4728,125	0,688737452030182	
		4731,25	0,980361819267273	4731,25	0,0378546565771103					4731,25	0,0248819850385189			4731,25	2,29256176948547	4731,25	0,712633848190308					4731,25	0,6927530169487	
		4734,375	0,985262870788574	4734,375	0,0390863120555878					4734,375	0,0258482061326504			4734,375	2,29009890556335	4734,375	0,712394773960114					4734,375	0,693704724311829	
		4737,5	0,989750802516937	4737,5	0,0412546806037426					4737,5	0,0275471955537796			4737,5	2,29082775115967	4737,5	0,71649694442749					4737,5	0,697910130023956	
		4740,625	0,998602330684662	4740,625	0,0421211272478104					4740,625	0,0294117815792561			4740,625	2,28858256340027	4740,625	0,719468533992767					4740,625	0,701261878013611	
		4743,75	1,00669407844543	4743,75	0,0427648611366749					4743,75	0,0308492481708527			4743,75	2,29538297653198	4743,75	0,725027978420258					4743,75	0,705962419509888	
		4746,875	1,00235617160797	4746,875	0,0435332059860229					4746,875	0,0312561728060246			4746,875	2,2865936756134	4746,875	0,72443562746048					4746,875	0,706049025058746	
		4750	0,999665915966034	4750	0,0426763333380222					4750	0,0300320908427238			4750	2,28881192207336	4750	0,72598785161972					4750	0,709162414073944	
		4753,125	1,00719797611237	4753,125	0,0402541123330593					4753,125	0,0266231875866652			4753,125	2,3012158870697	4753,125	0,730846703052521					4753,125	0,714433073997498	
		4756,25	1,00574505329132	4756,25	0,0395912006497383					4756,25	0,0268399119377136			4756,25	2,29948663711548	4756,25	0,732928931713104					4756,25	0,717349469661713	
		4759,375	1,01157343387604	4759,375	0,0430401153862476					4759,375	0,029541052877903			4759,375	2,30722904205322	4759,375	0,736811816692352					4759,375	0,720961332321167	
		4762,5	1,00509595870972	4762,5	0,0430343374609947					4762,5	0,0308674890547991			4762,5	2,30937767028809	4762,5	0,739459097385406					4762,5	0,723767399787903	
		4765,625	0,999594748020172	4765,625	0,0414718948304653					4765,625	0,0303025040775537			4765,625	2,30978035926819	4765,625	0,741512417793274					4765,625	0,72566282749176	
		4768,75	1,00831758975983	4768,75	0,0409746468067169					4768,75	0,0298050493001938			4768,75	2,31149387359619	4768,75	0,744419574737549					4768,75	0,729436874389648	
		4771,875	1,00887787342072	4771,875	0,0398060604929924					4771,875	0,0286815222352743			4771,875	2,31211233139038	4771,875	0,744728147983551					4771,875	0,730709731578827	
		4775	1,03362464904785	4775	0,0437450222671032					4775	0,0335725881159306			4775	2,31746530532837	4775	0,752606570720673					4775	0,738285422325134	
		4778,125	1,02194273471832	4778,125	0,0383399575948715					4778,125	0,026404520496726			4778,125	2,32824897766113	4778,125	0,756317377090454					4778,125	0,742852866649628	
		4781,25	1,02445042133331	4781,25	0,0416463576257229					4781,25	0,0298886504024267			4781,25	2,32306814193726	4781,25	0,755730509757996					4781,25	0,743279635906219	
		4784,375	1,02317035198212	4784,375	0,039899330586195					4784,375	0,0285137984901667			4784,375	2,33092975616455	4784,375	0,75903195142746					4784,375	0,746240735054016	
		4787,5	1,02602851390839	4787,5	0,0398823879659176					4787,5	0,0294019598513842			4787,5	2,33774733543396	4787,5	0,765715181827545					4787,5	0,751534998416901	
		4790,625	1,02355360984802	4790,625	0,0399588160216808					4790,625	0,0302998181432486			4790,625	2,33512139320374	4790,625	0,7665154337883					4790,625	0,75337016582489	
		4793,75	1,02573871612549	4793,75	0,0365075990557671					4793,75	0,0249438006430864			4793,75	2,34961485862732	4793,75	0,771429538726807					4793,75	0,758260071277618	
		4796,875	1,03328382968903	4796,875	0,0346320383250713					4796,875	0,0239525642246008			4796,875	2,34871530532837	4796,875	0,77378785610199					4796,875	0,760960936546326	
		4800	1,03741109371185	4800	0,0375614017248154					4800	0,026257611811161			4800	2,34825229644775	4800	0,776023864746094					4800	0,763233959674835	
		4803,125	1,03879022598267	4803,125	0,036209762096405					4803,125	0,0231343060731888			4803,125	2,36873698234558	4803,125	0,782839775085449					4803,125	0,769058704376221	
		4806,25	1,04144811630249	4806,25	0,0355463810265064					4806,25	0,0239550638943911			4806,25	2,36407089233398	4806,25	0,787291765213013					4806,25	0,773121118545532	
		4809,375	1,03616166114807	4809,375	0,034265324473381					4809,375	0,0235114917159081			4809,375	2,35889077186584	4809,375	0,788929164409637					4809,375	0,77427339553833	
		4812,5	1,0406858921051	4812,5	0,0312101226300001					4812,5	0,0187829900532961			4812,5	2,37891626358032	4812,5	0,797563016414642					4812,5	0,781414210796356	
		4815,625	1,04400742053986	4815,625	0,0325363241136074					4815,625	0,0196545347571373			4815,625	2,37198901176453	4815,625	0,798754036426544					4815,625	0,783021211624146	
		4818,75	1,04697394371033	4818,75	0,0335386171936989					4818,75	0,0196473710238934			4818,75	2,37268424034119	4818,75	0,799325168132782					4818,75	0,783292531967163	
		4821,875	1,04907298088074	4821,875	0,0316410772502422					4821,875	0,0178763549774885			4821,875	2,38796138763428	4821,875	0,806425750255585					4821,875	0,793738961219788	
		4825	1,05345094203949	4825	0,0311508718878031					4825	0,0157226510345936			4825	2,38360786437988	4825	0,808363020420074					4825	0,795372664928436	
		4828,125	1,05981516838074	4828,125	0,0333282724022865					4828,125	0,0150417787954211			4828,125	2,38082599639893	4828,125	0,813686668872833					4828,125	0,799955785274506	
		4831,25	1,06660389900208	4831,25	0,0373801551759243					4831,25	0,019265178591013			4831,25	2,37808108329773	4831,25	0,818125545978546					4831,25	0,804657161235809	
		4834,375	1,07157456874847	4834,375	0,0339147448539734					4834,375	0,0141294738277793			4834,375	2,38676619529724	4834,375	0,825234889984131					4834,375	0,813911557197571	
		4837,5	1,0696496963501	4837,5	0,033262062817812					4837,5	0,0118947746232152			4837,5	2,39164090156555	4837,5	0,827937066555023					4837,5	0,81666761636734	
		4840,625	1,07971429824829	4840,625	0,0336725227534771					4840,625	0,0117309773340821			4840,625	2,39176225662231	4840,625	0,833908557891846					4840,625	0,825359046459198	
		4843,75	1,07560861110687	4843,75	0,03205656260252					4843,75	0,0074442233890295			4843,75	2,3889422416687	4843,75	0,834133565425873					4843,75	0,827707946300507	
		4846,875	1,07330870628357	4846,875	0,0310912262648344					4846,875	0,00522749219089746			4846,875	2,39592623710632	4846,875	0,836707293987274					4846,875	0,830553293228149	
		4850	1,08684504032135	4850	0,0311718955636024					4850	0,00629252241924405			4850	2,40524744987488	4850	0,847444534301758					4850	0,841620862483978	
		4853,125	1,09987998008728	4853,125	0,0310240369290113					4853,125	0,00595829542726278			4853,125	2,40136933326721	4853,125	0,854417085647583					4853,125	0,850789308547974	
		4856,25	1,10148668289185	4856,25	0,032196119427681					4856,25	0,0057376641780138			4856,25	2,40002179145813	4856,25	0,855527281761169					4856,25	0,854963421821594	
		4859,375	1,10067498683929	4859,375	0,0336095653474331					4859,375	0,00585946161299944			4859,375	2,40998530387878	4859,375	0,859359800815582					4859,375	0,862329125404358	
		4862,5	1,09837234020233	4862,5	0,0359598025679588					4862,5	0,0094355633482337			4862,5	2,3959653377533	4862,5	0,861439943313599					4862,5	0,864387989044189	
		4865,625	1,0985996723175	4865,625	0,0343920364975929					4865,625	0,00715383561328053			4865,625	2,40001082420349	4865,625	0,869022727012634					4865,625	0,873195052146912	
		4868,75	1,10040950775146	4868,75	0,0348485372960567					4868,75	0,00609580241143703			4868,75	2,40574264526367	4868,75	0,871965229511261					4868,75	0,87780749797821	
		4871,875	1,1021181344986	4871,875	0,0306198745965958					4871,875	0,00398630509153008			4871,875	2,41878342628479	4871,875	0,875410556793213					4871,875	0,884368002414703	
		4875	1,0979927778244	4875	0,0314148515462875					4875	0,00884797982871532			4875	2,4108099937439	4875	0,877899706363678					4875	0,892479062080383	
		4878,125	1,10265481472015	4878,125	0,0336033925414085					4878,125	0,0118483686819673			4878,125	2,41691184043884	4878,125	0,888099730014801					4878,125	0,901062071323395	
		4881,25	1,09359562397003	4881,25	0,031896997243166					4881,25	0,00824413821101189			4881,25	2,41452574729919	4881,25	0,8880814909935					4881,25	0,899739623069763	
		4884,375	1,09783744812012	4884,375	0,0333760641515255					4884,375	0,0118258958682418			4884,375	2,41040563583374	4884,375	0,890358865261078					4884,375	0,905537903308868	
		4887,5	1,09054434299469	4887,5	0,0321905948221684					4887,5	0,0115634640678763			4887,5	2,40931606292725	4887,5	0,89319634437561					4887,5	0,909104943275452	
		4890,625	1,10012948513031	4890,625	0,0349082462489605					4890,625	0,0158262327313423			4890,625	2,40490198135376	4890,625	0,901085078716278					4890,625	0,917773485183716	
		4893,75	1,10917448997498	4893,75	0,0348571911454201					4893,75	0,0176466200500727			4893,75	2,42649006843567	4893,75	0,908923447132111					4893,75	0,927238881587982	
		4896,875	1,09665811061859	4896,875	0,0293447282165289					4896,875	0,0112411603331566			4896,875	2,43850898742676	4896,875	0,912171363830566					4896,875	0,929260969161987	
		4900	1,09417128562927	4900	0,0255134589970112					4900	0,00664356024935842			4900	2,45164513587952	4900	0,917155027389526					4900	0,933692753314972	
		4903,125	1,10694968700409	4903,125	0,0306240301579237					4903,125	0,0138653395697474			4903,125	2,44655704498291	4903,125	0,923507153987885					4903,125	0,940690100193024	
		4906,25	1,1171543598175	4906,25	0,0351815819740295					4906,25	0,019410764798522			4906,25	2,43748569488525	4906,25	0,9271160364151					4906,25	0,943927347660065	
		4909,375	1,13574075698853	4909,375	0,0360926985740662					4909,375	0,0209146905690432			4909,375	2,45524477958679	4909,375	0,936146855354309					4909,375	0,958087146282196	
		4912,5	1,12589776515961	4912,5	0,0335730575025082					4912,5	0,0171076133847237			4912,5	2,45787930488586	4912,5	0,939434230327606					4912,5	0,960914373397827	
		4915,625	1,12088692188263	4915,625	0,025519834831357					4915,625	0,00934295635670424			4915,625	2,46944141387939	4915,625	0,94236034154892					4915,625	0,968008518218994	
		4918,75	1,13990604877472	4918,75	0,0328812226653099					4918,75	0,0159728359431028			4918,75	2,4611599445343	4918,75	0,947268724441528					4918,75	0,973922729492188	
		4921,875	1,14370799064636	4921,875	0,0350408926606178					4921,875	0,0179823413491249			4921,875	2,46711277961731	4921,875	0,953086376190186					4921,875	0,978914439678192	
		4925	1,14536964893341	4925	0,033525463193655					4925	0,0169724971055985			4925	2,47470498085022	4925	0,960710167884827					4925	0,98568457365036	
		4928,125	1,15911948680878	4928,125	0,0320437774062157					4928,125	0,0186930149793625			4928,125	2,47880792617798	4928,125	0,968924343585968					4928,125	0,994599997997284	
		4931,25	1,15173065662384	4931,25	0,0316562652587891					4931,25	0,0198378469794989			4931,25	2,47462511062622	4931,25	0,97157084941864					4931,25	0,99942010641098	
		4934,375	1,16606187820435	4934,375	0,0304169524461031					4934,375	0,020432161167264			4934,375	2,48486161231995	4934,375	0,978346407413483					4934,375	1,00992250442505	
		4937,5	1,17823076248169	4937,5	0,0347750000655651					4937,5	0,0250274073332548			4937,5	2,47129440307617	4937,5	0,981813371181488					4937,5	1,01167285442352	
		4940,625	1,18487799167633	4940,625	0,0340706892311573					4940,625	0,0226431898772717			4940,625	2,48314785957336	4940,625	0,98901641368866					4940,625	1,01687169075012	
		4943,75	1,19319474697113	4943,75	0,0326449275016785					4943,75	0,0248347651213408			4943,75	2,49128985404968	4943,75	0,996956169605255					4943,75	1,02361154556274	
		4946,875	1,20387756824493	4946,875	0,0345589444041252					4946,875	0,0283202510327101			4946,875	2,48433947563171	4946,875	0,998715877532959					4946,875	1,02676653862	
		4950	1,22449851036072	4950	0,0388002283871174					4950	0,0306570678949356			4950	2,47709131240845	4950	1,00692474842072					4950	1,04306650161743	
		4953,125	1,22338700294495	4953,125	0,0348989926278591					4953,125	0,030203215777874			4953,125	2,48032379150391	4953,125	1,01437652111053					4953,125	1,04275763034821	
		4956,25	1,23573291301727	4956,25	0,035686481744051					4956,25	0,0274211894720793			4956,25	2,48455786705017	4956,25	1,02393674850464					4956,25	1,05459213256836	
		4959,375	1,24695754051208	4959,375	0,0360477790236473					4959,375	0,0316682122647762			4959,375	2,47112226486206	4959,375	1,02677774429321					4959,375	1,05810594558716	
		4962,5	1,25085234642029	4962,5	0,0357983559370041					4962,5	0,0320489220321178			4962,5	2,46848654747009	4962,5	1,03339886665344					4962,5	1,0656909942627	
		4965,625	1,26824653148651	4965,625	0,0439065732061863					4965,625	0,0384114012122154			4965,625	2,45598173141479	4965,625	1,03941285610199					4965,625	1,07609891891479	
		4968,75	1,29203176498413	4968,75	0,039596751332283					4968,75	0,0372168123722076			4968,75	2,45943927764893	4968,75	1,05477285385132					4968,75	1,09183955192566	
		4971,875	1,29657733440399	4971,875	0,0400597602128983					4971,875	0,0375990681350231			4971,875	2,45406675338745	4971,875	1,06141877174377					4971,875	1,09899652004242	
		4975	1,29531157016754	4975	0,0434157252311707					4975	0,0439714789390564			4975	2,44552946090698	4975	1,06462180614471					4975	1,1017427444458	
																								
