Frequency in Hz	AED_Ref_40mm_LF Sound Reflection Factor continuous Re	Frequency in Hz	AED_Ref_40mm_HF Sound Reflection Factor continuous Re	Frequency in Hz	SpecimenHolder_HF Sound Reflection Factor continuous Re	Frequency in Hz	SpecimenHolder_LF Sound Reflection Factor continuous Re	Frequency in Hz	Air_LF Sound Reflection Factor continuous Re	Frequency in Hz	Air_HF Sound Reflection Factor continuous Re	Frequency in Hz	AED_Ref_40mm_LF Sound Reflection Factor continuous Im	Frequency in Hz	AED_Ref_40mm_HF Sound Reflection Factor continuous Im	Frequency in Hz	SpecimenHolder_HF Sound Reflection Factor continuous Im	Frequency in Hz	SpecimenHolder_LF Sound Reflection Factor continuous Im	Frequency in Hz	Air_LF Sound Reflection Factor continuous Im	Frequency in Hz	Air_HF Sound Reflection Factor continuous Im	
100	0,958576679229736	556,25	0,800929427146912	556,25	0,882923245429993	100	0,974916815757751	100	0,977307736873627	556,25	0,86066335439682	100	-0,0956842973828316	556,25	0,117080144584179	556,25	-0,441923648118973	100	-0,096841886639595	100	-0,10640511661768	556,25	-0,489805191755295	
103,125	0,951007008552551	559,375	0,796562910079956	559,375	0,876346707344055	103,125	0,968752801418304	103,125	0,970993399620056	559,375	0,853953123092651	103,125	-0,0856770277023315	559,375	0,11508422344923	559,375	-0,442497968673706	103,125	-0,0870104730129242	103,125	-0,0959449708461761	559,375	-0,49016210436821	
106,25	0,952493846416473	562,5	0,796403288841248	562,5	0,875947117805481	106,25	0,972275614738464	106,25	0,973249673843384	562,5	0,853341102600098	106,25	-0,116653732955456	562,5	0,11632364988327	562,5	-0,444145828485489	106,25	-0,120366640388966	106,25	-0,129423424601555	562,5	-0,492093801498413	
109,375	0,962307453155518	565,625	0,798670172691345	565,625	0,87508237361908	109,375	0,984471559524536	109,375	0,985687971115112	565,625	0,852287709712982	109,375	-0,102059826254845	565,625	0,114602260291576	565,625	-0,448532253503799	109,375	-0,103702880442142	109,375	-0,113643497228622	565,625	-0,496670305728912	
112,5	0,950814127922058	568,75	0,79768967628479	568,75	0,872304379940033	112,5	0,972666561603546	112,5	0,973975002765656	568,75	0,84949392080307	112,5	-0,106849409639835	568,75	0,115219406783581	568,75	-0,449159383773804	112,5	-0,108200073242188	112,5	-0,118663720786572	568,75	-0,49735015630722	
115,625	0,94989687204361	571,875	0,798044323921204	571,875	0,871327757835388	115,625	0,971692085266113	115,625	0,972892105579376	571,875	0,848420083522797	115,625	-0,116663038730621	571,875	0,117526389658451	571,875	-0,44932895898819	115,625	-0,11952018737793	115,625	-0,130088120698929	571,875	-0,497485369443893	
118,75	0,953557312488556	575	0,800564765930176	575	0,871908366680145	118,75	0,976815640926361	118,75	0,97798079252243	575	0,848539471626282	118,75	-0,10844574868679	575	0,117968782782555	575	-0,453575879335403	118,75	-0,110382594168186	118,75	-0,121322549879551	575	-0,502201557159424	
121,875	0,940627455711365	578,125	0,798033058643341	578,125	0,868947803974152	121,875	0,965387880802155	121,875	0,966083168983459	578,125	0,845625221729279	121,875	-0,116034016013145	578,125	0,119896300137043	578,125	-0,451501607894897	121,875	-0,118610292673111	121,875	-0,129399180412292	578,125	-0,500189363956451	
125	0,951282799243927	581,25	0,80340701341629	581,25	0,871196687221527	125	0,978335678577423	125	0,978643596172333	581,25	0,847563028335571	125	-0,118322297930717	581,25	0,120197795331478	581,25	-0,457032531499863	125	-0,119510687887669	125	-0,131019935011864	581,25	-0,505978226661682	
128,125	0,949410617351532	584,375	0,806784927845001	584,375	0,870191931724548	128,125	0,978211641311646	128,125	0,978623867034912	584,375	0,846180081367493	128,125	-0,127720102667809	584,375	0,118949919939041	584,375	-0,46220475435257	128,125	-0,13080096244812	128,125	-0,142694398760796	584,375	-0,511258184909821	
131,25	0,949094355106354	587,5	0,807870626449585	587,5	0,870287179946899	131,25	0,978705644607544	131,25	0,979073286056519	587,5	0,84629237651825	131,25	-0,125777706503868	587,5	0,120775461196899	587,5	-0,46271476149559	131,25	-0,128305271267891	131,25	-0,140624418854713	587,5	-0,511820495128632	
134,375	0,956779360771179	590,625	0,807800114154816	590,625	0,866784334182739	134,375	0,988023161888123	134,375	0,988300561904907	590,625	0,842747151851654	134,375	-0,126391381025314	590,625	0,119606643915176	590,625	-0,463944613933563	134,375	-0,127491146326065	134,375	-0,140414491295815	590,625	-0,512809097766876	
137,5	0,932542383670807	593,75	0,80891478061676	593,75	0,865093052387238	137,5	0,964591205120087	137,5	0,964813351631165	593,75	0,840791821479797	137,5	-0,141051188111305	593,75	0,119562700390816	593,75	-0,466620057821274	137,5	-0,14482755959034	137,5	-0,157538875937462	593,75	-0,515306413173676	
140,625	0,930337727069855	596,875	0,810823440551758	596,875	0,865641236305237	140,625	0,963991284370422	140,625	0,963987588882446	596,875	0,841084659099579	140,625	-0,130103692412376	596,875	0,121018938720226	596,875	-0,467315971851349	140,625	-0,133238166570663	140,625	-0,146111324429512	596,875	-0,51628702878952	
143,75	0,926349103450775	600	0,813363611698151	600	0,86328125	143,75	0,96197122335434	143,75	0,961856305599213	600	0,836701989173889	143,75	-0,141184657812119	600	0,117953158915043	600	-0,472950637340546	143,75	-0,143885582685471	143,75	-0,157256111502647	600	-0,518091440200806	
146,875	0,942131578922272	603,125	0,813884615898132	603,125	0,863137125968933	146,875	0,979653596878052	146,875	0,979963898658752	603,125	0,836254179477692	146,875	-0,130393803119659	603,125	0,120164595544338	603,125	-0,472597897052765	146,875	-0,131854444742203	146,875	-0,145626544952393	603,125	-0,521840870380402	
150	0,928333401679993	606,25	0,814988672733307	606,25	0,859942555427551	150	0,968259394168854	150	0,968228697776794	606,25	0,832571983337402	150	-0,141240894794464	606,25	0,11787748336792	606,25	-0,475822687149048	150	-0,143249601125717	150	-0,157427906990051	606,25	-0,527637302875519	
153,125	0,927666187286377	609,375	0,81755143404007	609,375	0,862155318260193	153,125	0,969994187355042	153,125	0,969355821609497	609,375	0,835749745368958	153,125	-0,154200166463852	609,375	0,120572417974472	609,375	-0,476355850696564	153,125	-0,156964376568794	153,125	-0,171614244580269	609,375	-0,528735160827637	
156,25	0,927229702472687	612,5	0,81822144985199	612,5	0,859212815761566	156,25	0,971010088920593	156,25	0,970490038394928	612,5	0,834124445915222	156,25	-0,14938186109066	612,5	0,120050884783268	612,5	-0,477401942014694	156,25	-0,151631295681	156,25	-0,166426911950111	612,5	-0,531568288803101	
159,375	0,925694465637207	615,625	0,819444596767426	615,625	0,855200529098511	159,375	0,971804559230804	159,375	0,971193552017212	615,625	0,831526637077332	159,375	-0,154730319976807	615,625	0,117075026035309	615,625	-0,484439641237259	159,375	-0,156582772731781	159,375	-0,171796098351479	615,625	-0,53557163476944	
162,5	0,92579972743988	618,75	0,820472419261932	618,75	0,856298863887787	162,5	0,974049985408783	162,5	0,973366856575012	618,75	0,83118212223053	162,5	-0,154387757182121	618,75	0,117784217000008	618,75	-0,48612579703331	162,5	-0,155920580029488	162,5	-0,171443715691566	618,75	-0,536552608013153	
165,625	0,919665098190308	621,875	0,822729289531708	621,875	0,858337461948395	165,625	0,969784259796143	165,625	0,968919098377228	621,875	0,832236588001251	165,625	-0,153921067714691	621,875	0,120008908212185	621,875	-0,486714869737625	165,625	-0,155670389533043	165,625	-0,171372547745705	621,875	-0,537499964237213	
168,75	0,91543984413147	625	0,821759521961212	625	0,854145586490631	168,75	0,96894770860672	168,75	0,967679381370544	625	0,828149139881134	168,75	-0,170488521456718	625	0,118747197091579	625	-0,488631874322891	168,75	-0,172977790236473	168,75	-0,189132258296013	625	-0,539195656776428	
171,875	0,909437954425812	628,125	0,823920726776123	628,125	0,852245151996613	171,875	0,96443784236908	171,875	0,963106453418732	628,125	0,825563728809357	171,875	-0,161126971244812	628,125	0,115553341805935	628,125	-0,494280934333801	171,875	-0,163291409611702	171,875	-0,179562896490097	628,125	-0,544875681400299	
175	0,901415526866913	631,25	0,821223676204681	631,25	0,848272264003754	175	0,959381580352783	175	0,957880556583405	631,25	0,821279406547546	175	-0,168476581573486	631,25	0,114943727850914	631,25	-0,494321435689926	175	-0,17120823264122	175	-0,187859281897545	631,25	-0,545182466506958	
178,125	0,907091677188873	634,375	0,822033107280731	634,375	0,847819805145264	178,125	0,968192934989929	178,125	0,966651380062103	634,375	0,820438981056213	178,125	-0,172896862030029	634,375	0,11540637165308	634,375	-0,496513485908508	178,125	-0,174833580851555	178,125	-0,191905006766319	634,375	-0,547608852386475	
181,25	0,90512603521347	637,5	0,824646055698395	637,5	0,848579108715057	181,25	0,968781054019928	181,25	0,967107951641083	637,5	0,820835173130035	181,25	-0,170294433832169	637,5	0,11502468585968	637,5	-0,499259740114212	181,25	-0,17192716896534	181,25	-0,189265608787537	637,5	-0,550686240196228	
184,375	0,896929562091827	640,625	0,82545417547226	640,625	0,849350810050964	184,375	0,962970018386841	184,375	0,961258113384247	640,625	0,821691453456879	184,375	-0,170826777815819	640,625	0,118295840919018	640,625	-0,498473048210144	184,375	-0,172881558537483	184,375	-0,19042032957077	640,625	-0,550018429756165	
187,5	0,886342227458954	643,75	0,828774154186249	643,75	0,846436738967896	187,5	0,955901741981506	187,5	0,953889548778534	643,75	0,818039298057556	187,5	-0,180033177137375	643,75	0,114150322973728	643,75	-0,506660401821136	187,5	-0,183585092425346	187,5	-0,201365932822227	643,75	-0,558189332485199	
190,625	0,884265780448914	646,875	0,826363444328308	646,875	0,843614518642426	190,625	0,956297755241394	190,625	0,95425409078598	646,875	0,815058588981628	190,625	-0,176053017377853	646,875	0,113970875740051	646,875	-0,506030738353729	190,625	-0,178957849740982	190,625	-0,196829676628113	646,875	-0,557716429233551	
193,75	0,876787900924683	650	0,830677688121796	650	0,845399260520935	193,75	0,953217387199402	193,75	0,950915098190308	650	0,816453516483307	193,75	-0,188061445951462	650	0,113622426986694	650	-0,510984063148499	193,75	-0,192705228924751	193,75	-0,210929229855537	650	-0,562964856624603	
196,875	0,878184616565704	653,125	0,828556001186371	653,125	0,842397093772888	196,875	0,957484424114227	196,875	0,955283045768738	653,125	0,813305795192719	196,875	-0,183792173862457	653,125	0,113807797431946	653,125	-0,510490238666534	196,875	-0,186819389462471	196,875	-0,205281913280487	653,125	-0,562545120716095	
200	0,882601678371429	656,25	0,827463567256927	656,25	0,839351356029511	200	0,965753197669983	200	0,963515043258667	656,25	0,810183703899384	200	-0,18495012819767	656,25	0,113354533910751	656,25	-0,511623203754425	200	-0,187517419457436	200	-0,206204757094383	656,25	-0,563520848751068	
203,125	0,883118271827698	659,375	0,829021632671356	659,375	0,836654841899872	203,125	0,971084475517273	203,125	0,968950033187866	659,375	0,806869924068451	203,125	-0,184932813048363	659,375	0,109550803899765	659,375	-0,516510486602783	203,125	-0,187063291668892	203,125	-0,206031039357185	659,375	-0,568456649780273	
206,25	0,866890370845795	662,5	0,831853210926056	662,5	0,840110898017883	206,25	0,959735155105591	206,25	0,957161784172058	662,5	0,810113251209259	206,25	-0,202149942517281	662,5	0,112721592187881	662,5	-0,517764151096344	206,25	-0,206189081072807	206,25	-0,225587099790573	662,5	-0,570026755332947	
209,375	0,863644301891327	665,625	0,83376407623291	665,625	0,839864253997803	209,375	0,959204792976379	209,375	0,9565709233284	665,625	0,809547007083893	209,375	-0,196323469281197	665,625	0,111444011330605	665,625	-0,521725416183472	209,375	-0,200097262859344	209,375	-0,219683229923248	665,625	-0,574166655540466	
212,5	0,868782103061676	668,75	0,832572281360626	668,75	0,83571594953537	212,5	0,968162298202515	212,5	0,965630948543549	668,75	0,805165588855743	212,5	-0,191586777567863	668,75	0,109528616070747	668,75	-0,523287534713745	212,5	-0,193802803754807	212,5	-0,213818266987801	668,75	-0,575620174407959	
215,625	0,84978175163269	671,875	0,831407070159912	671,875	0,834813356399536	215,625	0,955191969871521	215,625	0,952210009098053	671,875	0,804214954376221	215,625	-0,204262375831604	671,875	0,111964002251625	671,875	-0,522156000137329	215,625	-0,209536164999008	215,625	-0,229851484298706	671,875	-0,57452267408371	
218,75	0,851541578769684	675	0,830359995365143	675	0,830296397209167	218,75	0,959955215454102	218,75	0,957054853439331	675	0,799421310424805	218,75	-0,19687731564045	675	0,109027035534382	675	-0,526303768157959	218,75	-0,201602935791016	218,75	-0,222214937210083	675	-0,578417301177979	
221,875	0,842583537101746	678,125	0,830718874931335	678,125	0,827397406101227	221,875	0,956770896911621	221,875	0,953550219535828	678,125	0,796154022216797	221,875	-0,204545259475708	678,125	0,106623873114586	678,125	-0,52970939874649	221,875	-0,210894018411636	221,875	-0,231918036937714	678,125	-0,581807315349579	
225	0,834637641906738	681,25	0,832994282245636	681,25	0,828127384185791	225	0,95252251625061	225	0,949313282966614	681,25	0,796630859375	225	-0,202679544687271	681,25	0,107378087937832	681,25	-0,531480193138123	225	-0,210295334458351	225	-0,231540203094482	681,25	-0,583697855472565	
228,125	0,828209161758423	684,375	0,832872688770294	684,375	0,827458262443542	228,125	0,950967907905579	228,125	0,947619378566742	684,375	0,795854330062866	228,125	-0,204618409276009	684,375	0,107298165559769	684,375	-0,532765090465546	228,125	-0,213736549019814	228,125	-0,235273972153664	684,375	-0,585081994533539	
231,25	0,824249982833862	687,5	0,83604496717453	687,5	0,831233203411102	231,25	0,95228099822998	231,25	0,948774456977844	687,5	0,799419522285461	231,25	-0,204800471663475	687,5	0,110001370310783	687,5	-0,535191535949707	231,25	-0,214952632784843	231,25	-0,236831963062286	687,5	-0,587985992431641	
234,375	0,815832555294037	690,625	0,836232125759125	690,625	0,822958052158356	234,375	0,949010789394379	234,375	0,945231676101685	690,625	0,79047042131424	234,375	-0,206598609685898	690,625	0,100417822599411	690,625	-0,545079290866852	234,375	-0,21893809735775	234,375	-0,241000682115555	690,625	-0,597283840179443	
237,5	0,817932188510895	693,75	0,835408091545105	693,75	0,825599610805511	237,5	0,957325279712677	237,5	0,953648746013641	693,75	0,793223738670349	237,5	-0,205933392047882	693,75	0,105893358588219	693,75	-0,540760278701782	237,5	-0,217900097370148	237,5	-0,240431845188141	693,75	-0,593354105949402	
240,625	0,810200691223145	696,875	0,836401879787445	696,875	0,824637472629547	240,625	0,957894861698151	240,625	0,953755974769592	696,875	0,791965425014496	240,625	-0,218691185116768	696,875	0,106505058705807	696,875	-0,543090641498566	240,625	-0,234637036919594	240,625	-0,257686644792557	696,875	-0,595640540122986	
243,75	0,804267942905426	700	0,835149168968201	700	0,82002454996109	243,75	0,956136167049408	243,75	0,95202112197876	700	0,787043392658234	243,75	-0,212082669138908	700	0,103655822575092	700	-0,54649817943573	243,75	-0,22917015850544	243,75	-0,252478033304214	700	-0,5988410115242	
246,875	0,790416598320007	703,125	0,836063861846924	703,125	0,819653153419495	246,875	0,946819424629211	246,875	0,942506611347198	703,125	0,786619782447815	246,875	-0,209918156266212	703,125	0,101544953882694	703,125	-0,549825251102448	246,875	-0,23075820505619	246,875	-0,25404104590416	703,125	-0,602459609508514	
250	0,783765554428101	706,25	0,836814522743225	706,25	0,820983350276947	250	0,94558048248291	250	0,941086709499359	706,25	0,787839353084564	250	-0,208899542689323	706,25	0,104153506457806	706,25	-0,549634099006653	250	-0,232326686382294	250	-0,255843460559845	706,25	-0,602462947368622	
253,125	0,780839800834656	709,375	0,835217654705048	709,375	0,818038582801819	253,125	0,951068103313446	253,125	0,946456372737885	709,375	0,784530162811279	253,125	-0,211236596107483	709,375	0,105524361133575	709,375	-0,550256252288818	253,125	-0,236657425761223	253,125	-0,26064857840538	709,375	-0,602622151374817	
256,25	0,771452665328979	712,5	0,83398848772049	712,5	0,810009717941284	256,25	0,94752049446106	256,25	0,94269210100174	712,5	0,77589750289917	256,25	-0,213432744145393	712,5	0,0952052175998688	712,5	-0,559536635875702	256,25	-0,244121074676514	256,25	-0,268357068300247	712,5	-0,611581444740295	
259,375	0,762683272361755	715,625	0,836005568504334	715,625	0,814620137214661	259,375	0,942951202392578	259,375	0,93805593252182	715,625	0,780585408210754	259,375	-0,206393495202065	715,625	0,100418359041214	715,625	-0,558033585548401	259,375	-0,240054413676262	259,375	-0,264396399259567	715,625	-0,610614657402039	
262,5	0,758307874202728	718,75	0,837206244468689	718,75	0,814834415912628	262,5	0,947090208530426	262,5	0,941999077796936	718,75	0,780942142009735	262,5	-0,210202187299728	718,75	0,0992130488157272	718,75	-0,560868322849274	262,5	-0,247849822044373	262,5	-0,27256715297699	718,75	-0,613331019878387	
265,625	0,752726256847382	721,875	0,834857821464539	721,875	0,810358226299286	265,625	0,950033843517303	265,625	0,944689631462097	721,875	0,776469051837921	265,625	-0,212800517678261	721,875	0,0981317237019539	721,875	-0,56223052740097	265,625	-0,254918903112412	265,625	-0,280068576335907	721,875	-0,614281058311462	
268,75	0,745616614818573	725	0,837688684463501	725	0,812138438224792	268,75	0,947550535202026	268,75	0,942217111587524	725	0,777914226055145	268,75	-0,205362811684608	725	0,0986946523189545	725	-0,566724121570587	268,75	-0,250626802444458	268,75	-0,276009947061539	725	-0,619165301322937	
271,875	0,7348513007164	728,125	0,835548102855682	728,125	0,806711137294769	271,875	0,943757653236389	271,875	0,938023746013641	728,125	0,772345542907715	271,875	-0,206605553627014	728,125	0,0966061130166054	728,125	-0,567605376243591	271,875	-0,259173840284348	271,875	-0,284848511219025	728,125	-0,620112240314484	
275	0,731365621089935	731,25	0,836467087268829	731,25	0,80837082862854	275	0,948633193969727	275	0,942926645278931	731,25	0,773668944835663	275	-0,204578205943108	731,25	0,0973900407552719	731,25	-0,56979912519455	275	-0,260740995407104	275	-0,286758959293365	731,25	-0,622642695903778	
278,125	0,720084846019745	734,375	0,835038006305695	734,375	0,806832134723663	278,125	0,942046940326691	278,125	0,936020731925964	734,375	0,772323906421661	278,125	-0,202416062355042	734,375	0,0966186970472336	734,375	-0,571274697780609	278,125	-0,266429603099823	278,125	-0,292554825544357	734,375	-0,624241769313812	
281,25	0,71481990814209	737,5	0,836390376091003	737,5	0,807833254337311	281,25	0,94268810749054	281,25	0,936655700206757	737,5	0,773693978786469	281,25	-0,197081163525581	737,5	0,0967951416969299	737,5	-0,573231637477875	281,25	-0,265710055828094	281,25	-0,292073607444763	737,5	-0,626041829586029	
284,375	0,708459794521332	740,625	0,834545969963074	740,625	0,800453007221222	284,375	0,942968130111694	284,375	0,936840116977692	740,625	0,765800058841705	284,375	-0,193205937743187	740,625	0,0946429818868637	740,625	-0,575925529003143	284,375	-0,268222242593765	284,375	-0,294816702604294	740,625	-0,628474831581116	
287,5	0,708904027938843	743,75	0,833234667778015	743,75	0,794925332069397	287,5	0,956920862197876	287,5	0,951026618480682	743,75	0,759386003017426	287,5	-0,191522106528282	743,75	0,0935809388756752	743,75	-0,579793930053711	287,5	-0,267762035131454	287,5	-0,294047653675079	743,75	-0,632532179355621	
290,625	0,692027807235718	746,875	0,836765587329865	746,875	0,798236966133118	290,625	0,941320478916168	290,625	0,93449068069458	746,875	0,76194304227829	290,625	-0,192957803606987	746,875	0,0920435190200806	746,875	-0,588443458080292	290,625	-0,286424309015274	290,625	-0,313067555427551	746,875	-0,641794085502625	
293,75	0,688755989074707	750	0,834624707698822	750	0,798142313957214	293,75	0,944166660308838	293,75	0,93725198507309	750	0,761980354785919	293,75	-0,185859397053719	750	0,0918355286121368	750	-0,588897705078125	293,75	-0,284793585538864	293,75	-0,311723619699478	750	-0,642660915851593	
296,875	0,680528402328491	753,125	0,833456635475159	753,125	0,796574115753174	296,875	0,939056515693665	296,875	0,930920481681824	753,125	0,760468780994415	296,875	-0,179056316614151	753,125	0,0923980250954628	753,125	-0,587278366088867	296,875	-0,286378979682922	296,875	-0,31281977891922	753,125	-0,640644311904907	
300	0,674683034420013	756,25	0,83399224281311	756,25	0,793303668498993	300	0,932032644748688	300	0,90470165014267	756,25	0,757345080375671	300	-0,172805234789848	756,25	0,0914582386612892	756,25	-0,588531494140625	300	-0,272478103637695	300	-0,324123293161392	756,25	-0,641627073287964	
303,125	0,665341854095459	759,375	0,829533219337463	759,375	0,791858315467834	303,125	0,928135395050049	303,125	0,923986256122589	759,375	0,757080495357513	303,125	-0,169638454914093	759,375	0,089925117790699	759,375	-0,58519059419632	303,125	-0,301618456840515	303,125	-0,329836308956146	759,375	-0,638336479663849	
306,25	0,657408118247986	762,5	0,832109808921814	762,5	0,795047163963318	306,25	0,927370548248291	306,25	0,920174956321716	762,5	0,759627044200897	306,25	-0,162611737847328	762,5	0,0921385735273361	762,5	-0,588806748390198	306,25	-0,303476184606552	306,25	-0,331654697656631	762,5	-0,642569839954376	
309,375	0,649607360363007	765,625	0,829772651195526	765,625	0,790364265441895	309,375	0,922651708126068	309,375	0,914972841739655	765,625	0,75441312789917	309,375	-0,154427602887154	765,625	0,0925045311450958	765,625	-0,590544760227203	309,375	-0,303094804286957	309,375	-0,331664085388184	765,625	-0,643922746181488	
312,5	0,638701856136322	768,75	0,828786253929138	768,75	0,786293268203735	312,5	0,912006855010986	312,5	0,904141187667847	768,75	0,749601066112518	312,5	-0,147355616092682	768,75	0,0879781320691109	768,75	-0,599456906318665	312,5	-0,311757594347	312,5	-0,339964151382446	768,75	-0,653070628643036	
315,625	0,630947887897491	771,875	0,827264547348022	771,875	0,781032741069794	315,625	0,901673197746277	315,625	0,893710434436798	771,875	0,743335425853729	315,625	-0,129607930779457	771,875	0,0878802910447121	771,875	-0,601978778839111	315,625	-0,295828014612198	315,625	-0,324006795883179	771,875	-0,655722796916962	
318,75	0,626620531082153	775	0,827161073684692	775	0,783806085586548	318,75	0,900807499885559	318,75	0,892586827278137	775	0,746422350406647	318,75	-0,11927891522646	775	0,0903976783156395	775	-0,602377593517303	318,75	-0,299195110797882	318,75	-0,327688008546829	775	-0,656911194324493	
321,875	0,629781723022461	778,125	0,826079487800598	778,125	0,780884802341461	321,875	0,911497592926025	321,875	0,903202712535858	778,125	0,743864774703979	321,875	-0,105978533625603	778,125	0,0891068875789642	778,125	-0,601613223552704	321,875	-0,290914863348007	321,875	-0,32012003660202	778,125	-0,655245780944824	
325	0,632005274295807	781,25	0,826602578163147	781,25	0,778477847576141	325	0,914550065994263	325	0,906311988830566	781,25	0,740395307540894	325	-0,0952370166778564	781,25	0,0876970440149307	781,25	-0,606552124023438	325	-0,286751091480255	325	-0,316218614578247	781,25	-0,659998059272766	
328,125	0,630087018013	784,375	0,825430274009705	784,375	0,773741006851196	328,125	0,911599516868591	328,125	0,90354597568512	784,375	0,735343277454376	328,125	-0,0855502635240555	784,375	0,0861918330192566	784,375	-0,60937887430191	328,125	-0,283790111541748	328,125	-0,313211768865585	784,375	-0,66207492351532	
331,25	0,634669899940491	787,5	0,826214194297791	787,5	0,770240724086761	331,25	0,921818196773529	331,25	0,913726568222046	787,5	0,730813145637512	331,25	-0,0843452289700508	787,5	0,0859767943620682	787,5	-0,616040885448456	331,25	-0,297937512397766	331,25	-0,328043848276138	787,5	-0,668534934520721	
334,375	0,634295642375946	790,625	0,825352549552917	790,625	0,769825339317322	334,375	0,924649953842163	334,375	0,916012108325958	790,625	0,730630397796631	334,375	-0,0772168859839439	790,625	0,0850325897336006	790,625	-0,616374373435974	334,375	-0,300470352172852	334,375	-0,331134349107742	790,625	-0,669632136821747	
337,5	0,632972180843353	793,75	0,821680545806885	793,75	0,771477103233337	337,5	0,922942578792572	337,5	0,91414600610733	793,75	0,732755541801453	337,5	-0,0679306462407112	793,75	0,0873884037137032	793,75	-0,614795982837677	337,5	-0,298142462968826	337,5	-0,329046547412872	793,75	-0,6685791015625	
340,625	0,634235680103302	796,875	0,82038027048111	796,875	0,773897409439087	340,625	0,927126348018646	340,625	0,918251752853394	796,875	0,735367000102997	340,625	-0,0615073032677174	796,875	0,0888224616646767	796,875	-0,616997420787811	340,625	-0,304206639528275	340,625	-0,335563749074936	796,875	-0,671665906906128	
343,75	0,632663071155548	800	0,819609940052032	800	0,770320475101471	343,75	0,92168653011322	343,75	0,912668824195862	800	0,731113493442535	343,75	-0,0572298653423786	800	0,0892316401004791	800	-0,622771203517914	343,75	-0,312743008136749	343,75	-0,34443524479866	800	-0,677288830280304	
346,875	0,635646104812622	803,125	0,818789064884186	803,125	0,777595579624176	346,875	0,922708332538605	346,875	0,913759350776672	803,125	0,737985491752625	346,875	-0,0494778044521809	803,125	0,092482402920723	803,125	-0,622384250164032	346,875	-0,314953774213791	346,875	-0,34669491648674	803,125	-0,678704380989075	
350	0,634824275970459	806,25	0,820154547691345	806,25	0,767620086669922	350	0,922062814235687	350	0,91270250082016	806,25	0,726691603660584	350	-0,0402075052261353	806,25	0,0887065902352333	806,25	-0,626795470714569	350	-0,314221233129501	350	-0,346237629652023	806,25	-0,681122660636902	
353,125	0,638279139995575	809,375	0,820482432842255	809,375	0,754239916801453	353,125	0,923723936080933	353,125	0,913970172405243	809,375	0,711916446685791	353,125	-0,03128582239151	809,375	0,0831201374530792	809,375	-0,639183878898621	353,125	-0,31778883934021	353,125	-0,349738955497742	809,375	-0,691263675689697	
356,25	0,642264842987061	812,5	0,816950142383575	812,5	0,761324644088745	356,25	0,928093194961548	356,25	0,918273091316223	812,5	0,720888137817383	356,25	-0,0286933090537786	812,5	0,0912083834409714	812,5	-0,631536185741425	356,25	-0,326610207557678	356,25	-0,359380632638931	812,5	-0,684804499149323	
359,375	0,642124772071838	815,625	0,815167546272278	815,625	0,764733672142029	359,375	0,925353527069092	359,375	0,914671003818512	815,625	0,725480139255524	359,375	-0,0251417886465788	815,625	0,0930574536323547	815,625	-0,626131176948547	359,375	-0,337056159973145	359,375	-0,370495408773422	815,625	-0,681366503238678	
362,5	0,641503393650055	818,75	0,816324889659882	818,75	0,753794252872467	362,5	0,92273873090744	362,5	0,911813735961914	818,75	0,712673366069794	362,5	-0,0185113307088614	818,75	0,0884515941143036	818,75	-0,634600043296814	362,5	-0,335267722606659	362,5	-0,369374245405197	818,75	-0,68770843744278	
365,625	0,644630432128906	821,875	0,811106264591217	821,875	0,753221094608307	365,625	0,911705136299133	365,625	0,901161134243011	821,875	0,711920857429504	365,625	-0,0109859025105834	821,875	0,0903249084949493	821,875	-0,635041952133179	365,625	-0,334546446800232	365,625	-0,367393612861633	821,875	-0,68765914440155	
368,75	0,650134444236755	825	0,805476546287537	825	0,764745235443115	368,75	0,9237260222435	368,75	0,912832677364349	825	0,723042726516724	368,75	-0,00473509822040796	825	0,0988631621003151	825	-0,630719482898712	368,75	-0,337782025337219	368,75	-0,372431516647339	825	-0,686210751533508	
371,875	0,659740686416626	828,125	0,805331170558929	828,125	0,762758433818817	371,875	0,937612235546112	371,875	0,925965011119843	828,125	0,720325887203217	371,875	0,00142915069591254	828,125	0,095802828669548	828,125	-0,633310973644257	371,875	-0,346872061491013	371,875	-0,382600426673889	828,125	-0,689416229724884	
375	0,647016286849976	831,25	0,791390419006348	831,25	0,751468241214752	375	0,901777923107147	375	0,888315260410309	831,25	0,71206659078598	375	0,00858259201049805	831,25	0,0956371873617172	831,25	-0,613888144493103	375	-0,349317669868469	375	-0,38158854842186	831,25	-0,669784486293793	
378,125	0,655100703239441	834,375	0,808613181114197	834,375	0,738202393054962	378,125	0,904659450054169	378,125	0,892055749893188	834,375	0,697858452796936	378,125	0,0109616396948695	834,375	0,0890932157635689	834,375	-0,636097311973572	378,125	-0,355324149131775	378,125	-0,388167947530746	834,375	-0,688482403755188	
381,25	0,663307249546051	837,5	0,811743140220642	837,5	0,742267549037933	381,25	0,920181453227997	381,25	0,909375846385956	837,5	0,700431406497955	381,25	0,0197782143950462	837,5	0,0929564610123634	837,5	-0,646685540676117	381,25	-0,34453022480011	381,25	-0,379276126623154	837,5	-0,69892156124115	
384,375	0,660633981227875	840,625	0,808513820171356	840,625	0,741399824619293	384,375	0,901306092739105	384,375	0,889008224010468	840,625	0,697959780693054	384,375	0,0203722100704908	840,625	0,093841664493084	840,625	-0,65121454000473	384,375	-0,352928102016449	384,375	-0,386220663785934	840,625	-0,703586637973785	
387,5	0,664901852607727	843,75	0,807464063167572	843,75	0,734587907791138	387,5	0,902884006500244	387,5	0,888996481895447	843,75	0,691403687000275	387,5	0,0159933120012283	843,75	0,092056043446064	843,75	-0,651569247245789	387,5	-0,369375437498093	387,5	-0,404135674238205	843,75	-0,703972101211548	
390,625	0,67388391494751	846,875	0,811460137367249	846,875	0,73731142282486	390,625	0,909425318241119	390,625	0,89494001865387	846,875	0,693446636199951	390,625	0,0190473366528749	846,875	0,0985189154744148	846,875	-0,657544136047363	390,625	-0,377413541078568	390,625	-0,413216710090637	846,875	-0,71017986536026	
393,75	0,681210279464722	850	0,810915589332581	850	0,739250361919403	393,75	0,917215406894684	393,75	0,905266880989075	850	0,695042967796326	393,75	0,0335763171315193	850	0,101025149226189	850	-0,663524806499481	393,75	-0,359512031078339	393,75	-0,395034313201904	850	-0,716109991073608	
396,875	0,685370743274689	853,125	0,805389225482941	853,125	0,744058907032013	396,875	0,916715443134308	396,875	0,905102849006653	853,125	0,69859790802002	396,875	0,0382323376834393	853,125	0,108145408332348	853,125	-0,663544178009033	396,875	-0,358937352895737	396,875	-0,394864857196808	853,125	-0,716871857643127	
400	0,68854558467865	856,25	0,79860383272171	856,25	0,741300821304321	400	0,916472613811493	400	0,904821455478668	856,25	0,698220431804657	400	0,0434114150702953	856,25	0,105102315545082	856,25	-0,650976300239563	400	-0,357313603162766	400	-0,394343018531799	856,25	-0,70489764213562	
403,125	0,690836489200592	859,375	0,79714560508728	859,375	0,733737111091614	403,125	0,916444778442383	403,125	0,904653310775757	859,375	0,690915524959564	403,125	0,0476441606879234	859,375	0,100460760295391	859,375	-0,650746881961823	403,125	-0,358706384897232	403,125	-0,396193414926529	859,375	-0,704337954521179	
406,25	0,693153560161591	862,5	0,799776971340179	862,5	0,73107385635376	406,25	0,901221573352814	406,25	0,890355110168457	862,5	0,6873819231987	406,25	0,0444189123809338	862,5	0,103846073150635	862,5	-0,659381330013275	406,25	-0,36703085899353	406,25	-0,402371644973755	862,5	-0,711674749851227	
409,375	0,690387964248657	865,625	0,801161408424377	865,625	0,731308579444885	409,375	0,889356434345245	409,375	0,875361502170563	865,625	0,687457680702209	409,375	0,0422753654420376	865,625	0,109066441655159	865,625	-0,662405371665955	409,375	-0,382798403501511	409,375	-0,41710638999939	865,625	-0,714587807655334	
412,5	0,698626637458801	868,75	0,803770899772644	868,75	0,731445729732513	412,5	0,885649859905243	412,5	0,870557963848114	868,75	0,687221050262451	412,5	0,0381449870765209	868,75	0,113661929965019	868,75	-0,666241645812988	412,5	-0,395098805427551	412,5	-0,429979532957077	868,75	-0,718348860740662	
415,625	0,710332274436951	871,875	0,805840134620667	871,875	0,725903928279877	415,625	0,905446231365204	415,625	0,890602946281433	871,875	0,681643009185791	415,625	0,0451889149844646	871,875	0,111401222646236	871,875	-0,670549690723419	415,625	-0,393151700496674	415,625	-0,430248022079468	871,875	-0,722600698471069	
418,75	0,706414759159088	875	0,801472544670105	875	0,722662806510925	418,75	0,888983011245728	418,75	0,874114811420441	875	0,678151071071625	418,75	0,046244241297245	875	0,113023117184639	875	-0,668349325656891	418,75	-0,395448535680771	418,75	-0,430418789386749	875	-0,72082245349884	
421,875	0,713131308555603	878,125	0,803876459598541	878,125	0,722200810909271	421,875	0,894025862216949	421,875	0,876051783561707	878,125	0,677492439746857	421,875	0,0434572398662567	878,125	0,112606354057789	878,125	-0,672220528125763	421,875	-0,412172913551331	421,875	-0,447719305753708	878,125	-0,724263429641724	
425	0,714165925979614	881,25	0,804193139076233	881,25	0,716089367866516	425	0,89294707775116	425	0,876687169075012	881,25	0,671464145183563	425	0,0457926541566849	881,25	0,110456988215446	881,25	-0,67383199930191	425	-0,402980625629425	425	-0,439550399780273	881,25	-0,725061774253845	
428,125	0,715971529483795	884,375	0,801624059677124	884,375	0,716790616512299	428,125	0,893590152263641	428,125	0,881337702274323	884,375	0,671683490276337	428,125	0,0586033388972282	884,375	0,114472046494484	884,375	-0,675448298454285	428,125	-0,380573570728302	428,125	-0,418164879083633	884,375	-0,727369010448456	
431,25	0,723987221717834	887,5	0,796473801136017	887,5	0,713297963142395	431,25	0,894257366657257	431,25	0,878635287284851	887,5	0,668581604957581	431,25	0,0488854311406612	887,5	0,115120612084866	887,5	-0,672095954418182	431,25	-0,40680342912674	431,25	-0,444412231445313	887,5	-0,72379994392395	
434,375	0,72387433052063	890,625	0,799702405929565	890,625	0,709559321403503	434,375	0,894415140151978	434,375	0,879026651382446	890,625	0,664790034294128	434,375	0,0543766245245934	890,625	0,113578639924526	890,625	-0,675895154476166	434,375	-0,40095642209053	434,375	-0,438953697681427	890,625	-0,727196574211121	
437,5	0,72516393661499	893,75	0,808215320110321	893,75	0,711233675479889	437,5	0,896927535533905	437,5	0,881094515323639	893,75	0,665375769138336	437,5	0,0564093515276909	893,75	0,116806514561176	893,75	-0,686235368251801	437,5	-0,400619745254517	437,5	-0,439650624990463	893,75	-0,736849248409271	
440,625	0,727243602275848	896,875	0,806132555007935	896,875	0,706788539886475	440,625	0,893095135688782	440,625	0,877962350845337	896,875	0,661467909812927	440,625	0,0577375628054142	896,875	0,114383198320866	896,875	-0,686255216598511	440,625	-0,397397816181183	440,625	-0,436733365058899	896,875	-0,737130105495453	
443,75	0,731298446655273	900	0,805347084999084	900	0,708141803741455	443,75	0,889169752597809	443,75	0,87209564447403	900	0,662728786468506	443,75	0,0543063655495644	900	0,120769962668419	900	-0,685268342494965	443,75	-0,410709142684937	443,75	-0,449538290500641	900	-0,736593723297119	
446,875	0,732512772083282	903,125	0,801311254501343	903,125	0,704401910305023	446,875	0,884973406791687	446,875	0,869482576847076	903,125	0,658594071865082	446,875	0,0570860989391804	903,125	0,11926132440567	903,125	-0,685188055038452	446,875	-0,406676858663559	446,875	-0,445381551980972	903,125	-0,736191630363464	
450	0,7408646941185	906,25	0,803793251514435	906,25	0,702985107898712	450	0,901015520095825	450	0,885113835334778	906,25	0,656476497650146	450	0,0640845224261284	906,25	0,12407261133194	906,25	-0,689360678195953	450	-0,406892687082291	450	-0,447253048419952	906,25	-0,739932239055634	
453,125	0,740156769752502	909,375	0,810342609882355	909,375	0,704260110855103	453,125	0,902597010135651	453,125	0,8858802318573	909,375	0,657652676105499	453,125	0,0638984739780426	909,375	0,12844106554985	909,375	-0,694801151752472	453,125	-0,4089035987854	453,125	-0,45019793510437	909,375	-0,745808362960815	
456,25	0,747933030128479	912,5	0,81512451171875	912,5	0,698576927185059	456,25	0,910615682601929	456,25	0,892738044261932	912,5	0,651829421520233	456,25	0,0665159597992897	912,5	0,122267983853817	912,5	-0,699514865875244	456,25	-0,414106756448746	456,25	-0,456575155258179	912,5	-0,749845266342163	
459,375	0,749602973461151	915,625	0,815214991569519	915,625	0,695916473865509	459,375	0,897563934326172	459,375	0,879497885704041	915,625	0,649164259433746	459,375	0,0605807267129421	915,625	0,123252063989639	915,625	-0,700406670570374	459,375	-0,423279762268066	459,375	-0,464268803596497	915,625	-0,75082916021347	
462,5	0,75224769115448	918,75	0,813657939434052	918,75	0,692973673343658	462,5	0,886047899723053	462,5	0,867957174777985	918,75	0,646446526050568	462,5	0,0548046603798866	918,75	0,125235989689827	918,75	-0,698768794536591	462,5	-0,435885071754456	462,5	-0,475443303585052	918,75	-0,749164283275604	
465,625	0,75747275352478	921,875	0,806939244270325	921,875	0,691377341747284	465,625	0,888393640518188	465,625	0,869632542133331	921,875	0,645108461380005	465,625	0,0577864460647106	921,875	0,128318160772324	921,875	-0,697607040405273	465,625	-0,439883440732956	465,625	-0,479605942964554	921,875	-0,748280942440033	
468,75	0,758075594902039	925	0,80812793970108	925	0,690779864788055	468,75	0,88788628578186	468,75	0,869565367698669	925	0,644137859344482	468,75	0,0610803030431271	925	0,128229603171349	925	-0,699577033519745	468,75	-0,438335388898849	468,75	-0,478395611047745	925	-0,750207185745239	
471,875	0,760149776935577	928,125	0,813400506973267	928,125	0,694151341915131	471,875	0,877523064613342	471,875	0,858591735363007	928,125	0,647321999073029	471,875	0,0504978969693184	928,125	0,132981047034264	928,125	-0,703066110610962	471,875	-0,452566415071487	471,875	-0,492314010858536	928,125	-0,753526389598846	
475	0,758008599281311	931,25	0,811011373996735	931,25	0,685010254383087	475	0,875105082988739	475	0,856220602989197	931,25	0,637424468994141	475	0,0532208979129791	931,25	0,128054842352867	931,25	-0,706386983394623	475	-0,450964629650116	475	-0,490482956171036	931,25	-0,756489753723145	
478,125	0,755067527294159	934,375	0,812851011753082	934,375	0,684530079364777	478,125	0,874926149845123	478,125	0,856890439987183	934,375	0,636532962322235	478,125	0,0567460022866726	934,375	0,130705952644348	934,375	-0,708423256874084	478,125	-0,438736736774445	478,125	-0,479291260242462	934,375	-0,758550643920898	
481,25	0,763823628425598	937,5	0,81344085931778	937,5	0,681333780288696	481,25	0,885185837745667	481,25	0,866401672363281	937,5	0,633567035198212	481,25	0,0643453821539879	937,5	0,128604933619499	937,5	-0,70952308177948	481,25	-0,44080263376236	481,25	-0,482480406761169	937,5	-0,759287238121033	
484,375	0,76331490278244	940,625	0,8142911195755	940,625	0,681054353713989	484,375	0,874264478683472	484,375	0,854926347732544	940,625	0,633247494697571	484,375	0,0553757660090923	940,625	0,130925640463829	940,625	-0,710072219371796	484,375	-0,45035445690155	484,375	-0,491491168737412	940,625	-0,760230004787445	
487,5	0,763953804969788	943,75	0,815877437591553	943,75	0,676694214344025	487,5	0,875162482261658	487,5	0,856299340724945	943,75	0,628291070461273	487,5	0,0613451525568962	943,75	0,127878189086914	943,75	-0,717077255249023	487,5	-0,445534020662308	487,5	-0,487159103155136	943,75	-0,766461133956909	
490,625	0,766762256622314	946,875	0,816384017467499	946,875	0,675642251968384	490,625	0,871992111206055	490,625	0,852780401706696	946,875	0,627550005912781	490,625	0,059266421943903	946,875	0,128198653459549	946,875	-0,717357695102692	490,625	-0,451144963502884	490,625	-0,492744445800781	946,875	-0,7665114402771	
493,75	0,765290439128876	950	0,815583348274231	950	0,674006640911102	493,75	0,866166353225708	493,75	0,846489727497101	950	0,625993490219116	493,75	0,0578786320984364	950	0,131032153964043	950	-0,71776807308197	493,75	-0,453757911920547	493,75	-0,494911193847656	950	-0,766863107681274	
496,875	0,767132341861725	953,125	0,814976513385773	953,125	0,674908995628357	496,875	0,86731743812561	496,875	0,847352862358093	953,125	0,626566529273987	496,875	0,0585411265492439	953,125	0,135003536939621	953,125	-0,718199014663696	496,875	-0,455292761325836	496,875	-0,497522175312042	953,125	-0,768184304237366	
500	0,777800977230072	956,25	0,815666973590851	956,25	0,670126378536224	500	0,873378753662109	500	0,852335035800934	956,25	0,621630489826202	500	0,0582498870790005	956,25	0,133542418479919	956,25	-0,718196272850037	500	-0,466633349657059	500	-0,508906245231628	956,25	-0,767808675765991	
503,125	0,778290748596191	959,375	0,816623628139496	959,375	0,664987027645111	503,125	0,869741916656494	503,125	0,848184764385223	959,375	0,616441607475281	503,125	0,0564680770039558	959,375	0,131177589297295	959,375	-0,721369981765747	503,125	-0,471325129270554	503,125	-0,513167381286621	959,375	-0,770338177680969	
506,25	0,779877126216888	962,5	0,817903459072113	962,5	0,664530456066132	506,25	0,869770169258118	506,25	0,84838342666626	962,5	0,61586332321167	506,25	0,0598669052124023	962,5	0,130786940455437	962,5	-0,725821971893311	506,25	-0,471612006425858	506,25	-0,513496696949005	962,5	-0,774738907814026	
509,375	0,784910619258881	965,625	0,818248212337494	965,625	0,663095831871033	509,375	0,869410872459412	509,375	0,847321033477783	965,625	0,614304006099701	509,375	0,0563181638717651	965,625	0,132195383310318	965,625	-0,727079033851624	509,375	-0,47875788807869	509,375	-0,521094858646393	965,625	-0,775888621807098	
512,5	0,782179474830627	968,75	0,821418046951294	968,75	0,664557695388794	512,5	0,86147141456604	512,5	0,839336931705475	968,75	0,615489304065704	512,5	0,0525855161249638	968,75	0,134326606988907	968,75	-0,729270458221436	512,5	-0,480708241462708	512,5	-0,523106694221497	968,75	-0,778254568576813	
515,625	0,780438959598541	971,875	0,819929182529449	971,875	0,657829821109772	515,625	0,86286598443985	515,625	0,841100633144379	971,875	0,608774721622467	515,625	0,0588662996888161	971,875	0,130825772881508	971,875	-0,731193244457245	515,625	-0,475258827209473	515,625	-0,518403112888336	971,875	-0,779780745506287	
518,75	0,781076788902283	975	0,820061802864075	975	0,656476259231567	518,75	0,862177193164825	518,75	0,840843260288239	975	0,607483565807343	518,75	0,0612204484641552	975	0,133094117045403	975	-0,731329321861267	518,75	-0,473953515291214	518,75	-0,517332136631012	975	-0,779609322547913	
521,875	0,788637638092041	978,125	0,820484817028046	978,125	0,654602825641632	521,875	0,857518553733826	521,875	0,834973514080048	978,125	0,605383634567261	521,875	0,0520560368895531	978,125	0,133900389075279	978,125	-0,732991456985474	521,875	-0,488721460103989	521,875	-0,531719923019409	978,125	-0,781337559223175	
525	0,786444544792175	981,25	0,818049073219299	981,25	0,65026980638504	525	0,854469120502472	525	0,8316450715065	981,25	0,601120710372925	525	0,0526387952268124	981,25	0,132808595895767	981,25	-0,733475387096405	525	-0,488837420940399	525	-0,531809270381927	981,25	-0,781632959842682	
528,125	0,792504906654358	984,375	0,8215651512146	984,375	0,650274455547333	528,125	0,861324965953827	528,125	0,838315546512604	984,375	0,600843548774719	528,125	0,0588000155985355	984,375	0,133836224675179	984,375	-0,737257719039917	528,125	-0,490695089101791	528,125	-0,534142971038818	984,375	-0,78542572259903	
531,25	0,791939198970795	987,5	0,822089374065399	987,5	0,648083806037903	531,25	0,85433155298233	531,25	0,83094584941864	987,5	0,598444819450378	531,25	0,0536386631429195	987,5	0,134356752038002	987,5	-0,739182770252228	531,25	-0,494739174842834	531,25	-0,537896573543549	987,5	-0,7872354388237	
534,375	0,792667627334595	990,625	0,821861028671265	990,625	0,646180629730225	534,375	0,852317154407501	534,375	0,829049050807953	990,625	0,596522450447083	534,375	0,0543569549918175	990,625	0,134405925869942	990,625	-0,73921263217926	534,375	-0,49589678645134	534,375	-0,539080023765564	990,625	-0,7872554063797	
537,5	0,794507622718811	993,75	0,825609624385834	993,75	0,643119394779205	537,5	0,850689351558685	537,5	0,827077329158783	993,75	0,593242108821869	537,5	0,0537003912031651	993,75	0,131526350975037	993,75	-0,744658172130585	537,5	-0,499195694923401	537,5	-0,54251354932785	993,75	-0,792495131492615	
540,625	0,7971351146698	996,875	0,826005458831787	996,875	0,642268478870392	540,625	0,850718677043915	540,625	0,826293408870697	996,875	0,592384278774261	540,625	0,0536031685769558	996,875	0,133531555533409	996,875	-0,745590209960938	540,625	-0,503131985664368	540,625	-0,546785295009613	996,875	-0,793376266956329	
543,75	0,793714106082916	1000	0,827436566352844	1000	0,638814628124237	543,75	0,850148379802704	543,75	0,825686693191528	1000	0,588937878608704	543,75	0,0582813881337643	1000	0,132063895463943	1000	-0,749173700809479	543,75	-0,499132245779037	543,75	-0,543432950973511	1000	-0,796518921852112	
546,875	0,803463399410248	1003,125	0,825559198856354	1003,125	0,637484669685364	546,875	0,847384810447693	546,875	0,82237982749939	1003,125	0,587512016296387	546,875	0,0493104793131351	1003,125	0,133710235357285	1003,125	-0,748280107975006	546,875	-0,513245820999146	546,875	-0,556854009628296	1003,125	-0,795663475990295	
550	0,801991701126099	1006,25	0,825359225273132	1006,25	0,635246217250824	550	0,845810353755951	550	0,820655465126038	1006,25	0,585206747055054	550	0,051572859287262	1006,25	0,133695602416992	1006,25	-0,749577283859253	550	-0,511704742908478	550	-0,555444717407227	1006,25	-0,796870708465576	
553,125	0,801217675209045	1009,375	0,825680315494537	1009,375	0,631461679935455	553,125	0,840431809425354	553,125	0,815219640731812	1009,375	0,581466615200043	553,125	0,0483168885111809	1009,375	0,131969720125198	1009,375	-0,75203138589859	553,125	-0,514392256736755	553,125	-0,557882368564606	1009,375	-0,798941731452942	
556,25	0,805689752101898	1012,5	0,826239585876465	1012,5	0,631101071834564	556,25	0,842154860496521	556,25	0,816689968109131	1012,5	0,581097662448883	556,25	0,0494693890213966	1012,5	0,134140893816948	1012,5	-0,752488791942596	556,25	-0,518562495708466	556,25	-0,562122166156769	1012,5	-0,799294352531433	
559,375	0,801259934902191	1015,625	0,828822791576386	1015,625	0,631107449531555	559,375	0,835734605789185	559,375	0,810555517673492	1015,625	0,580947697162628	559,375	0,0477773398160934	1015,625	0,135331347584724	1015,625	-0,755682766437531	559,375	-0,518836081027985	559,375	-0,562212765216827	1015,625	-0,802508234977722	
562,5	0,803833544254303	1018,75	0,82856422662735	1018,75	0,624775290489197	562,5	0,835406720638275	562,5	0,81010228395462	1018,75	0,574399054050446	562,5	0,0484764464199543	1018,75	0,129900202155113	1018,75	-0,759298741817474	562,5	-0,521745145320892	562,5	-0,565135717391968	1018,75	-0,805894255638123	
565,625	0,806361019611359	1021,875	0,828678250312805	1021,875	0,624732732772827	565,625	0,833767950534821	565,625	0,808425724506378	1021,875	0,574291944503784	565,625	0,0465371236205101	1021,875	0,132499158382416	1021,875	-0,758690536022186	565,625	-0,525872349739075	565,625	-0,569505453109741	1021,875	-0,805283188819885	
568,75	0,804925262928009	1025	0,828439354896545	1025	0,619768440723419	568,75	0,830954551696777	568,75	0,805613994598389	1025	0,569209337234497	568,75	0,0470329225063324	1025	0,130175888538361	1025	-0,760306537151337	568,75	-0,52636057138443	568,75	-0,570341765880585	1025	-0,806612253189087	
571,875	0,8045494556427	1028,125	0,829319834709167	1028,125	0,618562936782837	571,875	0,828893661499023	571,875	0,8034707903862	1028,125	0,567833542823792	571,875	0,0472453571856022	1028,125	0,131686717271805	1028,125	-0,761796951293945	571,875	-0,527601897716522	571,875	-0,571849226951599	1028,125	-0,808037281036377	
575	0,808101236820221	1031,25	0,831529438495636	1031,25	0,619052946567535	575	0,828761875629425	575	0,803070366382599	1031,25	0,568139910697937	575	0,0468346700072289	1031,25	0,133210375905037	1031,25	-0,764567852020264	575	-0,531900882720947	575	-0,576507031917572	1031,25	-0,810844779014587	
578,125	0,805614948272705	1034,375	0,831245303153992	1034,375	0,615099906921387	578,125	0,826199233531952	578,125	0,800427556037903	1034,375	0,564269006252289	578,125	0,0489596128463745	1034,375	0,130723461508751	1034,375	-0,766062796115875	578,125	-0,530412435531616	578,125	-0,575122833251953	1034,375	-0,812176108360291	
581,25	0,811450779438019	1037,5	0,83084112405777	1037,5	0,612344682216644	581,25	0,827447414398193	581,25	0,80102527141571	1037,5	0,561661601066589	581,25	0,0495818555355072	1037,5	0,130368828773499	1037,5	-0,766759634017944	581,25	-0,535785615444183	581,25	-0,580909669399261	1037,5	-0,812516152858734	
584,375	0,814696967601776	1040,625	0,831503450870514	1040,625	0,610191404819489	584,375	0,825646936893463	584,375	0,798794507980347	1040,625	0,559273779392242	584,375	0,0477753058075905	1040,625	0,129966050386429	1040,625	-0,769888460636139	584,375	-0,540589690208435	584,375	-0,585824191570282	1040,625	-0,815277278423309	
587,5	0,815639734268188	1043,75	0,831197500228882	1043,75	0,608729183673859	587,5	0,825030148029327	587,5	0,797993242740631	1043,75	0,557659387588501	587,5	0,0479391105473042	1043,75	0,130683243274689	1043,75	-0,770312070846558	587,5	-0,542327404022217	587,5	-0,587803184986115	1043,75	-0,815960466861725	
590,625	0,816090226173401	1046,875	0,830516219139099	1046,875	0,606593370437622	590,625	0,821989357471466	590,625	0,794663429260254	1046,875	0,555617451667786	590,625	0,0469212122261524	1046,875	0,130164235830307	1046,875	-0,770087540149689	590,625	-0,543840050697327	590,625	-0,58939129114151	1046,875	-0,815539121627808	
593,75	0,816879332065582	1050	0,832489132881165	1050	0,603598296642303	593,75	0,819746077060699	593,75	0,792080342769623	1050	0,552201092243195	593,75	0,0458835437893867	1050	0,128886520862579	1050	-0,774985194206238	593,75	-0,546917498111725	593,75	-0,592520296573639	1050	-0,820120811462402	
596,875	0,819506645202637	1053,125	0,834959387779236	1053,125	0,602953195571899	596,875	0,819992005825043	596,875	0,79209691286087	1053,125	0,551750123500824	596,875	0,0461691543459892	1053,125	0,12883760035038	1053,125	-0,778159737586975	596,875	-0,548313021659851	596,875	-0,594029486179352	1053,125	-0,823219895362854	
600	0,821813523769379	1056,25	0,833930790424347	1056,25	0,598595261573792	600	0,816763699054718	600	0,788498222827911	1056,25	0,546889901161194	600	0,0429203473031521	1056,25	0,127135723829269	1056,25	-0,779505610466003	600	-0,553952038288116	600	-0,59956681728363	1056,25	-0,824375748634338	
603,125	0,821833074092865	1059,375	0,834461331367493	1059,375	0,598679661750793	603,125	0,816204130649567	603,125	0,787865817546844	1059,375	0,546978175640106	603,125	0,0444452315568924	1059,375	0,128638461232185	1059,375	-0,78013402223587	603,125	-0,553969085216522	603,125	-0,599756181240082	1059,375	-0,824693322181702	
606,25	0,823469877243042	1062,5	0,83470356464386	1062,5	0,597329318523407	606,25	0,813128471374512	606,25	0,784310638904572	1062,5	0,545511543750763	606,25	0,0421224161982536	1062,5	0,127642527222633	1062,5	-0,782684445381165	606,25	-0,557435214519501	606,25	-0,603301405906677	1062,5	-0,827147603034973	
609,375	0,825902342796326	1065,625	0,834608674049377	1065,625	0,591705322265625	609,375	0,814273953437805	609,375	0,785283803939819	1065,625	0,539901316165924	609,375	0,0437863431870937	1065,625	0,124835632741451	1065,625	-0,786178827285767	609,375	-0,55919885635376	609,375	-0,605325758457184	1065,625	-0,830469906330109	
612,5	0,826780259609222	1068,75	0,832372784614563	1068,75	0,59033614397049	612,5	0,812425851821899	612,5	0,783129096031189	1068,75	0,538515329360962	612,5	0,0423134416341782	1068,75	0,12690007686615	1068,75	-0,782964289188385	612,5	-0,562116920948029	612,5	-0,608312785625458	1068,75	-0,82738995552063	
615,625	0,827976167201996	1071,875	0,832976460456848	1071,875	0,587165534496307	615,625	0,809695839881897	615,625	0,780032873153687	1071,875	0,535313606262207	615,625	0,0387973450124264	1071,875	0,126194000244141	1071,875	-0,784706056118011	615,625	-0,566321671009064	615,625	-0,612534284591675	1071,875	-0,828697860240936	
618,75	0,829366743564606	1075	0,834861576557159	1075	0,586172044277191	618,75	0,809032142162323	618,75	0,779197156429291	1075	0,533608913421631	618,75	0,0389369986951351	1075	0,126197397708893	1075	-0,788167834281921	618,75	-0,567842483520508	618,75	-0,614189803600311	1075	-0,831510722637177	
621,875	0,831750690937042	1078,125	0,835737884044647	1078,125	0,585069417953491	621,875	0,809189140796661	621,875	0,779173493385315	1078,125	0,533562004566193	621,875	0,0406537279486656	1078,125	0,125429168343544	1078,125	-0,79197371006012	621,875	-0,569175541400909	621,875	-0,615688800811768	1078,125	-0,835455536842346	
625	0,831112146377563	1081,25	0,831997096538544	1081,25	0,575414597988129	625	0,805947721004486	625	0,775605440139771	1081,25	0,523851811885834	625	0,0388659983873367	1081,25	0,120756320655346	1081,25	-0,791234314441681	625	-0,570647895336151	625	-0,617085576057434	1081,25	-0,834240019321442	
628,125	0,833133280277252	1084,375	0,833120763301849	1084,375	0,577051639556885	628,125	0,803243577480316	628,125	0,772558152675629	1084,375	0,524326086044312	628,125	0,03545231372118	1084,375	0,12277889251709	1084,375	-0,793782651424408	628,125	-0,575930595397949	628,125	-0,622501134872437	1084,375	-0,837007820606232	
631,25	0,830861568450928	1087,5	0,833161413669586	1087,5	0,575472116470337	631,25	0,799007713794708	631,25	0,768100321292877	1087,5	0,522823810577393	631,25	0,0343681387603283	1087,5	0,122748076915741	1087,5	-0,795324265956879	631,25	-0,576944768428802	631,25	-0,623405873775482	1087,5	-0,838586032390594	
634,375	0,831577837467194	1090,625	0,832288444042206	1090,625	0,574152410030365	634,375	0,79766172170639	634,375	0,766332864761353	1090,625	0,521303176879883	634,375	0,0337271168828011	1090,625	0,122944541275501	1090,625	-0,796276211738586	634,375	-0,580046057701111	634,375	-0,626494586467743	1090,625	-0,838946521282196	
637,5	0,834182977676392	1093,75	0,832922279834747	1093,75	0,570963621139526	637,5	0,797410368919373	637,5	0,765790224075317	1093,75	0,518709301948547	637,5	0,0328252129256725	1093,75	0,121289573609829	1093,75	-0,797973036766052	637,5	-0,583311140537262	637,5	-0,629927158355713	1093,75	-0,840614914894104	
640,625	0,835041761398315	1096,875	0,831183671951294	1096,875	0,566465258598328	640,625	0,797813236713409	640,625	0,766126334667206	1096,875	0,514101564884186	640,625	0,0350146666169167	1096,875	0,120588555932045	1096,875	-0,799567580223084	640,625	-0,583059191703796	640,625	-0,62979644536972	1096,875	-0,842187881469727	
643,75	0,837737083435059	1100	0,830184519290924	1100	0,564594686031342	643,75	0,793956577777863	643,75	0,761530697345734	1100	0,511706173419952	643,75	0,0309394188225269	1100	0,119634911417961	1100	-0,801091194152832	643,75	-0,589820921421051	643,75	-0,636593818664551	1100	-0,84332948923111	
646,875	0,836264073848724	1103,125	0,830183088779449	1103,125	0,560633838176727	646,875	0,79124516248703	646,875	0,758669972419739	1103,125	0,508861541748047	646,875	0,0300518367439508	1103,125	0,118291288614273	1103,125	-0,803034603595734	646,875	-0,590613186359406	646,875	-0,637275695800781	1103,125	-0,844800889492035	
650	0,839660823345184	1106,25	0,82837051153183	1106,25	0,558819532394409	650	0,791491150856018	650	0,758573591709137	1106,25	0,506912052631378	650	0,0290675163269043	1106,25	0,120361767709255	1106,25	-0,801181316375732	650	-0,595299601554871	650	-0,642107427120209	1106,25	-0,843050897121429	
653,125	0,838160216808319	1109,375	0,82973700761795	1109,375	0,556320130825043	653,125	0,788505971431732	653,125	0,755376935005188	1109,375	0,504129827022552	653,125	0,028507562354207	1109,375	0,116690173745155	1109,375	-0,807979822158813	653,125	-0,595868706703186	653,125	-0,642501592636108	1109,375	-0,849109828472137	
656,25	0,838245809078217	1112,5	0,830264627933502	1112,5	0,55678391456604	656,25	0,785998940467834	656,25	0,752817451953888	1112,5	0,505287766456604	656,25	0,0270999576896429	1112,5	0,11808967590332	1112,5	-0,80842262506485	656,25	-0,597164750099182	656,25	-0,643653690814972	1112,5	-0,84963595867157	
659,375	0,839714348316193	1115,625	0,825702846050262	1115,625	0,551365256309509	659,375	0,78275203704834	659,375	0,749140739440918	1115,625	0,499611049890518	659,375	0,024069469422102	1115,625	0,116993471980095	1115,625	-0,803719580173492	659,375	-0,601618111133575	659,375	-0,64797830581665	1115,625	-0,844797849655151	
662,5	0,841657280921936	1118,75	0,829073309898376	1118,75	0,551561653614044	662,5	0,784371733665466	662,5	0,750549376010895	1118,75	0,49977234005928	662,5	0,0254827905446291	1118,75	0,11536318063736	1118,75	-0,81145578622818	662,5	-0,603882551193237	662,5	-0,650453448295593	1118,75	-0,852619051933289	
665,625	0,843370497226715	1121,875	0,826650261878967	1121,875	0,550487518310547	665,625	0,783228516578674	665,625	0,749238669872284	1121,875	0,498982608318329	665,625	0,0237961765378714	1121,875	0,117612332105637	1121,875	-0,810211837291718	665,625	-0,607670783996582	665,625	-0,654436409473419	1121,875	-0,851321339607239	
668,75	0,84237015247345	1125	0,827824354171753	1125	0,548453390598297	668,75	0,778866589069366	668,75	0,744685232639313	1125	0,49629545211792	668,75	0,0218529254198074	1125	0,115890383720398	1125	-0,813106000423431	668,75	-0,609165668487549	668,75	-0,655809879302979	1125	-0,853767156600952	
671,875	0,841915905475616	1128,125	0,828350484371185	1128,125	0,547299861907959	671,875	0,777628779411316	671,875	0,743387281894684	1128,125	0,494187384843826	671,875	0,0227805897593498	1128,125	0,116573177278042	1128,125	-0,816390573978424	671,875	-0,609174430370331	671,875	-0,655793011188507	1128,125	-0,858046293258667	
675	0,841434121131897	1131,25	0,825734496116638	1131,25	0,536207675933838	675	0,773298263549805	675	0,7384073138237	1131,25	0,4836645424366	675	0,0193678922951221	1131,25	0,112006604671478	1131,25	-0,818779528141022	675	-0,613225698471069	675	-0,659632623195648	1131,25	-0,857984304428101	
678,125	0,841610550880432	1134,375	0,824747264385223	1134,375	0,53860729932785	678,125	0,770096719264984	678,125	0,734995305538177	1134,375	0,485267251729965	678,125	0,0173891000449657	1134,375	0,114327318966389	1134,375	-0,816327571868896	678,125	-0,615716755390167	678,125	-0,662016570568085	1134,375	-0,855434894561768	
681,25	0,842950761318207	1137,5	0,825844287872314	1137,5	0,54257071018219	681,25	0,769291818141937	681,25	0,734252452850342	1137,5	0,489282965660095	681,25	0,0177965443581343	1137,5	0,114670321345329	1137,5	-0,81976443529129	681,25	-0,617685616016388	681,25	-0,664130926132202	1137,5	-0,859203279018402	
684,375	0,843709170818329	1140,625	0,824474215507507	1140,625	0,534346282482147	684,375	0,768647432327271	684,375	0,733450829982758	1140,625	0,482173174619675	684,375	0,0168749839067459	1140,625	0,110751800239086	1140,625	-0,826535701751709	684,375	-0,619673907756805	684,375	-0,666129767894745	1140,625	-0,865831673145294	
687,5	0,846514880657196	1143,75	0,822833836078644	1143,75	0,534444034099579	687,5	0,771200239658356	687,5	0,735710203647614	1143,75	0,482510775327683	687,5	0,0174146089702845	1143,75	0,113315090537071	1143,75	-0,824808776378632	687,5	-0,622894823551178	687,5	-0,669608294963837	1143,75	-0,864027857780457	
690,625	0,846681535243988	1146,875	0,821320414543152	1146,875	0,531795501708984	690,625	0,76328581571579	690,625	0,726975739002228	1146,875	0,480107724666595	690,625	0,0105386655777693	1146,875	0,113407731056213	1146,875	-0,827038645744324	690,625	-0,630384504795074	690,625	-0,676884591579437	1146,875	-0,866978526115417	
693,75	0,846175611019135	1150	0,819323360919952	1150	0,521335959434509	693,75	0,764727354049683	693,75	0,728719592094421	1150	0,469739526510239	693,75	0,0132119134068489	1150	0,110522285103798	1150	-0,82881885766983	693,75	-0,628496766090393	693,75	-0,674906015396118	1150	-0,867433071136475	
696,875	0,846781134605408	1153,125	0,816556870937347	1153,125	0,521826505661011	696,875	0,76305890083313	696,875	0,726879060268402	1153,125	0,470248430967331	696,875	0,0126006351783872	1153,125	0,112150780856609	1153,125	-0,826400399208069	696,875	-0,630740225315094	696,875	-0,677043378353119	1153,125	-0,86521965265274	
700	0,846163034439087	1156,25	0,818929970264435	1156,25	0,52558296918869	700	0,758439481258392	700	0,721656620502472	1156,25	0,473468333482742	700	0,00937751308083534	1156,25	0,112593948841095	1156,25	-0,828221619129181	700	-0,634320735931396	700	-0,680288672447205	1156,25	-0,867049813270569	
703,125	0,847181558609009	1159,375	0,819775283336639	1159,375	0,519504010677338	703,125	0,757812201976776	703,125	0,720875799655914	1159,375	0,466776013374329	703,125	0,00803123787045479	1159,375	0,109731994569302	1159,375	-0,833331942558289	703,125	-0,637335181236267	703,125	-0,683709979057312	1159,375	-0,872120201587677	
706,25	0,847089171409607	1162,5	0,816897094249725	1162,5	0,520099401473999	706,25	0,757755219936371	706,25	0,721053183078766	1162,5	0,467747151851654	706,25	0,00870095938444138	1162,5	0,112803995609283	1162,5	-0,828201591968536	706,25	-0,637747704982758	706,25	-0,684247195720673	1162,5	-0,866414785385132	
709,375	0,845196425914764	1165,625	0,814633011817932	1165,625	0,515157282352448	709,375	0,753751873970032	709,375	0,717060744762421	1165,625	0,463032007217407	709,375	0,00796044245362282	1165,625	0,109547883272171	1165,625	-0,829304456710815	709,375	-0,638501644134521	709,375	-0,684689879417419	1165,625	-0,866341471672058	
712,5	0,846464395523071	1168,75	0,814342498779297	1168,75	0,514118492603302	712,5	0,747640490531921	712,5	0,709483504295349	1168,75	0,462854743003845	712,5	0,00172899418976158	1168,75	0,111350201070309	1168,75	-0,830503702163696	712,5	-0,646341145038605	712,5	-0,69188791513443	1168,75	-0,868373990058899	
715,625	0,847671091556549	1171,875	0,812641859054565	1171,875	0,515537559986115	715,625	0,750463604927063	715,625	0,712632954120636	1171,875	0,465339958667755	715,625	0,0039916755631566	1171,875	0,111632436513901	1171,875	-0,834128975868225	715,625	-0,646523118019104	715,625	-0,69252997636795	1171,875	-0,871997177600861	
718,75	0,848382472991943	1175	0,811510503292084	1175	0,506608366966248	718,75	0,750065743923187	718,75	0,71243804693222	1175	0,45580792427063	718,75	0,00278869294561446	1175	0,110139034688473	1175	-0,837524473667145	718,75	-0,649014115333557	718,75	-0,695305347442627	1175	-0,875401496887207	
721,875	0,847168624401093	1178,125	0,811282217502594	1178,125	0,506138265132904	721,875	0,745653390884399	721,875	0,707826793193817	1178,125	0,454827129840851	721,875	0,00144134752918035	1178,125	0,111594758927822	1178,125	-0,837913632392883	721,875	-0,650052964687347	721,875	-0,696074962615967	1178,125	-0,875775933265686	
725	0,848266959190369	1181,25	0,809778153896332	1181,25	0,507680475711823	725	0,746044039726257	725	0,707946956157684	1181,25	0,45636311173439	725	0,000641693884972483	1181,25	0,113157205283642	1181,25	-0,837577342987061	725	-0,654705703258514	725	-0,700838506221771	1181,25	-0,87491762638092	
728,125	0,846952140331268	1184,375	0,807876527309418	1184,375	0,50186288356781	728,125	0,740738868713379	728,125	0,702364683151245	1184,375	0,450397938489914	728,125	-0,0011546021560207	1184,375	0,111190870404243	1184,375	-0,840038239955902	728,125	-0,655453443527222	728,125	-0,701080977916718	1184,375	-0,877689123153687	
731,25	0,848058104515076	1187,5	0,809676468372345	1187,5	0,493003606796265	731,25	0,741302967071533	731,25	0,702969372272491	1187,5	0,441019922494888	731,25	-0,00153591053094715	1187,5	0,111173681914806	1187,5	-0,844840049743652	731,25	-0,658274471759796	731,25	-0,704022824764252	1187,5	-0,881974637508392	
734,375	0,847290873527527	1190,625	0,806120872497559	1190,625	0,492658615112305	734,375	0,739685237407684	734,375	0,701325118541718	1190,625	0,440726071596146	734,375	-0,00176604161970317	1190,625	0,112393587827682	1190,625	-0,843925356864929	734,375	-0,65976870059967	734,375	-0,705643773078918	1190,625	-0,881191968917847	
737,5	0,848194301128387	1193,75	0,803347766399384	1193,75	0,501076221466064	737,5	0,740137100219727	737,5	0,701610267162323	1193,75	0,451748162508011	737,5	-0,0026583366561681	1193,75	0,113445781171322	1193,75	-0,839748919010162	737,5	-0,662111580371857	737,5	-0,707911312580109	1193,75	-0,877797722816467	
740,625	0,84579062461853	1196,875	0,799927890300751	1196,875	0,497975021600723	740,625	0,732192933559418	740,625	0,693582057952881	1196,875	0,4487684071064	740,625	-0,0054354565218091	1196,875	0,112490810453892	1196,875	-0,838481664657593	740,625	-0,66378790140152	740,625	-0,70918744802475	1196,875	-0,876494348049164	
743,75	0,843927383422852	1200	0,801932513713837	1200	0,485463201999664	743,75	0,726252794265747	743,75	0,687323927879334	1200	0,435008019208908	743,75	-0,00729815615341067	1200	0,110997065901756	1200	-0,844476580619812	743,75	-0,666683256626129	743,75	-0,711910724639893	1200	-0,881377696990967	
746,875	0,846772849559784	1203,125	0,799811005592346	1203,125	0,484253883361816	746,875	0,727336823940277	746,875	0,687727808952332	1203,125	0,432660073041916	746,875	-0,00912533421069384	1203,125	0,113032534718513	1203,125	-0,848526775836945	746,875	-0,675887882709503	746,875	-0,721582472324371	1203,125	-0,884953916072845	
750	0,847000122070313	1206,25	0,795929610729218	1206,25	0,480975747108459	750	0,727004826068878	750	0,687342584133148	1206,25	0,431295990943909	750	-0,0101481946185231	1206,25	0,114936605095863	1206,25	-0,842496156692505	750	-0,677255511283875	750	-0,72324937582016	1206,25	-0,877463042736053	
753,125	0,846352815628052	1209,375	0,799687743186951	1209,375	0,466205924749374	753,125	0,726160705089569	753,125	0,686368525028229	1209,375	0,414652615785599	753,125	-0,0103156361728907	1209,375	0,114872828125954	1209,375	-0,853275239467621	753,125	-0,675397932529449	753,125	-0,721274614334106	1209,375	-0,886731147766113	
756,25	0,843665182590485	1212,5	0,799182116985321	1212,5	0,463860780000687	756,25	0,722315609455109	756,25	0,682222902774811	1212,5	0,410340458154678	756,25	-0,0113845756277442	1212,5	0,115416824817657	1212,5	-0,860752105712891	756,25	-0,676360011100769	756,25	-0,721680998802185	1212,5	-0,894016623497009	
759,375	0,83886194229126	1215,625	0,796988308429718	1215,625	0,471369981765747	759,375	0,721008360385895	759,375	0,68187814950943	1215,625	0,41867733001709	759,375	-0,0113530000671744	1215,625	0,117314286530018	1215,625	-0,855043768882751	759,375	-0,672435879707336	759,375	-0,717858791351318	1215,625	-0,888891875743866	
762,5	0,840462446212769	1218,75	0,796134471893311	1218,75	0,462508469820023	762,5	0,722922146320343	762,5	0,684086859226227	1218,75	0,411350190639496	762,5	-0,0110379504039884	1218,75	0,112756080925465	1218,75	-0,854108095169067	762,5	-0,676629424095154	762,5	-0,722448527812958	1218,75	-0,890109181404114	
765,625	0,840932607650757	1221,875	0,792865693569183	1221,875	0,463165700435638	765,625	0,718039691448212	765,625	0,678567349910736	1221,875	0,410902857780457	765,625	-0,0112154660746455	1221,875	0,116575941443443	1221,875	-0,852462232112885	765,625	-0,678604304790497	765,625	-0,723814845085144	1221,875	-0,887153029441834	
768,75	0,842977702617645	1225	0,793135762214661	1225	0,465473532676697	768,75	0,713569104671478	768,75	0,672922074794769	1225	0,414979517459869	768,75	-0,0143022146075964	1225	0,120774768292904	1225	-0,852994978427887	768,75	-0,686724960803986	768,75	-0,731843233108521	1225	-0,887207865715027	
771,875	0,842289686203003	1228,125	0,792744696140289	1228,125	0,454034358263016	771,875	0,707744181156158	771,875	0,666249573230743	1228,125	0,404278576374054	771,875	-0,0167002268135548	1228,125	0,118053674697876	1228,125	-0,861011266708374	771,875	-0,689141988754272	771,875	-0,733850479125977	1228,125	-0,896419882774353	
775	0,84056144952774	1231,25	0,79298323392868	1231,25	0,456855118274689	775	0,71007251739502	775	0,668865978717804	1231,25	0,407106429338455	775	-0,0130934286862612	1231,25	0,119247071444988	1231,25	-0,86008620262146	775	-0,689309656620026	775	-0,735307455062866	1231,25	-0,894411265850067	
778,125	0,837357819080353	1234,375	0,789773881435394	1234,375	0,461174696683884	778,125	0,706787884235382	778,125	0,666930258274078	1234,375	0,411230593919754	778,125	-0,0128289200365543	1234,375	0,122910477221012	1234,375	-0,858611643314362	778,125	-0,687963962554932	778,125	-0,733945488929749	1234,375	-0,893400907516479	
781,25	0,837961494922638	1237,5	0,791929602622986	1237,5	0,451368123292923	781,25	0,703116357326508	781,25	0,662826478481293	1237,5	0,400359869003296	781,25	-0,0166827961802483	1237,5	0,12388688325882	1237,5	-0,862840831279755	781,25	-0,692895889282227	781,25	-0,738028049468994	1237,5	-0,89695280790329	
784,375	0,83683168888092	1240,625	0,79091078042984	1240,625	0,449152439832687	784,375	0,698482871055603	784,375	0,657677710056305	1240,625	0,399015039205551	784,375	-0,020151611417532	1240,625	0,123818844556808	1240,625	-0,860197126865387	784,375	-0,694935142993927	784,375	-0,73963737487793	1240,625	-0,892882823944092	
787,5	0,838357925415039	1243,75	0,788978397846222	1243,75	0,444680422544479	787,5	0,694205284118652	787,5	0,651884377002716	1243,75	0,395800352096558	787,5	-0,0221161991357803	1243,75	0,123095162212849	1243,75	-0,865805208683014	787,5	-0,70132976770401	787,5	-0,745478570461273	1243,75	-0,899384379386902	
790,625	0,839119553565979	1246,875	0,787816286087036	1246,875	0,445953100919724	790,625	0,693203747272491	790,625	0,650619387626648	1246,875	0,395500987768173	790,625	-0,0207332652062178	1246,875	0,122596867382526	1246,875	-0,866497755050659	790,625	-0,701817750930786	790,625	-0,746028542518616	1246,875	-0,901127815246582	
793,75	0,83818382024765	1250	0,787130951881409	1250	0,440749764442444	793,75	0,694810092449188	793,75	0,652830839157104	1250	0,389646828174591	793,75	-0,0194239392876625	1250	0,125035241246223	1250	-0,864826261997223	793,75	-0,699932515621185	793,75	-0,744627952575684	1250	-0,897895276546478	
796,875	0,834413528442383	1253,125	0,787836611270905	1253,125	0,435641527175903	796,875	0,696812748908997	796,875	0,65530002117157	1253,125	0,384371191263199	796,875	-0,0172348711639643	1253,125	0,127942100167274	1253,125	-0,872484982013702	796,875	-0,702135443687439	796,875	-0,748210966587067	1253,125	-0,904883742332459	
800	0,833595395088196	1256,25	0,789737343788147	1256,25	0,42659392952919	800	0,692648231983185	800	0,650494515895844	1256,25	0,376456588506699	800	-0,0201678480952978	1256,25	0,125820145010948	1256,25	-0,87247508764267	800	-0,707459628582001	800	-0,752782344818115	1256,25	-0,904175162315369	
803,125	0,834964871406555	1259,375	0,787325501441956	1259,375	0,429668307304382	803,125	0,699800252914429	803,125	0,656907260417938	1259,375	0,379641532897949	803,125	-0,0143698761239648	1259,375	0,130256474018097	1259,375	-0,872865498065948	803,125	-0,708534777164459	803,125	-0,755231082439423	1259,375	-0,905094861984253	
806,25	0,836367607116699	1262,5	0,784488379955292	1262,5	0,431482136249542	806,25	0,690841376781464	806,25	0,647885262966156	1262,5	0,38232347369194	806,25	-0,0190192013978958	1262,5	0,133075371384621	1262,5	-0,87259566783905	806,25	-0,71048766374588	806,25	-0,755408942699432	1262,5	-0,904678106307983	
809,375	0,83593624830246	1265,625	0,785660266876221	1265,625	0,427818030118942	809,375	0,674450278282166	809,375	0,629516541957855	1265,625	0,379026591777802	809,375	-0,0231261849403381	1265,625	0,133176237344742	1265,625	-0,873347401618958	809,375	-0,721561193466187	809,375	-0,764687061309814	1265,625	-0,905001819133759	
812,5	0,831781029701233	1268,75	0,785533607006073	1268,75	0,424018830060959	812,5	0,682640314102173	812,5	0,639827966690063	1268,75	0,374284625053406	812,5	-0,0198087394237518	1268,75	0,135485634207726	1268,75	-0,877573132514954	812,5	-0,714796185493469	812,5	-0,758425116539001	1268,75	-0,909238696098328	
815,625	0,828829288482666	1271,875	0,784144580364227	1271,875	0,420256614685059	815,625	0,686231732368469	815,625	0,644178926944733	1271,875	0,37086609005928	815,625	-0,0152832148596644	1271,875	0,13417574763298	1271,875	-0,873749732971191	815,625	-0,710745751857758	815,625	-0,756330370903015	1271,875	-0,904866993427277	
818,75	0,831544101238251	1275	0,7841956615448	1275	0,420277833938599	818,75	0,674237728118896	818,75	0,631305992603302	1275	0,370034128427505	818,75	-0,0215631574392319	1275	0,134948581457138	1275	-0,875827431678772	818,75	-0,716810524463654	818,75	-0,76072096824646	1275	-0,907425999641418	
821,875	0,824798285961151	1278,125	0,782773017883301	1278,125	0,414951086044312	821,875	0,6731858253479	821,875	0,629673302173615	1278,125	0,366179764270782	821,875	-0,0224279761314392	1278,125	0,137734279036522	1278,125	-0,877837359905243	821,875	-0,717521607875824	821,875	-0,761038839817047	1278,125	-0,909371316432953	
825	0,818209886550903	1281,25	0,786153435707092	1281,25	0,41207680106163	825	0,683622360229492	825	0,639331579208374	1281,25	0,36318176984787	825	-0,0126338768750429	1281,25	0,138451114296913	1281,25	-0,881198108196259	825	-0,715326547622681	825	-0,760764360427856	1281,25	-0,911736190319061	
828,125	0,819778561592102	1284,375	0,784400284290314	1284,375	0,412528693675995	828,125	0,68144702911377	828,125	0,637310743331909	1284,375	0,363581389188766	828,125	-0,0139220962300897	1284,375	0,140593245625496	1284,375	-0,880421578884125	828,125	-0,716990232467651	828,125	-0,762645661830902	1284,375	-0,910797953605652	
831,25	0,81593531370163	1287,5	0,784531891345978	1287,5	0,411158621311188	831,25	0,673675715923309	831,25	0,631943225860596	1287,5	0,362005412578583	831,25	-0,00746537512168288	1287,5	0,142870411276817	1287,5	-0,884590089321136	831,25	-0,692313730716705	831,25	-0,737271547317505	1287,5	-0,914961814880371	
834,375	0,828538537025452	1290,625	0,787738263607025	1290,625	0,405576258897781	834,375	0,658119142055511	834,375	0,614666640758514	1290,625	0,356299757957459	834,375	-0,017481604591012	1290,625	0,141955554485321	1290,625	-0,88536661863327	834,375	-0,71433413028717	834,375	-0,756759941577911	1290,625	-0,916303873062134	
837,5	0,828029811382294	1293,75	0,785780966281891	1293,75	0,404596358537674	837,5	0,66216903924942	837,5	0,617906749248505	1293,75	0,355042040348053	837,5	-0,0212558656930923	1293,75	0,142440661787987	1293,75	-0,882116734981537	837,5	-0,725763142108917	837,5	-0,768561780452728	1293,75	-0,912818074226379	
840,625	0,82218998670578	1296,875	0,785627543926239	1296,875	0,397261053323746	840,625	0,659408211708069	840,625	0,614524185657501	1296,875	0,349256664514542	840,625	-0,0220065657049418	1296,875	0,141758605837822	1296,875	-0,883802950382233	840,625	-0,732207775115967	840,625	-0,774693727493286	1296,875	-0,91475784778595	
843,75	0,824670195579529	1300	0,787049353122711	1300	0,398371249437332	843,75	0,650410175323486	843,75	0,605820536613464	1300	0,350432604551315	843,75	-0,0208012405782938	1300	0,144851669669151	1300	-0,891879796981812	843,75	-0,731197118759155	843,75	-0,772683620452881	1300	-0,922273516654968	
846,875	0,831638276576996	1303,125	0,78710925579071	1303,125	0,395741552114487	846,875	0,654063761234283	846,875	0,609239459037781	1303,125	0,346936643123627	846,875	-0,0182559657841921	1303,125	0,145881727337837	1303,125	-0,89374840259552	846,875	-0,735884189605713	846,875	-0,776916861534119	1303,125	-0,923993647098541	
850	0,831795036792755	1306,25	0,785846173763275	1306,25	0,394563138484955	850	0,654309749603271	850	0,608694195747375	1306,25	0,346435815095901	850	-0,0153036331757903	1306,25	0,146269336342812	1306,25	-0,89090222120285	850	-0,741387188434601	850	-0,782483458518982	1306,25	-0,920998692512512	
853,125	0,828125774860382	1309,375	0,786090075969696	1309,375	0,389504611492157	853,125	0,658179104328156	853,125	0,611625015735626	1309,375	0,341195791959763	853,125	-0,00288020935840905	1309,375	0,146432101726532	1309,375	-0,89170253276825	853,125	-0,739987552165985	853,125	-0,781415462493896	1309,375	-0,921245634555817	
856,25	0,820090651512146	1312,5	0,788039565086365	1312,5	0,387498468160629	856,25	0,658459484577179	856,25	0,614397883415222	1312,5	0,339399874210358	856,25	-0,00697415880858898	1312,5	0,146949142217636	1312,5	-0,893503308296204	856,25	-0,728010356426239	856,25	-0,770214140415192	1312,5	-0,922839820384979	
859,375	0,820583045482636	1315,625	0,78845340013504	1315,625	0,387310922145844	859,375	0,650209367275238	859,375	0,606619119644165	1315,625	0,339604467153549	859,375	-0,0133815333247185	1315,625	0,147698640823364	1315,625	-0,895545065402985	859,375	-0,725242674350739	859,375	-0,76684695482254	1315,625	-0,924659788608551	
862,5	0,82190328836441	1318,75	0,78490537405014	1318,75	0,382934719324112	862,5	0,646346211433411	862,5	0,601703226566315	1318,75	0,334678083658218	862,5	-0,0111210905015469	1318,75	0,147084444761276	1318,75	-0,894999861717224	862,5	-0,732949137687683	862,5	-0,774370670318604	1318,75	-0,923323571681976	
865,625	0,822659850120544	1321,875	0,785929143428802	1321,875	0,382033884525299	865,625	0,64603316783905	865,625	0,60115909576416	1321,875	0,334094047546387	865,625	-0,00697081349790096	1321,875	0,15008282661438	1321,875	-0,894075453281403	865,625	-0,73541921377182	865,625	-0,776840567588806	1321,875	-0,922632038593292	
868,75	0,828580319881439	1325	0,78688383102417	1325	0,380005449056625	868,75	0,646881878376007	868,75	0,602147698402405	1325	0,332010924816132	868,75	-0,00417085271328688	1325	0,153606653213501	1325	-0,896295189857483	868,75	-0,737225592136383	868,75	-0,77785336971283	1325	-0,924984574317932	
871,875	0,829077303409576	1328,125	0,789333641529083	1328,125	0,374878078699112	871,875	0,6414435505867	871,875	0,596704542636871	1328,125	0,327525496482849	871,875	-0,00849878042936325	1328,125	0,150225237011909	1328,125	-0,899185061454773	871,875	-0,741868495941162	871,875	-0,782021760940552	1328,125	-0,92722761631012	
875	0,828416049480438	1331,25	0,789094626903534	1331,25	0,370158582925797	875	0,636675238609314	875	0,592170357704163	1331,25	0,323959916830063	875	-0,00552333844825625	1331,25	0,149255603551865	1331,25	-0,897412180900574	875	-0,735001087188721	875	-0,774470746517181	1331,25	-0,925099849700928	
878,125	0,827620804309845	1334,375	0,791140556335449	1334,375	0,365262359380722	878,125	0,637060046195984	878,125	0,592672348022461	1334,375	0,318804681301117	878,125	-0,00499085336923599	1334,375	0,148291066288948	1334,375	-0,901755809783936	878,125	-0,740033566951752	878,125	-0,779816687107086	1334,375	-0,929690062999725	
881,25	0,829787969589233	1337,5	0,789289832115173	1337,5	0,36632513999939	881,25	0,63044011592865	881,25	0,586227118968964	1337,5	0,319967865943909	881,25	-0,0115033313632011	1337,5	0,150731131434441	1337,5	-0,900502443313599	881,25	-0,741216063499451	881,25	-0,780250191688538	1337,5	-0,928213953971863	
		1340,625	0,788222968578339	1340,625	0,361809223890305					1340,625	0,316038489341736			1340,625	0,151765823364258	1340,625	-0,899396240711212					1340,625	-0,926900506019592	
		1343,75	0,789268910884857	1343,75	0,361505270004272					1343,75	0,315543562173843			1343,75	0,155125230550766	1343,75	-0,902370035648346					1343,75	-0,929350554943085	
		1346,875	0,788028478622437	1346,875	0,356592804193497					1346,875	0,310942828655243			1346,875	0,152243033051491	1346,875	-0,902014315128326					1346,875	-0,928733646869659	
		1350	0,789748132228851	1350	0,354780614376068					1350	0,308998942375183			1350	0,151222005486488	1350	-0,905105769634247					1350	-0,931900501251221	
		1353,125	0,790286004543304	1353,125	0,354241698980331					1353,125	0,308698713779449			1353,125	0,153974428772926	1353,125	-0,906292200088501					1353,125	-0,932907104492188	
		1356,25	0,794334888458252	1356,25	0,34657284617424					1356,25	0,30110290646553			1356,25	0,152656197547913	1356,25	-0,911926925182343					1356,25	-0,937716722488403	
		1359,375	0,790099084377289	1359,375	0,34577476978302					1359,375	0,300573885440826			1359,375	0,152691274881363	1359,375	-0,906809508800507					1359,375	-0,932933151721954	
		1362,5	0,789782285690308	1362,5	0,342054665088654					1362,5	0,297498196363449			1362,5	0,152632191777229	1362,5	-0,907237350940704					1362,5	-0,933800518512726	
		1365,625	0,789888918399811	1365,625	0,340552747249603					1365,625	0,296420633792877			1365,625	0,154029428958893	1365,625	-0,909488558769226					1365,625	-0,93531858921051	
		1368,75	0,789231479167938	1368,75	0,338936805725098					1368,75	0,294743418693542			1368,75	0,154452428221703	1368,75	-0,909240782260895					1368,75	-0,934687435626984	
		1371,875	0,788574516773224	1371,875	0,33471155166626					1371,875	0,290228068828583			1371,875	0,153095275163651	1371,875	-0,912186086177826					1371,875	-0,937359094619751	
		1375	0,790295779705048	1375	0,333295822143555					1375	0,288809329271317			1375	0,153634309768677	1375	-0,916313886642456					1375	-0,941657066345215	
		1378,125	0,789965391159058	1378,125	0,333906710147858					1378,125	0,289480209350586			1378,125	0,15485568344593	1378,125	-0,916889548301697					1378,125	-0,942389488220215	
		1381,25	0,790153443813324	1381,25	0,324173003435135					1381,25	0,279919803142548			1381,25	0,15058921277523	1381,25	-0,92002010345459					1381,25	-0,944927513599396	
		1384,375	0,791704714298248	1384,375	0,323123037815094					1384,375	0,27939048409462			1384,375	0,15247505903244	1384,375	-0,921083629131317					1384,375	-0,945603728294373	
		1387,5	0,788839042186737	1387,5	0,32380348443985					1387,5	0,280459344387054			1387,5	0,155771046876907	1387,5	-0,919597625732422					1387,5	-0,944377303123474	
		1390,625	0,788044214248657	1390,625	0,319631576538086					1390,625	0,276525437831879			1390,625	0,155890733003616	1390,625	-0,917636036872864					1390,625	-0,942221522331238	
		1393,75	0,786857306957245	1393,75	0,31515645980835					1393,75	0,272342413663864			1393,75	0,155316263437271	1393,75	-0,917437553405762					1393,75	-0,941599071025848	
		1396,875	0,785363137722015	1396,875	0,313068240880966					1396,875	0,270422607660294			1396,875	0,155705124139786	1396,875	-0,91951721906662					1396,875	-0,943675875663757	
		1400	0,786077260971069	1400	0,309763073921204					1400	0,267393261194229			1400	0,155723690986633	1400	-0,918744742870331					1400	-0,942511379718781	
		1403,125	0,786808431148529	1403,125	0,307458102703094					1403,125	0,26497545838356			1403,125	0,156303197145462	1403,125	-0,921943366527557					1403,125	-0,945720732212067	
		1406,25	0,785760760307312	1406,25	0,305647701025009					1406,25	0,263564974069595			1406,25	0,155614539980888	1406,25	-0,924180626869202					1406,25	-0,947875916957855	
		1409,375	0,784944534301758	1409,375	0,30120649933815					1409,375	0,259498685598373			1409,375	0,154882490634918	1409,375	-0,924630403518677					1409,375	-0,948297560214996	
		1412,5	0,783687651157379	1412,5	0,299967229366302					1412,5	0,25865426659584			1412,5	0,156427398324013	1412,5	-0,923453152179718					1412,5	-0,946726858615875	
		1415,625	0,784242868423462	1415,625	0,295701265335083					1415,625	0,254680246114731			1415,625	0,155993267893791	1415,625	-0,926084041595459					1415,625	-0,949105739593506	
		1418,75	0,784671485424042	1418,75	0,293897420167923					1418,75	0,252857804298401			1418,75	0,156713962554932	1418,75	-0,927379131317139					1418,75	-0,950422704219818	
		1421,875	0,78263121843338	1421,875	0,29223820567131					1421,875	0,251575380563736			1421,875	0,158464938402176	1421,875	-0,926265776157379					1421,875	-0,949306905269623	
		1425	0,782911598682404	1425	0,290847718715668					1425	0,250306129455566			1425	0,159204363822937	1425	-0,927594602108002					1425	-0,950305163860321	
		1428,125	0,783325731754303	1428,125	0,283759564161301					1428,125	0,243147984147072			1428,125	0,157302409410477	1428,125	-0,932965874671936					1428,125	-0,955353975296021	
		1431,25	0,781694948673248	1431,25	0,284006506204605					1431,25	0,243956595659256			1431,25	0,159110635519028	1431,25	-0,930714249610901					1431,25	-0,953067898750305	
		1434,375	0,780689895153046	1434,375	0,280790209770203					1434,375	0,240943938493729			1434,375	0,159431546926498	1434,375	-0,930140912532806					1434,375	-0,952604591846466	
		1437,5	0,778450131416321	1437,5	0,27436888217926					1437,5	0,235009089112282			1437,5	0,159356087446213	1437,5	-0,928198397159576					1437,5	-0,950334370136261	
		1440,625	0,779961705207825	1440,625	0,278340399265289					1440,625	0,239344298839569			1440,625	0,162784412503242	1440,625	-0,93005359172821					1440,625	-0,951905429363251	
		1443,75	0,779872357845306	1443,75	0,266496449708939					1443,75	0,227762475609779			1443,75	0,159264460206032	1443,75	-0,935488104820251					1443,75	-0,957084357738495	
		1446,875	0,77748429775238	1446,875	0,268883883953094					1446,875	0,23015421628952			1446,875	0,16198967397213	1446,875	-0,931386709213257					1446,875	-0,953245937824249	
		1450	0,776721775531769	1450	0,264875769615173					1450	0,226216092705727			1450	0,162871539592743	1450	-0,931300282478333					1450	-0,953305780887604	
		1453,125	0,77560168504715	1453,125	0,262520462274551					1453,125	0,224419564008713			1453,125	0,16410131752491	1453,125	-0,932743191719055					1453,125	-0,954395771026611	
		1456,25	0,776111841201782	1456,25	0,257391691207886					1456,25	0,219428509473801			1456,25	0,163551971316338	1456,25	-0,934371411800385					1456,25	-0,955878973007202	
		1459,375	0,774999976158142	1459,375	0,25614121556282					1459,375	0,218198388814926			1459,375	0,164966762065887	1459,375	-0,933114767074585					1459,375	-0,954719126224518	
		1462,5	0,773088693618774	1462,5	0,254050403833389					1462,5	0,216744601726532			1462,5	0,166719630360603	1462,5	-0,931037783622742					1462,5	-0,952832877635956	
		1465,625	0,773895859718323	1465,625	0,251320004463196					1465,625	0,214689701795578			1465,625	0,168386191129684	1465,625	-0,935067594051361					1465,625	-0,956481099128723	
		1468,75	0,772751271724701	1468,75	0,244940251111984					1468,75	0,208192363381386			1468,75	0,166780114173889	1468,75	-0,934606850147247					1468,75	-0,955653846263886	
		1471,875	0,772896111011505	1471,875	0,24250203371048					1471,875	0,206047549843788			1471,875	0,168119996786118	1471,875	-0,935702383518219					1471,875	-0,956625819206238	
		1475	0,772835791110992	1475	0,24218262732029					1475	0,206007152795792			1475	0,170855328440666	1475	-0,937517166137695					1475	-0,958018660545349	
		1478,125	0,772073268890381	1478,125	0,237750381231308					1478,125	0,201934814453125			1478,125	0,170713543891907	1478,125	-0,936658084392548					1478,125	-0,95721572637558	
		1481,25	0,770371437072754	1481,25	0,236184760928154					1481,25	0,200239107012749			1481,25	0,172707870602608	1481,25	-0,934560716152191					1481,25	-0,955235600471497	
		1484,375	0,770580172538757	1484,375	0,229893893003464					1484,375	0,194467380642891			1484,375	0,171957150101662	1484,375	-0,935900449752808					1484,375	-0,956186354160309	
		1487,5	0,772617876529694	1487,5	0,229883536696434					1487,5	0,194806814193726			1487,5	0,174301266670227	1487,5	-0,941432476043701					1487,5	-0,961624920368195	
		1490,625	0,77186381816864	1490,625	0,227189555764198					1490,625	0,19256891310215			1490,625	0,175447061657906	1490,625	-0,94041121006012					1490,625	-0,960572302341461	
		1493,75	0,772573590278625	1493,75	0,223359450697899					1493,75	0,189010381698608			1493,75	0,176588296890259	1493,75	-0,942783772945404					1493,75	-0,962788224220276	
		1496,875	0,772348582744598	1496,875	0,2254918217659					1496,875	0,191291034221649			1496,875	0,179527908563614	1496,875	-0,942358434200287					1496,875	-0,963034629821777	
		1500	0,77193683385849	1500	0,217766776680946					1500	0,183709174394608			1500	0,177998259663582	1500	-0,943569421768188					1500	-0,963819563388824	
		1503,125	0,771373093128204	1503,125	0,214045211672783					1503,125	0,180183410644531			1503,125	0,179255232214928	1503,125	-0,941778540611267					1503,125	-0,961518406867981	
		1506,25	0,770378708839417	1506,25	0,214124128222466					1506,25	0,180406481027603			1506,25	0,182033181190491	1506,25	-0,940597593784332					1506,25	-0,960310399532318	
		1509,375	0,772436201572418	1509,375	0,207379683852196					1509,375	0,173639997839928			1509,375	0,180800199508667	1509,375	-0,945831775665283					1509,375	-0,965290188789368	
		1512,5	0,772072494029999	1512,5	0,204438105225563					1512,5	0,17185440659523			1512,5	0,182595580816269	1512,5	-0,946267545223236					1512,5	-0,965305984020233	
		1515,625	0,772778928279877	1515,625	0,204218149185181					1515,625	0,171763360500336			1515,625	0,184358209371567	1515,625	-0,949905455112457					1515,625	-0,969132840633392	
		1518,75	0,771752238273621	1518,75	0,199446976184845					1518,75	0,167484849691391			1518,75	0,185105755925179	1518,75	-0,943646788597107					1518,75	-0,963232636451721	
		1521,875	0,77208012342453	1521,875	0,200551018118858					1521,875	0,167982757091522			1521,875	0,187621831893921	1521,875	-0,94370436668396					1521,875	-0,962756454944611	
		1525	0,774528682231903	1525	0,193599790334702					1525	0,161631375551224			1525	0,186407297849655	1525	-0,953502297401428					1525	-0,971512734889984	
		1528,125	0,772530615329742	1528,125	0,19023109972477					1528,125	0,158678561449051			1528,125	0,18752746284008	1528,125	-0,94486141204834					1528,125	-0,963269174098969	
		1531,25	0,773476839065552	1531,25	0,187753722071648					1531,25	0,157075673341751			1531,25	0,188519164919853	1531,25	-0,945774614810944					1531,25	-0,964079141616821	
		1534,375	0,772799491882324	1534,375	0,185142606496811					1534,375	0,155281573534012			1534,375	0,1893709897995	1534,375	-0,944690704345703					1534,375	-0,962984979152679	
		1537,5	0,774499177932739	1537,5	0,18268945813179					1537,5	0,152278274297714			1537,5	0,190359026193619	1537,5	-0,95159924030304					1537,5	-0,969950616359711	
		1540,625	0,773887634277344	1540,625	0,184060454368591					1540,625	0,154021397233009			1540,625	0,192432552576065	1540,625	-0,949760973453522					1540,625	-0,968025267124176	
		1543,75	0,775967299938202	1543,75	0,170743465423584					1543,75	0,141353085637093			1543,75	0,190245389938354	1543,75	-0,951791822910309					1543,75	-0,970381081104279	
		1546,875	0,775115191936493	1546,875	0,172306180000305					1546,875	0,142823845148087			1546,875	0,193044826388359	1546,875	-0,94950395822525					1546,875	-0,967758774757385	
		1550	0,776335835456848	1550	0,167974874377251					1550	0,138898119330406			1550	0,192790731787682	1550	-0,952162146568298					1550	-0,9697305560112	
		1553,125	0,776732861995697	1553,125	0,169653013348579					1553,125	0,14101605117321			1553,125	0,194904759526253	1553,125	-0,953812658786774					1553,125	-0,971311748027802	
		1556,25	0,776740550994873	1556,25	0,163578197360039					1556,25	0,13485549390316			1556,25	0,194025799632072	1556,25	-0,953566193580627					1556,25	-0,971066951751709	
		1559,375	0,777821362018585	1559,375	0,160878151655197					1559,375	0,132292613387108			1559,375	0,195183262228966	1559,375	-0,953624784946442					1559,375	-0,971280217170715	
		1562,5	0,778799474239349	1562,5	0,155221208930016					1562,5	0,126811429858208			1562,5	0,196354359388351	1562,5	-0,95361453294754					1562,5	-0,972173035144806	
		1565,625	0,777432441711426	1565,625	0,150630697607994					1565,625	0,12253512442112			1565,625	0,19538177549839	1565,625	-0,94968169927597					1565,625	-0,967901885509491	
		1568,75	0,779447853565216	1568,75	0,15222530066967					1568,75	0,125130712985992			1568,75	0,19619981944561	1568,75	-0,957890152931213					1568,75	-0,976461946964264	
		1571,875	0,779580175876617	1571,875	0,149303808808327					1571,875	0,122662357985973			1571,875	0,195761367678642	1571,875	-0,953294932842255					1571,875	-0,971371471881866	
		1575	0,780083179473877	1575	0,151008695363998					1575	0,124328047037125			1575	0,197833135724068	1575	-0,953290462493896					1575	-0,97153776884079	
		1578,125	0,780933558940887	1578,125	0,144513070583344					1578,125	0,117694601416588			1578,125	0,197181478142738	1578,125	-0,947509586811066					1578,125	-0,964818358421326	
		1581,25	0,782650828361511	1581,25	0,138888224959373					1581,25	0,113011330366135			1581,25	0,196934744715691	1581,25	-0,954420030117035					1581,25	-0,971499502658844	
		1584,375	0,780578911304474	1584,375	0,13901475071907					1584,375	0,113955415785313			1584,375	0,198627188801765	1584,375	-0,952391803264618					1584,375	-0,968993425369263	
		1587,5	0,782430648803711	1587,5	0,130634769797325					1587,5	0,105824336409569			1587,5	0,19782592356205	1587,5	-0,958239555358887					1587,5	-0,974420309066772	
		1590,625	0,78467071056366	1590,625	0,129608795046806					1590,625	0,103455662727356			1590,625	0,198738917708397	1590,625	-0,96765547990799					1590,625	-0,983937382698059	
		1593,75	0,785292148590088	1593,75	0,123428329825401					1593,75	0,0975629985332489			1593,75	0,197874903678894	1593,75	-0,964553534984589					1593,75	-0,980289041996002	
		1596,875	0,784010171890259	1596,875	0,120614796876907					1596,875	0,0956590250134468			1596,875	0,198561429977417	1596,875	-0,962909042835236					1596,875	-0,978274762630463	
		1600	0,78510844707489	1600	0,120932586491108					1600	0,0962744280695915			1600	0,198432788252831	1600	-0,964704215526581					1600	-0,980387628078461	
		1603,125	0,786002397537231	1603,125	0,120416395366192					1603,125	0,0962224304676056			1603,125	0,198442906141281	1603,125	-0,966096878051758					1603,125	-0,98188054561615	
		1606,25	0,786302983760834	1606,25	0,111810117959976					1606,25	0,0882516577839851			1606,25	0,199084371328354	1606,25	-0,968579351902008					1606,25	-0,983381390571594	
		1609,375	0,783044636249542	1609,375	0,112872913479805					1609,375	0,0895191803574562			1609,375	0,197547450661659	1609,375	-0,956318914890289					1609,375	-0,971250951290131	
		1612,5	0,782089233398438	1612,5	0,106932535767555					1612,5	0,0842148065567017			1612,5	0,195589303970337	1612,5	-0,949476063251495					1612,5	-0,965403199195862	
		1615,625	0,783323228359222	1615,625	0,100811935961246					1615,625	0,0789271965622902			1615,625	0,196691051125526	1615,625	-0,957973003387451					1615,625	-0,972661137580872	
		1618,75	0,786403834819794	1618,75	0,0994148999452591					1618,75	0,0775934308767319			1618,75	0,196865186095238	1618,75	-0,963268041610718					1618,75	-0,977495729923248	
		1621,875	0,78591775894165	1621,875	0,0993118211627007					1621,875	0,0782476216554642			1621,875	0,197201654314995	1621,875	-0,961025536060333					1621,875	-0,975168466567993	
		1625	0,785748839378357	1625	0,0956283807754517					1625	0,0748249813914299			1625	0,196285098791122	1625	-0,960567355155945					1625	-0,9751797914505	
		1628,125	0,784119129180908	1628,125	0,096202939748764					1628,125	0,0754328742623329			1628,125	0,197365254163742	1628,125	-0,960872292518616					1628,125	-0,975289225578308	
		1631,25	0,785130441188812	1631,25	0,0857454836368561					1631,25	0,0656872317194939			1631,25	0,19489012658596	1631,25	-0,96214485168457					1631,25	-0,976172566413879	
		1634,375	0,787748634815216	1634,375	0,0806254595518112					1634,375	0,0612089708447456			1634,375	0,198118016123772	1634,375	-0,964091837406158					1634,375	-0,978120267391205	
		1637,5	0,785158932209015	1637,5	0,0834344625473022					1637,5	0,0632633566856384			1637,5	0,195043846964836	1637,5	-0,967958807945251					1637,5	-0,983179926872253	
		1640,625	0,781098663806915	1640,625	0,0905255526304245					1640,625	0,0717089176177979			1640,625	0,195968016982079	1640,625	-0,954959213733673					1640,625	-0,971222221851349	
		1643,75	0,784767687320709	1643,75	0,06721031665802					1643,75	0,0488177686929703			1643,75	0,189581006765366	1643,75	-0,955529928207397					1643,75	-0,970106363296509	
		1646,875	0,784580111503601	1646,875	0,0740483105182648					1646,875	0,0550273358821869			1646,875	0,194784626364708	1646,875	-0,96147882938385					1646,875	-0,976084589958191	
		1650	0,785649538040161	1650	0,0706155449151993					1650	0,0521723665297031			1650	0,195156440138817	1650	-0,965619921684265					1650	-0,980832278728485	
		1653,125	0,784523487091064	1653,125	0,0669758319854736					1653,125	0,049574863165617			1653,125	0,193383023142815	1653,125	-0,961109042167664					1653,125	-0,975119471549988	
		1656,25	0,784512758255005	1656,25	0,0672853142023087					1656,25	0,0505878999829292			1656,25	0,192471608519554	1656,25	-0,962593793869019					1656,25	-0,976655602455139	
		1659,375	0,782158017158508	1659,375	0,0675150007009506					1659,375	0,0509254485368729			1659,375	0,193771973252296	1659,375	-0,964614033699036					1659,375	-0,97900927066803	
		1662,5	0,782684922218323	1662,5	0,0641773119568825					1662,5	0,0478519685566425			1662,5	0,192823708057404	1662,5	-0,963923931121826					1662,5	-0,978601157665253	
		1665,625	0,784388363361359	1665,625	0,0557746663689613					1665,625	0,0393096208572388			1665,625	0,19247929751873	1665,625	-0,968433439731598					1665,625	-0,982316195964813	
		1668,75	0,78165477514267	1668,75	0,0549897737801075					1668,75	0,0397942923009396			1668,75	0,192727267742157	1668,75	-0,968233048915863					1668,75	-0,982604920864105	
		1671,875	0,781158924102783	1671,875	0,0500804632902145					1671,875	0,0350901447236538			1671,875	0,193313792347908	1671,875	-0,969011008739471					1671,875	-0,982747495174408	
		1675	0,78059583902359	1675	0,0443908162415028					1675	0,029345715418458			1675	0,193606197834015	1675	-0,963185131549835					1675	-0,976608395576477	
		1678,125	0,780901074409485	1678,125	0,0401375666260719					1678,125	0,0256514623761177			1678,125	0,191430240869522	1678,125	-0,963954508304596					1678,125	-0,977887809276581	
		1681,25	0,779996395111084	1681,25	0,0410842932760715					1681,25	0,0276490170508623			1681,25	0,194544091820717	1681,25	-0,966407299041748					1681,25	-0,980301260948181	
		1684,375	0,777193427085876	1684,375	0,0318998582661152					1684,375	0,019122613593936			1684,375	0,189981520175934	1684,375	-0,958559155464172					1684,375	-0,972957730293274	
		1687,5	0,778579831123352	1687,5	0,0321131609380245					1687,5	0,0203370377421379			1687,5	0,189941644668579	1687,5	-0,9598109126091					1687,5	-0,973823249340057	
		1690,625	0,777971148490906	1690,625	0,0311432648450136					1690,625	0,0194380097091198			1690,625	0,188499838113785	1690,625	-0,958957552909851					1690,625	-0,972825407981873	
		1693,75	0,775234460830688	1693,75	0,0318273305892944					1693,75	0,0206426773220301			1693,75	0,189508780837059	1693,75	-0,955272912979126					1693,75	-0,969360709190369	
		1696,875	0,772384524345398	1696,875	0,0206464156508446					1696,875	0,00946435611695051			1696,875	0,18939870595932	1696,875	-0,963319659233093					1696,875	-0,977676570415497	
		1700	0,773252785205841	1700	0,0194173604249954					1700	0,00886606518179178			1700	0,188300639390945	1700	-0,961482226848602					1700	-0,975982546806335	
		1703,125	0,774716258049011	1703,125	0,0172861833125353					1703,125	0,00709639536216855			1703,125	0,189770415425301	1703,125	-0,965116798877716					1703,125	-0,979448735713959	
		1706,25	0,772247314453125	1706,25	0,0133146392181516					1706,25	0,00356956548057497			1706,25	0,188822165131569	1706,25	-0,964120328426361					1706,25	-0,978178739547729	
		1709,375	0,772288858890533	1709,375	0,00777242751792073					1709,375	-0,00113365415018052			1709,375	0,186888009309769	1709,375	-0,959552764892578					1709,375	-0,973308980464935	
		1712,5	0,770926356315613	1712,5	0,00654922984540462					1712,5	-0,00174301257357001			1712,5	0,189010202884674	1712,5	-0,961018741130829					1712,5	-0,975112617015839	
		1715,625	0,767821431159973	1715,625	0,00164127524476498					1715,625	-0,00568457692861557			1715,625	0,187510073184967	1715,625	-0,960633218288422					1715,625	-0,974921405315399	
		1718,75	0,76877748966217	1718,75	-0,000238157081184909					1718,75	-0,00754064740613103			1718,75	0,189530715346336	1718,75	-0,964610993862152					1718,75	-0,979057431221008	
		1721,875	0,77065497636795	1721,875	-0,00432001845911145					1721,875	-0,0116125037893653			1721,875	0,189946755766869	1721,875	-0,963055074214935					1721,875	-0,977085292339325	
		1725	0,768779993057251	1725	-0,0113449180498719					1725	-0,0179528575390577			1725	0,182569488883018	1725	-0,958105504512787					1725	-0,972351610660553	
		1728,125	0,765627086162567	1728,125	-0,0100846281275153					1728,125	-0,0162595864385366			1728,125	0,185945868492126	1728,125	-0,962990999221802					1728,125	-0,977409958839417	
		1731,25	0,7647305727005	1731,25	-0,0122417900711298					1731,25	-0,017603226006031			1731,25	0,192474737763405	1731,25	-0,965217173099518					1731,25	-0,979816019535065	
		1734,375	0,766445517539978	1734,375	-0,0190956573933363					1734,375	-0,0239699017256498			1734,375	0,189378082752228	1734,375	-0,965988278388977					1734,375	-0,980797171592712	
		1737,5	0,761365711688995	1737,5	-0,0200105402618647					1737,5	-0,0249677877873182			1737,5	0,187752425670624	1737,5	-0,961117148399353					1737,5	-0,976259171962738	
		1740,625	0,758625447750092	1740,625	-0,019806357100606					1740,625	-0,0243686866015196			1740,625	0,194464981555939	1740,625	-0,964765429496765					1740,625	-0,979389309883118	
		1743,75	0,755479097366333	1743,75	-0,02921187505126					1743,75	-0,0329308398067951			1743,75	0,190764576196671	1743,75	-0,959036290645599					1743,75	-0,973560214042664	
		1746,875	0,753383159637451	1746,875	-0,0293594170361757					1746,875	-0,0327383205294609			1746,875	0,193590953946114	1746,875	-0,956772744655609					1746,875	-0,971519529819489	
		1750	0,752203047275543	1750	-0,0301469787955284					1750	-0,0331156998872757			1750	0,197512596845627	1750	-0,959741115570068					1750	-0,974608838558197	
		1753,125	0,750581443309784	1753,125	-0,0371164530515671					1753,125	-0,0394158847630024			1753,125	0,199199378490448	1753,125	-0,960601210594177					1753,125	-0,975547969341278	
		1756,25	0,749826550483704	1756,25	-0,0418859086930752					1756,25	-0,0436188392341137			1756,25	0,197142332792282	1756,25	-0,96062570810318					1756,25	-0,975716114044189	
		1759,375	0,751882076263428	1759,375	-0,0390415377914906					1759,375	-0,0407130271196365			1759,375	0,201847031712532	1759,375	-0,961848676204681					1759,375	-0,977004051208496	
		1762,5	0,750587582588196	1762,5	-0,044965136796236					1762,5	-0,0460855141282082			1762,5	0,201799929141998	1762,5	-0,961394667625427					1762,5	-0,976877212524414	
		1765,625	0,752001285552979	1765,625	-0,0497053377330303					1765,625	-0,0503144301474094			1765,625	0,199990719556808	1765,625	-0,959214925765991					1765,625	-0,974615931510925	
		1768,75	0,750181198120117	1768,75	-0,0544788278639317					1768,75	-0,0549430847167969			1768,75	0,202614367008209	1768,75	-0,956706047058105					1768,75	-0,972314715385437	
		1771,875	0,749788105487823	1771,875	-0,0552102625370026					1771,875	-0,055438295006752			1771,875	0,204907387495041	1771,875	-0,959084987640381					1771,875	-0,974577486515045	
		1775	0,749631345272064	1775	-0,0563042722642422					1775	-0,0562407821416855			1775	0,206005498766899	1775	-0,958909809589386					1775	-0,974429249763489	
		1778,125	0,750791549682617	1778,125	-0,061375804245472					1778,125	-0,0605925247073174			1778,125	0,205080419778824	1778,125	-0,959756314754486					1778,125	-0,975391864776611	
		1781,25	0,748297393321991	1781,25	-0,0653048679232597					1781,25	-0,0638833120465279			1781,25	0,206325322389603	1781,25	-0,957411468029022					1781,25	-0,972850441932678	
		1784,375	0,747328877449036	1784,375	-0,0672197341918945					1784,375	-0,0653584524989128			1784,375	0,206422120332718	1784,375	-0,959319412708282					1784,375	-0,974858641624451	
		1787,5	0,750402808189392	1787,5	-0,0696347430348396					1787,5	-0,0675729438662529			1787,5	0,2063959389925	1787,5	-0,963249623775482					1787,5	-0,978809416294098	
		1790,625	0,744548320770264	1790,625	-0,0740633085370064					1790,625	-0,0713943541049957			1790,625	0,207052737474442	1790,625	-0,957571029663086					1790,625	-0,973226130008698	
		1793,75	0,749371826648712	1793,75	-0,0820018723607063					1793,75	-0,0787267684936523			1793,75	0,205816358327866	1793,75	-0,961453199386597					1793,75	-0,977193236351013	
		1796,875	0,748058497905731	1796,875	-0,0806178897619247					1796,875	-0,076811857521534			1796,875	0,20977096259594	1796,875	-0,960917532444					1796,875	-0,976720094680786	
		1800	0,74326080083847	1800	-0,0782270431518555					1800	-0,0739609226584435			1800	0,214744046330452	1800	-0,957659780979156					1800	-0,973947584629059	
		1803,125	0,744376122951508	1803,125	-0,0909883603453636					1803,125	-0,0856839939951897			1803,125	0,209647104144096	1803,125	-0,95700740814209					1803,125	-0,973572432994843	
		1806,25	0,742653906345367	1806,25	-0,0901917517185211					1806,25	-0,0846933946013451			1806,25	0,212763130664825	1806,25	-0,954984724521637					1806,25	-0,97120600938797	
		1809,375	0,74157589673996	1809,375	-0,095066986978054					1809,375	-0,0880108252167702			1809,375	0,213863015174866	1809,375	-0,95253187417984					1809,375	-0,968231379985809	
		1812,5	0,740713000297546	1812,5	-0,0922951996326447					1812,5	-0,0840302035212517			1812,5	0,218468278646469	1812,5	-0,953663647174835					1812,5	-0,967215895652771	
		1815,625	0,741438746452332	1815,625	-0,105891048908234					1815,625	-0,0997647941112518			1815,625	0,213730737566948	1815,625	-0,957039415836334					1815,625	-0,972805917263031	
		1818,75	0,738256812095642	1818,75	-0,104230806231499					1818,75	-0,0976100265979767			1818,75	0,21646711230278	1818,75	-0,951546728610992					1818,75	-0,96783310174942	
		1821,875	0,738914966583252	1821,875	-0,109005562961102					1821,875	-0,101382955908775			1821,875	0,21788515150547	1821,875	-0,954236507415771					1821,875	-0,970880389213562	
		1825	0,740309834480286	1825	-0,111859850585461					1825	-0,103673681616783			1825	0,219457715749741	1825	-0,954926192760468					1825	-0,971802771091461	
		1828,125	0,739679753780365	1828,125	-0,114037945866585					1828,125	-0,105338789522648			1828,125	0,222208246588707	1828,125	-0,955382764339447					1828,125	-0,972430467605591	
		1831,25	0,737373828887939	1831,25	-0,115920215845108					1831,25	-0,106695458292961			1831,25	0,224682331085205	1831,25	-0,951812326908112					1831,25	-0,968864917755127	
		1834,375	0,735342800617218	1834,375	-0,121476501226425					1834,375	-0,111776396632195			1834,375	0,225083872675896	1834,375	-0,951929211616516					1834,375	-0,969106256961823	
		1837,5	0,735215723514557	1837,5	-0,122761599719524					1837,5	-0,112629354000092			1837,5	0,227516561746597	1837,5	-0,952998459339142					1837,5	-0,970231354236603	
		1840,625	0,738899230957031	1840,625	-0,128615364432335					1840,625	-0,117674998939037			1840,625	0,22811684012413	1840,625	-0,957751631736755					1840,625	-0,975168168544769	
		1843,75	0,73620331287384	1843,75	-0,131263718008995					1843,75	-0,119903534650803			1843,75	0,227355033159256	1843,75	-0,953935265541077					1843,75	-0,971520900726318	
		1846,875	0,736913859844208	1846,875	-0,136741146445274					1846,875	-0,124889440834522			1846,875	0,22855918109417	1846,875	-0,955747842788696					1846,875	-0,973488390445709	
		1850	0,737335681915283	1850	-0,138916477560997					1850	-0,126595050096512			1850	0,230725094676018	1850	-0,954065322875977					1850	-0,972031474113464	
		1853,125	0,737487137317657	1853,125	-0,141007915139198					1853,125	-0,127974197268486			1853,125	0,232343837618828	1853,125	-0,955026566982269					1853,125	-0,972961604595184	
		1856,25	0,734583139419556	1856,25	-0,141096487641335					1856,25	-0,127790927886963			1856,25	0,235394388437271	1856,25	-0,9494908452034					1856,25	-0,967746317386627	
		1859,375	0,736466467380524	1859,375	-0,146971225738525					1859,375	-0,133183151483536			1859,375	0,23572963476181	1859,375	-0,951047718524933					1859,375	-0,969908773899078	
		1862,5	0,73593944311142	1862,5	-0,154885903000832					1862,5	-0,140520960092545			1862,5	0,235270887613297	1862,5	-0,949306905269623					1862,5	-0,968194246292114	
		1865,625	0,736050188541412	1865,625	-0,153757631778717					1865,625	-0,138936698436737			1865,625	0,238994479179382	1865,625	-0,950102865695953					1865,625	-0,968830168247223	
		1868,75	0,734873831272125	1868,75	-0,15436914563179					1868,75	-0,139329373836517			1868,75	0,241492494940758	1868,75	-0,94791042804718					1868,75	-0,966626048088074	
		1871,875	0,73618358373642	1871,875	-0,16160286962986					1871,875	-0,145590543746948			1871,875	0,241587460041046	1871,875	-0,947706043720245					1871,875	-0,967107474803925	
		1875	0,737862586975098	1875	-0,162644118070602					1875	-0,146134704351425			1875	0,243483155965805	1875	-0,950433313846588					1875	-0,970130145549774	
		1878,125	0,736410558223724	1878,125	-0,166513904929161					1878,125	-0,149481281638145			1878,125	0,242536395788193	1878,125	-0,945448517799377					1878,125	-0,964783906936646	
		1881,25	0,737117171287537	1881,25	-0,171942040324211					1881,25	-0,154151424765587			1881,25	0,244155690073967	1881,25	-0,947113990783691					1881,25	-0,966582834720612	
		1884,375	0,737232148647308	1884,375	-0,174600824713707					1884,375	-0,156111150979996			1884,375	0,246826857328415	1884,375	-0,950543582439423					1884,375	-0,970483660697937	
		1887,5	0,737936794757843	1887,5	-0,179334595799446					1887,5	-0,160724595189095			1887,5	0,249081417918205	1887,5	-0,949484944343567					1887,5	-0,969675123691559	
		1890,625	0,736267745494843	1890,625	-0,182042106986046					1890,625	-0,163455337285995			1890,625	0,248792082071304	1890,625	-0,942920207977295					1890,625	-0,963254570960999	
		1893,75	0,736471354961395	1893,75	-0,182997658848763					1893,75	-0,164373472332954			1893,75	0,251037240028381	1893,75	-0,941620051860809					1893,75	-0,962032318115234	
		1896,875	0,73656964302063	1896,875	-0,186273768544197					1896,875	-0,167243763804436			1896,875	0,251565337181091	1896,875	-0,937809884548187					1896,875	-0,958595991134644	
		1900	0,73754620552063	1900	-0,189697027206421					1900	-0,169656112790108			1900	0,252508014440537	1900	-0,940659523010254					1900	-0,961586475372314	
		1903,125	0,735389649868011	1903,125	-0,192181676626205					1903,125	-0,171679824590683			1903,125	0,253441452980042	1903,125	-0,939286351203918					1903,125	-0,960283756256104	
		1906,25	0,736157178878784	1906,25	-0,198913797736168					1906,25	-0,177974060177803			1906,25	0,253832817077637	1906,25	-0,938364326953888					1906,25	-0,959616363048553	
		1909,375	0,738391041755676	1909,375	-0,200506329536438					1909,375	-0,179112553596497			1909,375	0,255687445402145	1909,375	-0,93795782327652					1909,375	-0,95993435382843	
		1912,5	0,73932683467865	1912,5	-0,200718492269516					1912,5	-0,178695350885391			1912,5	0,258597284555435	1912,5	-0,938133120536804					1912,5	-0,96020370721817	
		1915,625	0,738490045070648	1915,625	-0,206835120916367					1915,625	-0,184307098388672			1915,625	0,258398443460464	1915,625	-0,937149703502655					1915,625	-0,95929479598999	
		1918,75	0,739439845085144	1918,75	-0,214573055505753					1918,75	-0,191853225231171			1918,75	0,256583541631699	1918,75	-0,934125363826752					1918,75	-0,95698744058609	
		1921,875	0,741313457489014	1921,875	-0,212209552526474					1921,875	-0,188849717378616			1921,875	0,260128527879715	1921,875	-0,938284397125244					1921,875	-0,961127758026123	
		1925	0,743066608905792	1925	-0,215278893709183					1925	-0,191522777080536			1925	0,26130884885788	1925	-0,941812336444855					1925	-0,96427196264267	
		1928,125	0,740590631961823	1928,125	-0,220531582832336					1928,125	-0,195908322930336			1928,125	0,260975927114487	1928,125	-0,934649407863617					1928,125	-0,957805156707764	
		1931,25	0,741035223007202	1931,25	-0,221554309129715					1931,25	-0,195973694324493			1931,25	0,262565821409225	1931,25	-0,933466970920563					1931,25	-0,956870138645172	
		1934,375	0,742587983608246	1934,375	-0,226679027080536					1934,375	-0,200205251574516			1934,375	0,262935638427734	1934,375	-0,934676170349121					1934,375	-0,957845449447632	
		1937,5	0,742817580699921	1937,5	-0,228443756699562					1937,5	-0,201475605368614			1937,5	0,264727264642715	1937,5	-0,934473693370819					1937,5	-0,95820826292038	
		1940,625	0,742957592010498	1940,625	-0,232147455215454					1940,625	-0,204702645540237			1940,625	0,264355659484863	1940,625	-0,933035671710968					1940,625	-0,956901848316193	
		1943,75	0,743756115436554	1943,75	-0,240398555994034					1943,75	-0,212270215153694			1943,75	0,26538473367691	1943,75	-0,932017266750336					1943,75	-0,95650041103363	
		1946,875	0,743318915367126	1946,875	-0,240596204996109					1946,875	-0,212122365832329			1946,875	0,264924943447113	1946,875	-0,929219484329224					1946,875	-0,953857243061066	
		1950	0,74394154548645	1950	-0,241221055388451					1950	-0,212326169013977			1950	0,267782658338547	1950	-0,930836319923401					1950	-0,955531179904938	
		1953,125	0,746493339538574	1953,125	-0,253501176834106					1953,125	-0,224438443779945			1953,125	0,266955971717834	1953,125	-0,932777225971222					1953,125	-0,958825290203094	
		1956,25	0,746107816696167	1956,25	-0,25375971198082					1956,25	-0,225044265389442			1956,25	0,269402384757996	1956,25	-0,930133581161499					1956,25	-0,956583201885223	
		1959,375	0,747882306575775	1959,375	-0,257458329200745					1959,375	-0,22737517952919			1959,375	0,269213318824768	1959,375	-0,928595185279846					1959,375	-0,955070495605469	
		1962,5	0,750287294387817	1962,5	-0,256542414426804					1962,5	-0,225941970944405			1962,5	0,271679848432541	1962,5	-0,934648633003235					1962,5	-0,96041351556778	
		1965,625	0,748256742954254	1965,625	-0,256732493638992					1965,625	-0,22600468993187			1965,625	0,271697640419006	1965,625	-0,927740037441254					1965,625	-0,952974319458008	
		1968,75	0,749402582645416	1968,75	-0,260076075792313					1968,75	-0,228470325469971			1968,75	0,270886093378067	1968,75	-0,924303233623505					1968,75	-0,950783669948578	
		1971,875	0,748589634895325	1971,875	-0,265880465507507					1971,875	-0,234288573265076			1971,875	0,270830512046814	1971,875	-0,920112669467926					1971,875	-0,947157502174377	
		1975	0,745573043823242	1975	-0,267284452915192					1975	-0,235063046216965			1975	0,272469580173492	1975	-0,923612117767334					1975	-0,950178682804108	
		1978,125	0,750409722328186	1978,125	-0,274407655000687					1978,125	-0,240889370441437			1978,125	0,271817326545715	1978,125	-0,929006993770599					1978,125	-0,9551140666008	
		1981,25	0,749343693256378	1981,25	-0,263879597187042					1981,25	-0,230571120977402			1981,25	0,273590743541718	1981,25	-0,923010408878326					1981,25	-0,949597656726837	
		1984,375	0,750703811645508	1984,375	-0,27388072013855					1984,375	-0,240684941411018			1984,375	0,272387623786926	1984,375	-0,915422081947327					1984,375	-0,943286180496216	
		1987,5	0,750944197177887	1987,5	-0,279329091310501					1987,5	-0,245323836803436			1987,5	0,274899870157242	1987,5	-0,917331159114838					1987,5	-0,944864153862	
		1990,625	0,751961350440979	1990,625	-0,286175012588501					1990,625	-0,250935226678848			1990,625	0,277137607336044	1990,625	-0,926147997379303					1990,625	-0,953410506248474	
		1993,75	0,751986563205719	1993,75	-0,287904262542725					1993,75	-0,253485143184662			1993,75	0,272855579853058	1993,75	-0,917554140090942					1993,75	-0,947663128376007	
		1996,875	0,753812611103058	1996,875	-0,293597936630249					1996,875	-0,258735507726669			1996,875	0,275191843509674	1996,875	-0,917895019054413					1996,875	-0,947487533092499	
		2000	0,75476062297821	2000	-0,299722105264664					2000	-0,263415664434433			2000	0,277742117643356	2000	-0,923529148101807					2000	-0,952960729598999	
		2003,125	0,754585206508636	2003,125	-0,297918170690537					2003,125	-0,260271430015564			2003,125	0,277762353420258	2003,125	-0,929007589817047					2003,125	-0,95911169052124	
		2006,25	0,755163371562958	2006,25	-0,309753686189651					2006,25	-0,272416323423386			2006,25	0,277627438306808	2006,25	-0,92675107717514					2006,25	-0,956634342670441	
		2009,375	0,754734098911285	2009,375	-0,309443801641464					2009,375	-0,2727090716362			2009,375	0,27591136097908	2009,375	-0,913034915924072					2009,375	-0,944341599941254	
		2012,5	0,753901124000549	2012,5	-0,307890951633453					2012,5	-0,270334005355835			2012,5	0,276449918746948	2012,5	-0,908972024917603					2012,5	-0,939441084861755	
		2015,625	0,755372583866119	2015,625	-0,316047489643097					2015,625	-0,277988344430923			2015,625	0,278439909219742	2015,625	-0,911884546279907					2015,625	-0,942222595214844	
		2018,75	0,754988670349121	2018,75	-0,312943518161774					2018,75	-0,275050520896912			2018,75	0,275109797716141	2018,75	-0,906578838825226					2018,75	-0,938166916370392	
		2021,875	0,757280945777893	2021,875	-0,322453767061234					2021,875	-0,282637774944305			2021,875	0,279457330703735	2021,875	-0,911036193370819					2021,875	-0,943059921264648	
		2025	0,757865369319916	2025	-0,327321588993073					2025	-0,286035388708115			2025	0,279234439134598	2025	-0,910386264324188					2025	-0,944376409053802	
		2028,125	0,755671858787537	2028,125	-0,322694480419159					2028,125	-0,282027542591095			2028,125	0,280063658952713	2028,125	-0,908728420734406					2028,125	-0,942461371421814	
		2031,25	0,753075957298279	2031,25	-0,318004488945007					2031,25	-0,277552753686905			2031,25	0,278218269348145	2031,25	-0,898815155029297					2031,25	-0,931951940059662	
		2034,375	0,757515072822571	2034,375	-0,335450023412704					2034,375	-0,294192522764206			2034,375	0,278528302907944	2034,375	-0,904887914657593					2034,375	-0,938386082649231	
		2037,5	0,755849778652191	2037,5	-0,333898425102234					2037,5	-0,291831225156784			2037,5	0,281797289848328	2037,5	-0,90882283449173					2037,5	-0,942504703998566	
		2040,625	0,750982940196991	2040,625	-0,33394056558609					2040,625	-0,290814697742462			2040,625	0,275322318077087	2040,625	-0,8981813788414					2040,625	-0,931827664375305	
		2043,75	0,75457364320755	2043,75	-0,333530783653259					2043,75	-0,290395855903625			2043,75	0,278233975172043	2043,75	-0,895789444446564					2043,75	-0,929986715316772	
		2046,875	0,756039798259735	2046,875	-0,338275253772736					2046,875	-0,294736832380295			2046,875	0,280536562204361	2046,875	-0,896698117256165					2046,875	-0,932741522789001	
		2050	0,755771040916443	2050	-0,347291976213455					2050	-0,303751289844513			2050	0,279837340116501	2050	-0,896092236042023					2050	-0,931987822055817	
		2053,125	0,75741970539093	2053,125	-0,355718225240707					2053,125	-0,311428159475327			2053,125	0,281232118606567	2053,125	-0,899629831314087					2053,125	-0,936250865459442	
		2056,25	0,75680547952652	2056,25	-0,355766743421555					2056,25	-0,310379683971405			2056,25	0,281860262155533	2056,25	-0,894229888916016					2056,25	-0,931283533573151	
		2059,375	0,756242156028748	2059,375	-0,357723474502563					2059,375	-0,312138795852661			2059,375	0,280732482671738	2059,375	-0,892393350601196					2059,375	-0,929886519908905	
		2062,5	0,755262911319733	2062,5	-0,358946144580841					2062,5	-0,313144683837891			2062,5	0,281695872545242	2062,5	-0,8904789686203					2062,5	-0,927908539772034	
		2065,625	0,756721377372742	2065,625	-0,366460114717484					2065,625	-0,320461928844452			2065,625	0,281668603420258	2065,625	-0,889817893505096					2065,625	-0,927367150783539	
		2068,75	0,758280098438263	2068,75	-0,3680519759655					2068,75	-0,321230471134186			2068,75	0,283891588449478	2068,75	-0,891826689243317					2068,75	-0,92951238155365	
		2071,875	0,759548008441925	2071,875	-0,370638966560364					2071,875	-0,322875142097473			2071,875	0,283393889665604	2071,875	-0,893202483654022					2071,875	-0,931639313697815	
		2075	0,758409082889557	2075	-0,375103771686554					2075	-0,327155739068985			2075	0,283137053251266	2075	-0,889059543609619					2075	-0,928255558013916	
		2078,125	0,757407963275909	2078,125	-0,37417083978653					2078,125	-0,326282382011414			2078,125	0,28315681219101	2078,125	-0,884205639362335					2078,125	-0,923281371593475	
		2081,25	0,755553722381592	2081,25	-0,373718172311783					2081,25	-0,325805366039276			2081,25	0,284299939870834	2081,25	-0,880097389221191					2081,25	-0,919492363929749	
		2084,375	0,758740603923798	2084,375	-0,383811235427856					2084,375	-0,335026353597641			2084,375	0,28242814540863	2084,375	-0,879863977432251					2084,375	-0,920131266117096	
		2087,5	0,757826030254364	2087,5	-0,384136468172073					2087,5	-0,334444969892502			2087,5	0,2852743268013	2087,5	-0,882723748683929					2087,5	-0,922275543212891	
		2090,625	0,758260428905487	2090,625	-0,388437300920486					2090,625	-0,337346941232681			2090,625	0,286375522613525	2090,625	-0,881716907024384					2090,625	-0,92196923494339	
		2093,75	0,756811857223511	2093,75	-0,395418018102646					2093,75	-0,345039814710617			2093,75	0,282771527767181	2093,75	-0,879722893238068					2093,75	-0,920870244503021	
		2096,875	0,755229234695435	2096,875	-0,394534140825272					2096,875	-0,344127148389816			2096,875	0,286608278751373	2096,875	-0,878177583217621					2096,875	-0,920154094696045	
		2100	0,758685529232025	2100	-0,402763366699219					2100	-0,352066874504089			2100	0,281399339437485	2100	-0,871631622314453					2100	-0,914334774017334	
		2103,125	0,755894660949707	2103,125	-0,399218291044235					2103,125	-0,347957611083984			2103,125	0,286511033773422	2103,125	-0,870078861713409					2103,125	-0,912465572357178	
		2106,25	0,754111707210541	2106,25	-0,402450174093246					2106,25	-0,351090490818024			2106,25	0,288745611906052	2106,25	-0,870244681835175					2106,25	-0,913622438907623	
		2109,375	0,755974471569061	2109,375	-0,409474045038223					2109,375	-0,3574198782444			2109,375	0,28804937005043	2109,375	-0,869517028331757					2109,375	-0,913863718509674	
		2112,5	0,75842148065567	2112,5	-0,411476224660873					2112,5	-0,358894169330597			2112,5	0,289314270019531	2112,5	-0,869547188282013					2112,5	-0,914035022258759	
		2115,625	0,757698774337769	2115,625	-0,41366970539093					2115,625	-0,361137270927429			2115,625	0,287618100643158	2115,625	-0,865592122077942					2115,625	-0,910491466522217	
		2118,75	0,756442189216614	2118,75	-0,417876958847046					2118,75	-0,364609658718109			2118,75	0,290548622608185	2118,75	-0,866288542747498					2118,75	-0,911495685577393	
		2121,875	0,753956019878387	2121,875	-0,419499069452286					2121,875	-0,365841448307037			2121,875	0,290471643209457	2121,875	-0,861433327198029					2121,875	-0,90644097328186	
		2125	0,753248870372772	2125	-0,421573042869568					2125	-0,367302566766739			2125	0,288835316896439	2125	-0,860936999320984					2125	-0,906243741512299	
		2128,125	0,75786429643631	2128,125	-0,42796865105629					2128,125	-0,373631685972214			2128,125	0,289676368236542	2128,125	-0,86018580198288					2128,125	-0,906801700592041	
		2131,25	0,756884753704071	2131,25	-0,429863035678864					2131,25	-0,374979197978973			2131,25	0,291740030050278	2131,25	-0,858421742916107					2131,25	-0,905435919761658	
		2134,375	0,757004618644714	2134,375	-0,435156166553497					2134,375	-0,379626005887985			2134,375	0,288932204246521	2134,375	-0,85546612739563					2134,375	-0,903318345546722	
		2137,5	0,759568214416504	2137,5	-0,437189698219299					2137,5	-0,381043672561646			2137,5	0,28936892747879	2137,5	-0,854866325855255					2137,5	-0,903223872184753	
		2140,625	0,756317436695099	2140,625	-0,438932210206985					2140,625	-0,38229301571846			2140,625	0,291029125452042	2140,625	-0,850217282772064					2140,625	-0,898728847503662	
		2143,75	0,75481903553009	2143,75	-0,442121237516403					2143,75	-0,385299921035767			2143,75	0,292937487363815	2143,75	-0,848691999912262					2143,75	-0,897229254245758	
		2146,875	0,75732159614563	2146,875	-0,44401940703392					2146,875	-0,386768102645874			2146,875	0,29585799574852	2146,875	-0,853114008903503					2146,875	-0,902252078056335	
		2150	0,759245634078979	2150	-0,450048983097076					2150	-0,392322540283203			2150	0,293295621871948	2150	-0,850533723831177					2150	-0,900649964809418	
		2153,125	0,75675106048584	2153,125	-0,451239436864853					2153,125	-0,393376678228378			2153,125	0,294246226549149	2153,125	-0,847353100776672					2153,125	-0,897868037223816	
		2156,25	0,759190201759338	2156,25	-0,454878866672516					2156,25	-0,396439075469971			2156,25	0,2945336997509	2156,25	-0,848548233509064					2156,25	-0,899829566478729	
		2159,375	0,755656599998474	2159,375	-0,45888888835907					2159,375	-0,400232374668121			2159,375	0,293055921792984	2159,375	-0,844322144985199					2159,375	-0,896028757095337	
		2162,5	0,752803921699524	2162,5	-0,456404656171799					2162,5	-0,397080570459366			2162,5	0,297824621200562	2162,5	-0,843806505203247					2162,5	-0,895326197147369	
		2165,625	0,754597246646881	2165,625	-0,461473792791367					2165,625	-0,401872903108597			2165,625	0,296618223190308	2165,625	-0,840600848197937					2165,625	-0,892944693565369	
		2168,75	0,759697020053864	2168,75	-0,468311101198196					2168,75	-0,40893566608429			2168,75	0,293158680200577	2168,75	-0,837710857391357					2168,75	-0,890792727470398	
		2171,875	0,758685886859894	2171,875	-0,469771414995193					2171,875	-0,409729063510895			2171,875	0,296768486499786	2171,875	-0,837310492992401					2171,875	-0,890551030635834	
		2175	0,762126088142395	2175	-0,474854946136475					2175	-0,414002150297165			2175	0,297071784734726	2175	-0,838784635066986					2175	-0,892662227153778	
		2178,125	0,760291814804077	2178,125	-0,476717054843903					2178,125	-0,415767937898636			2178,125	0,294325530529022	2178,125	-0,834383368492126					2178,125	-0,888724327087402	
		2181,25	0,758079528808594	2181,25	-0,476811021566391					2181,25	-0,415514826774597			2181,25	0,297866553068161	2181,25	-0,832069993019104					2181,25	-0,886632561683655	
		2184,375	0,757420301437378	2184,375	-0,480612426996231					2184,375	-0,419491142034531			2184,375	0,296552211046219	2184,375	-0,827436447143555					2184,375	-0,883024573326111	
		2187,5	0,758886098861694	2187,5	-0,483680009841919					2187,5	-0,422057211399078			2187,5	0,297450035810471	2187,5	-0,825527429580688					2187,5	-0,881765246391296	
		2190,625	0,759758532047272	2190,625	-0,484612345695496					2190,625	-0,42252242565155			2190,625	0,300299257040024	2190,625	-0,826698005199432					2190,625	-0,882994413375854	
		2193,75	0,762492716312408	2193,75	-0,49238732457161					2193,75	-0,429618954658508			2193,75	0,299832940101624	2193,75	-0,826689183712006					2193,75	-0,883466780185699	
		2196,875	0,762380599975586	2196,875	-0,49623566865921					2196,875	-0,432951688766479			2196,875	0,298679023981094	2196,875	-0,823292672634125					2196,875	-0,880796313285828	
		2200	0,760282278060913	2200	-0,495229095220566					2200	-0,431823551654816			2200	0,299457520246506	2200	-0,820435285568237					2200	-0,878284990787506	
		2203,125	0,760629594326019	2203,125	-0,498559415340424					2203,125	-0,434692114591599			2203,125	0,299922317266464	2203,125	-0,819172322750092					2203,125	-0,877637207508087	
		2206,25	0,760999321937561	2206,25	-0,50085186958313					2206,25	-0,436833769083023			2206,25	0,302003651857376	2206,25	-0,815978467464447					2206,25	-0,874960243701935	
		2209,375	0,759020864963531	2209,375	-0,502193748950958					2209,375	-0,437913715839386			2209,375	0,302292108535767	2209,375	-0,81441605091095					2209,375	-0,874041080474854	
		2212,5	0,764588177204132	2212,5	-0,5096834897995					2212,5	-0,444422632455826			2212,5	0,302223473787308	2212,5	-0,81729531288147					2212,5	-0,877874553203583	
		2215,625	0,767320275306702	2215,625	-0,513811111450195					2215,625	-0,447923183441162			2215,625	0,302705645561218	2215,625	-0,817235827445984					2215,625	-0,878372311592102	
		2218,75	0,765320956707001	2218,75	-0,515199840068817					2218,75	-0,448994755744934			2218,75	0,303223639726639	2218,75	-0,813046097755432					2218,75	-0,874696731567383	
		2221,875	0,763860642910004	2221,875	-0,514843046665192					2221,875	-0,44880285859108			2221,875	0,303079605102539	2221,875	-0,809262633323669					2221,875	-0,871142864227295	
		2225	0,764159679412842	2225	-0,521096289157867					2225	-0,454728484153748			2225	0,301111400127411	2225	-0,806944310665131					2225	-0,869569838047028	
		2228,125	0,765504419803619	2228,125	-0,524507999420166					2228,125	-0,457588106393814			2228,125	0,300775021314621	2228,125	-0,806700944900513					2228,125	-0,870032072067261	
		2231,25	0,763086080551147	2231,25	-0,524199485778809					2231,25	-0,45721447467804			2231,25	0,301443576812744	2231,25	-0,803022861480713					2231,25	-0,866682827472687	
		2234,375	0,761497795581818	2234,375	-0,52886974811554					2234,375	-0,461661338806152			2234,375	0,301855385303497	2234,375	-0,800070285797119					2234,375	-0,864441573619843	
		2237,5	0,763398468494415	2237,5	-0,531528830528259					2237,5	-0,463656008243561			2237,5	0,305407494306564	2237,5	-0,801479756832123					2237,5	-0,866359233856201	
		2240,625	0,770681262016296	2240,625	-0,53839647769928					2240,625	-0,470074504613876			2240,625	0,302400171756744	2240,625	-0,799857676029205					2240,625	-0,865779101848602	
		2243,75	0,769283533096313	2243,75	-0,539023220539093					2243,75	-0,470293194055557			2243,75	0,303268671035767	2243,75	-0,799804151058197					2243,75	-0,865790724754334	
		2246,875	0,767124533653259	2246,875	-0,539898753166199					2246,875	-0,470857858657837			2246,875	0,304428845643997	2246,875	-0,797525644302368					2246,875	-0,863880276679993	
		2250	0,765012383460999	2250	-0,541380882263184					2250	-0,472622692584991			2250	0,303342461585999	2250	-0,791861414909363					2250	-0,85889858007431	
		2253,125	0,76482492685318	2253,125	-0,546591937541962					2253,125	-0,476959824562073			2253,125	0,304069727659225	2253,125	-0,789534449577332					2253,125	-0,857657849788666	
		2256,25	0,76285594701767	2256,25	-0,548270881175995					2256,25	-0,478567272424698			2256,25	0,301923960447311	2256,25	-0,786259651184082					2256,25	-0,854896724224091	
		2259,375	0,766818344593048	2259,375	-0,552789747714996					2259,375	-0,482856571674347			2259,375	0,302091360092163	2259,375	-0,784470021724701					2259,375	-0,85362696647644	
		2262,5	0,766216814517975	2262,5	-0,554047703742981					2262,5	-0,483814299106598			2262,5	0,302752196788788	2262,5	-0,783919811248779					2262,5	-0,8535036444664	
		2265,625	0,765327036380768	2265,625	-0,556730210781097					2265,625	-0,486576586961746			2265,625	0,30248236656189	2265,625	-0,782361507415771					2265,625	-0,852346539497375	
		2268,75	0,762679755687714	2268,75	-0,556976020336151					2268,75	-0,486895084381104			2268,75	0,301804840564728	2268,75	-0,776389539241791					2268,75	-0,847663998603821	
		2271,875	0,764113068580627	2271,875	-0,561358869075775					2271,875	-0,490384936332703			2271,875	0,30149632692337	2271,875	-0,776067495346069					2271,875	-0,847821474075317	
		2275	0,765874803066254	2275	-0,568059742450714					2275	-0,496465414762497			2275	0,300087243318558	2275	-0,776080071926117					2275	-0,848512291908264	
		2278,125	0,767411231994629	2278,125	-0,570171773433685					2278,125	-0,498396694660187			2278,125	0,301968455314636	2278,125	-0,77349066734314					2278,125	-0,846672534942627	
		2281,25	0,76614385843277	2281,25	-0,569853246212006					2281,25	-0,498155504465103			2281,25	0,303285956382751	2281,25	-0,771588444709778					2281,25	-0,844596385955811	
		2284,375	0,764497518539429	2284,375	-0,571467757225037					2284,375	-0,499484896659851			2284,375	0,30353382229805	2284,375	-0,770637392997742					2284,375	-0,843737542629242	
		2287,5	0,768663108348846	2287,5	-0,58001708984375					2287,5	-0,506651818752289			2287,5	0,301894098520279	2287,5	-0,770241260528564					2287,5	-0,844804167747498	
		2290,625	0,766100347042084	2290,625	-0,578943192958832					2290,625	-0,505906164646149			2290,625	0,301534444093704	2290,625	-0,764899611473084					2290,625	-0,840272843837738	
		2293,75	0,763529241085052	2293,75	-0,579117715358734					2293,75	-0,506601393222809			2293,75	0,302885353565216	2293,75	-0,760078251361847					2293,75	-0,836364567279816	
		2296,875	0,766060769557953	2296,875	-0,585678935050964					2296,875	-0,512257516384125			2296,875	0,301242679357529	2296,875	-0,762432336807251					2296,875	-0,839446187019348	
		2300	0,766477704048157	2300	-0,590525984764099					2300	-0,516708314418793			2300	0,301094889640808	2300	-0,759483397006989					2300	-0,83661299943924	
		2303,125	0,764178812503815	2303,125	-0,591336250305176					2303,125	-0,518084168434143			2303,125	0,301079720258713	2303,125	-0,754976212978363					2303,125	-0,833171486854553	
		2306,25	0,764208555221558	2306,25	-0,593386948108673					2306,25	-0,519692599773407			2306,25	0,300475925207138	2306,25	-0,753274977207184					2306,25	-0,832300066947937	
		2309,375	0,76481032371521	2309,375	-0,594932436943054					2309,375	-0,520592272281647			2309,375	0,302366018295288	2309,375	-0,752766251564026					2309,375	-0,832306563854218	
		2312,5	0,762886524200439	2312,5	-0,597640991210938					2312,5	-0,523155331611633			2312,5	0,302567660808563	2312,5	-0,749675571918488					2312,5	-0,829474747180939	
		2315,625	0,760196328163147	2315,625	-0,59845095872879					2315,625	-0,524291217327118			2315,625	0,301036834716797	2315,625	-0,746346950531006					2315,625	-0,8256476521492	
		2318,75	0,763102769851685	2318,75	-0,604333341121674					2318,75	-0,530183792114258			2318,75	0,298302680253983	2318,75	-0,743338227272034					2318,75	-0,824380576610565	
		2321,875	0,75966739654541	2321,875	-0,605192422866821					2321,875	-0,531341731548309			2321,875	0,29940277338028	2321,875	-0,737796783447266					2321,875	-0,819202601909637	
		2325	0,762815296649933	2325	-0,608849346637726					2325	-0,534788370132446			2325	0,30008202791214	2325	-0,739931404590607					2325	-0,822302341461182	
		2328,125	0,762269556522369	2328,125	-0,608831346035004					2328,125	-0,534146666526794			2328,125	0,301794826984406	2328,125	-0,739769697189331					2328,125	-0,82251387834549	
		2331,25	0,762205481529236	2331,25	-0,61052393913269					2331,25	-0,535499393939972			2331,25	0,301294565200806	2331,25	-0,737441599369049					2331,25	-0,820400595664978	
		2334,375	0,763624608516693	2334,375	-0,615484416484833					2334,375	-0,539517879486084			2334,375	0,301682204008102	2334,375	-0,737635612487793					2334,375	-0,821103274822235	
		2337,5	0,762381613254547	2337,5	-0,618121147155762					2337,5	-0,541975557804108			2337,5	0,301497101783752	2337,5	-0,73209023475647					2337,5	-0,816957950592041	
		2340,625	0,75842696428299	2340,625	-0,617487013339996					2340,625	-0,541507124900818			2340,625	0,301290482282639	2340,625	-0,726418554782867					2340,625	-0,811566829681396	
		2343,75	0,762453258037567	2343,75	-0,624899923801422					2343,75	-0,547710716724396			2343,75	0,300584405660629	2343,75	-0,728155434131622					2343,75	-0,814026236534119	
		2346,875	0,76091867685318	2346,875	-0,626308143138886					2346,875	-0,550358891487122			2346,875	0,300397455692291	2346,875	-0,724612176418304					2346,875	-0,81115984916687	
		2350	0,762156367301941	2350	-0,629158437252045					2350	-0,552903831005096			2350	0,303373008966446	2350	-0,724379599094391					2350	-0,811704933643341	
		2353,125	0,761745035648346	2353,125	-0,633069634437561					2353,125	-0,555817902088165			2353,125	0,301547795534134	2353,125	-0,725319147109985					2353,125	-0,813388407230377	
		2356,25	0,760610699653625	2356,25	-0,633242607116699					2356,25	-0,555994927883148			2356,25	0,30251070857048	2356,25	-0,721857607364655					2356,25	-0,809624850749969	
		2359,375	0,759605586528778	2359,375	-0,631683051586151					2359,375	-0,553931057453156			2359,375	0,302645683288574	2359,375	-0,718333661556244					2359,375	-0,806594133377075	
		2362,5	0,76042914390564	2362,5	-0,639169454574585					2362,5	-0,561094522476196			2362,5	0,3031245470047	2362,5	-0,717967092990875					2362,5	-0,807888805866241	
		2365,625	0,761655807495117	2365,625	-0,643438935279846					2365,625	-0,567514955997467			2365,625	0,300441443920136	2365,625	-0,709653794765472					2365,625	-0,800069093704224	
		2368,75	0,759097337722778	2368,75	-0,639485061168671					2368,75	-0,562934756278992			2368,75	0,303869694471359	2368,75	-0,709256947040558					2368,75	-0,799638748168945	
		2371,875	0,754106044769287	2371,875	-0,638663947582245					2371,875	-0,562305092811584			2371,875	0,301526755094528	2371,875	-0,702694416046143					2371,875	-0,794527351856232	
		2375	0,755688846111298	2375	-0,645790576934814					2375	-0,568199813365936			2375	0,302424013614655	2375	-0,702086508274078					2375	-0,795412361621857	
		2378,125	0,756879329681396	2378,125	-0,652459681034088					2378,125	-0,574653267860413			2378,125	0,301006257534027	2378,125	-0,702055752277374					2378,125	-0,795247435569763	
		2381,25	0,757714748382568	2381,25	-0,656694531440735					2381,25	-0,579935550689697			2381,25	0,302104741334915	2381,25	-0,698569357395172					2381,25	-0,792929887771606	
		2384,375	0,758879423141479	2384,375	-0,656173944473267					2384,375	-0,58030778169632			2384,375	0,305966436862946	2384,375	-0,698120355606079					2384,375	-0,79248982667923	
		2387,5	0,756408333778381	2387,5	-0,653878450393677					2387,5	-0,578139007091522			2387,5	0,303560763597488	2387,5	-0,690902411937714					2387,5	-0,784864008426666	
		2390,625	0,755347073078156	2390,625	-0,658354341983795					2390,625	-0,579733967781067			2390,625	0,303883612155914	2390,625	-0,692757070064545					2390,625	-0,789079666137695	
		2393,75	0,755822360515594	2393,75	-0,662275910377502					2393,75	-0,582914352416992			2393,75	0,305103063583374	2393,75	-0,691940605640411					2393,75	-0,789611995220184	
		2396,875	0,757422149181366	2396,875	-0,668536722660065					2396,875	-0,588614046573639			2396,875	0,304646462202072	2396,875	-0,691488325595856					2396,875	-0,790076315402985	
		2400	0,755214750766754	2400	-0,669724941253662					2400	-0,590798914432526			2400	0,305155038833618	2400	-0,686975121498108					2400	-0,785975098609924	
		2403,125	0,755029737949371	2403,125	-0,674592256546021					2403,125	-0,597436308860779			2403,125	0,306419432163239	2403,125	-0,683310270309448					2403,125	-0,783247828483582	
		2406,25	0,757308900356293	2406,25	-0,676955580711365					2406,25	-0,597997188568115			2406,25	0,306646108627319	2406,25	-0,684551477432251					2406,25	-0,783091068267822	
		2409,375	0,757337749004364	2409,375	-0,679122745990753					2409,375	-0,599106311798096			2409,375	0,305449038743973	2409,375	-0,677770137786865					2409,375	-0,777436792850494	
		2412,5	0,753407955169678	2412,5	-0,676958799362183					2412,5	-0,596456944942474			2412,5	0,308579087257385	2412,5	-0,676085650920868					2412,5	-0,776463270187378	
		2415,625	0,753471732139587	2415,625	-0,677889108657837					2415,625	-0,599848031997681			2415,625	0,303004026412964	2415,625	-0,668667495250702					2415,625	-0,768147051334381	
		2418,75	0,753737211227417	2418,75	-0,682464420795441					2418,75	-0,603615403175354			2418,75	0,304573208093643	2418,75	-0,669703960418701					2418,75	-0,771388113498688	
		2421,875	0,754867911338806	2421,875	-0,685997247695923					2421,875	-0,606142997741699			2421,875	0,307858943939209	2421,875	-0,67085736989975					2421,875	-0,774704933166504	
		2425	0,753270268440247	2425	-0,686766564846039					2425	-0,607762038707733			2425	0,307956665754318	2425	-0,665273308753967					2425	-0,769496440887451	
		2428,125	0,753021895885468	2428,125	-0,690803647041321					2428,125	-0,612699508666992			2428,125	0,306443452835083	2428,125	-0,658464729785919					2428,125	-0,761965453624725	
		2431,25	0,752883851528168	2431,25	-0,694822371006012					2431,25	-0,615809917449951			2431,25	0,307908743619919	2431,25	-0,659555673599243					2431,25	-0,764530956745148	
		2434,375	0,75184953212738	2434,375	-0,694348454475403					2434,375	-0,615033030509949			2434,375	0,306519895792007	2434,375	-0,655985772609711					2434,375	-0,761020362377167	
		2437,5	0,752638459205627	2437,5	-0,694301068782806					2437,5	-0,615213215351105			2437,5	0,308208435773849	2437,5	-0,654717445373535					2437,5	-0,758984744548798	
		2440,625	0,75230473279953	2440,625	-0,696260094642639					2440,625	-0,61635148525238			2440,625	0,308450222015381	2440,625	-0,654829800128937					2440,625	-0,76050853729248	
		2443,75	0,752303600311279	2443,75	-0,701831042766571					2443,75	-0,622842848300934			2443,75	0,307313829660416	2443,75	-0,648260056972504					2443,75	-0,755749404430389	
		2446,875	0,750507593154907	2446,875	-0,702822804450989					2446,875	-0,624241590499878			2446,875	0,308694958686829	2446,875	-0,644164979457855					2446,875	-0,752099990844727	
		2450	0,752458810806274	2450	-0,705007195472717					2450	-0,626478374004364			2450	0,31036838889122	2450	-0,643661260604858					2450	-0,751916348934174	
		2453,125	0,752025663852692	2453,125	-0,706370711326599					2453,125	-0,628782689571381			2453,125	0,309571892023087	2453,125	-0,640556454658508					2453,125	-0,749875009059906	
		2456,25	0,751116096973419	2456,25	-0,710873126983643					2456,25	-0,631520509719849			2456,25	0,308880001306534	2456,25	-0,639662444591522					2456,25	-0,749648332595825	
		2459,375	0,751446843147278	2459,375	-0,71307909488678					2459,375	-0,633090019226074			2459,375	0,310532122850418	2459,375	-0,639281094074249					2459,375	-0,7499960064888	
		2462,5	0,751638054847717	2462,5	-0,714531600475311					2462,5	-0,634916841983795			2462,5	0,309066623449326	2462,5	-0,632424294948578					2462,5	-0,743914604187012	
		2465,625	0,751411437988281	2465,625	-0,716777801513672					2465,625	-0,637998402118683			2465,625	0,310224503278732	2465,625	-0,632171809673309					2465,625	-0,743885278701782	
		2468,75	0,748879969120026	2468,75	-0,717546403408051					2468,75	-0,639194488525391			2468,75	0,312710493803024	2468,75	-0,631548523902893					2468,75	-0,743672668933868	
		2471,875	0,753157258033752	2471,875	-0,719520390033722					2471,875	-0,639575064182281			2471,875	0,30845582485199	2471,875	-0,625777423381805					2471,875	-0,738471031188965	
		2475	0,75128960609436	2475	-0,722484767436981					2475	-0,641401827335358			2475	0,311169624328613	2475	-0,631243169307709					2475	-0,744306027889252	
		2478,125	0,753700315952301	2478,125	-0,72837883234024					2478,125	-0,648402333259583			2478,125	0,311825066804886	2478,125	-0,625245988368988					2478,125	-0,739940583705902	
		2481,25	0,750241935253143	2481,25	-0,725210547447205					2481,25	-0,645748555660248			2481,25	0,314329087734222	2481,25	-0,623866379261017					2481,25	-0,738461256027222	
		2484,375	0,751799523830414	2484,375	-0,729441285133362					2484,375	-0,649300575256348			2484,375	0,313708305358887	2484,375	-0,619901537895203					2484,375	-0,734115898609161	
		2487,5	0,756717324256897	2487,5	-0,737300038337708					2487,5	-0,656430184841156			2487,5	0,310246556997299	2487,5	-0,615975677967072					2487,5	-0,733126699924469	
		2490,625	0,752270042896271	2490,625	-0,733565390110016					2490,625	-0,653778970241547			2490,625	0,312740087509155	2490,625	-0,61269736289978					2490,625	-0,729332447052002	
		2493,75	0,750050008296967	2493,75	-0,733894348144531					2493,75	-0,655213177204132			2493,75	0,312149673700333	2493,75	-0,608084619045258					2493,75	-0,725211977958679	
		2496,875	0,750293433666229	2496,875	-0,733410775661469					2496,875	-0,655165553092957			2496,875	0,313191831111908	2496,875	-0,606750905513763					2496,875	-0,725042700767517	
		2500	0,751703500747681	2500	-0,738766252994537					2500	-0,660257697105408			2500	0,316562294960022	2500	-0,605734825134277					2500	-0,725036799907684	
		2503,125	0,75298285484314	2503,125	-0,743051707744598					2503,125	-0,664030909538269			2503,125	0,311356365680695	2503,125	-0,600599408149719					2503,125	-0,719839572906494	
		2506,25	0,753996133804321	2506,25	-0,746902585029602					2506,25	-0,667208313941956			2506,25	0,31463897228241	2506,25	-0,605372726917267					2506,25	-0,725537180900574	
		2509,375	0,752838492393494	2509,375	-0,747058629989624					2509,375	-0,666950821876526			2509,375	0,313910305500031	2509,375	-0,601223170757294					2509,375	-0,722212851047516	
		2512,5	0,75163334608078	2512,5	-0,747036516666412					2512,5	-0,667637646198273			2512,5	0,314574122428894	2512,5	-0,597389400005341					2512,5	-0,71860808134079	
		2515,625	0,749533653259277	2515,625	-0,747793972492218					2515,625	-0,668140530586243			2515,625	0,312910795211792	2515,625	-0,591916739940643					2515,625	-0,713353633880615	
		2518,75	0,750337958335876	2518,75	-0,75108528137207					2518,75	-0,67054295539856			2518,75	0,313160508871078	2518,75	-0,592004776000977					2518,75	-0,714359998703003	
		2521,875	0,751273453235626	2521,875	-0,751071214675903					2521,875	-0,670353412628174			2521,875	0,315515398979187	2521,875	-0,590842664241791					2521,875	-0,712935030460358	
		2525	0,756569385528564	2525	-0,758701801300049					2525	-0,678857445716858			2525	0,312452048063278	2525	-0,5837282538414					2525	-0,707454800605774	
		2528,125	0,749760925769806	2528,125	-0,754339218139648					2528,125	-0,675236344337463			2528,125	0,313819348812103	2528,125	-0,581946790218353					2528,125	-0,706789374351501	
		2531,25	0,74916273355484	2531,25	-0,755582690238953					2531,25	-0,675937175750732			2531,25	0,313786745071411	2531,25	-0,579142570495605					2531,25	-0,703621208667755	
		2534,375	0,750853478908539	2534,375	-0,757103443145752					2534,375	-0,678050935268402			2534,375	0,316779047250748	2534,375	-0,578245282173157					2534,375	-0,703234374523163	
		2537,5	0,751674354076386	2537,5	-0,764131367206573					2537,5	-0,684581518173218			2537,5	0,311767131090164	2537,5	-0,572802782058716					2537,5	-0,699861705303192	
		2540,625	0,74576473236084	2540,625	-0,758975207805634					2540,625	-0,679475367069244			2540,625	0,314179211854935	2540,625	-0,572299718856812					2540,625	-0,698905646800995	
		2543,75	0,747265875339508	2543,75	-0,761298418045044					2543,75	-0,68289715051651			2543,75	0,311149716377258	2543,75	-0,567056596279144					2543,75	-0,694096326828003	
		2546,875	0,752898514270782	2546,875	-0,768243014812469					2546,875	-0,689046204090118			2546,875	0,314469277858734	2546,875	-0,56821072101593					2546,875	-0,696885883808136	
		2550	0,752380967140198	2550	-0,770692765712738					2550	-0,690759897232056			2550	0,316124737262726	2550	-0,567719340324402					2550	-0,697257161140442	
		2553,125	0,752754211425781	2553,125	-0,773247003555298					2553,125	-0,694534659385681			2553,125	0,313593029975891	2553,125	-0,563232243061066					2553,125	-0,694029152393341	
		2556,25	0,753023624420166	2556,25	-0,775293350219727					2556,25	-0,696189939975739			2556,25	0,314412981271744	2556,25	-0,56165087223053					2556,25	-0,692694127559662	
		2559,375	0,751924514770508	2559,375	-0,776198148727417					2559,375	-0,696872711181641			2559,375	0,314667701721191	2559,375	-0,559212267398834					2559,375	-0,690729975700378	
		2562,5	0,75129234790802	2562,5	-0,776683151721954					2562,5	-0,697904586791992			2562,5	0,313337236642838	2562,5	-0,554231882095337					2562,5	-0,68649560213089	
		2565,625	0,751106083393097	2565,625	-0,777666985988617					2565,625	-0,698633849620819			2565,625	0,313871890306473	2565,625	-0,55273711681366					2565,625	-0,685453236103058	
		2568,75	0,751732409000397	2568,75	-0,780587553977966					2568,75	-0,701510369777679			2568,75	0,31451627612114	2568,75	-0,551721036434174					2568,75	-0,685506284236908	
		2571,875	0,753849744796753	2571,875	-0,784513056278229					2571,875	-0,70557975769043			2571,875	0,315384775400162	2571,875	-0,550129473209381					2571,875	-0,684289813041687	
		2575	0,753488302230835	2575	-0,784161388874054					2575	-0,705429553985596			2575	0,314298629760742	2575	-0,546615362167358					2575	-0,680503904819489	
		2578,125	0,748371779918671	2578,125	-0,782153129577637					2578,125	-0,704823851585388			2578,125	0,309730499982834	2578,125	-0,536315321922302					2578,125	-0,67113870382309	
		2581,25	0,751651406288147	2581,25	-0,78742527961731					2581,25	-0,708640873432159			2581,25	0,312907516956329	2581,25	-0,540658712387085					2581,25	-0,676337003707886	
		2584,375	0,748949944972992	2584,375	-0,788708090782166					2584,375	-0,7105473279953			2584,375	0,308275401592255	2584,375	-0,536422610282898					2584,375	-0,6728156208992	
		2587,5	0,749252200126648	2587,5	-0,790871620178223					2587,5	-0,712888896465302			2587,5	0,307560324668884	2587,5	-0,534241795539856					2587,5	-0,671658337116241	
		2590,625	0,747402250766754	2590,625	-0,790655553340912					2590,625	-0,71262389421463			2590,625	0,307120889425278	2590,625	-0,531314730644226					2590,625	-0,669042527675629	
		2593,75	0,746717154979706	2593,75	-0,792614161968231					2593,75	-0,714992165565491			2593,75	0,307027488946915	2593,75	-0,527706503868103					2593,75	-0,666188418865204	
		2596,875	0,747842311859131	2596,875	-0,796290159225464					2596,875	-0,718433916568756			2596,875	0,309143006801605	2596,875	-0,528580367565155					2596,875	-0,667996764183044	
		2600	0,744146883487701	2600	-0,796802937984467					2600	-0,719112396240234			2600	0,309272527694702	2600	-0,524492084980011					2600	-0,664061725139618	
		2603,125	0,742979049682617	2603,125	-0,799533843994141					2603,125	-0,722050607204437			2603,125	0,308484017848969	2603,125	-0,520297408103943					2603,125	-0,660887241363525	
		2606,25	0,740402460098267	2606,25	-0,798193156719208					2606,25	-0,720963060855865			2606,25	0,310814023017883	2606,25	-0,51863157749176					2606,25	-0,659581780433655	
		2609,375	0,742609083652496	2609,375	-0,803578972816467					2609,375	-0,72599071264267			2609,375	0,312368988990784	2609,375	-0,516905009746552					2609,375	-0,659112393856049	
		2612,5	0,742343544960022	2612,5	-0,804130673408508					2612,5	-0,726564586162567			2612,5	0,310934603214264	2612,5	-0,514477014541626					2612,5	-0,65711909532547	
		2615,625	0,74246084690094	2615,625	-0,804982900619507					2615,625	-0,728569269180298			2615,625	0,309764564037323	2615,625	-0,509018182754517					2615,625	-0,651920557022095	
		2618,75	0,744872033596039	2618,75	-0,807959973812103					2618,75	-0,731142103672028			2618,75	0,312186598777771	2618,75	-0,509704172611237					2618,75	-0,653429806232452	
		2621,875	0,741731286048889	2621,875	-0,808141112327576					2621,875	-0,731537520885468			2621,875	0,310503661632538	2621,875	-0,505356073379517					2621,875	-0,64943140745163	
		2625	0,738556683063507	2625	-0,806341588497162					2625	-0,730083525180817			2625	0,313609957695007	2625	-0,502254009246826					2625	-0,6464723944664	
		2628,125	0,739908218383789	2628,125	-0,810693919658661					2628,125	-0,734322369098663			2628,125	0,314022719860077	2628,125	-0,49954229593277					2628,125	-0,645172834396362	
		2631,25	0,738752007484436	2631,25	-0,813012540340424					2631,25	-0,736891984939575			2631,25	0,311407297849655	2631,25	-0,49566513299942					2631,25	-0,641792953014374	
		2634,375	0,735816419124603	2634,375	-0,810411334037781					2634,375	-0,734557330608368			2634,375	0,313412964344025	2634,375	-0,493883728981018					2634,375	-0,639897704124451	
		2637,5	0,738592326641083	2637,5	-0,812728941440582					2637,5	-0,737926840782166			2637,5	0,311653256416321	2637,5	-0,48765841126442					2637,5	-0,634845912456512	
		2640,625	0,738953292369843	2640,625	-0,815811395645142					2640,625	-0,740593492984772			2640,625	0,312230944633484	2640,625	-0,488081485033035					2640,625	-0,636095643043518	
		2643,75	0,742251336574554	2643,75	-0,819249391555786					2643,75	-0,743707180023193			2643,75	0,313165634870529	2643,75	-0,486748814582825					2643,75	-0,63556033372879	
		2646,875	0,742426753044128	2646,875	-0,819002747535706					2646,875	-0,742934167385101			2646,875	0,316592365503311	2646,875	-0,489307701587677					2646,875	-0,638072729110718	
		2650	0,743291854858398	2650	-0,82687383890152					2650	-0,752156019210815			2650	0,308936238288879	2650	-0,476891696453094					2650	-0,628023564815521	
		2653,125	0,740255773067474	2653,125	-0,824244856834412					2653,125	-0,748841345310211			2653,125	0,312890380620956	2653,125	-0,478133320808411					2653,125	-0,629143714904785	
		2656,25	0,743850409984589	2656,25	-0,827849149703979					2656,25	-0,752826631069183			2656,25	0,313316255807877	2656,25	-0,477059155702591					2656,25	-0,628862142562866	
		2659,375	0,743224859237671	2659,375	-0,82751190662384					2659,375	-0,753320395946503			2659,375	0,311857253313065	2659,375	-0,47215935587883					2659,375	-0,624248683452606	
		2662,5	0,740036308765411	2662,5	-0,826795637607574					2662,5	-0,751968801021576			2662,5	0,312874734401703	2662,5	-0,471545070409775					2662,5	-0,623875796794891	
		2665,625	0,739072263240814	2665,625	-0,830091714859009					2665,625	-0,755694329738617			2665,625	0,311786770820618	2665,625	-0,467108845710754					2665,625	-0,620778322219849	
		2668,75	0,735097765922546	2668,75	-0,82613742351532					2668,75	-0,753041625022888			2668,75	0,311388939619064	2668,75	-0,461389243602753					2668,75	-0,614922642707825	
		2671,875	0,737782537937164	2671,875	-0,830933511257172					2671,875	-0,757436394691467			2671,875	0,312550097703934	2671,875	-0,4621941447258					2671,875	-0,616252720355988	
		2675	0,737530052661896	2675	-0,834330320358276					2675	-0,760434806346893			2675	0,313641041517258	2675	-0,461697459220886					2675	-0,6165971159935	
		2678,125	0,735679924488068	2678,125	-0,836027443408966					2678,125	-0,762071490287781			2678,125	0,314987778663635	2678,125	-0,459353655576706					2678,125	-0,615307331085205	
		2681,25	0,737149715423584	2681,25	-0,838107347488403					2681,25	-0,76550704240799			2681,25	0,31481671333313	2681,25	-0,455794006586075					2681,25	-0,61301177740097	
		2684,375	0,738633632659912	2684,375	-0,841734051704407					2684,375	-0,76947021484375			2684,375	0,313162207603455	2684,375	-0,451108574867249					2684,375	-0,608616709709167	
		2687,5	0,735777378082275	2687,5	-0,840388119220734					2687,5	-0,767023682594299			2687,5	0,315796166658401	2687,5	-0,452676862478256					2687,5	-0,609961569309235	
		2690,625	0,735965430736542	2690,625	-0,844008386135101					2690,625	-0,771673023700714			2690,625	0,312738120555878	2690,625	-0,444194257259369					2690,625	-0,603227198123932	
		2693,75	0,735421240329742	2693,75	-0,844754755496979					2693,75	-0,772120177745819			2693,75	0,316584706306458	2693,75	-0,445479601621628					2693,75	-0,605058073997498	
		2696,875	0,733890354633331	2696,875	-0,844392955303192					2696,875	-0,77349454164505			2696,875	0,316228300333023	2696,875	-0,438389480113983					2696,875	-0,598582684993744	
		2700	0,733253419399261	2700	-0,844700992107391					2700	-0,773298025131226			2700	0,316608011722565	2700	-0,438527792692184					2700	-0,598444759845734	
		2703,125	0,733579993247986	2703,125	-0,847144424915314					2703,125	-0,77638179063797			2703,125	0,315480619668961	2703,125	-0,43383127450943					2703,125	-0,594859421253204	
		2706,25	0,731636464595795	2706,25	-0,845592617988586					2706,25	-0,775197267532349			2706,25	0,31542581319809	2706,25	-0,430385857820511					2706,25	-0,591443121433258	
		2709,375	0,732934176921844	2709,375	-0,848316609859467					2709,375	-0,777536332607269			2709,375	0,316271960735321	2709,375	-0,428353101015091					2709,375	-0,590720891952515	
		2712,5	0,734055757522583	2712,5	-0,851775467395782					2712,5	-0,780532836914063			2712,5	0,318628877401352	2712,5	-0,42937770485878					2712,5	-0,592830657958984	
		2715,625	0,733455181121826	2715,625	-0,853905141353607					2715,625	-0,782854855060577			2715,625	0,316177278757095	2715,625	-0,425280719995499					2715,625	-0,588890314102173	
		2718,75	0,731686532497406	2718,75	-0,852083206176758					2718,75	-0,782281517982483			2718,75	0,315158158540726	2718,75	-0,420815885066986					2718,75	-0,584930181503296	
		2721,875	0,730242013931274	2721,875	-0,852012395858765					2721,875	-0,782425284385681			2721,875	0,315897822380066	2721,875	-0,416921138763428					2721,875	-0,58179783821106	
		2725	0,732199132442474	2725	-0,857988655567169					2725	-0,787362813949585			2725	0,317067295312881	2725	-0,416207879781723					2725	-0,5814248919487	
		2728,125	0,734591841697693	2728,125	-0,862196385860443					2728,125	-0,793098449707031			2728,125	0,317396253347397	2728,125	-0,410061717033386					2728,125	-0,576986491680145	
		2731,25	0,733149826526642	2731,25	-0,859415054321289					2731,25	-0,790689289569855			2731,25	0,317400425672531	2731,25	-0,409709811210632					2731,25	-0,576592922210693	
		2734,375	0,729868590831757	2734,375	-0,858257293701172					2734,375	-0,789226770401001			2734,375	0,317118912935257	2734,375	-0,406863540410995					2734,375	-0,573904395103455	
		2737,5	0,730330467224121	2737,5	-0,858246564865112					2737,5	-0,790567994117737			2737,5	0,316719621419907	2737,5	-0,402244329452515					2737,5	-0,5696901679039	
		2740,625	0,731115400791168	2740,625	-0,859345674514771					2740,625	-0,791532218456268			2740,625	0,319278299808502	2740,625	-0,402106046676636					2740,625	-0,570419430732727	
		2743,75	0,733730018138886	2743,75	-0,865912616252899					2743,75	-0,797201812267303			2743,75	0,319759100675583	2743,75	-0,402583092451096					2743,75	-0,571954131126404	
		2746,875	0,730836093425751	2746,875	-0,865455627441406					2746,875	-0,798201203346252			2746,875	0,319419056177139	2746,875	-0,396870493888855					2746,875	-0,567243874073029	
		2750	0,728351175785065	2750	-0,860906422138214					2750	-0,795675814151764			2750	0,318531662225723	2750	-0,389437347650528					2750	-0,559193074703217	
		2753,125	0,730720221996307	2753,125	-0,863300621509552					2753,125	-0,796876549720764			2753,125	0,320089071989059	2753,125	-0,390818864107132					2753,125	-0,56187117099762	
		2756,25	0,730984389781952	2756,25	-0,870751202106476					2756,25	-0,804624676704407			2756,25	0,317045450210571	2756,25	-0,382559239864349					2756,25	-0,555999934673309	
		2759,375	0,730010271072388	2759,375	-0,870175659656525					2759,375	-0,80406254529953			2759,375	0,319436192512512	2759,375	-0,383196979761124					2759,375	-0,55650806427002	
		2762,5	0,728938281536102	2762,5	-0,86739706993103					2762,5	-0,801950395107269			2762,5	0,318489104509354	2762,5	-0,378987818956375					2762,5	-0,551860332489014	
		2765,625	0,729045987129211	2765,625	-0,868204176425934					2765,625	-0,802471399307251			2765,625	0,320508509874344	2765,625	-0,380071669816971					2765,625	-0,552341222763062	
		2768,75	0,732001781463623	2768,75	-0,876232147216797					2768,75	-0,810146331787109			2768,75	0,32053679227829	2768,75	-0,378112286329269					2768,75	-0,552532076835632	
		2771,875	0,72911012172699	2771,875	-0,87533974647522					2771,875	-0,81049656867981			2771,875	0,318647593259811	2771,875	-0,369520992040634					2771,875	-0,545613646507263	
		2775	0,729578077793121	2775	-0,873243510723114					2775	-0,808768630027771			2775	0,318758308887482	2775	-0,366385132074356					2775	-0,540959060192108	
		2778,125	0,728015959262848	2778,125	-0,872541785240173					2778,125	-0,808224439620972			2778,125	0,318975538015366	2778,125	-0,364839375019073					2778,125	-0,539982497692108	
		2781,25	0,728899419307709	2781,25	-0,875949680805206					2781,25	-0,812998414039612			2781,25	0,319187194108963	2781,25	-0,359824657440186					2781,25	-0,536621272563934	
		2784,375	0,726939499378204	2784,375	-0,873139441013336					2784,375	-0,811007857322693			2784,375	0,320210486650467	2784,375	-0,358029454946518					2784,375	-0,534661173820496	
		2787,5	0,72465443611145	2787,5	-0,871510982513428					2787,5	-0,809658169746399			2787,5	0,319276511669159	2787,5	-0,353344351053238					2787,5	-0,530305981636047	
		2790,625	0,726924955844879	2790,625	-0,87632143497467					2790,625	-0,814627826213837			2790,625	0,318309158086777	2790,625	-0,350659668445587					2790,625	-0,528381526470184	
		2793,75	0,726790428161621	2793,75	-0,876862049102783					2793,75	-0,815195143222809			2793,75	0,319780200719833	2793,75	-0,349857598543167					2793,75	-0,52804034948349	
		2796,875	0,726904690265656	2796,875	-0,878799796104431					2796,875	-0,817148745059967			2796,875	0,320717692375183	2796,875	-0,3478624522686					2796,875	-0,527255833148956	
		2800	0,727421700954437	2800	-0,882417798042297					2800	-0,819778025150299			2800	0,320602089166641	2800	-0,347196191549301					2800	-0,528644680976868	
		2803,125	0,729381501674652	2803,125	-0,888284027576447					2803,125	-0,825259506702423			2803,125	0,322526216506958	2803,125	-0,347370892763138					2803,125	-0,530207395553589	
		2806,25	0,726775467395782	2806,25	-0,879694938659668					2806,25	-0,81866443157196			2806,25	0,319442629814148	2806,25	-0,339412540197372					2806,25	-0,520488500595093	
		2809,375	0,726446688175201	2809,375	-0,883799016475677					2809,375	-0,822119832038879			2809,375	0,321275562047958	2809,375	-0,341884285211563					2809,375	-0,524252533912659	
		2812,5	0,727595269680023	2812,5	-0,889655411243439					2812,5	-0,830099701881409			2812,5	0,320378839969635	2812,5	-0,333251774311066					2812,5	-0,517780303955078	
		2815,625	0,726298391819	2815,625	-0,887524425983429					2815,625	-0,829167246818542			2815,625	0,320285737514496	2815,625	-0,325981378555298					2815,625	-0,510722994804382	
		2818,75	0,724678456783295	2818,75	-0,883175075054169					2818,75	-0,825082123279572			2818,75	0,320463895797729	2818,75	-0,32424932718277					2818,75	-0,507841169834137	
		2821,875	0,725154340267181	2821,875	-0,88355940580368					2821,875	-0,826397359371185			2821,875	0,319907546043396	2821,875	-0,321896910667419					2821,875	-0,505764544010162	
		2825	0,722806036472321	2825	-0,879876732826233					2825	-0,821351885795593			2825	0,320651590824127	2825	-0,323647975921631					2825	-0,505879998207092	
		2828,125	0,72298389673233	2828,125	-0,881959140300751					2828,125	-0,824713110923767			2828,125	0,321628004312515	2828,125	-0,320538699626923					2828,125	-0,503821492195129	
		2831,25	0,725243389606476	2831,25	-0,884662985801697					2831,25	-0,830952644348145			2831,25	0,319317072629929	2831,25	-0,308068096637726					2831,25	-0,493393212556839	
		2834,375	0,722345173358917	2834,375	-0,882759571075439					2834,375	-0,827869594097137			2834,375	0,319695651531219	2834,375	-0,308887004852295					2834,375	-0,494232445955276	
		2837,5	0,725640177726746	2837,5	-0,889726936817169					2837,5	-0,835010170936584			2837,5	0,320497125387192	2837,5	-0,308296471834183					2837,5	-0,494964122772217	
		2840,625	0,724606931209564	2840,625	-0,890347361564636					2840,625	-0,835218012332916			2840,625	0,320705711841583	2840,625	-0,307733207941055					2840,625	-0,49462366104126	
		2843,75	0,720626831054688	2843,75	-0,883720636367798					2843,75	-0,829689025878906			2843,75	0,320986837148666	2843,75	-0,304438918828964					2843,75	-0,490061432123184	
		2846,875	0,722631633281708	2846,875	-0,884609937667847					2846,875	-0,832523345947266			2846,875	0,319043546915054	2846,875	-0,295323044061661					2846,875	-0,481579512357712	
		2850	0,720390379428864	2850	-0,884591937065125					2850	-0,831753492355347			2850	0,319971859455109	2850	-0,297261625528336					2850	-0,484156608581543	
		2853,125	0,718177914619446	2853,125	-0,884500443935394					2853,125	-0,831532299518585			2853,125	0,319804966449738	2853,125	-0,295072078704834					2853,125	-0,482071816921234	
		2856,25	0,719452142715454	2856,25	-0,88737952709198					2856,25	-0,835314035415649			2856,25	0,320863306522369	2856,25	-0,294333100318909					2856,25	-0,481953293085098	
		2859,375	0,717938601970673	2859,375	-0,882435858249664					2859,375	-0,832138478755951			2859,375	0,320177555084229	2859,375	-0,288804262876511					2859,375	-0,476348102092743	
		2862,5	0,718601822853088	2862,5	-0,886007964611053					2862,5	-0,834697604179382			2862,5	0,319892883300781	2862,5	-0,287447363138199					2862,5	-0,475921511650085	
		2865,625	0,717585384845734	2865,625	-0,886225283145905					2865,625	-0,835327923297882			2865,625	0,317707419395447	2865,625	-0,283156722784042					2865,625	-0,471579492092133	
		2868,75	0,7171550989151	2868,75	-0,887999176979065					2868,75	-0,836435437202454			2868,75	0,319365262985229	2868,75	-0,285110741853714					2868,75	-0,473652929067612	
		2871,875	0,717951953411102	2871,875	-0,893262982368469					2871,875	-0,841838419437408			2871,875	0,321245193481445	2871,875	-0,283692449331284					2871,875	-0,47366851568222	
		2875	0,716177403926849	2875	-0,889941096305847					2875	-0,840661764144897			2875	0,320076018571854	2875	-0,277523189783096					2875	-0,467283844947815	
		2878,125	0,715372681617737	2878,125	-0,890155613422394					2878,125	-0,840427756309509			2878,125	0,320539236068726	2878,125	-0,275583535432816					2878,125	-0,465667694807053	
		2881,25	0,71560275554657	2881,25	-0,891705513000488					2881,25	-0,84192830324173			2881,25	0,320153564214706	2881,25	-0,274191945791245					2881,25	-0,464140206575394	
		2884,375	0,714520990848541	2884,375	-0,891395807266235					2884,375	-0,841824233531952			2884,375	0,320065766572952	2884,375	-0,27152955532074					2884,375	-0,461460739374161	
		2887,5	0,714550614356995	2887,5	-0,89400041103363					2887,5	-0,844102382659912			2887,5	0,321466535329819	2887,5	-0,270351320505142					2887,5	-0,460916846990585	
		2890,625	0,716014981269836	2890,625	-0,897969543933868					2890,625	-0,849373996257782			2890,625	0,320691734552383	2890,625	-0,265256106853485					2890,625	-0,457027018070221	
		2893,75	0,714413404464722	2893,75	-0,89773815870285					2893,75	-0,849429130554199			2893,75	0,321203738451004	2893,75	-0,264636546373367					2893,75	-0,456213295459747	
		2896,875	0,712323307991028	2896,875	-0,895768046379089					2896,875	-0,847215235233307			2896,875	0,320863634347916	2896,875	-0,263041615486145					2896,875	-0,454637795686722	
		2900	0,711604177951813	2900	-0,896956562995911					2900	-0,849001169204712			2900	0,321575820446014	2900	-0,261239141225815					2900	-0,454286843538284	
		2903,125	0,709858596324921	2903,125	-0,89857292175293					2903,125	-0,851100385189056			2903,125	0,322192758321762	2903,125	-0,256887972354889					2903,125	-0,450991719961166	
		2906,25	0,707948505878448	2906,25	-0,895682334899902					2906,25	-0,84930032491684			2906,25	0,320836573839188	2906,25	-0,251967549324036					2906,25	-0,445108711719513	
		2909,375	0,709192633628845	2909,375	-0,898137450218201					2909,375	-0,851229071617126			2909,375	0,321376413106918	2909,375	-0,25187423825264					2909,375	-0,445733278989792	
		2912,5	0,70665842294693	2912,5	-0,894611060619354					2912,5	-0,847538888454437			2912,5	0,321374297142029	2912,5	-0,250510960817337					2912,5	-0,443289756774902	
		2915,625	0,705828130245209	2915,625	-0,897942006587982					2915,625	-0,852299392223358			2915,625	0,31982433795929	2915,625	-0,243853151798248					2915,625	-0,438111543655396	
		2918,75	0,705892086029053	2918,75	-0,900375008583069					2918,75	-0,854719996452332			2918,75	0,320435434579849	2918,75	-0,240732029080391					2918,75	-0,43614199757576	
		2921,875	0,705598890781403	2921,875	-0,901925384998322					2921,875	-0,855486929416656			2921,875	0,323808372020721	2921,875	-0,243913188576698					2921,875	-0,439760059118271	
		2925	0,706126809120178	2925	-0,907468318939209					2925	-0,861688852310181			2925	0,324170142412186	2925	-0,240909025073051					2925	-0,43756577372551	
		2928,125	0,702288150787354	2928,125	-0,90241813659668					2928,125	-0,857326924800873			2928,125	0,322728008031845	2928,125	-0,236758261919022					2928,125	-0,433212667703629	
		2931,25	0,700961887836456	2931,25	-0,900513172149658					2931,25	-0,856512606143951			2931,25	0,322121232748032	2931,25	-0,23135606944561					2931,25	-0,428786069154739	
		2934,375	0,702322483062744	2934,375	-0,905737102031708					2934,375	-0,861118614673615			2934,375	0,32444167137146	2934,375	-0,230402603745461					2934,375	-0,428656131029129	
		2937,5	0,701784551143646	2937,5	-0,90683913230896					2937,5	-0,862733125686646			2937,5	0,324818909168243	2937,5	-0,226994246244431					2937,5	-0,425605773925781	
		2940,625	0,69873583316803	2940,625	-0,903313159942627					2940,625	-0,859508693218231			2940,625	0,325078368186951	2940,625	-0,224655717611313					2940,625	-0,422852605581284	
		2943,75	0,697141349315643	2943,75	-0,902811348438263					2943,75	-0,860320448875427			2943,75	0,324787169694901	2943,75	-0,221570268273354					2943,75	-0,41954892873764	
		2946,875	0,699433386325836	2946,875	-0,909290254116058					2946,875	-0,867187201976776			2946,875	0,323376506567001	2946,875	-0,216599881649017					2946,875	-0,416772663593292	
		2950	0,698150992393494	2950	-0,909175217151642					2950	-0,866660594940186			2950	0,324885100126266	2950	-0,216983243823051					2950	-0,417304784059525	
		2953,125	0,69669646024704	2953,125	-0,909736454486847					2953,125	-0,868230164051056			2953,125	0,324846237897873	2953,125	-0,211764559149742					2953,125	-0,413054704666138	
		2956,25	0,697459638118744	2956,25	-0,913892328739166					2956,25	-0,872373580932617			2956,25	0,327502340078354	2956,25	-0,21270963549614					2956,25	-0,414841085672379	
		2959,375	0,697472751140594	2959,375	-0,914862096309662					2959,375	-0,874310314655304			2959,375	0,32828351855278	2959,375	-0,207639217376709					2959,375	-0,409296303987503	
		2962,5	0,693888187408447	2962,5	-0,911439001560211					2962,5	-0,871925354003906			2962,5	0,325758039951324	2962,5	-0,20290906727314					2962,5	-0,404891520738602	
		2965,625	0,694428980350494	2965,625	-0,91345602273941					2965,625	-0,874078691005707			2965,625	0,327316671609879	2965,625	-0,201697617769241					2965,625	-0,404176384210587	
		2968,75	0,695120096206665	2968,75	-0,916211843490601					2968,75	-0,877749979496002			2968,75	0,329391866922379	2968,75	-0,197354376316071					2968,75	-0,401496291160584	
		2971,875	0,693979859352112	2971,875	-0,918939173221588					2971,875	-0,880662381649017			2971,875	0,32924896478653	2971,875	-0,193647921085358					2971,875	-0,398807734251022	
		2975	0,69219297170639	2975	-0,916205406188965					2975	-0,87860095500946			2975	0,330601096153259	2975	-0,192342206835747					2975	-0,397674083709717	
		2978,125	0,692379236221313	2978,125	-0,918548047542572					2978,125	-0,880709767341614			2978,125	0,330699592828751	2978,125	-0,188943922519684					2978,125	-0,39492130279541	
		2981,25	0,689823508262634	2981,25	-0,914290487766266					2981,25	-0,877935290336609			2981,25	0,330701321363449	2981,25	-0,183716326951981					2981,25	-0,389561384916306	
		2984,375	0,690831899642944	2984,375	-0,918237447738647					2984,375	-0,882046401500702			2984,375	0,331924289464951	2984,375	-0,180862903594971					2984,375	-0,388304442167282	
		2987,5	0,690321624279022	2987,5	-0,918728053569794					2987,5	-0,883248567581177			2987,5	0,332957327365875	2987,5	-0,177557289600372					2987,5	-0,386597275733948	
		2990,625	0,688995003700256	2990,625	-0,916411459445953					2990,625	-0,881237626075745			2990,625	0,331940114498138	2990,625	-0,173477873206139					2990,625	-0,381038665771484	
		2993,75	0,686897933483124	2993,75	-0,917194664478302					2993,75	-0,882367372512817			2993,75	0,334644049406052	2993,75	-0,171130686998367					2993,75	-0,382058948278427	
		2996,875	0,687073886394501	2996,875	-0,918513953685761					2996,875	-0,883525013923645			2996,875	0,335213959217072	2996,875	-0,169530943036079					2996,875	-0,379278421401978	
		3000	0,686271548271179	3000	-0,917187511920929					3000	-0,883878827095032			3000	0,331653475761414	3000	-0,159046560525894					3000	-0,369574695825577	
		3003,125	0,688332319259644	3003,125	-0,925552845001221					3003,125	-0,89186155796051			3003,125	0,335234880447388	3003,125	-0,161978304386139					3003,125	-0,373138219118118	
		3006,25	0,686796605587006	3006,25	-0,92321765422821					3006,25	-0,890658915042877			3006,25	0,336060553789139	3006,25	-0,158030584454536					3006,25	-0,368730038404465	
		3009,375	0,684191286563873	3009,375	-0,919896960258484					3009,375	-0,887273192405701			3009,375	0,336012274026871	3009,375	-0,154727086424828					3009,375	-0,365651667118073	
		3012,5	0,684535145759583	3012,5	-0,919492483139038					3012,5	-0,886509895324707			3012,5	0,334383606910706	3012,5	-0,151240780949593					3012,5	-0,361911118030548	
		3015,625	0,686351239681244	3015,625	-0,92476212978363					3015,625	-0,893548309803009			3015,625	0,334450095891953	3015,625	-0,145552098751068					3015,625	-0,356926649808884	
		3018,75	0,685077250003815	3018,75	-0,926141083240509					3018,75	-0,893096387386322			3018,75	0,337928086519241	3018,75	-0,147091805934906					3018,75	-0,359360009431839	
		3021,875	0,681995987892151	3021,875	-0,923378169536591					3021,875	-0,889312446117401			3021,875	0,335393458604813	3021,875	-0,139056161046028					3021,875	-0,348966181278229	
		3025	0,68298864364624	3025	-0,922091782093048					3025	-0,893145978450775			3025	0,336586028337479	3025	-0,136204481124878					3025	-0,347316563129425	
		3028,125	0,682343244552612	3028,125	-0,921800494194031					3028,125	-0,893096148967743			3028,125	0,33855128288269	3028,125	-0,135397270321846					3028,125	-0,346533298492432	
		3031,25	0,684913635253906	3031,25	-0,928840577602386					3031,25	-0,901052176952362			3031,25	0,338330030441284	3031,25	-0,130705490708351					3031,25	-0,34279927611351	
		3034,375	0,68016642332077	3034,375	-0,920947551727295					3034,375	-0,893034040927887			3034,375	0,338223993778229	3034,375	-0,132407277822495					3034,375	-0,343236923217773	
		3037,5	0,682119369506836	3037,5	-0,923785328865051					3037,5	-0,899123132228851			3037,5	0,334315031766891	3037,5	-0,120673097670078					3037,5	-0,332597076892853	
		3040,625	0,678162455558777	3040,625	-0,923772692680359					3040,625	-0,899247944355011			3040,625	0,336572080850601	3040,625	-0,120442517101765					3040,625	-0,332990109920502	
		3043,75	0,676811337471008	3043,75	-0,922783136367798					3043,75	-0,898621618747711			3043,75	0,339851349592209	3043,75	-0,12001620978117					3043,75	-0,332805931568146	
		3046,875	0,678695023059845	3046,875	-0,927313506603241					3046,875	-0,903781116008759			3046,875	0,34040966629982	3046,875	-0,115783847868443					3046,875	-0,329136967658997	
		3050	0,6740682721138	3050	-0,922062516212463					3050	-0,898353278636932			3050	0,337809830904007	3050	-0,111755654215813					3050	-0,324447631835938	
		3053,125	0,675142705440521	3053,125	-0,923754096031189					3053,125	-0,901684403419495			3053,125	0,339435935020447	3053,125	-0,106902442872524					3053,125	-0,320503145456314	
		3056,25	0,672583281993866	3056,25	-0,925008594989777					3056,25	-0,903905391693115			3056,25	0,340153217315674	3056,25	-0,101867139339447					3056,25	-0,317185163497925	
		3059,375	0,674302399158478	3059,375	-0,928225874900818					3059,375	-0,907077193260193			3059,375	0,341321468353271	3059,375	-0,100351974368095					3059,375	-0,316190391778946	
		3062,5	0,673680245876312	3062,5	-0,926486551761627					3062,5	-0,906225979328156			3062,5	0,342598050832748	3062,5	-0,0978809371590614					3062,5	-0,31264129281044	
		3065,625	0,671120882034302	3065,625	-0,924343943595886					3065,625	-0,904434502124786			3065,625	0,344992995262146	3065,625	-0,0966797769069672					3065,625	-0,311323940753937	
		3068,75	0,669568657875061	3068,75	-0,924797773361206					3068,75	-0,905641257762909			3068,75	0,344068259000778	3068,75	-0,0913142040371895					3068,75	-0,306891351938248	
		3071,875	0,668089747428894	3071,875	-0,924338042736053					3071,875	-0,905513823032379			3071,875	0,345898747444153	3071,875	-0,0899555161595345					3071,875	-0,305238008499146	
		3075	0,670225322246552	3075	-0,924811661243439					3075	-0,907635629177094			3075	0,345753610134125	3075	-0,0848881304264069					3075	-0,300304532051086	
		3078,125	0,667942047119141	3078,125	-0,921646475791931					3078,125	-0,904879748821259			3078,125	0,344475984573364	3078,125	-0,0816911607980728					3078,125	-0,297185063362122	
		3081,25	0,667232751846313	3081,25	-0,920256376266479					3081,25	-0,904725670814514			3081,25	0,344147264957428	3081,25	-0,0768899396061897					3081,25	-0,292426854372025	
		3084,375	0,665708839893341	3084,375	-0,922895431518555					3084,375	-0,90744936466217			3084,375	0,345353990793228	3084,375	-0,0757364928722382					3084,375	-0,29211038351059	
		3087,5	0,66491836309433	3087,5	-0,922797441482544					3087,5	-0,908739745616913			3087,5	0,348915010690689	3087,5	-0,0739823058247566					3087,5	-0,290441036224365	
		3090,625	0,666190922260284	3090,625	-0,927403688430786					3090,625	-0,91385281085968			3090,625	0,351263523101807	3090,625	-0,0698501169681549					3090,625	-0,288660138845444	
		3093,75	0,668102562427521	3093,75	-0,926473140716553					3093,75	-0,913991749286652			3093,75	0,350957214832306	3093,75	-0,06532072275877					3093,75	-0,282585591077805	
		3096,875	0,664721131324768	3096,875	-0,924212396144867					3096,875	-0,910742223262787			3096,875	0,351324915885925	3096,875	-0,0676704794168472					3096,875	-0,283388793468475	
		3100	0,660942196846008	3100	-0,921827971935272					3100	-0,910450160503387			3100	0,34898379445076	3100	-0,057763833552599					3100	-0,274756491184235	
		3103,125	0,659198939800262	3103,125	-0,922684192657471					3103,125	-0,911045432090759			3103,125	0,351924151182175	3103,125	-0,0549896582961082					3103,125	-0,273721009492874	
		3106,25	0,659741699695587	3106,25	-0,920291364192963					3106,25	-0,911648631095886			3106,25	0,352845937013626	3106,25	-0,0486776269972324					3106,25	-0,265515327453613	
		3109,375	0,659030318260193	3109,375	-0,920614123344421					3109,375	-0,91070568561554			3109,375	0,350196301937103	3109,375	-0,0464029461145401					3109,375	-0,263286411762238	
		3112,5	0,659814774990082	3112,5	-0,9231778383255					3112,5	-0,912625789642334			3112,5	0,354442805051804	3112,5	-0,0484252721071243					3112,5	-0,265575766563416	
		3115,625	0,656912386417389	3115,625	-0,919605731964111					3115,625	-0,910001635551453			3115,625	0,358074307441711	3115,625	-0,045707281678915					3115,625	-0,26238140463829	
		3118,75	0,658149480819702	3118,75	-0,922599375247955					3118,75	-0,912742495536804			3118,75	0,357925772666931	3118,75	-0,041898038238287					3118,75	-0,259117186069489	
		3121,875	0,658507823944092	3121,875	-0,928003668785095					3121,875	-0,91905802488327			3121,875	0,36149400472641	3121,875	-0,0410004965960979					3121,875	-0,262199401855469	
		3125	0,65869665145874	3125	-0,919294238090515					3125	-0,914487361907959			3125	0,357743501663208	3125	-0,0327885895967484					3125	-0,248807370662689	
		3128,125	0,657018780708313	3128,125	-0,919684767723084					3128,125	-0,914145588874817			3128,125	0,360484510660172	3128,125	-0,03620845079422					3128,125	-0,251882553100586	
		3131,25	0,656358122825623	3131,25	-0,917945981025696					3131,25	-0,913492023944855			3131,25	0,361164212226868	3131,25	-0,031255342066288					3131,25	-0,248176738619804	
		3134,375	0,65491133928299	3134,375	-0,91621994972229					3134,375	-0,911340653896332			3134,375	0,363683104515076	3134,375	-0,0248518437147141					3134,375	-0,241381019353867	
		3137,5	0,653137505054474	3137,5	-0,914682149887085					3137,5	-0,908591270446777			3137,5	0,3641656935215	3137,5	-0,0240718554705381					3137,5	-0,240631654858589	
		3140,625	0,653529942035675	3140,625	-0,916177153587341					3140,625	-0,910977244377136			3140,625	0,365050256252289	3140,625	-0,0216002762317657					3140,625	-0,237591430544853	
		3143,75	0,653015196323395	3143,75	-0,914865255355835					3143,75	-0,910574853420258			3143,75	0,369052559137344	3143,75	-0,0235407836735249					3143,75	-0,238980039954185	
		3146,875	0,649951100349426	3146,875	-0,912699222564697					3146,875	-0,910323798656464			3146,875	0,366959601640701	3146,875	-0,0176120214164257					3146,875	-0,232811450958252	
		3150	0,649783909320831	3150	-0,911502778530121					3150	-0,908515214920044			3150	0,367199212312698	3150	-0,0153134213760495					3150	-0,229303270578384	
		3153,125	0,649647653102875	3153,125	-0,914157390594482					3153,125	-0,911629319190979			3153,125	0,367361694574356	3153,125	-0,016508836299181					3153,125	-0,231678545475006	
		3156,25	0,649972498416901	3156,25	-0,913904547691345					3156,25	-0,911380290985107			3156,25	0,368470966815948	3156,25	-0,0127862216904759					3156,25	-0,228943824768066	
		3159,375	0,647406101226807	3159,375	-0,913297951221466					3159,375	-0,913559794425964			3159,375	0,370541721582413	3159,375	-0,00652908068150282					3159,375	-0,223594903945923	
		3162,5	0,644755125045776	3162,5	-0,901242315769196					3162,5	-0,903839349746704			3162,5	0,371549963951111	3162,5	-0,00124231167137623					3162,5	-0,213427186012268	
		3165,625	0,644838869571686	3165,625	-0,901325702667236					3165,625	-0,903212904930115			3165,625	0,372464150190353	3165,625	-0,00294755422510207					3165,625	-0,215248584747314	
		3168,75	0,644376754760742	3168,75	-0,907351076602936					3168,75	-0,907650291919708			3168,75	0,375331878662109	3168,75	-0,00592999393120408					3168,75	-0,222035393118858	
		3171,875	0,644280672073364	3171,875	-0,901980936527252					3171,875	-0,902336835861206			3171,875	0,375168800354004	3171,875	-0,00263659260235727					3171,875	-0,215336933732033	
		3175	0,643964767456055	3175	-0,907608509063721					3175	-0,909514725208282			3175	0,374803811311722	3175	0,0087313698604703					3175	-0,206396773457527	
		3178,125	0,643713653087616	3178,125	-0,909590482711792					3178,125	-0,914399087429047			3178,125	0,374278604984283	3178,125	0,0172155629843473					3178,125	-0,198556691408157	
		3181,25	0,643952906131744	3181,25	-0,907301604747772					3181,25	-0,910182297229767			3181,25	0,380895853042603	3181,25	0,0101756146177649					3181,25	-0,20037579536438	
		3184,375	0,645606815814972	3184,375	-0,90311861038208					3184,375	-0,898873805999756			3184,375	0,38475039601326	3184,375	0,00106969627086073					3184,375	-0,207650229334831	
		3187,5	0,646879196166992	3187,5	-0,912386417388916					3187,5	-0,910545170307159			3187,5	0,383565872907639	3187,5	0,00173647375777364					3187,5	-0,214678198099136	
		3190,625	0,641972422599792	3190,625	-0,904109418392181					3190,625	-0,904883742332459			3190,625	0,383591443300247	3190,625	0,00677390396595001					3190,625	-0,204535111784935	
		3193,75	0,64019113779068	3193,75	-0,90075957775116					3193,75	-0,899974763393402			3193,75	0,386084049940109	3193,75	0,00614420603960752					3193,75	-0,20447626709938	
		3196,875	0,643343150615692	3196,875	-0,906335532665253					3196,875	-0,910651504993439			3196,875	0,38535612821579	3196,875	0,018670815974474					3196,875	-0,193315714597702	
		3200	0,643882393836975	3200	-0,918782293796539					3200	-0,917381107807159			3200	0,389222115278244	3200	0,0080532617866993					3200	-0,206659495830536	
		3203,125	0,642834186553955	3203,125	-0,910739541053772					3203,125	-0,913814902305603			3203,125	0,389838337898254	3203,125	0,0201636645942926					3203,125	-0,194909125566483	
		3206,25	0,642895519733429	3206,25	-0,907823026180267					3206,25	-0,911931991577148			3206,25	0,389383524656296	3206,25	0,0221932008862495					3206,25	-0,195309653878212	
		3209,375	0,641083300113678	3209,375	-0,9092897772789					3209,375	-0,913637518882751			3209,375	0,391513109207153	3209,375	0,0247165746986866					3209,375	-0,19295309484005	
		3212,5	0,641183018684387	3212,5	-0,917994618415833					3212,5	-0,920304417610168			3212,5	0,393121242523193	3212,5	0,0262836348265409					3212,5	-0,191895797848701	
		3215,625	0,640671372413635	3215,625	-0,920501232147217					3215,625	-0,922211050987244			3215,625	0,392611742019653	3215,625	0,025361405685544					3215,625	-0,192546680569649	
		3218,75	0,641539633274078	3218,75	-0,918587923049927					3218,75	-0,92043799161911			3218,75	0,396639078855515	3218,75	0,0210376027971506					3218,75	-0,195606932044029	
		3221,875	0,640595138072968	3221,875	-0,90916383266449					3221,875	-0,911941289901733			3221,875	0,395896315574646	3221,875	0,0235373303294182					3221,875	-0,191276103258133	
		3225	0,641391277313232	3225	-0,911717116832733					3225	-0,915668547153473			3225	0,395440489053726	3225	0,0381600335240364					3225	-0,179305240511894	
		3228,125	0,641473591327667	3228,125	-0,923868656158447					3228,125	-0,928700268268585			3228,125	0,397104799747467	3228,125	0,0413230806589127					3228,125	-0,180267289280891	
		3231,25	0,642473161220551	3231,25	-0,924598038196564					3231,25	-0,931778073310852			3231,25	0,397733181715012	3231,25	0,042898777872324					3231,25	-0,178744331002235	
		3234,375	0,642537474632263	3234,375	-0,930697202682495					3234,375	-0,937270045280457			3234,375	0,400130957365036	3234,375	0,047604288905859					3234,375	-0,176027745008469	
		3237,5	0,642532050609589	3237,5	-0,931447863578796					3237,5	-0,93621701002121			3237,5	0,401900172233582	3237,5	0,0437189601361752					3237,5	-0,179674342274666	
		3240,625	0,643306314945221	3240,625	-0,931073069572449					3240,625	-0,937057435512543			3240,625	0,403853625059128	3240,625	0,0455311946570873					3240,625	-0,178761571645737	
		3243,75	0,642502725124359	3243,75	-0,929149866104126					3243,75	-0,935601472854614			3243,75	0,405315965414047	3243,75	0,0501089319586754					3243,75	-0,173377379775047	
		3246,875	0,641615867614746	3246,875	-0,92927610874176					3246,875	-0,935977339744568			3246,875	0,408119052648544	3246,875	0,0497985891997814					3246,875	-0,171030327677727	
		3250	0,639716029167175	3250	-0,924922466278076					3250	-0,928412139415741			3250	0,409778773784637	3250	0,0458486676216125					3250	-0,172954171895981	
		3253,125	0,645049214363098	3253,125	-0,929628610610962					3253,125	-0,940234422683716			3253,125	0,408898264169693	3253,125	0,0579633004963398					3253,125	-0,162959605455399	
		3256,25	0,642859280109406	3256,25	-0,929761648178101					3256,25	-0,939245283603668			3256,25	0,411430805921555	3256,25	0,0576336868107319					3256,25	-0,163734018802643	
		3259,375	0,642996966838837	3259,375	-0,932555496692657					3259,375	-0,942066013813019			3259,375	0,412494987249374	3259,375	0,0603749454021454					3259,375	-0,163622558116913	
		3262,5	0,642983198165894	3262,5	-0,932781040668488					3262,5	-0,943391680717468			3262,5	0,412280797958374	3262,5	0,0669132545590401					3262,5	-0,158488050103188	
		3265,625	0,642245471477509	3265,625	-0,926027357578278					3265,625	-0,937714636325836			3265,625	0,410844832658768	3265,625	0,0719264596700668					3265,625	-0,150998681783676	
		3268,75	0,643210411071777	3268,75	-0,92797189950943					3268,75	-0,939648449420929			3268,75	0,413245141506195	3268,75	0,0747185200452805					3268,75	-0,148728549480438	
		3271,875	0,643487334251404	3271,875	-0,930848598480225					3271,875	-0,945012748241425			3271,875	0,414616078138351	3271,875	0,0812417343258858					3271,875	-0,143706053495407	
		3275	0,643276572227478	3275	-0,930260300636292					3275	-0,944531440734863			3275	0,414958864450455	3275	0,0903565287590027					3275	-0,134704113006592	
		3278,125	0,641185224056244	3278,125	-0,929015934467316					3278,125	-0,94134795665741			3278,125	0,417546719312668	3278,125	0,0826755687594414					3278,125	-0,141214564442635	
		3281,25	0,644287586212158	3281,25	-0,931744992733002					3281,25	-0,94951343536377			3281,25	0,419519752264023	3281,25	0,0891058221459389					3281,25	-0,136810392141342	
		3284,375	0,644550144672394	3284,375	-0,932823359966278					3284,375	-0,950651347637177			3284,375	0,420401334762573	3284,375	0,091478131711483					3284,375	-0,136209264397621	
		3287,5	0,643544137477875	3287,5	-0,935489296913147					3287,5	-0,950615525245667			3287,5	0,422671467065811	3287,5	0,0904586240649223					3287,5	-0,137752518057823	
		3290,625	0,644553661346436	3290,625	-0,941626667976379					3290,625	-0,959783971309662			3290,625	0,42499652504921	3290,625	0,0989762023091316					3290,625	-0,133129358291626	
		3293,75	0,647434592247009	3293,75	-0,933582961559296					3293,75	-0,956884324550629			3293,75	0,421966701745987	3293,75	0,108003847301006					3293,75	-0,119544588029385	
		3296,875	0,645345985889435	3296,875	-0,931339085102081					3296,875	-0,950828611850739			3296,875	0,421529442071915	3296,875	0,105014748871326					3296,875	-0,121044412255287	
		3300	0,645678043365479	3300	-0,935675144195557					3300	-0,955724000930786			3300	0,423211753368378	3300	0,109728969633579					3300	-0,116820491850376	
		3303,125	0,644808173179626	3303,125	-0,931518793106079					3303,125	-0,953863263130188			3303,125	0,423985332250595	3303,125	0,110662095248699					3303,125	-0,113780692219734	
		3306,25	0,646303355693817	3306,25	-0,93095338344574					3306,25	-0,955570995807648			3306,25	0,425989270210266	3306,25	0,114056922495365					3306,25	-0,112762451171875	
		3309,375	0,647752046585083	3309,375	-0,933889627456665					3309,375	-0,958716154098511			3309,375	0,427711725234985	3309,375	0,119857527315617					3309,375	-0,108645088970661	
		3312,5	0,647192358970642	3312,5	-0,934982180595398					3312,5	-0,958550989627838			3312,5	0,430645018815994	3312,5	0,117889687418938					3312,5	-0,110977165400982	
		3315,625	0,646093726158142	3315,625	-0,932121574878693					3315,625	-0,95602822303772			3315,625	0,430169969797134	3315,625	0,121979489922523					3315,625	-0,106334678828716	
		3318,75	0,646861433982849	3318,75	-0,935642778873444					3318,75	-0,96158641576767			3318,75	0,432194262742996	3318,75	0,126992553472519					3318,75	-0,101574786007404	
		3321,875	0,648860692977905	3321,875	-0,936539173126221					3321,875	-0,964085876941681			3321,875	0,432629346847534	3321,875	0,133587568998337					3321,875	-0,0936977416276932	
		3325	0,650182366371155	3325	-0,93703305721283					3325	-0,965555965900421			3325	0,434340953826904	3325	0,135984644293785					3325	-0,0906285718083382	
		3328,125	0,650780856609344	3328,125	-0,93589049577713					3328,125	-0,963421225547791			3328,125	0,434631198644638	3328,125	0,136260792613029					3328,125	-0,0906017795205116	
		3331,25	0,650605201721191	3331,25	-0,93492865562439					3331,25	-0,963622093200684			3331,25	0,434936076402664	3331,25	0,137883916497231					3331,25	-0,0894216075539589	
		3334,375	0,650422930717468	3334,375	-0,935834944248199					3334,375	-0,966779291629791			3334,375	0,43658435344696	3334,375	0,140905201435089					3334,375	-0,0872636213898659	
		3337,5	0,651156008243561	3337,5	-0,93469774723053					3337,5	-0,968660175800323			3337,5	0,435600101947784	3337,5	0,149613901972771					3337,5	-0,0763096585869789	
		3340,625	0,650458574295044	3340,625	-0,929454326629639					3340,625	-0,962323069572449			3340,625	0,436422854661942	3340,625	0,151862069964409					3340,625	-0,0740754753351212	
		3343,75	0,650961697101593	3343,75	-0,930731654167175					3343,75	-0,965041935443878			3343,75	0,438515394926071	3343,75	0,151932686567307					3343,75	-0,0752732530236244	
		3346,875	0,655985593795776	3346,875	-0,932508289813995					3346,875	-0,968501031398773			3346,875	0,43716749548912	3346,875	0,164605841040611					3346,875	-0,0613030642271042	
		3350	0,656189918518066	3350	-0,93323677778244					3350	-0,968092501163483			3350	0,439293891191483	3350	0,161131098866463					3350	-0,0645782127976418	
		3353,125	0,657459795475006	3353,125	-0,938518524169922					3353,125	-0,974854826927185			3353,125	0,439699798822403	3353,125	0,165086448192596					3353,125	-0,0611801408231258	
		3356,25	0,654182016849518	3356,25	-0,933200359344482					3356,25	-0,96863466501236			3356,25	0,440652817487717	3356,25	0,162852481007576					3356,25	-0,0631802827119827	
		3359,375	0,657788336277008	3359,375	-0,935478746891022					3359,375	-0,971720516681671			3359,375	0,440521240234375	3359,375	0,170382544398308					3359,375	-0,0555519312620163	
		3362,5	0,656933605670929	3362,5	-0,930590212345123					3362,5	-0,967874825000763			3362,5	0,439924955368042	3362,5	0,175544440746307					3362,5	-0,0490869395434856	
		3365,625	0,65518993139267	3365,625	-0,927520394325256					3365,625	-0,964847028255463			3365,625	0,44152694940567	3365,625	0,174777209758759					3365,625	-0,0502545461058617	
		3368,75	0,656202375888824	3368,75	-0,926807463169098					3368,75	-0,964859962463379			3368,75	0,440756618976593	3368,75	0,178545534610748					3368,75	-0,0467847473919392	
		3371,875	0,655272245407104	3371,875	-0,929252743721008					3371,875	-0,967925548553467			3371,875	0,443840563297272	3371,875	0,178744807839394					3371,875	-0,0465966910123825	
		3375	0,653157949447632	3375	-0,927657186985016					3375	-0,966189444065094			3375	0,445837795734406	3375	0,178642079234123					3375	-0,046524815261364	
		3378,125	0,660149753093719	3378,125	-0,928628325462341					3378,125	-0,970560073852539			3378,125	0,442730098962784	3378,125	0,192691266536713					3378,125	-0,0327802039682865	
		3381,25	0,657792448997498	3381,25	-0,927391231060028					3381,25	-0,969231367111206			3381,25	0,444227576255798	3381,25	0,190573140978813					3381,25	-0,0344794094562531	
		3384,375	0,657651543617249	3384,375	-0,926918089389801					3384,375	-0,969976544380188			3384,375	0,444655299186707	3384,375	0,192542806267738					3384,375	-0,0319044627249241	
		3387,5	0,657265424728394	3387,5	-0,920840740203857					3387,5	-0,964424610137939			3387,5	0,443857759237289	3387,5	0,196017414331436					3387,5	-0,0274619311094284	
		3390,625	0,659373879432678	3390,625	-0,924975693225861					3390,625	-0,968789994716644			3390,625	0,446787297725677	3390,625	0,199034973978996					3390,625	-0,0236234422773123	
		3393,75	0,657997369766235	3393,75	-0,921246230602264					3393,75	-0,96632194519043			3393,75	0,443529188632965	3393,75	0,202507898211479					3393,75	-0,020190168172121	
		3396,875	0,658935904502869	3396,875	-0,922260582447052					3396,875	-0,967064142227173			3396,875	0,444469600915909	3396,875	0,203379243612289					3396,875	-0,0195194147527218	
		3400	0,660376489162445	3400	-0,921799302101135					3400	-0,967718243598938			3400	0,444489508867264	3400	0,209421873092651					3400	-0,0125755183398724	
		3403,125	0,660358846187592	3403,125	-0,92454868555069					3403,125	-0,970815479755402			3403,125	0,448321372270584	3403,125	0,210197806358337					3403,125	-0,0127663100138307	
		3406,25	0,6626016497612	3406,25	-0,926696062088013					3406,25	-0,973778426647186			3406,25	0,450371295213699	3406,25	0,213878110051155					3406,25	-0,010544341057539	
		3409,375	0,663126647472382	3409,375	-0,922937572002411					3409,375	-0,971068561077118			3409,375	0,446895182132721	3409,375	0,219044864177704					3409,375	-0,00401116022840142	
		3412,5	0,663217186927795	3412,5	-0,925998747348785					3412,5	-0,974240660667419			3412,5	0,450107336044312	3412,5	0,219526097178459					3412,5	-0,00483753019943833	
		3415,625	0,665707468986511	3415,625	-0,927525818347931					3415,625	-0,977760195732117			3415,625	0,450942665338516	3415,625	0,223246037960052					3415,625	-0,000663438870105892	
		3418,75	0,663314819335938	3418,75	-0,921684324741364					3418,75	-0,971920430660248			3418,75	0,448071718215942	3418,75	0,227094650268555					3418,75	0,00476057175546885	
		3421,875	0,661668360233307	3421,875	-0,92133754491806					3421,875	-0,971580028533936			3421,875	0,451393842697144	3421,875	0,22592605650425					3421,875	0,00372004858218133	
		3425	0,661807537078857	3425	-0,921804487705231					3425	-0,972218871116638			3425	0,452954173088074	3425	0,22710508108139					3425	0,00603246130049229	
		3428,125	0,66415011882782	3428,125	-0,918897569179535					3428,125	-0,971438944339752			3428,125	0,448967427015305	3428,125	0,235273480415344					3428,125	0,0143703855574131	
		3431,25	0,663078248500824	3431,25	-0,91791307926178					3431,25	-0,970284879207611			3431,25	0,449810951948166	3431,25	0,235726982355118					3431,25	0,014834251254797	
		3434,375	0,664117991924286	3434,375	-0,91877144575119					3434,375	-0,972220063209534			3434,375	0,451755523681641	3434,375	0,238672986626625					3434,375	0,0175478104501963	
		3437,5	0,668163359165192	3437,5	-0,91944807767868					3437,5	-0,974293649196625			3437,5	0,450797408819199	3437,5	0,244459360837936					3437,5	0,0235291421413422	
		3440,625	0,668438613414764	3440,625	-0,920123398303986					3440,625	-0,975162386894226			3440,625	0,450904488563538	3440,625	0,247347816824913					3440,625	0,0263723228126764	
		3443,75	0,666734755039215	3443,75	-0,919423460960388					3443,75	-0,974442660808563			3443,75	0,452303230762482	3443,75	0,24698169529438					3443,75	0,0262677595019341	
		3446,875	0,664940059185028	3446,875	-0,914026856422424					3446,875	-0,970605432987213			3446,875	0,449401080608368	3446,875	0,251476734876633					3446,875	0,0322960130870342	
		3450	0,666379988193512	3450	-0,913288354873657					3450	-0,971004605293274			3450	0,449029684066772	3450	0,254975020885468					3450	0,0359736233949661	
		3453,125	0,666918396949768	3453,125	-0,913835644721985					3453,125	-0,971472501754761			3453,125	0,450522571802139	3453,125	0,255887985229492					3453,125	0,0362903848290443	
		3456,25	0,667972326278687	3456,25	-0,915580153465271					3456,25	-0,973608613014221			3456,25	0,450782924890518	3456,25	0,260106146335602					3456,25	0,0400274731218815	
		3459,375	0,667076110839844	3459,375	-0,914938569068909					3459,375	-0,973629772663116			3459,375	0,452259808778763	3459,375	0,260941088199615					3459,375	0,0419720597565174	
		3462,5	0,665947020053864	3462,5	-0,909953773021698					3462,5	-0,969672679901123			3462,5	0,450460135936737	3462,5	0,265247464179993					3462,5	0,047908890992403	
		3465,625	0,665770292282104	3465,625	-0,910384893417358					3465,625	-0,970500111579895			3465,625	0,451874375343323	3465,625	0,265508085489273					3465,625	0,0480217151343822	
		3468,75	0,669793665409088	3468,75	-0,913836419582367					3468,75	-0,975110352039337			3468,75	0,453553706407547	3468,75	0,269859969615936					3468,75	0,0511341243982315	
		3471,875	0,667461633682251	3471,875	-0,912732660770416					3471,875	-0,974260449409485			3471,875	0,454509556293488	3471,875	0,271794021129608					3471,875	0,0534577295184135	
		3475	0,668809652328491	3475	-0,911504447460175					3475	-0,973462820053101			3475	0,453190535306931	3475	0,277543067932129					3475	0,0603884384036064	
		3478,125	0,667414963245392	3478,125	-0,910693109035492					3478,125	-0,972112536430359			3478,125	0,454106450080872	3478,125	0,274992078542709					3478,125	0,0571067668497562	
		3481,25	0,666163504123688	3481,25	-0,902196943759918					3481,25	-0,965210616588593			3481,25	0,449333727359772	3481,25	0,281762391328812					3481,25	0,0661875903606415	
		3484,375	0,665716886520386	3484,375	-0,903697192668915					3484,375	-0,966691792011261			3484,375	0,450910359621048	3484,375	0,28218948841095					3484,375	0,0667520985007286	
		3487,5	0,667395949363709	3487,5	-0,907565236091614					3487,5	-0,971512377262115			3487,5	0,452848345041275	3487,5	0,284517049789429					3487,5	0,0671368986368179	
		3490,625	0,66816234588623	3490,625	-0,906881392002106					3490,625	-0,971618592739105			3490,625	0,45111420750618	3490,625	0,289321273565292					3490,625	0,0731027722358704	
		3493,75	0,670194566249847	3493,75	-0,907885789871216					3493,75	-0,973268806934357			3493,75	0,452887922525406	3493,75	0,292304396629334					3493,75	0,0763532519340515	
		3496,875	0,668232619762421	3496,875	-0,903236627578735					3496,875	-0,969191789627075			3496,875	0,452951192855835	3496,875	0,290337026119232					3496,875	0,0760808438062668	
		3500	0,670017659664154	3500	-0,903748571872711					3500	-0,971101880073547			3500	0,451422780752182	3500	0,299740791320801					3500	0,0849906876683235	
		3503,125	0,668376922607422	3503,125	-0,903789818286896					3503,125	-0,970851182937622			3503,125	0,452263832092285	3503,125	0,299216777086258					3503,125	0,0842890962958336	
		3506,25	0,67113471031189	3506,25	-0,905525386333466					3506,25	-0,972806572914124			3506,25	0,454065918922424	3506,25	0,302266478538513					3506,25	0,0871291160583496	
		3509,375	0,66871851682663	3509,375	-0,903022646903992					3509,375	-0,9706791639328			3509,375	0,455034136772156	3509,375	0,301761120557785					3509,375	0,0877890139818192	
		3512,5	0,666329383850098	3512,5	-0,897405445575714					3512,5	-0,965987324714661			3512,5	0,450699597597122	3512,5	0,306305170059204					3512,5	0,0944539681077003	
		3515,625	0,666625022888184	3515,625	-0,894358158111572					3515,625	-0,963277578353882			3515,625	0,448967456817627	3515,625	0,308392316102982					3515,625	0,0973655134439468	
		3518,75	0,667065501213074	3518,75	-0,897281348705292					3518,75	-0,966782450675964			3518,75	0,453224897384644	3518,75	0,309080898761749					3518,75	0,0973532125353813	
		3521,875	0,666699290275574	3521,875	-0,89663553237915					3521,875	-0,967712223529816			3521,875	0,451708763837814	3521,875	0,314195603132248					3521,875	0,101898290216923	
		3525	0,667433261871338	3525	-0,895049571990967					3525	-0,966617524623871			3525	0,449346721172333	3525	0,318494319915771					3525	0,106652334332466	
		3528,125	0,669268608093262	3528,125	-0,897644817829132					3528,125	-0,970644176006317			3528,125	0,451023787260056	3528,125	0,320897042751312					3528,125	0,109137997031212	
		3531,25	0,67109215259552	3531,25	-0,899957656860352					3531,25	-0,973592936992645			3531,25	0,452527582645416	3531,25	0,323990017175674					3531,25	0,112058892846107	
		3534,375	0,66798210144043	3534,375	-0,89631187915802					3534,375	-0,968871891498566			3534,375	0,453379184007645	3534,375	0,323110699653625					3534,375	0,1127675101161	
		3537,5	0,664940893650055	3537,5	-0,891336262226105					3537,5	-0,964199483394623			3537,5	0,451589465141296	3537,5	0,32619372010231					3537,5	0,117301404476166	
		3540,625	0,666320979595184	3540,625	-0,891988694667816					3540,625	-0,966148138046265			3540,625	0,450764864683151	3540,625	0,329007655382156					3540,625	0,120453581213951	
		3543,75	0,666079461574554	3543,75	-0,890842735767365					3543,75	-0,965239346027374			3543,75	0,451177358627319	3543,75	0,330795109272003					3543,75	0,122463338077068	
		3546,875	0,663194477558136	3546,875	-0,889355719089508					3546,875	-0,963792145252228			3546,875	0,45231294631958	3546,875	0,331172734498978					3546,875	0,123100191354752	
		3550	0,664674341678619	3550	-0,88840514421463					3550	-0,96425074338913			3550	0,449888378381729	3550	0,336600482463837					3550	0,129580140113831	
		3553,125	0,663343489170074	3553,125	-0,888425350189209					3553,125	-0,963951051235199			3553,125	0,451775461435318	3553,125	0,335951149463654					3553,125	0,129164353013039	
		3556,25	0,664828538894653	3556,25	-0,888175129890442					3556,25	-0,965328335762024			3556,25	0,451213389635086	3556,25	0,340204209089279					3556,25	0,133804887533188	
		3559,375	0,664201557636261	3559,375	-0,887046158313751					3559,375	-0,965417385101318			3559,375	0,451257944107056	3559,375	0,34298911690712					3559,375	0,136052966117859	
		3562,5	0,665794909000397	3562,5	-0,889321863651276					3562,5	-0,968420445919037			3562,5	0,453093647956848	3562,5	0,346413314342499					3562,5	0,138908386230469	
		3565,625	0,664328038692474	3565,625	-0,88762640953064					3565,625	-0,966299176216125			3565,625	0,452006310224533	3565,625	0,349275678396225					3565,625	0,142823100090027	
		3568,75	0,662298440933228	3568,75	-0,885873973369598					3568,75	-0,965132474899292			3568,75	0,452190667390823	3568,75	0,350442111492157					3568,75	0,143889665603638	
		3571,875	0,665228128433228	3571,875	-0,88784396648407					3571,875	-0,968739748001099			3571,875	0,450222313404083	3571,875	0,357126653194427					3571,875	0,149351447820663	
		3575	0,666309356689453	3575	-0,889714658260345					3575	-0,970199525356293			3575	0,451278418302536	3575	0,35890257358551					3575	0,152675867080688	
		3578,125	0,665424466133118	3578,125	-0,88835346698761					3578,125	-0,970427811145782			3578,125	0,452274531126022	3578,125	0,361181080341339					3578,125	0,156370028853416	
		3581,25	0,664959669113159	3581,25	-0,886378169059753					3581,25	-0,969100773334503			3581,25	0,452419728040695	3581,25	0,364898800849915					3581,25	0,161133289337158	
		3584,375	0,662686169147491	3584,375	-0,881794214248657					3584,375	-0,964577555656433			3584,375	0,451209366321564	3584,375	0,367370933294296					3584,375	0,164992734789848	
		3587,5	0,660571932792664	3587,5	-0,878932476043701					3587,5	-0,96269279718399			3587,5	0,450811862945557	3587,5	0,368313372135162					3587,5	0,16678948700428	
		3590,625	0,661627292633057	3590,625	-0,880807340145111					3590,625	-0,964102745056152			3590,625	0,452224642038345	3590,625	0,371173918247223					3590,625	0,168363720178604	
		3593,75	0,662805616855621	3593,75	-0,879638493061066					3593,75	-0,962856888771057			3593,75	0,453156054019928	3593,75	0,373671472072601					3593,75	0,172196730971336	
		3596,875	0,662375450134277	3596,875	-0,879334986209869					3596,875	-0,962448954582214			3596,875	0,453759044408798	3596,875	0,374207019805908					3596,875	0,172905564308167	
		3600	0,661584377288818	3600	-0,878784000873566					3600	-0,963163197040558			3600	0,45237198472023	3600	0,379640191793442					3600	0,178255096077919	
		3603,125	0,660917997360229	3603,125	-0,874175608158112					3603,125	-0,959469854831696			3603,125	0,450328439474106	3603,125	0,38240909576416					3603,125	0,182722225785255	
		3606,25	0,659263968467712	3606,25	-0,87570059299469					3606,25	-0,960097789764404			3606,25	0,453826487064362	3606,25	0,379388302564621					3606,25	0,18025466799736	
		3609,375	0,65915983915329	3609,375	-0,870988368988037					3609,375	-0,957291781902313			3609,375	0,450531721115112	3609,375	0,387181520462036					3609,375	0,18928836286068	
		3612,5	0,657828867435455	3612,5	-0,870492279529572					3612,5	-0,957195043563843			3612,5	0,451401114463806	3612,5	0,388547241687775					3612,5	0,190592899918556	
		3615,625	0,658428490161896	3615,625	-0,873590350151062					3615,625	-0,959860146045685			3615,625	0,453974217176437	3615,625	0,389662086963654					3615,625	0,191034436225891	
		3618,75	0,656705975532532	3618,75	-0,869696915149689					3618,75	-0,956526756286621			3618,75	0,451934278011322	3618,75	0,391527414321899					3618,75	0,194888010621071	
		3621,875	0,654652774333954	3621,875	-0,868211030960083					3621,875	-0,954444229602814			3621,875	0,453100979328156	3621,875	0,391823291778564					3621,875	0,195553079247475	
		3625	0,654048681259155	3625	-0,865420162677765					3625	-0,952785193920136			3625	0,452534317970276	3625	0,395831793546677					3625	0,200029015541077	
		3628,125	0,654531538486481	3628,125	-0,867644429206848					3628,125	-0,956169545650482			3628,125	0,451833784580231	3628,125	0,399793475866318					3628,125	0,202848792076111	
		3631,25	0,655856549739838	3631,25	-0,86565089225769					3631,25	-0,955510497093201			3631,25	0,451055407524109	3631,25	0,404627591371536					3631,25	0,209406986832619	
		3634,375	0,65547651052475	3634,375	-0,867171585559845					3634,375	-0,956514358520508			3634,375	0,453363358974457	3634,375	0,405026227235794					3634,375	0,210188671946526	
		3637,5	0,652393519878387	3637,5	-0,86525022983551					3637,5	-0,95371949672699			3637,5	0,453560173511505	3637,5	0,404233425855637					3637,5	0,209926396608353	
		3640,625	0,64998471736908	3640,625	-0,859590768814087					3640,625	-0,948863089084625			3640,625	0,45191290974617	3640,625	0,406462430953979					3640,625	0,212877988815308	
		3643,75	0,650955438613892	3643,75	-0,859104573726654					3643,75	-0,949489653110504			3643,75	0,452481806278229	3643,75	0,410125941038132					3643,75	0,217730015516281	
		3646,875	0,648758292198181	3646,875	-0,857996821403503					3646,875	-0,94904363155365			3646,875	0,452854931354523	3646,875	0,410287350416183					3646,875	0,218648865818977	
		3650	0,649313747882843	3650	-0,859971821308136					3650	-0,951403439044952			3650	0,453163176774979	3650	0,414713114500046					3650	0,222073912620544	
		3653,125	0,647893071174622	3653,125	-0,855026483535767					3653,125	-0,946525692939758			3653,125	0,452761769294739	3653,125	0,416627943515778					3653,125	0,225239455699921	
		3656,25	0,646397113800049	3656,25	-0,854427576065063					3656,25	-0,945967197418213			3656,25	0,453718155622482	3656,25	0,418073803186417					3656,25	0,227659001946449	
		3659,375	0,647270321846008	3659,375	-0,857459843158722					3659,375	-0,949129402637482			3659,375	0,455430239439011	3659,375	0,419954389333725					3659,375	0,229414626955986	
		3662,5	0,647279560565948	3662,5	-0,856191515922546					3662,5	-0,949276745319366			3662,5	0,455232232809067	3662,5	0,422792613506317					3662,5	0,232732504606247	
		3665,625	0,646925389766693	3665,625	-0,859872817993164					3665,625	-0,952600955963135			3665,625	0,459606200456619	3665,625	0,421711325645447					3665,625	0,231236636638641	
		3668,75	0,647052705287933	3668,75	-0,85394012928009					3668,75	-0,94777774810791			3668,75	0,454557806253433	3668,75	0,43075230717659					3668,75	0,241498008370399	
		3671,875	0,642338156700134	3671,875	-0,850888848304749					3671,875	-0,943988978862762			3671,875	0,455675423145294	3671,875	0,428624004125595					3671,875	0,24008172750473	
		3675	0,643022298812866	3675	-0,851642668247223					3675	-0,94584983587265			3675	0,456951588392258	3675	0,432271748781204					3675	0,243739828467369	
		3678,125	0,642575562000275	3678,125	-0,850512444972992					3678,125	-0,945224285125732			3678,125	0,457537651062012	3678,125	0,434531182050705					3678,125	0,247022807598114	
		3681,25	0,640030562877655	3681,25	-0,853857755661011					3681,25	-0,946843564510345			3681,25	0,462170749902725	3681,25	0,430897444486618					3681,25	0,243370518088341	
		3684,375	0,64047509431839	3684,375	-0,842358648777008					3684,375	-0,938069641590118			3684,375	0,452738463878632	3684,375	0,442212551832199					3684,375	0,257172673940659	
		3687,5	0,638387739658356	3687,5	-0,845300912857056					3687,5	-0,941006183624268			3687,5	0,457565009593964	3687,5	0,438227981328964					3687,5	0,252888560295105	
		3690,625	0,637603878974915	3690,625	-0,846157312393188					3690,625	-0,942074239253998			3690,625	0,459407299757004	3690,625	0,440312117338181					3690,625	0,254020750522614	
		3693,75	0,638593971729279	3693,75	-0,844834804534912					3693,75	-0,941733598709106			3693,75	0,458795368671417	3693,75	0,445193529129028					3693,75	0,259790986776352	
		3696,875	0,63802707195282	3696,875	-0,846951842308044					3696,875	-0,943837821483612			3696,875	0,46158891916275	3696,875	0,445530474185944					3696,875	0,260239243507385	
		3700	0,63547420501709	3700	-0,843864440917969					3700	-0,940959870815277			3700	0,46124479174614	3700	0,446122080087662					3700	0,261614292860031	
		3703,125	0,634387135505676	3703,125	-0,838631272315979					3703,125	-0,936088979244232			3703,125	0,459922581911087	3703,125	0,449480056762695					3703,125	0,266511142253876	
		3706,25	0,636670768260956	3706,25	-0,841095209121704					3706,25	-0,939655959606171			3706,25	0,461378335952759	3706,25	0,455440819263458					3706,25	0,272771775722504	
		3709,375	0,634581387042999	3709,375	-0,841232180595398					3709,375	-0,938980042934418			3709,375	0,464389353990555	3709,375	0,453982621431351					3709,375	0,271401315927505	
		3712,5	0,632070004940033	3712,5	-0,83643114566803					3712,5	-0,934613168239594			3712,5	0,463297665119171	3712,5	0,455658763647079					3712,5	0,274871528148651	
		3715,625	0,630120635032654	3715,625	-0,832296967506409					3715,625	-0,930969595909119			3715,625	0,460963129997253	3715,625	0,457811534404755					3715,625	0,277844339609146	
		3718,75	0,633109927177429	3718,75	-0,837918877601624					3718,75	-0,937768578529358			3718,75	0,465037643909454	3718,75	0,465020596981049					3718,75	0,283897191286087	
		3721,875	0,631823241710663	3721,875	-0,835424244403839					3721,875	-0,934834957122803			3721,875	0,464626282453537	3721,875	0,465963870286942					3721,875	0,285536080598831	
		3725	0,630868375301361	3725	-0,836026728153229					3725	-0,934994876384735			3725	0,467693328857422	3725	0,465560346841812					3725	0,285994529724121	
		3728,125	0,630360901355743	3728,125	-0,831075489521027					3728,125	-0,931400418281555			3728,125	0,465795636177063	3728,125	0,468364655971527					3728,125	0,290276169776917	
		3731,25	0,628796339035034	3731,25	-0,832108318805695					3731,25	-0,933072626590729			3731,25	0,468334197998047	3731,25	0,468548506498337					3731,25	0,290824115276337	
		3734,375	0,628363609313965	3734,375	-0,829044044017792					3734,375	-0,930033087730408			3734,375	0,46705362200737	3734,375	0,472588777542114					3734,375	0,295528501272202	
		3737,5	0,626606047153473	3737,5	-0,830024242401123					3737,5	-0,930906057357788			3737,5	0,470326960086823	3737,5	0,47214263677597					3737,5	0,294795483350754	
		3740,625	0,629330337047577	3740,625	-0,828672647476196					3740,625	-0,930696725845337			3740,625	0,469436436891556	3740,625	0,478987276554108					3740,625	0,303299605846405	
		3743,75	0,627222657203674	3743,75	-0,827719867229462					3743,75	-0,929037928581238			3743,75	0,470700144767761	3743,75	0,478609442710876					3743,75	0,303304344415665	
		3746,875	0,625296473503113	3746,875	-0,827982068061829					3746,875	-0,929341673851013			3746,875	0,473333269357681	3746,875	0,478745371103287					3746,875	0,303505063056946	
		3750	0,626125395298004	3750	-0,825271487236023					3750	-0,927898526191711			3750	0,472661346197128	3750	0,48396372795105					3750	0,309592545032501	
		3753,125	0,624565482139587	3753,125	-0,823465585708618					3753,125	-0,925823390483856			3753,125	0,473469316959381	3753,125	0,484065920114517					3753,125	0,310472100973129	
		3756,25	0,623924851417542	3756,25	-0,822124004364014					3756,25	-0,924762666225433			3756,25	0,473676115274429	3756,25	0,486506015062332					3756,25	0,313771367073059	
		3759,375	0,622425079345703	3759,375	-0,818801462650299					3759,375	-0,921620905399323			3759,375	0,474299430847168	3759,375	0,487301498651505					3759,375	0,315159648656845	
		3762,5	0,621300935745239	3762,5	-0,823653817176819					3762,5	-0,926311075687408			3762,5	0,479686558246613	3762,5	0,486022472381592					3762,5	0,313251882791519	
		3765,625	0,624484777450562	3765,625	-0,815420746803284					3765,625	-0,919214248657227			3765,625	0,473199516534805	3765,625	0,496294915676117					3765,625	0,326122015714645	
		3768,75	0,620890200138092	3768,75	-0,817290723323822					3768,75	-0,920448780059814			3768,75	0,477786302566528	3768,75	0,492314487695694					3768,75	0,32185423374176	
		3771,875	0,619335234165192	3771,875	-0,8140709400177					3771,875	-0,917476117610931			3771,875	0,477595239877701	3771,875	0,494037866592407					3771,875	0,324078887701035	
		3775	0,61981338262558	3775	-0,815431118011475					3775	-0,919301509857178			3775	0,48005998134613	3775	0,496673315763474					3775	0,326821595430374	
		3778,125	0,619316399097443	3778,125	-0,812870025634766					3778,125	-0,916882574558258			3778,125	0,479760825634003	3778,125	0,499224931001663					3778,125	0,330655217170715	
		3781,25	0,620143353939056	3781,25	-0,811398208141327					3781,25	-0,916288673877716			3781,25	0,480200201272964	3781,25	0,503601968288422					3781,25	0,335631608963013	
		3784,375	0,619835376739502	3784,375	-0,813984632492065					3784,375	-0,918653309345245			3784,375	0,484217137098312	3784,375	0,503622651100159					3784,375	0,335355937480927	
		3787,5	0,622173070907593	3787,5	-0,81313568353653					3787,5	-0,918935179710388			3787,5	0,484963566064835	3787,5	0,508936822414398					3787,5	0,341327577829361	
		3790,625	0,619294404983521	3790,625	-0,811453700065613					3790,625	-0,916918098926544			3790,625	0,486542195081711	3790,625	0,50713986158371					3790,625	0,340125024318695	
		3793,75	0,619282186031342	3793,75	-0,805440664291382					3793,75	-0,91151762008667			3793,75	0,48300638794899	3793,75	0,511196196079254					3793,75	0,34612712264061	
		3796,875	0,616941690444946	3796,875	-0,805480122566223					3796,875	-0,911005020141602			3796,875	0,485615283250809	3796,875	0,509506106376648					3796,875	0,344967603683472	
		3800	0,615230560302734	3800	-0,801735937595367					3800	-0,907420694828033			3800	0,485037505626678	3800	0,510786235332489					3800	0,346891045570374	
		3803,125	0,616909980773926	3803,125	-0,803121745586395					3803,125	-0,908864915370941			3803,125	0,487727493047714	3803,125	0,514395952224731					3803,125	0,350859969854355	
		3806,25	0,618192493915558	3806,25	-0,805556774139404					3806,25	-0,911329507827759			3806,25	0,490953534841537	3806,25	0,516864418983459					3806,25	0,353475660085678	
		3809,375	0,61752712726593	3809,375	-0,801599144935608					3809,375	-0,908173263072968			3809,375	0,489391922950745	3809,375	0,518549084663391					3809,375	0,356507509946823	
		3812,5	0,616662621498108	3812,5	-0,798748552799225					3812,5	-0,905447602272034			3812,5	0,489184021949768	3812,5	0,519777119159698					3812,5	0,358802258968353	
		3815,625	0,614845037460327	3815,625	-0,796576321125031					3815,625	-0,902463495731354			3815,625	0,490200996398926	3815,625	0,519323766231537					3815,625	0,358881711959839	
		3818,75	0,616729259490967	3818,75	-0,798282980918884					3818,75	-0,904764592647552			3818,75	0,492873042821884	3818,75	0,523790717124939					3818,75	0,363364189863205	
		3821,875	0,614717602729797	3821,875	-0,795697271823883					3821,875	-0,902253687381744			3821,875	0,493066966533661	3821,875	0,524034321308136					3821,875	0,364484876394272	
		3825	0,613864302635193	3825	-0,796326041221619					3825	-0,903408408164978			3825	0,495991855859756	3825	0,524405181407928					3825	0,36516734957695	
		3828,125	0,616634607315063	3828,125	-0,794347107410431					3828,125	-0,902166843414307			3828,125	0,495482593774796	3828,125	0,530058443546295					3828,125	0,371887117624283	
		3831,25	0,616743087768555	3831,25	-0,79372650384903					3831,25	-0,901283919811249			3831,25	0,496858716011047	3831,25	0,531109750270844					3831,25	0,373312801122665	
		3834,375	0,618496239185333	3834,375	-0,792952477931976					3834,375	-0,901140868663788			3834,375	0,497818648815155	3834,375	0,534591495990753					3834,375	0,377272427082062	
		3837,5	0,617534339427948	3837,5	-0,793765485286713					3837,5	-0,902309775352478			3837,5	0,500584483146667	3837,5	0,534848153591156					3837,5	0,37755474448204	
		3840,625	0,616241753101349	3840,625	-0,789021670818329					3840,625	-0,897590339183807			3840,625	0,498352080583572	3840,625	0,536471545696259					3840,625	0,380787163972855	
		3843,75	0,614799380302429	3843,75	-0,786317467689514					3843,75	-0,894218862056732			3843,75	0,498170405626297	3843,75	0,536105275154114					3843,75	0,381106346845627	
		3846,875	0,617863476276398	3846,875	-0,785479664802551					3846,875	-0,893890798091888			3846,875	0,499128609895706	3846,875	0,540854394435883					3846,875	0,386644929647446	
		3850	0,616672933101654	3850	-0,785630345344543					3850	-0,893977880477905			3850	0,501097321510315	3850	0,540854692459106					3850	0,386902421712875	
		3853,125	0,616512000560761	3853,125	-0,785359740257263					3853,125	-0,893927454948425			3853,125	0,503097891807556	3853,125	0,542072892189026					3853,125	0,388585835695267	
		3856,25	0,619219601154327	3856,25	-0,785579919815063					3856,25	-0,894699096679688			3856,25	0,505316913127899	3856,25	0,546382427215576					3856,25	0,393814980983734	
		3859,375	0,617694735527039	3859,375	-0,782070457935333					3859,375	-0,891536593437195			3859,375	0,504038393497467	3859,375	0,545907258987427					3859,375	0,393895089626312	
		3862,5	0,61810302734375	3862,5	-0,778298139572144					3862,5	-0,888256728649139			3862,5	0,501631855964661	3862,5	0,549499154090881					3862,5	0,398183524608612	
		3865,625	0,618730902671814	3865,625	-0,780497670173645					3865,625	-0,890268921852112			3865,625	0,505595743656158	3865,625	0,550848603248596					3865,625	0,39990097284317	
		3868,75	0,618414282798767	3868,75	-0,779741764068604					3868,75	-0,889512538909912			3868,75	0,506890952587128	3868,75	0,551808714866638					3868,75	0,401278525590897	
		3871,875	0,618082940578461	3871,875	-0,776088535785675					3871,875	-0,885862469673157			3871,875	0,505371570587158	3871,875	0,553612351417542					3871,875	0,404224514961243	
		3875	0,618183135986328	3875	-0,77551281452179					3875	-0,884963572025299			3875	0,506398260593414	3875	0,554469406604767					3875	0,405731916427612	
		3878,125	0,620907783508301	3878,125	-0,776798844337463					3878,125	-0,886865258216858			3878,125	0,508089601993561	3878,125	0,558380424976349					3878,125	0,409923672676086	
		3881,25	0,619923651218414	3881,25	-0,774328589439392					3881,25	-0,884173452854156			3881,25	0,507194936275482	3881,25	0,559291839599609					3881,25	0,411996006965637	
		3884,375	0,623028039932251	3884,375	-0,772144079208374					3884,375	-0,882712781429291			3884,375	0,506553411483765	3884,375	0,563237845897675					3884,375	0,417094945907593	
		3887,5	0,621719360351563	3887,5	-0,772305548191071					3887,5	-0,882723867893219			3887,5	0,509523630142212	3887,5	0,562549114227295					3887,5	0,416363388299942	
		3890,625	0,620567560195923	3890,625	-0,77055960893631					3890,625	-0,881062269210815			3890,625	0,509230077266693	3890,625	0,564806818962097					3890,625	0,419042646884918	
		3893,75	0,623243868350983	3893,75	-0,772296369075775					3893,75	-0,882994949817657			3893,75	0,512061536312103	3893,75	0,568865478038788					3893,75	0,423357993364334	
		3896,875	0,62371152639389	3896,875	-0,768319010734558					3896,875	-0,879323184490204			3896,875	0,51027524471283	3896,875	0,570795476436615					3896,875	0,426450788974762	
		3900	0,623840630054474	3900	-0,769860863685608					3900	-0,880379319190979			3900	0,513369798660278	3900	0,571655809879303					3900	0,427060663700104	
		3903,125	0,623149514198303	3903,125	-0,767774999141693					3903,125	-0,878472626209259			3903,125	0,513317346572876	3903,125	0,571981906890869					3903,125	0,428139269351959	
		3906,25	0,624808311462402	3906,25	-0,764208972454071					3906,25	-0,875880062580109			3906,25	0,512444734573364	3906,25	0,575046420097351					3906,25	0,432577252388	
		3909,375	0,62492424249649	3909,375	-0,764770090579987					3909,375	-0,87605345249176			3909,375	0,513881504535675	3909,375	0,575394809246063					3909,375	0,433633178472519	
		3912,5	0,623993992805481	3912,5	-0,76410049200058					3912,5	-0,875196933746338			3912,5	0,514573276042938	3912,5	0,575469553470612					3912,5	0,434292376041412	
		3915,625	0,627672731876373	3915,625	-0,760640680789948					3915,625	-0,872385442256927			3915,625	0,512890100479126	3915,625	0,582223236560822					3915,625	0,442259341478348	
		3918,75	0,622350573539734	3918,75	-0,763144254684448					3918,75	-0,873511016368866			3918,75	0,517656147480011	3918,75	0,576638102531433					3918,75	0,435925871133804	
		3921,875	0,629943192005157	3921,875	-0,756179392337799					3921,875	-0,869613468647003			3921,875	0,510135531425476	3921,875	0,587099373340607					3921,875	0,44899594783783	
		3925	0,624718546867371	3925	-0,755226910114288					3925	-0,866806030273438			3925	0,513183414936066	3925	0,582377076148987					3925	0,44399356842041	
		3928,125	0,625215530395508	3928,125	-0,753057301044464					3928,125	-0,864386677742004			3928,125	0,513904213905334	3928,125	0,584313690662384					3928,125	0,446915149688721	
		3931,25	0,622730672359467	3931,25	-0,755821704864502					3931,25	-0,866567969322205			3931,25	0,518789529800415	3931,25	0,582185387611389					3931,25	0,444821298122406	
		3934,375	0,626043021678925	3934,375	-0,754091918468475					3934,375	-0,866117835044861			3934,375	0,518793046474457	3934,375	0,586422204971313					3934,375	0,449868232011795	
		3937,5	0,627749979496002	3937,5	-0,750858306884766					3937,5	-0,862884759902954			3937,5	0,516934275627136	3937,5	0,590179562568665					3937,5	0,454535335302353	
		3940,625	0,628438830375671	3940,625	-0,751612663269043					3940,625	-0,863227903842926			3940,625	0,51897269487381	3940,625	0,590751886367798					3940,625	0,455642819404602	
		3943,75	0,627019703388214	3943,75	-0,752185106277466					3943,75	-0,863257467746735			3943,75	0,521133303642273	3943,75	0,589716911315918					3943,75	0,455044448375702	
		3946,875	0,627610266208649	3946,875	-0,748592495918274					3946,875	-0,860240697860718			3946,875	0,518180668354034	3946,875	0,593282878398895					3946,875	0,459423154592514	
		3950	0,627866268157959	3950	-0,744871020317078					3950	-0,856256723403931			3950	0,516652464866638	3950	0,5945183634758					3950	0,461770325899124	
		3953,125	0,629100978374481	3953,125	-0,744899749755859					3953,125	-0,856228590011597			3953,125	0,517943739891052	3953,125	0,596038281917572					3953,125	0,463989555835724	
		3956,25	0,628365278244019	3956,25	-0,744767725467682					3956,25	-0,855869770050049			3956,25	0,520116746425629	3956,25	0,596626222133636					3956,25	0,464919716119766	
		3959,375	0,626590549945831	3959,375	-0,740530371665955					3959,375	-0,851812422275543			3959,375	0,517721056938171	3959,375	0,597374260425568					3959,375	0,466617941856384	
		3962,5	0,631860971450806	3962,5	-0,74159300327301					3962,5	-0,853267192840576			3962,5	0,517450213432312	3962,5	0,601760506629944					3962,5	0,470954865217209	
		3965,625	0,633755803108215	3965,625	-0,745336294174194					3965,625	-0,856615006923676			3965,625	0,522737801074982	3965,625	0,601768374443054					3965,625	0,470866292715073	
		3968,75	0,634830057621002	3968,75	-0,743898093700409					3968,75	-0,855329751968384			3968,75	0,522434771060944	3968,75	0,6043501496315					3968,75	0,474669128656387	
		3971,875	0,637202203273773	3971,875	-0,743183493614197					3971,875	-0,854636907577515			3971,875	0,520349562168121	3971,875	0,60943067073822					3971,875	0,480282425880432	
		3975	0,64017778635025	3975	-0,74025821685791					3975	-0,852558493614197			3975	0,518829822540283	3975	0,614696621894836					3975	0,485817641019821	
		3978,125	0,636681616306305	3978,125	-0,737381756305695					3978,125	-0,849411427974701			3978,125	0,519677042961121	3978,125	0,611300587654114					3978,125	0,483400672674179	
		3981,25	0,632228493690491	3981,25	-0,735555708408356					3981,25	-0,846771121025085			3981,25	0,520703792572021	3981,25	0,607659697532654					3981,25	0,480717122554779	
		3984,375	0,633769392967224	3984,375	-0,732450425624847					3984,375	-0,843662858009338			3984,375	0,518977284431458	3984,375	0,609308958053589					3984,375	0,483133882284164	
		3987,5	0,635457575321198	3987,5	-0,733479797840118					3987,5	-0,844151198863983			3987,5	0,522158086299896	3987,5	0,60918790102005					3987,5	0,483265668153763	
		3990,625	0,637880206108093	3990,625	-0,731135785579681					3990,625	-0,842879354953766			3990,625	0,521202027797699	3990,625	0,615107774734497					3990,625	0,490618377923965	
		3993,75	0,638124406337738	3993,75	-0,732044756412506					3993,75	-0,84370619058609			3993,75	0,521626830101013	3993,75	0,615649342536926					3993,75	0,491124361753464	
		3996,875	0,639699399471283	3996,875	-0,73266077041626					3996,875	-0,845159947872162			3996,875	0,522267580032349	3996,875	0,618327677249908					3996,875	0,49408483505249	
		4000	0,644831776618958	4000	-0,734063982963562					4000	-0,84717184305191			4000	0,522089540958405	4000	0,625113785266876					4000	0,501026213169098	
		4003,125	0,64215612411499	4003,125	-0,730983257293701					4003,125	-0,843355536460876			4003,125	0,521255195140839	4003,125	0,62452507019043					4003,125	0,501007616519928	
		4006,25	0,641485869884491	4006,25	-0,728885054588318					4006,25	-0,84130859375			4006,25	0,5203657746315	4006,25	0,624513983726501					4006,25	0,501729130744934	
		4009,375	0,64173823595047	4009,375	-0,726018667221069					4009,375	-0,838086128234863			4009,375	0,51933616399765	4009,375	0,625236988067627					4009,375	0,503272116184235	
		4012,5	0,642187595367432	4012,5	-0,726173400878906					4012,5	-0,838583469390869			4012,5	0,520406782627106	4012,5	0,626534223556519					4012,5	0,505042672157288	
		4015,625	0,643170893192291	4015,625	-0,725543260574341					4015,625	-0,837879121303558			4015,625	0,520158052444458	4015,625	0,628347635269165					4015,625	0,508259057998657	
		4018,75	0,643746674060822	4018,75	-0,724541246891022					4018,75	-0,836719572544098			4018,75	0,518985271453857	4018,75	0,630959570407867					4018,75	0,511339783668518	
		4021,875	0,643996059894562	4021,875	-0,724165499210358					4021,875	-0,836277544498444			4021,875	0,516925394535065	4021,875	0,633885741233826					4021,875	0,513562798500061	
		4025	0,643877148628235	4025	-0,72310483455658					4025	-0,835687756538391			4025	0,517274558544159	4025	0,636483907699585					4025	0,516318917274475	
		4028,125	0,640431642532349	4028,125	-0,721283435821533					4028,125	-0,832618713378906			4028,125	0,518589913845062	4028,125	0,632083594799042					4028,125	0,513447642326355	
		4031,25	0,640361785888672	4031,25	-0,713453471660614					4031,25	-0,824978649616241			4031,25	0,512663900852203	4031,25	0,633992433547974					4031,25	0,518129408359528	
		4034,375	0,640864133834839	4034,375	-0,71495532989502					4034,375	-0,827264487743378			4034,375	0,514661312103271	4034,375	0,636841118335724					4034,375	0,520635366439819	
		4037,5	0,643960177898407	4037,5	-0,718055725097656					4037,5	-0,830300509929657			4037,5	0,517830312252045	4037,5	0,641183137893677					4037,5	0,524564683437347	
		4040,625	0,635909795761108	4040,625	-0,709876835346222					4040,625	-0,821071565151215			4040,625	0,514040231704712	4040,625	0,63507354259491					4040,625	0,520434558391571	
		4043,75	0,63827782869339	4043,75	-0,710600197315216					4043,75	-0,822250843048096			4043,75	0,51366651058197	4043,75	0,641078293323517					4043,75	0,526739776134491	
		4046,875	0,638284742832184	4046,875	-0,708616733551025					4046,875	-0,819642901420593			4046,875	0,512947797775269	4046,875	0,643425643444061					4046,875	0,529856085777283	
		4050	0,637378692626953	4050	-0,705099105834961					4050	-0,816491663455963			4050	0,512287080287933	4050	0,644730806350708					4050	0,532025039196014	
		4053,125	0,636332392692566	4053,125	-0,708809554576874					4053,125	-0,820391476154327			4053,125	0,516206562519073	4053,125	0,643745362758636					4053,125	0,531012356281281	
		4056,25	0,63783210515976	4056,25	-0,705069005489349					4056,25	-0,816890835762024			4056,25	0,513395547866821	4056,25	0,646831035614014					4056,25	0,535304546356201	
		4059,375	0,635500729084015	4059,375	-0,706901550292969					4059,375	-0,817485690116882			4059,375	0,516433596611023	4059,375	0,643367826938629					4059,375	0,531516015529633	
		4062,5	0,63352382183075	4062,5	-0,700306713581085					4062,5	-0,810389399528503			4062,5	0,512757539749146	4062,5	0,644982576370239					4062,5	0,534489452838898	
		4065,625	0,636181652545929	4065,625	-0,701493978500366					4065,625	-0,812356948852539			4065,625	0,514646351337433	4065,625	0,651592969894409					4065,625	0,541206240653992	
		4068,75	0,634605646133423	4068,75	-0,700483560562134					4068,75	-0,811252057552338			4068,75	0,515862047672272	4068,75	0,650735437870026					4068,75	0,540910720825195	
		4071,875	0,63225382566452	4071,875	-0,697436332702637					4071,875	-0,807406544685364			4071,875	0,514390885829926	4071,875	0,649292707443237					4071,875	0,540801644325256	
		4075	0,637892127037048	4075	-0,699731111526489					4075	-0,81095552444458			4075	0,516696631908417	4075	0,657225131988525					4075	0,548707783222198	
		4078,125	0,636617720127106	4078,125	-0,701011300086975					4078,125	-0,813783884048462			4078,125	0,518393278121948	4078,125	0,659446656703949					4078,125	0,551312506198883	
		4081,25	0,636694371700287	4081,25	-0,698893189430237					4081,25	-0,811894059181213			4081,25	0,517762541770935	4081,25	0,664571762084961					4081,25	0,557596266269684	
		4084,375	0,634771764278412	4084,375	-0,696137666702271					4084,375	-0,807979702949524			4084,375	0,515579879283905	4084,375	0,661762177944183					4084,375	0,554292559623718	
		4087,5	0,637543916702271	4087,5	-0,695743978023529					4087,5	-0,807663917541504			4087,5	0,517409205436707	4087,5	0,664679110050201					4087,5	0,55806565284729	
		4090,625	0,631524980068207	4090,625	-0,692466795444489					4090,625	-0,802652776241302			4090,625	0,518197119235992	4090,625	0,657958447933197					4090,625	0,552405595779419	
		4093,75	0,630564868450165	4093,75	-0,684614896774292					4093,75	-0,79424661397934			4093,75	0,51348489522934	4093,75	0,660002052783966					4093,75	0,556242167949677	
		4096,875	0,632538497447968	4096,875	-0,689724326133728					4096,875	-0,799822986125946			4096,875	0,518181324005127	4096,875	0,662878453731537					4096,875	0,559203386306763	
		4100	0,635387003421783	4100	-0,687909126281738					4100	-0,798304319381714			4100	0,518249154090881	4100	0,667113661766052					4100	0,564809739589691	
		4103,125	0,633509516716003	4103,125	-0,686446189880371					4103,125	-0,796769976615906			4103,125	0,518513321876526	4103,125	0,666912615299225					4103,125	0,565050840377808	
		4106,25	0,631866693496704	4106,25	-0,68822854757309					4106,25	-0,797756612300873			4106,25	0,520524442195892	4106,25	0,664955019950867					4106,25	0,562868416309357	
		4109,375	0,635744035243988	4109,375	-0,689997255802155					4109,375	-0,799470603466034			4109,375	0,522122919559479	4109,375	0,671218931674957					4109,375	0,569550156593323	
		4112,5	0,633136332035065	4112,5	-0,681606233119965					4112,5	-0,790314733982086			4112,5	0,518929243087769	4112,5	0,668855905532837					4112,5	0,568883955478668	
		4115,625	0,631547391414642	4115,625	-0,680777251720428					4115,625	-0,789442896842957			4115,625	0,519470453262329	4115,625	0,669895350933075					4115,625	0,570118963718414	
		4118,75	0,633047640323639	4118,75	-0,682299613952637					4118,75	-0,792145252227783			4118,75	0,52126282453537	4118,75	0,673885047435761					4118,75	0,574340343475342	
		4121,875	0,63141667842865	4121,875	-0,683061480522156					4121,875	-0,792051911354065			4121,875	0,523272931575775	4121,875	0,673877239227295					4121,875	0,574940264225006	
		4125	0,631495773792267	4125	-0,675325155258179					4125	-0,783355832099915			4125	0,518994927406311	4125	0,674636840820313					4125	0,57710874080658	
		4128,125	0,631001532077789	4128,125	-0,674287617206573					4128,125	-0,782606422901154			4128,125	0,520245790481567	4128,125	0,675991356372833					4128,125	0,578788578510284	
		4131,25	0,629902839660645	4131,25	-0,676386415958405					4131,25	-0,78445702791214			4131,25	0,522440373897552	4131,25	0,677179574966431					4131,25	0,580070018768311	
		4134,375	0,632160544395447	4134,375	-0,674456357955933					4134,375	-0,782454133033752			4134,375	0,521902799606323	4134,375	0,681656002998352					4134,375	0,585241079330444	
		4137,5	0,631871342658997	4137,5	-0,674344599246979					4137,5	-0,782357096672058			4137,5	0,523248910903931	4137,5	0,681517839431763					4137,5	0,585849285125732	
		4140,625	0,627950310707092	4140,625	-0,6738560795784					4140,625	-0,781088948249817			4140,625	0,523644208908081	4140,625	0,677877962589264					4140,625	0,582765221595764	
		4143,75	0,630681693553925	4143,75	-0,668840527534485					4143,75	-0,776419579982758			4143,75	0,521339774131775	4143,75	0,682897865772247					4143,75	0,588906109333038	
		4146,875	0,629178464412689	4146,875	-0,670665681362152					4146,875	-0,777451694011688			4146,875	0,524955213069916	4146,875	0,680614590644836					4146,875	0,586575150489807	
		4150	0,630873918533325	4150	-0,662883579730988					4150	-0,769380807876587			4150	0,521676421165466	4150	0,684739768505096					4150	0,592312812805176	
		4153,125	0,632755637168884	4153,125	-0,667034387588501					4153,125	-0,773259580135345			4153,125	0,525397717952728	4153,125	0,689241766929626					4153,125	0,59723037481308	
		4156,25	0,631513953208923	4156,25	-0,665163338184357					4156,25	-0,771847426891327			4156,25	0,52510666847229	4156,25	0,690538227558136					4156,25	0,598948180675507	
		4159,375	0,626221477985382	4159,375	-0,665992021560669					4159,375	-0,771793782711029			4159,375	0,526872456073761	4159,375	0,68581235408783					4159,375	0,594276010990143	
		4162,5	0,627958059310913	4162,5	-0,660867154598236					4162,5	-0,766768932342529			4162,5	0,52367490530014	4162,5	0,688690662384033					4162,5	0,598574280738831	
		4165,625	0,628629624843597	4165,625	-0,659289836883545					4165,625	-0,76517516374588			4165,625	0,524980366230011	4165,625	0,690254747867584					4165,625	0,599974393844604	
		4168,75	0,62724232673645	4168,75	-0,659061372280121					4168,75	-0,764154195785522			4168,75	0,525893270969391	4168,75	0,690394580364227					4168,75	0,60027551651001	
		4171,875	0,625448048114777	4171,875	-0,659417569637299					4171,875	-0,763639807701111			4171,875	0,526765644550323	4171,875	0,691125214099884					4171,875	0,601346731185913	
		4175	0,62697434425354	4175	-0,661085844039917					4175	-0,765688061714172			4175	0,528800308704376	4175	0,694407343864441					4175	0,605409979820251	
		4178,125	0,629136919975281	4178,125	-0,658526837825775					4178,125	-0,764360904693604			4178,125	0,529011487960815	4178,125	0,699190318584442					4178,125	0,61177521944046	
		4181,25	0,628471791744232	4181,25	-0,653887569904327					4181,25	-0,758665561676025			4181,25	0,527888119220734	4181,25	0,69990348815918					4181,25	0,612893164157867	
		4184,375	0,626314103603363	4184,375	-0,654339015483856					4184,375	-0,758556604385376			4184,375	0,529763638973236	4184,375	0,698517680168152					4184,375	0,611679315567017	
		4187,5	0,626652777194977	4187,5	-0,652239859104156					4187,5	-0,756208419799805			4187,5	0,529101371765137	4187,5	0,701366603374481					4187,5	0,615184664726257	
		4190,625	0,626043260097504	4190,625	-0,65329247713089					4190,625	-0,757017850875854			4190,625	0,531339228153229	4190,625	0,701636373996735					4190,625	0,616214454174042	
		4193,75	0,624798476696014	4193,75	-0,652805268764496					4193,75	-0,756586790084839			4193,75	0,532055675983429	4193,75	0,70315158367157					4193,75	0,617989242076874	
		4196,875	0,62379914522171	4196,875	-0,650028944015503					4196,875	-0,753510177135468			4196,875	0,53152859210968	4196,875	0,703591227531433					4196,875	0,62016087770462	
		4200	0,623077630996704	4200	-0,649431347846985					4200	-0,752972304821014			4200	0,533968031406403	4200	0,70204883813858					4200	0,620127379894257	
		4203,125	0,624022960662842	4203,125	-0,644579470157623					4203,125	-0,748501777648926			4203,125	0,531909346580505	4203,125	0,70532763004303					4203,125	0,623057007789612	
		4206,25	0,619028747081757	4206,25	-0,640095412731171					4206,25	-0,743048846721649			4206,25	0,53082937002182	4206,25	0,702543377876282					4206,25	0,620217978954315	
		4209,375	0,620328605175018	4209,375	-0,640452921390533					4209,375	-0,744680166244507			4209,375	0,532595276832581	4209,375	0,705753862857819					4209,375	0,623879075050354	
		4212,5	0,622162044048309	4212,5	-0,643120408058167					4212,5	-0,746942937374115			4212,5	0,535194516181946	4212,5	0,710252523422241					4212,5	0,627917230129242	
		4215,625	0,622898161411285	4215,625	-0,640793681144714					4215,625	-0,745217740535736			4215,625	0,535826086997986	4215,625	0,713590562343597					4215,625	0,630941390991211	
		4218,75	0,622149467468262	4218,75	-0,64058256149292					4218,75	-0,743123590946198			4218,75	0,536792278289795	4218,75	0,714073777198792					4218,75	0,632494270801544	
		4221,875	0,620400130748749	4221,875	-0,640058279037476					4221,875	-0,741990029811859			4221,875	0,537235260009766	4221,875	0,713543891906738					4221,875	0,631953954696655	
		4225	0,620020627975464	4225	-0,635233879089355					4225	-0,738351762294769			4225	0,535557150840759	4225	0,716443181037903					4225	0,632574200630188	
		4228,125	0,618339538574219	4228,125	-0,633527219295502					4228,125	-0,734302699565887			4228,125	0,53584349155426	4228,125	0,715178787708282					4228,125	0,634685158729553	
		4231,25	0,617802143096924	4231,25	-0,636923253536224					4231,25	-0,736871302127838			4231,25	0,540153443813324	4231,25	0,717115163803101					4231,25	0,637087047100067	
		4234,375	0,616854190826416	4234,375	-0,631986618041992					4234,375	-0,728294610977173			4234,375	0,539292097091675	4234,375	0,719098508358002					4234,375	0,637794435024261	
		4237,5	0,617034494876862	4237,5	-0,629057466983795					4237,5	-0,7266925573349			4237,5	0,539468944072723	4237,5	0,719555020332336					4237,5	0,641366243362427	
		4240,625	0,616627097129822	4240,625	-0,631381392478943					4240,625	-0,729968428611755			4240,625	0,543151617050171	4240,625	0,720904767513275					4240,625	0,643450975418091	
		4243,75	0,613947331905365	4243,75	-0,627159416675568					4243,75	-0,725404262542725			4243,75	0,541873097419739	4243,75	0,71952760219574					4243,75	0,643052518367767	
		4246,875	0,615766048431396	4246,875	-0,630756914615631					4246,875	-0,729124307632446			4246,875	0,546140432357788	4246,875	0,725215196609497					4246,875	0,648597419261932	
		4250	0,615232527256012	4250	-0,627178490161896					4250	-0,725083529949188			4250	0,545645713806152	4250	0,726535260677338					4250	0,650732457637787	
		4253,125	0,612762272357941	4253,125	-0,624965608119965					4253,125	-0,722437500953674			4253,125	0,545144021511078	4253,125	0,723382532596588					4253,125	0,648120045661926	
		4256,25	0,613936364650726	4256,25	-0,623663365840912					4256,25	-0,721347749233246			4256,25	0,546757280826569	4256,25	0,72763603925705					4256,25	0,652073979377747	
		4259,375	0,612080931663513	4259,375	-0,626701176166534					4259,375	-0,723761379718781			4259,375	0,551569223403931	4259,375	0,727228701114655					4259,375	0,651293277740479	
		4262,5	0,614267647266388	4262,5	-0,622706592082977					4262,5	-0,720530092716217			4262,5	0,551977217197418	4262,5	0,730928540229797					4262,5	0,656082570552826	
		4265,625	0,61568409204483	4265,625	-0,619864284992218					4265,625	-0,717811167240143			4265,625	0,552304148674011	4265,625	0,733402132987976					4265,625	0,659036219120026	
		4268,75	0,613175570964813	4268,75	-0,622240483760834					4268,75	-0,719316005706787			4268,75	0,555964469909668	4268,75	0,732408285140991					4268,75	0,658119320869446	
		4271,875	0,61104542016983	4271,875	-0,620524942874908					4271,875	-0,71669739484787			4271,875	0,557096064090729	4271,875	0,732731342315674					4271,875	0,658725917339325	
		4275	0,616500616073608	4275	-0,615154087543488					4275	-0,71212637424469			4275	0,555028021335602	4275	0,739840984344482					4275	0,666282773017883	
		4278,125	0,61570143699646	4278,125	-0,617489039897919					4278,125	-0,714312195777893			4278,125	0,559010684490204	4278,125	0,737599432468414					4278,125	0,66473126411438	
		4281,25	0,61400693655014	4281,25	-0,617622375488281					4281,25	-0,713998198509216			4281,25	0,560568034648895	4281,25	0,736303091049194					4281,25	0,664150774478912	
		4284,375	0,621348440647125	4284,375	-0,613137602806091					4284,375	-0,709337651729584			4284,375	0,560983777046204	4284,375	0,7451451420784					4284,375	0,673746049404144	
		4287,5	0,620289027690887	4287,5	-0,614113688468933					4287,5	-0,710546553134918			4287,5	0,563785552978516	4287,5	0,744801878929138					4287,5	0,672715902328491	
		4290,625	0,620612442493439	4290,625	-0,613000750541687					4290,625	-0,708921372890472			4290,625	0,565396726131439	4290,625	0,745083868503571					4290,625	0,673562586307526	
		4293,75	0,619015753269196	4293,75	-0,610089480876923					4293,75	-0,704887330532074			4293,75	0,563500225543976	4293,75	0,741776525974274					4293,75	0,671354115009308	
		4296,875	0,617361843585968	4296,875	-0,608286798000336					4296,875	-0,702786982059479			4296,875	0,562793552875519	4296,875	0,740838050842285					4296,875	0,671023488044739	
		4300	0,618927359580994	4300	-0,604070007801056					4300	-0,699631094932556			4300	0,561400949954987	4300	0,745461285114288					4300	0,676040232181549	
		4303,125	0,623709261417389	4303,125	-0,604968547821045					4303,125	-0,700135946273804			4303,125	0,564487159252167	4303,125	0,747764468193054					4303,125	0,679725348949432	
		4306,25	0,622698068618774	4306,25	-0,600881338119507					4306,25	-0,696436107158661			4306,25	0,561559736728668	4306,25	0,748206913471222					4306,25	0,679981350898743	
		4309,375	0,621217310428619	4309,375	-0,601254761219025					4309,375	-0,696903824806213			4309,375	0,562184751033783	4309,375	0,747377395629883					4309,375	0,679102897644043	
		4312,5	0,625910520553589	4312,5	-0,599557995796204					4312,5	-0,695163547992706			4312,5	0,562932431697845	4312,5	0,754083275794983					4312,5	0,686932742595673	
		4315,625	0,625223934650421	4315,625	-0,597822070121765					4315,625	-0,693088889122009			4315,625	0,56350702047348	4315,625	0,752673625946045					4315,625	0,686162412166595	
		4318,75	0,625677645206451	4318,75	-0,598016023635864					4318,75	-0,693930804729462			4318,75	0,564335107803345	4318,75	0,75462132692337					4318,75	0,688435077667236	
		4321,875	0,62605607509613	4321,875	-0,593951225280762					4321,875	-0,68949019908905			4321,875	0,561629772186279	4321,875	0,756736397743225					4321,875	0,691275894641876	
		4325	0,62423837184906	4325	-0,592154085636139					4325	-0,686822891235352			4325	0,560717463493347	4325	0,75515753030777					4325	0,689549744129181	
		4328,125	0,624795854091644	4328,125	-0,595048367977142					4328,125	-0,68986177444458			4328,125	0,563103914260864	4328,125	0,757327795028687					4328,125	0,692340850830078	
		4331,25	0,627427041530609	4331,25	-0,593584477901459					4331,25	-0,689129948616028			4331,25	0,563065409660339	4331,25	0,761677145957947					4331,25	0,697617650032043	
		4334,375	0,624501526355743	4334,375	-0,590487062931061					4334,375	-0,685164272785187			4334,375	0,561403453350067	4334,375	0,75885683298111					4334,375	0,695430517196655	
		4337,5	0,626342833042145	4337,5	-0,589733064174652					4337,5	-0,684749841690063			4337,5	0,562176167964935	4337,5	0,763180792331696					4337,5	0,700801372528076	
		4340,625	0,624611735343933	4340,625	-0,585884153842926					4340,625	-0,679383873939514			4340,625	0,559374570846558	4340,625	0,760518193244934					4340,625	0,69946300983429	
		4343,75	0,625970005989075	4343,75	-0,585865020751953					4343,75	-0,679520487785339			4343,75	0,561313033103943	4343,75	0,763835549354553					4343,75	0,703331828117371	
		4346,875	0,625864207744598	4346,875	-0,581643640995026					4346,875	-0,676172614097595			4346,875	0,558828413486481	4346,875	0,765998184680939					4346,875	0,70619797706604	
		4350	0,625301480293274	4350	-0,578903615474701					4350	-0,674148261547089			4350	0,556774616241455	4350	0,766019940376282					4350	0,708473861217499	
		4353,125	0,623757302761078	4353,125	-0,581054985523224					4353,125	-0,675567209720612			4353,125	0,559170603752136	4353,125	0,765504717826843					4353,125	0,707471013069153	
		4356,25	0,622892916202545	4356,25	-0,579184353351593					4356,25	-0,673253774642944			4356,25	0,558298051357269	4356,25	0,767082810401917					4356,25	0,70925360918045	
		4359,375	0,623361885547638	4359,375	-0,575114846229553					4359,375	-0,668338656425476			4359,375	0,55461049079895	4359,375	0,767693042755127					4359,375	0,710052192211151	
		4362,5	0,624519348144531	4362,5	-0,574870944023132					4362,5	-0,667110919952393			4362,5	0,557148516178131	4362,5	0,772809565067291					4362,5	0,716971814632416	
		4365,625	0,624073445796967	4365,625	-0,577516496181488					4365,625	-0,67087197303772			4365,625	0,560578405857086	4365,625	0,772059798240662					4365,625	0,717192649841309	
		4368,75	0,625068008899689	4368,75	-0,57300341129303					4368,75	-0,66609913110733			4368,75	0,558357238769531	4368,75	0,776818573474884					4368,75	0,722403824329376	
		4371,875	0,62120509147644	4371,875	-0,570831418037415					4371,875	-0,661718606948853			4371,875	0,555253148078918	4371,875	0,771967768669128					4371,875	0,718137145042419	
		4375	0,620849013328552	4375	-0,567396283149719					4375	-0,658104300498962			4375	0,553475081920624	4375	0,772270858287811					4375	0,719992876052856	
		4378,125	0,62837827205658	4378,125	-0,568475067615509					4378,125	-0,659692704677582			4378,125	0,555910050868988	4378,125	0,783602654933929					4378,125	0,731588959693909	
		4381,25	0,62418532371521	4381,25	-0,565457403659821					4381,25	-0,655398607254028			4381,25	0,553364753723145	4381,25	0,780834317207336					4381,25	0,729975461959839	
		4384,375	0,620891988277435	4384,375	-0,562289535999298					4384,375	-0,652127802371979			4384,375	0,553222119808197	4384,375	0,778524339199066					4384,375	0,728337407112122	
		4387,5	0,61692351102829	4387,5	-0,560381293296814					4387,5	-0,650190412998199			4387,5	0,552877843379974	4387,5	0,776720583438873					4387,5	0,726929306983948	
		4390,625	0,6190505027771	4390,625	-0,559912800788879					4390,625	-0,64877450466156			4390,625	0,552771985530853	4390,625	0,780835449695587					4390,625	0,73222941160202	
		4393,75	0,621443450450897	4393,75	-0,557411313056946					4393,75	-0,645389020442963			4393,75	0,552457809448242	4393,75	0,783552467823029					4393,75	0,735441386699677	
		4396,875	0,62095433473587	4396,875	-0,558946788311005					4396,875	-0,646915435791016			4396,875	0,553594946861267	4396,875	0,785189867019653					4396,875	0,737923383712769	
		4400	0,620473742485046	4400	-0,55631148815155					4400	-0,643449306488037			4400	0,552518725395203	4400	0,78612208366394					4400	0,738850355148315	
		4403,125	0,616693317890167	4403,125	-0,552824020385742					4403,125	-0,63919860124588			4403,125	0,551222383975983	4403,125	0,784148216247559					4403,125	0,737381517887115	
		4406,25	0,617154836654663	4406,25	-0,552417993545532					4406,25	-0,637343049049377			4406,25	0,550340712070465	4406,25	0,785417020320892					4406,25	0,739706456661224	
		4409,375	0,620339095592499	4409,375	-0,550158679485321					4409,375	-0,635589003562927			4409,375	0,549382030963898	4409,375	0,792390584945679					4409,375	0,746933698654175	
		4412,5	0,619002401828766	4412,5	-0,551424205303192					4412,5	-0,636528253555298			4412,5	0,549200594425201	4412,5	0,791346192359924					4412,5	0,746513664722443	
		4415,625	0,618927121162415	4415,625	-0,547656536102295					4415,625	-0,633520543575287			4415,625	0,549233257770538	4415,625	0,789053440093994					4415,625	0,746026575565338	
		4418,75	0,617622494697571	4418,75	-0,54528421163559					4418,75	-0,630679488182068			4418,75	0,547911524772644	4418,75	0,794029176235199					4418,75	0,75038731098175	
		4421,875	0,616866230964661	4421,875	-0,543777525424957					4421,875	-0,62972491979599			4421,875	0,549725651741028	4421,875	0,797356307506561					4421,875	0,753843545913696	
		4425	0,613820374011993	4425	-0,540767371654511					4425	-0,625233173370361			4425	0,547712087631226	4425	0,795193016529083					4425	0,752647757530212	
		4428,125	0,615384817123413	4428,125	-0,53863400220871					4428,125	-0,621917963027954			4428,125	0,547742903232574	4428,125	0,796771049499512					4428,125	0,754692494869232	
		4431,25	0,614692568778992	4431,25	-0,543846189975739					4431,25	-0,6264808177948			4431,25	0,551656365394592	4431,25	0,796680927276611					4431,25	0,754347205162048	
		4434,375	0,612621486186981	4434,375	-0,536680817604065					4434,375	-0,620730996131897			4434,375	0,547789990901947	4434,375	0,801164567470551					4434,375	0,760094881057739	
		4437,5	0,611669957637787	4437,5	-0,536844670772552					4437,5	-0,619387567043304			4437,5	0,544205009937286	4437,5	0,799962997436523					4437,5	0,759625673294067	
		4440,625	0,612265586853027	4440,625	-0,534130156040192					4440,625	-0,616208553314209			4440,625	0,543726205825806	4440,625	0,801796019077301					4440,625	0,762956976890564	
		4443,75	0,611727893352509	4443,75	-0,529741883277893					4443,75	-0,610314905643463			4443,75	0,542376458644867	4443,75	0,800872623920441					4443,75	0,761443138122559	
		4446,875	0,612488508224487	4446,875	-0,530972003936768					4446,875	-0,611886620521545			4446,875	0,545566380023956	4446,875	0,803794980049133					4446,875	0,765388250350952	
		4450	0,611450850963593	4450	-0,532128095626831					4450	-0,614298939704895			4450	0,546700954437256	4450	0,804107427597046					4450	0,767402350902557	
		4453,125	0,610971868038177	4453,125	-0,52875953912735					4453,125	-0,609162926673889			4453,125	0,543865442276001	4453,125	0,805070161819458					4453,125	0,769255399703979	
		4456,25	0,606332302093506	4456,25	-0,528090119361877					4456,25	-0,6068155169487			4456,25	0,543857395648956	4456,25	0,801879942417145					4456,25	0,764780342578888	
		4459,375	0,606297194957733	4459,375	-0,522602915763855					4459,375	-0,600938320159912			4459,375	0,541632056236267	4459,375	0,804114580154419					4459,375	0,767827928066254	
		4462,5	0,609765589237213	4462,5	-0,518305242061615					4462,5	-0,599495530128479			4462,5	0,541697323322296	4462,5	0,813517034053802					4462,5	0,779065787792206	
		4465,625	0,606852233409882	4465,625	-0,52017468214035					4465,625	-0,599473476409912			4465,625	0,542522132396698	4465,625	0,810593903064728					4465,625	0,776887178421021	
		4468,75	0,607764661312103	4468,75	-0,52234935760498					4468,75	-0,598170101642609			4468,75	0,542317569255829	4468,75	0,812791168689728					4468,75	0,778477311134338	
		4471,875	0,606037199497223	4471,875	-0,512275695800781					4471,875	-0,587764978408813			4471,875	0,538601815700531	4471,875	0,81439071893692					4471,875	0,78173041343689	
		4475	0,605355381965637	4475	-0,512261033058167					4475	-0,589652299880981			4475	0,540504634380341	4475	0,812095701694489					4475	0,782124400138855	
		4478,125	0,602162063121796	4478,125	-0,51308137178421					4478,125	-0,585951685905457			4478,125	0,539664506912231	4478,125	0,807747423648834					4478,125	0,777272820472717	
		4481,25	0,605401158332825	4481,25	-0,503743469715118					4481,25	-0,575979888439178			4481,25	0,534575641155243	4481,25	0,818383157253265					4481,25	0,790846168994904	
		4484,375	0,604875028133392	4484,375	-0,506060242652893					4484,375	-0,580354928970337			4484,375	0,537271976470947	4484,375	0,821164846420288					4484,375	0,792085826396942	
		4487,5	0,601669073104858	4487,5	-0,509197354316711					4487,5	-0,582879066467285			4487,5	0,536977648735046	4487,5	0,81580638885498					4487,5	0,786069273948669	
		4490,625	0,599483370780945	4490,625	-0,504054009914398					4490,625	-0,577969253063202			4490,625	0,535564661026001	4490,625	0,817010402679443					4490,625	0,787855684757233	
		4493,75	0,598377883434296	4493,75	-0,501609742641449					4493,75	-0,572674691677094			4493,75	0,534843623638153	4493,75	0,819690883159637					4493,75	0,790702819824219	
		4496,875	0,598784029483795	4496,875	-0,496374577283859					4496,875	-0,565599739551544			4496,875	0,531492710113525	4496,875	0,817833244800568					4496,875	0,789447128772736	
		4500	0,59915167093277	4500	-0,500395536422729					4500	-0,571600615978241			4500	0,533944606781006	4500	0,820381760597229					4500	0,792362689971924	
		4503,125	0,59662789106369	4503,125	-0,494375199079514					4503,125	-0,566076278686523			4503,125	0,532285630702972	4503,125	0,820775330066681					4503,125	0,79446268081665	
		4506,25	0,597528576850891	4506,25	-0,494786649942398					4506,25	-0,564667105674744			4506,25	0,532760143280029	4506,25	0,824557960033417					4506,25	0,799943625926971	
		4509,375	0,597050607204437	4509,375	-0,494940459728241					4509,375	-0,563603281974792			4509,375	0,53115439414978	4509,375	0,828396856784821					4509,375	0,803519904613495	
		4512,5	0,593141794204712	4512,5	-0,492954283952713					4512,5	-0,561501502990723			4512,5	0,530494034290314	4512,5	0,823780834674835					4512,5	0,798532962799072	
		4515,625	0,593285620212555	4515,625	-0,489199638366699					4515,625	-0,556679606437683			4515,625	0,528103828430176	4515,625	0,825225651264191					4515,625	0,800639748573303	
		4518,75	0,59242844581604	4518,75	-0,492233484983444					4518,75	-0,558854818344116			4518,75	0,529948890209198	4518,75	0,829795658588409					4518,75	0,804497241973877	
		4521,875	0,591253578662872	4521,875	-0,487680554389954					4521,875	-0,556446552276611			4521,875	0,528666377067566	4521,875	0,831625044345856					4521,875	0,806505382061005	
		4525	0,58819043636322	4525	-0,482504189014435					4525	-0,549153089523315			4525	0,52627170085907	4525	0,830535411834717					4525	0,806330859661102	
		4528,125	0,584840893745422	4528,125	-0,47863781452179					4528,125	-0,544212818145752			4528,125	0,524386465549469	4528,125	0,826798379421234					4528,125	0,80234968662262	
		4531,25	0,584501266479492	4531,25	-0,476217150688171					4531,25	-0,54162585735321			4531,25	0,524173855781555	4531,25	0,827606201171875					4531,25	0,805206716060638	
		4534,375	0,583620429039001	4534,375	-0,478400200605392					4534,375	-0,543690979480743			4534,375	0,525700330734253	4534,375	0,830406725406647					4534,375	0,808620035648346	
		4537,5	0,582325220108032	4537,5	-0,47497770190239					4537,5	-0,539399206638336			4537,5	0,52519965171814	4537,5	0,83030754327774					4537,5	0,809589087963104	
		4540,625	0,581666767597198	4540,625	-0,471097767353058					4540,625	-0,535494029521942			4540,625	0,523912489414215	4540,625	0,832471549510956					4540,625	0,81087851524353	
		4543,75	0,581043601036072	4543,75	-0,468567937612534					4543,75	-0,532739996910095			4543,75	0,525223195552826	4543,75	0,833621501922607					4543,75	0,81211119890213	
		4546,875	0,579546332359314	4546,875	-0,46863204240799					4546,875	-0,53244811296463			4546,875	0,526321291923523	4546,875	0,834371149539948					4546,875	0,813140571117401	
		4550	0,580044090747833	4550	-0,469524711370468					4550	-0,533957183361053			4550	0,527627408504486	4550	0,838333487510681					4550	0,817626535892487	
		4553,125	0,578975439071655	4553,125	-0,464762806892395					4553,125	-0,527207493782043			4553,125	0,525915443897247	4553,125	0,835064649581909					4553,125	0,814543604850769	
		4556,25	0,578591883182526	4556,25	-0,460577845573425					4556,25	-0,522735178470612			4556,25	0,525415778160095	4556,25	0,838505685329437					4556,25	0,819172024726868	
		4559,375	0,574763536453247	4559,375	-0,468104958534241					4559,375	-0,529978394508362			4559,375	0,528899073600769	4559,375	0,838692545890808					4559,375	0,820639967918396	
		4562,5	0,583084940910339	4562,5	-0,454320013523102					4562,5	-0,513558864593506			4562,5	0,523800790309906	4562,5	0,848552227020264					4562,5	0,830528795719147	
		4565,625	0,579584538936615	4565,625	-0,455878794193268					4565,625	-0,515000224113464			4565,625	0,524792611598969	4565,625	0,843926072120667					4565,625	0,825979173183441	
		4568,75	0,579437971115112	4568,75	-0,455655068159103					4568,75	-0,514653265476227			4568,75	0,525043070316315	4568,75	0,845812916755676					4568,75	0,828445017337799	
		4571,875	0,57634449005127	4571,875	-0,455048590898514					4571,875	-0,514236807823181			4571,875	0,525106728076935	4571,875	0,844429194927216					4571,875	0,826782524585724	
		4575	0,57689356803894	4575	-0,447605788707733					4575	-0,507015466690063			4575	0,522759735584259	4575	0,846169412136078					4575	0,830425381660461	
		4578,125	0,575112164020538	4578,125	-0,445364356040955					4578,125	-0,504800260066986			4578,125	0,522457003593445	4578,125	0,845445334911346					4578,125	0,829313337802887	
		4581,25	0,574055373668671	4581,25	-0,442101508378983					4581,25	-0,499805450439453			4581,25	0,519449949264526	4581,25	0,844967305660248					4581,25	0,828482389450073	
		4584,375	0,575465619564056	4584,375	-0,439908295869827					4584,375	-0,496978849172592			4584,375	0,519076228141785	4584,375	0,847721993923187					4584,375	0,832651376724243	
		4587,5	0,575303554534912	4587,5	-0,441963940858841					4587,5	-0,498888581991196			4587,5	0,52176558971405	4587,5	0,851294755935669					4587,5	0,835866272449493	
		4590,625	0,576251924037933	4590,625	-0,43671190738678					4590,625	-0,49248668551445			4590,625	0,519751250743866	4590,625	0,853117108345032					4590,625	0,837526619434357	
		4593,75	0,574949204921722	4593,75	-0,433997273445129					4593,75	-0,489750474691391			4593,75	0,519107580184937	4593,75	0,852946758270264					4593,75	0,839556515216827	
		4596,875	0,572518229484558	4596,875	-0,433593600988388					4596,875	-0,487830102443695			4596,875	0,517858266830444	4596,875	0,850329339504242					4596,875	0,837189674377441	
		4600	0,575036346912384	4600	-0,429951518774033					4600	-0,483991056680679			4600	0,517345905303955	4600	0,856774270534515					4600	0,844108045101166	
		4603,125	0,576469480991364	4603,125	-0,426363110542297					4603,125	-0,480797827243805			4603,125	0,516585171222687	4603,125	0,861089468002319					4603,125	0,849383056163788	
		4606,25	0,572308242321014	4606,25	-0,425951451063156					4606,25	-0,480980813503265			4606,25	0,516406118869781	4606,25	0,856487572193146					4606,25	0,844495415687561	
		4609,375	0,572865605354309	4609,375	-0,424928843975067					4609,375	-0,479395806789398			4609,375	0,517506062984467	4609,375	0,860859096050262					4609,375	0,849536955356598	
		4612,5	0,572752296924591	4612,5	-0,417613297700882					4612,5	-0,470464289188385			4612,5	0,515418946743011	4612,5	0,86121267080307					4612,5	0,850262343883514	
		4615,625	0,57068145275116	4615,625	-0,417967915534973					4615,625	-0,471737414598465			4615,625	0,514906823635101	4615,625	0,858521461486816					4615,625	0,847365498542786	
		4618,75	0,57160097360611	4618,75	-0,415999919176102					4618,75	-0,469625174999237			4618,75	0,514969766139984	4618,75	0,863337337970734					4618,75	0,853392660617828	
		4621,875	0,569499015808105	4621,875	-0,414940983057022					4621,875	-0,467585653066635			4621,875	0,514040172100067	4621,875	0,860995471477509					4621,875	0,852441668510437	
		4625	0,56947261095047	4625	-0,401578366756439					4625	-0,453198671340942			4625	0,509506702423096	4625	0,859431624412537					4625	0,851403832435608	
		4628,125	0,569735050201416	4628,125	-0,403269529342651					4628,125	-0,453192621469498			4628,125	0,51086288690567	4628,125	0,863923132419586					4628,125	0,855705320835114	
		4631,25	0,566850781440735	4631,25	-0,400757968425751					4631,25	-0,449523776769638			4631,25	0,50989556312561	4631,25	0,862734496593475					4631,25	0,855221271514893	
		4634,375	0,569685876369476	4634,375	-0,396053910255432					4634,375	-0,445468455553055			4634,375	0,509073555469513	4634,375	0,868047118186951					4634,375	0,860590934753418	
		4637,5	0,568480372428894	4637,5	-0,398745834827423					4637,5	-0,447059661149979			4637,5	0,51090270280838	4637,5	0,868728876113892					4637,5	0,861514985561371	
		4640,625	0,566723883152008	4640,625	-0,399685144424438					4640,625	-0,446406871080399			4640,625	0,510556936264038	4640,625	0,868237376213074					4640,625	0,863006353378296	
		4643,75	0,568241715431213	4643,75	-0,388356685638428					4643,75	-0,435664683580399			4643,75	0,507899105548859	4643,75	0,86809116601944					4643,75	0,863174319267273	
		4646,875	0,566854119300842	4646,875	-0,389057636260986					4646,875	-0,436512142419815			4646,875	0,508489072322845	4646,875	0,868534028530121					4646,875	0,86364734172821	
		4650	0,565170228481293	4650	-0,38553112745285					4650	-0,431768864393234			4650	0,508013367652893	4650	0,869265198707581					4650	0,865079879760742	
		4653,125	0,566059350967407	4653,125	-0,383114874362946					4653,125	-0,428798109292984			4653,125	0,508041679859161	4653,125	0,872452676296234					4653,125	0,868658483028412	
		4656,25	0,566518425941467	4656,25	-0,380493134260178					4656,25	-0,425348490476608			4656,25	0,507362961769104	4656,25	0,874146699905396					4656,25	0,869835674762726	
		4659,375	0,565738618373871	4659,375	-0,381244361400604					4659,375	-0,425082683563232			4659,375	0,508680939674377	4659,375	0,876390993595123					4659,375	0,871577560901642	
		4662,5	0,569966971874237	4662,5	-0,376574784517288					4662,5	-0,421138912439346			4662,5	0,510636806488037	4662,5	0,88364452123642					4662,5	0,880382180213928	
		4665,625	0,567071437835693	4665,625	-0,369569599628448					4665,625	-0,41385692358017			4665,625	0,50549840927124	4665,625	0,879360854625702					4665,625	0,877182960510254	
		4668,75	0,563922882080078	4668,75	-0,372903913259506					4668,75	-0,415296137332916			4668,75	0,506482064723969	4668,75	0,875419557094574					4668,75	0,873386025428772	
		4671,875	0,565188705921173	4671,875	-0,361112892627716					4671,875	-0,402721434831619			4671,875	0,501505255699158	4671,875	0,876962661743164					4671,875	0,875596165657043	
		4675	0,564019799232483	4675	-0,361971616744995					4675	-0,404216051101685			4675	0,503023386001587	4675	0,875234723091125					4675	0,875298917293549	
		4678,125	0,565518856048584	4678,125	-0,359707564115524					4678,125	-0,401661932468414			4678,125	0,504637598991394	4678,125	0,881122410297394					4678,125	0,881109535694122	
		4681,25	0,561013042926788	4681,25	-0,356300264596939					4681,25	-0,396268844604492			4681,25	0,500168681144714	4681,25	0,874712884426117					4681,25	0,874350130558014	
		4684,375	0,563824534416199	4684,375	-0,355015635490417					4684,375	-0,394467890262604			4684,375	0,501235544681549	4684,375	0,881000459194183					4684,375	0,880941212177277	
		4687,5	0,565377056598663	4687,5	-0,349939167499542					4687,5	-0,388750076293945			4687,5	0,502247333526611	4687,5	0,88371729850769					4687,5	0,883161127567291	
		4690,625	0,562839090824127	4690,625	-0,348919779062271					4690,625	-0,386444836854935			4690,625	0,502772748470306	4690,625	0,879805088043213					4690,625	0,880634367465973	
		4693,75	0,562328994274139	4693,75	-0,345000118017197					4693,75	-0,383131086826324			4693,75	0,501580357551575	4693,75	0,880266129970551					4693,75	0,88182806968689	
		4696,875	0,563806235790253	4696,875	-0,342113822698593					4696,875	-0,379391133785248			4696,875	0,501382529735565	4696,875	0,883986711502075					4696,875	0,885586738586426	
		4700	0,564192235469818	4700	-0,343556374311447					4700	-0,379719436168671			4700	0,502534151077271	4700	0,890093147754669					4700	0,89187616109848	
		4703,125	0,565356969833374	4703,125	-0,33479642868042					4703,125	-0,367915630340576			4703,125	0,500927686691284	4703,125	0,887459397315979					4703,125	0,889831602573395	
		4706,25	0,56498509645462	4706,25	-0,332543283700943					4706,25	-0,365436196327209			4706,25	0,500240325927734	4706,25	0,886797428131104					4706,25	0,888826489448547	
		4709,375	0,56613165140152	4709,375	-0,330385088920593					4709,375	-0,362891644239426			4709,375	0,499696016311646	4709,375	0,891050815582275					4709,375	0,89475429058075	
		4712,5	0,56553703546524	4712,5	-0,326297372579575					4712,5	-0,35897758603096			4712,5	0,499486476182938	4712,5	0,890284180641174					4712,5	0,894972205162048	
		4715,625	0,564633727073669	4715,625	-0,322230070829391					4715,625	-0,354846209287643			4715,625	0,499278992414474	4715,625	0,88823139667511					4715,625	0,893179535865784	
		4718,75	0,563209533691406	4718,75	-0,319552779197693					4718,75	-0,351985156536102			4718,75	0,497724622488022	4718,75	0,885919868946075					4718,75	0,89028400182724	
		4721,875	0,565577983856201	4721,875	-0,31647315621376					4721,875	-0,348917365074158			4721,875	0,497125238180161	4721,875	0,889376878738403					4721,875	0,89534068107605	
		4725	0,565755426883698	4725	-0,316689938306808					4725	-0,348041594028473			4725	0,498825341463089	4725	0,893597304821014					4725	0,899277031421661	
		4728,125	0,566044807434082	4728,125	-0,313029289245605					4728,125	-0,343390822410584			4728,125	0,499396026134491	4728,125	0,896149694919586					4728,125	0,901107370853424	
		4731,25	0,568439185619354	4731,25	-0,309604644775391					4731,25	-0,339461296796799			4731,25	0,499595463275909	4731,25	0,899228572845459					4731,25	0,905387997627258	
		4734,375	0,567754924297333	4734,375	-0,309327006340027					4734,375	-0,337838232517242			4734,375	0,498616009950638	4734,375	0,897671103477478					4734,375	0,904680371284485	
		4737,5	0,56777435541153	4737,5	-0,303540617227554					4737,5	-0,331941187381744			4737,5	0,497627407312393	4737,5	0,896978318691254					4737,5	0,904654562473297	
		4740,625	0,567028224468231	4740,625	-0,299685388803482					4740,625	-0,327025949954987			4740,625	0,495792299509048	4740,625	0,897287905216217					4740,625	0,904004395008087	
		4743,75	0,568248808383942	4743,75	-0,292931526899338					4743,75	-0,320726960897446			4743,75	0,493864178657532	4743,75	0,898967325687408					4743,75	0,904481053352356	
		4746,875	0,566492974758148	4746,875	-0,293287336826324					4746,875	-0,320435076951981			4746,875	0,495044022798538	4746,875	0,897818505764008					4746,875	0,904035210609436	
		4750	0,567046523094177	4750	-0,2918541431427					4750	-0,317279756069183			4750	0,495557367801666	4750	0,899483740329742					4750	0,906928420066834	
		4753,125	0,569475829601288	4753,125	-0,287231683731079					4753,125	-0,312507033348084			4753,125	0,493588089942932	4753,125	0,90436464548111					4753,125	0,913381338119507	
		4756,25	0,569150507450104	4756,25	-0,285084277391434					4756,25	-0,308917939662933			4756,25	0,493947505950928	4756,25	0,906005561351776					4756,25	0,914408981800079	
		4759,375	0,570623159408569	4759,375	-0,27915695309639					4759,375	-0,30343097448349			4759,375	0,492485523223877	4759,375	0,903606593608856					4759,375	0,912759482860565	
		4762,5	0,571269154548645	4762,5	-0,276101261377335					4762,5	-0,299527168273926			4762,5	0,493792563676834	4762,5	0,904691815376282					4762,5	0,912392139434814	
		4765,625	0,571521401405334	4765,625	-0,274358093738556					4765,625	-0,297520488500595			4765,625	0,494945973157883	4765,625	0,907323837280273					4765,625	0,913869857788086	
		4768,75	0,571620285511017	4768,75	-0,271195292472839					4768,75	-0,293256551027298			4768,75	0,493048042058945	4768,75	0,909054458141327					4768,75	0,91604620218277	
		4771,875	0,571734249591827	4771,875	-0,271299034357071					4771,875	-0,292214095592499			4771,875	0,49291130900383	4771,875	0,910527646541595					4771,875	0,917906522750854	
		4775	0,572151064872742	4775	-0,26069837808609					4775	-0,281284898519516			4775	0,487565398216248	4775	0,909043788909912					4775	0,91522741317749	
		4778,125	0,574730575084686	4778,125	-0,25846740603447					4778,125	-0,278740584850311			4778,125	0,489693969488144	4778,125	0,916656196117401					4778,125	0,925479233264923	
		4781,25	0,573577523231506	4781,25	-0,25790873169899					4781,25	-0,276878237724304			4781,25	0,489322185516357	4781,25	0,912632167339325					4781,25	0,921534180641174	
		4784,375	0,575252115726471	4784,375	-0,254765272140503					4784,375	-0,273925364017487			4784,375	0,489359468221664	4784,375	0,915864527225494					4784,375	0,924299776554108	
		4787,5	0,576581120491028	4787,5	-0,247104242444038					4787,5	-0,267367094755173			4787,5	0,488564878702164	4787,5	0,918302595615387					4787,5	0,925266087055206	
		4790,625	0,576110899448395	4790,625	-0,246160909533501					4790,625	-0,26488208770752			4790,625	0,48915559053421	4790,625	0,918499410152435					4790,625	0,92490017414093	
		4793,75	0,579037010669708	4793,75	-0,241734281182289					4793,75	-0,261106014251709			4793,75	0,488266795873642	4793,75	0,924171209335327					4793,75	0,932974398136139	
		4796,875	0,578624904155731	4796,875	-0,239665925502777					4796,875	-0,258282214403152			4796,875	0,486744731664658	4796,875	0,927129983901978					4796,875	0,935105443000793	
		4800	0,578408479690552	4800	-0,236114293336868					4800	-0,254800140857697			4800	0,485912352800369	4800	0,924527645111084					4800	0,93320244550705	
		4803,125	0,58253937959671	4803,125	-0,228778541088104					4803,125	-0,249053657054901			4803,125	0,485020220279694	4803,125	0,928322374820709					4803,125	0,938875436782837	
		4806,25	0,581513583660126	4806,25	-0,223916575312614					4806,25	-0,244022518396378			4806,25	0,484622418880463	4806,25	0,930503368377686					4806,25	0,939279556274414	
		4809,375	0,580619037151337	4809,375	-0,222453504800797					4809,375	-0,242823153734207			4809,375	0,48585233092308	4809,375	0,932477533817291					4809,375	0,940179824829102	
		4812,5	0,584535777568817	4812,5	-0,213544517755508					4812,5	-0,235991939902306			4812,5	0,484324723482132	4812,5	0,938584864139557					4812,5	0,948015093803406	
		4815,625	0,583038508892059	4815,625	-0,211798071861267					4815,625	-0,23383791744709			4815,625	0,483867168426514	4815,625	0,937428116798401					4815,625	0,947498679161072	
		4818,75	0,583089649677277	4818,75	-0,210854470729828					4818,75	-0,233523070812225			4818,75	0,483248233795166	4818,75	0,936458885669708					4818,75	0,947591662406921	
		4821,875	0,58609014749527	4821,875	-0,203356549143791					4821,875	-0,221871629357338			4821,875	0,482364803552628	4821,875	0,940654397010803					4821,875	0,952814221382141	
		4825	0,585087954998016	4825	-0,201301500201225					4825	-0,220592930912971			4825	0,481622219085693	4825	0,941751301288605					4825	0,955798625946045	
		4828,125	0,584344744682312	4828,125	-0,194700479507446					4828,125	-0,215444937348366			4828,125	0,480432838201523	4828,125	0,940757989883423					4828,125	0,9578937292099	
		4831,25	0,583602964878082	4831,25	-0,188642635941505					4831,25	-0,208824127912521			4831,25	0,479156166315079	4831,25	0,937418103218079					4831,25	0,954304158687592	
		4834,375	0,585190415382385	4834,375	-0,18162202835083					4834,375	-0,199506863951683			4834,375	0,477923214435577	4834,375	0,94312971830368					4834,375	0,962690234184265	
		4837,5	0,586210608482361	4837,5	-0,178775906562805					4837,5	-0,196887463331223			4837,5	0,478165775537491	4837,5	0,944535076618195					4837,5	0,965969264507294	
		4840,625	0,585950911045074	4840,625	-0,172042459249496					4840,625	-0,18690849840641			4840,625	0,476174503564835	4840,625	0,945537626743317					4840,625	0,96826696395874	
		4843,75	0,585508167743683	4843,75	-0,172179117798805					4843,75	-0,185197606682777			4843,75	0,47706350684166	4843,75	0,947384059429169					4843,75	0,973748683929443	
		4846,875	0,586952090263367	4846,875	-0,169549360871315					4846,875	-0,182411164045334			4846,875	0,477320283651352	4846,875	0,949062943458557					4846,875	0,976948499679565	
		4850	0,588399052619934	4850	-0,15765905380249					4850	-0,169461473822594			4850	0,474401354789734	4850	0,951395034790039					4850	0,97808849811554	
		4853,125	0,587290585041046	4853,125	-0,150029629468918					4853,125	-0,159075289964676			4853,125	0,471963971853256	4853,125	0,953037858009338					4853,125	0,980288028717041	
		4856,25	0,586986184120178	4856,25	-0,148571893572807					4856,25	-0,154381111264229			4856,25	0,471686124801636	4856,25	0,951984345912933					4856,25	0,981323182582855	
		4859,375	0,588943779468536	4859,375	-0,144102409482002					4859,375	-0,146040394902229			4859,375	0,471581488847733	4859,375	0,951225340366364					4859,375	0,982507050037384	
		4862,5	0,586275577545166	4862,5	-0,141370177268982					4862,5	-0,143106549978256			4862,5	0,472399204969406	4862,5	0,9490926861763					4862,5	0,978851616382599	
		4865,625	0,587059378623962	4865,625	-0,133476346731186					4865,625	-0,133653447031975			4865,625	0,472249120473862	4865,625	0,952266335487366					4865,625	0,982869267463684	
		4868,75	0,588127493858337	4868,75	-0,130219340324402					4868,75	-0,128685295581818			4868,75	0,471745789051056	4868,75	0,952324867248535					4868,75	0,984765410423279	
		4871,875	0,590606033802032	4871,875	-0,127271622419357					4871,875	-0,121712684631348			4871,875	0,471065521240234	4871,875	0,957506716251373					4871,875	0,988068103790283	
		4875	0,589175760746002	4875	-0,124449260532856					4875	-0,11211134493351			4875	0,472079396247864	4875	0,95708692073822					4875	0,983831167221069	
		4878,125	0,590230405330658	4878,125	-0,113162733614445					4878,125	-0,102381460368633			4878,125	0,471012622117996	4878,125	0,956459283828735					4878,125	0,981682777404785	
		4881,25	0,590016722679138	4881,25	-0,113457679748535					4881,25	-0,104267001152039			4881,25	0,472830206155777	4881,25	0,958275079727173					4881,25	0,985428750514984	
		4884,375	0,589101493358612	4884,375	-0,110795766115189					4884,375	-0,0975497290492058			4884,375	0,472120463848114	4884,375	0,957063794136047					4884,375	0,982256770133972	
		4887,5	0,589089453220367	4887,5	-0,107965968549252					4887,5	-0,093740314245224			4887,5	0,473567277193069	4887,5	0,958767831325531					4887,5	0,982958316802979	
		4890,625	0,58797150850296	4890,625	-0,0992183536291122					4890,625	-0,0840040221810341			4890,625	0,471822440624237	4890,625	0,957079291343689					4890,625	0,979370474815369	
		4893,75	0,591896593570709	4893,75	-0,0910050794482231					4893,75	-0,0738199725747108			4893,75	0,469500660896301	4893,75	0,95823860168457					4893,75	0,978421807289124	
		4896,875	0,594547092914581	4896,875	-0,0883282199501991					4896,875	-0,0722894221544266			4896,875	0,47156023979187	4896,875	0,964440584182739					4896,875	0,985360205173492	
		4900	0,597124338150024	4900	-0,0835647583007813					4900	-0,0679926052689552			4900	0,471646308898926	4900	0,96907252073288					4900	0,990595817565918	
		4903,125	0,595784306526184	4903,125	-0,0763408988714218					4903,125	-0,0600734874606133			4903,125	0,469368934631348	4903,125	0,964472472667694					4903,125	0,983563244342804	
		4906,25	0,593779861927032	4906,25	-0,0720909759402275					4906,25	-0,0562762804329395			4906,25	0,467682421207428	4906,25	0,960172355175018					4906,25	0,97806316614151	
		4909,375	0,596634864807129	4909,375	-0,0627360194921494					4909,375	-0,0416445322334766			4909,375	0,463708013296127	4909,375	0,960220038890839					4909,375	0,977541327476501	
		4912,5	0,597391188144684	4912,5	-0,0596347935497761					4912,5	-0,0389970317482948			4912,5	0,465480476617813	4912,5	0,963122248649597					4912,5	0,981594443321228	
		4915,625	0,59969300031662	4915,625	-0,0573819316923618					4915,625	-0,0321463160216808			4915,625	0,466094940900803	4915,625	0,971638798713684					4915,625	0,989878058433533	
		4918,75	0,597629904747009	4918,75	-0,051727294921875					4918,75	-0,0258588548749685			4918,75	0,462776005268097	4918,75	0,964552700519562					4918,75	0,983399629592896	
		4921,875	0,598636567592621	4921,875	-0,0456630662083626					4921,875	-0,0207580160349607			4921,875	0,461914032697678	4921,875	0,962867558002472					4921,875	0,981583595275879	
		4925	0,599997341632843	4925	-0,0381249636411667					4925	-0,0140282362699509			4925	0,461407065391541	4925	0,964985549449921					4925	0,982830822467804	
		4928,125	0,600395619869232	4928,125	-0,0300204642117023					4928,125	-0,00514136627316475			4928,125	0,458771497011185	4928,125	0,967024743556976					4928,125	0,981368899345398	
		4931,25	0,59981632232666	4931,25	-0,0274107363075018					4931,25	-0,000375680130673572			4931,25	0,460236340761185	4931,25	0,967572569847107					4931,25	0,980347514152527	
		4934,375	0,601327121257782	4934,375	-0,0207601767033339					4934,375	0,00987808685749769			4934,375	0,457349330186844	4934,375	0,969177603721619					4934,375	0,979924440383911	
		4937,5	0,598556280136108	4937,5	-0,0171194355934858					4937,5	0,0116232223808765			4937,5	0,455454796552658	4937,5	0,96506142616272					4937,5	0,9754998087883	
		4940,625	0,600560367107391	4940,625	-0,0101031279191375					4940,625	0,0166074726730585			4940,625	0,453969389200211	4940,625	0,966093122959137					4940,625	0,977842509746552	
		4943,75	0,601839184761047	4943,75	-0,00243305182084441					4943,75	0,0230676289647818			4943,75	0,452278107404709	4943,75	0,967788398265839					4943,75	0,975766360759735	
		4946,875	0,600349307060242	4946,875	-0,000663677288684994					4946,875	0,0260698478668928			4946,875	0,450509607791901	4946,875	0,965994894504547					4946,875	0,972458600997925	
		4950	0,598624467849731	4950	0,00735922809690237					4950	0,0413569658994675			4950	0,446951925754547	4950	0,962181687355042					4950	0,970185339450836	
		4953,125	0,599225640296936	4953,125	0,0143704358488321					4953,125	0,0410747230052948			4953,125	0,447088211774826	4953,125	0,966084063053131					4953,125	0,970611095428467	
		4956,25	0,599744558334351	4956,25	0,0234407782554626					4956,25	0,0520890280604362			4956,25	0,44480174779892	4956,25	0,965480327606201					4956,25	0,972979187965393	
		4959,375	0,597148478031158	4959,375	0,0261187124997377					4959,375	0,0552175082266331			4959,375	0,443041503429413	4959,375	0,965167462825775					4959,375	0,968993663787842	
		4962,5	0,596612870693207	4962,5	0,0323220528662205					4962,5	0,0621242560446262			4962,5	0,442390531301498	4962,5	0,965436279773712					4962,5	0,968448042869568	
		4965,625	0,59411484003067	4965,625	0,0379273556172848					4965,625	0,0713076516985893			4965,625	0,43947896361351	4965,625	0,957931220531464					4965,625	0,962397813796997	
		4968,75	0,594411432743073	4968,75	0,0520281083881855					4968,75	0,0853194072842598			4968,75	0,435212284326553	4968,75	0,961810410022736					4968,75	0,962850213050842	
		4971,875	0,5934077501297	4971,875	0,0580594316124916					4971,875	0,0915805399417877			4971,875	0,434474557638168	4971,875	0,961284577846527					4971,875	0,962173044681549	
		4975	0,591910839080811	4975	0,0608893819153309					4975	0,0936620458960533			4975	0,434796750545502	4975	0,958196818828583					4975	0,956492841243744	
																								
