target,target_name,frequency_hz,parameter,base_sample_size,S1,ST,ST_minus_S1,S1_ci_low,S1_ci_high,ST_ci_low,ST_ci_high,output_variance
re,R_real,100,sigma,4096,0.842785859561735,0.844033768688202,0.00124790912646733,0.835703205062656,0.849078788409216,0.815932289458046,0.878066004311492,2.97083266989804e-05
re,R_real,100,alpha_infinity,4096,0.000309354134216511,0.000731546767914446,0.000422192633697935,-0.030269377324333,0.0322729285949541,0.000676603533330226,0.000789866718472284,2.97083266989804e-05
re,R_real,100,lambda,4096,-8.65209696776503e-07,0.000575702861190653,0.000576568070887429,-0.0304912533262767,0.0326640069705865,0.00053142412395309,0.000628922162918857,2.97083266989804e-05
re,R_real,100,lambda_prime,4096,0.00669332086638164,0.0113276777193948,0.00463435685301316,-0.0235571130842094,0.0380179380841681,0.0105042095686768,0.0124154624722856,2.97083266989804e-05
re,R_real,100,k0_prime,4096,0.142896684705209,0.151027659763583,0.0081309750583741,0.110006094687969,0.169358745234153,0.144264249130516,0.158265635617047,2.97083266989804e-05
re,R_real,138.188976377953,sigma,4096,0.889244151872746,0.891748364799178,0.00250421292643166,0.882846144231017,0.8936824579282,0.862747286828536,0.928822347541776,7.75619722852733e-05
re,R_real,138.188976377953,alpha_infinity,4096,-0.00023015831686557,0.000849941784066614,0.00108010010093218,-0.0307654539160915,0.0310195595349438,0.000777733882196835,0.000925588346899525,7.75619722852733e-05
re,R_real,138.188976377953,lambda,4096,6.87959839120733e-05,0.000644021708215019,0.000575225724302945,-0.0322892436315838,0.0318141413930063,0.000589558607442608,0.00070381830053477,7.75619722852733e-05
re,R_real,138.188976377953,lambda_prime,4096,0.00994068175340657,0.0166930477807271,0.00675236602732058,-0.0219377128469496,0.041888306200887,0.015449327738159,0.0181860655324555,7.75619722852733e-05
re,R_real,138.188976377953,k0_prime,4096,0.0893608084169977,0.100738461720671,0.0113776533036731,0.0548670342461027,0.119372140479686,0.0955766412853579,0.10613856548311,7.75619722852733e-05
re,R_real,176.377952755906,sigma,4096,0.924669346513361,0.931250308880467,0.00658096236710637,0.920096559724379,0.928352770484761,0.903720732084282,0.971603675163741,0.000140875231507377
re,R_real,176.377952755906,alpha_infinity,4096,-0.000205052924556748,0.00131178928160883,0.00151684220616557,-0.0303557745557321,0.0314065071348414,0.00122388869181122,0.00142581537029386,0.000140875231507377
re,R_real,176.377952755906,lambda,4096,-0.000317467042568076,0.00087851849743413,0.00119598554000221,-0.0308773916968044,0.0295719551353092,0.000805158214084332,0.000954913915928826,0.000140875231507377
re,R_real,176.377952755906,lambda_prime,4096,0.0113125209616508,0.0198379295868861,0.00852540862523534,-0.0229810078682737,0.04503679854498,0.0185546963333035,0.0213387975378826,0.000140875231507377
re,R_real,176.377952755906,k0_prime,4096,0.0469076129673955,0.0619084918901,0.0150008789227045,0.011085300121378,0.0793052156148407,0.0581863691462487,0.0661266035642103,0.000140875231507377
re,R_real,214.566929133858,sigma,4096,0.94187342158988,0.951813049363188,0.0099396277733077,0.938486005823051,0.945153175087373,0.921210406331282,0.994360407584172,0.000203947465875452
re,R_real,214.566929133858,alpha_infinity,4096,0.000422443497675062,0.00268188221435501,0.00225943871667995,-0.0309853237020328,0.0349627447033855,0.00252685626285265,0.0029083196874785,0.000203947465875452
re,R_real,214.566929133858,lambda,4096,0.000293815293520128,0.0015113672090622,0.00121755191554207,-0.0304048594957156,0.029377411014423,0.00138476017810558,0.00162791269522244,0.000203947465875452
re,R_real,214.566929133858,lambda_prime,4096,0.0113417977437807,0.0204158075661532,0.00907400982237241,-0.022658084578725,0.0461280902801249,0.0192973847684861,0.0221847139084686,0.000203947465875452
re,R_real,214.566929133858,k0_prime,4096,0.0240890201194134,0.0418380319333516,0.0177490118139382,-0.0115614268247801,0.0577135356847065,0.0389926627911121,0.0448523648112465,0.000203947465875452
re,R_real,252.755905511811,sigma,4096,0.934177337391864,0.946517733840905,0.0123403964490407,0.931307814261569,0.93779815290357,0.914180527118571,0.986271338002602,0.000249229115203195
re,R_real,252.755905511811,alpha_infinity,4096,0.00251741380802573,0.00487492300815167,0.00235750920012595,-0.0310503199987029,0.0398005845434783,0.00460851753720631,0.00520357539929991,0.000249229115203195
re,R_real,252.755905511811,lambda,4096,0.00165997869785306,0.00267575758095605,0.00101577888310299,-0.031323928608431,0.0341864710922922,0.00243984612266247,0.00292185738062016,0.000249229115203195
re,R_real,252.755905511811,lambda_prime,4096,0.0103891473662379,0.019475286662153,0.00908613929591511,-0.025085173039695,0.0441849701471588,0.0181206628458767,0.0210225499219273,0.000249229115203195
re,R_real,252.755905511811,k0_prime,4096,0.0285155386439268,0.0467950180816048,0.018279479437678,-0.00688178000959483,0.0618721701417018,0.0447660918945644,0.0488804577429459,0.000249229115203195
re,R_real,290.944881889764,sigma,4096,0.889763133068849,0.90725097950672,0.0174878464378709,0.88449782214022,0.895118636266671,0.87479261178311,0.940665620392336,0.00027340113469234
re,R_real,290.944881889764,alpha_infinity,4096,0.00634565438799317,0.00886191623896917,0.002516261850976,-0.0309974914895752,0.0424916401346253,0.00833076104551727,0.00938929148216338,0.00027340113469234
re,R_real,290.944881889764,lambda,4096,0.00323021653133937,0.0054314800952162,0.00220126356387684,-0.035361334326377,0.0385333337218795,0.00488176595088855,0.00600360332506488,0.00027340113469234
re,R_real,290.944881889764,lambda_prime,4096,0.00795103601224534,0.0170901055298398,0.00913906951759448,-0.0311086606284259,0.0431619773524164,0.0156447705546638,0.0185976110183706,0.00027340113469234
re,R_real,290.944881889764,k0_prime,4096,0.0672586913884371,0.0864729656510863,0.0192142742626492,0.0329772796016521,0.101499435863787,0.0833709027132018,0.0907471681058174,0.00027340113469234
re,R_real,329.133858267717,sigma,4096,0.793506330100369,0.813545497582569,0.0200391674821998,0.782781978561256,0.802045804622883,0.777470030721914,0.850356813911102,0.000274367768920341
re,R_real,329.133858267717,alpha_infinity,4096,0.0138617603166742,0.0183885121580041,0.00452675184132991,-0.0230806627331899,0.0443704246069505,0.0172783630023108,0.0196450783237863,0.000274367768920341
re,R_real,329.133858267717,lambda,4096,0.00656004120022891,0.0109503201575387,0.00439027895730976,-0.027548790525882,0.0366082117697768,0.00976621801286601,0.0123239676975755,0.000274367768920341
re,R_real,329.133858267717,lambda_prime,4096,0.00464246853160155,0.0150691414299423,0.0104266728983407,-0.0336836689477888,0.0328902303260356,0.0135927888297622,0.0164037403661955,0.000274367768920341
re,R_real,329.133858267717,k0_prime,4096,0.150816320301958,0.171091406400112,0.0202750860981542,0.119717948721006,0.18473148078361,0.164461600697333,0.181221435256211,0.000274367768920341
re,R_real,367.322834645669,sigma,4096,0.628597094409961,0.653984445691855,0.0253873512818943,0.608007267339898,0.642437224857207,0.622942011740267,0.68501034803053,0.000261550099234335
re,R_real,367.322834645669,alpha_infinity,4096,0.0257144984718288,0.0335738501948122,0.00785935172298341,-0.0107596361175621,0.0584221158679088,0.0310964235714369,0.0359712355057427,0.000261550099234335
re,R_real,367.322834645669,lambda,4096,0.0118550552360399,0.0213882494185446,0.00953319418250473,-0.0199462770990535,0.0457090991886092,0.0186921451232816,0.0240435394163845,0.000261550099234335
re,R_real,367.322834645669,lambda_prime,4096,0.00189683020575382,0.0154513266299032,0.0135544964241494,-0.0290442100882722,0.0324904131806669,0.0142112802839791,0.0169529249814157,0.000261550099234335
re,R_real,367.322834645669,k0_prime,4096,0.293846475718949,0.315358023237821,0.0215115475188721,0.265257926569123,0.319273812269025,0.30153642190143,0.330011514227166,0.000261550099234335
re,R_real,405.511811023622,sigma,4096,0.401466461984068,0.434967098160542,0.0335006361764736,0.36798519666599,0.427519928412255,0.412203140813298,0.45549023647513,0.000257132148036838
re,R_real,405.511811023622,alpha_infinity,4096,0.045365020743554,0.057687968501229,0.0123229477576751,0.0103205712624699,0.0733965986331698,0.05307266116522,0.0622473584519474,0.000257132148036838
re,R_real,405.511811023622,lambda,4096,0.0214148016654842,0.0390116749713134,0.0175968733058293,-0.0106645061857644,0.0484244446863676,0.0342218417635569,0.0439700546419462,0.000257132148036838
re,R_real,405.511811023622,lambda_prime,4096,0.00147172654084404,0.0180848623491925,0.0166131358083484,-0.0284286506761127,0.0297707389054497,0.0170291984282688,0.0194058028155603,0.000257132148036838
re,R_real,405.511811023622,k0_prime,4096,0.479057530506119,0.504361855078001,0.0253043245718818,0.45806635751034,0.498681232363453,0.483039436526313,0.529455131814694,0.000257132148036838
re,R_real,443.700787401575,sigma,4096,0.19221685980286,0.237857625055484,0.0456407652526243,0.150560318865209,0.223606298786272,0.224288259767295,0.249160955277602,0.000278714166678616
re,R_real,443.700787401575,alpha_infinity,4096,0.0649685216461835,0.0863584964638794,0.0213899748176959,0.03328695287019,0.0912670316148378,0.0791346955405069,0.0932100800219605,0.000278714166678616
re,R_real,443.700787401575,lambda,4096,0.0276472801127319,0.0562709940559879,0.0286237139432561,-0.00568109611293455,0.0545253229996209,0.0487380411535985,0.063711235067682,0.000278714166678616
re,R_real,443.700787401575,lambda_prime,4096,0.00234475727307726,0.022628365581373,0.0202836083082957,-0.0364609201274755,0.025707937333883,0.0210155928013836,0.0242168731890069,0.000278714166678616
re,R_real,443.700787401575,k0_prime,4096,0.639385705818759,0.670940466463118,0.0315547606443591,0.625841105558472,0.663905099440185,0.644243447403369,0.701867632218255,0.000278714166678616
re,R_real,481.889763779528,sigma,4096,0.123013030232685,0.1806840384047,0.0576710081720143,0.0802619321338298,0.14906519714109,0.170832364007807,0.188457299253305,0.000352781706555615
re,R_real,481.889763779528,alpha_infinity,4096,0.0764102047942061,0.102418167651644,0.0260079628574375,0.0452493775359963,0.109133121824431,0.0935322421401339,0.110603861171495,0.000352781706555615
re,R_real,481.889763779528,lambda,4096,0.0332816104005709,0.0696051690356032,0.0363235586350323,-0.00240123727928077,0.0610492616254799,0.0604595888217194,0.0794015224577777,0.000352781706555615
re,R_real,481.889763779528,lambda_prime,4096,0.00663081364651785,0.0296219343713464,0.0229911207248285,-0.0369842926552397,0.0292710434767824,0.0274763593275314,0.0318371851414011,0.000352781706555615
re,R_real,481.889763779528,k0_prime,4096,0.669254590074228,0.709522366551054,0.0402677764768254,0.65600750166214,0.68982226617495,0.68050669118292,0.741046931464504,0.000352781706555615
re,R_real,520.07874015748,sigma,4096,0.194122201811543,0.258202359408299,0.0640801575967564,0.149452910072236,0.221008495460589,0.243136639851728,0.274429170520366,0.000500437079269176
re,R_real,520.07874015748,alpha_infinity,4096,0.074436087307637,0.103084639727995,0.0286485524203579,0.0372001855600338,0.112103715256529,0.094630494348224,0.111168403719148,0.000500437079269176
re,R_real,520.07874015748,lambda,4096,0.0323549889609746,0.0719327862477676,0.0395777972867931,-0.00821151675002629,0.0637436604433171,0.0632807898311493,0.0822113543933123,0.000500437079269176
re,R_real,520.07874015748,lambda_prime,4096,0.0094200550388166,0.0316467369969018,0.0222266819580852,-0.0297733019746944,0.0371106174393726,0.029126159255896,0.0345815076806903,0.000500437079269176
re,R_real,520.07874015748,k0_prime,4096,0.589198146929431,0.633550172097948,0.0443520251685177,0.570997084618886,0.615530075520385,0.605920061458673,0.661588566641276,0.000500437079269176
re,R_real,558.267716535433,sigma,4096,0.319562485411532,0.388703842229984,0.0691413568184522,0.281348714695804,0.347771927516556,0.367272621928255,0.414712550672556,0.000742179490307944
re,R_real,558.267716535433,alpha_infinity,4096,0.0675042140206323,0.0978138369840761,0.0303096229634438,0.0264603533956057,0.107811365233851,0.0900000819013859,0.105480049794684,0.000742179490307944
re,R_real,558.267716535433,lambda,4096,0.0290611465592279,0.0691848937284635,0.0401237471692356,-0.0130787275921156,0.0595363925382816,0.0614241612323269,0.0796028814744668,0.000742179490307944
re,R_real,558.267716535433,lambda_prime,4096,0.0107128729969554,0.0331064532309335,0.022393580233978,-0.021414164276309,0.040733534200413,0.0306040761927206,0.0363056500224611,0.000742179490307944
re,R_real,558.267716535433,k0_prime,4096,0.466107999338893,0.512428602244952,0.046320602906059,0.4424230008747,0.490721415544628,0.48698802828345,0.539626101609536,0.000742179490307944
re,R_real,596.456692913386,sigma,4096,0.441258233863022,0.508385139037175,0.0671269051741524,0.404870381390896,0.464898958254145,0.482475346003528,0.541506694180183,0.00109866781980926
re,R_real,596.456692913386,alpha_infinity,4096,0.0601657170709505,0.0885324814584987,0.0283667643875482,0.0176345726780543,0.101152447455971,0.0813978400767468,0.095511675853731,0.00109866781980926
re,R_real,596.456692913386,lambda,4096,0.0257926933224728,0.0621123672417437,0.0363196739192709,-0.012784403107339,0.0572532882483342,0.055166244575015,0.071103605527966,0.00109866781980926
re,R_real,596.456692913386,lambda_prime,4096,0.0107399362997834,0.0297953843444086,0.0190554480446252,-0.0201972509908204,0.0407698020834983,0.0274914561270163,0.0326766437485651,0.00109866781980926
re,R_real,596.456692913386,k0_prime,4096,0.362019720487273,0.40670113408419,0.044681413596917,0.336795478802596,0.3869315145713,0.384443756202953,0.431365178267588,0.00109866781980926
re,R_real,634.645669291339,sigma,4096,0.540399530647646,0.607885593017641,0.0674860623699949,0.509894776574475,0.562994093829787,0.580260505383903,0.644676483721495,0.00158816312111286
re,R_real,634.645669291339,alpha_infinity,4096,0.0530598151018564,0.0809694117471974,0.027909596645341,0.0111593069216677,0.0950609467839602,0.0742765284397668,0.0878720288312383,0.00158816312111286
re,R_real,634.645669291339,lambda,4096,0.0218661195516454,0.0562092151624897,0.0343430956108443,-0.0157176599690882,0.053358355032126,0.0503376981199054,0.0643482057010878,0.00158816312111286
re,R_real,634.645669291339,lambda_prime,4096,0.0100664052474245,0.0273302582494941,0.0172638530020696,-0.0210829514640216,0.0427905745064043,0.0250288827024797,0.0300558089016179,0.00158816312111286
re,R_real,634.645669291339,k0_prime,4096,0.276974317064224,0.31872592457973,0.0417516075155057,0.250903038076526,0.305360083262516,0.300424375376743,0.339211608141669,0.00158816312111286
re,R_real,672.834645669291,sigma,4096,0.622752056184919,0.684827491026827,0.0620754348419077,0.597164996275725,0.640368496129954,0.654775778220844,0.722139029830621,0.00221124183723546
re,R_real,672.834645669291,alpha_infinity,4096,0.0468020271011962,0.0714670246522963,0.0246649975511001,0.00606546206704983,0.0871299793706162,0.065738776813843,0.0778324149458446,0.00221124183723546
re,R_real,672.834645669291,lambda,4096,0.0202075872817838,0.0497252781557831,0.0295176908739993,-0.0164626674818085,0.0526548077183423,0.0444112648936511,0.0572856416571494,0.00221124183723546
re,R_real,672.834645669291,lambda_prime,4096,0.0100466017602331,0.0240315816666377,0.0139849799064047,-0.0206222779574519,0.0439306334121472,0.021923615202242,0.0264862125219549,0.00221124183723546
re,R_real,672.834645669291,k0_prime,4096,0.214144580010586,0.252627367530721,0.0384827875201348,0.187111055457493,0.242152554848617,0.237952444957824,0.268584447200839,0.00221124183723546
re,R_real,711.023622047244,sigma,4096,0.685365737538958,0.743039125109495,0.0576733875705371,0.662772095821848,0.700922966219373,0.712848115089272,0.781262317773525,0.00296804268528446
re,R_real,711.023622047244,alpha_infinity,4096,0.0411384065491883,0.0643461460124431,0.0232077394632548,0.00245307893300573,0.0792178001656348,0.0585850325988291,0.0702771137545672,0.00296804268528446
re,R_real,711.023622047244,lambda,4096,0.0174974930618315,0.0444313011074218,0.0269338080455903,-0.0197695502899164,0.0498824436344876,0.0396497481308503,0.0508775444848056,0.00296804268528446
re,R_real,711.023622047244,lambda_prime,4096,0.00917540545088402,0.0217597166715055,0.0125843112206215,-0.0215671828732826,0.0426375874982623,0.019822332294278,0.0240008363299658,0.00296804268528446
re,R_real,711.023622047244,k0_prime,4096,0.167257956488121,0.201758964874475,0.0345010083863538,0.13962398779217,0.196571015160723,0.190375521002424,0.214410550376433,0.00296804268528446
re,R_real,749.212598425197,sigma,4096,0.733594997339471,0.788047299768583,0.0544523024291119,0.713912914970232,0.746539277947625,0.756299224419897,0.825324981220602,0.00384913555406675
re,R_real,749.212598425197,alpha_infinity,4096,0.0374522830171218,0.0584109874598637,0.020958704442742,-7.61147043102373e-05,0.0737031680700199,0.0534334609145784,0.0636634290718491,0.00384913555406675
re,R_real,749.212598425197,lambda,4096,0.0159587859039158,0.0396661979471493,0.0237074120432335,-0.021763562056718,0.0466688235141512,0.0356206590985622,0.045421120485932,0.00384913555406675
re,R_real,749.212598425197,lambda_prime,4096,0.00836503794858268,0.0189175008728262,0.0105524629242436,-0.0218424730355513,0.0406451151249135,0.0171811079479805,0.0208020197287306,0.00384913555406675
re,R_real,749.212598425197,k0_prime,4096,0.132712365703688,0.163390694543796,0.0306783288401077,0.1040072808102,0.161528018452185,0.15408437036915,0.17367657265763,0.00384913555406675
re,R_real,787.40157480315,sigma,4096,0.774523911691142,0.825873614071934,0.0513497023807918,0.756223884562077,0.786866492655876,0.792411786843804,0.861821666946716,0.00490296541334991
re,R_real,787.40157480315,alpha_infinity,4096,0.0330482597102683,0.0533734236949602,0.0203251639846919,-0.00217751098628494,0.0666300122321094,0.0488622794547944,0.0582186488261107,0.00490296541334991
re,R_real,787.40157480315,lambda,4096,0.0134468950506987,0.033937518826581,0.0204906237758823,-0.0226370241819811,0.0441882247062144,0.030594854914282,0.0386819686705094,0.00490296541334991
re,R_real,787.40157480315,lambda_prime,4096,0.00758926689083861,0.0168509829174847,0.00926171602664612,-0.0223590267221829,0.0397267274551371,0.015337394889237,0.0184994839408659,0.00490296541334991
re,R_real,787.40157480315,k0_prime,4096,0.105381008037828,0.13281241974239,0.0274314117045621,0.0750973282867985,0.135011709341149,0.12498550683083,0.141475277904836,0.00490296541334991
re,R_real,825.590551181102,sigma,4096,0.804937379093721,0.852917089831424,0.0479797107377032,0.788815972315765,0.815233738282612,0.818879039339121,0.889474138106037,0.00603192425590638
re,R_real,825.590551181102,alpha_infinity,4096,0.0314635363960345,0.0494052928078816,0.0179417564118471,-0.00529296290616665,0.0632748688258535,0.0453649553266717,0.0541846393377316,0.00603192425590638
re,R_real,825.590551181102,lambda,4096,0.0124230898218407,0.0304873149008584,0.0180642250790177,-0.0228269678798152,0.0440468696662002,0.0276278730254402,0.0346082509067358,0.00603192425590638
re,R_real,825.590551181102,lambda_prime,4096,0.00749049103355115,0.0152271520479797,0.00773666101442854,-0.023593354373078,0.0395125542052696,0.0139093289961464,0.016665538890154,0.00603192425590638
re,R_real,825.590551181102,k0_prime,4096,0.0843512615539842,0.10951735569295,0.0251660941389656,0.0538800968270268,0.115829304564381,0.102402992870477,0.116561139248871,0.00603192425590638
re,R_real,863.779527559055,sigma,4096,0.834127070881259,0.876951107339068,0.0428240364578091,0.820476811697096,0.843241644529852,0.84338390915152,0.913188194200327,0.00727721708248387
re,R_real,863.779527559055,alpha_infinity,4096,0.0288153018696872,0.0448658146025222,0.016050512732835,-0.00880325372698088,0.0598073850660215,0.0416556696203334,0.0488334076374331,0.00727721708248387
re,R_real,863.779527559055,lambda,4096,0.0113607495514046,0.0260045577088768,0.0146438081574722,-0.0239451694936696,0.0429224673081029,0.0237687300907429,0.0294723192576792,0.00727721708248387
re,R_real,863.779527559055,lambda_prime,4096,0.00690712595377352,0.0130876603624331,0.00618053440865955,-0.025416066260612,0.0382520085768858,0.0119767031059268,0.0143440400284453,0.00727721708248387
re,R_real,863.779527559055,k0_prime,4096,0.0684515114230244,0.089723188324158,0.0212716769011336,0.0366557863780486,0.10044132504896,0.0839908787369814,0.0956563463472085,0.00727721708248387
re,R_real,901.968503937008,sigma,4096,0.857487164812861,0.896061242811367,0.0385740779985063,0.846042661643386,0.865384720598016,0.862300992667711,0.933118632209336,0.00861017867211315
re,R_real,901.968503937008,alpha_infinity,4096,0.025832627579979,0.0403212799547433,0.0144886523747643,-0.0101712572816366,0.0570350875286233,0.0375133224492091,0.0438044487154617,0.00861017867211315
re,R_real,901.968503937008,lambda,4096,0.00953919885604015,0.0217835756550909,0.0122443767990507,-0.0245145936838636,0.0414126990949601,0.0198438566734857,0.024567882545297,0.00861017867211315
re,R_real,901.968503937008,lambda_prime,4096,0.00594449367982186,0.0117975774696878,0.0058530837898659,-0.0265732799859237,0.0378152612105499,0.0107318551042406,0.0128448102956762,0.00861017867211315
re,R_real,901.968503937008,k0_prime,4096,0.0557542860897791,0.0752283950611341,0.0194741089713551,0.0247663774922069,0.088091384867462,0.070013990009038,0.081081893062013,0.00861017867211315
re,R_real,940.157480314961,sigma,4096,0.877858590809896,0.912595611341929,0.0347370205320335,0.868415919285566,0.884987889497009,0.878149938783818,0.950477005977998,0.010097841921791
re,R_real,940.157480314961,alpha_infinity,4096,0.023116103093257,0.0364593447803062,0.0133432416870493,-0.0106604669681127,0.0545258663058429,0.0338187669557022,0.0397140410419094,0.010097841921791
re,R_real,940.157480314961,lambda,4096,0.00798417792349715,0.0177446643056296,0.00976048638213244,-0.0275925893371769,0.0400586210940445,0.0160785030081902,0.0197478879953247,0.010097841921791
re,R_real,940.157480314961,lambda_prime,4096,0.00509188771248104,0.0106429380406849,0.00555105032820389,-0.027261076100904,0.0390754096127373,0.00971924287435489,0.0115827138907046,0.010097841921791
re,R_real,940.157480314961,k0_prime,4096,0.0454575493142064,0.0628869997034765,0.01742945038927,0.0132450233830592,0.0769809367170319,0.0582886989194468,0.0678462441145931,0.010097841921791
re,R_real,978.346456692913,sigma,4096,0.894972858482299,0.926423933963901,0.0314510754816022,0.886685704846895,0.90068473853684,0.892147602974473,0.964798173572124,0.0115268247087119
re,R_real,978.346456692913,alpha_infinity,4096,0.0218857217488423,0.0328553904691879,0.0109696687203456,-0.0118946489986951,0.0539845887813447,0.0300740421976102,0.0358054951666733,0.0115268247087119
re,R_real,978.346456692913,lambda,4096,0.00734066574214043,0.0149815343039378,0.00764086856179737,-0.0292084623367075,0.0393399366300987,0.0135739340137499,0.0165679031409699,0.0115268247087119
re,R_real,978.346456692913,lambda_prime,4096,0.00538429908418869,0.00946494222702712,0.00408064314283843,-0.0269973561192638,0.0387585887000066,0.00867584368265275,0.0103298484731171,0.0115268247087119
re,R_real,978.346456692913,k0_prime,4096,0.0374418735309998,0.0525160777850993,0.0150742042540995,0.00481258648418348,0.0699312808255562,0.0487820760255599,0.0568506578053545,0.0115268247087119
re,R_real,1016.53543307087,sigma,4096,0.909436303254275,0.93749908179707,0.0280627785427945,0.90212790060911,0.914356045428344,0.902875748631577,0.975572797206545,0.0129387099716505
re,R_real,1016.53543307087,alpha_infinity,4096,0.0198399539388456,0.0297386752461826,0.009898721307337,-0.0141094500133199,0.0515807011381839,0.0271440710198573,0.0322815169862441,0.0129387099716505
re,R_real,1016.53543307087,lambda,4096,0.00606177428248866,0.0121235434675162,0.00606176918502752,-0.0307403724380637,0.038587519406115,0.0110616072259805,0.0132463964091903,0.0129387099716505
re,R_real,1016.53543307087,lambda_prime,4096,0.00460872144280833,0.00830814699132536,0.00369942554851703,-0.0281974996261782,0.0383519751681846,0.00757346803596987,0.0090616958374465,0.0129387099716505
re,R_real,1016.53543307087,k0_prime,4096,0.0319133873671628,0.0447511559268935,0.0128377685597307,-0.000675720232051757,0.0647162284692557,0.0414702821710842,0.0486084994096208,0.0129387099716505
re,R_real,1054.72440944882,sigma,4096,0.922192722020638,0.946000969192849,0.0238082471722111,0.916403496425716,0.926612695707689,0.913285212570349,0.987419221846447,0.0144292218267244
re,R_real,1054.72440944882,alpha_infinity,4096,0.0168007708959924,0.0258243845517425,0.00902361365575011,-0.0168243144231746,0.0505110351386255,0.023581424684184,0.0279975775306481,0.0144292218267244
re,R_real,1054.72440944882,lambda,4096,0.00538100541341258,0.0101528958651886,0.00477189045177601,-0.0310440046231302,0.0372106709049911,0.00930464303744181,0.0110300091950936,0.0144292218267244
re,R_real,1054.72440944882,lambda_prime,4096,0.0039209701409193,0.00743983997492164,0.00351886983400234,-0.0279607642318569,0.0355030818027448,0.00683594940779685,0.00813601682007147,0.0144292218267244
re,R_real,1054.72440944882,k0_prime,4096,0.0265015918950242,0.037865656572021,0.0113640646769968,-0.00667821495588172,0.0604109175238828,0.0347278288206991,0.0414471333403482,0.0144292218267244
re,R_real,1092.91338582677,sigma,4096,0.935767397381837,0.956111234525798,0.0203438371439613,0.931275762938398,0.939434992901328,0.924315670521788,0.999290719192506,0.0158454758086286
re,R_real,1092.91338582677,alpha_infinity,4096,0.0142889440757166,0.0227344549573561,0.00844551088163951,-0.0216142961572634,0.0481335600717774,0.0205061588262631,0.0247937069660174,0.0158454758086286
re,R_real,1092.91338582677,lambda,4096,0.00483435519945308,0.00793063738860321,0.00309628218915014,-0.0288577075625296,0.0377318224910579,0.00725720471949621,0.00874167674015754,0.0158454758086286
re,R_real,1092.91338582677,lambda_prime,4096,0.00385888387420819,0.00666655341672978,0.0028076695425216,-0.0285097802890648,0.0351490070820719,0.00612424169094479,0.00724790359364793,0.0158454758086286
re,R_real,1092.91338582677,k0_prime,4096,0.0205227723844443,0.030543523476365,0.0100207510919206,-0.0140182147100476,0.0527786154650459,0.0278997438039573,0.0332981745995143,0.0158454758086286
re,R_real,1131.10236220472,sigma,4096,0.945331022927116,0.963711248023752,0.0183802250966361,0.941315947342244,0.948507288883733,0.932290705419685,1.00743539106637,0.0173377226401635
re,R_real,1131.10236220472,alpha_infinity,4096,0.0140154713845921,0.0202169758793896,0.00620150449479741,-0.0226774284511166,0.0483113313108172,0.0182567660912337,0.022003994528704,0.0173377226401635
re,R_real,1131.10236220472,lambda,4096,0.00410157249984822,0.00606313723351233,0.00196156473366411,-0.0301215199091722,0.0379223195569529,0.00554756550223819,0.00659489744318925,0.0173377226401635
re,R_real,1131.10236220472,lambda_prime,4096,0.00357229649289126,0.00607085636173924,0.00249855986884799,-0.0299971672583565,0.0351604730913277,0.00555541647349973,0.00667370112352201,0.0173377226401635
re,R_real,1131.10236220472,k0_prime,4096,0.0170117041288012,0.0259368568115136,0.00892515268271247,-0.0176521519911763,0.0505913368597399,0.0234149529430636,0.0284810285863543,0.0173377226401635
re,R_real,1169.29133858268,sigma,4096,0.953484932288351,0.968468797089998,0.0149838648016475,0.95016072972475,0.95610068778717,0.936941335174105,1.01298199627035,0.0188529449395612
re,R_real,1169.29133858268,alpha_infinity,4096,0.0116585410431039,0.0179528412441255,0.00629430020102155,-0.0248541162080331,0.046117206562892,0.0160900241057096,0.0196030407243916,0.0188529449395612
re,R_real,1169.29133858268,lambda,4096,0.00328079720342633,0.00513950270629955,0.00185870550287322,-0.0309357168732318,0.0372452916759837,0.00466710118549163,0.00555043291269107,0.0188529449395612
re,R_real,1169.29133858268,lambda_prime,4096,0.00291085452828854,0.00538414016266078,0.00247328563437224,-0.0308397720803035,0.0345127197671031,0.0049581963698472,0.00585354198480009,0.0188529449395612
re,R_real,1169.29133858268,k0_prime,4096,0.0141806526715494,0.0223715675491944,0.00819091487764496,-0.0213518829733947,0.047439966168743,0.0198116828023017,0.0248945988556515,0.0188529449395612
re,R_real,1207.48031496063,sigma,4096,0.960545306049038,0.973621105032839,0.0130757989838016,0.957537212129139,0.962908020138531,0.943295637350504,1.01951664490328,0.0200123190260673
re,R_real,1207.48031496063,alpha_infinity,4096,0.0102800413944945,0.0159456341298137,0.00566559273531924,-0.0266544485309754,0.0458115112282839,0.0143661098948837,0.0175816045901897,0.0200123190260673
re,R_real,1207.48031496063,lambda,4096,0.00333869571905887,0.00506371717769031,0.00172502145863144,-0.0319287123205212,0.0370956770429298,0.00452771817842093,0.00551280408084471,0.0200123190260673
re,R_real,1207.48031496063,lambda_prime,4096,0.00278360589613003,0.00462661132938917,0.00184300543325915,-0.0317806253638331,0.033273031059794,0.00429843577459697,0.00502377645528238,0.0200123190260673
re,R_real,1207.48031496063,k0_prime,4096,0.0119257573691178,0.0186208613641313,0.00669510399501346,-0.023912835034311,0.0459943014915457,0.0165038356457587,0.0206768064004959,0.0200123190260673
re,R_real,1245.66929133858,sigma,4096,0.965180881628379,0.977525829938989,0.0123449483106091,0.962527778188458,0.967262355428022,0.946210067048716,1.02284824083605,0.0211715400614629
re,R_real,1245.66929133858,alpha_infinity,4096,0.00847672298108082,0.0147283769947143,0.00625165401363345,-0.0292484831533111,0.0439989095692037,0.0133547431067019,0.0162782932574609,0.0211715400614629
re,R_real,1245.66929133858,lambda,4096,0.00186047836462677,0.00474359053678204,0.00288311217215527,-0.0345724457160237,0.037462326072487,0.00417415557653322,0.00520156659658187,0.0211715400614629
re,R_real,1245.66929133858,lambda_prime,4096,0.00193657941647396,0.00404554918490626,0.0021089697684323,-0.0349287897242239,0.0346422800077947,0.00371812434823458,0.00442589652675937,0.0211715400614629
re,R_real,1245.66929133858,k0_prime,4096,0.00976746634116088,0.0168854318018439,0.00711796546068307,-0.0273825986006462,0.0429046760823866,0.0146627220542523,0.0189696645919073,0.0211715400614629
re,R_real,1283.85826771654,sigma,4096,0.970843648665391,0.980927873482559,0.010084224817168,0.96869422495441,0.9725381314055,0.949321493895341,1.0268761410106,0.0223387026411161
re,R_real,1283.85826771654,alpha_infinity,4096,0.0069790938964075,0.0122679369195792,0.00528884302317168,-0.0298429999426599,0.0426572929031943,0.0110662247708968,0.0135901125217082,0.0223387026411161
re,R_real,1283.85826771654,lambda,4096,0.00172312301789368,0.00497130264565945,0.00324817962776577,-0.0353963564915165,0.0361559626500914,0.00417770679442826,0.00555394582784273,0.0223387026411161
re,R_real,1283.85826771654,lambda_prime,4096,0.00208252051883184,0.00379931153527343,0.00171679101644159,-0.035684605414585,0.0351126212728333,0.00351695346647875,0.00412014504793583,0.0223387026411161
re,R_real,1283.85826771654,k0_prime,4096,0.0073058447942842,0.0140715041448845,0.00676565935060031,-0.0290477713900765,0.0400330846490358,0.0120578256414788,0.016048282896417,0.0223387026411161
re,R_real,1322.04724409449,sigma,4096,0.974629263478027,0.984330069958942,0.00970080648091476,0.972858535872181,0.975954665495368,0.952889991011383,1.03052278055496,0.0232699040329152
re,R_real,1322.04724409449,alpha_infinity,4096,0.00634237457264553,0.0111506627701132,0.0048082881974677,-0.0306140651544318,0.041626879104812,0.0100281690012439,0.0122631627494887,0.0232699040329152
re,R_real,1322.04724409449,lambda,4096,0.00194551999508497,0.0056801926656517,0.00373467267056674,-0.0354653337959501,0.0371665650285533,0.00473995986166811,0.00645484611143553,0.0232699040329152
re,R_real,1322.04724409449,lambda_prime,4096,0.00210169534837268,0.00326053489726992,0.00115883954889724,-0.035929117458338,0.0358383127653269,0.00302221554750475,0.00356378727960451,0.0232699040329152
re,R_real,1322.04724409449,k0_prime,4096,0.0062395030017719,0.0115425730387273,0.00530307003695537,-0.0317085042282663,0.0393624809130881,0.00995141912452926,0.0130551838602969,0.0232699040329152
re,R_real,1360.23622047244,sigma,4096,0.977434070629311,0.986580405442199,0.00914633481288862,0.975692816212633,0.979005060382061,0.956091790085421,1.03009729454332,0.0242401701430645
re,R_real,1360.23622047244,alpha_infinity,4096,0.0043447761541433,0.0101077690281874,0.00576299287404412,-0.0330889504140928,0.0412180933310288,0.00902502307158597,0.0111606967935774,0.0242401701430645
re,R_real,1360.23622047244,lambda,4096,0.00187493876556588,0.00727899688021016,0.00540405811464427,-0.036806037119725,0.0382780197918539,0.0060638885799638,0.00833881588824978,0.0242401701430645
re,R_real,1360.23622047244,lambda_prime,4096,0.00186477536783103,0.00275448935184816,0.000889713984017131,-0.0367447893848012,0.0361592337842169,0.00253325583147163,0.00299489830142886,0.0242401701430645
re,R_real,1360.23622047244,k0_prime,4096,0.00478506889442687,0.0101432054014672,0.00535813650704035,-0.0348344809056018,0.0372055819530024,0.0087888629332111,0.0115688386343322,0.0242401701430645
re,R_real,1398.42519685039,sigma,4096,0.978896824226959,0.987642907264144,0.00874608303718449,0.977233357273,0.980481572260207,0.956002432778917,1.02961507813963,0.0249168419684632
re,R_real,1398.42519685039,alpha_infinity,4096,0.00475043482286941,0.00981086313308859,0.00506042831021918,-0.0331229452308275,0.0404626318696315,0.0087409389545879,0.0107397930712268,0.0249168419684632
re,R_real,1398.42519685039,lambda,4096,0.00252632285102206,0.00890268061582801,0.00637635776480596,-0.0362579851957665,0.0364714825563525,0.00737500384471797,0.0102685052832627,0.0249168419684632
re,R_real,1398.42519685039,lambda_prime,4096,0.00193489992563134,0.00269557896339134,0.000760679037760002,-0.0362052802301061,0.0376493721657242,0.00248011819313623,0.00292913371764341,0.0249168419684632
re,R_real,1398.42519685039,k0_prime,4096,0.00403912797374018,0.0083718840670556,0.00433275609331542,-0.036051552538614,0.036735530954949,0.00735825661652031,0.00938758263255751,0.0249168419684632
re,R_real,1436.61417322835,sigma,4096,0.978507775017506,0.988271025580485,0.00976325056297911,0.976702103019871,0.980629165716183,0.956638429487161,1.0292227747831,0.0258371086047964
re,R_real,1436.61417322835,alpha_infinity,4096,0.00255848198688213,0.00983871173043411,0.00728022974355198,-0.0347495374183338,0.0380831811158798,0.00868278314261336,0.0110381755609491,0.0258371086047964
re,R_real,1436.61417322835,lambda,4096,0.00201748910278721,0.0110984539749811,0.00908096487219386,-0.0368082818989854,0.0366521074108064,0.00901454770727399,0.0130580937593787,0.0258371086047964
re,R_real,1436.61417322835,lambda_prime,4096,0.0013086466608766,0.00228665823607645,0.000978011575199847,-0.0366940676446008,0.0375042153738727,0.00212295317058554,0.00246494596246386,0.0258371086047964
re,R_real,1436.61417322835,k0_prime,4096,0.00247436200863838,0.00753064299960109,0.00505628099096271,-0.0375569786295911,0.0345870011631831,0.00655945806336273,0.00862940491854163,0.0258371086047964
re,R_real,1474.8031496063,sigma,4096,0.977744140998171,0.988143958019027,0.0103998170208556,0.975576703225531,0.979903783963868,0.957299567047648,1.02629942277365,0.0261647972164904
re,R_real,1474.8031496063,alpha_infinity,4096,0.00208560831819882,0.00979574925962497,0.00771014094142615,-0.0360862569636307,0.0370771627892815,0.00837240431854447,0.0111372040254583,0.0261647972164904
re,R_real,1474.8031496063,lambda,4096,0.00296915523024976,0.0137183864285678,0.010749231198318,-0.0346919109809245,0.0377201775954059,0.0111535436540476,0.0162430159891439,0.0261647972164904
re,R_real,1474.8031496063,lambda_prime,4096,0.00104597517434946,0.00196561759718527,0.000919642422835818,-0.036351190332647,0.0362889242873742,0.00181063038108221,0.00214330168905385,0.0261647972164904
re,R_real,1474.8031496063,k0_prime,4096,0.00242008800054161,0.00673533925243701,0.00431525125189541,-0.0386131319814398,0.0341824065451036,0.00592769392710275,0.00760186645489982,0.0261647972164904
re,R_real,1512.99212598425,sigma,4096,0.976328570512941,0.987870024994861,0.0115414544819196,0.973773990739892,0.978801067404751,0.957179607453067,1.02414656548714,0.0268599876789138
re,R_real,1512.99212598425,alpha_infinity,4096,0.0014673446123521,0.01043783468225,0.00897049006989792,-0.0353096318114734,0.0359820829475583,0.0088021496919522,0.0118566458289444,0.0268599876789138
re,R_real,1512.99212598425,lambda,4096,0.00309698646495038,0.0167269799631361,0.0136299934981857,-0.0335678233848158,0.037268896767908,0.0139825263265051,0.0195424921213268,0.0268599876789138
re,R_real,1512.99212598425,lambda_prime,4096,0.00105744227328597,0.00182785063348595,0.000770408360199981,-0.034922063716643,0.0357774310291371,0.00169221453610755,0.00196491224416965,0.0268599876789138
re,R_real,1512.99212598425,k0_prime,4096,0.0011550785297828,0.00583197945122402,0.00467690092144121,-0.0370416437483014,0.0339992458058626,0.00513654248265247,0.00653270490938758,0.0268599876789138
re,R_real,1551.1811023622,sigma,4096,0.973332638900227,0.987377765065909,0.0140451261656818,0.970106554875601,0.976483181144859,0.957262079742802,1.0242039488462,0.026968310391138
re,R_real,1551.1811023622,alpha_infinity,4096,0.00173233900304504,0.0110933119688734,0.00936097296582837,-0.035049923796775,0.033915599756886,0.00910702779098812,0.0127359499392907,0.026968310391138
re,R_real,1551.1811023622,lambda,4096,0.00443378521763482,0.0203176099063727,0.0158838246887379,-0.0330484710089485,0.0378711933594548,0.0168609653065879,0.0237829445621418,0.026968310391138
re,R_real,1551.1811023622,lambda_prime,4096,0.00096503416181537,0.00164999281953143,0.000684958657716064,-0.0350586496645195,0.0331202632217318,0.0015268920500101,0.00176784044714804,0.026968310391138
re,R_real,1551.1811023622,k0_prime,4096,0.00134926238065558,0.00554161457291096,0.00419235219225537,-0.0364468514941243,0.033565801960035,0.00492085570299972,0.00623016337750138,0.026968310391138
re,R_real,1589.37007874016,sigma,4096,0.970343307612389,0.986037685031806,0.0156943774194167,0.966554928586343,0.973976486606505,0.956094650390854,1.02126155281654,0.0273645370407969
re,R_real,1589.37007874016,alpha_infinity,4096,0.00172018437911392,0.0128801037248248,0.0111599193457109,-0.0355293248198922,0.0355244976593421,0.0105387443975575,0.0150332608656486,0.0273645370407969
re,R_real,1589.37007874016,lambda,4096,0.00469250440352065,0.0231494883747168,0.0184569839711962,-0.0337941556443635,0.0381328225840545,0.0191639781239541,0.027030610981738,0.0273645370407969
re,R_real,1589.37007874016,lambda_prime,4096,0.000432927487245882,0.00146695768149792,0.00103403019425204,-0.0348902050500597,0.0321483311852954,0.00136642257117426,0.00158754366717655,0.0273645370407969
re,R_real,1589.37007874016,k0_prime,4096,0.00031175989303589,0.00497716680300297,0.00466540690996708,-0.03604902110613,0.0329231783509666,0.00443620272348817,0.00562798915724892,0.0273645370407969
re,R_real,1627.55905511811,sigma,4096,0.965265040303162,0.983367494342663,0.0181024540395011,0.960715796192654,0.969373353485229,0.953842258319079,1.01653550352845,0.027337483322503
re,R_real,1627.55905511811,alpha_infinity,4096,0.00138442280067741,0.0150071234395418,0.0136227006388644,-0.0338605266939118,0.0337919175961694,0.0122223156778132,0.0175233467071057,0.027337483322503
re,R_real,1627.55905511811,lambda,4096,0.00531836065096747,0.0275254007291542,0.0222070400781867,-0.0345933177913333,0.0383285113169071,0.0230326447919958,0.0319017587277688,0.027337483322503
re,R_real,1627.55905511811,lambda_prime,4096,0.000342317973199835,0.00135229851629266,0.00100998054309283,-0.0341274497070487,0.0305484991567058,0.00125369699876453,0.00144766727806825,0.027337483322503
re,R_real,1627.55905511811,k0_prime,4096,-3.64273839843499e-05,0.00444285463803038,0.00447928202201473,-0.0343890461949585,0.0324479159065548,0.00401686110221528,0.00499268382541335,0.027337483322503
re,R_real,1665.74803149606,sigma,4096,0.959135506100769,0.980916838010288,0.0217813319095183,0.953753442821008,0.964040367876007,0.951463049636813,1.0124391079156,0.0270517286765276
re,R_real,1665.74803149606,alpha_infinity,4096,0.00225659416036283,0.0176546643600256,0.0153980701996627,-0.0324133865754987,0.0346195249569889,0.0143918155182133,0.0209630117845447,0.0270517286765276
re,R_real,1665.74803149606,lambda,4096,0.00735056909724963,0.0323554998973456,0.025004930800096,-0.0329483489198146,0.0408953060882542,0.0270730601078914,0.0376678118712784,0.0270517286765276
re,R_real,1665.74803149606,lambda_prime,4096,0.000358971460757473,0.00117280657472861,0.000813835113971133,-0.0340818928392057,0.0305851117253578,0.00107572530987317,0.0012667996114938,0.0270517286765276
re,R_real,1665.74803149606,k0_prime,4096,-0.000102359254151807,0.00431444540747292,0.00441680466162473,-0.0348269166084121,0.0315508931844607,0.00385707555518241,0.00482373778095354,0.0270517286765276
re,R_real,1703.93700787402,sigma,4096,0.951352078763843,0.977426694265478,0.0260746155016349,0.944875378260207,0.957188318724405,0.947829796359016,1.00721096968285,0.0270681467762437
re,R_real,1703.93700787402,alpha_infinity,4096,0.0029347201987342,0.0216267875750739,0.0186920673763397,-0.0319421979178156,0.0365647998404514,0.0177451603573103,0.025423990424077,0.0270681467762437
re,R_real,1703.93700787402,lambda,4096,0.0080559645342535,0.0366559208567891,0.0285999563225356,-0.0322250028803028,0.0407711598189802,0.0307899455078166,0.042327632525377,0.0270681467762437
re,R_real,1703.93700787402,lambda_prime,4096,-0.000129793272394041,0.00119063540051889,0.00132042867291293,-0.0343814070757213,0.0296679856441793,0.00111133264935591,0.00128102265306622,0.0270681467762437
re,R_real,1703.93700787402,k0_prime,4096,0.000190267890552986,0.00431427763313585,0.00412400974258287,-0.0343647631808759,0.032712378062382,0.00390603913609,0.00478350709067521,0.0270681467762437
re,R_real,1742.12598425197,sigma,4096,0.944794222773304,0.975862744586312,0.0310685218130078,0.937165720658811,0.951003967444739,0.946478709619449,1.00560974094751,0.0270852985356327
re,R_real,1742.12598425197,alpha_infinity,4096,0.00461208374683453,0.0241913298223955,0.019579246075561,-0.030628539605452,0.0367546692044981,0.0204095445350755,0.0281407603090612,0.0270852985356327
re,R_real,1742.12598425197,lambda,4096,0.00909904516346804,0.0412837237208017,0.0321846785573336,-0.0313316716330165,0.0410147711483501,0.0348891265824989,0.0478445367041924,0.0270852985356327
re,R_real,1742.12598425197,lambda_prime,4096,-0.000430763841401394,0.00093979800764234,0.00137056184904373,-0.0331279030881062,0.0294411932532749,0.000864962935583815,0.001003551389948,0.0270852985356327
re,R_real,1742.12598425197,k0_prime,4096,-0.000438179749182144,0.00407645265577514,0.00451463240495728,-0.0325551999172373,0.0312597899553146,0.00376017347313017,0.00441376756446165,0.0270852985356327
re,R_real,1780.31496062992,sigma,4096,0.935383763294462,0.969929711194264,0.0345459478998016,0.92714464775529,0.942748242090464,0.940213788998928,0.998678772540553,0.0267457202683036
re,R_real,1780.31496062992,alpha_infinity,4096,0.00641542281346963,0.0294348376571443,0.0230194148436747,-0.028804574903539,0.0381882455044822,0.0251877472122337,0.0336401738025906,0.0267457202683036
re,R_real,1780.31496062992,lambda,4096,0.0114721619297484,0.0457277847109546,0.0342556227812062,-0.0295156295473005,0.0421658822137049,0.0389583509197422,0.0527798045583823,0.0267457202683036
re,R_real,1780.31496062992,lambda_prime,4096,-0.000231529265936281,0.000911897572592747,0.00114342683852903,-0.0327207980771351,0.0294013260800836,0.00083850611916259,0.000987562347112986,0.0267457202683036
re,R_real,1780.31496062992,k0_prime,4096,-0.000804712227436832,0.00424789375574107,0.0050526059831779,-0.032109645246696,0.0308920587740901,0.00391341725867953,0.00462313622226974,0.0267457202683036
re,R_real,1818.50393700787,sigma,4096,0.926629994901584,0.965519384342495,0.0388893894409105,0.917080368908303,0.934952550984274,0.935696785390745,0.995023007906083,0.0261533173777473
re,R_real,1818.50393700787,alpha_infinity,4096,0.00886531209145791,0.0331665106418126,0.0243011985503547,-0.026773842086294,0.0395331648498866,0.028706033507631,0.0380939618623489,0.0261533173777473
re,R_real,1818.50393700787,lambda,4096,0.0137085395516381,0.0512516071209707,0.0375430675693327,-0.0274818889492683,0.0449406791090937,0.0437301875958799,0.0590666859816561,0.0261533173777473
re,R_real,1818.50393700787,lambda_prime,4096,2.05270486205444e-05,0.000919626116929886,0.000899099068309341,-0.0340628262726399,0.0291187244657086,0.000861561860678513,0.00098390363663547,0.0261533173777473
re,R_real,1818.50393700787,k0_prime,4096,-0.000858775620962149,0.00417385799374379,0.00503263361470594,-0.0320040807854063,0.0309310469941354,0.00390837984099171,0.00451962414331161,0.0261533173777473
re,R_real,1856.69291338583,sigma,4096,0.915506206514206,0.960596237039444,0.0450900305252376,0.903994133660852,0.924917843663028,0.930041753820029,0.990149103020764,0.0257962569241933
re,R_real,1856.69291338583,alpha_infinity,4096,0.0116857251846881,0.0404196161498958,0.0287338909652077,-0.0251296166181694,0.041552176562317,0.0351635507439291,0.0459392838474811,0.0257962569241933
re,R_real,1856.69291338583,lambda,4096,0.0154329797132075,0.0555889931915539,0.0401560134783464,-0.0253894174523843,0.0456277343946383,0.047511196216937,0.0638282836632295,0.0257962569241933
re,R_real,1856.69291338583,lambda_prime,4096,-2.03838133718826e-05,0.00089344039478131,0.000913824208153192,-0.0336638765929198,0.028960032392177,0.000825412607044567,0.000956641037462667,0.0257962569241933
re,R_real,1856.69291338583,k0_prime,4096,-0.000791317007854397,0.00395090470274047,0.00474222171059487,-0.0311372077849821,0.0302552065843853,0.0036511607297019,0.00427702160816437,0.0257962569241933
re,R_real,1894.88188976378,sigma,4096,0.904108190629854,0.955696620332938,0.0515884297030833,0.891309568412846,0.914068007061066,0.925078400687025,0.987316672208856,0.0251841275120303
re,R_real,1894.88188976378,alpha_infinity,4096,0.0147040694410091,0.0463084146333573,0.0316043451923482,-0.0243274845441446,0.0448926782671366,0.0406775963763585,0.0524849326582138,0.0251841275120303
re,R_real,1894.88188976378,lambda,4096,0.0168324697569369,0.0609511296639015,0.0441186599069647,-0.0244572809223125,0.0466745573813648,0.0522350393586061,0.0699160622968086,0.0251841275120303
re,R_real,1894.88188976378,lambda_prime,4096,-0.000405712212279585,0.000721134600492125,0.00112684681277171,-0.0352318753584777,0.0279507824881212,0.000658482151126072,0.000776094779351413,0.0251841275120303
re,R_real,1894.88188976378,k0_prime,4096,-0.00068019325112445,0.00414500803245826,0.00482520128358271,-0.0311463561767791,0.0294412067206928,0.00386833632113281,0.00445606042244915,0.0251841275120303
re,R_real,1933.07086614173,sigma,4096,0.89113857182698,0.948655851526662,0.0575172796996822,0.876122654706714,0.902292379950034,0.917167069999247,0.981667487173108,0.0246500143530853
re,R_real,1933.07086614173,alpha_infinity,4096,0.018220807539437,0.0532789894777389,0.0350581819383019,-0.0203847844037575,0.0481945150599553,0.0467618546184832,0.0607299523509608,0.0246500143530853
re,R_real,1933.07086614173,lambda,4096,0.0199019937766329,0.0669311060500225,0.0470291122733896,-0.0228018599757729,0.0487778056402853,0.0575271746703251,0.0771134319139881,0.0246500143530853
re,R_real,1933.07086614173,lambda_prime,4096,-0.000294332557199128,0.000789815802933085,0.00108414836013221,-0.0357667641584689,0.027941874918427,0.000724901962461817,0.000858439246895927,0.0246500143530853
re,R_real,1933.07086614173,k0_prime,4096,-0.00100428531596464,0.00386539664104624,0.00486968195701087,-0.0316968964478446,0.0296378196539724,0.00359240305421698,0.00429171217105589,0.0246500143530853
re,R_real,1971.25984251968,sigma,4096,0.877376163920895,0.941618271338995,0.0642421074181,0.860829869955142,0.889075256290441,0.910878131707923,0.976914069986101,0.0241339337330942
re,R_real,1971.25984251968,alpha_infinity,4096,0.0225583179605446,0.061780579899308,0.0392222619387634,-0.0164966978025087,0.0524616447473011,0.054651792415387,0.0702608875877848,0.0241339337330942
re,R_real,1971.25984251968,lambda,4096,0.0216547568166938,0.0719607618186677,0.0503060050019739,-0.0222033196236489,0.0503788697080689,0.0619818342503439,0.0819729625109341,0.0241339337330942
re,R_real,1971.25984251968,lambda_prime,4096,-0.000138672179674115,0.000808304372900651,0.000946976552574767,-0.0359557447768908,0.0287697443545168,0.00074895989899126,0.000866832225672748,0.0241339337330942
re,R_real,1971.25984251968,k0_prime,4096,-0.00031734978424236,0.00431362944459035,0.00463097922883271,-0.0325271387152286,0.0284303675427832,0.0039574889451832,0.00474002335124339,0.0241339337330942
re,R_real,2009.44881889764,sigma,4096,0.860179782304983,0.935250363406135,0.0750705811011527,0.84244373162459,0.873313220174547,0.90379761988464,0.971215755966859,0.023644823751091
re,R_real,2009.44881889764,alpha_infinity,4096,0.0269341019088684,0.0717683264038906,0.0448342244950222,-0.0124582263202044,0.0569867576165184,0.0631589204023089,0.081402552248958,0.023644823751091
re,R_real,2009.44881889764,lambda,4096,0.0243835844119005,0.079652334206799,0.0552687497948985,-0.0210088670033104,0.0525901984139548,0.0686363541872521,0.0909755484432272,0.023644823751091
re,R_real,2009.44881889764,lambda_prime,4096,-0.000332181370730877,0.000827173920229895,0.00115935529096077,-0.0370785666261368,0.027646135074201,0.000753156899173837,0.000891448605457941,0.023644823751091
re,R_real,2009.44881889764,k0_prime,4096,-0.00119208505596657,0.00421087318136906,0.00540295823733564,-0.0335039842805784,0.0274967296857086,0.00388693297305262,0.00449976056414524,0.023644823751091
re,R_real,2047.63779527559,sigma,4096,0.845611475139099,0.926235892116235,0.0806244169771366,0.826887145940846,0.859095228873435,0.893860712367793,0.964271855118944,0.0229151641819127
re,R_real,2047.63779527559,alpha_infinity,4096,0.0322953774397464,0.082134820208703,0.0498394427689566,-0.00744949559838037,0.06237847553725,0.0731827543253385,0.0929009523512059,0.0229151641819127
re,R_real,2047.63779527559,lambda,4096,0.0264796403162753,0.0834625936435499,0.0569829533272747,-0.0203816822576961,0.0553093220738274,0.0718452188639989,0.0943419636397663,0.0229151641819127
re,R_real,2047.63779527559,lambda_prime,4096,-0.000446506112546707,0.000780294660564126,0.00122680077311083,-0.0377493330454692,0.0265036020791275,0.000693438503983566,0.000849734251379999,0.0229151641819127
re,R_real,2047.63779527559,k0_prime,4096,-0.00101500160069024,0.00444743751527635,0.00546243911596658,-0.034928566832845,0.0271237685140556,0.00409552304167062,0.00476933535266399,0.0229151641819127
re,R_real,2085.82677165354,sigma,4096,0.827989136613715,0.91678534656853,0.088796209954815,0.808041421508484,0.842432338906004,0.884083860594911,0.956753494699253,0.022183085324383
re,R_real,2085.82677165354,alpha_infinity,4096,0.0383475068144838,0.0928824435063817,0.0545349366918979,-0.00290162167750396,0.068744748564374,0.0827410446200762,0.104952915094618,0.022183085324383
re,R_real,2085.82677165354,lambda,4096,0.0299573696163793,0.0896705303272735,0.0597131607108942,-0.0166088564236728,0.0578899489434088,0.0774839649418578,0.101292690624957,0.022183085324383
re,R_real,2085.82677165354,lambda_prime,4096,-0.000681996551634256,0.000884084549981251,0.00156608110161551,-0.0376795830015304,0.0261930695899689,0.000808176093969271,0.000971511871118036,0.022183085324383
re,R_real,2085.82677165354,k0_prime,4096,-0.000392078324783052,0.00459043273497312,0.00498251105975617,-0.033928685402969,0.0277431868533857,0.00424046620156278,0.0049549503480126,0.022183085324383
re,R_real,2124.0157480315,sigma,4096,0.80847657272144,0.906558445690833,0.0980818729693925,0.786690353513057,0.824892803147075,0.873951505572732,0.947383984449239,0.0215024800977222
re,R_real,2124.0157480315,alpha_infinity,4096,0.0452592023961006,0.106016458393009,0.060757255996908,0.0040165466248393,0.0767400064484213,0.0948676600130472,0.119193625867186,0.0215024800977222
re,R_real,2124.0157480315,lambda,4096,0.0328297568788151,0.0960074394036296,0.0631776825248145,-0.012048002582479,0.0610483885692082,0.0834088956846437,0.107743191062886,0.0215024800977222
re,R_real,2124.0157480315,lambda_prime,4096,-0.000266720991886737,0.000844633726656344,0.00111135471854308,-0.0370083354769135,0.027225623442752,0.000773700234984539,0.000917471137059059,0.0215024800977222
re,R_real,2124.0157480315,k0_prime,4096,-0.000138050381412791,0.00445525554140595,0.00459330592281874,-0.0340449010638031,0.0282317700238626,0.0041089122172677,0.00478855268264573,0.0215024800977222
re,R_real,2162.20472440945,sigma,4096,0.78975068404039,0.897386240474168,0.107635556433778,0.766527584304656,0.806588905980653,0.864677906290114,0.939625572536758,0.0206946682187401
re,R_real,2162.20472440945,alpha_infinity,4096,0.0527886038273992,0.118623542257544,0.0658349384301445,0.0116145791844308,0.0837736569374313,0.106719064836366,0.134401374539161,0.0206946682187401
re,R_real,2162.20472440945,lambda,4096,0.0351040173549896,0.100862193709386,0.0657581763543964,-0.00868279938633343,0.0637271458063315,0.0875719139198179,0.112997389822499,0.0206946682187401
re,R_real,2162.20472440945,lambda_prime,4096,3.34060849417339e-05,0.000850080330887397,0.000816674245945663,-0.0373468203758403,0.0274517158284351,0.000784085382510532,0.000927083967897242,0.0206946682187401
re,R_real,2162.20472440945,k0_prime,4096,-0.000530710040667737,0.00489193022042863,0.00542264026109636,-0.0350002862634085,0.0272735209699737,0.00448412774027922,0.00531668890311057,0.0206946682187401
re,R_real,2200.3937007874,sigma,4096,0.771870148166759,0.887074474746816,0.115204326580057,0.747107506136636,0.789496026284912,0.853160925491455,0.930944200090844,0.0201039842019389
re,R_real,2200.3937007874,alpha_infinity,4096,0.0607765081590457,0.131424751365087,0.0706482432060412,0.0196939265841124,0.0922258977024162,0.118556656140889,0.147708389807355,0.0201039842019389
re,R_real,2200.3937007874,lambda,4096,0.0383421991941304,0.105649899223704,0.0673077000295732,-0.00596815825001662,0.0669087799990469,0.0920696700269955,0.118207552757125,0.0201039842019389
re,R_real,2200.3937007874,lambda_prime,4096,0.000184854839002435,0.00108054861512901,0.000895693776126578,-0.0376057049482552,0.0272497258025356,0.000970505463979934,0.00120529799234123,0.0201039842019389
re,R_real,2200.3937007874,k0_prime,4096,-0.000628395501518275,0.00473449405617821,0.00536288955769649,-0.0362427000212822,0.0275112576445439,0.00431680237377546,0.00517854300432868,0.0201039842019389
re,R_real,2238.58267716535,sigma,4096,0.748573049772965,0.875361662317974,0.126788612545009,0.722385708027346,0.76678853416725,0.841777013577609,0.918780591845189,0.0194475968050111
re,R_real,2238.58267716535,alpha_infinity,4096,0.0672442777915406,0.14610974367647,0.0788654658849297,0.026037663644891,0.0982796417406103,0.1320374384043,0.164179905762687,0.0194475968050111
re,R_real,2238.58267716535,lambda,4096,0.0419949838980064,0.11243216071688,0.0704371768188737,-0.00154883024769847,0.0698920816572858,0.0983489314997492,0.125246857757149,0.0194475968050111
re,R_real,2238.58267716535,lambda_prime,4096,-0.000347333252511683,0.000876723894933874,0.00122405714744556,-0.0363040697046695,0.0270698278729311,0.000803861375465216,0.000951634022159585,0.0194475968050111
re,R_real,2238.58267716535,k0_prime,4096,-0.00105723717063855,0.00555330843314486,0.00661054560378341,-0.0365382279260222,0.026768598329647,0.0051151876650973,0.00611034358570395,0.0194475968050111
re,R_real,2276.77165354331,sigma,4096,0.724194871876587,0.862720539166144,0.138525667289557,0.695756266850802,0.744050227731462,0.828240390373984,0.904632971194179,0.0186171271677677
re,R_real,2276.77165354331,alpha_infinity,4096,0.0785344633033809,0.1644233452222,0.0858888819188188,0.0385911426862269,0.110061617972741,0.148316136768032,0.184704384577355,0.0186171271677677
re,R_real,2276.77165354331,lambda,4096,0.0449480935167105,0.118708931372181,0.073760837855471,0.00313054453028916,0.0724984629617695,0.104282144134988,0.131796207854285,0.0186171271677677
re,R_real,2276.77165354331,lambda_prime,4096,-0.000109503374785547,0.00102030215673515,0.0011298055315207,-0.0339152168850285,0.0272430617979799,0.000914769626955581,0.00112809549505397,0.0186171271677677
re,R_real,2276.77165354331,k0_prime,4096,-0.00017284698093345,0.00534127854345265,0.0055141255243861,-0.03582188112081,0.0270727007888431,0.00494264297586997,0.00585173836404519,0.0186171271677677
re,R_real,2314.96062992126,sigma,4096,0.702871104150374,0.850399151889863,0.147528047739488,0.673130228932197,0.72351483851704,0.815862033771023,0.892770858357128,0.0179768294540858
re,R_real,2314.96062992126,alpha_infinity,4096,0.0872098432122194,0.180643468938309,0.0934336257260898,0.0470750829315267,0.118421795946085,0.164479840144968,0.201424709814008,0.0179768294540858
re,R_real,2314.96062992126,lambda,4096,0.0472022676952812,0.122884130604636,0.0756818629093551,0.00586459704756848,0.0749014354622289,0.108570854948105,0.136175910297233,0.0179768294540858
re,R_real,2314.96062992126,lambda_prime,4096,-0.000141102670007109,0.00102924217887079,0.0011703448488779,-0.0331539669134082,0.0259352315415852,0.000952488212805028,0.00112735463438988,0.0179768294540858
re,R_real,2314.96062992126,k0_prime,4096,-0.000275942608871427,0.00631595084902145,0.00659189345789288,-0.0361473478499268,0.0257059653134832,0.00586425838505585,0.00691540975290049,0.0179768294540858
re,R_real,2353.14960629921,sigma,4096,0.676697104411972,0.836078936922415,0.159381832510443,0.644528432865325,0.698853281301369,0.800392791714264,0.876379327292819,0.0171054568122323
re,R_real,2353.14960629921,alpha_infinity,4096,0.0983170617215164,0.200212911654746,0.101895849933229,0.0576369269746055,0.129836541190369,0.181946433632084,0.222859853964902,0.0171054568122323
re,R_real,2353.14960629921,lambda,4096,0.051849482687763,0.128748529901265,0.0768990472135018,0.0112462151305331,0.080285068443131,0.114192590519748,0.141985957042206,0.0171054568122323
re,R_real,2353.14960629921,lambda_prime,4096,0.000381359954978233,0.00100158897371033,0.000620229018732095,-0.0321437921996441,0.0265498270678484,0.000907663397461808,0.00110142505819264,0.0171054568122323
re,R_real,2353.14960629921,k0_prime,4096,0.00116484640661663,0.00703988293543187,0.00587503652881525,-0.034467049343432,0.0274322675072473,0.00651213608860012,0.00795531099824363,0.0171054568122323
re,R_real,2391.33858267717,sigma,4096,0.652802847624317,0.823757226310578,0.170954378686261,0.618333665281289,0.675379920604876,0.78746503938941,0.863458436957311,0.0165757704995935
re,R_real,2391.33858267717,alpha_infinity,4096,0.108086285786146,0.218187825176214,0.110101539390068,0.067768104606281,0.140075165992978,0.199771815509646,0.241817026240549,0.0165757704995935
re,R_real,2391.33858267717,lambda,4096,0.0540857251073298,0.132598391245481,0.0785126661381511,0.0126224045047694,0.0824232249504662,0.117707559048717,0.145240298209138,0.0165757704995935
re,R_real,2391.33858267717,lambda_prime,4096,0.000626873894354785,0.00120498029369946,0.000578106399344678,-0.0313815529670278,0.0270182407189399,0.00111384933170065,0.00131087796638558,0.0165757704995935
re,R_real,2391.33858267717,k0_prime,4096,0.000393956499845971,0.00770094849653136,0.00730699199668538,-0.0325647228946324,0.0266852762943256,0.00704930264832473,0.00857007615202611,0.0165757704995935
re,R_real,2429.52755905512,sigma,4096,0.623534202641052,0.807184636960993,0.183650434319941,0.585852864072674,0.646859767800841,0.770624361322382,0.845689260973401,0.0157406445696526
re,R_real,2429.52755905512,alpha_infinity,4096,0.122419475866594,0.239865420417027,0.117445944550433,0.0812850373037308,0.155145683672179,0.219402564417561,0.266385660829523,0.0157406445696526
re,R_real,2429.52755905512,lambda,4096,0.0584201362242814,0.139770241700768,0.0813501054764868,0.0146341043240182,0.0864606275726435,0.124423195913539,0.153012992506202,0.0157406445696526
re,R_real,2429.52755905512,lambda_prime,4096,0.000927956866123125,0.00112629413616711,0.000198337270043984,-0.030865493725909,0.0268022855027289,0.00104312310733308,0.00124871529381668,0.0157406445696526
re,R_real,2429.52755905512,k0_prime,4096,0.00136091695022966,0.00774747916875779,0.00638656221852813,-0.0315907475901755,0.0270154158746,0.0071886617214777,0.00878442474847889,0.0157406445696526
re,R_real,2467.71653543307,sigma,4096,0.603848083502515,0.794546897493298,0.190698813990783,0.56363579541026,0.627956951831691,0.756742609506773,0.832574030704703,0.0151586621435794
re,R_real,2467.71653543307,alpha_infinity,4096,0.132961443432254,0.258235429260209,0.125273985827955,0.0927390255664848,0.164808761461124,0.237386530479044,0.285884267859039,0.0151586621435794
re,R_real,2467.71653543307,lambda,4096,0.0609814122189819,0.140405710415072,0.0794242981960905,0.0165578457693266,0.0892162777048372,0.125426367199802,0.153420223784224,0.0151586621435794
re,R_real,2467.71653543307,lambda_prime,4096,0.000977266433517698,0.00122875115628341,0.000251484722765714,-0.0306622785854762,0.0248541104771948,0.00114594160980942,0.00135747090289118,0.0151586621435794
re,R_real,2467.71653543307,k0_prime,4096,0.00158181619079933,0.00802640710904014,0.00644459091824081,-0.0296670184346881,0.0276216827784709,0.00735871708877709,0.00911183937623649,0.0151586621435794
re,R_real,2505.90551181102,sigma,4096,0.572211357984889,0.77861503991398,0.206403681929091,0.527707858960079,0.596475622144837,0.740804611602571,0.814254864447783,0.0144211158049699
re,R_real,2505.90551181102,alpha_infinity,4096,0.14616544306875,0.281917523938045,0.135752080869295,0.106406765563876,0.178261854767679,0.260206664615375,0.310579681148746,0.0144211158049699
re,R_real,2505.90551181102,lambda,4096,0.0631389517267081,0.147535215611814,0.0843962638851062,0.020684432248239,0.0903638968444935,0.131931815776303,0.162536277770654,0.0144211158049699
re,R_real,2505.90551181102,lambda_prime,4096,0.00057094445994943,0.00130755250324428,0.000736608043294846,-0.0313447798367064,0.0235715106007096,0.00120745519219026,0.00144215538238153,0.0144211158049699
re,R_real,2505.90551181102,k0_prime,4096,0.00172939249740545,0.00863376852018755,0.0069043760227821,-0.0265081712014017,0.0290897074333207,0.00792029464580902,0.0097473300825976,0.0144211158049699
re,R_real,2544.09448818898,sigma,4096,0.545339322237061,0.761175275692229,0.215835953455168,0.498691963476575,0.571043626144581,0.72296396521975,0.795025172430523,0.0137616152129924
re,R_real,2544.09448818898,alpha_infinity,4096,0.161613866156535,0.306831164110016,0.145217297953481,0.122283760620964,0.193633685370171,0.28300251755138,0.337926049414297,0.0137616152129924
re,R_real,2544.09448818898,lambda,4096,0.0664431517006062,0.149272341629851,0.0828291899292452,0.0259357684199213,0.093561018168141,0.133584744472857,0.164237178490555,0.0137616152129924
re,R_real,2544.09448818898,lambda_prime,4096,0.000748282686806157,0.0015472200636686,0.000798937376862442,-0.0308329017214499,0.023207939662749,0.00141960968968057,0.00172489772248167,0.0137616152129924
re,R_real,2544.09448818898,k0_prime,4096,0.00198337182644803,0.00903548385170942,0.00705211202526139,-0.0252502191471768,0.0281462734544361,0.00822999455961406,0.0101919537959481,0.0137616152129924
re,R_real,2582.28346456693,sigma,4096,0.516964859712359,0.743777020700556,0.226812160988197,0.466200259645694,0.54311014285985,0.705485459652065,0.775469328424691,0.0132114059512004
re,R_real,2582.28346456693,alpha_infinity,4096,0.175659182671688,0.328799573643852,0.153140390972163,0.136100957791796,0.20849730038845,0.304108595612472,0.361581227909393,0.0132114059512004
re,R_real,2582.28346456693,lambda,4096,0.0703190504977756,0.154215974754318,0.0838969242565422,0.030824810360863,0.0967983475910218,0.138250509421315,0.170360698980275,0.0132114059512004
re,R_real,2582.28346456693,lambda_prime,4096,0.001058395327031,0.00176135333164823,0.000702958004617229,-0.0287421565886501,0.0238732853292947,0.00165176147717118,0.00194534908549942,0.0132114059512004
re,R_real,2582.28346456693,k0_prime,4096,0.00253350525117091,0.00971048317050024,0.00717697791932933,-0.0245246316538201,0.0294555423173078,0.00889644504609597,0.0108629404107579,0.0132114059512004
re,R_real,2620.47244094488,sigma,4096,0.491482784469799,0.728337769092822,0.236854984623023,0.437746395015649,0.518393984738028,0.689791323106321,0.759020154733186,0.0126084718403344
re,R_real,2620.47244094488,alpha_infinity,4096,0.188743889482975,0.351827649958045,0.16308376047507,0.150349412768506,0.221432739839148,0.324248359073892,0.385330334814799,0.0126084718403344
re,R_real,2620.47244094488,lambda,4096,0.0726829905261634,0.156367158516718,0.0836841679905541,0.0340607927253368,0.0987895988804953,0.13964364987707,0.173935590047763,0.0126084718403344
re,R_real,2620.47244094488,lambda_prime,4096,0.00137932240424754,0.00173559968141715,0.000356277277169609,-0.0270688253869689,0.0243681895208474,0.00161598294320372,0.00190766953891857,0.0126084718403344
re,R_real,2620.47244094488,k0_prime,4096,0.00358772116065276,0.0107556135779195,0.00716789241726673,-0.0220289234656903,0.0304155363942629,0.00989139872186382,0.0119859502802682,0.0126084718403344
re,R_real,2658.66141732283,sigma,4096,0.462068780548452,0.709723229923972,0.24765444937552,0.404455494596347,0.490492598097175,0.671113596312204,0.739517212678199,0.0119966409433628
re,R_real,2658.66141732283,alpha_infinity,4096,0.205365736846103,0.377573304516735,0.172207567670632,0.167156795212711,0.239712956542991,0.348271228888855,0.413360114867309,0.0119966409433628
re,R_real,2658.66141732283,lambda,4096,0.0754564555738482,0.159283423470154,0.0838269678963056,0.0368174325884085,0.100720053027139,0.143213704331446,0.176255751344707,0.0119966409433628
re,R_real,2658.66141732283,lambda_prime,4096,0.00171859445236788,0.00166142794765592,-5.71665047119643e-05,-0.0246837101887294,0.0253377521216596,0.00154213802162042,0.00185001342728705,0.0119966409433628
re,R_real,2658.66141732283,k0_prime,4096,0.00488029760539965,0.0117530867500301,0.00687278914463042,-0.0212972041235426,0.0302173736817839,0.0107695870154349,0.0130671859863535,0.0119966409433628
re,R_real,2696.85039370079,sigma,4096,0.429823313463022,0.692324006811776,0.262500693348754,0.37193694810763,0.458967047694251,0.654197995777968,0.72177605289089,0.011445159336078
re,R_real,2696.85039370079,alpha_infinity,4096,0.220387656498468,0.405711670248064,0.185324013749596,0.182722876799318,0.255143037382977,0.373493733703225,0.443234005064228,0.011445159336078
re,R_real,2696.85039370079,lambda,4096,0.0781777492228385,0.162645348613354,0.0844675993905153,0.0390275685729571,0.106031130181892,0.146367243216459,0.18133662641219,0.011445159336078
re,R_real,2696.85039370079,lambda_prime,4096,0.00180893383096314,0.00186292033612302,5.3986505159876e-05,-0.0225505014471279,0.0259229177021488,0.0017215756734546,0.00203486612414933,0.011445159336078
re,R_real,2696.85039370079,k0_prime,4096,0.00538803090910267,0.0133553738048401,0.00796734289573738,-0.0205359564517988,0.0307428302990057,0.0121825175602051,0.014691620597928,0.011445159336078
re,R_real,2735.03937007874,sigma,4096,0.406202822904859,0.675268547848698,0.269065724943839,0.347049507344057,0.436509542967709,0.637875065885392,0.704334385419854,0.0110042482278729
re,R_real,2735.03937007874,alpha_infinity,4096,0.235249740460594,0.427692699976768,0.192442959516174,0.197441992478054,0.27049735654534,0.39021765325807,0.467933999100934,0.0110042482278729
re,R_real,2735.03937007874,lambda,4096,0.0801126569128959,0.164271275770906,0.0841586188580105,0.040722148038936,0.109255364420447,0.147210850233822,0.183332812108034,0.0110042482278729
re,R_real,2735.03937007874,lambda_prime,4096,0.00223462996574442,0.00218401891505738,-5.06110506870417e-05,-0.0224638157887151,0.0260362248311384,0.00204406342361893,0.00239521828489416,0.0110042482278729
re,R_real,2735.03937007874,k0_prime,4096,0.00677628960911369,0.0137346837415539,0.0069583941324402,-0.020167591706002,0.0315561634510114,0.0125332092321327,0.0152144801897015,0.0110042482278729
re,R_real,2773.22834645669,sigma,4096,0.375332048081565,0.656298843530243,0.280966795448678,0.316090742735322,0.405262318824292,0.618916958207485,0.686119266917152,0.0103850611210159
re,R_real,2773.22834645669,alpha_infinity,4096,0.252751103827776,0.457747458486987,0.204996354659211,0.216416570552535,0.288191356835826,0.417657512709393,0.501161882129477,0.0103850611210159
re,R_real,2773.22834645669,lambda,4096,0.0816235012613236,0.165651592564221,0.0840280913028973,0.0397992975526437,0.110635596486246,0.148880618402497,0.184978844263422,0.0103850611210159
re,R_real,2773.22834645669,lambda_prime,4096,0.00243602994263425,0.00218370209819381,-0.000252327844440449,-0.02349668679968,0.0245502566156787,0.00202160743549098,0.00241366111169583,0.0103850611210159
re,R_real,2773.22834645669,k0_prime,4096,0.00765706319375703,0.0145005412922362,0.00684347809847914,-0.017292707440256,0.0309885077567823,0.0133225511405734,0.0159514212306786,0.0103850611210159
re,R_real,2811.41732283465,sigma,4096,0.349687988828835,0.640403297219076,0.290715308390241,0.290436837878974,0.38107774686582,0.60339387973254,0.671498829800064,0.00995230277253068
re,R_real,2811.41732283465,alpha_infinity,4096,0.265673573506194,0.478535163495969,0.212861589989776,0.230327386541146,0.302463384918145,0.437089810748947,0.523673380391759,0.00995230277253068
re,R_real,2811.41732283465,lambda,4096,0.0845267904594418,0.168666940661359,0.0841401502019177,0.0431929387761727,0.113960218661135,0.152348373470333,0.188720374924241,0.00995230277253068
re,R_real,2811.41732283465,lambda_prime,4096,0.0025480075955967,0.0021615322047873,-0.000386475390809406,-0.0239642203435899,0.0251006289165143,0.00202488464770842,0.00235555073207005,0.00995230277253068
re,R_real,2811.41732283465,k0_prime,4096,0.00951308785306881,0.0165824482000899,0.00706936034702109,-0.0156979781927813,0.0336966525466067,0.0150947909076892,0.0180865965160483,0.00995230277253068
re,R_real,2849.6062992126,sigma,4096,0.323763383559139,0.622688778531204,0.298925394972065,0.264503971457968,0.355046043200972,0.584666474260411,0.655259107408382,0.00952139308375875
re,R_real,2849.6062992126,alpha_infinity,4096,0.284250968729678,0.50864345547018,0.224392486740502,0.24999869555463,0.320720205120615,0.465429599397156,0.556714643724989,0.00952139308375875
re,R_real,2849.6062992126,lambda,4096,0.0828719605310759,0.165234321032131,0.0823623605010549,0.0420072815400486,0.114056924851383,0.149252469436576,0.184255576103762,0.00952139308375875
re,R_real,2849.6062992126,lambda_prime,4096,0.00280466442717386,0.00268691708223119,-0.000117747344942675,-0.0235907924219114,0.0255483357500432,0.00251140014623179,0.00294397378485842,0.00952139308375875
re,R_real,2849.6062992126,k0_prime,4096,0.010388461277661,0.0177357318148004,0.0073472705371394,-0.0153468822864706,0.0337953378317273,0.0162448004764192,0.019349989154382,0.00952139308375875
re,R_real,2887.79527559055,sigma,4096,0.298125887304777,0.604650824029006,0.30652493672423,0.240020718277497,0.330082446200392,0.567358178755907,0.636614527833217,0.0090500696164535
re,R_real,2887.79527559055,alpha_infinity,4096,0.298866582548451,0.532749232916679,0.233882650368228,0.264547645425729,0.335494476268174,0.488546398946451,0.583259763348558,0.0090500696164535
re,R_real,2887.79527559055,lambda,4096,0.0847159472893489,0.166716657514721,0.0820007102253724,0.0449115822244539,0.116515959049737,0.150534574583112,0.185915320648683,0.0090500696164535
re,R_real,2887.79527559055,lambda_prime,4096,0.0028621333278992,0.00274937034294147,-0.000112762984957726,-0.0220039037033148,0.0274259802298186,0.00255817218458079,0.00301878974579929,0.0090500696164535
re,R_real,2887.79527559055,k0_prime,4096,0.0125345392963049,0.0198498792423806,0.00731533994607576,-0.0141551202873167,0.0356285772943695,0.0180317130726701,0.0215706991992994,0.0090500696164535
re,R_real,2925.9842519685,sigma,4096,0.273575500492289,0.586977897964503,0.313402397472214,0.215921125982155,0.306638900838157,0.550553467001415,0.619005056276704,0.00859599901022912
re,R_real,2925.9842519685,alpha_infinity,4096,0.314159372460841,0.555303912150846,0.241144539690006,0.278381277169883,0.35076190419076,0.511271140467989,0.608390087540106,0.00859599901022912
re,R_real,2925.9842519685,lambda,4096,0.0864727867090885,0.168536857945952,0.0820640712368639,0.0456529027079808,0.11737843146579,0.153185262024972,0.187730182823332,0.00859599901022912
re,R_real,2925.9842519685,lambda_prime,4096,0.00323761862251959,0.00294907599642013,-0.000288542626099456,-0.0216481710069252,0.0295031215959276,0.00275303753121286,0.00325446210698184,0.00859599901022912
re,R_real,2925.9842519685,k0_prime,4096,0.0137382625866385,0.0215879319976466,0.00784966941100814,-0.0127662006957618,0.0366351717000247,0.0195713965143317,0.0234845534444921,0.00859599901022912
re,R_real,2964.17322834646,sigma,4096,0.251466554170382,0.570009030534513,0.31854247636413,0.194768559204507,0.285519896975708,0.533821190187978,0.602942088336701,0.00824861418771306
re,R_real,2964.17322834646,alpha_infinity,4096,0.326785915707553,0.576586196211256,0.249800280503704,0.289987583161302,0.363650161622443,0.53209671727192,0.631873766839647,0.00824861418771306
re,R_real,2964.17322834646,lambda,4096,0.0877501312593624,0.170731825740429,0.0829816944810661,0.0470154001065546,0.120644703841039,0.155057398448347,0.1899282136177,0.00824861418771306
re,R_real,2964.17322834646,lambda_prime,4096,0.0039366724097547,0.00308169092995549,-0.000854981479799218,-0.0221464489803855,0.0295505043332385,0.00284949623792409,0.00337182188305902,0.00824861418771306
re,R_real,2964.17322834646,k0_prime,4096,0.0176299875847463,0.0246192912851379,0.0069893037003916,-0.00833229965458937,0.0405017965506898,0.0226114040193718,0.0268783053153698,0.00824861418771306
re,R_real,3002.36220472441,sigma,4096,0.228590629500259,0.553913970565343,0.325323341065084,0.173853795638796,0.265491481828509,0.517779807838302,0.586811127651577,0.00785243658397463
re,R_real,3002.36220472441,alpha_infinity,4096,0.342704070030938,0.601718397486889,0.259014327455951,0.306523099208149,0.379927155325167,0.556251108387739,0.657121034520182,0.00785243658397463
re,R_real,3002.36220472441,lambda,4096,0.0862478530971621,0.168917292426014,0.0826694393288517,0.0463860433465221,0.117891838022615,0.154367679300664,0.187818699416001,0.00785243658397463
re,R_real,3002.36220472441,lambda_prime,4096,0.00410373082719628,0.00379196409715227,-0.000311766730044011,-0.0229903567806438,0.0292888400386747,0.00350035240700074,0.00414738444735064,0.00785243658397463
re,R_real,3002.36220472441,k0_prime,4096,0.0188121290008265,0.0267407013509509,0.00792857235012437,-0.0078652818227678,0.0424917199952703,0.0243813741518227,0.0291480149306775,0.00785243658397463
re,R_real,3040.55118110236,sigma,4096,0.208351091595136,0.538875992635527,0.330524901040391,0.156982422755454,0.246349473562923,0.504309394125825,0.572774020834381,0.00747391610344492
re,R_real,3040.55118110236,alpha_infinity,4096,0.356571759891646,0.624904457188825,0.268332697297179,0.320157254078458,0.393258538751391,0.577188816992793,0.682465140852581,0.00747391610344492
re,R_real,3040.55118110236,lambda,4096,0.0854013467398579,0.165186736176969,0.0797853894371109,0.0460904412868619,0.117311757561026,0.151040318603972,0.182780084555855,0.00747391610344492
re,R_real,3040.55118110236,lambda_prime,4096,0.00439786932080377,0.00403119922780764,-0.000366670092996133,-0.0234187476018812,0.0313544943089221,0.00373865143748329,0.00443370546345388,0.00747391610344492
re,R_real,3040.55118110236,k0_prime,4096,0.0221237220393682,0.0292697756632362,0.00714605362386801,-0.00493724768412784,0.0453281034345651,0.0267687350796665,0.0316552349029853,0.00747391610344492
re,R_real,3078.74015748031,sigma,4096,0.190516884867744,0.523014784344713,0.332497899476968,0.13841175389954,0.230564355436501,0.489041499683887,0.555726524557483,0.00713051087038711
re,R_real,3078.74015748031,alpha_infinity,4096,0.368088940586795,0.642582811813132,0.274493871226337,0.332231797430076,0.403968698897455,0.593788785691747,0.700986160553493,0.00713051087038711
re,R_real,3078.74015748031,lambda,4096,0.0861166824920364,0.167024667490084,0.0809079849980471,0.0489906571880817,0.117979956038336,0.153014285206337,0.184816517828509,0.00713051087038711
re,R_real,3078.74015748031,lambda_prime,4096,0.00448408857099902,0.0039583141129455,-0.000525774458053526,-0.0239728145300926,0.0327284613349116,0.00366589559143906,0.00435991383360111,0.00713051087038711
re,R_real,3078.74015748031,k0_prime,4096,0.0245915044668913,0.0330630545280101,0.00847155006111885,-0.00261477046558722,0.0482339076399071,0.0304347501752559,0.035865693191754,0.00713051087038711
re,R_real,3116.92913385827,sigma,4096,0.175007980313505,0.510273913261479,0.335265932947974,0.122046746703206,0.216534833255491,0.477698980635815,0.540410982124596,0.00677700066962011
re,R_real,3116.92913385827,alpha_infinity,4096,0.378230321343763,0.660586213447049,0.282355892103286,0.344461213124073,0.413142362292606,0.60943007607178,0.718502310646038,0.00677700066962011
re,R_real,3116.92913385827,lambda,4096,0.0838920750680526,0.163731333215617,0.0798392581475639,0.046460089712358,0.11496809630233,0.150174531341055,0.179686891959088,0.00677700066962011
re,R_real,3116.92913385827,lambda_prime,4096,0.00483768677380969,0.00443578016795075,-0.000401906605858936,-0.0235073539999269,0.0319693173148566,0.00410376088302733,0.00484414037523688,0.00677700066962011
re,R_real,3116.92913385827,k0_prime,4096,0.0293275925964193,0.0360306850406144,0.00670309244419515,0.000986341497926091,0.0522482837011213,0.0333263741805227,0.0390549717042352,0.00677700066962011
re,R_real,3155.11811023622,sigma,4096,0.159415829583062,0.496220833889726,0.336805004306664,0.107996682687356,0.200508989241013,0.464263214832407,0.52529687648899,0.0064742358116242
re,R_real,3155.11811023622,alpha_infinity,4096,0.388972077343664,0.677143669417752,0.288171592074088,0.355762893940722,0.42507167727204,0.625305187009174,0.736099952131112,0.0064742358116242
re,R_real,3155.11811023622,lambda,4096,0.0832051552531866,0.162708100197939,0.0795029449447522,0.0474661760115141,0.113500636544883,0.14820808429179,0.178064268354651,0.0064742358116242
re,R_real,3155.11811023622,lambda_prime,4096,0.00569274649720586,0.00528719202605074,-0.000405554471155121,-0.0240727498244826,0.0335674957303285,0.00489202849669972,0.00580984130845778,0.0064742358116242
re,R_real,3155.11811023622,k0_prime,4096,0.032261718529439,0.039682889497067,0.00742117096762795,0.00313629170688501,0.0541324731551078,0.0366146850473836,0.0433265690518918,0.0064742358116242
re,R_real,3193.30708661417,sigma,4096,0.144558033684591,0.482320766064416,0.337762732379825,0.0947314600647925,0.187207673853259,0.452447554218951,0.509646962451764,0.0061756122395127
re,R_real,3193.30708661417,alpha_infinity,4096,0.398867790238997,0.694258129124086,0.295390338885088,0.366336703553033,0.433232630099931,0.638709143988265,0.753901701811196,0.0061756122395127
re,R_real,3193.30708661417,lambda,4096,0.0802095264844097,0.160637067220168,0.0804275407357583,0.0442226581936983,0.110384230276621,0.146466731807549,0.176098965542186,0.0061756122395127
re,R_real,3193.30708661417,lambda_prime,4096,0.00535277845233784,0.00577457954825551,0.000421801095917671,-0.0237828062945828,0.0336754751028336,0.00528382858737906,0.00637899995558787,0.0061756122395127
re,R_real,3193.30708661417,k0_prime,4096,0.0364135739136648,0.0447577069383774,0.00834413302471257,0.00685034284054797,0.0581130584605261,0.0415441052909045,0.0488510113871292,0.0061756122395127
re,R_real,3231.49606299213,sigma,4096,0.132960020821008,0.470802956025935,0.337842935204927,0.0818980326861372,0.176813714774349,0.441651893461974,0.49848685199127,0.00589998036147947
re,R_real,3231.49606299213,alpha_infinity,4096,0.409644977717423,0.709162320303366,0.299517342585943,0.378784924212263,0.44337824534504,0.650364881769458,0.769997503369261,0.00589998036147947
re,R_real,3231.49606299213,lambda,4096,0.0767673391025894,0.160164019358954,0.0833966802563647,0.040835621124558,0.104917551251572,0.145152299855548,0.175399546631647,0.00589998036147947
re,R_real,3231.49606299213,lambda_prime,4096,0.00590321002372829,0.00656378056523965,0.000660570541511359,-0.0227956578859247,0.033398567260888,0.00609626886935982,0.00718786247387574,0.00589998036147947
re,R_real,3231.49606299213,k0_prime,4096,0.0399560794561521,0.048169138562839,0.00821305910668692,0.00980545022142243,0.061940788354852,0.0444346758846614,0.0527438493598819,0.00589998036147947
re,R_real,3269.68503937008,sigma,4096,0.127406812924379,0.46078301798854,0.333376205064162,0.0776872173525391,0.172725336796933,0.434091913202058,0.487909700191661,0.00562366805367626
re,R_real,3269.68503937008,alpha_infinity,4096,0.414480995471777,0.716400758864731,0.301919763392954,0.38320343255471,0.447493733819096,0.656002655749462,0.778897537914163,0.00562366805367626
re,R_real,3269.68503937008,lambda,4096,0.0745046144953797,0.156637603417451,0.0821329889220709,0.0380201019092761,0.10205150201278,0.141921677949525,0.171944165191602,0.00562366805367626
re,R_real,3269.68503937008,lambda_prime,4096,0.00662515328324398,0.00732707528050691,0.000701921997262927,-0.0226497140814415,0.0336541396958812,0.00680880411524487,0.00805333756338794,0.00562366805367626
re,R_real,3269.68503937008,k0_prime,4096,0.0439812564066365,0.0537546668732605,0.00977341046662401,0.01392137299197,0.0657014341016749,0.0496172229261978,0.0587835972786683,0.00562366805367626
re,R_real,3307.87401574803,sigma,4096,0.117420285934869,0.452309539047092,0.334889253112223,0.0670458197054807,0.164408684476764,0.425783404714767,0.47975827312631,0.00534521596810763
re,R_real,3307.87401574803,alpha_infinity,4096,0.418241688575172,0.727843451449533,0.309601762874362,0.386879074662442,0.451143834153519,0.665322765758661,0.789240938585816,0.00534521596810763
re,R_real,3307.87401574803,lambda,4096,0.0720852219979342,0.156533840570867,0.0844486185729323,0.0370469430046323,0.100786965861252,0.141801511805294,0.172544038062256,0.00534521596810763
re,R_real,3307.87401574803,lambda_prime,4096,0.00633202151467815,0.00798613268305693,0.00165411116837877,-0.0229847387015545,0.0331795762925846,0.00736877975686574,0.00877407805734166,0.00534521596810763
re,R_real,3307.87401574803,k0_prime,4096,0.0496839859777276,0.0590712859820472,0.00938730000431957,0.019421492875133,0.0717174061797647,0.054407368103309,0.0645516111758632,0.00534521596810763
re,R_real,3346.06299212598,sigma,4096,0.113627262481761,0.443781486282522,0.330154223800761,0.063405737177626,0.161961393441026,0.416422143259306,0.471367214322252,0.0050951998818762
re,R_real,3346.06299212598,alpha_infinity,4096,0.421443279062468,0.732491026001306,0.311047746938837,0.390418006229249,0.454589236323888,0.668921623998505,0.79278784103101,0.0050951998818762
re,R_real,3346.06299212598,lambda,4096,0.0692560714015664,0.156540509589558,0.0872844381879911,0.0328160963222864,0.0979928189168889,0.141148990514704,0.172606649395636,0.0050951998818762
re,R_real,3346.06299212598,lambda_prime,4096,0.00762700560155005,0.00900608226926141,0.00137907666771136,-0.0221452686374204,0.0339473854929614,0.0082731202637918,0.00978585060374771,0.0050951998818762
re,R_real,3346.06299212598,k0_prime,4096,0.0553228397138614,0.0642918049502805,0.00896896523641912,0.0265536513040653,0.0776572685698195,0.0585592160609446,0.0705943421453665,0.0050951998818762
re,R_real,3384.25196850394,sigma,4096,0.109712527187482,0.434310668990079,0.324598141802597,0.0615158234089914,0.159660968899392,0.406361496247719,0.457587314238719,0.00484196071328728
re,R_real,3384.25196850394,alpha_infinity,4096,0.424727537979372,0.737700988075707,0.312973450096335,0.395889185101007,0.45624903469423,0.670632405739094,0.798716911433716,0.00484196071328728
re,R_real,3384.25196850394,lambda,4096,0.0647961808772692,0.154220245476196,0.0894240645989266,0.0268158479005097,0.0934319122807519,0.139221241620832,0.170870120096542,0.00484196071328728
re,R_real,3384.25196850394,lambda_prime,4096,0.00767498049013948,0.00977644899686943,0.00210146850672995,-0.0226254488295758,0.0346192869008749,0.00901410058968311,0.0107463561405981,0.00484196071328728
re,R_real,3384.25196850394,k0_prime,4096,0.0615134442580104,0.0713785197980587,0.0098650755400483,0.0333890070297135,0.085507195081585,0.0651260019629778,0.0783168743713779,0.00484196071328728
re,R_real,3422.44094488189,sigma,4096,0.108448476912286,0.428104100209313,0.319655623297027,0.0596648518225927,0.160531098397975,0.399636993405105,0.451935621760128,0.00464198018073974
re,R_real,3422.44094488189,alpha_infinity,4096,0.425226264934355,0.739642835165785,0.31441657023143,0.398151325039898,0.45357633655056,0.670027843693335,0.801774868060739,0.00464198018073974
re,R_real,3422.44094488189,lambda,4096,0.0599172652778253,0.152197939983398,0.0922806747055724,0.020972547053799,0.0898614120715265,0.137386751151382,0.168516849022029,0.00464198018073974
re,R_real,3422.44094488189,lambda_prime,4096,0.00677435700814999,0.0110114293598268,0.00423707235167677,-0.023472247790332,0.035257632219782,0.0101744827063266,0.012072502929247,0.00464198018073974
re,R_real,3422.44094488189,k0_prime,4096,0.0666061533727493,0.0789194728529368,0.0123133194801875,0.0363280451614966,0.0897399073352301,0.0712446976843707,0.0875914578175675,0.00464198018073974
re,R_real,3460.62992125984,sigma,4096,0.108808549388837,0.423710955521028,0.314902406132191,0.0613056530718897,0.160031548156045,0.394377851304378,0.446210141269993,0.00443991796941342
re,R_real,3460.62992125984,alpha_infinity,4096,0.423586517673536,0.738466179763089,0.314879662089553,0.397183203646388,0.450387022287551,0.669662044880372,0.798191655259449,0.00443991796941342
re,R_real,3460.62992125984,lambda,4096,0.056754104410519,0.150163885287884,0.0934097808773653,0.0155548986245768,0.0888659115060606,0.135852053061289,0.166336131972013,0.00443991796941342
re,R_real,3460.62992125984,lambda_prime,4096,0.00831816416667175,0.0122694589653347,0.00395129479866294,-0.0217098964866,0.0377778872684165,0.0113307468759902,0.0134864234775931,0.00443991796941342
re,R_real,3460.62992125984,k0_prime,4096,0.0731910657884998,0.0851270180932313,0.0119359523047316,0.0442911249215577,0.0960749017069726,0.0777443475622236,0.0941683394426586,0.00443991796941342
re,R_real,3498.8188976378,sigma,4096,0.110012180919052,0.419019464589558,0.309007283670506,0.0623818143232947,0.162849512826853,0.391719696136845,0.442118357275435,0.00422418156887063
re,R_real,3498.8188976378,alpha_infinity,4096,0.422168597938297,0.7367652953473,0.314596697409004,0.396747058772946,0.451317908399829,0.670202616277695,0.793668306728538,0.00422418156887063
re,R_real,3498.8188976378,lambda,4096,0.0515285972947989,0.149810633174848,0.0982820358800492,0.00957802968121257,0.0858139954931588,0.1353336427114,0.166077145924888,0.00422418156887063
re,R_real,3498.8188976378,lambda_prime,4096,0.00793998493743653,0.0139546837728715,0.00601469883543497,-0.0218486142375753,0.0357877013430564,0.0128473264605829,0.0152756322467709,0.00422418156887063
re,R_real,3498.8188976378,k0_prime,4096,0.0794235229401925,0.0922744331445259,0.0128509102043334,0.0485473679539669,0.102492226231679,0.0839240793756554,0.102783196471295,0.00422418156887063
re,R_real,3537.00787401575,sigma,4096,0.11462313615778,0.413780836188553,0.299157700030773,0.0646205724846279,0.16689733980794,0.388590233540305,0.435196966807942,0.00403737260798989
re,R_real,3537.00787401575,alpha_infinity,4096,0.416335074868576,0.72683920069388,0.310504125825304,0.390302681788717,0.442622773157642,0.660504280720443,0.779933987221101,0.00403737260798989
re,R_real,3537.00787401575,lambda,4096,0.0491910775008183,0.149523868396506,0.100332790895688,0.00841757038755053,0.0849689933831979,0.135177559587778,0.165727705915881,0.00403737260798989
re,R_real,3537.00787401575,lambda_prime,4096,0.00990737577899992,0.0155605634352196,0.0056531876562197,-0.0196719568242782,0.0372225929158325,0.0143058927507266,0.0170032686762531,0.00403737260798989
re,R_real,3537.00787401575,k0_prime,4096,0.0881853378717277,0.100907961183668,0.0127226233119405,0.0580337855174151,0.111051647786554,0.0918284202428418,0.112255083812185,0.00403737260798989
re,R_real,3575.1968503937,sigma,4096,0.11881521416461,0.41209712859898,0.29328191443437,0.0676975681886047,0.170630727270192,0.389877385099129,0.432038370336986,0.00383075035243035
re,R_real,3575.1968503937,alpha_infinity,4096,0.41068900807068,0.720017707182305,0.309328699111625,0.383837092609351,0.435755725306883,0.650519784708195,0.772954961744437,0.00383075035243035
re,R_real,3575.1968503937,lambda,4096,0.0429088408183645,0.149365263787066,0.106456422968702,0.00449235695649741,0.0797474132580442,0.135001242845387,0.165135163977222,0.00383075035243035
re,R_real,3575.1968503937,lambda_prime,4096,0.00970810618532425,0.0168356094433905,0.00712750325806622,-0.019282972998629,0.0375999353934405,0.0155263174400957,0.0183635392099193,0.00383075035243035
re,R_real,3575.1968503937,k0_prime,4096,0.0967990802098826,0.111448128295855,0.0146490480859728,0.0663578467588162,0.12076701930495,0.10098999803094,0.12419182039908,0.00383075035243035
re,R_real,3613.38582677165,sigma,4096,0.124357723858779,0.409886401079614,0.285528677220835,0.0720811991795905,0.175810733166943,0.390816804352826,0.428927674529559,0.00366383644436155
re,R_real,3613.38582677165,alpha_infinity,4096,0.402486449630157,0.709502084794154,0.307015635163997,0.372933766651984,0.426762191665426,0.639472748858706,0.760281331423014,0.00366383644436155
re,R_real,3613.38582677165,lambda,4096,0.0387579686734785,0.149634054877459,0.110876086203981,0.000383083720516209,0.0738395275430265,0.136139412168367,0.164623566590263,0.00366383644436155
re,R_real,3613.38582677165,lambda_prime,4096,0.0102901773207072,0.0188227808020349,0.00853260348132761,-0.0199901872576507,0.0370313224077288,0.0173525521724083,0.0206340088537034,0.00366383644436155
re,R_real,3613.38582677165,k0_prime,4096,0.104280294926384,0.121623785532363,0.0173434906059791,0.0757910963876739,0.129063931317538,0.110019653307333,0.135362555017014,0.00366383644436155
re,R_real,3651.57480314961,sigma,4096,0.132266531256089,0.40970930966247,0.277442778406381,0.0795294520206289,0.183470425080587,0.391662679343659,0.427638872446598,0.00348618435590053
re,R_real,3651.57480314961,alpha_infinity,4096,0.392228875722393,0.695475956130487,0.303247080408094,0.361459832938302,0.417644554735249,0.62409876821619,0.744196996285772,0.00348618435590053
re,R_real,3651.57480314961,lambda,4096,0.0346790857538563,0.149806125426937,0.11512703967308,-0.00268541078763351,0.0713102144889107,0.136454871439006,0.165058790301362,0.00348618435590053
re,R_real,3651.57480314961,lambda_prime,4096,0.0119004641052081,0.0210178014056997,0.00911733730049168,-0.0201141769801556,0.0395966507659795,0.019410131748879,0.0228852106048849,0.00348618435590053
re,R_real,3651.57480314961,k0_prime,4096,0.113860607182428,0.131235062453083,0.0173744552706551,0.0862159228293178,0.137646401079821,0.11906536656107,0.145650683983808,0.00348618435590053
re,R_real,3689.76377952756,sigma,4096,0.138983734253136,0.409031332559989,0.270047598306853,0.0828079003920958,0.191051041777007,0.392139913356698,0.427129980688688,0.00331745533523304
re,R_real,3689.76377952756,alpha_infinity,4096,0.382620206233932,0.679539189224188,0.296918982990256,0.351198705590969,0.409361429323559,0.609530582683075,0.729242369390941,0.00331745533523304
re,R_real,3689.76377952756,lambda,4096,0.0302266314858707,0.152124072445832,0.121897440959962,-0.00999150104315949,0.0689616448655472,0.13989470201901,0.167623554048648,0.00331745533523304
re,R_real,3689.76377952756,lambda_prime,4096,0.0126160714845897,0.0231036839972673,0.0104876125126776,-0.0218402549449039,0.0394044478650889,0.0214335243897147,0.0253485398525344,0.00331745533523304
re,R_real,3689.76377952756,k0_prime,4096,0.122891995940438,0.141917190863252,0.0190251949228138,0.0941963879731014,0.146347207933299,0.12899483850088,0.158244632109857,0.00331745533523304
re,R_real,3727.95275590551,sigma,4096,0.147148107115175,0.409422011678605,0.262273904563431,0.0935171956709663,0.19764468966625,0.394155924289484,0.428307181076299,0.0031542621106922
re,R_real,3727.95275590551,alpha_infinity,4096,0.370333591774699,0.662739887199474,0.292406295424774,0.337075264042655,0.396176641239092,0.592936127742083,0.708733062228093,0.0031542621106922
re,R_real,3727.95275590551,lambda,4096,0.0256747462089723,0.155288549351166,0.129613803142194,-0.014173056538781,0.0643715697905661,0.142230053076698,0.171309786263571,0.0031542621106922
re,R_real,3727.95275590551,lambda_prime,4096,0.0131253295104073,0.0262799963933151,0.0131546668829078,-0.0210605481601145,0.0396875977678254,0.024328307764876,0.0288574333095881,0.0031542621106922
re,R_real,3727.95275590551,k0_prime,4096,0.132257211485544,0.152780960573829,0.0205237490882853,0.103517245755414,0.156097170540369,0.139173990889754,0.170099064173874,0.0031542621106922
re,R_real,3766.14173228346,sigma,4096,0.154878192011095,0.409862327906847,0.254984135895752,0.10110430469639,0.20402204394368,0.394602192833726,0.429616000550262,0.00300798768644709
re,R_real,3766.14173228346,alpha_infinity,4096,0.356971989192591,0.643460219167396,0.286488229974806,0.322160363394694,0.38340345090799,0.576033484167556,0.685147027532714,0.00300798768644709
re,R_real,3766.14173228346,lambda,4096,0.0214694502151864,0.156258068396051,0.134788618180864,-0.0212447969419343,0.0612770792750661,0.14241743940608,0.171345218575113,0.00300798768644709
re,R_real,3766.14173228346,lambda_prime,4096,0.0152507934056423,0.028252324283176,0.0130015308775337,-0.0184197311920138,0.0408683159863473,0.0261775407976716,0.0309672237856733,0.00300798768644709
re,R_real,3766.14173228346,k0_prime,4096,0.143522221794963,0.16489491703341,0.0213726952384478,0.11357427384052,0.16846126873249,0.151394693426736,0.183586185451181,0.00300798768644709
re,R_real,3804.33070866142,sigma,4096,0.163302424666196,0.411575112957162,0.248272688290966,0.109285047861621,0.211312319974618,0.394613291271051,0.432869095122236,0.00287411530500751
re,R_real,3804.33070866142,alpha_infinity,4096,0.341053627606071,0.621988939658396,0.280935312052324,0.305601808663641,0.369353777711854,0.556311004627368,0.662008779327141,0.00287411530500751
re,R_real,3804.33070866142,lambda,4096,0.0177367973339032,0.158961899568814,0.14122510223491,-0.0255045639729616,0.0571125755980789,0.143999608255348,0.173261670948088,0.00287411530500751
re,R_real,3804.33070866142,lambda_prime,4096,0.016938656361336,0.0313673435017697,0.0144286871404337,-0.0147893842061,0.0432511885556341,0.0291847521983796,0.0345128694308888,0.00287411530500751
re,R_real,3804.33070866142,k0_prime,4096,0.154663031363208,0.177891169808903,0.0232281384456953,0.123479136877765,0.180273678002393,0.16296411950535,0.19725032807585,0.00287411530500751
re,R_real,3842.51968503937,sigma,4096,0.172177022881854,0.41586087610749,0.243683853225636,0.116529308987711,0.217481731000481,0.397931205856349,0.43752863565466,0.00273337785582073
re,R_real,3842.51968503937,alpha_infinity,4096,0.326173884514191,0.598921362224342,0.272747477710151,0.291067200095627,0.353664271687353,0.535870177767188,0.63772911673882,0.00273337785582073
re,R_real,3842.51968503937,lambda,4096,0.0133602616514282,0.159097008865736,0.145736747214307,-0.0307174262046277,0.051005401616632,0.144584281891823,0.1755412532321,0.00273337785582073
re,R_real,3842.51968503937,lambda_prime,4096,0.017673005098494,0.034463651946067,0.016790646847573,-0.0135775520476942,0.042800569926152,0.0320298198568463,0.0381168187725682,0.00273337785582073
re,R_real,3842.51968503937,k0_prime,4096,0.163485869226867,0.191389290927588,0.027903421700721,0.130995047880863,0.188215917010767,0.173587429299997,0.213131924203244,0.00273337785582073
re,R_real,3880.70866141732,sigma,4096,0.182576697147194,0.41888349568295,0.236306798535756,0.126496588782581,0.225015818669725,0.401087055948618,0.441061921844888,0.00259331662729246
re,R_real,3880.70866141732,alpha_infinity,4096,0.308268677189312,0.572419309592122,0.26415063240281,0.274534919730342,0.338414720551161,0.513673190415448,0.610521499949032,0.00259331662729246
re,R_real,3880.70866141732,lambda,4096,0.00954324367243597,0.16294228683613,0.153399043163694,-0.0355938395682762,0.0443724157536346,0.147575437909673,0.179394478294611,0.00259331662729246
re,R_real,3880.70866141732,lambda_prime,4096,0.0181530719079894,0.037078003723182,0.0189249318151926,-0.014245351202844,0.0431031697437702,0.034398151819082,0.0409103912213329,0.00259331662729246
re,R_real,3880.70866141732,k0_prime,4096,0.176623676376174,0.20681172081098,0.0301880444348054,0.144264965220699,0.201894892643138,0.188537969031689,0.230292979832872,0.00259331662729246
re,R_real,3918.89763779528,sigma,4096,0.188252215959629,0.422117977268178,0.233865761308548,0.132181861917523,0.230652544647359,0.403555411005249,0.44486117661743,0.00247981615821682
re,R_real,3918.89763779528,alpha_infinity,4096,0.291790809808698,0.550229936323633,0.258439126514935,0.25871901728824,0.323054781372203,0.495078594485778,0.584022764604084,0.00247981615821682
re,R_real,3918.89763779528,lambda,4096,0.00688927773664372,0.163198334568341,0.156309056831697,-0.0385457517948067,0.0399693298418297,0.147684693816113,0.179116695866548,0.00247981615821682
re,R_real,3918.89763779528,lambda_prime,4096,0.0215252606762478,0.0409917244505798,0.019466463774332,-0.0134332375415809,0.0477225921649068,0.0381085000945388,0.0451046733875757,0.00247981615821682
re,R_real,3918.89763779528,k0_prime,4096,0.186528037234619,0.219255781447467,0.0327277442128479,0.151739189346958,0.211303771760493,0.198920637468536,0.244833658162672,0.00247981615821682
re,R_real,3957.08661417323,sigma,4096,0.19693315751498,0.42763486509498,0.23070170758,0.141168024869585,0.239188876422106,0.408757761138754,0.448920324967133,0.00236786056978348
re,R_real,3957.08661417323,alpha_infinity,4096,0.273534994347238,0.527115640770005,0.253580646422767,0.239030991873053,0.307847577653221,0.473650647108467,0.557499427891299,0.00236786056978348
re,R_real,3957.08661417323,lambda,4096,0.0029894420981178,0.167401751740711,0.164412309642593,-0.041893256628446,0.0350349342965207,0.150921324263389,0.183536099312436,0.00236786056978348
re,R_real,3957.08661417323,lambda_prime,4096,0.0220346461593977,0.044525832973926,0.0224911868145284,-0.0143421328661866,0.0485343437855346,0.0413390591229187,0.0492179616237456,0.00236786056978348
re,R_real,3957.08661417323,k0_prime,4096,0.196385465545522,0.231713246695585,0.0353277811500634,0.160900460987162,0.221846603854645,0.210222529234179,0.258096816424921,0.00236786056978348
re,R_real,3995.27559055118,sigma,4096,0.202648874810731,0.432162333069128,0.229513458258397,0.148123770731421,0.244579705588988,0.412915688860868,0.452143563107832,0.00225429390764131
re,R_real,3995.27559055118,alpha_infinity,4096,0.253099604288336,0.498445038713621,0.245345434425285,0.218054480650373,0.288276965984113,0.451959674051308,0.527733084951541,0.00225429390764131
re,R_real,3995.27559055118,lambda,4096,0.00112719461018362,0.170651823163675,0.169524628553492,-0.0424521038070951,0.0329538561649457,0.153317954675732,0.188149813684917,0.00225429390764131
re,R_real,3995.27559055118,lambda_prime,4096,0.0249915734394561,0.0485227088037976,0.0235311353643414,-0.0120987719564731,0.0511613291853454,0.0447415087559551,0.0533818643406799,0.00225429390764131
re,R_real,3995.27559055118,k0_prime,4096,0.208899065926669,0.24782486731534,0.038925801388671,0.172826648383273,0.236874693576371,0.223881453565637,0.277244545868522,0.00225429390764131
re,R_real,4033.46456692913,sigma,4096,0.209556500200076,0.43952069978324,0.229964199583164,0.153517892711351,0.249258798387716,0.420343755280673,0.460485101651612,0.00217076794285891
re,R_real,4033.46456692913,alpha_infinity,4096,0.232387966084517,0.473791169719607,0.24140320363509,0.197585161807227,0.269801612013822,0.431872965550855,0.504182792205361,0.00217076794285891
re,R_real,4033.46456692913,lambda,4096,-0.00085364023118828,0.17153221285533,0.172385853086518,-0.0443864870320791,0.0309686557497481,0.153983099887356,0.191729909622575,0.00217076794285891
re,R_real,4033.46456692913,lambda_prime,4096,0.0268503185130393,0.0521995153393362,0.0253491968262969,-0.00854928393385901,0.0533819695926604,0.0482571924381958,0.05765247428874,0.00217076794285891
re,R_real,4033.46456692913,k0_prime,4096,0.218452381217701,0.261191820599404,0.0427394393817035,0.180974477473025,0.246912131957158,0.235624534997833,0.291206076381644,0.00217076794285891
re,R_real,4071.65354330709,sigma,4096,0.217677074655024,0.44654077998505,0.228863705330026,0.163388360544063,0.251641733055208,0.426142851631915,0.468954346240425,0.00207212983074567
re,R_real,4071.65354330709,alpha_infinity,4096,0.213381183510338,0.448028332242803,0.234647148732465,0.179495801751705,0.249361823776212,0.41064777851158,0.476965785804905,0.00207212983074567
re,R_real,4071.65354330709,lambda,4096,-0.0041503451330549,0.172557241331694,0.176707586464749,-0.0459558743870119,0.0273751811248748,0.155124068984232,0.19411412778702,0.00207212983074567
re,R_real,4071.65354330709,lambda_prime,4096,0.0282947208833797,0.0553203864555307,0.027025665572151,-0.00526138606759297,0.0557076646781671,0.0509985931941773,0.0610355292016415,0.00207212983074567
re,R_real,4071.65354330709,k0_prime,4096,0.228611265476416,0.276614604989178,0.0480033395127617,0.190335284537124,0.257405632946259,0.249250908312352,0.308350190474264,0.00207212983074567
re,R_real,4109.84251968504,sigma,4096,0.218296708264981,0.45298147932981,0.234684771064829,0.164888643052919,0.253037266584596,0.431573131092419,0.476902681917209,0.00199671753919259
re,R_real,4109.84251968504,alpha_infinity,4096,0.194617010528588,0.422920551960538,0.228303541431951,0.161158387315402,0.231106358515031,0.388563031396771,0.450295776475183,0.00199671753919259
re,R_real,4109.84251968504,lambda,4096,-0.00512481139800913,0.174453177968276,0.179577989366285,-0.0474227682096553,0.025502352186424,0.156715070377351,0.195841297202978,0.00199671753919259
re,R_real,4109.84251968504,lambda_prime,4096,0.0319099728535076,0.0603598542788582,0.0284498814253506,-0.000937681619235908,0.0593635271532569,0.0557888789455857,0.0662572346100969,0.00199671753919259
re,R_real,4109.84251968504,k0_prime,4096,0.238579446888888,0.290855957935442,0.0522765110465542,0.200095390367364,0.26677120015079,0.261873063765915,0.324270647723776,0.00199671753919259
re,R_real,4148.03149606299,sigma,4096,0.2227559220103,0.465160995076133,0.242405073065834,0.168211653358734,0.260690223982392,0.44205875441176,0.48906639627515,0.00192389004220215
re,R_real,4148.03149606299,alpha_infinity,4096,0.17434673977793,0.403657603817146,0.229310864039216,0.13916322876097,0.211781705881714,0.371259718940906,0.428823248824306,0.00192389004220215
re,R_real,4148.03149606299,lambda,4096,-0.00613697320953133,0.175016946301342,0.181153919510874,-0.0499249072383612,0.0227094209611691,0.156816752396581,0.195806880492414,0.00192389004220215
re,R_real,4148.03149606299,lambda_prime,4096,0.0342388667175569,0.0638513576701045,0.0296124909525476,0.00476096979646212,0.058958955615467,0.0588898624546297,0.0700076133465355,0.00192389004220215
re,R_real,4148.03149606299,k0_prime,4096,0.24385948152057,0.300409657400484,0.0565501758799137,0.204935059738583,0.271879390001242,0.269637374354932,0.335247511568858,0.00192389004220215
re,R_real,4186.22047244094,sigma,4096,0.225929508169166,0.470518210693387,0.24458870252422,0.17267089128682,0.265583916239899,0.446956017091075,0.495068920828435,0.00185335407239588
re,R_real,4186.22047244094,alpha_infinity,4096,0.155059265502154,0.380760714953815,0.225701449451661,0.118586197199296,0.190908133696854,0.350632075044354,0.405802116325439,0.00185335407239588
re,R_real,4186.22047244094,lambda,4096,-0.00782420017942798,0.176341563161804,0.184165763341232,-0.0519638564937828,0.0204087077347522,0.157153526199634,0.1979824246256,0.00185335407239588
re,R_real,4186.22047244094,lambda_prime,4096,0.0370751843174425,0.0667487352422461,0.0296735509248036,0.00968056992487754,0.0612810078525107,0.0613255183440954,0.073048734533421,0.00185335407239588
re,R_real,4186.22047244094,k0_prime,4096,0.255078378368521,0.315629946401074,0.0605515680325526,0.216049875952352,0.28436829936392,0.284156377251308,0.35244564754987,0.00185335407239588
re,R_real,4224.4094488189,sigma,4096,0.225979890219989,0.481149047305517,0.255169157085529,0.173093589011612,0.267934313428029,0.456099646756556,0.505675090378576,0.00180814328727611
re,R_real,4224.4094488189,alpha_infinity,4096,0.13803325904781,0.365423503476905,0.227390244429095,0.0987615479371089,0.173493956523631,0.336385516309051,0.389461721169776,0.00180814328727611
re,R_real,4224.4094488189,lambda,4096,-0.0079034208059392,0.173831226269673,0.181734647075612,-0.0528454031753751,0.020520232999291,0.153893552003121,0.195598591861716,0.00180814328727611
re,R_real,4224.4094488189,lambda_prime,4096,0.039680762051051,0.071370970102607,0.031690208051556,0.0134998822623266,0.0645643915007736,0.0654211012123864,0.078192686767554,0.00180814328727611
re,R_real,4224.4094488189,k0_prime,4096,0.25899332081708,0.325588502535789,0.0665951817187095,0.219801659306644,0.289430177482221,0.292918093545063,0.363572494825033,0.00180814328727611
re,R_real,4262.59842519685,sigma,4096,0.228200923422491,0.494720540245725,0.266519616823235,0.177125864062984,0.269762261873449,0.469126613342068,0.518951205106705,0.00175401114093516
re,R_real,4262.59842519685,alpha_infinity,4096,0.119835108792151,0.350239731303447,0.230404622511296,0.0801288265917889,0.153805617843492,0.322902026220438,0.373973402576652,0.00175401114093516
re,R_real,4262.59842519685,lambda,4096,-0.00862527128118162,0.175040206789322,0.183665478070504,-0.0540083533097904,0.0190368165439514,0.154380867671433,0.196625242988874,0.00175401114093516
re,R_real,4262.59842519685,lambda_prime,4096,0.0431845038338746,0.0749657096873697,0.0317812058534951,0.0179527468491713,0.0668270195410007,0.0692275559925872,0.0825077799760563,0.00175401114093516
re,R_real,4262.59842519685,k0_prime,4096,0.261509803666388,0.332272920810564,0.0707631171441764,0.222356330912215,0.292685662540636,0.29899953185941,0.371492071727493,0.00175401114093516
re,R_real,4300.7874015748,sigma,4096,0.230268052325166,0.507644990009013,0.277376937683847,0.180648603451621,0.270442606678748,0.481871712394227,0.531986219583886,0.00172280851688219
re,R_real,4300.7874015748,alpha_infinity,4096,0.104291547639001,0.341377879091289,0.237086331452288,0.0655183634725823,0.135300333507937,0.314717802067842,0.366108000959325,0.00172280851688219
re,R_real,4300.7874015748,lambda,4096,-0.00871684092261393,0.172165436687163,0.180882277609777,-0.0541233967650578,0.0181230047272244,0.150525542786198,0.192605809741232,0.00172280851688219
re,R_real,4300.7874015748,lambda_prime,4096,0.0440692572032322,0.0769690359405125,0.0328997787372803,0.0168628502461042,0.0680809117430021,0.071272498910466,0.0852791474595243,0.00172280851688219
re,R_real,4300.7874015748,k0_prime,4096,0.263430549969223,0.339213349106327,0.0757827991371042,0.223915674714187,0.295014215800033,0.305795427387553,0.381882278187259,0.00172280851688219
re,R_real,4338.97637795276,sigma,4096,0.231874604809155,0.521089592394086,0.289214987584931,0.185506753484903,0.272369283746237,0.49546869932394,0.546104429803796,0.00169222000090233
re,R_real,4338.97637795276,alpha_infinity,4096,0.0891050618337873,0.333434062681268,0.244329000847481,0.0507013691443579,0.120776801121603,0.308893195723086,0.359540314314358,0.00169222000090233
re,R_real,4338.97637795276,lambda,4096,-0.00944215967725293,0.170826144923708,0.180268304600961,-0.0530851461189659,0.0175432495300872,0.150032185623175,0.191207058579404,0.00169222000090233
re,R_real,4338.97637795276,lambda_prime,4096,0.0456277105617359,0.0786602241538836,0.0330325135921478,0.0184293876255539,0.0724302118749599,0.0726799042938909,0.0872275807660138,0.00169222000090233
re,R_real,4338.97637795276,k0_prime,4096,0.262515508487277,0.342654342658158,0.080138834170881,0.222422925118481,0.294020435253897,0.310075522851949,0.386729916986059,0.00169222000090233
re,R_real,4377.16535433071,sigma,4096,0.234396966340352,0.538178320506959,0.303781354166606,0.188359982620333,0.273838694877737,0.511438977237201,0.564209925649131,0.00168495254962291
re,R_real,4377.16535433071,alpha_infinity,4096,0.0758431960526034,0.329701273485519,0.253858077432916,0.0395788595662974,0.107951169658327,0.307250706039865,0.357235445507221,0.00168495254962291
re,R_real,4377.16535433071,lambda,4096,-0.00792378277616335,0.166277839005092,0.174201621781255,-0.0499343734893083,0.0176136629835003,0.146602495656579,0.185434240485202,0.00168495254962291
re,R_real,4377.16535433071,lambda_prime,4096,0.0475017258024273,0.0805660316711363,0.033064305868709,0.0235595319970578,0.0745123830119567,0.0747043633360284,0.0895065226454678,0.00168495254962291
re,R_real,4377.16535433071,k0_prime,4096,0.259064672629735,0.343590519288084,0.084525846658349,0.218091613364435,0.289321359281767,0.311268008078762,0.389221292945858,0.00168495254962291
re,R_real,4415.35433070866,sigma,4096,0.235168874121009,0.551438852198149,0.31626997807714,0.187345760000737,0.273888986787791,0.523071223023246,0.579974053974899,0.00167281239256994
re,R_real,4415.35433070866,alpha_infinity,4096,0.0642192026920911,0.331349660028419,0.267130457336327,0.0261965782885181,0.100303138876673,0.307997333144581,0.358933196485683,0.00167281239256994
re,R_real,4415.35433070866,lambda,4096,-0.00751568252473978,0.165565609639751,0.17308129216449,-0.0502409518599842,0.0175962681121244,0.14683792216695,0.183135815137756,0.00167281239256994
re,R_real,4415.35433070866,lambda_prime,4096,0.0493633204422437,0.0813376879769523,0.0319743675347087,0.0239188390160804,0.0759498377962132,0.074999829527766,0.0899897712917774,0.00167281239256994
re,R_real,4415.35433070866,k0_prime,4096,0.253327753043556,0.341263742896703,0.0879359898531468,0.212471427580058,0.283300327438709,0.309261599532641,0.388545737930952,0.00167281239256994
re,R_real,4453.54330708661,sigma,4096,0.239770233222084,0.565459825274889,0.325689592052805,0.194813935934322,0.278339097500609,0.535928644303548,0.595345148115107,0.00167692762580567
re,R_real,4453.54330708661,alpha_infinity,4096,0.0544218351798991,0.33312814451616,0.278706309336261,0.0150877495452946,0.0925559844170694,0.30721980767739,0.360285453020354,0.00167692762580567
re,R_real,4453.54330708661,lambda,4096,-0.00713382831178477,0.162488285500439,0.169622113812224,-0.0491449254997933,0.0211757095802437,0.144561774410083,0.179245276851335,0.00167692762580567
re,R_real,4453.54330708661,lambda_prime,4096,0.0504845460578689,0.081710250511928,0.0312257044540591,0.0232396532428121,0.0814825631263205,0.0756966969769451,0.0898830165505714,0.00167692762580567
re,R_real,4453.54330708661,k0_prime,4096,0.246953233055667,0.33765615292003,0.0907029198643637,0.205028331281124,0.276894360578585,0.306487587675529,0.384616276534273,0.00167692762580567
re,R_real,4491.73228346457,sigma,4096,0.248020344158959,0.585272982537834,0.337252638378875,0.204123266224281,0.286599145850078,0.552622692029318,0.619120900493569,0.00168693341954269
re,R_real,4491.73228346457,alpha_infinity,4096,0.0443922606711722,0.342360018934397,0.297967758263225,0.00414874597141957,0.0811325682099087,0.31318376979636,0.369782058675734,0.00168693341954269
re,R_real,4491.73228346457,lambda,4096,-0.00565327952089123,0.161164268898299,0.16681754841919,-0.0484160930076827,0.0250145893317788,0.144297917668959,0.17735988336766,0.00168693341954269
re,R_real,4491.73228346457,lambda_prime,4096,0.0499356589882056,0.0826369305891568,0.0327012716009512,0.0198315105776297,0.0823682970288961,0.0768345401434589,0.0906852478994011,0.00168693341954269
re,R_real,4491.73228346457,k0_prime,4096,0.234355576227939,0.326249196228894,0.0918936200009554,0.191569599617089,0.261649984664293,0.295877788375132,0.371894790647505,0.00168693341954269
re,R_real,4529.92125984252,sigma,4096,0.254264501228609,0.601070716651325,0.346806215422716,0.207262696503192,0.291854353761905,0.567212459065603,0.638881158393353,0.00171778734208114
re,R_real,4529.92125984252,alpha_infinity,4096,0.0376257992901661,0.348444154341365,0.310818355051199,0.000622696883170404,0.0758125542695862,0.318918929902113,0.378330153043971,0.00171778734208114
re,R_real,4529.92125984252,lambda,4096,-0.00389423501869213,0.15792035219021,0.161814587208902,-0.0448645181395826,0.0288053954340834,0.141890713858069,0.173739653860757,0.00171778734208114
re,R_real,4529.92125984252,lambda_prime,4096,0.0502781140327939,0.0810652914678034,0.0307871774350095,0.019480272514081,0.0857599666117114,0.0757345590267671,0.0882191708742247,0.00171778734208114
re,R_real,4529.92125984252,k0_prime,4096,0.225675076172724,0.317890729993599,0.0922156538208751,0.182686856831906,0.2525888368472,0.289382431007667,0.360851112015856,0.00171778734208114
re,R_real,4568.11023622047,sigma,4096,0.263005971056311,0.619387450775186,0.356381479718875,0.213824926610205,0.29931636459507,0.585577755544426,0.660077869840974,0.00175528038264579
re,R_real,4568.11023622047,alpha_infinity,4096,0.0312126613309101,0.357639754545741,0.326427093214831,-0.00426507415875288,0.0723239790263157,0.326070476468361,0.389455744921319,0.00175528038264579
re,R_real,4568.11023622047,lambda,4096,-0.00308853165736966,0.157965685906954,0.161054217564324,-0.0433462588187523,0.0325669903713053,0.142479504658055,0.173811647460473,0.00175528038264579
re,R_real,4568.11023622047,lambda_prime,4096,0.0499857799264575,0.0796465207103081,0.0296607407838506,0.0184548365709444,0.0864119202987049,0.0745358986988532,0.0861751415118559,0.00175528038264579
re,R_real,4568.11023622047,k0_prime,4096,0.210306682059115,0.304093980931509,0.0937872988723934,0.167535717811744,0.237779737985976,0.276218342826604,0.346217822668955,0.00175528038264579
re,R_real,4606.29921259843,sigma,4096,0.272969135060277,0.633175012836562,0.360205877776285,0.225544959908065,0.311783125065677,0.601092976405101,0.674864249036021,0.00178456809701125
re,R_real,4606.29921259843,alpha_infinity,4096,0.0256074476748291,0.365678683757656,0.340071236082827,-0.0113525443080471,0.0684615561668129,0.331929748144852,0.400513983037358,0.00178456809701125
re,R_real,4606.29921259843,lambda,4096,-0.00172631056895778,0.158854790720351,0.160581101289309,-0.0422245488151332,0.0325985301133705,0.143131139081624,0.173852644901123,0.00178456809701125
re,R_real,4606.29921259843,lambda_prime,4096,0.0481871747545883,0.0760746090293724,0.0278874342747841,0.0150144865112205,0.0856747336567566,0.0713958057486152,0.0819689332065902,0.00178456809701125
re,R_real,4606.29921259843,k0_prime,4096,0.199852974498789,0.293810604508119,0.0939576300093306,0.158272618999919,0.229340519979596,0.265119577541997,0.334464696631141,0.00178456809701125
re,R_real,4644.48818897638,sigma,4096,0.286626576725241,0.650203377899275,0.363576801174034,0.241055408538743,0.32715514776781,0.613417994407428,0.690968275794315,0.00183882775026811
re,R_real,4644.48818897638,alpha_infinity,4096,0.020577518100986,0.375234689732081,0.354657171631095,-0.0187601381524558,0.0641521303069366,0.339277225624333,0.416120974573889,0.00183882775026811
re,R_real,4644.48818897638,lambda,4096,0.000140763022099533,0.159145931582081,0.159005168559981,-0.0396758789795399,0.0368423620608983,0.143066823574725,0.175716060706341,0.00183882775026811
re,R_real,4644.48818897638,lambda_prime,4096,0.046537015391771,0.0740341102078896,0.0274970948161186,0.011220027990095,0.0838883576998275,0.0697811936165745,0.0796357455140809,0.00183882775026811
re,R_real,4644.48818897638,k0_prime,4096,0.181737673940932,0.27697168896483,0.0952340150238976,0.140886055950411,0.212617089066143,0.247977601249141,0.316701353693262,0.00183882775026811
re,R_real,4682.67716535433,sigma,4096,0.298481804823178,0.663464217319972,0.364982412496794,0.255497379135749,0.339238874488018,0.626531994018441,0.703676465883371,0.00191023695741459
re,R_real,4682.67716535433,alpha_infinity,4096,0.0179147768227816,0.385552581287822,0.36763780446504,-0.0231615632941105,0.0619347503469572,0.348185040663058,0.431372861575944,0.00191023695741459
re,R_real,4682.67716535433,lambda,4096,0.00257507678321089,0.162681273723488,0.160106196940277,-0.0363966339902773,0.0386526534776126,0.144988511311342,0.180765442655908,0.00191023695741459
re,R_real,4682.67716535433,lambda_prime,4096,0.0455100379783819,0.0714850658364301,0.0259750278580482,0.00989852789527901,0.0847556160701358,0.0673318083737846,0.0768392170233751,0.00191023695741459
re,R_real,4682.67716535433,k0_prime,4096,0.168197077923362,0.260135091888295,0.0919380139649332,0.126882617653798,0.200226997679778,0.232040057652836,0.297388039338624,0.00191023695741459
re,R_real,4720.86614173228,sigma,4096,0.311298848952482,0.674045983065374,0.362747134112893,0.271360953070662,0.351329642215689,0.636827110325455,0.713598083734883,0.00196683372127248
re,R_real,4720.86614173228,alpha_infinity,4096,0.0147039570011505,0.39218952858289,0.377485571581739,-0.0254198666354297,0.0586210032122851,0.352985467248956,0.441512309988196,0.00196683372127248
re,R_real,4720.86614173228,lambda,4096,0.00438021316966397,0.165429786713139,0.161049573543475,-0.0332401873548676,0.0413180711390424,0.147831738744014,0.184964593992147,0.00196683372127248
re,R_real,4720.86614173228,lambda_prime,4096,0.0433443304332048,0.0685113595546536,0.0251670291214488,0.00911049855789947,0.0829557552554604,0.0647903506496184,0.0736435925335064,0.00196683372127248
re,R_real,4720.86614173228,k0_prime,4096,0.154585614121011,0.248193459071023,0.0936078449500117,0.11519800157388,0.187933116240878,0.218731626804251,0.284216716571999,0.00196683372127248
re,R_real,4759.05511811024,sigma,4096,0.326827180556591,0.687774603431547,0.360947422874956,0.286160437026752,0.365872541830904,0.651130381788081,0.728344541808122,0.00204435116900126
re,R_real,4759.05511811024,alpha_infinity,4096,0.0124499218061942,0.397467123410789,0.385017201604594,-0.0300786835010203,0.0588544504454104,0.356711356558228,0.44903623698576,0.00204435116900126
re,R_real,4759.05511811024,lambda,4096,0.0076025085557585,0.168351513861979,0.160749005306221,-0.0293432954794979,0.0446272404590591,0.149907121605999,0.187995751293554,0.00204435116900126
re,R_real,4759.05511811024,lambda_prime,4096,0.0420852381179369,0.0654911789188193,0.0234059408008824,0.00819437147186219,0.0799752529224167,0.0620045835073561,0.0704085297539532,0.00204435116900126
re,R_real,4759.05511811024,k0_prime,4096,0.141177362590942,0.232016605675011,0.0908392430840694,0.101736831132879,0.174955356970722,0.202430241459464,0.264462424238245,0.00204435116900126
re,R_real,4797.24409448819,sigma,4096,0.342870649007347,0.69931063449645,0.356439985489103,0.300917380121034,0.380641696638101,0.661807834063253,0.738298561374684,0.00212230168482739
re,R_real,4797.24409448819,alpha_infinity,4096,0.00863906119135605,0.404735773686697,0.396096712495341,-0.0350559338942162,0.0585963555169049,0.360271394188711,0.457775237028647,0.00212230168482739
re,R_real,4797.24409448819,lambda,4096,0.0100047190333468,0.174972084486852,0.164967365453505,-0.0260500310912246,0.0465317543481212,0.15579736249177,0.195321321846216,0.00212230168482739
re,R_real,4797.24409448819,lambda_prime,4096,0.039613828684831,0.0621865861673864,0.0225727574825554,0.00362088623833989,0.0763088366805986,0.0587894564458031,0.0669527009414734,0.00212230168482739
re,R_real,4797.24409448819,k0_prime,4096,0.126065093953531,0.213739785846528,0.0876746918929973,0.0870708347142306,0.159527969693204,0.186396773248968,0.244271632582243,0.00212230168482739
re,R_real,4835.43307086614,sigma,4096,0.355579816021173,0.707937206046594,0.35235739002542,0.312693445575978,0.393593473027496,0.671812255229633,0.749225618988212,0.00221255852146309
re,R_real,4835.43307086614,alpha_infinity,4096,0.00832291725557366,0.411357139675799,0.403034222420225,-0.0381936012188404,0.0589874151261397,0.364838537364971,0.464120883559166,0.00221255852146309
re,R_real,4835.43307086614,lambda,4096,0.0145393826757867,0.18138711104882,0.166847728373033,-0.0212115456046116,0.0505424663700891,0.161468017368902,0.201514860441282,0.00221255852146309
re,R_real,4835.43307086614,lambda_prime,4096,0.0364923346512568,0.0584827454254571,0.0219904107742003,0.00120338473632609,0.0721371243676695,0.0551540154664955,0.0632514020822747,0.00221255852146309
re,R_real,4835.43307086614,k0_prime,4096,0.113311145875415,0.200472622479758,0.0871614766043432,0.0752653373308328,0.146052209224558,0.173461156012482,0.228002191166957,0.00221255852146309
re,R_real,4873.62204724409,sigma,4096,0.370906765290361,0.716822889515481,0.34591612422512,0.32568697817396,0.413105267388596,0.680636633289087,0.756358402232698,0.00230246797078311
re,R_real,4873.62204724409,alpha_infinity,4096,0.00641860336888944,0.413867509568409,0.40744890619952,-0.0420866515279077,0.059006427461154,0.364806227510262,0.466485035198972,0.00230246797078311
re,R_real,4873.62204724409,lambda,4096,0.0170109927604577,0.189710983817489,0.172699991057031,-0.0170290445250689,0.0506302983589764,0.168690470231055,0.21135513411686,0.00230246797078311
re,R_real,4873.62204724409,lambda_prime,4096,0.033747333109664,0.0552712106351199,0.0215238775254559,-0.00329473328433494,0.0672842827452355,0.0520884774475341,0.0600906835913436,0.00230246797078311
re,R_real,4873.62204724409,k0_prime,4096,0.101646071836284,0.184318296273913,0.0826722244376286,0.0641323468190922,0.13418688863749,0.159037188858878,0.210098785558431,0.00230246797078311
re,R_real,4911.81102362205,sigma,4096,0.386650644063166,0.722483752881557,0.335833108818392,0.343129776728241,0.431040076812498,0.685075107339846,0.761030881980941,0.00240103408978935
re,R_real,4911.81102362205,alpha_infinity,4096,0.00516647612640009,0.413105735320992,0.407939259194592,-0.0434953133946621,0.0564967700798562,0.363551727553185,0.463399094319032,0.00240103408978935
re,R_real,4911.81102362205,lambda,4096,0.0207567025397354,0.197324979117101,0.176568276577365,-0.0141367991320185,0.055037819647309,0.175650295499059,0.2209805048974,0.00240103408978935
re,R_real,4911.81102362205,lambda_prime,4096,0.0332110227594962,0.0525954986045318,0.0193844758450357,-0.00420324939705319,0.0648966997463558,0.0496246516487317,0.0574698978106395,0.00240103408978935
re,R_real,4911.81102362205,k0_prime,4096,0.0902515993504267,0.169954027639396,0.0797024282889692,0.0516902955371465,0.122036615678957,0.14582785536654,0.193963468231904,0.00240103408978935
re,R_real,4950,sigma,4096,0.401859565895148,0.730251853612239,0.328392287717092,0.361170801762418,0.444689395446081,0.691431307716166,0.771233206571144,0.00250934607526135
re,R_real,4950,alpha_infinity,4096,0.00465592756246314,0.414153944227646,0.409498016665183,-0.0401819709337978,0.0533595979134177,0.365929868007896,0.461605050279398,0.00250934607526135
re,R_real,4950,lambda,4096,0.0250703321144229,0.206263277530552,0.181192945416129,-0.00885249893445383,0.0578634463028868,0.184570320338418,0.230958876190654,0.00250934607526135
re,R_real,4950,lambda_prime,4096,0.0308251764701193,0.0486611126903378,0.0178359362202185,-0.00456219887400322,0.0625557568567576,0.0460636997421532,0.0530880902006062,0.00250934607526135
re,R_real,4950,k0_prime,4096,0.0800386430765542,0.155387331741684,0.0753486886651295,0.0431556661709737,0.112948190951108,0.133919287761166,0.177972787836993,0.00250934607526135
im,R_imag,100,sigma,4096,0.563265863691047,0.566471405715542,0.00320554202449452,0.549864296688799,0.577840637986638,0.546874358258251,0.588097069778267,1.05824061062148e-05
im,R_imag,100,alpha_infinity,4096,0.00319922177559762,0.00202522901945145,-0.00117399275614616,-0.0280297587237233,0.0279664760902539,0.00186460654642254,0.00218289700926923,1.05824061062148e-05
im,R_imag,100,lambda,4096,0.000566507095086544,0.00125164853633611,0.000685141441249566,-0.0296756225332571,0.0244856668543307,0.0011515367661755,0.00132719903903568,1.05824061062148e-05
im,R_imag,100,lambda_prime,4096,0.000172908255232196,0.00243198900789184,0.00225908075265965,-0.0328991174337039,0.0248319275583019,0.0022480061800084,0.00257415759619625,1.05824061062148e-05
im,R_imag,100,k0_prime,4096,0.431285036525415,0.434987398412702,0.00370236188728756,0.410961523585245,0.452274525811368,0.421464019764324,0.448964238936844,1.05824061062148e-05
im,R_imag,138.188976377953,sigma,4096,0.630810310921001,0.632128020286693,0.00131770936569175,0.620093656190795,0.642417065422935,0.611204057186997,0.656021066395982,5.32514028005408e-05
im,R_imag,138.188976377953,alpha_infinity,4096,0.00307182790373084,0.00182759783304261,-0.00124423007068823,-0.0295482395574216,0.0269331632880367,0.00167134441378054,0.00195784944090886,5.32514028005408e-05
im,R_imag,138.188976377953,lambda,4096,0.000921634249114289,0.00123886464813658,0.000317230399022291,-0.0310643427794912,0.0250386098730307,0.00112484934877822,0.00131410496578369,5.32514028005408e-05
im,R_imag,138.188976377953,lambda_prime,4096,0.000446463223475524,0.0024034732108122,0.00195700998733667,-0.0322162296965272,0.0258107078289663,0.00217837152632059,0.00257019590635099,5.32514028005408e-05
im,R_imag,138.188976377953,k0_prime,4096,0.365685120056928,0.367579815966794,0.00189469590986585,0.343002111792368,0.387915596360717,0.356064846165752,0.38052443279954,5.32514028005408e-05
im,R_imag,176.377952755906,sigma,4096,0.694209164604337,0.695806246358183,0.00159708175384676,0.684012641209944,0.704032541601537,0.672801402556762,0.721960297146961,0.000163110121147404
im,R_imag,176.377952755906,alpha_infinity,4096,0.00200192094273,0.00164870497579522,-0.000353215966934773,-0.0284391253526886,0.0277729624558387,0.00150187561833076,0.00175498137261236,0.000163110121147404
im,R_imag,176.377952755906,lambda,4096,0.000589871759833605,0.000975075025590642,0.000385203265757038,-0.0290195452171047,0.0263317717237792,0.000900314921452634,0.00105942945079455,0.000163110121147404
im,R_imag,176.377952755906,lambda_prime,4096,0.00195671694736843,0.0050459045951079,0.00308918764773947,-0.0299329667792507,0.027932996620878,0.00459467707930244,0.00541198363286886,0.000163110121147404
im,R_imag,176.377952755906,k0_prime,4096,0.29954968277321,0.302392777425105,0.00284309465189492,0.274636350954415,0.323820348054418,0.291266714458645,0.312890202021489,0.000163110121147404
im,R_imag,214.566929133858,sigma,4096,0.748173066169765,0.750312940422864,0.00213987425309881,0.740370598695035,0.756140204366846,0.725773496791186,0.777638536632451,0.000377111235465034
im,R_imag,214.566929133858,alpha_infinity,4096,0.00169746530224202,0.00163813961957641,-5.93256826656072e-05,-0.0289565007282828,0.0273461177371785,0.0014899894715881,0.00174945297333918,0.000377111235465034
im,R_imag,214.566929133858,lambda,4096,0.0011506522919047,0.00111172280860063,-3.89294833040685e-05,-0.028731205247144,0.0261798811036814,0.00102360319640654,0.00120890512578951,0.000377111235465034
im,R_imag,214.566929133858,lambda_prime,4096,0.0045777865194464,0.00856124734235254,0.00398346082290614,-0.0298371854281176,0.031120358879508,0.00778961736047209,0.00917776293107894,0.000377111235465034
im,R_imag,214.566929133858,k0_prime,4096,0.240997239570061,0.245830308850516,0.00483306928045441,0.215686635949969,0.265830848173747,0.235481630569325,0.2556810178551,0.000377111235465034
im,R_imag,252.755905511811,sigma,4096,0.79143971206499,0.79467216132657,0.00323244926158017,0.783940379971487,0.798731071884063,0.768074261335766,0.824189196644431,0.000714874075744377
im,R_imag,252.755905511811,alpha_infinity,4096,0.000663395163760239,0.00162248463163843,0.000959089467878196,-0.032000746951039,0.0262020860318265,0.00148815706043853,0.00172807669472281,0.000714874075744377
im,R_imag,252.755905511811,lambda,4096,2.30451096190354e-05,0.00101221488369104,0.000989169774072001,-0.0319156695288632,0.0250232513811959,0.000925180471328142,0.00108983922170743,0.000714874075744377
im,R_imag,252.755905511811,lambda_prime,4096,0.00556974376751063,0.0107468604813001,0.00517711671378947,-0.0285732597913715,0.032442443003655,0.00984469677433338,0.0114469536958869,0.000714874075744377
im,R_imag,252.755905511811,k0_prime,4096,0.194196674053577,0.201153343996259,0.0069566699426819,0.16862977040782,0.219437787310558,0.192537004851487,0.209522140249005,0.000714874075744377
im,R_imag,290.944881889764,sigma,4096,0.830756978334821,0.835454920092633,0.00469794175781169,0.823781561963147,0.836890977809863,0.808147459757273,0.868471209687873,0.00118392985796978
im,R_imag,290.944881889764,alpha_infinity,4096,0.000705805230509782,0.00124699497796968,0.000541189747459894,-0.0328326193220552,0.0248776449848652,0.00115615593201695,0.00133707959712576,0.00118392985796978
im,R_imag,290.944881889764,lambda,4096,0.00076870322209821,0.00100719276201817,0.000238489539919962,-0.0327828915733113,0.0260166757116063,0.000921969898640988,0.00108328480127856,0.00118392985796978
im,R_imag,290.944881889764,lambda_prime,4096,0.00747198888922096,0.0130007740680118,0.00552878517879085,-0.0268501458357226,0.034537639186255,0.0120575481330062,0.0138436778656601,0.00118392985796978
im,R_imag,290.944881889764,k0_prime,4096,0.151776028663866,0.160737960769804,0.00896193210593788,0.124954369985755,0.178835951151314,0.154539650886245,0.168220318121805,0.00118392985796978
im,R_imag,329.133858267717,sigma,4096,0.861158590766276,0.867037245001236,0.00587865423496026,0.855100521226351,0.866289815010171,0.839177411491492,0.90282279502539,0.001794614892981
im,R_imag,329.133858267717,alpha_infinity,4096,-4.80370003415054e-05,0.00131937116495791,0.00136740816529942,-0.0339995034032028,0.024649063375824,0.00121699090720665,0.00140120633975336,0.001794614892981
im,R_imag,329.133858267717,lambda,4096,0.000566519830629053,0.00103017816339529,0.000463658332766237,-0.0321338234831041,0.0263168556101305,0.000927022959860218,0.00118147724049899,0.001794614892981
im,R_imag,329.133858267717,lambda_prime,4096,0.00773578874677827,0.0134650236284582,0.00572923488167988,-0.0250535121769786,0.0361189552158501,0.0125157719102791,0.0143045399235252,0.001794614892981
im,R_imag,329.133858267717,k0_prime,4096,0.119662976190448,0.129152452920158,0.00948947672970954,0.0895387533810653,0.1465147740593,0.123571779622539,0.135358697925739,0.001794614892981
im,R_imag,367.322834645669,sigma,4096,0.887294970041458,0.895036533395411,0.00774156335395304,0.882417669463048,0.891666644686647,0.866461602111912,0.932778895473764,0.00250818248403168
im,R_imag,367.322834645669,alpha_infinity,4096,8.24206800675853e-05,0.00127775069899863,0.00119533001893105,-0.0342568445452174,0.0264788300138209,0.00116142101771514,0.00138395848883737,0.00250818248403168
im,R_imag,367.322834645669,lambda,4096,0.000699864182547083,0.000888037804268979,0.000188173621721896,-0.0332326842184423,0.0269751495955919,0.000813533978746688,0.000974556446672738,0.00250818248403168
im,R_imag,367.322834645669,lambda_prime,4096,0.00712062075220121,0.0127595675274531,0.00563894677525189,-0.0248184559671614,0.0355089745435346,0.0118726163797042,0.01352627817374,0.00250818248403168
im,R_imag,367.322834645669,k0_prime,4096,0.0933469769547185,0.103572121180622,0.0102251442259037,0.0644135879119592,0.120974937334269,0.0990063142506182,0.108802335823893,0.00250818248403168
im,R_imag,405.511811023622,sigma,4096,0.907630405645257,0.915417738147395,0.00778733250213814,0.903703036901017,0.911586271092166,0.886000247013547,0.954375596686842,0.00328633142978297
im,R_imag,405.511811023622,alpha_infinity,4096,-0.00024832959382759,0.000947079475990358,0.00119540906981795,-0.035146871601111,0.0271159033279301,0.000869408824491651,0.0010139642189352,0.00328633142978297
im,R_imag,405.511811023622,lambda,4096,6.83946458963636e-05,0.000777435640470559,0.000709040994574195,-0.0344355953484199,0.0279509868078667,0.000722750625326067,0.000836976251934084,0.00328633142978297
im,R_imag,405.511811023622,lambda_prime,4096,0.00743151971086764,0.0129553813152604,0.00552386160439277,-0.0255210539569766,0.0364677338836504,0.0120859386314401,0.0137616075721208,0.00328633142978297
im,R_imag,405.511811023622,k0_prime,4096,0.0717238041400228,0.0832457068395157,0.0115219026994929,0.0451340346107213,0.0979904077304439,0.0789564433045875,0.0877204707143432,0.00328633142978297
im,R_imag,443.700787401575,sigma,4096,0.924459832700308,0.933158460917962,0.00869862821765433,0.920788444461564,0.928124713105898,0.903754983047015,0.973580006418872,0.00414831319740987
im,R_imag,443.700787401575,alpha_infinity,4096,-0.000771267244427776,0.000954166398628788,0.00172543364305656,-0.0347204092968503,0.0264587627835011,0.000879514363750704,0.00104569148548449,0.00414831319740987
im,R_imag,443.700787401575,lambda,4096,0.000490278027780455,0.000639001884199961,0.000148723856419506,-0.0330230577006672,0.0275623126091258,0.000576529125738005,0.000699833925264324,0.00414831319740987
im,R_imag,443.700787401575,lambda_prime,4096,0.00750134575549888,0.0122305318185709,0.00472918606307201,-0.0276696189171042,0.0357062622995875,0.0114522424052065,0.0130044638882,0.00414831319740987
im,R_imag,443.700787401575,k0_prime,4096,0.0559686265478065,0.0664696298137332,0.0105010032659267,0.0292002591762739,0.08324229987334,0.0626723890487931,0.0702264879525644,0.00414831319740987
im,R_imag,481.889763779528,sigma,4096,0.939352622401365,0.947319231890665,0.00796660948930072,0.936218233206676,0.942570336422378,0.918232475467072,0.987432105542212,0.00500884958875218
im,R_imag,481.889763779528,alpha_infinity,4096,-0.000388888564569978,0.000806343004287484,0.00119523156885746,-0.033819076947613,0.0277376328230237,0.000730265419432568,0.000863667762954204,0.00500884958875218
im,R_imag,481.889763779528,lambda,4096,0.000509999387226179,0.000534962375196689,2.49629879705099e-05,-0.0329720966422598,0.0281689375732371,0.000496965379089101,0.000589527871965112,0.00500884958875218
im,R_imag,481.889763779528,lambda_prime,4096,0.00652393307142696,0.0108366106156095,0.00431267754418257,-0.028390443176677,0.0342825797427424,0.0101498745802145,0.0115715628937706,0.00500884958875218
im,R_imag,481.889763779528,k0_prime,4096,0.0424108230838462,0.052324659425186,0.00991383634133976,0.0147935563252435,0.0701014260439666,0.0488425196664879,0.0554780530814104,0.00500884958875218
im,R_imag,520.07874015748,sigma,4096,0.951632040486162,0.959461607042226,0.00782956655606404,0.948868125566482,0.95456874922843,0.929682867142461,1.00054913748025,0.00588086746469898
im,R_imag,520.07874015748,alpha_infinity,4096,-0.00048889320767298,0.000861202970605464,0.00135009617827844,-0.034762683477497,0.0265371374673579,0.000792496548631686,0.000921253327843742,0.00588086746469898
im,R_imag,520.07874015748,lambda,4096,0.000426302924383615,0.000468645886066661,4.23429616830466e-05,-0.0326336346321563,0.0277350219721998,0.00042831349632522,0.000498259584889676,0.00588086746469898
im,R_imag,520.07874015748,lambda_prime,4096,0.00585031482138654,0.0094235324904967,0.00357321766911016,-0.0301210190891394,0.0331263572660626,0.0088741843728309,0.0100021446825287,0.00588086746469898
im,R_imag,520.07874015748,k0_prime,4096,0.0318734569970857,0.0414481409843467,0.009574683987261,0.0036679743199387,0.0591591376057973,0.0382894871429443,0.0441406491229293,0.00588086746469898
im,R_imag,558.267716535433,sigma,4096,0.959612014682209,0.967105833422602,0.00749381874039334,0.956933164313134,0.962322776188401,0.936103817937214,1.00704744615182,0.00664985147731718
im,R_imag,558.267716535433,alpha_infinity,4096,0.00019585410261036,0.000934130861211373,0.000738276758601013,-0.0332513774437384,0.0277041706895622,0.000871351078855794,0.000990428226568824,0.00664985147731718
im,R_imag,558.267716535433,lambda,4096,0.000957803232728538,0.000586076191586754,-0.000371727041141784,-0.0306351467488823,0.0282533237795141,0.000535809720649089,0.000642510101809709,0.00664985147731718
im,R_imag,558.267716535433,lambda_prime,4096,0.00529651159822786,0.0085908774633103,0.00329436586508244,-0.0317133960280462,0.032972374392777,0.00809531991996125,0.00923020211456925,0.00664985147731718
im,R_imag,558.267716535433,k0_prime,4096,0.0255906185377506,0.0335962852166401,0.00800566667888954,-0.00374628699949442,0.0535522186252595,0.0308020838325886,0.0360627832075865,0.00664985147731718
im,R_imag,596.456692913386,sigma,4096,0.966353475973011,0.973202159964833,0.00684868399182204,0.963978446128991,0.968527030164886,0.941770730773933,1.01314060651803,0.00744970225907606
im,R_imag,596.456692913386,alpha_infinity,4096,0.000486240335046184,0.00122400424776576,0.000737763912719572,-0.0338620900569768,0.0274524434350349,0.00114919792625608,0.00132212344405548,0.00744970225907606
im,R_imag,596.456692913386,lambda,4096,0.00131363102798954,0.000864732213044531,-0.000448898814945006,-0.0309762565160498,0.0282261210797684,0.000774837976308486,0.000965373875011048,0.00744970225907606
im,R_imag,596.456692913386,lambda_prime,4096,0.00512134256085695,0.00758863239404182,0.00246728983318488,-0.0328805532078309,0.0328095494398729,0.00709203004412113,0.00815826919213814,0.00744970225907606
im,R_imag,596.456692913386,k0_prime,4096,0.0197536042903498,0.0268835973693257,0.00712999307897591,-0.00987482134916107,0.0472474685562944,0.0244878171460959,0.0288473228995721,0.00744970225907606
im,R_imag,634.645669291339,sigma,4096,0.9716639247953,0.978400677485806,0.00673675269050567,0.969367485567291,0.973624650025374,0.947146445572107,1.01647970510658,0.00804644592060854
im,R_imag,634.645669291339,alpha_infinity,4096,0.00145003822732737,0.00176575920742995,0.000315720980102582,-0.0324858498738381,0.029207592916909,0.00162071359768228,0.00188932460135433,0.00804644592060854
im,R_imag,634.645669291339,lambda,4096,0.00158087756324921,0.00139755178001836,-0.000183325783230841,-0.0306806652507419,0.0296071233933106,0.0012537299625229,0.00155890663669349,0.00804644592060854
im,R_imag,634.645669291339,lambda_prime,4096,0.00473954267800347,0.00680020342372549,0.00206066074572202,-0.0327969016518441,0.0324547430591677,0.00641736593624962,0.00731210808920797,0.00804644592060854
im,R_imag,634.645669291339,k0_prime,4096,0.0151854414593643,0.0210205458311579,0.00583510437179365,-0.0161209561631726,0.0431512170315864,0.0190694300287928,0.0226881527156709,0.00804644592060854
im,R_imag,672.834645669291,sigma,4096,0.976296669583279,0.981431936284446,0.00513526670116671,0.974426257577821,0.977942316761903,0.949637617505359,1.01938200547112,0.0085961314127351
im,R_imag,672.834645669291,alpha_infinity,4096,0.00210982462735432,0.00268678014403053,0.000576955516676215,-0.0320739991655572,0.0322189133331725,0.00245846583893765,0.00286986217455623,0.0085961314127351
im,R_imag,672.834645669291,lambda,4096,0.00240748019547288,0.00219156632595503,-0.000215913869517846,-0.0294715466375068,0.0300620646091661,0.00196013388270404,0.00242964148688457,0.0085961314127351
im,R_imag,672.834645669291,lambda_prime,4096,0.004307939361476,0.00592117569965084,0.00161323633817484,-0.0329911911332321,0.0317520774989303,0.00558154467229872,0.00635564304376005,0.0085961314127351
im,R_imag,672.834645669291,k0_prime,4096,0.0103982011438349,0.0156901581907301,0.00529195704689513,-0.0228122491856413,0.039208758977145,0.014277528713288,0.0171582546554788,0.0085961314127351
im,R_imag,711.023622047244,sigma,4096,0.976609715550063,0.982410056843859,0.00580034129379603,0.974570557405929,0.978260080503505,0.950857139369928,1.01888820196101,0.00901125279108576
im,R_imag,711.023622047244,alpha_infinity,4096,0.00259779625999612,0.0039098552346388,0.00131205897464267,-0.0327742560022655,0.0326475420068701,0.00356871393326815,0.00425514928328198,0.00901125279108576
im,R_imag,711.023622047244,lambda,4096,0.00246526314784146,0.00387994129896227,0.00141467815112081,-0.0302752988080561,0.0302119643086501,0.00344679698677247,0.00440719190316704,0.00901125279108576
im,R_imag,711.023622047244,lambda_prime,4096,0.00330494425501837,0.00528545842521501,0.00198051417019663,-0.0333049888790344,0.0304400143388339,0.00495746776108229,0.0057099645515987,0.00901125279108576
im,R_imag,711.023622047244,k0_prime,4096,0.00855099723718966,0.0131553154090538,0.00460431817186418,-0.0263236060561614,0.0386422344162284,0.0117901723348445,0.0144004415743294,0.00901125279108576
im,R_imag,749.212598425197,sigma,4096,0.976350289075452,0.981743455172732,0.00539316609728036,0.974125134986762,0.977955756191666,0.950492548933501,1.01750819320065,0.00931190333771005
im,R_imag,749.212598425197,alpha_infinity,4096,0.00416700597334352,0.00572410979377385,0.00155710382043033,-0.0313161471242547,0.0351615870857284,0.00518716282529893,0.00623348629302022,0.00931190333771005
im,R_imag,749.212598425197,lambda,4096,0.0038466213764291,0.00624634511608929,0.00239972373966019,-0.02876074609743,0.0325990542238159,0.0055398404017693,0.00713900010007268,0.00931190333771005
im,R_imag,749.212598425197,lambda_prime,4096,0.00261615638070867,0.00393522869323265,0.00131907231252398,-0.0327617181719047,0.0306677232685469,0.00368460909328944,0.004236423465176,0.00931190333771005
im,R_imag,749.212598425197,k0_prime,4096,0.00708100063938399,0.0110714032324442,0.00399040259306024,-0.028989361588537,0.038425044345918,0.0101001706957736,0.0120685525472145,0.00931190333771005
im,R_imag,787.40157480315,sigma,4096,0.972075468393232,0.979537212116707,0.00746174372347552,0.969404802440693,0.974064830850163,0.947687841554157,1.01320984784026,0.00944194503001106
im,R_imag,787.40157480315,alpha_infinity,4096,0.00636594834839943,0.00969033226986343,0.003324383921464,-0.0285132478181052,0.0398299267333145,0.00876101764752615,0.0106684428337269,0.00944194503001106
im,R_imag,787.40157480315,lambda,4096,0.00421124131012196,0.00946032312411435,0.00524908181399238,-0.027939423885547,0.0331799515655087,0.00834887833130476,0.0108547262550692,0.00944194503001106
im,R_imag,787.40157480315,lambda_prime,4096,0.00243542330540625,0.00347709310697852,0.00104166980157227,-0.0331903770352746,0.0318109136659128,0.00320272498849173,0.00374464223691959,0.00944194503001106
im,R_imag,787.40157480315,k0_prime,4096,0.00501354610493399,0.00921430547496365,0.00420075937002966,-0.032330739175829,0.0356290994151246,0.00861382445854201,0.00989024836567979,0.00944194503001106
im,R_imag,825.590551181102,sigma,4096,0.965648475629993,0.975893961173985,0.010245485543992,0.962754339736145,0.968195646092957,0.944287998383097,1.00846695425486,0.00951290932020445
im,R_imag,825.590551181102,alpha_infinity,4096,0.00980913984090181,0.0135804621739441,0.00377132233304228,-0.0255869607189285,0.0423447113787662,0.012127707641972,0.0151281928907339,0.00951290932020445
im,R_imag,825.590551181102,lambda,4096,0.00678672036237182,0.014230337811024,0.00744361744865221,-0.023283464148623,0.0367073694407329,0.0126914839185921,0.0164330879186781,0.00951290932020445
im,R_imag,825.590551181102,lambda_prime,4096,0.00197338368316835,0.00271859185411656,0.000745208170948205,-0.0340915750702706,0.0320651359831597,0.00251992426175805,0.0029211051388953,0.00951290932020445
im,R_imag,825.590551181102,k0_prime,4096,0.00552276089167636,0.00909692120018574,0.00357416030850938,-0.0321329786922671,0.0369654518144908,0.00851240463657833,0.0096029538612205,0.00951290932020445
im,R_imag,863.779527559055,sigma,4096,0.956433035845737,0.969680809904704,0.0132477740589669,0.952894541647611,0.959754094356842,0.938916740095885,1.00018546489518,0.00942811229391241
im,R_imag,863.779527559055,alpha_infinity,4096,0.0131589167133009,0.018698035347512,0.00553911863421109,-0.0225410384139884,0.0452059211175863,0.016784340779311,0.0207882373472216,0.00942811229391241
im,R_imag,863.779527559055,lambda,4096,0.00951986829408902,0.0198631310833459,0.0103432627892569,-0.0207924569137077,0.0406774966338416,0.0176327484405919,0.0228155711540391,0.00942811229391241
im,R_imag,863.779527559055,lambda_prime,4096,0.001301016565873,0.00229876849374489,0.000997751927871883,-0.0341240514206822,0.0317076950928231,0.00210949790969543,0.00251283071430077,0.00942811229391241
im,R_imag,863.779527559055,k0_prime,4096,0.00546973516198479,0.00899421823174136,0.00352448306975657,-0.0332368710547215,0.036226705876832,0.00849492537870548,0.00959468140491573,0.00942811229391241
im,R_imag,901.968503937008,sigma,4096,0.942067755820269,0.959764500736514,0.0176967449162453,0.937335927280316,0.946451727037069,0.927261244301611,0.990872439896325,0.00926155449901079
im,R_imag,901.968503937008,alpha_infinity,4096,0.0181574654856643,0.0268778916500261,0.00872042616436182,-0.0169707017507001,0.0495113539364666,0.0241629244187407,0.0300291686834516,0.00926155449901079
im,R_imag,901.968503937008,lambda,4096,0.0117904146785228,0.0270672420185926,0.0152768273400698,-0.0203343891617265,0.0429290783069778,0.0240759545705712,0.0313294274769464,0.00926155449901079
im,R_imag,901.968503937008,lambda_prime,4096,0.00109309372108957,0.00195919199971571,0.000866098278626142,-0.0348445599368647,0.0317899733501179,0.00179626409203097,0.00215031904003289,0.00926155449901079
im,R_imag,901.968503937008,k0_prime,4096,0.0052145552173295,0.0099870505807257,0.0047724953633962,-0.0350959603067622,0.0355601348729275,0.0094853935186332,0.0105991218401883,0.00926155449901079
im,R_imag,940.157480314961,sigma,4096,0.923010856829809,0.948466938811741,0.0254560819819315,0.916100078139986,0.929626518250143,0.916065417161696,0.980105934515496,0.00898216731282614
im,R_imag,940.157480314961,alpha_infinity,4096,0.0246279962767203,0.0370354898327846,0.0124074935560643,-0.0115097221996658,0.0543311946188412,0.0332861582169201,0.0411036859898394,0.00898216731282614
im,R_imag,940.157480314961,lambda,4096,0.0152120256239031,0.0365705088288546,0.0213584832049515,-0.0169377615549804,0.0470357847166113,0.0325228879579514,0.0421628986015457,0.00898216731282614
im,R_imag,940.157480314961,lambda_prime,4096,0.00058046513529153,0.00183256032341553,0.001252095188124,-0.0360614268612616,0.0299159965711528,0.00168807340644761,0.00201001402606603,0.00898216731282614
im,R_imag,940.157480314961,k0_prime,4096,0.0059354837268607,0.0114266539212175,0.00549117019435675,-0.034448738896854,0.0357368533769254,0.0108421604960498,0.0120365617810606,0.00898216731282614
im,R_imag,978.346456692913,sigma,4096,0.89962753860154,0.933146529896377,0.033518991294837,0.890059505502932,0.90822235432536,0.900104020641449,0.965008243033505,0.00867428991536676
im,R_imag,978.346456692913,alpha_infinity,4096,0.0315371383760252,0.0486849502793303,0.017147811903305,-0.00467418589194146,0.0608930124101419,0.0437826651627568,0.0539814380419146,0.00867428991536676
im,R_imag,978.346456692913,lambda,4096,0.0205834120435199,0.0487409469727955,0.0281575349292756,-0.0109800622989122,0.0537002157071642,0.0435993065613408,0.0561091980425169,0.00867428991536676
im,R_imag,978.346456692913,lambda_prime,4096,0.000422149750500256,0.0015083046621005,0.00108615491160024,-0.0371158295203144,0.029002233012265,0.00138986218491835,0.00165479163223403,0.00867428991536676
im,R_imag,978.346456692913,k0_prime,4096,0.00760489513176144,0.0138707401707423,0.00626584503898089,-0.0319639960856388,0.0377254574498265,0.0129611845958245,0.0148028490350006,0.00867428991536676
im,R_imag,1016.53543307087,sigma,4096,0.869600365399849,0.914235498720224,0.0446351333203759,0.856293580403983,0.880876925641521,0.881419997622896,0.94650894401444,0.00828332571388037
im,R_imag,1016.53543307087,alpha_infinity,4096,0.0413715230458144,0.06479187893178,0.0234203558859656,0.00620019811008166,0.068607254441112,0.0581766541806788,0.0716580993682269,0.00828332571388037
im,R_imag,1016.53543307087,lambda,4096,0.0247116446428305,0.0617514801440118,0.0370398355011813,-0.00595704446204515,0.0591558930952192,0.0550689546565229,0.0712423407790148,0.00828332571388037
im,R_imag,1016.53543307087,lambda_prime,4096,-0.000295824633459008,0.00145945276998333,0.00175527740344234,-0.0389026826765582,0.0272835228046433,0.00133326014263529,0.00161110869529087,0.00828332571388037
im,R_imag,1016.53543307087,k0_prime,4096,0.00842677957961979,0.0169061849283346,0.00847940534871482,-0.0316585019944176,0.0401242859685015,0.0158146834397725,0.0182498492593192,0.00828332571388037
im,R_imag,1054.72440944882,sigma,4096,0.832025150225617,0.89092124601512,0.0588960957895028,0.814660172378732,0.845874885193746,0.857695134348911,0.924202681280198,0.00785177586015125
im,R_imag,1054.72440944882,alpha_infinity,4096,0.0534568856691781,0.0847136877163988,0.0312568020472207,0.0180594059606036,0.0810603053417708,0.0762945846609992,0.0933690222068103,0.00785177586015125
im,R_imag,1054.72440944882,lambda,4096,0.0313879915032974,0.0779820546056256,0.0465940631023282,0.00241994410930513,0.0678927354179873,0.0696999176999699,0.089705773443309,0.00785177586015125
im,R_imag,1054.72440944882,lambda_prime,4096,-0.000358610757662303,0.00147687332977696,0.00183548408743926,-0.0390862271553243,0.0263123874843698,0.00136935860043976,0.00163252559551334,0.00785177586015125
im,R_imag,1054.72440944882,k0_prime,4096,0.0100189174877491,0.0205273709281488,0.0105084534403997,-0.028491647453379,0.042106038234067,0.0191917256744697,0.0220916184776239,0.00785177586015125
im,R_imag,1092.91338582677,sigma,4096,0.788933163027626,0.86451634451612,0.0755831814884943,0.767117920966117,0.804709022656829,0.831576785771844,0.897619377429533,0.00742398746891097
im,R_imag,1092.91338582677,alpha_infinity,4096,0.0665209618153614,0.106961063097714,0.0404401012823522,0.0296768805558445,0.0951060117255156,0.0959967060250281,0.117491433391472,0.00742398746891097
im,R_imag,1092.91338582677,lambda,4096,0.0408586429654666,0.098458203256334,0.0575995602908674,0.0139006173518028,0.0774018080895539,0.0884240922031283,0.112956019256387,0.00742398746891097
im,R_imag,1092.91338582677,lambda_prime,4096,-0.000595554427810008,0.00157156882003195,0.00216712324784195,-0.0392406386188238,0.0246451324265182,0.00146238850291564,0.00174084983685132,0.00742398746891097
im,R_imag,1092.91338582677,k0_prime,4096,0.0120575185624909,0.0240893182364489,0.012031799673958,-0.0257955254294409,0.0435823661686239,0.0225817863125912,0.0261387750455419,0.00742398746891097
im,R_imag,1131.10236220472,sigma,4096,0.732925719747576,0.830383340075288,0.0974576203277123,0.706091406187741,0.753736621840603,0.797478613281289,0.860576340725669,0.00696434250092459
im,R_imag,1131.10236220472,alpha_infinity,4096,0.0860674037399877,0.138983365155416,0.0529159614154285,0.0492723455792761,0.116866353888406,0.125741363013552,0.152461336949484,0.00696434250092459
im,R_imag,1131.10236220472,lambda,4096,0.049244017178627,0.120068937933239,0.0708249207546123,0.0216719461212639,0.0852373505069602,0.107571785436203,0.13758302832018,0.00696434250092459
im,R_imag,1131.10236220472,lambda_prime,4096,-0.0011499910592585,0.0021930870878649,0.00334307814712341,-0.0390195797518349,0.0230754776589485,0.00200786404621794,0.00239100577206796,0.00696434250092459
im,R_imag,1131.10236220472,k0_prime,4096,0.0137029326608983,0.0290757647911133,0.015372832130215,-0.0228080641340545,0.047615131873169,0.0271191266977346,0.0317164391885287,0.00696434250092459
im,R_imag,1169.29133858268,sigma,4096,0.673240749026599,0.793397036856113,0.120156287829514,0.639665493836373,0.699502965806971,0.76035759584623,0.821328676277419,0.006528080978884
im,R_imag,1169.29133858268,alpha_infinity,4096,0.107706502772124,0.172379324325326,0.0646728215532021,0.0729472505943515,0.138611119743499,0.155951205463395,0.187372768307848,0.006528080978884
im,R_imag,1169.29133858268,lambda,4096,0.0594878311610484,0.143689863774229,0.0842020326131811,0.0291230876209608,0.0937225625034138,0.128640615932749,0.162919792254902,0.006528080978884
im,R_imag,1169.29133858268,lambda_prime,4096,-0.000868058349343004,0.00221753896936501,0.00308559731870801,-0.0367998320998104,0.0227803958588964,0.00200932027424038,0.00243001375694838,0.006528080978884
im,R_imag,1169.29133858268,k0_prime,4096,0.0156461283257798,0.0336009109897854,0.0179547826640056,-0.0208037952797684,0.0486329068517674,0.0311563907841413,0.0366287066370555,0.006528080978884
im,R_imag,1207.48031496063,sigma,4096,0.604962017290101,0.75134241774402,0.146380400453919,0.565576396765328,0.636606008726614,0.71844950865787,0.777860006970549,0.00610652339344064
im,R_imag,1207.48031496063,alpha_infinity,4096,0.133183499294229,0.212740504217619,0.0795570049233893,0.0972232190633072,0.164505110103116,0.193324697859494,0.231426812859715,0.00610652339344064
im,R_imag,1207.48031496063,lambda,4096,0.0709608156592879,0.169044154238386,0.0980833385790984,0.0397918807452934,0.106596945533217,0.15170748741753,0.191028939309022,0.00610652339344064
im,R_imag,1207.48031496063,lambda_prime,4096,-0.000640212830970821,0.00280292120533766,0.00344313403630848,-0.0338585425973001,0.0233578484108632,0.00250966272072769,0.00308270502143127,0.00610652339344064
im,R_imag,1207.48031496063,k0_prime,4096,0.0182935464874262,0.0390156411284789,0.0207220946410527,-0.0160289831883431,0.0509033869660782,0.0357584339434237,0.0423284616736507,0.00610652339344064
im,R_imag,1245.66929133858,sigma,4096,0.527379986982373,0.704667103066574,0.177287116084201,0.481322331069284,0.564777490652923,0.673866605666215,0.73066659594077,0.00571536997705978
im,R_imag,1245.66929133858,alpha_infinity,4096,0.162190148307906,0.25747631351768,0.0952861652097739,0.12427788558434,0.189680306781945,0.234273534620834,0.280124261971668,0.00571536997705978
im,R_imag,1245.66929133858,lambda,4096,0.0838973977265554,0.197076874838467,0.113179477111911,0.0519958325931429,0.120909755428319,0.176631265295494,0.22120660940098,0.00571536997705978
im,R_imag,1245.66929133858,lambda_prime,4096,-0.000674411272638231,0.0032876146279236,0.00396202590056183,-0.031909040827923,0.0220384817149371,0.00294371141723015,0.0036919120059013,0.00571536997705978
im,R_imag,1245.66929133858,k0_prime,4096,0.0206861916220629,0.0446689248922153,0.0239827332701524,-0.0140260490205406,0.0518806282951616,0.0403472535891892,0.0487057292346591,0.00571536997705978
im,R_imag,1283.85826771654,sigma,4096,0.44082586291334,0.65077562001105,0.209949757097709,0.388624998614238,0.486270003690977,0.621522493056388,0.678958603104984,0.00535606873322825
im,R_imag,1283.85826771654,alpha_infinity,4096,0.196397670470028,0.310239857141157,0.113842186671129,0.158265956842865,0.224408636336946,0.281734878079532,0.337565513674542,0.00535606873322825
im,R_imag,1283.85826771654,lambda,4096,0.0997994036373565,0.227619172617722,0.127819768980366,0.0684362336629211,0.137794188883583,0.204800544793993,0.253297652033403,0.00535606873322825
im,R_imag,1283.85826771654,lambda_prime,4096,-0.000873078796528759,0.00413440975957357,0.00500748855610232,-0.03343522820179,0.0212737118415675,0.00367863760122673,0.0046603363492554,0.00535606873322825
im,R_imag,1283.85826771654,k0_prime,4096,0.0225182533955935,0.0496832258491442,0.0271649724535507,-0.0126649124574254,0.0528229924375111,0.0449752571638349,0.0541485536278148,0.00535606873322825
im,R_imag,1322.04724409449,sigma,4096,0.35777372585901,0.599617727247458,0.241844001388448,0.300068900793534,0.40919284783929,0.570797455279056,0.625703209271555,0.00507928231836263
im,R_imag,1322.04724409449,alpha_infinity,4096,0.229057100896647,0.362342295064247,0.1332851941676,0.192407153919387,0.257477137049456,0.328380287366994,0.395166952993094,0.00507928231836263
im,R_imag,1322.04724409449,lambda,4096,0.114296720485116,0.255893486399605,0.141596765914489,0.0796545226517031,0.152261679638263,0.230799408436812,0.283112242602781,0.00507928231836263
im,R_imag,1322.04724409449,lambda_prime,4096,-0.000144254451773795,0.00483853305492526,0.00498278750669906,-0.0311134297643232,0.0219216779896256,0.00432271569873146,0.00544051060751895,0.00507928231836263
im,R_imag,1322.04724409449,k0_prime,4096,0.0241151095990937,0.053267964733057,0.0291528551339633,-0.00995471814451743,0.0512282054255938,0.0485528472082383,0.057672541070348,0.00507928231836263
im,R_imag,1360.23622047244,sigma,4096,0.269782584525994,0.547093472363871,0.277310887837877,0.210322879443606,0.327652133105331,0.521947961959488,0.573693202808493,0.00483107734875451
im,R_imag,1360.23622047244,alpha_infinity,4096,0.266219067373548,0.420500284551,0.154281217177453,0.229830941751927,0.295803834510695,0.384983341436755,0.456560487497113,0.00483107734875451
im,R_imag,1360.23622047244,lambda,4096,0.126860064079214,0.281414182694076,0.154554118614862,0.0912140144278517,0.163171095172095,0.254466021000445,0.310093272864654,0.00483107734875451
im,R_imag,1360.23622047244,lambda_prime,4096,-0.000679559908274285,0.00553787561932371,0.00621743552759799,-0.0296196384227057,0.0218282457219792,0.00488638756640821,0.00623593215810739,0.00483107734875451
im,R_imag,1360.23622047244,k0_prime,4096,0.0244160324331401,0.0567565193398931,0.0323404869067531,-0.0107210014176464,0.0489393820098759,0.0516655342055153,0.0615869320037523,0.00483107734875451
im,R_imag,1398.42519685039,sigma,4096,0.188034542540831,0.494284500567289,0.306249958026458,0.129253318349119,0.248460985739735,0.468271952519683,0.519389080152221,0.00464020344195998
im,R_imag,1398.42519685039,alpha_infinity,4096,0.305526677113225,0.477999932929403,0.172473255816177,0.269269078771011,0.336020213238988,0.436174563444274,0.517524800427341,0.00464020344195998
im,R_imag,1398.42519685039,lambda,4096,0.141177111962311,0.302202266460242,0.16102515449793,0.0984600979412276,0.173795398849017,0.274672387987588,0.332971134919272,0.00464020344195998
im,R_imag,1398.42519685039,lambda_prime,4096,0.000269293324818509,0.00615912732379463,0.00588983399897612,-0.0294622518082051,0.0240183839423972,0.00538702019036562,0.00692865968601546,0.00464020344195998
im,R_imag,1398.42519685039,k0_prime,4096,0.026268731771058,0.0593081810182193,0.0330394492471613,-0.00860266703072732,0.0512761641840065,0.0541234074054556,0.0645579020697795,0.00464020344195998
im,R_imag,1436.61417322835,sigma,4096,0.116722901089603,0.450008663215329,0.333285762125725,0.0577784656736512,0.179932892833359,0.423887926779413,0.473917822641009,0.00451673766952736
im,R_imag,1436.61417322835,alpha_infinity,4096,0.340658828872146,0.528041063835863,0.187382234963717,0.305027856414157,0.371239388409832,0.479122098769545,0.56928126740287,0.00451673766952736
im,R_imag,1436.61417322835,lambda,4096,0.151777567272329,0.320270385008407,0.168492817736078,0.109423386266807,0.183410368881159,0.29009889011992,0.353546568877506,0.00451673766952736
im,R_imag,1436.61417322835,lambda_prime,4096,0.000765304238279585,0.00681289582275907,0.00604759158447949,-0.0333539371327967,0.0267204663829819,0.00597903487831049,0.00766411898782067,0.00451673766952736
im,R_imag,1436.61417322835,k0_prime,4096,0.0256624810144523,0.0597019645424662,0.0340394835280139,-0.00964259370406539,0.0521572793576031,0.0542972817182401,0.0651658931323967,0.00451673766952736
im,R_imag,1474.8031496063,sigma,4096,0.0607326879801231,0.414276787471084,0.353544099490961,-0.000116168002779249,0.127984934801857,0.389214455771944,0.438772895544486,0.0044424812374319
im,R_imag,1474.8031496063,alpha_infinity,4096,0.373419336233776,0.57389983584287,0.200480499609094,0.338279537946585,0.404148346024748,0.518324330313032,0.622674922833249,0.0044424812374319
im,R_imag,1474.8031496063,lambda,4096,0.159309592467405,0.329968498274318,0.170658905806913,0.118978023019419,0.188579861735192,0.298385799953957,0.362021329601852,0.0044424812374319
im,R_imag,1474.8031496063,lambda_prime,4096,0.00119497130504875,0.00703829226273858,0.00584332095768982,-0.0322428227168894,0.0272371606107374,0.00620593010726323,0.00791350401471183,0.0044424812374319
im,R_imag,1474.8031496063,k0_prime,4096,0.0246373510413177,0.0590341510722611,0.0343968000309434,-0.00934304194212743,0.0556517073565634,0.0536199859729633,0.064836274521246,0.0044424812374319
im,R_imag,1512.99212598425,sigma,4096,0.0231530360905383,0.388119545065603,0.364966508975065,-0.0365081848541755,0.0895490870907455,0.364935361345197,0.411496564775343,0.00443627257950773
im,R_imag,1512.99212598425,alpha_infinity,4096,0.398986487451346,0.610083964631201,0.211097477179855,0.362668666969699,0.430783168841841,0.548762761107332,0.664269370934616,0.00443627257950773
im,R_imag,1512.99212598425,lambda,4096,0.163556295761381,0.330735182790907,0.167178887029526,0.126981215495444,0.191270899396567,0.29920745868752,0.359847153672747,0.00443627257950773
im,R_imag,1512.99212598425,lambda_prime,4096,0.00179378313341294,0.00744939755104381,0.00565561441763087,-0.0347246192833313,0.0312833237726272,0.00659634987331062,0.00833674434508503,0.00443627257950773
im,R_imag,1512.99212598425,k0_prime,4096,0.0229313866712029,0.0566007839778693,0.0336693973066664,-0.0082177114080082,0.0563824444904695,0.0513358349732732,0.0629393497306314,0.00443627257950773
im,R_imag,1551.1811023622,sigma,4096,0.00559998440422205,0.376603354219969,0.371003369815747,-0.0537241655325138,0.0686844215923942,0.353041392173869,0.396922525540533,0.00452282651968849
im,R_imag,1551.1811023622,alpha_infinity,4096,0.41563241798627,0.633128766555889,0.217496348569619,0.380675758160146,0.446418903486431,0.570448281289491,0.685542352742434,0.00452282651968849
im,R_imag,1551.1811023622,lambda,4096,0.164910551123442,0.323195660340278,0.158285109216836,0.129238466500913,0.191636177335959,0.293414567274602,0.353913227417505,0.00452282651968849
im,R_imag,1551.1811023622,lambda_prime,4096,0.00205719390369508,0.00737635280760309,0.00531915890390801,-0.0389054215557219,0.0299911180162808,0.00658525388525723,0.00834578393014362,0.00452282651968849
im,R_imag,1551.1811023622,k0_prime,4096,0.0231335015953009,0.0560837391729361,0.0329502375776352,-0.00753091997557043,0.056052964336055,0.0505980915669416,0.062352715427876,0.00452282651968849
im,R_imag,1589.37007874016,sigma,4096,0.0074953346850819,0.375244549015094,0.367749214330012,-0.0562683930672236,0.06590620911756,0.349812925141553,0.398153158476342,0.00465294773618333
im,R_imag,1589.37007874016,alpha_infinity,4096,0.426332635508153,0.64511780599506,0.218785170486907,0.388736029755666,0.456120311589986,0.582657303126417,0.696399102451466,0.00465294773618333
im,R_imag,1589.37007874016,lambda,4096,0.162040861773333,0.311190506863722,0.149149645090388,0.12309153149369,0.189367680521072,0.284563327996479,0.341751444669041,0.00465294773618333
im,R_imag,1589.37007874016,lambda_prime,4096,0.00247503808642646,0.00732172888023345,0.00484669079380699,-0.04199631264899,0.0287547370121879,0.00657384142247332,0.00826256538668885,0.00465294773618333
im,R_imag,1589.37007874016,k0_prime,4096,0.0208419422938311,0.0512710092136906,0.0304290669198596,-0.0110329974414476,0.0535528762422988,0.0460884362216413,0.0570333681822127,0.00465294773618333
im,R_imag,1627.55905511811,sigma,4096,0.0277401536039852,0.385844126100908,0.358103972496922,-0.0346984162047714,0.0876243468281176,0.361548678297787,0.411278249227175,0.00481353101537518
im,R_imag,1627.55905511811,alpha_infinity,4096,0.42953807945624,0.645319866412585,0.215781786956344,0.395325384145023,0.460345457497372,0.584774620801716,0.697041546670105,0.00481353101537518
im,R_imag,1627.55905511811,lambda,4096,0.156036748100521,0.294266832030648,0.138230083930127,0.116309810478984,0.183963981883598,0.269458395190754,0.324238695876887,0.00481353101537518
im,R_imag,1627.55905511811,lambda_prime,4096,0.0029580387761714,0.00710896914366438,0.00415093036749298,-0.0432684450456438,0.03284486157639,0.00645239527790932,0.00801880722223955,0.00481353101537518
im,R_imag,1627.55905511811,k0_prime,4096,0.0177393226596489,0.0459728738797505,0.0282335512201016,-0.0133184997496936,0.0480645579821889,0.041204620833094,0.0514126129182145,0.00481353101537518
im,R_imag,1665.74803149606,sigma,4096,0.061399209481339,0.401795271853743,0.340396062372403,0.00132107297231288,0.120621334947792,0.379158417099742,0.429649691626282,0.00502805370585118
im,R_imag,1665.74803149606,alpha_infinity,4096,0.426936794205388,0.635866973779681,0.208930179574292,0.395342042719341,0.456673531500093,0.578087037457378,0.688722859711009,0.00502805370585118
im,R_imag,1665.74803149606,lambda,4096,0.149429814258725,0.274130383711748,0.124700569453024,0.110656201970663,0.175958781907704,0.251897426692791,0.300671629187384,0.00502805370585118
im,R_imag,1665.74803149606,lambda_prime,4096,0.0032808586826486,0.00675216734343669,0.00347130866078809,-0.0425497159362556,0.0351121366238176,0.0061210663629062,0.00759898183866038,0.00502805370585118
im,R_imag,1665.74803149606,k0_prime,4096,0.0156038867687394,0.0412269161511765,0.0256230293824372,-0.0152783490880117,0.045916006173386,0.0368207811795213,0.0463691391245675,0.00502805370585118
im,R_imag,1703.93700787402,sigma,4096,0.105073797114313,0.426785269717888,0.321711472603575,0.0492188847653814,0.160679183132047,0.401955891719825,0.454124592442901,0.00530157373587204
im,R_imag,1703.93700787402,alpha_infinity,4096,0.42088830570058,0.623070735138153,0.202182429437573,0.386345962001223,0.453052463546274,0.56791385041952,0.67276947031246,0.00530157373587204
im,R_imag,1703.93700787402,lambda,4096,0.137371179959211,0.246224900307226,0.108853720348016,0.0973908949948958,0.164778872386404,0.227394090482817,0.268043479392375,0.00530157373587204
im,R_imag,1703.93700787402,lambda_prime,4096,0.00313691588474996,0.00596285784404592,0.00282594195929596,-0.0415053624155148,0.036757637815571,0.00540637073325503,0.00659401529654764,0.00530157373587204
im,R_imag,1703.93700787402,k0_prime,4096,0.0136629468565591,0.0376798889590696,0.0240169421025105,-0.0183212043884633,0.0472998808688296,0.0332824347683762,0.0425520752831407,0.00530157373587204
im,R_imag,1742.12598425197,sigma,4096,0.154658883614987,0.455167107649907,0.30050822403492,0.10424172876451,0.209121290156366,0.428404044947723,0.48445886200292,0.00561641682096752
im,R_imag,1742.12598425197,alpha_infinity,4096,0.40507098104732,0.598121556723543,0.193050575676224,0.367097847780787,0.441228040427008,0.547994327888989,0.646448608388751,0.00561641682096752
im,R_imag,1742.12598425197,lambda,4096,0.128864785497391,0.225757778274574,0.0968929927771833,0.0905891396569273,0.158602525800952,0.210012241617125,0.242061841831589,0.00561641682096752
im,R_imag,1742.12598425197,lambda_prime,4096,0.00349695129956074,0.00568344151036631,0.00218649021080557,-0.0377072935838363,0.037848589459744,0.00514423122542476,0.00629338293317604,0.00561641682096752
im,R_imag,1742.12598425197,k0_prime,4096,0.0119100590369481,0.0322737843172015,0.0203637252802534,-0.0212569626500452,0.0448247039934131,0.0284171918701545,0.0367380490329665,0.00561641682096752
im,R_imag,1780.31496062992,sigma,4096,0.210502985586552,0.486330355287376,0.275827369700823,0.166613770690742,0.261643211870999,0.458898757391503,0.520167861129993,0.00602381701304055
im,R_imag,1780.31496062992,alpha_infinity,4096,0.391333053726189,0.572355863717181,0.181022809990992,0.354469129905099,0.42746969883368,0.526001860338822,0.620740212047836,0.00602381701304055
im,R_imag,1780.31496062992,lambda,4096,0.116502262704877,0.200468858020166,0.0839665953152897,0.0803158989491176,0.146911141623241,0.186627328799039,0.214559170274771,0.00602381701304055
im,R_imag,1780.31496062992,lambda_prime,4096,0.00350641038380661,0.00476496764322242,0.00125855725941581,-0.0339359318745796,0.0360215170922603,0.00432968405359726,0.00529321382421482,0.00602381701304055
im,R_imag,1780.31496062992,k0_prime,4096,0.00979151451685412,0.0278504231287871,0.018058908611933,-0.0235014890945182,0.0400814051085864,0.0243161376503644,0.0317670061860318,0.00602381701304055
im,R_imag,1818.50393700787,sigma,4096,0.266041024604108,0.517912561805508,0.2518715372014,0.225265007799106,0.313931257866968,0.491321938273815,0.552972360051969,0.00637517161402221
im,R_imag,1818.50393700787,alpha_infinity,4096,0.373756118138739,0.543206218848234,0.169450100709495,0.340299656769985,0.406489668557703,0.500129839981869,0.590687441502885,0.00637517161402221
im,R_imag,1818.50393700787,lambda,4096,0.106223441294493,0.17960425744448,0.0733808161499865,0.0728805063242108,0.136641339716363,0.167060548754499,0.192706294211386,0.00637517161402221
im,R_imag,1818.50393700787,lambda_prime,4096,0.00338867884894778,0.00466515427287331,0.00127647542392553,-0.0295552142942106,0.0361090437838383,0.00426530540426259,0.00520971615667944,0.00637517161402221
im,R_imag,1818.50393700787,k0_prime,4096,0.00797232242826396,0.0236445458768592,0.0156722234485953,-0.024530844529757,0.035713998719289,0.0205974949331628,0.0270866491791993,0.00637517161402221
im,R_imag,1856.69291338583,sigma,4096,0.320898337073298,0.551833607853533,0.230935270780235,0.28374061766066,0.366424609824554,0.524894609402223,0.589159705676026,0.00679485203985611
im,R_imag,1856.69291338583,alpha_infinity,4096,0.35270370383578,0.510660746080492,0.157957042244712,0.322057059389589,0.383935298016127,0.472938621077943,0.55739053450201,0.00679485203985611
im,R_imag,1856.69291338583,lambda,4096,0.0960613071802809,0.159600995146535,0.0635396879662538,0.0650080625968127,0.126026615457547,0.147576271502454,0.171071704282321,0.00679485203985611
im,R_imag,1856.69291338583,lambda_prime,4096,0.00358799833393764,0.00416814178814915,0.000580143454211512,-0.0278405562288577,0.0338955633524987,0.003752295150545,0.00462020905672296,0.00679485203985611
im,R_imag,1856.69291338583,k0_prime,4096,0.00710765005882519,0.0201386524554343,0.0130310023966092,-0.0235773899311469,0.0359765751284861,0.0174985414192256,0.0234101255039256,0.00679485203985611
im,R_imag,1894.88188976378,sigma,4096,0.373902288426799,0.583481170046154,0.209578881619355,0.338171918283565,0.415908890345349,0.554890575345766,0.622161248613862,0.00720187792880194
im,R_imag,1894.88188976378,alpha_infinity,4096,0.334902103623363,0.48246520006126,0.147563096437896,0.303096012766591,0.366972565603853,0.446638352356261,0.528758264555838,0.00720187792880194
im,R_imag,1894.88188976378,lambda,4096,0.0850352696219154,0.139216746076049,0.0541814764541338,0.0547579759239346,0.114340271004349,0.128366532162535,0.149035103341261,0.00720187792880194
im,R_imag,1894.88188976378,lambda_prime,4096,0.00342566881376072,0.00362605902686451,0.000200390213103795,-0.0280411108257708,0.0332862003737384,0.00328076989646612,0.00406151402900153,0.00720187792880194
im,R_imag,1894.88188976378,k0_prime,4096,0.00614869119712347,0.018534034910042,0.0123853437129186,-0.0216434956791725,0.0358275411608564,0.0158294689431688,0.0214534026129798,0.00720187792880194
im,R_imag,1933.07086614173,sigma,4096,0.424634471781288,0.612643774169776,0.188009302388488,0.389101765885189,0.462856887582719,0.583839133170103,0.652996388849074,0.00762630525322865
im,R_imag,1933.07086614173,alpha_infinity,4096,0.314123687516015,0.448728179709947,0.134604492193931,0.28222261958503,0.346033218858959,0.416108276066845,0.493155571763861,0.00762630525322865
im,R_imag,1933.07086614173,lambda,4096,0.0766068127238455,0.124670804003145,0.0480639912792998,0.0434129274081742,0.105860210796912,0.115637647775144,0.133745780561479,0.00762630525322865
im,R_imag,1933.07086614173,lambda_prime,4096,0.00335642145124337,0.00346523119034449,0.000108809739101114,-0.0265207948319115,0.0321642393465779,0.00315703951382727,0.00387520560410396,0.00762630525322865
im,R_imag,1933.07086614173,k0_prime,4096,0.00445715470268726,0.0156145684659806,0.0111574137632933,-0.0222019710317645,0.0318091843407858,0.0131766574738595,0.0179884910683736,0.00762630525322865
im,R_imag,1971.25984251968,sigma,4096,0.471665455997483,0.64080854385727,0.169143087859787,0.436622859771243,0.50631120807007,0.612009695921734,0.681554436947201,0.00813727014732232
im,R_imag,1971.25984251968,alpha_infinity,4096,0.295272480941691,0.420998759945519,0.125726279003829,0.265005820696045,0.327372406374242,0.390227898454185,0.463765978060927,0.00813727014732232
im,R_imag,1971.25984251968,lambda,4096,0.068491048935737,0.109702284287933,0.041211235352196,0.0374648369606146,0.0972146898035959,0.1020477909005,0.117797622060526,0.00813727014732232
im,R_imag,1971.25984251968,lambda_prime,4096,0.00299766828562953,0.00276268186827067,-0.000234986417358858,-0.0264132300875124,0.0301123380341596,0.00253216888195481,0.00307370136956584,0.00813727014732232
im,R_imag,1971.25984251968,k0_prime,4096,0.00368011996165363,0.013238157065111,0.00955803710345735,-0.0219930415445337,0.0293563638758838,0.0113517716704761,0.0153184169290952,0.00813727014732232
im,R_imag,2009.44881889764,sigma,4096,0.513647910442121,0.666996366266937,0.153348455824816,0.480094179810564,0.544801207647891,0.63785254346568,0.70729853506008,0.00849428007059561
im,R_imag,2009.44881889764,alpha_infinity,4096,0.277427428986599,0.393296787219197,0.115869358232598,0.246836838900941,0.309691859281085,0.365198329321926,0.433243198032417,0.00849428007059561
im,R_imag,2009.44881889764,lambda,4096,0.0600934097218986,0.0970943573710414,0.0370009476491428,0.0302476533811933,0.0895952341048663,0.0902513912473301,0.104237560508108,0.00849428007059561
im,R_imag,2009.44881889764,lambda_prime,4096,0.002573332894377,0.00278682533080679,0.000213492436429787,-0.0248336780647755,0.0281403554136359,0.0025227307292547,0.0031447831491199,0.00849428007059561
im,R_imag,2009.44881889764,k0_prime,4096,0.00311251445599259,0.0115580134511444,0.00844549899515181,-0.0231031386654612,0.0284113852903974,0.0097441961679342,0.0132815110495398,0.00849428007059561
im,R_imag,2047.63779527559,sigma,4096,0.554390132339572,0.692164017403371,0.137773885063798,0.523899576309784,0.584283471392529,0.661797068032405,0.731682594021701,0.00896825875044933
im,R_imag,2047.63779527559,alpha_infinity,4096,0.260403077436464,0.368274817883446,0.107871740446982,0.22938320805966,0.29263698495998,0.342022756631693,0.406848862738998,0.00896825875044933
im,R_imag,2047.63779527559,lambda,4096,0.0524931916144674,0.0849911829528467,0.0324979913383793,0.0216916257361387,0.0826997912129858,0.078694779783711,0.0914964203134133,0.00896825875044933
im,R_imag,2047.63779527559,lambda_prime,4096,0.00279864952679798,0.00233758438587222,-0.00046106514092576,-0.0241254758960092,0.0275912342898462,0.00209472440123018,0.00266155094839726,0.00896825875044933
im,R_imag,2047.63779527559,k0_prime,4096,0.00330664073358267,0.0100926530592681,0.00678601232568547,-0.0227145569190794,0.028743210870517,0.00844231492316417,0.0115469546727643,0.00896825875044933
im,R_imag,2085.82677165354,sigma,4096,0.592246628241607,0.715682071675844,0.123435443434238,0.564533110488129,0.619891715862604,0.68497380045824,0.754673398660504,0.00946082929994146
im,R_imag,2085.82677165354,alpha_infinity,4096,0.243134224072947,0.341986687395716,0.0988524633227692,0.211010549604011,0.276122910343381,0.317226649051112,0.37856260188927,0.00946082929994146
im,R_imag,2085.82677165354,lambda,4096,0.0458332417852285,0.0763169091504793,0.0304836673652508,0.0139423492396108,0.0744103002282531,0.0703792117812364,0.0826691663980918,0.00946082929994146
im,R_imag,2085.82677165354,lambda_prime,4096,0.002601734156362,0.00215751448099298,-0.000444219675369017,-0.0236669082880236,0.0263633381423333,0.00195499104076392,0.00243121155860836,0.00946082929994146
im,R_imag,2085.82677165354,k0_prime,4096,0.00244854591101651,0.00874980095042554,0.00630125503940903,-0.0239469247218087,0.0279680324433644,0.00740139261088321,0.00996921558164152,0.00946082929994146
im,R_imag,2124.0157480315,sigma,4096,0.628035635180527,0.738335304687746,0.110299669507219,0.603547053160866,0.653068932239853,0.708022162137993,0.77748582148984,0.00989147229366892
im,R_imag,2124.0157480315,alpha_infinity,4096,0.225481301411264,0.31687360639416,0.0913923049828959,0.193458289375368,0.258843187795695,0.294322016763742,0.350984942888225,0.00989147229366892
im,R_imag,2124.0157480315,lambda,4096,0.0395389967903775,0.0684549767337435,0.028915979943366,0.00761785663574521,0.0673713529498742,0.063454030345587,0.0743820014716281,0.00989147229366892
im,R_imag,2124.0157480315,lambda_prime,4096,0.00206462542014996,0.00187867205444307,-0.000185953365706884,-0.0251707950456515,0.0254787109509991,0.00168969967292483,0.00210829431679781,0.00989147229366892
im,R_imag,2124.0157480315,k0_prime,4096,0.00153265731192642,0.00765873223681972,0.0061260749248933,-0.0243048413009748,0.0267180309445817,0.00649811014350562,0.0087720653276994,0.00989147229366892
im,R_imag,2162.20472440945,sigma,4096,0.658092870622836,0.757360655413234,0.0992677847903979,0.635878297527279,0.680905702149824,0.726188835974779,0.796015879597566,0.0101771689109835
im,R_imag,2162.20472440945,alpha_infinity,4096,0.209885982041957,0.294263373369955,0.0843773913279976,0.17801033205424,0.243829037266715,0.273367090328166,0.325363636464243,0.0101771689109835
im,R_imag,2162.20472440945,lambda,4096,0.0352286949963533,0.0624510083449484,0.0272223133485951,0.00305536531993489,0.0626561871832838,0.0574300773317757,0.0677144351190321,0.0101771689109835
im,R_imag,2162.20472440945,lambda_prime,4096,0.0020396848886115,0.0018612293048885,-0.000178455583723001,-0.0261605323659035,0.0241720075062022,0.00164547152629321,0.0021153869815957,0.0101771689109835
im,R_imag,2162.20472440945,k0_prime,4096,0.00133283265618989,0.00728728057242142,0.00595444791623154,-0.0266563697683366,0.0257751279912733,0.0060071058214215,0.00847812922834303,0.0101771689109835
im,R_imag,2200.3937007874,sigma,4096,0.687250975558359,0.774246735452347,0.086995759893988,0.666745352390338,0.708108571246566,0.742203589555923,0.812520033387031,0.0105701835439955
im,R_imag,2200.3937007874,alpha_infinity,4096,0.196081752418963,0.273544540241243,0.0774627878222804,0.164876121756623,0.229979894320624,0.254753761269551,0.301269928834368,0.0105701835439955
im,R_imag,2200.3937007874,lambda,4096,0.0295841009599848,0.0553963005917238,0.0258121996317391,-0.0025819421466049,0.0570725006708678,0.0507758414163855,0.0599771569333465,0.0105701835439955
im,R_imag,2200.3937007874,lambda_prime,4096,0.00183446301803492,0.00167349851377197,-0.000160964504262944,-0.0273231139287922,0.0241256442137358,0.00149477811091643,0.00188732576318466,0.0105701835439955
im,R_imag,2200.3937007874,k0_prime,4096,0.000718490263716731,0.00667287753323196,0.00595438726951523,-0.0275770914130082,0.0257893273981434,0.00553290522540908,0.00769102420658107,0.0105701835439955
im,R_imag,2238.58267716535,sigma,4096,0.712456025412804,0.790950198001441,0.0784941725886369,0.694188702709686,0.731774308765495,0.758671981982314,0.827679167395481,0.0110196164674887
im,R_imag,2238.58267716535,alpha_infinity,4096,0.182785339315234,0.253739264850085,0.0709539255348514,0.150634758339626,0.218560769046953,0.238018554590587,0.279577459514968,0.0110196164674887
im,R_imag,2238.58267716535,lambda,4096,0.0255569232436905,0.0512601686611343,0.0257032454174438,-0.00698851510151655,0.0525466109123542,0.0469746298380181,0.0558228754736152,0.0110196164674887
im,R_imag,2238.58267716535,lambda_prime,4096,0.00189938959220903,0.00143906768280567,-0.000460321909403367,-0.0280872169124857,0.0246636081860208,0.00128361529267098,0.00161388059496209,0.0110196164674887
im,R_imag,2238.58267716535,k0_prime,4096,0.0012441176891943,0.00578851645852886,0.00454439876933456,-0.0289042278094291,0.0263345248266651,0.00490848409060301,0.00660099849244727,0.0110196164674887
im,R_imag,2276.77165354331,sigma,4096,0.735810247839328,0.807013285672985,0.0712030378336579,0.718836420762288,0.753655684531339,0.773332790800919,0.843025559161475,0.0113773541535496
im,R_imag,2276.77165354331,alpha_infinity,4096,0.16872951286963,0.2356410075287,0.0669114946590695,0.135266822375841,0.205739613713545,0.221292847356173,0.259511517031173,0.0113773541535496
im,R_imag,2276.77165354331,lambda,4096,0.021490948211871,0.0477799909578029,0.0262890427459319,-0.0115203115722977,0.0458630922731191,0.0437575728634994,0.0522348487811738,0.0113773541535496
im,R_imag,2276.77165354331,lambda_prime,4096,0.0017398285582001,0.00134350274643851,-0.000396325811761581,-0.0295702347099671,0.0248932799341677,0.00120065757627931,0.00148668054187209,0.0113773541535496
im,R_imag,2276.77165354331,k0_prime,4096,0.00119359945284359,0.00574939191677492,0.00455579246393134,-0.0295388444311582,0.0266920225204014,0.00493730893801488,0.00655315460843718,0.0113773541535496
im,R_imag,2314.96062992126,sigma,4096,0.756505861536865,0.821282246927905,0.0647763853910396,0.740651084263567,0.772394180399593,0.787409610556908,0.856795752794164,0.0116432885819077
im,R_imag,2314.96062992126,alpha_infinity,4096,0.156877416485239,0.218841180631908,0.0619637641466694,0.121037891925467,0.193373732455534,0.205499703240298,0.240222111857473,0.0116432885819077
im,R_imag,2314.96062992126,lambda,4096,0.0178251072675761,0.0444812715505163,0.0266561642829401,-0.0153574748262957,0.041766571436577,0.0409814186642584,0.0489422072791687,0.0116432885819077
im,R_imag,2314.96062992126,lambda_prime,4096,0.00109049209905421,0.00132794401766881,0.000237451918614604,-0.0310437856904624,0.0237544048530222,0.00121334123892678,0.00150120682178636,0.0116432885819077
im,R_imag,2314.96062992126,k0_prime,4096,0.00136436252152994,0.00599224793514445,0.00462788541361451,-0.0303842585579535,0.0269543688930219,0.00511028834316102,0.00676055741182211,0.0116432885819077
im,R_imag,2353.14960629921,sigma,4096,0.775155686603576,0.834597589031868,0.0594419024282918,0.760367480060667,0.789356249763357,0.800708442509805,0.870304687465165,0.0118782126227709
im,R_imag,2353.14960629921,alpha_infinity,4096,0.145458345313129,0.202735164077214,0.0572768187640851,0.110676173592746,0.179959432092106,0.190288136618841,0.221410594539815,0.0118782126227709
im,R_imag,2353.14960629921,lambda,4096,0.0151515589882429,0.0432521016079049,0.028100542619662,-0.0184979320879819,0.039881045998332,0.0400579735253761,0.0474985256556764,0.0118782126227709
im,R_imag,2353.14960629921,lambda_prime,4096,0.000616019147888669,0.00140026601513616,0.000784246867247494,-0.032394138973322,0.023436915972314,0.00126878996208341,0.00157391697441137,0.0118782126227709
im,R_imag,2353.14960629921,k0_prime,4096,0.00112896509753135,0.00586433479905971,0.00473536970152836,-0.0325215393716409,0.0261388747555837,0.00510017138675608,0.00664763696832173,0.0118782126227709
im,R_imag,2391.33858267717,sigma,4096,0.792084308855473,0.846347132218198,0.0542628233627248,0.779019255078622,0.805300087187905,0.81272773986551,0.880031925482497,0.0121187927750531
im,R_imag,2391.33858267717,alpha_infinity,4096,0.135064363429437,0.188865277164669,0.0538009137352316,0.100757239399275,0.167645021227652,0.177608755643433,0.205561500083196,0.0121187927750531
im,R_imag,2391.33858267717,lambda,4096,0.0124091625903289,0.0412939191726293,0.0288847565823005,-0.020488736559648,0.0386655458882971,0.0383667311614225,0.0454761151276819,0.0121187927750531
im,R_imag,2391.33858267717,lambda_prime,4096,0.00084493470142033,0.00140207439715743,0.000557139695737095,-0.0330350993340738,0.0245588753987506,0.00128444227215865,0.00156434187861583,0.0121187927750531
im,R_imag,2391.33858267717,k0_prime,4096,0.00158871673546457,0.00533707747231433,0.00374836073684976,-0.0327092219583331,0.026833805036116,0.00464731061839564,0.00597641248894112,0.0121187927750531
im,R_imag,2429.52755905512,sigma,4096,0.806859138533767,0.857240360992518,0.0503812224587513,0.794987928611894,0.818986494050108,0.826272339604165,0.891421662555753,0.0124493243000427
im,R_imag,2429.52755905512,alpha_infinity,4096,0.124157379396959,0.175116924591607,0.0509595451946478,0.090365982473085,0.154736206026714,0.165046914898906,0.189259929110127,0.0124493243000427
im,R_imag,2429.52755905512,lambda,4096,0.010136930157455,0.0408280062787606,0.0306910761213056,-0.022578837012718,0.0382375766424544,0.0378404617249741,0.0450179086717649,0.0124493243000427
im,R_imag,2429.52755905512,lambda_prime,4096,0.00117731522023601,0.00127494531842359,9.76300981875781e-05,-0.0328286582861457,0.0255969989249412,0.00116729759263805,0.00143558332656268,0.0124493243000427
im,R_imag,2429.52755905512,k0_prime,4096,0.00137543406421869,0.00532409469616346,0.00394866063194477,-0.0328489566608625,0.026189392133494,0.00469248997127912,0.00596835298849815,0.0124493243000427
im,R_imag,2467.71653543307,sigma,4096,0.821282238559177,0.867376701018289,0.0460944624591111,0.811039714325224,0.832300271381027,0.83728901966899,0.900667828265462,0.0125397613318766
im,R_imag,2467.71653543307,alpha_infinity,4096,0.114987230806808,0.162024536364687,0.0470373055578794,0.0811682449881701,0.144542536430842,0.153036338141192,0.174797384011764,0.0125397613318766
im,R_imag,2467.71653543307,lambda,4096,0.00858349843221962,0.0395877233161805,0.0310042248839608,-0.0244893999388061,0.0379686074806008,0.0368363084062445,0.0436163192207583,0.0125397613318766
im,R_imag,2467.71653543307,lambda_prime,4096,0.000758104635034784,0.00128918148581539,0.000531076850780601,-0.0333127294037754,0.02550045400819,0.00116599140962348,0.00145832765223417,0.0125397613318766
im,R_imag,2467.71653543307,k0_prime,4096,0.00147329618080005,0.00583868394298521,0.00436538776218516,-0.0335231385604384,0.0264037947723071,0.00515596580606957,0.00650535388288198,0.0125397613318766
im,R_imag,2505.90551181102,sigma,4096,0.833962090997454,0.877933154221171,0.0439710632237174,0.824393464750359,0.843717484340096,0.847898177672006,0.91164501853648,0.0126458395499111
im,R_imag,2505.90551181102,alpha_infinity,4096,0.104877178836632,0.149773298151085,0.0448961193144531,0.071022717157312,0.135166209518639,0.14158168315259,0.161208562074658,0.0126458395499111
im,R_imag,2505.90551181102,lambda,4096,0.00588453903363484,0.0395691524418093,0.0336846134081744,-0.027193497170364,0.0361448052054307,0.0365718593653963,0.043569839116217,0.0126458395499111
im,R_imag,2505.90551181102,lambda_prime,4096,0.000294594651358726,0.00129772811503832,0.0010031334636796,-0.0337720320748769,0.025376805958889,0.00118671630131461,0.00147680499320302,0.0126458395499111
im,R_imag,2505.90551181102,k0_prime,4096,0.00193404953175624,0.00593674806401074,0.0040026985322545,-0.033452460760615,0.0274671779182809,0.00526099013870803,0.00673581884696406,0.0126458395499111
im,R_imag,2544.09448818898,sigma,4096,0.844333040151625,0.887082156355196,0.0427491162035709,0.835487652115726,0.853119410512658,0.855195496723191,0.920354350235998,0.0127475783424944
im,R_imag,2544.09448818898,alpha_infinity,4096,0.0953543450451723,0.138830796878647,0.0434764518334751,0.0610243194727043,0.125775663959175,0.130772137525705,0.148825377608207,0.0127475783424944
im,R_imag,2544.09448818898,lambda,4096,0.00451808420704658,0.0399218855392541,0.0354038013322075,-0.0286675036764719,0.0351936605302396,0.0367398073149024,0.0442231707831329,0.0127475783424944
im,R_imag,2544.09448818898,lambda_prime,4096,0.000236629475186545,0.0013532513974191,0.00111662192223256,-0.0336927491282026,0.0253214473462468,0.00123713297574417,0.00153283888478914,0.0127475783424944
im,R_imag,2544.09448818898,k0_prime,4096,0.00158393599128781,0.00653408599382047,0.00495015000253266,-0.0337187613728784,0.0278987403160049,0.0057047319571205,0.00734858508964689,0.0127475783424944
im,R_imag,2582.28346456693,sigma,4096,0.854965774946474,0.895963250562216,0.040997475615742,0.846853714146569,0.86304879004963,0.865370918405144,0.929557158749008,0.0128210188464286
im,R_imag,2582.28346456693,alpha_infinity,4096,0.0865699607624119,0.127577350034083,0.0410073892716708,0.0519440004713936,0.11643355213686,0.119977473244449,0.136476084992232,0.0128210188464286
im,R_imag,2582.28346456693,lambda,4096,0.00241269165096814,0.0401432874778201,0.037730595826852,-0.0308670009224872,0.0348511689254073,0.0368345760892768,0.0445241642854128,0.0128210188464286
im,R_imag,2582.28346456693,lambda_prime,4096,0.000295626161546991,0.00150308799324295,0.00120746183169596,-0.0347932286749224,0.0260973995841801,0.00137402999158457,0.00168537517767321,0.0128210188464286
im,R_imag,2582.28346456693,k0_prime,4096,0.00143345272652518,0.00666537046506603,0.00523191773854086,-0.0351049002131332,0.0291508153577252,0.00589899398260184,0.00748302026448673,0.0128210188464286
im,R_imag,2620.47244094488,sigma,4096,0.862057572113897,0.903023524666104,0.0409659525522067,0.854531911208206,0.869821699766019,0.874336642311293,0.936283363034876,0.0128501393051393
im,R_imag,2620.47244094488,alpha_infinity,4096,0.0791342877703199,0.119433593462535,0.0402993056922152,0.0449999283868625,0.109568105227393,0.112524938464453,0.126680236951205,0.0128501393051393
im,R_imag,2620.47244094488,lambda,4096,0.0014184173831997,0.0415965122271142,0.0401780948439145,-0.0310687112506844,0.0341211801487845,0.0382356441454999,0.0464200869815838,0.0128501393051393
im,R_imag,2620.47244094488,lambda_prime,4096,-0.000146495074115238,0.00148593576226014,0.00163243083637537,-0.0353587689206905,0.025369251926997,0.00134933545619168,0.0016560395520734,0.0128501393051393
im,R_imag,2620.47244094488,k0_prime,4096,0.00170764501526655,0.00684259772210344,0.00513495270683689,-0.0347096929000548,0.0294759834185533,0.00600454021537072,0.00764383925868221,0.0128501393051393
im,R_imag,2658.66141732283,sigma,4096,0.868414081654522,0.909565669333252,0.0411515876787297,0.860847361692208,0.875752044226268,0.881561698796912,0.944810150248626,0.0128714865023525
im,R_imag,2658.66141732283,alpha_infinity,4096,0.0717280699931806,0.11110904645747,0.039380976464289,0.0377426248654804,0.102017691789552,0.104335956009682,0.118082495068807,0.0128714865023525
im,R_imag,2658.66141732283,lambda,4096,0.00102186049940611,0.0440482024903411,0.043026341990935,-0.0314190293285501,0.0356056017015789,0.0402358312938575,0.0496630737549968,0.0128714865023525
im,R_imag,2658.66141732283,lambda_prime,4096,0.000118502431560752,0.00162365549834089,0.00150515306678013,-0.0346286472818649,0.0263655034025561,0.00148924954553507,0.00180949404465729,0.0128714865023525
im,R_imag,2658.66141732283,k0_prime,4096,0.00216598483714436,0.00713273244373746,0.0049667476065931,-0.0351308451944157,0.0295019348420577,0.00635173990882713,0.0079276937305899,0.0128714865023525
im,R_imag,2696.85039370079,sigma,4096,0.872355641776444,0.916025107827908,0.0436694660514638,0.864811981748317,0.879136398041733,0.886253517650423,0.952669586956002,0.0128201157331324
im,R_imag,2696.85039370079,alpha_infinity,4096,0.0650810952113695,0.104343959937091,0.0392628647257213,0.0317595079108947,0.0949574370700035,0.097829449940692,0.111038690009029,0.0128201157331324
im,R_imag,2696.85039370079,lambda,4096,6.74418645424391e-05,0.0456525462496315,0.0455851043850891,-0.0319074194638822,0.0342280365165502,0.0413775938545522,0.0517919706004001,0.0128201157331324
im,R_imag,2696.85039370079,lambda_prime,4096,-0.000177459992308782,0.00177799223273997,0.00195545222504875,-0.035508130711976,0.0253857081580804,0.00163950268723721,0.00194756727873154,0.0128201157331324
im,R_imag,2696.85039370079,k0_prime,4096,0.0023391289118605,0.00750035849690288,0.00516122958504238,-0.0349001093611205,0.0289065768036594,0.00667259350449739,0.00832745432336344,0.0128201157331324
im,R_imag,2735.03937007874,sigma,4096,0.877548501717208,0.92175318398005,0.0442046822628416,0.869952636285329,0.884283295654994,0.89280876669063,0.960737697222469,0.0127830686597314
im,R_imag,2735.03937007874,alpha_infinity,4096,0.0585739362472836,0.0975111939662484,0.0389372577189649,0.0249016046475932,0.0878414715520267,0.0914340578517594,0.103901752931514,0.0127830686597314
im,R_imag,2735.03937007874,lambda,4096,-0.000607381018440378,0.0463002830488736,0.046907664067314,-0.032582468860658,0.0337059282026733,0.0419135024511087,0.0524502021501603,0.0127830686597314
im,R_imag,2735.03937007874,lambda_prime,4096,-0.000212659542596416,0.00163121571753958,0.00184387526013599,-0.0344461311876423,0.0258903013794992,0.00150541740870503,0.00179723529268993,0.0127830686597314
im,R_imag,2735.03937007874,k0_prime,4096,0.00290222043731636,0.00833713233101283,0.00543491189369647,-0.0337177426199056,0.029569525774213,0.0074003806945808,0.00921968679815837,0.0127830686597314
im,R_imag,2773.22834645669,sigma,4096,0.880761286261736,0.927155701481167,0.0463944152194316,0.873084968344301,0.887498799890635,0.897253732964358,0.96848120450089,0.0126579860468771
im,R_imag,2773.22834645669,alpha_infinity,4096,0.0525353972044725,0.0920411648666338,0.0395057676621613,0.0189427273928962,0.0819893609355045,0.0867664369673794,0.0982002934444916,0.0126579860468771
im,R_imag,2773.22834645669,lambda,4096,-0.000214416328023104,0.0482330528510095,0.0484474691790326,-0.0317392489715298,0.034475402597642,0.0434820904887637,0.0550006816954266,0.0126579860468771
im,R_imag,2773.22834645669,lambda_prime,4096,0.000158222428047305,0.00197375809549478,0.00181553566744748,-0.0338879105340153,0.0257186947709586,0.00181429171878138,0.00217650080049013,0.0126579860468771
im,R_imag,2773.22834645669,k0_prime,4096,0.00333085957001511,0.00875862926063767,0.00542776969062256,-0.0335584441610679,0.0296993113873729,0.00782445135471117,0.00968488080790667,0.0126579860468771
im,R_imag,2811.41732283465,sigma,4096,0.882498783771285,0.931710540040806,0.0492117562695216,0.874863151741115,0.889977442414367,0.901917604304569,0.974421989153592,0.0125966286959638
im,R_imag,2811.41732283465,alpha_infinity,4096,0.0459027202585888,0.0866551434895133,0.0407524232309245,0.0126315612626997,0.0744758244786061,0.0818500104085778,0.0925819381070048,0.0125966286959638
im,R_imag,2811.41732283465,lambda,4096,-0.00135785297842017,0.0504727464834538,0.0518305994618739,-0.0318153961200127,0.0344049956265327,0.0454549821087988,0.0578250682395224,0.0125966286959638
im,R_imag,2811.41732283465,lambda_prime,4096,-0.000105937218517926,0.00212967476714634,0.00223561198566427,-0.0344224319030271,0.0260203092178741,0.00194259329852276,0.00237746883786538,0.0125966286959638
im,R_imag,2811.41732283465,k0_prime,4096,0.00330801977585771,0.00943810399870345,0.00613008422284575,-0.0329292471030829,0.0283761342814571,0.00840384389841672,0.0104465157090257,0.0125966286959638
im,R_imag,2849.6062992126,sigma,4096,0.884191407485065,0.936480347270161,0.0522889397850954,0.876057100592993,0.892003878726113,0.905749002184699,0.980855453015104,0.0124576718622258
im,R_imag,2849.6062992126,alpha_infinity,4096,0.0407517973412544,0.0819746577909457,0.0412228604496912,0.00673966619986321,0.0692818967959211,0.077766236144618,0.0876836065082528,0.0124576718622258
im,R_imag,2849.6062992126,lambda,4096,-0.000854351730181113,0.0527839903544598,0.0536383420846409,-0.0309835407444807,0.0337782732242699,0.0475514766785538,0.0605501371504677,0.0124576718622258
im,R_imag,2849.6062992126,lambda_prime,4096,0.000271448470685387,0.00238516994497022,0.00211372147428483,-0.0337075898233434,0.0262940377705732,0.0021885150662808,0.00260120399688156,0.0124576718622258
im,R_imag,2849.6062992126,k0_prime,4096,0.00357829923329722,0.00941487673624697,0.00583657750294975,-0.0334182751884988,0.0276005322416243,0.00836233159470077,0.0103858833374167,0.0124576718622258
im,R_imag,2887.79527559055,sigma,4096,0.884802151917372,0.940644244130125,0.0558420922127537,0.876254857916274,0.893366599347379,0.910416121813902,0.987821205855446,0.0122740926010557
im,R_imag,2887.79527559055,alpha_infinity,4096,0.0358817888577353,0.0788712646186587,0.0429894757609234,0.00229596663272424,0.0643371996667355,0.0750219744998097,0.0843207053059734,0.0122740926010557
im,R_imag,2887.79527559055,lambda,4096,-0.00146016609952859,0.0543790583870333,0.0558392244865619,-0.0315085727531339,0.0320137299488078,0.0487912820140189,0.062717638056456,0.0122740926010557
im,R_imag,2887.79527559055,lambda_prime,4096,-0.000157328641449572,0.00246662229580548,0.00262395093725505,-0.0334294378343092,0.0251358894407667,0.00223365646768111,0.00271514682117563,0.0122740926010557
im,R_imag,2887.79527559055,k0_prime,4096,0.00402222119967477,0.0105264077301418,0.006504186530467,-0.0329825257318779,0.0292016869550591,0.00928248777629444,0.0116030827230644,0.0122740926010557
im,R_imag,2925.9842519685,sigma,4096,0.882509519000438,0.943918916117739,0.0614093971173013,0.873774897430408,0.892169129329474,0.913993340647208,0.990683509423791,0.0120589431114591
im,R_imag,2925.9842519685,alpha_infinity,4096,0.0309916310262474,0.0768991577877064,0.045907526761459,-0.00464794431567239,0.0585153895479886,0.0731018470895651,0.0823715258204203,0.0120589431114591
im,R_imag,2925.9842519685,lambda,4096,-0.00136662505054885,0.0579401329857759,0.0593067580363247,-0.0313352890934455,0.0329310280502773,0.0520554883297923,0.0665309882981137,0.0120589431114591
im,R_imag,2925.9842519685,lambda_prime,4096,-0.000237789196954719,0.00235873750529636,0.00259652670225108,-0.0346730466579077,0.0249058213279102,0.00214755533592488,0.00263080104516026,0.0120589431114591
im,R_imag,2925.9842519685,k0_prime,4096,0.0042594813525032,0.0109515565532332,0.00669207520073003,-0.0322318385811531,0.0304507981706109,0.0096780592830626,0.012028827625357,0.0120589431114591
im,R_imag,2964.17322834646,sigma,4096,0.880308983023833,0.946626296956841,0.0663173139330085,0.870710667318164,0.890380099424188,0.915657204625056,0.991080185646816,0.0119084591713611
im,R_imag,2964.17322834646,alpha_infinity,4096,0.0276051386354965,0.0754256297785769,0.0478204911430804,-0.0108427224686034,0.055241563261175,0.0715734563050368,0.0806360471339521,0.0119084591713611
im,R_imag,2964.17322834646,lambda,4096,-0.000488160126586035,0.0595295809799906,0.0600177411065766,-0.0298632803458785,0.0347936983061434,0.0534959545461741,0.0686522732224087,0.0119084591713611
im,R_imag,2964.17322834646,lambda_prime,4096,1.30449420174816e-05,0.00264195554961772,0.00262891060760023,-0.0364994380905221,0.0252376432660391,0.00240849329955983,0.00289588371833907,0.0119084591713611
im,R_imag,2964.17322834646,k0_prime,4096,0.00451349945277169,0.0111903639574917,0.00667686450472004,-0.032194882352595,0.0321257937159479,0.00970259996068393,0.0124563427086525,0.0119084591713611
im,R_imag,3002.36220472441,sigma,4096,0.878117629424986,0.94922210405632,0.0711044746313335,0.868554821036331,0.888891897018091,0.918209098359843,0.991328026442943,0.0116074199221181
im,R_imag,3002.36220472441,alpha_infinity,4096,0.0233550786970926,0.0738118192029335,0.0504567405058408,-0.0166640969710514,0.0511175836478786,0.069474565411823,0.0789197410421336,0.0116074199221181
im,R_imag,3002.36220472441,lambda,4096,6.6495913862985e-06,0.0624866409333106,0.0624799913419243,-0.0291479428808186,0.0365057109608743,0.056215748584586,0.0716894107213592,0.0116074199221181
im,R_imag,3002.36220472441,lambda_prime,4096,0.000374011125459761,0.00275961866596305,0.00238560754050329,-0.0363086478313956,0.0253592819553994,0.00247554582751826,0.00306200876760916,0.0116074199221181
im,R_imag,3002.36220472441,k0_prime,4096,0.00524611628763816,0.0121078110488448,0.00686169476120668,-0.0319165152520329,0.0349585901301301,0.0106276202868838,0.0133043751720533,0.0116074199221181
im,R_imag,3040.55118110236,sigma,4096,0.872926177816721,0.952328607217559,0.0794024294008376,0.863424414742212,0.88404666264071,0.921013010032858,0.992467471527655,0.0113876446729018
im,R_imag,3040.55118110236,alpha_infinity,4096,0.0191797879720325,0.074942103548191,0.0557623155761586,-0.0233115213933517,0.0478815874718395,0.0697626733718951,0.0807342288986937,0.0113876446729018
im,R_imag,3040.55118110236,lambda,4096,-0.000392559864250464,0.0656348458969787,0.0660274057612292,-0.0307520734624576,0.035760197606842,0.0594066255959426,0.0751587885512896,0.0113876446729018
im,R_imag,3040.55118110236,lambda_prime,4096,-0.000284894718603379,0.00294075837418974,0.00322565309279312,-0.0368163165938324,0.0258029606681118,0.0026588564317838,0.00321374445892591,0.0113876446729018
im,R_imag,3040.55118110236,k0_prime,4096,0.00484189821238823,0.0127631855976365,0.00792128738524829,-0.0334408707264717,0.0361568502201103,0.0110138912504215,0.0141166234292674,0.0113876446729018
im,R_imag,3078.74015748031,sigma,4096,0.866382325347272,0.953369590747691,0.0869872654004192,0.85628449136899,0.87820530234086,0.921258482211163,0.991265508457363,0.0111615075148856
im,R_imag,3078.74015748031,alpha_infinity,4096,0.0171127706253176,0.0760265452782107,0.0589137746528931,-0.0275747373707991,0.0464384497481548,0.0703421253425747,0.081746952219173,0.0111615075148856
im,R_imag,3078.74015748031,lambda,4096,0.000573982714349608,0.0679889711452894,0.0674149884309398,-0.0296679909256505,0.0373298990435952,0.061585205155741,0.0779340036454112,0.0111615075148856
im,R_imag,3078.74015748031,lambda_prime,4096,5.97563542411583e-05,0.00322393174769024,0.00316417539344908,-0.0356567706769215,0.0264164609054415,0.00295465389941683,0.00357466236940895,0.0111615075148856
im,R_imag,3078.74015748031,k0_prime,4096,0.00564992926347119,0.0136801902293625,0.00803026096589134,-0.0332764649259463,0.0374293999470755,0.0117371057807014,0.0153491021115074,0.0111615075148856
im,R_imag,3116.92913385827,sigma,4096,0.859127889585808,0.954523635266405,0.0953957456805969,0.847883970318376,0.871840997994158,0.920626664924391,0.990826564438433,0.0107878139329098
im,R_imag,3116.92913385827,alpha_infinity,4096,0.0143729070215851,0.0781324461000831,0.063759539078498,-0.0322744271725317,0.0432677306519116,0.0715546457998271,0.0845416235355932,0.0107878139329098
im,R_imag,3116.92913385827,lambda,4096,0.00128292155362053,0.0720016995941888,0.0707187780405683,-0.0299768697366332,0.0366204078600064,0.0643947182672012,0.0816784080049711,0.0107878139329098
im,R_imag,3116.92913385827,lambda_prime,4096,0.000511523260408042,0.00374526567629985,0.00323374241589181,-0.0352241964024906,0.0268992336911343,0.00337499034856258,0.00416064223074671,0.0107878139329098
im,R_imag,3116.92913385827,k0_prime,4096,0.00571875942421163,0.0140574926050867,0.00833873318087502,-0.0331332987184338,0.0372494795128377,0.0122522022330837,0.015810424021449,0.0107878139329098
im,R_imag,3155.11811023622,sigma,4096,0.85150990134256,0.955285601317452,0.103775699974893,0.839340980917332,0.864600559209596,0.9202028293034,0.991654264868516,0.0105118060616821
im,R_imag,3155.11811023622,alpha_infinity,4096,0.011934023935264,0.0822304200213924,0.0702963960861284,-0.0350693626787801,0.0421155135167555,0.0743956973823139,0.0896122781486631,0.0105118060616821
im,R_imag,3155.11811023622,lambda,4096,0.00247465022551319,0.0739088804946095,0.0714342302690963,-0.0288063982826574,0.0374382436513028,0.0660632936914366,0.0837607661282223,0.0105118060616821
im,R_imag,3155.11811023622,lambda_prime,4096,0.000263953660119887,0.00372374141827516,0.00345978775815527,-0.0344596429541946,0.0263698205973605,0.00336577524516669,0.00409778893278029,0.0105118060616821
im,R_imag,3155.11811023622,k0_prime,4096,0.00648248432531917,0.0149240820030307,0.00844159767771148,-0.0325234653830382,0.0372623653267214,0.0129439371324865,0.0166461593550718,0.0105118060616821
im,R_imag,3193.30708661417,sigma,4096,0.845547144285905,0.957282518533345,0.11173537424744,0.83323406690493,0.859160927299585,0.922527470971842,0.99228953168208,0.0102248114243026
im,R_imag,3193.30708661417,alpha_infinity,4096,0.0100456408950022,0.0832330293718609,0.0731873884768587,-0.0376560580579983,0.0402182326165271,0.074181748911571,0.0906840902960227,0.0102248114243026
im,R_imag,3193.30708661417,lambda,4096,0.00301817241454283,0.0774457668736018,0.074427594459059,-0.0289242823195641,0.0374009813478891,0.0694321918860467,0.087411078121971,0.0102248114243026
im,R_imag,3193.30708661417,lambda_prime,4096,0.000981234970344302,0.00385785547589927,0.00287662050555497,-0.0337514104485341,0.0276727499976993,0.0034833065253965,0.00424868567767774,0.0102248114243026
im,R_imag,3193.30708661417,k0_prime,4096,0.00710404783798879,0.0150322328570369,0.00792818501904811,-0.0327367023207752,0.03838486467206,0.0131086193867609,0.016882942697824,0.0102248114243026
im,R_imag,3231.49606299213,sigma,4096,0.835573769189377,0.958063296164923,0.122489526975545,0.822068343915065,0.850088369644173,0.922155376434536,0.990601271968223,0.00992426314978326
im,R_imag,3231.49606299213,alpha_infinity,4096,0.00899995073731574,0.0891764306355122,0.0801764798981964,-0.0384339509636147,0.0394408113411855,0.0792264714174463,0.0973737356326345,0.00992426314978326
im,R_imag,3231.49606299213,lambda,4096,0.00311587665178092,0.079604163699712,0.0764882870479311,-0.0284408912140677,0.0375197754002812,0.0716154494520093,0.0900484944907714,0.00992426314978326
im,R_imag,3231.49606299213,lambda_prime,4096,0.000555412621851548,0.00405265254866335,0.0034972399268118,-0.0326155682516038,0.0278601041862639,0.00365116440501526,0.00447387225293529,0.00992426314978326
im,R_imag,3231.49606299213,k0_prime,4096,0.00731745030763176,0.0161729670141559,0.00885551670652415,-0.0333487879776395,0.0384214281098392,0.0139577561802373,0.0184399979581761,0.00992426314978326
im,R_imag,3269.68503937008,sigma,4096,0.826844512555213,0.958918129977553,0.132073617422339,0.812529407208964,0.841647937860145,0.923970268542096,0.991039422520186,0.00964203501079515
im,R_imag,3269.68503937008,alpha_infinity,4096,0.00688002376905328,0.0940950459500529,0.0872150221809996,-0.0421214115810131,0.0385554078116039,0.0839503009717694,0.103175613270573,0.00964203501079515
im,R_imag,3269.68503937008,lambda,4096,0.00388315232718284,0.0811437387810518,0.0772605864538689,-0.0286382414941315,0.0400337387490378,0.0729577831953186,0.0914546783596117,0.00964203501079515
im,R_imag,3269.68503937008,lambda_prime,4096,0.00126333803049017,0.00425637205892099,0.00299303402843082,-0.0321664101624279,0.0296182931596987,0.00388385555470581,0.00465984309545219,0.00964203501079515
im,R_imag,3269.68503937008,k0_prime,4096,0.00695186831790517,0.0168892101435395,0.00993734182563433,-0.0334323255010627,0.0380116122457607,0.0148041232852626,0.0190488128265311,0.00964203501079515
im,R_imag,3307.87401574803,sigma,4096,0.812748319969864,0.958404807662082,0.145656487692219,0.796130654684056,0.82927250977291,0.92313161932512,0.991277657791395,0.0092389670870936
im,R_imag,3307.87401574803,alpha_infinity,4096,0.00671437301949329,0.102926649644145,0.0962122766246517,-0.0426265885322992,0.0386635387124465,0.091754792309072,0.11325311070755,0.0092389670870936
im,R_imag,3307.87401574803,lambda,4096,0.00421681616662684,0.0850566465791661,0.0808398304125392,-0.0292683772389168,0.0414752376569155,0.0765003353011466,0.0953580878813337,0.0092389670870936
im,R_imag,3307.87401574803,lambda_prime,4096,0.00117659487669708,0.00456298182407526,0.00338638694737818,-0.0317322862280849,0.0301063498397411,0.00416185405181372,0.00505669114940101,0.0092389670870936
im,R_imag,3307.87401574803,k0_prime,4096,0.00697905225679507,0.0178927210702519,0.0109136688134569,-0.0333187520455887,0.0381193035060108,0.0155571818311347,0.0204348454434311,0.0092389670870936
im,R_imag,3346.06299212598,sigma,4096,0.802196715957362,0.958078584045213,0.155881868087851,0.784533819708086,0.819780505647864,0.922513324329054,0.992453745149665,0.00893924613975046
im,R_imag,3346.06299212598,alpha_infinity,4096,0.00578764574470603,0.110964465210953,0.105176819466247,-0.0437410137728713,0.0382184207445503,0.0985314627292379,0.122087727631688,0.00893924613975046
im,R_imag,3346.06299212598,lambda,4096,0.00598057325565826,0.0866170930889437,0.0806365198332855,-0.0278924742972755,0.0438696309171336,0.0777915847635989,0.0971650696507771,0.00893924613975046
im,R_imag,3346.06299212598,lambda_prime,4096,0.00151341325713761,0.00487208559062044,0.00335867233348283,-0.0308409149012674,0.0305501368140765,0.00441326009184913,0.0053801134117675,0.00893924613975046
im,R_imag,3346.06299212598,k0_prime,4096,0.00763935369016444,0.0180131078771301,0.0103737541869657,-0.0320937847842975,0.0376219765623567,0.0158626579541772,0.0202526254189018,0.00893924613975046
im,R_imag,3384.25196850394,sigma,4096,0.786424220665442,0.957049077365635,0.170624856700193,0.767951075843907,0.805968697887186,0.920507537028828,0.992857139275282,0.00859481008088246
im,R_imag,3384.25196850394,alpha_infinity,4096,0.00603512391862371,0.120897330018892,0.114862206100268,-0.0437856853316785,0.0384159404049692,0.106765305813853,0.133213332541487,0.00859481008088246
im,R_imag,3384.25196850394,lambda,4096,0.00622194243616458,0.0910856399057331,0.0848636974695685,-0.028508244664629,0.0464489339199234,0.081574049568752,0.102857843639119,0.00859481008088246
im,R_imag,3384.25196850394,lambda_prime,4096,0.00166827751110044,0.00527742318594226,0.00360914567484182,-0.0310783144324289,0.0314374746508285,0.00482000022741071,0.00580840051025922,0.00859481008088246
im,R_imag,3384.25196850394,k0_prime,4096,0.00782847665718167,0.0187115360003648,0.0108830593431831,-0.0318808868384086,0.0370515641488522,0.0162180033396946,0.0211882429686059,0.00859481008088246
im,R_imag,3422.44094488189,sigma,4096,0.773213167709506,0.956820746884889,0.183607579175383,0.753987810122712,0.793732438047429,0.91735801074454,0.993252478262902,0.00824832891868449
im,R_imag,3422.44094488189,alpha_infinity,4096,0.00626405939431773,0.12967248701144,0.123408427617122,-0.0438098541958569,0.0393368499010848,0.11374578373622,0.142803731239003,0.00824832891868449
im,R_imag,3422.44094488189,lambda,4096,0.00702306033822298,0.0926207210615298,0.0855976607233069,-0.0286912715614027,0.0487781619096925,0.0827242293013831,0.104655203483674,0.00824832891868449
im,R_imag,3422.44094488189,lambda_prime,4096,0.00236319636644233,0.00546704238911898,0.00310384602267665,-0.0309959992686422,0.0314371100798034,0.00493680043371329,0.00603873369893103,0.00824832891868449
im,R_imag,3422.44094488189,k0_prime,4096,0.00835831095965289,0.0205014614845855,0.0121431505249327,-0.0311065466393774,0.0377829165114772,0.0176278453331164,0.02356317633533,0.00824832891868449
im,R_imag,3460.62992125984,sigma,4096,0.7587403013341,0.955884262427481,0.197143961093381,0.738135418402283,0.780269129843909,0.915374127828624,0.993216385866178,0.00792688411989145
im,R_imag,3460.62992125984,alpha_infinity,4096,0.00641384599985961,0.141916741822664,0.135502895822804,-0.0437678014094063,0.0402724698271349,0.124386208902604,0.157380474429757,0.00792688411989145
im,R_imag,3460.62992125984,lambda,4096,0.00770806975287908,0.0946624554361678,0.0869543856832887,-0.0280546479755541,0.051064702611361,0.0847876920772223,0.106597597690326,0.00792688411989145
im,R_imag,3460.62992125984,lambda_prime,4096,0.00214202215240511,0.00549814376070517,0.00335612160830006,-0.0302893642436988,0.0319679934209676,0.0050562754959596,0.00600318012359539,0.00792688411989145
im,R_imag,3460.62992125984,k0_prime,4096,0.00865957501966541,0.0214332337745485,0.0127736587548831,-0.0309121272457149,0.0379453346881227,0.0184075735098753,0.024577840796878,0.00792688411989145
im,R_imag,3498.8188976378,sigma,4096,0.742048686724819,0.954276601560931,0.212227914836112,0.7204196195522,0.765471864138469,0.913259793687933,0.992777951442241,0.00756757135921044
im,R_imag,3498.8188976378,alpha_infinity,4096,0.00781452650990611,0.154899268786668,0.147084742276762,-0.0427307875124388,0.041603393352422,0.134984481539877,0.171713804347978,0.00756757135921044
im,R_imag,3498.8188976378,lambda,4096,0.00812142332033916,0.0973005905269774,0.0891791672066382,-0.0277162786233671,0.0533139479193847,0.0868651071507266,0.109178719733578,0.00756757135921044
im,R_imag,3498.8188976378,lambda_prime,4096,0.00294852221620101,0.00590825664496605,0.00295973442876504,-0.0298774137918376,0.0322832020887278,0.00542776008480645,0.00650998278650057,0.00756757135921044
im,R_imag,3498.8188976378,k0_prime,4096,0.00826058414225073,0.0216925017568713,0.0134319176146205,-0.0300850484363477,0.0381108253431222,0.0184227113058043,0.02511320856433,0.00756757135921044
im,R_imag,3537.00787401575,sigma,4096,0.725428554443099,0.953148545997192,0.227719991554093,0.701930591943451,0.749885182329924,0.911574779624567,0.99262042537455,0.00725245181176217
im,R_imag,3537.00787401575,alpha_infinity,4096,0.00807227172135039,0.168651643578531,0.16057937185718,-0.0442065037214163,0.0446533071354135,0.146680824369736,0.187387742603401,0.00725245181176217
im,R_imag,3537.00787401575,lambda,4096,0.00859681004223256,0.098901863390735,0.0903050533485024,-0.0282367619206672,0.0537301650271554,0.0886344710549252,0.110224772703348,0.00725245181176217
im,R_imag,3537.00787401575,lambda_prime,4096,0.00381073203660476,0.00643779502799647,0.00262706299139172,-0.0294791206554106,0.0332379726717765,0.00595278904044579,0.00705659084506706,0.00725245181176217
im,R_imag,3537.00787401575,k0_prime,4096,0.00958101712364712,0.0232500322255595,0.0136690151019124,-0.028046615184419,0.0400440304060871,0.0195835301310851,0.0268936609246477,0.00725245181176217
im,R_imag,3575.1968503937,sigma,4096,0.708856197665707,0.952031051126777,0.24317485346107,0.684124478733455,0.733698274550319,0.908948327382802,0.993206879303752,0.00692674142970567
im,R_imag,3575.1968503937,alpha_infinity,4096,0.00956623225012088,0.184468403445738,0.174902171195617,-0.0424131288873244,0.0476103350735553,0.159854567811567,0.205454682494106,0.00692674142970567
im,R_imag,3575.1968503937,lambda,4096,0.00932255839790519,0.100411177737169,0.0910886193392643,-0.0276713251446064,0.0537730300878572,0.0899312822642064,0.110974910963261,0.00692674142970567
im,R_imag,3575.1968503937,lambda_prime,4096,0.00342614599142121,0.00651479601874327,0.00308865002732205,-0.0284556914281164,0.0332932054140217,0.00597183013007167,0.00715092843383445,0.00692674142970567
im,R_imag,3575.1968503937,k0_prime,4096,0.00933333636049405,0.0239201207349605,0.0145867843744664,-0.0277140352297482,0.039639816822139,0.0201665720560793,0.0278537156146069,0.00692674142970567
im,R_imag,3613.38582677165,sigma,4096,0.688140369158792,0.949893570256347,0.261753201097555,0.662046531815774,0.714060346215388,0.905444179801253,0.992100678683201,0.00659349477740715
im,R_imag,3613.38582677165,alpha_infinity,4096,0.0113862929208953,0.20077454747686,0.189388254555965,-0.0437067402282503,0.0516563734976969,0.174046972472037,0.223280113397517,0.00659349477740715
im,R_imag,3613.38582677165,lambda,4096,0.00986331232535576,0.104954741438667,0.0950914291133112,-0.0279075395243227,0.0548386645742633,0.0941764096512304,0.116134635878601,0.00659349477740715
im,R_imag,3613.38582677165,lambda_prime,4096,0.00431444506137169,0.00698702424119596,0.00267257917982428,-0.0271571427150497,0.0333835613999709,0.00639294769818509,0.00768561727214274,0.00659349477740715
im,R_imag,3613.38582677165,k0_prime,4096,0.00952209369370083,0.0245545875351328,0.015032493841432,-0.0260448259335555,0.0397241987888195,0.0208073682122618,0.0283787286599047,0.00659349477740715
im,R_imag,3651.57480314961,sigma,4096,0.669761722447609,0.948439998181032,0.278678275733423,0.643414602682296,0.698187977123449,0.901930268699743,0.99033475244896,0.00627167140116485
im,R_imag,3651.57480314961,alpha_infinity,4096,0.0127580752257299,0.218844373135181,0.206086297909451,-0.0459961566676683,0.055039995623261,0.189773839430547,0.243598929956208,0.00627167140116485
im,R_imag,3651.57480314961,lambda,4096,0.00951016146859496,0.105022445699778,0.0955122842311834,-0.0283086677621336,0.0531196505385758,0.0944339325641271,0.116660065268105,0.00627167140116485
im,R_imag,3651.57480314961,lambda_prime,4096,0.00449544503122201,0.00718735821840455,0.00269191318718254,-0.0266972507727716,0.0324086958522806,0.00660481435352398,0.00791905071655146,0.00627167140116485
im,R_imag,3651.57480314961,k0_prime,4096,0.0101502360314183,0.0263857211304202,0.0162354850990019,-0.0247036654465063,0.0405531625961089,0.0222485520779023,0.0308133124709108,0.00627167140116485
im,R_imag,3689.76377952756,sigma,4096,0.651411218869749,0.946720749821435,0.295309530951686,0.625051329235254,0.682078690097474,0.898737934194249,0.990225859236267,0.00599519981600709
im,R_imag,3689.76377952756,alpha_infinity,4096,0.0146630937261839,0.238304159108019,0.223641065381835,-0.0456422501395055,0.0595997764092449,0.207721096683748,0.264787139345109,0.00599519981600709
im,R_imag,3689.76377952756,lambda,4096,0.00950110102654222,0.103904670335582,0.0944035693090401,-0.0279156905951117,0.0519513327397449,0.0932974007823312,0.115857694664334,0.00599519981600709
im,R_imag,3689.76377952756,lambda_prime,4096,0.00454394152441528,0.00744543904157521,0.00290149751715992,-0.0261585548985657,0.0314755612557018,0.00681234067776898,0.00827586754843006,0.00599519981600709
im,R_imag,3689.76377952756,k0_prime,4096,0.010771948286788,0.0283299642767391,0.0175580159899511,-0.0220654518441175,0.0407554168018114,0.0237029009271043,0.0329770047693236,0.00599519981600709
im,R_imag,3727.95275590551,sigma,4096,0.628232672033132,0.94383136636144,0.315598694328308,0.601042996952909,0.661154714015455,0.894208772786502,0.988925573244143,0.00567807551622515
im,R_imag,3727.95275590551,alpha_infinity,4096,0.0159611011403041,0.259725819278484,0.243764718138179,-0.045608295477878,0.0628619100424832,0.227325945088912,0.288950726686098,0.00567807551622515
im,R_imag,3727.95275590551,lambda,4096,0.009190281556411,0.1079921548935,0.098801873337089,-0.0285738735205192,0.0522536825132809,0.0964190200306039,0.120523585164323,0.00567807551622515
im,R_imag,3727.95275590551,lambda_prime,4096,0.00497245600424334,0.00771238686628383,0.00273993086204048,-0.0252675264956013,0.0305430172643418,0.0070818518748672,0.00857707620697448,0.00567807551622515
im,R_imag,3727.95275590551,k0_prime,4096,0.0101026237848898,0.0296339920869909,0.0195313683021011,-0.0228012996097795,0.0406009978054949,0.0246117714224689,0.0346556283552253,0.00567807551622515
im,R_imag,3766.14173228346,sigma,4096,0.608837626928876,0.942308995372581,0.333471368443705,0.581511764993453,0.642878075984188,0.891488117304273,0.986917040720758,0.00536694194229543
im,R_imag,3766.14173228346,alpha_infinity,4096,0.0173527766923072,0.279854209639151,0.262501432946844,-0.0490782240115857,0.0651520261082407,0.245540337805419,0.311093559802718,0.00536694194229543
im,R_imag,3766.14173228346,lambda,4096,0.00840591258272738,0.110194201610389,0.101788289027662,-0.0297150222978728,0.0507648717948285,0.0993743192959252,0.12289640150332,0.00536694194229543
im,R_imag,3766.14173228346,lambda_prime,4096,0.00553056211768121,0.0078385929464378,0.00230803082875658,-0.0250140118342321,0.0313924717749148,0.00720010463266734,0.00872171330271833,0.00536694194229543
im,R_imag,3766.14173228346,k0_prime,4096,0.0121800170214766,0.0305126218285503,0.0183326048070736,-0.0231298861263185,0.0416871007488212,0.0256429232747682,0.0352992463504543,0.00536694194229543
im,R_imag,3804.33070866142,sigma,4096,0.587195456811566,0.939838967655088,0.352643510843522,0.558366329765257,0.624394953541676,0.887724368849421,0.985720970766307,0.00508004300832037
im,R_imag,3804.33070866142,alpha_infinity,4096,0.018617821048039,0.301357447675956,0.282739626627917,-0.0513296316699583,0.0675119656238721,0.265877390708844,0.335268370110011,0.00508004300832037
im,R_imag,3804.33070866142,lambda,4096,0.00790371370481813,0.111652447040353,0.103748733335534,-0.0300703965452811,0.0499695188631689,0.10053760753662,0.124004083754992,0.00508004300832037
im,R_imag,3804.33070866142,lambda_prime,4096,0.00567585159848938,0.00834747811217111,0.00267162651368173,-0.0248266605114136,0.0318487474467536,0.00765379559000707,0.00930868242679882,0.00508004300832037
im,R_imag,3804.33070866142,k0_prime,4096,0.0124942225239332,0.0325812194287687,0.0200869969048355,-0.0216845365162739,0.0427027919664132,0.0270539255936965,0.0379839223909904,0.00508004300832037
im,R_imag,3842.51968503937,sigma,4096,0.56544727833963,0.937534304397328,0.372087026057698,0.533686239924,0.604351184756634,0.8836621941866,0.985341313255151,0.0048061991018676
im,R_imag,3842.51968503937,alpha_infinity,4096,0.0205885128991975,0.325382086303359,0.304793573404161,-0.0531759684189639,0.0708942942607984,0.288806604999627,0.362182801600972,0.0048061991018676
im,R_imag,3842.51968503937,lambda,4096,0.00798696893544881,0.114634065958414,0.106647097022965,-0.0306616201646499,0.0499299123998522,0.103001246734545,0.127684997091777,0.0048061991018676
im,R_imag,3842.51968503937,lambda_prime,4096,0.00710956518541817,0.00845694848893765,0.00134738330351948,-0.0237111549191393,0.0336154800819122,0.0076969870859395,0.00930805748335174,0.0048061991018676
im,R_imag,3842.51968503937,k0_prime,4096,0.0133506866257703,0.0349428705195379,0.0215921838937676,-0.0201582536738762,0.0454678964917739,0.0288750787075587,0.0404752821280413,0.0048061991018676
im,R_imag,3880.70866141732,sigma,4096,0.537534454123421,0.934392543874886,0.396858089751465,0.502477566454627,0.57821736841801,0.879541744839897,0.983759882015078,0.00452302595988301
im,R_imag,3880.70866141732,alpha_infinity,4096,0.0219822126155566,0.354016391848335,0.332034179232778,-0.05501527952173,0.0738168229713926,0.315897646788921,0.39423048111466,0.00452302595988301
im,R_imag,3880.70866141732,lambda,4096,0.00681985607146018,0.118957358766973,0.112137502695513,-0.0325144287186794,0.0485197419761424,0.106292734813121,0.133004149506712,0.00452302595988301
im,R_imag,3880.70866141732,lambda_prime,4096,0.00681339460104013,0.00861463398725949,0.00180123938621936,-0.0238249149651861,0.0341449575156478,0.0077857673033272,0.00952931056069392,0.00452302595988301
im,R_imag,3880.70866141732,k0_prime,4096,0.0129504988599243,0.0368652096995078,0.0239147108395835,-0.0189752376698842,0.0453785531727914,0.030410974963764,0.0425572638003628,0.00452302595988301
im,R_imag,3918.89763779528,sigma,4096,0.518296314647142,0.930516169544552,0.412219854897409,0.482599960258287,0.560493924984911,0.874798968256095,0.98067148521572,0.00428150291409983
im,R_imag,3918.89763779528,alpha_infinity,4096,0.0234530213662565,0.377714737646641,0.354261716280385,-0.0554435512970988,0.0771233034233247,0.336942195788326,0.420137361385411,0.00428150291409983
im,R_imag,3918.89763779528,lambda,4096,0.00601294565640231,0.119857285223797,0.113844339567395,-0.032076821611329,0.0473999292952001,0.106824227107121,0.134274021911007,0.00428150291409983
im,R_imag,3918.89763779528,lambda_prime,4096,0.00718939755292503,0.00925147316667465,0.00206207561374962,-0.0229808755833638,0.0347946216165079,0.00840738542540995,0.0103107401742992,0.00428150291409983
im,R_imag,3918.89763779528,k0_prime,4096,0.0142353396511988,0.0386207910305614,0.0243854513793625,-0.0158072004056784,0.0479836610240708,0.0325298699141673,0.0438703568839814,0.00428150291409983
im,R_imag,3957.08661417323,sigma,4096,0.493119522450904,0.928445308568981,0.435325786118077,0.456352976276087,0.537801211559526,0.8722947191379,0.980042704146711,0.00403581019025507
im,R_imag,3957.08661417323,alpha_infinity,4096,0.0233941006471132,0.405118722030936,0.381724621383823,-0.0574380216108259,0.0791965032399208,0.363631454376968,0.449765598048221,0.00403581019025507
im,R_imag,3957.08661417323,lambda,4096,0.00590723359879519,0.123897966439944,0.117990732841149,-0.0325412265818297,0.0478090457412039,0.110943217167034,0.137714045953136,0.00403581019025507
im,R_imag,3957.08661417323,lambda_prime,4096,0.00801333651802238,0.00960792971403235,0.00159459319600996,-0.0212103771420711,0.0361837335079432,0.00868403458331767,0.0106943757053797,0.00403581019025507
im,R_imag,3957.08661417323,k0_prime,4096,0.0150341219417794,0.0422146662246292,0.0271805442828497,-0.0145414697536945,0.048698764831803,0.0351104298968481,0.0480967197625714,0.00403581019025507
im,R_imag,3995.27559055118,sigma,4096,0.469300244125702,0.92262521473468,0.453324970608977,0.431909101777148,0.516359687815827,0.864908177676465,0.974449288482723,0.0037890247354276
im,R_imag,3995.27559055118,alpha_infinity,4096,0.0241465202819282,0.432841443569604,0.408694923287676,-0.0546951245371252,0.0806304236617045,0.38790544067733,0.479105469462042,0.0037890247354276
im,R_imag,3995.27559055118,lambda,4096,0.00548018485114865,0.130213159779488,0.124732974928339,-0.0331814903843748,0.0491045942780959,0.115575818900594,0.144824832153484,0.0037890247354276
im,R_imag,3995.27559055118,lambda_prime,4096,0.00873145764310757,0.00980196127171107,0.0010705036286035,-0.0207328464373386,0.0370397910870602,0.00888903809953727,0.0109418792516762,0.0037890247354276
im,R_imag,3995.27559055118,k0_prime,4096,0.0166381713988246,0.042940703932454,0.0263025325336294,-0.0126493120947078,0.0496748374420822,0.0365134904168698,0.0482272258241714,0.0037890247354276
im,R_imag,4033.46456692913,sigma,4096,0.44448438222776,0.918515899669791,0.474031517442031,0.403678122426511,0.494863082585738,0.860819454367058,0.970749738767196,0.00358058447524361
im,R_imag,4033.46456692913,alpha_infinity,4096,0.0235531544172758,0.459527086445289,0.435973932028014,-0.0560176303198916,0.0818095016961984,0.410425872214569,0.508197955586708,0.00358058447524361
im,R_imag,4033.46456692913,lambda,4096,0.00514493134622829,0.134432054480636,0.129287123134407,-0.0359994125338194,0.0504924447033966,0.119118103161314,0.14914321407056,0.00358058447524361
im,R_imag,4033.46456692913,lambda_prime,4096,0.00904497448203312,0.0104846488927164,0.00143967441068324,-0.0219142595860669,0.0368536882058634,0.00949291810468565,0.0116990767134233,0.00358058447524361
im,R_imag,4033.46456692913,k0_prime,4096,0.0191832760079043,0.0479657188337353,0.028782442825831,-0.0107572493630594,0.0529146776063023,0.040456977173118,0.0539603150802217,0.00358058447524361
im,R_imag,4071.65354330709,sigma,4096,0.420770974809809,0.912834660663878,0.492063685854069,0.378343856246371,0.472897668707797,0.854351747083549,0.965966394478846,0.00336730116606405
im,R_imag,4071.65354330709,alpha_infinity,4096,0.0225907102408659,0.487489312966856,0.46489860272599,-0.0567684502821935,0.082477210169919,0.434940451158489,0.537866171469108,0.00336730116606405
im,R_imag,4071.65354330709,lambda,4096,0.00402499204528639,0.142689323481963,0.138664331436677,-0.0401548867761894,0.0510790192355524,0.126335733360316,0.158608173007199,0.00336730116606405
im,R_imag,4071.65354330709,lambda_prime,4096,0.0089948905897248,0.010310649966442,0.00131575937671722,-0.0217400309725955,0.0374467658001502,0.00928707344746327,0.0116618370429046,0.00336730116606405
im,R_imag,4071.65354330709,k0_prime,4096,0.0206588407417911,0.0523246863204238,0.0316658455786327,-0.00881582851557972,0.0550090117441985,0.0442405459755777,0.0589049951925475,0.00336730116606405
im,R_imag,4109.84251968504,sigma,4096,0.397417223779172,0.906865199810904,0.509447976031732,0.35448688270694,0.452035272293063,0.847788161005841,0.960207258869293,0.00316655472977176
im,R_imag,4109.84251968504,alpha_infinity,4096,0.0222931515089307,0.513688306207374,0.491395154698443,-0.0559705679207345,0.0835686858732959,0.458616983186252,0.565028496237728,0.00316655472977176
im,R_imag,4109.84251968504,lambda,4096,0.00423873233727412,0.149638828636108,0.145400096298833,-0.043362934748971,0.0531409716609454,0.133018279438837,0.16506014336398,0.00316655472977176
im,R_imag,4109.84251968504,lambda_prime,4096,0.00946360785420886,0.0108870616868112,0.00142345383260232,-0.0191824674647263,0.0379714287112509,0.00975921904943443,0.0122301173592707,0.00316655472977176
im,R_imag,4109.84251968504,k0_prime,4096,0.0242015694504869,0.0555832218294253,0.0313816523789384,-0.00498683530984012,0.0565166644399863,0.047933300279792,0.0623403631095946,0.00316655472977176
im,R_imag,4148.03149606299,sigma,4096,0.374050966775705,0.900010787358485,0.52595982058278,0.330657643281455,0.429916499190442,0.840902348120797,0.954230542136987,0.00299330643329561
im,R_imag,4148.03149606299,alpha_infinity,4096,0.0202758649394884,0.541272940467523,0.520997075528034,-0.0568395700238522,0.0816089000481272,0.485383301306155,0.593878570076682,0.00299330643329561
im,R_imag,4148.03149606299,lambda,4096,0.00375182530012863,0.159057505921634,0.155305680621506,-0.0467894972640486,0.0550772455995634,0.141771277875808,0.175526160291464,0.00299330643329561
im,R_imag,4148.03149606299,lambda_prime,4096,0.00950751085118118,0.011690960726124,0.00218344987494279,-0.0197066574996878,0.0371250372766869,0.0104705916619772,0.0132436224750606,0.00299330643329561
im,R_imag,4148.03149606299,k0_prime,4096,0.0260422231000255,0.0597828351187038,0.0337406120186783,-0.00263683471347864,0.0569180864804734,0.0521692579675788,0.0672048033502133,0.00299330643329561
im,R_imag,4186.22047244094,sigma,4096,0.349924785540917,0.89134614989411,0.541421364353194,0.306706692062014,0.408896644260033,0.832435625479518,0.944698326445057,0.00281650648986564
im,R_imag,4186.22047244094,alpha_infinity,4096,0.0187186982487297,0.568021527744977,0.549302829496247,-0.057163690086107,0.0792427138768051,0.50925386804009,0.622940098588391,0.00281650648986564
im,R_imag,4186.22047244094,lambda,4096,0.00472393135724836,0.169050359786482,0.164326428429234,-0.0470930261948999,0.0575013409393418,0.15063124511439,0.186119034475756,0.00281650648986564
im,R_imag,4186.22047244094,lambda_prime,4096,0.0102408111092052,0.0120650061605717,0.00182419505136658,-0.0190668670442908,0.0375414286061451,0.0108562076503272,0.0135611139055273,0.00281650648986564
im,R_imag,4186.22047244094,k0_prime,4096,0.0283403202055339,0.0638688869390579,0.035528566733524,-0.000509843322874515,0.0597233569151828,0.0563340978127745,0.07207854840604,0.00281650648986564
im,R_imag,4224.4094488189,sigma,4096,0.32965420039769,0.881897959658078,0.552243759260387,0.284570586969583,0.391064380944333,0.820986774923094,0.93429917589547,0.00266542889169713
im,R_imag,4224.4094488189,alpha_infinity,4096,0.0175679271776139,0.591656255677171,0.574088328499557,-0.0563110862022165,0.0771625571609357,0.532593737986319,0.647710559846957,0.00266542889169713
im,R_imag,4224.4094488189,lambda,4096,0.00584010994891859,0.178453286821852,0.172613176872933,-0.0474947408870048,0.0580177904569386,0.15923256196879,0.195407361149211,0.00266542889169713
im,R_imag,4224.4094488189,lambda_prime,4096,0.00945995946898759,0.012331650697321,0.00287169122833345,-0.0193790658966533,0.0368346185849084,0.0110808909941659,0.0137878769917958,0.00266542889169713
im,R_imag,4224.4094488189,k0_prime,4096,0.0318497455060777,0.0683163002054577,0.0364665546993801,0.00326969029352198,0.062081403994814,0.0602960057459188,0.0767322411610382,0.00266542889169713
im,R_imag,4262.59842519685,sigma,4096,0.306272895848204,0.866872844355137,0.560599948506933,0.256925126238536,0.366589981380301,0.8075729193009,0.917236413398978,0.00251760018256856
im,R_imag,4262.59842519685,alpha_infinity,4096,0.0160781935985178,0.614975767166369,0.598897573567851,-0.0551602286227106,0.0738441570936319,0.555982549092968,0.673136049403004,0.00251760018256856
im,R_imag,4262.59842519685,lambda,4096,0.00831201332760445,0.193872012953566,0.185559999625961,-0.0464851726719464,0.0577118519164721,0.17366146933433,0.213098095438808,0.00251760018256856
im,R_imag,4262.59842519685,lambda_prime,4096,0.00956584225902268,0.0129370805136487,0.00337123825462606,-0.0189485575693973,0.0377165442589167,0.0116727886911,0.0143419784618935,0.00251760018256856
im,R_imag,4262.59842519685,k0_prime,4096,0.0365169104959951,0.0756177844389315,0.0391008739429364,0.00913889502166465,0.0658511564672545,0.0672897152271555,0.0842378401240719,0.00251760018256856
im,R_imag,4300.7874015748,sigma,4096,0.281981974613339,0.853900160962639,0.5719181863493,0.228875273018008,0.344822594490902,0.795968353703796,0.903234925444365,0.0023832585615625
im,R_imag,4300.7874015748,alpha_infinity,4096,0.0150773254953881,0.638744002788268,0.62366667729288,-0.0537474383856384,0.0710928681922353,0.579480575452837,0.699942162545172,0.0023832585615625
im,R_imag,4300.7874015748,lambda,4096,0.01034724569699,0.208506125957192,0.198158880260202,-0.045178768609287,0.0585358112227824,0.188102464174509,0.229738277684531,0.0023832585615625
im,R_imag,4300.7874015748,lambda_prime,4096,0.00939491962864292,0.0129098732157916,0.00351495358714865,-0.0193732175692318,0.0372936634173785,0.0117019039727212,0.0143038322596496,0.0023832585615625
im,R_imag,4300.7874015748,k0_prime,4096,0.0411281154614924,0.0807923724926452,0.0396642570311528,0.0143287269652201,0.0686080779739647,0.0717287044889645,0.0897511032771288,0.0023832585615625
im,R_imag,4338.97637795276,sigma,4096,0.264383446514498,0.835237392725615,0.570853946211117,0.207237455798281,0.327708698185416,0.778122615838107,0.884143491648241,0.00227552414854506
im,R_imag,4338.97637795276,alpha_infinity,4096,0.0152680920313299,0.654171982952074,0.638903890920744,-0.0500998038918479,0.0724589298846502,0.595466584087403,0.717355354378874,0.00227552414854506
im,R_imag,4338.97637795276,lambda,4096,0.0141876589332534,0.226079514711646,0.211891855778393,-0.0402934856058372,0.0613334607369194,0.203221659632761,0.251757527289317,0.00227552414854506
im,R_imag,4338.97637795276,lambda_prime,4096,0.00930822470549841,0.0141011972404516,0.00479297253495315,-0.0202967926473463,0.038616913802909,0.0127734779557094,0.0155858259921951,0.00227552414854506
im,R_imag,4338.97637795276,k0_prime,4096,0.0459472241216006,0.0881900790976645,0.0422428549760639,0.0193452178664897,0.0764884127468598,0.0782274837314186,0.0982695619748142,0.00227552414854506
im,R_imag,4377.16535433071,sigma,4096,0.244448959844263,0.816890284273369,0.572441324429106,0.18416876856598,0.31010022237288,0.762262308468584,0.865719077102135,0.00217018539609651
im,R_imag,4377.16535433071,alpha_infinity,4096,0.0163584321073346,0.672297073908366,0.655938641801031,-0.0470963437490213,0.0754364115712544,0.613520715947688,0.737395149950845,0.00217018539609651
im,R_imag,4377.16535433071,lambda,4096,0.018631789551712,0.245416834469896,0.226785044918184,-0.0344579091173447,0.0675946242173041,0.221140744479757,0.272116288017567,0.00217018539609651
im,R_imag,4377.16535433071,lambda_prime,4096,0.00895489950902373,0.0148620677961315,0.00590716828710776,-0.0220202069037114,0.0405193129709308,0.0133645734896991,0.0162519465846954,0.00217018539609651
im,R_imag,4377.16535433071,k0_prime,4096,0.0504074492371012,0.0936948255917988,0.0432873763546976,0.0244852375417524,0.0796635777972662,0.0830642199702813,0.104072958615775,0.00217018539609651
im,R_imag,4415.35433070866,sigma,4096,0.228503973290392,0.792592219456063,0.564088246165672,0.168037084973164,0.292441388602526,0.735405700876224,0.83899648835993,0.00208687616856639
im,R_imag,4415.35433070866,alpha_infinity,4096,0.0182183243509979,0.681919397143037,0.663701072792039,-0.0448872046712296,0.0771029572365141,0.625637455218398,0.746130480456724,0.00208687616856639
im,R_imag,4415.35433070866,lambda,4096,0.0258373603508297,0.264987638175636,0.239150277824806,-0.0257183397309062,0.0702393376832067,0.239529721282805,0.292628598360503,0.00208687616856639
im,R_imag,4415.35433070866,lambda_prime,4096,0.00883634238992859,0.0158640693672596,0.00702772697733106,-0.0249503584480828,0.0431054786648921,0.014323656956586,0.0173035925174695,0.00208687616856639
im,R_imag,4415.35433070866,k0_prime,4096,0.0558813152213194,0.0995411496771035,0.043659834455784,0.0305916432960421,0.0855905615911814,0.0883842542231549,0.110479343182841,0.00208687616856639
im,R_imag,4453.54330708661,sigma,4096,0.211020816682826,0.764175470763956,0.55315465408113,0.15520702827331,0.276299635889556,0.708121679449769,0.808379835671992,0.0020134410466242
im,R_imag,4453.54330708661,alpha_infinity,4096,0.0238576767213781,0.689302394794142,0.665444718072764,-0.038281645863419,0.0808088251486317,0.637147703077097,0.75740489784041,0.0020134410466242
im,R_imag,4453.54330708661,lambda,4096,0.0324525029139331,0.285805499789604,0.253352996875671,-0.0174886592102086,0.0741434115852508,0.259882412183881,0.316340767219548,0.0020134410466242
im,R_imag,4453.54330708661,lambda_prime,4096,0.00828143353331212,0.0168808276302663,0.00859939409695416,-0.0269247191971933,0.0447002549166643,0.0151822499004063,0.01838910165811,0.0020134410466242
im,R_imag,4453.54330708661,k0_prime,4096,0.062097235484263,0.106783494773998,0.0446862592897347,0.0359570584038028,0.0926595718250828,0.094710801320752,0.118226816749718,0.0020134410466242
im,R_imag,4491.73228346457,sigma,4096,0.200569248736367,0.738507623452075,0.537938374715707,0.149718013090171,0.262489899325647,0.682875048143534,0.780462924938028,0.00195788358167247
im,R_imag,4491.73228346457,alpha_infinity,4096,0.0315159528981502,0.693949731466707,0.662433778568557,-0.0273473002272693,0.087132259924883,0.645721943485723,0.763925352129132,0.00195788358167247
im,R_imag,4491.73228346457,lambda,4096,0.0405821012995407,0.305435102338033,0.264853001038492,-0.005696883081864,0.0811086462117762,0.277500402926734,0.339260172906584,0.00195788358167247
im,R_imag,4491.73228346457,lambda_prime,4096,0.00893051258918609,0.0171126194240606,0.00818210683487447,-0.0280303694846102,0.0451199507335586,0.0153405141995574,0.018692708085118,0.00195788358167247
im,R_imag,4491.73228346457,k0_prime,4096,0.0652404103101787,0.112066573308944,0.0468261629987649,0.0388459680930807,0.0947037671136171,0.0995078467869124,0.12434965106251,0.00195788358167247
im,R_imag,4529.92125984252,sigma,4096,0.186381244833968,0.704346479275133,0.517965234441165,0.132364368552102,0.2468038456207,0.649989333186445,0.743230568849353,0.00190905057716911
im,R_imag,4529.92125984252,alpha_infinity,4096,0.0421717749287002,0.696136945542117,0.653965170613417,-0.014992462424966,0.0957436368843534,0.651279696115587,0.763812430953705,0.00190905057716911
im,R_imag,4529.92125984252,lambda,4096,0.0496375391270812,0.324822719896131,0.27518518076905,0.00314732131412498,0.0910907827034814,0.29600462593414,0.360919494967568,0.00190905057716911
im,R_imag,4529.92125984252,lambda_prime,4096,0.00788537657796862,0.0188185220934637,0.010933145515495,-0.0264637164515056,0.0426158723185894,0.0170709290736378,0.0206774292460077,0.00190905057716911
im,R_imag,4529.92125984252,k0_prime,4096,0.0710898654344922,0.118104373436409,0.0470145080019171,0.0441475005410324,0.0999011678729823,0.106121805246985,0.13065771597753,0.00190905057716911
im,R_imag,4568.11023622047,sigma,4096,0.172963616010862,0.669304048248317,0.496340432237454,0.116793569323655,0.229347915266812,0.616227042589979,0.705651615879194,0.00187283668672672
im,R_imag,4568.11023622047,alpha_infinity,4096,0.0562099162419716,0.695081844570964,0.638871928328993,0.00215560349425103,0.108633862738415,0.652688735416407,0.759676209779745,0.00187283668672672
im,R_imag,4568.11023622047,lambda,4096,0.0591793658034038,0.344935983799631,0.285756617996227,0.00967621534315999,0.09657411475213,0.314777657410247,0.382541301716392,0.00187283668672672
im,R_imag,4568.11023622047,lambda_prime,4096,0.00764614005872666,0.0191282501652752,0.0114821101065486,-0.0241350914660343,0.0405178433604584,0.0173194696351884,0.0211122738444933,0.00187283668672672
im,R_imag,4568.11023622047,k0_prime,4096,0.07679757776508,0.12322838140402,0.0464308036389403,0.0500742753323541,0.104018587636002,0.110225464654654,0.136280989065334,0.00187283668672672
im,R_imag,4606.29921259843,sigma,4096,0.163664846391591,0.629542983965588,0.465878137573997,0.107321601847494,0.217385708890278,0.579534829883825,0.662524617644346,0.00185821718269917
im,R_imag,4606.29921259843,alpha_infinity,4096,0.0739183998808365,0.688608509095418,0.614690109214582,0.0227431375935985,0.122913878054763,0.645929490583503,0.749700381135347,0.00185821718269917
im,R_imag,4606.29921259843,lambda,4096,0.0706734474100909,0.361841681541395,0.291168234131304,0.025626151660014,0.108990008144769,0.330630276669502,0.398342738227255,0.00185821718269917
im,R_imag,4606.29921259843,lambda_prime,4096,0.00699834897042861,0.0195918035590271,0.0125934545885985,-0.0256168091115734,0.035705321672589,0.0177674335758274,0.0218995563269605,0.00185821718269917
im,R_imag,4606.29921259843,k0_prime,4096,0.0826819329480873,0.129654532681164,0.0469725997330769,0.0556934907328693,0.108981821096326,0.115615613350986,0.143052234258631,0.00185821718269917
im,R_imag,4644.48818897638,sigma,4096,0.155230996906047,0.599836717129344,0.444605720223296,0.0959408320476015,0.207853808034213,0.55335301228874,0.631076573517507,0.00184916739960932
im,R_imag,4644.48818897638,alpha_infinity,4096,0.093071141400358,0.682817673913801,0.589746532513443,0.0429517495668207,0.142744159127655,0.639798190005262,0.739608504048581,0.00184916739960932
im,R_imag,4644.48818897638,lambda,4096,0.079962467014546,0.373800774737328,0.293838307722782,0.0422942325679644,0.117709624395645,0.342250339130382,0.409323974786189,0.00184916739960932
im,R_imag,4644.48818897638,lambda_prime,4096,0.00728774673573163,0.020604666265504,0.0133169195297723,-0.0249335545189346,0.0355685737970469,0.0186530222850056,0.0231530177891572,0.00184916739960932
im,R_imag,4644.48818897638,k0_prime,4096,0.0853641701750834,0.130385911013581,0.0450217408384979,0.0571656793778742,0.111213054360371,0.115585192110469,0.143382859401169,0.00184916739960932
im,R_imag,4682.67716535433,sigma,4096,0.146807594635536,0.558420294258642,0.411612699623106,0.0899793642677713,0.196897940511044,0.516405662789747,0.585525833897635,0.00186119161347951
im,R_imag,4682.67716535433,alpha_infinity,4096,0.118607033471684,0.675085575623688,0.556478542152005,0.0700909505388987,0.165317768380256,0.631579019594174,0.729667750023591,0.00186119161347951
im,R_imag,4682.67716535433,lambda,4096,0.090028236237251,0.387803659328032,0.297775423090781,0.0564582002723523,0.127134913849186,0.3553378478455,0.424096028226116,0.00186119161347951
im,R_imag,4682.67716535433,lambda_prime,4096,0.00721993230821627,0.0206606982343107,0.0134407659260944,-0.0251612858825951,0.0344012955236535,0.0186258844135864,0.0232872752350884,0.00186119161347951
im,R_imag,4682.67716535433,k0_prime,4096,0.0882967214502154,0.130291934360609,0.041995212910394,0.0607112334259667,0.114599087847272,0.115275174870129,0.142280191116456,0.00186119161347951
im,R_imag,4720.86614173228,sigma,4096,0.141380905526772,0.525070793789886,0.383689888263115,0.0904389887526319,0.18991372383496,0.485258572230577,0.550416692418538,0.00187890432763464
im,R_imag,4720.86614173228,alpha_infinity,4096,0.142242802112466,0.664802148756006,0.52255934664354,0.096808359299835,0.189368937298597,0.621272182317933,0.718412369856763,0.00187890432763464
im,R_imag,4720.86614173228,lambda,4096,0.100987760487857,0.396310359591508,0.29532259910365,0.0692424976312926,0.139602045511596,0.363805002336953,0.433474990926718,0.00187890432763464
im,R_imag,4720.86614173228,lambda_prime,4096,0.00677508551405337,0.0223577842416367,0.0155826987275834,-0.0235126805083823,0.0317900032525166,0.020103753136072,0.0251951436768461,0.00187890432763464
im,R_imag,4720.86614173228,k0_prime,4096,0.088804420018889,0.132036421310179,0.0432320012912896,0.061448431020323,0.115607723012087,0.116620085959679,0.144279876385344,0.00187890432763464
im,R_imag,4759.05511811024,sigma,4096,0.137717922275705,0.487869752530306,0.350151830254601,0.0909065969622913,0.186555979166956,0.451472631233445,0.512026246936062,0.00191770969975566
im,R_imag,4759.05511811024,alpha_infinity,4096,0.173991246424797,0.656395106093704,0.482403859668907,0.131773388983233,0.221093926289606,0.614907882542943,0.706533821133834,0.00191770969975566
im,R_imag,4759.05511811024,lambda,4096,0.109362669185059,0.396663565131803,0.287300895946744,0.0787876547128386,0.14437785955204,0.364129359234048,0.433633173921786,0.00191770969975566
im,R_imag,4759.05511811024,lambda_prime,4096,0.00688689236784623,0.0232201797705557,0.0163332874027095,-0.0213401443854782,0.031572969679035,0.0205752246941561,0.0262265445327715,0.00191770969975566
im,R_imag,4759.05511811024,k0_prime,4096,0.0920894330686357,0.133363989582015,0.0412745565133794,0.0648168123456222,0.120171674065031,0.118636837881663,0.145434729713409,0.00191770969975566
im,R_imag,4797.24409448819,sigma,4096,0.132294864376315,0.45478464163246,0.322489777256145,0.08515933428347,0.180311879630954,0.422113934294362,0.477493481235082,0.00196917470907544
im,R_imag,4797.24409448819,alpha_infinity,4096,0.203472905323563,0.646110011206659,0.442637105883096,0.162189735712706,0.248998012896296,0.607115683820309,0.692430740411854,0.00196917470907544
im,R_imag,4797.24409448819,lambda,4096,0.116358554217884,0.396585165530994,0.28022661131311,0.0851927280757587,0.149623789951002,0.365368267075903,0.43418818598136,0.00196917470907544
im,R_imag,4797.24409448819,lambda_prime,4096,0.00713717934714819,0.0224520171044188,0.0153148377572706,-0.0195472169787174,0.0322227995378807,0.0200674081632569,0.0253436039477074,0.00196917470907544
im,R_imag,4797.24409448819,k0_prime,4096,0.0936596676853779,0.132971466020028,0.03931179833465,0.0652933863634446,0.121573337764565,0.119058829941352,0.144843957329617,0.00196917470907544
im,R_imag,4835.43307086614,sigma,4096,0.128140935023375,0.422394717175991,0.294253782152616,0.0798892194851792,0.17380125406243,0.392659104300173,0.44486501409774,0.00202989694639191
im,R_imag,4835.43307086614,alpha_infinity,4096,0.232822796293631,0.638132788560798,0.405309992267167,0.194364043085834,0.277125281963644,0.601483619603244,0.678790594817558,0.00202989694639191
im,R_imag,4835.43307086614,lambda,4096,0.125018445326854,0.395045080578637,0.270026635251783,0.0942865321203045,0.156009931796831,0.365940460292576,0.432786875034389,0.00202989694639191
im,R_imag,4835.43307086614,lambda_prime,4096,0.00740895358847027,0.0225143582116448,0.0151054046231745,-0.0182451636620669,0.0303975550734749,0.0202175667836342,0.0254163689561483,0.00202989694639191
im,R_imag,4835.43307086614,k0_prime,4096,0.0927859647626051,0.131047766961199,0.0382618021985935,0.0643700988861543,0.121717374201967,0.117743296123214,0.143779232609924,0.00202989694639191
im,R_imag,4873.62204724409,sigma,4096,0.123853757989039,0.396054238058265,0.272200480069226,0.0722672978109801,0.167219517460952,0.369211994382549,0.418114404798246,0.00210131070523264
im,R_imag,4873.62204724409,alpha_infinity,4096,0.264488409417052,0.634435190143355,0.369946780726302,0.227245692462675,0.307284355947853,0.599713952367643,0.668771557103755,0.00210131070523264
im,R_imag,4873.62204724409,lambda,4096,0.128173910231764,0.386912056003276,0.258738145771512,0.0975908579364041,0.162145395161766,0.359746399727169,0.425713600952491,0.00210131070523264
im,R_imag,4873.62204724409,lambda_prime,4096,0.00748995504077443,0.0237170546698978,0.0162270996291234,-0.0179757563394787,0.0297655328655728,0.0212066546844259,0.0270176521455477,0.00210131070523264
im,R_imag,4873.62204724409,k0_prime,4096,0.0914866705679797,0.127521817180756,0.0360351466127764,0.0631171681636236,0.121444612874219,0.114039397912984,0.141409982159846,0.00210131070523264
im,R_imag,4911.81102362205,sigma,4096,0.122111422439794,0.37091386462151,0.248802442181716,0.071283072631921,0.164999767232949,0.34815567688109,0.391425764693135,0.00218403831481521
im,R_imag,4911.81102362205,alpha_infinity,4096,0.297042872172946,0.631020211741822,0.333977339568876,0.261696672856545,0.337346444158436,0.597967377700066,0.666382072277334,0.00218403831481521
im,R_imag,4911.81102362205,lambda,4096,0.132107452553389,0.378950772072882,0.246843319519494,0.0978898808823923,0.16546768074479,0.351364093341446,0.417619602634011,0.00218403831481521
im,R_imag,4911.81102362205,lambda_prime,4096,0.00780721548253072,0.0228136770812841,0.0150064615987534,-0.0188588352761279,0.0316116186109202,0.0202987101191183,0.0260891089340189,0.00218403831481521
im,R_imag,4911.81102362205,k0_prime,4096,0.0894695955341418,0.1227894577037,0.0333198621695587,0.0610608901670994,0.121758860508372,0.109961421410444,0.137267820386774,0.00218403831481521
im,R_imag,4950,sigma,4096,0.119511132717949,0.350345726395893,0.230834593677944,0.0706058281384311,0.162657965821818,0.330350248882622,0.37001281987539,0.00227877162160661
im,R_imag,4950,alpha_infinity,4096,0.323810254246172,0.62705456947723,0.303244315231057,0.289410613271347,0.361817513654019,0.590551637188767,0.659310867764757,0.00227877162160661
im,R_imag,4950,lambda,4096,0.136480669905807,0.367580737292761,0.231100067386953,0.100306727522156,0.171525466264741,0.340313047306362,0.402052150667425,0.00227877162160661
im,R_imag,4950,lambda_prime,4096,0.00818847192862049,0.0225712973101865,0.014382825381566,-0.0218591018513243,0.0320568856433129,0.0199358651829953,0.02557468194243,0.00227877162160661
im,R_imag,4950,k0_prime,4096,0.0861989402873864,0.118530774080905,0.0323318337935182,0.0568626323805892,0.120588469007435,0.105498544863381,0.132773384815259,0.00227877162160661
