Frequency in Hz	Acrylic_99_HF Normalized Surface Impedance continuous Re	Frequency in Hz	Acrylic_99_LF Normalized Surface Impedance continuous Re	Frequency in Hz	Acrylic_98_LF Normalized Surface Impedance continuous Re	Frequency in Hz	Acrylic_98_HF Normalized Surface Impedance continuous Re	Frequency in Hz	Acrylic_96_HF Normalized Surface Impedance continuous Re	Frequency in Hz	Acrylic_96_LF Normalized Surface Impedance continuous Re	Frequency in Hz	Acrylic_97_LF Normalized Surface Impedance continuous Re	Frequency in Hz	Acrylic_97_HF Normalized Surface Impedance continuous Re	Frequency in Hz	Acrylic_95_HF Normalized Surface Impedance continuous Re	Frequency in Hz	Acrylic_95_LF Normalized Surface Impedance continuous Re	Frequency in Hz	Acrylic_94_LF Normalized Surface Impedance continuous Re	Frequency in Hz	Acrylic_94_HF Normalized Surface Impedance continuous Re	Frequency in Hz	Acrylic_93_HF Normalized Surface Impedance continuous Re	Frequency in Hz	Acrylic_93_LF Normalized Surface Impedance continuous Re	Frequency in Hz	Acrylic_92_LF Normalized Surface Impedance continuous Re	Frequency in Hz	Acrylic_92_HF Normalized Surface Impedance continuous Re	Frequency in Hz	Acrylic_99_HF Normalized Surface Impedance continuous Im	Frequency in Hz	Acrylic_99_LF Normalized Surface Impedance continuous Im	Frequency in Hz	Acrylic_98_LF Normalized Surface Impedance continuous Im	Frequency in Hz	Acrylic_98_HF Normalized Surface Impedance continuous Im	Frequency in Hz	Acrylic_96_HF Normalized Surface Impedance continuous Im	Frequency in Hz	Acrylic_96_LF Normalized Surface Impedance continuous Im	Frequency in Hz	Acrylic_97_LF Normalized Surface Impedance continuous Im	Frequency in Hz	Acrylic_97_HF Normalized Surface Impedance continuous Im	Frequency in Hz	Acrylic_95_HF Normalized Surface Impedance continuous Im	Frequency in Hz	Acrylic_95_LF Normalized Surface Impedance continuous Im	Frequency in Hz	Acrylic_94_LF Normalized Surface Impedance continuous Im	Frequency in Hz	Acrylic_94_HF Normalized Surface Impedance continuous Im	Frequency in Hz	Acrylic_93_HF Normalized Surface Impedance continuous Im	Frequency in Hz	Acrylic_93_LF Normalized Surface Impedance continuous Im	Frequency in Hz	Acrylic_92_LF Normalized Surface Impedance continuous Im	Frequency in Hz	Acrylic_92_HF Normalized Surface Impedance continuous Im	
556,25	0,720437228679657	100	2,75513792037964	100	1,93209540843964	556,25	0,818641901016235	556,25	1,14418399333954	100	2,04736423492432	100	1,79595243930817	556,25	0,886727511882782	556,25	1,32618892192841	100	2,08533406257629	100	1,96783375740051	556,25	1,42608106136322	556,25	1,55057454109192	100	2,03456401824951	100	2,04132533073425	556,25	1,83884084224701	556,25	-3,50801277160645	100	-15,1012668609619	100	-14,5266065597534	556,25	-3,2139093875885	556,25	-2,85025072097778	100	-14,0098075866699	100	-13,8770685195923	556,25	-2,89946007728577	556,25	-2,70450568199158	100	-13,6020221710205	100	-13,4808330535889	556,25	-2,55901670455933	556,25	-2,5246684551239	100	-13,2906007766724	100	-13,1379432678223	556,25	-2,34226489067078	
559,375	0,722239196300507	103,125	2,78426265716553	103,125	1,94158697128296	559,375	0,820082664489746	559,375	1,15486371517181	103,125	2,06705045700073	103,125	1,86074817180634	559,375	0,894225180149078	559,375	1,3397421836853	103,125	2,14483952522278	103,125	2,08548378944397	559,375	1,44297802448273	559,375	1,56942641735077	103,125	2,19417452812195	103,125	2,10848426818848	559,375	1,86158859729767	559,375	-3,52899885177612	103,125	-15,425820350647	103,125	-14,7527418136597	559,375	-3,23113822937012	559,375	-2,86120128631592	103,125	-14,3417472839355	103,125	-14,2097673416138	559,375	-2,9124858379364	559,375	-2,71268916130066	103,125	-13,8905372619629	103,125	-13,6855144500732	559,375	-2,56524038314819	559,375	-2,52993178367615	103,125	-13,5737457275391	103,125	-13,4443311691284	559,375	-2,34154415130615	
562,5	0,67876124382019	106,25	1,92436575889587	106,25	1,32850277423859	562,5	0,775307297706604	562,5	1,12413954734802	106,25	1,45845329761505	106,25	1,24308168888092	562,5	0,866424798965454	562,5	1,310662150383	106,25	1,59415090084076	106,25	1,54958295822144	562,5	1,41891074180603	562,5	1,54922378063202	106,25	1,64564299583435	106,25	1,56776583194733	562,5	1,84516131877899	562,5	-3,49703621864319	106,25	-14,1134490966797	106,25	-13,476448059082	562,5	-3,2040913105011	562,5	-2,84279012680054	106,25	-13,1651563644409	106,25	-13,005916595459	562,5	-2,89004015922546	562,5	-2,69701242446899	106,25	-12,8246212005615	106,25	-12,6079301834106	562,5	-2,55347180366516	562,5	-2,52123475074768	106,25	-12,5303382873535	106,25	-12,4247131347656	562,5	-2,33804559707642	
565,625	0,645363092422485	109,375	2,16434216499329	109,375	1,47462856769562	565,625	0,742424249649048	565,625	1,10839748382568	109,375	1,55198502540588	109,375	1,35401165485382	565,625	0,846617639064789	565,625	1,29920065402985	109,375	1,72071266174316	109,375	1,64414978027344	565,625	1,41248846054077	565,625	1,54641008377075	109,375	1,75585961341858	109,375	1,69693064689636	565,625	1,84961497783661	565,625	-3,51299953460693	109,375	-15,2309322357178	109,375	-14,5160388946533	565,625	-3,21824026107788	565,625	-2,85689854621887	109,375	-14,1367120742798	109,375	-13,9465599060059	565,625	-2,90316534042358	565,625	-2,71141052246094	109,375	-13,7109785079956	109,375	-13,5021057128906	565,625	-2,56730318069458	565,625	-2,53622031211853	109,375	-13,4023447036743	109,375	-13,2637147903442	565,625	-2,35159039497375	
568,75	0,689473867416382	112,5	2,37486720085144	112,5	1,77686905860901	568,75	0,7734375	568,75	1,13342487812042	112,5	1,78756630420685	112,5	1,63044989109039	568,75	0,875285267829895	568,75	1,31861925125122	112,5	1,91471672058105	112,5	1,84943175315857	568,75	1,4285614490509	568,75	1,55960607528687	112,5	1,89485728740692	112,5	1,91976928710938	568,75	1,85535204410553	568,75	-3,45559668540955	112,5	-13,3588771820068	112,5	-12,8366222381592	568,75	-3,15754008293152	568,75	-2,80098628997803	112,5	-12,5297069549561	112,5	-12,3422222137451	568,75	-2,85454392433167	568,75	-2,6541051864624	112,5	-12,1469469070435	112,5	-11,9702100753784	568,75	-2,5137197971344	568,75	-2,48321342468262	112,5	-11,915210723877	112,5	-11,7414150238037	568,75	-2,2965841293335	
571,875	0,693817615509033	115,625	2,91774916648865	115,625	2,29608654975891	571,875	0,774924516677856	571,875	1,14126527309418	115,625	2,29604530334473	115,625	2,13551926612854	571,875	0,881457030773163	571,875	1,32646238803864	115,625	2,39854645729065	115,625	2,33013916015625	571,875	1,43765962123871	571,875	1,56977939605713	115,625	2,40627408027649	115,625	2,40515851974487	571,875	1,86653745174408	571,875	-3,44972276687622	115,625	-12,8343648910522	115,625	-12,3551959991455	571,875	-3,1463828086853	571,875	-2,79112958908081	115,625	-12,0875272750854	115,625	-11,9117631912231	571,875	-2,84789443016052	571,875	-2,64280891418457	115,625	-11,691333770752	115,625	-11,5132026672363	571,875	-2,50262689590454	571,875	-2,47256922721863	115,625	-11,4766864776611	115,625	-11,3209800720215	571,875	-2,28301811218262	
575	0,66916161775589	118,75	2,90583086013794	118,75	2,29225635528564	575	0,750891089439392	575	1,12537908554077	118,75	2,28050971031189	118,75	2,1437201499939	575	0,864989995956421	575	1,31081831455231	118,75	2,39017367362976	118,75	2,32309722900391	575	1,42416453361511	575	1,55694460868835	118,75	2,38804912567139	118,75	2,39899611473084	575	1,85639309883118	575	-3,42690634727478	118,75	-12,968620300293	118,75	-12,465672492981	575	-3,12173581123352	575	-2,77652144432068	118,75	-12,1665840148926	118,75	-12,0067205429077	575	-2,83256340026855	575	-2,62998557090759	118,75	-11,7642469406128	118,75	-11,5588293075562	575	-2,49295949935913	575	-2,46441411972046	118,75	-11,5108594894409	118,75	-11,3433485031128	575	-2,27734231948853	
578,125	0,656782388687134	121,875	2,56467032432556	121,875	2,00466060638428	578,125	0,739119589328766	578,125	1,1209009885788	121,875	1,98857235908508	121,875	1,8417466878891	578,125	0,858150362968445	578,125	1,30776119232178	121,875	2,13206458091736	121,875	2,07153987884521	578,125	1,42358303070068	578,125	1,55669212341309	121,875	2,11930418014526	121,875	2,14541363716125	578,125	1,85993194580078	578,125	-3,42481470108032	121,875	-12,8189640045166	121,875	-12,3049745559692	578,125	-3,11376333236694	578,125	-2,77349758148193	121,875	-12,0209608078003	121,875	-11,8264627456665	578,125	-2,82981276512146	578,125	-2,62647366523743	121,875	-11,6368780136108	121,875	-11,4049386978149	578,125	-2,49037218093872	578,125	-2,46234321594238	121,875	-11,3524551391602	121,875	-11,2029390335083	578,125	-2,27475357055664	
581,25	0,697253525257111	125	2,52526712417603	125	1,97245848178864	581,25	0,776572048664093	581,25	1,152672290802	125	1,97214984893799	125	1,82034158706665	581,25	0,888501286506653	581,25	1,33728909492493	125	2,10333943367004	125	2,05522394180298	581,25	1,45128726959229	581,25	1,58415269851685	125	2,09992408752441	125	2,16283464431763	581,25	1,88535237312317	581,25	-3,42769598960876	125	-12,7363615036011	125	-12,2238655090332	581,25	-3,10555076599121	581,25	-2,76136684417725	125	-11,9475612640381	125	-11,7416648864746	581,25	-2,82267761230469	581,25	-2,61012887954712	125	-11,5701513290405	125	-11,3266248703003	581,25	-2,473712682724	581,25	-2,44355344772339	125	-11,2699375152588	125	-11,15882396698	581,25	-2,2503924369812	
584,375	0,662768721580505	128,125	2,54120969772339	128,125	2,00236248970032	584,375	0,743570029735565	584,375	1,12282919883728	128,125	1,98767995834351	128,125	1,84418022632599	584,375	0,860225021839142	584,375	1,30607306957245	128,125	2,11878490447998	128,125	2,06917929649353	584,375	1,42159140110016	584,375	1,5533195734024	128,125	2,10812759399414	128,125	2,16679358482361	584,375	1,85429203510284	584,375	-3,36558532714844	128,125	-12,4369430541992	128,125	-11,921350479126	584,375	-3,04590082168579	584,375	-2,72105932235718	128,125	-11,6708269119263	128,125	-11,4490919113159	584,375	-2,78089451789856	584,375	-2,57441854476929	128,125	-11,3090982437134	128,125	-11,0633316040039	584,375	-2,44334006309509	584,375	-2,41570258140564	128,125	-11,0062942504883	128,125	-10,8738899230957	584,375	-2,22940111160278	
587,5	0,65391993522644	131,25	1,7185640335083	131,25	1,28106117248535	587,5	0,738120198249817	587,5	1,12515079975128	131,25	1,29563724994659	131,25	1,18352091312408	587,5	0,858065485954285	587,5	1,31038618087769	131,25	1,45486295223236	131,25	1,42408955097198	587,5	1,42846894264221	587,5	1,56177568435669	131,25	1,49018251895905	131,25	1,53413486480713	587,5	1,8666672706604	587,5	-3,37536787986755	131,25	-11,4987659454346	131,25	-11,0195655822754	587,5	-3,05007266998291	587,5	-2,72603631019592	131,25	-10,7954959869385	131,25	-10,5678834915161	587,5	-2,78754687309265	587,5	-2,57753157615662	131,25	-10,4911804199219	131,25	-10,2714366912842	587,5	-2,44601082801819	587,5	-2,41829085350037	131,25	-10,2464427947998	131,25	-10,1129703521729	587,5	-2,22936654090881	
590,625	0,643797159194946	134,375	2,20331072807312	134,375	1,70226812362671	590,625	0,730550825595856	590,625	1,11681735515594	134,375	1,70269024372101	134,375	1,57594478130341	590,625	0,849211275577545	590,625	1,30107796192169	134,375	1,86222064495087	134,375	1,82063448429108	590,625	1,42045342922211	590,625	1,55366206169128	134,375	1,8964067697525	134,375	1,95823955535889	590,625	1,859210729599	590,625	-3,3506190776825	134,375	-11,8317136764526	134,375	-11,3419742584229	590,625	-3,02320766448975	590,625	-2,70696115493774	134,375	-11,0770606994629	134,375	-10,8521957397461	590,625	-2,76823592185974	590,625	-2,55896759033203	134,375	-10,7317228317261	134,375	-10,4916009902954	590,625	-2,43007969856262	590,625	-2,40342473983765	134,375	-10,4736928939819	134,375	-10,3262538909912	590,625	-2,21656012535095	
593,75	0,644059598445892	137,5	2,47875595092773	137,5	2,00607085227966	593,75	0,733113527297974	593,75	1,11492145061493	137,5	1,98908984661102	137,5	1,87270712852478	593,75	0,847939133644104	593,75	1,29713618755341	137,5	2,1107234954834	137,5	2,06328058242798	593,75	1,41639220714569	593,75	1,54832410812378	137,5	2,13687705993652	137,5	2,18824601173401	593,75	1,85232651233673	593,75	-3,31708955764771	137,5	-11,0553159713745	137,5	-10,6225681304932	593,75	-2,99042987823486	593,75	-2,68019247055054	137,5	-10,3893938064575	137,5	-10,1932687759399	593,75	-2,74206113815308	593,75	-2,53154706954956	137,5	-10,0668382644653	137,5	-9,84838676452637	593,75	-2,40633296966553	593,75	-2,37934994697571	137,5	-9,83583164215088	137,5	-9,69432353973389	593,75	-2,1939651966095	
596,875	0,649406909942627	140,625	2,56737470626831	140,625	2,0409836769104	596,875	0,741454720497131	596,875	1,12481343746185	140,625	2,04731702804565	140,625	1,90802109241486	596,875	0,854852676391602	596,875	1,30775845050812	140,625	2,17563128471375	140,625	2,12180495262146	596,875	1,42820131778717	596,875	1,5606769323349	140,625	2,20388770103455	140,625	2,25081944465637	596,875	1,86672425270081	596,875	-3,32015562057495	140,625	-11,5666284561157	140,625	-11,0795297622681	596,875	-2,98830413818359	596,875	-2,67746448516846	140,625	-10,8311414718628	140,625	-10,6095533370972	596,875	-2,74130344390869	596,875	-2,5258367061615	140,625	-10,474214553833	140,625	-10,2328796386719	596,875	-2,40121793746948	596,875	-2,37302660942078	140,625	-10,2189455032349	140,625	-10,0687026977539	596,875	-2,18490600585938	
600	0,635892510414124	143,75	2,32591772079468	143,75	1,87925982475281	600	0,732518672943115	600	1,12229597568512	143,75	1,88482260704041	143,75	1,76204431056976	600	0,847814559936523	600	1,30755233764648	143,75	2,01265239715576	143,75	1,96719419956207	600	1,4314112663269	600	1,56598293781281	143,75	2,04037427902222	143,75	2,10413956642151	600	1,87801265716553	600	-3,32939791679382	143,75	-10,6108341217041	143,75	-10,1773452758789	600	-2,99198055267334	600	-2,6834888458252	143,75	-9,95247650146484	143,75	-9,76603126525879	600	-2,74732208251953	600	-2,52985644340515	143,75	-9,64144515991211	143,75	-9,42408180236816	600	-2,40605854988098	600	-2,37838864326477	143,75	-9,41615295410156	143,75	-9,28126525878906	600	-2,18831157684326	
603,125	0,628223240375519	146,875	2,05366897583008	146,875	1,63934659957886	603,125	0,726825654506683	603,125	1,10971057415009	146,875	1,64500367641449	146,875	1,52647459506989	603,125	0,838260591030121	603,125	1,29301500320435	146,875	1,79851365089417	146,875	1,76457345485687	603,125	1,41606998443604	603,125	1,54820168018341	146,875	1,84005510807037	146,875	1,91474342346191	603,125	1,8583174943924	603,125	-3,27595925331116	146,875	-10,6540403366089	146,875	-10,1918315887451	603,125	-2,94504046440125	603,125	-2,64302325248718	146,875	-9,96146392822266	146,875	-9,76223850250244	603,125	-2,70731520652771	603,125	-2,49029016494751	146,875	-9,64898872375488	146,875	-9,42507839202881	603,125	-2,3721239566803	603,125	-2,34531784057617	146,875	-9,42345428466797	146,875	-9,28548908233643	603,125	-2,15842127799988	
606,25	0,662528693675995	150	1,61712539196014	150	1,22040367126465	606,25	0,758415579795837	606,25	1,13811051845551	150	1,25301086902618	150	1,13605666160583	606,25	0,864830493927002	606,25	1,32098031044006	150	1,44616687297821	150	1,42986226081848	606,25	1,44027674198151	606,25	1,57313001155853	150	1,50659823417664	150	1,60188972949982	606,25	1,88041007518768	606,25	-3,27134037017822	150	-11,0493650436401	150	-10,5080299377441	606,25	-2,93885397911072	606,25	-2,63136529922485	150	-10,2662868499756	150	-10,0413017272949	606,25	-2,699955701828	606,25	-2,47335886955261	150	-9,94998168945313	150	-9,70489597320557	606,25	-2,35568475723267	606,25	-2,32692313194275	150	-9,70906257629395	150	-9,56731128692627	606,25	-2,13561701774597	
609,375	0,647413909435272	153,125	2,2980101108551	153,125	1,88558781147003	609,375	0,749116837978363	609,375	1,12058460712433	153,125	1,89378142356873	153,125	1,76987254619598	609,375	0,851654529571533	609,375	1,30425143241882	153,125	2,02291989326477	153,125	1,98106741905212	609,375	1,41986262798309	609,375	1,55032074451447	153,125	2,0458345413208	153,125	2,1262481212616	609,375	1,85499405860901	609,375	-3,20506477355957	153,125	-9,95737838745117	153,125	-9,54067897796631	609,375	-2,88085389137268	609,375	-2,58142232894897	153,125	-9,32999420166016	153,125	-9,14569473266602	609,375	-2,65001559257507	609,375	-2,42576766014099	153,125	-9,03669548034668	153,125	-8,82503890991211	609,375	-2,31546592712402	609,375	-2,28708791732788	153,125	-8,82796859741211	153,125	-8,68892574310303	609,375	-2,10324788093567	
612,5	0,637786507606506	156,25	1,95350420475006	156,25	1,56883156299591	612,5	0,745994627475739	612,5	1,12449562549591	156,25	1,58631575107574	156,25	1,4743937253952	612,5	0,85052353143692	612,5	1,31287670135498	156,25	1,73565602302551	156,25	1,71376347541809	612,5	1,42904436588287	612,5	1,56162166595459	156,25	1,78256356716156	156,25	1,88525664806366	612,5	1,87151908874512	612,5	-3,2316780090332	156,25	-10,078483581543	156,25	-9,62227916717529	612,5	-2,90031695365906	612,5	-2,59636235237122	156,25	-9,399169921875	156,25	-9,20818710327148	612,5	-2,66667008399963	612,5	-2,43650054931641	156,25	-9,11372089385986	156,25	-8,89342498779297	612,5	-2,32544231414795	612,5	-2,29641246795654	156,25	-8,90153408050537	156,25	-8,76613235473633	612,5	-2,10781383514404	
615,625	0,643058836460114	159,375	1,76067328453064	159,375	1,38683390617371	615,625	0,752146363258362	615,625	1,12752366065979	159,375	1,41424190998077	159,375	1,30631566047668	615,625	0,85357141494751	615,625	1,31649160385132	159,375	1,58299005031586	159,375	1,56800544261932	615,625	1,4297126531601	615,625	1,56167507171631	159,375	1,63733553886414	159,375	1,74100506305695	615,625	1,86956834793091	615,625	-3,20297360420227	159,375	-10,0418796539307	159,375	-9,56963157653809	615,625	-2,8744900226593	615,625	-2,57059454917908	159,375	-9,34121036529541	159,375	-9,14597797393799	615,625	-2,64259886741638	615,625	-2,41066670417786	159,375	-9,05959415435791	159,375	-8,83344078063965	615,625	-2,30083775520325	615,625	-2,27118325233459	159,375	-8,84429836273193	159,375	-8,68161487579346	615,625	-2,08292031288147	
618,75	0,617178440093994	162,5	1,69497299194336	162,5	1,33105707168579	618,75	0,733749032020569	618,75	1,11221623420715	162,5	1,3683807849884	162,5	1,25887835025787	618,75	0,836288094520569	618,75	1,30484175682068	162,5	1,54393351078033	162,5	1,53598463535309	618,75	1,41806197166443	618,75	1,55079281330109	162,5	1,60423791408539	162,5	1,71934008598328	618,75	1,86267411708832	618,75	-3,1939332485199	162,5	-10,0385694503784	162,5	-9,5450325012207	618,75	-2,86626577377319	618,75	-2,56566977500916	162,5	-9,31654644012451	162,5	-9,11918544769287	618,75	-2,63629770278931	618,75	-2,40808343887329	162,5	-9,03424263000488	162,5	-8,80208110809326	618,75	-2,29910635948181	618,75	-2,27065706253052	162,5	-8,81680011749268	162,5	-8,70499515533447	618,75	-2,08436226844788	
621,875	0,622382342815399	165,625	1,36996126174927	165,625	1,05328369140625	621,875	0,739175617694855	621,875	1,11426281929016	165,625	1,09884679317474	165,625	1,00039124488831	621,875	0,83893620967865	621,875	1,30619764328003	165,625	1,27660167217255	165,625	1,28026962280273	621,875	1,41699063777924	621,875	1,54900050163269	165,625	1,34730052947998	165,625	1,46473741531372	621,875	1,85849392414093	621,875	-3,16377711296082	165,625	-9,71529674530029	165,625	-9,22642803192139	621,875	-2,83849263191223	621,875	-2,53812050819397	165,625	-9,01518440246582	165,625	-8,81697940826416	621,875	-2,61035704612732	621,875	-2,38173651695251	165,625	-8,75299453735352	165,625	-8,51937007904053	621,875	-2,27318572998047	621,875	-2,24465751647949	165,625	-8,54342174530029	165,625	-8,41011714935303	621,875	-2,05908942222595	
625	0,638377547264099	168,75	2,22664308547974	168,75	1,85564732551575	625	0,75497442483902	625	1,130286693573	168,75	1,86587071418762	168,75	1,74246227741241	625	0,852097988128662	625	1,32201111316681	168,75	1,99885284900665	168,75	1,96958577632904	625	1,43132245540619	625	1,56391990184784	168,75	2,03779768943787	168,75	2,14152383804321	625	1,87303912639618	625	-3,16485619544983	168,75	-9,20419788360596	168,75	-8,79468059539795	625	-2,83749604225159	625	-2,53163003921509	168,75	-8,58827686309814	168,75	-8,41742324829102	625	-2,60682225227356	625	-2,37374830245972	168,75	-8,31863594055176	168,75	-8,09587574005127	625	-2,26340055465698	625	-2,23339247703552	168,75	-8,1107816696167	168,75	-7,96935939788818	625	-2,04411888122559	
628,125	0,609243273735046	171,875	1,97675395011902	171,875	1,64045882225037	628,125	0,732871651649475	628,125	1,10924255847931	171,875	1,66013860702515	171,875	1,54201757907867	628,125	0,830289661884308	628,125	1,3023384809494	171,875	1,79674756526947	171,875	1,77602827548981	628,125	1,41178202629089	628,125	1,54453754425049	171,875	1,8434396982193	171,875	1,94398605823517	628,125	1,85632479190826	628,125	-3,13395595550537	171,875	-8,90732383728027	171,875	-8,50402641296387	628,125	-2,81198501586914	628,125	-2,51252126693726	171,875	-8,3056058883667	171,875	-8,13747501373291	628,125	-2,58542513847351	628,125	-2,35910248756409	171,875	-8,05008029937744	171,875	-7,83783435821533	628,125	-2,25082516670227	628,125	-2,22232222557068	171,875	-7,85207223892212	171,875	-7,71469211578369	628,125	-2,03816723823547	
631,25	0,603060245513916	175	1,93155515193939	175	1,58772802352905	631,25	0,73084831237793	631,25	1,11083614826202	175	1,61581432819366	175	1,49554705619812	631,25	0,828880727291107	631,25	1,30566656589508	175	1,76946699619293	175	1,75231993198395	631,25	1,41579520702362	631,25	1,55020666122437	175	1,82519674301147	175	1,93462610244751	631,25	1,86383330821991	631,25	-3,13369059562683	175	-9,18505096435547	175	-8,73884201049805	631,25	-2,81071376800537	631,25	-2,50978803634644	175	-8,52449131011963	175	-8,34569644927979	631,25	-2,58325362205505	631,25	-2,35540390014648	175	-8,25708293914795	175	-8,03290843963623	631,25	-2,24684691429138	631,25	-2,21786093711853	175	-8,04817295074463	175	-7,90378522872925	631,25	-2,031658411026	
634,375	0,607972681522369	178,125	2,01983737945557	178,125	1,68686628341675	634,375	0,736658453941345	634,375	1,11594033241272	178,125	1,70742857456207	178,125	1,58918607234955	634,375	0,832920372486115	634,375	1,30986166000366	178,125	1,85063099861145	178,125	1,82990741729736	634,375	1,41955590248108	634,375	1,55363941192627	178,125	1,90157866477966	178,125	2,01441693305969	634,375	1,86667633056641	634,375	-3,1167516708374	178,125	-8,77937030792236	178,125	-8,36648750305176	634,375	-2,79508185386658	634,375	-2,49209547042847	178,125	-8,15869331359863	178,125	-7,99198818206787	634,375	-2,56685972213745	634,375	-2,33774065971375	178,125	-7,90062284469604	178,125	-7,68753576278687	634,375	-2,22899222373962	634,375	-2,19955730438232	178,125	-7,70041275024414	178,125	-7,57287073135376	634,375	-2,01283431053162	
637,5	0,626593053340912	181,25	1,91219162940979	181,25	1,57973647117615	637,5	0,753448069095612	637,5	1,13132071495056	181,25	1,60833179950714	181,25	1,4879424571991	637,5	0,846997320652008	637,5	1,32332372665405	181,25	1,76491570472717	181,25	1,75085687637329	637,5	1,43184232711792	637,5	1,56532073020935	181,25	1,82621777057648	181,25	1,95115625858307	637,5	1,87653398513794	637,5	-3,1026394367218	181,25	-8,92207717895508	181,25	-8,48040580749512	637,5	-2,78191351890564	637,5	-2,47487187385559	181,25	-8,2645788192749	181,25	-8,09005069732666	637,5	-2,55206656455994	637,5	-2,31923651695251	181,25	-8,00300025939941	181,25	-7,77942419052124	637,5	-2,20981383323669	637,5	-2,17865252494812	181,25	-7,79642534255981	181,25	-7,65931940078735	637,5	-1,99005031585693	
640,625	0,607178390026093	184,375	1,69655990600586	184,375	1,41196668148041	640,625	0,738404989242554	640,625	1,11642241477966	184,375	1,44855964183807	184,375	1,33868145942688	640,625	0,832426190376282	640,625	1,30803978443146	184,375	1,5984560251236	184,375	1,5923684835434	640,625	1,41744911670685	640,625	1,55049049854279	184,375	1,66330623626709	184,375	1,78568148612976	640,625	1,862713098526	640,625	-3,07035398483276	184,375	-8,41714191436768	184,375	-8,00360488891602	640,625	-2,75679397583008	640,625	-2,45434999465942	184,375	-7,8045973777771	184,375	-7,64671325683594	640,625	-2,5291268825531	640,625	-2,30164456367493	184,375	-7,57191371917725	184,375	-7,36440801620483	640,625	-2,19374942779541	640,625	-2,16445875167847	184,375	-7,3830361366272	184,375	-7,25100708007813	640,625	-1,97910046577454	
643,75	0,582257866859436	187,5	1,71653282642365	187,5	1,42054188251495	643,75	0,719773292541504	643,75	1,10318005084991	187,5	1,46273267269135	187,5	1,34767031669617	643,75	0,816335737705231	643,75	1,29673957824707	187,5	1,62453353404999	187,5	1,62007677555084	643,75	1,40811610221863	643,75	1,54187524318695	187,5	1,69508278369904	187,5	1,8274894952774	643,75	1,85853469371796	643,75	-3,06399440765381	187,5	-8,61051654815674	187,5	-8,16877746582031	643,75	-2,75206828117371	643,75	-2,45009016990662	187,5	-7,95732545852661	187,5	-7,79149866104126	643,75	-2,52336692810059	643,75	-2,29786658287048	187,5	-7,71224355697632	187,5	-7,49121713638306	643,75	-2,18957686424255	643,75	-2,161780834198	187,5	-7,51218509674072	187,5	-7,37187576293945	643,75	-1,97656059265137	
646,875	0,59407764673233	190,625	1,58306837081909	190,625	1,30343592166901	646,875	0,730298042297363	646,875	1,11354982852936	190,625	1,35125660896301	190,625	1,2401841878891	646,875	0,826310098171234	646,875	1,30629241466522	190,625	1,52185034751892	190,625	1,52422881126404	646,875	1,41744232177734	646,875	1,55078899860382	190,625	1,59960997104645	190,625	1,72715532779694	646,875	1,86625397205353	646,875	-3,05121898651123	190,625	-8,59657669067383	190,625	-8,14525032043457	646,875	-2,7410717010498	646,875	-2,43541049957275	190,625	-7,93261051177979	190,625	-7,76709461212158	646,875	-2,5102105140686	646,875	-2,28219032287598	190,625	-7,69282197952271	190,625	-7,47025012969971	646,875	-2,17429757118225	646,875	-2,14525628089905	190,625	-7,4930591583252	190,625	-7,35775804519653	646,875	-1,95875334739685	
650	0,597073256969452	193,75	1,66883552074432	193,75	1,391885638237	650	0,732494056224823	650	1,1168395280838	193,75	1,43626725673676	193,75	1,32189869880676	650	0,828856885433197	650	1,30847430229187	193,75	1,60002672672272	193,75	1,60004556179047	650	1,41955947875977	650	1,55301582813263	193,75	1,67530918121338	193,75	1,8250207901001	650	1,8679860830307	650	-3,03713774681091	193,75	-8,36701011657715	193,75	-7,93417167663574	650	-2,72958469390869	650	-2,42227864265442	193,75	-7,72454690933228	193,75	-7,56648921966553	650	-2,49769806861877	650	-2,26823854446411	193,75	-7,48756837844849	193,75	-7,26969480514526	650	-2,16036605834961	650	-2,13136124610901	193,75	-7,29204273223877	193,75	-7,15932559967041	650	-1,94448065757751	
653,125	0,577101767063141	196,875	1,63633704185486	196,875	1,37144351005554	653,125	0,716712832450867	653,125	1,10711121559143	196,875	1,41711843013763	196,875	1,30130326747894	653,125	0,816899001598358	653,125	1,30057799816132	196,875	1,57532048225403	196,875	1,57545208930969	653,125	1,41306531429291	653,125	1,54781496524811	196,875	1,64860951900482	196,875	1,78934395313263	653,125	1,86576104164124	653,125	-3,02934455871582	196,875	-8,11199283599854	196,875	-7,69498777389526	653,125	-2,72488117218018	653,125	-2,4175968170166	196,875	-7,4902172088623	196,875	-7,3403468132019	653,125	-2,49234437942505	653,125	-2,2633581161499	196,875	-7,26144361495972	196,875	-7,04963350296021	653,125	-2,15642189979553	653,125	-2,12787961959839	196,875	-7,0709056854248	196,875	-6,92437505722046	653,125	-1,94114696979523	
656,25	0,568772614002228	200	1,7721301317215	200	1,49294352531433	656,25	0,711231470108032	656,25	1,10642182826996	200	1,53651332855225	200	1,41173660755157	656,25	0,813899219036102	656,25	1,30163156986237	200	1,69260621070862	200	1,68846845626831	656,25	1,41501343250275	656,25	1,55062365531921	200	1,76426947116852	200	1,89847731590271	656,25	1,87148058414459	656,25	-3,02640509605408	200	-8,18381309509277	200	-7,75792455673218	656,25	-2,72359180450439	656,25	-2,41458654403687	200	-7,54329776763916	200	-7,39361333847046	656,25	-2,48908758163452	656,25	-2,25923299789429	200	-7,30509614944458	200	-7,08655500411987	656,25	-2,15263223648071	656,25	-2,123854637146	200	-7,10576391220093	200	-6,97013139724731	656,25	-1,93629169464111	
659,375	0,550768136978149	203,125	1,58759558200836	203,125	1,3475399017334	659,375	0,693237543106079	659,375	1,09056115150452	203,125	1,39601051807404	203,125	1,28470265865326	659,375	0,79920768737793	659,375	1,28523504734039	203,125	1,54837691783905	203,125	1,55251085758209	659,375	1,39906406402588	659,375	1,53363180160522	203,125	1,62344706058502	203,125	1,76464855670929	659,375	1,855548620224	659,375	-2,98763227462769	203,125	-7,72799205780029	203,125	-7,33157205581665	659,375	-2,69401121139526	659,375	-2,3895525932312	203,125	-7,13229036331177	203,125	-6,99467039108276	659,375	-2,46156120300293	659,375	-2,23805999755859	203,125	-6,91708660125732	203,125	-6,71349191665649	659,375	-2,13416004180908	659,375	-2,10698080062866	203,125	-6,73369169235229	203,125	-6,60519552230835	659,375	-1,92457020282745	
662,5	0,574001729488373	206,25	1,58228421211243	206,25	1,32892572879791	662,5	0,711541473865509	662,5	1,10913836956024	206,25	1,38344788551331	206,25	1,26459336280823	662,5	0,817232072353363	662,5	1,30179083347321	206,25	1,54804861545563	206,25	1,55324137210846	662,5	1,41482377052307	662,5	1,54865264892578	206,25	1,62916493415833	206,25	1,7805300951004	662,5	1,86776721477509	662,5	-2,98203015327454	206,25	-7,99260091781616	206,25	-7,55828189849854	662,5	-2,68677115440369	662,5	-2,37671422958374	206,25	-7,34201812744141	206,25	-7,19454145431519	662,5	-2,45197820663452	662,5	-2,22147870063782	206,25	-7,11255598068237	206,25	-6,89444494247437	662,5	-2,11632180213928	662,5	-2,08735275268555	206,25	-6,91575002670288	206,25	-6,77303218841553	662,5	-1,90153586864471	
665,625	0,554837167263031	209,375	1,62365007400513	209,375	1,38034498691559	665,625	0,69402152299881	665,625	1,0989385843277	209,375	1,43105208873749	209,375	1,31266045570374	665,625	0,805076479911804	665,625	1,29321277141571	209,375	1,58405470848083	209,375	1,5876168012619	665,625	1,40836012363434	665,625	1,54306828975677	209,375	1,66149044036865	209,375	1,80824148654938	665,625	1,86530601978302	665,625	-2,97363519668579	209,375	-7,69476318359375	209,375	-7,28417348861694	665,625	-2,68187189102173	665,625	-2,37295341491699	209,375	-7,07412385940552	209,375	-6,93784856796265	665,625	-2,44696092605591	665,625	-2,21747517585754	209,375	-6,8539867401123	209,375	-6,64533996582031	665,625	-2,11348628997803	665,625	-2,08506393432617	209,375	-6,66355848312378	209,375	-6,52474403381348	665,625	-1,89965009689331	
668,75	0,559256732463837	212,5	1,41741740703583	212,5	1,18763661384583	668,75	0,694697380065918	668,75	1,10379528999329	212,5	1,25332498550415	212,5	1,13543701171875	668,75	0,808907091617584	668,75	1,29740500450134	212,5	1,42623090744019	212,5	1,4406316280365	668,75	1,4121345281601	668,75	1,54628312587738	212,5	1,51838386058807	212,5	1,68067681789398	668,75	1,86835205554962	668,75	-2,95858907699585	212,5	-7,88442802429199	212,5	-7,43637609481812	668,75	-2,66803479194641	668,75	-2,35870504379272	212,5	-7,21583700180054	212,5	-7,06924295425415	668,75	-2,43375015258789	668,75	-2,20245480537415	212,5	-6,99337291717529	212,5	-6,7732310295105	668,75	-2,09894680976868	668,75	-2,07022714614868	212,5	-6,79622983932495	212,5	-6,65648555755615	668,75	-1,88360714912415	
671,875	0,567854762077332	215,625	1,40363824367523	215,625	1,18376779556274	671,875	0,698230981826782	671,875	1,11242401599884	215,625	1,24995648860931	215,625	1,13339269161224	671,875	0,816326141357422	671,875	1,30378305912018	215,625	1,42111754417419	215,625	1,43599796295166	671,875	1,41860055923462	671,875	1,5528324842453	215,625	1,51318979263306	215,625	1,67435550689697	671,875	1,87382507324219	671,875	-2,94669508934021	215,625	-7,70753812789917	215,625	-7,26873540878296	671,875	-2,6571798324585	671,875	-2,34681391716003	215,625	-7,04946184158325	215,625	-6,90911388397217	671,875	-2,42288208007813	671,875	-2,1891393661499	215,625	-6,83256435394287	215,625	-6,61694812774658	671,875	-2,08573818206787	671,875	-2,05671381950378	215,625	-6,6396369934082	215,625	-6,49899864196777	671,875	-1,86829268932343	
675	0,568694531917572	218,75	1,55412125587463	218,75	1,32014739513397	675	0,695033609867096	675	1,11392199993134	218,75	1,38430094718933	218,75	1,25795125961304	675	0,817454934120178	675	1,30463778972626	218,75	1,55425560474396	218,75	1,564568400383	675	1,42041540145874	675	1,55368638038635	218,75	1,64500939846039	218,75	1,80960166454315	675	1,87535989284515	675	-2,9338071346283	218,75	-7,72603511810303	218,75	-7,28130483627319	675	-2,64514970779419	675	-2,33574414253235	218,75	-7,05182504653931	218,75	-6,91416883468628	675	-2,4127824306488	675	-2,17743253707886	218,75	-6,82649946212769	218,75	-6,60462665557861	675	-2,07478404045105	675	-2,04580235481262	218,75	-6,62442684173584	218,75	-6,47460317611694	675	-1,85825419425964	
678,125	0,575621962547302	221,875	1,18369817733765	221,875	1,00335657596588	678,125	0,697677552700043	678,125	1,1171932220459	221,875	1,0794438123703	221,875	0,969633162021637	678,125	0,822077810764313	678,125	1,30684697628021	221,875	1,24866986274719	221,875	1,27261912822723	678,125	1,42168283462524	678,125	1,55397081375122	221,875	1,34669411182404	221,875	1,51184964179993	678,125	1,87321019172668	678,125	-2,90830898284912	221,875	-7,30847215652466	221,875	-6,88745546340942	678,125	-2,61878395080566	678,125	-2,31237983703613	221,875	-6,67971038818359	221,875	-6,54927635192871	678,125	-2,39043664932251	678,125	-2,15319800376892	221,875	-6,48565816879272	221,875	-6,28333806991577	678,125	-2,05266118049622	678,125	-2,02241325378418	221,875	-6,30591773986816	221,875	-6,17887735366821	678,125	-1,83496391773224	
681,25	0,562813580036163	225	1,36669600009918	225	1,16251087188721	681,25	0,68404620885849	681,25	1,10895454883575	225	1,23691558837891	225	1,11490797996521	681,25	0,813144207000732	681,25	1,29920935630798	225	1,40623819828033	225	1,425168633461	681,25	1,41463100910187	681,25	1,54647529125214	225	1,50439512729645	225	1,67207610607147	681,25	1,86742055416107	681,25	-2,88808965682983	225	-7,43218851089478	225	-6,99542665481567	681,25	-2,59882473945618	681,25	-2,29780554771423	225	-6,77345991134644	225	-6,64150476455688	681,25	-2,37491035461426	681,25	-2,13967442512512	225	-6,5635781288147	225	-6,3512077331543	681,25	-2,04106283187866	681,25	-2,01140403747559	225	-6,37205457687378	225	-6,23379611968994	681,25	-1,82540810108185	
684,375	0,559694290161133	228,125	1,42452228069305	228,125	1,22582948207855	684,375	0,680240988731384	684,375	1,11245441436768	228,125	1,29409229755402	228,125	1,17160594463348	684,375	0,813739836215973	684,375	1,30344700813293	228,125	1,4518655538559	228,125	1,46646428108215	684,375	1,41956055164337	684,375	1,55130112171173	228,125	1,54448664188385	228,125	1,70008742809296	684,375	1,875035405159	684,375	-2,88681602478027	228,125	-7,14744567871094	228,125	-6,7347526550293	684,375	-2,59424829483032	684,375	-2,29485964775085	228,125	-6,51926040649414	228,125	-6,39907932281494	684,375	-2,37306928634644	684,375	-2,13521409034729	228,125	-6,31720161437988	228,125	-6,11389827728271	684,375	-2,03745746612549	684,375	-2,0077338218689	228,125	-6,13238382339478	228,125	-5,99304723739624	684,375	-1,82020783424377	
687,5	0,567267775535584	231,25	1,43698668479919	231,25	1,24212419986725	687,5	0,684590876102448	687,5	1,11605501174927	231,25	1,30980312824249	231,25	1,1870584487915	687,5	0,818991184234619	687,5	1,30444324016571	231,25	1,46465766429901	231,25	1,4781893491745	687,5	1,41966652870178	687,5	1,54959177970886	231,25	1,5557998418808	231,25	1,71346628665924	687,5	1,87079656124115	687,5	-2,85593271255493	231,25	-7,00854873657227	231,25	-6,60388088226318	687,5	-2,56312894821167	687,5	-2,26821303367615	231,25	-6,38877820968628	231,25	-6,27506399154663	687,5	-2,34772253036499	687,5	-2,10869550704956	231,25	-6,19094753265381	231,25	-5,99106740951538	687,5	-2,01290273666382	687,5	-1,9822986125946	231,25	-6,00850009918213	231,25	-5,87088871002197	687,5	-1,79601848125458	
690,625	0,561322569847107	234,375	1,27246797084808	234,375	1,09381544589996	690,625	0,677630424499512	690,625	1,11344695091248	234,375	1,17622375488281	234,375	1,05391132831573	690,625	0,81525194644928	690,625	1,30112314224243	234,375	1,34645283222198	234,375	1,37059152126312	690,625	1,41607213020325	690,625	1,54620563983917	234,375	1,45010912418365	234,375	1,6262149810791	690,625	1,86906135082245	690,625	-2,84088468551636	234,375	-7,12325286865234	234,375	-6,69321250915527	690,625	-2,54759097099304	690,625	-2,25938534736633	234,375	-6,47105836868286	234,375	-6,3508243560791	690,625	-2,33864665031433	690,625	-2,09947156906128	234,375	-6,27434682846069	234,375	-6,06818103790283	690,625	-2,00444936752319	690,625	-1,97333419322968	234,375	-6,08923435211182	234,375	-5,95288372039795	690,625	-1,78922855854034	
693,75	0,568675816059113	237,5	1,33374762535095	237,5	1,15467512607574	693,75	0,683602035045624	693,75	1,12337040901184	237,5	1,23484683036804	237,5	1,10953307151794	693,75	0,821671366691589	693,75	1,31104576587677	237,5	1,39992344379425	237,5	1,4212132692337	693,75	1,42531561851501	693,75	1,55550384521484	237,5	1,50029754638672	237,5	1,67344439029694	693,75	1,88018846511841	693,75	-2,8446090221405	237,5	-6,99147462844849	237,5	-6,56972169876099	693,75	-2,54525828361511	693,75	-2,25989603996277	237,5	-6,34758043289185	237,5	-6,23371887207031	693,75	-2,34071040153503	693,75	-2,09649300575256	237,5	-6,15179109573364	237,5	-5,9480185508728	693,75	-2,00094938278198	693,75	-1,96905195713043	237,5	-5,96652555465698	237,5	-5,83244562149048	693,75	-1,78181076049805	
696,875	0,575608193874359	240,625	1,19926857948303	240,625	1,03942763805389	696,875	0,689250409603119	696,875	1,12916219234467	240,625	1,12785172462463	240,625	1,00569593906403	696,875	0,826744794845581	696,875	1,31560468673706	240,625	1,29691278934479	240,625	1,3241753578186	696,875	1,43028211593628	696,875	1,55871999263763	240,625	1,40381193161011	240,625	1,58033561706543	696,875	1,8841325044632	696,875	-2,83162593841553	240,625	-6,90323114395142	240,625	-6,47980356216431	696,875	-2,52846884727478	696,875	-2,24754905700684	240,625	-6,2607798576355	240,625	-6,14702415466309	696,875	-2,32843923568726	696,875	-2,08124184608459	240,625	-6,07224225997925	240,625	-5,8708233833313	696,875	-1,98621642589569	696,875	-1,95381164550781	240,625	-5,89070510864258	240,625	-5,75528049468994	696,875	-1,76576542854309	
700	0,544220447540283	243,75	1,34015452861786	243,75	1,16552639007568	700	0,664116203784943	700	1,11171162128448	243,75	1,2492847442627	243,75	1,12066328525543	700	0,805818676948547	700	1,30275571346283	243,75	1,41199064254761	243,75	1,43338894844055	700	1,41998040676117	700	1,54854273796082	243,75	1,51509320735931	243,75	1,68701648712158	700	1,87994396686554	700	-2,83071637153625	243,75	-6,83478975296021	243,75	-6,41647529602051	700	-2,52384066581726	700	-2,25014495849609	243,75	-6,19171333312988	243,75	-6,08447265625	700	-2,3291711807251	700	-2,08336234092712	243,75	-5,99850273132324	243,75	-5,79664278030396	700	-1,98926889896393	700	-1,95743930339813	243,75	-5,81272172927856	243,75	-5,67391395568848	700	-1,77116537094116	
703,125	0,524947762489319	246,875	1,45283019542694	246,875	1,27236986160278	703,125	0,648679494857788	703,125	1,09955322742462	246,875	1,34888529777527	246,875	1,21727383136749	703,125	0,791734158992767	703,125	1,29271650314331	246,875	1,50224590301514	246,875	1,517538189888	703,125	1,4111635684967	703,125	1,53819239139557	246,875	1,59794056415558	246,875	1,7673636674881	703,125	1,87307524681091	703,125	-2,81861805915833	246,875	-6,65294790267944	246,875	-6,25222110748291	703,125	-2,50883841514587	703,125	-2,24247264862061	246,875	-6,02772283554077	246,875	-5,93026208877563	703,125	-2,32050490379334	703,125	-2,07653379440308	246,875	-5,83535146713257	246,875	-5,63911056518555	703,125	-1,98466074466705	703,125	-1,95187139511108	246,875	-5,65088605880737	246,875	-5,51189613342285	703,125	-1,76864635944366	
706,25	0,536769449710846	250	1,21378576755524	250	1,06809031963348	706,25	0,660377740859985	706,25	1,10457456111908	250	1,15625274181366	250	1,03236186504364	706,25	0,798949658870697	706,25	1,29290461540222	250	1,31511092185974	250	1,34141540527344	706,25	1,40895783901215	706,25	1,53478503227234	250	1,41912806034088	250	1,59382283687592	706,25	1,86455643177032	706,25	-2,77607703208923	250	-6,50102615356445	250	-6,10482931137085	706,25	-2,46872091293335	706,25	-2,20982360839844	250	-5,89017772674561	250	-5,79277467727661	706,25	-2,28837871551514	706,25	-2,04419088363647	250	-5,71229267120361	250	-5,52358055114746	706,25	-1,9547426700592	706,25	-1,91965079307556	250	-5,53843688964844	250	-5,40871667861938	706,25	-1,74270570278168	
709,375	0,538703083992004	253,125	1,29606902599335	253,125	1,13827860355377	709,375	0,664238035678864	709,375	1,1099853515625	253,125	1,2308737039566	253,125	1,09825396537781	709,375	0,801129341125488	709,375	1,2968590259552	253,125	1,39515137672424	253,125	1,42048287391663	709,375	1,41255807876587	709,375	1,53880369663239	253,125	1,50379753112793	253,125	1,68496143817902	709,375	1,86790704727173	709,375	-2,77154088020325	253,125	-6,64359951019287	253,125	-6,22622442245483	709,375	-2,46185517311096	709,375	-2,20297455787659	253,125	-5,99716186523438	253,125	-5,89754009246826	709,375	-2,28271436691284	709,375	-2,03533601760864	253,125	-5,80759286880493	253,125	-5,60813188552856	709,375	-1,94607293605804	709,375	-1,90912342071533	253,125	-5,62242555618286	253,125	-5,48076009750366	709,375	-1,7304710149765	
712,5	0,509130835533142	256,25	1,38289356231689	256,25	1,22347140312195	712,5	0,642429053783417	712,5	1,09182465076447	256,25	1,30876874923706	256,25	1,17623925209045	712,5	0,779953360557556	712,5	1,28057324886322	256,25	1,46421086788177	256,25	1,48524606227875	712,5	1,39645326137543	712,5	1,52279388904572	256,25	1,56712675094604	256,25	1,74141383171082	712,5	1,85598647594452	712,5	-2,75390481948853	256,25	-6,44729566574097	256,25	-6,04789781570435	712,5	-2,44547915458679	712,5	-2,19775295257568	256,25	-5,82073640823364	256,25	-5,73073816299438	712,5	-2,27151608467102	712,5	-2,03020906448364	256,25	-5,63372135162354	256,25	-5,43972778320313	712,5	-1,94455575942993	712,5	-1,90491414070129	256,25	-5,45039463043213	256,25	-5,30818271636963	712,5	-1,7316962480545	
715,625	0,524612665176392	259,375	1,32384192943573	259,375	1,17673933506012	715,625	0,6580770611763	715,625	1,10499143600464	259,375	1,2620450258255	259,375	1,13272941112518	715,625	0,792451858520508	715,625	1,29328072071075	259,375	1,41419804096222	259,375	1,43700623512268	715,625	1,40750050544739	715,625	1,53490126132965	259,375	1,51589226722717	259,375	1,6872307062149	715,625	1,86479234695435	715,625	-2,74620413780212	259,375	-6,25533866882324	259,375	-5,86800289154053	715,625	-2,43601989746094	715,625	-2,187828540802	259,375	-5,6494255065918	259,375	-5,5629186630249	715,625	-2,2629337310791	715,625	-2,01666378974915	259,375	-5,47106981277466	259,375	-5,28439044952393	715,625	-1,93054473400116	715,625	-1,88870656490326	259,375	-5,29539346694946	259,375	-5,15850400924683	715,625	-1,71289873123169	
718,75	0,537213981151581	262,5	1,08885657787323	262,5	0,967280149459839	718,75	0,670313596725464	718,75	1,11256110668182	262,5	1,07300865650177	262,5	0,94377475976944	718,75	0,801732361316681	718,75	1,29931974411011	262,5	1,24404287338257	262,5	1,2801685333252	718,75	1,41138517856598	718,75	1,5394412279129	262,5	1,36254608631134	262,5	1,55149364471436	718,75	1,86471009254456	718,75	-2,72065544128418	262,5	-6,39838886260986	262,5	-5,9835958480835	718,75	-2,41201567649841	718,75	-2,16635203361511	262,5	-5,76012134552002	262,5	-5,66398763656616	718,75	-2,24143743515015	718,75	-1,99253606796265	262,5	-5,58567476272583	262,5	-5,39237594604492	718,75	-1,90615427494049	718,75	-1,8633416891098	262,5	-5,40808486938477	262,5	-5,27583980560303	718,75	-1,68663644790649	
721,875	0,512265503406525	265,625	1,08124256134033	265,625	0,96589058637619	721,875	0,652575671672821	721,875	1,10002911090851	265,625	1,07423293590546	265,625	0,945317029953003	721,875	0,785770416259766	721,875	1,28954112529755	265,625	1,24462485313416	265,625	1,28213846683502	721,875	1,40169501304626	721,875	1,53206241130829	265,625	1,36521255970001	265,625	1,55507206916809	721,875	1,86030542850494	721,875	-2,71942234039307	265,625	-6,31120634078979	265,625	-5,9018669128418	721,875	-2,40988755226135	721,875	-2,17290568351746	265,625	-5,67745780944824	265,625	-5,5861668586731	721,875	-2,24351692199707	721,875	-1,99630904197693	265,625	-5,50649833679199	265,625	-5,31455326080322	721,875	-1,90980660915375	721,875	-1,86626982688904	265,625	-5,32956790924072	265,625	-5,19715642929077	721,875	-1,69144701957703	
725	0,52173638343811	268,75	1,05422973632813	268,75	0,944078385829926	725	0,662473976612091	725	1,10643935203552	268,75	1,0576696395874	268,75	0,926792800426483	725	0,792662680149078	725	1,29747426509857	268,75	1,22917449474335	268,75	1,26934897899628	725	1,40897715091705	725	1,54052734375	268,75	1,35314226150513	268,75	1,54500567913055	725	1,86701738834381	725	-2,71260738372803	268,75	-6,28433227539063	268,75	-5,87100648880005	725	-2,40275812149048	725	-2,16749548912048	268,75	-5,64596176147461	268,75	-5,55606269836426	725	-2,23852777481079	725	-1,98757934570313	268,75	-5,47528171539307	268,75	-5,28303050994873	725	-1,90002632141113	725	-1,85543668270111	268,75	-5,29763460159302	268,75	-5,16215753555298	725	-1,67884612083435	
728,125	0,527405977249146	271,875	1,10345709323883	271,875	0,993114590644836	728,125	0,668517291545868	728,125	1,10993146896362	271,875	1,1012716293335	271,875	0,970142602920532	728,125	0,796834170818329	728,125	1,30052590370178	271,875	1,26464998722076	271,875	1,30058979988098	728,125	1,41304647922516	728,125	1,54423606395721	271,875	1,38298094272614	271,875	1,56943297386169	728,125	1,86900341510773	728,125	-2,69258046150208	271,875	-6,08109426498413	271,875	-5,68496894836426	728,125	-2,38441848754883	728,125	-2,15057826042175	271,875	-5,4655237197876	271,875	-5,38217639923096	728,125	-2,22200703620911	728,125	-1,96907830238342	271,875	-5,29641103744507	271,875	-5,11065435409546	728,125	-1,88150024414063	728,125	-1,83642160892487	271,875	-5,12180089950562	271,875	-4,9892201423645	728,125	-1,65889310836792	
731,25	0,49172967672348	275	1,31010258197784	275	1,17890954017639	731,25	0,640604853630066	731,25	1,08499538898468	275	1,27600717544556	275	1,1397887468338	731,25	0,769962728023529	731,25	1,28032910823822	275	1,42851877212524	275	1,45476198196411	731,25	1,39499890804291	731,25	1,53030788898468	275	1,53848004341125	275	1,72019696235657	731,25	1,85860538482666	731,25	-2,67930030822754	275	-5,98428106307983	275	-5,59804725646973	731,25	-2,37445712089539	731,25	-2,15190243721008	275	-5,3713116645813	275	-5,29786014556885	731,25	-2,21792125701904	731,25	-1,9706038236618	275	-5,19406080245972	275	-5,00842714309692	731,25	-1,8843674659729	731,25	-1,84048581123352	275	-5,01393556594849	275	-4,87349081039429	731,25	-1,66612529754639	
734,375	0,504430890083313	278,125	1,29364359378815	278,125	1,17040753364563	734,375	0,652349352836609	734,375	1,09376454353333	278,125	1,27455031871796	278,125	1,13682413101196	734,375	0,778885364532471	734,375	1,28848958015442	278,125	1,43364822864532	278,125	1,46283411979675	734,375	1,40246152877808	734,375	1,53819930553436	278,125	1,54807507991791	278,125	1,73113179206848	734,375	1,86417996883392	734,375	-2,66658616065979	278,125	-6,02425050735474	278,125	-5,63112545013428	734,375	-2,36108922958374	734,375	-2,1383912563324	278,125	-5,39395809173584	278,125	-5,3242564201355	734,375	-2,20564126968384	734,375	-1,95482802391052	278,125	-5,21198606491089	278,125	-5,01871156692505	734,375	-1,86835372447968	734,375	-1,82365262508392	278,125	-5,02225589752197	278,125	-4,87202739715576	734,375	-1,64679789543152	
737,5	0,507376790046692	281,25	1,02274858951569	281,25	0,934192001819611	737,5	0,656742572784424	737,5	1,09719157218933	281,25	1,05226039886475	281,25	0,92143040895462	737,5	0,781639516353607	737,5	1,29195380210876	281,25	1,21324932575226	281,25	1,25307011604309	737,5	1,4068124294281	737,5	1,54255485534668	281,25	1,33820784091949	281,25	1,52290296554565	737,5	1,86839175224304	737,5	-2,65831875801086	281,25	-5,83327054977417	281,25	-5,45063877105713	737,5	-2,35177969932556	737,5	-2,13054871559143	281,25	-5,23091745376587	281,25	-5,15636253356934	737,5	-2,19909358024597	737,5	-1,94548380374908	281,25	-5,06673097610474	281,25	-4,88709306716919	737,5	-1,8578143119812	737,5	-1,81343913078308	281,25	-4,89340925216675	281,25	-4,759521484375	737,5	-1,63426470756531	
740,625	0,505513608455658	284,375	1,03846645355225	284,375	0,949940264225006	740,625	0,655730962753296	740,625	1,09138667583466	284,375	1,06942892074585	284,375	0,936482131481171	740,625	0,777421176433563	740,625	1,28615009784698	284,375	1,23182547092438	284,375	1,27090716362	740,625	1,40223753452301	740,625	1,53734278678894	284,375	1,36043858528137	284,375	1,54491817951202	740,625	1,862708568573	740,625	-2,6321918964386	284,375	-5,83006572723389	284,375	-5,4398627281189	740,625	-2,32916164398193	740,625	-2,11275506019592	284,375	-5,21491670608521	284,375	-5,1410493850708	740,625	-2,18033361434937	740,625	-1,92858934402466	284,375	-5,04746961593628	284,375	-4,86670351028442	740,625	-1,8415322303772	740,625	-1,79843020439148	284,375	-4,87342262268066	284,375	-4,7398533821106	740,625	-1,62051141262054	
743,75	0,502697825431824	287,5	1,16443800926208	287,5	1,06910991668701	743,75	0,655435979366302	743,75	1,08979833126068	287,5	1,18063163757324	287,5	1,04740345478058	743,75	0,774900913238525	743,75	1,286625623703	287,5	1,33549880981445	287,5	1,36499071121216	743,75	1,40310275554657	743,75	1,53958797454834	287,5	1,45516967773438	287,5	1,63186633586884	743,75	1,86566865444183	743,75	-2,62187075614929	287,5	-5,76217031478882	287,5	-5,37396955490112	743,75	-2,3196587562561	743,75	-2,10636258125305	287,5	-5,13976955413818	287,5	-5,07282972335815	743,75	-2,17294979095459	743,75	-1,92034733295441	287,5	-4,96504926681519	287,5	-4,78458404541016	743,75	-1,83492994308472	743,75	-1,79125583171844	287,5	-4,79347038269043	287,5	-4,6495213508606	743,75	-1,61281311511993	
746,875	0,494051188230515	290,625	1,15614378452301	290,625	1,07793462276459	746,875	0,650220513343811	746,875	1,08733868598938	290,625	1,17879438400269	290,625	1,05333292484283	746,875	0,768436551094055	746,875	1,28563618659973	290,625	1,32280242443085	290,625	1,34429776668549	746,875	1,4037868976593	746,875	1,54161500930786	290,625	1,43286800384521	290,625	1,60757827758789	746,875	1,86981129646301	746,875	-2,62293577194214	290,625	-5,67505598068237	290,625	-5,2752513885498	746,875	-2,31932353973389	746,875	-2,10798144340515	290,625	-5,03073358535767	290,625	-4,96053743362427	746,875	-2,17419290542603	746,875	-1,91938209533691	290,625	-4,85715532302856	290,625	-4,67983818054199	746,875	-1,83383285999298	746,875	-1,79021060466766	290,625	-4,69606876373291	290,625	-4,55351448059082	746,875	-1,60975432395935	
750	0,508414566516876	293,75	1,10494112968445	293,75	1,01981544494629	750	0,66168200969696	750	1,09033977985382	293,75	1,10921740531921	293,75	0,976931869983673	750	0,774566411972046	750	1,28650510311127	293,75	1,260871052742	293,75	1,27739083766937	750	1,40418386459351	750	1,54037415981293	293,75	1,36801242828369	293,75	1,55822992324829	750	1,86586976051331	750	-2,59246182441711	293,75	-5,61910629272461	293,75	-5,19597148895264	750	-2,29191899299622	750	-2,08177638053894	293,75	-4,96496486663818	293,75	-4,8867073059082	750	-2,14889407157898	750	-1,89215564727783	293,75	-4,80895137786865	293,75	-4,63708972930908	750	-1,80879557132721	750	-1,76545822620392	293,75	-4,65639638900757	293,75	-4,51763534545898	750	-1,58652544021606	
753,125	0,512782990932465	296,875	1,00760507583618	296,875	0,879299879074097	753,125	0,66850870847702	753,125	1,09724700450897	296,875	0,975554287433624	296,875	0,834076225757599	753,125	0,779425799846649	753,125	1,29393064975739	296,875	1,147625207901	296,875	1,1624128818512	753,125	1,41223204135895	753,125	1,54872834682465	296,875	1,25252509117126	296,875	1,47161483764648	753,125	1,87520134449005	753,125	-2,5919337272644	296,875	-5,51341104507446	296,875	-5,09851121902466	753,125	-2,28919911384583	753,125	-2,07881999015808	296,875	-4,90305280685425	296,875	-4,82303190231323	753,125	-2,14625835418701	753,125	-1,88631975650787	296,875	-4,779625415802	296,875	-4,60317134857178	753,125	-1,80324578285217	753,125	-1,75874090194702	296,875	-4,62957620620728	296,875	-4,51257228851318	753,125	-1,57665479183197	
756,25	0,506404280662537	300	1,03209412097931	300	0,951917588710785	756,25	0,665415525436401	756,25	1,09585952758789	300	1,06527996063232	300	0,931604743003845	756,25	0,775749385356903	756,25	1,29384052753448	300	1,23254859447479	300	1,25522816181183	756,25	1,41327440738678	756,25	1,55041027069092	300	1,34034407138824	300	1,54575133323669	756,25	1,87823224067688	756,25	-2,58591532707214	300	-5,35565280914307	300	-4,99687099456787	756,25	-2,2829966545105	756,25	-2,07420921325684	300	-4,78494501113892	300	-4,72336006164551	756,25	-2,14020800590515	756,25	-1,87921917438507	300	-4,65425205230713	300	-4,46795845031738	756,25	-1,79715824127197	756,25	-1,75214314460754	300	-4,48725414276123	300	-4,36567878723145	756,25	-1,56838643550873	
759,375	0,484061181545258	303,125	1,17783677577972	303,125	1,08082342147827	759,375	0,647167325019836	759,375	1,07758283615112	303,125	1,18957698345184	303,125	1,04889845848083	759,375	0,756373047828674	759,375	1,27876996994019	303,125	1,35265803337097	303,125	1,37435948848724	759,375	1,39956080913544	759,375	1,53668892383575	303,125	1,46212804317474	303,125	1,66225266456604	759,375	1,86843585968018	759,375	-2,5706102848053	303,125	-5,37243795394897	303,125	-5,01058197021484	759,375	-2,2704803943634	759,375	-2,06792545318604	303,125	-4,7877721786499	303,125	-4,73258066177368	759,375	-2,12925004959106	759,375	-1,8725711107254	303,125	-4,65250682830811	303,125	-4,45821809768677	759,375	-1,79244530200958	759,375	-1,74775004386902	303,125	-4,47393941879272	303,125	-4,3469443321228	759,375	-1,56772172451019	
762,5	0,496143102645874	306,25	1,09217143058777	306,25	1,01318490505219	762,5	0,659281134605408	762,5	1,08639848232269	306,25	1,11263942718506	306,25	0,989733636379242	762,5	0,766008973121643	762,5	1,28713142871857	306,25	1,25692391395569	306,25	1,28937077522278	762,5	1,40584969520569	762,5	1,54342186450958	306,25	1,36311674118042	306,25	1,54453539848328	762,5	1,87221169471741	762,5	-2,55098962783813	306,25	-4,97078657150269	306,25	-4,6541690826416	762,5	-2,25259375572205	762,5	-2,05195140838623	306,25	-4,45500564575195	306,25	-4,40581178665161	762,5	-2,11254811286926	762,5	-1,85433852672577	306,25	-4,34113597869873	306,25	-4,15831232070923	762,5	-1,77526378631592	762,5	-1,73002374172211	306,25	-4,17406320571899	306,25	-4,06658601760864	762,5	-1,54992413520813	
765,625	0,496902078390121	309,375	1,12904822826385	309,375	1,05013489723206	765,625	0,662359833717346	765,625	1,09106886386871	309,375	1,15348124504089	309,375	1,02682912349701	765,625	0,768168985843658	765,625	1,29119193553925	309,375	1,3031861782074	309,375	1,34287488460541	765,625	1,41119909286499	765,625	1,54910445213318	309,375	1,41648459434509	309,375	1,60136711597443	765,625	1,87859189510345	765,625	-2,54621171951294	309,375	-5,11367511749268	309,375	-4,77359914779663	765,625	-2,24751830101013	765,625	-2,0487334728241	309,375	-4,55723857879639	309,375	-4,50801086425781	765,625	-2,10841846466064	765,625	-1,84791731834412	309,375	-4,44182872772217	309,375	-4,24020099639893	765,625	-1,76964688301086	765,625	-1,72391593456268	309,375	-4,25541639328003	309,375	-4,14074230194092	765,625	-1,54161238670349	
768,75	0,519154369831085	312,5	1,22389769554138	312,5	1,13739383220673	768,75	0,681071817874908	768,75	1,10114800930023	312,5	1,2304162979126	312,5	1,10815477371216	768,75	0,781970143318176	768,75	1,29944324493408	312,5	1,35663509368896	312,5	1,41337549686432	768,75	1,41815531253815	768,75	1,55395364761353	312,5	1,48038446903229	312,5	1,64964067935944	768,75	1,88008117675781	768,75	-2,52329254150391	312,5	-4,96204662322998	312,5	-4,63860368728638	768,75	-2,22758340835571	768,75	-2,02881360054016	312,5	-4,42273283004761	312,5	-4,38468790054321	768,75	-2,08902311325073	768,75	-1,82465243339539	312,5	-4,32524490356445	312,5	-4,12018871307373	768,75	-1,74727630615234	768,75	-1,70148706436157	312,5	-4,12420797348022	312,5	-4,00747776031494	768,75	-1,51827108860016	
771,875	0,499968498945236	315,625	1,22632789611816	315,625	1,13993668556213	771,875	0,6647087931633	771,875	1,08402216434479	315,625	1,23377549648285	315,625	1,11594176292419	771,875	0,76644504070282	771,875	1,28517556190491	315,625	1,31642329692841	315,625	1,42240369319916	771,875	1,40459060668945	771,875	1,54058504104614	315,625	1,48632788658142	315,625	1,65305173397064	771,875	1,86975824832916	771,875	-2,49521327018738	315,625	-4,96415233612061	315,625	-4,63596630096436	771,875	-2,20662569999695	771,875	-2,01789975166321	315,625	-4,40928268432617	315,625	-4,37793111801147	771,875	-2,07103395462036	771,875	-1,81287682056427	315,625	-4,32646656036377	315,625	-4,111656665802	771,875	-1,73885202407837	771,875	-1,69387686252594	315,625	-4,10785007476807	315,625	-3,98468828201294	771,875	-1,51471126079559	
775	0,498115956783295	318,75	1,25172078609467	318,75	1,15967929363251	775	0,664485096931458	775	1,08802235126495	318,75	1,26275110244751	318,75	1,13919639587402	775	0,76674085855484	775	1,29168927669525	318,75	1,26401352882385	318,75	1,45133519172668	775	1,41234374046326	775	1,549400806427	318,75	1,51904153823853	318,75	1,69008183479309	775	1,88070487976074	775	-2,51326036453247	318,75	-5,03361415863037	318,75	-4,69689464569092	775	-2,21842384338379	775	-2,02782940864563	318,75	-4,44898128509521	318,75	-4,43723392486572	775	-2,08165693283081	775	-1,81583833694458	318,75	-4,31002569198608	318,75	-4,15444183349609	775	-1,74084889888763	775	-1,69494688510895	318,75	-4,13999319076538	318,75	-4,00716257095337	775	-1,5118236541748	
778,125	0,519246697425842	321,875	1,34030306339264	321,875	1,2325667142868	778,125	0,68004035949707	778,125	1,10053312778473	321,875	1,35201168060303	321,875	1,19814705848694	778,125	0,779323697090149	778,125	1,3018274307251	321,875	1,41616499423981	321,875	1,53022503852844	778,125	1,4207923412323	778,125	1,55696094036102	321,875	1,61549079418182	321,875	1,79501235485077	778,125	1,88632082939148	778,125	-2,50443124771118	321,875	-5,14807510375977	321,875	-4,78935813903809	778,125	-2,21080899238586	778,125	-2,01979732513428	321,875	-4,53105020523071	321,875	-4,52264356613159	778,125	-2,07460188865662	778,125	-1,80307841300964	321,875	-4,29855918884277	321,875	-4,21791839599609	778,125	-1,72866451740265	778,125	-1,68180406093597	321,875	-4,19693183898926	321,875	-4,04979228973389	778,125	-1,49852693080902	
781,25	0,5000159740448	325	1,32146179676056	325	1,21586310863495	781,25	0,667415320873261	781,25	1,08795630931854	325	1,34340310096741	325	1,17984545230865	781,25	0,767954349517822	781,25	1,29123735427856	325	1,48067283630371	325	1,52059233188629	781,25	1,41162693500519	781,25	1,54785013198853	325	1,61913311481476	325	1,80449104309082	781,25	1,87879741191864	781,25	-2,47987246513367	325	-5,18707227706909	325	-4,81735849380493	781,25	-2,19192552566528	781,25	-2,00837802886963	325	-4,56041526794434	325	-4,54424285888672	781,25	-2,0571084022522	781,25	-1,79219472408295	325	-4,33909225463867	325	-4,2388482093811	781,25	-1,71904182434082	781,25	-1,6729998588562	325	-4,22321081161499	325	-4,07000875473022	781,25	-1,49151396751404	
784,375	0,495678871870041	328,125	1,21589839458466	328,125	1,12226676940918	784,375	0,664271295070648	784,375	1,08114719390869	328,125	1,26777684688568	328,125	1,09463930130005	784,375	0,764129936695099	784,375	1,28599524497986	328,125	1,44639766216278	328,125	1,46215569972992	784,375	1,40676081180573	784,375	1,54235339164734	328,125	1,57175648212433	328,125	1,77334654331207	784,375	1,87401807308197	784,375	-2,4565863609314	328,125	-5,32575273513794	328,125	-4,92865562438965	784,375	-2,17382311820984	784,375	-1,99791634082794	328,125	-4,66680860519409	328,125	-4,63871955871582	784,375	-2,04423475265503	784,375	-1,77915155887604	328,125	-4,46090364456177	328,125	-4,33067750930786	784,375	-1,70732986927032	784,375	-1,66237604618073	328,125	-4,32370948791504	328,125	-4,16365003585815	784,375	-1,48278868198395	
787,5	0,520613014698029	331,25	0,992509305477142	331,25	0,931575655937195	787,5	0,686552345752716	787,5	1,09959208965302	331,25	1,08580482006073	331,25	0,921375870704651	787,5	0,782342791557312	787,5	1,30483329296112	331,25	1,27048206329346	331,25	1,29728007316589	787,5	1,4238657951355	787,5	1,5595498085022	331,25	1,40145361423492	331,25	1,61402904987335	787,5	1,88787257671356	787,5	-2,45579624176025	331,25	-5,20524120330811	331,25	-4,81486082077026	787,5	-2,16962027549744	787,5	-1,99018478393555	331,25	-4,5718035697937	331,25	-4,53155660629272	787,5	-2,04161429405212	787,5	-1,7652747631073	331,25	-4,40573120117188	331,25	-4,24973297119141	787,5	-1,69363117218018	787,5	-1,6450400352478	331,25	-4,25783491134644	331,25	-4,11289119720459	787,5	-1,46145975589752	
790,625	0,49031001329422	334,375	1,11375856399536	334,375	1,04142940044403	790,625	0,664123713970184	790,625	1,07855439186096	334,375	1,18618905544281	334,375	1,02244484424591	790,625	0,762120425701141	790,625	1,28906869888306	334,375	1,3548846244812	334,375	1,38921809196472	790,625	1,40980112552643	790,625	1,54545545578003	334,375	1,48926711082458	334,375	1,69479024410248	790,625	1,8789050579071	790,625	-2,43143749237061	334,375	-5,15086650848389	334,375	-4,7604284286499	790,625	-2,15152788162231	790,625	-1,98401999473572	334,375	-4,50960779190063	334,375	-4,4792799949646	790,625	-2,02662873268127	790,625	-1,75800752639771	334,375	-4,34451532363892	334,375	-4,18320798873901	790,625	-1,69121038913727	790,625	-1,64123010635376	334,375	-4,18871736526489	334,375	-4,03724908828735	790,625	-1,4626806974411	
793,75	0,50377631187439	337,5	1,01129865646362	337,5	0,957953989505768	793,75	0,675157368183136	793,75	1,08693706989288	337,5	1,11184585094452	337,5	0,947617650032043	793,75	0,770531594753265	793,75	1,29794824123383	337,5	1,28221344947815	337,5	1,32738053798676	793,75	1,41837191581726	793,75	1,55493795871735	337,5	1,42512381076813	337,5	1,63896524906158	793,75	1,88653540611267	793,75	-2,43461871147156	337,5	-5,13090085983276	337,5	-4,73926782608032	793,75	-2,15414619445801	793,75	-1,98823833465576	337,5	-4,49318552017212	337,5	-4,45893955230713	793,75	-2,02964353561401	793,75	-1,75453007221222	337,5	-4,33886194229126	337,5	-4,17552947998047	793,75	-1,68650758266449	793,75	-1,63587737083435	337,5	-4,18296051025391	337,5	-4,03833532333374	793,75	-1,45533239841461	
796,875	0,493755400180817	340,625	1,07252848148346	340,625	1,00843894481659	796,875	0,666901350021362	796,875	1,07465517520905	340,625	1,16306352615356	340,625	0,989508807659149	796,875	0,761309683322906	796,875	1,28909981250763	340,625	1,33332002162933	340,625	1,37877774238586	796,875	1,40919017791748	796,875	1,54558837413788	340,625	1,48001050949097	340,625	1,69962704181671	796,875	1,87757551670074	796,875	-2,40964007377625	340,625	-5,21982669830322	340,625	-4,81265735626221	796,875	-2,13366603851318	796,875	-1,97642207145691	340,625	-4,55168008804321	340,625	-4,51955032348633	796,875	-2,0134117603302	796,875	-1,73945868015289	340,625	-4,38924503326416	340,625	-4,21746587753296	796,875	-1,67412352561951	796,875	-1,62371325492859	340,625	-4,22222328186035	340,625	-4,06791496276855	796,875	-1,44646072387695	
800	0,491268128156662	343,75	1,04273533821106	343,75	0,985295236110687	800	0,665139198303223	800	1,07167303562164	343,75	1,13535332679749	343,75	0,967691123485565	800	0,75757908821106	800	1,29214680194855	343,75	1,29744803905487	343,75	1,34554994106293	800	1,41023015975952	800	1,54837870597839	343,75	1,44216966629028	343,75	1,65700256824493	800	1,88111340999603	800	-2,40376830101013	343,75	-5,05615329742432	343,75	-4,66470956802368	800	-2,12739610671997	800	-1,97152853012085	343,75	-4,41169691085815	343,75	-4,38289499282837	800	-2,00767421722412	800	-1,73093473911285	343,75	-4,25520372390747	343,75	-4,09134912490845	800	-1,66636717319489	800	-1,61556148529053	343,75	-4,09484052658081	343,75	-3,94742631912231	800	-1,43595337867737	
803,125	0,486998707056046	346,875	0,892322897911072	346,875	0,860904037952423	803,125	0,663007497787476	803,125	1,07480454444885	346,875	1,01812541484833	346,875	0,861084878444672	803,125	0,75408273935318	803,125	1,3000556230545	346,875	1,18111038208008	346,875	1,23816537857056	803,125	1,42135953903198	803,125	1,5605354309082	346,875	1,33070302009583	346,875	1,547034740448	803,125	1,89716780185699	803,125	-2,43811058998108	346,875	-4,88945198059082	346,875	-4,50944662094116	803,125	-2,15257573127747	803,125	-1,99668669700623	346,875	-4,27266311645508	346,875	-4,23726272583008	803,125	-2,03244590759277	803,125	-1,74345350265503	346,875	-4,13114833831787	346,875	-3,97391271591187	803,125	-1,67556631565094	803,125	-1,62336266040802	346,875	-3,98073387145996	346,875	-3,84756755828857	803,125	-1,43810081481934	
806,25	0,466583520174026	350	0,962917745113373	350	0,925318419933319	806,25	0,649600505828857	806,25	1,06140244007111	350	1,07953572273254	350	0,920047163963318	806,25	0,740467488765717	806,25	1,29505944252014	350	1,240837931633	350	1,29613280296326	806,25	1,41853833198547	806,25	1,55765855312347	350	1,38936388492584	350	1,60519802570343	806,25	1,89815664291382	806,25	-2,43579292297363	350	-4,86287879943848	350	-4,47984075546265	806,25	-2,1495795249939	806,25	-2,00174164772034	350	-4,23675107955933	350	-4,2060809135437	806,25	-2,03335285186768	806,25	-1,7418224811554	350	-4,09082889556885	350	-3,93159556388855	806,25	-1,67521500587463	806,25	-1,62314009666443	350	-3,93596339225769	350	-3,79521703720093	806,25	-1,43698012828827	
809,375	0,466814011335373	353,125	0,762599885463715	353,125	0,750019490718842	809,375	0,649166524410248	809,375	1,05244636535645	353,125	0,908909857273102	353,125	0,760611176490784	809,375	0,735895395278931	809,375	1,29349410533905	353,125	1,06863462924957	353,125	1,13009893894196	809,375	1,41547501087189	809,375	1,55441200733185	353,125	1,21671986579895	353,125	1,43417108058929	809,375	1,89280104637146	809,375	-2,40875864028931	353,125	-4,63101768493652	353,125	-4,27005815505981	809,375	-2,12813544273376	809,375	-1,98621761798859	353,125	-4,05198192596436	353,125	-4,01639604568481	809,375	-2,01498055458069	809,375	-1,7244930267334	353,125	-3,92445015907288	353,125	-3,77971220016479	809,375	-1,66002249717712	809,375	-1,60682570934296	353,125	-3,78785181045532	353,125	-3,66249656677246	809,375	-1,42429494857788	
812,5	0,479881584644318	356,25	0,750612080097198	356,25	0,741153061389923	812,5	0,658944308757782	812,5	1,05180025100708	356,25	0,914641320705414	356,25	0,755277991294861	812,5	0,739434540271759	812,5	1,29479420185089	356,25	1,08370184898376	356,25	1,14860367774963	812,5	1,41548275947571	812,5	1,55405533313751	356,25	1,24180483818054	356,25	1,46790909767151	812,5	1,88933765888214	812,5	-2,38818168640137	356,25	-4,80611705780029	356,25	-4,41991138458252	812,5	-2,11180949211121	812,5	-1,97500658035278	356,25	-4,18825149536133	356,25	-4,15248584747314	812,5	-2,00209999084473	812,5	-1,70683968067169	356,25	-4,05495738983154	356,25	-3,90337634086609	812,5	-1,64459824562073	812,5	-1,58985900878906	356,25	-3,91267204284668	356,25	-3,78771328926086	812,5	-1,40964782238007	
815,625	0,500142276287079	359,375	0,75760281085968	359,375	0,752158105373383	815,625	0,67607057094574	815,625	1,05827128887177	359,375	0,928813278675079	359,375	0,766146898269653	815,625	0,749772846698761	815,625	1,30480146408081	359,375	1,09952306747437	359,375	1,16519260406494	815,625	1,42427349090576	815,625	1,56100690364838	359,375	1,26073575019836	359,375	1,48927247524261	815,625	1,89217555522919	815,625	-2,37526845932007	359,375	-4,82165861129761	359,375	-4,42931985855103	815,625	-2,09842705726624	815,625	-1,96219742298126	359,375	-4,19109916687012	359,375	-4,15554714202881	815,625	-1,99045729637146	815,625	-1,68980944156647	359,375	-4,05424976348877	359,375	-3,90011501312256	815,625	-1,62743055820465	815,625	-1,57158875465393	359,375	-3,90882539749146	359,375	-3,77390241622925	815,625	-1,38936984539032	
818,75	0,482802540063858	362,5	0,790768086910248	362,5	0,788190245628357	818,75	0,660785377025604	818,75	1,03998184204102	362,5	0,950933873653412	362,5	0,799894690513611	818,75	0,732586622238159	818,75	1,29436182975769	362,5	1,10822308063507	362,5	1,17049562931061	818,75	1,41580331325531	818,75	1,55321359634399	362,5	1,25889587402344	362,5	1,46832120418549	818,75	1,8852995634079	818,75	-2,35377478599548	362,5	-4,54538297653198	362,5	-4,17956781387329	818,75	-2,08134579658508	818,75	-1,95335817337036	362,5	-3,95509123802185	362,5	-3,92584848403931	818,75	-1,97603368759155	818,75	-1,68040323257446	362,5	-3,8257474899292	362,5	-3,68379878997803	818,75	-1,61927366256714	818,75	-1,56502270698547	362,5	-3,68977546691895	362,5	-3,5641758441925	818,75	-1,3847553730011	
821,875	0,476994723081589	365,625	0,807683944702148	365,625	0,800705194473267	821,875	0,655665338039398	821,875	1,02933394908905	365,625	0,977193236351013	365,625	0,809179723262787	821,875	0,721731543540955	821,875	1,2951112985611	365,625	1,14448654651642	365,625	1,20822417736053	821,875	1,41729331016541	821,875	1,55630159378052	365,625	1,30446624755859	365,625	1,53503608703613	821,875	1,89072048664093	821,875	-2,35028553009033	365,625	-4,74945783615112	365,625	-4,3517017364502	821,875	-2,08067750930786	821,875	-1,95571768283844	365,625	-4,10652732849121	365,625	-4,07643461227417	821,875	-1,97451400756836	821,875	-1,67628359794617	365,625	-3,96384024620056	365,625	-3,81030106544495	821,875	-1,61693131923676	821,875	-1,56093597412109	365,625	-3,8147292137146	365,625	-3,6794548034668	821,875	-1,37829279899597	
825	0,468336969614029	368,75	0,815928399562836	368,75	0,813780128955841	825	0,649439930915833	825	1,0105094909668	368,75	0,993149816989899	368,75	0,82012665271759	825	0,707844138145447	825	1,2881373167038	368,75	1,16336464881897	368,75	1,22695684432983	825	1,40998303890228	825	1,55017936229706	368,75	1,32449281215668	368,75	1,55813384056091	825	1,88597404956818	825	-2,3302013874054	368,75	-4,78320693969727	368,75	-4,37644577026367	825	-2,06544876098633	825	-1,95031428337097	368,75	-4,12729215621948	368,75	-4,09857416152954	825	-1,96195542812347	825	-1,66601097583771	368,75	-3,98152589797974	368,75	-3,82514071464539	825	-1,60847747325897	825	-1,55410039424896	368,75	-3,83053016662598	368,75	-3,69276762008667	825	-1,37399888038635	
828,125	0,481677323579788	371,875	0,998981058597565	371,875	0,98490959405899	828,125	0,659661531448364	828,125	1,00865614414215	371,875	1,14565587043762	371,875	0,974285960197449	828,125	0,711413860321045	828,125	1,29430663585663	371,875	1,30013704299927	371,875	1,35491931438446	828,125	1,41446852684021	828,125	1,55422055721283	371,875	1,4501051902771	371,875	1,66963815689087	828,125	1,88616561889648	828,125	-2,31731724739075	371,875	-4,66375303268433	371,875	-4,27630043029785	828,125	-2,05273652076721	828,125	-1,93711006641388	371,875	-4,02397441864014	371,875	-4,01273775100708	828,125	-1,94771957397461	828,125	-1,65097987651825	371,875	-3,87772130966187	371,875	-3,72686243057251	828,125	-1,59387302398682	828,125	-1,53883969783783	371,875	-3,72392177581787	371,875	-3,57826042175293	828,125	-1,35708820819855	
831,25	0,495374441146851	375	0,845349133014679	375	0,855027258396149	831,25	0,668979108333588	831,25	1,00717222690582	375	1,01408922672272	375	0,860851407051086	831,25	0,712593793869019	831,25	1,30406665802002	375	1,16417872905731	375	1,22371506690979	831,25	1,42392897605896	831,25	1,56365501880646	375	1,30968832969666	375	1,52052593231201	831,25	1,89371335506439	831,25	-2,32197260856628	375	-4,33991861343384	375	-3,98426818847656	831,25	-2,05383062362671	831,25	-1,93651211261749	375	-3,76074242591858	375	-3,74287390708923	831,25	-1,9448698759079	831,25	-1,64314222335815	375	-3,63405418395996	375	-3,49714350700378	831,25	-1,58540749549866	831,25	-1,52835929393768	375	-3,49818301200867	375	-3,37239575386047	831,25	-1,34269464015961	
834,375	0,481396943330765	378,125	0,806709587574005	378,125	0,824691593647003	834,375	0,659669935703278	834,375	0,988555490970612	378,125	0,995319783687592	378,125	0,832389414310455	834,375	0,696799635887146	834,375	1,3029443025589	378,125	1,15463662147522	378,125	1,21705138683319	834,375	1,42496085166931	834,375	1,56371021270752	378,125	1,3088151216507	378,125	1,53303563594818	834,375	1,8989759683609	834,375	-2,32005405426025	378,125	-4,48113584518433	378,125	-4,10458850860596	834,375	-2,05366444587708	834,375	-1,94063067436218	378,125	-3,86809396743774	378,125	-3,84781575202942	834,375	-1,94297170639038	834,375	-1,64357256889343	378,125	-3,73413515090942	378,125	-3,5900342464447	834,375	-1,58852481842041	834,375	-1,53037512302399	378,125	-3,59219193458557	378,125	-3,4643988609314	834,375	-1,3432685136795	
837,5	0,458157300949097	381,25	0,610173046588898	381,25	0,657514095306396	837,5	0,644288718700409	837,5	0,965336680412292	381,25	0,865370750427246	381,25	0,681245028972626	837,5	0,675616204738617	837,5	1,29879462718964	381,25	1,04976713657379	381,25	1,12437343597412	837,5	1,42266416549683	837,5	1,56233155727386	381,25	1,22735941410065	381,25	1,48126327991486	837,5	1,90358901023865	837,5	-2,32124948501587	381,25	-4,78573656082153	381,25	-4,36649942398071	837,5	-2,0553765296936	837,5	-1,94752764701843	381,25	-4,11270141601563	381,25	-4,07824659347534	837,5	-1,93927252292633	837,5	-1,64702570438385	381,25	-3,97030401229858	381,25	-3,81191802024841	837,5	-1,59326696395874	837,5	-1,53431165218353	381,25	-3,81980681419373	381,25	-3,68579602241516	837,5	-1,34569478034973	
840,625	0,464026302099228	384,375	0,671014428138733	384,375	0,723384201526642	840,625	0,64892965555191	840,625	0,955311715602875	384,375	0,920709609985352	384,375	0,747808277606964	840,625	0,675971508026123	840,625	1,30312609672546	384,375	1,09704649448395	384,375	1,16932034492493	840,625	1,42673945426941	840,625	1,56587445735931	384,375	1,26742362976074	384,375	1,51094186306	840,625	1,90547025203705	840,625	-2,31741690635681	384,375	-4,59301137924194	384,375	-4,19924783706665	840,625	-2,04978156089783	840,625	-1,93736243247986	384,375	-3,95430684089661	384,375	-3,92809987068176	840,625	-1,92557692527771	840,625	-1,63697457313538	384,375	-3,82104253768921	384,375	-3,67153120040894	840,625	-1,5834698677063	840,625	-1,52230072021484	384,375	-3,67664384841919	384,375	-3,54601454734802	840,625	-1,33314335346222	
843,75	0,461701691150665	387,5	0,749574661254883	387,5	0,791030585765839	843,75	0,644010603427887	843,75	0,930849254131317	387,5	0,974776744842529	387,5	0,807374119758606	843,75	0,668171286582947	843,75	1,29323792457581	387,5	1,14248192310333	387,5	1,20932996273041	843,75	1,41694164276123	843,75	1,55556511878967	387,5	1,30655634403229	387,5	1,53704273700714	843,75	1,89595115184784	843,75	-2,27978920936584	387,5	-4,4403133392334	387,5	-4,06381034851074	843,75	-2,02009749412537	843,75	-1,90886557102203	387,5	-3,82181215286255	387,5	-3,80248641967773	843,75	-1,89299058914185	843,75	-1,61914646625519	387,5	-3,69049429893494	387,5	-3,54433727264404	843,75	-1,56931626796722	843,75	-1,50878810882568	387,5	-3,54701590538025	387,5	-3,41914319992065	843,75	-1,32576417922974	
846,875	0,453301757574081	390,625	0,798853158950806	390,625	0,839269161224365	846,875	0,635145664215088	846,875	0,913328886032104	390,625	1,01069784164429	390,625	0,849452376365662	846,875	0,658929705619812	846,875	1,29069077968597	390,625	1,16852259635925	390,625	1,2310129404068	846,875	1,41540765762329	846,875	1,55470192432404	390,625	1,32253885269165	390,625	1,54651510715485	846,875	1,89850342273712	846,875	-2,27064919471741	390,625	-4,28236293792725	390,625	-3,93254375457764	846,875	-2,01376533508301	846,875	-1,90349686145782	390,625	-3,69684219360352	390,625	-3,68822860717773	846,875	-1,88321352005005	846,875	-1,61589360237122	390,625	-3,57106947898865	390,625	-3,43292212486267	846,875	-1,566570520401	846,875	-1,50625038146973	390,625	-3,43086576461792	390,625	-3,30216574668884	846,875	-1,32569658756256	
850	0,474024444818497	393,75	0,626711130142212	393,75	0,69187194108963	850	0,646175026893616	850	0,897272288799286	393,75	0,875403046607971	393,75	0,719947099685669	850	0,665227770805359	850	1,28929710388184	393,75	1,04170966148376	393,75	1,11448276042938	850	1,4127162694931	850	1,54909837245941	393,75	1,2031592130661	393,75	1,43234968185425	850	1,88552069664001	850	-2,2413854598999	393,75	-4,20966672897339	393,75	-3,86369967460632	850	-1,98812282085419	850	-1,86446619033813	393,75	-3,64095091819763	393,75	-3,61953854560852	850	-1,84868836402893	850	-1,58986186981201	393,75	-3,52426385879517	393,75	-3,38820910453796	850	-1,54272222518921	850	-1,48261749744415	393,75	-3,39336061477661	393,75	-3,27649474143982	850	-1,3076343536377	
853,125	0,473471850156784	396,875	0,607638239860535	396,875	0,680590867996216	853,125	0,646418154239655	853,125	0,8871950507164	396,875	0,871389448642731	396,875	0,710113406181335	853,125	0,664335966110229	853,125	1,29580116271973	396,875	1,03935766220093	396,875	1,11360609531403	853,125	1,41992020606995	853,125	1,55673766136169	396,875	1,20521247386932	396,875	1,43954944610596	853,125	1,89452815055847	853,125	-2,24713587760925	396,875	-4,23169708251953	396,875	-3,8885669708252	853,125	-1,99297451972961	853,125	-1,86203527450562	396,875	-3,66401124000549	396,875	-3,64394426345825	853,125	-1,84643685817719	853,125	-1,58939015865326	396,875	-3,54716014862061	396,875	-3,41087865829468	853,125	-1,5436737537384	853,125	-1,48073470592499	396,875	-3,41593074798584	396,875	-3,30139064788818	853,125	-1,29985129833221	
856,25	0,45661449432373	400	0,502510547637939	400	0,593621850013733	856,25	0,637574136257172	856,25	0,877813339233398	400	0,804401874542236	400	0,635683953762054	856,25	0,66231507062912	856,25	1,30242145061493	400	0,985810458660126	400	1,06838321685791	856,25	1,42694628238678	856,25	1,56703281402588	400	1,16469788551331	400	1,41389906406403	856,25	1,90844225883484	856,25	-2,26000833511353	400	-4,31003713607788	400	-3,95328235626221	856,25	-2,00254225730896	856,25	-1,85130381584167	400	-3,72667574882507	400	-3,69644260406494	856,25	-1,84531056880951	856,25	-1,59513688087463	400	-3,60899686813354	400	-3,46765446662903	856,25	-1,5489137172699	856,25	-1,48151922225952	400	-3,47657084465027	400	-3,36119222640991	856,25	-1,29734766483307	
859,375	0,466979682445526	403,125	0,615522801876068	403,125	0,68778258562088	859,375	0,644761741161346	859,375	0,86982935667038	403,125	0,885697901248932	403,125	0,714293599128723	859,375	0,667388379573822	859,375	1,31012141704559	403,125	1,05400454998016	403,125	1,1290944814682	859,375	1,43417060375214	859,375	1,57449388504028	403,125	1,22470080852509	403,125	1,46335577964783	859,375	1,91522479057312	859,375	-2,25975894927979	403,125	-4,23327922821045	403,125	-3,89218354225159	859,375	-1,99865210056305	859,375	-1,83252227306366	403,125	-3,65759897232056	403,125	-3,63958883285522	859,375	-1,83421421051025	859,375	-1,58714592456818	403,125	-3,53690123558044	403,125	-3,39846467971802	859,375	-1,54121565818787	859,375	-1,47070634365082	403,125	-3,40066862106323	403,125	-3,28192043304443	859,375	-1,28323125839233	
862,5	0,46480518579483	406,25	0,71526700258255	406,25	0,772992789745331	862,5	0,640347838401794	862,5	0,850340366363525	406,25	0,959289968013763	406,25	0,786862730979919	862,5	0,664690792560577	862,5	1,30427730083466	406,25	1,11928272247314	406,25	1,18818962574005	862,5	1,42795360088348	862,5	1,56766307353973	406,25	1,28327822685242	406,25	1,51310777664185	862,5	1,90999042987823	862,5	-2,24058842658997	406,25	-4,18965721130371	406,25	-3,85785460472107	862,5	-1,98231434822083	862,5	-1,80449879169464	406,25	-3,61744856834412	406,25	-3,61176586151123	862,5	-1,81367707252502	862,5	-1,57622253894806	406,25	-3,49380540847778	406,25	-3,35713362693787	862,5	-1,53324317932129	862,5	-1,46443951129913	406,25	-3,35563349723816	406,25	-3,23010492324829	862,5	-1,27888214588165	
865,625	0,453533381223679	409,375	0,505097150802612	409,375	0,590785026550293	865,625	0,631195902824402	865,625	0,839353144168854	409,375	0,800532639026642	409,375	0,628368735313416	865,625	0,662501573562622	865,625	1,29691851139069	409,375	0,975491523742676	409,375	1,05720007419586	865,625	1,42045176029205	865,625	1,56088066101074	409,375	1,15484464168549	409,375	1,39931893348694	865,625	1,9034595489502	865,625	-2,21882367134094	409,375	-4,1859278678894	409,375	-3,84901690483093	865,625	-1,96486568450928	865,625	-1,77130722999573	409,375	-3,6200635433197	409,375	-3,59673070907593	865,625	-1,79523515701294	865,625	-1,56683051586151	409,375	-3,50566411018372	409,375	-3,36939430236816	865,625	-1,5262793302536	865,625	-1,45844423770905	409,375	-3,3756697177887	409,375	-3,26257038116455	865,625	-1,27619922161102	
868,75	0,45467609167099	412,5	0,567078649997711	412,5	0,651795327663422	868,75	0,632033824920654	868,75	0,838872015476227	412,5	0,856372058391571	412,5	0,686360120773315	868,75	0,66682243347168	868,75	1,30008137226105	412,5	1,0266078710556	412,5	1,10699665546417	868,75	1,42292547225952	868,75	1,56421208381653	412,5	1,2024359703064	412,5	1,4432201385498	868,75	1,90645277500153	868,75	-2,2129909992218	412,5	-4,12084245681763	412,5	-3,79244136810303	868,75	-1,95896792411804	868,75	-1,7514181137085	412,5	-3,55996012687683	412,5	-3,54543900489807	868,75	-1,78682160377502	868,75	-1,56019568443298	412,5	-3,44623470306396	412,5	-3,31274271011353	868,75	-1,52042460441589	868,75	-1,4512951374054	412,5	-3,31644773483276	412,5	-3,20092582702637	868,75	-1,26740789413452	
871,875	0,443209767341614	415,625	0,802410781383514	415,625	0,855512380599976	871,875	0,619955956935883	871,875	0,82551372051239	415,625	1,04174542427063	415,625	0,864238619804382	871,875	0,660532176494598	871,875	1,2925843000412	415,625	1,19980454444885	415,625	1,26707768440247	871,875	1,41658425331116	871,875	1,55863201618195	415,625	1,36377263069153	415,625	1,59543991088867	871,875	1,90200400352478	871,875	-2,1984851360321	415,625	-4,1351523399353	415,625	-3,80527997016907	871,875	-1,94605624675751	871,875	-1,72236883640289	415,625	-3,55305528640747	415,625	-3,55768251419067	871,875	-1,772127866745	871,875	-1,55481243133545	415,625	-3,42394042015076	415,625	-3,28725481033325	871,875	-1,51780581474304	871,875	-1,44882786273956	415,625	-3,28159260749817	415,625	-3,14943695068359	871,875	-1,26507842540741	
875	0,440559566020966	418,75	0,944085836410522	418,75	0,977825701236725	875	0,617896616458893	875	0,821751356124878	418,75	1,14474511146545	418,75	0,971515297889709	875	0,662859737873077	875	1,29491007328033	418,75	1,28775763511658	418,75	1,34763658046722	875	1,41816449165344	875	1,5610111951828	418,75	1,44080650806427	418,75	1,66058349609375	875	1,90557777881622	875	-2,19315433502197	418,75	-4,02399826049805	418,75	-3,70855641365051	875	-1,93937289714813	875	-1,69819211959839	418,75	-3,45402407646179	418,75	-3,47413873672485	875	-1,76297771930695	875	-1,54844892024994	418,75	-3,32222604751587	418,75	-3,18951940536499	875	-1,51392161846161	875	-1,44247782230377	418,75	-3,1780104637146	418,75	-3,03820872306824	875	-1,25898861885071	
878,125	0,457570552825928	421,875	0,864873647689819	421,875	0,898841142654419	878,125	0,632178604602814	878,125	0,839633226394653	421,875	1,07907915115356	421,875	0,895472764968872	878,125	0,678642868995667	878,125	1,30073380470276	421,875	1,22793698310852	421,875	1,29087936878204	878,125	1,42254507541656	878,125	1,56341862678528	421,875	1,38822865486145	421,875	1,61507928371429	878,125	1,90331625938416	878,125	-2,17918491363525	421,875	-4,07427215576172	421,875	-3,75008296966553	878,125	-1,92392551898956	878,125	-1,66705930233002	421,875	-3,49010157585144	421,875	-3,50534701347351	878,125	-1,74839651584625	878,125	-1,53168606758118	421,875	-3,3555371761322	421,875	-3,21911406517029	878,125	-1,4980810880661	878,125	-1,42497050762177	421,875	-3,20992040634155	421,875	-3,06891107559204	878,125	-1,24217402935028	
881,25	0,450364172458649	425	0,757637977600098	425	0,812438666820526	881,25	0,626466870307922	881,25	0,836465418338776	425	0,993270814418793	425	0,822438418865204	881,25	0,67609041929245	881,25	1,29922389984131	425	1,1403124332428	425	1,20775961875916	881,25	1,42066645622253	881,25	1,56243312358856	425	1,29989898204803	425	1,52542340755463	881,25	1,90421557426453	881,25	-2,16880989074707	425	-3,89922142028809	425	-3,60284113883972	881,25	-1,91518747806549	881,25	-1,64433467388153	425	-3,36734914779663	425	-3,37647819519043	881,25	-1,73872101306915	881,25	-1,52657520771027	425	-3,2491192817688	425	-3,12567925453186	881,25	-1,49598383903503	881,25	-1,41972482204437	425	-3,11976504325867	425	-2,99780225753784	881,25	-1,23842203617096	
884,375	0,451808601617813	428,125	0,557247340679169	428,125	0,643930852413177	884,375	0,628417134284973	884,375	0,841915547847748	428,125	0,868975281715393	428,125	0,677165269851685	884,375	0,679939150810242	884,375	1,30134057998657	428,125	1,04519402980804	428,125	1,12924408912659	884,375	1,42243635654449	884,375	1,56498324871063	428,125	1,23216533660889	428,125	1,49315464496613	884,375	1,90659368038177	884,375	-2,16359829902649	428,125	-4,14397764205933	428,125	-3,80710816383362	884,375	-1,91035377979279	884,375	-1,62514901161194	428,125	-3,55994057655334	428,125	-3,54897046089172	884,375	-1,73178112506866	884,375	-1,52028584480286	428,125	-3,4367618560791	428,125	-3,3002655506134	884,375	-1,49151134490967	884,375	-1,41193115711212	428,125	-3,30108261108398	428,125	-3,17688465118408	884,375	-1,22947919368744	
887,5	0,458631455898285	431,25	0,646730601787567	431,25	0,71893835067749	887,5	0,635418593883514	887,5	0,856024324893951	431,25	0,94658499956131	431,25	0,743545174598694	887,5	0,688028633594513	887,5	1,30815172195435	431,25	1,12445735931396	431,25	1,20518231391907	887,5	1,42858242988586	887,5	1,5722748041153	431,25	1,3113249540329	431,25	1,57832288742065	887,5	1,91167974472046	887,5	-2,16029787063599	431,25	-4,21054124832153	431,25	-3,85797071456909	887,5	-1,90618789196014	887,5	-1,61166656017303	431,25	-3,59177684783936	431,25	-3,58687829971313	887,5	-1,72839963436127	887,5	-1,51427006721497	431,25	-3,4578423500061	431,25	-3,31415319442749	887,5	-1,48681747913361	887,5	-1,40465021133423	431,25	-3,31055951118469	431,25	-3,170578956604	887,5	-1,2183324098587	
890,625	0,446678519248962	434,375	0,903433561325073	434,375	0,932598352432251	890,625	0,62643301486969	890,625	0,855732440948486	434,375	1,1160991191864	434,375	0,924729466438293	890,625	0,682872235774994	890,625	1,30316197872162	434,375	1,26353144645691	434,375	1,32486164569855	890,625	1,42460143566132	890,625	1,56790280342102	434,375	1,42317306995392	434,375	1,65552544593811	890,625	1,91001117229462	890,625	-2,14859843254089	434,375	-3,99041104316711	434,375	-3,67174935340881	890,625	-1,89486765861511	890,625	-1,58905982971191	434,375	-3,40394306182861	434,375	-3,42688775062561	890,625	-1,71803176403046	890,625	-1,51036846637726	434,375	-3,26703095436096	434,375	-3,13312673568726	890,625	-1,48427498340607	890,625	-1,40254902839661	434,375	-3,12034511566162	434,375	-2,97495174407959	890,625	-1,21664357185364	
893,75	0,440955340862274	437,5	0,867382407188416	437,5	0,904802799224854	893,75	0,62263035774231	893,75	0,860028207302094	437,5	1,09053158760071	437,5	0,901762425899506	893,75	0,682392120361328	893,75	1,30294489860535	437,5	1,24071002006531	437,5	1,30272448062897	893,75	1,42457485198975	893,75	1,56872546672821	437,5	1,40180158615112	437,5	1,63403725624084	893,75	1,9116176366806	893,75	-2,14250612258911	437,5	-3,93477296829224	437,5	-3,62164402008057	893,75	-1,89095818996429	893,75	-1,57542550563812	437,5	-3,35848736763	437,5	-3,3802649974823	893,75	-1,71294260025024	893,75	-1,50558567047119	437,5	-3,22489809989929	437,5	-3,09294772148132	893,75	-1,4810756444931	893,75	-1,39759767055511	437,5	-3,08119010925293	437,5	-2,93886590003967	893,75	-1,21295773983002	
896,875	0,441904813051224	440,625	0,740217864513397	440,625	0,797160029411316	896,875	0,622186839580536	896,875	0,872860550880432	440,625	0,994906842708588	440,625	0,809551656246185	896,875	0,686970114707947	896,875	1,30085861682892	440,625	1,15179491043091	440,625	1,22168219089508	896,875	1,42173516750336	896,875	1,56725335121155	440,625	1,31944370269775	440,625	1,55685520172119	896,875	1,90822243690491	896,875	-2,12808632850647	440,625	-3,88884735107422	440,625	-3,57762050628662	896,875	-1,87849032878876	896,875	-1,55343163013458	440,625	-3,32641196250916	440,625	-3,33741140365601	896,875	-1,69968950748444	896,875	-1,49321842193604	440,625	-3,20060634613037	440,625	-3,07206201553345	896,875	-1,47098803520203	896,875	-1,3870495557785	440,625	-3,06467318534851	440,625	-2,9338002204895	896,875	-1,20390701293945	
900	0,437100917100906	443,75	0,778033852577209	443,75	0,831007182598114	900	0,617083132266998	900	0,875323295593262	443,75	1,02158057689667	443,75	0,839917838573456	900	0,684430658817291	900	1,29943835735321	443,75	1,17285418510437	443,75	1,24089729785919	900	1,4195122718811	900	1,56635820865631	443,75	1,33688962459564	443,75	1,57011294364929	900	1,91238522529602	900	-2,12057209014893	443,75	-3,81818199157715	443,75	-3,51545453071594	900	-1,87321293354034	900	-1,54166054725647	443,75	-3,26536679267883	443,75	-3,28229165077209	900	-1,69462025165558	900	-1,4910808801651	443,75	-3,14124178886414	443,75	-3,0151104927063	900	-1,46974802017212	900	-1,38453352451324	443,75	-3,00724720954895	443,75	-2,87514019012451	900	-1,20103573799133	
903,125	0,435916423797607	446,875	0,679027199745178	446,875	0,752884387969971	903,125	0,61478716135025	903,125	0,881369888782501	446,875	0,961654126644135	446,875	0,774116218090057	903,125	0,684475123882294	903,125	1,29711735248566	446,875	1,12382423877716	446,875	1,20045328140259	903,125	1,41685628890991	903,125	1,56333351135254	446,875	1,29882419109344	446,875	1,54467141628265	903,125	1,91011703014374	903,125	-2,10760378837585	446,875	-3,86134099960327	446,875	-3,5496518611908	903,125	-1,86141574382782	903,125	-1,5253279209137	446,875	-3,29948139190674	446,875	-3,30918908119202	903,125	-1,68418717384338	903,125	-1,48242270946503	446,875	-3,17895007133484	446,875	-3,05052399635315	903,125	-1,46378016471863	903,125	-1,37687134742737	446,875	-3,04496264457703	446,875	-2,91581320762634	903,125	-1,19447922706604	
906,25	0,449987560510635	450	0,676597535610199	450	0,753428757190704	906,25	0,626689016819	906,25	0,898422658443451	450	0,966962456703186	450	0,775555789470673	906,25	0,696323156356812	906,25	1,30627870559692	450	1,13099980354309	450	1,2094669342041	906,25	1,42396199703217	906,25	1,57069945335388	450	1,30918908119202	450	1,55956757068634	906,25	1,91276788711548	906,25	-2,10439848899841	450	-3,87165069580078	450	-3,55750417709351	906,25	-1,85585331916809	906,25	-1,51432871818542	450	-3,30354118347168	450	-3,31412506103516	906,25	-1,67935121059418	906,25	-1,47142434120178	450	-3,18091487884521	450	-3,0524799823761	906,25	-1,45297718048096	906,25	-1,36300027370453	450	-3,04601526260376	450	-2,91481566429138	906,25	-1,17774987220764	
909,375	0,447194367647171	453,125	0,684827864170074	453,125	0,757802248001099	909,375	0,625177562236786	909,375	0,90469491481781	453,125	0,961045026779175	453,125	0,777904093265533	909,375	0,69690066576004	909,375	1,3086302280426	453,125	1,11702489852905	453,125	1,1914529800415	909,375	1,42700970172882	909,375	1,57368516921997	453,125	1,2866952419281	453,125	1,52693557739258	909,375	1,9159209728241	909,375	-2,10398149490356	453,125	-3,7332489490509	453,125	-3,4382951259613	909,375	-1,85470712184906	909,375	-1,50570106506348	453,125	-3,19438219070435	453,125	-3,20756220817566	909,375	-1,67909455299377	909,375	-1,46792244911194	453,125	-3,07703304290771	453,125	-2,95667624473572	909,375	-1,45283710956573	909,375	-1,35914945602417	453,125	-2,95005083084106	453,125	-2,82583498954773	909,375	-1,1716890335083	
912,5	0,439095973968506	456,25	0,757216811180115	456,25	0,818379282951355	912,5	0,615605235099792	912,5	0,90876305103302	456,25	1,00856029987335	456,25	0,830035269260406	912,5	0,691318273544312	912,5	1,29964685440063	456,25	1,15512835979462	456,25	1,22454833984375	912,5	1,41619729995728	912,5	1,56666576862335	456,25	1,31602704524994	456,25	1,54677200317383	912,5	1,91034293174744	912,5	-2,07701349258423	456,25	-3,63981485366821	456,25	-3,35479402542114	912,5	-1,83393120765686	912,5	-1,48749876022339	456,25	-3,11089444160461	456,25	-3,13270854949951	912,5	-1,66276931762695	912,5	-1,45797204971313	456,25	-2,99341559410095	456,25	-2,87765216827393	912,5	-1,44817328453064	912,5	-1,35280919075012	456,25	-2,86670327186584	456,25	-2,74421381950378	912,5	-1,17054629325867	
915,625	0,447511047124863	459,375	0,7151198387146	459,375	0,785437941551209	915,625	0,62198394536972	915,625	0,921053290367126	459,375	0,985424697399139	459,375	0,802952289581299	915,625	0,699366271495819	915,625	1,30862200260162	459,375	1,13622653484344	459,375	1,21008968353271	915,625	1,42398011684418	915,625	1,57516992092133	459,375	1,30435264110565	459,375	1,54276514053345	915,625	1,91726195812225	915,625	-2,08044719696045	459,375	-3,65705060958862	459,375	-3,37009263038635	915,625	-1,83444511890411	915,625	-1,4805281162262	459,375	-3,124671459198	459,375	-3,14471507072449	915,625	-1,66226387023926	915,625	-1,45061063766479	459,375	-3,00735592842102	459,375	-2,89185738563538	915,625	-1,4405974149704	915,625	-1,34363806247711	459,375	-2,8814651966095	459,375	-2,75657606124878	915,625	-1,1574969291687	
918,75	0,455530852079391	462,5	0,666409254074097	462,5	0,743068933486938	918,75	0,627792060375214	918,75	0,930710256099701	462,5	0,946928381919861	462,5	0,766563057899475	918,75	0,704441905021667	918,75	1,31338906288147	462,5	1,09895157814026	462,5	1,17496168613434	918,75	1,42618727684021	918,75	1,57824552059174	462,5	1,26820254325867	462,5	1,50676119327545	918,75	1,9181717634201	918,75	-2,07000136375427	462,5	-3,60291838645935	462,5	-3,32194781303406	918,75	-1,82519841194153	918,75	-1,47125136852264	462,5	-3,08428502082825	462,5	-3,09897375106812	918,75	-1,65552198886871	918,75	-1,44098877906799	462,5	-2,9717960357666	462,5	-2,85736203193665	918,75	-1,43336594104767	918,75	-1,33354234695435	462,5	-2,84981226921082	462,5	-2,73233532905579	918,75	-1,14565372467041	
921,875	0,439597278833389	465,625	0,623193919658661	465,625	0,707530498504639	921,875	0,611345529556274	921,875	0,925736129283905	465,625	0,916329681873322	465,625	0,735270202159882	921,875	0,691564559936523	921,875	1,29920864105225	465,625	1,07230651378632	465,625	1,15083241462708	921,875	1,41342782974243	921,875	1,56311023235321	465,625	1,24512016773224	465,625	1,48758804798126	921,875	1,90735149383545	921,875	-2,04916572570801	465,625	-3,58665108680725	465,625	-3,30628061294556	921,875	-1,80692601203918	921,875	-1,4547131061554	465,625	-3,07074952125549	465,625	-3,08305883407593	921,875	-1,64201855659485	921,875	-1,43465638160706	465,625	-2,96150684356689	465,625	-2,84649586677551	921,875	-1,43050098419189	921,875	-1,33094120025635	465,625	-2,84083533287048	465,625	-2,72646284103394	921,875	-1,14795684814453	
925	0,446579277515411	468,75	0,64276260137558	468,75	0,72751259803772	925	0,616468787193298	925	0,935129404067993	468,75	0,942415773868561	468,75	0,752931237220764	925	0,696135342121124	925	1,3041250705719	468,75	1,10327279567719	468,75	1,18301177024841	925	1,41633987426758	925	1,56692016124725	468,75	1,2808028459549	468,75	1,53055167198181	925	1,90939724445343	925	-2,04454302787781	468,75	-3,65780830383301	468,75	-3,36537337303162	925	-1,80120897293091	925	-1,44782733917236	468,75	-3,11523699760437	468,75	-3,13105916976929	925	-1,63768637180328	925	-1,42712080478668	468,75	-2,99856185913086	468,75	-2,87892460823059	925	-1,42492437362671	925	-1,32291638851166	468,75	-2,87129640579224	468,75	-2,74651837348938	925	-1,13773858547211	
928,125	0,435980916023254	471,875	0,668436944484711	471,875	0,747896015644073	928,125	0,607603788375854	928,125	0,937056541442871	471,875	0,958986222743988	471,875	0,767567038536072	928,125	0,688743054866791	928,125	1,30319917201996	471,875	1,11629045009613	471,875	1,19241905212402	928,125	1,41591441631317	928,125	1,56877601146698	471,875	1,29126882553101	471,875	1,53814923763275	928,125	1,91373026371002	928,125	-2,04097294807434	471,875	-3,61681413650513	471,875	-3,32732915878296	928,125	-1,79733192920685	928,125	-1,44393694400787	471,875	-3,07568907737732	471,875	-3,09389686584473	928,125	-1,63722002506256	928,125	-1,42680370807648	471,875	-2,95686554908752	471,875	-2,83851504325867	928,125	-1,4286698102951	928,125	-1,32317435741425	471,875	-2,82961678504944	471,875	-2,70464825630188	928,125	-1,13658571243286	
931,25	0,425343245267868	475	0,566356301307678	475	0,662371575832367	931,25	0,59948992729187	931,25	0,939115703105927	475	0,880127847194672	475	0,693985998630524	931,25	0,681293785572052	931,25	1,30160558223724	475	1,03996646404266	475	1,12278461456299	931,25	1,41499257087708	931,25	1,57220387458801	475	1,21864676475525	475	1,46936857700348	931,25	1,9181489944458	931,25	-2,03661060333252	475	-3,54836463928223	475	-3,27160668373108	931,25	-1,79224789142609	931,25	-1,43927335739136	475	-3,03606915473938	475	-3,04637050628662	931,25	-1,63583540916443	931,25	-1,42621612548828	475	-2,92881345748901	475	-2,81530094146729	931,25	-1,43136978149414	931,25	-1,32220423221588	475	-2,81104946136475	475	-2,69933104515076	931,25	-1,13588321208954	
934,375	0,426596969366074	478,125	0,569660186767578	478,125	0,665624022483826	934,375	0,600474417209625	934,375	0,944859087467194	478,125	0,887324094772339	478,125	0,698774099349976	934,375	0,680914640426636	934,375	1,30410265922546	478,125	1,04913759231567	478,125	1,13309478759766	934,375	1,41673183441162	934,375	1,57475090026855	478,125	1,22919034957886	478,125	1,4840430021286	934,375	1,92106938362122	934,375	-2,03114414215088	478,125	-3,5533709526062	478,125	-3,27336716651917	934,375	-1,78641951084137	934,375	-1,43361127376556	478,125	-3,03381037712097	478,125	-3,04614090919495	934,375	-1,63145327568054	934,375	-1,42113196849823	478,125	-2,92422127723694	478,125	-2,81023144721985	934,375	-1,42993938922882	934,375	-1,31618964672089	478,125	-2,8041627407074	478,125	-2,69186353683472	934,375	-1,12879586219788	
937,5	0,416607856750488	481,25	0,641515731811523	481,25	0,729141771793365	937,5	0,589028418064117	937,5	0,942647397518158	481,25	0,948062062263489	481,25	0,754709661006927	937,5	0,668617188930511	937,5	1,29528594017029	481,25	1,1072781085968	481,25	1,18731963634491	937,5	1,405766248703	937,5	1,56519091129303	481,25	1,28484666347504	481,25	1,53718173503876	937,5	1,9167582988739	937,5	-2,01316213607788	481,25	-3,56005477905273	481,25	-3,27578783035278	937,5	-1,77012872695923	937,5	-1,42195987701416	481,25	-3,02409815788269	481,25	-3,04394054412842	937,5	-1,61989176273346	937,5	-1,41730046272278	481,25	-2,90829849243164	481,25	-2,79117512702942	937,5	-1,43105936050415	937,5	-1,31387782096863	481,25	-2,78188681602478	481,25	-2,66080975532532	937,5	-1,12977957725525	
940,625	0,424576580524445	484,375	0,632996380329132	484,375	0,722152233123779	940,625	0,594341933727264	940,625	0,950879871845245	484,375	0,943338215351105	484,375	0,748395144939423	940,625	0,671106278896332	940,625	1,29945039749146	484,375	1,1028972864151	484,375	1,18347156047821	940,625	1,40614771842957	940,625	1,56735730171204	484,375	1,28178024291992	484,375	1,53354835510254	940,625	1,91562187671661	940,625	-2,00531888008118	484,375	-3,53445315361023	484,375	-3,25179195404053	940,625	-1,75959265232086	940,625	-1,41234159469604	484,375	-3,000657081604	484,375	-3,02000689506531	940,625	-1,60994875431061	940,625	-1,40556728839874	484,375	-2,88483333587646	484,375	-2,76926064491272	940,625	-1,42217528820038	940,625	-1,30187046527863	484,375	-2,76019096374512	484,375	-2,63765335083008	940,625	-1,11662077903748	
943,75	0,429754436016083	487,5	0,629152357578278	487,5	0,720627665519714	943,75	0,599770069122314	943,75	0,959581553936005	487,5	0,942682445049286	487,5	0,747460544109344	943,75	0,674835026264191	943,75	1,30498886108398	487,5	1,10345160961151	487,5	1,18433475494385	943,75	1,40906238555908	943,75	1,57278907299042	487,5	1,28338849544525	487,5	1,53394711017609	943,75	1,91860604286194	943,75	-2,00309038162231	487,5	-3,52672719955444	487,5	-3,24254965782166	943,75	-1,75409615039825	943,75	-1,40661919116974	487,5	-2,99000072479248	487,5	-3,0097963809967	943,75	-1,60433948040009	943,75	-1,39815497398376	487,5	-2,87406349182129	487,5	-2,75833296775818	943,75	-1,41774022579193	943,75	-1,29467618465424	487,5	-2,74910044670105	487,5	-2,62573528289795	943,75	-1,10601270198822	
946,875	0,430399805307388	490,625	0,587030827999115	490,625	0,683142364025116	946,875	0,602496087551117	946,875	0,964897692203522	490,625	0,908227562904358	490,625	0,713955223560333	946,875	0,674535632133484	946,875	1,30693459510803	490,625	1,06762874126434	490,625	1,14961683750153	946,875	1,4081723690033	946,875	1,57376563549042	490,625	1,24749159812927	490,625	1,50082755088806	946,875	1,9204249382019	946,875	-1,99548363685608	490,625	-3,4644467830658	490,625	-3,19109559059143	946,875	-1,74548852443695	946,875	-1,40155231952667	490,625	-2,94507265090942	490,625	-2,96407008171082	946,875	-1,59627914428711	946,875	-1,39309620857239	490,625	-2,83516144752502	490,625	-2,72319149971008	946,875	-1,41490149497986	946,875	-1,28822124004364	490,625	-2,7163405418396	490,625	-2,60027647018433	946,875	-1,10002052783966	
950	0,425146520137787	493,75	0,577037215232849	493,75	0,675409197807312	950	0,598044335842133	950	0,967904388904572	493,75	0,902882695198059	493,75	0,707636713981628	950	0,669392585754395	950	1,30785942077637	493,75	1,06321156024933	493,75	1,14720821380615	950	1,40635299682617	950	1,57568991184235	493,75	1,24599933624268	493,75	1,49942409992218	950	1,92337906360626	950	-1,9897369146347	493,75	-3,44402432441711	493,75	-3,17316699028015	950	-1,73811268806458	950	-1,39748120307922	493,75	-2,92693853378296	493,75	-2,94483208656311	950	-1,58879935741425	950	-1,39215111732483	493,75	-2,81731367111206	493,75	-2,70583629608154	950	-1,41706550121307	950	-1,28559601306915	493,75	-2,69816374778748	493,75	-2,58299350738525	950	-1,0971691608429	
953,125	0,425711005926132	496,875	0,6246617436409	496,875	0,714199781417847	953,125	0,597343266010284	953,125	0,97066742181778	496,875	0,932390332221985	496,875	0,740711390972137	953,125	0,66562694311142	953,125	1,30422723293304	496,875	1,08643794059753	496,875	1,1667777299881	953,125	1,40017652511597	953,125	1,57234358787537	496,875	1,26194977760315	496,875	1,50824558734894	953,125	1,92009723186493	953,125	-1,97530210018158	496,875	-3,38278841972351	496,875	-3,11833524703979	953,125	-1,72311246395111	953,125	-1,38498377799988	496,875	-2,87101554870605	496,875	-2,89422035217285	953,125	-1,57505059242249	953,125	-1,38120031356812	496,875	-2,76054668426514	496,875	-2,65053796768188	953,125	-1,41136479377747	953,125	-1,27712285518646	496,875	-2,64079141616821	496,875	-2,52498650550842	953,125	-1,08899772167206	
956,25	0,432430148124695	500	0,606573224067688	500	0,703211665153503	956,25	0,604274153709412	956,25	0,97735458612442	500	0,930811524391174	500	0,733970999717712	956,25	0,669429123401642	956,25	1,30805432796478	500	1,09035217761993	500	1,17235684394836	956,25	1,40061509609222	956,25	1,57545125484467	500	1,270751953125	500	1,52460360527039	956,25	1,9210616350174	956,25	-1,96956253051758	500	-3,41734910011292	500	-3,14749383926392	956,25	-1,71650743484497	956,25	-1,37839901447296	500	-2,89370369911194	500	-2,91551780700684	956,25	-1,566969871521	956,25	-1,373988032341	500	-2,78140354156494	500	-2,66899275779724	956,25	-1,40527319908142	956,25	-1,26878440380096	500	-2,65925884246826	500	-2,54029607772827	956,25	-1,07860064506531	
959,375	0,433214724063873	503,125	0,594980418682098	503,125	0,695645034313202	959,375	0,605444729328156	959,375	0,980970680713654	503,125	0,925256431102753	503,125	0,727291285991669	959,375	0,669400751590729	959,375	1,30793976783752	503,125	1,0864245891571	503,125	1,16913533210754	959,375	1,39577436447144	959,375	1,5747526884079	503,125	1,26826274394989	503,125	1,52313959598541	959,375	1,9202196598053	959,375	-1,95810484886169	503,125	-3,40008044242859	503,125	-3,13115072250366	959,375	-1,70586597919464	959,375	-1,36998796463013	503,125	-2,87700986862183	503,125	-2,89874219894409	959,375	-1,55476677417755	959,375	-1,36758613586426	503,125	-2,76481866836548	503,125	-2,65347003936768	959,375	-1,40306150913239	959,375	-1,26190769672394	503,125	-2,64397382736206	503,125	-2,5255651473999	959,375	-1,07334899902344	
962,5	0,428393095731735	506,25	0,559105038642883	506,25	0,665896832942963	962,5	0,601616024971008	962,5	0,980702936649323	506,25	0,900201141834259	506,25	0,700682520866394	962,5	0,664901852607727	962,5	1,30447483062744	506,25	1,06310153007507	506,25	1,14868366718292	962,5	1,39064383506775	962,5	1,57092380523682	506,25	1,24754774570465	506,25	1,50600612163544	962,5	1,91800916194916	962,5	-1,94925057888031	506,25	-3,38149523735046	506,25	-3,11650490760803	962,5	-1,69683921337128	962,5	-1,36337828636169	506,25	-2,8639543056488	506,25	-2,88481259346008	962,5	-1,54480195045471	962,5	-1,36289179325104	506,25	-2,75401473045349	506,25	-2,64512252807617	962,5	-1,40293920040131	962,5	-1,25634014606476	506,25	-2,63639950752258	506,25	-2,52131128311157	962,5	-1,06843221187592	
965,625	0,431575983762741	509,375	0,555265069007874	509,375	0,662658452987671	965,625	0,60615473985672	965,625	0,98710423707962	509,375	0,89819473028183	509,375	0,698104858398438	965,625	0,668690145015717	965,625	1,30958020687103	509,375	1,06046557426453	509,375	1,14583885669708	965,625	1,39321541786194	965,625	1,57739698886871	509,375	1,24467015266418	509,375	1,50312530994415	965,625	1,92311370372772	965,625	-1,94857537746429	509,375	-3,35249853134155	509,375	-3,09184002876282	965,625	-1,69492971897125	965,625	-1,36112976074219	509,375	-2,84033346176147	509,375	-2,86057424545288	965,625	-1,54136347770691	965,625	-1,35956037044525	509,375	-2,73124074935913	509,375	-2,62417984008789	965,625	-1,40156149864197	965,625	-1,25238180160522	509,375	-2,61416983604431	509,375	-2,50065088272095	965,625	-1,06052196025848	
968,75	0,422967165708542	512,5	0,574340999126434	512,5	0,680191516876221	968,75	0,601487517356873	968,75	0,988919079303741	512,5	0,913473904132843	512,5	0,714235365390778	968,75	0,664420604705811	968,75	1,31089091300964	512,5	1,07416701316833	512,5	1,15874171257019	968,75	1,39032137393951	968,75	1,58068954944611	512,5	1,25730288028717	512,5	1,51377177238464	968,75	1,93026399612427	968,75	-1,94641482830048	512,5	-3,32829451560974	512,5	-3,07045197486877	968,75	-1,69130742549896	968,75	-1,3590270280838	512,5	-2,8156099319458	512,5	-2,8387508392334	968,75	-1,53612005710602	968,75	-1,36130118370056	512,5	-2,70602607727051	512,5	-2,59860563278198	968,75	-1,40807616710663	968,75	-1,25229275226593	512,5	-2,58710646629334	512,5	-2,47255921363831	968,75	-1,05930769443512	
971,875	0,422159910202026	515,625	0,587005913257599	515,625	0,690391480922699	971,875	0,600275874137878	971,875	0,987657248973846	515,625	0,921512067317963	515,625	0,722442507743835	971,875	0,662977576255798	971,875	1,3052841424942	515,625	1,08036017417908	515,625	1,16344821453094	971,875	1,37883186340332	971,875	1,57460761070251	515,625	1,26141452789307	515,625	1,5160094499588	971,875	1,92214107513428	971,875	-1,93020117282867	515,625	-3,29672932624817	515,625	-3,04218602180481	971,875	-1,67702579498291	971,875	-1,34826827049255	515,625	-2,78543329238892	515,625	-2,81073689460754	971,875	-1,52127420902252	971,875	-1,35225689411163	515,625	-2,67558217048645	515,625	-2,5675847530365	971,875	-1,40371453762054	971,875	-1,24440288543701	515,625	-2,5557062625885	515,625	-2,44104051589966	971,875	-1,0544261932373	
975	0,425092697143555	518,75	0,518896698951721	518,75	0,631261646747589	975	0,602825164794922	975	0,990367233753204	518,75	0,87145471572876	518,75	0,673615992069244	975	0,66587221622467	975	1,30397069454193	518,75	1,03137230873108	518,75	1,1189591884613	975	1,36969065666199	975	1,57113194465637	518,75	1,21608102321625	518,75	1,47395420074463	975	1,91831886768341	975	-1,91573989391327	518,75	-3,24475789070129	518,75	-3,00219011306763	975	-1,66301548480988	975	-1,33814358711243	518,75	-2,75743579864502	518,75	-2,77593898773193	975	-1,50675570964813	975	-1,34311091899872	518,75	-2,6555347442627	518,75	-2,55236649513245	975	-1,39711141586304	975	-1,23502242565155	518,75	-2,54406881332397	518,75	-2,44098615646362	975	-1,04752838611603	
978,125	0,419098943471909	521,875	0,505410134792328	521,875	0,620873808860779	978,125	0,599236905574799	978,125	0,99114191532135	521,875	0,86317253112793	521,875	0,663924813270569	978,125	0,662606000900269	978,125	1,30543875694275	521,875	1,02463662624359	521,875	1,11286461353302	978,125	1,36866807937622	978,125	1,5749603509903	521,875	1,21002650260925	521,875	1,4716991186142	978,125	1,92393171787262	978,125	-1,91789638996124	521,875	-3,24001097679138	521,875	-3,00016832351685	978,125	-1,66356873512268	978,125	-1,33786416053772	521,875	-2,75195026397705	521,875	-2,77129530906677	978,125	-1,50531876087189	978,125	-1,34427499771118	521,875	-2,65008926391602	521,875	-2,54724097251892	978,125	-1,40421426296234	978,125	-1,23488736152649	521,875	-2,53881120681763	521,875	-2,43341684341431	978,125	-1,04397630691528	
981,25	0,424373954534531	525	0,547182261943817	525	0,654579699039459	981,25	0,604812622070313	981,25	0,995307803153992	525	0,892104387283325	525	0,692301869392395	981,25	0,667924702167511	981,25	1,30421495437622	525	1,04997158050537	525	1,13564026355743	981,25	1,35782027244568	981,25	1,57334053516388	525	1,23195111751556	525	1,48907256126404	981,25	1,92032420635223	981,25	-1,90154874324799	525	-3,21357703208923	525	-2,97416186332703	981,25	-1,649245262146	981,25	-1,32600450515747	525	-2,71990942955017	525	-2,74426674842834	981,25	-1,4903222322464	981,25	-1,33356547355652	525	-2,61502075195313	525	-2,51130628585815	981,25	-1,39626705646515	981,25	-1,22402060031891	525	-2,50145959854126	525	-2,39095067977905	981,25	-1,03425788879395	
984,375	0,416257619857788	528,125	0,546236217021942	528,125	0,654651463031769	984,375	0,59979110956192	984,375	0,99542635679245	528,125	0,900234997272491	528,125	0,696086943149567	984,375	0,66416347026825	984,375	1,30498349666595	528,125	1,06066536903381	528,125	1,14687812328339	984,375	1,35295403003693	984,375	1,57559883594513	528,125	1,24565124511719	528,125	1,5070812702179	984,375	1,92544329166412	984,375	-1,90030074119568	528,125	-3,22034287452698	528,125	-2,97997236251831	984,375	-1,64740252494812	984,375	-1,32504057884216	528,125	-2,72029685974121	528,125	-2,74473881721497	984,375	-1,48804128170013	984,375	-1,33487010002136	528,125	-2,61475515365601	528,125	-2,50940179824829	984,375	-1,40391397476196	984,375	-1,22498691082001	528,125	-2,49836158752441	528,125	-2,38797998428345	984,375	-1,03284001350403	
987,5	0,415229082107544	531,25	0,529032826423645	531,25	0,63974803686142	987,5	0,600288569927216	987,5	0,998637914657593	531,25	0,889597535133362	531,25	0,684556066989899	987,5	0,665802597999573	987,5	1,30845904350281	531,25	1,05110275745392	531,25	1,13806354999542	987,5	1,35044848918915	987,5	1,5792384147644	531,25	1,23706495761871	531,25	1,50029563903809	987,5	1,93042385578156	987,5	-1,89929437637329	531,25	-3,20311999320984	531,25	-2,9664294719696	987,5	-1,64569652080536	987,5	-1,32345581054688	531,25	-2,7066798210144	531,25	-2,72943115234375	987,5	-1,48553204536438	987,5	-1,33329105377197	531,25	-2,60332298278809	531,25	-2,49812912940979	987,5	-1,4062385559082	987,5	-1,22204315662384	531,25	-2,48659324645996	531,25	-2,37859749794006	987,5	-1,02742040157318	
990,625	0,417201697826386	534,375	0,524492263793945	534,375	0,635467290878296	990,625	0,602347075939178	990,625	1,00088930130005	534,375	0,891350209712982	534,375	0,682366013526917	990,625	0,668034791946411	990,625	1,30637717247009	534,375	1,05411577224731	534,375	1,14290261268616	990,625	1,33646523952484	990,625	1,57655644416809	534,375	1,24224078655243	534,375	1,50825130939484	990,625	1,9273202419281	990,625	-1,88543021678925	534,375	-3,20114898681641	534,375	-2,96626877784729	990,625	-1,63357186317444	990,625	-1,31443989276886	534,375	-2,70167779922485	534,375	-2,72470235824585	990,625	-1,47399008274078	990,625	-1,32682979106903	534,375	-2,59763240814209	534,375	-2,49137830734253	990,625	-1,40088713169098	990,625	-1,21526551246643	534,375	-2,4796130657196	534,375	-2,3702085018158	990,625	-1,02116620540619	
993,75	0,404702097177505	537,5	0,534524619579315	537,5	0,64214289188385	993,75	0,593203246593475	993,75	0,997549295425415	537,5	0,899831056594849	537,5	0,690429389476776	993,75	0,660280764102936	993,75	1,30288875102997	537,5	1,06163549423218	537,5	1,15089416503906	993,75	1,32287073135376	993,75	1,57612562179565	537,5	1,24928104877472	537,5	1,51455414295197	993,75	1,93121612071991	993,75	-1,88142800331116	537,5	-3,18204426765442	537,5	-2,95012140274048	993,75	-1,63023340702057	993,75	-1,31266808509827	537,5	-2,68362712860107	537,5	-2,70739245414734	993,75	-1,46996188163757	993,75	-1,32899045944214	537,5	-2,57920002937317	537,5	-2,47331190109253	993,75	-1,41083574295044	993,75	-1,21676290035248	537,5	-2,45984411239624	537,5	-2,350022315979	993,75	-1,02039420604706	
996,875	0,414281219244003	540,625	0,511357426643372	540,625	0,62118136882782	996,875	0,602041304111481	996,875	1,00440979003906	540,625	0,885301530361176	540,625	0,674981534481049	996,875	0,668146133422852	996,875	1,30623960494995	540,625	1,04900014400482	540,625	1,13927066326141	996,875	1,31874048709869	996,875	1,57854986190796	540,625	1,2373366355896	540,625	1,50578284263611	996,875	1,93165028095245	996,875	-1,87385952472687	540,625	-3,16931128501892	540,625	-2,94092273712158	996,875	-1,62233304977417	996,875	-1,30482923984528	540,625	-2,67540287971497	540,625	-2,6965663433075	996,875	-1,46201658248901	996,875	-1,31998944282532	540,625	-2,57111978530884	540,625	-2,46567225456238	996,875	-1,40031468868256	996,875	-1,20583152770996	540,625	-2,45314192771912	540,625	-2,34508156776428	996,875	-1,00845575332642	
1000	0,415128290653229	543,75	0,509589910507202	543,75	0,614219725131989	1000	0,603323042392731	1000	1,00666904449463	543,75	0,878157615661621	543,75	0,670728027820587	1000	0,670251488685608	1000	1,30515336990356	543,75	1,0385799407959	543,75	1,12822937965393	1000	1,30516111850739	1000	1,57853317260742	543,75	1,2252311706543	543,75	1,49058258533478	1000	1,92970407009125	1000	-1,86364495754242	543,75	-3,11742520332336	543,75	-2,89620065689087	1000	-1,61294031143188	1000	-1,29818153381348	543,75	-2,63198232650757	543,75	-2,65318059921265	1000	-1,45252096652985	1000	-1,31467831134796	543,75	-2,53025650978088	543,75	-2,42603778839111	1000	-1,39712917804718	1000	-1,20075798034668	543,75	-2,41173672676086	543,75	-2,30740094184875	1000	-1,00371789932251	
1003,125	0,413353115320206	546,875	0,541214108467102	546,875	0,639893233776093	1003,125	0,60304993391037	1003,125	1,00861763954163	546,875	0,902815341949463	546,875	0,69508296251297	1003,125	0,670499324798584	1003,125	1,30665707588196	546,875	1,06155776977539	546,875	1,15097236633301	1003,125	1,29649519920349	1003,125	1,58159124851227	546,875	1,24758434295654	546,875	1,51039886474609	1003,125	1,93442356586456	1003,125	-1,86124515533447	546,875	-3,10789895057678	546,875	-2,88432860374451	1003,125	-1,61020648479462	1003,125	-1,29521787166595	546,875	-2,61507821083069	546,875	-2,63999915122986	1003,125	-1,44928526878357	1003,125	-1,31360709667206	546,875	-2,51025319099426	546,875	-2,40460753440857	1003,125	-1,39833247661591	1003,125	-1,19764149188995	546,875	-2,38777828216553	546,875	-2,27915978431702	1003,125	-0,998849451541901	
1006,25	0,418814897537231	550	0,506281018257141	550	0,604232609272003	1006,25	0,607512414455414	1006,25	1,01214981079102	550	0,875974714756012	550	0,670053482055664	1006,25	0,674371302127838	1006,25	1,30737245082855	550	1,03485238552094	550	1,12781000137329	1006,25	1,28394281864166	1006,25	1,58134150505066	550	1,22527480125427	550	1,48939287662506	1006,25	1,93384671211243	1006,25	-1,8505871295929	550	-3,07276272773743	550	-2,85707449913025	1006,25	-1,60071563720703	1006,25	-1,28708338737488	550	-2,59228157997131	550	-2,6137478351593	1006,25	-1,43984758853912	1006,25	-1,30681705474854	550	-2,49143409729004	550	-2,38776779174805	1006,25	-1,38846695423126	1006,25	-1,18942081928253	550	-2,36974167823792	550	-2,26714754104614	1006,25	-0,991452991962433	
1009,375	0,414542764425278	553,125	0,504027128219604	553,125	0,602698743343353	1009,375	0,604605436325073	1009,375	1,01159989833832	553,125	0,883092403411865	553,125	0,673188626766205	1009,375	0,672286927700043	1009,375	1,30624401569366	553,125	1,04473543167114	553,125	1,14028382301331	1009,375	1,27038240432739	1009,375	1,58115434646606	553,125	1,23986494541168	553,125	1,50810599327087	1009,375	1,93457126617432	1009,375	-1,84631454944611	553,125	-3,09700727462769	553,125	-2,87908172607422	1009,375	-1,59686207771301	1009,375	-1,28455340862274	553,125	-2,60632991790771	553,125	-2,6285605430603	1009,375	-1,43606781959534	1009,375	-1,30670094490051	553,125	-2,503084897995	553,125	-2,39656591415405	1009,375	-1,390052318573	1009,375	-1,18787717819214	553,125	-2,37609481811523	553,125	-2,26971673965454	1009,375	-0,988197028636932	
1012,5	0,406833648681641	556,25	0,530621767044067	556,25	0,616487205028534	1012,5	0,598847806453705	1012,5	1,00907599925995	556,25	0,894155561923981	556,25	0,690108716487885	1012,5	0,667486846446991	1012,5	1,30235993862152	556,25	1,04979276657104	556,25	1,14401376247406	1012,5	1,25042963027954	1012,5	1,57906484603882	556,25	1,24398934841156	556,25	1,50444030761719	1012,5	1,93437111377716	1012,5	-1,83957207202911	556,25	-3,02309107780457	556,25	-2,80969047546387	1012,5	-1,5906583070755	1012,5	-1,28027129173279	556,25	-2,54313468933105	556,25	-2,5689651966095	1012,5	-1,42945671081543	1012,5	-1,30710363388062	556,25	-2,44070959091187	556,25	-2,33845067024231	1012,5	-1,3929740190506	1012,5	-1,18651914596558	556,25	-2,31795525550842	556,25	-2,21309685707092	1012,5	-0,985611021518707	
1015,625	0,42484238743782	559,375	0,530832648277283	559,375	0,61595219373703	1015,625	0,615056395530701	1015,625	1,02080357074738	559,375	0,898993492126465	559,375	0,693466067314148	1015,625	0,682490766048431	1015,625	1,30910003185272	559,375	1,0558272600174	559,375	1,15128600597382	1015,625	1,25093114376068	1015,625	1,58617901802063	559,375	1,25339925289154	559,375	1,51519393920898	1015,625	1,93672478199005	1015,625	-1,83694231510162	559,375	-3,03156113624573	559,375	-2,8153293132782	1015,625	-1,58700406551361	1015,625	-1,27327799797058	559,375	-2,54627799987793	559,375	-2,57276916503906	1015,625	-1,42418622970581	1015,625	-1,29742109775543	559,375	-2,4421546459198	559,375	-2,33933043479919	1015,625	-1,37253844738007	1015,625	-1,17363965511322	559,375	-2,31806778907776	559,375	-2,21071696281433	1015,625	-0,971341490745544	
1018,75	0,412872433662415	562,5	0,496083170175552	562,5	0,580932676792145	1018,75	0,604271054267883	1018,75	1,01357626914978	562,5	0,876910150051117	562,5	0,67145299911499	1018,75	0,671757519245148	1018,75	1,29825913906097	562,5	1,03519427776337	562,5	1,13459169864655	1018,75	1,21036446094513	1018,75	1,57634747028351	562,5	1,24100565910339	562,5	1,50514817237854	1018,75	1,93023097515106	1018,75	-1,81361615657806	562,5	-3,00956273078918	562,5	-2,79492235183716	1018,75	-1,56852352619171	1018,75	-1,26382327079773	562,5	-2,53407764434814	562,5	-2,55735373497009	1018,75	-1,4073930978775	1018,75	-1,29477047920227	562,5	-2,43257451057434	562,5	-2,33310699462891	1018,75	-1,36430394649506	1018,75	-1,17280828952789	562,5	-2,314129114151	562,5	-2,21087217330933	1018,75	-0,973924338817596	
1021,875	0,41162970662117	565,625	0,476228266954422	565,625	0,560923933982849	1021,875	0,60438746213913	1021,875	1,0168035030365	565,625	0,868198871612549	565,625	0,660141289234161	1021,875	0,672328293323517	1021,875	1,30206394195557	565,625	1,02919161319733	565,625	1,13203978538513	1021,875	1,20463299751282	1021,875	1,58283793926239	565,625	1,24140381813049	565,625	1,50994884967804	1021,875	1,9371452331543	1021,875	-1,81835949420929	565,625	-3,01770424842834	565,625	-2,80119919776917	1021,875	-1,57124972343445	1021,875	-1,26463258266449	565,625	-2,53900742530823	565,625	-2,56284403800964	1021,875	-1,40913903713226	1021,875	-1,2968578338623	565,625	-2,43719792366028	565,625	-2,33745384216309	1021,875	-1,36567616462708	1021,875	-1,17191314697266	565,625	-2,31948447227478	565,625	-2,21525120735168	1021,875	-0,9684117436409	
1025	0,407227247953415	568,75	0,507243812084198	568,75	0,583931446075439	1025	0,600861549377441	1025	1,0146176815033	568,75	0,887380182743073	568,75	0,681495249271393	1025	0,66913765668869	1025	1,29662394523621	568,75	1,04505515098572	568,75	1,14589953422546	1025	1,17868292331696	1025	1,5793993473053	568,75	1,25329756736755	568,75	1,51666760444641	1025	1,93555510044098	1025	-1,80678761005402	568,75	-2,97594165802002	568,75	-2,75542020797729	1025	-1,56100535392761	1025	-1,257847905159	568,75	-2,49833965301514	568,75	-2,52698445320129	1025	-1,39879167079926	1025	-1,29337656497955	568,75	-2,39533424377441	568,75	-2,29839038848877	1025	-1,35231065750122	1025	-1,1682904958725	568,75	-2,2808096408844	568,75	-2,17482781410217	1025	-0,965730488300323	
1028,125	0,412252694368362	571,875	0,510918974876404	571,875	0,585079371929169	1028,125	0,605548858642578	1028,125	1,018150806427	571,875	0,891791641712189	571,875	0,685361564159393	1028,125	0,67298424243927	1028,125	1,29887557029724	571,875	1,04952156543732	571,875	1,15022563934326	1028,125	1,168172955513	1028,125	1,58221089839935	571,875	1,25835812091827	571,875	1,52248775959015	1028,125	1,93728935718536	1028,125	-1,80269420146942	571,875	-2,96588373184204	571,875	-2,74137616157532	1028,125	-1,55692338943481	1028,125	-1,25334763526917	571,875	-2,48674058914185	571,875	-2,51704502105713	1028,125	-1,39377892017365	1028,125	-1,29012334346771	571,875	-2,38277578353882	571,875	-2,28660464286804	1028,125	-1,33872938156128	1028,125	-1,16206812858582	571,875	-2,26960349082947	571,875	-2,16132831573486	1028,125	-0,958400428295136	
1031,25	0,407300770282745	575	0,491027504205704	575	0,565835356712341	1031,25	0,601621210575104	1031,25	1,01675057411194	575	0,878255844116211	575	0,67135488986969	1031,25	0,669567048549652	1031,25	1,29499113559723	575	1,03666913509369	575	1,13921821117401	1031,25	1,1460223197937	1031,25	1,58227980136871	575	1,24737703800201	575	1,51434755325317	1031,25	1,93892228603363	1031,25	-1,79737269878387	575	-2,94723534584045	575	-2,72045612335205	1031,25	-1,55172955989838	1031,25	-1,25048696994781	575	-2,4746675491333	575	-2,50389409065247	1031,25	-1,38869106769562	1031,25	-1,2918461561203	575	-2,37225937843323	575	-2,27868509292603	1031,25	-1,33034110069275	1031,25	-1,16117179393768	575	-2,26390290260315	575	-2,15781831741333	1031,25	-0,956525862216949	
1034,375	0,406854629516602	578,125	0,479114502668381	578,125	0,555263996124268	1034,375	0,602144062519073	1034,375	1,0184965133667	578,125	0,873159646987915	578,125	0,664220094680786	1034,375	0,67046993970871	1034,375	1,29504239559174	578,125	1,03251922130585	578,125	1,13679957389832	1034,375	1,13094770908356	1034,375	1,58456873893738	578,125	1,24555671215057	578,125	1,51517522335052	1034,375	1,94168937206268	1034,375	-1,79404306411743	578,125	-2,94150519371033	578,125	-2,71087622642517	1034,375	-1,54783141613007	1034,375	-1,24734961986542	578,125	-2,47023010253906	578,125	-2,49972891807556	1034,375	-1,38414072990417	1034,375	-1,29179215431213	578,125	-2,36829948425293	578,125	-2,27572894096375	1034,375	-1,31747794151306	1034,375	-1,15829598903656	578,125	-2,26180791854858	578,125	-2,15615630149841	1034,375	-0,951240122318268	
1037,5	0,406112283468246	581,25	0,499650329351425	581,25	0,574994146823883	1037,5	0,600654423236847	1037,5	1,01606094837189	581,25	0,892378807067871	581,25	0,681203365325928	1037,5	0,670547425746918	1037,5	1,28641057014465	581,25	1,05070221424103	581,25	1,15409934520721	1037,5	1,10473608970642	1037,5	1,57823181152344	581,25	1,26276803016663	581,25	1,5323224067688	1037,5	1,93799614906311	1037,5	-1,77561926841736	581,25	-2,93823003768921	581,25	-2,70321893692017	1037,5	-1,5325700044632	1037,5	-1,23723781108856	581,25	-2,46194219589233	581,25	-2,49381113052368	1037,5	-1,36811447143555	1037,5	-1,28529703617096	581,25	-2,35692811012268	581,25	-2,26381945610046	1037,5	-1,28341579437256	1037,5	-1,15161848068237	581,25	-2,24886465072632	581,25	-2,13983774185181	1037,5	-0,94568657875061	
1040,625	0,406020671129227	584,375	0,48164364695549	584,375	0,55932754278183	1040,625	0,601639747619629	1040,625	1,01788771152496	584,375	0,875829875469208	584,375	0,665805041790009	1040,625	0,671453595161438	1040,625	1,28622794151306	584,375	1,03330564498901	584,375	1,13755083084106	1040,625	1,0962827205658	1040,625	1,58157730102539	584,375	1,24470472335815	584,375	1,51480114459991	1040,625	1,94135618209839	1040,625	-1,77458429336548	584,375	-2,89628720283508	584,375	-2,65986609458923	1040,625	-1,5308849811554	1040,625	-1,23551988601685	584,375	-2,43058300018311	584,375	-2,46134114265442	1040,625	-1,36551904678345	1040,625	-1,28589498996735	584,375	-2,32809519767761	584,375	-2,23889970779419	1040,625	-1,26823794841766	1040,625	-1,14980566501617	584,375	-2,22586250305176	584,375	-2,12159538269043	1040,625	-0,941138625144959	
1043,75	0,407079637050629	587,5	0,477933585643768	587,5	0,558473587036133	1043,75	0,603132903575897	1043,75	1,01862514019012	587,5	0,877753794193268	587,5	0,665532052516937	1043,75	0,67271488904953	1043,75	1,28274130821228	587,5	1,03628778457642	587,5	1,14202857017517	1043,75	1,08435559272766	1043,75	1,58146381378174	587,5	1,24991285800934	587,5	1,52236557006836	1043,75	1,94013941287994	1043,75	-1,76688146591187	587,5	-2,89872717857361	587,5	-2,65769577026367	1043,75	-1,52335441112518	1043,75	-1,22961497306824	587,5	-2,42902040481567	587,5	-2,46139574050903	1043,75	-1,35765671730042	1043,75	-1,28329527378082	587,5	-2,32565903663635	587,5	-2,23650979995728	1043,75	-1,24243199825287	1043,75	-1,14529860019684	587,5	-2,22311639785767	587,5	-2,11709856987	1043,75	-0,935282409191132	
1046,875	0,403282850980759	590,625	0,46975439786911	590,625	0,55388468503952	1046,875	0,60136467218399	1046,875	1,01849830150604	590,625	0,872994244098663	590,625	0,659739971160889	1046,875	0,671529948711395	1046,875	1,28215146064758	590,625	1,03125905990601	590,625	1,13832426071167	1046,875	1,06953680515289	1046,875	1,58377516269684	590,625	1,24616837501526	590,625	1,52000212669373	1046,875	1,94359159469604	1046,875	-1,7663277387619	590,625	-2,88023567199707	590,625	-2,63775062561035	1046,875	-1,52219033241272	1046,875	-1,22909533977509	590,625	-2,41382169723511	590,625	-2,44640278816223	1046,875	-1,35575520992279	1046,875	-1,28683948516846	590,625	-2,31094121932983	590,625	-2,2237274646759	1046,875	-1,22798216342926	1046,875	-1,14534544944763	590,625	-2,21039056777954	590,625	-2,10546088218689	1046,875	-0,932060956954956	
1050	0,402298003435135	593,75	0,469021499156952	593,75	0,555501401424408	1050	0,599208950996399	1050	1,01549935340881	593,75	0,871580302715302	593,75	0,658869862556458	1050	0,670693218708038	1050	1,27413856983185	593,75	1,02907407283783	593,75	1,13598084449768	1050	1,05814242362976	1050	1,5801944732666	593,75	1,24316835403442	593,75	1,51669561862946	1050	1,94152569770813	1050	-1,75529086589813	593,75	-2,85606503486633	593,75	-2,6135082244873	1050	-1,51293861865997	1050	-1,22158777713776	593,75	-2,39426684379578	593,75	-2,42651581764221	1050	-1,345743060112	1050	-1,28518867492676	593,75	-2,29135370254517	593,75	-2,20611667633057	1050	-1,19505953788757	1050	-1,14179039001465	593,75	-2,19322896003723	593,75	-2,08995938301086	1050	-0,928554534912109	
1053,125	0,394265681505203	596,875	0,470144033432007	596,875	0,559458911418915	1053,125	0,593731820583344	1053,125	1,01253819465637	596,875	0,876397311687469	596,875	0,661836802959442	1053,125	0,66571968793869	1053,125	1,26953542232513	596,875	1,03435003757477	596,875	1,14190113544464	1053,125	1,040003657341	1053,125	1,5816502571106	596,875	1,24939811229706	596,875	1,52434706687927	1053,125	1,94705474376678	1053,125	-1,75587153434753	596,875	-2,8541259765625	596,875	-2,60904240608215	1053,125	-1,51358950138092	1053,125	-1,22311019897461	596,875	-2,39054918289185	596,875	-2,42343187332153	1053,125	-1,34523189067841	1053,125	-1,29295742511749	596,875	-2,28615689277649	596,875	-2,20177507400513	1053,125	-1,17938697338104	1053,125	-1,14584934711456	596,875	-2,18885564804077	596,875	-2,08486819267273	1053,125	-0,928409337997437	
1056,25	0,391577631235123	600	0,45793753862381	600	0,552156269550323	1056,25	0,591443777084351	1056,25	1,00932443141937	600	0,872752547264099	600	0,655602991580963	1056,25	0,665116667747498	1056,25	1,25833606719971	600	1,03229451179504	600	1,14238667488098	1056,25	1,03152167797089	1056,25	1,57659196853638	600	1,25126945972443	600	1,53022956848145	1056,25	1,94479477405548	1056,25	-1,74087631702423	600	-2,85573506355286	600	-2,60779690742493	1056,25	-1,50039923191071	1056,25	-1,21420514583588	600	-2,39071750640869	600	-2,42375254631042	1056,25	-1,33267891407013	1056,25	-1,28941559791565	600	-2,2853090763092	600	-2,20169830322266	1056,25	-1,13890326023102	1056,25	-1,14133107662201	600	-2,188889503479	600	-2,08370232582092	1056,25	-0,924595832824707	
1059,375	0,402303695678711	603,125	0,452061206102371	603,125	0,548612356185913	1059,375	0,601519346237183	1059,375	1,01650524139404	603,125	0,863864839076996	603,125	0,648902535438538	1059,375	0,67478996515274	1059,375	1,25923132896423	603,125	1,02138674259186	603,125	1,13133299350739	1059,375	1,04698741436005	1059,375	1,58142685890198	603,125	1,23851871490479	603,125	1,51505303382874	1059,375	1,9457870721817	1059,375	-1,73599863052368	603,125	-2,81643867492676	603,125	-2,57119488716125	1059,375	-1,49441170692444	1059,375	-1,20689105987549	603,125	-2,35848879814148	603,125	-2,39213085174561	1059,375	-1,32702136039734	1059,375	-1,28076660633087	603,125	-2,25316023826599	603,125	-2,17311120033264	1059,375	-1,11576676368713	1059,375	-1,13169002532959	603,125	-2,16052675247192	603,125	-2,05853128433228	1059,375	-0,913954854011536	
1062,5	0,399553090333939	606,25	0,470688223838806	606,25	0,567329227924347	1062,5	0,601096153259277	1062,5	1,01589477062225	606,25	0,882045030593872	606,25	0,665306925773621	1062,5	0,67439877986908	1062,5	1,25345826148987	606,25	1,03944647312164	606,25	1,14833557605743	1062,5	1,04340302944183	1062,5	1,58267068862915	606,25	1,25580871105194	606,25	1,53339743614197	1062,5	1,949383020401	1062,5	-1,73446440696716	606,25	-2,81448411941528	606,25	-2,56843376159668	1062,5	-1,49216258525848	1062,5	-1,20558965206146	606,25	-2,35231471061707	606,25	-2,38858962059021	1062,5	-1,32535421848297	1062,5	-1,28400015830994	606,25	-2,2447235584259	606,25	-2,16506767272949	1062,5	-1,09479928016663	1062,5	-1,13296377658844	606,25	-2,15161299705505	606,25	-2,04704356193542	1062,5	-0,911835193634033	
1065,625	0,395397394895554	609,375	0,472224026918411	609,375	0,570866882801056	1065,625	0,596499741077423	1065,625	1,00866937637329	609,375	0,879554748535156	609,375	0,664589881896973	1065,625	0,671408653259277	1065,625	1,23649322986603	609,375	1,03666627407074	609,375	1,14311242103577	1065,625	1,04022264480591	1065,625	1,57579159736633	609,375	1,25021922588348	609,375	1,52444493770599	1065,625	1,94462704658508	1065,625	-1,7175018787384	609,375	-2,76798701286316	609,375	-2,52627515792847	1065,625	-1,47940862178802	1065,625	-1,19562911987305	609,375	-2,31358480453491	609,375	-2,35018992424011	1065,625	-1,3121190071106	1065,625	-1,28309834003448	609,375	-2,20592331886292	609,375	-2,13061666488647	1065,625	-1,05175125598907	1065,625	-1,13266408443451	609,375	-2,11712408065796	609,375	-2,01514744758606	1065,625	-0,910670220851898	
1068,75	0,398691356182098	612,5	0,463912099599838	612,5	0,565489232540131	1068,75	0,599428534507751	1068,75	1,01119363307953	612,5	0,877092599868774	612,5	0,659727334976196	1068,75	0,675107955932617	1068,75	1,23259592056274	612,5	1,0359034538269	612,5	1,14313817024231	1068,75	1,05053639411926	1068,75	1,57835686206818	612,5	1,25065684318542	612,5	1,52778625488281	1068,75	1,94659674167633	1068,75	-1,71403229236603	612,5	-2,77577805519104	612,5	-2,53128910064697	1068,75	-1,47575628757477	1068,75	-1,18994796276093	612,5	-2,31794261932373	612,5	-2,3550009727478	1068,75	-1,30735921859741	1068,75	-1,27942383289337	612,5	-2,20818042755127	612,5	-2,13388228416443	1068,75	-1,03297245502472	1068,75	-1,12653243541718	612,5	-2,12010979652405	612,5	-2,01652073860168	1068,75	-0,903805613517761	
1071,875	0,396060794591904	615,625	0,465804815292358	615,625	0,569369733333588	1071,875	0,598308324813843	1071,875	1,01044631004333	615,625	0,878643214702606	615,625	0,660977244377136	1071,875	0,674181401729584	1071,875	1,22505247592926	615,625	1,03784549236298	615,625	1,14359319210052	1071,875	1,05422186851501	1071,875	1,57978165149689	615,625	1,25053024291992	615,625	1,52710008621216	1071,875	1,94923341274261	1071,875	-1,71218144893646	615,625	-2,75470924377441	615,625	-2,51166248321533	1071,875	-1,47330152988434	1071,875	-1,18703174591064	615,625	-2,29809498786926	615,625	-2,3364622592926	1071,875	-1,30488276481628	1071,875	-1,27979874610901	615,625	-2,18829607963562	615,625	-2,11537098884583	1071,875	-1,01305603981018	1071,875	-1,12611937522888	615,625	-2,10144376754761	615,625	-1,99831128120422	1071,875	-0,900876343250275	
1075	0,397219240665436	618,75	0,450079292058945	618,75	0,558093547821045	1075	0,598865389823914	1075	1,01054215431213	618,75	0,868979454040527	618,75	0,649750411510468	1075	0,675727188587189	1075	1,21327972412109	618,75	1,03100943565369	618,75	1,1364232301712	1075	1,06432175636292	1075	1,57669234275818	618,75	1,24384152889252	618,75	1,52324616909027	1075	1,94793462753296	1075	-1,70262742042542	618,75	-2,74378871917725	618,75	-2,50227999687195	1075	-1,46399509906769	1075	-1,17851734161377	618,75	-2,29152250289917	618,75	-2,32847285270691	1075	-1,29573142528534	1075	-1,27283108234406	618,75	-2,18214130401611	618,75	-2,1110520362854	1075	-0,986475884914398	1075	-1,12263941764832	618,75	-2,0977623462677	618,75	-1,99704658985138	1075	-0,89616072177887	
1078,125	0,395384550094604	621,875	0,452902436256409	621,875	0,561901211738586	1078,125	0,597798824310303	1078,125	1,00940871238708	621,875	0,870926678180695	621,875	0,65155690908432	1078,125	0,67615282535553	1078,125	1,20048010349274	621,875	1,03295838832855	621,875	1,13688838481903	1078,125	1,07437419891357	1078,125	1,57554709911346	621,875	1,24398791790009	621,875	1,52241635322571	1078,125	1,94881546497345	1078,125	-1,69627809524536	621,875	-2,72056555747986	621,875	-2,48100090026855	1078,125	-1,45890390872955	1078,125	-1,17320036888123	621,875	-2,27051401138306	621,875	-2,3083643913269	1078,125	-1,29098856449127	1078,125	-1,27072334289551	621,875	-2,16145062446594	621,875	-2,09157776832581	1078,125	-0,963024079799652	1078,125	-1,12281775474548	621,875	-2,07830357551575	621,875	-1,97801494598389	1078,125	-0,893853604793549	
1081,25	0,399300187826157	625	0,458028435707092	625	0,568592846393585	1081,25	0,601411879062653	1081,25	1,0131322145462	625	0,877905786037445	625	0,657331168651581	1081,25	0,680641531944275	1081,25	1,195347905159	625	1,04114437103271	625	1,14448463916779	1081,25	1,08863949775696	1081,25	1,57913136482239	625	1,25176894664764	625	1,53065669536591	1081,25	1,95205807685852	1081,25	-1,69553935527802	625	-2,71955680847168	625	-2,47962975502014	1081,25	-1,45642042160034	1081,25	-1,16836559772491	625	-2,26734161376953	625	-2,30620694160461	1081,25	-1,28819048404694	1081,25	-1,26480329036713	625	-2,1586000919342	625	-2,08729529380798	1081,25	-0,949651420116425	1081,25	-1,11906397342682	625	-2,07383418083191	625	-1,97268640995026	1081,25	-0,886867225170136	
1084,375	0,397629290819168	628,125	0,443053156137466	628,125	0,557755351066589	1084,375	0,600213885307312	1084,375	1,01225030422211	628,125	0,867433249950409	628,125	0,64618593454361	1084,375	0,680878877639771	1084,375	1,18200302124023	628,125	1,03270983695984	628,125	1,13514065742493	1084,375	1,09821009635925	1084,375	1,57572627067566	628,125	1,24271667003632	628,125	1,52345967292786	1084,375	1,9503333568573	1084,375	-1,68544113636017	628,125	-2,69688415527344	628,125	-2,46063780784607	1084,375	-1,44780898094177	1084,375	-1,15887939929962	628,125	-2,25021982192993	628,125	-2,28857374191284	1084,375	-1,27931189537048	1084,375	-1,25632464885712	628,125	-2,14366507530212	628,125	-2,07345962524414	1084,375	-0,929007291793823	1084,375	-1,11582052707672	628,125	-2,06114482879639	628,125	-1,96208727359772	1084,375	-0,882253348827362	
1087,5	0,396839648485184	631,25	0,439648181200027	631,25	0,55689811706543	1087,5	0,601624250411987	1087,5	1,01138746738434	631,25	0,868443965911865	631,25	0,644939780235291	1087,5	0,681300044059753	1087,5	1,16686832904816	631,25	1,03482007980347	631,25	1,13709366321564	1087,5	1,10942614078522	1087,5	1,57209885120392	631,25	1,24488151073456	631,25	1,52752566337585	1087,5	1,94948184490204	1087,5	-1,67310869693756	631,25	-2,69147086143494	631,25	-2,4553370475769	1087,5	-1,4389111995697	1087,5	-1,15029215812683	631,25	-2,24359250068665	631,25	-2,28265047073364	1087,5	-1,27087557315826	1087,5	-1,24682533740997	631,25	-2,13715720176697	631,25	-2,06638360023499	1087,5	-0,909094333648682	1087,5	-1,11465740203857	631,25	-2,05362629890442	631,25	-1,95404779911041	1087,5	-0,878912091255188	
1090,625	0,398464292287827	634,375	0,442544162273407	634,375	0,560303807258606	1090,625	0,602610111236572	1090,625	1,01355516910553	634,375	0,871574938297272	634,375	0,647600948810577	1090,625	0,683400452136993	1090,625	1,1574809551239	634,375	1,03724277019501	634,375	1,13962721824646	1090,625	1,12082493305206	1090,625	1,572380900383	634,375	1,2466893196106	634,375	1,52890503406525	1090,625	1,95013546943665	1090,625	-1,66990280151367	634,375	-2,67496991157532	634,375	-2,44125604629517	1090,625	-1,43474805355072	1090,625	-1,1453138589859	634,375	-2,2283182144165	634,375	-2,26797652244568	1090,625	-1,26721632480621	1090,625	-1,23987054824829	634,375	-2,12228941917419	634,375	-2,05148148536682	1090,625	-0,896453857421875	1090,625	-1,11265182495117	634,375	-2,0386438369751	634,375	-1,93902230262756	1090,625	-0,873934209346771	
1093,75	0,397448271512985	637,5	0,453345090150833	637,5	0,570809602737427	1093,75	0,602409362792969	1093,75	1,01466810703278	637,5	0,882061123847961	637,5	0,657010078430176	1093,75	0,684125304222107	1093,75	1,1462230682373	637,5	1,04671907424927	637,5	1,14950180053711	1093,75	1,13122475147247	1093,75	1,57052087783813	637,5	1,25647354125977	637,5	1,53740477561951	1093,75	1,95156216621399	1093,75	-1,66560053825378	637,5	-2,66466474533081	637,5	-2,43209099769592	1093,75	-1,43040430545807	1093,75	-1,14094603061676	637,5	-2,21680974960327	637,5	-2,25791525840759	1093,75	-1,26255249977112	1093,75	-1,23063337802887	637,5	-2,1099750995636	637,5	-2,03912210464478	1093,75	-0,885184168815613	1093,75	-1,11123383045197	637,5	-2,02560377120972	637,5	-1,92510640621185	1093,75	-0,87100225687027	
1096,875	0,392916411161423	640,625	0,443307608366013	640,625	0,562528669834137	1096,875	0,597115159034729	1096,875	1,010861992836	640,625	0,875000834465027	640,625	0,64943653345108	1096,875	0,680103719234467	1096,875	1,12759912014008	640,625	1,03977191448212	640,625	1,14235985279083	1096,875	1,13927888870239	1096,875	1,56555223464966	640,625	1,24993741512299	640,625	1,53206038475037	1096,875	1,950443983078	1096,875	-1,65602171421051	640,625	-2,64171242713928	640,625	-2,41324186325073	1096,875	-1,42260932922363	1096,875	-1,13388538360596	640,625	-2,19960069656372	640,625	-2,23973035812378	1096,875	-1,254767537117	1096,875	-1,21978855133057	640,625	-2,0942656993866	640,625	-2,02465772628784	1096,875	-0,868875741958618	1096,875	-1,11310386657715	640,625	-2,01194286346436	640,625	-1,91374635696411	1096,875	-0,869747042655945	
1100	0,392923176288605	643,75	0,424710422754288	643,75	0,5473792552948	1100	0,597099721431732	1100	1,01225304603577	643,75	0,862246513366699	643,75	0,635792672634125	1100	0,680956244468689	1100	1,1193950176239	643,75	1,02751898765564	643,75	1,13121950626373	1100	1,1493661403656	1100	1,56627249717712	643,75	1,23843002319336	643,75	1,52226555347443	1100	1,95311200618744	1100	-1,65487945079803	643,75	-2,62924647331238	643,75	-2,40353488922119	1100	-1,42153978347778	1100	-1,13012516498566	643,75	-2,19006776809692	643,75	-2,22974300384521	1100	-1,25250470638275	1100	-1,21028101444244	643,75	-2,08627271652222	643,75	-2,01736450195313	1100	-0,859573483467102	1100	-1,11264085769653	643,75	-2,00531029701233	643,75	-1,90790867805481	1100	-0,866066575050354	
1103,125	0,389159202575684	646,875	0,432858884334564	646,875	0,554901480674744	1103,125	0,596989154815674	1103,125	1,0122811794281	646,875	0,871027946472168	646,875	0,643547534942627	1103,125	0,680897891521454	1103,125	1,10752642154694	646,875	1,03639185428619	646,875	1,14023971557617	1103,125	1,16329085826874	1103,125	1,56139719486237	646,875	1,24758398532867	646,875	1,53245377540588	1103,125	1,95288777351379	1103,125	-1,64586317539215	646,875	-2,61964392662048	646,875	-2,39590382575989	1103,125	-1,41353154182434	1103,125	-1,12394976615906	646,875	-2,18082189559937	646,875	-2,22049856185913	1103,125	-1,24483716487885	1103,125	-1,19245660305023	646,875	-2,07579898834229	646,875	-2,00737714767456	1103,125	-0,847992122173309	1103,125	-1,11064040660858	646,875	-1,99440431594849	646,875	-1,89711666107178	1103,125	-0,86531126499176	
1106,25	0,404904127120972	650	0,43435475230217	650	0,555825531482697	1106,25	0,609618723392487	1106,25	1,02245724201202	650	0,873942255973816	650	0,64538562297821	1106,25	0,692646563053131	1106,25	1,10923624038696	650	1,03900134563446	650	1,14303398132324	1106,25	1,17962884902954	1106,25	1,56181669235229	650	1,25062251091003	650	1,5353946685791	1106,25	1,95083403587341	1106,25	-1,63332176208496	650	-2,60944676399231	650	-2,38727879524231	1106,25	-1,40308499336243	1106,25	-1,11433613300323	650	-2,17207312583923	650	-2,21134519577026	1106,25	-1,23634624481201	1106,25	-1,16805326938629	650	-2,0655825138092	650	-1,99795842170715	1106,25	-0,838083565235138	1106,25	-1,1022013425827	650	-1,98443043231964	650	-1,88747155666351	1106,25	-0,852926254272461	
1109,375	0,39919438958168	653,125	0,421120166778564	653,125	0,543366551399231	1109,375	0,605153739452362	1109,375	1,01950883865356	653,125	0,865133583545685	653,125	0,635521113872528	1109,375	0,689087212085724	1109,375	1,0951863527298	653,125	1,03015601634979	653,125	1,13511693477631	1109,375	1,18649041652679	1109,375	1,55537223815918	653,125	1,24271249771118	653,125	1,5290732383728	1109,375	1,94920039176941	1109,375	-1,62623000144958	653,125	-2,59698843955994	653,125	-2,37775111198425	1109,375	-1,39508664608002	1109,375	-1,10702526569366	653,125	-2,16253209114075	653,125	-2,20183277130127	1109,375	-1,22921895980835	1109,375	-1,1519113779068	653,125	-2,05690217018127	653,125	-1,99003684520721	1109,375	-0,827962219715118	1109,375	-1,10431945323944	653,125	-1,97741436958313	653,125	-1,88119888305664	1109,375	-0,852380931377411	
1112,5	0,388818323612213	656,25	0,415662735700607	656,25	0,539164960384369	1112,5	0,596363008022308	1112,5	1,01709532737732	656,25	0,864169657230377	656,25	0,632968723773956	1112,5	0,683143734931946	1112,5	1,08283972740173	656,25	1,02995789051056	656,25	1,13544678688049	1112,5	1,19237542152405	1112,5	1,55698752403259	656,25	1,24386072158813	656,25	1,53172695636749	1112,5	1,95588779449463	1112,5	-1,62977004051208	656,25	-2,59104108810425	656,25	-2,37375569343567	1112,5	-1,39909398555756	1112,5	-1,11069548130035	656,25	-2,15679311752319	656,25	-2,1970591545105	1112,5	-1,23190057277679	1112,5	-1,14788377285004	656,25	-2,05117702484131	656,25	-1,98468494415283	1112,5	-0,821849465370178	1112,5	-1,11437356472015	656,25	-1,97218799591064	656,25	-1,87583422660828	1112,5	-0,85468602180481	
1115,625	0,393211781978607	659,375	0,40573787689209	659,375	0,529001712799072	1115,625	0,600864410400391	1115,625	1,02002453804016	659,375	0,857257425785065	659,375	0,625780344009399	1115,625	0,686542987823486	1115,625	1,08307147026062	659,375	1,02350163459778	659,375	1,12997555732727	1115,625	1,20404052734375	1115,625	1,55408978462219	659,375	1,23665773868561	659,375	1,52604162693024	1115,625	1,95815467834473	1115,625	-1,62519729137421	659,375	-2,56513381004334	659,375	-2,35336661338806	1115,625	-1,39374625682831	1115,625	-1,10571885108948	659,375	-2,13777494430542	659,375	-2,17632293701172	1115,625	-1,22706270217896	1115,625	-1,12881350517273	659,375	-2,03337073326111	659,375	-1,96859908103943	1115,625	-0,816053569316864	1115,625	-1,11120510101318	659,375	-1,95715022087097	659,375	-1,86294329166412	1115,625	-0,849933326244354	
1118,75	0,392903566360474	662,5	0,417866408824921	662,5	0,537929117679596	1118,75	0,600575029850006	1118,75	1,02108252048492	662,5	0,867870569229126	662,5	0,636171698570251	1118,75	0,687250316143036	1118,75	1,07896864414215	662,5	1,03272914886475	662,5	1,13891041278839	1118,75	1,21376514434814	1118,75	1,54576015472412	662,5	1,24585926532745	662,5	1,53453052043915	1118,75	1,95515501499176	1118,75	-1,61449944972992	662,5	-2,55860757827759	662,5	-2,34627199172974	1118,75	-1,38450598716736	1118,75	-1,09780097007751	662,5	-2,13027596473694	662,5	-2,16950750350952	1118,75	-1,21774208545685	1118,75	-1,10569965839386	662,5	-2,02460479736328	662,5	-1,95936143398285	1118,75	-0,807095110416412	1118,75	-1,10979032516479	662,5	-1,94675421714783	662,5	-1,8521146774292	1118,75	-0,845657408237457	
1121,875	0,391055703163147	665,625	0,406912505626678	665,625	0,52635395526886	1121,875	0,599672496318817	1121,875	1,0208306312561	665,625	0,861350655555725	665,625	0,628448009490967	1121,875	0,686887323856354	1121,875	1,07768332958221	665,625	1,0270437002182	665,625	1,13417053222656	1121,875	1,22185242176056	1121,875	1,54166209697723	665,625	1,24207651615143	665,625	1,53224885463715	1121,875	1,95464289188385	1121,875	-1,61097645759583	665,625	-2,55019116401672	665,625	-2,33932042121887	1121,875	-1,38047170639038	1121,875	-1,09339570999146	665,625	-2,12361145019531	665,625	-2,16281175613403	1121,875	-1,21390950679779	1121,875	-1,08841323852539	665,625	-2,01806259155273	665,625	-1,95307683944702	1121,875	-0,801710069179535	1121,875	-1,10998940467834	665,625	-1,94039058685303	665,625	-1,84627330303192	1121,875	-0,842887997627258	
1125	0,390545696020126	668,75	0,409608274698257	668,75	0,526624798774719	1125	0,598702549934387	1125	1,02220189571381	668,75	0,864970982074738	668,75	0,631059229373932	1125	0,686516165733337	1125	1,07697856426239	668,75	1,03076124191284	668,75	1,13813459873199	1125	1,23020386695862	1125	1,53968930244446	668,75	1,24585688114166	668,75	1,53643298149109	1125	1,95819735527039	1125	-1,61056089401245	668,75	-2,53729867935181	668,75	-2,32772040367126	1125	-1,37987792491913	1125	-1,0936998128891	668,75	-2,1123046875	668,75	-2,15201640129089	1125	-1,21334969997406	1125	-1,07659363746643	668,75	-2,00598454475403	668,75	-1,9422070980072	1125	-0,797382950782776	1125	-1,11256909370422	668,75	-1,9288295507431	668,75	-1,83441305160522	1125	-0,840603530406952	
1128,125	0,393682986497879	671,875	0,413983285427094	671,875	0,528369247913361	1128,125	0,600719928741455	1128,125	1,02449262142181	671,875	0,870656728744507	671,875	0,636239111423492	1128,125	0,688668251037598	1128,125	1,07758688926697	671,875	1,03598976135254	671,875	1,14346134662628	1128,125	1,23785126209259	1128,125	1,53536939620972	671,875	1,25065314769745	671,875	1,54129242897034	1128,125	1,95868468284607	1128,125	-1,60206305980682	671,875	-2,52748703956604	671,875	-2,31857824325562	1128,125	-1,37362897396088	1128,125	-1,08992683887482	671,875	-2,10385131835938	671,875	-2,14395999908447	1128,125	-1,20855164527893	1128,125	-1,06068849563599	671,875	-1,99700427055359	671,875	-1,93413698673248	1128,125	-0,790740787982941	1128,125	-1,11366748809814	671,875	-1,92043423652649	671,875	-1,82623732089996	1128,125	-0,836292207241058	
1131,25	0,387732654809952	675	0,415080606937408	675	0,526863813400269	1131,25	0,5967156291008	1131,25	1,02150475978851	675	0,873692393302917	675	0,638306796550751	1131,25	0,685600101947784	1131,25	1,07803344726563	675	1,03904402256012	675	1,1464250087738	1131,25	1,24557590484619	1131,25	1,52233028411865	675	1,25382304191589	675	1,54581594467163	1131,25	1,95340704917908	1131,25	-1,58994734287262	675	-2,51766729354858	675	-2,3091299533844	1131,25	-1,36216104030609	1131,25	-1,08100724220276	675	-2,09549784660339	675	-2,13602089881897	1131,25	-1,19906175136566	1131,25	-1,0381920337677	675	-1,98819828033447	675	-1,92592263221741	1131,25	-0,78384804725647	1131,25	-1,11429846286774	675	-1,91253173351288	675	-1,81865298748016	1131,25	-0,83557653427124	
1134,375	0,391091763973236	678,125	0,419425636529922	678,125	0,527513206005096	1134,375	0,600361943244934	1134,375	1,02610516548157	678,125	0,875765204429626	678,125	0,640430510044098	1134,375	0,690188109874725	1134,375	1,08215224742889	678,125	1,04025292396545	678,125	1,14752840995789	1134,375	1,25345098972321	1134,375	1,5223935842514	678,125	1,25435149669647	678,125	1,54533421993256	1134,375	1,95875644683838	1134,375	-1,5870213508606	678,125	-2,49792957305908	678,125	-2,28829383850098	1134,375	-1,35819125175476	1134,375	-1,07816100120544	678,125	-2,0787193775177	678,125	-2,11967587471008	1134,375	-1,1965240240097	1134,375	-1,0280659198761	678,125	-1,97115898132324	678,125	-1,91096794605255	1134,375	-0,778532207012177	1134,375	-1,11536109447479	678,125	-1,89661049842834	678,125	-1,8035284280777	1134,375	-0,830142319202423	
1137,5	0,384256035089493	681,25	0,410664230585098	681,25	0,518010199069977	1137,5	0,595247209072113	1137,5	1,02363622188568	681,25	0,870163261890411	681,25	0,634209811687469	1137,5	0,686402320861816	1137,5	1,08424282073975	681,25	1,0350581407547	681,25	1,14293015003204	1137,5	1,25839173793793	1137,5	1,51268339157104	681,25	1,24891197681427	681,25	1,54035747051239	1137,5	1,9556348323822	1137,5	-1,5771290063858	681,25	-2,48060131072998	681,25	-2,27036476135254	1137,5	-1,35194396972656	1137,5	-1,07521283626556	681,25	-2,06576085090637	681,25	-2,10606098175049	1137,5	-1,18869400024414	1137,5	-1,01329958438873	681,25	-1,95866250991821	681,25	-1,90025389194489	1137,5	-0,774466931819916	1137,5	-1,11594498157501	681,25	-1,88619911670685	681,25	-1,79463267326355	1137,5	-0,830584943294525	
1140,625	0,378943502902985	684,375	0,408584803342819	684,375	0,515745162963867	1140,625	0,590989649295807	1140,625	1,02104163169861	684,375	0,871860206127167	684,375	0,63419234752655	1140,625	0,683092951774597	1140,625	1,08504986763	684,375	1,036656498909	684,375	1,14532613754272	1140,625	1,26347470283508	1140,625	1,50352799892426	684,375	1,25075209140778	684,375	1,5441130399704	1140,625	1,9580944776535	1140,625	-1,5761890411377	684,375	-2,47678065299988	684,375	-2,26399922370911	1140,625	-1,35138344764709	1140,625	-1,07529091835022	684,375	-2,06127285957336	684,375	-2,1024374961853	1140,625	-1,1860591173172	1140,625	-1,0033905506134	684,375	-1,95263683795929	684,375	-1,895143866539	1140,625	-0,772662758827209	1140,625	-1,1210560798645	684,375	-1,88111484050751	684,375	-1,78869271278381	1140,625	-0,831501424312592	
1143,75	0,37821227312088	687,5	0,413177937269211	687,5	0,519554793834686	1143,75	0,590579330921173	1143,75	1,02018988132477	687,5	0,875422775745392	687,5	0,638678729534149	1143,75	0,684527099132538	1143,75	1,08976638317108	687,5	1,04007017612457	687,5	1,14795196056366	1143,75	1,27064692974091	1143,75	1,48994147777557	687,5	1,25258886814117	687,5	1,54560780525208	1143,75	1,95362722873688	1143,75	-1,56199157238007	687,5	-2,45623683929443	687,5	-2,24143981933594	1143,75	-1,33942902088165	1143,75	-1,06612002849579	687,5	-2,04414248466492	687,5	-2,084721326828	1143,75	-1,17490553855896	1143,75	-0,987328827381134	687,5	-1,93529212474823	687,5	-1,87928462028503	1143,75	-0,765142023563385	1143,75	-1,1159485578537	687,5	-1,86521422863007	687,5	-1,77451992034912	1143,75	-0,828564584255219	
1146,875	0,371662139892578	690,625	0,410101473331451	690,625	0,516401886940002	1146,875	0,584681451320648	1146,875	1,01826691627502	690,625	0,874657332897186	690,625	0,636765956878662	1146,875	0,67992639541626	1146,875	1,09044098854065	690,625	1,03965401649475	690,625	1,1465630531311	1146,875	1,27352929115295	1146,875	1,47857582569122	690,625	1,25187623500824	690,625	1,54588449001312	1146,875	1,95444774627686	1146,875	-1,56249487400055	690,625	-2,4427797794342	690,625	-2,22698926925659	1146,875	-1,33752119541168	1146,875	-1,06718981266022	690,625	-2,03465390205383	690,625	-2,0754656791687	1146,875	-1,17222511768341	1146,875	-0,976041257381439	690,625	-1,92535877227783	690,625	-1,87050127983093	1146,875	-0,761386752128601	1146,875	-1,12303817272186	690,625	-1,85592067241669	690,625	-1,76687347888947	1146,875	-0,831219613552094	
1150	0,374486804008484	693,75	0,416143774986267	693,75	0,521552801132202	1150	0,587524950504303	1150	1,01927125453949	693,75	0,883360028266907	693,75	0,642359375953674	1150	0,681721031665802	1150	1,09867811203003	693,75	1,04794311523438	693,75	1,15464580059052	1150	1,28236818313599	1150	1,47499656677246	693,75	1,25988709926605	693,75	1,55518960952759	1150	1,96116089820862	1150	-1,56837284564972	693,75	-2,44534683227539	693,75	-2,22595715522766	1150	-1,34292662143707	1150	-1,07052743434906	693,75	-2,03420305252075	693,75	-2,07746767997742	1150	-1,17631638050079	1150	-0,97070300579071	693,75	-1,92254114151001	693,75	-1,86781203746796	1150	-0,761122643947601	1150	-1,12742352485657	693,75	-1,85219144821167	693,75	-1,76037907600403	1150	-0,825702428817749	
1153,125	0,377070546150208	696,875	0,420291125774384	696,875	0,526286602020264	1153,125	0,588136553764343	1153,125	1,01828348636627	696,875	0,887141644954681	696,875	0,64478474855423	1153,125	0,682837009429932	1153,125	1,10454154014587	696,875	1,05002927780151	696,875	1,15604782104492	1153,125	1,28783512115479	1153,125	1,46438300609589	696,875	1,26093423366547	696,875	1,55478978157043	1153,125	1,9610880613327	1153,125	-1,55998945236206	696,875	-2,4310839176178	696,875	-2,2108051776886	1153,125	-1,336874127388	1153,125	-1,06510293483734	696,875	-2,02277612686157	696,875	-2,06624484062195	1153,125	-1,17079317569733	1153,125	-0,963058352470398	696,875	-1,91011309623718	696,875	-1,85601329803467	1153,125	-0,757683157920837	1153,125	-1,1244615316391	696,875	-1,84017527103424	696,875	-1,74891626834869	1153,125	-0,820898354053497	
1156,25	0,382423937320709	700	0,398908257484436	700	0,508040845394135	1156,25	0,59242194890976	1156,25	1,01953649520874	700	0,871552169322968	700	0,62760978937149	1156,25	0,687034666538239	1156,25	1,11066102981567	700	1,03598499298096	700	1,14387309551239	1156,25	1,29285264015198	1156,25	1,4555629491806	700	1,24889194965363	700	1,54461920261383	1156,25	1,95933473110199	1156,25	-1,55133712291718	700	-2,4233992099762	700	-2,20140027999878	1156,25	-1,32785832881927	1156,25	-1,0588550567627	700	-2,01939344406128	700	-2,06137037277222	1156,25	-1,16260778903961	1156,25	-0,95381224155426	700	-1,90630781650543	700	-1,85382163524628	1156,25	-0,751915097236633	1156,25	-1,11705958843231	700	-1,83742785453796	700	-1,74790668487549	1156,25	-0,8163081407547	
1159,375	0,379180520772934	703,125	0,386353015899658	703,125	0,497436910867691	1159,375	0,589243054389954	1159,375	1,01577484607697	703,125	0,86390233039856	703,125	0,617909967899323	1159,375	0,686433136463165	1159,375	1,11493837833405	703,125	1,02966225147247	703,125	1,13863241672516	1159,375	1,29888331890106	1159,375	1,4384343624115	703,125	1,24319851398468	703,125	1,54169952869415	1159,375	1,95623195171356	1159,375	-1,54186153411865	703,125	-2,41339874267578	703,125	-2,18973326683044	1159,375	-1,31935548782349	1159,375	-1,05439639091492	703,125	-2,0120325088501	703,125	-2,05387711524963	1159,375	-1,1550155878067	1159,375	-0,942591965198517	703,125	-1,89947962760925	703,125	-1,84937679767609	1159,375	-0,747749388217926	1159,375	-1,11605060100555	703,125	-1,83274209499359	703,125	-1,74535238742828	1159,375	-0,816332101821899	
1162,5	0,379716664552689	706,25	0,396904170513153	706,25	0,508319497108459	1162,5	0,588318228721619	1162,5	1,01523876190186	706,25	0,871208190917969	706,25	0,625776052474976	1162,5	0,687826812267303	1162,5	1,12064182758331	706,25	1,03498578071594	706,25	1,14121079444885	1162,5	1,30504631996155	1162,5	1,42444658279419	706,25	1,24418675899506	706,25	1,54097366333008	1162,5	1,95401263237	1162,5	-1,53578853607178	706,25	-2,38378596305847	706,25	-2,16018414497375	1162,5	-1,31539225578308	1162,5	-1,04966628551483	706,25	-1,98651921749115	706,25	-2,02853322029114	1162,5	-1,15184426307678	1162,5	-0,936333298683167	706,25	-1,87361371517181	706,25	-1,82474863529205	1162,5	-0,747325420379639	1162,5	-1,11023199558258	706,25	-1,80682694911957	706,25	-1,72184979915619	1162,5	-0,813966453075409	
1165,625	0,383233428001404	709,375	0,394524574279785	709,375	0,509364724159241	1165,625	0,592021524906158	1165,625	1,013547539711	709,375	0,871425330638886	709,375	0,62427431344986	1165,625	0,688762426376343	1165,625	1,12455344200134	709,375	1,03627145290375	709,375	1,14126789569855	1165,625	1,30983781814575	1165,625	1,41138219833374	709,375	1,24457263946533	709,375	1,54158711433411	1165,625	1,95462465286255	1165,625	-1,52941393852234	709,375	-2,37959933280945	709,375	-2,15467572212219	1165,625	-1,31129312515259	1165,625	-1,04701316356659	709,375	-1,98416101932526	709,375	-2,02497148513794	1165,625	-1,14801561832428	1165,625	-0,928883612155914	709,375	-1,87123000621796	709,375	-1,82214343547821	1165,625	-0,743115961551666	1165,625	-1,10745632648468	709,375	-1,80384171009064	709,375	-1,71933543682098	1165,625	-0,810592234134674	
1168,75	0,371063381433487	712,5	0,376587152481079	712,5	0,495127648115158	1168,75	0,583544850349426	1168,75	1,0070366859436	712,5	0,86074161529541	712,5	0,609849274158478	1168,75	0,68115097284317	1168,75	1,12204551696777	712,5	1,02655386924744	712,5	1,13136184215546	1168,75	1,31060814857483	1168,75	1,39603447914124	712,5	1,23589408397675	712,5	1,53390395641327	1168,75	1,9608941078186	1168,75	-1,53117346763611	712,5	-2,36480617523193	712,5	-2,13910031318665	1168,75	-1,31168067455292	1168,75	-1,05012285709381	712,5	-1,97495985031128	712,5	-2,01229453086853	1168,75	-1,14770984649658	1168,75	-0,927881956100464	712,5	-1,86114156246185	712,5	-1,81355285644531	1168,75	-0,742318272590637	1168,75	-1,11701321601868	712,5	-1,7939887046814	712,5	-1,71192276477814	1168,75	-0,813877165317535	
1171,875	0,366407811641693	715,625	0,387767285108566	715,625	0,506886959075928	1171,875	0,578917741775513	1171,875	1,00000393390656	715,625	0,871649742126465	715,625	0,619928598403931	1171,875	0,679271340370178	1171,875	1,12148439884186	715,625	1,03684687614441	715,625	1,1411200761795	1171,875	1,31341826915741	1171,875	1,36918091773987	715,625	1,24652600288391	715,625	1,54354465007782	1171,875	1,95713746547699	1171,875	-1,52260184288025	715,625	-2,35885810852051	715,625	-2,13190221786499	1171,875	-1,30228614807129	1171,875	-1,04372668266296	715,625	-1,96896147727966	715,625	-2,00601744651794	1171,875	-1,13885128498077	1171,875	-0,91918009519577	715,625	-1,85253250598907	715,625	-1,80419766902924	1171,875	-0,738197267055511	1171,875	-1,10755157470703	715,625	-1,78309988975525	715,625	-1,6995438337326	1171,875	-0,814577341079712	
1175	0,369804859161377	718,75	0,396496742963791	718,75	0,515933275222778	1175	0,582779288291931	1175	1,00129652023315	718,75	0,877305388450623	718,75	0,626379668712616	1175	0,683024227619171	1175	1,1274950504303	718,75	1,04176235198975	718,75	1,1447536945343	1175	1,32137870788574	1175	1,36048078536987	718,75	1,25040340423584	718,75	1,54487240314484	1175	1,96238851547241	1175	-1,52543699741364	718,75	-2,33942174911499	718,75	-2,11370015144348	1175	-1,30474758148193	1175	-1,04327630996704	718,75	-1,9543422460556	718,75	-1,98982810974121	1175	-1,13983237743378	1175	-0,916209936141968	718,75	-1,83688926696777	718,75	-1,7882137298584	1175	-0,736587524414063	1175	-1,10290789604187	718,75	-1,76660585403442	718,75	-1,68365657329559	1175	-0,809224307537079	
1178,125	0,368987500667572	721,875	0,377716064453125	721,875	0,501960635185242	1178,125	0,581030905246735	1178,125	0,99787175655365	721,875	0,866837620735168	721,875	0,613393545150757	1178,125	0,681063413619995	1178,125	1,12784218788147	721,875	1,03241086006165	721,875	1,13665449619293	1178,125	1,324338555336	1178,125	1,34263622760773	721,875	1,24311399459839	721,875	1,54072821140289	1178,125	1,96481132507324	1178,125	-1,5165022611618	721,875	-2,33642959594727	721,875	-2,1106116771698	1178,125	-1,2978343963623	1178,125	-1,03868210315704	721,875	-1,95741856098175	721,875	-1,98931360244751	1178,125	-1,13411509990692	1178,125	-0,911583662033081	721,875	-1,83873689174652	721,875	-1,78932225704193	1178,125	-0,734122395515442	1178,125	-1,09921169281006	721,875	-1,76843106746674	721,875	-1,68688559532166	1178,125	-0,808781266212463	
1181,25	0,370486617088318	725	0,385077267885208	725	0,510583281517029	1181,25	0,583329737186432	1181,25	0,994962692260742	725	0,873783349990845	725	0,621219873428345	1181,25	0,684306025505066	1181,25	1,13186347484589	725	1,04066491127014	725	1,14463067054749	1181,25	1,32904958724976	1181,25	1,32603538036346	725	1,25217282772064	725	1,55005156993866	1181,25	1,96117615699768	1181,25	-1,50878572463989	725	-2,33115792274475	725	-2,10494995117188	1181,25	-1,291219830513	1181,25	-1,03072452545166	725	-1,95254504680634	725	-1,98526763916016	1181,25	-1,12899518013	1181,25	-0,904631316661835	725	-1,83081662654877	725	-1,78092098236084	1181,25	-0,731342852115631	1181,25	-1,08223211765289	725	-1,75858497619629	725	-1,675137758255	1181,25	-0,805698812007904	
1184,375	0,370449215173721	728,125	0,388924866914749	728,125	0,514743447303772	1184,375	0,583578944206238	1184,375	0,990802109241486	728,125	0,875869333744049	728,125	0,624418020248413	1184,375	0,68466317653656	1184,375	1,13158547878265	728,125	1,04284298419952	728,125	1,14774811267853	1184,375	1,33064997196198	1184,375	1,30885994434357	728,125	1,25501489639282	728,125	1,55105650424957	1184,375	1,95574951171875	1184,375	-1,4977114200592	728,125	-2,31510448455811	728,125	-2,08960723876953	1184,375	-1,28281378746033	1184,375	-1,0225043296814	728,125	-1,93974673748016	728,125	-1,97206330299377	1184,375	-1,12075114250183	1184,375	-0,898040175437927	728,125	-1,81728136539459	728,125	-1,76825559139252	1184,375	-0,727378189563751	1184,375	-1,06683135032654	728,125	-1,74550700187683	728,125	-1,66253733634949	1184,375	-0,80334347486496	
1187,5	0,369677513837814	731,25	0,365510851144791	731,25	0,496955335140228	1187,5	0,583823800086975	1187,5	0,989228665828705	731,25	0,857989072799683	731,25	0,605742275714874	1187,5	0,68589460849762	1187,5	1,13287365436554	731,25	1,02840638160706	731,25	1,13553178310394	1187,5	1,33576118946075	1187,5	1,29434251785278	731,25	1,24454116821289	731,25	1,5433087348938	1187,5	1,95922327041626	1187,5	-1,4979339838028	731,25	-2,30198693275452	731,25	-2,07737612724304	1187,5	-1,28047704696655	1187,5	-1,01957833766937	731,25	-1,93438851833344	731,25	-1,96368622779846	1187,5	-1,11843490600586	1187,5	-0,892785608768463	731,25	-1,81009840965271	731,25	-1,76081705093384	1187,5	-0,725081622600555	1187,5	-1,05342018604279	731,25	-1,73905253410339	731,25	-1,65677809715271	1187,5	-0,802906155586243	
1190,625	0,372861564159393	734,375	0,373706221580505	734,375	0,505721569061279	1190,625	0,585875988006592	1190,625	0,987059056758881	734,375	0,864827930927277	734,375	0,613008499145508	1190,625	0,687472283840179	1190,625	1,13485205173492	734,375	1,03653824329376	734,375	1,14339792728424	1190,625	1,33796107769012	1190,625	1,28182828426361	734,375	1,25335431098938	734,375	1,55203127861023	1190,625	1,95771265029907	1190,625	-1,4884637594223	734,375	-2,29274725914001	734,375	-2,06891226768494	1190,625	-1,2694525718689	1190,625	-1,00760781764984	734,375	-1,92730844020844	734,375	-1,9563113451004	1190,625	-1,11015951633453	1190,625	-0,881819307804108	734,375	-1,80226457118988	734,375	-1,75280737876892	1190,625	-0,722559094429016	1190,625	-1,0254442691803	734,375	-1,73090279102325	734,375	-1,64796936511993	1190,625	-0,798642516136169	
1193,75	0,380973875522614	737,5	0,374555289745331	737,5	0,50813627243042	1193,75	0,589916586875916	1193,75	0,984755516052246	737,5	0,865609407424927	737,5	0,614408552646637	1193,75	0,689297378063202	1193,75	1,13474273681641	737,5	1,03830552101135	737,5	1,14576089382172	1193,75	1,34278964996338	1193,75	1,26545572280884	737,5	1,25622069835663	737,5	1,55535399913788	1193,75	1,9581550359726	1193,75	-1,48379039764404	737,5	-2,28605389595032	737,5	-2,06298875808716	1193,75	-1,26470136642456	1193,75	-0,998386561870575	737,5	-1,9237060546875	737,5	-1,95189023017883	1193,75	-1,10415744781494	1193,75	-0,87378853559494	737,5	-1,79744672775269	737,5	-1,74852132797241	1193,75	-0,718760192394257	1193,75	-1,00339865684509	737,5	-1,7268191576004	737,5	-1,64369678497314	1193,75	-0,795204281806946	
1196,875	0,380671322345734	740,625	0,374623358249664	740,625	0,509863674640656	1196,875	0,58964204788208	1196,875	0,980258584022522	740,625	0,864236056804657	740,625	0,613421738147736	1196,875	0,689735770225525	1196,875	1,13335788249969	740,625	1,03768992424011	740,625	1,14632761478424	1196,875	1,34423971176147	1196,875	1,24891102313995	740,625	1,25647020339966	740,625	1,55597138404846	1196,875	1,95488119125366	1196,875	-1,46843874454498	740,625	-2,26676845550537	740,625	-2,04622316360474	1196,875	-1,2532274723053	1196,875	-0,990203559398651	740,625	-1,90879344940186	740,625	-1,93674981594086	1196,875	-1,09629464149475	1196,875	-0,866455793380737	740,625	-1,78295922279358	740,625	-1,73577451705933	1196,875	-0,714593529701233	1196,875	-0,986928403377533	740,625	-1,71401429176331	740,625	-1,63277840614319	1196,875	-0,794640123844147	
1200	0,368636071681976	743,75	0,373227149248123	743,75	0,510924518108368	1200	0,581932425498962	1200	0,973441004753113	743,75	0,863898932933807	743,75	0,611969411373138	1200	0,684923708438873	1200	1,13027727603912	743,75	1,03867435455322	743,75	1,14797568321228	1200	1,34411990642548	1200	1,23261976242065	743,75	1,25877070426941	743,75	1,55953681468964	1200	1,9562429189682	1200	-1,4612820148468	743,75	-2,25697350502014	743,75	-2,03807473182678	1200	-1,24734807014465	1200	-0,985365569591522	743,75	-1,90210151672363	743,75	-1,93036270141602	1200	-1,09095430374146	1200	-0,861286401748657	743,75	-1,77535605430603	743,75	-1,72914052009583	1200	-0,713950753211975	1200	-0,971340358257294	743,75	-1,70651578903198	743,75	-1,6254620552063	1200	-0,796733856201172	
1203,125	0,371262043714523	746,875	0,36588579416275	746,875	0,505416452884674	1203,125	0,583569705486298	1203,125	0,973631083965302	746,875	0,859183549880981	746,875	0,605641961097717	1203,125	0,687637329101563	1203,125	1,13078045845032	746,875	1,03533959388733	746,875	1,14529418945313	1203,125	1,34694516658783	1203,125	1,22748148441315	746,875	1,25706458091736	746,875	1,55923199653625	1203,125	1,95207548141479	1203,125	-1,45480167865753	746,875	-2,25549364089966	746,875	-2,03616690635681	1203,125	-1,24070155620575	1203,125	-0,973811328411102	746,875	-1,90304625034332	746,875	-1,93023109436035	1203,125	-1,08420038223267	1203,125	-0,851261675357819	746,875	-1,77499997615814	746,875	-1,72951292991638	1203,125	-0,708855211734772	1203,125	-0,940930962562561	746,875	-1,70683205127716	746,875	-1,62620484828949	1203,125	-0,792838931083679	
1206,25	0,372530698776245	750	0,37842458486557	750	0,516987383365631	1206,25	0,581722557544708	1206,25	0,970103561878204	750	0,866160035133362	750	0,613316893577576	1206,25	0,685849010944366	1206,25	1,1291092634201	750	1,04170787334442	750	1,15133857727051	1206,25	1,35039842128754	1206,25	1,21282303333282	750	1,26238763332367	750	1,563361287117	1206,25	1,9571772813797	1206,25	-1,46312439441681	750	-2,23355984687805	750	-2,01578402519226	1206,25	-1,24506533145905	1206,25	-0,971959114074707	750	-1,88287115097046	750	-1,91063463687897	1206,25	-1,08756744861603	1206,25	-0,849498569965363	750	-1,75436413288116	750	-1,71032845973969	1206,25	-0,711281180381775	1206,25	-0,924786329269409	750	-1,68761098384857	750	-1,60673201084137	1206,25	-0,79576188325882	
1209,375	0,379413515329361	753,125	0,381899178028107	753,125	0,520931124687195	1209,375	0,587116599082947	1209,375	0,972811758518219	753,125	0,869763851165771	753,125	0,616002023220062	1209,375	0,691068649291992	1209,375	1,13353192806244	753,125	1,04510283470154	753,125	1,15490448474884	1209,375	1,35606718063354	1209,375	1,21006143093109	753,125	1,26651656627655	753,125	1,56819474697113	1209,375	1,96087312698364	1209,375	-1,46631252765656	753,125	-2,23119044303894	753,125	-2,01272201538086	1209,375	-1,24479722976685	1209,375	-0,96388840675354	753,125	-1,87990701198578	753,125	-1,90854573249817	1209,375	-1,08643996715546	1209,375	-0,840173125267029	753,125	-1,74951255321503	753,125	-1,70560216903687	1209,375	-0,708175361156464	1209,375	-0,899891495704651	753,125	-1,68285870552063	753,125	-1,59966814517975	1209,375	-0,791814208030701	
1212,5	0,373115390539169	756,25	0,377312034368515	756,25	0,518378853797913	1212,5	0,584252119064331	1212,5	0,971524119377136	756,25	0,867027282714844	756,25	0,612229585647583	1212,5	0,68874329328537	1212,5	1,13431882858276	756,25	1,04320108890533	756,25	1,15359950065613	1212,5	1,35625386238098	1212,5	1,20716750621796	756,25	1,26562786102295	756,25	1,56830155849457	1212,5	1,95203971862793	1212,5	-1,45126366615295	756,25	-2,22512483596802	756,25	-2,00762224197388	1212,5	-1,2334920167923	1212,5	-0,952363550662994	756,25	-1,87603318691254	756,25	-1,90346086025238	1212,5	-1,07733869552612	1212,5	-0,828403651714325	756,25	-1,74411106109619	756,25	-1,7010909318924	1212,5	-0,705443143844604	1212,5	-0,868255615234375	756,25	-1,67858052253723	756,25	-1,59569120407104	1212,5	-0,795544266700745	
1215,625	0,364093452692032	759,375	0,362240999937058	759,375	0,507310926914215	1215,625	0,577825844287872	1215,625	0,968892753124237	759,375	0,856595396995544	759,375	0,600524187088013	1215,625	0,684809923171997	1215,625	1,13225388526917	759,375	1,03538501262665	759,375	1,14756774902344	1215,625	1,35777139663696	1215,625	1,20125210285187	759,375	1,26062214374542	759,375	1,56515991687775	1215,625	1,95262908935547	1215,625	-1,44355392456055	759,375	-2,21324133872986	759,375	-1,99677979946136	1215,625	-1,2301367521286	1215,625	-0,949647784233093	759,375	-1,8688987493515	759,375	-1,89337182044983	1215,625	-1,07540988922119	1215,625	-0,82483571767807	759,375	-1,73613786697388	759,375	-1,69543564319611	1215,625	-0,707060158252716	1215,625	-0,852208018302917	759,375	-1,67226779460907	759,375	-1,59276926517487	1215,625	-0,795928180217743	
1218,75	0,358358830213547	762,5	0,371973007917404	762,5	0,516630291938782	1218,75	0,573517024517059	1218,75	0,968135237693787	762,5	0,865094780921936	762,5	0,609195530414581	1218,75	0,681596517562866	1218,75	1,13213801383972	762,5	1,04363250732422	762,5	1,15542614459991	1218,75	1,35821712017059	1218,75	1,19849073886871	762,5	1,26808393001556	762,5	1,57236671447754	1218,75	1,95078003406525	1218,75	-1,43751537799835	762,5	-2,19836521148682	762,5	-1,98376572132111	1218,75	-1,22504436969757	1218,75	-0,93833863735199	762,5	-1,85680782794952	762,5	-1,88149797916412	1218,75	-1,06951630115509	1218,75	-0,813579797744751	762,5	-1,7233726978302	762,5	-1,68357729911804	1218,75	-0,705920338630676	1218,75	-0,817971050739288	762,5	-1,66064214706421	762,5	-1,58080315589905	1218,75	-0,797621428966522	
1221,875	0,363911718130112	765,625	0,370758980512619	765,625	0,516597986221313	1221,875	0,578156173229218	1221,875	0,969449698925018	765,625	0,865447461605072	765,625	0,608812808990479	1221,875	0,685806393623352	1221,875	1,13498818874359	765,625	1,04378855228424	765,625	1,15471065044403	1221,875	1,36080873012543	1221,875	1,20686316490173	765,625	1,2681165933609	765,625	1,57218360900879	1221,875	1,94810926914215	1221,875	-1,42704176902771	765,625	-2,19355964660645	765,625	-1,97964215278625	1221,875	-1,21585249900818	1221,875	-0,929159224033356	765,625	-1,85390019416809	765,625	-1,8780665397644	1221,875	-1,06187856197357	1221,875	-0,803612411022186	765,625	-1,71870386600494	765,625	-1,67917847633362	1221,875	-0,700901985168457	1221,875	-0,798060953617096	765,625	-1,65644955635071	765,625	-1,57555818557739	1221,875	-0,798007607460022	
1225	0,361520111560822	768,75	0,390366852283478	768,75	0,535593867301941	1225	0,576263308525085	1225	0,967048287391663	768,75	0,88069474697113	768,75	0,625259339809418	1225	0,681897044181824	1225	1,13262271881104	768,75	1,0593581199646	768,75	1,16939258575439	1225	1,36175966262817	1225	1,20591843128204	768,75	1,28218400478363	768,75	1,58492517471313	1225	1,95286250114441	1225	-1,42380690574646	768,75	-2,17962908744812	768,75	-1,96787440776825	1225	-1,21417415142059	1225	-0,924672782421112	768,75	-1,84164333343506	768,75	-1,86640858650208	1225	-1,05951309204102	1225	-0,798622250556946	768,75	-1,70426034927368	768,75	-1,66567957401276	1225	-0,70283180475235	1225	-0,779212057590485	768,75	-1,64187622070313	768,75	-1,56066119670868	1225	-0,802210569381714	
1228,125	0,372292041778564	771,875	0,377359241247177	771,875	0,523525536060333	1228,125	0,584757626056671	1228,125	0,976521074771881	771,875	0,866026222705841	771,875	0,612254619598389	1228,125	0,690494358539581	1228,125	1,14434456825256	771,875	1,0458699464798	771,875	1,15620648860931	1228,125	1,36370861530304	1228,125	1,22494554519653	771,875	1,26869857311249	771,875	1,57239675521851	1228,125	1,95006608963013	1228,125	-1,43048000335693	771,875	-2,154452085495	771,875	-1,94586730003357	1228,125	-1,21226406097412	1228,125	-0,914377689361572	771,875	-1,82576966285706	771,875	-1,84700286388397	1228,125	-1,05588269233704	1228,125	-0,785208880901337	771,875	-1,68663060665131	771,875	-1,6513454914093	1228,125	-0,696668684482574	1228,125	-0,750033318996429	771,875	-1,62843406200409	771,875	-1,55010199546814	1228,125	-0,794453501701355	
1231,25	0,365880310535431	775	0,373905062675476	775	0,52150285243988	1231,25	0,583464324474335	1231,25	0,978372037410736	775	0,866553962230682	775	0,610265374183655	1231,25	0,689279794692993	1231,25	1,14743268489838	775	1,04971194267273	775	1,16215646266937	1231,25	1,36717820167542	1231,25	1,23180460929871	775	1,27456259727478	775	1,58176469802856	1231,25	1,95330965518951	1231,25	-1,43406558036804	775	-2,1679253578186	775	-1,95786333084106	1231,25	-1,21588206291199	1231,25	-0,915005803108215	775	-1,83801472187042	775	-1,85890877246857	1231,25	-1,05959796905518	1231,25	-0,782887041568756	775	-1,69549262523651	775	-1,66050982475281	1231,25	-0,698643088340759	1231,25	-0,737672567367554	775	-1,63694167137146	775	-1,55789411067963	1231,25	-0,793136596679688	
1234,375	0,368102192878723	778,125	0,39186218380928	778,125	0,537061214447021	1234,375	0,581782221794128	1234,375	0,977721333503723	778,125	0,879522144794464	778,125	0,622153520584106	1234,375	0,689023911952972	1234,375	1,14802193641663	778,125	1,06161046028137	778,125	1,1725537776947	1234,375	1,36567938327789	1234,375	1,24151992797852	778,125	1,28521955013275	778,125	1,59036946296692	1234,375	1,94683384895325	1234,375	-1,41845560073853	778,125	-2,16051292419434	778,125	-1,94939923286438	1234,375	-1,20210897922516	1234,375	-0,905121147632599	778,125	-1,82814145088196	778,125	-1,85100698471069	1234,375	-1,04769206047058	1234,375	-0,774000644683838	778,125	-1,68062829971313	778,125	-1,6461009979248	1234,375	-0,694635570049286	1234,375	-0,721102654933929	778,125	-1,62104368209839	778,125	-1,53903448581696	1234,375	-0,791153848171234	
1237,5	0,365611344575882	781,25	0,379391551017761	781,25	0,527644276618958	1237,5	0,577710807323456	1237,5	0,975965082645416	781,25	0,870625019073486	781,25	0,614676058292389	1237,5	0,686180353164673	1237,5	1,15012323856354	781,25	1,05488049983978	781,25	1,16635680198669	1237,5	1,3642315864563	1237,5	1,24904584884644	781,25	1,27948832511902	781,25	1,58647179603577	1237,5	1,94046473503113	1237,5	-1,40581059455872	781,25	-2,14240980148315	781,25	-1,93543839454651	1237,5	-1,19399738311768	1237,5	-0,895711421966553	781,25	-1,82109904289246	781,25	-1,8387975692749	1237,5	-1,04175245761871	1237,5	-0,765783429145813	781,25	-1,67436230182648	781,25	-1,64032804965973	1237,5	-0,693225502967834	1237,5	-0,701748490333557	781,25	-1,61695897579193	781,25	-1,53851854801178	1237,5	-0,80054897069931	
1240,625	0,356675505638123	784,375	0,375170260667801	784,375	0,524087488651276	1240,625	0,571455180644989	1240,625	0,972261905670166	784,375	0,863562524318695	784,375	0,610136270523071	1240,625	0,67993837594986	1240,625	1,14855909347534	784,375	1,04930150508881	784,375	1,16021132469177	1240,625	1,36384987831116	1240,625	1,25071310997009	784,375	1,27293002605438	784,375	1,58038055896759	1240,625	1,93933606147766	1240,625	-1,39782977104187	784,375	-2,12559199333191	784,375	-1,92283058166504	1240,625	-1,18839764595032	1240,625	-0,888456881046295	784,375	-1,81322419643402	784,375	-1,82880115509033	1240,625	-1,0366427898407	1240,625	-0,757505655288696	784,375	-1,66448640823364	784,375	-1,6316773891449	1240,625	-0,692501306533813	1240,625	-0,681504309177399	784,375	-1,60771119594574	784,375	-1,53336036205292	1240,625	-0,810599207878113	
1243,75	0,364024966955185	787,5	0,391238301992416	787,5	0,538161516189575	1243,75	0,579725801944733	1243,75	0,979548335075378	787,5	0,875972509384155	787,5	0,622322261333466	1243,75	0,687620580196381	1243,75	1,15762281417847	787,5	1,06142938137054	787,5	1,1715202331543	1243,75	1,36793100833893	1243,75	1,2652839422226	787,5	1,28439259529114	787,5	1,58860278129578	1243,75	1,93793869018555	1243,75	-1,39499855041504	787,5	-2,12571310997009	787,5	-1,92163455486298	1243,75	-1,18414974212646	1243,75	-0,880018651485443	787,5	-1,81049919128418	787,5	-1,82863473892212	1243,75	-1,03350555896759	1243,75	-0,747393429279327	787,5	-1,65704011917114	787,5	-1,6257084608078	1243,75	-0,686720609664917	1243,75	-0,66528707742691	787,5	-1,59916937351227	787,5	-1,52277541160583	1243,75	-0,806304395198822	
1246,875	0,359846025705338	790,625	0,374868839979172	790,625	0,526605069637299	1246,875	0,575845658779144	1246,875	0,979536116123199	790,625	0,866189301013947	790,625	0,611876845359802	1246,875	0,68482917547226	1246,875	1,16085171699524	790,625	1,05585384368896	790,625	1,16713392734528	1246,875	1,3693140745163	1246,875	1,272381067276	790,625	1,28009605407715	790,625	1,58943378925323	1246,875	1,94449210166931	1246,875	-1,39354240894318	790,625	-2,10432481765747	790,625	-1,9031982421875	1246,875	-1,18500232696533	1246,875	-0,878743767738342	790,625	-1,79979062080383	790,625	-1,81350135803223	1246,875	-1,03567981719971	1246,875	-0,745423138141632	790,625	-1,64648675918579	790,625	-1,61625862121582	1246,875	-0,689210176467896	1246,875	-0,655454218387604	790,625	-1,59111607074738	790,625	-1,51555144786835	1246,875	-0,812896311283112	
1250	0,363583087921143	793,75	0,385451167821884	793,75	0,535298585891724	1250	0,576956570148468	1250	0,982225000858307	793,75	0,871613740921021	793,75	0,617947936058044	1250	0,685553908348084	1250	1,16514408588409	793,75	1,06303763389587	793,75	1,1732987165451	1250	1,36186587810516	1250	1,29076266288757	793,75	1,28693628311157	793,75	1,59615004062653	1250	1,9318368434906	1250	-1,38336110115051	793,75	-2,10748934745789	793,75	-1,90535688400269	1250	-1,17272770404816	1250	-0,868667960166931	793,75	-1,80337703227997	793,75	-1,81730127334595	1250	-1,02475726604462	1250	-0,736527681350708	793,75	-1,64478981494904	793,75	-1,61356437206268	1250	-0,686961472034454	1250	-0,638973116874695	793,75	-1,58779907226563	793,75	-1,51093423366547	1250	-0,810606002807617	
1253,125	0,367124229669571	796,875	0,378307193517685	796,875	0,529803097248077	1253,125	0,579356670379639	1253,125	0,985243618488312	796,875	0,864533126354218	796,875	0,611082851886749	1253,125	0,687556862831116	1253,125	1,16914546489716	796,875	1,05869746208191	796,875	1,1682767868042	1253,125	1,36244451999664	1253,125	1,30169892311096	796,875	1,28213727474213	796,875	1,59111416339874	1253,125	1,93074631690979	1253,125	-1,38449418544769	796,875	-2,08672881126404	796,875	-1,88766813278198	1253,125	-1,17159581184387	1253,125	-0,864705801010132	796,875	-1,79090237617493	796,875	-1,80313754081726	1253,125	-1,02336251735687	1253,125	-0,732959926128387	796,875	-1,62939822673798	796,875	-1,60102593898773	1253,125	-0,684960246086121	1253,125	-0,632398307323456	796,875	-1,57401895523071	796,875	-1,49907469749451	1253,125	-0,807367861270905	
1256,25	0,363337248563766	800	0,375960052013397	800	0,528706312179565	1256,25	0,577185034751892	1256,25	0,985997438430786	800	0,862448990345001	800	0,60832267999649	1256,25	0,686203181743622	1256,25	1,17210042476654	800	1,06110835075378	800	1,17085218429565	1256,25	1,3618004322052	1256,25	1,30955135822296	800	1,28534650802612	800	1,59552609920502	1256,25	1,93295919895172	1256,25	-1,38517808914185	800	-2,08161878585815	800	-1,88381922245026	1256,25	-1,17188584804535	1256,25	-0,862804114818573	800	-1,78974378108978	800	-1,79999101161957	1256,25	-1,02308487892151	1256,25	-0,730178594589233	800	-1,6273946762085	800	-1,60021257400513	1256,25	-0,685412466526031	1256,25	-0,624052822589874	800	-1,57300078868866	800	-1,4990485906601	1256,25	-0,811742603778839	
1259,375	0,370270162820816	803,125	0,372602224349976	803,125	0,524867355823517	1259,375	0,583691716194153	1259,375	0,991250157356262	803,125	0,861155033111572	803,125	0,601927697658539	1259,375	0,689943194389343	1259,375	1,17760097980499	803,125	1,06440424919128	803,125	1,17535424232483	1259,375	1,36392056941986	1259,375	1,31981301307678	803,125	1,29131066799164	803,125	1,60461819171906	1259,375	1,93304812908173	1259,375	-1,38419365882874	803,125	-2,10305166244507	803,125	-1,90059638023376	1259,375	-1,17087888717651	1259,375	-0,859264194965363	803,125	-1,80435037612915	803,125	-1,81486427783966	1259,375	-1,02268660068512	1259,375	-0,725480794906616	803,125	-1,63227820396423	803,125	-1,60371673107147	1259,375	-0,68094664812088	1259,375	-0,61688894033432	803,125	-1,57388496398926	803,125	-1,49542224407196	1259,375	-0,808113217353821	
1262,5	0,374652653932571	806,25	0,355319499969482	806,25	0,511418044567108	1262,5	0,586241841316223	1262,5	0,991395115852356	806,25	0,847070157527924	806,25	0,586907148361206	1262,5	0,691324830055237	1262,5	1,18076574802399	806,25	1,0567113161087	806,25	1,16937386989594	1262,5	1,35538733005524	1262,5	1,33228671550751	806,25	1,28521394729614	806,25	1,60138535499573	1262,5	1,91389191150665	1262,5	-1,36495435237885	806,25	-2,10047197341919	806,25	-1,89794933795929	1262,5	-1,15156483650208	1262,5	-0,84358948469162	806,25	-1,80777895450592	806,25	-1,81485784053802	1262,5	-1,00404953956604	1262,5	-0,710834622383118	806,25	-1,63200092315674	806,25	-1,60517752170563	1262,5	-0,673261821269989	1262,5	-0,600691080093384	806,25	-1,57548403739929	806,25	-1,49891889095306	1262,5	-0,809887051582336	
1265,625	0,363148808479309	809,375	0,359336674213409	809,375	0,516941249370575	1265,625	0,577679991722107	1265,625	0,988985538482666	809,375	0,847682356834412	809,375	0,58966338634491	1265,625	0,685363054275513	1265,625	1,18132889270782	809,375	1,06323766708374	809,375	1,17649304866791	1265,625	1,35430026054382	1265,625	1,33742260932922	809,375	1,29235672950745	809,375	1,60988855361938	1265,625	1,91328966617584	1265,625	-1,36223328113556	809,375	-2,08313941955566	809,375	-1,8841587305069	1265,625	-1,15157759189606	1265,625	-0,844017624855042	809,375	-1,79905200004578	809,375	-1,80290544033051	1265,625	-1,00506842136383	1265,625	-0,711885750293732	809,375	-1,62227046489716	809,375	-1,59714758396149	1265,625	-0,675894916057587	1265,625	-0,597896277904511	809,375	-1,56756746768951	809,375	-1,49249374866486	1265,625	-0,822335839271545	
1268,75	0,366335242986679	812,5	0,370780378580093	812,5	0,525374293327332	1268,75	0,581129789352417	1268,75	0,992112874984741	812,5	0,849356412887573	812,5	0,593555212020874	1268,75	0,688472747802734	1268,75	1,18600285053253	812,5	1,06665849685669	812,5	1,17874884605408	1268,75	1,3528128862381	1268,75	1,34823679924011	812,5	1,29489088058472	812,5	1,60939538478851	1268,75	1,90591657161713	1268,75	-1,35917842388153	812,5	-2,06956934928894	812,5	-1,87247335910797	1268,75	-1,14753341674805	1268,75	-0,839281976222992	812,5	-1,78990054130554	812,5	-1,7935711145401	1268,75	-1,00173795223236	1268,75	-0,707750856876373	812,5	-1,6091548204422	812,5	-1,58395457267761	1268,75	-0,671249210834503	1268,75	-0,594149947166443	812,5	-1,5538432598114	812,5	-1,47966635227203	1268,75	-0,819326102733612	
1271,875	0,366553604602814	815,625	0,388220459222794	815,625	0,540802717208862	1271,875	0,581530630588531	1271,875	0,992854058742523	815,625	0,858989000320435	815,625	0,603597342967987	1271,875	0,688895344734192	1271,875	1,18872797489166	815,625	1,07984554767609	815,625	1,19136536121368	1271,875	1,34994649887085	1271,875	1,3571629524231	815,625	1,30748498439789	815,625	1,61986029148102	1271,875	1,90016901493073	1271,875	-1,35315084457397	815,625	-2,0632803440094	815,625	-1,86560153961182	1271,875	-1,14144992828369	1271,875	-0,834049582481384	815,625	-1,78418111801147	815,625	-1,78810453414917	1271,875	-0,995676040649414	1271,875	-0,70204085111618	815,625	-1,6008608341217	815,625	-1,57563805580139	1271,875	-0,665158867835999	1271,875	-0,588840126991272	815,625	-1,54513120651245	815,625	-1,46963453292847	1271,875	-0,821355760097504	
1275	0,364118576049805	818,75	0,37776580452919	818,75	0,533145248889923	1275	0,578302443027496	1275	0,9923495054245	818,75	0,84772390127182	818,75	0,593148648738861	1275	0,686105310916901	1275	1,18916928768158	818,75	1,076300740242	818,75	1,18862748146057	1275	1,34630227088928	1275	1,36429059505463	818,75	1,30579245090485	818,75	1,62014603614807	1275	1,89616596698761	1275	-1,34627091884613	818,75	-2,04863595962524	818,75	-1,85365295410156	1275	-1,13764214515686	1275	-0,829138934612274	818,75	-1,77866840362549	818,75	-1,77706062793732	1275	-0,9918372631073	1275	-0,698355793952942	818,75	-1,5934294462204	818,75	-1,5703467130661	1275	-0,661124169826508	1275	-0,584387838840485	818,75	-1,53998959064484	818,75	-1,46711051464081	1275	-0,828303396701813	
1278,125	0,362700343132019	821,875	0,371109038591385	821,875	0,527953863143921	1278,125	0,57844340801239	1278,125	0,99615877866745	821,875	0,837367653846741	821,875	0,58199143409729	1278,125	0,686413109302521	1278,125	1,19387400150299	821,875	1,07346880435944	821,875	1,18501925468445	1278,125	1,34641420841217	1278,125	1,37354922294617	821,875	1,30321180820465	821,875	1,61779713630676	1278,125	1,89616703987122	1278,125	-1,35033750534058	821,875	-2,04014682769775	821,875	-1,84648013114929	1278,125	-1,13944160938263	1278,125	-0,827318072319031	821,875	-1,77491450309753	821,875	-1,76981747150421	1278,125	-0,992982506752014	1278,125	-0,694854557514191	821,875	-1,5854240655899	821,875	-1,5633270740509	1278,125	-0,658479988574982	1278,125	-0,580072283744812	821,875	-1,53217017650604	821,875	-1,45819675922394	1278,125	-0,83102422952652	
1281,25	0,364555209875107	825	0,364825397729874	825	0,520416080951691	1281,25	0,579606771469116	1281,25	0,997043490409851	825	0,821494400501251	825	0,568868517875671	1281,25	0,686546862125397	1281,25	1,19600784778595	825	1,06526219844818	825	1,1762011051178	1281,25	1,34063982963562	1281,25	1,38051676750183	825	1,29489874839783	825	1,60873913764954	1281,25	1,87762379646301	1281,25	-1,33879089355469	825	-2,02063298225403	825	-1,83119058609009	1281,25	-1,12895727157593	1281,25	-0,818573474884033	825	-1,76532959938049	825	-1,75528001785278	1281,25	-0,983086466789246	1281,25	-0,687988102436066	825	-1,57335233688354	825	-1,55312597751617	1281,25	-0,650728166103363	1281,25	-0,57533323764801	825	-1,52241945266724	825	-1,44953370094299	1281,25	-0,831268846988678	
1284,375	0,362336963415146	828,125	0,37902444601059	828,125	0,533637464046478	1284,375	0,578504323959351	1284,375	0,996976852416992	828,125	0,826635539531708	828,125	0,577708601951599	1284,375	0,68627405166626	1284,375	1,19955861568451	828,125	1,07766366004944	828,125	1,18864750862122	1284,375	1,33999502658844	1284,375	1,3863377571106	828,125	1,30811214447021	828,125	1,62151634693146	1284,375	1,87569284439087	1284,375	-1,33760321140289	828,125	-2,01726531982422	828,125	-1,82911705970764	1284,375	-1,12799525260925	1284,375	-0,816861689090729	828,125	-1,76275777816772	828,125	-1,74985933303833	1284,375	-0,98211270570755	1284,375	-0,684855580329895	828,125	-1,57121479511261	828,125	-1,55262041091919	1284,375	-0,647434175014496	1284,375	-0,572223305702209	828,125	-1,52080047130585	828,125	-1,44783234596252	1284,375	-0,837258338928223	
1287,5	0,362215936183929	831,25	0,389699876308441	831,25	0,543564438819885	1287,5	0,57732105255127	1287,5	0,996894180774689	831,25	0,827920377254486	831,25	0,58107316493988	1287,5	0,685531795024872	1287,5	1,20057332515717	831,25	1,08883249759674	831,25	1,20121216773987	1287,5	1,33753550052643	1287,5	1,39113628864288	831,25	1,31936728954315	831,25	1,63416707515717	1287,5	1,86846399307251	1287,5	-1,33193874359131	831,25	-2,02135992050171	831,25	-1,83041715621948	1287,5	-1,12220752239227	1287,5	-0,811896145343781	831,25	-1,76303195953369	831,25	-1,74654304981232	1287,5	-0,977052271366119	1287,5	-0,679835975170136	831,25	-1,56609261035919	831,25	-1,54700970649719	1287,5	-0,640378355979919	1287,5	-0,569048047065735	831,25	-1,51402235031128	831,25	-1,43746733665466	1287,5	-0,844092309474945	
1290,625	0,360178202390671	834,375	0,378062576055527	834,375	0,534260809421539	1290,625	0,575093150138855	1290,625	0,99651163816452	834,375	0,812833487987518	834,375	0,568448126316071	1290,625	0,683480024337769	1290,625	1,20182120800018	834,375	1,08552861213684	834,375	1,19836473464966	1290,625	1,33543527126312	1290,625	1,39562666416168	834,375	1,31707298755646	834,375	1,63560390472412	1290,625	1,85699880123138	1290,625	-1,32586061954498	834,375	-2,01851367950439	834,375	-1,82748293876648	1290,625	-1,11738812923431	1290,625	-0,806294620037079	834,375	-1,76366782188416	834,375	-1,74097287654877	1290,625	-0,972009837627411	1290,625	-0,674908995628357	834,375	-1,56417620182037	834,375	-1,54598581790924	1290,625	-0,632942080497742	1290,625	-0,564992666244507	834,375	-1,51381897926331	834,375	-1,43643534183502	1290,625	-0,852447271347046	
1293,75	0,361199647188187	837,5	0,358687967061996	837,5	0,518078207969666	1293,75	0,57746958732605	1293,75	1,0009503364563	837,5	0,790942549705505	837,5	0,549024224281311	1293,75	0,686006963253021	1293,75	1,20789003372192	837,5	1,07695555686951	837,5	1,19090294837952	1293,75	1,33718621730804	1293,75	1,40297913551331	837,5	1,31016707420349	837,5	1,63374900817871	1293,75	1,85078942775726	1293,75	-1,3264753818512	837,5	-2,01615071296692	837,5	-1,82613396644592	1293,75	-1,1176940202713	1293,75	-0,804062962532043	837,5	-1,76653671264648	837,5	-1,73515379428864	1293,75	-0,970530092716217	1293,75	-0,672685444355011	837,5	-1,56384479999542	837,5	-1,54722416400909	1293,75	-0,627469956874847	1293,75	-0,56243622303009	837,5	-1,51418650150299	837,5	-1,43807625770569	1293,75	-0,851365923881531	
1296,875	0,369730085134506	840,625	0,366264075040817	840,625	0,525451421737671	1296,875	0,58347225189209	1296,875	1,0050094127655	840,625	0,787911117076874	840,625	0,553736388683319	1296,875	0,690744400024414	1296,875	1,21226227283478	840,625	1,08721947669983	840,625	1,20233488082886	1296,875	1,33798491954803	1296,875	1,40617311000824	840,625	1,32112407684326	840,625	1,6463828086853	1296,875	1,83366560935974	1296,875	-1,31871604919434	840,625	-2,01606822013855	840,625	-1,82567834854126	1296,875	-1,10872364044189	1296,875	-0,794748783111572	840,625	-1,76368927955627	840,625	-1,72784757614136	1296,875	-0,962223529815674	1296,875	-0,664006471633911	840,625	-1,56140887737274	840,625	-1,54571175575256	1296,875	-0,616387724876404	1296,875	-0,556528747081757	840,625	-1,50991976261139	840,625	-1,43612861633301	1296,875	-0,846059620380402	
1300	0,366230845451355	843,75	0,369574576616287	843,75	0,52678257226944	1300	0,580766499042511	1300	1,00451242923737	843,75	0,77582460641861	843,75	0,554390728473663	1300	0,688627183437347	1300	1,21338725090027	843,75	1,08592188358307	843,75	1,1996533870697	1300	1,33753645420074	1300	1,40844714641571	843,75	1,31898319721222	843,75	1,64327836036682	1300	1,81595253944397	1300	-1,30933821201324	843,75	-1,9896000623703	843,75	-1,80327141284943	1300	-1,10098958015442	1300	-0,78887414932251	843,75	-1,74072206020355	843,75	-1,70171689987183	1300	-0,956055641174316	1300	-0,659811556339264	843,75	-1,54649674892426	843,75	-1,53278577327728	1300	-0,608100652694702	1300	-0,554083168506622	843,75	-1,496915102005	843,75	-1,4288991689682	1300	-0,85185307264328	
1303,125	0,362605541944504	846,875	0,36373695731163	846,875	0,520761072635651	1303,125	0,578677952289581	1303,125	1,00516068935394	846,875	0,761195838451386	846,875	0,54774671792984	1303,125	0,68724137544632	1303,125	1,2163507938385	846,875	1,08264231681824	846,875	1,1974823474884	1303,125	1,3374764919281	1303,125	1,41222047805786	846,875	1,31713831424713	846,875	1,64373385906219	1303,125	1,81091976165771	1303,125	-1,31100451946259	846,875	-1,98772323131561	846,875	-1,80378460884094	1303,125	-1,10153472423553	1303,125	-0,787971556186676	846,875	-1,74143528938293	846,875	-1,69855117797852	1303,125	-0,95632529258728	1303,125	-0,659406960010529	846,875	-1,54983830451965	846,875	-1,53777575492859	1303,125	-0,604929685592651	1303,125	-0,552706837654114	846,875	-1,50303304195404	846,875	-1,4372740983963	1303,125	-0,860236823558807	
1306,25	0,364768803119659	850	0,382097631692886	850	0,534231841564178	1306,25	0,580664455890656	1306,25	1,00711262226105	850	0,755949795246124	850	0,560463786125183	1306,25	0,688671052455902	1306,25	1,2194265127182	850	1,09064412117004	850	1,20384514331818	1306,25	1,33842360973358	1306,25	1,41581964492798	850	1,32308208942413	850	1,64173626899719	1306,25	1,80285906791687	1306,25	-1,31008923053741	850	-1,9597909450531	850	-1,7759313583374	1306,25	-1,10029470920563	1306,25	-0,785122931003571	850	-1,70381283760071	850	-1,66297566890717	1306,25	-0,954652011394501	1306,25	-0,655599534511566	850	-1,51828610897064	850	-1,50795578956604	1306,25	-0,599577665328979	1306,25	-0,549475133419037	850	-1,47162342071533	850	-1,40329849720001	1306,25	-0,86119019985199	
1309,375	0,353455156087875	853,125	0,375385105609894	853,125	0,527681827545166	1309,375	0,57080340385437	1309,375	1,00126516819	853,125	0,740224719047546	853,125	0,554034829139709	1309,375	0,681026339530945	1309,375	1,21718859672546	853,125	1,08802545070648	853,125	1,20171463489532	1309,375	1,33627903461456	1309,375	1,41694855690002	853,125	1,32122957706451	853,125	1,64108300209045	1309,375	1,77131021022797	1309,375	-1,29748201370239	853,125	-1,96709477901459	853,125	-1,78373491764069	1309,375	-1,09036993980408	1309,375	-0,779183745384216	853,125	-1,7082267999649	853,125	-1,66664969921112	1309,375	-0,945431709289551	1309,375	-0,652613997459412	853,125	-1,52582538127899	853,125	-1,51676797866821	1309,375	-0,59214198589325	1309,375	-0,546204268932343	853,125	-1,47913002967834	853,125	-1,40995895862579	1309,375	-0,875160694122314	
1312,5	0,351640462875366	856,25	0,375913977622986	856,25	0,532569169998169	1312,5	0,570012211799622	1312,5	1,00229525566101	856,25	0,74394303560257	856,25	0,565198421478271	1312,5	0,6807781457901	1312,5	1,22103035449982	856,25	1,10550975799561	856,25	1,21987736225128	1312,5	1,33795952796936	1312,5	1,42024099826813	856,25	1,3436176776886	856,25	1,66799533367157	1312,5	1,76219809055328	1312,5	-1,29701900482178	856,25	-1,97638630867004	856,25	-1,79027211666107	1312,5	-1,08955752849579	1312,5	-0,778476774692535	856,25	-1,7009824514389	856,25	-1,66732275485992	1312,5	-0,945121467113495	1312,5	-0,651283204555511	856,25	-1,53055262565613	856,25	-1,52142524719238	1312,5	-0,589387595653534	1312,5	-0,544136166572571	856,25	-1,48167419433594	856,25	-1,40871250629425	1312,5	-0,880116403102875	
1315,625	0,356612265110016	859,375	0,376806914806366	859,375	0,532133281230927	1315,625	0,573939323425293	1315,625	1,0052855014801	859,375	0,730990529060364	859,375	0,565877974033356	1315,625	0,684675991535187	1315,625	1,2246435880661	859,375	1,10517632961273	859,375	1,21849405765533	1315,625	1,33973562717438	1315,625	1,42239785194397	859,375	1,34143650531769	859,375	1,66609966754913	1315,625	1,74267530441284	1315,625	-1,29044353961945	859,375	-1,97460126876831	859,375	-1,78705787658691	1315,625	-1,08283925056458	1315,625	-0,771295547485352	859,375	-1,68621587753296	859,375	-1,65899538993835	1315,625	-0,93885999917984	1315,625	-0,645975112915039	859,375	-1,52342045307159	859,375	-1,51599061489105	1315,625	-0,580621838569641	1315,625	-0,53816294670105	859,375	-1,4743435382843	859,375	-1,39869141578674	1315,625	-0,873010754585266	
1318,75	0,363711774349213	862,5	0,369158178567886	862,5	0,522039234638214	1318,75	0,580256223678589	1318,75	1,01112186908722	862,5	0,708822727203369	862,5	0,558188378810883	1318,75	0,690412163734436	1318,75	1,22962760925293	862,5	1,09447944164276	862,5	1,206791639328	1318,75	1,34417426586151	1318,75	1,42837154865265	862,5	1,32972383499146	862,5	1,65440201759338	1318,75	1,72998011112213	1318,75	-1,28953647613525	862,5	-1,95840883255005	862,5	-1,77239310741425	1318,75	-1,08064258098602	1318,75	-0,767144739627838	862,5	-1,66163718700409	862,5	-1,6417670249939	1318,75	-0,935703456401825	1318,75	-0,642025291919708	862,5	-1,51306617259979	862,5	-1,50896167755127	1318,75	-0,57368791103363	1318,75	-0,532453894615173	862,5	-1,46672940254211	862,5	-1,39466762542725	1318,75	-0,863206505775452	
1321,875	0,361457586288452	865,625	0,372602194547653	865,625	0,526720523834229	1321,875	0,578744411468506	1321,875	1,00931620597839	865,625	0,710928857326508	865,625	0,567299902439117	1321,875	0,688312828540802	1321,875	1,22940981388092	865,625	1,10122418403625	865,625	1,2145129442215	1321,875	1,34403073787689	1321,875	1,43044364452362	865,625	1,33911800384521	865,625	1,6663202047348	1321,875	1,70004856586456	1321,875	-1,27805542945862	865,625	-1,9455554485321	865,625	-1,76080679893494	1321,875	-1,07114064693451	1321,875	-0,75966465473175	865,625	-1,63784646987915	865,625	-1,62976908683777	1321,875	-0,926905930042267	1321,875	-0,638041853904724	865,625	-1,50778758525848	865,625	-1,50484728813171	1321,875	-0,567602157592773	1321,875	-0,526820480823517	865,625	-1,46299409866333	865,625	-1,39344096183777	1321,875	-0,86182963848114	
1325	0,356726467609406	868,75	0,374598801136017	868,75	0,529425382614136	1325	0,576410055160522	1325	1,01041615009308	868,75	0,711620151996613	868,75	0,572538197040558	1325	0,686747372150421	1325	1,23304557800293	868,75	1,10623168945313	868,75	1,21975064277649	1325	1,34666848182678	1325	1,43591606616974	868,75	1,34535455703735	868,75	1,67412078380585	1325	1,68626093864441	1325	-1,28052163124084	868,75	-1,94686996936798	868,75	-1,76280462741852	1325	-1,07289612293243	1325	-0,760010600090027	868,75	-1,63077187538147	868,75	-1,6312712430954	1325	-0,928656041622162	1325	-0,637766301631927	868,75	-1,51378846168518	868,75	-1,51184773445129	1325	-0,564964532852173	1325	-0,525618553161621	868,75	-1,46943497657776	868,75	-1,40157318115234	1325	-0,865954637527466	
1328,125	0,362907856702805	871,875	0,364854365587235	871,875	0,521436989307404	1328,125	0,58144223690033	1328,125	1,01523804664612	871,875	0,702158689498901	871,875	0,569240748882294	1328,125	0,691685318946838	1328,125	1,23729085922241	871,875	1,10237205028534	871,875	1,21452629566193	1328,125	1,35065054893494	1328,125	1,43974483013153	871,875	1,34074628353119	871,875	1,67237651348114	1328,125	1,66336834430695	1328,125	-1,2751601934433	871,875	-1,9364413022995	871,875	-1,75189554691315	1328,125	-1,06687533855438	1328,125	-0,753337860107422	871,875	-1,60390484333038	871,875	-1,61862051486969	1328,125	-0,923201322555542	1328,125	-0,632074356079102	871,875	-1,50640046596527	871,875	-1,50736653804779	1328,125	-0,557752192020416	1328,125	-0,519891738891602	871,875	-1,46366631984711	871,875	-1,39621961116791	1328,125	-0,852483570575714	
1331,25	0,358716666698456	875	0,356893807649612	875	0,513711392879486	1331,25	0,577139258384705	1331,25	1,01283800601959	875	0,691373288631439	875	0,563398599624634	1331,25	0,688379943370819	1331,25	1,23702120780945	875	1,09603190422058	875	1,20799160003662	1331,25	1,35044312477112	1331,25	1,44141137599945	875	1,33506119251251	875	1,66638159751892	1331,25	1,63229310512543	1331,25	-1,26686561107635	875	-1,92835509777069	875	-1,74405765533447	1331,25	-1,06022441387177	1331,25	-0,748509466648102	875	-1,58054554462433	875	-1,60951721668243	1331,25	-0,917254388332367	1331,25	-0,628620028495789	875	-1,49918794631958	875	-1,5022577047348	1331,25	-0,552228271961212	1331,25	-0,517056107521057	875	-1,45700526237488	875	-1,39030945301056	1331,25	-0,851580500602722	
1334,375	0,355441927909851	878,125	0,385852187871933	878,125	0,541592180728912	1334,375	0,57447874546051	1334,375	1,0118545293808	878,125	0,724233865737915	878,125	0,592387020587921	1334,375	0,686678946018219	1334,375	1,23736178874969	878,125	1,12184321880341	878,125	1,233438372612	1334,375	1,35191535949707	1334,375	1,4446085691452	878,125	1,36163580417633	878,125	1,69284701347351	1334,375	1,61329817771912	1334,375	-1,2654322385788	878,125	-1,92458927631378	878,125	-1,73784387111664	1334,375	-1,05902910232544	1334,375	-0,747652173042297	878,125	-1,55780053138733	878,125	-1,60244834423065	1334,375	-0,915869891643524	1334,375	-0,628114819526672	878,125	-1,48778176307678	878,125	-1,49137461185455	1334,375	-0,54952210187912	1334,375	-0,515741050243378	878,125	-1,44462752342224	878,125	-1,3760941028595	1334,375	-0,850768506526947	
1337,5	0,354196965694427	881,25	0,374618709087372	881,25	0,531010627746582	1337,5	0,57285338640213	1337,5	1,01157331466675	881,25	0,713970243930817	881,25	0,584319174289703	1337,5	0,684965550899506	1337,5	1,2380166053772	881,25	1,11222755908966	881,25	1,22355020046234	1337,5	1,35181140899658	1337,5	1,44519853591919	881,25	1,35316443443298	881,25	1,68425369262695	1337,5	1,58635771274567	1337,5	-1,25843691825867	881,25	-1,91761434078217	881,25	-1,73243069648743	1337,5	-1,05367159843445	1337,5	-0,742916703224182	881,25	-1,54086112976074	881,25	-1,59710395336151	1337,5	-0,910836160182953	1337,5	-0,62508088350296	881,25	-1,4868631362915	881,25	-1,49237012863159	1337,5	-0,544804334640503	1337,5	-0,514142870903015	881,25	-1,44649088382721	881,25	-1,37828373908997	1337,5	-0,839398324489594	
1340,625	0,354627788066864					1340,625	0,573671340942383	1340,625	1,01307117938995					1340,625	0,686217129230499	1340,625	1,24163699150085					1340,625	1,35373020172119	1340,625	1,44816744327545					1340,625	1,55795836448669	1340,625	-1,25602281093597					1340,625	-1,04976832866669	1340,625	-0,738377213478088					1340,625	-0,90758740901947	1340,625	-0,620378017425537					1340,625	-0,537440359592438	1340,625	-0,510676741600037					1340,625	-0,828837096691132	
1343,75	0,352943509817123					1343,75	0,573918879032135	1343,75	1,01375496387482					1343,75	0,686377704143524	1343,75	1,24362671375275					1343,75	1,35726141929626	1343,75	1,45061254501343					1343,75	1,5349235534668	1343,75	-1,25546884536743					1343,75	-1,04927957057953	1343,75	-0,735794901847839					1343,75	-0,906482994556427	1343,75	-0,617590665817261					1343,75	-0,531899452209473	1343,75	-0,508430540561676					1343,75	-0,819602370262146	
1346,875	0,351227790117264					1346,875	0,572034955024719	1346,875	1,01287341117859					1346,875	0,683653473854065	1346,875	1,24298882484436					1346,875	1,35890114307404	1346,875	1,45123243331909					1346,875	1,50639271736145	1346,875	-1,24661755561829					1346,875	-1,04272794723511	1346,875	-0,731394290924072					1346,875	-0,900753200054169	1346,875	-0,616039991378784					1346,875	-0,527481436729431	1346,875	-0,506763279438019					1346,875	-0,795232474803925	
1350	0,35626345872879					1350	0,57595831155777	1350	1,01613199710846					1350	0,68783575296402	1350	1,24659597873688					1350	1,36246645450592	1350	1,45254135131836					1350	1,48472249507904	1350	-1,23960268497467					1350	-1,03532934188843	1350	-0,724522173404694					1350	-0,894088923931122	1350	-0,610954940319061					1350	-0,520832777023315	1350	-0,501070618629456					1350	-0,762466430664063	
1353,125	0,352115631103516					1353,125	0,572421848773956	1353,125	1,01438617706299					1353,125	0,684900939464569	1353,125	1,24617958068848					1353,125	1,36326158046722	1353,125	1,45104503631592					1353,125	1,45713305473328	1353,125	-1,23630654811859					1353,125	-1,0325380563736	1353,125	-0,721255362033844					1353,125	-0,891236364841461	1353,125	-0,610059261322021					1353,125	-0,516336917877197	1353,125	-0,49928417801857					1353,125	-0,748220145702362	
1356,25	0,345733493566513					1356,25	0,567023158073425	1356,25	1,01083016395569					1356,25	0,680142879486084	1356,25	1,24543190002441					1356,25	1,36344921588898	1356,25	1,44921720027924					1356,25	1,42810750007629	1356,25	-1,23405623435974					1356,25	-1,03145432472229	1356,25	-0,720048308372498					1356,25	-0,889785408973694	1356,25	-0,609351515769959					1356,25	-0,514088988304138	1356,25	-0,50007039308548					1356,25	-0,736615836620331	
1359,375	0,346902459859848					1359,375	0,568311631679535	1359,375	1,0131698846817					1359,375	0,681931018829346	1359,375	1,24841964244843					1359,375	1,36762392520905	1359,375	1,44994783401489					1359,375	1,40809404850006	1359,375	-1,23002207279205					1359,375	-1,02751898765564	1359,375	-0,71523904800415					1359,375	-0,885683000087738	1359,375	-0,605167508125305					1359,375	-0,508341670036316	1359,375	-0,494077295064926					1359,375	-0,702775239944458	
1362,5	0,349348247051239					1362,5	0,570041179656982	1362,5	1,01591837406158					1362,5	0,684055864810944	1362,5	1,25188791751862					1362,5	1,37311291694641	1362,5	1,45162165164948					1362,5	1,39891910552979	1362,5	-1,22754883766174					1362,5	-1,02488350868225	1362,5	-0,71197497844696					1362,5	-0,883126974105835	1362,5	-0,601418137550354					1362,5	-0,504701316356659	1362,5	-0,488335728645325					1362,5	-0,671312212944031	
1365,625	0,339411735534668					1365,625	0,56285560131073	1365,625	1,01147067546844					1365,625	0,678180873394012	1365,625	1,25248897075653					1365,625	1,37632203102112	1365,625	1,45129597187042					1365,625	1,36590731143951	1365,625	-1,22213089466095					1365,625	-1,0204576253891	1365,625	-0,709705114364624					1365,625	-0,87984961271286	1365,625	-0,602556645870209					1365,625	-0,503675401210785	1365,625	-0,488018363714218					1365,625	-0,636357843875885	
1368,75	0,348034828901291					1368,75	0,570191979408264	1368,75	1,01700699329376					1368,75	0,68425840139389	1368,75	1,25541520118713					1368,75	1,37942802906036	1368,75	1,45135676860809					1368,75	1,37364554405212	1368,75	-1,21518456935883					1368,75	-1,01390659809113	1368,75	-0,702327191829681					1368,75	-0,873380780220032	1368,75	-0,598068296909332					1368,75	-0,499205648899078	1368,75	-0,480746418237686					1368,75	-0,591522216796875	
1371,875	0,356132507324219					1371,875	0,57739669084549	1371,875	1,02331709861755					1371,875	0,690975666046143	1371,875	1,2600177526474					1371,875	1,38440406322479	1371,875	1,45578551292419					1371,875	1,38287317752838	1371,875	-1,21333110332489					1371,875	-1,01132822036743	1371,875	-0,697208940982819					1371,875	-0,870034396648407	1371,875	-0,592468619346619					1371,875	-0,494450360536575	1371,875	-0,471691161394119					1371,875	-0,556283950805664	
1375	0,35266900062561					1375	0,573864161968231	1375	1,02082908153534					1375	0,687820434570313	1375	1,2582813501358					1375	1,38418304920197	1375	1,45410025119781					1375	1,37088644504547	1375	-1,20688879489899					1375	-1,00557327270508	1375	-0,693008124828339					1375	-0,865150272846222	1375	-0,590345919132233					1375	-0,49294725060463	1375	-0,466907769441605					1375	-0,519364655017853	
1378,125	0,3479905128479					1378,125	0,569958627223969	1378,125	1,01918542385101					1378,125	0,684673070907593	1378,125	1,25883674621582					1378,125	1,38460552692413	1378,125	1,45352649688721					1378,125	1,36203169822693	1378,125	-1,20408141613007					1378,125	-1,00339150428772	1378,125	-0,691550374031067					1378,125	-0,863128960132599	1378,125	-0,590594828128815					1378,125	-0,492369890213013	1378,125	-0,464652955532074					1378,125	-0,487895429134369	
1381,25	0,34757786989212					1381,25	0,569742858409882	1381,25	1,01919484138489					1381,25	0,684412658214569	1381,25	1,25963568687439					1381,25	1,38472545146942	1381,25	1,45409917831421					1381,25	1,36356163024902	1381,25	-1,19796943664551					1381,25	-0,997706770896912	1381,25	-0,685904800891876					1381,25	-0,857341229915619	1381,25	-0,587110638618469					1381,25	-0,489394664764404	1381,25	-0,457760393619537					1381,25	-0,450241178274155	
1384,375	0,350076824426651					1384,375	0,571536958217621	1384,375	1,02153718471527					1384,375	0,686524033546448	1384,375	1,26167941093445					1384,375	1,38667142391205	1384,375	1,45659732818604					1384,375	1,37434101104736	1384,375	-1,19408166408539					1384,375	-0,993976235389709	1384,375	-0,681726574897766					1384,375	-0,854188024997711	1384,375	-0,584203541278839					1384,375	-0,48633736371994	1384,375	-0,452505379915237					1384,375	-0,417183190584183	
1387,5	0,34920671582222					1387,5	0,570700168609619	1387,5	1,02236294746399					1387,5	0,686523914337158	1387,5	1,26325154304504					1387,5	1,38801550865173	1387,5	1,45842671394348					1387,5	1,38058340549469	1387,5	-1,19137477874756					1387,5	-0,991249561309814	1387,5	-0,678912758827209					1387,5	-0,851686060428619	1387,5	-0,583111822605133					1387,5	-0,48338195681572	1387,5	-0,448258250951767					1387,5	-0,385067194700241	
1390,625	0,350507169961929					1390,625	0,572098553180695	1390,625	1,0242908000946					1390,625	0,688020348548889	1390,625	1,2646632194519					1390,625	1,38896107673645	1390,625	1,46003866195679					1390,625	1,3931976556778	1390,625	-1,18693566322327					1390,625	-0,986691653728485	1390,625	-0,674446821212769					1390,625	-0,847427010536194	1390,625	-0,580824673175812					1390,625	-0,478422820568085	1390,625	-0,442592024803162					1390,625	-0,352838158607483	
1393,75	0,349565088748932					1393,75	0,571860313415527	1393,75	1,02574348449707					1393,75	0,688356697559357	1393,75	1,26660406589508					1393,75	1,39094221591949	1393,75	1,46120405197144					1393,75	1,40369367599487	1393,75	-1,18493688106537					1393,75	-0,984924376010895	1393,75	-0,671981692314148					1393,75	-0,845725357532501	1393,75	-0,579839825630188					1393,75	-0,476077169179916	1393,75	-0,437571257352829					1393,75	-0,325461745262146	
1396,875	0,349442601203918					1396,875	0,571682751178741	1396,875	1,02611017227173					1396,875	0,687960386276245	1396,875	1,26664245128632					1396,875	1,39201986789703	1396,875	1,46072030067444					1396,875	1,41953456401825	1396,875	-1,17944478988647					1396,875	-0,980515599250793	1396,875	-0,66803777217865					1396,875	-0,841559529304504	1396,875	-0,577881455421448					1396,875	-0,473502516746521	1396,875	-0,43318909406662					1396,875	-0,298958480358124	
1400	0,345852226018906					1400	0,568552613258362	1400	1,02482199668884					1400	0,685158312320709	1400	1,26686787605286					1400	1,39240622520447	1400	1,46145343780518					1400	1,42993438243866	1400	-1,17568206787109					1400	-0,976979613304138	1400	-0,665635108947754					1400	-0,838798820972443	1400	-0,577105164527893					1400	-0,471390008926392	1400	-0,42901012301445					1400	-0,270892381668091	
1403,125	0,347568541765213					1403,125	0,570109069347382	1403,125	1,02710485458374					1403,125	0,687076807022095	1403,125	1,26803851127625					1403,125	1,39440011978149	1403,125	1,4627103805542					1403,125	1,44886326789856	1403,125	-1,17037415504456					1403,125	-0,971798539161682	1403,125	-0,660779893398285					1403,125	-0,833527624607086	1403,125	-0,57380348443985					1403,125	-0,466092646121979	1403,125	-0,422024875879288					1403,125	-0,246769517660141	
1406,25	0,34916689991951					1406,25	0,57137805223465	1406,25	1,02901685237885					1406,25	0,688602149486542	1406,25	1,27007853984833					1406,25	1,39690768718719	1406,25	1,46379470825195					1406,25	1,46644258499146	1406,25	-1,16723120212555					1406,25	-0,968303680419922	1406,25	-0,656761825084686					1406,25	-0,829954743385315	1406,25	-0,571353793144226					1406,25	-0,461600691080093	1406,25	-0,415675520896912					1406,25	-0,228479564189911	
1409,375	0,349040955305099					1409,375	0,570323467254639	1409,375	1,02843010425568					1409,375	0,687687873840332	1409,375	1,27010881900787					1409,375	1,39681220054626	1409,375	1,46349096298218					1409,375	1,48644077777863	1409,375	-1,15976750850677					1409,375	-0,961643397808075	1409,375	-0,651208758354187					1409,375	-0,823922038078308	1409,375	-0,568618178367615					1409,375	-0,45759055018425	1409,375	-0,40738382935524					1409,375	-0,208182618021965	
1412,5	0,346215784549713					1412,5	0,569140732288361	1412,5	1,0294486284256					1412,5	0,687281370162964	1412,5	1,27191054821014					1412,5	1,39991283416748	1412,5	1,46538412570953					1412,5	1,49876022338867	1412,5	-1,16137671470642					1412,5	-0,96273148059845	1412,5	-0,651096999645233					1412,5	-0,824972569942474	1412,5	-0,569396376609802					1412,5	-0,456348091363907	1412,5	-0,402202159166336					1412,5	-0,192092850804329	
1415,625	0,345788240432739					1415,625	0,568757593631744	1415,625	1,0295125246048					1415,625	0,687322378158569	1415,625	1,27178990840912					1415,625	1,400803565979	1415,625	1,46701848506927					1415,625	1,51782858371735	1415,625	-1,15621089935303					1415,625	-0,957794070243835	1415,625	-0,64737856388092					1415,625	-0,820799589157104	1415,625	-0,568332135677338					1415,625	-0,453534871339798	1415,625	-0,395302951335907					1415,625	-0,175694450736046	
1418,75	0,343642145395279					1418,75	0,566441774368286	1418,75	1,02836382389069					1418,75	0,685364067554474	1418,75	1,27094161510468					1418,75	1,40078449249268	1418,75	1,46818280220032					1418,75	1,53968715667725	1418,75	-1,14842021465302					1418,75	-0,951700270175934	1418,75	-0,642574489116669					1418,75	-0,815190970897675	1418,75	-0,56719446182251					1418,75	-0,450638622045517	1418,75	-0,386547058820724					1418,75	-0,158296570181847	
1421,875	0,338307321071625					1421,875	0,562174737453461	1421,875	1,02694988250732					1421,875	0,682377755641937	1421,875	1,2714067697525					1421,875	1,40200078487396	1421,875	1,47087776660919					1421,875	1,55274164676666	1421,875	-1,14894580841064					1421,875	-0,95253986120224	1421,875	-0,64301609992981					1421,875	-0,815832734107971	1421,875	-0,569660842418671					1421,875	-0,450258314609528	1421,875	-0,381674408912659					1421,875	-0,145789980888367	
1425	0,342904210090637					1425	0,566296994686127	1425	1,02976095676422					1425	0,685774564743042	1425	1,27163350582123					1425	1,40346312522888	1425	1,47572040557861					1425	1,57018744945526	1425	-1,1446692943573					1425	-0,947650611400604	1425	-0,638183534145355					1425	-0,81164288520813	1425	-0,565476775169373					1425	-0,445378512144089	1425	-0,374639749526978					1425	-0,140909135341644	
1428,125	0,347819983959198					1428,125	0,569614231586456	1428,125	1,03202629089355					1428,125	0,688816249370575	1428,125	1,27142202854156					1428,125	1,40475475788116	1428,125	1,48091018199921					1428,125	1,58977961540222	1428,125	-1,13866686820984					1428,125	-0,940811336040497	1428,125	-0,632383048534393					1428,125	-0,805725693702698	1428,125	-0,561886727809906					1428,125	-0,439662277698517	1428,125	-0,367835968732834					1428,125	-0,135188981890678	
1431,25	0,347208440303802					1431,25	0,569037854671478	1431,25	1,03284454345703					1431,25	0,688406348228455	1431,25	1,27159631252289					1431,25	1,4056704044342	1431,25	1,48607349395752					1431,25	1,60449266433716	1431,25	-1,13598358631134					1431,25	-0,938315629959106	1431,25	-0,629742920398712					1431,25	-0,803219139575958	1431,25	-0,561430215835571					1431,25	-0,43644306063652	1431,25	-0,361707597970963					1431,25	-0,126763910055161	
1434,375	0,344140708446503					1434,375	0,566691815853119	1434,375	1,0318295955658					1434,375	0,686614215373993	1434,375	1,26959264278412					1434,375	1,40534174442291	1434,375	1,48923540115356					1434,375	1,62074077129364	1434,375	-1,12985897064209					1434,375	-0,932711899280548	1434,375	-0,625711917877197					1434,375	-0,798988342285156	1434,375	-0,561109721660614					1434,375	-0,433921962976456	1434,375	-0,355767637491226					1434,375	-0,117717832326889	
1437,5	0,345956891775131					1437,5	0,568880915641785	1437,5	1,03448486328125					1437,5	0,688817322254181	1437,5	1,27133464813232					1437,5	1,40825402736664	1437,5	1,49388563632965					1437,5	1,6317310333252	1437,5	-1,12847781181335					1437,5	-0,931227922439575	1437,5	-0,623117327690125					1437,5	-0,796766579151154	1437,5	-0,55941778421402					1437,5	-0,430244654417038	1437,5	-0,350490421056747					1437,5	-0,110431656241417	
1440,625	0,344095170497894					1440,625	0,567388117313385	1440,625	1,03434121608734					1440,625	0,687418639659882	1440,625	1,26915407180786					1440,625	1,40936553478241	1440,625	1,49806046485901					1440,625	1,64713048934937	1440,625	-1,12375867366791					1440,625	-0,927111387252808	1440,625	-0,619906187057495					1440,625	-0,793259143829346	1440,625	-0,559406757354736					1440,625	-0,427219361066818	1440,625	-0,345128804445267					1440,625	-0,103321403264999	
1443,75	0,344322770833969					1443,75	0,567267298698425	1443,75	1,0341215133667					1443,75	0,687321841716766	1443,75	1,26799380779266					1443,75	1,41029214859009	1443,75	1,5026832818985					1443,75	1,65819919109344	1443,75	-1,11992502212524					1443,75	-0,922293663024902	1443,75	-0,615887045860291					1443,75	-0,789190948009491	1443,75	-0,557856738567352					1443,75	-0,423880785703659	1443,75	-0,339545994997025					1443,75	-0,101129427552223	
1446,875	0,341967672109604					1446,875	0,565381586551666	1446,875	1,03320717811584					1446,875	0,685936391353607	1446,875	1,2655303478241					1446,875	1,41160953044891	1446,875	1,50709199905396					1446,875	1,67131078243256	1446,875	-1,11437153816223					1446,875	-0,917647957801819	1446,875	-0,612748861312866					1446,875	-0,785649418830872	1446,875	-0,55752432346344					1446,875	-0,421267658472061	1446,875	-0,337257623672485					1446,875	-0,0954395979642868	
1450	0,346164256334305					1450	0,568844199180603	1450	1,03533899784088					1450	0,688832402229309	1450	1,26375210285187					1450	1,41335320472717	1450	1,51152586936951					1450	1,68324649333954	1450	-1,1105409860611					1450	-0,913572192192078	1450	-0,608563601970673					1450	-0,781716465950012	1450	-0,555020332336426					1450	-0,417045950889587	1450	-0,334334522485733					1450	-0,0938516855239868	
1453,125	0,347137898206711					1453,125	0,569996774196625	1453,125	1,03709661960602					1453,125	0,689549028873444	1453,125	1,26329731941223					1453,125	1,41586911678314	1453,125	1,5158075094223					1453,125	1,69430315494537	1453,125	-1,10846626758575					1453,125	-0,911767661571503	1453,125	-0,605966627597809					1453,125	-0,779261887073517	1453,125	-0,55388879776001					1453,125	-0,414151459932327	1453,125	-0,330347001552582					1453,125	-0,0889697298407555	
1456,25	0,345405966043472					1456,25	0,568275153636932	1456,25	1,03547513484955					1456,25	0,687538385391235	1456,25	1,25829374790192					1456,25	1,4162369966507	1456,25	1,51895415782928					1456,25	1,70647883415222	1456,25	-1,10186386108398					1456,25	-0,906427204608917	1456,25	-0,601660907268524					1456,25	-0,774843811988831	1456,25	-0,552692353725433					1456,25	-0,411904722452164	1456,25	-0,327501773834229					1456,25	-0,0871415585279465	
1459,375	0,341741412878037					1459,375	0,566256582736969	1459,375	1,03630936145782					1459,375	0,686273217201233	1459,375	1,25850033760071					1459,375	1,42024743556976	1459,375	1,52511858940125					1459,375	1,71825182437897	1459,375	-1,10626864433289					1459,375	-0,910081923007965	1459,375	-0,603537857532501					1459,375	-0,777634918689728	1459,375	-0,55542516708374					1459,375	-0,411550641059875	1459,375	-0,32526621222496					1459,375	-0,0802208855748177	
1462,5	0,343494474887848					1462,5	0,567423582077026	1462,5	1,03670871257782					1462,5	0,687543988227844	1462,5	1,2534157037735					1462,5	1,42035913467407	1462,5	1,52736330032349					1462,5	1,72688519954681	1462,5	-1,0957328081131					1462,5	-0,899472534656525	1462,5	-0,595528662204742					1462,5	-0,768428444862366	1462,5	-0,549032092094421					1462,5	-0,406245321035385	1462,5	-0,320347309112549					1462,5	-0,0787886306643486	
1465,625	0,342317700386047					1465,625	0,566739439964294	1465,625	1,0363701581955					1465,625	0,686871826648712	1465,625	1,25103318691254					1465,625	1,42102587223053	1465,625	1,53028929233551					1465,625	1,73663914203644	1465,625	-1,09015643596649					1465,625	-0,894944489002228	1465,625	-0,592059373855591					1465,625	-0,76451051235199	1465,625	-0,547916114330292					1465,625	-0,405344933271408	1465,625	-0,318305730819702					1465,625	-0,0767857581377029	
1468,75	0,338904678821564					1468,75	0,563944876194	1468,75	1,03552043437958					1468,75	0,684136390686035	1468,75	1,24598252773285					1468,75	1,42187249660492	1468,75	1,5340439081192					1468,75	1,74667453765869	1468,75	-1,08644127845764					1468,75	-0,892052233219147	1468,75	-0,589396238327026					1468,75	-0,762147068977356	1468,75	-0,547533273696899					1468,75	-0,403565496206284	1468,75	-0,315142333507538					1468,75	-0,0730262771248817	
1471,875	0,338166832923889					1471,875	0,56324303150177	1471,875	1,03511714935303					1471,875	0,682765662670136	1471,875	1,24069905281067					1471,875	1,42215538024902	1471,875	1,53719663619995					1471,875	1,75701236724854	1471,875	-1,07958912849426					1471,875	-0,885873913764954	1471,875	-0,585510969161987					1471,875	-0,756856858730316	1471,875	-0,543960690498352					1471,875	-0,401177138090134	1471,875	-0,313230574131012					1471,875	-0,0728309154510498	
1475	0,341615110635757					1475	0,566975235939026	1475	1,03834474086761					1475	0,686096966266632	1475	1,24145150184631					1475	1,42571794986725	1475	1,54196298122406					1475	1,76527082920074	1475	-1,082111120224					1475	-0,887484014034271	1475	-0,584995746612549					1475	-0,75788551568985	1475	-0,541912794113159					1475	-0,398698061704636	1475	-0,310253709554672					1475	-0,0690154582262039	
1478,125	0,341790825128555					1478,125	0,567367553710938	1478,125	1,03933370113373					1478,125	0,686630725860596	1478,125	1,23850619792938					1478,125	1,42770338058472	1478,125	1,54549622535706					1478,125	1,77474129199982	1478,125	-1,08022379875183					1478,125	-0,885620892047882	1478,125	-0,582884728908539					1478,125	-0,755778253078461	1478,125	-0,538909733295441					1478,125	-0,397281348705292	1478,125	-0,3080775141716					1478,125	-0,0670379847288132	
1481,25	0,335308700799942					1481,25	0,562229037284851	1481,25	1,03630244731903					1481,25	0,681749939918518	1481,25	1,23090469837189					1481,25	1,42734861373901	1481,25	1,54833805561066					1481,25	1,78479635715485	1481,25	-1,07458758354187					1481,25	-0,88089919090271	1481,25	-0,579834699630737					1481,25	-0,751956224441528	1481,25	-0,537376880645752					1481,25	-0,397241324186325	1481,25	-0,306782305240631					1481,25	-0,0647035762667656	
1484,375	0,336570888757706					1484,375	0,562879323959351	1484,375	1,03666722774506					1484,375	0,6825110912323	1484,375	1,22751212120056					1484,375	1,42727172374725	1484,375	1,55069518089294					1484,375	1,79140877723694	1484,375	-1,06800198554993					1484,375	-0,874601125717163	1484,375	-0,574791312217712					1484,375	-0,746300578117371	1484,375	-0,530470252037048					1484,375	-0,394076526165009	1484,375	-0,304286867380142					1484,375	-0,0645048543810844	
1487,5	0,338624864816666					1487,5	0,564443051815033	1487,5	1,03802359104156					1487,5	0,683724462985992	1487,5	1,22562503814697					1487,5	1,42930746078491	1487,5	1,55352759361267					1487,5	1,79841125011444	1487,5	-1,06569683551788					1487,5	-0,872330665588379	1487,5	-0,572494804859161					1487,5	-0,744008660316467	1487,5	-0,525938808917999					1487,5	-0,392336159944534	1487,5	-0,301716536283493					1487,5	-0,0635290816426277	
1490,625	0,339467734098434					1490,625	0,564915359020233	1490,625	1,03776490688324					1490,625	0,683645665645599	1490,625	1,221311211586					1490,625	1,42835819721222	1490,625	1,55510437488556					1490,625	1,80499804019928	1490,625	-1,059650182724					1490,625	-0,86670446395874	1490,625	-0,567575573921204					1490,625	-0,738326013088226	1490,625	-0,518544554710388					1490,625	-0,389415055513382	1490,625	-0,299142181873322					1490,625	-0,0649888068437576	
1493,75	0,34174656867981					1493,75	0,566894471645355	1493,75	1,04047226905823					1493,75	0,685675859451294	1493,75	1,2211434841156					1493,75	1,43031978607178	1493,75	1,5583723783493					1493,75	1,81092286109924	1493,75	-1,05902862548828					1493,75	-0,86513215303421	1493,75	-0,564579546451569					1493,75	-0,736381053924561	1493,75	-0,513558626174927					1493,75	-0,38612824678421	1493,75	-0,294627457857132					1493,75	-0,0600720420479774	
1496,875	0,336828589439392					1496,875	0,562797665596008	1496,875	1,0377836227417					1496,875	0,681977331638336	1496,875	1,21579563617706					1496,875	1,42974531650543	1496,875	1,56016838550568					1496,875	1,81936931610107	1496,875	-1,05561518669128					1496,875	-0,862525641918182	1496,875	-0,562828600406647					1496,875	-0,73393839597702	1496,875	-0,509533643722534					1496,875	-0,385876893997192	1496,875	-0,29342395067215					1496,875	-0,0590658970177174	
1500	0,332513332366943					1500	0,559617102146149	1500	1,03600418567657					1500	0,6790691614151	1500	1,21185302734375					1500	1,42845094203949	1500	1,56242763996124					1500	1,82556855678558	1500	-1,05325424671173					1500	-0,860168874263763	1500	-0,56025493144989					1500	-0,731159746646881	1500	-0,503958940505981					1500	-0,385589718818665	1500	-0,292721807956696					1500	-0,0596212483942509	
1503,125	0,336414873600006					1503,125	0,563315093517303	1503,125	1,03880250453949					1503,125	0,68221777677536	1503,125	1,21197009086609					1503,125	1,42926740646362	1503,125	1,56522417068481					1503,125	1,83092176914215	1503,125	-1,04984295368195					1503,125	-0,856857001781464	1503,125	-0,557012438774109					1503,125	-0,727742910385132	1503,125	-0,496917366981506					1503,125	-0,382310688495636	1503,125	-0,289258718490601					1503,125	-0,0562657341361046	
1506,25	0,346856266260147					1506,25	0,570796072483063	1506,25	1,04189932346344					1506,25	0,688692390918732	1506,25	1,21347522735596					1506,25	1,42839753627777	1506,25	1,56529223918915					1506,25	1,83208155632019	1506,25	-1,040167927742					1506,25	-0,847146987915039	1506,25	-0,548855125904083					1506,25	-0,718753397464752	1506,25	-0,484418362379074					1506,25	-0,375447869300842	1506,25	-0,283844709396362					1506,25	-0,057146854698658	
1509,375	0,342055708169937					1509,375	0,566800355911255	1509,375	1,03974938392639					1509,375	0,685462713241577	1509,375	1,21082305908203					1509,375	1,42717337608337	1509,375	1,56819140911102					1509,375	1,84033679962158	1509,375	-1,03737127780914					1509,375	-0,84470272064209	1509,375	-0,546384990215302					1509,375	-0,71600067615509	1509,375	-0,479349583387375					1509,375	-0,374083966016769	1509,375	-0,281732261180878					1509,375	-0,0569477640092373	
1512,5	0,336768478155136					1512,5	0,562732040882111	1512,5	1,03823685646057					1512,5	0,68205738067627	1512,5	1,20815563201904					1512,5	1,42787420749664	1512,5	1,57114613056183					1512,5	1,84892129898071	1512,5	-1,03708803653717					1512,5	-0,84487247467041	1512,5	-0,546001136302948					1512,5	-0,715781211853027	1512,5	-0,476900547742844					1512,5	-0,37450048327446	1512,5	-0,280597388744354					1512,5	-0,054411455988884	
1515,625	0,336050808429718					1515,625	0,56175971031189	1515,625	1,03830659389496					1515,625	0,681285440921783	1515,625	1,20698273181915					1515,625	1,42809963226318	1515,625	1,57341492176056					1515,625	1,85500752925873	1515,625	-1,0341569185257					1515,625	-0,841874718666077	1515,625	-0,543234050273895					1515,625	-0,712327361106873	1515,625	-0,470192939043045					1515,625	-0,372788459062576	1515,625	-0,277620881795883					1515,625	-0,0532495938241482	
1518,75	0,333601206541061					1518,75	0,560172080993652	1518,75	1,03715920448303					1518,75	0,680410623550415	1518,75	1,20581924915314					1518,75	1,42617392539978	1518,75	1,57605397701263					1518,75	1,86325716972351	1518,75	-1,02660238742828					1518,75	-0,835507571697235	1518,75	-0,539046347141266					1518,75	-0,707369089126587	1518,75	-0,463427364826202					1518,75	-0,370503067970276	1518,75	-0,276317119598389					1518,75	-0,0537644028663635	
1521,875	0,334479331970215					1521,875	0,560787260532379	1521,875	1,03790199756622					1521,875	0,681060969829559	1521,875	1,20728170871735					1521,875	1,42626929283142	1521,875	1,57886254787445					1521,875	1,86849176883698	1521,875	-1,02636802196503					1521,875	-0,835167109966278	1521,875	-0,5373894572258					1521,875	-0,706959784030914	1521,875	-0,458759188652039					1521,875	-0,367408335208893	1521,875	-0,273874461650848					1521,875	-0,0518031492829323	
1525	0,331311285495758					1525	0,557501912117004	1525	1,03489708900452					1525	0,678226947784424	1525	1,2052845954895					1525	1,42341732978821	1525	1,57896435260773					1525	1,87265992164612	1525	-1,02066266536713					1525	-0,829504191875458	1525	-0,532775521278381					1525	-0,701545059680939	1525	-0,451833307743073					1525	-0,363909423351288	1525	-0,271811544895172					1525	-0,0530178025364876	
1528,125	0,33412954211235					1528,125	0,560553848743439	1528,125	1,03706645965576					1528,125	0,680846393108368	1528,125	1,20752501487732					1528,125	1,42379975318909	1528,125	1,58087682723999					1528,125	1,87567174434662	1528,125	-1,01626181602478					1528,125	-0,825000762939453	1528,125	-0,527956604957581					1528,125	-0,696910858154297	1528,125	-0,445251435041428					1528,125	-0,359576940536499	1528,125	-0,267533242702484					1528,125	-0,0511765331029892	
1531,25	0,334023833274841					1531,25	0,560710728168488	1531,25	1,0378577709198					1531,25	0,680994033813477	1531,25	1,20848405361176					1531,25	1,42491614818573	1531,25	1,5841258764267					1531,25	1,88173294067383	1531,25	-1,01427352428436					1531,25	-0,823971569538116	1531,25	-0,52609783411026					1531,25	-0,695937037467957	1531,25	-0,440979838371277					1531,25	-0,357321977615356	1531,25	-0,265949726104736					1531,25	-0,0498080439865589	
1534,375	0,336611211299896					1534,375	0,562120854854584	1534,375	1,03881371021271					1534,375	0,682388544082642	1534,375	1,20948135852814					1534,375	1,42358255386353	1534,375	1,58540260791779					1534,375	1,88735044002533	1534,375	-1,00859928131104					1534,375	-0,818171560764313	1534,375	-0,52089649438858					1534,375	-0,690530061721802	1534,375	-0,433732330799103					1534,375	-0,35267561674118	1534,375	-0,263163685798645					1534,375	-0,0512589029967785	
1537,5	0,336125522851944					1537,5	0,561195015907288	1537,5	1,03858757019043					1537,5	0,682051479816437	1537,5	1,21115279197693					1537,5	1,42308735847473	1537,5	1,58859968185425					1537,5	1,89183735847473	1537,5	-1,00876152515411					1537,5	-0,817642331123352	1537,5	-0,518779039382935					1537,5	-0,689209043979645	1537,5	-0,429821252822876					1537,5	-0,34993514418602	1537,5	-0,261411368846893					1537,5	-0,0508840568363667	
1540,625	0,334496557712555					1540,625	0,559815526008606	1540,625	1,03816854953766					1540,625	0,68119478225708	1540,625	1,21175217628479					1540,625	1,42276918888092	1540,625	1,59135341644287					1540,625	1,89874458312988	1540,625	-1,00780212879181					1540,625	-0,816725194454193	1540,625	-0,517207264900208					1540,625	-0,687615394592285	1540,625	-0,426534742116928					1540,625	-0,348029732704163	1540,625	-0,25992277264595					1540,625	-0,0514960177242756	
1543,75	0,336785703897476					1543,75	0,561468660831451	1543,75	1,03896570205688					1543,75	0,682981729507446	1543,75	1,2131130695343					1543,75	1,4226975440979	1543,75	1,59165120124817					1543,75	1,90190482139587	1543,75	-1,00027918815613					1543,75	-0,8097904920578	1543,75	-0,511953234672546					1543,75	-0,681575953960419	1543,75	-0,420252054929733					1543,75	-0,342845261096954	1543,75	-0,256845653057098					1543,75	-0,0527938343584538	
1546,875	0,335633635520935					1546,875	0,560746550559998	1546,875	1,03937566280365					1546,875	0,682740330696106	1546,875	1,21373605728149					1546,875	1,4219651222229	1546,875	1,59351325035095					1546,875	1,90604019165039	1546,875	-0,994925618171692					1546,875	-0,804435431957245	1546,875	-0,507245719432831					1546,875	-0,676759421825409	1546,875	-0,414373606443405					1546,875	-0,338414311408997	1546,875	-0,254160702228546					1546,875	-0,0529258325695992	
1550	0,331780940294266					1550	0,557725667953491	1550	1,03832864761353					1550	0,68031919002533	1550	1,21386229991913					1550	1,42168116569519	1550	1,59567499160767					1550	1,91289126873016	1550	-0,992893278598785					1550	-0,802565455436707	1550	-0,505261719226837					1550	-0,674573004245758	1550	-0,410800188779831					1550	-0,335367470979691	1550	-0,252944737672806					1550	-0,0544013455510139	
1553,125	0,334091514348984					1553,125	0,559689402580261	1553,125	1,0401862859726					1553,125	0,682094871997833	1553,125	1,21636176109314					1553,125	1,42243683338165	1553,125	1,59673964977264					1553,125	1,91498136520386	1553,125	-0,989127457141876					1553,125	-0,798673093318939	1553,125	-0,500737130641937					1553,125	-0,670750081539154	1553,125	-0,405719846487045					1553,125	-0,32966935634613	1553,125	-0,2496118247509					1553,125	-0,0557965114712715	
1556,25	0,329953461885452					1556,25	0,556219816207886	1556,25	1,03977286815643					1556,25	0,679578065872192	1556,25	1,21686589717865					1556,25	1,423255443573	1556,25	1,59985983371735					1556,25	1,92123007774353	1556,25	-0,990811765193939					1556,25	-0,799900710582733	1556,25	-0,501600921154022					1556,25	-0,671193361282349	1556,25	-0,40481024980545					1556,25	-0,328969120979309	1556,25	-0,248576834797859					1556,25	-0,0575176626443863	
1559,375	0,331210792064667					1559,375	0,557049512863159	1559,375	1,03910934925079					1559,375	0,680363297462463	1559,375	1,21709334850311					1559,375	1,42166125774384	1559,375	1,6000292301178					1559,375	1,92083299160004	1559,375	-0,979875326156616					1559,375	-0,790172159671783	1559,375	-0,494631111621857					1559,375	-0,663447856903076	1559,375	-0,398102045059204					1559,375	-0,323526799678802	1559,375	-0,245805829763412					1559,375	-0,0626203864812851	
1562,5	0,33338251709938					1562,5	0,559105157852173	1562,5	1,04135143756866					1562,5	0,682389318943024	1562,5	1,21991729736328					1562,5	1,42397880554199	1562,5	1,60273706912994					1562,5	1,9231915473938	1562,5	-0,979095160961151					1562,5	-0,788518905639648	1562,5	-0,49218738079071					1562,5	-0,662463486194611	1562,5	-0,394876599311829					1562,5	-0,31953752040863	1562,5	-0,242250606417656					1562,5	-0,0623010769486427	
1565,625	0,333144962787628					1565,625	0,558919012546539	1565,625	1,04210495948792					1565,625	0,682753384113312	1565,625	1,22072577476501					1565,625	1,42465281486511	1565,625	1,60314667224884					1565,625	1,92274844646454	1565,625	-0,976715624332428					1565,625	-0,785043179988861	1565,625	-0,48868528008461					1565,625	-0,658311486244202	1565,625	-0,391212373971939					1565,625	-0,314990699291229	1565,625	-0,238473773002625					1565,625	-0,0622999928891659	
1568,75	0,338232576847076					1568,75	0,562416911125183	1568,75	1,04308342933655					1568,75	0,685190618038177	1568,75	1,22117841243744					1568,75	1,42505085468292	1568,75	1,60357642173767					1568,75	1,92175483703613	1568,75	-0,972924828529358					1568,75	-0,780366837978363	1568,75	-0,484313547611237					1568,75	-0,653224229812622	1568,75	-0,385780572891235					1568,75	-0,309090465307236	1568,75	-0,235589504241943					1568,75	-0,0634225755929947	
1571,875	0,333065181970596					1571,875	0,559218227863312	1571,875	1,04281842708588					1571,875	0,683096766471863	1571,875	1,22223043441772					1571,875	1,42578983306885	1571,875	1,60707199573517					1571,875	1,92385590076447	1571,875	-0,972612082958221					1571,875	-0,779536485671997	1571,875	-0,482157170772552					1571,875	-0,652468919754028	1571,875	-0,383711785078049					1571,875	-0,307043373584747	1571,875	-0,232862308621407					1571,875	-0,0637939944863319	
1575	0,329113632440567					1575	0,556126713752747	1575	1,04236841201782					1575	0,680492401123047	1575	1,22120928764343					1575	1,42604696750641	1575	1,61023223400116					1575	1,92626965045929	1575	-0,969754159450531					1575	-0,776761591434479	1575	-0,480559378862381					1575	-0,64996349811554	1575	-0,381161063909531					1575	-0,305214703083038	1575	-0,231504768133163					1575	-0,0653764829039574	
1578,125	0,334127992391586					1578,125	0,559564173221588	1578,125	1,04389131069183					1578,125	0,683459520339966	1578,125	1,22174334526062					1578,125	1,42642986774445	1578,125	1,61106789112091					1578,125	1,92511355876923	1578,125	-0,965422928333282					1578,125	-0,772324323654175	1578,125	-0,476412504911423					1578,125	-0,645985960960388	1578,125	-0,377126455307007					1578,125	-0,300855159759521	1578,125	-0,228424206376076					1578,125	-0,0651922598481178	
1581,25	0,330595552921295					1581,25	0,556512653827667	1581,25	1,04201281070709					1581,25	0,680987656116486	1581,25	1,22019338607788					1581,25	1,42465591430664	1581,25	1,61099076271057					1581,25	1,92343723773956	1581,25	-0,956136345863342					1581,25	-0,764360189437866	1581,25	-0,47224286198616					1581,25	-0,639368832111359	1581,25	-0,373508661985397					1581,25	-0,297546803951263	1581,25	-0,226793989539146					1581,25	-0,0667699873447418	
1584,375	0,333387166261673					1584,375	0,55872654914856	1584,375	1,04378592967987					1584,375	0,682616710662842	1584,375	1,22161185741425					1584,375	1,42605757713318	1584,375	1,61242425441742					1584,375	1,92095386981964	1584,375	-0,956188499927521					1584,375	-0,762608230113983	1584,375	-0,46987771987915					1584,375	-0,637375831604004	1584,375	-0,369802743196487					1584,375	-0,293252408504486	1584,375	-0,22379344701767					1584,375	-0,0652039796113968	
1587,5	0,333643466234207					1587,5	0,559418261051178	1587,5	1,0446640253067					1587,5	0,68369472026825	1587,5	1,2224235534668					1587,5	1,4272665977478	1587,5	1,61393713951111					1587,5	1,92057168483734	1587,5	-0,952826201915741					1587,5	-0,759716808795929	1587,5	-0,467058509588242					1587,5	-0,634458243846893	1587,5	-0,366038680076599					1587,5	-0,28945979475975	1587,5	-0,2217186242342					1587,5	-0,0645778924226761	
1590,625	0,330633670091629					1590,625	0,55733060836792	1590,625	1,04432237148285					1590,625	0,682291507720947	1590,625	1,22166788578033					1590,625	1,4282431602478	1590,625	1,6171578168869					1590,625	1,92422115802765	1590,625	-0,951106369495392					1590,625	-0,758652448654175	1590,625	-0,466440349817276					1590,625	-0,633224964141846	1590,625	-0,36395189166069					1590,625	-0,287156194448471	1590,625	-0,219374388456345					1590,625	-0,0635912492871284	
1593,75	0,328960001468658					1593,75	0,55686342716217	1593,75	1,04495894908905					1593,75	0,681838691234589	1593,75	1,22194600105286					1593,75	1,42867231369019	1593,75	1,62014675140381					1593,75	1,92449176311493	1593,75	-0,953368842601776					1593,75	-0,757765412330627	1593,75	-0,463867425918579					1593,75	-0,631962358951569	1593,75	-0,359650880098343					1593,75	-0,282931923866272	1593,75	-0,215824857354164					1593,75	-0,0623770207166672	
1596,875	0,327343225479126					1596,875	0,555330455303192	1596,875	1,04326701164246					1596,875	0,68053263425827	1596,875	1,21921980381012					1596,875	1,42746245861053	1596,875	1,62017273902893					1596,875	1,92123210430145	1596,875	-0,945615291595459					1596,875	-0,751162827014923	1596,875	-0,459748893976212					1596,875	-0,62664794921875	1596,875	-0,355547040700912					1596,875	-0,280632019042969	1596,875	-0,215407654643059					1596,875	-0,0640317127108574	
1600	0,325248211622238					1600	0,55514395236969	1600	1,0449606180191					1600	0,681237757205963	1600	1,21974217891693					1600	1,43035471439362	1600	1,62316119670868					1600	1,92262864112854	1600	-0,941915690898895					1600	-0,748675882816315	1600	-0,457575738430023					1600	-0,624446749687195	1600	-0,352058589458466					1600	-0,27728933095932	1600	-0,211766451597214					1600	-0,0604442059993744	
1603,125	0,327432483434677					1603,125	0,556831479072571	1603,125	1,0453474521637					1603,125	0,682252466678619	1603,125	1,2190226316452					1603,125	1,43067836761475	1603,125	1,62448728084564					1603,125	1,92173230648041	1603,125	-0,932863593101501					1603,125	-0,741507172584534	1603,125	-0,453581929206848					1603,125	-0,618609070777893	1603,125	-0,346555113792419					1603,125	-0,272901922464371	1603,125	-0,210194513201714					1603,125	-0,0606438331305981	
1606,25	0,324751436710358					1606,25	0,555792331695557	1606,25	1,04615902900696					1606,25	0,681843519210815	1606,25	1,22004175186157					1606,25	1,43232941627502	1606,25	1,62773466110229					1606,25	1,92255699634552	1606,25	-0,937153398990631					1606,25	-0,743588447570801	1606,25	-0,453221768140793					1606,25	-0,619716167449951	1606,25	-0,344673156738281					1606,25	-0,269151031970978	1606,25	-0,20763923227787					1606,25	-0,0561190992593765	
1609,375	0,323790848255157					1609,375	0,554030179977417	1609,375	1,04301762580872					1609,375	0,679353892803192	1609,375	1,21764743328094					1609,375	1,43108093738556	1609,375	1,62589728832245					1609,375	1,91733193397522	1609,375	-0,922104835510254					1609,375	-0,732455611228943	1609,375	-0,44675001502037					1609,375	-0,610426127910614	1609,375	-0,336871206760406					1609,375	-0,264979839324951	1609,375	-0,208397299051285					1609,375	-0,0587480738759041	
1612,5	0,330675631761551					1612,5	0,558573842048645	1612,5	1,04472351074219					1612,5	0,683147847652435	1612,5	1,21852469444275					1612,5	1,43213212490082	1612,5	1,62890589237213					1612,5	1,91503012180328	1612,5	-0,921914160251617					1612,5	-0,730127990245819	1612,5	-0,44452115893364					1612,5	-0,608913779258728	1612,5	-0,331592559814453					1612,5	-0,261482179164886	1612,5	-0,205287605524063					1612,5	-0,0568980500102043	
1615,625	0,331724166870117					1615,625	0,559701859951019	1615,625	1,04575479030609					1615,625	0,684616327285767	1615,625	1,21926331520081					1615,625	1,43360245227814	1615,625	1,63128542900085					1615,625	1,91301476955414	1615,625	-0,919818639755249					1615,625	-0,72723925113678	1615,625	-0,441509276628494					1615,625	-0,605610251426697	1615,625	-0,326155006885529					1615,625	-0,257624119520187	1615,625	-0,20129182934761					1615,625	-0,0529184192419052	
1618,75	0,327059984207153					1618,75	0,556344985961914	1618,75	1,04299449920654					1618,75	0,681575357913971	1618,75	1,21736931800842					1618,75	1,43223309516907	1618,75	1,63111293315887					1618,75	1,91085398197174	1618,75	-0,908269345760345					1618,75	-0,71892911195755	1618,75	-0,437637388706207					1618,75	-0,598436117172241	1618,75	-0,320388287305832					1618,75	-0,254849195480347	1618,75	-0,200138315558434					1618,75	-0,0497757792472839	
1621,875	0,325552821159363					1621,875	0,557506620883942	1621,875	1,04498481750488					1621,875	0,682156383991241	1621,875	1,2206643819809					1621,875	1,43440639972687	1621,875	1,63459861278534					1621,875	1,91056716442108	1621,875	-0,913793861865997					1621,875	-0,721817791461945	1621,875	-0,438784718513489					1621,875	-0,601576507091522	1621,875	-0,317542493343353					1621,875	-0,251276582479477	1621,875	-0,196759179234505					1621,875	-0,0434344932436943	
1625	0,332376837730408					1625	0,561731457710266	1625	1,04649865627289					1625	0,685877680778503	1625	1,22324800491333					1625	1,43452930450439	1625	1,63353550434113					1625	1,90188491344452	1625	-0,913617491722107					1625	-0,718463242053986	1625	-0,434696137905121					1625	-0,597712218761444	1625	-0,309806972742081					1625	-0,246125444769859	1625	-0,195075154304504					1625	-0,0406358391046524	
1628,125	0,330043017864227					1628,125	0,561116755008698	1628,125	1,04626667499542					1628,125	0,685452818870544	1628,125	1,22429442405701					1628,125	1,43678367137909	1628,125	1,63599383831024					1628,125	1,90308034420013	1628,125	-0,910323917865753					1628,125	-0,715773403644562	1628,125	-0,431799560785294					1628,125	-0,595216512680054	1628,125	-0,304816842079163					1628,125	-0,242368906736374	1628,125	-0,193087697029114					1628,125	-0,0348205901682377	
1631,25	0,333050042390823					1631,25	0,563134908676147	1631,25	1,04482388496399					1631,25	0,686784267425537	1631,25	1,22588884830475					1631,25	1,43630647659302	1631,25	1,63501465320587					1631,25	1,90249884128571	1631,25	-0,898580312728882					1631,25	-0,706416428089142	1631,25	-0,425795465707779					1631,25	-0,587509334087372	1631,25	-0,299301147460938					1631,25	-0,23859441280365	1631,25	-0,191170692443848					1631,25	-0,0298884380608797	
1634,375	0,324658066034317					1634,375	0,557946085929871	1634,375	1,04354429244995					1634,375	0,682823657989502	1634,375	1,22806632518768					1634,375	1,43854916095734	1634,375	1,63897705078125					1634,375	1,90530335903168	1634,375	-0,89711594581604					1634,375	-0,705696702003479	1634,375	-0,426144659519196					1634,375	-0,586506724357605	1634,375	-0,297855883836746					1634,375	-0,236879900097847	1634,375	-0,190280437469482					1634,375	-0,0230976399034262	
1637,5	0,332396149635315					1637,5	0,563519656658173	1637,5	1,04393267631531					1637,5	0,685995936393738	1637,5	1,22963392734528					1637,5	1,43790686130524	1637,5	1,6378720998764					1637,5	1,90324652194977	1637,5	-0,892722308635712					1637,5	-0,70044732093811	1637,5	-0,421232998371124					1637,5	-0,580966353416443	1637,5	-0,29186025261879					1637,5	-0,231720671057701	1637,5	-0,187829345464706					1637,5	-0,0195690151304007	
1640,625	0,321160733699799					1640,625	0,556174635887146	1640,625	1,04165422916412					1640,625	0,680012345314026	1640,625	1,23124969005585					1640,625	1,44088566303253	1640,625	1,64542508125305					1640,625	1,9102942943573	1640,625	-0,89281439781189					1640,625	-0,701525807380676	1640,625	-0,424900770187378					1640,625	-0,583092451095581	1640,625	-0,292631417512894					1640,625	-0,232304528355598	1640,625	-0,1894221752882					1640,625	-0,0146641209721565	
1643,75	0,320072561502457					1643,75	0,55514258146286	1643,75	1,03914082050323					1643,75	0,677662074565887	1643,75	1,23115289211273					1643,75	1,4399870634079	1643,75	1,64458322525024					1643,75	1,91050958633423	1643,75	-0,883072257041931					1643,75	-0,693921387195587	1643,75	-0,420411944389343					1643,75	-0,57665628194809	1643,75	-0,290334045886993					1643,75	-0,229987919330597	1643,75	-0,188469484448433					1643,75	-0,00991686899214983	
1646,875	0,321478575468063					1646,875	0,558119416236877	1646,875	1,04097187519073					1646,875	0,67969810962677	1646,875	1,23459041118622					1646,875	1,44258952140808	1646,875	1,64623785018921					1646,875	1,9109491109848	1646,875	-0,885765433311462					1646,875	-0,695166051387787	1646,875	-0,41818755865097					1646,875	-0,575863063335419	1646,875	-0,287947684526443					1646,875	-0,225667491555214	1646,875	-0,183789476752281					1646,875	0,000102670885098632	
1650	0,325130581855774					1650	0,561903297901154	1650	1,04095685482025					1650	0,682151198387146	1650	1,23636329174042					1650	1,442915558815	1650	1,64547669887543					1650	1,91277527809143	1650	-0,881172239780426					1650	-0,691011250019073	1650	-0,413890212774277					1650	-0,571227848529816	1650	-0,284494459629059					1650	-0,221773698925972	1650	-0,180988699197769					1650	0,00576911773532629	
1653,125	0,325982183218002					1653,125	0,562939047813416	1653,125	1,04053771495819					1653,125	0,682380080223084	1653,125	1,23722314834595					1653,125	1,44456803798676	1653,125	1,64700496196747					1653,125	1,91776442527771	1653,125	-0,875905811786652					1653,125	-0,687363922595978	1653,125	-0,41072940826416					1653,125	-0,567556977272034	1653,125	-0,282262474298477					1653,125	-0,219444543123245	1653,125	-0,18070125579834					1653,125	0,00813645962625742	
1656,25	0,323736071586609					1656,25	0,56272166967392	1656,25	1,0418404340744					1656,25	0,682328641414642	1656,25	1,23924541473389					1656,25	1,44814479351044	1656,25	1,65118193626404					1656,25	1,92106711864471	1656,25	-0,87942236661911					1656,25	-0,690683484077454	1656,25	-0,410981982946396					1656,25	-0,569169759750366	1656,25	-0,281671047210693					1656,25	-0,216013073921204	1656,25	-0,177647829055786					1656,25	0,0169497039169073	
1659,375	0,323790788650513					1659,375	0,562281548976898	1659,375	1,03942012786865					1659,375	0,681926846504211	1659,375	1,23723697662354					1659,375	1,44779002666473	1659,375	1,6495236158371					1659,375	1,92194163799286	1659,375	-0,874030530452728					1659,375	-0,686548292636871	1659,375	-0,406794041395187					1659,375	-0,563356041908264	1659,375	-0,278484523296356					1659,375	-0,212498858571053	1659,375	-0,176340714097023					1659,375	0,0216773971915245	
1662,5	0,325065582990646					1662,5	0,563474118709564	1662,5	1,03974211215973					1662,5	0,683903098106384	1662,5	1,23805999755859					1662,5	1,44946348667145	1662,5	1,65060389041901					1662,5	1,92746996879578	1662,5	-0,872821092605591					1662,5	-0,685695230960846	1662,5	-0,404093593358994					1662,5	-0,561454355716705	1662,5	-0,275075048208237					1662,5	-0,208532005548477	1662,5	-0,172413274645805					1662,5	0,0274635571986437	
1665,625	0,326362133026123					1665,625	0,564481914043427	1665,625	1,04045295715332					1665,625	0,685509741306305	1665,625	1,23873722553253					1665,625	1,45191204547882	1665,625	1,65387666225433					1665,625	1,93393349647522	1665,625	-0,87090790271759					1665,625	-0,684619426727295	1665,625	-0,401673674583435					1665,625	-0,559949517250061	1665,625	-0,272637724876404					1665,625	-0,205150723457336	1665,625	-0,169353902339935					1665,625	0,0334469154477119	
1668,75	0,3273766040802					1668,75	0,562987327575684	1668,75	1,03791749477386					1668,75	0,685669243335724	1668,75	1,23661863803864					1668,75	1,4511433839798	1668,75	1,65355837345123					1668,75	1,9365326166153	1668,75	-0,859993815422058					1668,75	-0,675623416900635	1668,75	-0,395689278841019					1668,75	-0,551900267601013	1668,75	-0,26845571398735					1668,75	-0,201902270317078	1668,75	-0,168740391731262					1668,75	0,0341623164713383	
1671,875	0,326554983854294					1671,875	0,560858309268951	1671,875	1,03458547592163					1671,875	0,683985888957977	1671,875	1,23309445381165					1671,875	1,44775533676147	1671,875	1,64976966381073					1671,875	1,93735063076019	1671,875	-0,854385435581207					1671,875	-0,671414971351624	1671,875	-0,39158371090889					1671,875	-0,546169400215149	1671,875	-0,264150708913803					1671,875	-0,200302124023438	1671,875	-0,169501230120659					1671,875	0,0341514386236668	
1675	0,320592373609543					1675	0,557767450809479	1675	1,03428614139557					1675	0,681661665439606	1675	1,23489105701447					1675	1,45126736164093	1675	1,65692496299744					1675	1,94682133197784	1675	-0,857326924800873					1675	-0,674969792366028	1675	-0,394115030765533					1675	-0,548747062683105	1675	-0,263695001602173					1675	-0,199871182441711	1675	-0,167081251740456					1675	0,0432713553309441	
1678,125	0,321178197860718					1678,125	0,5565385222435	1678,125	1,03175866603851					1678,125	0,681151449680328	1678,125	1,2332478761673					1678,125	1,45000922679901	1678,125	1,65638768672943					1678,125	1,95263636112213	1678,125	-0,850236415863037					1678,125	-0,66846090555191	1678,125	-0,389491260051727					1678,125	-0,543204426765442	1678,125	-0,259363055229187					1678,125	-0,196450039744377	1678,125	-0,167480364441872					1678,125	0,0430440381169319	
1681,25	0,321489095687866					1681,25	0,556534945964813	1681,25	1,03228509426117					1681,25	0,682082116603851	1681,25	1,23487544059753					1681,25	1,4539110660553	1681,25	1,65815377235413					1681,25	1,95860052108765	1681,25	-0,85068690776825					1681,25	-0,668228149414063	1681,25	-0,38782075047493					1681,25	-0,542379975318909	1681,25	-0,256408393383026					1681,25	-0,191217854619026	1681,25	-0,165066599845886					1681,25	0,0474201440811157	
1684,375	0,3212810754776					1684,375	0,555251181125641	1684,375	1,029709815979					1684,375	0,681588768959045	1684,375	1,23424959182739					1684,375	1,45650064945221	1684,375	1,65811383724213					1684,375	1,96264135837555	1684,375	-0,846790611743927					1684,375	-0,664977788925171	1684,375	-0,384908050298691					1684,375	-0,539237082004547	1684,375	-0,252733170986176					1684,375	-0,188751980662346	1684,375	-0,163686454296112					1684,375	0,0490555427968502	
1687,5	0,325229912996292					1687,5	0,557117104530334	1687,5	1,02837181091309					1687,5	0,684081554412842	1687,5	1,23302030563354					1687,5	1,45540654659271	1687,5	1,65587568283081					1687,5	1,96452498435974	1687,5	-0,838616013526917					1687,5	-0,656609237194061	1687,5	-0,377228200435638					1687,5	-0,532010555267334	1687,5	-0,246724635362625					1687,5	-0,186248853802681	1687,5	-0,161843210458755					1687,5	0,0449667870998383	
1690,625	0,324334055185318					1690,625	0,557005703449249	1690,625	1,0285736322403					1690,625	0,684731960296631	1690,625	1,23453283309937					1690,625	1,45800507068634	1690,625	1,65775394439697					1690,625	1,970951795578	1690,625	-0,838660895824432					1690,625	-0,65639865398407	1690,625	-0,374997407197952					1690,625	-0,531021296977997	1690,625	-0,243528485298157					1690,625	-0,182340681552887	1690,625	-0,156684771180153					1690,625	0,0499005503952503	
1693,75	0,32515412569046					1693,75	0,556392014026642	1693,75	1,02598893642426					1693,75	0,684641361236572	1693,75	1,23278546333313					1693,75	1,45713376998901	1693,75	1,65541505813599					1693,75	1,97117793560028	1693,75	-0,831673800945282					1693,75	-0,650113999843597	1693,75	-0,369315952062607					1693,75	-0,52541172504425	1693,75	-0,239008605480194					1693,75	-0,179527208209038	1693,75	-0,155038759112358					1693,75	0,0479594394564629	
1696,875	0,323496848344803					1696,875	0,555869042873383	1696,875	1,02592611312866					1696,875	0,685122013092041	1696,875	1,23383975028992					1696,875	1,45960104465485	1696,875	1,65816962718964					1696,875	1,97592449188232	1696,875	-0,832252323627472					1696,875	-0,649806439876556	1696,875	-0,36665466427803					1696,875	-0,524902999401093	1696,875	-0,237003609538078					1696,875	-0,176686704158783	1696,875	-0,151880487799644					1696,875	0,0515987575054169	
1700	0,320751219987869					1700	0,55308997631073	1700	1,02264583110809					1700	0,683436632156372	1700	1,23244285583496					1700	1,45978200435638	1700	1,6591579914093					1700	1,98213756084442	1700	-0,826898455619812					1700	-0,645403623580933	1700	-0,363345682621002					1700	-0,521301567554474	1700	-0,233919128775597					1700	-0,176314949989319	1700	-0,151915937662125					1700	0,0508439615368843	
1703,125	0,320803165435791					1703,125	0,552879631519318	1703,125	1,02228653430939					1703,125	0,684401035308838	1703,125	1,23392581939697					1703,125	1,46189546585083	1703,125	1,66092646121979					1703,125	1,98760426044464	1703,125	-0,825284421443939					1703,125	-0,643430590629578	1703,125	-0,360010147094727					1703,125	-0,519593715667725	1703,125	-0,229865744709969					1703,125	-0,17415152490139	1703,125	-0,150411576032639					1703,125	0,0503440499305725	
1706,25	0,321845859289169					1706,25	0,554155707359314	1706,25	1,02312183380127					1706,25	0,686596691608429	1706,25	1,23527765274048					1706,25	1,46325159072876	1706,25	1,6622142791748					1706,25	1,9879504442215	1706,25	-0,8254554271698					1706,25	-0,642166435718536	1706,25	-0,356485903263092					1706,25	-0,518135249614716	1706,25	-0,22592593729496					1706,25	-0,1701690107584	1706,25	-0,146859899163246					1706,25	0,053528867661953	
1709,375	0,319905608892441					1709,375	0,552254855632782	1709,375	1,02155518531799					1709,375	0,685776889324188	1709,375	1,23484086990356					1709,375	1,46413731575012	1709,375	1,66105890274048					1709,375	1,99028408527374	1709,375	-0,821409344673157					1709,375	-0,638301730155945	1709,375	-0,35263729095459					1709,375	-0,515358448028564	1709,375	-0,223174214363098					1709,375	-0,169051632285118	1709,375	-0,145844608545303					1709,375	0,0511250533163548	
1712,5	0,323399871587753					1712,5	0,555034697055817	1712,5	1,02313649654388					1712,5	0,688388526439667	1712,5	1,23678612709045					1712,5	1,4663382768631	1712,5	1,66268563270569					1712,5	1,99450993537903	1712,5	-0,819788575172424					1712,5	-0,635711967945099	1712,5	-0,347674459218979					1712,5	-0,513180255889893	1712,5	-0,218539237976074					1712,5	-0,165617778897285	1712,5	-0,142480880022049					1712,5	0,0533719472587109	
1715,625	0,322973042726517					1715,625	0,55456155538559	1715,625	1,0220981836319					1715,625	0,68817937374115	1715,625	1,23692524433136					1715,625	1,4661260843277	1715,625	1,66280996799469					1715,625	1,99921524524689	1715,625	-0,81428998708725					1715,625	-0,630109965801239	1715,625	-0,342432498931885					1715,625	-0,509691417217255	1715,625	-0,214246153831482					1715,625	-0,163243606686592	1715,625	-0,140852466225624					1715,625	0,0497709885239601	
1718,75	0,324261695146561					1718,75	0,556197643280029	1718,75	1,02331066131592					1718,75	0,689791262149811	1718,75	1,237921833992					1718,75	1,46688532829285	1718,75	1,66278326511383					1718,75	1,99961388111115	1718,75	-0,812229156494141					1718,75	-0,627595782279968	1718,75	-0,338470757007599					1718,75	-0,507870137691498	1718,75	-0,209824070334435					1718,75	-0,158844530582428	1718,75	-0,136617586016655					1718,75	0,0526029169559479	
1721,875	0,320086926221848					1721,875	0,552677750587463	1721,875	1,0202294588089					1721,875	0,686981022357941	1721,875	1,23679757118225					1721,875	1,46620810031891	1721,875	1,66266334056854					1721,875	2,00334644317627	1721,875	-0,808272480964661					1721,875	-0,624268889427185	1721,875	-0,334599614143372					1721,875	-0,505995333194733	1721,875	-0,207856804132462					1721,875	-0,158921375870705	1721,875	-0,136437714099884					1721,875	0,0485662296414375	
1725	0,320187985897064					1725	0,553105711936951	1725	1,02070474624634					1725	0,687293767929077	1725	1,23816549777985					1725	1,46923458576202	1725	1,66621255874634					1725	2,00715088844299	1725	-0,807750582695007					1725	-0,623506546020508	1725	-0,331897139549255					1725	-0,505404233932495	1725	-0,205177783966064					1725	-0,156791031360626	1725	-0,133935794234276					1725	0,0494538098573685	
1728,125	0,318649619817734					1728,125	0,551538050174713	1728,125	1,01883614063263					1728,125	0,685627460479736	1728,125	1,23749625682831					1728,125	1,46835803985596	1728,125	1,6650390625					1728,125	2,00563430786133	1728,125	-0,801319062709808					1728,125	-0,617474138736725	1728,125	-0,326281368732452					1728,125	-0,500654458999634	1728,125	-0,201742097735405					1728,125	-0,155628502368927	1728,125	-0,133886471390724					1728,125	0,0395928844809532	
1731,25	0,32173615694046					1731,25	0,554725587368011	1731,25	1,02113556861877					1731,25	0,688061118125916	1731,25	1,23890507221222					1731,25	1,46881544589996	1731,25	1,66587817668915					1731,25	2,00424981117249	1731,25	-0,800766706466675					1731,25	-0,615472435951233	1731,25	-0,321954280138016					1731,25	-0,498703330755234	1731,25	-0,196536511182785					1731,25	-0,151005193591118	1731,25	-0,127338781952858					1731,25	0,0440674535930157	
1734,375	0,322173357009888					1734,375	0,555410623550415	1734,375	1,02251887321472					1734,375	0,688550055027008	1734,375	1,2407214641571					1734,375	1,47073519229889	1734,375	1,66845834255219					1734,375	2,00840425491333	1734,375	-0,798488259315491					1734,375	-0,61304098367691	1734,375	-0,318329334259033					1734,375	-0,497038722038269	1734,375	-0,192972555756569					1734,375	-0,148732990026474	1734,375	-0,124953158199787					1734,375	0,0457938499748707	
1737,5	0,317014634609222					1737,5	0,55142080783844	1737,5	1,02001142501831					1737,5	0,684954226016998	1737,5	1,23938417434692					1737,5	1,47133934497833	1737,5	1,66891670227051					1737,5	2,01081085205078	1737,5	-0,79351532459259					1737,5	-0,60889196395874	1737,5	-0,314107447862625					1737,5	-0,493838280439377	1737,5	-0,190243870019913					1737,5	-0,148414433002472	1737,5	-0,125399991869926					1737,5	0,0425356850028038	
1740,625	0,312221080064774					1740,625	0,548062145709991	1740,625	1,0188022851944					1740,625	0,682159543037415	1740,625	1,24025309085846					1740,625	1,47245860099792	1740,625	1,67371606826782					1740,625	2,01748299598694	1740,625	-0,792482018470764					1740,625	-0,608821630477905	1740,625	-0,312261253595352					1740,625	-0,494223892688751	1740,625	-0,189633518457413					1740,625	-0,148667067289352	1740,625	-0,125763654708862					1740,625	0,0406168550252914	
1743,75	0,318189203739166					1743,75	0,55260044336319	1743,75	1,02070736885071					1743,75	0,685256063938141	1743,75	1,24085533618927					1743,75	1,46907794475555	1743,75	1,66851437091827					1743,75	2,00669097900391	1743,75	-0,786719918251038					1743,75	-0,602591753005981	1743,75	-0,305332124233246					1743,75	-0,488178074359894	1743,75	-0,1837557554245					1743,75	-0,143592715263367	1743,75	-0,121273659169674					1743,75	0,0382064394652843	
1746,875	0,319992899894714					1746,875	0,554200291633606	1746,875	1,02240371704102					1746,875	0,686685025691986	1746,875	1,24224615097046					1746,875	1,47034001350403	1746,875	1,66929745674133					1746,875	2,00418329238892	1746,875	-0,783990085124969					1746,875	-0,599554419517517	1746,875	-0,301147431135178					1746,875	-0,485347807407379	1746,875	-0,179658398032188					1746,875	-0,139397546648979	1746,875	-0,118748009204865					1746,875	0,0362718962132931	
1750	0,317311346530914					1750	0,552124500274658	1750	1,02175486087799					1750	0,684666991233826	1750	1,24287438392639					1750	1,47157728672028	1750	1,67237293720245					1750	2,00941729545593	1750	-0,779780447483063					1750	-0,596398234367371	1750	-0,297703683376312					1750	-0,483190566301346	1750	-0,177515625953674					1750	-0,137953743338585	1750	-0,119190998375416					1750	0,0315745957195759	
1753,125	0,317471146583557					1753,125	0,551960408687592	1753,125	1,022216796875					1753,125	0,683755099773407	1753,125	1,24347639083862					1753,125	1,47183287143707	1753,125	1,67202126979828					1753,125	2,00680375099182	1753,125	-0,775668442249298					1753,125	-0,592644989490509	1753,125	-0,293437451124191					1753,125	-0,479761153459549	1753,125	-0,174593150615692					1753,125	-0,136959820985794	1753,125	-0,120302841067314					1753,125	0,0237262565642595	
1756,25	0,316730737686157					1756,25	0,55147111415863	1756,25	1,02264010906219					1756,25	0,683274626731873	1756,25	1,24406576156616					1756,25	1,47284376621246	1756,25	1,67256987094879					1756,25	2,00659799575806	1756,25	-0,774213075637817					1756,25	-0,59075391292572	1756,25	-0,290030807256699					1756,25	-0,477687567472458	1756,25	-0,171217069029808					1756,25	-0,135214358568192	1756,25	-0,118264086544514					1756,25	0,0202774778008461	
1759,375	0,316581428050995					1759,375	0,551004588603973	1759,375	1,02283573150635					1759,375	0,682469666004181	1759,375	1,24345147609711					1759,375	1,47100150585175	1759,375	1,67152416706085					1759,375	1,99943506717682	1759,375	-0,769560277462006					1759,375	-0,586519598960876	1759,375	-0,286008268594742					1759,375	-0,474144726991653	1759,375	-0,167893782258034					1759,375	-0,133188456296921	1759,375	-0,116596475243568					1759,375	0,019475270062685	
1762,5	0,315797060728073					1762,5	0,550746083259583	1762,5	1,02428936958313					1762,5	0,682114481925964	1762,5	1,24484086036682					1762,5	1,47329890727997	1762,5	1,67440223693848					1762,5	1,99824726581573	1762,5	-0,767169058322906					1762,5	-0,58435994386673	1762,5	-0,283124089241028					1762,5	-0,472011893987656	1762,5	-0,165441408753395					1762,5	-0,130949229001999	1762,5	-0,113905839622021					1762,5	0,0208096709102392	
1765,625	0,317408293485641					1765,625	0,551928877830505	1765,625	1,02576959133148					1765,625	0,682956516742706	1765,625	1,24604630470276					1765,625	1,47447180747986	1765,625	1,6747864484787					1765,625	1,99461936950684	1765,625	-0,764065980911255					1765,625	-0,580934107303619	1765,625	-0,279277145862579					1765,625	-0,468439221382141	1765,625	-0,160902500152588					1765,625	-0,126613050699234	1765,625	-0,111036278307438					1765,625	0,0207876060158014	
1768,75	0,313610285520554					1768,75	0,548914730548859	1768,75	1,02509772777557					1768,75	0,680135667324066	1768,75	1,24633884429932					1768,75	1,47472417354584	1768,75	1,67716693878174					1768,75	1,99151492118835	1768,75	-0,759852886199951					1768,75	-0,577645540237427	1768,75	-0,276966601610184					1768,75	-0,465675979852676	1768,75	-0,159508109092712					1768,75	-0,125941142439842	1768,75	-0,112663693726063					1768,75	0,0172723587602377	
1771,875	0,31635457277298					1771,875	0,551785290241241	1771,875	1,02687513828278					1771,875	0,682538032531738	1771,875	1,24699223041534					1771,875	1,47446155548096	1771,875	1,67468857765198					1771,875	1,98307693004608	1771,875	-0,758010745048523					1771,875	-0,57483983039856	1771,875	-0,272708117961884					1771,875	-0,462592512369156	1771,875	-0,1556496322155					1771,875	-0,121845796704292	1771,875	-0,108358196914196					1771,875	0,0254299286752939	
1775	0,318461507558823					1775	0,553835213184357	1775	1,02897918224335					1775	0,684265673160553	1775	1,24853515625					1775	1,47603833675385	1775	1,67538487911224					1775	1,97938942909241	1775	-0,755889236927032					1775	-0,572465538978577	1775	-0,269231528043747					1775	-0,460209041833878	1775	-0,151694789528847					1775	-0,117397263646126	1775	-0,104089811444283					1775	0,0336130075156689	
1778,125	0,316076785326004					1778,125	0,551447689533234	1778,125	1,02807974815369					1778,125	0,682488441467285	1778,125	1,2485169172287					1778,125	1,47739589214325	1778,125	1,67726075649261					1778,125	1,98022270202637	1778,125	-0,752752661705017					1778,125	-0,570035994052887	1778,125	-0,266812801361084					1778,125	-0,458157658576965	1778,125	-0,149417564272881					1778,125	-0,116668693721294	1778,125	-0,105066359043121					1778,125	0,0349050499498844	
1781,25	0,312853455543518					1781,25	0,549187302589417	1781,25	1,02706611156464					1781,25	0,68036550283432	1781,25	1,24923455715179					1781,25	1,47902739048004	1781,25	1,67894101142883					1781,25	1,9838011264801	1781,25	-0,748639762401581					1781,25	-0,566714346408844	1781,25	-0,264301598072052					1781,25	-0,455377668142319	1781,25	-0,146942064166069					1781,25	-0,115585662424564	1781,25	-0,104749292135239					1781,25	0,0378500632941723	
1784,375	0,316649496555328					1784,375	0,552677571773529	1784,375	1,02984762191772					1784,375	0,683165609836578	1784,375	1,25074136257172					1784,375	1,47923803329468	1784,375	1,67777097225189					1784,375	1,98088657855988	1784,375	-0,746186971664429					1784,375	-0,563525497913361	1784,375	-0,260221004486084					1784,375	-0,452316701412201	1784,375	-0,142866045236588					1784,375	-0,110826000571251	1784,375	-0,101017065346241					1784,375	0,0419175773859024	
1787,5	0,316478163003922					1787,5	0,552635848522186	1787,5	1,03022372722626					1787,5	0,682672441005707	1787,5	1,25011956691742					1787,5	1,47823810577393	1787,5	1,67655324935913					1787,5	1,97844839096069	1787,5	-0,742027521133423					1787,5	-0,559732675552368	1787,5	-0,256475359201431					1787,5	-0,448466718196869	1787,5	-0,139642477035522					1787,5	-0,108824886381626	1787,5	-0,0989638566970825					1787,5	0,04329002648592	
1790,625	0,31574073433876					1790,625	0,552484750747681	1790,625	1,03126525878906					1790,625	0,682587742805481	1790,625	1,25065684318542					1790,625	1,48019623756409	1790,625	1,67736124992371					1790,625	1,9792982339859	1790,625	-0,741592049598694					1790,625	-0,559058487415314	1790,625	-0,254243284463882					1790,625	-0,447540044784546	1790,625	-0,137078285217285					1790,625	-0,106509611010551	1790,625	-0,0951471328735352					1790,625	0,0474469698965549	
1793,75	0,312985956668854					1793,75	0,550097703933716	1793,75	1,03111922740936					1793,75	0,680501699447632	1793,75	1,25192272663116					1793,75	1,48337113857269	1793,75	1,68146240711212					1793,75	1,98358929157257	1793,75	-0,737664759159088					1793,75	-0,556214690208435	1793,75	-0,252270102500916					1793,75	-0,445250958204269	1793,75	-0,135450854897499					1793,75	-0,105817601084709	1793,75	-0,0952059477567673					1793,75	0,0444530919194222	
1796,875	0,31084880232811					1796,875	0,547488331794739	1796,875	1,02895545959473					1796,875	0,677371740341187	1796,875	1,25157272815704					1796,875	1,48196375370026	1796,875	1,68032121658325					1796,875	1,98016405105591	1796,875	-0,732030272483826					1796,875	-0,55140209197998	1796,875	-0,249432012438774					1796,875	-0,440855264663696	1796,875	-0,133030414581299					1796,875	-0,105181224644184	1796,875	-0,0977371335029602					1796,875	0,0409415364265442	
1800	0,311641663312912					1800	0,548560440540314	1800	1,03052175045013					1800	0,678460836410522	1800	1,25270581245422					1800	1,48319351673126	1800	1,68058836460114					1800	1,97821283340454	1800	-0,732668817043304					1800	-0,551302492618561	1800	-0,247540548443794					1800	-0,440267771482468	1800	-0,130122378468513					1800	-0,101260103285313	1800	-0,0931404009461403					1800	0,0480289496481419	
1803,125	0,312901526689529					1803,125	0,549797475337982	1803,125	1,03141462802887					1803,125	0,679333508014679	1803,125	1,25252449512482					1803,125	1,48295509815216	1803,125	1,67972159385681					1803,125	1,97467291355133	1803,125	-0,727993607521057					1803,125	-0,546753883361816	1803,125	-0,2431530803442					1803,125	-0,435939311981201	1803,125	-0,126684263348579					1803,125	-0,0988080874085426	1803,125	-0,0904703512787819					1803,125	0,0496752038598061	
1806,25	0,312314391136169					1806,25	0,549153864383698	1806,25	1,03130555152893					1806,25	0,678805530071259	1806,25	1,25337409973145					1806,25	1,48350417613983	1806,25	1,68048930168152					1806,25	1,97327220439911	1806,25	-0,723303198814392					1806,25	-0,542477250099182	1806,25	-0,239377290010452					1806,25	-0,432018578052521	1806,25	-0,123848363757133					1806,25	-0,0975938737392426	1806,25	-0,0893087089061737					1806,25	0,0518133714795113	
1809,375	0,313227534294128					1809,375	0,550048470497131	1809,375	1,03156530857086					1809,375	0,679371297359467	1809,375	1,25383543968201					1809,375	1,48356032371521	1809,375	1,67964136600494					1809,375	1,97093021869659	1809,375	-0,722509384155273					1809,375	-0,541235506534576	1809,375	-0,237140834331512					1809,375	-0,430452913045883	1809,375	-0,121071353554726					1809,375	-0,0941125005483627	1809,375	-0,0863379240036011					1809,375	0,0559967868030071	
1812,5	0,31181725859642					1812,5	0,549078643321991	1812,5	1,03144645690918					1812,5	0,67844420671463	1812,5	1,2544127702713					1812,5	1,48490393161774	1812,5	1,68058967590332					1812,5	1,97147691249847	1812,5	-0,719344913959503					1812,5	-0,538416266441345	1812,5	-0,234709590673447					1812,5	-0,427726984024048	1812,5	-0,117878891527653					1812,5	-0,09126066416502	1812,5	-0,0845101475715637					1812,5	0,0594830475747585	
1815,625	0,310844630002975					1815,625	0,548340320587158	1815,625	1,0317724943161					1815,625	0,678056657314301	1815,625	1,2557168006897					1815,625	1,48697888851166	1815,625	1,68354773521423					1815,625	1,97526669502258	1815,625	-0,716898620128632					1815,625	-0,53637307882309	1815,625	-0,231981426477432					1815,625	-0,425959825515747	1815,625	-0,115940429270267					1815,625	-0,0893682986497879	1815,625	-0,0817752406001091					1815,625	0,0640119612216949	
1818,75	0,312679678201675					1818,75	0,54986435174942	1818,75	1,03285193443298					1818,75	0,67921108007431	1818,75	1,25651550292969					1818,75	1,48631381988525	1818,75	1,68149971961975					1818,75	1,97051286697388	1818,75	-0,713804602622986					1818,75	-0,533033788204193	1818,75	-0,228215292096138					1818,75	-0,422585397958755	1818,75	-0,113287791609764					1818,75	-0,0865446254611015	1818,75	-0,0788777768611908					1818,75	0,0661863386631012	
1821,875	0,311695903539658					1821,875	0,548855364322662	1821,875	1,03251254558563					1821,875	0,67791223526001	1821,875	1,25614392757416					1821,875	1,48564839363098	1821,875	1,67901825904846					1821,875	1,96734571456909	1821,875	-0,710116147994995					1821,875	-0,529770493507385	1821,875	-0,225667044520378					1821,875	-0,419294387102127	1821,875	-0,110857181251049					1821,875	-0,0845470204949379	1821,875	-0,0784351155161858					1821,875	0,0679101496934891	
1825	0,309263318777084					1825	0,546991646289825	1825	1,03172707557678					1825	0,676249086856842	1825	1,2558536529541					1825	1,48725819587708	1825	1,68028140068054					1825	1,96798574924469	1825	-0,707524120807648					1825	-0,527437746524811	1825	-0,223407402634621					1825	-0,417196601629257	1825	-0,108804449439049					1825	-0,0843420177698135	1825	-0,0765482857823372					1825	0,0701200067996979	
1828,125	0,310329616069794					1828,125	0,547897219657898	1828,125	1,03340101242065					1828,125	0,676986038684845	1828,125	1,25732862949371					1828,125	1,48836088180542	1828,125	1,68197178840637					1828,125	1,96738493442535	1828,125	-0,703246772289276					1828,125	-0,52356630563736	1828,125	-0,219823732972145					1828,125	-0,413244247436523	1828,125	-0,106804355978966					1828,125	-0,0828512981534004	1828,125	-0,075490690767765					1828,125	0,071284681558609	
1831,25	0,310897678136826					1831,25	0,548788666725159	1831,25	1,03510844707489					1831,25	0,677682459354401	1831,25	1,25868952274323					1831,25	1,4895521402359	1831,25	1,6835401058197					1831,25	1,96755301952362	1831,25	-0,701637089252472					1831,25	-0,521735072135925	1831,25	-0,216915801167488					1831,25	-0,411274820566177	1831,25	-0,103366009891033					1831,25	-0,0796671807765961	1831,25	-0,0725433081388474					1831,25	0,0764417946338654	
1834,375	0,308194071054459					1834,375	0,547058761119843	1834,375	1,03488111495972					1834,375	0,676353454589844	1834,375	1,25971686840057					1834,375	1,49199652671814	1834,375	1,68759727478027					1834,375	1,97121870517731	1834,375	-0,699032366275787					1834,375	-0,519771933555603	1834,375	-0,215631976723671					1834,375	-0,409373760223389	1834,375	-0,101679407060146					1834,375	-0,0791163519024849	1834,375	-0,07115089148283					1834,375	0,0793344974517822	
1837,5	0,314254105091095					1837,5	0,551313936710358	1837,5	1,03584885597229					1837,5	0,679493308067322	1837,5	1,2588574886322					1837,5	1,48850178718567	1837,5	1,68113315105438					1837,5	1,96283769607544	1837,5	-0,693931400775909					1837,5	-0,514357388019562	1837,5	-0,210640177130699					1837,5	-0,40385627746582	1837,5	-0,0976937860250473					1837,5	-0,0762543678283691	1837,5	-0,0678398236632347					1837,5	0,0815753489732742	
1840,625	0,313174873590469					1840,625	0,550151705741882	1840,625	1,03564643859863					1840,625	0,678400754928589	1840,625	1,25873398780823					1840,625	1,48910558223724	1840,625	1,68025398254395					1840,625	1,9624365568161	1840,625	-0,690920412540436					1840,625	-0,511299312114716	1840,625	-0,206877470016479					1840,625	-0,400826215744019	1840,625	-0,0953177064657211					1840,625	-0,0742982029914856	1840,625	-0,0672261044383049					1840,625	0,0837672725319862	
1843,75	0,31276261806488					1843,75	0,550113141536713	1843,75	1,03612613677979					1843,75	0,678581714630127	1843,75	1,25952959060669					1843,75	1,4895601272583	1843,75	1,68172597885132					1843,75	1,96235275268555	1843,75	-0,689103126525879					1843,75	-0,50915390253067	1843,75	-0,204291865229607					1843,75	-0,398618787527084	1843,75	-0,0924914106726646					1843,75	-0,07126584649086	1843,75	-0,0636673048138618					1843,75	0,0882099866867065	
1846,875	0,310458987951279					1846,875	0,548259198665619	1846,875	1,03577351570129					1846,875	0,676912009716034	1846,875	1,25959396362305					1846,875	1,49059629440308	1846,875	1,68265211582184					1846,875	1,96452474594116	1846,875	-0,685390770435333					1846,875	-0,505857884883881	1846,875	-0,201981037855148					1846,875	-0,395461350679398	1846,875	-0,0905171409249306					1846,875	-0,0706429108977318	1846,875	-0,0641527026891708					1846,875	0,0879694297909737	
1850	0,304684638977051					1850	0,543863475322723	1850	1,03499031066895					1850	0,673216819763184	1850	1,26081681251526					1850	1,49408292770386	1850	1,68774390220642					1850	1,97189974784851	1850	-0,68331253528595					1850	-0,504703462123871	1850	-0,200365036725998					1850	-0,394142091274261	1850	-0,0890945941209793					1850	-0,0713681653141975	1850	-0,0657557621598244					1850	0,0873027145862579	
1853,125	0,30749773979187					1853,125	0,546318173408508	1853,125	1,03621971607208					1853,125	0,675319850444794	1853,125	1,26132261753082					1853,125	1,49343192577362	1853,125	1,68634510040283					1853,125	1,96858990192413	1853,125	-0,679524779319763					1853,125	-0,501172780990601	1853,125	-0,197237089276314					1853,125	-0,390810310840607	1853,125	-0,0863369032740593					1853,125	-0,0692154839634895	1853,125	-0,0614227764308453					1853,125	0,0918607860803604	
1856,25	0,310800731182098					1856,25	0,549063205718994	1856,25	1,03785014152527					1856,25	0,678021669387817	1856,25	1,26221394538879					1856,25	1,49317872524261	1856,25	1,6847892999649					1856,25	1,9653205871582	1856,25	-0,678239941596985					1856,25	-0,499285310506821	1856,25	-0,193950161337852					1856,25	-0,388411909341812	1856,25	-0,0836472883820534					1856,25	-0,0647208988666534	1856,25	-0,0563629008829594					1856,25	0,0979728996753693	
1859,375	0,309121757745743					1859,375	0,5477654337883	1859,375	1,03750765323639					1859,375	0,677067220211029	1859,375	1,26286458969116					1859,375	1,49443757534027	1859,375	1,68672835826874					1859,375	1,96841549873352	1859,375	-0,676048874855042					1859,375	-0,49731981754303	1859,375	-0,191486731171608					1859,375	-0,386423498392105	1859,375	-0,0816269069910049					1859,375	-0,0635756850242615	1859,375	-0,0551426969468594					1859,375	0,100313626229763	
1862,5	0,307504147291183					1862,5	0,546377003192902	1862,5	1,0377117395401					1862,5	0,675811111927032	1862,5	1,26339590549469					1862,5	1,4956773519516	1862,5	1,68950641155243					1862,5	1,9713362455368	1862,5	-0,673263490200043					1862,5	-0,494719445705414	1862,5	-0,18954986333847					1862,5	-0,384306401014328	1862,5	-0,079722099006176					1862,5	-0,063447080552578	1862,5	-0,0537860095500946					1862,5	0,102292075753212	
1865,625	0,307292014360428					1865,625	0,546006202697754	1865,625	1,0373831987381					1865,625	0,67491203546524	1865,625	1,263467669487					1865,625	1,49536299705505	1865,625	1,6903327703476					1865,625	1,97121906280518	1865,625	-0,669787585735321					1865,625	-0,491688519716263	1865,625	-0,187758266925812					1865,625	-0,381753921508789	1865,625	-0,0782446786761284					1865,625	-0,0634046643972397	1865,625	-0,0538925342261791					1865,625	0,101933166384697	
1868,75	0,306909710168839					1868,75	0,546169817447662	1868,75	1,03837895393372					1868,75	0,675705075263977	1868,75	1,26397347450256					1868,75	1,4965945482254	1868,75	1,69125628471375					1868,75	1,97076106071472	1868,75	-0,668225109577179					1868,75	-0,490089982748032	1868,75	-0,185829341411591					1868,75	-0,379880398511887	1868,75	-0,0761414840817451					1868,75	-0,0603722669184208	1868,75	-0,0507696457207203					1868,75	0,106796257197857	
1871,875	0,306424379348755					1871,875	0,545824944972992	1871,875	1,03875589370728					1871,875	0,675659775733948	1871,875	1,26440584659576					1871,875	1,49701273441315	1871,875	1,69162118434906					1871,875	1,97094762325287	1871,875	-0,662982940673828					1871,875	-0,485455065965652	1871,875	-0,182318687438965					1871,875	-0,375805020332336	1871,875	-0,0738473609089851					1871,875	-0,0587184876203537	1871,875	-0,0494329445064068					1871,875	0,108173884451389	
1875	0,306832522153854					1875	0,54618889093399	1875	1,03932881355286					1875	0,675809144973755	1875	1,26498746871948					1875	1,49709022045135	1875	1,69150757789612					1875	1,97066652774811	1875	-0,660998344421387					1875	-0,483677744865417	1875	-0,179915651679039					1875	-0,373732179403305	1875	-0,0714295953512192					1875	-0,0571915432810783	1875	-0,0474429167807102					1875	0,110718756914139	
1878,125	0,308108597993851					1878,125	0,546990990638733	1878,125	1,03966629505157					1878,125	0,676188826560974	1878,125	1,26448214054108					1878,125	1,49472784996033	1878,125	1,6887823343277					1878,125	1,96704399585724	1878,125	-0,655788064002991					1878,125	-0,47892764210701	1878,125	-0,176316380500793					1878,125	-0,368964552879334	1878,125	-0,068840391933918					1878,125	-0,0565215200185776	1878,125	-0,0466979295015335					1878,125	0,111012242734432	
1881,25	0,305411398410797					1881,25	0,545113384723663	1881,25	1,03941535949707					1881,25	0,674931883811951	1881,25	1,26508569717407					1881,25	1,49619472026825	1881,25	1,69236874580383					1881,25	1,97158122062683	1881,25	-0,653649270534515					1881,25	-0,477272361516953	1881,25	-0,174601659178734					1881,25	-0,366983413696289	1881,25	-0,0674014985561371					1881,25	-0,0550947748124599	1881,25	-0,044828400015831					1881,25	0,113823495805264	
1884,375	0,307088822126389					1884,375	0,54639732837677	1884,375	1,04024052619934					1884,375	0,6756751537323	1884,375	1,26520729064941					1884,375	1,49593031406403	1884,375	1,69216573238373					1884,375	1,96996545791626	1884,375	-0,652928590774536					1884,375	-0,47570675611496	1884,375	-0,171544432640076					1884,375	-0,365363776683807	1884,375	-0,0637121349573135					1884,375	-0,0506338402628899	1884,375	-0,0399785079061985					1884,375	0,119443163275719	
1887,5	0,306232362985611					1887,5	0,545294046401978	1887,5	1,03985011577606					1887,5	0,674313724040985	1887,5	1,26488614082336					1887,5	1,49518918991089	1887,5	1,69194757938385					1887,5	1,97027695178986	1887,5	-0,650493860244751					1887,5	-0,472885012626648	1887,5	-0,168790727853775					1887,5	-0,362605392932892	1887,5	-0,0616688318550587					1887,5	-0,0501937679946423	1887,5	-0,0400973781943321					1887,5	0,119002640247345	
1890,625	0,302411913871765					1890,625	0,542707920074463	1890,625	1,04053211212158					1890,625	0,673011362552643	1890,625	1,26744389533997					1890,625	1,49912488460541	1890,625	1,69741380214691					1890,625	1,97681212425232	1890,625	-0,650969862937927					1890,625	-0,473630487918854	1890,625	-0,168274790048599					1890,625	-0,362792432308197	1890,625	-0,0606664642691612					1890,625	-0,0487765036523342	1890,625	-0,0383480824530125					1890,625	0,122467905282974	
1893,75	0,30305477976799					1893,75	0,543186604976654	1893,75	1,04006040096283					1893,75	0,672988712787628	1893,75	1,26596665382385					1893,75	1,49623155593872	1893,75	1,69355750083923					1893,75	1,97058391571045	1893,75	-0,64101654291153					1893,75	-0,465162932872772	1893,75	-0,163577288389206					1893,75	-0,355422168970108	1893,75	-0,0590955018997192					1893,75	-0,048650249838829	1893,75	-0,0398709923028946					1893,75	0,116711907088757	
1896,875	0,30494749546051					1896,875	0,545134246349335	1896,875	1,04147386550903					1896,875	0,674251139163971	1896,875	1,26630759239197					1896,875	1,49782359600067	1896,875	1,69511747360229					1896,875	1,97222447395325	1896,875	-0,640794575214386					1896,875	-0,464357703924179	1896,875	-0,161799266934395					1896,875	-0,354164600372314	1896,875	-0,0565794594585896					1896,875	-0,0456955172121525	1896,875	-0,0365932248532772					1896,875	0,123771890997887	
1900	0,305854082107544					1900	0,545511543750763	1900	1,04130208492279					1900	0,674753546714783	1900	1,26614832878113					1900	1,49753057956696	1900	1,69601047039032					1900	1,97182989120483	1900	-0,640286564826965					1900	-0,463465660810471	1900	-0,160058706998825					1900	-0,353173434734344	1900	-0,054414626210928					1900	-0,0434035211801529	1900	-0,0341236591339111					1900	0,128330066800117	
1903,125	0,305033594369888					1903,125	0,544577956199646	1903,125	1,04098069667816					1903,125	0,67423939704895	1903,125	1,26596748828888					1903,125	1,49696612358093	1903,125	1,6962718963623					1903,125	1,97116315364838	1903,125	-0,637799561023712					1903,125	-0,461108446121216	1903,125	-0,157683447003365					1903,125	-0,350374281406403	1903,125	-0,0526759959757328					1903,125	-0,0416364520788193	1903,125	-0,0332319661974907					1903,125	0,12933386862278	
1906,25	0,302921772003174					1906,25	0,543102383613586	1906,25	1,04139184951782					1906,25	0,673137009143829	1906,25	1,26700472831726					1906,25	1,49745237827301	1906,25	1,69839918613434					1906,25	1,97365021705627	1906,25	-0,633528530597687					1906,25	-0,457618325948715	1906,25	-0,155493497848511					1906,25	-0,347214639186859	1906,25	-0,0506104379892349					1906,25	-0,0406395755708218	1906,25	-0,0318477042019367					1906,25	0,129771634936333	
1909,375	0,303231656551361					1909,375	0,543786585330963	1909,375	1,04225766658783					1909,375	0,673823177814484	1909,375	1,26779937744141					1909,375	1,49707329273224	1909,375	1,69869673252106					1909,375	1,97265732288361	1909,375	-0,630712509155273					1909,375	-0,454972118139267	1909,375	-0,152877122163773					1909,375	-0,34465217590332	1909,375	-0,0481122694909573					1909,375	-0,0379971191287041	1909,375	-0,0294426679611206					1909,375	0,133650839328766	
1912,5	0,305521339178085					1912,5	0,545276820659637	1912,5	1,0427143573761					1912,5	0,674943923950195	1912,5	1,26792049407959					1912,5	1,4964245557785	1912,5	1,69781982898712					1912,5	1,96999025344849	1912,5	-0,626259922981262					1912,5	-0,451246976852417	1912,5	-0,149992495775223					1912,5	-0,340760350227356	1912,5	-0,0461014322936535					1912,5	-0,0359628312289715	1912,5	-0,0282078832387924					1912,5	0,134677231311798	
1915,625	0,306046485900879					1915,625	0,545269131660461	1915,625	1,0423583984375					1915,625	0,67477822303772	1915,625	1,26726281642914					1915,625	1,49490892887115	1915,625	1,6967099905014					1915,625	1,96866703033447	1915,625	-0,621432960033417					1915,625	-0,446894079446793	1915,625	-0,147050589323044					1915,625	-0,33695575594902	1915,625	-0,0448753871023655					1915,625	-0,0359619036316872	1915,625	-0,0289550852030516					1915,625	0,133509665727615	
1918,75	0,303778827190399					1918,75	0,543902695178986	1918,75	1,04288804531097					1918,75	0,673928916454315	1918,75	1,2682968378067					1918,75	1,49764406681061	1918,75	1,70017218589783					1918,75	1,97278773784637	1918,75	-0,622470200061798					1918,75	-0,447054386138916	1918,75	-0,145568624138832					1918,75	-0,336716026067734	1918,75	-0,0421321243047714					1918,75	-0,0330232568085194	1918,75	-0,0252291727811098					1918,75	0,139587268233299	
1921,875	0,304785162210464					1921,875	0,544470846652985	1921,875	1,04253041744232					1921,875	0,673943758010864	1921,875	1,26625239849091					1921,875	1,49509143829346	1921,875	1,69681906700134					1921,875	1,96804571151733	1921,875	-0,61734414100647					1921,875	-0,442120403051376	1921,875	-0,142324343323708					1921,875	-0,332263559103012	1921,875	-0,039977103471756					1921,875	-0,0314061269164085	1921,875	-0,0246310085058212					1921,875	0,13823290169239	
1925	0,304216980934143					1925	0,544562935829163	1925	1,04273784160614					1925	0,673804044723511	1925	1,26651561260223					1925	1,4951868057251	1925	1,69793212413788					1925	1,96926653385162	1925	-0,61440372467041					1925	-0,439897507429123	1925	-0,140600934624672					1925	-0,330133140087128	1925	-0,0392014496028423					1925	-0,0299742314964533	1925	-0,0241861138492823					1925	0,139311566948891	
1928,125	0,303927391767502					1928,125	0,544318675994873	1928,125	1,04299652576447					1928,125	0,673918902873993	1928,125	1,26658320426941					1928,125	1,49457633495331	1928,125	1,6977813243866					1928,125	1,96701729297638	1928,125	-0,614149749279022					1928,125	-0,438552021980286	1928,125	-0,138190940022469					1928,125	-0,328059494495392	1928,125	-0,0369065143167973					1928,125	-0,0274323523044586	1928,125	-0,0216519068926573					1928,125	0,143108889460564	
1931,25	0,302826970815659					1931,25	0,543344736099243	1931,25	1,04355680942535					1931,25	0,673059701919556	1931,25	1,26708233356476					1931,25	1,49621081352234	1931,25	1,70033478736877					1931,25	1,97003555297852	1931,25	-0,612674534320831					1931,25	-0,437368363142014	1931,25	-0,136888548731804					1931,25	-0,326596826314926	1931,25	-0,0354476869106293					1931,25	-0,0266767758876085	1931,25	-0,0223065167665482					1931,25	0,143653437495232	
1934,375	0,301148444414139					1934,375	0,541605889797211	1934,375	1,04367208480835					1934,375	0,6720951795578	1934,375	1,26761317253113					1934,375	1,49763286113739	1934,375	1,70334959030151					1934,375	1,97441220283508	1934,375	-0,608182549476624					1934,375	-0,434287965297699	1934,375	-0,13529609143734					1934,375	-0,32340681552887	1934,375	-0,0345224626362324					1934,375	-0,0263307727873325	1934,375	-0,0231220666319132					1934,375	0,142639324069023	
1937,5	0,300336509943008					1937,5	0,54155033826828	1937,5	1,0447154045105					1937,5	0,672746777534485	1937,5	1,26879036426544					1937,5	1,49847447872162	1937,5	1,7057569026947					1937,5	1,9755619764328	1937,5	-0,606477499008179					1937,5	-0,432438850402832	1937,5	-0,133320555090904					1937,5	-0,321689873933792	1937,5	-0,0324889495968819					1937,5	-0,024143585935235	1937,5	-0,0200635101646185					1937,5	0,147143945097923	
1940,625	0,298610776662827					1940,625	0,540327250957489	1940,625	1,04442262649536					1940,625	0,672051906585693	1940,625	1,26870262622833					1940,625	1,49926352500916	1940,625	1,70730984210968					1940,625	1,97825253009796	1940,625	-0,604632675647736					1940,625	-0,430372774600983	1940,625	-0,131793454289436					1940,625	-0,319614171981812	1940,625	-0,0313467755913734					1940,625	-0,0231306459754705	1940,625	-0,0206035524606705					1940,625	0,14787320792675	
1943,75	0,303412079811096					1943,75	0,543393015861511	1943,75	1,0442488193512					1943,75	0,674252331256866	1943,75	1,2669837474823					1943,75	1,49683582782745	1943,75	1,7032630443573					1943,75	1,97236835956573	1943,75	-0,599167108535767					1943,75	-0,425589323043823	1943,75	-0,127754583954811					1943,75	-0,314991056919098	1943,75	-0,0289267580956221					1943,75	-0,0207276307046413	1943,75	-0,0190754253417253					1943,75	0,148427620530128	
1946,875	0,306177586317062					1946,875	0,545521378517151	1946,875	1,04468894004822					1946,875	0,675622642040253	1946,875	1,26627337932587					1946,875	1,49532175064087	1946,875	1,7021416425705					1946,875	1,96800029277802	1946,875	-0,597836315631866					1946,875	-0,423689246177673	1946,875	-0,124803587794304					1946,875	-0,312883615493774	1946,875	-0,0255914982408285					1946,875	-0,0166533570736647	1946,875	-0,0147457141429186					1946,875	0,154437884688377	
1950	0,301761329174042					1950	0,542609870433807	1950	1,04428493976593					1950	0,673446238040924	1950	1,26609539985657					1950	1,4957777261734	1950	1,70363354682922					1950	1,97108268737793	1950	-0,592004179954529					1950	-0,419141948223114	1950	-0,122748360037804					1950	-0,308822751045227	1950	-0,0247148312628269					1950	-0,0164841879159212	1950	-0,0166924279183149					1950	0,152293398976326	
1953,125	0,305238634347916					1953,125	0,545049011707306	1953,125	1,04569733142853					1953,125	0,675367414951324	1953,125	1,26660716533661					1953,125	1,4968729019165	1953,125	1,70524656772614					1953,125	1,97139167785645	1953,125	-0,593050181865692					1953,125	-0,419283390045166	1953,125	-0,121194526553154					1953,125	-0,308329075574875	1953,125	-0,0224633663892746					1953,125	-0,0133140869438648	1953,125	-0,012815099209547					1953,125	0,157895430922508	
1956,25	0,304054200649261					1956,25	0,54419332742691	1956,25	1,04569041728973					1956,25	0,674575567245483	1956,25	1,26611328125					1956,25	1,49748706817627	1956,25	1,70550310611725					1956,25	1,97257280349731	1956,25	-0,590816617012024					1956,25	-0,417256593704224	1956,25	-0,119100257754326					1956,25	-0,306220829486847	1956,25	-0,0207855012267828					1956,25	-0,01164626237005	1956,25	-0,0131847392767668					1956,25	0,158700957894325	
1959,375	0,301121145486832					1959,375	0,541945517063141	1959,375	1,04537963867188					1959,375	0,673412501811981	1959,375	1,26626753807068					1959,375	1,4997661113739	1959,375	1,70856690406799					1959,375	1,97512936592102	1959,375	-0,588456749916077					1959,375	-0,415500104427338	1959,375	-0,11778636276722					1959,375	-0,304528892040253	1959,375	-0,0189397893846035					1959,375	-0,00955800991505384	1959,375	-0,0107768038287759					1959,375	0,162873581051826	
1962,5	0,301452308893204					1962,5	0,541670680046082	1962,5	1,04480636119843					1962,5	0,673516988754272	1962,5	1,26446068286896					1962,5	1,49731576442719	1962,5	1,70576333999634					1962,5	1,97200858592987	1962,5	-0,581190466880798					1962,5	-0,409221351146698	1962,5	-0,11432683467865					1962,5	-0,298601061105728	1962,5	-0,0175163466483355					1962,5	-0,0102873016148806	1962,5	-0,0136419842019677					1962,5	0,158740997314453	
1965,625	0,304355442523956					1965,625	0,54397851228714	1965,625	1,04526114463806					1965,625	0,675328373908997	1965,625	1,26313769817352					1965,625	1,49521207809448	1965,625	1,70389235019684					1965,625	1,96802914142609	1965,625	-0,582220017910004					1965,625	-0,408914506435394	1965,625	-0,112198263406754					1965,625	-0,297599196434021	1965,625	-0,0147496564313769					1965,625	-0,00663507310673594	1965,625	-0,0100236153230071					1965,625	0,162785351276398	
1968,75	0,301301836967468					1968,75	0,542477905750275	1968,75	1,04537689685822					1968,75	0,67417323589325	1968,75	1,26325213909149					1968,75	1,49670958518982	1968,75	1,70684635639191					1968,75	1,97193205356598	1968,75	-0,580721914768219					1968,75	-0,40761387348175	1968,75	-0,110893689095974					1968,75	-0,296144187450409	1968,75	-0,0128576355054975					1968,75	-0,00432891864329576	1968,75	-0,0087101636454463					1968,75	0,16626712679863	
1971,875	0,297508925199509					1971,875	0,539724290370941	1971,875	1,04480981826782					1971,875	0,672034084796906	1971,875	1,26360845565796					1971,875	1,4983936548233	1971,875	1,70905792713165					1971,875	1,97591865062714	1971,875	-0,57653933763504					1971,875	-0,40443143248558	1971,875	-0,109855003654957					1971,875	-0,293019264936447	1971,875	-0,0124444114044309					1971,875	-0,00461032148450613	1971,875	-0,0111508267000318					1971,875	0,164800971746445	
1975	0,30296590924263					1975	0,544038712978363	1975	1,04550135135651					1975	0,675624549388886	1975	1,26206636428833					1975	1,4952130317688	1975	1,70330762863159					1975	1,96481227874756	1975	-0,577809035778046					1975	-0,403884023427963	1975	-0,106549307703972					1975	-0,291798561811447	1975	-0,0082267364487052					1975	0,000991453533060849	1975	-0,0041210250928998					1975	0,173672378063202	
1978,125	0,300579011440277					1978,125	0,541524767875671	1978,125	1,04446995258331					1978,125	0,674086570739746	1978,125	1,26014173030853					1978,125	1,49500727653503	1978,125	1,70491278171539					1978,125	1,96631646156311	1978,125	-0,57186883687973					1978,125	-0,399088859558105	1978,125	-0,10504174977541					1978,125	-0,287824988365173	1978,125	-0,00680743902921677					1978,125	0,000185502402018756	1978,125	-0,0065981512889266					1978,125	0,170384973287582	
1981,25	0,300203323364258					1981,25	0,541326284408569	1981,25	1,04475474357605					1981,25	0,673990726470947	1981,25	1,26038527488708					1981,25	1,49589037895203	1981,25	1,70557332038879					1981,25	1,96879148483276	1981,25	-0,568612098693848					1981,25	-0,396372139453888	1981,25	-0,102895259857178					1981,25	-0,285161465406418	1981,25	-0,00480974372476339					1981,25	0,00221256678923965	1981,25	-0,00615720450878143					1981,25	0,172419726848602	
1984,375	0,302121371030808					1984,375	0,542694389820099	1984,375	1,04479968547821					1984,375	0,675369501113892	1984,375	1,25979840755463					1984,375	1,49477434158325	1984,375	1,70304942131042					1984,375	1,9652065038681	1984,375	-0,567317426204681					1984,375	-0,39415568113327	1984,375	-0,0996663570404053					1984,375	-0,282776057720184	1984,375	-0,00249129021540284					1984,375	0,00464925076812506	1984,375	-0,00385075714439154					1984,375	0,174969851970673	
1987,5	0,297722578048706					1987,5	0,539738893508911	1987,5	1,04451596736908					1987,5	0,67344343662262	1987,5	1,26057207584381					1987,5	1,49709928035736	1987,5	1,70790958404541					1987,5	1,97091424465179	1987,5	-0,56591409444809					1987,5	-0,39322504401207	1987,5	-0,0981353670358658					1987,5	-0,282202064990997	1987,5	-0,000761843402869999					1987,5	0,00590131105855107	1987,5	-0,00257541332393885					1987,5	0,178716108202934	
1990,625	0,294172346591949					1990,625	0,536615014076233	1990,625	1,04374074935913					1990,625	0,670914053916931	1990,625	1,26003932952881					1990,625	1,49822700023651	1990,625	1,71139717102051					1990,625	1,97578120231628	1990,625	-0,560424745082855					1990,625	-0,389423310756683	1990,625	-0,0966249480843544					1990,625	-0,278455197811127	1990,625	-0,000323394488077611					1990,625	0,00488519622012973	1990,625	-0,00684342859312892					1990,625	0,17491403222084	
1993,75	0,29666006565094					1993,75	0,538411378860474	1993,75	1,04319381713867					1993,75	0,6723592877388	1993,75	1,25828790664673					1993,75	1,49596047401428	1993,75	1,70738255977631					1993,75	1,97011017799377	1993,75	-0,558811008930206					1993,75	-0,387255400419235	1993,75	-0,0939843729138374					1993,75	-0,275686711072922	1993,75	0,00286622694693506					1993,75	0,007996940985322	1993,75	-0,00438058283179998					1993,75	0,178161889314651	
1996,875	0,295329004526138					1996,875	0,537882149219513	1996,875	1,04248631000519					1996,875	0,672522068023682	1996,875	1,25785303115845					1996,875	1,49567198753357	1996,875	1,70658779144287					1996,875	1,97001504898071	1996,875	-0,555918753147125					1996,875	-0,384402960538864	1996,875	-0,091533899307251					1996,875	-0,272915691137314	1996,875	0,00551398331299424					1996,875	0,0104759046807885	1996,875	-0,00336158112622797					1996,875	0,180608972907066	
2000	0,292916476726532					2000	0,536789238452911	2000	1,0417799949646					2000	0,672053754329681	2000	1,25735104084015					2000	1,49665606021881	2000	1,7078058719635					2000	1,97184944152832	2000	-0,553840279579163					2000	-0,382394909858704	2000	-0,0893375724554062					2000	-0,270942598581314	2000	0,00801809318363667					2000	0,0129408221691847	2000	-0,00168608198873699					2000	0,185081601142883	
2003,125	0,294288039207459					2003,125	0,537574946880341	2003,125	1,04203248023987					2003,125	0,672578096389771	2003,125	1,25670754909515					2003,125	1,49629664421082	2003,125	1,70597755908966					2003,125	1,96847093105316	2003,125	-0,55088472366333					2003,125	-0,379395633935928	2003,125	-0,0870753526687622					2003,125	-0,268397271633148	2003,125	0,0100189605727792					2003,125	0,0135189965367317	2003,125	-0,00284497532993555					2003,125	0,184642925858498	
2006,25	0,295757710933685					2006,25	0,538849651813507	2006,25	1,04349339008331					2006,25	0,673726737499237	2006,25	1,25700402259827					2006,25	1,49762165546417	2006,25	1,7076188325882					2006,25	1,96873092651367	2006,25	-0,551425993442535					2006,25	-0,379022270441055	2006,25	-0,0848507806658745					2006,25	-0,267339318990707	2006,25	0,0137364733964205					2006,25	0,0178456157445908	2006,25	0,00207927427254617					2006,25	0,192110702395439	
2009,375	0,299000382423401					2009,375	0,539740979671478	2009,375	1,04264390468597					2009,375	0,674445807933807	2009,375	1,25475454330444					2009,375	1,49533653259277	2009,375	1,70404303073883					2009,375	1,96536529064178	2009,375	-0,546260416507721					2009,375	-0,374564856290817	2009,375	-0,0828770697116852					2009,375	-0,263445228338242	2009,375	0,014241092838347					2009,375	0,0166371818631887	2009,375	-0,00130677164997905					2009,375	0,186954692006111	
2012,5	0,298024892807007					2012,5	0,539147973060608	2012,5	1,04184746742249					2012,5	0,674068868160248	2012,5	1,25466084480286					2012,5	1,49544954299927	2012,5	1,70517814159393					2012,5	1,96677362918854	2012,5	-0,544540107250214					2012,5	-0,372668266296387	2012,5	-0,0806936398148537					2012,5	-0,26132807135582	2012,5	0,017743319272995					2012,5	0,0195938162505627	2012,5	0,000884606677573174					2012,5	0,191846594214439	
2015,625	0,296575993299484					2015,625	0,538916766643524	2015,625	1,04241418838501					2015,625	0,674282193183899	2015,625	1,25483727455139					2015,625	1,49624037742615	2015,625	1,70424556732178					2015,625	1,96579039096832	2015,625	-0,544807016849518					2015,625	-0,371722221374512	2015,625	-0,0784462094306946					2015,625	-0,260128617286682	2015,625	0,0202070102095604					2015,625	0,0220910329371691	2015,625	0,00278853019699454					2015,625	0,195666700601578	
2018,75	0,29578685760498					2018,75	0,537982642650604	2018,75	1,04170417785645					2018,75	0,673934400081635	2018,75	1,25380253791809					2018,75	1,49600911140442	2018,75	1,70472049713135					2018,75	1,96702027320862	2018,75	-0,539381861686707					2018,75	-0,367511928081512	2018,75	-0,0762429535388947					2018,75	-0,256758540868759	2018,75	0,0218342132866383					2018,75	0,022061612457037	2018,75	0,000943239137995988					2018,75	0,194519907236099	
2021,875	0,298464149236679					2021,875	0,539399862289429	2021,875	1,04116582870483					2021,875	0,674828946590424	2021,875	1,25249087810516					2021,875	1,49404907226563	2021,875	1,70240664482117					2021,875	1,96547985076904	2021,875	-0,53516948223114					2021,875	-0,363796889781952	2021,875	-0,0730593428015709					2021,875	-0,253539651632309	2021,875	0,0247978400439024					2021,875	0,0240028016269207	2021,875	0,00214786175638437					2021,875	0,196823641657829	
2025	0,300098389387131					2025	0,540749251842499	2025	1,04137146472931					2025	0,676127433776855	2025	1,25194406509399					2025	1,49327874183655	2025	1,70150744915009					2025	1,9636002779007	2025	-0,533651530742645					2025	-0,36227947473526	2025	-0,0704310983419418					2025	-0,25194776058197	2025	0,0280443765223026					2025	0,0277297347784042	2025	0,00568770430982113					2025	0,202701821923256	
2028,125	0,301634013652802					2028,125	0,541632354259491	2028,125	1,04109489917755					2028,125	0,676624953746796	2028,125	1,25095844268799					2028,125	1,49243485927582	2028,125	1,69877707958221					2028,125	1,96089649200439	2028,125	-0,53206878900528					2028,125	-0,360144197940826	2028,125	-0,0681062042713165					2028,125	-0,249237075448036	2028,125	0,0301122516393662					2028,125	0,0291192531585693	2028,125	0,00430275965481997					2028,125	0,202799931168556	
2031,25	0,29650667309761					2031,25	0,537951588630676	2031,25	1,04054141044617					2031,25	0,674242794513702	2031,25	1,24994850158691					2031,25	1,49394142627716	2031,25	1,70068264007568					2031,25	1,96512806415558	2031,25	-0,53012079000473					2031,25	-0,358003556728363	2031,25	-0,0656988099217415					2031,25	-0,247002378106117	2031,25	0,0329112336039543					2031,25	0,0315270721912384	2031,25	0,00660411920398474					2031,25	0,205997422337532	
2034,375	0,294579744338989					2034,375	0,537429809570313	2034,375	1,04071187973022					2034,375	0,674080848693848	2034,375	1,24980556964874					2034,375	1,49424469470978	2034,375	1,7001816034317					2034,375	1,96489596366882	2034,375	-0,526322305202484					2034,375	-0,355357855558395	2034,375	-0,0641947910189629					2034,375	-0,244977131485939	2034,375	0,0355140455067158					2034,375	0,0328211411833763	2034,375	0,00652209855616093					2034,375	0,20771598815918	
2037,5	0,297507733106613					2037,5	0,539381325244904	2037,5	1,04088485240936					2037,5	0,675800442695618	2037,5	1,24924635887146					2037,5	1,49179899692535	2037,5	1,69540929794312					2037,5	1,96029818058014	2037,5	-0,522179484367371					2037,5	-0,35171577334404	2037,5	-0,0608408339321613					2037,5	-0,242167547345161	2037,5	0,0384935922920704					2037,5	0,0343359857797623	2037,5	0,00757878413423896					2037,5	0,210184291005135	
2040,625	0,298186898231506					2040,625	0,538237690925598	2040,625	1,03991115093231					2040,625	0,674824893474579	2040,625	1,24923706054688					2040,625	1,49365508556366	2040,625	1,6971184015274					2040,625	1,96649062633514	2040,625	-0,515283823013306					2040,625	-0,346348166465759	2040,625	-0,0575327649712563					2040,625	-0,237164154648781	2040,625	0,0410353429615498					2040,625	0,0350478030741215	2040,625	0,00501663098111749					2040,625	0,209905818104744	
2043,75	0,297759979963303					2043,75	0,538285434246063	2043,75	1,03985273838043					2043,75	0,675314843654633	2043,75	1,24919664859772					2043,75	1,49336791038513	2043,75	1,69646716117859					2043,75	1,96620166301727	2043,75	-0,514683306217194					2043,75	-0,345410764217377	2043,75	-0,0557864867150784					2043,75	-0,235874533653259	2043,75	0,0439154244959354					2043,75	0,0383661352097988	2043,75	0,00825794227421284					2043,75	0,215716794133186	
2046,875	0,297284156084061					2046,875	0,537324368953705	2046,875	1,03951072692871					2046,875	0,674693465232849	2046,875	1,24807238578796					2046,875	1,49476671218872	2046,875	1,69686794281006					2046,875	1,9684853553772	2046,875	-0,510628342628479					2046,875	-0,342596143484116	2046,875	-0,0542625077068806					2046,875	-0,233969181776047	2046,875	0,0450703203678131					2046,875	0,0374050140380859	2046,875	0,00654722517356277					2046,875	0,215601474046707	
2050	0,29648619890213					2050	0,537134528160095	2050	1,03997814655304					2050	0,674782991409302	2050	1,24839794635773					2050	1,49527132511139	2050	1,69635725021362					2050	1,97105860710144	2050	-0,509790539741516					2050	-0,340419054031372	2050	-0,0507950745522976					2050	-0,231462761759758	2050	0,0479689836502075					2050	0,0385627560317516	2050	0,00402734521776438					2050	0,213707879185677	
2053,125	0,295549482107162					2053,125	0,538181662559509	2053,125	1,04034113883972					2053,125	0,67597907781601	2053,125	1,2476921081543					2053,125	1,492955327034	2053,125	1,69151926040649					2053,125	1,96344828605652	2053,125	-0,513101756572723					2053,125	-0,341690629720688	2053,125	-0,0482712648808956					2053,125	-0,231682106852531	2053,125	0,0524834990501404					2053,125	0,0451233759522438	2053,125	0,0131058758124709					2053,125	0,225155115127563	
2056,25	0,29888579249382					2056,25	0,539131343364716	2056,25	1,03955733776093					2056,25	0,676375806331635	2056,25	1,24671304225922					2056,25	1,49152910709381	2056,25	1,68710923194885					2056,25	1,96418344974518	2056,25	-0,504523992538452					2056,25	-0,334739238023758	2056,25	-0,0455162934958935					2056,25	-0,225681111216545	2056,25	0,0536487698554993					2056,25	0,0419525615870953	2056,25	0,00741605972871184					2056,25	0,216852471232414	
2059,375	0,294828057289124					2059,375	0,536371052265167	2059,375	1,03931379318237					2059,375	0,674632728099823	2059,375	1,24687433242798					2059,375	1,49455153942108	2059,375	1,69137859344482					2059,375	1,97167468070984	2059,375	-0,503538846969604					2059,375	-0,334199815988541	2059,375	-0,0437934659421444					2059,375	-0,224849507212639	2059,375	0,0566898547112942					2059,375	0,0458006300032139	2059,375	0,0100763849914074					2059,375	0,222565844655037	
2062,5	0,294970989227295					2062,5	0,5372114777565	2062,5	1,03978133201599					2062,5	0,67576402425766	2062,5	1,24650537967682					2062,5	1,49408233165741	2062,5	1,68925619125366					2062,5	1,96848464012146	2062,5	-0,503511667251587					2062,5	-0,333446204662323	2062,5	-0,041755598038435					2062,5	-0,224091127514839	2062,5	0,0605543814599514					2062,5	0,049275740981102	2062,5	0,0143180284649134					2062,5	0,229558303952217	
2065,625	0,296052724123001					2065,625	0,538167595863342	2065,625	1,04018819332123					2065,625	0,677057981491089	2065,625	1,24653935432434					2065,625	1,49314165115356	2065,625	1,68531203269958					2065,625	1,96653592586517	2065,625	-0,500744640827179					2065,625	-0,330557823181152	2065,625	-0,0392937771975994					2065,625	-0,221571534872055	2065,625	0,0634387210011482					2065,625	0,0498994924128056	2065,625	0,0159187316894531					2065,625	0,229381948709488	
2068,75	0,295865803956985					2068,75	0,538003742694855	2068,75	1,04052734375					2068,75	0,676823556423187	2068,75	1,24726819992065					2068,75	1,49446892738342	2068,75	1,68646275997162					2068,75	1,97134625911713	2068,75	-0,497765153646469					2068,75	-0,328389912843704	2068,75	-0,0365891866385937					2068,75	-0,219487413764	2068,75	0,0667051300406456					2068,75	0,0542337745428085	2068,75	0,0195518676191568					2068,75	0,234851479530334	
2071,875	0,294592618942261					2071,875	0,536689341068268	2071,875	1,04056441783905					2071,875	0,675687074661255	2071,875	1,24768960475922					2071,875	1,49566996097565	2071,875	1,68469989299774					2071,875	1,97611594200134	2071,875	-0,492985844612122					2071,875	-0,324540227651596	2071,875	-0,0346936546266079					2071,875	-0,216601967811584	2071,875	0,0673999041318893					2071,875	0,0512163490056992	2071,875	0,0176781341433525					2071,875	0,230493262410164	
2075	0,293631076812744					2075	0,536577105522156	2075	1,04089629650116					2075	0,675695598125458	2075	1,24768126010895					2075	1,49559307098389	2075	1,68475472927094					2075	1,97612237930298	2075	-0,491998791694641					2075	-0,323199599981308	2075	-0,031907994300127					2075	-0,214819699525833	2075	0,0719868913292885					2075	0,0550991706550121	2075	0,0228087902069092					2075	0,238039806485176	
2078,125	0,296191066503525					2078,125	0,538466215133667	2078,125	1,04089772701263					2078,125	0,677650690078735	2078,125	1,24605488777161					2078,125	1,49228572845459	2078,125	1,67969274520874					2078,125	1,9699422121048	2078,125	-0,490327000617981					2078,125	-0,320770919322968	2078,125	-0,0294115226715803					2078,125	-0,212731212377548	2078,125	0,0747135877609253					2078,125	0,0580088943243027	2078,125	0,0263312812894583					2078,125	0,240657955408096	
2081,25	0,294560670852661					2081,25	0,536762595176697	2081,25	1,04043471813202					2081,25	0,676634848117828	2081,25	1,24606847763062					2081,25	1,49287950992584	2081,25	1,67932665348053					2081,25	1,97389125823975	2081,25	-0,486779540777206					2081,25	-0,318004101514816	2081,25	-0,0269897412508726					2081,25	-0,210029065608978	2081,25	0,0774874016642571					2081,25	0,0589597411453724	2081,25	0,0256658028811216					2081,25	0,238470748066902	
2084,375	0,295283198356628					2084,375	0,536996066570282	2084,375	1,04020428657532					2084,375	0,676840305328369	2084,375	1,24661445617676					2084,375	1,49265837669373	2084,375	1,67859590053558					2084,375	1,97650837898254	2084,375	-0,483511716127396					2084,375	-0,314989119768143	2084,375	-0,0249616410583258					2084,375	-0,207103565335274	2084,375	0,0794794484972954					2084,375	0,0585548058152199	2084,375	0,0256017278879881					2084,375	0,235213845968246	
2087,5	0,294039577245712					2087,5	0,536130845546722	2087,5	1,04125905036926					2087,5	0,676635444164276	2087,5	1,2480012178421					2087,5	1,49642503261566	2087,5	1,68108654022217					2087,5	1,98364722728729	2087,5	-0,483138293027878					2087,5	-0,314226269721985	2087,5	-0,0226524770259857					2087,5	-0,206301108002663	2087,5	0,0825358182191849					2087,5	0,0613287463784218	2087,5	0,0276457387953997					2087,5	0,239713594317436	
2090,625	0,293631017208099					2090,625	0,535377085208893	2090,625	1,04060566425323					2090,625	0,675662636756897	2090,625	1,24841415882111					2090,625	1,49528062343597	2090,625	1,67741370201111					2090,625	1,9845198392868	2090,625	-0,477747350931168					2090,625	-0,310165584087372	2090,625	-0,0207329727709293					2090,625	-0,202555373311043	2090,625	0,0839254930615425					2090,625	0,0599537007510662	2090,625	0,0267453491687775					2090,625	0,235778823494911	
2093,75	0,294325888156891					2093,75	0,536597192287445	2093,75	1,04076266288757					2093,75	0,676799952983856	2093,75	1,24815559387207					2093,75	1,49338352680206	2093,75	1,6758987903595					2093,75	1,98021650314331	2093,75	-0,477548599243164					2093,75	-0,308650970458984	2093,75	-0,0185206849128008					2093,75	-0,201590642333031	2093,75	0,0868111178278923					2093,75	0,0639164447784424	2093,75	0,0330829136073589					2093,75	0,242128446698189	
2096,875	0,294065296649933					2096,875	0,536869764328003	2096,875	1,04122948646545					2096,875	0,677050054073334	2096,875	1,24910664558411					2096,875	1,49298822879791	2096,875	1,67502224445343					2096,875	1,98024356365204	2096,875	-0,475969821214676					2096,875	-0,307071357965469	2096,875	-0,0172815248370171					2096,875	-0,1998300999403	2096,875	0,0893104076385498					2096,875	0,0653224140405655	2096,875	0,0347848236560822					2096,875	0,241124346852303	
2100	0,294049769639969					2100	0,536023795604706	2100	1,04091000556946					2100	0,676898241043091	2100	1,24967646598816					2100	1,4933340549469	2100	1,67573082447052					2100	1,98350763320923	2100	-0,470474392175674					2100	-0,303077608346939	2100	-0,0149689670652151					2100	-0,19622477889061	2100	0,090928316116333					2100	0,0651959553360939	2100	0,0356287211179733					2100	0,236424893140793	
2103,125	0,291983753442764					2103,125	0,534919500350952	2103,125	1,04122972488403					2103,125	0,676093876361847	2103,125	1,25043702125549					2103,125	1,49609231948853	2103,125	1,67827701568604					2103,125	1,98870635032654	2103,125	-0,470477253198624					2103,125	-0,302599370479584	2103,125	-0,0129731222987175					2103,125	-0,195665836334229	2103,125	0,0944899097084999					2103,125	0,0682574138045311	2103,125	0,0410325154662132					2103,125	0,243877813220024	
2106,25	0,292193859815598					2106,25	0,535273909568787	2106,25	1,04158234596252					2106,25	0,676300287246704	2106,25	1,25042271614075					2106,25	1,49509871006012	2106,25	1,67690587043762					2106,25	1,98882687091827	2106,25	-0,46765211224556					2106,25	-0,299496114253998	2106,25	-0,010541582480073					2106,25	-0,192869588732719	2106,25	0,0972469598054886					2106,25	0,0695307031273842	2106,25	0,0419606156647205					2106,25	0,243494361639023	
2109,375	0,292083561420441					2109,375	0,535508334636688	2109,375	1,04159784317017					2109,375	0,676673173904419	2109,375	1,24953329563141					2109,375	1,49472463130951	2109,375	1,67580986022949					2109,375	1,99011290073395	2109,375	-0,467799156904221					2109,375	-0,299163997173309	2109,375	-0,0081952903419733					2109,375	-0,192328736186028	2109,375	0,10025417804718					2109,375	0,0742231011390686	2109,375	0,0470953173935413					2109,375	0,251488208770752	
2112,5	0,294794023036957					2112,5	0,536226689815521	2112,5	1,04108989238739					2112,5	0,67764800786972	2112,5	1,25055360794067					2112,5	1,49241507053375	2112,5	1,6713320016861					2112,5	1,98342204093933	2112,5	-0,462416589260101					2112,5	-0,294917941093445	2112,5	-0,00676759425550699					2112,5	-0,188437297940254	2112,5	0,0996146202087402					2112,5	0,0723909586668015	2112,5	0,0447601415216923					2112,5	0,240549355745316	
2115,625	0,292370110750198					2115,625	0,534945845603943	2115,625	1,04073655605316					2115,625	0,677034139633179	2115,625	1,25057566165924					2115,625	1,49172067642212	2115,625	1,67357540130615					2115,625	1,98509573936462	2115,625	-0,459423989057541					2115,625	-0,292398184537888	2115,625	-0,00459657190367579					2115,625	-0,186059236526489	2115,625	0,102037511765957					2115,625	0,0745769068598747	2115,625	0,0468940772116184					2115,625	0,23987041413784	
2118,75	0,291691392660141					2118,75	0,535147070884705	2118,75	1,04110145568848					2118,75	0,677340447902679	2118,75	1,25134348869324					2118,75	1,49156081676483	2118,75	1,67458581924438					2118,75	1,98518884181976	2118,75	-0,459177136421204					2118,75	-0,291539460420609	2118,75	-0,00144345755688846					2118,75	-0,185072630643845	2118,75	0,106298968195915					2118,75	0,078516960144043	2118,75	0,0547161512076855					2118,75	0,248368009924889	
2121,875	0,291891604661942					2121,875	0,535370588302612	2121,875	1,04222083091736					2121,875	0,677672624588013	2121,875	1,25239241123199					2121,875	1,49291527271271	2121,875	1,67595279216766					2121,875	1,98657023906708	2121,875	-0,458110004663467					2121,875	-0,290201306343079	2121,875	0,000805002811830491					2121,875	-0,183564096689224	2121,875	0,10896459966898					2121,875	0,0813142731785774	2121,875	0,058322086930275					2121,875	0,252138137817383	
2125	0,290636628866196					2125	0,534077942371368	2125	1,04212522506714					2125	0,676923632621765	2125	1,25328755378723					2125	1,49392318725586	2125	1,67840230464935					2125	1,99229800701141	2125	-0,454478919506073					2125	-0,287386327981949	2125	0,00184677599463612					2125	-0,180756613612175	2125	0,109886199235916					2125	0,0806155949831009	2125	0,0558289065957069					2125	0,246732234954834	
2128,125	0,289472311735153					2128,125	0,532731175422668	2128,125	1,04152858257294					2128,125	0,675929665565491	2128,125	1,25400066375732					2128,125	1,49360907077789	2128,125	1,6783481836319					2128,125	1,99441158771515	2128,125	-0,45054629445076					2128,125	-0,283905476331711	2128,125	0,00410777889192104					2128,125	-0,178300619125366	2128,125	0,111976273357868					2128,125	0,0800694301724434	2128,125	0,0560795702040195					2128,125	0,24536594748497	
2131,25	0,291807383298874					2131,25	0,534954369068146	2131,25	1,04189026355743					2131,25	0,677301108837128	2131,25	1,25331008434296					2131,25	1,49136805534363	2131,25	1,67483913898468					2131,25	1,9881876707077	2131,25	-0,449926733970642					2131,25	-0,28254821896553	2131,25	0,00655235582962632					2131,25	-0,176643088459969	2131,25	0,114237084984779					2131,25	0,0836010128259659	2131,25	0,0610833093523979					2131,25	0,250566393136978	
2134,375	0,292772173881531					2134,375	0,535838842391968	2134,375	1,04177796840668					2134,375	0,678105771541595	2134,375	1,25264692306519					2134,375	1,48981738090515	2134,375	1,67254102230072					2134,375	1,98328363895416	2134,375	-0,447958499193192					2134,375	-0,280230969190598	2134,375	0,00899211224168539					2134,375	-0,174259141087532	2134,375	0,116216853260994					2134,375	0,0873496755957603	2134,375	0,064183309674263					2134,375	0,251343965530396	
2137,5	0,291641026735306					2137,5	0,534617781639099	2137,5	1,04154908657074					2137,5	0,677735567092896	2137,5	1,25328707695007					2137,5	1,4900609254837	2137,5	1,6743186712265					2137,5	1,98724842071533	2137,5	-0,44445526599884					2137,5	-0,27744996547699	2137,5	0,01069569401443					2137,5	-0,172339797019958	2137,5	0,118003763258457					2137,5	0,0886017829179764	2137,5	0,0653693303465843					2137,5	0,251665085554123	
2140,625	0,292180210351944					2140,625	0,534686028957367	2140,625	1,04175937175751					2140,625	0,677836537361145	2140,625	1,25372314453125					2140,625	1,4900506734848	2140,625	1,6761976480484					2140,625	1,98872697353363	2140,625	-0,441293001174927					2140,625	-0,274867177009583	2140,625	0,0119550647214055					2140,625	-0,170177072286606	2140,625	0,119180299341679					2140,625	0,0884410738945007	2140,625	0,0647553727030754					2140,625	0,250044226646423	
2143,75	0,29060509800911					2143,75	0,533574461936951	2143,75	1,04174840450287					2143,75	0,677154123783112	2143,75	1,25446200370789					2143,75	1,49024605751038	2143,75	1,67738437652588					2143,75	1,99121117591858	2143,75	-0,438311636447906					2143,75	-0,2720667719841	2143,75	0,0140412356704473					2143,75	-0,167710959911346	2143,75	0,120518766343594					2143,75	0,0892942771315575	2143,75	0,0643667578697205					2143,75	0,247046008706093	
2146,875	0,289725750684738					2146,875	0,533337712287903	2146,875	1,04158627986908					2146,875	0,676986992359161	2146,875	1,25508403778076					2146,875	1,49018800258636	2146,875	1,67808783054352					2146,875	1,99261856079102	2146,875	-0,437927544116974					2146,875	-0,270769685506821	2146,875	0,0166214499622583					2146,875	-0,166878744959831	2146,875	0,123183116316795					2146,875	0,0921899527311325	2146,875	0,0670257955789566					2146,875	0,249200716614723	
2150	0,290651977062225					2150	0,533986866474152	2150	1,04142916202545					2150	0,677368342876434	2150	1,25480103492737					2150	1,48991680145264	2150	1,67776560783386					2150	1,98995411396027	2150	-0,433743357658386					2150	-0,267064720392227	2150	0,0192656982690096					2150	-0,163543164730072	2150	0,124870553612709					2150	0,0938911065459251	2150	0,0679838508367538					2150	0,246045246720314	
2153,125	0,289552986621857					2153,125	0,533217549324036	2153,125	1,04188823699951					2153,125	0,676970183849335	2153,125	1,25547564029694					2153,125	1,49059474468231	2153,125	1,67941319942474					2153,125	1,99192190170288	2153,125	-0,432022839784622					2153,125	-0,265385866165161	2153,125	0,0210131723433733					2153,125	-0,161691606044769	2153,125	0,126996040344238					2153,125	0,0959825292229652	2153,125	0,0692621916532516					2153,125	0,248022720217705	
2156,25	0,290280997753143					2156,25	0,534351289272308	2156,25	1,04193019866943					2156,25	0,677987515926361	2156,25	1,25409877300262					2156,25	1,48817300796509	2156,25	1,67652428150177					2156,25	1,9844377040863	2156,25	-0,431263446807861					2156,25	-0,264274775981903	2156,25	0,0223085582256317					2156,25	-0,160035580396652	2156,25	0,128644451498985					2156,25	0,0991272553801537	2156,25	0,0739557221531868					2156,25	0,252267956733704	
2159,375	0,289418339729309					2159,375	0,533566415309906	2159,375	1,04125308990479					2159,375	0,677112698554993	2159,375	1,25449955463409					2159,375	1,48812544345856	2159,375	1,67759072780609					2159,375	1,98610734939575	2159,375	-0,42805603146553					2159,375	-0,261826485395432	2159,375	0,0249618086963892					2159,375	-0,158056512475014	2159,375	0,130785420536995					2159,375	0,101606816053391	2159,375	0,0756867229938507					2159,375	0,253891170024872	
2162,5	0,291351675987244					2162,5	0,534558534622192	2162,5	1,04178822040558					2162,5	0,678235173225403	2162,5	1,25459718704224					2162,5	1,48713433742523	2162,5	1,67603123188019					2162,5	1,98270797729492	2162,5	-0,425433397293091					2162,5	-0,259059607982636	2162,5	0,0275333933532238					2162,5	-0,155570775270462	2162,5	0,132674187421799					2162,5	0,102893434464931	2162,5	0,0762059539556503					2162,5	0,253177314996719	
2165,625	0,292778760194778					2165,625	0,535588324069977	2165,625	1,04155325889587					2165,625	0,679290056228638	2165,625	1,2534031867981					2165,625	1,48395895957947	2165,625	1,6737117767334					2165,625	1,97667145729065	2165,625	-0,423588812351227					2165,625	-0,256990730762482	2165,625	0,029326006770134					2165,625	-0,153450667858124	2165,625	0,133836522698402					2165,625	0,106075279414654	2165,625	0,0795583873987198					2165,625	0,255478262901306	
2168,75	0,288831979036331					2168,75	0,533075153827667	2168,75	1,04179608821869					2168,75	0,677627384662628	2168,75	1,25529026985168					2168,75	1,488685131073	2168,75	1,68121564388275					2168,75	1,98905837535858	2168,75	-0,422480911016464					2168,75	-0,256111085414886	2168,75	0,031895887106657					2168,75	-0,15258614718914	2168,75	0,137950986623764					2168,75	0,111064158380032	2168,75	0,0830330178141594					2168,75	0,262977480888367	
2171,875	0,289963155984879					2171,875	0,533926784992218	2171,875	1,04172849655151					2171,875	0,678227424621582	2171,875	1,2537966966629					2171,875	1,48935770988464	2171,875	1,67977964878082					2171,875	1,98704314231873	2171,875	-0,418445944786072					2171,875	-0,252360999584198	2171,875	0,0338764116168022					2171,875	-0,149349123239517	2171,875	0,138747021555901					2171,875	0,111123375594616	2171,875	0,0824848040938377					2171,875	0,26055833697319	
2175	0,292064934968948					2175	0,535234212875366	2175	1,04239678382874					2175	0,678944408893585	2175	1,25327289104462					2175	1,48802077770233	2175	1,67644047737122					2175	1,98096823692322	2175	-0,415464133024216					2175	-0,249269366264343	2175	0,0362772606313229					2175	-0,146957486867905	2175	0,139984086155891					2175	0,111372441053391	2175	0,0814359039068222					2175	0,255753666162491	
2178,125	0,289199143648148					2178,125	0,532713890075684	2178,125	1,04251658916473					2178,125	0,677813053131104	2178,125	1,25512373447418					2178,125	1,490443110466	2178,125	1,68204081058502					2178,125	1,98840987682343	2178,125	-0,413117200136185					2178,125	-0,24748869240284	2178,125	0,0380556993186474					2178,125	-0,145446315407753	2178,125	0,141675218939781					2178,125	0,112087793648243	2178,125	0,0808375328779221					2178,125	0,255031853914261	
2181,25	0,290853947401047					2181,25	0,534445285797119	2181,25	1,04206538200378					2181,25	0,679415643215179	2181,25	1,25287568569183					2181,25	1,48827314376831	2181,25	1,67905473709106					2181,25	1,9808863401413	2181,25	-0,41281995177269					2181,25	-0,246820777654648	2181,25	0,0394695326685905					2181,25	-0,144317492842674	2181,25	0,144395530223846					2181,25	0,116582840681076	2181,25	0,0858664214611053					2181,25	0,262627840042114	
2184,375	0,289118677377701					2184,375	0,533631682395935	2184,375	1,04276871681213					2184,375	0,678371250629425	2184,375	1,25420224666595					2184,375	1,49090039730072	2184,375	1,68272817134857					2184,375	1,98558068275452	2184,375	-0,41116651892662					2184,375	-0,245350226759911	2184,375	0,0415718145668507					2184,375	-0,142343014478683	2184,375	0,146699026226997					2184,375	0,119753122329712	2184,375	0,0883279964327812					2184,375	0,267102807760239	
2187,5	0,289368718862534					2187,5	0,533666491508484	2187,5	1,04233360290527					2187,5	0,678711473941803	2187,5	1,25421750545502					2187,5	1,49039077758789	2187,5	1,68089938163757					2187,5	1,98432576656342	2187,5	-0,408154338598251					2187,5	-0,242699697613716	2187,5	0,0435366258025169					2187,5	-0,13987098634243	2187,5	0,148935347795486					2187,5	0,121275514364243	2187,5	0,0880285203456879					2187,5	0,265991032123566	
2190,625	0,288187175989151					2190,625	0,532724142074585	2190,625	1,04200291633606					2190,625	0,677958250045776	2190,625	1,25433325767517					2190,625	1,49215734004974	2190,625	1,68259513378143					2190,625	1,98703670501709	2190,625	-0,405210345983505					2190,625	-0,240229919552803	2190,625	0,0465729273855686					2190,625	-0,137602373957634	2190,625	0,151384457945824					2190,625	0,122803971171379	2190,625	0,0870835185050964					2190,625	0,262650161981583	
2193,75	0,289052903652191					2193,75	0,533376336097717	2193,75	1,04290199279785					2193,75	0,678358256816864	2193,75	1,25402522087097					2193,75	1,49188995361328	2193,75	1,6818323135376					2193,75	1,98517060279846	2193,75	-0,401690244674683					2193,75	-0,236607015132904	2193,75	0,0488089360296726					2193,75	-0,134744703769684	2193,75	0,151557117700577					2193,75	0,122363872826099	2193,75	0,0840292572975159					2193,75	0,257031440734863	
2196,875	0,288828551769257					2196,875	0,533391058444977	2196,875	1,04263579845428					2196,875	0,678540587425232	2196,875	1,25330352783203					2196,875	1,49179553985596	2196,875	1,68173789978027					2196,875	1,98422145843506	2196,875	-0,401330202817917					2196,875	-0,235845431685448	2196,875	0,0513400994241238					2196,875	-0,133502677083015	2196,875	0,154960364103317					2196,875	0,12696860730648	2196,875	0,089255690574646					2196,875	0,265049785375595	
2200	0,289120048284531					2200	0,533613085746765	2200	1,04211759567261					2200	0,678783059120178	2200	1,25232911109924					2200	1,49104046821594	2200	1,67878103256226					2200	1,9810311794281	2200	-0,398855119943619					2200	-0,233519658446312	2200	0,0527219362556934					2200	-0,131456881761551	2200	0,156274959445					2200	0,128023281693459	2200	0,0892203599214554					2200	0,266002595424652	
2203,125	0,289203554391861					2203,125	0,533275604248047	2203,125	1,04266762733459					2203,125	0,67863404750824	2203,125	1,25310611724854					2203,125	1,49318385124207	2203,125	1,68001294136047					2203,125	1,98368561267853	2203,125	-0,395283073186874					2203,125	-0,230753317475319	2203,125	0,0533407554030418					2203,125	-0,129281178116798	2203,125	0,157226905226707					2203,125	0,126961201429367	2203,125	0,0860426723957062					2203,125	0,262917995452881	
2206,25	0,289537489414215					2206,25	0,53341680765152	2206,25	1,04335069656372					2206,25	0,679231405258179	2206,25	1,25283551216125					2206,25	1,49417996406555	2206,25	1,67989778518677					2206,25	1,98297107219696	2206,25	-0,393409192562103					2206,25	-0,228725641965866	2206,25	0,0554843172430992					2206,25	-0,127277880907059	2206,25	0,159530833363533					2206,25	0,128559947013855	2206,25	0,0874393135309219					2206,25	0,261583477258682	
2209,375	0,287315040826797					2209,375	0,531830906867981	2209,375	1,0437194108963					2209,375	0,678054451942444	2209,375	1,25331854820251					2209,375	1,49694907665253	2209,375	1,68447232246399					2209,375	1,99079096317291	2209,375	-0,392146825790405					2209,375	-0,227323681116104	2209,375	0,0591355934739113					2209,375	-0,12532714009285	2209,375	0,164375454187393					2209,375	0,133614137768745	2209,375	0,0919003710150719					2209,375	0,268990904092789	
2212,5	0,286243051290512					2212,5	0,530900716781616	2212,5	1,04402530193329					2212,5	0,677475035190582	2212,5	1,25414144992828					2212,5	1,4988032579422	2212,5	1,68513119220734					2212,5	1,99373245239258	2212,5	-0,38881254196167					2212,5	-0,224192395806313	2212,5	0,0613039880990982					2212,5	-0,12282620370388	2212,5	0,166646018624306					2212,5	0,134322375059128	2212,5	0,0910998433828354					2212,5	0,268641978502274	
2215,625	0,287510305643082					2215,625	0,531944453716278	2215,625	1,04393625259399					2215,625	0,678513765335083	2215,625	1,25336861610413					2215,625	1,49763655662537	2215,625	1,68194830417633					2215,625	1,98854517936707	2215,625	-0,387160956859589					2215,625	-0,222383841872215	2215,625	0,0630535259842873					2215,625	-0,12117326259613	2215,625	0,168096587061882					2215,625	0,13481830060482	2215,625	0,0925965383648872					2215,625	0,269704908132553	
2218,75	0,287877887487412					2218,75	0,532600998878479	2218,75	1,0443195104599					2218,75	0,679155707359314	2218,75	1,25427567958832					2218,75	1,49763429164886	2218,75	1,68157982826233					2218,75	1,98785626888275	2218,75	-0,384892135858536					2218,75	-0,220275163650513	2218,75	0,0643735378980637					2218,75	-0,119442582130432	2218,75	0,169873267412186					2218,75	0,135777592658997	2218,75	0,0934198722243309					2218,75	0,270123422145844	
2221,875	0,286306113004684					2221,875	0,5318204164505	2221,875	1,04408288002014					2221,875	0,678471922874451	2221,875	1,25392186641693					2221,875	1,49884796142578	2221,875	1,68318617343903					2221,875	1,99028754234314	2221,875	-0,384057492017746					2221,875	-0,219047769904137	2221,875	0,0671534091234207					2221,875	-0,118058882653713	2221,875	0,174207285046577					2221,875	0,140812769532204	2221,875	0,0971550866961479					2221,875	0,276125997304916	
2225	0,285202592611313					2225	0,531148552894592	2225	1,04515302181244					2225	0,678375899791718	2225	1,25502014160156					2225	1,50152206420898	2225	1,68486154079437					2225	1,99474537372589	2225	-0,380958527326584					2225	-0,216196402907372	2225	0,0693650618195534					2225	-0,115387998521328	2225	0,176298707723618					2225	0,141279116272926	2225	0,0960239171981812					2225	0,274677932262421	
2228,125	0,28513690829277					2228,125	0,530655980110168	2228,125	1,04510807991028					2228,125	0,678360342979431	2228,125	1,25547242164612					2228,125	1,502601146698	2228,125	1,68437850475311					2228,125	1,99546718597412	2228,125	-0,377585113048553					2228,125	-0,213875442743301	2228,125	0,0702348798513412					2228,125	-0,112902924418449	2228,125	0,177404209971428					2228,125	0,140197440981865	2228,125	0,093491330742836					2228,125	0,272851824760437	
2231,25	0,286165028810501					2231,25	0,531392455101013	2231,25	1,04534327983856					2231,25	0,678848266601563	2231,25	1,25591015815735					2231,25	1,50204348564148	2231,25	1,6842942237854					2231,25	1,99450981616974	2231,25	-0,376041382551193					2231,25	-0,212320983409882	2231,25	0,0721500739455223					2231,25	-0,111472301185131	2231,25	0,179809466004372					2231,25	0,141933545470238	2231,25	0,0961845740675926					2231,25	0,274779438972473	
2234,375	0,286204189062119					2234,375	0,531988441944122	2234,375	1,0458402633667					2234,375	0,679601788520813	2234,375	1,25610303878784					2234,375	1,50123107433319	2234,375	1,68100297451019					2234,375	1,99243474006653	2234,375	-0,3730528652668					2234,375	-0,209634944796562	2234,375	0,0734387710690498					2234,375	-0,109313175082207	2234,375	0,181308105587959					2234,375	0,142019271850586	2234,375	0,0957832261919975					2234,375	0,272023975849152	
2237,5	0,286925703287125					2237,5	0,532375693321228	2237,5	1,0449515581131					2237,5	0,679713487625122	2237,5	1,25518202781677					2237,5	1,50052285194397	2237,5	1,67808532714844					2237,5	1,98899221420288	2237,5	-0,371310859918594					2237,5	-0,207624316215515	2237,5	0,0755214542150497					2237,5	-0,107856057584286	2237,5	0,183376103639603					2237,5	0,143872559070587	2237,5	0,0990096479654312					2237,5	0,274006098508835	
2240,625	0,289279758930206					2240,625	0,534013986587524	2240,625	1,04457545280457					2240,625	0,681196630001068	2240,625	1,25411212444305					2240,625	1,49806916713715	2240,625	1,67337560653687					2240,625	1,9818480014801	2240,625	-0,369143396615982					2240,625	-0,205337807536125	2240,625	0,0771804079413414					2240,625	-0,105958394706249	2240,625	0,184466853737831					2240,625	0,145461320877075	2240,625	0,100953280925751					2240,625	0,274532318115234	
2243,75	0,286652803421021					2243,75	0,532065272331238	2243,75	1,04553830623627					2243,75	0,680074989795685	2243,75	1,25640833377838					2243,75	1,5015971660614	2243,75	1,67748332023621					2243,75	1,98974001407623	2243,75	-0,365919321775436					2243,75	-0,202577829360962	2243,75	0,0794193521142006					2243,75	-0,103139109909534	2243,75	0,186710521578789					2243,75	0,144985064864159	2243,75	0,0990899652242661					2243,75	0,272525727748871	
2246,875	0,28608775138855					2246,875	0,531517207622528	2246,875	1,04581773281097					2246,875	0,679518640041351	2246,875	1,25705409049988					2246,875	1,50323617458344	2246,875	1,67900848388672					2246,875	1,99462938308716	2246,875	-0,36515411734581					2246,875	-0,20150463283062	2246,875	0,0816964283585548					2246,875	-0,102067887783051	2246,875	0,190137311816216					2246,875	0,147531121969223	2246,875	0,101913467049599					2246,875	0,275852382183075	
2250	0,286802589893341					2250	0,532030522823334	2250	1,04569244384766					2250	0,680229067802429	2250	1,25610446929932					2250	1,50169837474823	2250	1,67619180679321					2250	1,99111270904541	2250	-0,364798128604889					2250	-0,200798466801643	2250	0,083542175590992					2250	-0,10112701356411	2250	0,193036645650864					2250	0,150423094630241	2250	0,105463854968548					2250	0,281134128570557	
2253,125	0,28541487455368					2253,125	0,530848801136017	2253,125	1,04697954654694					2253,125	0,679609715938568	2253,125	1,25957703590393					2253,125	1,50532102584839	2253,125	1,68003535270691					2253,125	1,99778497219086	2253,125	-0,358760148286819					2253,125	-0,196179077029228	2253,125	0,0856017172336578					2253,125	-0,0973471775650978	2253,125	0,193745329976082					2253,125	0,147444739937782	2253,125	0,100948318839073					2253,125	0,2718126475811	
2256,25	0,285711854696274					2256,25	0,530929863452911	2256,25	1,04621946811676					2256,25	0,679597795009613	2256,25	1,25813806056976					2256,25	1,50475454330444	2256,25	1,67936229705811					2256,25	1,99577522277832	2256,25	-0,359469413757324					2256,25	-0,196261197328568	2256,25	0,0873151943087578					2256,25	-0,0970228612422943	2256,25	0,196890696883202					2256,25	0,15230256319046	2256,25	0,107803642749786					2256,25	0,281112521886826	
2259,375	0,287017911672592					2259,375	0,532352089881897	2259,375	1,04711353778839					2259,375	0,681186437606812	2259,375	1,25840151309967					2259,375	1,5034989118576	2259,375	1,67697668075562					2259,375	1,99220776557922	2259,375	-0,356721878051758					2259,375	-0,193732053041458	2259,375	0,0882523059844971					2259,375	-0,0952226668596268	2259,375	0,197723656892776					2259,375	0,151939988136292	2259,375	0,107659474015236					2259,375	0,277630895376205	
2262,5	0,285057604312897					2262,5	0,531230747699738	2262,5	1,04741299152374					2262,5	0,680629014968872	2262,5	1,26064097881317					2262,5	1,5064537525177	2262,5	1,67952847480774					2262,5	1,99910974502563	2262,5	-0,35378360748291					2262,5	-0,191024303436279	2262,5	0,091046616435051					2262,5	-0,0929765403270721	2262,5	0,199920132756233					2262,5	0,152255833148956	2262,5	0,107551619410515					2262,5	0,277009874582291	
2265,625	0,287674307823181					2265,625	0,533087193965912	2265,625	1,0460512638092					2265,625	0,681627750396729	2265,625	1,25833261013031					2265,625	1,50315058231354	2265,625	1,67495083808899					2265,625	1,99202907085419	2265,625	-0,354070454835892					2265,625	-0,191013813018799	2265,625	0,0922787487506866					2265,625	-0,0926345959305763	2265,625	0,202212929725647					2265,625	0,156286627054214	2265,625	0,113526076078415					2265,625	0,285215079784393	
2268,75	0,285026490688324					2268,75	0,531407237052917	2268,75	1,04709589481354					2268,75	0,680972337722778	2268,75	1,26162970066071					2268,75	1,50671422481537	2268,75	1,67905795574188					2268,75	1,99927127361298	2268,75	-0,348145514726639					2268,75	-0,186021134257317	2268,75	0,0942517668008804					2268,75	-0,0882329717278481	2268,75	0,202360451221466					2268,75	0,153338029980659	2268,75	0,109003439545631					2268,75	0,275637269020081	
2271,875	0,287055820226669					2271,875	0,53261125087738	2271,875	1,04638636112213					2271,875	0,681823194026947	2271,875	1,25990653038025					2271,875	1,50379633903503	2271,875	1,67451083660126					2271,875	1,99217796325684	2271,875	-0,348628282546997					2271,875	-0,185960546135902	2271,875	0,0954371467232704					2271,875	-0,0882880836725235	2271,875	0,20500473678112					2271,875	0,156268388032913	2271,875	0,114093191921711					2271,875	0,282010346651077	
2275	0,285983860492706					2275	0,531750559806824	2275	1,04640448093414					2275	0,681138157844543	2275	1,26039564609528					2275	1,50502598285675	2275	1,67603898048401					2275	1,9966139793396	2275	-0,346576333045959					2275	-0,183679327368736	2275	0,0977121889591217					2275	-0,0865019038319588	2275	0,208069860935211					2275	0,158753722906113	2275	0,116218134760857					2275	0,283406496047974	
2278,125	0,285955309867859					2278,125	0,532011210918427	2278,125	1,04569804668427					2278,125	0,680852949619293	2278,125	1,25907301902771					2278,125	1,50297737121582	2278,125	1,67374527454376					2278,125	1,99200427532196	2278,125	-0,344509482383728					2278,125	-0,181935593485832	2278,125	0,0996911600232124					2278,125	-0,0842151418328285	2278,125	0,209618434309959					2278,125	0,160676956176758	2278,125	0,119365744292736					2278,125	0,284427642822266	
2281,25	0,286041080951691					2281,25	0,532469153404236	2281,25	1,04822373390198					2281,25	0,681296110153198	2281,25	1,26206350326538					2281,25	1,50363457202911	2281,25	1,67349374294281					2281,25	1,99293553829193	2281,25	-0,339744299650192					2281,25	-0,177825003862381	2281,25	0,100310362875462					2281,25	-0,0806566402316093	2281,25	0,208200454711914					2281,25	0,155707806348801	2281,25	0,113742522895336					2281,25	0,272111713886261	
2284,375	0,285710215568542					2284,375	0,531569421291351	2284,375	1,04871356487274					2284,375	0,68122923374176	2284,375	1,26333916187286					2284,375	1,50515806674957	2284,375	1,67427635192871					2284,375	1,995485663414	2284,375	-0,337482184171677					2284,375	-0,175467148423195	2284,375	0,102660454809666					2284,375	-0,0788201987743378	2284,375	0,210608303546906					2284,375	0,157105997204781	2284,375	0,114560537040234					2284,375	0,273128539323807	
2287,5	0,286846905946732					2287,5	0,532210946083069	2287,5	1,04788529872894					2287,5	0,681746542453766	2287,5	1,26278221607208					2287,5	1,50477421283722	2287,5	1,67363524436951					2287,5	1,99441015720367	2287,5	-0,337504476308823					2287,5	-0,175195127725601	2287,5	0,104454278945923					2287,5	-0,0789704248309135	2287,5	0,213324978947639					2287,5	0,16107614338398	2287,5	0,118961729109287					2287,5	0,280549466609955	
2290,625	0,284819900989532					2290,625	0,530708193778992	2290,625	1,04807245731354					2290,625	0,681285083293915	2290,625	1,26451253890991					2290,625	1,50689673423767	2290,625	1,676917552948					2290,625	1,99886453151703	2290,625	-0,335229784250259					2290,625	-0,172885671257973	2290,625	0,10666248947382					2290,625	-0,0766985639929771	2290,625	0,215046793222427					2290,625	0,162148594856262	2290,625	0,120703749358654					2290,625	0,280443549156189	
2293,75	0,285688668489456					2293,75	0,531451344490051	2293,75	1,04665648937225					2293,75	0,681526362895966	2293,75	1,26238489151001					2293,75	1,5036655664444	2293,75	1,67405307292938					2293,75	1,9934424161911	2293,75	-0,334781974554062					2293,75	-0,171912655234337	2293,75	0,108949929475784					2293,75	-0,0752124786376953	2293,75	0,217970386147499					2293,75	0,166179805994034	2293,75	0,125532120466232					2293,75	0,285250514745712	
2296,875	0,28476694226265					2296,875	0,530820965766907	2296,875	1,0488920211792					2296,875	0,680734097957611	2296,875	1,26590085029602					2296,875	1,50686728954315	2296,875	1,67682158946991					2296,875	2,00005102157593	2296,875	-0,329173773527145					2296,875	-0,167827412486076	2296,875	0,110186479985714					2296,875	-0,0727071240544319	2296,875	0,218054786324501					2296,875	0,163073375821114	2296,875	0,121615640819073					2296,875	0,277381896972656	
2300	0,285071551799774					2300	0,531008064746857	2300	1,04829025268555					2300	0,681720554828644	2300	1,26535773277283					2300	1,50486731529236	2300	1,67491841316223					2300	1,9975106716156	2300	-0,329547673463821					2300	-0,167722105979919	2300	0,111349456012249					2300	-0,0721488520503044	2300	0,21987421810627					2300	0,166021138429642	2300	0,124918095767498					2300	0,282412499189377	
2303,125	0,284801810979843					2303,125	0,53133225440979	2303,125	1,04954063892365					2303,125	0,682835698127747	2303,125	1,26674687862396					2303,125	1,50658977031708	2303,125	1,6770613193512					2303,125	1,9991649389267	2303,125	-0,325159311294556					2303,125	-0,16415823996067	2303,125	0,113393820822239					2303,125	-0,0690467953681946	2303,125	0,221329361200333					2303,125	0,165794506669044	2303,125	0,125457748770714					2303,125	0,278511375188828	
2306,25	0,285071045160294					2306,25	0,531841456890106	2306,25	1,04911756515503					2306,25	0,682816505432129	2306,25	1,26562559604645					2306,25	1,50519788265228	2306,25	1,67638993263245					2306,25	1,99838590621948	2306,25	-0,323231309652328					2306,25	-0,162308648228645	2306,25	0,115513309836388					2306,25	-0,0669537112116814	2306,25	0,222872003912926					2306,25	0,168725177645683	2306,25	0,128075435757637					2306,25	0,281690984964371	
2309,375	0,284732311964035					2309,375	0,531377553939819	2309,375	1,04860389232635					2309,375	0,682340204715729	2309,375	1,26532852649689					2309,375	1,50519061088562	2309,375	1,67490351200104					2309,375	1,99778878688812	2309,375	-0,321612149477005					2309,375	-0,160084068775177	2309,375	0,117247939109802					2309,375	-0,0654685571789742	2309,375	0,223510041832924					2309,375	0,168987557291985	2309,375	0,128401383757591					2309,375	0,280236780643463	
2312,5	0,283595085144043					2312,5	0,530553817749023	2312,5	1,04829657077789					2312,5	0,681347608566284	2312,5	1,26507294178009					2312,5	1,5047013759613	2312,5	1,67379701137543					2312,5	1,9958381652832	2312,5	-0,321304172277451					2312,5	-0,159118846058846	2312,5	0,118458263576031					2312,5	-0,0646241754293442	2312,5	0,225675746798515					2312,5	0,171034172177315	2312,5	0,130873084068298					2312,5	0,281289964914322	
2315,625	0,285417765378952					2315,625	0,531630873680115	2315,625	1,04954838752747					2315,625	0,682329535484314	2315,625	1,26690137386322					2315,625	1,50522339344025	2315,625	1,67450881004333					2315,625	1,99658191204071	2315,625	-0,317692428827286					2315,625	-0,156056806445122	2315,625	0,119884550571442					2315,625	-0,0621062852442265	2315,625	0,226434767246246					2315,625	0,170109748840332	2315,625	0,128077194094658					2315,625	0,275315582752228	
2318,75	0,287694603204727					2318,75	0,533100426197052	2318,75	1,0490847826004					2318,75	0,683764457702637	2318,75	1,26639020442963					2318,75	1,50298428535461	2318,75	1,67257010936737					2318,75	1,99254131317139	2318,75	-0,315234243869781					2318,75	-0,154540851712227	2318,75	0,12191116809845					2318,75	-0,0603865087032318	2318,75	0,227144226431847					2318,75	0,173301085829735	2318,75	0,131406977772713					2318,75	0,278554767370224	
2321,875	0,286469995975494					2321,875	0,53228497505188	2321,875	1,04883992671967					2321,875	0,683084726333618	2321,875	1,26681935787201					2321,875	1,50319564342499	2321,875	1,67268371582031					2321,875	1,99259126186371	2321,875	-0,314161777496338					2321,875	-0,153369173407555	2321,875	0,12338924407959					2321,875	-0,0591691732406616	2321,875	0,228866666555405					2321,875	0,174753844738007	2321,875	0,133808180689812					2321,875	0,280359774827957	
2325	0,284202337265015					2325	0,530659973621368	2325	1,05003702640533					2325	0,682004511356354	2325	1,26868367195129					2325	1,50713789463043	2325	1,67825651168823					2325	1,9998162984848	2325	-0,311372518539429					2325	-0,150457888841629	2325	0,125592097640038					2325	-0,0560198090970516	2325	0,231369704008102					2325	0,175572156906128	2325	0,133920922875404					2325	0,276393353939056	
2328,125	0,284321486949921					2328,125	0,530631601810455	2328,125	1,04995691776276					2328,125	0,681670188903809	2328,125	1,26758325099945					2328,125	1,50673127174377	2328,125	1,67757523059845					2328,125	1,99941122531891	2328,125	-0,31111752986908					2328,125	-0,150203511118889	2328,125	0,12751866877079					2328,125	-0,055901326239109	2328,125	0,233517587184906					2328,125	0,179561078548431	2328,125	0,138142302632332					2328,125	0,282605320215225	
2331,25	0,28368353843689					2331,25	0,530305564403534	2331,25	1,05057942867279					2331,25	0,681621968746185	2331,25	1,26816344261169					2331,25	1,50762963294983	2331,25	1,67836403846741					2331,25	2,00061106681824	2331,25	-0,308821231126785					2331,25	-0,147873148322105	2331,25	0,129343196749687					2331,25	-0,0538699291646481	2331,25	0,234981968998909					2331,25	0,180599763989449	2331,25	0,137667432427406					2331,25	0,282262951135635	
2334,375	0,286240488290787					2334,375	0,53224116563797	2334,375	1,05074346065521					2334,375	0,68307363986969	2334,375	1,26779007911682					2334,375	1,50624334812164	2334,375	1,67712104320526					2334,375	1,9962557554245	2334,375	-0,305700391530991					2334,375	-0,145389050245285	2334,375	0,130734205245972					2334,375	-0,0517273508012295	2334,375	0,23672154545784					2334,375	0,181882679462433	2334,375	0,138995304703712					2334,375	0,282944291830063	
2337,5	0,285625874996185					2337,5	0,532359480857849	2337,5	1,0515604019165					2337,5	0,683359920978546	2337,5	1,26869297027588					2337,5	1,50733983516693	2337,5	1,67741620540619					2337,5	1,99595654010773	2337,5	-0,303133994340897					2337,5	-0,14259946346283	2337,5	0,132020682096481					2337,5	-0,0497100353240967	2337,5	0,236847326159477					2337,5	0,180333197116852	2337,5	0,137022256851196					2337,5	0,277389258146286	
2340,625	0,284291505813599					2340,625	0,531659483909607	2340,625	1,05036056041718					2340,625	0,682123064994812	2340,625	1,26713931560516					2340,625	1,50728988647461	2340,625	1,67833316326141					2340,625	1,99736762046814	2340,625	-0,303438723087311					2340,625	-0,142395839095116	2340,625	0,134120002388954					2340,625	-0,0493659116327763	2340,625	0,239600226283073					2340,625	0,185170903801918	2340,625	0,14318436384201					2340,625	0,285444229841232	
2343,75	0,280397683382034					2343,75	0,528404593467712	2343,75	1,0501674413681					2343,75	0,680092632770538	2343,75	1,2683984041214					2343,75	1,51070368289948	2343,75	1,6832594871521					2343,75	2,0065062046051	2343,75	-0,301249593496323					2343,75	-0,140291720628738	2343,75	0,137360319495201					2343,75	-0,0469230636954308	2343,75	0,244077011942863					2343,75	0,189715474843979	2343,75	0,145638912916183					2343,75	0,286844253540039	
2346,875	0,283680588006973					2346,875	0,530628561973572	2346,875	1,05170035362244					2346,875	0,682455122470856	2346,875	1,26932978630066					2346,875	1,51081991195679	2346,875	1,68171834945679					2346,875	2,0020444393158	2346,875	-0,298274099826813					2346,875	-0,137500777840614	2346,875	0,137486800551414					2346,875	-0,0450715310871601	2346,875	0,243777483701706					2346,875	0,187482073903084	2346,875	0,142218798398972					2346,875	0,280507117509842	
2350	0,283474862575531					2350	0,530346095561981	2350	1,05081045627594					2350	0,682226181030273	2350	1,2685387134552					2350	1,51022565364838	2350	1,68203890323639					2350	2,00153994560242	2350	-0,297804176807404					2350	-0,136555939912796	2350	0,139830127358437					2350	-0,0437418445944786	2350	0,24625064432621					2350	0,191215321421623	2350	0,146896064281464					2350	0,286515265703201	
2353,125	0,283046782016754					2353,125	0,530666649341583	2353,125	1,05157458782196					2353,125	0,682483077049255	2353,125	1,26971518993378					2353,125	1,51109862327576	2353,125	1,68183827400208					2353,125	2,00050377845764	2353,125	-0,292966187000275					2353,125	-0,132695764303207	2353,125	0,140478372573853					2353,125	-0,0404058992862701	2353,125	0,245595723390579					2353,125	0,188841730356216	2353,125	0,143002033233643					2353,125	0,278551787137985	
2356,25	0,283883333206177					2356,25	0,531724214553833	2356,25	1,05200135707855					2356,25	0,683018505573273	2356,25	1,26892423629761					2356,25	1,51100087165833	2356,25	1,68116223812103					2356,25	1,99818348884583	2356,25	-0,291604816913605					2356,25	-0,131553143262863	2356,25	0,142074465751648					2356,25	-0,0392233468592167	2356,25	0,247008070349693					2356,25	0,191178679466248	2356,25	0,146019846200943					2356,25	0,279815554618835	
2359,375	0,281278252601624					2359,375	0,529690861701965	2359,375	1,05153656005859					2359,375	0,681532979011536	2359,375	1,26932919025421					2359,375	1,51363003253937	2359,375	1,68504071235657					2359,375	2,00413799285889	2359,375	-0,291272163391113					2359,375	-0,130535632371902	2359,375	0,145372748374939					2359,375	-0,0379860028624535	2359,375	0,250533789396286					2359,375	0,194646269083023	2359,375	0,149558052420616					2359,375	0,284729391336441	
2362,5	0,283037722110748					2362,5	0,530777513980865	2362,5	1,05171346664429					2362,5	0,682152152061462	2362,5	1,26891088485718					2362,5	1,51221346855164	2362,5	1,68210124969482					2362,5	1,99865698814392	2362,5	-0,287744611501694					2362,5	-0,127843499183655	2362,5	0,146186411380768					2362,5	-0,0360613092780113	2362,5	0,25092825293541					2362,5	0,19418902695179	2362,5	0,148768469691277					2362,5	0,282869607210159	
2365,625	0,286210954189301					2365,625	0,533230721950531	2365,625	1,0525780916214					2365,625	0,684464275836945	2365,625	1,26958465576172					2365,625	1,51044762134552	2365,625	1,67804718017578					2365,625	1,9928594827652	2365,625	-0,284736335277557					2365,625	-0,1253741979599	2365,625	0,146141901612282					2365,625	-0,0343708395957947	2365,625	0,250023633241653					2365,625	0,192338958382607	2365,625	0,14732563495636					2365,625	0,276596486568451	
2368,75	0,282611727714539					2368,75	0,530360221862793	2368,75	1,05273711681366					2368,75	0,682730674743652	2368,75	1,27103698253632					2368,75	1,51550781726837	2368,75	1,68468797206879					2368,75	2,0038788318634	2368,75	-0,284017741680145					2368,75	-0,123608380556107	2368,75	0,150712922215462					2368,75	-0,0319311246275902	2368,75	0,255438059568405					2368,75	0,198007479310036	2368,75	0,151436373591423					2368,75	0,283440828323364	
2371,875	0,284049987792969					2371,875	0,530781030654907	2371,875	1,05179917812347					2371,875	0,682766616344452	2371,875	1,26923382282257					2371,875	1,51386654376984	2371,875	1,68200671672821					2371,875	1,99950420856476	2371,875	-0,283401995897293					2371,875	-0,122955352067947	2371,875	0,15105639398098					2371,875	-0,0312013439834118	2371,875	0,256812483072281					2371,875	0,200225800275803	2371,875	0,153705030679703					2371,875	0,287850826978683	
2375	0,284818470478058					2375	0,531931340694427	2375	1,05318987369537					2375	0,683614432811737	2375	1,27054333686829					2375	1,51539921760559	2375	1,68322765827179					2375	1,99999141693115	2375	-0,278593122959137					2375	-0,119170591235161	2375	0,15222430229187					2375	-0,0276022534817457	2375	0,256532967090607					2375	0,197897627949715	2375	0,1501674503088					2375	0,278453648090363	
2378,125	0,283727377653122					2378,125	0,530968368053436	2378,125	1,052973985672					2378,125	0,683061182498932	2378,125	1,27041077613831					2378,125	1,51589930057526	2378,125	1,68348371982574					2378,125	2,00055885314941	2378,125	-0,278041064739227					2378,125	-0,118297331035137	2378,125	0,153668150305748					2378,125	-0,0264606010168791	2378,125	0,258831292390823					2378,125	0,200088784098625	2378,125	0,152312025427818					2378,125	0,281793147325516	
2381,25	0,283190816640854					2381,25	0,530819177627563	2381,25	1,0530903339386					2381,25	0,683005154132843	2381,25	1,26973116397858					2381,25	1,51614820957184	2381,25	1,6834864616394					2381,25	1,99914228916168	2381,25	-0,278020322322845					2381,25	-0,117392636835575	2381,25	0,155730843544006					2381,25	-0,0254081785678864	2381,25	0,261934220790863					2381,25	0,203140839934349	2381,25	0,156072437763214					2381,25	0,286103546619415	
2384,375	0,286280333995819					2384,375	0,533129632472992	2384,375	1,05344486236572					2384,375	0,684556305408478	2384,375	1,26882922649384					2384,375	1,51392245292664	2384,375	1,68083226680756					2384,375	1,99396932125092	2384,375	-0,276504635810852					2384,375	-0,115967400372028	2384,375	0,156540900468826					2384,375	-0,0243318416178226	2384,375	0,262307941913605					2384,375	0,204080775380135	2384,375	0,157867476344109					2384,375	0,286426395177841	
2387,5	0,281747102737427					2387,5	0,530545771121979	2387,5	1,0549111366272					2387,5	0,68343722820282	2387,5	1,27411544322968					2387,5	1,52121794223785	2387,5	1,6882803440094					2387,5	2,00711107254028	2387,5	-0,268516153097153					2387,5	-0,110099472105503	2387,5	0,159543216228485					2387,5	-0,0187853649258614	2387,5	0,263871490955353					2387,5	0,200396239757538	2387,5	0,151542589068413					2387,5	0,274224579334259	
2390,625	0,283316761255264					2390,625	0,531643331050873	2390,625	1,05418789386749					2390,625	0,683829128742218	2390,625	1,27310013771057					2390,625	1,51944184303284	2390,625	1,68537473678589					2390,625	2,00236845016479	2390,625	-0,268398731946945					2390,625	-0,109712094068527	2390,625	0,159880742430687					2390,625	-0,0183898750692606	2390,625	0,265520095825195					2390,625	0,202932611107826	2390,625	0,154875174164772					2390,625	0,278375804424286	
2393,75	0,281467199325562					2393,75	0,529906988143921	2393,75	1,0542619228363					2393,75	0,682588279247284	2393,75	1,27291119098663					2393,75	1,52149713039398	2393,75	1,68817448616028					2393,75	2,00593876838684	2393,75	-0,268052339553833					2393,75	-0,108733758330345	2393,75	0,162722527980804					2393,75	-0,0169430766254663	2393,75	0,269097149372101					2393,75	0,207015812397003	2393,75	0,159257754683495					2393,75	0,283705711364746	
2396,875	0,281543135643005					2396,875	0,529770374298096	2396,875	1,05296015739441					2396,875	0,682659864425659	2396,875	1,27098226547241					2396,875	1,51999187469482	2396,875	1,68571650981903					2396,875	2,00040435791016	2396,875	-0,268753856420517					2396,875	-0,10826849937439	2396,875	0,164081126451492					2396,875	-0,0164765436202288	2396,875	0,271237760782242					2396,875	0,208668038249016	2396,875	0,162572175264359					2396,875	0,287552803754807	
2400	0,284568786621094					2400	0,532028198242188	2400	1,05412626266479					2400	0,684247851371765	2400	1,27170944213867					2400	1,51905870437622	2400	1,68380653858185					2400	1,99659860134125	2400	-0,264387995004654					2400	-0,105186946690083	2400	0,164485961198807					2400	-0,0134793389588594	2400	0,27033719420433					2400	0,20596370100975	2400	0,158319309353828					2400	0,279918819665909	
2403,125	0,284078150987625					2403,125	0,531547904014587	2403,125	1,0542893409729					2403,125	0,683807253837585	2403,125	1,27250862121582					2403,125	1,51998555660248	2403,125	1,68472146987915					2403,125	1,99938631057739	2403,125	-0,263993084430695					2403,125	-0,104179389774799	2403,125	0,16604819893837					2403,125	-0,0128257591277361	2403,125	0,271928429603577					2403,125	0,208010837435722	2403,125	0,161289036273956					2403,125	0,282636404037476	
2406,25	0,284315377473831					2406,25	0,532599687576294	2406,25	1,05527210235596					2406,25	0,685036361217499	2406,25	1,27369201183319					2406,25	1,52061307430267	2406,25	1,6848669052124					2406,25	1,99751675128937	2406,25	-0,259624600410461					2406,25	-0,101253524422646	2406,25	0,166879668831825					2406,25	-0,0101577062159777	2406,25	0,272391557693481					2406,25	0,206500515341759	2406,25	0,158697009086609					2406,25	0,278446972370148	
2409,375	0,285033375024796					2409,375	0,533108592033386	2409,375	1,05553376674652					2409,375	0,685535848140717	2409,375	1,27379095554352					2409,375	1,52153313159943	2409,375	1,68651282787323					2409,375	1,99882769584656	2409,375	-0,257065385580063					2409,375	-0,0988691598176956	2409,375	0,168675601482391					2409,375	-0,00817504897713661	2409,375	0,274817317724228					2409,375	0,208155676722527	2409,375	0,160537838935852					2409,375	0,279444217681885	
2412,5	0,284097880125046					2412,5	0,532169222831726	2412,5	1,05432522296906					2412,5	0,684827566146851	2412,5	1,2721791267395					2412,5	1,52099657058716	2412,5	1,68695378303528					2412,5	1,99749732017517	2412,5	-0,256377071142197					2412,5	-0,097900465130806	2412,5	0,17044971883297					2412,5	-0,00725661497563124	2412,5	0,27731916308403					2412,5	0,211061537265778	2412,5	0,164246186614037					2412,5	0,283916413784027	
2415,625	0,281558036804199					2415,625	0,530827343463898	2415,625	1,05649614334106					2415,625	0,684429168701172	2415,625	1,27594697475433					2415,625	1,52651977539063	2415,625	1,69145202636719					2415,625	2,00456285476685	2415,625	-0,252410382032394					2415,625	-0,0948037132620811	2415,625	0,173525750637054					2415,625	-0,00384726747870445	2415,625	0,279514044523239					2415,625	0,210129886865616	2415,625	0,162487238645554					2415,625	0,279390066862106	
2418,75	0,282519608736038					2418,75	0,531428277492523	2418,75	1,05597162246704					2418,75	0,68506383895874	2418,75	1,27612352371216					2418,75	1,52599489688873	2418,75	1,6894599199295					2418,75	2,00247669219971	2418,75	-0,25070133805275					2418,75	-0,0929710790514946	2418,75	0,17464753985405					2418,75	-0,00225518923252821	2418,75	0,28016871213913					2418,75	0,209701433777809	2418,75	0,16282095015049					2418,75	0,278396725654602	
2421,875	0,280200839042664					2421,875	0,529735624790192	2421,875	1,0553787946701					2421,875	0,683346748352051	2421,875	1,27566576004028					2421,875	1,52745449542999	2421,875	1,69173514842987					2421,875	2,00575757026672	2421,875	-0,249740093946457					2421,875	-0,0916881188750267	2421,875	0,176943302154541					2421,875	-0,00134536973200738	2421,875	0,283818393945694					2421,875	0,214329764246941	2421,875	0,167735889554024					2421,875	0,285307139158249	
2425	0,279431879520416					2425	0,529243469238281	2425	1,05576074123383					2425	0,683123648166656	2425	1,27623701095581					2425	1,52894353866577	2425	1,69376063346863					2425	2,0071132183075	2425	-0,248258516192436					2425	-0,090170718729496	2425	0,178791254758835					2425	0,00052045175107196	2425	0,286629050970078					2425	0,215725615620613	2425	0,17014367878437					2425	0,287103533744812	
2428,125	0,2817223072052					2428,125	0,531384944915771	2428,125	1,05637180805206					2428,125	0,685055613517761	2428,125	1,27709627151489					2428,125	1,52763569355011	2428,125	1,69066417217255					2428,125	2,00240898132324	2428,125	-0,245714783668518					2428,125	-0,088128075003624	2428,125	0,179134055972099					2428,125	0,0022504716180265	2428,125	0,286071300506592					2428,125	0,213132083415985	2428,125	0,167089387774467					2428,125	0,281164199113846	
2431,25	0,283623665571213					2431,25	0,532509982585907	2431,25	1,05645716190338					2431,25	0,686158955097198	2431,25	1,27618515491486					2431,25	1,52644193172455	2431,25	1,68885374069214					2431,25	1,99679613113403	2431,25	-0,243939891457558					2431,25	-0,0860465541481972	2431,25	0,179800987243652					2431,25	0,00454172259196639	2431,25	0,285479664802551					2431,25	0,212002336978912	2431,25	0,165625333786011					2431,25	0,275767505168915	
2434,375	0,282801151275635					2434,375	0,531312465667725	2434,375	1,05586647987366					2434,375	0,685623288154602	2434,375	1,2763204574585					2434,375	1,52712917327881	2434,375	1,69030964374542					2434,375	1,99845206737518	2434,375	-0,242337733507156					2434,375	-0,0844936817884445	2434,375	0,181462615728378					2434,375	0,00594388460740447	2434,375	0,28740781545639					2434,375	0,214042991399765	2434,375	0,167817890644073					2434,375	0,277599215507507	
2437,5	0,280989021062851					2437,5	0,530516803264618	2437,5	1,05633234977722					2437,5	0,685296833515167	2437,5	1,27818322181702					2437,5	1,52931547164917	2437,5	1,69357144832611					2437,5	2,00287413597107	2437,5	-0,239187180995941					2437,5	-0,0822388306260109	2437,5	0,183737367391586					2437,5	0,00801551155745983	2437,5	0,289788961410522					2437,5	0,2158332914114	2437,5	0,169000223278999					2437,5	0,279017716646194	
2440,625	0,281489849090576					2440,625	0,531413078308105	2440,625	1,05707728862762					2440,625	0,686320185661316	2440,625	1,27870881557465					2440,625	1,52884578704834	2440,625	1,69310986995697					2440,625	1,99965417385101	2440,625	-0,237513974308968					2440,625	-0,0803692266345024	2440,625	0,185463920235634					2440,625	0,00964796729385853	2440,625	0,291229128837585					2440,625	0,216149747371674	2440,625	0,169504553079605					2440,625	0,277774453163147	
2443,75	0,280821800231934					2443,75	0,530674159526825	2443,75	1,05619430541992					2443,75	0,685591876506805	2443,75	1,27827191352844					2443,75	1,52896535396576	2443,75	1,69323825836182					2443,75	2,00005459785461	2443,75	-0,237603008747101					2443,75	-0,0795429795980453	2443,75	0,187697991728783					2443,75	0,010813619941473	2443,75	0,294126152992249					2443,75	0,218600556254387	2443,75	0,172712087631226					2443,75	0,281685560941696	
2446,875	0,280756920576096					2446,875	0,53091949224472	2446,875	1,05634152889252					2446,875	0,68609744310379	2446,875	1,27893471717834					2446,875	1,52894902229309	2446,875	1,69308400154114					2446,875	1,998659491539	2446,875	-0,236005514860153					2446,875	-0,0779491737484932	2446,875	0,188694030046463					2446,875	0,0123043125495315	2446,875	0,295324236154556					2446,875	0,219279557466507	2446,875	0,174052447080612					2446,875	0,281882017850876	
2450	0,280204176902771					2450	0,530585706233978	2450	1,05595123767853					2450	0,685693740844727	2450	1,27879750728607					2450	1,52991819381714	2450	1,69471287727356					2450	2,00083661079407	2450	-0,2346001714468					2450	-0,0766027122735977	2450	0,190774455666542					2450	0,0140383709222078	2450	0,297959834337235					2450	0,221881419420242	2450	0,177330210804939					2450	0,283901214599609	
2453,125	0,279790818691254					2453,125	0,530043542385101	2453,125	1,05619823932648					2453,125	0,684975504875183	2453,125	1,27956116199493					2453,125	1,5313868522644	2453,125	1,69676744937897					2453,125	2,00318336486816	2453,125	-0,232125237584114					2453,125	-0,0744040757417679	2453,125	0,19280469417572					2453,125	0,0158175621181726	2453,125	0,300146132707596					2453,125	0,223087877035141	2453,125	0,178011193871498					2453,125	0,28373509645462	
2456,25	0,282138288021088					2456,25	0,532174110412598	2456,25	1,05764663219452					2456,25	0,686926543712616	2456,25	1,28126895427704					2456,25	1,53167533874512	2456,25	1,69635570049286					2456,25	1,99988675117493	2456,25	-0,228187263011932					2456,25	-0,0712206736207008	2456,25	0,194079369306564					2456,25	0,0186263639479876	2456,25	0,300421744585037					2456,25	0,221155345439911	2456,25	0,175234287977219					2456,25	0,27736708521843	
2459,375	0,28159236907959					2459,375	0,531358778476715	2459,375	1,05723369121552					2459,375	0,686355710029602	2459,375	1,28131794929504					2459,375	1,5322482585907	2459,375	1,69830012321472					2459,375	2,00153231620789	2459,375	-0,226028546690941					2459,375	-0,0694149509072304	2459,375	0,196386352181435					2459,375	0,0206964798271656	2459,375	0,302897602319717					2459,375	0,223123356699944	2459,375	0,176665544509888					2459,375	0,278792351484299	
2462,5	0,27991133928299					2462,5	0,52985692024231	2462,5	1,05721926689148					2462,5	0,685628473758698	2462,5	1,28186213970184					2462,5	1,53413105010986	2462,5	1,70130932331085					2462,5	2,00641059875488	2462,5	-0,224554821848869					2462,5	-0,067687027156353	2462,5	0,198674514889717					2462,5	0,0225138608366251	2462,5	0,306255489587784					2462,5	0,224936559796333	2462,5	0,17902310192585					2462,5	0,281453371047974	
2465,625	0,280685603618622					2465,625	0,530995786190033	2465,625	1,05698132514954					2465,625	0,686341106891632	2465,625	1,28023850917816					2465,625	1,53112900257111	2465,625	1,69789028167725					2465,625	1,99871182441711	2465,625	-0,224996045231819					2465,625	-0,0673544853925705	2465,625	0,199203744530678					2465,625	0,0227502603083849	2465,625	0,305882155895233					2465,625	0,225299552083015	2465,625	0,18025504052639					2465,625	0,282944947481155	
2468,75	0,284219294786453					2468,75	0,533495604991913	2468,75	1,05855751037598					2468,75	0,688877165317535	2468,75	1,28190016746521					2468,75	1,53067088127136	2468,75	1,69646847248077					2468,75	1,99564862251282	2468,75	-0,220390617847443					2468,75	-0,064060665667057	2468,75	0,199298918247223					2468,75	0,0250720642507076	2468,75	0,304340839385986					2468,75	0,222060307860374	2468,75	0,175750240683556					2468,75	0,27494016289711	
2471,875	0,281613856554031					2471,875	0,531566202640533	2471,875	1,05872237682343					2471,875	0,687648296356201	2471,875	1,28441834449768					2471,875	1,53472924232483	2471,875	1,70094335079193					2471,875	2,00220394134521	2471,875	-0,217342019081116					2471,875	-0,0611995980143547	2471,875	0,202379539608955					2471,875	0,0278598759323359	2471,875	0,30807101726532					2471,875	0,224081248044968	2471,875	0,176960110664368					2471,875	0,276573449373245	
2475	0,281530916690826					2475	0,531433403491974	2475	1,05843317508698					2475	0,687735438346863	2475	1,28415429592133					2475	1,53458869457245	2475	1,69971942901611					2475	1,99990379810333	2475	-0,217146322131157					2475	-0,0606707967817783	2475	0,203781694173813					2475	0,0285119973123074	2475	0,309380978345871					2475	0,225564584136009	2475	0,178967535495758					2475	0,279239267110825	
2478,125	0,280768364667892					2478,125	0,531145870685577	2478,125	1,05846989154816					2478,125	0,687635481357574	2478,125	1,28354930877686					2478,125	1,53395557403564	2478,125	1,70027899742126					2478,125	2,00041723251343	2478,125	-0,215414226055145					2478,125	-0,0593950003385544	2478,125	0,205291882157326					2478,125	0,0299150682985783	2478,125	0,310232639312744					2478,125	0,226509630680084	2478,125	0,180635094642639					2478,125	0,28026956319809	
2481,25	0,279745548963547					2481,25	0,530569076538086	2481,25	1,05818676948547					2481,25	0,687128901481628	2481,25	1,28458678722382					2481,25	1,53554618358612	2481,25	1,70194947719574					2481,25	2,00235557556152	2481,25	-0,214125737547874					2481,25	-0,0574458576738834	2481,25	0,20724855363369					2481,25	0,0315824039280415	2481,25	0,313162297010422					2481,25	0,228619918227196	2481,25	0,181027129292488					2481,25	0,279633939266205	
2484,375	0,281747251749039					2484,375	0,532340168952942	2484,375	1,05931258201599					2484,375	0,688640773296356	2484,375	1,28416669368744					2484,375	1,53482377529144	2484,375	1,70042622089386					2484,375	1,99620401859283	2484,375	-0,213144525885582					2484,375	-0,0558737441897392	2484,375	0,208551034331322					2484,375	0,0328052453696728	2484,375	0,313877195119858					2484,375	0,228988960385323	2484,375	0,183111369609833					2484,375	0,279086470603943	
2487,5	0,282097607851028					2487,5	0,532582223415375	2487,5	1,0603039264679					2487,5	0,689174056053162	2487,5	1,28561151027679					2487,5	1,53549289703369	2487,5	1,70190668106079					2487,5	1,99620974063873	2487,5	-0,208824589848518					2487,5	-0,0530283562839031	2487,5	0,210220634937286					2487,5	0,0357781276106834	2487,5	0,314297497272491					2487,5	0,228257283568382	2487,5	0,180648729205132					2487,5	0,274235904216766	
2490,625	0,278964966535568					2490,625	0,529915690422058	2490,625	1,0583176612854					2490,625	0,686585962772369	2490,625	1,28506350517273					2490,625	1,53681790828705	2490,625	1,70506381988525					2490,625	2,00144696235657	2490,625	-0,208431169390678					2490,625	-0,052583172917366	2490,625	0,213214367628098					2490,625	0,0367836654186249	2490,625	0,319647789001465					2490,625	0,233409240841866	2490,625	0,186678096652031					2490,625	0,283608615398407	
2493,75	0,279522031545639					2493,75	0,530484139919281	2493,75	1,05937886238098					2493,75	0,687421262264252	2493,75	1,2872622013092					2493,75	1,53729975223541	2493,75	1,70534694194794					2493,75	2,00271034240723	2493,75	-0,205281019210815					2493,75	-0,0497331582009792	2493,75	0,214303985238075					2493,75	0,0388884171843529	2493,75	0,319736987352371					2493,75	0,232238367199898	2493,75	0,184677064418793					2493,75	0,279315948486328	
2496,875	0,278683692216873					2496,875	0,529881775379181	2496,875	1,0601065158844					2496,875	0,68725323677063	2496,875	1,28929591178894					2496,875	1,54034495353699	2496,875	1,70997941493988					2496,875	2,00740885734558	2496,875	-0,202887445688248					2496,875	-0,0471804104745388	2496,875	0,21694540977478					2496,875	0,0409146994352341	2496,875	0,322097808122635					2496,875	0,233147710561752	2496,875	0,186070367693901					2496,875	0,279055714607239	
2500	0,280033677816391					2500	0,530824542045593	2500	1,06041491031647					2500	0,687898099422455	2500	1,28853464126587					2500	1,53943145275116	2500	1,70816230773926					2500	2,00091290473938	2500	-0,201856225728989					2500	-0,0460477359592915	2500	0,218100219964981					2500	0,0422665476799011	2500	0,322898209095001					2500	0,233496978878975	2500	0,185386806726456					2500	0,277428358793259	
2503,125	0,281761407852173					2503,125	0,53249055147171	2503,125	1,06180834770203					2503,125	0,689565777778625	2503,125	1,28911793231964					2503,125	1,53902125358582	2503,125	1,70608222484589					2503,125	1,99552369117737	2503,125	-0,198835983872414					2503,125	-0,0434831082820892	2503,125	0,218734785914421					2503,125	0,0445157177746296	2503,125	0,322859555482864					2503,125	0,23127144575119	2503,125	0,182517379522324					2503,125	0,272255778312683	
2506,25	0,281650722026825					2506,25	0,532479047775269	2506,25	1,06051397323608					2506,25	0,689656257629395	2506,25	1,28778088092804					2506,25	1,53741347789764	2506,25	1,70434665679932					2506,25	1,99393129348755	2506,25	-0,198386684060097					2506,25	-0,0430843979120255	2506,25	0,21993200480938					2506,25	0,0449246801435947	2506,25	0,324070900678635					2506,25	0,233457803726196	2506,25	0,186230972409248					2506,25	0,278307229280472	
2509,375	0,280770152807236					2509,375	0,531771242618561	2509,375	1,06111180782318					2509,375	0,689498841762543	2509,375	1,28925240039825					2509,375	1,53878664970398	2509,375	1,70760190486908					2509,375	1,99724757671356	2509,375	-0,196407049894333					2509,375	-0,0408909358084202	2509,375	0,222092404961586					2509,375	0,0469099022448063	2509,375	0,32562854886055					2509,375	0,234069347381592	2509,375	0,185999125242233					2509,375	0,277381598949432	
2512,5	0,280686676502228					2512,5	0,531715512275696	2512,5	1,06141662597656					2512,5	0,689567983150482	2512,5	1,29012489318848					2512,5	1,53911018371582	2512,5	1,70820069313049					2512,5	1,99594497680664	2512,5	-0,195094704627991					2512,5	-0,0392064787447453	2512,5	0,223098710179329					2512,5	0,0483445525169373	2512,5	0,326869785785675					2512,5	0,235307827591896	2512,5	0,186884209513664					2512,5	0,276630073785782	
2515,625	0,28051570057869					2515,625	0,531284987926483	2515,625	1,06083679199219					2515,625	0,688944756984711	2515,625	1,29000198841095					2515,625	1,53916168212891	2515,625	1,70885360240936					2515,625	1,9957423210144	2515,625	-0,193514972925186					2515,625	-0,037750530987978	2515,625	0,225342735648155					2515,625	0,0499423108994961	2515,625	0,329781711101532					2515,625	0,237941354513168	2515,625	0,189020991325378					2515,625	0,280112624168396	
2518,75	0,280639559030533					2518,75	0,531776964664459	2518,75	1,06132388114929					2518,75	0,689585208892822	2518,75	1,29109525680542					2518,75	1,53967571258545	2518,75	1,70938587188721					2518,75	1,99554467201233	2518,75	-0,191531121730804					2518,75	-0,0356994196772575	2518,75	0,226283192634583					2518,75	0,0519792921841145	2518,75	0,331629067659378					2518,75	0,23921537399292	2518,75	0,18977889418602					2518,75	0,28024634718895	
2521,875	0,281193971633911					2521,875	0,532377302646637	2521,875	1,06322991847992					2521,875	0,690474271774292	2521,875	1,29447305202484					2521,875	1,54242765903473	2521,875	1,71069991588593					2521,875	1,99707460403442	2521,875	-0,187834590673447					2521,875	-0,0324778892099857	2521,875	0,228193178772926					2521,875	0,0547480843961239	2521,875	0,332004815340042					2521,875	0,236702099442482	2521,875	0,186672791838646					2521,875	0,271577537059784	
2525	0,279174774885178					2525	0,530792415142059	2525	1,06180024147034					2525	0,688772976398468	2525	1,29256618022919					2525	1,54234802722931	2525	1,71104776859283					2525	1,99872934818268	2525	-0,18819734454155					2525	-0,0324027873575687	2525	0,230597153306007					2525	0,0553953126072884	2525	0,335207611322403					2525	0,240324065089226	2525	0,191479429602623					2525	0,279505997896194	
2528,125	0,279128968715668					2528,125	0,531159043312073	2528,125	1,06414377689362					2528,125	0,689267575740814	2528,125	1,29622435569763					2528,125	1,54577898979187	2528,125	1,71456515789032					2528,125	2,00387859344482	2528,125	-0,184009030461311					2528,125	-0,0285764839500189	2528,125	0,233123481273651					2528,125	0,0586365051567554	2528,125	0,336701273918152					2528,125	0,238910853862762	2528,125	0,187781468033791					2528,125	0,273594111204147	
2531,25	0,280290246009827					2531,25	0,531865358352661	2531,25	1,06403887271881					2531,25	0,689892113208771	2531,25	1,29666137695313					2531,25	1,54466378688812	2531,25	1,71365988254547					2531,25	1,99943363666534	2531,25	-0,18310934305191					2531,25	-0,0279388390481472	2531,25	0,233840733766556					2531,25	0,0593758746981621	2531,25	0,336966246366501					2531,25	0,239764958620071	2531,25	0,188564956188202					2531,25	0,274340391159058	
2534,375	0,281563937664032					2534,375	0,532889127731323	2534,375	1,06336641311646					2534,375	0,690932750701904	2534,375	1,29417395591736					2534,375	1,54091930389404	2534,375	1,70970404148102					2534,375	1,99015402793884	2534,375	-0,182507336139679					2534,375	-0,0277953259646893	2534,375	0,234416350722313					2534,375	0,0597779490053654	2534,375	0,335835695266724					2534,375	0,240685254335403	2534,375	0,188840478658676					2534,375	0,277873575687408	
2537,5	0,280845522880554					2537,5	0,532610952854156	2537,5	1,06578862667084					2537,5	0,691418945789337	2537,5	1,2992490530014					2537,5	1,5462646484375	2537,5	1,71607375144958					2537,5	1,99719405174255	2537,5	-0,17868435382843					2537,5	-0,0242106840014458	2537,5	0,237928241491318					2537,5	0,0638270154595375	2537,5	0,338063299655914					2537,5	0,239618882536888	2537,5	0,186418101191521					2537,5	0,270258992910385	
2540,625	0,280883222818375					2540,625	0,532771348953247	2540,625	1,06647384166718					2540,625	0,692010402679443	2540,625	1,30061769485474					2540,625	1,54701030254364	2540,625	1,7160712480545					2540,625	1,99686598777771	2540,625	-0,176597386598587					2540,625	-0,0219751801341772	2540,625	0,238903433084488					2540,625	0,0657969042658806	2540,625	0,338458567857742					2540,625	0,238441556692123	2540,625	0,185406059026718					2540,625	0,267757624387741	
2543,75	0,280071526765823					2543,75	0,531811773777008	2543,75	1,06418681144714					2543,75	0,69096714258194	2543,75	1,29609107971191					2543,75	1,54326093196869	2543,75	1,71349453926086					2543,75	1,9930454492569	2543,75	-0,177072152495384					2543,75	-0,0220584999769926	2543,75	0,239984735846519					2543,75	0,0656529143452644	2543,75	0,341326147317886					2543,75	0,243111237883568	2543,75	0,192644953727722					2543,75	0,277801692485809	
2546,875	0,279845923185349					2546,875	0,531957983970642	2546,875	1,06467974185944					2546,875	0,6906418800354	2546,875	1,296382188797					2546,875	1,54294455051422	2546,875	1,71326923370361					2546,875	1,99082005023956	2546,875	-0,175679966807365					2546,875	-0,0211091972887516	2546,875	0,241465061903					2546,875	0,0667841657996178	2546,875	0,34263876080513					2546,875	0,244553700089455	2546,875	0,194197148084641					2546,875	0,278932332992554	
2550	0,281036704778671					2550	0,533458769321442	2550	1,06662213802338					2550	0,69256854057312	2550	1,29907619953156					2550	1,5439258813858	2550	1,71335124969482					2550	1,98642063140869	2550	-0,172034129500389					2550	-0,0176528263837099	2550	0,242805376648903					2550	0,069417841732502	2550	0,342432856559753					2550	0,242102950811386	2550	0,190415114164352					2550	0,274252355098724	
2553,125	0,281087696552277					2553,125	0,533245325088501	2553,125	1,06678521633148					2553,125	0,692615330219269	2553,125	1,29897129535675					2553,125	1,54493045806885	2553,125	1,71502113342285					2553,125	1,98835921287537	2553,125	-0,171243190765381					2553,125	-0,0164376553148031	2553,125	0,244696691632271					2553,125	0,0710198283195496	2553,125	0,345162928104401					2553,125	0,244938313961029	2553,125	0,193264946341515					2553,125	0,277045994997025	
2556,25	0,280142664909363					2556,25	0,532547414302826	2556,25	1,0674192905426					2556,25	0,691985607147217	2556,25	1,29991459846497					2556,25	1,54586541652679	2556,25	1,71604514122009					2556,25	1,99059236049652	2556,25	-0,169561132788658					2556,25	-0,0145526668056846	2556,25	0,246683821082115					2556,25	0,0730059966444969	2556,25	0,346283853054047					2556,25	0,245346546173096	2556,25	0,192512288689613					2556,25	0,276302039623261	
2559,375	0,280542850494385					2559,375	0,533176302909851	2559,375	1,06793856620789					2559,375	0,692695796489716	2559,375	1,30137979984283					2559,375	1,5462452173233	2559,375	1,71646416187286					2559,375	1,98868656158447	2559,375	-0,167550295591354					2559,375	-0,0127774411812425	2559,375	0,247476756572723					2559,375	0,0748565793037415	2559,375	0,346385180950165					2559,375	0,24505028128624	2559,375	0,190592736005783					2559,375	0,274582237005234	
2562,5	0,281637102365494					2562,5	0,534334123134613	2562,5	1,06772911548615					2562,5	0,693511843681335	2562,5	1,30120861530304					2562,5	1,54490840435028	2562,5	1,71433651447296					2562,5	1,98466670513153	2562,5	-0,166006788611412					2562,5	-0,0115582775324583	2562,5	0,247885093092918					2562,5	0,0752255395054817	2562,5	0,346500515937805					2562,5	0,245009198784828	2562,5	0,191127389669418					2562,5	0,274176448583603	
2565,625	0,281498461961746					2565,625	0,534094512462616	2565,625	1,06783866882324					2565,625	0,693685531616211	2565,625	1,30135679244995					2565,625	1,54448091983795	2565,625	1,71395647525787					2565,625	1,98344385623932	2565,625	-0,164957985281944					2565,625	-0,0103992139920592	2565,625	0,24884369969368					2565,625	0,0762461423873901	2565,625	0,346772372722626					2565,625	0,245266661047935	2565,625	0,191567271947861					2565,625	0,273803681135178	
2568,75	0,280053108930588					2568,75	0,533144474029541	2568,75	1,07036542892456					2568,75	0,693808615207672	2568,75	1,30547797679901					2568,75	1,54952800273895	2568,75	1,71964240074158					2568,75	1,99192428588867	2568,75	-0,161016851663589					2568,75	-0,00662669027224183	2568,75	0,252063274383545					2568,75	0,0803479701280594	2568,75	0,349752485752106					2568,75	0,245831608772278	2568,75	0,189597770571709					2568,75	0,270966798067093	
2571,875	0,280884474515915					2571,875	0,533722281455994	2571,875	1,07013666629791					2571,875	0,694224059581757	2571,875	1,30488765239716					2571,875	1,54764747619629	2571,875	1,71682500839233					2571,875	1,98839294910431	2571,875	-0,160340994596481					2571,875	-0,00623431755229831	2571,875	0,252688765525818					2571,875	0,0809977948665619	2571,875	0,35057058930397					2571,875	0,247154384851456	2571,875	0,191452905535698					2571,875	0,272808700799942	
2575	0,280299037694931					2575	0,533639907836914	2575	1,0701687335968					2575	0,693879723548889	2575	1,30434250831604					2575	1,54805266857147	2575	1,71747052669525					2575	1,98485684394836	2575	-0,159163683652878					2575	-0,00466349720954895	2575	0,254282563924789					2575	0,0823162645101547	2575	0,352519601583481					2575	0,248219713568687	2575	0,191486492753029					2575	0,272999554872513	
2578,125	0,281082600355148					2578,125	0,534771502017975	2578,125	1,07110059261322					2578,125	0,694845199584961	2578,125	1,30556607246399					2578,125	1,54842448234558	2578,125	1,71824026107788					2578,125	1,98329973220825	2578,125	-0,156770750880241					2578,125	-0,00289414683356881	2578,125	0,255708128213882					2578,125	0,0839430168271065	2578,125	0,353859573602676					2578,125	0,249717146158218	2578,125	0,191672205924988					2578,125	0,27491357922554	
2581,25	0,280003696680069					2581,25	0,533430337905884	2581,25	1,07091152667999					2581,25	0,694262146949768	2581,25	1,30692553520203					2581,25	1,54847228527069	2581,25	1,71981298923492					2581,25	1,9868448972702	2581,25	-0,155481591820717					2581,25	-0,00188956165220588	2581,25	0,257427543401718					2581,25	0,0853932797908783	2581,25	0,356105804443359					2581,25	0,251950234174728	2581,25	0,194897502660751					2581,25	0,278382569551468	
2584,375	0,278931736946106					2584,375	0,533008694648743	2584,375	1,07271242141724					2584,375	0,694144368171692	2584,375	1,31012117862701					2584,375	1,55024182796478	2584,375	1,72426044940948					2584,375	1,98871624469757	2584,375	-0,152186989784241					2584,375	0,000988135114312172	2584,375	0,25956729054451					2584,375	0,0883896201848984	2584,375	0,357519119977951					2584,375	0,249817624688148	2584,375	0,19189640879631					2584,375	0,273967772722244	
2587,5	0,280695796012878					2587,5	0,534494459629059	2587,5	1,0737566947937					2587,5	0,696036696434021	2587,5	1,30993723869324					2587,5	1,54973888397217	2587,5	1,72057509422302					2587,5	1,98367512226105	2587,5	-0,150511994957924					2587,5	0,00228379340842366	2587,5	0,259584605693817					2587,5	0,0898570641875267	2587,5	0,357708543539047					2587,5	0,250068068504334	2587,5	0,192095160484314					2587,5	0,274725437164307	
2590,625	0,279955416917801					2590,625	0,533798217773438	2590,625	1,07334887981415					2590,625	0,695322096347809	2590,625	1,30965256690979					2590,625	1,55010426044464	2590,625	1,72044098377228					2590,625	1,98428916931152	2590,625	-0,149546295404434					2590,625	0,0031823490280658	2590,625	0,260890513658524					2590,625	0,0909850224852562	2590,625	0,358839929103851					2590,625	0,251996994018555	2590,625	0,194231152534485					2590,625	0,277134001255035	
2593,75	0,27879673242569					2593,75	0,532832026481628	2593,75	1,07511162757874					2593,75	0,695049583911896	2593,75	1,3139865398407					2593,75	1,55408835411072	2593,75	1,72473275661469					2593,75	1,99017059803009	2593,75	-0,146538630127907					2593,75	0,00609160261228681	2593,75	0,26359623670578					2593,75	0,0938439071178436	2593,75	0,360453426837921					2593,75	0,251423329114914	2593,75	0,192310258746147					2593,75	0,272895485162735	
2596,875	0,278828322887421					2596,875	0,53272545337677	2596,875	1,07512879371643					2596,875	0,695130109786987	2596,875	1,31363368034363					2596,875	1,55376839637756	2596,875	1,72452354431152					2596,875	1,98801302909851	2596,875	-0,145514994859695					2596,875	0,00708555988967419	2596,875	0,265000373125076					2596,875	0,0945506766438484	2596,875	0,360655307769775					2596,875	0,252591758966446	2596,875	0,194803804159164					2596,875	0,276114076375961	
2600	0,27905598282814					2600	0,532697975635529	2600	1,07526004314423					2600	0,695793926715851	2600	1,31377637386322					2600	1,5519939661026	2600	1,722540974617					2600	1,98371934890747	2600	-0,143896535038948					2600	0,00884213298559189	2600	0,264951765537262					2600	0,0961399078369141	2600	0,360425651073456					2600	0,254525512456894	2600	0,193972647190094					2600	0,276239514350891	
2603,125	0,280974805355072					2603,125	0,534084141254425	2603,125	1,07537341117859					2603,125	0,697490036487579	2603,125	1,31471240520477					2603,125	1,55205571651459	2603,125	1,72071063518524					2603,125	1,98080086708069	2603,125	-0,14236943423748					2603,125	0,0105143850669265	2603,125	0,264294922351837					2603,125	0,0976285040378571	2603,125	0,359932839870453					2603,125	0,253359228372574	2603,125	0,192189171910286					2603,125	0,273698657751083	
2606,25	0,280755430459976					2606,25	0,533794522285461	2606,25	1,07431924343109					2606,25	0,697294771671295	2606,25	1,31399202346802					2606,25	1,55180072784424	2606,25	1,71987199783325					2606,25	1,97974121570587	2606,25	-0,141109779477119					2606,25	0,0117852929979563	2606,25	0,26528188586235					2606,25	0,0988304167985916	2606,25	0,360014736652374					2606,25	0,255525976419449	2606,25	0,195796146988869					2606,25	0,278509616851807	
2609,375	0,281366050243378					2609,375	0,534464538097382	2609,375	1,07506346702576					2609,375	0,69841593503952	2609,375	1,31437301635742					2609,375	1,55064582824707	2609,375	1,71870851516724					2609,375	1,97732937335968	2609,375	-0,138475462794304					2609,375	0,0144708100706339	2609,375	0,266577750444412					2609,375	0,100670091807842	2609,375	0,358831346035004					2609,375	0,253892809152603	2609,375	0,194881394505501					2609,375	0,276646196842194	
2612,5	0,282095730304718					2612,5	0,535404741764069	2612,5	1,07582449913025					2612,5	0,699145913124084	2612,5	1,31523251533508					2612,5	1,55117452144623	2612,5	1,71826231479645					2612,5	1,97481894493103	2612,5	-0,136540487408638					2612,5	0,0163049902766943	2612,5	0,266904830932617					2612,5	0,102438509464264	2612,5	0,357929140329361					2612,5	0,252537280321121	2612,5	0,192401811480522					2612,5	0,273026436567307	
2615,625	0,28150537610054					2615,625	0,534307181835175	2615,625	1,07523334026337					2615,625	0,698371112346649	2615,625	1,31469511985779					2615,625	1,55426466464996	2615,625	1,72166740894318					2615,625	1,97864627838135	2615,625	-0,135036557912827					2615,625	0,0181852132081985	2615,625	0,270430594682693					2615,625	0,104494877159595	2615,625	0,360827922821045					2615,625	0,253548502922058	2615,625	0,19279782474041					2615,625	0,273570477962494	
2618,75	0,280424177646637					2618,75	0,533117294311523	2618,75	1,07332456111908					2618,75	0,697609901428223	2618,75	1,31242692470551					2618,75	1,55512917041779	2618,75	1,72191119194031					2618,75	1,9797168970108	2618,75	-0,134632483124733					2618,75	0,0186307225376368	2618,75	0,272350162267685					2618,75	0,105252884328365	2618,75	0,362625271081924					2618,75	0,257874488830566	2618,75	0,196011960506439					2618,75	0,278376966714859	
2621,875	0,28114327788353					2621,875	0,534633040428162	2621,875	1,07281422615051					2621,875	0,699229836463928	2621,875	1,31061363220215					2621,875	1,55249071121216	2621,875	1,71995913982391					2621,875	1,97593331336975	2621,875	-0,132390737533569					2621,875	0,0208986140787601	2621,875	0,273081481456757					2621,875	0,106925845146179	2621,875	0,361975789070129					2621,875	0,258108079433441	2621,875	0,195642590522766					2621,875	0,278914511203766	
2625	0,280392348766327					2625	0,534151375293732	2625	1,07506966590881					2625	0,699473857879639	2625	1,31173717975616					2625	1,55686795711517	2625	1,72573089599609					2625	1,97924554347992	2625	-0,12862654030323					2625	0,0247240345925093	2625	0,277016192674637					2625	0,110175915062428	2625	0,364476978778839					2625	0,256645798683167	2625	0,193692967295647					2625	0,276551485061646	
2628,125	0,280252128839493					2628,125	0,533705174922943	2628,125	1,0749843120575					2628,125	0,699069499969482	2628,125	1,31076836585999					2628,125	1,55598938465118	2628,125	1,72399592399597					2628,125	1,97533702850342	2628,125	-0,12830051779747					2628,125	0,0256433617323637	2628,125	0,278020858764648					2628,125	0,111128106713295	2628,125	0,366304993629456					2628,125	0,257532119750977	2628,125	0,194652557373047					2628,125	0,278176426887512	
2631,25	0,280824571847916					2631,25	0,533763647079468	2631,25	1,07319569587708					2631,25	0,698959290981293	2631,25	1,3084819316864					2631,25	1,55372285842896	2631,25	1,7225866317749					2631,25	1,97576463222504	2631,25	-0,128729790449142					2631,25	0,0254951883107424	2631,25	0,279493093490601					2631,25	0,110644079744816	2631,25	0,369526922702789					2631,25	0,261628717184067	2631,25	0,198309630155563					2631,25	0,285342395305634	
2634,375	0,283160746097565					2634,375	0,536984980106354	2634,375	1,0773720741272					2634,375	0,703083634376526	2634,375	1,31110942363739					2634,375	1,55289363861084	2634,375	1,71905136108398					2634,375	1,96928346157074	2634,375	-0,123721420764923					2634,375	0,0295002050697804	2634,375	0,279264479875565					2634,375	0,113152027130127	2634,375	0,368220895528793					2634,375	0,254848510026932	2634,375	0,190185070037842					2634,375	0,275797814130783	
2637,5	0,2826267182827					2637,5	0,536407351493835	2637,5	1,07718420028687					2637,5	0,702919960021973	2637,5	1,31110918521881					2637,5	1,55359220504761	2637,5	1,71931195259094					2637,5	1,96866142749786	2637,5	-0,122017703950405					2637,5	0,03146892786026	2637,5	0,281866371631622					2637,5	0,115523099899292	2637,5	0,370514422655106					2637,5	0,256749421358109	2637,5	0,192224651575089					2637,5	0,278879374265671	
2640,625	0,28131303191185					2640,625	0,535563111305237	2640,625	1,0770708322525					2640,625	0,702332556247711	2640,625	1,31153190135956					2640,625	1,55650901794434	2640,625	1,72293305397034					2640,625	1,97253406047821	2640,625	-0,120789118111134					2640,625	0,033084224909544	2640,625	0,284611731767654					2640,625	0,117138259112835	2640,625	0,374631583690643					2640,625	0,259730756282806	2640,625	0,194282606244087					2640,625	0,280857115983963	
2643,75	0,282296895980835					2643,75	0,536718904972076	2643,75	1,07794201374054					2643,75	0,703252196311951	2643,75	1,31190431118011					2643,75	1,55555212497711	2643,75	1,72127163410187					2643,75	1,97158193588257	2643,75	-0,11948224902153					2643,75	0,0342887416481972	2643,75	0,284849673509598					2643,75	0,117900282144547	2643,75	0,375777989625931					2643,75	0,258835732936859	2643,75	0,193754985928535					2643,75	0,281012266874313	
2646,875	0,281049311161041					2646,875	0,535455882549286	2646,875	1,07752335071564					2646,875	0,702034413814545	2646,875	1,31226336956024					2646,875	1,55595099925995	2646,875	1,7224634885788					2646,875	1,97400259971619	2646,875	-0,118369340896606					2646,875	0,0358958952128887	2646,875	0,287925213575363					2646,875	0,119697861373425	2646,875	0,37956365942955					2646,875	0,262143045663834	2646,875	0,196755170822144					2646,875	0,285892188549042	
2650	0,281638383865356					2650	0,536207377910614	2650	1,07801187038422					2650	0,703088879585266	2650	1,31267666816711					2650	1,55609345436096	2650	1,72011542320251					2650	1,97246885299683	2650	-0,116850398480892					2650	0,0373280420899391	2650	0,288974106311798					2650	0,121176078915596	2650	0,380363970994949					2650	0,262209922075272	2650	0,196833208203316					2650	0,28677174448967	
2653,125	0,282213866710663					2653,125	0,537115037441254	2653,125	1,07970142364502					2653,125	0,704523980617523	2653,125	1,3140789270401					2653,125	1,55823051929474	2653,125	1,72121572494507					2653,125	1,97423195838928	2653,125	-0,11506450176239					2653,125	0,0385511629283428	2653,125	0,290231168270111					2653,125	0,122111670672894	2653,125	0,382061243057251					2653,125	0,262349098920822	2653,125	0,196961656212807					2653,125	0,285283535718918	
2656,25	0,280217200517654					2656,25	0,535554945468903	2656,25	1,07911503314972					2656,25	0,702817022800446	2656,25	1,3147759437561					2656,25	1,55979990959167	2656,25	1,72324669361115					2656,25	1,97999501228333	2656,25	-0,113484762609005					2656,25	0,0403814204037189	2656,25	0,293228358030319					2656,25	0,123698323965073	2656,25	0,386155039072037					2656,25	0,263875216245651	2656,25	0,198016360402107					2656,25	0,2862868309021	
2659,375	0,282656192779541					2659,375	0,53784191608429	2659,375	1,08209097385406					2659,375	0,705588757991791	2659,375	1,3180490732193					2659,375	1,55924665927887	2659,375	1,72062885761261					2659,375	1,97546148300171	2659,375	-0,110051870346069					2659,375	0,0437240600585938	2659,375	0,293866902589798					2659,375	0,125481888651848	2659,375	0,385086715221405					2659,375	0,260927140712738	2659,375	0,194208964705467					2659,375	0,28059720993042	
2662,5	0,283678740262985					2662,5	0,539121925830841	2662,5	1,08282017707825					2662,5	0,706305682659149	2662,5	1,31972515583038					2662,5	1,5584409236908	2662,5	1,7188549041748					2662,5	1,97287261486053	2662,5	-0,109111897647381					2662,5	0,0442809462547302	2662,5	0,29485958814621					2662,5	0,126474320888519	2662,5	0,385293275117874					2662,5	0,260560274124146	2662,5	0,194054380059242					2662,5	0,279085457324982	
2665,625	0,282183945178986					2665,625	0,5378378033638	2665,625	1,08285784721375					2665,625	0,705398976802826	2665,625	1,32128703594208					2665,625	1,56026375293732	2665,625	1,72022521495819					2665,625	1,97609996795654	2665,625	-0,108011357486248					2665,625	0,0463009960949421	2665,625	0,297678172588348					2665,625	0,128014430403709	2665,625	0,388387769460678					2665,625	0,261347383260727	2665,625	0,195238158106804					2665,625	0,280489802360535	
2668,75	0,283965140581131					2668,75	0,539880335330963	2668,75	1,08425617218018					2668,75	0,707502007484436	2668,75	1,32392501831055					2668,75	1,56099271774292	2668,75	1,71734201908112					2668,75	1,97238767147064	2668,75	-0,104495830833912					2668,75	0,0487280264496803	2668,75	0,298155218362808					2668,75	0,129641681909561	2668,75	0,387647062540054					2668,75	0,260309755802155	2668,75	0,194031625986099					2668,75	0,277541875839233	
2671,875	0,283079594373703					2671,875	0,538854718208313	2671,875	1,08365488052368					2671,875	0,706872820854187	2671,875	1,32374203205109					2671,875	1,56091177463531	2671,875	1,71886563301086					2671,875	1,97690439224243	2671,875	-0,102853171527386					2671,875	0,0503386333584785	2671,875	0,300330877304077					2671,875	0,131362766027451	2671,875	0,392294883728027					2671,875	0,263544917106628	2671,875	0,19762521982193					2671,875	0,281572431325912	
2675	0,280383110046387					2675	0,536266982555389	2675	1,08346450328827					2675	0,704589903354645	2675	1,32428371906281					2675	1,56263256072998	2675	1,72087454795837					2675	1,98106634616852	2675	-0,102931372821331					2675	0,0516565181314945	2675	0,30366450548172					2675	0,133008345961571	2675	0,395884573459625					2675	0,265720456838608	2675	0,200063094496727					2675	0,283302336931229	
2678,125	0,282511800527573					2678,125	0,538542628288269	2678,125	1,08601415157318					2678,125	0,706470012664795	2678,125	1,32652759552002					2678,125	1,56147253513336	2678,125	1,71737277507782					2678,125	1,97535634040833	2678,125	-0,10063187032938					2678,125	0,0540400519967079	2678,125	0,304165005683899					2678,125	0,134324923157692	2678,125	0,394120931625366					2678,125	0,262766391038895	2678,125	0,199528336524963					2678,125	0,278769105672836	
2681,25	0,28096678853035					2681,25	0,537661492824554	2681,25	1,08629679679871					2681,25	0,705965399742126	2681,25	1,32857429981232					2681,25	1,56198561191559	2681,25	1,71812117099762					2681,25	1,97574388980865	2681,25	-0,0989985167980194					2681,25	0,055901326239109	2681,25	0,306517779827118					2681,25	0,136153027415276	2681,25	0,396906524896622					2681,25	0,26313528418541	2681,25	0,200622007250786					2681,25	0,279834449291229	
2684,375	0,281847774982452					2684,375	0,538289666175842	2684,375	1,08644020557404					2684,375	0,706512749195099	2684,375	1,32871842384338					2684,375	1,56134617328644	2684,375	1,71679890155792					2684,375	1,97426640987396	2684,375	-0,0980762019753456					2684,375	0,0564754009246826	2684,375	0,307282000780106					2684,375	0,136770725250244	2684,375	0,397997379302979					2684,375	0,264848977327347	2684,375	0,202474802732468					2684,375	0,280823767185211	
2687,5	0,282339364290237					2687,5	0,539146482944489	2687,5	1,08784806728363					2687,5	0,707599997520447	2687,5	1,33110153675079					2687,5	1,56188368797302	2687,5	1,71721792221069					2687,5	1,97484588623047	2687,5	-0,095478430390358					2687,5	0,0588597655296326	2687,5	0,309170544147491					2687,5	0,138724774122238	2687,5	0,39858677983284					2687,5	0,264181613922119	2687,5	0,202437207102776					2687,5	0,27820160984993	
2690,625	0,282612711191177					2690,625	0,539585411548615	2690,625	1,08873975276947					2690,625	0,707853436470032	2690,625	1,3325332403183					2690,625	1,56218647956848	2690,625	1,71664333343506					2690,625	1,97382581233978	2690,625	-0,0933545604348183					2690,625	0,0607360266149044	2690,625	0,310401350259781					2690,625	0,140314877033234	2690,625	0,398870319128037					2690,625	0,264345645904541	2690,625	0,203276783227921					2690,625	0,27781680226326	
2693,75	0,28114715218544					2693,75	0,537965059280396	2693,75	1,0869425535202					2693,75	0,7061767578125	2693,75	1,33186960220337					2693,75	1,5614401102066	2693,75	1,71663904190063					2693,75	1,97384905815125	2693,75	-0,0948668941855431					2693,75	0,0604762546718121	2693,75	0,311704248189926					2693,75	0,14025354385376	2693,75	0,401766031980515					2693,75	0,267136216163635	2693,75	0,207849085330963					2693,75	0,282480299472809	
2696,875	0,278118699789047					2696,875	0,535974144935608	2696,875	1,08907306194305					2696,875	0,705468595027924	2696,875	1,33706140518188					2696,875	1,56407785415649	2696,875	1,7205765247345					2696,875	1,97937762737274	2696,875	-0,0917952954769135					2696,875	0,064517080783844	2696,875	0,316060096025467					2696,875	0,144162073731422	2696,875	0,404621005058289					2696,875	0,267207503318787	2696,875	0,207272857427597					2696,875	0,279338955879211	
2700	0,281657546758652					2700	0,540079832077026	2700	1,0926741361618					2700	0,709214746952057	2700	1,33978235721588					2700	1,56229591369629	2700	1,71664988994598					2700	1,97208654880524	2700	-0,0873148739337921					2700	0,0674703195691109	2700	0,314907550811768					2700	0,145950168371201	2700	0,400318562984467					2700	0,263082832098007	2700	0,203136146068573					2700	0,272297620773315	
2703,125	0,282317221164703					2703,125	0,540667414665222	2703,125	1,09292674064636					2703,125	0,709562242031097	2703,125	1,33959805965424					2703,125	1,5613272190094	2703,125	1,71631741523743					2703,125	1,97061133384705	2703,125	-0,0865339711308479					2703,125	0,0680757015943527	2703,125	0,315683484077454					2703,125	0,146374493837357	2703,125	0,400788098573685					2703,125	0,264264523983002	2703,125	0,206157341599464					2703,125	0,275409638881683	
2706,25	0,282418429851532					2706,25	0,540901720523834	2706,25	1,09227287769318					2706,25	0,709519922733307	2706,25	1,34053516387939					2706,25	1,56205081939697	2706,25	1,71782803535461					2706,25	1,96916246414185	2706,25	-0,0850826725363731					2706,25	0,0696638077497482	2706,25	0,317344546318054					2706,25	0,146669462323189	2706,25	0,400860697031021					2706,25	0,267200797796249	2706,25	0,209731712937355					2706,25	0,275936096906662	
2709,375	0,28232017159462					2709,375	0,540946543216705	2709,375	1,09459686279297					2709,375	0,709788382053375	2709,375	1,3436416387558					2709,375	1,56326389312744	2709,375	1,71985387802124					2709,375	1,97097444534302	2709,375	-0,0832517817616463					2709,375	0,0719305574893951	2709,375	0,319696456193924					2709,375	0,149164214730263	2709,375	0,401950091123581					2709,375	0,266502618789673	2709,375	0,210047543048859					2709,375	0,273854464292526	
2712,5	0,283293813467026					2712,5	0,542244136333466	2712,5	1,09569275379181					2712,5	0,710766196250916	2712,5	1,34380567073822					2712,5	1,56208300590515	2712,5	1,7196090221405					2712,5	1,96852087974548	2712,5	-0,0821025371551514					2712,5	0,0733260065317154	2712,5	0,320291072130203					2712,5	0,150608465075493	2712,5	0,401352256536484					2712,5	0,266476303339005	2712,5	0,210421368479729					2712,5	0,274354994297028	
2715,625	0,283476054668427					2715,625	0,542557835578918	2715,625	1,09555864334106					2715,625	0,71051424741745	2715,625	1,3424779176712					2715,625	1,56127536296844	2715,625	1,71865725517273					2715,625	1,96652376651764	2715,625	-0,0815994441509247					2715,625	0,0738333687186241	2715,625	0,32126647233963					2715,625	0,151154845952988	2715,625	0,401991158723831					2715,625	0,268082678318024	2715,625	0,21262301504612					2715,625	0,276856362819672	
2718,75	0,282742828130722					2718,75	0,542955100536346	2718,75	1,09791529178619					2718,75	0,710875868797302	2718,75	1,34631955623627					2718,75	1,56264328956604	2718,75	1,72072458267212					2718,75	1,96812379360199	2718,75	-0,0780717954039574					2718,75	0,0775869116187096	2718,75	0,324061840772629					2718,75	0,153911367058754	2718,75	0,402458220720291					2718,75	0,267897009849548	2718,75	0,211905047297478					2718,75	0,274353295564651	
2721,875	0,283617943525314					2721,875	0,54435122013092	2721,875	1,09956872463226					2721,875	0,71216231584549	2721,875	1,34745657444					2721,875	1,56246185302734	2721,875	1,71984314918518					2721,875	1,96590960025787	2721,875	-0,077178418636322					2721,875	0,0784816965460777	2721,875	0,324503570795059					2721,875	0,154836431145668	2721,875	0,401382625102997					2721,875	0,267390251159668	2721,875	0,213184922933578					2721,875	0,274131804704666	
2725	0,282953411340714					2725	0,543656051158905	2725	1,10047233104706					2725	0,711805582046509	2725	1,34809553623199					2725	1,56261742115021	2725	1,72049570083618					2725	1,9666051864624	2725	-0,0766174420714378					2725	0,079464927315712	2725	0,326348632574081					2725	0,15587791800499	2725	0,402013182640076					2725	0,268443644046783	2725	0,214674025774002					2725	0,274848818778992	
2728,125	0,282533377408981					2728,125	0,543771684169769	2728,125	1,10201036930084					2728,125	0,712169289588928	2728,125	1,35057985782623					2728,125	1,56352090835571	2728,125	1,7230840921402					2728,125	1,96699583530426	2728,125	-0,0740150064229965					2728,125	0,0821744948625565	2728,125	0,327639013528824					2728,125	0,158294767141342	2728,125	0,402534931898117					2728,125	0,269047021865845	2728,125	0,213573127985001					2728,125	0,272722840309143	
2731,25	0,282818257808685					2731,25	0,544263780117035	2731,25	1,10275673866272					2731,25	0,712275445461273	2731,25	1,35151362419128					2731,25	1,56407511234283	2731,25	1,7249516248703					2731,25	1,96759879589081	2731,25	-0,0722688660025597					2731,25	0,0839634463191032	2731,25	0,329411119222641					2731,25	0,160227328538895	2731,25	0,402761995792389					2731,25	0,270694553852081	2731,25	0,215926706790924					2731,25	0,273438721895218	
2734,375	0,282110542058945					2734,375	0,544295728206635	2734,375	1,10388231277466					2734,375	0,712090849876404	2734,375	1,35240006446838					2734,375	1,56507289409637	2734,375	1,72694969177246					2734,375	1,96832513809204	2734,375	-0,0706242546439171					2734,375	0,0856889560818672	2734,375	0,331292927265167					2734,375	0,1617032289505	2734,375	0,403339624404907					2734,375	0,272226959466934	2734,375	0,217768400907516					2734,375	0,273819118738174	
2737,5	0,283221513032913					2737,5	0,546043157577515	2737,5	1,105593085289					2737,5	0,713495254516602	2737,5	1,3523451089859					2737,5	1,56530702114105	2737,5	1,7263365983963					2737,5	1,96375894546509	2737,5	-0,0687862932682037					2737,5	0,0868409126996994	2737,5	0,330437481403351					2737,5	0,162705913186073	2737,5	0,401326715946198					2737,5	0,270834714174271	2737,5	0,215901836752892					2737,5	0,271382302045822	
2740,625	0,283476531505585					2740,625	0,547429502010345	2740,625	1,10787427425385					2740,625	0,714986979961395	2740,625	1,35307240486145					2740,625	1,56585836410522	2740,625	1,72665441036224					2740,625	1,96378469467163	2740,625	-0,0659998878836632					2740,625	0,0890458300709724	2740,625	0,331144660711288					2740,625	0,16500061750412	2740,625	0,400371551513672					2740,625	0,270725965499878	2740,625	0,215368762612343					2740,625	0,269216567277908	
2743,75	0,283379554748535					2743,75	0,547683894634247	2743,75	1,10854780673981					2743,75	0,715154111385345	2743,75	1,35266542434692					2743,75	1,5655905008316	2743,75	1,72601747512817					2743,75	1,96312820911407	2743,75	-0,0656227692961693					2743,75	0,089726522564888	2743,75	0,332135200500488					2743,75	0,166337385773659	2743,75	0,400130182504654					2743,75	0,270346164703369	2743,75	0,215769290924072					2743,75	0,269180119037628	
2746,875	0,285615533590317					2746,875	0,549917221069336	2746,875	1,11029732227325					2746,875	0,717221140861511	2746,875	1,35288977622986					2746,875	1,56620633602142	2746,875	1,72697710990906					2746,875	1,96010208129883	2746,875	-0,0641213655471802					2746,875	0,0909360945224762	2746,875	0,33212286233902					2746,875	0,166767194867134	2746,875	0,400085866451263					2746,875	0,269879192113876	2746,875	0,215751230716705					2746,875	0,267942011356354	
2750	0,283919721841812					2750	0,548025608062744	2750	1,10934638977051					2750	0,714859306812286	2750	1,35066401958466					2750	1,56721210479736	2750	1,72824048995972					2750	1,96176195144653	2750	-0,0658018067479134					2750	0,0899478644132614	2750	0,334441930055618					2750	0,166932061314583	2750	0,402668625116348					2750	0,275280892848969	2750	0,220553368330002					2750	0,273412942886353	
2753,125	0,283100634813309					2753,125	0,548678994178772	2753,125	1,11286187171936					2753,125	0,71598094701767	2753,125	1,3533490896225					2753,125	1,57031393051147	2753,125	1,73034060001373					2753,125	1,962482213974	2753,125	-0,0619777366518974					2753,125	0,0937153697013855	2753,125	0,335814297199249					2753,125	0,170692905783653	2753,125	0,402311056852341					2753,125	0,273483604192734	2753,125	0,218009501695633					2753,125	0,268588274717331	
2756,25	0,284602701663971					2756,25	0,550749242305756	2756,25	1,11435031890869					2756,25	0,717858791351318	2756,25	1,35300076007843					2756,25	1,56941950321198	2756,25	1,73001170158386					2756,25	1,95905804634094	2756,25	-0,0588040761649609					2756,25	0,0953854694962502	2756,25	0,335124582052231					2756,25	0,172092989087105	2756,25	0,401344627141953					2756,25	0,272578418254852	2756,25	0,216910421848297					2756,25	0,266540110111237	
2759,375	0,285977154970169					2759,375	0,551970839500427	2759,375	1,11445343494415					2759,375	0,719029009342194	2759,375	1,35232412815094					2759,375	1,56738328933716	2759,375	1,72920298576355					2759,375	1,95543467998505	2759,375	-0,0589401349425316					2759,375	0,0950997024774551	2759,375	0,333654791116714					2759,375	0,172058597207069	2759,375	0,400714308023453					2759,375	0,272267013788223	2759,375	0,216397106647491					2759,375	0,26631298661232	
2762,5	0,286560714244843					2762,5	0,552785575389862	2762,5	1,11633515357971					2762,5	0,720083117485046	2762,5	1,35252547264099					2762,5	1,56769406795502	2762,5	1,73030459880829					2762,5	1,95320403575897	2762,5	-0,0565999373793602					2762,5	0,0968761891126633	2762,5	0,333927512168884					2762,5	0,173444658517838	2762,5	0,400922656059265					2762,5	0,271186828613281	2762,5	0,215153217315674					2762,5	0,265360325574875	
2765,625	0,285888403654099					2765,625	0,552284121513367	2765,625	1,11557829380035					2765,625	0,719265520572662	2765,625	1,35059118270874					2765,625	1,56749415397644	2765,625	1,72952139377594					2765,625	1,95134162902832	2765,625	-0,0570442192256451					2765,625	0,0964477211236954	2765,625	0,334312677383423					2765,625	0,173743203282356	2765,625	0,40205055475235					2765,625	0,271946579217911	2765,625	0,216375306248665					2765,625	0,267444878816605	
2768,75	0,283443748950958					2768,75	0,551881194114685	2768,75	1,11733758449554					2768,75	0,719096839427948	2768,75	1,3526873588562					2768,75	1,57225346565247	2768,75	1,73531329631805					2768,75	1,95661973953247	2768,75	-0,0533197000622749					2768,75	0,0999255627393723	2768,75	0,336856752634048					2768,75	0,177383303642273	2768,75	0,404016941785812					2768,75	0,272373110055923	2768,75	0,215728148818016					2768,75	0,265464693307877	
2771,875	0,285522311925888					2771,875	0,553284108638763	2771,875	1,11924934387207					2771,875	0,721416711807251	2771,875	1,35332071781158					2771,875	1,57133030891418	2771,875	1,73483753204346					2771,875	1,9527200460434	2771,875	-0,0510281026363373					2771,875	0,100911274552345	2771,875	0,336164057254791					2771,875	0,17874376475811	2771,875	0,403965681791306					2771,875	0,270927369594574	2771,875	0,214969038963318					2771,875	0,263734251260757	
2775	0,286337703466415					2775	0,553874373435974	2775	1,11872529983521					2775	0,72206574678421	2775	1,35216557979584					2775	1,56946671009064	2775	1,73271882534027					2775	1,94856107234955	2775	-0,0519136711955071					2775	0,100296683609486	2775	0,335439592599869					2775	0,17870569229126	2775	0,404436707496643					2775	0,271130591630936	2775	0,215870052576065					2775	0,265859931707382	
2778,125	0,287801951169968					2778,125	0,554908215999603	2778,125	1,11992621421814					2778,125	0,723334670066834	2778,125	1,35311853885651					2778,125	1,5700044631958	2778,125	1,73267674446106					2778,125	1,9467533826828	2778,125	-0,0496864467859268					2778,125	0,101915284991264	2778,125	0,335577785968781					2778,125	0,179821610450745	2778,125	0,404692322015762					2778,125	0,270218163728714	2778,125	0,214775651693344					2778,125	0,263151079416275	
2781,25	0,290227591991425					2781,25	0,556673467159271	2781,25	1,11994695663452					2781,25	0,72512811422348	2781,25	1,35188853740692					2781,25	1,56821238994598	2781,25	1,73011386394501					2781,25	1,94317638874054	2781,25	-0,0483112968504429					2781,25	0,102286584675312	2781,25	0,334725826978683					2781,25	0,180017292499542	2781,25	0,404073685407639					2781,25	0,269275337457657	2781,25	0,213171035051346					2781,25	0,262551039457321	
2784,375	0,288100630044937					2784,375	0,555465281009674	2784,375	1,12042474746704					2784,375	0,724476993083954	2784,375	1,35269689559937					2784,375	1,5697785615921	2784,375	1,73283362388611					2784,375	1,94523990154266	2784,375	-0,0469275563955307					2784,375	0,103838853538036	2784,375	0,336412668228149					2784,375	0,182263135910034	2784,375	0,406468749046326					2784,375	0,269843906164169	2784,375	0,212836146354675					2784,375	0,262281119823456	
2787,5	0,286214232444763					2787,5	0,554055869579315	2787,5	1,11990058422089					2787,5	0,723829209804535	2787,5	1,35235548019409					2787,5	1,57025122642517	2787,5	1,73471927642822					2787,5	1,94579374790192	2787,5	-0,0461478903889656					2787,5	0,10461638122797	2787,5	0,337581008672714					2787,5	0,183444261550903	2787,5	0,408859848976135					2787,5	0,271828144788742	2787,5	0,215025722980499					2787,5	0,26518177986145	
2790,625	0,285797536373138					2790,625	0,553935527801514	2790,625	1,12076032161713					2790,625	0,724451899528503	2790,625	1,35364365577698					2790,625	1,57140922546387	2790,625	1,73590111732483					2790,625	1,94564378261566	2790,625	-0,0438712760806084					2790,625	0,10668970644474	2790,625	0,338891267776489					2790,625	0,185439094901085	2790,625	0,410522162914276					2790,625	0,272081434726715	2790,625	0,214739397168159					2790,625	0,26536026597023	
2793,75	0,286557734012604					2793,75	0,55470222234726	2793,75	1,12099289894104					2793,75	0,725276231765747	2793,75	1,35311985015869					2793,75	1,57063829898834	2793,75	1,73447239398956					2793,75	1,94194090366364	2793,75	-0,0433626137673855					2793,75	0,107457734644413	2793,75	0,339726239442825					2793,75	0,1860042065382	2793,75	0,411311984062195					2793,75	0,271132707595825	2793,75	0,214287385344505					2793,75	0,265123695135117	
2796,875	0,284861296415329					2796,875	0,553259015083313	2796,875	1,12078726291656					2796,875	0,724856734275818	2796,875	1,35341620445251					2796,875	1,5722142457962	2796,875	1,73806309700012					2796,875	1,94455349445343	2796,875	-0,0411343909800053					2796,875	0,108665384352207	2796,875	0,341249614953995					2796,875	0,187564745545387	2796,875	0,413479000329971					2796,875	0,271865278482437	2796,875	0,214851424098015					2796,875	0,265078961849213	
2800	0,284260183572769					2800	0,552668392658234	2800	1,12207019329071					2800	0,725037753582001	2800	1,35604786872864					2800	1,57360184192657	2800	1,74119079113007					2800	1,94634389877319	2800	-0,0376036614179611					2800	0,112185552716255	2800	0,342956572771072					2800	0,190472468733788	2800	0,416078090667725					2800	0,271697342395782	2800	0,214077889919281					2800	0,262809902429581	
2803,125	0,285583674907684					2803,125	0,553878605365753	2803,125	1,12119317054749					2803,125	0,726071298122406	2803,125	1,35433042049408					2803,125	1,57077944278717	2803,125	1,73733282089233					2803,125	1,93970465660095	2803,125	-0,0383199490606785					2803,125	0,111529275774956	2803,125	0,342006951570511					2803,125	0,189773082733154	2803,125	0,415730744600296					2803,125	0,272147208452225	2803,125	0,215189680457115					2803,125	0,265456765890121	
2806,25	0,284367084503174					2806,25	0,553467750549316	2806,25	1,12291145324707					2806,25	0,726831316947937	2806,25	1,35661661624908					2806,25	1,57305157184601	2806,25	1,74085736274719					2806,25	1,94111549854279	2806,25	-0,0344316214323044					2806,25	0,1145995631814	2806,25	0,343945473432541					2806,25	0,192192628979683	2806,25	0,417693257331848					2806,25	0,272428959608078	2806,25	0,213175266981125					2806,25	0,263826817274094	
2809,375	0,285035669803619					2809,375	0,553727507591248	2809,375	1,12255954742432					2809,375	0,727013885974884	2809,375	1,35594689846039					2809,375	1,57155859470367	2809,375	1,73955833911896					2809,375	1,938600897789	2809,375	-0,0341612882912159					2809,375	0,114876970648766	2809,375	0,344102650880814					2809,375	0,192220017313957	2809,375	0,417996495962143					2809,375	0,273342698812485	2809,375	0,213428974151611					2809,375	0,265037804841995	
2812,5	0,28709477186203					2812,5	0,555660426616669	2812,5	1,12429332733154					2812,5	0,729262590408325	2812,5	1,35744380950928					2812,5	1,57089519500732	2812,5	1,73798620700836					2812,5	1,93669140338898	2812,5	-0,0317955836653709					2812,5	0,117053247988224	2812,5	0,343825548887253					2812,5	0,193659096956253	2812,5	0,417741477489471					2812,5	0,271291375160217	2812,5	0,210527926683426					2812,5	0,262021631002426	
2815,625	0,287918359041214					2815,625	0,556119322776794	2815,625	1,12457168102264					2815,625	0,730490863323212	2815,625	1,35771501064301					2815,625	1,56949627399445	2815,625	1,73658514022827					2815,625	1,9326479434967	2815,625	-0,0315788239240646					2815,625	0,117319568991661	2815,625	0,343348622322083					2815,625	0,193917065858841	2815,625	0,417126148939133					2815,625	0,271103382110596	2815,625	0,210169091820717					2815,625	0,262647479772568	
2818,75	0,286608874797821					2818,75	0,554622769355774	2818,75	1,12320744991302					2818,75	0,729208648204803	2818,75	1,35710680484772					2818,75	1,56900763511658	2818,75	1,73833060264587					2818,75	1,93177485466003	2818,75	-0,0321308709681034					2818,75	0,117195703089237	2818,75	0,345067083835602					2818,75	0,19419638812542	2818,75	0,420352458953857					2818,75	0,273861110210419	2818,75	0,213375806808472					2818,75	0,266949236392975	
2821,875	0,288727879524231					2821,875	0,556566476821899	2821,875	1,12477207183838					2821,875	0,731339275836945	2821,875	1,35933971405029					2821,875	1,56956851482391	2821,875	1,73748028278351					2821,875	1,92790794372559	2821,875	-0,0291989129036665					2821,875	0,119709745049477	2821,875	0,345574706792831					2821,875	0,195485398173332	2821,875	0,419094771146774					2821,875	0,271408021450043	2821,875	0,209557369351387					2821,875	0,264217019081116	
2825	0,288873940706253					2825	0,557565212249756	2825	1,12689638137817					2825	0,733086168766022	2825	1,36094260215759					2825	1,57079470157623	2825	1,73717069625854					2825	1,92769658565521	2825	-0,0251187887042761					2825	0,123340107500553	2825	0,346602976322174					2825	0,197865694761276	2825	0,419096380472183					2825	0,269882529973984	2825	0,206143423914909					2825	0,261714369058609	
2828,125	0,287447899580002					2828,125	0,555818378925323	2828,125	1,12503051757813					2828,125	0,731439113616943	2828,125	1,3587441444397					2828,125	1,56932687759399	2828,125	1,73674488067627					2828,125	1,92677640914917	2828,125	-0,0266073048114777					2828,125	0,122409969568253	2828,125	0,347714096307755					2828,125	0,197532474994659	2828,125	0,421483099460602					2828,125	0,272881001234055	2828,125	0,210096970200539					2828,125	0,26666584610939	
2831,25	0,289633184671402					2831,25	0,557451009750366	2831,25	1,12641000747681					2831,25	0,733144700527191	2831,25	1,36015176773071					2831,25	1,5693644285202	2831,25	1,73646199703217					2831,25	1,92306196689606	2831,25	-0,0246963948011398					2831,25	0,123814530670643	2831,25	0,347837597131729					2831,25	0,198420286178589	2831,25	0,421041578054428					2831,25	0,271075665950775	2831,25	0,208857163786888					2831,25	0,264514118432999	
2834,375	0,28627336025238					2834,375	0,554425358772278	2834,375	1,1261088848114					2834,375	0,731333255767822	2834,375	1,36087667942047					2834,375	1,57115125656128	2834,375	1,73955595493317					2834,375	1,92582488059998	2834,375	-0,0227733422070742					2834,375	0,125510230660439	2834,375	0,350498586893082					2834,375	0,200032979249954	2834,375	0,425194948911667					2834,375	0,27399092912674	2834,375	0,210799053311348					2834,375	0,267400503158569	
2837,5	0,287591934204102					2837,5	0,555963516235352	2837,5	1,12799727916718					2837,5	0,733039915561676	2837,5	1,36368656158447					2837,5	1,57241082191467	2837,5	1,73944354057312					2837,5	1,92549753189087	2837,5	-0,0197562575340271					2837,5	0,12834307551384	2837,5	0,351090341806412					2837,5	0,201784864068031	2837,5	0,42456391453743					2837,5	0,272934794425964	2837,5	0,207476034760475					2837,5	0,265178889036179	
2840,625	0,288658142089844					2840,625	0,557123720645905	2840,625	1,12815999984741					2840,625	0,733998656272888	2840,625	1,36376869678497					2840,625	1,57122588157654	2840,625	1,73779559135437					2840,625	1,92248070240021	2840,625	-0,0189153589308262					2840,625	0,129299014806747	2840,625	0,351487815380096					2840,625	0,202328383922577	2840,625	0,424515783786774					2840,625	0,272941887378693	2840,625	0,206675410270691					2840,625	0,265452355146408	
2843,75	0,286900669336319					2843,75	0,555321216583252	2843,75	1,12698948383331					2843,75	0,732572138309479	2843,75	1,36275255680084					2843,75	1,57083117961884	2843,75	1,73895907402039					2843,75	1,92317378520966	2843,75	-0,019031161442399					2843,75	0,129419058561325	2843,75	0,353142499923706					2843,75	0,202915489673615	2843,75	0,4268958568573					2843,75	0,275210708379745	2843,75	0,210135206580162					2843,75	0,26985040307045	
2846,875	0,287834316492081					2846,875	0,556459367275238	2846,875	1,12969040870667					2846,875	0,734607636928558	2846,875	1,36670100688934					2846,875	1,57301390171051	2846,875	1,7401214838028					2846,875	1,9231276512146	2846,875	-0,014262636192143					2846,875	0,133678629994392	2846,875	0,353755116462708					2846,875	0,205631539225578	2846,875	0,425951421260834					2846,875	0,272039264440537	2846,875	0,205228358507156					2846,875	0,264416664838791	
2850	0,288055062294006					2850	0,556317269802094	2850	1,12789618968964					2850	0,734179317951202	2850	1,36409556865692					2850	1,56986653804779	2850	1,73678982257843					2850	1,91825664043427	2850	-0,0159605126827955					2850	0,13271875679493	2850	0,353760570287704					2850	0,204281121492386	2850	0,426979064941406					2850	0,273830771446228	2850	0,207713842391968					2850	0,268712043762207	
2853,125	0,289227873086929					2853,125	0,557797729969025	2853,125	1,12935817241669					2853,125	0,735349655151367	2853,125	1,36551094055176					2853,125	1,56988859176636	2853,125	1,73684740066528					2853,125	1,91637253761292	2853,125	-0,0128678008913994					2853,125	0,135215893387794	2853,125	0,354725658893585					2853,125	0,206342741847038	2853,125	0,426921874284744					2853,125	0,272878915071487	2853,125	0,205510899424553					2853,125	0,26654452085495	
2856,25	0,287576884031296					2856,25	0,55649322271347	2856,25	1,12897658348083					2856,25	0,734614491462708	2856,25	1,36559617519379					2856,25	1,57075750827789	2856,25	1,73802256584167					2856,25	1,91622078418732	2856,25	-0,0121869398280978					2856,25	0,136434704065323	2856,25	0,356328159570694					2856,25	0,207155853509903	2856,25	0,428948819637299					2856,25	0,275099396705627	2856,25	0,206986963748932					2856,25	0,269339561462402	
2859,375	0,288822174072266					2859,375	0,557575345039368	2859,375	1,12984204292297					2859,375	0,735501110553741	2859,375	1,36500442028046					2859,375	1,57006144523621	2859,375	1,73699474334717					2859,375	1,91379940509796	2859,375	-0,0115959271788597					2859,375	0,137142539024353	2859,375	0,356439858675003					2859,375	0,207454577088356	2859,375	0,428230345249176					2859,375	0,274185687303543	2859,375	0,20607790350914					2859,375	0,269039213657379	
2862,5	0,288666278123856					2862,5	0,557510673999786	2862,5	1,13121390342712					2862,5	0,735894918441772	2862,5	1,36751174926758					2862,5	1,57214140892029	2862,5	1,73927617073059					2862,5	1,91648995876312	2862,5	-0,007570989895612					2862,5	0,140787497162819	2862,5	0,359010487794876					2862,5	0,210161224007607	2862,5	0,429971486330032					2862,5	0,274435669183731	2862,5	0,204169079661369					2862,5	0,268578797578812	
2865,625	0,288926213979721					2865,625	0,557548701763153	2865,625	1,13094592094421					2865,625	0,736248254776001	2865,625	1,36744213104248					2865,625	1,5715206861496	2865,625	1,73787796497345					2865,625	1,91341841220856	2865,625	-0,00677399151027203					2865,625	0,141685828566551	2865,625	0,359437048435211					2865,625	0,210540220141411	2865,625	0,430761963129044					2865,625	0,275103390216827	2865,625	0,204465925693512					2865,625	0,270808547735214	
2868,75	0,28779861330986					2868,75	0,556508839130402	2868,75	1,130051612854					2868,75	0,735283970832825	2868,75	1,36659646034241					2868,75	1,57161402702332	2868,75	1,73825681209564					2868,75	1,91280388832092	2868,75	-0,00689771259203553					2868,75	0,14198862016201	2868,75	0,360581457614899					2868,75	0,210730880498886	2868,75	0,432379245758057					2868,75	0,277620047330856	2868,75	0,207087323069572					2868,75	0,274810910224915	
2871,875	0,289458453655243					2871,875	0,558390736579895	2871,875	1,13259375095367					2871,875	0,737373411655426	2871,875	1,36877572536469					2871,875	1,57316958904266	2871,875	1,73823964595795					2871,875	1,91400551795959	2871,875	-0,00247247982770205					2871,875	0,146004900336266	2871,875	0,361252039670944					2871,875	0,213736861944199	2871,875	0,432156473398209					2871,875	0,275022447109222	2871,875	0,203679203987122					2871,875	0,270749598741531	
2875	0,287592798471451					2875	0,556924104690552	2875	1,13175809383392					2875	0,736759424209595	2875	1,3685976266861					2875	1,57198119163513	2875	1,73952770233154					2875	1,91206645965576	2875	-0,00150741206016392					2875	0,147347152233124	2875	0,363255798816681					2875	0,214556217193604	2875	0,433347523212433					2875	0,276767700910568	2875	0,205529987812042					2875	0,274518013000488	
2878,125	0,28747096657753					2878,125	0,556628525257111	2878,125	1,13108456134796					2878,125	0,736256837844849	2878,125	1,36792290210724					2878,125	1,57180535793304	2878,125	1,73984575271606					2878,125	1,91103279590607	2878,125	-0,00106843654066324					2878,125	0,147919341921806	2878,125	0,364183068275452					2878,125	0,215223416686058	2878,125	0,434152007102966					2878,125	0,277478694915771	2878,125	0,20539091527462					2878,125	0,275522410869598	
2881,25	0,289188265800476					2881,25	0,558386147022247	2881,25	1,13323080539703					2881,25	0,737700879573822	2881,25	1,36979055404663					2881,25	1,57258248329163	2881,25	1,73775434494019					2881,25	1,91059362888336	2881,25	0,0018251296132803					2881,25	0,150544926524162	2881,25	0,36469355225563					2881,25	0,217051759362221	2881,25	0,433514326810837					2881,25	0,276242464780808	2881,25	0,202118456363678					2881,25	0,27356892824173	
2884,375	0,289586842060089					2884,375	0,558731973171234	2884,375	1,13392651081085					2884,375	0,738351941108704	2884,375	1,36984252929688					2884,375	1,57225430011749	2884,375	1,73755967617035					2884,375	1,91020250320435	2884,375	0,00319406692869961					2884,375	0,15214179456234	2884,375	0,364957243204117					2884,375	0,218366757035255	2884,375	0,435303390026093					2884,375	0,276870310306549	2884,375	0,201863825321198					2884,375	0,274985283613205	
2887,5	0,290341019630432					2887,5	0,559494018554688	2887,5	1,13413155078888					2887,5	0,738841414451599	2887,5	1,36997354030609					2887,5	1,57168340682983	2887,5	1,73682653903961					2887,5	1,9089891910553	2887,5	0,00416513392701745					2887,5	0,153214827179909	2887,5	0,365294098854065					2887,5	0,218959644436836	2887,5	0,435896277427673					2887,5	0,276863843202591	2887,5	0,201728835701942					2887,5	0,275914907455444	
2890,625	0,290116637945175					2890,625	0,559360265731812	2890,625	1,13369083404541					2890,625	0,738614618778229	2890,625	1,36972856521606					2890,625	1,57171583175659	2890,625	1,73688149452209					2890,625	1,90847325325012	2890,625	0,00404678331688046					2890,625	0,153576985001564	2890,625	0,366131395101547					2890,625	0,219057902693748	2890,625	0,437012910842896					2890,625	0,277736812829971	2890,625	0,202923595905304					2890,625	0,279345124959946	
2893,75	0,287271946668625					2893,75	0,557347893714905	2893,75	1,13403809070587					2893,75	0,7369664311409	2893,75	1,37048232555389					2893,75	1,57452630996704	2893,75	1,74077880382538					2893,75	1,91209268569946	2893,75	0,00807499047368765					2893,75	0,157546684145927	2893,75	0,370140641927719					2893,75	0,222423374652863	2893,75	0,441219478845596					2893,75	0,27931335568428	2893,75	0,202526241540909					2893,75	0,280581206083298	
2896,875	0,290408045053482					2896,875	0,560040652751923	2896,875	1,13539588451385					2896,875	0,739642679691315	2896,875	1,37026584148407					2896,875	1,57202422618866	2896,875	1,73621833324432					2896,875	1,90822422504425	2896,875	0,00934085808694363					2896,875	0,158933311700821	2896,875	0,36947175860405					2896,875	0,223122715950012	2896,875	0,439331501722336					2896,875	0,27768662571907	2896,875	0,200288161635399					2896,875	0,278340429067612	
2900	0,289866089820862					2900	0,559435904026031	2900	1,13482546806335					2900	0,739176571369171	2900	1,36994099617004					2900	1,57249903678894	2900	1,73715388774872					2900	1,90833795070648	2900	0,00996471010148525					2900	0,159800037741661	2900	0,370392858982086					2900	0,224024385213852	2900	0,44085368514061					2900	0,278881430625916	2900	0,201298832893372					2900	0,280021995306015	
2903,125	0,289765328168869					2903,125	0,559659123420715	2903,125	1,13474774360657					2903,125	0,739440679550171	2903,125	1,36988639831543					2903,125	1,57297825813293	2903,125	1,73698139190674					2903,125	1,90850114822388	2903,125	0,011721788905561					2903,125	0,161757051944733	2903,125	0,371260106563568					2903,125	0,225291639566422	2903,125	0,442554205656052					2903,125	0,280420660972595	2903,125	0,201129972934723					2903,125	0,281076520681381	
2906,25	0,289077252149582					2906,25	0,559315323829651	2906,25	1,13506376743317					2906,25	0,739189028739929	2906,25	1,37072777748108					2906,25	1,57416594028473	2906,25	1,73793959617615					2906,25	1,90907394886017	2906,25	0,0132193258032203					2906,25	0,163616433739662	2906,25	0,372587651014328					2906,25	0,227000743150711	2906,25	0,444308549165726					2906,25	0,280982971191406	2906,25	0,200307980179787					2906,25	0,282247424125671	
2909,375	0,288804441690445					2909,375	0,559411525726318	2909,375	1,13575291633606					2909,375	0,739088952541351	2909,375	1,37082827091217					2909,375	1,57503664493561	2909,375	1,73807764053345					2909,375	1,91141510009766	2909,375	0,0157635621726513					2909,375	0,166231900453568	2909,375	0,374302446842194					2909,375	0,229105770587921	2909,375	0,446061462163925					2909,375	0,280761331319809	2909,375	0,19962365925312					2909,375	0,28039276599884	
2912,5	0,289467513561249					2912,5	0,560060620307922	2912,5	1,13637447357178					2912,5	0,740158379077911	2912,5	1,37196278572083					2912,5	1,57441878318787	2912,5	1,73820173740387					2912,5	1,91242527961731	2912,5	0,0173254422843456					2912,5	0,16781647503376	2912,5	0,37526062130928					2912,5	0,230321690440178	2912,5	0,447071075439453					2912,5	0,280624628067017	2912,5	0,198961421847343					2912,5	0,280146688222885	
2915,625	0,288484513759613					2915,625	0,559057354927063	2915,625	1,13672268390656					2915,625	0,739189684391022	2915,625	1,37283802032471					2915,625	1,57555913925171	2915,625	1,73888087272644					2915,625	1,91352260112762	2915,625	0,0193380434066057					2915,625	0,170181661844254	2915,625	0,376927733421326					2915,625	0,231991231441498	2915,625	0,44958359003067					2915,625	0,281075716018677	2915,625	0,198823675513268					2915,625	0,280526161193848	
2918,75	0,288853317499161					2918,75	0,559950172901154	2918,75	1,13708031177521					2918,75	0,739996075630188	2918,75	1,37263464927673					2918,75	1,57559323310852	2918,75	1,73791885375977					2918,75	1,91240382194519	2918,75	0,0218779928982258					2918,75	0,172580078244209	2918,75	0,378219664096832					2918,75	0,233813434839249	2918,75	0,450658947229385					2918,75	0,280970603227615	2918,75	0,197001725435257					2918,75	0,277789294719696	
2921,875	0,28971928358078					2921,875	0,56063437461853	2921,875	1,13735604286194					2921,875	0,740490317344666	2921,875	1,37268650531769					2921,875	1,57521641254425	2921,875	1,73696064949036					2921,875	1,91048228740692	2921,875	0,0219524279236794					2921,875	0,173123240470886	2921,875	0,378898024559021					2921,875	0,234263449907303	2921,875	0,451675474643707					2921,875	0,28205531835556	2921,875	0,197557330131531					2921,875	0,277047336101532	
2925	0,289873749017715					2925	0,56120491027832	2925	1,138103723526					2925	0,740795254707336	2925	1,3742161989212					2925	1,57627499103546	2925	1,73671722412109					2925	1,91082727909088	2925	0,0243922173976898					2925	0,176358491182327	2925	0,380183607339859					2925	0,236654654145241	2925	0,454072445631027					2925	0,282177150249481	2925	0,196015819907188					2925	0,275114804506302	
2928,125	0,290154635906219					2928,125	0,561796605587006	2928,125	1,13773798942566					2928,125	0,741443157196045	2928,125	1,37421691417694					2928,125	1,57582437992096	2928,125	1,73615264892578					2928,125	1,90769934654236	2928,125	0,026083642616868					2928,125	0,177908435463905	2928,125	0,381151020526886					2928,125	0,23771870136261	2928,125	0,454293251037598					2928,125	0,281533092260361	2928,125	0,195024535059929					2928,125	0,27468866109848	
2931,25	0,288673251867294					2931,25	0,56035715341568	2931,25	1,13646423816681					2931,25	0,740175902843475	2931,25	1,3728266954422					2931,25	1,57580292224884	2931,25	1,73666715621948					2931,25	1,90753149986267	2931,25	0,0261224694550037					2931,25	0,178290411829948	2931,25	0,383468300104141					2931,25	0,237870410084724	2931,25	0,457545399665833					2931,25	0,284804999828339	2931,25	0,198487684130669					2931,25	0,278405725955963	
2934,375	0,290177226066589					2934,375	0,562132179737091	2934,375	1,13784003257751					2934,375	0,741560399532318	2934,375	1,37432622909546					2934,375	1,5754588842392	2934,375	1,73365342617035					2934,375	1,90405535697937	2934,375	0,0288597960025072					2934,375	0,181303218007088	2934,375	0,384739428758621					2934,375	0,239866718649864	2934,375	0,458110153675079					2934,375	0,284946382045746	2934,375	0,198035284876823					2934,375	0,274966835975647	
2937,5	0,28945717215538					2937,5	0,561820030212402	2937,5	1,13789427280426					2937,5	0,74124813079834	2937,5	1,37567913532257					2937,5	1,57708585262299	2937,5	1,73523676395416					2937,5	1,90293347835541	2937,5	0,0305260736495256					2937,5	0,183563232421875	2937,5	0,385987132787704					2937,5	0,241932436823845	2937,5	0,461132168769836					2937,5	0,285145074129105	2937,5	0,198018908500671					2937,5	0,274958491325378	
2940,625	0,290406852960587					2940,625	0,56373256444931	2940,625	1,13866722583771					2940,625	0,742708325386047	2940,625	1,37777781486511					2940,625	1,57805383205414	2940,625	1,73514473438263					2940,625	1,89957892894745	2940,625	0,0330245457589626					2940,625	0,185686573386192	2940,625	0,387077003717422					2940,625	0,243469089269638	2940,625	0,461940586566925					2940,625	0,283840239048004	2940,625	0,196682751178741					2940,625	0,274590700864792	
2943,75	0,2897989153862					2943,75	0,563524186611176	2943,75	1,13749933242798					2943,75	0,742212891578674	2943,75	1,37698686122894					2943,75	1,57733678817749	2943,75	1,73336756229401					2943,75	1,89649736881256	2943,75	0,0329984501004219					2943,75	0,186251699924469	2943,75	0,388455331325531					2943,75	0,243806183338165	2943,75	0,463573038578033					2943,75	0,284669905900955	2943,75	0,197227358818054					2943,75	0,277628064155579	
2946,875	0,288744896650314					2946,875	0,563298404216766	2946,875	1,13769459724426					2946,875	0,741686165332794	2946,875	1,37839508056641					2946,875	1,57877480983734	2946,875	1,73406338691711					2946,875	1,89705574512482	2946,875	0,0356490723788738					2946,875	0,189165502786636	2946,875	0,391173720359802					2946,875	0,246313109993935	2946,875	0,467225402593613					2946,875	0,286048471927643	2946,875	0,197418883442879					2946,875	0,279555201530457	
2950	0,290331542491913					2950	0,565064191818237	2950	1,13831031322479					2950	0,7429239153862	2950	1,37928771972656					2950	1,57835829257965	2950	1,73275649547577					2950	1,89425277709961	2950	0,0367285087704659					2950	0,190093949437141	2950	0,391748040914536					2950	0,247245132923126	2950	0,467801004648209					2950	0,286854922771454	2950	0,197901174426079					2950	0,280136704444885	
2953,125	0,289118707180023					2953,125	0,564753949642181	2953,125	1,13903594017029					2953,125	0,742802739143372	2953,125	1,38223385810852					2953,125	1,58131587505341	2953,125	1,73433244228363					2953,125	1,89597070217133	2953,125	0,0389722473919392					2953,125	0,192781403660774	2953,125	0,394216388463974					2953,125	0,249982416629791	2953,125	0,470185279846191					2953,125	0,288002133369446	2953,125	0,197036907076836					2953,125	0,280616790056229	
2956,25	0,289079040288925					2956,25	0,565373837947845	2956,25	1,13942110538483					2956,25	0,743053376674652	2956,25	1,3837308883667					2956,25	1,58148694038391	2956,25	1,73411595821381					2956,25	1,89616096019745	2956,25	0,0412427447736263					2956,25	0,194979026913643	2956,25	0,396154850721359					2956,25	0,251949667930603	2956,25	0,470993399620056					2956,25	0,287975668907166	2956,25	0,195852428674698					2956,25	0,281884610652924	
2959,375	0,290398567914963					2959,375	0,566946148872375	2959,375	1,13911294937134					2959,375	0,744104623794556	2959,375	1,38344514369965					2959,375	1,57997012138367	2959,375	1,73220038414001					2959,375	1,89263367652893	2959,375	0,0422808788716793					2959,375	0,195744767785072	2959,375	0,396667122840881					2959,375	0,252926766872406	2959,375	0,471685498952866					2959,375	0,287681549787521	2959,375	0,196401834487915					2959,375	0,284121096134186	
2962,5	0,290273219347					2962,5	0,56766951084137	2962,5	1,14004468917847					2962,5	0,744581043720245	2962,5	1,38551378250122					2962,5	1,58168292045593	2962,5	1,73291647434235					2962,5	1,89244341850281	2962,5	0,0443711839616299					2962,5	0,197920173406601	2962,5	0,398341327905655					2962,5	0,254912257194519	2962,5	0,473029762506485					2962,5	0,287596732378006	2962,5	0,195404455065727					2962,5	0,283478409051895	
2965,625	0,29040938615799					2965,625	0,568269431591034	2965,625	1,1412239074707					2965,625	0,744753241539001	2965,625	1,38756561279297					2965,625	1,5823667049408	2965,625	1,73400771617889					2965,625	1,89292371273041	2965,625	0,0468878112733364					2965,625	0,200093224644661	2965,625	0,400596886873245					2965,625	0,256886571645737	2965,625	0,474728941917419					2965,625	0,28806409239769	2965,625	0,194521248340607					2965,625	0,284281939268112	
2968,75	0,292157739400864					2968,75	0,569951772689819	2968,75	1,14148151874542					2968,75	0,746468544006348	2968,75	1,3882360458374					2968,75	1,58161473274231	2968,75	1,73151314258575					2968,75	1,88891196250916	2968,75	0,0480002015829086					2968,75	0,200613006949425	2968,75	0,400448173284531					2968,75	0,257797598838806	2968,75	0,473414987325668					2968,75	0,287587523460388	2968,75	0,195089250802994					2968,75	0,285375624895096	
2971,875	0,292493879795074					2971,875	0,571222245693207	2971,875	1,14213240146637					2971,875	0,74787312746048	2971,875	1,39115011692047					2971,875	1,58200252056122	2971,875	1,72981774806976					2971,875	1,8883763551712	2971,875	0,0501922033727169					2971,875	0,202290236949921	2971,875	0,40159198641777					2971,875	0,259636431932449	2971,875	0,472316443920136					2971,875	0,287963092327118	2971,875	0,194471538066864					2971,875	0,285786598920822	
2975	0,291355699300766					2975	0,570168733596802	2975	1,14133620262146					2975	0,746896386146545	2975	1,39232683181763					2975	1,58364140987396	2975	1,73001480102539					2975	1,89085018634796	2975	0,0509961247444153					2975	0,203335702419281	2975	0,404504358768463					2975	0,261069238185883	2975	0,475458174943924					2975	0,290343910455704	2975	0,196670785546303					2975	0,289559155702591	
2978,125	0,291097819805145					2978,125	0,570408344268799	2978,125	1,14175367355347					2978,125	0,746946513652802	2978,125	1,39402437210083					2978,125	1,5844898223877	2978,125	1,73032772541046					2978,125	1,89113759994507	2978,125	0,0530020855367184					2978,125	0,205354526638985	2978,125	0,406629234552383					2978,125	0,263001829385757	2978,125	0,476521879434586					2978,125	0,289983630180359	2978,125	0,19577731192112					2978,125	0,289937376976013	
2981,25	0,292475283145905					2981,25	0,572321057319641	2981,25	1,1425952911377					2981,25	0,748205006122589	2981,25	1,39430809020996					2981,25	1,58410751819611	2981,25	1,72861397266388					2981,25	1,88827359676361	2981,25	0,0546564571559429					2981,25	0,206452921032906	2981,25	0,406839609146118					2981,25	0,263903319835663	2981,25	0,474049389362335					2981,25	0,289538413286209	2981,25	0,194664433598518					2981,25	0,290192306041718	
2984,375	0,293951332569122					2984,375	0,574103772640228	2984,375	1,14434206485748					2984,375	0,750123143196106	2984,375	1,39642202854156					2984,375	1,58394479751587	2984,375	1,72893953323364					2984,375	1,88670706748962	2984,375	0,0571975819766521					2984,375	0,208303555846214	2984,375	0,408308982849121					2984,375	0,265532225370407	2984,375	0,473788946866989					2984,375	0,288419991731644	2984,375	0,192748114466667					2984,375	0,289312243461609	
2987,5	0,294569820165634					2987,5	0,574844300746918	2987,5	1,14486014842987					2987,5	0,751063108444214	2987,5	1,39695942401886					2987,5	1,58429849147797	2987,5	1,72803544998169					2987,5	1,88606977462769	2987,5	0,0591886341571808					2987,5	0,210109889507294	2987,5	0,410088032484055					2987,5	0,267535835504532	2987,5	0,474022626876831					2987,5	0,288328558206558	2987,5	0,19291490316391					2987,5	0,289374649524689	
2990,625	0,293319255113602					2990,625	0,573466181755066	2990,625	1,14332890510559					2990,625	0,749629318714142	2990,625	1,39633941650391					2990,625	1,58416187763214	2990,625	1,72811841964722					2990,625	1,88692963123322	2990,625	0,0590076558291912					2990,625	0,210153073072433	2990,625	0,411906033754349					2990,625	0,268459141254425	2990,625	0,475697010755539					2990,625	0,291016519069672	2990,625	0,195693612098694					2990,625	0,295221894979477	
2993,75	0,293764680624008					2993,75	0,574111223220825	2993,75	1,14330589771271					2993,75	0,749663650989532	2993,75	1,39630126953125					2993,75	1,58391952514648	2993,75	1,72657191753387					2993,75	1,88719582557678	2993,75	0,0604776367545128					2993,75	0,211389049887657	2993,75	0,413206309080124					2993,75	0,26931494474411	2993,75	0,474919110536575					2993,75	0,29174616932869	2993,75	0,196565181016922					2993,75	0,297688066959381	
2996,875	0,293529391288757					2996,875	0,574369132518768	2996,875	1,14424049854279					2996,875	0,750347018241882	2996,875	1,39715278148651					2996,875	1,58509135246277	2996,875	1,72647881507874					2996,875	1,88787317276001	2996,875	0,0633833408355713					2996,875	0,213774621486664	2996,875	0,415846854448318					2996,875	0,271705508232117	2996,875	0,474842220544815					2996,875	0,291864454746246	2996,875	0,195868209004402					2996,875	0,297617524862289	
3000	0,296933680772781					3000	0,577494621276855	3000	1,14713835716248					3000	0,754445850849152	3000	1,39808797836304					3000	1,5846928358078	3000	1,72400891780853					3000	1,8862441778183	3000	0,0662545636296272					3000	0,215763688087463	3000	0,416247963905334					3000	0,273897796869278	3000	0,472636580467224					3000	0,290190935134888	3000	0,193180426955223					3000	0,295265346765518	
3003,125	0,295882254838943					3003,125	0,576781213283539	3003,125	1,14679408073425					3003,125	0,753650903701782	3003,125	1,39816212654114					3003,125	1,58524703979492	3003,125	1,72576117515564					3003,125	1,88646638393402	3003,125	0,0680223852396011					3003,125	0,217555999755859	3003,125	0,418910026550293					3003,125	0,275761604309082	3003,125	0,474327683448792					3003,125	0,291541993618011	3003,125	0,192870810627937					3003,125	0,296473681926727	
3006,25	0,294333755970001					3006,25	0,575195550918579	3006,25	1,14562201499939					3006,25	0,751888871192932	3006,25	1,39736688137054					3006,25	1,58558309078217	3006,25	1,72782135009766					3006,25	1,88857841491699	3006,25	0,0686579719185829					3006,25	0,218202471733093	3006,25	0,421918928623199					3006,25	0,276785492897034	3006,25	0,476966381072998					3006,25	0,292822301387787	3006,25	0,195174232125282					3006,25	0,299248516559601	
3009,375	0,295821011066437					3009,375	0,577150940895081	3009,375	1,14662158489227					3009,375	0,753892958164215	3009,375	1,39631950855255					3009,375	1,58624851703644	3009,375	1,72583186626434					3009,375	1,88821136951447	3009,375	0,0712005794048309					3009,375	0,220143750309944	3009,375	0,423217535018921					3009,375	0,278475075960159	3009,375	0,476901888847351					3009,375	0,291991949081421	3009,375	0,194717958569527					3009,375	0,297892093658447	
3012,5	0,294872581958771					3012,5	0,576241970062256	3012,5	1,14575934410095					3012,5	0,753551125526428	3012,5	1,39503228664398					3012,5	1,58689510822296	3012,5	1,72603583335876					3012,5	1,88866126537323	3012,5	0,0715320110321045					3012,5	0,22085565328598	3012,5	0,426034778356552					3012,5	0,279590636491776	3012,5	0,477726727724075					3012,5	0,294808059930801	3012,5	0,196139365434647					3012,5	0,301851212978363	
3015,625	0,294816613197327					3015,625	0,576080918312073	3015,625	1,14808285236359					3015,625	0,753675162792206	3015,625	1,39717268943787					3015,625	1,58965396881104	3015,625	1,72752463817596					3015,625	1,88890254497528	3015,625	0,0755767822265625					3015,625	0,224080637097359	3015,625	0,429734319448471					3015,625	0,283160507678986	3015,625	0,478833794593811					3015,625	0,293907850980759	3015,625	0,194216519594193					3015,625	0,299507170915604	
3018,75	0,293867975473404					3018,75	0,57493269443512	3018,75	1,14643633365631					3018,75	0,752854526042938	3018,75	1,3951244354248					3018,75	1,59146249294281	3018,75	1,72737812995911					3018,75	1,8914794921875	3018,75	0,0756182223558426					3018,75	0,224141776561737	3018,75	0,432157576084137					3018,75	0,284162253141403	3018,75	0,481533527374268					3018,75	0,296180099248886	3018,75	0,196855098009109					3018,75	0,304505288600922	
3021,875	0,293322384357452					3021,875	0,574303805828094	3021,875	1,14657700061798					3021,875	0,752891004085541	3021,875	1,39510655403137					3021,875	1,59340834617615	3021,875	1,72786009311676					3021,875	1,89375388622284	3021,875	0,0764057636260986					3021,875	0,224845722317696	3021,875	0,435040503740311					3021,875	0,285541146993637	3021,875	0,483840197324753					3021,875	0,297630548477173	3021,875	0,198293477296829					3021,875	0,307015269994736	
3025	0,299708187580109					3025	0,581281900405884	3025	1,15602004528046					3025	0,760705232620239	3025	1,40139591693878					3025	1,59252667427063	3025	1,72531974315643					3025	1,89044010639191	3025	0,0851612538099289					3025	0,232613101601601	3025	0,435197532176971					3025	0,290548801422119	3025	0,476905077695847					3025	0,288531839847565	3025	0,186754018068314					3025	0,288817971944809	
3028,125	0,297018229961395					3028,125	0,577809751033783	3028,125	1,15307009220123					3028,125	0,757417440414429	3028,125	1,39755356311798					3028,125	1,5919463634491	3028,125	1,72561872005463					3028,125	1,89189827442169	3028,125	0,082804799079895					3028,125	0,230556160211563	3028,125	0,438737690448761					3028,125	0,290712922811508	3028,125	0,482370555400848					3028,125	0,294062167406082	3028,125	0,193689599633217					3028,125	0,299660444259644	
3031,25	0,296714872121811					3031,25	0,577219188213348	3031,25	1,15422475337982					3031,25	0,756935358047485	3031,25	1,39642608165741					3031,25	1,59293329715729	3031,25	1,72632265090942					3031,25	1,89123320579529	3031,25	0,0832767933607101					3031,25	0,231302663683891	3031,25	0,441886484622955					3031,25	0,291918694972992	3031,25	0,484914600849152					3031,25	0,296878576278687	3031,25	0,195200622081757					3031,25	0,302865087985992	
3034,375	0,29804328083992					3034,375	0,578185975551605	3034,375	1,15657496452332					3034,375	0,758346140384674	3034,375	1,39602565765381					3034,375	1,59125459194183	3034,375	1,722820520401					3034,375	1,88880586624146	3034,375	0,0841501802206039					3034,375	0,232162058353424	3034,375	0,44211533665657					3034,375	0,292852491140366	3034,375	0,485441386699677					3034,375	0,296338319778442	3034,375	0,19599524140358					3034,375	0,305036634206772	
3037,5	0,298390716314316					3037,5	0,578605592250824	3037,5	1,15890455245972					3037,5	0,759778141975403	3037,5	1,39636147022247					3037,5	1,59279155731201	3037,5	1,72031104564667					3037,5	1,88979804515839	3037,5	0,0858432576060295					3037,5	0,233893156051636	3037,5	0,442982137203217					3037,5	0,29422864317894	3037,5	0,487453699111938					3037,5	0,295147925615311	3037,5	0,1963721960783					3037,5	0,306526362895966	
3040,625	0,300056934356689					3040,625	0,580012857913971	3040,625	1,16309201717377					3040,625	0,7622389793396	3040,625	1,39718186855316					3040,625	1,59450495243073	3040,625	1,72111392021179					3040,625	1,88913607597351	3040,625	0,0898233652114868					3040,625	0,237702175974846	3040,625	0,443962603807449					3040,625	0,297582656145096	3040,625	0,48823282122612					3040,625	0,295700043439865	3040,625	0,193221122026443					3040,625	0,302417039871216	
3043,75	0,297652542591095					3043,75	0,577722489833832	3043,75	1,16237509250641					3043,75	0,760207056999207	3043,75	1,39603459835052					3043,75	1,59475946426392	3043,75	1,72382831573486					3043,75	1,89197254180908	3043,75	0,0893331244587898					3043,75	0,237590834498405	3043,75	0,446319878101349					3043,75	0,298095911741257	3043,75	0,491919547319412					3043,75	0,299124658107758	3043,75	0,195237696170807					3043,75	0,306152582168579	
3046,875	0,296815186738968					3046,875	0,577071189880371	3046,875	1,16498756408691					3046,875	0,760888695716858	3046,875	1,39838099479675					3046,875	1,59827625751495	3046,875	1,72511911392212					3046,875	1,89459502696991	3046,875	0,0922994464635849					3046,875	0,24095144867897	3046,875	0,449194222688675					3046,875	0,301598280668259	3046,875	0,495113104581833					3046,875	0,298449277877808	3046,875	0,192666545510292					3046,875	0,305198669433594	
3050	0,297595411539078					3050	0,577868640422821	3050	1,16525733470917					3050	0,762595653533936	3050	1,39843022823334					3050	1,59894382953644	3050	1,72421503067017					3050	1,89344155788422	3050	0,0927492082118988					3050	0,241511389613152	3050	0,448516935110092					3050	0,30195739865303	3050	0,495929956436157					3050	0,298558354377747	3050	0,194498300552368					3050	0,30775773525238	
3053,125	0,299955695867538					3053,125	0,580343425273895	3053,125	1,16589939594269					3053,125	0,763954997062683	3053,125	1,39792287349701					3053,125	1,59578740596771	3053,125	1,72261297702789					3053,125	1,89245700836182	3053,125	0,0941030159592628					3053,125	0,242620199918747	3053,125	0,445954263210297					3053,125	0,302046239376068	3053,125	0,49491012096405					3053,125	0,298512041568756	3053,125	0,19487752020359					3053,125	0,308358728885651	
3056,25	0,298651814460754					3056,25	0,57917332649231	3056,25	1,16778182983398					3056,25	0,763953328132629	3056,25	1,39836895465851					3056,25	1,59771811962128	3056,25	1,7225626707077					3056,25	1,89440441131592	3056,25	0,0964629575610161					3056,25	0,245334580540657	3056,25	0,448956996202469					3056,25	0,304573804140091	3056,25	0,497056484222412					3056,25	0,299775511026382	3056,25	0,195951148867607					3056,25	0,308040112257004	
3059,375	0,29987958073616					3059,375	0,580616414546967	3059,375	1,16820788383484					3059,375	0,765843033790588	3059,375	1,39962029457092					3059,375	1,59906280040741	3059,375	1,72055876255035					3059,375	1,89196884632111	3059,375	0,0975423827767372					3059,375	0,246933609247208	3059,375	0,448167741298676					3059,375	0,305210590362549	3059,375	0,498110145330429					3059,375	0,297946780920029	3059,375	0,194976508617401					3059,375	0,307355463504791	
3062,5	0,301377058029175					3062,5	0,582396507263184	3062,5	1,16942715644836					3062,5	0,767960965633392	3062,5	1,40005815029144					3062,5	1,59933161735535	3062,5	1,71992886066437					3062,5	1,89116394519806	3062,5	0,0998782068490982					3062,5	0,249174505472183	3062,5	0,447378098964691					3062,5	0,306773722171783	3062,5	0,498769611120224					3062,5	0,29715821146965	3062,5	0,193935498595238					3062,5	0,305132120847702	
3065,625	0,302332490682602					3065,625	0,581859469413757	3065,625	1,16849279403687					3065,625	0,767427027225494	3065,625	1,39801466464996					3065,625	1,59843158721924	3065,625	1,72052323818207					3065,625	1,89025783538818	3065,625	0,0981769114732742					3065,625	0,247911930084229	3065,625	0,447889715433121					3065,625	0,305335342884064	3065,625	0,49929490685463					3065,625	0,300124496221542	3065,625	0,196702226996422					3065,625	0,309505969285965	
3068,75	0,303185522556305					3068,75	0,582898080348969	3068,75	1,16874670982361					3068,75	0,768212556838989	3068,75	1,39933228492737					3068,75	1,59812247753143	3068,75	1,71838223934174					3068,75	1,8898868560791	3068,75	0,101427413523197					3068,75	0,250537753105164	3068,75	0,44847047328949					3068,75	0,306959837675095	3068,75	0,500741362571716					3068,75	0,299834102392197	3068,75	0,196766495704651					3068,75	0,309973150491714	
3071,875	0,302172094583511					3071,875	0,583074808120728	3071,875	1,16876995563507					3071,875	0,769021272659302	3071,875	1,39902329444885					3071,875	1,59861588478088	3071,875	1,71913957595825					3071,875	1,88985681533813	3071,875	0,103606194257736					3071,875	0,252626955509186	3071,875	0,450707167387009					3071,875	0,30893936753273	3071,875	0,503225326538086					3071,875	0,300689190626144	3071,875	0,195896908640862					3071,875	0,310241878032684	
3075	0,299592435359955					3075	0,58109587430954	3075	1,16970002651215					3075	0,768391847610474	3075	1,40112590789795					3075	1,60291993618011	3075	1,72146558761597					3075	1,89212441444397	3075	0,105518162250519					3075	0,255659341812134	3075	0,454518437385559					3075	0,312389522790909	3075	0,507086157798767					3075	0,301758319139481	3075	0,195851236581802					3075	0,312316119670868	
3078,125	0,300814419984818					3078,125	0,582396864891052	3078,125	1,17078232765198					3078,125	0,77006995677948	3078,125	1,40312826633453					3078,125	1,60289549827576	3078,125	1,71908390522003					3078,125	1,89026212692261	3078,125	0,10707338899374					3078,125	0,257674664258957	3078,125	0,454923778772354					3078,125	0,313639968633652	3078,125	0,507382273674011					3078,125	0,300158888101578	3078,125	0,196003824472427					3078,125	0,311700463294983	
3081,25	0,303525179624558					3081,25	0,584220290184021	3081,25	1,17125535011292					3081,25	0,771706163883209	3081,25	1,4016637802124					3081,25	1,60095059871674	3081,25	1,71604299545288					3081,25	1,88534808158875	3081,25	0,107618756592274					3081,25	0,257923007011414	3081,25	0,45387476682663					3081,25	0,313895106315613	3081,25	0,506807327270508					3081,25	0,298729509115219	3081,25	0,196833029389381					3081,25	0,309331834316254	
3084,375	0,303243309259415					3084,375	0,584339082241058	3084,375	1,17268145084381					3084,375	0,772281765937805	3084,375	1,40153229236603					3084,375	1,60226082801819	3084,375	1,71526718139648					3084,375	1,88813757896423	3084,375	0,11065174639225					3084,375	0,260358572006226	3084,375	0,454519957304001					3084,375	0,315987437963486	3084,375	0,508128821849823					3084,375	0,297424584627151	3084,375	0,197186172008514					3084,375	0,3075992166996	
3087,5	0,300892353057861					3087,5	0,581921756267548	3087,5	1,17094910144806					3087,5	0,769752323627472	3087,5	1,40156972408295					3087,5	1,6048526763916	3087,5	1,72026836872101					3087,5	1,89352643489838	3087,5	0,111384898424149					3087,5	0,261970311403275	3087,5	0,459141969680786					3087,5	0,317973494529724	3087,5	0,51202929019928					3087,5	0,299823313951492	3087,5	0,198856383562088					3087,5	0,310783505439758	
3090,625	0,301575034856796					3090,625	0,581588447093964	3090,625	1,16960895061493					3090,625	0,769660294055939	3090,625	1,39907348155975					3090,625	1,60325646400452	3090,625	1,71847128868103					3090,625	1,89271450042725	3090,625	0,110217407345772					3090,625	0,261533260345459	3090,625	0,459492892026901					3090,625	0,317246198654175	3090,625	0,515164256095886					3090,625	0,303103059530258	3090,625	0,202003911137581					3090,625	0,315380752086639	
3093,75	0,300719320774078					3093,75	0,582590043544769	3093,75	1,17261791229248					3093,75	0,771467924118042	3093,75	1,40335810184479					3093,75	1,60411024093628	3093,75	1,71838581562042					3093,75	1,89163076877594	3093,75	0,113925412297249					3093,75	0,265703409910202	3093,75	0,46127313375473					3093,75	0,320419669151306	3093,75	0,516364455223084					3093,75	0,301142156124115	3093,75	0,198163434863091					3093,75	0,311769783496857	
3096,875	0,302273601293564					3096,875	0,584399521350861	3096,875	1,1727100610733					3096,875	0,773648738861084	3096,875	1,40467262268066					3096,875	1,60331702232361	3096,875	1,71669983863831					3096,875	1,8899894952774	3096,875	0,116621285676956					3096,875	0,267055958509445	3096,875	0,462085485458374					3096,875	0,321666568517685	3096,875	0,514480829238892					3096,875	0,300256550312042	3096,875	0,196474596858025					3096,875	0,311332494020462	
3100	0,303192764520645					3100	0,584708988666534	3100	1,17204487323761					3100	0,773903787136078	3100	1,40461981296539					3100	1,602215051651	3100	1,71692562103271					3100	1,89078164100647	3100	0,117842197418213					3100	0,268460541963577	3100	0,462968617677689					3100	0,322708070278168	3100	0,513738930225372					3100	0,301132291555405	3100	0,199523836374283					3100	0,31413671374321	
3103,125	0,301348477602005					3103,125	0,583200216293335	3103,125	1,17154371738434					3103,125	0,772444188594818	3103,125	1,40470349788666					3103,125	1,60581767559052	3103,125	1,71846163272858					3103,125	1,89130055904388	3103,125	0,117902964353561					3103,125	0,269277274608612	3103,125	0,464607506990433					3103,125	0,323879808187485	3103,125	0,516610622406006					3103,125	0,303501754999161	3103,125	0,200047016143799					3103,125	0,315639197826386	
3106,25	0,300988882780075					3106,25	0,58357959985733	3106,25	1,17245757579803					3106,25	0,77302223443985	3106,25	1,40470683574677					3106,25	1,60661637783051	3106,25	1,71804523468018					3106,25	1,89065456390381	3106,25	0,119271814823151					3106,25	0,271198511123657	3106,25	0,466250747442245					3106,25	0,325327277183533	3106,25	0,519537389278412					3106,25	0,303655117750168	3106,25	0,199811339378357					3106,25	0,31770932674408	
3109,375	0,300942540168762					3109,375	0,583962440490723	3109,375	1,17348158359528					3109,375	0,774080872535706	3109,375	1,40416097640991					3109,375	1,60541939735413	3109,375	1,71827220916748					3109,375	1,89151871204376	3109,375	0,120924271643162					3109,375	0,273668646812439	3109,375	0,468212217092514					3109,375	0,327469319105148	3109,375	0,521676898002625					3109,375	0,304831236600876	3109,375	0,201372548937798					3109,375	0,318740576505661	
3112,5	0,299092769622803					3112,5	0,582528114318848	3112,5	1,17355799674988					3112,5	0,77345335483551	3112,5	1,40602743625641					3112,5	1,60844898223877	3112,5	1,72011041641235					3112,5	1,8969053030014	3112,5	0,121443122625351					3112,5	0,275779545307159	3112,5	0,471968978643417					3112,5	0,330031663179398	3112,5	0,524010300636292					3112,5	0,307628601789474	3112,5	0,201750129461288					3112,5	0,319554060697556	
3115,625	0,300808191299438					3115,625	0,586251974105835	3115,625	1,17670214176178					3115,625	0,775526225566864	3115,625	1,41071176528931					3115,625	1,60984981060028	3115,625	1,71788442134857					3115,625	1,89624989032745	3115,625	0,127392619848251					3115,625	0,280065923929214	3115,625	0,472246050834656					3115,625	0,333224564790726	3115,625	0,522032380104065					3115,625	0,30342236161232	3115,625	0,197809174656868					3115,625	0,31198450922966	
3118,75	0,301762759685516					3118,75	0,586761772632599	3118,75	1,17605555057526					3118,75	0,77668160200119	3118,75	1,4085545539856					3118,75	1,60837471485138	3118,75	1,71600353717804					3118,75	1,89306390285492	3118,75	0,12763400375843					3118,75	0,279266446828842	3118,75	0,471104383468628					3118,75	0,333051234483719	3118,75	0,522854208946228					3118,75	0,3035509288311	3118,75	0,198804602026939					3118,75	0,314022332429886	
3121,875	0,304319739341736					3121,875	0,589015364646912	3121,875	1,17733299732208					3121,875	0,778782367706299	3121,875	1,40780162811279					3121,875	1,60589957237244	3121,875	1,71302628517151					3121,875	1,88805830478668	3121,875	0,129600197076797					3121,875	0,280486911535263	3121,875	0,470863103866577					3121,875	0,334200114011765	3121,875	0,522793889045715					3121,875	0,302717089653015	3121,875	0,198717221617699					3121,875	0,31453475356102	
3125	0,303385436534882					3125	0,587279200553894	3125	1,17387115955353					3125	0,775901734828949	3125	1,40614485740662					3125	1,60617625713348	3125	1,71401393413544					3125	1,88686859607697	3125	0,126033946871758					3125	0,278761625289917	3125	0,473332941532135					3125	0,332939505577087	3125	0,525312662124634					3125	0,307816445827484	3125	0,204793095588684					3125	0,320894598960876	
3128,125	0,302766084671021					3128,125	0,586834788322449	3128,125	1,17501521110535					3128,125	0,776698350906372	3128,125	1,40933871269226					3128,125	1,60912144184113	3128,125	1,71612596511841					3128,125	1,89105832576752	3128,125	0,129625365138054					3128,125	0,282308280467987	3128,125	0,476538002490997					3128,125	0,335698038339615	3128,125	0,526640772819519					3128,125	0,308898568153381	3128,125	0,202729195356369					3128,125	0,320112526416779	
3131,25	0,300728380680084					3131,25	0,585407555103302	3131,25	1,17569410800934					3131,25	0,776467204093933	3131,25	1,4112948179245					3131,25	1,61111164093018	3131,25	1,71734023094177					3131,25	1,89545702934265	3131,25	0,13238038122654					3131,25	0,285985708236694	3131,25	0,478364199399948					3131,25	0,340102523565292	3131,25	0,53041011095047					3131,25	0,308021008968353	3131,25	0,202455744147301					3131,25	0,319240391254425	
3134,375	0,302796244621277					3134,375	0,588368356227875	3134,375	1,17815268039703					3134,375	0,78007572889328	3134,375	1,41236364841461					3134,375	1,61247599124908	3134,375	1,71533930301666					3134,375	1,89495122432709	3134,375	0,135833755135536					3134,375	0,288581281900406	3134,375	0,478279024362564					3134,375	0,341085463762283	3134,375	0,530513823032379					3134,375	0,306865304708481	3134,375	0,202975675463676					3134,375	0,318961769342422	
3137,5	0,306257396936417					3137,5	0,590629637241364	3137,5	1,17649221420288					3137,5	0,780104875564575	3137,5	1,40694713592529					3137,5	1,61006736755371	3137,5	1,71157157421112					3137,5	1,890904545784	3137,5	0,132963538169861					3137,5	0,285758346319199	3137,5	0,476024121046066					3137,5	0,337398797273636	3137,5	0,529981255531311					3137,5	0,307032227516174	3137,5	0,205672606825829					3137,5	0,322893142700195	
3140,625	0,303551107645035					3140,625	0,589277863502502	3140,625	1,17892467975616					3140,625	0,782184720039368	3140,625	1,41233515739441					3140,625	1,61189830303192	3140,625	1,71346843242645					3140,625	1,89122927188873	3140,625	0,137990891933441					3140,625	0,291180282831192	3140,625	0,479899227619171					3140,625	0,343083173036575	3140,625	0,530018866062164					3140,625	0,305945426225662	3140,625	0,202204689383507					3140,625	0,320144057273865	
3143,75	0,303207278251648					3143,75	0,589261949062347	3143,75	1,17941033840179					3143,75	0,781554579734802	3143,75	1,41344237327576					3143,75	1,61237144470215	3143,75	1,71416413784027					3143,75	1,89015781879425	3143,75	0,137770518660545					3143,75	0,291243582963943	3143,75	0,481767624616623					3143,75	0,344142764806747	3143,75	0,532590091228485					3143,75	0,307705044746399	3143,75	0,204194277524948					3143,75	0,320384711027145	
3146,875	0,303532332181931					3146,875	0,589649200439453	3146,875	1,18020248413086					3146,875	0,781289875507355	3146,875	1,41371393203735					3146,875	1,61261820793152	3146,875	1,7133674621582					3146,875	1,88876092433929	3146,875	0,138899624347687					3146,875	0,292693018913269	3146,875	0,482904046773911					3146,875	0,344551235437393	3146,875	0,533388018608093					3146,875	0,308896660804749	3146,875	0,204864621162415					3146,875	0,321122914552689	
3150	0,303985804319382					3150	0,591370463371277	3150	1,1800194978714					3150	0,783886313438416	3150	1,41368925571442					3150	1,61356031894684	3150	1,71381187438965					3150	1,88924944400787	3150	0,141345500946045					3150	0,294578343629837	3150	0,482784569263458					3150	0,345266371965408	3150	0,533255755901337					3150	0,308644443750381	3150	0,204462081193924					3150	0,321857988834381	
3153,125	0,301121056079865					3153,125	0,589660704135895	3153,125	1,18246603012085					3153,125	0,783329963684082	3153,125	1,41535198688507					3153,125	1,61571323871613	3153,125	1,71814835071564					3153,125	1,89272689819336	3153,125	0,146271467208862					3153,125	0,29838091135025	3153,125	0,4859659075737					3153,125	0,349487274885178	3153,125	0,537660002708435					3153,125	0,306996434926987	3153,125	0,202369958162308					3153,125	0,318045943975449	
3156,25	0,309234857559204					3156,25	0,594404220581055	3156,25	1,18288624286652					3156,25	0,786397933959961	3156,25	1,41093969345093					3156,25	1,60892498493195	3156,25	1,712646484375					3156,25	1,88573038578033	3156,25	0,144954174757004					3156,25	0,295827567577362	3156,25	0,483918905258179					3156,25	0,346483051776886	3156,25	0,534740567207336					3156,25	0,308366000652313	3156,25	0,206596821546555					3156,25	0,321698665618896	
3159,375	0,30853408575058					3159,375	0,594607532024384	3159,375	1,18533539772034					3159,375	0,786852657794952	3159,375	1,41411399841309					3159,375	1,61151170730591	3159,375	1,71364367008209					3159,375	1,88817226886749	3159,375	0,149028763175011					3159,375	0,299722254276276	3159,375	0,485519886016846					3159,375	0,349146276712418	3159,375	0,536834716796875					3159,375	0,309290170669556	3159,375	0,205974757671356					3159,375	0,320754289627075	
3162,5	0,307325273752213					3162,5	0,594783067703247	3162,5	1,18557524681091					3162,5	0,786718547344208	3162,5	1,41504681110382					3162,5	1,61227929592133	3162,5	1,71451139450073					3162,5	1,88519525527954	3162,5	0,150784507393837					3162,5	0,301888942718506	3162,5	0,485629111528397					3162,5	0,350763976573944	3162,5	0,538925409317017					3162,5	0,308705657720566	3162,5	0,20676788687706					3162,5	0,318871259689331	
3165,625	0,306377649307251					3165,625	0,594075858592987	3165,625	1,18421423435211					3165,625	0,78697794675827	3165,625	1,41691827774048					3165,625	1,61115062236786	3165,625	1,7103499174118					3165,625	1,88282299041748	3165,625	0,150221630930901					3165,625	0,301813364028931	3165,625	0,485894560813904					3165,625	0,352124094963074	3165,625	0,539449334144592					3165,625	0,308301508426666	3165,625	0,208811372518539					3165,625	0,316671013832092	
3168,75	0,304832190275192					3168,75	0,59352844953537	3168,75	1,18519604206085					3168,75	0,786753952503204	3168,75	1,42020010948181					3168,75	1,61676669120789	3168,75	1,71247756481171					3168,75	1,89118003845215	3168,75	0,155261486768723					3168,75	0,305796504020691	3168,75	0,489755421876907					3168,75	0,357025802135468	3168,75	0,540212631225586					3168,75	0,309085309505463	3168,75	0,208469644188881					3168,75	0,321795701980591	
3171,875	0,303976267576218					3171,875	0,594412684440613	3171,875	1,18618094921112					3171,875	0,787792861461639	3171,875	1,41858434677124					3171,875	1,61605989933014	3171,875	1,71182668209076					3171,875	1,89189958572388	3171,875	0,155997678637505					3171,875	0,307753026485443	3171,875	0,492225736379623					3171,875	0,358026385307312	3171,875	0,540292382240295					3171,875	0,308461278676987	3171,875	0,205435663461685					3171,875	0,321528524160385	
3175	0,305913358926773					3175	0,595871388912201	3175	1,18441128730774					3175	0,788941442966461	3175	1,41514146327972					3175	1,61196005344391	3175	1,71004998683929					3175	1,88805329799652	3175	0,156234428286552					3175	0,30623197555542	3175	0,490861535072327					3175	0,35658010840416	3175	0,54127311706543					3175	0,310770690441132	3175	0,20608913898468					3175	0,323288708925247	
3178,125	0,303908050060272					3178,125	0,591641485691071	3178,125	1,19020557403564					3178,125	0,788097262382507	3178,125	1,42106461524963					3178,125	1,61892795562744	3178,125	1,71545302867889					3178,125	1,89567148685455	3178,125	0,160666555166245					3178,125	0,311055570840836	3178,125	0,496250927448273					3178,125	0,36274591088295	3178,125	0,546690940856934					3178,125	0,310539424419403	3178,125	0,20285253226757					3178,125	0,316476494073868	
3181,25	0,304444879293442					3181,25	0,592452943325043	3181,25	1,18736469745636					3181,25	0,786303341388702	3181,25	1,42009079456329					3181,25	1,61709666252136	3181,25	1,7143007516861					3181,25	1,89094018936157	3181,25	0,156027778983116					3181,25	0,30839791893959	3181,25	0,495373070240021					3181,25	0,359537214040756	3181,25	0,545831263065338					3181,25	0,314839988946915	3181,25	0,211714863777161					3181,25	0,324274897575378	
3184,375	0,304283559322357					3184,375	0,594542324542999	3184,375	1,18895399570465					3184,375	0,789346873760223	3184,375	1,42172944545746					3184,375	1,61427116394043	3184,375	1,71094453334808					3184,375	1,88561856746674	3184,375	0,162114515900612					3184,375	0,3116415143013	3184,375	0,495419174432755					3184,375	0,361478507518768	3184,375	0,542468369007111					3184,375	0,312202304601669	3184,375	0,210858345031738					3184,375	0,317843288183212	
3187,5	0,302752822637558					3187,5	0,593795239925385	3187,5	1,18837523460388					3187,5	0,788734972476959	3187,5	1,42015779018402					3187,5	1,61656033992767	3187,5	1,71779453754425					3187,5	1,89085340499878	3187,5	0,163433194160461					3187,5	0,314150869846344	3187,5	0,498756885528564					3187,5	0,364088743925095	3187,5	0,548572182655334					3187,5	0,314279139041901	3187,5	0,210385099053383					3187,5	0,323290467262268	
3190,625	0,306354314088821					3190,625	0,596722543239594	3190,625	1,18593430519104					3190,625	0,791069686412811	3190,625	1,41726303100586					3190,625	1,61559200286865	3190,625	1,71432566642761					3190,625	1,88882637023926	3190,625	0,159641057252884					3190,625	0,310971051454544	3190,625	0,497836977243423					3190,625	0,36260387301445	3190,625	0,54869669675827					3190,625	0,315196722745895	3190,625	0,214047759771347					3190,625	0,324734061956406	
3193,75	0,303164541721344					3193,75	0,594753742218018	3193,75	1,18538892269135					3193,75	0,789020717144012	3193,75	1,41872489452362					3193,75	1,6171133518219	3193,75	1,7141010761261					3193,75	1,88784325122833	3193,75	0,161560162901878					3193,75	0,313488900661469	3193,75	0,498946338891983					3193,75	0,36410915851593	3193,75	0,550022661685944					3193,75	0,314060658216476	3193,75	0,218196034431458					3193,75	0,323081761598587	
3196,875	0,302912414073944					3196,875	0,595094561576843	3196,875	1,18792116641998					3196,875	0,78953605890274	3196,875	1,42085087299347					3196,875	1,62044739723206	3196,875	1,71795129776001					3196,875	1,89053153991699	3196,875	0,16546793282032					3196,875	0,316202014684677	3196,875	0,499717712402344					3196,875	0,367624700069427	3196,875	0,550307095050812					3196,875	0,313597232103348	3196,875	0,216759547591209					3196,875	0,323746770620346	
3200	0,306926339864731					3200	0,597867250442505	3200	1,18813586235046					3200	0,792228758335114	3200	1,4196914434433					3200	1,61920177936554	3200	1,71753454208374					3200	1,88760364055634	3200	0,165822416543961					3200	0,315822422504425	3200	0,499527871608734					3200	0,368067502975464	3200	0,548620104789734					3200	0,311874449253082	3200	0,214262798428535					3200	0,32441857457161	
3203,125	0,309441745281219					3203,125	0,600785493850708	3203,125	1,19132936000824					3203,125	0,794852554798126	3203,125	1,4216285943985					3203,125	1,62019753456116	3203,125	1,71725416183472					3203,125	1,88714575767517	3203,125	0,167920768260956					3203,125	0,316807955503464	3203,125	0,499617546796799					3203,125	0,369171112775803	3203,125	0,550394177436829					3203,125	0,308688759803772	3203,125	0,211428597569466					3203,125	0,320412665605545	
3206,25	0,307180374860764					3206,25	0,598659574985504	3206,25	1,19110071659088					3206,25	0,793330430984497	3206,25	1,42510843276978					3206,25	1,62150502204895	3206,25	1,72057318687439					3206,25	1,89007449150085	3206,25	0,16872276365757					3206,25	0,318873822689056	3206,25	0,503726065158844					3206,25	0,370635390281677	3206,25	0,552667558193207					3206,25	0,314294517040253	3206,25	0,215642869472504					3206,25	0,326384037733078	
3209,375	0,303348243236542					3209,375	0,596213519573212	3209,375	1,19122862815857					3209,375	0,792726278305054	3209,375	1,4246689081192					3209,375	1,62360167503357	3209,375	1,71898019313812					3209,375	1,89016628265381	3209,375	0,171367093920708					3209,375	0,322571367025375	3209,375	0,506210684776306					3209,375	0,37284991145134	3209,375	0,550885081291199					3209,375	0,314941257238388	3209,375	0,213050112128258					3209,375	0,325988084077835	
3212,5	0,305828362703323					3212,5	0,597661733627319	3212,5	1,18929529190063					3212,5	0,793225288391113	3212,5	1,42146277427673					3212,5	1,61776828765869	3212,5	1,71570587158203					3212,5	1,88439762592316	3212,5	0,172007367014885					3212,5	0,32272481918335	3212,5	0,502982378005981					3212,5	0,372002065181732	3212,5	0,548313736915588					3212,5	0,31471586227417	3212,5	0,213579058647156					3212,5	0,327167063951492	
3215,625	0,307459563016891					3215,625	0,599670827388763	3215,625	1,19051229953766					3215,625	0,795086860656738	3215,625	1,42363941669464					3215,625	1,61503314971924	3215,625	1,71609151363373					3215,625	1,88283205032349	3215,625	0,175227865576744					3215,625	0,323952734470367	3215,625	0,501553058624268					3215,625	0,374344080686569	3215,625	0,548679888248444					3215,625	0,31447571516037	3215,625	0,212314248085022					3215,625	0,322621166706085	
3218,75	0,311922967433929					3218,75	0,603687167167664	3218,75	1,19254899024963					3218,75	0,797552406787872	3218,75	1,4242901802063					3218,75	1,61515772342682	3218,75	1,71375644207001					3218,75	1,88157963752747	3218,75	0,177214309573174					3218,75	0,32332444190979	3218,75	0,500731110572815					3218,75	0,374933511018753	3218,75	0,547737777233124					3218,75	0,310530960559845	3218,75	0,210524201393127					3218,75	0,318183660507202	
3221,875	0,308292895555496					3221,875	0,600852370262146	3221,875	1,19046807289124					3221,875	0,797338366508484	3221,875	1,4199093580246					3221,875	1,61679065227509	3221,875	1,7185230255127					3221,875	1,88228917121887	3221,875	0,174653142690659					3221,875	0,321928381919861	3221,875	0,50481128692627					3221,875	0,375633627176285	3221,875	0,548512279987335					3221,875	0,314314633607864	3221,875	0,211463019251823					3221,875	0,323954492807388	
3225	0,307779163122177					3225	0,598691582679749	3225	1,19149827957153					3225	0,797521114349365	3225	1,41980493068695					3225	1,61627995967865	3225	1,71494555473328					3225	1,87816369533539	3225	0,178519517183304					3225	0,326655447483063	3225	0,5058473944664					3225	0,377375453710556	3225	0,551109850406647					3225	0,312931835651398	3225	0,210186958312988					3225	0,322647720575333	
3228,125	0,305676519870758					3228,125	0,597204267978668	3228,125	1,18851101398468					3228,125	0,796661376953125	3228,125	1,42278826236725					3228,125	1,61880135536194	3228,125	1,7182822227478					3228,125	1,87923645973206	3228,125	0,178884252905846					3228,125	0,327521115541458	3228,125	0,506340146064758					3228,125	0,378899872303009	3228,125	0,552129209041595					3228,125	0,316060960292816	3228,125	0,211509793996811					3228,125	0,326872229576111	
3231,25	0,306629180908203					3231,25	0,596871197223663	3231,25	1,18566799163818					3231,25	0,794639348983765	3231,25	1,42130076885223					3231,25	1,61622405052185	3231,25	1,71989965438843					3231,25	1,87667047977448	3231,25	0,176955908536911					3231,25	0,325609892606735	3231,25	0,505334138870239					3231,25	0,381805956363678	3231,25	0,556832253932953					3231,25	0,317585617303848	3231,25	0,215478718280792					3231,25	0,33059486746788	
3234,375	0,306157320737839					3234,375	0,596931934356689	3234,375	1,19167304039001					3234,375	0,795852184295654	3234,375	1,42758250236511					3234,375	1,62592422962189	3234,375	1,72472429275513					3234,375	1,88149917125702	3234,375	0,185595646500587					3234,375	0,331515610218048	3234,375	0,509753584861755					3234,375	0,38512858748436	3234,375	0,554115056991577					3234,375	0,319006055593491	3234,375	0,203281208872795					3234,375	0,322830945253372	
3237,5	0,308696091175079					3237,5	0,598625659942627	3237,5	1,18808245658875					3237,5	0,796594977378845	3237,5	1,42179870605469					3237,5	1,62050271034241	3237,5	1,71919178962708					3237,5	1,87673151493073	3237,5	0,18146601319313					3237,5	0,32647368311882	3237,5	0,507627367973328					3237,5	0,382244557142258	3237,5	0,553808927536011					3237,5	0,317766845226288	3237,5	0,209210962057114					3237,5	0,329111099243164	
3240,625	0,304811358451843					3240,625	0,596536040306091	3240,625	1,1891086101532					3240,625	0,79802805185318	3240,625	1,42225253582001					3240,625	1,62072265148163	3240,625	1,72221410274506					3240,625	1,880526304245	3240,625	0,182731002569199					3240,625	0,330367475748062	3240,625	0,511332750320435					3240,625	0,384534806013107	3240,625	0,556325435638428					3240,625	0,313191652297974	3240,625	0,207890927791595					3240,625	0,328343391418457	
3243,75	0,302855551242828					3243,75	0,59653902053833	3243,75	1,1871771812439					3243,75	0,796762526035309	3243,75	1,42156517505646					3243,75	1,61654663085938	3243,75	1,72108852863312					3243,75	1,87719535827637	3243,75	0,183981105685234					3243,75	0,331853359937668	3243,75	0,511890172958374					3243,75	0,383898377418518	3243,75	0,559751570224762					3243,75	0,318517684936523	3243,75	0,20993135869503					3243,75	0,33307284116745	
3246,875	0,301482617855072					3246,875	0,595174968242645	3246,875	1,18677711486816					3246,875	0,797688364982605	3246,875	1,42851436138153					3246,875	1,61962699890137	3246,875	1,72028744220734					3246,875	1,8792952299118	3246,875	0,189755111932755					3246,875	0,333388805389404	3246,875	0,513858377933502					3246,875	0,389684438705444	3246,875	0,561122000217438					3246,875	0,320241063833237	3246,875	0,209658056497574					3246,875	0,334504544734955	
3250	0,304858326911926					3250	0,596656858921051	3250	1,19043076038361					3250	0,798437416553497	3250	1,42249298095703					3250	1,61454129219055	3250	1,72017705440521					3250	1,87697637081146	3250	0,192128583788872					3250	0,334855437278748	3250	0,513645946979523					3250	0,387664467096329	3250	0,552124321460724					3250	0,315101146697998	3250	0,20828078687191					3250	0,324554443359375	
3253,125	0,307386696338654					3253,125	0,598018944263458	3253,125	1,18434453010559					3253,125	0,799525856971741	3253,125	1,41573441028595					3253,125	1,61104714870453	3253,125	1,71349680423737					3253,125	1,86557388305664	3253,125	0,186998948454857					3253,125	0,332332283258438	3253,125	0,512163460254669					3253,125	0,386885136365891	3253,125	0,556143045425415					3253,125	0,316132187843323	3253,125	0,211736887693405					3253,125	0,330521881580353	
3256,25	0,307241469621658					3256,25	0,598073184490204	3256,25	1,18624830245972					3256,25	0,800685524940491	3256,25	1,42310535907745					3256,25	1,61451482772827	3256,25	1,71505677700043					3256,25	1,86961722373962	3256,25	0,192556440830231					3256,25	0,337434321641922	3256,25	0,514315605163574					3256,25	0,3920858502388	3256,25	0,556252658367157					3256,25	0,315880388021469	3256,25	0,20148016512394					3256,25	0,323005557060242	
3259,375	0,306627154350281					3259,375	0,598013281822205	3259,375	1,18899416923523					3259,375	0,798911035060883	3259,375	1,42274272441864					3259,375	1,61551761627197	3259,375	1,7133651971817					3259,375	1,87041258811951	3259,375	0,193212762475014					3259,375	0,33801856637001	3259,375	0,516221880912781					3259,375	0,393997013568878	3259,375	0,554876685142517					3259,375	0,316814601421356	3259,375	0,203019022941589					3259,375	0,324398905038834	
3262,5	0,30188125371933					3262,5	0,594106376171112	3262,5	1,18514358997345					3262,5	0,798775196075439	3262,5	1,41834378242493					3262,5	1,61716377735138	3262,5	1,71635961532593					3262,5	1,86901485919952	3262,5	0,191704913973808					3262,5	0,337878704071045	3262,5	0,518709659576416					3262,5	0,393547892570496	3262,5	0,558957040309906					3262,5	0,322786897420883	3262,5	0,212215930223465					3262,5	0,335978239774704	
3265,625	0,303650170564651					3265,625	0,5939581990242	3265,625	1,18405044078827					3265,625	0,799994051456451	3265,625	1,41813611984253					3265,625	1,61492109298706	3265,625	1,71778774261475					3265,625	1,8687344789505	3265,625	0,192238569259644					3265,625	0,338192373514175	3265,625	0,51887321472168					3265,625	0,393754452466965	3265,625	0,561091125011444					3265,625	0,324296325445175	3265,625	0,207175731658936					3265,625	0,333606749773026	
3268,75	0,302806913852692					3268,75	0,592556893825531	3268,75	1,18793249130249					3268,75	0,801313042640686	3268,75	1,42191636562347					3268,75	1,61748313903809	3268,75	1,71284449100494					3268,75	1,87100613117218	3268,75	0,196139812469482					3268,75	0,342652857303619	3268,75	0,519083440303802					3268,75	0,397040873765945	3268,75	0,563124895095825					3268,75	0,323084652423859	3268,75	0,203124389052391					3268,75	0,329704463481903	
3271,875	0,300584375858307					3271,875	0,591793477535248	3271,875	1,18626940250397					3271,875	0,801634788513184	3271,875	1,41737759113312					3271,875	1,61638212203979	3271,875	1,71252155303955					3271,875	1,87095093727112	3271,875	0,197891265153885					3271,875	0,345463663339615	3271,875	0,521965682506561					3271,875	0,397800147533417	3271,875	0,563804388046265					3271,875	0,323535591363907	3271,875	0,204812362790108					3271,875	0,334725320339203	
3275	0,298232704401016					3275	0,590226173400879	3275	1,18574047088623					3275	0,800275087356567	3275	1,4182562828064					3275	1,61765587329865	3275	1,7148699760437					3275	1,87163114547729	3275	0,200021669268608					3275	0,346843808889389	3275	0,526939153671265					3275	0,399296849966049	3275	0,567215859889984					3275	0,323742002248764	3275	0,205022424459457					3275	0,338497817516327	
3278,125	0,301359295845032					3278,125	0,592416942119598	3278,125	1,18609702587128					3278,125	0,802186250686646	3278,125	1,41992449760437					3278,125	1,61800038814545	3278,125	1,71419036388397					3278,125	1,86762297153473	3278,125	0,202982768416405					3278,125	0,348338305950165	3278,125	0,525724768638611					3278,125	0,400113731622696	3278,125	0,565588176250458					3278,125	0,322281301021576	3278,125	0,201785787940025					3278,125	0,33633691072464	
3281,25	0,303198277950287					3281,25	0,595318078994751	3281,25	1,18833148479462					3281,25	0,804043292999268	3281,25	1,42089462280273					3281,25	1,61823201179504	3281,25	1,7117440700531					3281,25	1,86589276790619	3281,25	0,205514430999756					3281,25	0,350337982177734	3281,25	0,523626744747162					3281,25	0,401227593421936	3281,25	0,56540060043335					3281,25	0,323265254497528	3281,25	0,199734538793564					3281,25	0,335569381713867	
3284,375	0,302761822938919					3284,375	0,594432651996613	3284,375	1,18751883506775					3284,375	0,803463637828827	3284,375	1,42125511169434					3284,375	1,6184253692627	3284,375	1,71142220497131					3284,375	1,86659502983093	3284,375	0,205921202898026					3284,375	0,350883394479752	3284,375	0,526126086711884					3284,375	0,401885390281677	3284,375	0,567326486110687					3284,375	0,32505601644516	3284,375	0,201978176832199					3284,375	0,335683822631836	
3287,5	0,302150309085846					3287,5	0,59320455789566	3287,5	1,18871808052063					3287,5	0,804157555103302	3287,5	1,42174291610718					3287,5	1,61862194538116	3287,5	1,71169435977936					3287,5	1,8697521686554	3287,5	0,208713710308075					3287,5	0,353890776634216	3287,5	0,528031766414642					3287,5	0,403484463691711	3287,5	0,568885385990143					3287,5	0,321882903575897	3287,5	0,197794631123543					3287,5	0,33167839050293	
3290,625	0,303267240524292					3290,625	0,594266951084137	3290,625	1,1884309053421					3290,625	0,805549204349518	3290,625	1,42145049571991					3290,625	1,61644542217255	3290,625	1,70731544494629					3290,625	1,86503195762634	3290,625	0,210861712694168					3290,625	0,355045974254608	3290,625	0,52878350019455					3290,625	0,404161483049393	3290,625	0,570211052894592					3290,625	0,322125226259232	3290,625	0,198470696806908					3290,625	0,333602488040924	
3293,75	0,301778107881546					3293,75	0,59341037273407	3293,75	1,18939459323883					3293,75	0,804878175258636	3293,75	1,42293918132782					3293,75	1,61510694026947	3293,75	1,70551538467407					3293,75	1,86410653591156	3293,75	0,214677155017853					3293,75	0,358243733644485	3293,75	0,532173633575439					3293,75	0,407321184873581	3293,75	0,569409370422363					3293,75	0,322403639554977	3293,75	0,197006419301033					3293,75	0,330975085496902	
3296,875	0,30248698592186					3296,875	0,592921555042267	3296,875	1,18741047382355					3296,875	0,804921388626099	3296,875	1,42034649848938					3296,875	1,61313545703888	3296,875	1,70499193668365					3296,875	1,86231970787048	3296,875	0,214105218648911					3296,875	0,35737282037735	3296,875	0,534101545810699					3296,875	0,407858580350876	3296,875	0,570968985557556					3296,875	0,32566037774086	3296,875	0,200059249997139					3296,875	0,336004018783569	
3300	0,301632314920425					3300	0,591378569602966	3300	1,18608355522156					3300	0,804832279682159	3300	1,4201682806015					3300	1,6140341758728	3300	1,70404136180878					3300	1,86221790313721	3300	0,214300870895386					3300	0,358941078186035	3300	0,534211158752441					3300	0,406757414340973	3300	0,572344839572906					3300	0,324746698141098	3300	0,200544953346252					3300	0,335346847772598	
3303,125	0,300048828125					3303,125	0,590437591075897	3303,125	1,18664395809174					3303,125	0,802815556526184	3303,125	1,42001485824585					3303,125	1,61970770359039	3303,125	1,70717990398407					3303,125	1,86646032333374	3303,125	0,214497476816177					3303,125	0,360834896564484	3303,125	0,537441909313202					3303,125	0,408681273460388	3303,125	0,575371563434601					3303,125	0,32468256354332	3303,125	0,202110141515732					3303,125	0,340056508779526	
3306,25	0,301046192646027					3306,25	0,592653512954712	3306,25	1,18823707103729					3306,25	0,804096698760986	3306,25	1,41998469829559					3306,25	1,61842894554138	3306,25	1,70207631587982					3306,25	1,86203634738922	3306,25	0,219372689723969					3306,25	0,363954871892929	3306,25	0,538237392902374					3306,25	0,413016527891159	3306,25	0,57545679807663					3306,25	0,324185341596603	3306,25	0,202466726303101					3306,25	0,342141807079315	
3309,375	0,301664113998413					3309,375	0,593240141868591	3309,375	1,18845582008362					3309,375	0,805948495864868	3309,375	1,41883146762848					3309,375	1,61552453041077	3309,375	1,69949150085449					3309,375	1,85797667503357	3309,375	0,221851035952568					3309,375	0,365419715642929	3309,375	0,537659645080566					3309,375	0,413811385631561	3309,375	0,574264466762543					3309,375	0,324173212051392	3309,375	0,200076282024384					3309,375	0,337227135896683	
3312,5	0,301571816205978					3312,5	0,592646181583405	3312,5	1,18809795379639					3312,5	0,805399596691132	3312,5	1,4210387468338					3312,5	1,61450219154358	3312,5	1,69891083240509					3312,5	1,8572655916214	3312,5	0,221948742866516					3312,5	0,367087155580521	3312,5	0,539362847805023					3312,5	0,414222031831741	3312,5	0,575058221817017					3312,5	0,32613542675972	3312,5	0,201916888356209					3312,5	0,33523428440094	
3315,625	0,303733974695206					3315,625	0,593102633953094	3315,625	1,18745362758636					3315,625	0,807009935379028	3315,625	1,42050921916962					3315,625	1,61083006858826	3315,625	1,69484186172485					3315,625	1,85497713088989	3315,625	0,222088679671288					3315,625	0,367927759885788	3315,625	0,540554106235504					3315,625	0,414550304412842	3315,625	0,576810956001282					3315,625	0,329059302806854	3315,625	0,205802008509636					3315,625	0,33865150809288	
3318,75	0,299604266881943					3318,75	0,589093148708344	3318,75	1,18680536746979					3318,75	0,805471539497375	3318,75	1,42194485664368					3318,75	1,61283206939697	3318,75	1,69797909259796					3318,75	1,86262714862823	3318,75	0,224473416805267					3318,75	0,369861274957657	3318,75	0,543456792831421					3318,75	0,417172491550446	3318,75	0,580497264862061					3318,75	0,330801427364349	3318,75	0,2066790163517					3318,75	0,342031031847	
3321,875	0,297254830598831					3321,875	0,588714778423309	3321,875	1,18825817108154					3321,875	0,805429220199585	3321,875	1,42421782016754					3321,875	1,61674809455872	3321,875	1,70040965080261					3321,875	1,86408615112305	3321,875	0,228220716118813					3321,875	0,372734218835831	3321,875	0,545720160007477					3321,875	0,420392394065857	3321,875	0,580151081085205					3321,875	0,329583585262299	3321,875	0,203439727425575					3321,875	0,339170783758163	
3325	0,299385994672775					3325	0,591987311840057	3325	1,18967235088348					3325	0,806961357593536	3325	1,42240118980408					3325	1,61567354202271	3325	1,6987065076828					3325	1,85859417915344	3325	0,229700341820717					3325	0,375134944915771	3325	0,545406222343445					3325	0,420544743537903	3325	0,580339312553406					3325	0,330496072769165	3325	0,201945096254349					3325	0,340350180864334	
3328,125	0,300131440162659					3328,125	0,592759788036346	3328,125	1,18852484226227					3328,125	0,806832432746887	3328,125	1,42105329036713					3328,125	1,6131432056427	3328,125	1,69379758834839					3328,125	1,85587275028229	3328,125	0,23037526011467					3328,125	0,375412404537201	3328,125	0,54502272605896					3328,125	0,42082816362381	3328,125	0,581848919391632					3328,125	0,333141714334488	3328,125	0,202314078807831					3328,125	0,342102468013763	
3331,25	0,302973359823227					3331,25	0,59539270401001	3331,25	1,1919926404953					3331,25	0,81093418598175	3331,25	1,42346549034119					3331,25	1,61103165149689	3331,25	1,68844783306122					3331,25	1,85343039035797	3331,25	0,235104948282242					3331,25	0,379814177751541	3331,25	0,54525625705719					3331,25	0,423681259155273	3331,25	0,577037155628204					3331,25	0,329893976449966	3331,25	0,198555812239647					3331,25	0,335727274417877	
3334,375	0,300708740949631					3334,375	0,593323945999146	3334,375	1,19174301624298					3334,375	0,808699071407318	3334,375	1,4232964515686					3334,375	1,61261630058289	3334,375	1,69421291351318					3334,375	1,85344958305359	3334,375	0,235075563192368					3334,375	0,379849225282669	3334,375	0,548546493053436					3334,375	0,425304621458054	3334,375	0,582852005958557					3334,375	0,333593398332596	3334,375	0,206241831183434					3334,375	0,339667409658432	
3337,5	0,298218816518784					3337,5	0,590915143489838	3337,5	1,1915910243988					3337,5	0,806169211864471	3337,5	1,4217848777771					3337,5	1,6158789396286	3337,5	1,69729268550873					3337,5	1,85467195510864	3337,5	0,23607462644577					3337,5	0,381158262491226	3337,5	0,550339818000793					3337,5	0,426889896392822	3337,5	0,586071133613586					3337,5	0,334153145551682	3337,5	0,207251697778702					3337,5	0,343133538961411	
3340,625	0,300564736127853					3340,625	0,592553198337555	3340,625	1,19179081916809					3340,625	0,808310806751251	3340,625	1,42262470722198					3340,625	1,61390101909637	3340,625	1,69156324863434					3340,625	1,85148477554321	3340,625	0,239935144782066					3340,625	0,383625507354736	3340,625	0,55047881603241					3340,625	0,429154753684998	3340,625	0,583351135253906					3340,625	0,330711394548416	3340,625	0,202747091650963					3340,625	0,337786853313446	
3343,75	0,302152395248413					3343,75	0,593662679195404	3343,75	1,18976652622223					3343,75	0,810194551944733	3343,75	1,42156744003296					3343,75	1,60816943645477	3343,75	1,6869785785675					3343,75	1,84886634349823	3343,75	0,24006250500679					3343,75	0,382921248674393	3343,75	0,550447225570679					3343,75	0,429358959197998	3343,75	0,583760976791382					3343,75	0,331956773996353	3343,75	0,205176010727882					3343,75	0,340412050485611	
3346,875	0,299674719572067					3346,875	0,592396199703217	3346,875	1,18769800662994					3346,875	0,80954897403717	3346,875	1,42273104190826					3346,875	1,60877072811127	3346,875	1,68524086475372					3346,875	1,84926557540894	3346,875	0,240064442157745					3346,875	0,384366154670715	3346,875	0,554548501968384					3346,875	0,43055135011673	3346,875	0,588955998420715					3346,875	0,337472349405289	3346,875	0,207808449864388					3346,875	0,346358805894852	
3350	0,298524022102356					3350	0,590636670589447	3350	1,18868434429169					3350	0,8076012134552	3350	1,42167067527771					3350	1,61208486557007	3350	1,68603348731995					3350	1,84995913505554	3350	0,242440149188042					3350	0,38669416308403	3350	0,556158721446991					3350	0,432520508766174	3350	0,593038856983185					3350	0,340582370758057	3350	0,212466910481453					3350	0,348558962345123	
3353,125	0,300681829452515					3353,125	0,592905819416046	3353,125	1,18958497047424					3353,125	0,808975696563721	3353,125	1,4209406375885					3353,125	1,61084520816803	3353,125	1,68461060523987					3353,125	1,84652781486511	3353,125	0,244114190340042					3353,125	0,387073576450348	3353,125	0,553815126419067					3353,125	0,432529211044312	3353,125	0,590047657489777					3353,125	0,340280830860138	3353,125	0,213126078248024					3353,125	0,349066108465195	
3356,25	0,299571216106415					3356,25	0,592520415782928	3356,25	1,19042670726776					3356,25	0,809159636497498	3356,25	1,42186737060547					3356,25	1,61375105381012	3356,25	1,68774628639221					3356,25	1,84816598892212	3356,25	0,246082350611687					3356,25	0,390210688114166	3356,25	0,556995093822479					3356,25	0,43404945731163	3356,25	0,591076970100403					3356,25	0,338904440402985	3356,25	0,209872290492058					3356,25	0,349667578935623	
3359,375	0,300458282232285					3359,375	0,592449724674225	3359,375	1,18961703777313					3359,375	0,809619963169098	3359,375	1,42208087444305					3359,375	1,61034417152405	3359,375	1,68606817722321					3359,375	1,8435423374176	3359,375	0,248089388012886					3359,375	0,392720401287079	3359,375	0,558843791484833					3359,375	0,436557352542877	3359,375	0,59108555316925					3359,375	0,340130358934402	3359,375	0,214051559567451					3359,375	0,347797811031342	
3362,5	0,301356136798859					3362,5	0,592967331409454	3362,5	1,18849945068359					3362,5	0,809975206851959	3362,5	1,42001068592072					3362,5	1,60739886760712	3362,5	1,68165481090546					3362,5	1,83915054798126	3362,5	0,247642740607262					3362,5	0,392368197441101	3362,5	0,558758020401001					3362,5	0,436322063207626	3362,5	0,589841783046722					3362,5	0,341709733009338	3362,5	0,216116890311241					3362,5	0,351096361875534	
3365,625	0,301096260547638					3365,625	0,593570291996002	3365,625	1,19105660915375					3365,625	0,811199009418488	3365,625	1,42174422740936					3365,625	1,60865354537964	3365,625	1,67724800109863					3365,625	1,83714008331299	3365,625	0,252236902713776					3365,625	0,395761758089066	3365,625	0,558024048805237					3365,625	0,439082533121109	3365,625	0,588181138038635					3365,625	0,33491063117981	3365,625	0,212542712688446					3365,625	0,344942778348923	
3368,75	0,299743831157684					3368,75	0,593086779117584	3368,75	1,19076466560364					3368,75	0,810053288936615	3368,75	1,42205274105072					3368,75	1,61007559299469	3368,75	1,67932832241058					3368,75	1,83908236026764	3368,75	0,252053678035736					3368,75	0,395880907773972	3368,75	0,56039822101593					3368,75	0,439981758594513	3368,75	0,591309487819672					3368,75	0,339519143104553	3368,75	0,215694651007652					3368,75	0,346903949975967	
3371,875	0,300025433301926					3371,875	0,593407392501831	3371,875	1,19175612926483					3371,875	0,811846256256104	3371,875	1,42449510097504					3371,875	1,61152577400208	3371,875	1,68058371543884					3371,875	1,84126698970795	3371,875	0,255119115114212					3371,875	0,3988356590271	3371,875	0,562893271446228					3371,875	0,44254058599472	3371,875	0,592358112335205					3371,875	0,34061273932457	3371,875	0,214582622051239					3371,875	0,346590876579285	
3375	0,300405263900757					3375	0,593655943870544	3375	1,19146609306335					3375	0,812456667423248	3375	1,42453634738922					3375	1,60966777801514	3375	1,67973673343658					3375	1,83883190155029	3375	0,256546944379807					3375	0,400160849094391	3375	0,56352174282074					3375	0,443718284368515	3375	0,592394351959229					3375	0,340266823768616	3375	0,214004933834076					3375	0,346520692110062	
3378,125	0,301764845848084					3378,125	0,595143020153046	3378,125	1,19047951698303					3378,125	0,813013255596161	3378,125	1,42250204086304					3378,125	1,60586142539978	3378,125	1,67668092250824					3378,125	1,83233201503754	3378,125	0,256789535284042					3378,125	0,400806754827499	3378,125	0,561742782592773					3378,125	0,442985236644745	3378,125	0,591732144355774					3378,125	0,340385615825653	3378,125	0,215087100863457					3378,125	0,349054008722305	
3381,25	0,300394147634506					3381,25	0,59442937374115	3381,25	1,19303965568542					3381,25	0,813103973865509	3381,25	1,42594385147095					3381,25	1,60701680183411	3381,25	1,67841804027557					3381,25	1,83396434783936	3381,25	0,259907752275467					3381,25	0,4035724401474	3381,25	0,563246071338654					3381,25	0,445331901311874	3381,25	0,591980397701263					3381,25	0,339176118373871	3381,25	0,213940262794495					3381,25	0,346653282642365	
3384,375	0,298932254314423					3384,375	0,593307554721832	3384,375	1,19292974472046					3384,375	0,811753869056702	3384,375	1,42424070835114					3384,375	1,61029601097107	3384,375	1,67937207221985					3384,375	1,83444845676422	3384,375	0,261149287223816					3384,375	0,404572248458862	3384,375	0,566812217235565					3384,375	0,446631133556366	3384,375	0,594285309314728					3384,375	0,342853605747223	3384,375	0,217548251152039					3384,375	0,348558276891708	
3387,5	0,301296591758728					3387,5	0,594871342182159	3387,5	1,1929304599762					3387,5	0,813912391662598	3387,5	1,42279958724976					3387,5	1,60885882377625	3387,5	1,67524266242981					3387,5	1,83051717281342	3387,5	0,262113988399506					3387,5	0,40588304400444	3387,5	0,566924154758453					3387,5	0,446714609861374	3387,5	0,593738675117493					3387,5	0,344639629125595	3387,5	0,217434912919998					3387,5	0,349962651729584	
3390,625	0,300354719161987					3390,625	0,594252407550812	3390,625	1,19126093387604					3390,625	0,813857913017273	3390,625	1,42140328884125					3390,625	1,60581719875336	3390,625	1,67353713512421					3390,625	1,82953798770905	3390,625	0,264363884925842					3390,625	0,408001035451889	3390,625	0,56951892375946					3390,625	0,449735373258591	3390,625	0,59623509645462					3390,625	0,344199955463409	3390,625	0,217830315232277					3390,625	0,351913660764694	
3393,75	0,300672471523285					3393,75	0,594351232051849	3393,75	1,19204270839691					3393,75	0,813963711261749	3393,75	1,42285311222076					3393,75	1,60637974739075	3393,75	1,67465579509735					3393,75	1,82749557495117	3393,75	0,265536308288574					3393,75	0,40938800573349	3393,75	0,569715023040771					3393,75	0,451100826263428	3393,75	0,596473574638367					3393,75	0,344592392444611	3393,75	0,220590621232986					3393,75	0,353217273950577	
3396,875	0,299379348754883					3396,875	0,593526244163513	3396,875	1,19134199619293					3396,875	0,813208878040314	3396,875	1,42117047309875					3396,875	1,60688436031342	3396,875	1,67563223838806					3396,875	1,82767975330353	3396,875	0,266111046075821					3396,875	0,409979641437531	3396,875	0,571385085582733					3396,875	0,451737135648727	3396,875	0,59915566444397					3396,875	0,34945473074913	3396,875	0,223315536975861					3396,875	0,35485377907753	
3400	0,296561121940613					3400	0,592204451560974	3400	1,19141697883606					3400	0,812903165817261	3400	1,42440938949585					3400	1,61139345169067	3400	1,68180763721466					3400	1,83588492870331	3400	0,269980221986771					3400	0,413469791412354	3400	0,577654659748077					3400	0,455483853816986	3400	0,603272557258606					3400	0,349243134260178	3400	0,222482353448868					3400	0,355321168899536	
3403,125	0,300899207592011					3403,125	0,595509827136993	3403,125	1,19271743297577					3403,125	0,81622302532196	3403,125	1,42515826225281					3403,125	1,60702097415924	3403,125	1,67347204685211					3403,125	1,82635545730591	3403,125	0,271607249975204					3403,125	0,414621353149414	3403,125	0,573656678199768					3403,125	0,454856038093567	3403,125	0,596183180809021					3403,125	0,342800110578537	3403,125	0,217293262481689					3403,125	0,348498612642288	
3406,25	0,301507711410522					3406,25	0,596369862556458	3406,25	1,19123291969299					3406,25	0,8165562748909	3406,25	1,42155015468597					3406,25	1,60377931594849	3406,25	1,66974210739136					3406,25	1,8201140165329	3406,25	0,271328926086426					3406,25	0,41421577334404	3406,25	0,571495532989502					3406,25	0,455004334449768	3406,25	0,596669912338257					3406,25	0,345673590898514	3406,25	0,220074564218521					3406,25	0,349737137556076	
3409,375	0,300988227128983					3409,375	0,595807433128357	3409,375	1,19335913658142					3409,375	0,815790235996246	3409,375	1,42131054401398					3409,375	1,60210108757019	3409,375	1,66864740848541					3409,375	1,81913554668427	3409,375	0,273840099573135					3409,375	0,415990591049194	3409,375	0,572552084922791					3409,375	0,457290917634964	3409,375	0,598214209079742					3409,375	0,34540131688118	3409,375	0,222002953290939					3409,375	0,349929809570313	
3412,5	0,299791991710663					3412,5	0,594509601593018	3412,5	1,1927502155304					3412,5	0,815064013004303	3412,5	1,42253756523132					3412,5	1,60286509990692	3412,5	1,66952633857727					3412,5	1,819495677948	3412,5	0,274185359477997					3412,5	0,417308300733566	3412,5	0,576345384120941					3412,5	0,458932459354401	3412,5	0,602351486682892					3412,5	0,349512726068497	3412,5	0,223769664764404					3412,5	0,35544741153717	
3415,625	0,300601959228516					3415,625	0,595546543598175	3415,625	1,19489824771881					3415,625	0,81733900308609	3415,625	1,42426609992981					3415,625	1,60289227962494	3415,625	1,66667318344116					3415,625	1,81695449352264	3415,625	0,277884632349014					3415,625	0,420850068330765	3415,625	0,575215935707092					3415,625	0,460570424795151	3415,625	0,601064383983612					3415,625	0,346049606800079	3415,625	0,21989968419075					3415,625	0,352154970169067	
3418,75	0,301062703132629					3418,75	0,595773458480835	3418,75	1,19444668292999					3418,75	0,81750476360321	3418,75	1,42257106304169					3418,75	1,60192203521729	3418,75	1,66496479511261					3418,75	1,81295609474182	3418,75	0,278801500797272					3418,75	0,421577125787735	3418,75	0,575972199440002					3418,75	0,460793256759644	3418,75	0,60032844543457					3418,75	0,346493542194366	3418,75	0,221369013190269					3418,75	0,352178394794464	
3421,875	0,297247052192688					3421,875	0,594311535358429	3421,875	1,19586682319641					3421,875	0,816874384880066	3421,875	1,42667758464813					3421,875	1,60926198959351	3421,875	1,67226469516754					3421,875	1,82314431667328	3421,875	0,281674265861511					3421,875	0,424991935491562	3421,875	0,581215858459473					3421,875	0,464984238147736	3421,875	0,604464113712311					3421,875	0,348674118518829	3421,875	0,219648018479347					3421,875	0,355114161968231	
3425	0,299603432416916					3425	0,595839202404022	3425	1,19488680362701					3425	0,817649960517883	3425	1,42479479312897					3425	1,60449993610382	3425	1,66840493679047					3425	1,81697154045105	3425	0,28162407875061					3425	0,424613386392593	3425	0,579710960388184					3425	0,464072704315186	3425	0,603598296642303					3425	0,349677741527557	3425	0,223044216632843					3425	0,357243835926056	
3428,125	0,301602870225906					3428,125	0,597358524799347	3428,125	1,19480383396149					3428,125	0,818423807621002	3428,125	1,42365550994873					3428,125	1,59912836551666	3428,125	1,66579401493073					3428,125	1,8102217912674	3428,125	0,283484607934952					3428,125	0,425541192293167	3428,125	0,578395664691925					3428,125	0,464749336242676	3428,125	0,601815283298492					3428,125	0,348235577344894	3428,125	0,225410416722298					3428,125	0,353831589221954	
3431,25	0,300631105899811					3431,25	0,596589267253876	3431,25	1,19391524791718					3431,25	0,818568587303162	3431,25	1,42313277721405					3431,25	1,6004159450531	3431,25	1,66477155685425					3431,25	1,81157982349396	3431,25	0,284787565469742					3431,25	0,427358061075211	3431,25	0,58114618062973					3431,25	0,465820908546448	3431,25	0,60338306427002					3431,25	0,350184172391891	3431,25	0,226736202836037					3431,25	0,356064170598984	
3434,375	0,300290912389755					3434,375	0,595943868160248	3434,375	1,19288897514343					3434,375	0,818599820137024	3434,375	1,42243087291718					3434,375	1,60054790973663	3434,375	1,66445124149323					3434,375	1,81109869480133	3434,375	0,28526097536087					3434,375	0,428373366594315	3434,375	0,582828044891357					3434,375	0,466975927352905	3434,375	0,605763673782349					3434,375	0,352649450302124	3434,375	0,229288637638092					3434,375	0,361124187707901	
3437,5	0,300673574209213					3437,5	0,596437931060791	3437,5	1,19258987903595					3437,5	0,818231642246246	3437,5	1,42058908939362					3437,5	1,5984970331192	3437,5	1,66071760654449					3437,5	1,80595910549164	3437,5	0,286948412656784					3437,5	0,429331809282303	3437,5	0,583394348621368					3437,5	0,468142449855804	3437,5	0,606741309165955					3437,5	0,354942321777344	3437,5	0,231367766857147					3437,5	0,361321419477463	
3440,625	0,299514561891556					3440,625	0,596099495887756	3440,625	1,19548153877258					3440,625	0,818841814994812	3440,625	1,4222948551178					3440,625	1,60000491142273	3440,625	1,66198921203613					3440,625	1,80595064163208	3440,625	0,289482235908508					3440,625	0,432215720415115	3440,625	0,584401786327362					3440,625	0,470248192548752	3440,625	0,607918798923492					3440,625	0,353535532951355	3440,625	0,230633810162544					3440,625	0,357966661453247	
3443,75	0,301468193531036					3443,75	0,597605049610138	3443,75	1,19613695144653					3443,75	0,821202099323273	3443,75	1,42293107509613					3443,75	1,59788954257965	3443,75	1,65854370594025					3443,75	1,80253088474274	3443,75	0,291211068630219					3443,75	0,433702498674393	3443,75	0,582650244235992					3443,75	0,471641093492508	3443,75	0,604721486568451					3443,75	0,349899083375931	3443,75	0,227654621005058					3443,75	0,355291038751602	
3446,875	0,300224870443344					3446,875	0,596492171287537	3446,875	1,19713401794434					3446,875	0,820498049259186	3446,875	1,42467355728149					3446,875	1,60165214538574	3446,875	1,66170847415924					3446,875	1,80495643615723	3446,875	0,292630046606064					3446,875	0,43587526679039	3446,875	0,585155606269836					3446,875	0,473700940608978	3446,875	0,606343865394592					3446,875	0,350228130817413	3446,875	0,227302685379982					3446,875	0,355414569377899	
3450	0,298913151025772					3450	0,595511376857758	3450	1,19600892066956					3450	0,81949645280838	3450	1,42350566387177					3450	1,60143721103668	3450	1,66234934329987					3450	1,80363273620605	3450	0,29339924454689					3450	0,43747666478157	3450	0,587622046470642					3450	0,4747334420681	3450	0,608199238777161					3450	0,352169066667557	3450	0,228807181119919					3450	0,359165340662003	
3453,125	0,299888461828232					3453,125	0,596617937088013	3453,125	1,19610774517059					3453,125	0,819775819778442	3453,125	1,42404890060425					3453,125	1,59958899021149	3453,125	1,66188061237335					3453,125	1,80120658874512	3453,125	0,294091731309891					3453,125	0,438316524028778	3453,125	0,588828086853027					3453,125	0,474804431200027	3453,125	0,608945667743683					3453,125	0,353885054588318	3453,125	0,231440424919128					3453,125	0,361990958452225	
3456,25	0,300096184015274					3456,25	0,59723949432373	3456,25	1,19743371009827					3456,25	0,822122097015381	3456,25	1,42614340782166					3456,25	1,59865605831146	3456,25	1,66025030612946					3456,25	1,80034124851227	3456,25	0,297986507415771					3456,25	0,440713673830032	3456,25	0,588653981685638					3456,25	0,476650655269623	3456,25	0,608679056167603					3456,25	0,351670682430267	3456,25	0,229671269655228					3456,25	0,35738742351532	
3459,375	0,30002549290657					3459,375	0,597128927707672	3459,375	1,19645869731903					3459,375	0,822896718978882	3459,375	1,42508447170258					3459,375	1,5973072052002	3459,375	1,66022920608521					3459,375	1,79850625991821	3459,375	0,29816859960556					3459,375	0,440897256135941	3459,375	0,589760661125183					3459,375	0,477427840232849	3459,375	0,609374046325684					3459,375	0,352961331605911	3459,375	0,230637699365616					3459,375	0,359626054763794	
3462,5	0,299935609102249					3462,5	0,597774386405945	3462,5	1,19659209251404					3462,5	0,822972297668457	3462,5	1,4237048625946					3462,5	1,59909760951996	3462,5	1,66014838218689					3462,5	1,79827284812927	3462,5	0,300672799348831					3462,5	0,443147540092468	3462,5	0,590881884098053					3462,5	0,479316890239716	3462,5	0,609647214412689					3462,5	0,352890193462372	3462,5	0,22895972430706					3462,5	0,359780997037888	
3465,625	0,30095112323761					3465,625	0,598320424556732	3465,625	1,1954038143158					3465,625	0,822690844535828	3465,625	1,42240989208221					3465,625	1,5973607301712	3465,625	1,65584206581116					3465,625	1,79354619979858	3465,625	0,301150023937225					3465,625	0,443658769130707	3465,625	0,590460956096649					3465,625	0,480072736740112	3465,625	0,608667552471161					3465,625	0,355006068944931	3465,625	0,229806780815125					3465,625	0,362558096647263	
3468,75	0,299793899059296					3468,75	0,596971273422241	3468,75	1,19525527954102					3468,75	0,821785509586334	3468,75	1,42287516593933					3468,75	1,59676277637482	3468,75	1,65632152557373					3468,75	1,79185402393341	3468,75	0,30173859000206					3468,75	0,444712072610855	3468,75	0,592742919921875					3468,75	0,481539487838745	3468,75	0,611175179481506					3468,75	0,357911705970764	3468,75	0,23182387650013					3468,75	0,364310652017593	
3471,875	0,300190359354019					3471,875	0,597729444503784	3471,875	1,19613289833069					3471,875	0,822307705879211	3471,875	1,4218829870224					3471,875	1,59448111057281	3471,875	1,6544988155365					3471,875	1,78942942619324	3471,875	0,30389729142189					3471,875	0,445822894573212	3471,875	0,593724966049194					3471,875	0,482278019189835	3471,875	0,610470116138458					3471,875	0,357794344425201	3471,875	0,233565390110016					3471,875	0,364319741725922	
3475	0,301292687654495					3475	0,599060416221619	3475	1,1966187953949					3475	0,824079573154449	3475	1,42201578617096					3475	1,59495186805725	3475	1,65239822864532					3475	1,78754615783691	3475	0,306295394897461					3475	0,447738885879517	3475	0,591227829456329					3475	0,483468174934387	3475	0,609028577804565					3475	0,35346931219101	3475	0,229946404695511					3475	0,361521065235138	
3478,125	0,299886584281921					3478,125	0,59781813621521	3478,125	1,19599711894989					3478,125	0,82308566570282	3478,125	1,42077672481537					3478,125	1,59576916694641	3478,125	1,65392172336578					3478,125	1,78924322128296	3478,125	0,306690752506256					3478,125	0,448676019906998	3478,125	0,593933880329132					3478,125	0,484858185052872	3478,125	0,613020896911621					3478,125	0,355595499277115	3478,125	0,233027502894402					3478,125	0,364356130361557	
3481,25	0,299571514129639					3481,25	0,597302198410034	3481,25	1,19641351699829					3481,25	0,822933197021484	3481,25	1,42053592205048					3481,25	1,59344589710236	3481,25	1,65354454517365					3481,25	1,78665018081665	3481,25	0,307697802782059					3481,25	0,448910087347031	3481,25	0,595336854457855					3481,25	0,485132128000259	3481,25	0,614543437957764					3481,25	0,357592403888702	3481,25	0,234752789139748					3481,25	0,363831430673599	
3484,375	0,301030039787292					3484,375	0,598037540912628	3484,375	1,195556640625					3484,375	0,823293209075928	3484,375	1,41893875598907					3484,375	1,58998048305511	3484,375	1,65014493465424					3484,375	1,77905666828156	3484,375	0,308625787496567					3484,375	0,449600636959076	3484,375	0,594789385795593					3484,375	0,485175669193268	3484,375	0,612687468528748					3484,375	0,358105361461639	3484,375	0,23416742682457					3484,375	0,36688357591629	
3487,5	0,299945950508118					3487,5	0,598660886287689	3487,5	1,19945061206818					3487,5	0,825343549251556	3487,5	1,42436850070953					3487,5	1,59481012821198	3487,5	1,65273261070251					3487,5	1,78280591964722	3487,5	0,312611252069473					3487,5	0,454137772321701	3487,5	0,59588897228241					3487,5	0,488730043172836	3487,5	0,611973583698273					3487,5	0,354013830423355	3487,5	0,229708805680275					3487,5	0,362478971481323	
3490,625	0,29919221997261					3490,625	0,597986578941345	3490,625	1,19688713550568					3490,625	0,824234068393707	3490,625	1,42124283313751					3490,625	1,59299075603485	3490,625	1,65081119537354					3490,625	1,78074944019318	3490,625	0,312253594398499					3490,625	0,454169780015945	3490,625	0,596972405910492					3490,625	0,489220947027206	3490,625	0,614827811717987					3490,625	0,358003079891205	3490,625	0,235183253884315					3490,625	0,367029577493668	
3493,75	0,299862444400787					3493,75	0,598566949367523	3493,75	1,1969987154007					3493,75	0,824948012828827	3493,75	1,42194998264313					3493,75	1,59138977527618	3493,75	1,64841032028198					3493,75	1,77699744701385	3493,75	0,314129382371902					3493,75	0,455389678478241	3493,75	0,596558809280396					3493,75	0,490987181663513	3493,75	0,615469396114349					3493,75	0,35888534784317	3493,75	0,234456703066826					3493,75	0,366382718086243	
3496,875	0,298928320407867					3496,875	0,598551750183105	3496,875	1,19945049285889					3496,875	0,824649214744568	3496,875	1,42343759536743					3496,875	1,59325575828552	3496,875	1,65178894996643					3496,875	1,77894198894501	3496,875	0,315639615058899					3496,875	0,457335948944092	3496,875	0,599438607692719					3496,875	0,492197036743164	3496,875	0,61799556016922					3496,875	0,357697635889053	3496,875	0,233890920877457					3496,875	0,367359757423401	
3500	0,299012035131454					3500	0,59883040189743	3500	1,19803309440613					3500	0,824923396110535	3500	1,42239582538605					3500	1,59152030944824	3500	1,64970409870148					3500	1,77609980106354	3500	0,316472887992859					3500	0,458039969205856	3500	0,59979110956192					3500	0,492684036493301	3500	0,617316663265228					3500	0,357746064662933	3500	0,233536571264267					3500	0,367454558610916	
3503,125	0,301816612482071					3503,125	0,60072135925293	3503,125	1,19712340831757					3503,125	0,827148795127869	3503,125	1,41919708251953					3503,125	1,58729314804077	3503,125	1,64476656913757					3503,125	1,76875746250153	3503,125	0,316776126623154					3503,125	0,458013981580734	3503,125	0,597057163715363					3503,125	0,492425143718719	3503,125	0,614982008934021					3503,125	0,357518643140793	3503,125	0,233573198318481					3503,125	0,368823260068893	
3506,25	0,299532741308212					3506,25	0,598983108997345	3506,25	1,19648993015289					3506,25	0,826122164726257	3506,25	1,4196629524231					3506,25	1,59017026424408	3506,25	1,64860546588898					3506,25	1,77309250831604	3506,25	0,318564713001251					3506,25	0,461029142141342	3506,25	0,601034998893738					3506,25	0,494056910276413	3506,25	0,618652820587158					3506,25	0,359833806753159	3506,25	0,235531374812126					3506,25	0,371353834867477	
3509,375	0,30257648229599					3509,375	0,603747129440308	3509,375	1,20013976097107					3509,375	0,831793308258057	3509,375	1,4215452671051					3509,375	1,58431482315063	3509,375	1,64077472686768					3509,375	1,76606118679047	3509,375	0,323370307683945					3509,375	0,463203877210617	3509,375	0,59590071439743					3509,375	0,494656324386597	3509,375	0,609080851078033					3509,375	0,350931644439697	3509,375	0,227309495210648					3509,375	0,360533624887466	
3512,5	0,301019817590714					3512,5	0,603036046028137	3512,5	1,20241916179657					3512,5	0,831828832626343	3512,5	1,42644953727722					3512,5	1,5868364572525	3512,5	1,64521968364716					3512,5	1,76878070831299	3512,5	0,326052308082581					3512,5	0,466004729270935	3512,5	0,59736156463623					3512,5	0,496782153844833	3512,5	0,611844897270203					3512,5	0,349818646907806	3512,5	0,226712495088577					3512,5	0,362585514783859	
3515,625	0,300365328788757					3515,625	0,601826786994934	3515,625	1,20035207271576					3515,625	0,829789876937866	3515,625	1,42267298698425					3515,625	1,58683586120605	3515,625	1,64257216453552					3515,625	1,76455688476563	3515,625	0,325726300477982					3515,625	0,465862691402435	3515,625	0,600537896156311					3515,625	0,497766077518463	3515,625	0,614218473434448					3515,625	0,354236245155334	3515,625	0,231542676687241					3515,625	0,365657836198807	
3518,75	0,298706948757172					3518,75	0,600296497344971	3518,75	1,20107161998749					3518,75	0,828320443630219	3518,75	1,42265295982361					3518,75	1,58852791786194	3518,75	1,64294362068176					3518,75	1,76607525348663	3518,75	0,32632714509964					3518,75	0,467389017343521	3518,75	0,603213310241699					3518,75	0,499466925859451	3518,75	0,617612183094025					3518,75	0,356416523456573	3518,75	0,233556091785431					3518,75	0,368548423051834	
3521,875	0,299009740352631					3521,875	0,600095093250275	3521,875	1,19967305660248					3521,875	0,827001214027405	3521,875	1,41912269592285					3521,875	1,58553576469421	3521,875	1,64075195789337					3521,875	1,76247107982635	3521,875	0,326041430234909					3521,875	0,467181533575058	3521,875	0,60364156961441					3521,875	0,498748928308487	3521,875	0,619480311870575					3521,875	0,358807444572449	3521,875	0,237393900752068					3521,875	0,372937798500061	
3525	0,297793090343475					3525	0,599362552165985	3525	1,19925510883331					3525	0,828483164310455	3525	1,42054629325867					3525	1,58397972583771	3525	1,64209306240082					3525	1,76183068752289	3525	0,330155938863754					3525	0,47072497010231	3525	0,602843880653381					3525	0,501541912555695	3525	0,618238508701324					3525	0,355538606643677	3525	0,233565270900726					3525	0,369908541440964	
3528,125	0,298118889331818					3528,125	0,600243270397186	3528,125	1,20034849643707					3528,125	0,829571723937988	3528,125	1,4221488237381					3528,125	1,58426928520203	3528,125	1,64226698875427					3528,125	1,76287841796875	3528,125	0,332502275705338					3528,125	0,47157496213913	3528,125	0,605167388916016					3528,125	0,503419280052185	3528,125	0,618059635162354					3528,125	0,353810608386993	3528,125	0,232501596212387					3528,125	0,369281440973282	
3531,25	0,299765288829803					3531,25	0,601598918437958	3531,25	1,1991171836853					3531,25	0,830105125904083	3531,25	1,41890919208527					3531,25	1,58057129383087	3531,25	1,6379359960556					3531,25	1,75702106952667	3531,25	0,332432180643082					3531,25	0,471057742834091	3531,25	0,603999137878418					3531,25	0,50224095582962	3531,25	0,618256330490112					3531,25	0,354793071746826	3531,25	0,23382180929184					3531,25	0,371269941329956	
3534,375	0,299540758132935					3534,375	0,60160756111145	3534,375	1,200324177742					3534,375	0,830352902412415	3534,375	1,41968166828156					3534,375	1,57953321933746	3534,375	1,63691592216492					3534,375	1,75452959537506	3534,375	0,335031062364578					3534,375	0,473048865795136	3534,375	0,604602098464966					3534,375	0,503531098365784	3534,375	0,617703855037689					3534,375	0,353969663381577	3534,375	0,233306154608727					3534,375	0,370464593172073	
3537,5	0,298785746097565					3537,5	0,600868999958038	3537,5	1,19890475273132					3537,5	0,829577922821045	3537,5	1,41842150688171					3537,5	1,57783496379852	3537,5	1,63473880290985					3537,5	1,75219142436981	3537,5	0,335102736949921					3537,5	0,47375476360321	3537,5	0,605351328849792					3537,5	0,504188358783722	3537,5	0,619522631168365					3537,5	0,356074273586273	3537,5	0,236644804477692					3537,5	0,373248666524887	
3540,625	0,299493968486786					3540,625	0,601787507534027	3540,625	1,20052230358124					3540,625	0,831121802330017	3540,625	1,42086291313171					3540,625	1,57741284370422	3540,625	1,63427066802979					3540,625	1,75232195854187	3540,625	0,338067531585693					3540,625	0,47612664103508	3540,625	0,605459213256836					3540,625	0,505983531475067	3540,625	0,618805050849915					3540,625	0,354097306728363	3540,625	0,234218165278435					3540,625	0,370663493871689	
3543,75	0,297295808792114					3543,75	0,600354433059692	3543,75	1,20094621181488					3543,75	0,830467998981476	3543,75	1,42235660552979					3543,75	1,57859146595001	3543,75	1,63737821578979					3543,75	1,75309360027313	3543,75	0,339081555604935					3543,75	0,478628993034363	3543,75	0,608705878257751					3543,75	0,508523762226105	3543,75	0,621923208236694					3543,75	0,356894344091415	3543,75	0,235624402761459					3543,75	0,373397916555405	
3546,875	0,297038584947586					3546,875	0,600717544555664	3546,875	1,20294559001923					3546,875	0,831414341926575	3546,875	1,42394590377808					3546,875	1,57771646976471	3546,875	1,63686037063599					3546,875	1,75271761417389	3546,875	0,341689079999924					3546,875	0,480553567409515	3546,875	0,609325766563416					3546,875	0,510390222072601	3546,875	0,621096611022949					3546,875	0,355391830205917	3546,875	0,233041867613792					3546,875	0,371714919805527	
3550	0,297626972198486					3550	0,601479470729828	3550	1,20217776298523					3550	0,831449866294861	3550	1,42306709289551					3550	1,57510352134705	3550	1,63453876972198					3550	1,74928879737854	3550	0,343233019113541					3550	0,481438934803009	3550	0,609371960163116					3550	0,510812938213348	3550	0,620924174785614					3550	0,355688869953156	3550	0,232802391052246					3550	0,371524482965469	
3553,125	0,297961950302124					3553,125	0,600880563259125	3553,125	1,20090770721436					3553,125	0,830399870872498	3553,125	1,42005109786987					3553,125	1,5727630853653	3553,125	1,63294911384583					3553,125	1,74572420120239	3553,125	0,342784821987152					3553,125	0,481270730495453	3553,125	0,610399961471558					3553,125	0,510783433914185	3553,125	0,623010516166687					3553,125	0,35912299156189	3553,125	0,236281260848045					3553,125	0,375789195299149	
3556,25	0,297502964735031					3556,25	0,600925326347351	3556,25	1,20135545730591					3556,25	0,830591380596161	3556,25	1,42045068740845					3556,25	1,57140207290649	3556,25	1,63178682327271					3556,25	1,74440038204193	3556,25	0,344317555427551					3556,25	0,482997626066208	3556,25	0,609957695007324					3556,25	0,512140274047852	3556,25	0,623196125030518					3556,25	0,360388904809952	3556,25	0,236111730337143					3556,25	0,375860244035721	
3559,375	0,298256546258926					3559,375	0,600185215473175	3559,375	1,19797205924988					3559,375	0,82928204536438	3559,375	1,41619265079498					3559,375	1,5674204826355	3559,375	1,62817049026489					3559,375	1,73952162265778	3559,375	0,343617767095566					3559,375	0,482500821352005	3559,375	0,609508991241455					3559,375	0,511713325977325	3559,375	0,624433219432831					3559,375	0,364820390939713	3559,375	0,239180400967598					3559,375	0,381221413612366	
3562,5	0,296743273735046					3562,5	0,60041069984436	3562,5	1,20399332046509					3562,5	0,831773519515991	3562,5	1,42344892024994					3562,5	1,57121336460114	3562,5	1,63015329837799					3562,5	1,74267530441284	3562,5	0,349292516708374					3562,5	0,487479329109192	3562,5	0,611121594905853					3562,5	0,515902817249298	3562,5	0,624302864074707					3562,5	0,360878378152847	3562,5	0,233527570962906					3562,5	0,376067847013474	
3565,625	0,298453599214554					3565,625	0,602757275104523	3565,625	1,20367670059204					3565,625	0,832970857620239	3565,625	1,42280554771423					3565,625	1,56957280635834	3565,625	1,62930393218994					3565,625	1,73949217796326	3565,625	0,351189583539963					3565,625	0,488010585308075	3565,625	0,609134018421173					3565,625	0,516431152820587	3565,625	0,622080504894257					3565,625	0,361525923013687	3565,625	0,232807412743568					3565,625	0,37572392821312	
3568,75	0,2979496717453					3568,75	0,602297067642212	3568,75	1,20219147205353					3568,75	0,832281649112701	3568,75	1,42128646373749					3568,75	1,56912446022034	3568,75	1,62783825397491					3568,75	1,73693370819092	3568,75	0,351799994707108					3568,75	0,48847508430481	3568,75	0,610550284385681					3568,75	0,517608046531677	3568,75	0,623481512069702					3568,75	0,36366868019104	3568,75	0,235187917947769					3568,75	0,378678530454636	
3571,875	0,298904955387115					3571,875	0,602458953857422	3571,875	1,20108067989349					3571,875	0,83251827955246	3571,875	1,41997015476227					3571,875	1,56686568260193	3571,875	1,62543153762817					3571,875	1,73285973072052	3571,875	0,352630525827408					3571,875	0,489266932010651	3571,875	0,609696090221405					3571,875	0,518224596977234	3571,875	0,622556388378143					3571,875	0,364356130361557	3571,875	0,234496131539345					3571,875	0,379139840602875	
3575	0,299407154321671					3575	0,602517485618591	3575	1,20027756690979					3575	0,833450615406036	3575	1,41982901096344					3575	1,56651341915131	3575	1,62427747249603					3575	1,73197913169861	3575	0,353612244129181					3575	0,490089803934097	3575	0,609448730945587					3575	0,519253969192505	3575	0,623006105422974					3575	0,3647301197052	3575	0,234490156173706					3575	0,380053818225861	
3578,125	0,299712389707565					3578,125	0,603027045726776	3578,125	1,20058131217957					3578,125	0,83464378118515	3578,125	1,42060577869415					3578,125	1,56698441505432	3578,125	1,62363350391388					3578,125	1,73191905021667	3578,125	0,3560511469841					3578,125	0,49194073677063	3578,125	0,609927594661713					3578,125	0,520878732204437	3578,125	0,622568011283875					3578,125	0,364492475986481	3578,125	0,233305305242538					3578,125	0,379774451255798	
3581,25	0,300747990608215					3581,25	0,60377424955368	3581,25	1,19944190979004					3581,25	0,836261093616486	3581,25	1,41920816898346					3581,25	1,56528627872467	3581,25	1,62142074108124					3581,25	1,72816681861877	3581,25	0,357686102390289					3581,25	0,493250727653503	3581,25	0,609585642814636					3581,25	0,521462917327881	3581,25	0,621531248092651					3581,25	0,364962071180344	3581,25	0,232530564069748					3581,25	0,379969984292984	
3584,375	0,301670491695404					3584,375	0,604977667331696	3584,375	1,1998039484024					3584,375	0,838376939296722	3584,375	1,41897284984589					3584,375	1,563760638237	3584,375	1,61818826198578					3584,375	1,72548317909241	3584,375	0,35938286781311					3584,375	0,494133681058884	3584,375	0,608893215656281					3584,375	0,52243983745575	3584,375	0,61999922990799					3584,375	0,36301401257515	3584,375	0,231602653861046					3584,375	0,377682089805603	
3587,5	0,299587845802307					3587,5	0,602976083755493	3587,5	1,19930005073547					3587,5	0,837599694728851	3587,5	1,41935610771179					3587,5	1,56599378585815	3587,5	1,6201194524765					3587,5	1,72790086269379	3587,5	0,360321283340454					3587,5	0,495747774839401	3587,5	0,612962245941162					3587,5	0,524768710136414	3587,5	0,62377542257309					3587,5	0,366336405277252	3587,5	0,233887150883675					3587,5	0,381566226482391	
3590,625	0,300147742033005					3590,625	0,60327136516571	3590,625	1,1988343000412					3590,625	0,838083326816559	3590,625	1,41848957538605					3590,625	1,56498420238495	3590,625	1,61810660362244					3590,625	1,72536528110504	3590,625	0,36168509721756					3590,625	0,497084081172943	3590,625	0,61380523443222					3590,625	0,525325179100037	3590,625	0,623329162597656					3590,625	0,367231428623199	3590,625	0,234203353524208					3590,625	0,382540613412857	
3593,75	0,301463544368744					3593,75	0,604443848133087	3593,75	1,19947826862335					3593,75	0,839304864406586	3593,75	1,41832137107849					3593,75	1,56408131122589	3593,75	1,61661243438721					3593,75	1,72313737869263	3593,75	0,36261174082756					3593,75	0,497772336006165	3593,75	0,612899303436279					3593,75	0,525071501731873	3593,75	0,6219322681427					3593,75	0,365848898887634	3593,75	0,233426406979561					3593,75	0,382359474897385	
3596,875	0,301656156778336					3596,875	0,604273974895477	3596,875	1,198486328125					3596,875	0,839574754238129	3596,875	1,41754555702209					3596,875	1,56344246864319	3596,875	1,615727186203					3596,875	1,72163605690002	3596,875	0,363033264875412					3596,875	0,498238921165466	3596,875	0,613851189613342					3596,875	0,525285124778748	3596,875	0,623192071914673					3596,875	0,367361426353455	3596,875	0,23496013879776					3596,875	0,383693963289261	
3600	0,303891092538834					3600	0,606093943119049	3600	1,19674754142761					3600	0,840633451938629	3600	1,41381657123566					3600	1,55873203277588	3600	1,61049556732178					3600	1,71388876438141	3600	0,363479971885681					3600	0,498402506113052	3600	0,611732542514801					3600	0,523298263549805	3600	0,619800806045532					3600	0,365751385688782	3600	0,234774425625801					3600	0,38186639547348	
3603,125	0,300442039966583					3603,125	0,604540824890137	3603,125	1,20105254650116					3603,125	0,841780006885529	3603,125	1,41951906681061					3603,125	1,56445252895355	3603,125	1,61536884307861					3603,125	1,72218072414398	3603,125	0,36822971701622					3603,125	0,503476619720459	3603,125	0,616183400154114					3603,125	0,528110980987549	3603,125	0,623675525188446					3603,125	0,36548912525177	3603,125	0,232867375016212					3603,125	0,379761964082718	
3606,25	0,30134180188179					3606,25	0,604554951190948	3606,25	1,19921433925629					3606,25	0,841503977775574	3606,25	1,41683006286621					3606,25	1,56162714958191	3606,25	1,61081266403198					3606,25	1,71706652641296	3606,25	0,367446452379227					3606,25	0,502326905727386	3606,25	0,61592698097229					3606,25	0,526770055294037	3606,25	0,62273782491684					3606,25	0,366807818412781	3606,25	0,234080284833908					3606,25	0,382534056901932	
3609,375	0,301783412694931					3609,375	0,605400919914246	3609,375	1,19789230823517					3609,375	0,842002511024475	3609,375	1,41593956947327					3609,375	1,55980038642883	3609,375	1,60811996459961					3609,375	1,71417152881622	3609,375	0,367944419384003					3609,375	0,503384590148926	3609,375	0,61600261926651					3609,375	0,527296423912048	3609,375	0,624415636062622					3609,375	0,367648899555206	3609,375	0,235701113939285					3609,375	0,384969234466553	
3612,5	0,301735907793045					3612,5	0,605462968349457	3612,5	1,20028460025787					3612,5	0,842892706394196	3612,5	1,41825985908508					3612,5	1,5609256029129	3612,5	1,60916411876678					3612,5	1,71487843990326	3612,5	0,370789080858231					3612,5	0,506271719932556	3612,5	0,616553366184235					3612,5	0,529054164886475	3612,5	0,62436181306839					3612,5	0,365724831819534	3612,5	0,232455626130104					3612,5	0,381679654121399	
3615,625	0,30254065990448					3615,625	0,605979323387146	3615,625	1,19971251487732					3615,625	0,842629849910736	3615,625	1,4165381193161					3615,625	1,55887567996979	3615,625	1,60661232471466					3615,625	1,71097087860107	3615,625	0,371389955282211					3615,625	0,50641006231308	3615,625	0,616156041622162					3615,625	0,528814673423767	3615,625	0,623540341854095					3615,625	0,366002291440964	3615,625	0,233592510223389					3615,625	0,383378386497498	
3618,75	0,302058011293411					3618,75	0,605782330036163	3618,75	1,19824230670929					3618,75	0,842196106910706	3618,75	1,41648983955383					3618,75	1,55906999111176	3618,75	1,60620653629303					3618,75	1,70974218845367	3618,75	0,371824532747269					3618,75	0,506962656974792	3618,75	0,617278635501862					3618,75	0,529236435890198	3618,75	0,62568324804306					3618,75	0,368080794811249	3618,75	0,235170155763626					3618,75	0,384582996368408	
3621,875	0,300086915493011					3621,875	0,60509204864502	3621,875	1,20076954364777					3621,875	0,843828082084656	3621,875	1,41991114616394					3621,875	1,56163477897644	3621,875	1,60829699039459					3621,875	1,71127891540527	3621,875	0,375109285116196					3621,875	0,510994374752045	3621,875	0,620391666889191					3621,875	0,532298028469086	3621,875	0,627097189426422					3621,875	0,367316454648972	3621,875	0,233918488025665					3621,875	0,383568614721298	
3625	0,302285134792328					3625	0,606428921222687	3625	1,20022523403168					3625	0,844354927539825	3625	1,41724216938019					3625	1,558678150177	3625	1,60477364063263					3625	1,70578420162201	3625	0,37550151348114					3625	0,510321497917175	3625	0,618382751941681					3625	0,53084409236908	3625	0,624665915966034					3625	0,367307007312775	3625	0,234689071774483					3625	0,383482933044434	
3628,125	0,302063286304474					3628,125	0,607321262359619	3628,125	1,20101761817932					3628,125	0,845627903938293	3628,125	1,4185585975647					3628,125	1,55901479721069	3628,125	1,6046553850174					3628,125	1,70497453212738	3628,125	0,377845883369446					3628,125	0,51270067691803	3628,125	0,618939936161041					3628,125	0,531558215618134	3628,125	0,624396145343781					3628,125	0,366688042879105	3628,125	0,233661472797394					3628,125	0,3827143907547	
3631,25	0,302292466163635					3631,25	0,607086479663849	3631,25	1,19917726516724					3631,25	0,845109760761261	3631,25	1,41650998592377					3631,25	1,55675101280212	3631,25	1,60294759273529					3631,25	1,70189547538757	3631,25	0,378032326698303					3631,25	0,513244211673737	3631,25	0,619480967521667					3631,25	0,531513571739197	3631,25	0,624616682529449					3631,25	0,368159621953964	3631,25	0,234725326299667					3631,25	0,385983228683472	
3634,375	0,303814709186554					3634,375	0,607725620269775	3634,375	1,19723546504974					3634,375	0,844728231430054	3634,375	1,41334164142609					3634,375	1,55361270904541	3634,375	1,59944915771484					3634,375	1,69703364372253	3634,375	0,377355813980103					3634,375	0,512652933597565	3634,375	0,618531227111816					3634,375	0,530641674995422	3634,375	0,623633921146393					3634,375	0,369371891021729	3634,375	0,235566943883896					3634,375	0,38749760389328	
3637,5	0,301610201597214					3637,5	0,606408417224884	3637,5	1,1979216337204					3637,5	0,843685328960419	3637,5	1,41549825668335					3637,5	1,55600917339325	3637,5	1,60234546661377					3637,5	1,6996556520462	3637,5	0,378697365522385					3637,5	0,515292763710022	3637,5	0,622059166431427					3637,5	0,5329949259758	3637,5	0,627793848514557					3637,5	0,371333420276642	3637,5	0,236087024211884					3637,5	0,390054702758789	
3640,625	0,300259321928024					3640,625	0,607797205448151	3640,625	1,20400393009186					3640,625	0,846659243106842	3640,625	1,42514228820801					3640,625	1,56361353397369	3640,625	1,60837638378143					3640,625	1,70622718334198	3640,625	0,385402500629425					3640,625	0,520833849906921	3640,625	0,624796152114868					3640,625	0,536842048168182	3640,625	0,627273678779602					3640,625	0,368315875530243	3640,625	0,229438051581383					3640,625	0,386310517787933	
3643,75	0,301098793745041					3643,75	0,607694983482361	3643,75	1,20190417766571					3643,75	0,845913171768188	3643,75	1,42161464691162					3643,75	1,56138074398041	3643,75	1,60475766658783					3643,75	1,70217859745026	3643,75	0,38457390666008					3643,75	0,519601881504059	3643,75	0,624994456768036					3643,75	0,53568434715271	3643,75	0,627681195735931					3643,75	0,370968222618103	3643,75	0,231613844633102					3643,75	0,390284895896912	
3646,875	0,303539335727692					3646,875	0,609252870082855	3646,875	1,20117342472076					3646,875	0,846256971359253	3646,875	1,41841685771942					3646,875	1,55748987197876	3646,875	1,59917485713959					3646,875	1,69607412815094	3646,875	0,384885430335999					3646,875	0,519378185272217	3646,875	0,622524321079254					3646,875	0,534450590610504	3646,875	0,623868346214294					3646,875	0,368322819471359	3646,875	0,231908589601517					3646,875	0,389979541301727	
3650	0,30494150519371					3650	0,610258340835571	3650	1,1992506980896					3650	0,846002221107483	3650	1,41536927223206					3650	1,55373322963715	3650	1,59397959709167					3650	1,69130003452301	3650	0,385319441556931					3650	0,519255638122559	3650	0,621377885341644					3650	0,534033238887787	3650	0,622346460819244					3650	0,368730872869492	3650	0,23320309817791					3650	0,390870779752731	
3653,125	0,304682046175003					3653,125	0,610399305820465	3653,125	1,19993555545807					3653,125	0,846411824226379	3653,125	1,41606819629669					3653,125	1,55337345600128	3653,125	1,59298610687256					3653,125	1,69050168991089	3653,125	0,386888474225998					3653,125	0,520482957363129	3653,125	0,621292948722839					3653,125	0,535036146640778	3653,125	0,621944904327393					3653,125	0,368537545204163	3653,125	0,232282534241676					3653,125	0,390683948993683	
3656,25	0,303322434425354					3656,25	0,609517455101013	3656,25	1,20149827003479					3656,25	0,846203684806824	3656,25	1,41855728626251					3656,25	1,55578696727753	3656,25	1,5943021774292					3656,25	1,69268500804901	3656,25	0,388767659664154					3656,25	0,523160517215729	3656,25	0,624463438987732					3656,25	0,537705600261688	3656,25	0,6242755651474					3656,25	0,369621723890305	3656,25	0,232218161225319					3656,25	0,391922205686569	
3659,375	0,303236931562424					3659,375	0,610148668289185	3659,375	1,20310890674591					3659,375	0,846866428852081	3659,375	1,42039358615875					3659,375	1,5581351518631	3659,375	1,59488296508789					3659,375	1,69413244724274	3659,375	0,391045123338699					3659,375	0,525229156017303	3659,375	0,625574767589569					3659,375	0,539310395717621	3659,375	0,624259054660797					3659,375	0,367982566356659	3659,375	0,230417042970657					3659,375	0,392015337944031	
3662,5	0,302546799182892					3662,5	0,609490036964417	3662,5	1,20157587528229					3662,5	0,845820724964142	3662,5	1,41848158836365					3662,5	1,55702698230743	3662,5	1,59317815303802					3662,5	1,69240128993988	3662,5	0,391266763210297					3662,5	0,525870978832245	3662,5	0,626609444618225					3662,5	0,540248215198517	3662,5	0,625825166702271					3662,5	0,369969874620438	3662,5	0,232643499970436					3662,5	0,39545613527298	
3665,625	0,303611636161804					3665,625	0,610787093639374	3665,625	1,20180344581604					3665,625	0,846200108528137	3665,625	1,41720342636108					3665,625	1,55505061149597	3665,625	1,58958184719086					3665,625	1,68878781795502	3665,625	0,392293661832809					3665,625	0,526597380638123	3665,625	0,625878751277924					3665,625	0,540310621261597	3665,625	0,624064743518829					3665,625	0,369062900543213	3665,625	0,232114791870117					3665,625	0,394237786531448	
3668,75	0,304594248533249					3668,75	0,611528635025024	3668,75	1,20208334922791					3668,75	0,846901476383209	3668,75	1,41691601276398					3668,75	1,55448639392853	3668,75	1,58748054504395					3668,75	1,68632686138153	3668,75	0,392894446849823					3668,75	0,526653289794922	3668,75	0,625462770462036					3668,75	0,540022671222687	3668,75	0,622206628322601					3668,75	0,367803186178207	3668,75	0,231647253036499					3668,75	0,394266426563263	
3671,875	0,305485188961029					3671,875	0,612794637680054	3671,875	1,20475685596466					3671,875	0,849060714244843	3671,875	1,41959166526794					3671,875	1,55483758449554	3671,875	1,58594000339508					3671,875	1,68704998493195	3671,875	0,39587590098381					3671,875	0,52849668264389	3671,875	0,62480092048645					3671,875	0,541496694087982	3671,875	0,619638502597809					3671,875	0,365184158086777	3671,875	0,22841289639473					3671,875	0,391826093196869	
3675	0,303258419036865					3675	0,611099004745483	3675	1,20518064498901					3675	0,848038733005524	3675	1,42221760749817					3675	1,55840158462524	3675	1,58814656734467					3675	1,6910765171051	3675	0,397479206323624					3675	0,531180620193481	3675	0,628254055976868					3675	0,544987261295319	3675	0,623472332954407					3675	0,366918504238129	3675	0,229309186339378					3675	0,394817650318146	
3678,125	0,304546296596527					3678,125	0,612282156944275	3678,125	1,20369386672974					3678,125	0,84843635559082	3678,125	1,41830337047577					3678,125	1,55364286899567	3678,125	1,58211970329285					3678,125	1,68568921089172	3678,125	0,397893875837326					3678,125	0,530762851238251	3678,125	0,626560986042023					3678,125	0,544322907924652	3678,125	0,62054568529129					3678,125	0,366198748350143	3678,125	0,230121940374374					3678,125	0,393645912408829	
3681,25	0,305212885141373					3681,25	0,613217532634735	3681,25	1,20348453521729					3681,25	0,849077165126801	3681,25	1,41742169857025					3681,25	1,55202543735504	3681,25	1,57961106300354					3681,25	1,68322598934174	3681,25	0,398719936609268					3681,25	0,531206667423248	3681,25	0,626184523105621					3681,25	0,544437110424042	3681,25	0,619381785392761					3681,25	0,365956842899323	3681,25	0,230172395706177					3681,25	0,39328408241272	
3684,375	0,305319279432297					3684,375	0,613659501075745	3684,375	1,20517027378082					3684,375	0,849893271923065	3684,375	1,41756975650787					3684,375	1,55298435688019	3684,375	1,57862150669098					3684,375	1,68245434761047	3684,375	0,400637537240982					3684,375	0,533164143562317	3684,375	0,626912474632263					3684,375	0,546547710895538	3684,375	0,619155943393707					3684,375	0,366039842367172	3684,375	0,230404689908028					3684,375	0,394159018993378	
3687,5	0,305385053157806					3687,5	0,614047944545746	3687,5	1,20614695549011					3687,5	0,850561857223511	3687,5	1,41815388202667					3687,5	1,55236542224884	3687,5	1,57697868347168					3687,5	1,6825544834137	3687,5	0,402483254671097					3687,5	0,534707963466644	3687,5	0,626840710639954					3687,5	0,54764324426651	3687,5	0,617797255516052					3687,5	0,364015877246857	3687,5	0,22940094769001					3687,5	0,393212765455246	
3690,625	0,305793255567551					3690,625	0,614420711994171	3690,625	1,20479035377502					3690,625	0,850826978683472	3690,625	1,41575610637665					3690,625	1,54929995536804	3690,625	1,5742472410202					3690,625	1,67958664894104	3690,625	0,402393192052841					3690,625	0,534805417060852	3690,625	0,626574695110321					3690,625	0,546834290027618	3690,625	0,617918729782104					3690,625	0,364367753267288	3690,625	0,231815427541733					3690,625	0,394350439310074	
3693,75	0,306098937988281					3693,75	0,614649534225464	3693,75	1,20435500144958					3693,75	0,851183354854584	3693,75	1,41447651386261					3693,75	1,54870367050171	3693,75	1,57248604297638					3693,75	1,6771582365036	3693,75	0,402622848749161					3693,75	0,535330891609192	3693,75	0,62679260969162					3693,75	0,547204494476318	3693,75	0,617791473865509					3693,75	0,364775389432907	3693,75	0,233374729752541					3693,75	0,395123809576035	
3696,875	0,304405510425568					3696,875	0,61338996887207	3696,875	1,20603454113007					3696,875	0,851181030273438	3696,875	1,41623318195343					3696,875	1,55189073085785	3696,875	1,57413649559021					3696,875	1,67992603778839	3696,875	0,404798746109009					3696,875	0,537848174571991	3696,875	0,629696428775787					3696,875	0,549905300140381	3696,875	0,620375335216522					3696,875	0,365523457527161	3696,875	0,234122678637505					3696,875	0,395948082208633	
3700	0,304717600345612					3700	0,613786041736603	3700	1,20683801174164					3700	0,851738572120667	3700	1,41552484035492					3700	1,55164635181427	3700	1,57254469394684					3700	1,67878007888794	3700	0,406575918197632					3700	0,539233505725861	3700	0,630399346351624					3700	0,551172435283661	3700	0,620216131210327					3700	0,365004748106003	3700	0,235437467694283					3700	0,396579146385193	
3703,125	0,305868744850159					3703,125	0,615007519721985	3703,125	1,20542669296265					3703,125	0,85256427526474	3703,125	1,41322159767151					3703,125	1,54870283603668	3703,125	1,56989169120789					3703,125	1,67429137229919	3703,125	0,40756618976593					3703,125	0,53913140296936	3703,125	0,628495395183563					3703,125	0,550438284873962	3703,125	0,618227779865265					3703,125	0,363834112882614	3703,125	0,23645031452179					3703,125	0,395708173513412	
3706,25	0,307049512863159					3706,25	0,616406202316284	3706,25	1,20583748817444					3706,25	0,85419225692749	3706,25	1,41358125209808					3706,25	1,54682576656342	3706,25	1,56875538825989					3706,25	1,67217302322388	3706,25	0,408472627401352					3706,25	0,539413452148438	3706,25	0,626955032348633					3706,25	0,550259947776794	3706,25	0,616882860660553					3706,25	0,361940443515778	3706,25	0,237130299210548					3706,25	0,393953144550323	
3709,375	0,30588099360466					3709,375	0,616192758083344	3709,375	1,20797872543335					3709,375	0,854774296283722	3709,375	1,41631662845612					3709,375	1,54918086528778	3709,375	1,57234883308411					3709,375	1,67579126358032	3709,375	0,410652756690979					3709,375	0,541930258274078	3709,375	0,629655659198761					3709,375	0,553261458873749	3709,375	0,619589567184448					3709,375	0,362095683813095	3709,375	0,237591728568077					3709,375	0,394714027643204	
3712,5	0,307882845401764					3712,5	0,617744863033295	3712,5	1,20819199085236					3712,5	0,855697154998779	3712,5	1,41450798511505					3712,5	1,54651761054993	3712,5	1,56915855407715					3712,5	1,67162096500397	3712,5	0,411678194999695					3712,5	0,542556643486023	3712,5	0,628034830093384					3712,5	0,552891135215759	3712,5	0,617102146148682					3712,5	0,360724717378616	3712,5	0,236375585198402					3712,5	0,393211185932159	
3715,625	0,308132320642471					3715,625	0,618261873722076	3715,625	1,2076849937439					3715,625	0,855804920196533	3715,625	1,41359376907349					3715,625	1,54498219490051	3715,625	1,56787407398224					3715,625	1,66992330551147	3715,625	0,412381261587143					3715,625	0,543121814727783	3715,625	0,627240657806396					3715,625	0,552716076374054	3715,625	0,616420447826386					3715,625	0,360595464706421	3715,625	0,236574679613113					3715,625	0,393210172653198	
3718,75	0,304453164339066					3718,75	0,61457896232605	3718,75	1,2072206735611					3718,75	0,853593468666077	3718,75	1,41402590274811					3718,75	1,54856204986572	3718,75	1,57245576381683					3718,75	1,67359697818756	3718,75	0,413171052932739					3718,75	0,545417606830597	3718,75	0,633225440979004					3718,75	0,555999457836151	3718,75	0,623065650463104					3718,75	0,366009712219238	3718,75	0,242560297250748					3718,75	0,400171220302582	
3721,875	0,306074023246765					3721,875	0,617332935333252	3721,875	1,21029853820801					3721,875	0,8566814661026	3721,875	1,41653168201447					3721,875	1,54871046543121	3721,875	1,57142269611359					3721,875	1,67237222194672	3721,875	0,4160515666008					3721,875	0,547326564788818	3721,875	0,630946755409241					3721,875	0,55665647983551	3721,875	0,619637489318848					3721,875	0,36104291677475	3721,875	0,238970324397087					3721,875	0,395969331264496	
3725	0,308988809585571					3725	0,619498133659363	3725	1,20891213417053					3725	0,858122527599335	3725	1,41363036632538					3725	1,54337573051453	3725	1,56615543365479					3725	1,66521179676056	3725	0,416070222854614					3725	0,546451032161713	3725	0,627486884593964					3725	0,554646015167236	3725	0,615108907222748					3725	0,358979374170303	3725	0,237447336316109					3725	0,393447279930115	
3728,125	0,30751833319664					3728,125	0,618314981460571	3728,125	1,20929670333862					3728,125	0,857978522777557	3728,125	1,4150425195694					3728,125	1,54429006576538	3728,125	1,56939208507538					3728,125	1,66782569885254	3728,125	0,417696923017502					3728,125	0,548326671123505	3728,125	0,630868136882782					3728,125	0,557119250297546	3728,125	0,618176281452179					3728,125	0,361138075590134	3728,125	0,239228993654251					3728,125	0,396681249141693	
3731,25	0,308192759752274					3731,25	0,619769215583801	3731,25	1,21103811264038					3731,25	0,859237134456635	3731,25	1,41622769832611					3731,25	1,5436509847641	3731,25	1,56852424144745					3731,25	1,66632759571075	3731,25	0,419596642255783					3731,25	0,549702942371368	3731,25	0,62964802980423					3731,25	0,557953059673309	3731,25	0,616400718688965					3731,25	0,359084069728851	3731,25	0,236824735999107					3731,25	0,394521325826645	
3734,375	0,307158201932907					3734,375	0,617993593215942	3734,375	1,20823287963867					3734,375	0,857557237148285	3734,375	1,41347467899323					3734,375	1,54281580448151	3734,375	1,56826972961426					3734,375	1,6645622253418	3734,375	0,419118702411652					3734,375	0,54984986782074	3734,375	0,631341695785522					3734,375	0,558607399463654	3734,375	0,619533061981201					3734,375	0,363139241933823	3734,375	0,240877449512482					3734,375	0,399665623903275	
3737,5	0,306837201118469					3737,5	0,61876779794693	3737,5	1,21067762374878					3737,5	0,85912811756134	3737,5	1,41564249992371					3737,5	1,54467785358429	3737,5	1,56885755062103					3737,5	1,66584956645966	3737,5	0,42189171910286					3737,5	0,552456915378571	3737,5	0,632421135902405					3737,5	0,560690879821777	3737,5	0,619536876678467					3737,5	0,361707717180252	3737,5	0,238743558526039					3737,5	0,39730504155159	
3740,625	0,307486921548843					3740,625	0,619177997112274	3740,625	1,20963966846466					3740,625	0,859004676342011	3740,625	1,41331005096436					3740,625	1,54272961616516	3740,625	1,56647300720215					3740,625	1,6626363992691	3740,625	0,421948343515396					3740,625	0,552298247814178	3740,625	0,632669448852539					3740,625	0,560411870479584	3740,625	0,61967134475708					3740,625	0,362737864255905	3740,625	0,241026937961578					3740,625	0,39882156252861	
3743,75	0,307450026273727					3743,75	0,619770884513855	3743,75	1,21065640449524					3743,75	0,859851956367493	3743,75	1,4141229391098					3743,75	1,54221618175507	3743,75	1,5662682056427					3743,75	1,6624139547348	3743,75	0,423589438199997					3743,75	0,553634345531464	3743,75	0,632100045681					3743,75	0,56106162071228	3743,75	0,618890523910522					3743,75	0,360800564289093	3743,75	0,238859578967094					3743,75	0,397500693798065	
3746,875	0,306596100330353					3746,875	0,619454085826874	3746,875	1,21263635158539					3746,875	0,860961496829987	3746,875	1,41750144958496					3746,875	1,54436635971069	3746,875	1,56922924518585					3746,875	1,66485369205475	3746,875	0,425723314285278					3746,875	0,556256353855133	3746,875	0,634484589099884					3746,875	0,563397169113159	3746,875	0,621356785297394					3746,875	0,361609905958176	3746,875	0,238980889320374					3746,875	0,398616313934326	
3750	0,307489454746246					3750	0,620125949382782	3750	1,21052598953247					3750	0,860327959060669	3750	1,41450071334839					3750	1,54065346717834	3750	1,56492364406586					3750	1,65987312793732	3750	0,425196558237076					3750	0,555314898490906	3750	0,632346272468567					3750	0,562002182006836	3750	0,619173467159271					3750	0,361861914396286	3750	0,238937512040138					3750	0,39836448431015	
3753,125	0,308321833610535					3753,125	0,621845483779907	3753,125	1,21305227279663					3753,125	0,862710356712341	3753,125	1,41711354255676					3753,125	1,54248881340027	3753,125	1,56466567516327					3753,125	1,65966212749481	3753,125	0,428313612937927					3753,125	0,557589828968048	3753,125	0,631832778453827					3753,125	0,563450157642365	3753,125	0,616203904151917					3753,125	0,358499050140381	3753,125	0,235306173563004					3753,125	0,395396411418915	
3756,25	0,308646976947784					3756,25	0,621734321117401	3756,25	1,2118923664093					3756,25	0,862529575824738	3756,25	1,41441214084625					3756,25	1,54061353206635	3756,25	1,56228637695313					3756,25	1,6568500995636	3756,25	0,42877659201622					3756,25	0,557946979999542	3756,25	0,632077515125275					3756,25	0,563702046871185	3756,25	0,616066336631775					3756,25	0,359713822603226	3756,25	0,23747530579567					3756,25	0,397740662097931	
3759,375	0,309268653392792					3759,375	0,623244524002075	3759,375	1,21459209918976					3759,375	0,86491447687149	3759,375	1,41657280921936					3759,375	1,54063844680786	3759,375	1,56290185451508					3759,375	1,65623557567596	3759,375	0,430980563163757					3759,375	0,559578061103821	3759,375	0,631511807441711					3759,375	0,564396619796753	3759,375	0,614152669906616					3759,375	0,357383489608765	3759,375	0,23584720492363					3759,375	0,395133078098297	
3762,5	0,307597368955612					3762,5	0,621301352977753	3762,5	1,21349954605103					3762,5	0,863217175006866	3762,5	1,41603326797485					3762,5	1,54031157493591	3762,5	1,56396734714508					3762,5	1,65670394897461	3762,5	0,431348413228989					3762,5	0,56071949005127	3762,5	0,634348273277283					3762,5	0,566213011741638	3762,5	0,618175148963928					3762,5	0,360563218593597	3762,5	0,238215953111649					3762,5	0,399484187364578	
3765,625	0,306946903467178					3765,625	0,621212244033813	3765,625	1,21458005905151					3765,625	0,863594174385071	3765,625	1,41706895828247					3765,625	1,54160666465759	3765,625	1,56446397304535					3765,625	1,65764391422272	3765,625	0,432900846004486					3765,625	0,562541663646698	3765,625	0,635805070400238					3765,625	0,568164467811584	3765,625	0,619424521923065					3765,625	0,361348241567612	3765,625	0,23787447810173					3765,625	0,400111049413681	
3768,75	0,309741467237473					3768,75	0,623122751712799	3768,75	1,21223616600037					3768,75	0,86442494392395	3768,75	1,41272008419037					3768,75	1,53576529026031	3768,75	1,55830979347229					3768,75	1,64967632293701	3768,75	0,432755053043365					3768,75	0,560909867286682	3768,75	0,632206678390503					3768,75	0,565515995025635	3768,75	0,615782380104065					3768,75	0,35916742682457	3768,75	0,237518295645714					3768,75	0,399058938026428	
3771,875	0,311722755432129					3771,875	0,625157237052917	3771,875	1,21251738071442					3771,875	0,866125583648682	3771,875	1,41206097602844					3771,875	1,53391253948212	3771,875	1,55531215667725					3771,875	1,64544367790222	3771,875	0,434252947568893					3771,875	0,561406314373016	3771,875	0,629925131797791					3771,875	0,564858198165894	3771,875	0,61187618970871					3771,875	0,355710119009018	3771,875	0,235276967287064					3771,875	0,39548522233963	
3775	0,310857743024826					3775	0,625185668468475	3775	1,21397089958191					3775	0,866900384426117	3775	1,41426062583923					3775	1,53634858131409	3775	1,55632400512695					3775	1,64788746833801	3775	0,435880035161972					3775	0,563707590103149	3775	0,63149493932724					3775	0,566927194595337	3775	0,612901747226715					3775	0,356337547302246	3775	0,235399007797241					3775	0,396275758743286	
3778,125	0,310704469680786					3778,125	0,625704050064087	3778,125	1,21575999259949					3778,125	0,867849230766296	3778,125	1,41598105430603					3778,125	1,53618681430817	3778,125	1,55609142780304					3778,125	1,64870381355286	3778,125	0,437689661979675					3778,125	0,565418779850006	3778,125	0,631478846073151					3778,125	0,568263828754425	3778,125	0,61298269033432					3778,125	0,355407625436783	3778,125	0,23456497490406					3778,125	0,394977748394012	
3781,25	0,311097264289856					3781,25	0,625436425209045	3781,25	1,21443021297455					3781,25	0,867469668388367	3781,25	1,41328299045563					3781,25	1,5332635641098	3781,25	1,5539402961731					3781,25	1,6449636220932	3781,25	0,438242197036743					3781,25	0,565543413162231	3781,25	0,631262123584747					3781,25	0,56816041469574	3781,25	0,612406969070435					3781,25	0,355619579553604	3781,25	0,235674664378166					3781,25	0,396007537841797	
3784,375	0,311163306236267					3784,375	0,626211225986481	3784,375	1,21595132350922					3784,375	0,868870377540588	3784,375	1,41459226608276					3784,375	1,53414332866669	3784,375	1,55446088314056					3784,375	1,64439022541046	3784,375	0,439995408058167					3784,375	0,567251086235046	3784,375	0,631686925888062					3784,375	0,569184720516205	3784,375	0,611451625823975					3784,375	0,354339599609375	3784,375	0,234861046075821					3784,375	0,395296782255173	
3787,5	0,30953449010849					3787,5	0,625348269939423	3787,5	1,21750211715698					3787,5	0,869128167629242	3787,5	1,41755783557892					3787,5	1,5363951921463	3787,5	1,55663776397705					3787,5	1,64690041542053	3787,5	0,441941291093826					3787,5	0,569728434085846	3787,5	0,634674847126007					3787,5	0,572038292884827	3787,5	0,614542484283447					3787,5	0,356031090021133	3787,5	0,235703602433205					3787,5	0,396869629621506	
3790,625	0,309063374996185					3790,625	0,624341249465942	3790,625	1,21561121940613					3790,625	0,868083477020264	3790,625	1,41465103626251					3790,625	1,53355073928833	3790,625	1,55449330806732					3790,625	1,64349818229675	3790,625	0,441780149936676					3790,625	0,569978594779968	3790,625	0,635603368282318					3790,625	0,572089731693268	3790,625	0,616368770599365					3790,625	0,359071344137192	3790,625	0,238330230116844					3790,625	0,400935828685761	
3793,75	0,308954149484634					3793,75	0,62501722574234	3793,75	1,21750891208649					3793,75	0,869110465049744	3793,75	1,41588723659515					3793,75	1,53530478477478	3793,75	1,55448222160339					3793,75	1,64464819431305	3793,75	0,444205611944199					3793,75	0,572091162204742	3793,75	0,636246919631958					3793,75	0,573833167552948	3793,75	0,617148458957672					3793,75	0,358507990837097	3793,75	0,236841589212418					3793,75	0,400465935468674	
3796,875	0,309949636459351					3796,875	0,626528799533844	3796,875	1,21941649913788					3796,875	0,870716452598572	3796,875	1,4173721075058					3796,875	1,53608572483063	3796,875	1,55322074890137					3796,875	1,64338457584381	3796,875	0,446345776319504					3796,875	0,573408007621765	3796,875	0,635667860507965					3796,875	0,573983013629913	3796,875	0,614197492599487					3796,875	0,355750203132629	3796,875	0,234803706407547					3796,875	0,39863458275795	
3800	0,311187356710434					3800	0,626612782478333	3800	1,21631991863251					3800	0,870282828807831	3800	1,41275179386139					3800	1,53086376190186	3800	1,54839980602264					3800	1,63684678077698	3800	0,445111811161041					3800	0,571908056735992	3800	0,633737087249756					3800	0,572238981723785	3800	0,612409174442291					3800	0,355946719646454	3800	0,237349987030029					3800	0,400020360946655	
3803,125	0,312446177005768					3803,125	0,628766655921936	3803,125	1,21750283241272					3803,125	0,872911512851715	3803,125	1,414710521698					3803,125	1,52955365180969	3803,125	1,54790055751801					3803,125	1,63559377193451	3803,125	0,447470128536224					3803,125	0,573537170886993	3803,125	0,632314264774323					3803,125	0,573205888271332	3803,125	0,610114216804504					3803,125	0,352481096982956	3803,125	0,234177678823471					3803,125	0,396877527236938	
3806,25	0,310463219881058					3806,25	0,627497494220734	3806,25	1,21730744838715					3806,25	0,871856033802032	3806,25	1,41505706310272					3806,25	1,53027427196503	3806,25	1,5487140417099					3806,25	1,63675928115845	3806,25	0,448609858751297					3806,25	0,5751793384552	3806,25	0,634506165981293					3806,25	0,575675845146179	3806,25	0,613036036491394					3806,25	0,355673730373383	3806,25	0,23632188141346					3806,25	0,399212747812271	
3809,375	0,309972375631332					3809,375	0,62738561630249	3809,375	1,21972167491913					3809,375	0,87294727563858	3809,375	1,41753244400024					3809,375	1,53251242637634	3809,375	1,54991245269775					3809,375	1,63812601566315	3809,375	0,450845718383789					3809,375	0,577758133411407	3809,375	0,636727333068848					3809,375	0,577525913715363	3809,375	0,614102482795715					3809,375	0,356582134962082	3809,375	0,236570939421654					3809,375	0,399901747703552	
3812,5	0,311434596776962					3812,5	0,628715693950653	3812,5	1,21908938884735					3812,5	0,873592615127563	3812,5	1,41585898399353					3812,5	1,52939355373383	3812,5	1,54720306396484					3812,5	1,63471877574921	3812,5	0,451389193534851					3812,5	0,577560842037201	3812,5	0,6349778175354					3812,5	0,576596975326538	3812,5	0,612373232841492					3812,5	0,354959219694138	3812,5	0,236243560910225					3812,5	0,398829966783524	
3815,625	0,311300694942474					3815,625	0,628598928451538	3815,625	1,21835207939148					3815,625	0,87360680103302	3815,625	1,41421175003052					3815,625	1,52726447582245	3815,625	1,54513657093048					3815,625	1,63215124607086	3815,625	0,451990067958832					3815,625	0,578044652938843	3815,625	0,6345374584198					3815,625	0,576913893222809	3815,625	0,612273037433624					3815,625	0,355773657560349	3815,625	0,23835064470768					3815,625	0,400304019451141	
3818,75	0,311222225427628					3818,75	0,62849098443985	3818,75	1,21706235408783					3818,75	0,873411178588867	3818,75	1,4131064414978					3818,75	1,52622449398041	3818,75	1,54338502883911					3818,75	1,63099837303162	3818,75	0,4524105489254					3818,75	0,578453898429871	3818,75	0,634851396083832					3818,75	0,577016115188599	3818,75	0,612511992454529					3818,75	0,356271237134933	3818,75	0,240043357014656					3818,75	0,401108354330063	
3821,875	0,312364727258682					3821,875	0,631153166294098	3821,875	1,22291469573975					3821,875	0,877141118049622	3821,875	1,41869187355042					3821,875	1,53007650375366	3821,875	1,54445159435272					3821,875	1,63431394100189	3821,875	0,456598073244095					3821,875	0,581963777542114	3821,875	0,63426673412323					3821,875	0,579115033149719	3821,875	0,609578311443329					3821,875	0,351880997419357	3821,875	0,235140800476074					3821,875	0,39594504237175	
3825	0,31207737326622					3825	0,629425704479218	3825	1,21692085266113					3825	0,874411940574646	3825	1,41102075576782					3825	1,52445101737976	3825	1,54065847396851					3825	1,62654423713684	3825	0,454139411449432					3825	0,579650163650513	3825	0,634359538555145					3825	0,577354252338409	3825	0,611594259738922					3825	0,356260180473328	3825	0,240223571658134					3825	0,401328772306442	
3828,125	0,312618613243103					3828,125	0,631487488746643	3828,125	1,22241413593292					3828,125	0,878096103668213	3828,125	1,41632127761841					3828,125	1,52585661411285	3828,125	1,54173934459686					3828,125	1,62916481494904	3828,125	0,458171546459198					3828,125	0,583413183689117	3828,125	0,634164214134216					3828,125	0,579404652118683	3828,125	0,609290182590485					3828,125	0,351296901702881	3828,125	0,235639184713364					3828,125	0,397279858589172	
3831,25	0,312055051326752					3831,25	0,63131719827652	3831,25	1,22337865829468					3831,25	0,878133118152618	3831,25	1,41857898235321					3831,25	1,52696764469147	3831,25	1,54121208190918					3831,25	1,62861168384552	3831,25	0,460000604391098					3831,25	0,585164606571198	3831,25	0,635908365249634					3831,25	0,580974519252777	3831,25	0,610623955726624					3831,25	0,351491659879684	3831,25	0,236403569579124					3831,25	0,398933202028275	
3834,375	0,31324115395546					3834,375	0,631703913211823	3834,375	1,21967720985413					3834,375	0,877651929855347	3834,375	1,41366243362427					3834,375	1,52133691310883	3834,375	1,5371458530426					3834,375	1,62194967269897	3834,375	0,458920866250992					3834,375	0,5831179022789	3834,375	0,633797168731689					3834,375	0,578874230384827	3834,375	0,608786761760712					3834,375	0,351356834173203	3834,375	0,237836182117462					3834,375	0,399628430604935	
3837,5	0,312362372875214					3837,5	0,632239282131195	3837,5	1,2222603559494					3837,5	0,879594624042511	3837,5	1,41720271110535					3837,5	1,52472317218781	3837,5	1,54039454460144					3837,5	1,62612175941467	3837,5	0,461745083332062					3837,5	0,586520195007324	3837,5	0,635724127292633					3837,5	0,581812739372253	3837,5	0,608750879764557					3837,5	0,351108938455582	3837,5	0,238292470574379					3837,5	0,400579988956451	
3840,625	0,313475698232651					3840,625	0,632996499538422	3840,625	1,22076284885406					3840,625	0,879312038421631	3840,625	1,41520631313324					3840,625	1,52073013782501	3840,625	1,5363382101059					3840,625	1,62168550491333	3840,625	0,461997270584106					3840,625	0,586337327957153	3840,625	0,633546471595764					3840,625	0,580805361270905	3840,625	0,607616364955902					3840,625	0,351812899112701	3840,625	0,238375127315521					3840,625	0,400114983320236	
3843,75	0,314034640789032					3843,75	0,634555160999298	3843,75	1,2232745885849					3843,75	0,881503224372864	3843,75	1,41600513458252					3843,75	1,52187979221344	3843,75	1,53608429431915					3843,75	1,62067008018494	3843,75	0,46473103761673					3843,75	0,588676810264587	3843,75	0,633001267910004					3843,75	0,582275867462158	3843,75	0,606502711772919					3843,75	0,349240183830261	3843,75	0,237219378352165					3843,75	0,398579657077789	
3846,875	0,314069718122482					3846,875	0,634437739849091	3846,875	1,22289526462555					3846,875	0,881323635578156	3846,875	1,41535544395447					3846,875	1,51979637145996	3846,875	1,53525400161743					3846,875	1,61885249614716	3846,875	0,465387493371964					3846,875	0,588822484016418	3846,875	0,633031070232391					3846,875	0,582307398319244	3846,875	0,606841027736664					3846,875	0,348554879426956	3846,875	0,237143188714981					3846,875	0,398597449064255	
3850	0,312453031539917					3850	0,63204038143158	3850	1,21992075443268					3850	0,878712236881256	3850	1,41252338886261					3850	1,51844036579132	3850	1,53375852108002					3850	1,61783277988434	3850	0,464132696390152					3850	0,588679730892181	3850	0,635940194129944					3850	0,582887947559357	3850	0,611218392848969					3850	0,353201001882553	3850	0,24205319583416					3850	0,404480457305908	
3853,125	0,314612507820129					3853,125	0,63534939289093	3853,125	1,22409188747406					3853,125	0,882387459278107	3853,125	1,41421616077423					3853,125	1,51743185520172	3853,125	1,53173983097076					3853,125	1,61447072029114	3853,125	0,467170000076294					3853,125	0,590420544147491	3853,125	0,632503867149353					3853,125	0,583001911640167	3853,125	0,606254398822784					3853,125	0,348634749650955	3853,125	0,238743096590042					3853,125	0,398423194885254	
3856,25	0,313896924257278					3856,25	0,63466477394104	3856,25	1,22373282909393					3856,25	0,882319927215576	3856,25	1,41478025913239					3856,25	1,5168788433075	3856,25	1,53240060806274					3856,25	1,61333990097046	3856,25	0,468327850103378					3856,25	0,592023193836212	3856,25	0,635077893733978					3856,25	0,584746241569519	3856,25	0,607958137989044					3856,25	0,35003125667572	3856,25	0,239904895424843					3856,25	0,400696963071823	
3859,375	0,31403386592865					3859,375	0,634978592395782	3859,375	1,2248193025589					3859,375	0,883114576339722	3859,375	1,41536402702332					3859,375	1,51561772823334	3859,375	1,53154826164246					3859,375	1,61325109004974	3859,375	0,469473212957382					3859,375	0,593265056610107	3859,375	0,635324895381927					3859,375	0,585892915725708	3859,375	0,60790741443634					3859,375	0,349622935056686	3859,375	0,240730360150337					3859,375	0,401214480400085	
3862,5	0,314003050327301					3862,5	0,635904312133789	3862,5	1,22575879096985					3862,5	0,884188115596771	3862,5	1,41782677173615					3862,5	1,51612770557404	3862,5	1,53028476238251					3862,5	1,61288559436798	3862,5	0,471228331327438					3862,5	0,595095217227936	3862,5	0,635089933872223					3862,5	0,586557984352112	3862,5	0,606328547000885					3862,5	0,347816079854965	3862,5	0,240043923258781					3862,5	0,399931818246841	
3865,625	0,316360503435135					3865,625	0,637898206710815	3865,625	1,22527194023132					3865,625	0,885434031486511	3865,625	1,41514098644257					3865,625	1,51152670383453	3865,625	1,52756059169769					3865,625	1,60839760303497	3865,625	0,472156345844269					3865,625	0,594550132751465	3865,625	0,631940186023712					3865,625	0,584888875484467	3865,625	0,602845072746277					3865,625	0,345830917358398	3865,625	0,239053100347519					3865,625	0,398197203874588	
3868,75	0,313890635967255					3868,75	0,635273098945618	3868,75	1,223473072052					3868,75	0,883452117443085	3868,75	1,41370010375977					3868,75	1,51249921321869	3868,75	1,52802228927612					3868,75	1,60866391658783	3868,75	0,47255527973175					3868,75	0,595910429954529	3868,75	0,636180281639099					3868,75	0,586965918540955	3868,75	0,607176721096039					3868,75	0,350172102451324	3868,75	0,243845552206039					3868,75	0,403909087181091	
3871,875	0,316881060600281					3871,875	0,639163613319397	3871,875	1,22513735294342					3871,875	0,88691645860672	3871,875	1,41332507133484					3871,875	1,5082927942276	3871,875	1,52460432052612					3871,875	1,60308921337128	3871,875	0,474463880062103					3871,875	0,595529556274414	3871,875	0,630567133426666					3871,875	0,585033714771271	3871,875	0,599757373332977					3871,875	0,345629990100861	3871,875	0,239458948373795					3871,875	0,396733224391937	
3875	0,317313432693481					3875	0,640053808689117	3875	1,2268625497818					3875	0,888007819652557	3875	1,41449999809265					3875	1,50701701641083	3875	1,5229150056839					3875	1,60193359851837	3875	0,47638663649559					3875	0,597411632537842	3875	0,629811942577362					3875	0,585882067680359	3875	0,599003612995148					3875	0,343775302171707	3875	0,239125937223434					3875	0,395653754472733	
3878,125	0,315755724906921					3878,125	0,638137638568878	3878,125	1,22382271289825					3878,125	0,885837197303772	3878,125	1,41215515136719					3878,125	1,50545048713684	3878,125	1,52283620834351					3878,125	1,59980690479279	3878,125	0,475705713033676					3878,125	0,597458720207214	3878,125	0,631832420825958					3878,125	0,586623728275299	3878,125	0,601934432983398					3878,125	0,346853941679001	3878,125	0,242132350802422					3878,125	0,399542510509491	
3881,25	0,315589040517807					3881,25	0,638809025287628	3881,25	1,22554183006287					3881,25	0,887418746948242	3881,25	1,41338133811951					3881,25	1,50605690479279	3881,25	1,52526307106018					3881,25	1,6013149023056	3881,25	0,477948427200317					3881,25	0,599920809268951	3881,25	0,632315456867218					3881,25	0,588701188564301	3881,25	0,604513108730316					3881,25	0,346325665712357	3881,25	0,242771178483963					3881,25	0,400307774543762	
3884,375	0,315085411071777					3884,375	0,638131618499756	3884,375	1,2267609834671					3884,375	0,887620091438293	3884,375	1,41491532325745					3884,375	1,50602185726166	3884,375	1,52397310733795					3884,375	1,60013520717621	3884,375	0,479376703500748					3884,375	0,601415276527405	3884,375	0,633806705474854					3884,375	0,589208006858826	3884,375	0,603816211223602					3884,375	0,346221804618835	3884,375	0,242854088544846					3884,375	0,400975465774536	
3887,5	0,318098366260529					3887,5	0,640909731388092	3887,5	1,22598814964294					3887,5	0,889363825321198	3887,5	1,41314196586609					3887,5	1,50164997577667	3887,5	1,51952314376831					3887,5	1,59434926509857	3887,5	0,480279684066772					3887,5	0,600844502449036	3887,5	0,629901647567749					3887,5	0,587009251117706	3887,5	0,598112463951111					3887,5	0,344265133142471	3887,5	0,241868421435356					3887,5	0,398800522089005	
3890,625	0,3171326816082					3890,625	0,640090823173523	3890,625	1,22622549533844					3890,625	0,888552725315094	3890,625	1,41281270980835					3890,625	1,50072920322418	3890,625	1,52020585536957					3890,625	1,59430754184723	3890,625	0,481259316205978					3890,625	0,602386355400085	3890,625	0,632107198238373					3890,625	0,58895605802536	3890,625	0,600488424301147					3890,625	0,345247328281403	3890,625	0,243015140295029					3890,625	0,400145202875137	
3893,75	0,313668310642242					3893,75	0,638217389583588	3893,75	1,22873651981354					3893,75	0,888559818267822	3893,75	1,41699409484863					3893,75	1,50423014163971	3893,75	1,52495110034943					3893,75	1,59816932678223	3893,75	0,483956515789032					3893,75	0,606920182704926	3893,75	0,638129889965057					3893,75	0,594233453273773	3893,75	0,606650650501251					3893,75	0,347484707832336	3893,75	0,244286105036736					3893,75	0,402777552604675	
3896,875	0,315940052270889					3896,875	0,640582740306854	3896,875	1,22744500637054					3896,875	0,890214145183563	3896,875	1,41528069972992					3896,875	1,49960243701935	3896,875	1,52094209194183					3896,875	1,59304928779602	3896,875	0,48423570394516					3896,875	0,605499625205994	3896,875	0,633884131908417					3896,875	0,591678440570831	3896,875	0,601937532424927					3896,875	0,345159649848938	3896,875	0,243755370378494					3896,875	0,400484025478363	
3900	0,318626582622528					3900	0,643012583255768	3900	1,22662496566772					3900	0,891309022903442	3900	1,41223120689392					3900	1,49493873119354	3900	1,51619493961334					3900	1,58667433261871	3900	0,484095245599747					3900	0,603708982467651	3900	0,629408180713654					3900	0,588582634925842	3900	0,596735298633575					3900	0,343169331550598	3900	0,243038401007652					3900	0,399196624755859	
3903,125	0,317463874816895					3903,125	0,640927016735077	3903,125	1,22557532787323					3903,125	0,889845192432404	3903,125	1,41041970252991					3903,125	1,49340844154358	3903,125	1,51550829410553					3903,125	1,58418691158295	3903,125	0,484136998653412					3903,125	0,604673862457275	3903,125	0,631698191165924					3903,125	0,589759707450867	3903,125	0,598865985870361					3903,125	0,346483677625656	3903,125	0,245935812592506					3903,125	0,402270168066025	
3906,25	0,316977888345718					3906,25	0,643082857131958	3906,25	1,23231184482574					3906,25	0,894334554672241	3906,25	1,41863226890564					3906,25	1,49644565582275	3906,25	1,52014267444611					3906,25	1,58926773071289	3906,25	0,489501118659973					3906,25	0,60978889465332	3906,25	0,633991837501526					3906,25	0,593598663806915	3906,25	0,600322842597961					3906,25	0,343465089797974	3906,25	0,242283925414085					3906,25	0,399649918079376	
3909,375	0,315086752176285					3909,375	0,640871644020081	3909,375	1,23105370998383					3909,375	0,892833709716797	3909,375	1,41816186904907					3909,375	1,49728524684906	3909,375	1,52031075954437					3909,375	1,58919608592987	3909,375	0,49018070101738					3909,375	0,611408114433289	3909,375	0,636699318885803					3909,375	0,595458507537842	3909,375	0,603734076023102					3909,375	0,345776170492172	3909,375	0,245457574725151					3909,375	0,403038263320923	
3912,5	0,314493954181671					3912,5	0,639888346195221	3912,5	1,23052966594696					3912,5	0,89203816652298	3912,5	1,41770696640015					3912,5	1,49501490592957	3912,5	1,5195859670639					3912,5	1,5884040594101	3912,5	0,49104043841362					3912,5	0,612697720527649	3912,5	0,637084066867828					3912,5	0,596252620220184	3912,5	0,604076743125916					3912,5	0,346866279840469	3912,5	0,246926009654999					3912,5	0,404176086187363	
3915,625	0,317498862743378					3915,625	0,642706394195557	3915,625	1,22894763946533					3915,625	0,893493890762329	3915,625	1,41425800323486					3915,625	1,48939430713654	3915,625	1,51494765281677					3915,625	1,58077120780945	3915,625	0,491163313388824					3915,625	0,610999941825867	3915,625	0,632793724536896					3915,625	0,593746304512024	3915,625	0,598923206329346					3915,625	0,345302373170853	3915,625	0,245874792337418					3915,625	0,401355028152466	
3918,75	0,318205386400223					3918,75	0,643258631229401	3918,75	1,22803997993469					3918,75	0,893646478652954	3918,75	1,41174697875977					3918,75	1,48683297634125	3918,75	1,5130307674408					3918,75	1,57588458061218	3918,75	0,491269588470459					3918,75	0,610381007194519	3918,75	0,631369769573212					3918,75	0,593031108379364	3918,75	0,597863674163818					3918,75	0,345511704683304	3918,75	0,245889812707901					3918,75	0,401903182268143	
3921,875	0,318135380744934					3921,875	0,642361879348755	3921,875	1,22613370418549					3921,875	0,892307281494141	3921,875	1,4082795381546					3921,875	1,48376655578613	3921,875	1,51037633419037					3921,875	1,57262778282166	3921,875	0,490478098392487					3921,875	0,609690964221954	3921,875	0,631864964962006					3921,875	0,59266871213913	3921,875	0,598580837249756					3921,875	0,347767412662506	3921,875	0,247812315821648					3921,875	0,40390682220459	
3925	0,317390114068985					3925	0,643049418926239	3925	1,22900855541229					3925	0,893932580947876	3925	1,41239559650421					3925	1,4853413105011	3925	1,51194536685944					3925	1,57497537136078	3925	0,493905872106552					3925	0,61399507522583	3925	0,634232342243195					3925	0,59577602148056	3925	0,599156677722931					3925	0,347488284111023	3925	0,247434198856354					3925	0,403069972991943	
3928,125	0,319911003112793					3928,125	0,64673638343811	3928,125	1,23066771030426					3928,125	0,897630453109741	3928,125	1,41504347324371					3928,125	1,4841628074646	3928,125	1,50983273983002					3928,125	1,5729569196701	3928,125	0,496664106845856					3928,125	0,615496933460236	3928,125	0,629638314247131					3928,125	0,594709634780884	3928,125	0,594129204750061					3928,125	0,342990428209305	3928,125	0,243528798222542					3928,125	0,399127632379532	
3931,25	0,320553004741669					3931,25	0,6465083360672	3931,25	1,22742938995361					3931,25	0,896221935749054	3931,25	1,41014683246613					3931,25	1,47930502891541	3931,25	1,50638926029205					3931,25	1,56682062149048	3931,25	0,494991362094879					3931,25	0,61292427778244	3931,25	0,627735555171967					3931,25	0,592359781265259	3931,25	0,593498528003693					3931,25	0,343752235174179	3931,25	0,245392680168152					3931,25	0,400926202535629	
3934,375	0,320404797792435					3934,375	0,646621882915497	3934,375	1,22921288013458					3934,375	0,89674711227417	3934,375	1,4110586643219					3934,375	1,47974109649658	3934,375	1,50653266906738					3934,375	1,56698048114777	3934,375	0,496319234371185					3934,375	0,614235997200012	3934,375	0,628251194953918					3934,375	0,593380033969879	3934,375	0,594102799892426					3934,375	0,343820005655289	3934,375	0,246791258454323					3934,375	0,400423496961594	
3937,5	0,31948447227478					3937,5	0,646358132362366	3937,5	1,23006653785706					3937,5	0,897463381290436	3937,5	1,41272139549255					3937,5	1,4800398349762	3937,5	1,50741934776306					3937,5	1,56678092479706	3937,5	0,498392701148987					3937,5	0,616722404956818	3937,5	0,631179392337799					3937,5	0,595251560211182	3937,5	0,59672212600708					3937,5	0,345710754394531	3937,5	0,24778425693512					3937,5	0,403115123510361	
3940,625	0,318044722080231					3940,625	0,645785450935364	3940,625	1,2314864397049					3940,625	0,897567391395569	3940,625	1,41306149959564					3940,625	1,47878420352936	3940,625	1,50807332992554					3940,625	1,56542682647705	3940,625	0,499970018863678					3940,625	0,618837416172028	3940,625	0,631744384765625					3940,625	0,596911251544952	3940,625	0,596655368804932					3940,625	0,345578849315643	3940,625	0,246630638837814					3940,625	0,402496337890625	
3943,75	0,320076018571854					3943,75	0,647392332553864	3943,75	1,22982323169708					3943,75	0,898199319839478	3943,75	1,40927314758301					3943,75	1,47281682491302	3943,75	1,5041915178299					3943,75	1,56072378158569	3943,75	0,4996637403965					3943,75	0,617519021034241	3943,75	0,6275954246521					3943,75	0,594688355922699	3943,75	0,593767583370209					3943,75	0,34516778588295	3943,75	0,245978519320488					3943,75	0,401615887880325	
3946,875	0,319314986467361					3946,875	0,6470707654953	3946,875	1,23130416870117					3946,875	0,899907231330872	3946,875	1,41184544563293					3946,875	1,473761677742	3946,875	1,50504803657532					3946,875	1,56080043315887	3946,875	0,501579403877258					3946,875	0,620024502277374	3946,875	0,629875063896179					3946,875	0,596851766109467	3946,875	0,5947105884552					3946,875	0,345298200845718	3946,875	0,245344564318657					3946,875	0,401960670948029	
3950	0,319290518760681					3950	0,647286474704742	3950	1,23131966590881					3950	0,899458050727844	3950	1,41127347946167					3950	1,47304224967957	3950	1,50311720371246					3950	1,55803656578064	3950	0,502031028270721					3950	0,620590329170227	3950	0,629947543144226					3950	0,59728729724884	3950	0,594087839126587					3950	0,345705568790436	3950	0,245982974767685					3950	0,402943044900894	
3953,125	0,320563018321991					3953,125	0,649162709712982	3953,125	1,23276484012604					3953,125	0,901784718036652	3953,125	1,41331803798676					3953,125	1,47155559062958	3953,125	1,50172126293182					3953,125	1,55653476715088	3953,125	0,504018604755402					3953,125	0,621839165687561	3953,125	0,627458274364471					3953,125	0,596691370010376	3953,125	0,591960310935974					3953,125	0,343507021665573	3953,125	0,244056284427643					3953,125	0,401187390089035	
3956,25	0,319654196500778					3956,25	0,647054076194763	3956,25	1,22940385341644					3956,25	0,899644553661346	3956,25	1,40915739536285					3956,25	1,46736741065979	3956,25	1,49978852272034					3956,25	1,55113387107849	3956,25	0,502721071243286					3956,25	0,620342493057251	3956,25	0,62802916765213					3956,25	0,596040308475494	3956,25	0,593647480010986					3956,25	0,344848901033401	3956,25	0,246408492326736					3956,25	0,4045190513134	
3959,375	0,317148745059967					3959,375	0,646552920341492	3959,375	1,23367595672607					3959,375	0,901283144950867	3959,375	1,41329085826874					3959,375	1,46868026256561	3959,375	1,50348281860352					3959,375	1,55354344844818	3959,375	0,506975769996643					3959,375	0,625269174575806	3959,375	0,630808413028717					3959,375	0,599962711334229	3959,375	0,595690548419952					3959,375	0,346881836652756	3959,375	0,246196821331978					3959,375	0,404347956180573	
3962,5	0,320600718259811					3962,5	0,649806439876556	3962,5	1,23151779174805					3962,5	0,902311503887177	3962,5	1,4109320640564					3962,5	1,46364831924438	3962,5	1,49840712547302					3962,5	1,54769289493561	3962,5	0,506806671619415					3962,5	0,623598098754883	3962,5	0,626737058162689					3962,5	0,597250401973724	3962,5	0,591705977916718					3962,5	0,344922870397568	3962,5	0,244658932089806					3962,5	0,402642786502838	
3965,625	0,321521639823914					3965,625	0,650799870491028	3965,625	1,23053729534149					3965,625	0,902820944786072	3965,625	1,40880990028381					3965,625	1,46064674854279	3965,625	1,49508988857269					3965,625	1,54344975948334	3965,625	0,506762564182281					3965,625	0,622878074645996	3965,625	0,624812066555023					3965,625	0,596021056175232	3965,625	0,590426504611969					3965,625	0,345187902450562	3965,625	0,24431699514389					3965,625	0,402863681316376	
3968,75	0,322064697742462					3968,75	0,653218388557434	3968,75	1,23508644104004					3968,75	0,906751692295074	3968,75	1,41421699523926					3968,75	1,46204328536987	3968,75	1,49727272987366					3968,75	1,54471468925476	3968,75	0,511396169662476					3968,75	0,626742720603943	3968,75	0,624662697315216					3968,75	0,597373127937317	3968,75	0,588750183582306					3968,75	0,342392295598984	3968,75	0,241835281252861					3968,75	0,399450242519379	
3971,875	0,321629405021667					3971,875	0,649998068809509	3971,875	1,22890210151672					3971,875	0,90194445848465	3971,875	1,40704047679901					3971,875	1,45708870887756	3971,875	1,49357450008392					3971,875	1,53775155544281	3971,875	0,507677018642426					3971,875	0,623737394809723	3971,875	0,625255644321442					3971,875	0,595457911491394	3971,875	0,591065347194672					3971,875	0,346646189689636	3971,875	0,246057972311974					3971,875	0,404602438211441	
3975	0,321519494056702					3975	0,652115881443024	3975	1,23327791690826					3975	0,905343413352966	3975	1,41193866729736					3975	1,4566593170166	3975	1,49476039409637					3975	1,53814625740051	3975	0,511314511299133					3975	0,6262326836586	3975	0,623541355133057					3975	0,59597772359848	3975	0,588989496231079					3975	0,344830453395844	3975	0,242343679070473					3975	0,402229368686676	
3978,125	0,318000823259354					3978,125	0,649810552597046	3978,125	1,23567771911621					3978,125	0,905004918575287	3978,125	1,41473507881165					3978,125	1,45841562747955	3978,125	1,49660289287567					3978,125	1,53896653652191	3978,125	0,513869941234589					3978,125	0,630672693252563	3978,125	0,62701141834259					3978,125	0,600742816925049	3978,125	0,592601239681244					3978,125	0,346147924661636	3978,125	0,242919877171516					3978,125	0,402062058448792	
3981,25	0,320557981729507					3981,25	0,652190029621124	3981,25	1,23514151573181					3981,25	0,906588554382324	3981,25	1,41324019432068					3981,25	1,45625078678131	3981,25	1,49364411830902					3981,25	1,53671085834503	3981,25	0,514631152153015					3981,25	0,631062865257263	3981,25	0,624780416488647					3981,25	0,599468588829041	3981,25	0,591160237789154					3981,25	0,345012843608856	3981,25	0,24228547513485					3981,25	0,4014513194561	
3984,375	0,323566466569901					3984,375	0,654644131660461	3984,375	1,23456716537476					3984,375	0,907644271850586	3984,375	1,41083240509033					3984,375	1,45171415805817	3984,375	1,48770582675934					3984,375	1,53148055076599	3984,375	0,51352071762085					3984,375	0,628440797328949	3984,375	0,620244204998016					3984,375	0,595933556556702	3984,375	0,586191654205322					3984,375	0,342782914638519	3984,375	0,240544065833092					3984,375	0,400292694568634	
3987,5	0,323489129543304					3987,5	0,655092775821686	3987,5	1,23589622974396					3987,5	0,90869128704071	3987,5	1,41372847557068					3987,5	1,45172297954559	3987,5	1,48798775672913					3987,5	1,53089606761932	3987,5	0,515642285346985					3987,5	0,630019187927246	3987,5	0,621701180934906					3987,5	0,59796130657196	3987,5	0,585947096347809					3987,5	0,343243926763535	3987,5	0,239590287208557					3987,5	0,400908589363098	
3990,625	0,322348922491074					3990,625	0,652258217334747	3990,625	1,23005449771881					3990,625	0,904834449291229	3990,625	1,4080423116684					3990,625	1,44676291942596	3990,625	1,48475658893585					3990,625	1,52506196498871	3990,625	0,512783110141754					3990,625	0,627881407737732	3990,625	0,622237265110016					3990,625	0,596213936805725	3990,625	0,588352918624878					3990,625	0,346872001886368	3990,625	0,243871495127678					3990,625	0,404355734586716	
3993,75	0,32572066783905					3993,75	0,658288419246674	3993,75	1,23502910137177					3993,75	0,91083025932312	3993,75	1,41147768497467					3993,75	1,44800138473511	3993,75	1,48058211803436					3993,75	1,5228453874588	3993,75	0,517119586467743					3993,75	0,629444420337677	3993,75	0,617083728313446					3993,75	0,592724859714508	3993,75	0,578535974025726					3993,75	0,340096920728683	3993,75	0,236468017101288					3993,75	0,396547794342041	
3996,875	0,32253623008728					3996,875	0,65542858839035	3996,875	1,23492038249969					3996,875	0,909732282161713	3996,875	1,41386795043945					3996,875	1,44812488555908	3996,875	1,4839152097702					3996,875	1,52410888671875	3996,875	0,517833471298218					3996,875	0,632399141788483	3996,875	0,621628642082214					3996,875	0,598049879074097	3996,875	0,585281491279602					3996,875	0,345398396253586	3996,875	0,239610210061073					3996,875	0,401755064725876	
4000	0,322642594575882					4000	0,655045747756958	4000	1,23325598239899					4000	0,909136056900024	4000	1,41243672370911					4000	1,44516479969025	4000	1,48247277736664					4000	1,51955020427704	4000	0,518544793128967					4000	0,633453071117401	4000	0,620523512363434					4000	0,598033666610718	4000	0,586218953132629					4000	0,345810949802399	4000	0,239930629730225					4000	0,403733044862747	
4003,125	0,323896706104279					4003,125	0,655174970626831	4003,125	1,23037314414978					4003,125	0,908585250377655	4003,125	1,40746188163757					4003,125	1,44082283973694	4003,125	1,47765159606934					4003,125	1,51472616195679	4003,125	0,518341958522797					4003,125	0,632127285003662	4003,125	0,616547644138336					4003,125	0,594787240028381	4003,125	0,583605408668518					4003,125	0,345577955245972	4003,125	0,239630416035652					4003,125	0,403406262397766	
4006,25	0,323469579219818					4006,25	0,658553719520569	4006,25	1,23477101325989					4006,25	0,912547826766968	4006,25	1,41388726234436					4006,25	1,44314086437225	4006,25	1,48100447654724					4006,25	1,51725125312805	4006,25	0,52392041683197					4006,25	0,637161076068878	4006,25	0,617585122585297					4006,25	0,598593235015869	4006,25	0,581985354423523					4006,25	0,345031440258026	4006,25	0,23688331246376					4006,25	0,405534684658051	
4009,375	0,329065084457397					4009,375	0,663897693157196	4009,375	1,237433552742					4009,375	0,91648805141449	4009,375	1,41529059410095					4009,375	1,4386979341507	4009,375	1,47395861148834					4009,375	1,51323437690735	4009,375	0,522784531116486					4009,375	0,634634912014008	4009,375	0,609685659408569					4009,375	0,592909574508667	4009,375	0,573583841323853					4009,375	0,337176531553268	4009,375	0,230071350932121					4009,375	0,39542081952095	
4012,5	0,322625517845154					4012,5	0,656774878501892	4012,5	1,23539781570435					4012,5	0,912085354328156	4012,5	1,41598749160767					4012,5	1,43965291976929	4012,5	1,47681081295013					4012,5	1,51386415958405	4012,5	0,523628354072571					4012,5	0,638211607933044	4012,5	0,620015740394592					4012,5	0,599023222923279	4012,5	0,584723174571991					4012,5	0,34642505645752	4012,5	0,236434996128082					4012,5	0,405861884355545	
4015,625	0,319973200559616					4015,625	0,654050946235657	4015,625	1,23139333724976					4015,625	0,909751772880554	4015,625	1,41472828388214					4015,625	1,43755781650543	4015,625	1,47480547428131					4015,625	1,51016283035278	4015,625	0,522825479507446					4015,625	0,637839555740356	4015,625	0,621699988842011					4015,625	0,600386619567871	4015,625	0,586604237556458					4015,625	0,350315153598785	4015,625	0,239237934350967					4015,625	0,409584254026413	
4018,75	0,324886590242386					4018,75	0,658569157123566	4018,75	1,2325953245163					4018,75	0,912928521633148	4018,75	1,41491973400116					4018,75	1,43517851829529	4018,75	1,47132301330566					4018,75	1,50544774532318	4018,75	0,522981643676758					4018,75	0,636570692062378	4018,75	0,6165412068367					4018,75	0,596616566181183	4018,75	0,578743040561676					4018,75	0,345628052949905	4018,75	0,235440596938133					4018,75	0,406052947044373	
4021,875	0,323747754096985					4021,875	0,65740579366684	4021,875	1,23151051998138					4021,875	0,911816298961639	4021,875	1,41180598735809					4021,875	1,43225800991058	4021,875	1,46907472610474					4021,875	1,502281665802	4021,875	0,522783517837524					4021,875	0,636402904987335	4021,875	0,616033315658569					4021,875	0,596425473690033	4021,875	0,579652488231659					4021,875	0,347982138395309	4021,875	0,236915722489357					4021,875	0,408432871103287	
4025	0,32069718837738					4025	0,656530201435089	4025	1,23613500595093					4025	0,913112938404083	4025	1,41752529144287					4025	1,43396520614624	4025	1,472785115242					4025	1,50557553768158	4025	0,526995539665222					4025	0,641778707504272	4025	0,62021541595459					4025	0,601389765739441	4025	0,582230269908905					4025	0,349706679582596	4025	0,236871644854546					4025	0,410567253828049	
4028,125	0,325943142175674					4028,125	0,661787688732147	4028,125	1,23503851890564					4028,125	0,915961682796478	4028,125	1,41474258899689					4028,125	1,42898082733154	4028,125	1,46440649032593					4028,125	1,49989545345306	4028,125	0,52695369720459					4028,125	0,638960480690002	4028,125	0,614278078079224					4028,125	0,595583856105804	4028,125	0,573614418506622					4028,125	0,344293981790543	4028,125	0,232885703444481					4028,125	0,405858099460602	
4031,25	0,325740605592728					4031,25	0,662492036819458	4031,25	1,23779141902924					4031,25	0,917923152446747	4031,25	1,41705405712128					4031,25	1,43158328533173	4031,25	1,46619212627411					4031,25	1,4994797706604	4031,25	0,529478490352631					4031,25	0,641740500926971	4031,25	0,614979803562164					4031,25	0,597848773002625	4031,25	0,573294341564178					4031,25	0,345735758543015	4031,25	0,231326580047607					4031,25	0,407212406396866	
4034,375	0,322678416967392					4034,375	0,658960521221161	4034,375	1,23611426353455					4034,375	0,914795696735382	4034,375	1,41576635837555					4034,375	1,43026602268219	4034,375	1,46597588062286					4034,375	1,49898707866669	4034,375	0,529192626476288					4034,375	0,64325487613678	4034,375	0,618794798851013					4034,375	0,600250720977783	4034,375	0,577609360218048					4034,375	0,350725561380386	4034,375	0,234078377485275					4034,375	0,411926835775375	
4037,5	0,324154853820801					4037,5	0,661137580871582	4037,5	1,23723161220551					4037,5	0,916667997837067	4037,5	1,41605401039124					4037,5	1,42974615097046	4037,5	1,46286141872406					4037,5	1,49822664260864	4037,5	0,530726730823517					4037,5	0,643801867961884	4037,5	0,615937173366547					4037,5	0,599006593227386	4037,5	0,574349224567413					4037,5	0,349376946687698	4037,5	0,230954349040985					4037,5	0,409317016601563	
4040,625	0,324556320905685					4040,625	0,6617231965065	4040,625	1,23637044429779					4040,625	0,917274117469788	4040,625	1,41420412063599					4040,625	1,42930138111115	4040,625	1,45906066894531					4040,625	1,49404501914978	4040,625	0,53055727481842					4040,625	0,643229961395264	4040,625	0,614743173122406					4040,625	0,597660422325134	4040,625	0,572625696659088					4040,625	0,349176406860352	4040,625	0,230135142803192					4040,625	0,409693360328674	
4043,75	0,321488976478577					4043,75	0,659628093242645	4043,75	1,23537707328796					4043,75	0,91634339094162	4043,75	1,41534125804901					4043,75	1,43082678318024	4043,75	1,45945000648499					4043,75	1,49324202537537	4043,75	0,531364798545837					4043,75	0,645206272602081	4043,75	0,617892742156982					4043,75	0,599983036518097	4043,75	0,575275719165802					4043,75	0,352805197238922	4043,75	0,231548205018044					4043,75	0,413648843765259	
4046,875	0,319378197193146					4046,875	0,657809495925903	4046,875	1,23417162895203					4046,875	0,914448142051697	4046,875	1,41539013385773					4046,875	1,43124687671661	4046,875	1,45650291442871					4046,875	1,49117398262024	4046,875	0,532070219516754					4046,875	0,646323800086975	4046,875	0,619369745254517					4046,875	0,600951910018921	4046,875	0,576462030410767					4046,875	0,354863077402115	4046,875	0,233155518770218					4046,875	0,417530715465546	
4050	0,322943329811096					4050	0,663269639015198	4050	1,24026203155518					4050	0,920118808746338	4050	1,4200986623764					4050	1,43298554420471	4050	1,45516955852509					4050	1,49189960956573	4050	0,535425841808319					4050	0,647400557994843	4050	0,615601003170013					4050	0,600115656852722	4050	0,569708287715912					4050	0,347432762384415	4050	0,227469652891159					4050	0,412719517946243	
4053,125	0,325234293937683					4053,125	0,664213120937347	4053,125	1,23902535438538					4053,125	0,920981705188751	4053,125	1,41522109508514					4053,125	1,43067193031311	4053,125	1,45081126689911					4053,125	1,48723745346069	4053,125	0,534876525402069					4053,125	0,646103262901306	4053,125	0,61227810382843					4053,125	0,59743595123291	4053,125	0,566821396350861					4053,125	0,344228237867355	4053,125	0,226249739527702					4053,125	0,411819368600845	
4056,25	0,32400506734848					4056,25	0,663452327251434	4056,25	1,23994135856628					4056,25	0,920627474784851	4056,25	1,41583025455475					4056,25	1,4311591386795	4056,25	1,44989550113678					4056,25	1,48727667331696	4056,25	0,536688685417175					4056,25	0,648008406162262	4056,25	0,612843573093414					4056,25	0,598706722259521	4056,25	0,568073511123657					4056,25	0,341968357563019	4056,25	0,226922765374184					4056,25	0,41404315829277	
4059,375	0,32424122095108					4059,375	0,663274347782135	4059,375	1,2385094165802					4059,375	0,920321404933929	4059,375	1,41474831104279					4059,375	1,42780065536499	4059,375	1,44711816310883					4059,375	1,48358368873596	4059,375	0,535874366760254					4059,375	0,647509694099426	4059,375	0,611269414424896					4059,375	0,597455620765686	4059,375	0,567342698574066					4059,375	0,341187804937363	4059,375	0,227554231882095					4059,375	0,415364027023315	
4062,5	0,321627557277679					4062,5	0,662610530853271	4062,5	1,24171352386475					4062,5	0,921675562858582	4062,5	1,41855037212372					4062,5	1,42804777622223	4062,5	1,44909727573395					4062,5	1,48713564872742	4062,5	0,539632380008698					4062,5	0,65225476026535	4062,5	0,614231050014496					4062,5	0,601216971874237	4062,5	0,568611085414886					4062,5	0,341090589761734	4062,5	0,228347286581993					4062,5	0,419337958097458	
4065,625	0,321975976228714					4065,625	0,662397682666779	4065,625	1,23937249183655					4065,625	0,920830011367798	4065,625	1,41546654701233					4065,625	1,42218244075775	4065,625	1,44462513923645					4065,625	1,48383498191833	4065,625	0,538848400115967					4065,625	0,650498330593109	4065,625	0,611958503723145					4065,625	0,599481225013733	4065,625	0,567195475101471					4065,625	0,339756697416306	4065,625	0,23035791516304					4065,625	0,420396715402603	
4068,75	0,322518408298492					4068,75	0,66429328918457	4068,75	1,24238288402557					4068,75	0,923351347446442	4068,75	1,41750085353851					4068,75	1,42151927947998	4068,75	1,44297122955322					4068,75	1,48345685005188	4068,75	0,540964603424072					4068,75	0,652404367923737	4068,75	0,611392319202423					4068,75	0,599861681461334	4068,75	0,565529048442841					4068,75	0,33703938126564	4068,75	0,227518156170845					4068,75	0,419406801462173	
4071,875	0,322736382484436					4071,875	0,664861977100372	4071,875	1,24138927459717					4071,875	0,923374593257904	4071,875	1,41601288318634					4071,875	1,41946244239807	4071,875	1,44096159934998					4071,875	1,4808896780014	4071,875	0,540991485118866					4071,875	0,651784241199493	4071,875	0,610633969306946					4071,875	0,599196910858154	4071,875	0,564038157463074					4071,875	0,336497068405151	4071,875	0,226162120699883					4071,875	0,419410169124603	
4075	0,3208889067173					4075	0,663156628608704	4075	1,24180555343628					4075	0,923287570476532	4075	1,41529750823975					4075	1,41695070266724	4075	1,44013607501984					4075	1,48110890388489	4075	0,542178213596344					4075	0,653403639793396	4075	0,611004233360291					4075	0,600304484367371	4075	0,565536558628082					4075	0,336974948644638	4075	0,226532906293869					4075	0,422163337469101	
4078,125	0,320823907852173					4078,125	0,664715647697449	4078,125	1,24630808830261					4078,125	0,926908135414124	4078,125	1,41762268543243					4078,125	1,41577816009521	4078,125	1,44099903106689					4078,125	1,48362612724304	4078,125	0,545317709445953					4078,125	0,656352937221527	4078,125	0,61089038848877					4078,125	0,601854085922241	4078,125	0,564280450344086					4078,125	0,337201803922653	4078,125	0,225927114486694					4078,125	0,423558801412582	
4081,25	0,322981208562851					4081,25	0,666689157485962	4081,25	1,24431836605072					4081,25	0,926851451396942	4081,25	1,41598260402679					4081,25	1,41234540939331	4081,25	1,43733060359955					4081,25	1,48027586936951	4081,25	0,545276641845703					4081,25	0,655166506767273	4081,25	0,607714176177979					4081,25	0,598537921905518	4081,25	0,561546862125397					4081,25	0,337473571300507	4081,25	0,225241303443909					4081,25	0,422893166542053	
4084,375	0,326618850231171					4084,375	0,671180546283722	4084,375	1,24790334701538					4084,375	0,931366503238678	4084,375	1,41856288909912					4084,375	1,41144466400146	4084,375	1,4348019361496					4084,375	1,48143124580383	4084,375	0,548075437545776					4084,375	0,655197203159332	4084,375	0,602438688278198					4084,375	0,596339285373688	4084,375	0,554764211177826					4084,375	0,333662301301956	4084,375	0,221863627433777					4084,375	0,417479068040848	
4087,5	0,324859261512756					4087,5	0,66862940788269	4087,5	1,2460070848465					4087,5	0,929544389247894	4087,5	1,41578710079193					4087,5	1,40816974639893	4087,5	1,43262052536011					4087,5	1,47757828235626	4087,5	0,54705685377121					4087,5	0,655155181884766	4087,5	0,604576945304871					4087,5	0,596928417682648	4087,5	0,557280361652374					4087,5	0,336367309093475	4087,5	0,223347082734108					4087,5	0,42158654332161	
4090,625	0,32244086265564					4090,625	0,667065322399139	4090,625	1,24537992477417					4090,625	0,9287229180336	4090,625	1,4135901927948					4090,625	1,40643322467804	4090,625	1,4301370382309					4090,625	1,47592711448669	4090,625	0,547574579715729					4090,625	0,657414317131042	4090,625	0,604775190353394					4090,625	0,59824001789093	4090,625	0,556217670440674					4090,625	0,340058326721191	4090,625	0,224320977926254					4090,625	0,426003485918045	
4093,75	0,325719386339188					4093,75	0,669211268424988	4093,75	1,24472904205322					4093,75	0,930926144123077	4093,75	1,4124790430069					4093,75	1,40439331531525	4093,75	1,42567360401154					4093,75	1,47551119327545	4093,75	0,548527836799622					4093,75	0,656078577041626	4093,75	0,599183678627014					4093,75	0,59567928314209	4093,75	0,553159534931183					4093,75	0,337242692708969	4093,75	0,223722904920578					4093,75	0,422308623790741	
4096,875	0,326654583215714					4096,875	0,672025918960571	4096,875	1,25036239624023					4096,875	0,935366272926331	4096,875	1,41916561126709					4096,875	1,40728652477264	4096,875	1,42682111263275					4096,875	1,48090624809265	4096,875	0,553292632102966					4096,875	0,6598060131073	4096,875	0,597776830196381					4096,875	0,596381545066834	4096,875	0,550939500331879					4096,875	0,334917306900024	4096,875	0,220596313476563					4096,875	0,421064794063568	
4100	0,324174016714096					4100	0,670121908187866	4100	1,24840891361237					4100	0,933081209659576	4100	1,41789102554321					4100	1,40513622760773	4100	1,42566478252411					4100	1,48218107223511	4100	0,55355566740036					4100	0,660872220993042	4100	0,599817931652069					4100	0,597452819347382	4100	0,552901029586792					4100	0,338173151016235	4100	0,221603021025658					4100	0,424303352832794	
4103,125	0,323316633701324					4103,125	0,669138193130493	4103,125	1,24588656425476					4103,125	0,931553721427917	4103,125	1,4147253036499					4103,125	1,402268409729	4103,125	1,42274880409241					4103,125	1,47997879981995	4103,125	0,553014755249023					4103,125	0,660475730895996	4103,125	0,599865317344666					4103,125	0,597155153751373	4103,125	0,552995681762695					4103,125	0,339894473552704	4103,125	0,22325336933136					4103,125	0,426444798707962	
4106,25	0,326731890439987					4106,25	0,671859204769135	4106,25	1,2468147277832					4106,25	0,933836936950684	4106,25	1,41381025314331					4106,25	1,40092527866364	4106,25	1,41929507255554					4106,25	1,47871196269989	4106,25	0,5534787774086					4106,25	0,659008204936981	4106,25	0,594943940639496					4106,25	0,593696236610413	4106,25	0,547803342342377					4106,25	0,337704658508301	4106,25	0,221274688839912					4106,25	0,423581779003143	
4109,375	0,326816707849503					4109,375	0,674266636371613	4109,375	1,25097417831421					4109,375	0,936768472194672	4109,375	1,41833674907684					4109,375	1,40442359447479	4109,375	1,41939258575439					4109,375	1,48402798175812	4109,375	0,557417631149292					4109,375	0,663171470165253	4109,375	0,595313251018524					4109,375	0,594854295253754	4109,375	0,547040939331055					4109,375	0,337938904762268	4109,375	0,21884298324585					4109,375	0,422852069139481	
4112,5	0,326110541820526					4112,5	0,673181653022766	4112,5	1,24780905246735					4112,5	0,935517311096191	4112,5	1,41584861278534					4112,5	1,40193331241608	4112,5	1,41606664657593					4112,5	1,48191106319427	4112,5	0,55654388666153					4112,5	0,662952721118927	4112,5	0,593911707401276					4112,5	0,593208909034729	4112,5	0,547234237194061					4112,5	0,339268147945404	4112,5	0,22007554769516					4112,5	0,423751711845398	
4115,625	0,325246691703796					4115,625	0,674103438854218	4115,625	1,2525622844696					4115,625	0,938830137252808	4115,625	1,42057359218597					4115,625	1,40463364124298	4115,625	1,41786801815033					4115,625	1,48669791221619	4115,625	0,560135781764984					4115,625	0,666769862174988	4115,625	0,594926536083221					4115,625	0,595742642879486	4115,625	0,547569811344147					4115,625	0,338309288024902	4115,625	0,217798292636871					4115,625	0,422691494226456	
4118,75	0,327101945877075					4118,75	0,675538122653961	4118,75	1,24977517127991					4118,75	0,938591301441193	4118,75	1,41627883911133					4118,75	1,40312123298645	4118,75	1,41288721561432					4118,75	1,48356878757477	4118,75	0,55960476398468					4118,75	0,664642214775085	4118,75	0,592188119888306					4118,75	0,592732191085815	4118,75	0,543876647949219					4118,75	0,337581157684326	4118,75	0,217151507735252					4118,75	0,419455617666245	
4121,875	0,325850039720535					4121,875	0,675519406795502	4121,875	1,25139427185059					4121,875	0,939956307411194	4121,875	1,41791439056396					4121,875	1,40417206287384	4121,875	1,41226434707642					4121,875	1,48716926574707	4121,875	0,56254643201828					4121,875	0,667946398258209	4121,875	0,592759430408478					4121,875	0,593694269657135	4121,875	0,54372626543045					4121,875	0,338408350944519	4121,875	0,216715186834335					4121,875	0,420387625694275	
4125	0,324531346559525					4125	0,675014019012451	4125	1,25295090675354					4125	0,940727055072784	4125	1,41870558261871					4125	1,40487885475159	4125	1,41110551357269					4125	1,4889600276947	4125	0,564919948577881					4125	0,671376407146454	4125	0,594257712364197					4125	0,595975756645203	4125	0,544925451278687					4125	0,339094370603561	4125	0,217130407691002					4125	0,420899331569672	
4128,125	0,327456116676331					4128,125	0,679070353507996	4128,125	1,2531373500824					4128,125	0,941870272159576	4128,125	1,41836309432983					4128,125	1,40394806861877	4128,125	1,40915548801422					4128,125	1,48742866516113	4128,125	0,565987944602966					4128,125	0,670774877071381	4128,125	0,588486731052399					4128,125	0,593637883663177	4128,125	0,540105283260345					4128,125	0,336843550205231	4128,125	0,215537816286087					4128,125	0,415846467018127	
4131,25	0,328635156154633					4131,25	0,679340720176697	4131,25	1,25098776817322					4131,25	0,940942347049713	4131,25	1,41660809516907					4131,25	1,40305912494659	4131,25	1,40635681152344					4131,25	1,48563742637634	4131,25	0,564597427845001					4131,25	0,668680489063263	4131,25	0,585337340831757					4131,25	0,591181516647339	4131,25	0,537482142448425					4131,25	0,33577173948288	4131,25	0,216483861207962					4131,25	0,413466542959213	
4134,375	0,328629404306412					4134,375	0,680554986000061	4134,375	1,25142025947571					4134,375	0,94204443693161	4134,375	1,41687679290771					4134,375	1,40216886997223	4134,375	1,40354824066162					4134,375	1,4870936870575	4134,375	0,566609740257263					4134,375	0,670422434806824	4134,375	0,585363030433655					4134,375	0,591542303562164	4134,375	0,537355244159698					4134,375	0,335394024848938	4134,375	0,215720966458321					4134,375	0,411302775144577	
4137,5	0,327383637428284					4137,5	0,681205332279205	4137,5	1,25536119937897					4137,5	0,945272743701935	4137,5	1,42148888111115					4137,5	1,40684103965759	4137,5	1,40472340583801					4137,5	1,49319088459015	4137,5	0,570977330207825					4137,5	0,67580634355545	4137,5	0,586156189441681					4137,5	0,594079077243805	4137,5	0,537054896354675					4137,5	0,335369825363159	4137,5	0,215401276946068					4137,5	0,409005701541901	
4140,625	0,326739192008972					4140,625	0,679066300392151	4140,625	1,25120401382446					4140,625	0,942376434803009	4140,625	1,41619455814362					4140,625	1,40484130382538	4140,625	1,40200293064117					4140,625	1,48980915546417	4140,625	0,56931734085083					4140,625	0,674093067646027	4140,625	0,586309134960175					4140,625	0,591678261756897	4140,625	0,538560211658478					4140,625	0,337997913360596	4140,625	0,218227565288544					4140,625	0,412663787603378	
4143,75	0,330336689949036					4143,75	0,683637499809265	4143,75	1,25387179851532					4143,75	0,946588277816772	4143,75	1,41879558563232					4143,75	1,40709626674652	4143,75	1,39988684654236					4143,75	1,49127435684204	4143,75	0,573070168495178					4143,75	0,675685048103333	4143,75	0,583021998405457					4143,75	0,59014356136322	4143,75	0,532410860061646					4143,75	0,333356618881226	4143,75	0,214664176106453					4143,75	0,407233476638794	
4146,875	0,32863387465477					4146,875	0,682771861553192	4146,875	1,25368928909302					4146,875	0,945844888687134	4146,875	1,41806244850159					4146,875	1,40649950504303	4146,875	1,39898753166199					4146,875	1,49047899246216	4146,875	0,573378920555115					4146,875	0,677149593830109	4146,875	0,58455628156662					4146,875	0,590972900390625	4146,875	0,534698903560638					4146,875	0,333710312843323	4146,875	0,215665921568871					4146,875	0,40581002831459	
4150	0,328035414218903					4150	0,683813512325287	4150	1,25522315502167					4150	0,947385549545288	4150	1,4208801984787					4150	1,40748858451843	4150	1,39828741550446					4150	1,49202156066895	4150	0,576407968997955					4150	0,679750323295593	4150	0,583869755268097					4150	0,592011868953705	4150	0,53464138507843					4150	0,333732932806015	4150	0,215012520551682					4150	0,40495440363884	
4153,125	0,331874996423721					4153,125	0,688242197036743	4153,125	1,25542461872101					4153,125	0,949231743812561	4153,125	1,41878163814545					4153,125	1,40827023983002	4153,125	1,39489138126373					4153,125	1,49054145812988	4153,125	0,57673305273056					4153,125	0,678236961364746	4153,125	0,578568041324615					4153,125	0,588980674743652	4153,125	0,529512941837311					4153,125	0,328627228736877	4153,125	0,212709501385689					4153,125	0,398318499326706	
4156,25	0,332871526479721					4156,25	0,688799619674683	4156,25	1,25334787368774					4156,25	0,949034571647644	4156,25	1,41664564609528					4156,25	1,40617477893829	4156,25	1,39323246479034					4156,25	1,4883805513382	4156,25	0,575998246669769					4156,25	0,677049815654755	4156,25	0,576655387878418					4156,25	0,587257862091064	4156,25	0,527692556381226					4156,25	0,326920807361603	4156,25	0,213333323597908					4156,25	0,396051317453384	
4159,375	0,333098560571671					4159,375	0,688248336315155	4159,375	1,24918520450592					4159,375	0,9477618932724	4159,375	1,41395616531372					4159,375	1,40514314174652	4159,375	1,38943588733673					4159,375	1,48630154132843	4159,375	0,575166821479797					4159,375	0,675657629966736	4159,375	0,5772784948349					4159,375	0,585715711116791	4159,375	0,528167307376862					4159,375	0,327335208654404	4159,375	0,215533271431923					4159,375	0,394363164901733	
4162,5	0,331144511699677					4162,5	0,689041972160339	4162,5	1,25364327430725					4162,5	0,949525475502014	4162,5	1,41950273513794					4162,5	1,4126923084259	4162,5	1,3926168680191					4162,5	1,49012053012848	4162,5	0,580805063247681					4162,5	0,681978940963745	4162,5	0,580197274684906					4162,5	0,590015113353729	4162,5	0,530446410179138					4162,5	0,327770262956619	4162,5	0,215164050459862					4162,5	0,39401775598526	
4165,625	0,332746118307114					4165,625	0,690907895565033	4165,625	1,2546067237854					4165,625	0,951099634170532	4165,625	1,41942799091339					4165,625	1,4118959903717	4165,625	1,39085698127747					4165,625	1,48978865146637	4165,625	0,581454575061798					4165,625	0,682531476020813	4165,625	0,576804757118225					4165,625	0,58832460641861	4165,625	0,528799116611481					4165,625	0,325722336769104	4165,625	0,213995188474655					4165,625	0,391486078500748	
4168,75	0,336027979850769					4168,75	0,694185733795166	4168,75	1,25327503681183					4168,75	0,951025068759918	4168,75	1,41709685325623					4168,75	1,40805518627167	4168,75	1,38659560680389					4168,75	1,48684668540955	4168,75	0,580539345741272					4168,75	0,679279863834381	4168,75	0,572280883789063					4168,75	0,583782434463501	4168,75	0,524293065071106					4168,75	0,321759164333344	4168,75	0,214298561215401					4168,75	0,388709217309952	
4171,875	0,336437374353409					4171,875	0,695178627967834	4171,875	1,25365495681763					4171,875	0,951610267162323	4171,875	1,41898095607758					4171,875	1,40945065021515	4171,875	1,38568270206451					4171,875	1,48819208145142	4171,875	0,582768440246582					4171,875	0,680981695652008	4171,875	0,571710884571075					4171,875	0,585094332695007	4171,875	0,52385950088501					4171,875	0,318659454584122	4171,875	0,214012980461121					4171,875	0,386953473091125	
4175	0,337392687797546					4175	0,697522699832916	4175	1,25566267967224					4175	0,954375326633453	4175	1,42086386680603					4175	1,41183888912201	4175	1,38642299175262					4175	1,49046897888184	4175	0,584845900535584					4175	0,683510541915894	4175	0,570918440818787					4175	0,58523952960968	4175	0,519564032554626					4175	0,316711843013763	4175	0,211715877056122					4175	0,381549686193466	
4178,125	0,338378697633743					4178,125	0,698428511619568	4178,125	1,25254893302917					4178,125	0,95465612411499	4178,125	1,41838979721069					4178,125	1,41090846061707	4178,125	1,38425278663635					4178,125	1,48540639877319	4178,125	0,584810972213745					4178,125	0,682840704917908	4178,125	0,5701944231987					4178,125	0,582964360713959	4178,125	0,517769992351532					4178,125	0,314763844013214	4178,125	0,213010847568512					4178,125	0,379714846611023	
4181,25	0,33826357126236					4181,25	0,699068248271942	4181,25	1,25244724750519					4181,25	0,955196559429169	4181,25	1,42017447948456					4181,25	1,41331434249878	4181,25	1,38345158100128					4181,25	1,48708319664001	4181,25	0,587928831577301					4181,25	0,684691369533539	4181,25	0,572171747684479					4181,25	0,584103345870972	4181,25	0,51818573474884					4181,25	0,31275349855423	4181,25	0,212744772434235					4181,25	0,37874162197113	
4184,375	0,338250309228897					4184,375	0,700408518314362	4184,375	1,25296807289124					4184,375	0,95547890663147	4184,375	1,4201842546463					4184,375	1,41192901134491	4184,375	1,38316321372986					4184,375	1,4868700504303	4184,375	0,588921368122101					4184,375	0,685809850692749	4184,375	0,571306645870209					4184,375	0,5844407081604	4184,375	0,517249405384064					4184,375	0,310272514820099	4184,375	0,21250194311142					4184,375	0,375250607728958	
4187,5	0,340868264436722					4187,5	0,701404392719269	4187,5	1,2483001947403					4187,5	0,953611254692078	4187,5	1,41547060012817					4187,5	1,40657091140747	4187,5	1,37854588031769					4187,5	1,48078501224518	4187,5	0,5856773853302					4187,5	0,681344985961914	4187,5	0,567878782749176					4187,5	0,579820275306702	4187,5	0,512010216712952					4187,5	0,308638781309128	4187,5	0,212891399860382					4187,5	0,373129934072495	
4190,625	0,343227058649063					4190,625	0,70472651720047	4190,625	1,249351978302					4190,625	0,956686973571777	4190,625	1,41684055328369					4190,625	1,408327460289	4190,625	1,37887752056122					4190,625	1,47989344596863	4190,625	0,588374793529511					4190,625	0,682667255401611	4190,625	0,565485000610352					4190,625	0,57972377538681	4190,625	0,511308789253235					4190,625	0,305368721485138	4190,625	0,212804585695267					4190,625	0,370156228542328	
4193,75	0,340967923402786					4193,75	0,703862965106964	4193,75	1,24984407424927					4193,75	0,956504285335541	4193,75	1,41765630245209					4193,75	1,4093234539032	4193,75	1,37887132167816					4193,75	1,4828577041626	4193,75	0,591436684131622					4193,75	0,686309695243835	4193,75	0,568022012710571					4193,75	0,583050847053528	4193,75	0,512877643108368					4193,75	0,304620176553726	4193,75	0,213878452777863					4193,75	0,369597643613815	
4196,875	0,343332201242447					4196,875	0,706395983695984	4196,875	1,24899840354919					4196,875	0,957566201686859	4196,875	1,41834163665771					4196,875	1,40802586078644	4196,875	1,37755227088928					4196,875	1,48135352134705	4196,875	0,591960191726685					4196,875	0,685739099979401	4196,875	0,566473245620728					4196,875	0,581223666667938	4196,875	0,510444283485413					4196,875	0,300564110279083	4196,875	0,210275083780289					4196,875	0,366497397422791	
4200	0,341806322336197					4200	0,706021547317505	4200	1,2501140832901					4200	0,956891298294067	4200	1,42021536827087					4200	1,41130149364471	4200	1,3804759979248					4200	1,4823397397995	4200	0,594003677368164					4200	0,688752055168152	4200	0,569515109062195					4200	0,583323895931244	4200	0,512115359306335					4200	0,300626337528229	4200	0,211536645889282					4200	0,367225825786591	
4203,125	0,343256801366806					4203,125	0,706516742706299	4203,125	1,25104212760925					4203,125	0,956327259540558	4203,125	1,4188586473465					4203,125	1,40925550460815	4203,125	1,37855124473572					4203,125	1,47970187664032	4203,125	0,594553589820862					4203,125	0,689265489578247	4203,125	0,57049435377121					4203,125	0,583872079849243	4203,125	0,511120617389679					4203,125	0,300495147705078	4203,125	0,213100031018257					4203,125	0,364958435297012	
4206,25	0,345610737800598					4206,25	0,709713160991669	4206,25	1,25162935256958					4206,25	0,958891928195953	4206,25	1,42151618003845					4206,25	1,40922737121582	4206,25	1,37791788578033					4206,25	1,47891545295715	4206,25	0,596876561641693					4206,25	0,689791142940521	4206,25	0,569792807102203					4206,25	0,583652019500732	4206,25	0,506783187389374					4206,25	0,296304315328598	4206,25	0,211255639791489					4206,25	0,360046446323395	
4209,375	0,342859596014023					4209,375	0,70912629365921	4209,375	1,25212478637695					4209,375	0,959029376506805	4209,375	1,4238086938858					4209,375	1,40975868701935	4209,375	1,3788925409317					4209,375	1,48008179664612	4209,375	0,59870457649231					4209,375	0,692567110061646	4209,375	0,571054339408875					4209,375	0,585898518562317	4209,375	0,508084118366241					4209,375	0,295343428850174	4209,375	0,21332024037838					4209,375	0,359214216470718	
4212,5	0,342448800802231					4212,5	0,708731889724731	4212,5	1,24994230270386					4212,5	0,958678662776947	4212,5	1,42093181610107					4212,5	1,41135478019714	4212,5	1,37858653068542					4212,5	1,48190534114838	4212,5	0,599765777587891					4212,5	0,693692743778229	4212,5	0,572729468345642					4212,5	0,5879847407341	4212,5	0,509108126163483					4212,5	0,296328812837601	4212,5	0,213760524988174					4212,5	0,36144146323204	
4215,625	0,344677209854126					4215,625	0,710808396339417	4215,625	1,25193345546722					4215,625	0,961535215377808	4215,625	1,42411625385284					4215,625	1,41313111782074	4215,625	1,3802387714386					4215,625	1,48153173923492	4215,625	0,602207064628601					4215,625	0,694968163967133	4215,625	0,572650372982025					4215,625	0,587264716625214	4215,625	0,507164299488068					4215,625	0,29131555557251	4215,625	0,211853951215744					4215,625	0,356463402509689	
4218,75	0,346974730491638					4218,75	0,713956534862518	4218,75	1,25449013710022					4218,75	0,963044047355652	4218,75	1,42484176158905					4218,75	1,41301321983337	4218,75	1,38008093833923					4218,75	1,47949612140656	4218,75	0,602766692638397					4218,75	0,694487273693085	4218,75	0,571577608585358					4218,75	0,587058842182159	4218,75	0,503248393535614					4218,75	0,287828683853149	4218,75	0,209704279899597					4218,75	0,352606445550919	
4221,875	0,347330242395401					4221,875	0,712289273738861	4221,875	1,25102114677429					4221,875	0,960981369018555	4221,875	1,42024743556976					4221,875	1,41005504131317	4221,875	1,37653565406799					4221,875	1,47405195236206	4221,875	0,600463151931763					4221,875	0,69155478477478	4221,875	0,572471022605896					4221,875	0,58581531047821	4221,875	0,504035174846649					4221,875	0,288354307413101	4221,875	0,211198732256889					4221,875	0,355569332838058	
4225	0,348881423473358					4225	0,716818630695343	4225	1,25643813610077					4225	0,964671015739441	4225	1,42464089393616					4225	1,41233277320862	4225	1,37693130970001					4225	1,47555387020111	4225	0,604578077793121					4225	0,694709002971649	4225	0,573161959648132					4225	0,586179077625275	4225	0,499765545129776					4225	0,282990366220474	4225	0,207973286509514					4225	0,349945396184921	
4228,125	0,349270284175873					4228,125	0,716703712940216	4228,125	1,25529551506042					4228,125	0,963863432407379	4228,125	1,42179048061371					4228,125	1,40913271903992	4228,125	1,37489461898804					4228,125	1,47183537483215	4228,125	0,603489100933075					4228,125	0,693236231803894	4228,125	0,572111427783966					4228,125	0,585957765579224	4228,125	0,497521162033081					4228,125	0,280857414007187	4228,125	0,207924112677574					4228,125	0,348513305187225	
4231,25	0,3466756939888					4231,25	0,716679632663727	4231,25	1,25659871101379					4231,25	0,964419722557068	4231,25	1,42584669589996					4231,25	1,41211915016174	4231,25	1,37911200523376					4231,25	1,47502160072327	4231,25	0,608238816261292					4231,25	0,699683427810669	4231,25	0,579243898391724					4231,25	0,592923521995544	4231,25	0,501541256904602					4231,25	0,281822204589844	4231,25	0,210492625832558					4231,25	0,350233495235443	
4234,375	0,347231209278107					4234,375	0,717348098754883	4234,375	1,25692796707153					4234,375	0,965146124362946	4234,375	1,42571771144867					4234,375	1,41072463989258	4234,375	1,37791407108307					4234,375	1,47364974021912	4234,375	0,607685267925262					4234,375	0,698417901992798	4234,375	0,578948855400085					4234,375	0,592084765434265	4234,375	0,501377046108246					4234,375	0,280468761920929	4234,375	0,209659978747368					4234,375	0,34880205988884	
4237,5	0,346578299999237					4237,5	0,716992914676666	4237,5	1,25780856609344					4237,5	0,96535050868988	4237,5	1,42636394500732					4237,5	1,41049325466156	4237,5	1,37958168983459					4237,5	1,47398054599762	4237,5	0,609320521354675					4237,5	0,700291574001312	4237,5	0,581960320472717					4237,5	0,593449890613556	4237,5	0,500922918319702					4237,5	0,278897136449814	4237,5	0,211255759000778					4237,5	0,349120646715164	
4240,625	0,346871584653854					4240,625	0,718386232852936	4240,625	1,26171708106995					4240,625	0,966618835926056	4240,625	1,42567956447601					4240,625	1,41200792789459	4240,625	1,37981450557709					4240,625	1,47265124320984	4240,625	0,611405253410339					4240,625	0,703150272369385	4240,625	0,583162426948547					4240,625	0,594931125640869	4240,625	0,498837977647781					4240,625	0,278031885623932	4240,625	0,209460109472275					4240,625	0,347722381353378	
4243,75	0,351033449172974					4243,75	0,723434150218964	4243,75	1,26374411582947					4243,75	0,970562398433685	4243,75	1,4255119562149					4243,75	1,41028571128845	4243,75	1,37836897373199					4243,75	1,47004079818726	4243,75	0,611718952655792					4243,75	0,700682044029236	4243,75	0,577310383319855					4243,75	0,592716872692108	4243,75	0,493698924779892					4243,75	0,27219620347023	4243,75	0,204562142491341					4243,75	0,343639701604843	
4246,875	0,352660596370697					4246,875	0,726446449756622	4246,875	1,26649987697601					4246,875	0,973293840885162	4246,875	1,42724859714508					4246,875	1,40998077392578	4246,875	1,37688183784485					4246,875	1,4693146944046	4246,875	0,613353729248047					4246,875	0,701065719127655	4246,875	0,576864659786224					4246,875	0,593344271183014	4246,875	0,49035832285881					4246,875	0,267853111028671	4246,875	0,202072471380234					4246,875	0,340417981147766	
4250	0,349466949701309					4250	0,722767114639282	4250	1,2652360200882					4250	0,971661686897278	4250	1,42572689056396					4250	1,40909397602081	4250	1,37505185604095					4250	1,46700739860535	4250	0,612321138381958					4250	0,700870275497437	4250	0,579551219940186					4250	0,595164716243744	4250	0,494233846664429					4250	0,268139988183975	4250	0,205097168684006					4250	0,342569649219513	
4253,125	0,357339292764664					4253,125	0,732730090618134	4253,125	1,27013862133026					4253,125	0,978347063064575	4253,125	1,43065011501312					4253,125	1,40837645530701	4253,125	1,37546300888062					4253,125	1,46719896793365	4253,125	0,615612804889679					4253,125	0,700399041175842	4253,125	0,571761429309845					4253,125	0,59009063243866	4253,125	0,479502707719803					4253,125	0,258361011743546	4253,125	0,196374848484993					4253,125	0,333491593599319	
4256,25	0,357078045606613					4256,25	0,731343865394592	4256,25	1,2696487903595					4256,25	0,979666471481323	4256,25	1,43080019950867					4256,25	1,41123938560486	4256,25	1,3761659860611					4256,25	1,46698021888733	4256,25	0,617142915725708					4256,25	0,703243255615234	4256,25	0,575069725513458					4256,25	0,593697249889374	4256,25	0,484284788370132					4256,25	0,261046439409256	4256,25	0,199141725897789					4256,25	0,334349602460861	
4259,375	0,354947030544281					4259,375	0,730439364910126	4259,375	1,272141456604					4259,375	0,978400707244873	4259,375	1,42966163158417					4259,375	1,41018128395081	4259,375	1,37698495388031					4259,375	1,46685373783112	4259,375	0,618186771869659					4259,375	0,704346835613251	4259,375	0,578252255916595					4259,375	0,597554564476013	4259,375	0,486107379198074					4259,375	0,261742830276489	4259,375	0,199611753225327					4259,375	0,337391763925552	
4262,5	0,355580568313599					4262,5	0,730197489261627	4262,5	1,27192139625549					4262,5	0,979263186454773	4262,5	1,42691576480865					4262,5	1,40805971622467	4262,5	1,37544739246368					4262,5	1,46556925773621	4262,5	0,617980897426605					4262,5	0,703643381595612	4262,5	0,578157544136047					4262,5	0,597508013248444	4262,5	0,484971165657043					4262,5	0,260527014732361	4262,5	0,19946600496769					4262,5	0,337680160999298	
4265,625	0,356634765863419					4265,625	0,732815027236938	4265,625	1,27759385108948					4265,625	0,983569741249084	4265,625	1,42832314968109					4265,625	1,40985691547394	4265,625	1,37760376930237					4265,625	1,4680016040802	4265,625	0,622408986091614					4265,625	0,707691252231598	4265,625	0,579165399074554					4265,625	0,600175321102142	4265,625	0,482494354248047					4265,625	0,258482754230499	4265,625	0,199138179421425					4265,625	0,336733400821686	
4268,75	0,357179284095764					4268,75	0,733261704444885	4268,75	1,27692484855652					4268,75	0,982772588729858	4268,75	1,42807233333588					4268,75	1,40738332271576	4268,75	1,37591457366943					4268,75	1,46430051326752	4268,75	0,621326982975006					4268,75	0,706344842910767	4268,75	0,577760338783264					4268,75	0,598906576633453	4268,75	0,482754230499268					4268,75	0,25789999961853	4268,75	0,19880847632885					4268,75	0,336740911006927	
4271,875	0,36041048169136					4271,875	0,736662089824677	4271,875	1,2773951292038					4271,875	0,985318541526794	4271,875	1,42450904846191					4271,875	1,40235376358032	4271,875	1,37352406978607					4271,875	1,45917093753815	4271,875	0,620014131069183					4271,875	0,703354239463806	4271,875	0,573368847370148					4271,875	0,595357596874237	4271,875	0,477430373430252					4271,875	0,254030078649521	4271,875	0,195852920413017					4271,875	0,33363926410675	
4275	0,360888421535492					4275	0,737867176532745	4275	1,28117597103119					4275	0,988737046718597	4275	1,42585384845734					4275	1,40341544151306	4275	1,37504184246063					4275	1,45944201946259	4275	0,621875941753387					4275	0,705135881900787	4275	0,572533905506134					4275	0,596398234367371	4275	0,474914282560349					4275	0,250580728054047	4275	0,19316178560257					4275	0,330795377492905	
4278,125	0,359503716230392					4278,125	0,738276243209839	4278,125	1,28471219539642					4278,125	0,990371227264404	4278,125	1,42957592010498					4278,125	1,40749442577362	4278,125	1,37594401836395					4278,125	1,46298384666443	4278,125	0,624598681926727					4278,125	0,708386957645416	4278,125	0,575255870819092					4278,125	0,599522411823273	4278,125	0,474791586399078					4278,125	0,24971604347229	4278,125	0,193014681339264					4278,125	0,331290751695633	
4281,25	0,361024141311646					4281,25	0,74117773771286	4281,25	1,28770041465759					4281,25	0,993272244930267	4281,25	1,42815577983856					4281,25	1,40735924243927	4281,25	1,37505447864532					4281,25	1,46379220485687	4281,25	0,626386761665344					4281,25	0,709239780902863	4281,25	0,575512170791626					4281,25	0,59892600774765	4281,25	0,473794370889664					4281,25	0,248619705438614	4281,25	0,192036539316177					4281,25	0,329840272665024	
4284,375	0,362749725580215					4284,375	0,743756115436554	4284,375	1,29051733016968					4284,375	0,997950255870819	4284,375	1,42921280860901					4284,375	1,40639901161194	4284,375	1,37600004673004					4284,375	1,46355855464935	4284,375	0,629265487194061					4284,375	0,710028648376465	4284,375	0,573951423168182					4284,375	0,600413978099823	4284,375	0,473021924495697					4284,375	0,247608527541161	4284,375	0,191117838025093					4284,375	0,327399998903275	
4287,5	0,364834189414978					4287,5	0,747322142124176	4287,5	1,29399693012238					4287,5	1,00009679794312	4287,5	1,43122267723083					4287,5	1,40572309494019	4287,5	1,37468874454498					4287,5	1,46221625804901	4287,5	0,630641222000122					4287,5	0,709957301616669	4287,5	0,570416510105133					4287,5	0,599858403205872	4287,5	0,468596607446671					4287,5	0,242773681879044	4287,5	0,188668116927147					4287,5	0,324571996927261	
4290,625	0,364818871021271					4290,625	0,746298789978027	4290,625	1,29318583011627					4290,625	1,00002896785736	4290,625	1,43068742752075					4290,625	1,40581059455872	4290,625	1,37393438816071					4290,625	1,46174788475037	4290,625	0,630000472068787					4290,625	0,709447503089905	4290,625	0,569264590740204					4290,625	0,599364221096039	4290,625	0,468803465366364					4290,625	0,242619857192039	4290,625	0,188530012965202					4290,625	0,325397700071335	
4293,75	0,368279874324799					4293,75	0,748620808124542	4293,75	1,29186582565308					4293,75	1,00251448154449	4293,75	1,42767453193665					4293,75	1,40180885791779	4293,75	1,37026929855347					4293,75	1,45841348171234	4293,75	0,62974888086319					4293,75	0,705573916435242	4293,75	0,565060496330261					4293,75	0,594430804252625	4293,75	0,464384466409683					4293,75	0,241098374128342	4293,75	0,187341183423996					4293,75	0,324222713708878	
4296,875	0,367943733930588					4296,875	0,749701321125031	4296,875	1,29606151580811					4296,875	1,005814909935	4296,875	1,42951202392578					4296,875	1,40332102775574	4296,875	1,37237060070038					4296,875	1,46066498756409	4296,875	0,632962644100189					4296,875	0,710451722145081	4296,875	0,568268477916718					4296,875	0,597739696502686	4296,875	0,462910056114197					4296,875	0,239474609494209	4296,875	0,187020778656006					4296,875	0,325618982315063	
4300	0,363080352544785					4300	0,745120525360107	4300	1,2937388420105					4300	1,00164139270782	4300	1,4269357919693					4300	1,40338337421417	4300	1,37264144420624					4300	1,460573554039	4300	0,63244903087616					4300	0,71283757686615	4300	0,573996424674988					4300	0,602907776832581	4300	0,467972338199615					4300	0,24385242164135	4300	0,190385535359383					4300	0,331068187952042	
4303,125	0,362480819225311					4303,125	0,746469497680664	4303,125	1,29631495475769					4303,125	1,00436282157898	4303,125	1,4301518201828					4303,125	1,40508639812469	4303,125	1,37383854389191					4303,125	1,46197593212128	4303,125	0,635940551757813					4303,125	0,715657472610474	4303,125	0,573333084583282					4303,125	0,604835867881775	4303,125	0,46606308221817					4303,125	0,243076264858246	4303,125	0,188799545168877					4303,125	0,330048859119415	
4306,25	0,364168703556061					4306,25	0,751963257789612	4306,25	1,30502641201019					4306,25	1,01038289070129	4306,25	1,43395400047302					4306,25	1,40899002552032	4306,25	1,37416076660156					4306,25	1,4639356136322	4306,25	0,639312863349915					4306,25	0,718757927417755	4306,25	0,57044392824173					4306,25	0,604815542697906	4306,25	0,464227229356766					4306,25	0,237525939941406	4306,25	0,185121849179268					4306,25	0,325930327177048	
4309,375	0,366289108991623					4309,375	0,752417683601379	4309,375	1,30327141284943					4309,375	1,01034557819366	4309,375	1,43046414852142					4309,375	1,40649771690369	4309,375	1,37299358844757					4309,375	1,46136212348938	4309,375	0,637827575206757					4309,375	0,716300845146179	4309,375	0,567830324172974					4309,375	0,601767599582672	4309,375	0,462044507265091					4309,375	0,23714953660965	4309,375	0,184200957417488					4309,375	0,325457572937012	
4312,5	0,36559933423996					4312,5	0,752498090267181	4312,5	1,30529010295868					4312,5	1,0117871761322	4312,5	1,43044197559357					4312,5	1,40763914585114	4312,5	1,37480127811432					4312,5	1,46370279788971	4312,5	0,640505075454712					4312,5	0,719791650772095	4312,5	0,569442331790924					4312,5	0,60437947511673	4312,5	0,462011873722076					4312,5	0,235983431339264	4312,5	0,183091208338737					4312,5	0,325393497943878	
4315,625	0,37074539065361					4315,625	0,759848535060883	4315,625	1,31134164333344					4315,625	1,01895821094513	4315,625	1,43176484107971					4315,625	1,40811967849731	4315,625	1,37423467636108					4315,625	1,46336448192596	4315,625	0,643313050270081					4315,625	0,718329668045044	4315,625	0,563316643238068					4315,625	0,603189647197723	4315,625	0,455040663480759					4315,625	0,2284085303545	4315,625	0,178276985883713					4315,625	0,31921061873436	
4318,75	0,369641959667206					4318,75	0,757728815078735	4318,75	1,30791473388672					4318,75	1,01755404472351	4318,75	1,42752850055695					4318,75	1,40474796295166	4318,75	1,37215316295624					4318,75	1,46046221256256	4318,75	0,641254842281342					4318,75	0,715892255306244	4318,75	0,562960028648376					4318,75	0,600495874881744	4318,75	0,455956786870956					4318,75	0,229269430041313	4318,75	0,180295959115028					4318,75	0,320814788341522	
4321,875	0,372068971395493					4321,875	0,762084007263184	4321,875	1,31163465976715					4321,875	1,02401900291443	4321,875	1,43040311336517					4321,875	1,40684020519257	4321,875	1,37584900856018					4321,875	1,46248912811279	4321,875	0,645955324172974					4321,875	0,718761801719666	4321,875	0,564098000526428					4321,875	0,601981043815613	4321,875	0,450683981180191					4321,875	0,225871175527573	4321,875	0,178837686777115					4321,875	0,317529499530792	
4325	0,375265926122665					4325	0,765850484371185	4325	1,31403160095215					4325	1,02611470222473	4325	1,42932689189911					4325	1,40721833705902	4325	1,37525796890259					4325	1,46260356903076	4325	0,64667135477066					4325	0,719243705272675	4325	0,562761306762695					4325	0,60144567489624	4325	0,449620187282562					4325	0,224729225039482	4325	0,176314473152161					4325	0,316893339157104	
4328,125	0,372455209493637					4328,125	0,762750685214996	4328,125	1,31412887573242					4328,125	1,02512896060944	4328,125	1,43079197406769					4328,125	1,4091123342514	4328,125	1,37372183799744					4328,125	1,4594190120697	4328,125	0,647267639636993					4328,125	0,721131801605225	4328,125	0,564047574996948					4328,125	0,603800714015961	4328,125	0,451158672571182					4328,125	0,226427510380745	4328,125	0,179051607847214					4328,125	0,319922477006912	
4331,25	0,373095095157623					4331,25	0,764648258686066	4331,25	1,31495916843414					4331,25	1,02799487113953	4331,25	1,42936706542969					4331,25	1,40876793861389	4331,25	1,37276637554169					4331,25	1,460688829422	4331,25	0,649588286876678					4331,25	0,721656203269959	4331,25	0,561393857002258					4331,25	0,604852080345154	4331,25	0,45031863451004					4331,25	0,225256636738777	4331,25	0,179121941328049					4331,25	0,318900436162949	
4334,375	0,37318629026413					4334,375	0,766296327114105	4334,375	1,31647777557373					4334,375	1,0286031961441	4334,375	1,42735052108765					4334,375	1,40884292125702	4334,375	1,3743314743042					4334,375	1,46053791046143	4334,375	0,650818288326263					4334,375	0,72225546836853	4334,375	0,560058355331421					4334,375	0,603928446769714	4334,375	0,449466168880463					4334,375	0,22570826113224	4334,375	0,176681250333786					4334,375	0,319071263074875	
4337,5	0,373174101114273					4337,5	0,767785012722015	4337,5	1,31976330280304					4337,5	1,03163146972656	4337,5	1,42932605743408					4337,5	1,41000592708588	4337,5	1,37373530864716					4337,5	1,46275472640991	4337,5	0,652932107448578					4337,5	0,725776374340057	4337,5	0,560405850410461					4337,5	0,606062710285187	4337,5	0,448095351457596					4337,5	0,221283420920372	4337,5	0,175592839717865					4337,5	0,320820808410645	
4340,625	0,368970721960068					4340,625	0,765549838542938	4340,625	1,32250285148621					4340,625	1,03346371650696	4340,625	1,43207287788391					4340,625	1,41210317611694	4340,625	1,37501764297485					4340,625	1,46463644504547	4340,625	0,653753578662872					4340,625	0,72798889875412	4340,625	0,565274357795715					4340,625	0,60845959186554	4340,625	0,449481159448624					4340,625	0,22058430314064	4340,625	0,177743837237358					4340,625	0,322223782539368	
4343,75	0,37571856379509					4343,75	0,774411618709564	4343,75	1,32851243019104					4343,75	1,04051995277405	4343,75	1,43340063095093					4343,75	1,4115743637085	4343,75	1,3764556646347					4343,75	1,46676969528198	4343,75	0,659713447093964					4343,75	0,727617621421814	4343,75	0,558964908123016					4343,75	0,605946779251099	4343,75	0,442102700471878					4343,75	0,215575888752937	4343,75	0,172430604696274					4343,75	0,316326886415482	
4346,875	0,379875212907791					4346,875	0,774381935596466	4346,875	1,32220375537872					4346,875	1,03914308547974	4346,875	1,42782044410706					4346,875	1,406658411026	4346,875	1,37222218513489					4346,875	1,46152091026306	4346,875	0,654903113842011					4346,875	0,721701264381409	4346,875	0,555926561355591					4346,875	0,601989209651947	4346,875	0,442008852958679					4346,875	0,215509310364723	4346,875	0,172572389245033					4346,875	0,317213356494904	
4350	0,379643529653549					4350	0,775224089622498	4350	1,32329440116882					4350	1,0407258272171	4350	1,42640042304993					4350	1,40711057186127	4350	1,37285459041595					4350	1,46025335788727	4350	0,655873954296112					4350	0,72369772195816	4350	0,555000126361847					4350	0,603482782840729	4350	0,441690921783447					4350	0,214145094156265	4350	0,171974077820778					4350	0,315684288740158	
4353,125	0,377975940704346					4353,125	0,776693999767303	4353,125	1,32813727855682					4353,125	1,04422771930695	4353,125	1,42762470245361					4353,125	1,410285115242	4353,125	1,37513494491577					4353,125	1,46249687671661	4353,125	0,660817325115204					4353,125	0,728021323680878	4353,125	0,556532025337219					4353,125	0,606504738330841	4353,125	0,440068334341049					4353,125	0,212781816720963	4353,125	0,171376660466194					4353,125	0,316219806671143	
4356,25	0,378041237592697					4356,25	0,77757316827774	4356,25	1,33124947547913					4356,25	1,04702842235565	4356,25	1,42762875556946					4356,25	1,41065168380737	4356,25	1,37560534477234					4356,25	1,46451365947723	4356,25	0,664544463157654					4356,25	0,730144262313843	4356,25	0,556646406650543					4356,25	0,607138276100159	4356,25	0,439850032329559					4356,25	0,210357904434204	4356,25	0,171889021992683					4356,25	0,315593659877777	
4359,375	0,380763411521912					4359,375	0,778473734855652	4359,375	1,32976198196411					4359,375	1,04821944236755	4359,375	1,42438960075378					4359,375	1,4093097448349	4359,375	1,3727091550827					4359,375	1,46136462688446	4359,375	0,662070155143738					4359,375	0,726987421512604	4359,375	0,552602291107178					4359,375	0,603372812271118	4359,375	0,438545495271683					4359,375	0,206223830580711	4359,375	0,170613050460815					4359,375	0,313666671514511	
4362,5	0,384440928697586					4362,5	0,782689332962036	4362,5	1,33304631710052					4362,5	1,05124819278717	4362,5	1,42636132240295					4362,5	1,4078973531723	4362,5	1,3738374710083					4362,5	1,46176850795746	4362,5	0,665313184261322					4362,5	0,728487849235535	4362,5	0,550435423851013					4362,5	0,603523075580597	4362,5	0,435187309980392					4362,5	0,205249637365341	4362,5	0,165455758571625					4362,5	0,31221267580986	
4365,625	0,382794111967087					4365,625	0,780379414558411	4365,625	1,3294312953949					4365,625	1,04902851581573	4365,625	1,42189645767212					4365,625	1,40531814098358	4365,625	1,37308514118195					4365,625	1,45918262004852	4365,625	0,663019597530365					4365,625	0,726331651210785	4365,625	0,551400780677795					4365,625	0,602591931819916	4365,625	0,43654277920723					4365,625	0,205703496932983	4365,625	0,167275786399841					4365,625	0,312974870204926	
4368,75	0,382768630981445					4368,75	0,782123923301697	4368,75	1,33337485790253					4368,75	1,05282306671143	4368,75	1,42381310462952					4368,75	1,40924620628357	4368,75	1,37437772750854					4368,75	1,45932471752167	4368,75	0,667422115802765					4368,75	0,728005588054657	4368,75	0,551136910915375					4368,75	0,60474419593811	4368,75	0,437709331512451					4368,75	0,204350784420967	4368,75	0,166257530450821					4368,75	0,311109125614166	
4371,875	0,38605147600174					4371,875	0,784556746482849	4371,875	1,334019780159					4371,875	1,05495250225067	4371,875	1,42529857158661					4371,875	1,40832006931305	4371,875	1,37357306480408					4371,875	1,4607321023941	4371,875	0,666781663894653					4371,875	0,726220011711121	4371,875	0,548427224159241					4371,875	0,602893948554993	4371,875	0,436203271150589					4371,875	0,201424106955528	4371,875	0,163497105240822					4371,875	0,309577465057373	
4375	0,390572786331177					4375	0,789628505706787	4375	1,33736646175385					4375	1,05901432037354	4375	1,42436027526855					4375	1,40562450885773	4375	1,37339580059052					4375	1,46118474006653	4375	0,668464601039886					4375	0,725608885288239	4375	0,543809652328491					4375	0,600202798843384	4375	0,435885906219482					4375	0,197301417589188	4375	0,160769626498222					4375	0,308266133069992	
4378,125	0,386824131011963					4378,125	0,787464439868927	4378,125	1,34072613716125					4378,125	1,05893123149872	4378,125	1,42443239688873					4378,125	1,40795540809631	4378,125	1,37490606307983					4378,125	1,46169090270996	4378,125	0,67141991853714					4378,125	0,728608846664429	4378,125	0,54736602306366					4378,125	0,603774547576904	4378,125	0,437362909317017					4378,125	0,197485417127609	4378,125	0,160369217395782					4378,125	0,308745861053467	
4381,25	0,38605135679245					4381,25	0,787051558494568	4381,25	1,34165441989899					4381,25	1,06138145923615	4381,25	1,42528438568115					4381,25	1,40870428085327	4381,25	1,3757449388504					4381,25	1,46352863311768	4381,25	0,673202991485596					4381,25	0,729410469532013	4381,25	0,548154592514038					4381,25	0,605994820594788	4381,25	0,435560464859009					4381,25	0,196004062891006	4381,25	0,159863606095314					4381,25	0,309129804372787	
4384,375	0,391680419445038					4384,375	0,7894087433815	4384,375	1,33910882472992					4384,375	1,06561386585236	4384,375	1,4232029914856					4384,375	1,40413403511047	4384,375	1,37442576885223					4384,375	1,46162176132202	4384,375	0,67092102766037					4384,375	0,726155400276184	4384,375	0,542147994041443					4384,375	0,600581049919128	4384,375	0,432862848043442					4384,375	0,191382721066475	4384,375	0,155812487006187					4384,375	0,305946528911591	
4387,5	0,391408920288086					4387,5	0,789471328258514	4387,5	1,34352111816406					4387,5	1,06794166564941	4387,5	1,42679524421692					4387,5	1,40483939647675	4387,5	1,37454426288605					4387,5	1,46239531040192	4387,5	0,675819516181946					4387,5	0,730132758617401	4387,5	0,543787837028503					4387,5	0,603353917598724	4387,5	0,433607131242752					4387,5	0,189349502325058	4387,5	0,155910268425941					4387,5	0,304913282394409	
4390,625	0,387322545051575					4390,625	0,785210192203522	4390,625	1,34366869926453					4390,625	1,06647384166718	4390,625	1,42542350292206					4390,625	1,40455770492554	4390,625	1,37533855438232					4390,625	1,46143889427185	4390,625	0,675791144371033					4390,625	0,732634007930756	4390,625	0,546896934509277					4390,625	0,607680261135101	4390,625	0,437141358852386					4390,625	0,192982107400894	4390,625	0,157230988144875					4390,625	0,308962374925613	
4393,75	0,391390532255173					4393,75	0,790247142314911	4393,75	1,34666216373444					4393,75	1,06838834285736	4393,75	1,42587625980377					4393,75	1,40253436565399	4393,75	1,37354052066803					4393,75	1,45991015434265	4393,75	0,677099049091339					4393,75	0,732567489147186	4393,75	0,543950617313385					4393,75	0,604931473731995	4393,75	0,434491753578186					4393,75	0,190789103507996	4393,75	0,153967678546906					4393,75	0,306423902511597	
4396,875	0,393026411533356					4396,875	0,792322993278503	4396,875	1,34714996814728					4396,875	1,07102644443512	4396,875	1,42779457569122					4396,875	1,40224719047546	4396,875	1,37128734588623					4396,875	1,45935499668121	4396,875	0,680265963077545					4396,875	0,734913170337677	4396,875	0,539946556091309					4396,875	0,603407800197601	4396,875	0,43377411365509					4396,875	0,188123539090157	4396,875	0,150653466582298					4396,875	0,304685652256012	
4400	0,391065835952759					4400	0,790589034557343	4400	1,34590303897858					4400	1,07183003425598	4400	1,42707252502441					4400	1,40206873416901	4400	1,3717885017395					4400	1,45883929729462	4400	0,680462241172791					4400	0,734860837459564	4400	0,542253613471985					4400	0,605012595653534	4400	0,435191333293915					4400	0,18741437792778	4400	0,148912861943245					4400	0,306020051240921	
4403,125	0,385390371084213					4403,125	0,786108911037445	4403,125	1,34888136386871					4403,125	1,0702793598175	4403,125	1,42975258827209					4403,125	1,4048159122467	4403,125	1,37345337867737					4403,125	1,45962476730347	4403,125	0,683093309402466					4403,125	0,740858912467957	4403,125	0,551636576652527					4403,125	0,613190829753876	4403,125	0,439287185668945					4403,125	0,191234737634659	4403,125	0,150025919079781					4403,125	0,31011027097702	
4406,25	0,389509707689285					4406,25	0,792750835418701	4406,25	1,35670340061188					4406,25	1,07890188694	4406,25	1,43148291110992					4406,25	1,40415120124817	4406,25	1,37284398078918					4406,25	1,4596164226532	4406,25	0,688079118728638					4406,25	0,742369592189789	4406,25	0,543190121650696					4406,25	0,610477268695831	4406,25	0,435785502195358					4406,25	0,188587307929993	4406,25	0,146998003125191					4406,25	0,310524761676788	
4409,375	0,391014128923416					4409,375	0,794299483299255	4409,375	1,35617744922638					4409,375	1,07963073253632	4409,375	1,43255364894867					4409,375	1,40424275398254	4409,375	1,37111127376556					4409,375	1,46024703979492	4409,375	0,690025508403778					4409,375	0,742900788784027	4409,375	0,540633738040924					4409,375	0,610338568687439	4409,375	0,435281336307526					4409,375	0,188786849379539	4409,375	0,14543217420578					4409,375	0,309743016958237	
4412,5	0,39632773399353					4412,5	0,797745048999786	4412,5	1,35335123538971					4412,5	1,08153510093689	4412,5	1,43048083782196					4412,5	1,40164184570313	4412,5	1,36764180660248					4412,5	1,45803570747375	4412,5	0,686270833015442					4412,5	0,738348126411438	4412,5	0,536701500415802					4412,5	0,605975568294525	4412,5	0,430583149194717					4412,5	0,184846341609955	4412,5	0,143773600459099					4412,5	0,30715224146843	
4415,625	0,39577442407608					4415,625	0,796716511249542	4415,625	1,35547041893005					4415,625	1,08448278903961	4415,625	1,43249213695526					4415,625	1,39969539642334	4415,625	1,36729574203491					4415,625	1,45910632610321	4415,625	0,685926735401154					4415,625	0,738482117652893	4415,625	0,538242638111115					4415,625	0,605489253997803	4415,625	0,429969251155853					4415,625	0,184902220964432	4415,625	0,143382638692856					4415,625	0,306216180324554	
4418,75	0,400409042835236					4418,75	0,801723122596741	4418,75	1,35910701751709					4418,75	1,08998572826385	4418,75	1,434725522995					4418,75	1,3993763923645	4418,75	1,36586034297943					4418,75	1,45987296104431	4418,75	0,687351822853088					4418,75	0,738722085952759	4418,75	0,532488763332367					4418,75	0,603163182735443	4418,75	0,422694534063339					4418,75	0,182298749685287	4418,75	0,14030796289444					4418,75	0,30440428853035	
4421,875	0,399940311908722					4421,875	0,800762593746185	4421,875	1,35880935192108					4421,875	1,09081709384918	4421,875	1,43397903442383					4421,875	1,39929449558258	4421,875	1,36395668983459					4421,875	1,45856320858002	4421,875	0,687755942344666					4421,875	0,740471303462982	4421,875	0,532792448997498					4421,875	0,605189204216003	4421,875	0,42190346121788					4421,875	0,183169350028038	4421,875	0,140902236104012					4421,875	0,306341856718063	
4425	0,401905566453934					4425	0,802879750728607	4425	1,35922658443451					4425	1,09136462211609	4425	1,43456506729126					4425	1,39898920059204	4425	1,3615049123764					4425	1,45635688304901	4425	0,688014447689056					4425	0,741891145706177	4425	0,533305108547211					4425	0,604490160942078	4425	0,422351270914078					4425	0,182420894503593	4425	0,14130337536335					4425	0,307698726654053	
4428,125	0,402841418981552					4428,125	0,804964959621429	4428,125	1,36473667621613					4428,125	1,09492266178131	4428,125	1,43660521507263					4428,125	1,40084862709045	4428,125	1,36090183258057					4428,125	1,45708835124969	4428,125	0,69182276725769					4428,125	0,743810594081879	4428,125	0,532091677188873					4428,125	0,605831265449524	4428,125	0,420189440250397					4428,125	0,181667059659958	4428,125	0,14116957783699					4428,125	0,30739763379097	
4431,25	0,402388364076614					4431,25	0,804410696029663	4431,25	1,36281096935272					4431,25	1,09553003311157	4431,25	1,43495237827301					4431,25	1,39851629734039	4431,25	1,35816121101379					4431,25	1,4556645154953	4431,25	0,690857231616974					4431,25	0,74267715215683	4431,25	0,529598474502563					4431,25	0,602934539318085	4431,25	0,418595969676971					4431,25	0,180773690342903	4431,25	0,14160081744194					4431,25	0,308012813329697	
4434,375	0,402280956506729					4434,375	0,807111918926239	4434,375	1,36730587482452					4434,375	1,09921979904175	4434,375	1,43226742744446					4434,375	1,39748799800873	4434,375	1,35795843601227					4434,375	1,45444107055664	4434,375	0,693521738052368					4434,375	0,746939480304718	4434,375	0,528308749198914					4434,375	0,604459762573242	4434,375	0,414859712123871					4434,375	0,177979916334152	4434,375	0,142386212944984					4434,375	0,306234896183014	
4437,5	0,39989572763443					4437,5	0,808960855007172	4437,5	1,37345397472382					4437,5	1,10343539714813	4437,5	1,44050133228302					4437,5	1,40152776241302	4437,5	1,36031997203827					4437,5	1,46270787715912	4437,5	0,703818380832672					4437,5	0,753887712955475	4437,5	0,533413887023926					4437,5	0,61228084564209	4437,5	0,416318535804749					4437,5	0,180314511060715	4437,5	0,145510226488113					4437,5	0,308560729026794	
4440,625	0,404216110706329					4440,625	0,810623943805695	4440,625	1,37336957454681					4440,625	1,10451328754425	4440,625	1,43857359886169					4440,625	1,3996365070343	4440,625	1,35877740383148					4440,625	1,46069586277008	4440,625	0,699824988842011					4440,625	0,748696684837341	4440,625	0,52816116809845					4440,625	0,60697990655899	4440,625	0,412487953901291					4440,625	0,177602022886276	4440,625	0,142789885401726					4440,625	0,306743770837784	
4443,75	0,404194563627243					4443,75	0,81037825345993	4443,75	1,37271666526794					4443,75	1,10536789894104	4443,75	1,4365599155426					4443,75	1,39918959140778	4443,75	1,35838651657104					4443,75	1,45787501335144	4443,75	0,697595596313477					4443,75	0,747415363788605	4443,75	0,526558101177216					4443,75	0,604188024997711	4443,75	0,411349654197693					4443,75	0,176038429141045	4443,75	0,14212991297245					4443,75	0,306488543748856	
4446,875	0,406719774007797					4446,875	0,814741790294647	4446,875	1,37057960033417					4446,875	1,10788142681122	4446,875	1,43499600887299					4446,875	1,39807379245758	4446,875	1,35745239257813					4446,875	1,4557546377182	4446,875	0,697970807552338					4446,875	0,747678816318512	4446,875	0,523638904094696					4446,875	0,602488458156586	4446,875	0,410944163799286					4446,875	0,17458887398243	4446,875	0,141787931323051					4446,875	0,305616021156311	
4450	0,406216442584991					4450	0,81612765789032	4450	1,37605285644531					4450	1,11321306228638	4450	1,43911933898926					4450	1,39963281154633	4450	1,35720765590668					4450	1,45821166038513	4450	0,703095018863678					4450	0,751803457736969	4450	0,525007724761963					4450	0,607870876789093	4450	0,407302379608154					4450	0,176386192440987	4450	0,142211928963661					4450	0,307323634624481	
4453,125	0,409406751394272					4453,125	0,819363355636597	4453,125	1,38014006614685					4453,125	1,11588776111603	4453,125	1,44041633605957					4453,125	1,40124273300171	4453,125	1,35805571079254					4453,125	1,45956611633301	4453,125	0,703694939613342					4453,125	0,752449929714203	4453,125	0,521993160247803					4453,125	0,604343116283417	4453,125	0,406150162220001					4453,125	0,175740361213684	4453,125	0,141678631305695					4453,125	0,307648062705994	
4456,25	0,40720409154892					4456,25	0,819230556488037	4456,25	1,38181102275848					4456,25	1,11767327785492	4456,25	1,4387891292572					4456,25	1,40165972709656	4456,25	1,35929679870605					4456,25	1,46106910705566	4456,25	0,706700563430786					4456,25	0,755792498588562	4456,25	0,522650957107544					4456,25	0,606754124164581	4456,25	0,407284140586853					4456,25	0,17460410296917	4456,25	0,142127871513367					4456,25	0,309820681810379	
4459,375	0,405060887336731					4459,375	0,81757265329361	4459,375	1,38024544715881					4459,375	1,11543107032776	4459,375	1,43639075756073					4459,375	1,39937138557434	4459,375	1,35720181465149					4459,375	1,45847010612488	4459,375	0,704974114894867					4459,375	0,754865288734436	4459,375	0,522929131984711					4459,375	0,605682730674744	4459,375	0,406521826982498					4459,375	0,175667315721512	4459,375	0,142569720745087					4459,375	0,310846716165543	
4462,5	0,405831009149551					4462,5	0,819518625736237	4462,5	1,38191092014313					4462,5	1,11943638324738	4462,5	1,43704831600189					4462,5	1,4002366065979	4462,5	1,35755550861359					4462,5	1,45915830135345	4462,5	0,705529034137726					4462,5	0,755376875400543	4462,5	0,518438279628754					4462,5	0,604123771190643	4462,5	0,404172986745834					4462,5	0,174653500318527	4462,5	0,142667859792709					4462,5	0,30965456366539	
4465,625	0,403242319822311					4465,625	0,819214582443237	4465,625	1,383504986763					4465,625	1,12117445468903	4465,625	1,43805813789368					4465,625	1,40231621265411	4465,625	1,35786259174347					4465,625	1,46149301528931	4465,625	0,708885669708252					4465,625	0,75942724943161	4465,625	0,519215047359467					4465,625	0,607241630554199	4465,625	0,404388070106506					4465,625	0,174594566226006	4465,625	0,143650621175766					4465,625	0,313584446907043	
4468,75	0,407104730606079					4468,75	0,824670374393463	4468,75	1,38648331165314					4468,75	1,12615084648132	4468,75	1,43700051307678					4468,75	1,40127110481262	4468,75	1,3567898273468					4468,75	1,46211409568787	4468,75	0,711788654327393					4468,75	0,760054469108582	4468,75	0,517544209957123					4468,75	0,605066418647766	4468,75	0,402063399553299					4468,75	0,173479914665222	4468,75	0,140968307852745					4468,75	0,31214040517807	
4471,875	0,408258348703384					4471,875	0,825557887554169	4471,875	1,38737201690674					4471,875	1,12915909290314	4471,875	1,43667089939117					4471,875	1,40119063854218	4471,875	1,35685348510742					4471,875	1,46108460426331	4471,875	0,713126540184021					4471,875	0,760624527931213	4471,875	0,514504432678223					4471,875	0,602849721908569	4471,875	0,401961624622345					4471,875	0,172154501080513	4471,875	0,140974491834641					4471,875	0,311559468507767	
4475	0,404862731695175					4475	0,823452711105347	4475	1,38793349266052					4475	1,12907910346985	4475	1,43627524375916					4475	1,40336954593658	4475	1,35783684253693					4475	1,46147811412811	4475	0,715679466724396					4475	0,764323472976685	4475	0,515875458717346					4475	0,6068514585495	4475	0,403053402900696					4475	0,173429936170578	4475	0,142054781317711					4475	0,315827369689941	
4478,125	0,407603144645691					4478,125	0,826101124286652	4478,125	1,38900852203369					4478,125	1,1312940120697	4478,125	1,4349240064621					4478,125	1,40149974822998	4478,125	1,356365442276					4478,125	1,4602814912796	4478,125	0,715660929679871					4478,125	0,761053264141083	4478,125	0,510746836662292					4478,125	0,605054080486298	4478,125	0,400150656700134					4478,125	0,171487241983414	4478,125	0,14087387919426					4478,125	0,314401924610138	
4481,25	0,409499228000641					4481,25	0,829288601875305	4481,25	1,39211392402649					4481,25	1,1353554725647	4481,25	1,43510127067566					4481,25	1,40351724624634	4481,25	1,35819864273071					4481,25	1,46231973171234	4481,25	0,719216227531433					4481,25	0,764249384403229	4481,25	0,506868839263916					4481,25	0,60255640745163	4481,25	0,397771447896957					4481,25	0,170335561037064	4481,25	0,141007646918297					4481,25	0,315840840339661	
4484,375	0,406692385673523					4484,375	0,826475501060486	4484,375	1,38867998123169					4484,375	1,13333213329315	4484,375	1,43280458450317					4484,375	1,40295648574829	4484,375	1,35806894302368					4484,375	1,46205723285675	4484,375	0,71638286113739					4484,375	0,762404322624207	4484,375	0,506197214126587					4484,375	0,599678993225098	4484,375	0,396341025829315					4484,375	0,169211626052856	4484,375	0,139668554067612					4484,375	0,316422313451767	
4487,5	0,408131271600723					4487,5	0,832171440124512	4487,5	1,3931587934494					4487,5	1,14040958881378	4487,5	1,43644404411316					4487,5	1,40292537212372	4487,5	1,35939049720764					4487,5	1,46372187137604	4487,5	0,721531748771667					4487,5	0,765931308269501	4487,5	0,501815736293793					4487,5	0,60081958770752	4487,5	0,397039115428925					4487,5	0,168174505233765	4487,5	0,13928134739399					4487,5	0,316172361373901	
4490,625	0,406545490026474					4490,625	0,831029832363129	4490,625	1,39346623420715					4490,625	1,13931488990784	4490,625	1,43621134757996					4490,625	1,40204906463623	4490,625	1,35784351825714					4490,625	1,46235299110413	4490,625	0,72268682718277					4490,625	0,769166827201843	4490,625	0,501793682575226					4490,625	0,602582573890686	4490,625	0,398135125637054					4490,625	0,170496508479118	4490,625	0,139802619814873					4490,625	0,317929565906525	
4493,75	0,409692764282227					4493,75	0,836612105369568	4493,75	1,3963166475296					4493,75	1,14543735980988	4493,75	1,43808114528656					4493,75	1,40468192100525	4493,75	1,3576637506485					4493,75	1,4654461145401	4493,75	0,728681147098541					4493,75	0,771322727203369	4493,75	0,500888645648956					4493,75	0,604502618312836	4493,75	0,395420432090759					4493,75	0,169004321098328	4493,75	0,140741541981697					4493,75	0,316263258457184	
4496,875	0,41339835524559					4496,875	0,840235352516174	4496,875	1,39571344852448					4496,875	1,14657294750214	4496,875	1,43924069404602					4496,875	1,4049596786499	4496,875	1,35901081562042					4496,875	1,46737885475159	4496,875	0,729757726192474					4496,875	0,770581841468811	4496,875	0,496830254793167					4496,875	0,601059794425964	4496,875	0,395478367805481					4496,875	0,166585221886635	4496,875	0,140263736248016					4496,875	0,315331697463989	
4500	0,408716201782227					4500	0,837190628051758	4500	1,39692187309265					4500	1,14904487133026	4500	1,44023025035858					4500	1,40534627437592	4500	1,35817241668701					4500	1,46792638301849	4500	0,73161768913269					4500	0,773451387882233	4500	0,498195469379425					4500	0,602977812290192	4500	0,396034091711044					4500	0,168375328183174	4500	0,139568895101547					4500	0,320651233196259	
4503,125	0,409875094890594					4503,125	0,837747991085052	4503,125	1,39401865005493					4503,125	1,14896142482758	4503,125	1,43912029266357					4503,125	1,40506386756897	4503,125	1,35669541358948					4503,125	1,46836698055267	4503,125	0,729813098907471					4503,125	0,771041750907898	4503,125	0,497258394956589					4503,125	0,599282741546631	4503,125	0,396353513002396					4503,125	0,166948661208153	4503,125	0,138977557420731					4503,125	0,323494464159012	
4506,25	0,413092613220215					4506,25	0,843685925006866	4506,25	1,39756381511688					4506,25	1,15508663654327	4506,25	1,44176065921783					4506,25	1,40801191329956	4506,25	1,36037564277649					4506,25	1,46888482570648	4506,25	0,734232306480408					4506,25	0,774575233459473	4506,25	0,49350243806839					4506,25	0,598421633243561	4506,25	0,39437535405159					4506,25	0,166785031557083	4506,25	0,136983171105385					4506,25	0,320017367601395	
4509,375	0,412444859743118					4509,375	0,842757642269135	4509,375	1,39578068256378					4509,375	1,15528726577759	4509,375	1,44040310382843					4509,375	1,40709245204926	4509,375	1,36019361019135					4509,375	1,46985495090485	4509,375	0,733986079692841					4509,375	0,775070011615753	4509,375	0,494373559951782					4509,375	0,598087012767792	4509,375	0,395619183778763					4509,375	0,167013555765152	4509,375	0,137528404593468					4509,375	0,322729170322418	
4512,5	0,41314971446991					4512,5	0,845129728317261	4512,5	1,39545917510986					4512,5	1,15670919418335	4512,5	1,44223988056183					4512,5	1,4068751335144	4512,5	1,36008393764496					4512,5	1,47158908843994	4512,5	0,736717879772186					4512,5	0,77576744556427	4512,5	0,496280193328857					4512,5	0,597330749034882	4512,5	0,39410987496376					4512,5	0,166167184710503	4512,5	0,138253509998322					4512,5	0,32335689663887	
4515,625	0,414408296346664					4515,625	0,846904993057251	4515,625	1,39575779438019					4515,625	1,15946936607361	4515,625	1,44333648681641					4515,625	1,4068124294281	4515,625	1,36042821407318					4515,625	1,47259652614594	4515,625	0,739350736141205					4515,625	0,777723252773285	4515,625	0,495568722486496					4515,625	0,597103953361511	4515,625	0,393610000610352					4515,625	0,164542660117149	4515,625	0,137713328003883					4515,625	0,323073774576187	
4518,75	0,412686973810196					4518,75	0,84706723690033	4518,75	1,39751160144806					4518,75	1,15993547439575	4518,75	1,44447588920593					4518,75	1,40685594081879	4518,75	1,36058509349823					4518,75	1,47489273548126	4518,75	0,741830050945282					4518,75	0,780278265476227	4518,75	0,493428498506546					4518,75	0,597556531429291	4518,75	0,394968420267105					4518,75	0,163912028074265	4518,75	0,137255489826202					4518,75	0,323859542608261	
4521,875	0,413103222846985					4521,875	0,849760055541992	4521,875	1,39689862728119					4521,875	1,16122937202454	4521,875	1,4474663734436					4521,875	1,408207654953	4521,875	1,36165225505829					4521,875	1,4769070148468	4521,875	0,74378365278244					4521,875	0,78122466802597	4521,875	0,491974622011185					4521,875	0,596099972724915	4521,875	0,393224805593491					4521,875	0,162583976984024	4521,875	0,136201947927475					4521,875	0,322470963001251	
4525	0,418863892555237					4525	0,854327440261841	4525	1,39876210689545					4525	1,16432642936707	4525	1,44788134098053					4525	1,40772867202759	4525	1,36158525943756					4525	1,47860682010651	4525	0,745189964771271					4525	0,779957890510559	4525	0,488686352968216					4525	0,592787146568298	4525	0,388686180114746					4525	0,160908922553062	4525	0,134260386228561					4525	0,320339649915695	
4528,125	0,42125728726387					4528,125	0,856980800628662	4528,125	1,40090823173523					4528,125	1,16801536083221	4528,125	1,44858360290527					4528,125	1,40868580341339	4528,125	1,36419403553009					4528,125	1,47852182388306	4528,125	0,748351991176605					4528,125	0,781599998474121	4528,125	0,488722115755081					4528,125	0,593002676963806	4528,125	0,387310117483139					4528,125	0,160421073436737	4528,125	0,134681403636932					4528,125	0,320710033178329	
4531,25	0,422775596380234					4531,25	0,858251094818115	4531,25	1,40089380741119					4531,25	1,16985762119293	4531,25	1,44985854625702					4531,25	1,40853345394135	4531,25	1,3645339012146					4531,25	1,47917139530182	4531,25	0,748256921768188					4531,25	0,780091285705566	4531,25	0,486964136362076					4531,25	0,589870989322662	4531,25	0,385437607765198					4531,25	0,160578086972237	4531,25	0,133233189582825					4531,25	0,31874480843544	
4534,375	0,418338775634766					4534,375	0,85916006565094	4534,375	1,40359532833099					4534,375	1,1720232963562	4534,375	1,45304465293884					4534,375	1,40984606742859	4534,375	1,36365783214569					4534,375	1,48455667495728	4534,375	0,754273474216461					4534,375	0,787895441055298	4534,375	0,489313632249832					4534,375	0,594144701957703	4534,375	0,389198452234268					4534,375	0,160592257976532	4534,375	0,134009823203087					4534,375	0,321183890104294	
4537,5	0,418896853923798					4537,5	0,861633360385895	4537,5	1,40188646316528					4537,5	1,16987264156342	4537,5	1,45024001598358					4537,5	1,40919852256775	4537,5	1,36116433143616					4537,5	1,48340773582458	4537,5	0,753352761268616					4537,5	0,786991000175476	4537,5	0,488159537315369					4537,5	0,594125628471375	4537,5	0,388429582118988					4537,5	0,161178946495056	4537,5	0,133791223168373					4537,5	0,319062083959579	
4540,625	0,420761108398438					4540,625	0,865979969501495	4540,625	1,40668368339539					4540,625	1,17414116859436	4540,625	1,45583879947662					4540,625	1,41009533405304	4540,625	1,36423707008362					4540,625	1,48680663108826	4540,625	0,759568452835083					4540,625	0,791514098644257	4540,625	0,488784939050674					4540,625	0,594798505306244	4540,625	0,385443419218063					4540,625	0,159712165594101	4540,625	0,133451342582703					4540,625	0,316966593265533	
4543,75	0,422327548265457					4543,75	0,863452136516571	4543,75	1,40318489074707					4543,75	1,17286086082458	4543,75	1,45311081409454					4543,75	1,40808272361755	4543,75	1,36136519908905					4543,75	1,48147296905518	4543,75	0,753780901432037					4543,75	0,785274982452393	4543,75	0,485971510410309					4543,75	0,588911831378937	4543,75	0,383574426174164					4543,75	0,157237634062767	4543,75	0,133164882659912					4543,75	0,317448407411575	
4546,875	0,427765250205994					4546,875	0,871285319328308	4546,875	1,40934526920319					4546,875	1,18031394481659	4546,875	1,45587825775146					4546,875	1,41035258769989	4546,875	1,36232006549835					4546,875	1,48469066619873	4546,875	0,761586666107178					4546,875	0,78959059715271	4546,875	0,483962178230286					4546,875	0,587523102760315	4546,875	0,378639400005341					4546,875	0,155674949288368	4546,875	0,130884736776352					4546,875	0,312882959842682	
4550	0,424130439758301					4550	0,868181586265564	4550	1,40692520141602					4550	1,17778146266937	4550	1,45708310604095					4550	1,40826046466827	4550	1,36264777183533					4550	1,48371589183807	4550	0,759502351284027					4550	0,789617776870728	4550	0,485309571027756					4550	0,59032529592514	4550	0,378536313772202					4550	0,157679542899132	4550	0,131072029471397					4550	0,314239293336868	
4553,125	0,427797764539719					4553,125	0,872715711593628	4553,125	1,40837812423706					4553,125	1,17936730384827	4553,125	1,45695471763611					4553,125	1,40946435928345	4553,125	1,36218416690826					4553,125	1,48520755767822	4553,125	0,760202884674072					4553,125	0,790278792381287	4553,125	0,482702791690826					4553,125	0,589040577411652	4553,125	0,375543177127838					4553,125	0,156051829457283	4553,125	0,130186080932617					4553,125	0,311297833919525	
4556,25	0,427264451980591					4556,25	0,875101923942566	4556,25	1,40763735771179					4556,25	1,17933297157288	4556,25	1,45700013637543					4556,25	1,40994310379028	4556,25	1,36197793483734					4556,25	1,48293960094452	4556,25	0,763106465339661					4556,25	0,791362762451172	4556,25	0,480406790971756					4556,25	0,587026178836823	4556,25	0,376107752323151					4556,25	0,153933972120285	4556,25	0,128643289208412					4556,25	0,312144756317139	
4559,375	0,423165827989578					4559,375	0,874899625778198	4559,375	1,41000282764435					4559,375	1,18340575695038	4559,375	1,45959508419037					4559,375	1,41024255752563	4559,375	1,36327385902405					4559,375	1,48238933086395	4559,375	0,765156209468842					4559,375	0,794911801815033	4559,375	0,481940895318985					4559,375	0,588707208633423	4559,375	0,376693248748779					4559,375	0,15395051240921	4559,375	0,12716455757618					4559,375	0,311467587947845	
4562,5	0,42292782664299					4562,5	0,874681770801544	4562,5	1,41267883777618					4562,5	1,18594896793365	4562,5	1,46414303779602					4562,5	1,41193974018097	4562,5	1,36485052108765					4562,5	1,48302781581879	4562,5	0,770914435386658					4562,5	0,798654079437256	4562,5	0,485511600971222					4562,5	0,59223735332489	4562,5	0,377635300159454					4562,5	0,154913827776909	4562,5	0,130531802773476					4562,5	0,313107073307037	
4565,625	0,428622305393219					4565,625	0,879111766815186	4565,625	1,41562259197235					4565,625	1,18818616867065	4565,625	1,46526753902435					4565,625	1,41281402111053	4565,625	1,36634826660156					4565,625	1,48279857635498	4565,625	0,771995544433594					4565,625	0,796413779258728	4565,625	0,482257843017578					4565,625	0,589025676250458	4565,625	0,371732473373413					4565,625	0,152565881609917	4565,625	0,128717362880707					4565,625	0,312613427639008	
4568,75	0,428808778524399					4568,75	0,882205188274384	4568,75	1,41833221912384					4568,75	1,19035112857819	4568,75	1,46458983421326					4568,75	1,41224372386932	4568,75	1,36455321311951					4568,75	1,48251044750214	4568,75	0,773867189884186					4568,75	0,79798698425293	4568,75	0,479658246040344					4568,75	0,589797616004944	4568,75	0,370692819356918					4568,75	0,150635808706284	4568,75	0,126968532800674					4568,75	0,311853021383286	
4571,875	0,43076965212822					4571,875	0,883407950401306	4571,875	1,41587650775909					4571,875	1,19050693511963	4571,875	1,4631632566452					4571,875	1,41233503818512	4571,875	1,36284458637238					4571,875	1,48195791244507	4571,875	0,770708441734314					4571,875	0,795417070388794	4571,875	0,478179693222046					4571,875	0,588469564914703	4571,875	0,369255572557449					4571,875	0,15085557103157	4571,875	0,125040113925934					4571,875	0,311552554368973	
4575	0,434676826000214					4575	0,890189588069916	4575	1,41770493984222					4575	1,19567859172821	4575	1,46567630767822					4575	1,41227328777313	4575	1,36538064479828					4575	1,48383283615112	4575	0,776387095451355					4575	0,79908287525177	4575	0,476080328226089					4575	0,587397694587708	4575	0,365620613098145					4575	0,151008471846581	4575	0,125989407300949					4575	0,310341596603394	
4578,125	0,434466749429703					4578,125	0,889923334121704	4578,125	1,41978859901428					4578,125	1,198113322258	4578,125	1,46680784225464					4578,125	1,41240274906158	4578,125	1,36520528793335					4578,125	1,48359179496765	4578,125	0,77858293056488					4578,125	0,800449550151825	4578,125	0,47606086730957					4578,125	0,5882568359375	4578,125	0,365257561206818					4578,125	0,14979113638401	4578,125	0,125321969389915					4578,125	0,312979012727737	
4581,25	0,433472692966461					4581,25	0,889788627624512	4581,25	1,42004132270813					4581,25	1,19714057445526	4581,25	1,46762454509735					4581,25	1,41123449802399	4581,25	1,3645988702774					4581,25	1,48150324821472	4581,25	0,779022514820099					4581,25	0,801985561847687	4581,25	0,475562334060669					4581,25	0,587838649749756	4581,25	0,363854289054871					4581,25	0,148752689361572	4581,25	0,124781534075737					4581,25	0,31462225317955	
4584,375	0,430950343608856					4584,375	0,890778958797455	4584,375	1,42083120346069					4584,375	1,19795560836792	4584,375	1,46966826915741					4584,375	1,4105806350708	4584,375	1,36470365524292					4584,375	1,47985517978668	4584,375	0,782076179981232					4584,375	0,805000185966492	4584,375	0,476956784725189					4584,375	0,588535189628601	4584,375	0,362814009189606					4584,375	0,14797255396843	4584,375	0,125052973628044					4584,375	0,315896719694138	
4587,5	0,429332852363586					4587,5	0,891538441181183	4587,5	1,42346382141113					4587,5	1,19942593574524	4587,5	1,47195267677307					4587,5	1,41268491744995	4587,5	1,36528325080872					4587,5	1,48022186756134	4587,5	0,786478638648987					4587,5	0,808250308036804	4587,5	0,478569209575653					4587,5	0,59150230884552	4587,5	0,363263696432114					4587,5	0,149157762527466	4587,5	0,125118121504784					4587,5	0,319843947887421	
4590,625	0,433252036571503					4590,625	0,895064651966095	4590,625	1,42473769187927					4590,625	1,20157527923584	4590,625	1,47110736370087					4590,625	1,41320264339447	4590,625	1,3655002117157					4590,625	1,48109614849091	4590,625	0,787280082702637					4590,625	0,808171570301056	4590,625	0,4757120013237					4590,625	0,589852809906006	4590,625	0,360507965087891					4590,625	0,147879078984261	4590,625	0,125038176774979					4590,625	0,321218997240067	
4593,75	0,433513402938843					4593,75	0,896475970745087	4593,75	1,42601048946381					4593,75	1,2018791437149	4593,75	1,46968996524811					4593,75	1,41303682327271	4593,75	1,36564898490906					4593,75	1,48071432113647	4593,75	0,788199245929718					4593,75	0,808224499225616	4593,75	0,474174320697784					4593,75	0,589390754699707	4593,75	0,35915419459343					4593,75	0,146107405424118	4593,75	0,12382498383522					4593,75	0,32283028960228	
4596,875	0,434498488903046					4596,875	0,899995505809784	4596,875	1,42840051651001					4596,875	1,2063627243042	4596,875	1,47046291828156					4596,875	1,41339290142059	4596,875	1,36634147167206					4596,875	1,48057639598846	4596,875	0,791671276092529					4596,875	0,809670567512512	4596,875	0,473110437393188					4596,875	0,589129984378815	4596,875	0,358838677406311					4596,875	0,143318727612495	4596,875	0,123817257583141					4596,875	0,323755830526352	
4600	0,432409405708313					4600	0,898737251758575	4600	1,42695343494415					4600	1,20719742774963	4600	1,47204208374023					4600	1,41355776786804	4600	1,3667551279068					4600	1,48005282878876	4600	0,791801333427429					4600	0,810275971889496	4600	0,473768949508667					4600	0,589006066322327	4600	0,359860718250275					4600	0,143622815608978	4600	0,125204816460609					4600	0,327032506465912	
4603,125	0,434429734945297					4603,125	0,904718220233917	4603,125	1,4293999671936					4603,125	1,21165573596954	4603,125	1,47808015346527					4603,125	1,41448307037354	4603,125	1,36636197566986					4603,125	1,48721790313721	4603,125	0,796559751033783					4603,125	0,815204858779907	4603,125	0,47179451584816					4603,125	0,588283777236938	4603,125	0,356907397508621					4603,125	0,143485978245735	4603,125	0,123070165514946					4603,125	0,329024732112885	
4606,25	0,440697193145752					4606,25	0,909712731838226	4606,25	1,43143498897552					4606,25	1,21370041370392	4606,25	1,47492647171021					4606,25	1,4134578704834	4606,25	1,36550164222717					4606,25	1,48924541473389	4606,25	0,795117259025574					4606,25	0,810592949390411	4606,25	0,466744869947433					4606,25	0,583670258522034	4606,25	0,352559387683868					4606,25	0,143618822097778	4606,25	0,121506214141846					4606,25	0,326433539390564	
4609,375	0,439930081367493					4609,375	0,909767031669617	4609,375	1,43477153778076					4609,375	1,21551740169525	4609,375	1,47469222545624					4609,375	1,41422152519226	4609,375	1,36719810962677					4609,375	1,49046611785889	4609,375	0,798845648765564					4609,375	0,810740947723389	4609,375	0,467898279428482					4609,375	0,585488736629486	4609,375	0,350498825311661					4609,375	0,142780095338821	4609,375	0,120088882744312					4609,375	0,329100579023361	
4612,5	0,440736413002014					4612,5	0,912460029125214	4612,5	1,43761134147644					4612,5	1,21804618835449	4612,5	1,47679483890533					4612,5	1,41557347774506	4612,5	1,36796391010284					4612,5	1,49310898780823	4612,5	0,803044617176056					4612,5	0,814014673233032	4612,5	0,46686127781868					4612,5	0,586661517620087	4612,5	0,349484205245972					4612,5	0,140364363789558	4612,5	0,119869984686375					4612,5	0,329163461923599	
4615,625	0,438448637723923					4615,625	0,911278009414673	4615,625	1,43614935874939					4615,625	1,2191789150238	4615,625	1,47737467288971					4615,625	1,4146648645401	4615,625	1,36643195152283					4615,625	1,49451291561127	4615,625	0,805226624011993					4615,625	0,815941274166107	4615,625	0,469140291213989					4615,625	0,586989998817444	4615,625	0,350570559501648					4615,625	0,139962151646614	4615,625	0,119634456932545					4615,625	0,33269327878952	
4618,75	0,443765580654144					4618,75	0,9163618683815	4618,75	1,4362508058548					4618,75	1,22287940979004	4618,75	1,47970402240753					4618,75	1,41586089134216	4618,75	1,3663557767868					4618,75	1,49709749221802	4618,75	0,805891394615173					4618,75	0,815953135490417	4618,75	0,467267990112305					4618,75	0,585262775421143	4618,75	0,347777456045151					4618,75	0,139390185475349	4618,75	0,11927691847086					4618,75	0,332013696432114	
4621,875	0,441259235143662					4621,875	0,917174816131592	4621,875	1,44017267227173					4621,875	1,22328042984009	4621,875	1,48090291023254					4621,875	1,41683888435364	4621,875	1,36801040172577					4621,875	1,49913251399994	4621,875	0,809764862060547					4621,875	0,819701194763184	4621,875	0,464570373296738					4621,875	0,58826744556427	4621,875	0,346426486968994					4621,875	0,139980733394623	4621,875	0,120391942560673					4621,875	0,333531022071838	
4625	0,442896008491516					4625	0,921676337718964	4625	1,44068276882172					4625	1,2266184091568	4625	1,48239743709564					4625	1,4146511554718	4625	1,36751961708069					4625	1,50323045253754	4625	0,813073217868805					4625	0,820194780826569	4625	0,463158249855042					4625	0,586723327636719	4625	0,343987584114075					4625	0,140678703784943	4625	0,118795990943909					4625	0,329844892024994	
4628,125	0,443864047527313					4628,125	0,923343122005463	4628,125	1,44166421890259					4628,125	1,22815334796906	4628,125	1,48240745067596					4628,125	1,41537475585938	4628,125	1,36837935447693					4628,125	1,50534391403198	4628,125	0,81492280960083					4628,125	0,822092175483704	4628,125	0,460943460464478					4628,125	0,586231112480164	4628,125	0,342354029417038					4628,125	0,138742417097092	4628,125	0,117662653326988					4628,125	0,32926607131958	
4631,25	0,444191426038742					4631,25	0,924260914325714	4631,25	1,44238746166229					4631,25	1,23015117645264	4631,25	1,48206281661987					4631,25	1,4152717590332	4631,25	1,36853587627411					4631,25	1,50810182094574	4631,25	0,815806567668915					4631,25	0,822781264781952	4631,25	0,460747599601746					4631,25	0,585439682006836	4631,25	0,342617988586426					4631,25	0,137552931904793	4631,25	0,11667837947607					4631,25	0,329755932092667	
4634,375	0,448296397924423					4634,375	0,927007794380188	4634,375	1,44315314292908					4634,375	1,23381066322327	4634,375	1,48333978652954					4634,375	1,41519141197205	4634,375	1,36994254589081					4634,375	1,51040232181549	4634,375	0,816995561122894					4634,375	0,821636140346527	4634,375	0,460354447364807					4634,375	0,582119703292847	4634,375	0,340222418308258					4634,375	0,136703133583069	4634,375	0,116564966738224					4634,375	0,32929590344429	
4637,5	0,44921487569809					4637,5	0,931006848812103	4637,5	1,4457927942276					4637,5	1,23601484298706	4637,5	1,48528814315796					4637,5	1,41329681873322	4637,5	1,36981499195099					4637,5	1,51126396656036	4637,5	0,8209108710289					4637,5	0,823241949081421	4637,5	0,46206921339035					4637,5	0,582631468772888	4637,5	0,338519930839539					4637,5	0,137706711888313	4637,5	0,117893286049366					4637,5	0,328680664300919	
4640,625	0,448789268732071					4640,625	0,93295818567276	4640,625	1,44635152816772					4640,625	1,23618018627167	4640,625	1,48493814468384					4640,625	1,41392183303833	4640,625	1,3697954416275					4640,625	1,51159954071045	4640,625	0,821407794952393					4640,625	0,823916614055634	4640,625	0,459784805774689					4640,625	0,582006633281708	4640,625	0,338243871927261					4640,625	0,137872412800789	4640,625	0,11734888702631					4640,625	0,328884959220886	
4643,75	0,447666257619858					4643,75	0,933888256549835	4643,75	1,44839668273926					4643,75	1,23872470855713	4643,75	1,48663544654846					4643,75	1,41675591468811	4643,75	1,37041509151459					4643,75	1,51694762706757	4643,75	0,825929582118988					4643,75	0,82910144329071	4643,75	0,459130495786667					4643,75	0,585083842277527	4643,75	0,337904065847397					4643,75	0,137123957276344	4643,75	0,117557160556316					4643,75	0,330040782690048	
4646,875	0,448455721139908					4646,875	0,935480654239655	4646,875	1,45064914226532					4646,875	1,24264979362488	4646,875	1,48720252513885					4646,875	1,41597485542297	4646,875	1,37021946907043					4646,875	1,51977646350861	4646,875	0,829550981521606					4646,875	0,830963313579559	4646,875	0,45967635512352					4646,875	0,584717035293579	4646,875	0,337472945451736					4646,875	0,137080937623978	4646,875	0,116112098097801					4646,875	0,328591763973236	
4650	0,452582240104675					4650	0,939234673976898	4650	1,45397138595581					4650	1,24692332744598	4650	1,4900426864624					4650	1,41621541976929	4650	1,370481133461					4650	1,52275454998016	4650	0,830554902553558					4650	0,829720497131348	4650	0,456327170133591					4650	0,58199006319046	4650	0,334023177623749					4650	0,136127308011055	4650	0,114478528499603					4650	0,325554877519608	
4653,125	0,453238666057587					4653,125	0,942753911018372	4653,125	1,45632708072662					4653,125	1,24935591220856	4653,125	1,492147564888					4653,125	1,41568577289581	4653,125	1,37091171741486					4653,125	1,52527928352356	4653,125	0,834561467170715					4653,125	0,833692669868469	4653,125	0,45581066608429					4653,125	0,584444344043732	4653,125	0,333424091339111					4653,125	0,136004224419594	4653,125	0,115337260067463					4653,125	0,324614673852921	
4656,25	0,455013453960419					4656,25	0,945557475090027	4656,25	1,4540388584137					4656,25	1,25005781650543	4656,25	1,49137258529663					4656,25	1,41466677188873	4656,25	1,37168419361115					4656,25	1,52355492115021	4656,25	0,834812045097351					4656,25	0,83353590965271	4656,25	0,454551368951797					4656,25	0,581489205360413	4656,25	0,331879615783691					4656,25	0,134558141231537	4656,25	0,114801071584225					4656,25	0,323207914829254	
4659,375	0,452556997537613					4659,375	0,942667424678802	4659,375	1,45260405540466					4659,375	1,25011932849884	4659,375	1,49080216884613					4659,375	1,41642940044403	4659,375	1,3714644908905					4659,375	1,52317535877228	4659,375	0,83790796995163					4659,375	0,836259603500366	4659,375	0,454948663711548					4659,375	0,584143340587616	4659,375	0,332465529441834					4659,375	0,134688094258308	4659,375	0,115868106484413					4659,375	0,323036700487137	
4662,5	0,450395286083221					4662,5	0,941559255123138	4662,5	1,45470023155212					4662,5	1,24831116199493	4662,5	1,49072897434235					4662,5	1,41438281536102	4662,5	1,37082898616791					4662,5	1,5244916677475	4662,5	0,840430498123169					4662,5	0,838732242584229	4662,5	0,456791281700134					4662,5	0,58610326051712	4662,5	0,332131415605545					4662,5	0,13619127869606	4662,5	0,116128660738468					4662,5	0,324254006147385	
4665,625	0,456979542970657					4665,625	0,949422359466553	4665,625	1,45973742008209					4665,625	1,25261533260345	4665,625	1,49345433712006					4665,625	1,41406297683716	4665,625	1,37060010433197					4665,625	1,52651929855347	4665,625	0,842791676521301					4665,625	0,837690591812134	4665,625	0,453037559986115					4665,625	0,583642363548279	4665,625	0,330080270767212					4665,625	0,136670246720314	4665,625	0,114700391888618					4665,625	0,322114169597626	
4668,75	0,45723170042038					4668,75	0,953037559986115	4668,75	1,4609067440033					4668,75	1,25675570964813	4668,75	1,49533128738403					4668,75	1,41451454162598	4668,75	1,37072849273682					4668,75	1,52742743492126	4668,75	0,8456711769104					4668,75	0,840845882892609	4668,75	0,454986274242401					4668,75	0,583811044692993	4668,75	0,329359143972397					4668,75	0,135288238525391	4668,75	0,113911457359791					4668,75	0,322677880525589	
4671,875	0,457395553588867					4671,875	0,953950464725494	4671,875	1,4625678062439					4671,875	1,2597268819809	4671,875	1,4971604347229					4671,875	1,41416668891907	4671,875	1,37235617637634					4671,875	1,52930176258087	4671,875	0,849409580230713					4671,875	0,843051254749298	4671,875	0,454235732555389					4671,875	0,583912014961243	4671,875	0,328920423984528					4671,875	0,135437786579132	4671,875	0,112310320138931					4671,875	0,322903782129288	
4675	0,457148462533951					4675	0,954369008541107	4675	1,46543312072754					4675	1,26191377639771	4675	1,50079584121704					4675	1,41627144813538	4675	1,37438297271729					4675	1,53295695781708	4675	0,855597376823425					4675	0,846430718898773	4675	0,453849613666534					4675	0,585626602172852	4675	0,328831613063812					4675	0,135738253593445	4675	0,114437885582447					4675	0,322512567043304	
4678,125	0,460076749324799					4678,125	0,959028542041779	4678,125	1,46432793140411					4678,125	1,26267647743225	4678,125	1,49834525585175					4678,125	1,41717422008514	4678,125	1,37343645095825					4678,125	1,53271818161011	4678,125	0,853855013847351					4678,125	0,8437340259552	4678,125	0,453308999538422					4678,125	0,583153605461121	4678,125	0,327766418457031					4678,125	0,135045245289803	4678,125	0,112820751965046					4678,125	0,320645779371262	
4681,25	0,459550589323044					4681,25	0,961081266403198	4681,25	1,4650331735611					4681,25	1,26450729370117	4681,25	1,49746119976044					4681,25	1,41499602794647	4681,25	1,3714040517807					4681,25	1,53351581096649	4681,25	0,8590487241745					4681,25	0,849216461181641	4681,25	0,451000392436981					4681,25	0,584275901317596	4681,25	0,324205100536346					4681,25	0,135237857699394	4681,25	0,114838369190693					4681,25	0,316965311765671	
4684,375	0,456398755311966					4684,375	0,95788848400116	4684,375	1,46369516849518					4684,375	1,26437520980835	4684,375	1,49962031841278					4684,375	1,41471529006958	4684,375	1,37265062332153					4684,375	1,53349411487579	4684,375	0,86098700761795					4684,375	0,851871013641357	4684,375	0,45196071267128					4684,375	0,587339162826538	4684,375	0,324470013380051					4684,375	0,135745018720627	4684,375	0,113928854465485					4684,375	0,320152133703232	
4687,5	0,457607418298721					4687,5	0,963785290718079	4687,5	1,46761476993561					4687,5	1,26776826381683	4687,5	1,50127100944519					4687,5	1,41403460502625	4687,5	1,37468194961548					4687,5	1,53622591495514	4687,5	0,86403089761734					4687,5	0,853454530239105	4687,5	0,452095836400986					4687,5	0,588041007518768	4687,5	0,324636518955231					4687,5	0,137572541832924	4687,5	0,115548327565193					4687,5	0,319262981414795	
4690,625	0,457811951637268					4690,625	0,965060353279114	4690,625	1,4688732624054					4690,625	1,26934969425201	4690,625	1,50327634811401					4690,625	1,41308057308197	4690,625	1,37520658969879					4690,625	1,53698635101318	4690,625	0,867700695991516					4690,625	0,856239855289459	4690,625	0,453468561172485					4690,625	0,589464724063873	4690,625	0,324103116989136					4690,625	0,138543799519539	4690,625	0,116682641208172					4690,625	0,32105016708374	
4693,75	0,460649192333221					4693,75	0,968977868556976	4693,75	1,47190988063812					4693,75	1,27090537548065	4693,75	1,50367653369904					4693,75	1,41251373291016	4693,75	1,37510633468628					4693,75	1,53835213184357	4693,75	0,8692387342453					4693,75	0,857208549976349	4693,75	0,449805557727814					4693,75	0,5899418592453	4693,75	0,323157966136932					4693,75	0,140345603227615	4693,75	0,114838406443596					4693,75	0,319072902202606	
4696,875	0,460073381662369					4696,875	0,971911191940308	4696,875	1,47268044948578					4696,875	1,27349781990051	4696,875	1,50384640693665					4696,875	1,41179811954498	4696,875	1,37471759319305					4696,875	1,53972780704498	4696,875	0,874144315719604					4696,875	0,859692275524139	4696,875	0,448599845170975					4696,875	0,592009007930756	4696,875	0,319935411214828					4696,875	0,141520366072655	4696,875	0,11242138594389					4696,875	0,318977206945419	
4700	0,459387123584747					4700	0,972659587860107	4700	1,474369764328					4700	1,27802050113678	4700	1,50803780555725					4700	1,41384637355804	4700	1,37547051906586					4700	1,53985249996185	4700	0,877162933349609					4700	0,864335954189301	4700	0,452368706464767					4700	0,592310607433319	4700	0,321545988321304					4700	0,142213955521584	4700	0,113508678972721					4700	0,320466458797455	
4703,125	0,461965322494507					4703,125	0,974999248981476	4703,125	1,47570192813873					4703,125	1,27930593490601	4703,125	1,50815260410309					4703,125	1,41388630867004	4703,125	1,37634193897247					4703,125	1,54221343994141	4703,125	0,880552709102631					4703,125	0,86767715215683	4703,125	0,452325850725174					4703,125	0,591257929801941	4703,125	0,320895224809647					4703,125	0,145435899496078	4703,125	0,114295601844788					4703,125	0,318912982940674	
4706,25	0,463605314493179					4706,25	0,977174341678619	4706,25	1,4753919839859					4706,25	1,28209626674652	4706,25	1,5064857006073					4706,25	1,41452372074127	4706,25	1,37652695178986					4706,25	1,54400205612183	4706,25	0,883037805557251					4706,25	0,867697596549988	4706,25	0,452379703521729					4706,25	0,592288553714752	4706,25	0,321153968572617					4706,25	0,148120731115341	4706,25	0,11518444865942					4706,25	0,316241949796677	
4709,375	0,463399320840836					4709,375	0,977602958679199	4709,375	1,47466862201691					4709,375	1,28158593177795	4709,375	1,50599539279938					4709,375	1,41468441486359	4709,375	1,37710690498352					4709,375	1,544877409935	4709,375	0,882706344127655					4709,375	0,866268396377563	4709,375	0,450951188802719					4709,375	0,592565178871155	4709,375	0,320773720741272					4709,375	0,150400742888451	4709,375	0,115698598325253					4709,375	0,316382110118866	
4712,5	0,463979214429855					4712,5	0,984016835689545	4712,5	1,47875487804413					4712,5	1,28721141815186	4712,5	1,5105847120285					4712,5	1,41704952716827	4712,5	1,37668013572693					4712,5	1,5482542514801	4712,5	0,892707884311676					4712,5	0,871675193309784	4712,5	0,452193409204483					4712,5	0,596873760223389	4712,5	0,31882044672966					4712,5	0,153225496411324	4712,5	0,115897879004478					4712,5	0,316037267446518	
4715,625	0,463558614253998					4715,625	0,98337584733963	4715,625	1,47976851463318					4715,625	1,28788840770721	4715,625	1,5101330280304					4715,625	1,41719436645508	4715,625	1,37702548503876					4715,625	1,54945063591003	4715,625	0,893706679344177					4715,625	0,872742176055908	4715,625	0,455747038125992					4715,625	0,596457898616791	4715,625	0,320921212434769					4715,625	0,155579745769501	4715,625	0,116249032318592					4715,625	0,318060308694839	
4718,75	0,467298239469528					4718,75	0,989606022834778	4718,75	1,47907447814941					4718,75	1,29168021678925	4718,75	1,50883495807648					4718,75	1,41912281513214	4718,75	1,3783586025238					4718,75	1,54811036586761	4718,75	0,899522662162781					4718,75	0,875013291835785	4718,75	0,45172306895256					4718,75	0,596245229244232	4718,75	0,319858103990555					4718,75	0,158137515187263	4718,75	0,115615025162697					4718,75	0,319225907325745	
4721,875	0,469412237405777					4721,875	0,993399560451508	4721,875	1,48313355445862					4721,875	1,29670989513397	4721,875	1,51055514812469					4721,875	1,42060780525208	4721,875	1,37833392620087					4721,875	1,54901874065399	4721,875	0,905168294906616					4721,875	0,879803955554962	4721,875	0,451143115758896					4721,875	0,599624037742615	4721,875	0,318713933229446					4721,875	0,159072667360306	4721,875	0,115483917295933					4721,875	0,317374110221863	
4725	0,468101769685745					4725	0,992824971675873	4725	1,4842756986618					4725	1,2988053560257	4725	1,51124227046967					4725	1,42260456085205	4725	1,37734436988831					4725	1,55075824260712	4725	0,907538890838623					4725	0,882588863372803	4725	0,453745752573013					4725	0,60214763879776	4725	0,318994104862213					4725	0,161086112260818	4725	0,116372160613537					4725	0,317937582731247	
4728,125	0,469776660203934					4728,125	0,996093034744263	4728,125	1,48378312587738					4728,125	1,30148363113403	4728,125	1,51098251342773					4728,125	1,42573690414429	4728,125	1,37704920768738					4728,125	1,55137145519257	4728,125	0,911502718925476					4728,125	0,884729325771332	4728,125	0,454867839813232					4728,125	0,602063357830048	4728,125	0,319741517305374					4728,125	0,163662225008011	4728,125	0,117570251226425					4728,125	0,316922903060913	
4731,25	0,469959408044815					4731,25	0,998292565345764	4731,25	1,48568630218506					4731,25	1,3041433095932	4731,25	1,51154398918152					4731,25	1,43063735961914	4731,25	1,37841796875					4731,25	1,55190527439117	4731,25	0,916386246681213					4731,25	0,887299478054047	4731,25	0,455340355634689					4731,25	0,603823661804199	4731,25	0,319836974143982					4731,25	0,165673851966858	4731,25	0,116469085216522					4731,25	0,316573530435562	
4734,375	0,47303307056427					4734,375	1,00102734565735	4734,375	1,48600006103516					4734,375	1,30784916877747	4734,375	1,51247882843018					4734,375	1,43282401561737	4734,375	1,37854063510895					4734,375	1,55515551567078	4734,375	0,91951709985733					4734,375	0,888958990573883	4734,375	0,456176906824112					4734,375	0,604074537754059	4734,375	0,320523083209991					4734,375	0,167748764157295	4734,375	0,117779158055782					4734,375	0,318953663110733	
4737,5	0,475945174694061					4737,5	1,00158488750458	4737,5	1,48747730255127					4737,5	1,31241536140442	4737,5	1,51401209831238					4737,5	1,43504917621613	4737,5	1,37766516208649					4737,5	1,55823767185211	4737,5	0,923528492450714					4737,5	0,892142772674561	4737,5	0,456332266330719					4737,5	0,604261875152588	4737,5	0,322461158037186					4737,5	0,169910579919815	4737,5	0,12020006030798					4737,5	0,321602433919907	
4740,625	0,475162416696548					4740,625	1,00105321407318	4740,625	1,48894345760345					4740,625	1,31554698944092	4740,625	1,51525664329529					4740,625	1,43919765949249	4740,625	1,37720608711243					4740,625	1,55756044387817	4740,625	0,927282571792603					4740,625	0,895199596881866	4740,625	0,458713114261627					4740,625	0,607340395450592	4740,625	0,322129964828491					4740,625	0,171019479632378	4740,625	0,118612580001354					4740,625	0,32123264670372	
4743,75	0,483239829540253					4743,75	1,00775921344757	4743,75	1,49002659320831					4743,75	1,32026898860931	4743,75	1,51824164390564					4743,75	1,44175088405609	4743,75	1,37771344184875					4743,75	1,55889570713043	4743,75	0,930498600006104					4743,75	0,895818471908569	4743,75	0,461074113845825					4743,75	0,606245577335358	4743,75	0,320662200450897					4743,75	0,172951638698578	4743,75	0,118230596184731					4743,75	0,319451808929443	
4746,875	0,482653379440308					4746,875	1,01438724994659	4746,875	1,49298965930939					4746,875	1,32388412952423	4746,875	1,52191042900085					4746,875	1,44672012329102	4746,875	1,3800106048584					4746,875	1,56110966205597	4746,875	0,936064183712006					4746,875	0,903506994247437	4746,875	0,463250160217285					4746,875	0,607898890972137	4746,875	0,322308868169785					4746,875	0,169144704937935	4746,875	0,121124431490898					4746,875	0,319429934024811	
4750	0,482705146074295					4750	1,01568984985352	4750	1,49461340904236					4750	1,33041536808014	4750	1,52317142486572					4750	1,45028078556061	4750	1,3809562921524					4750	1,56189906597137	4750	0,939415335655212					4750	0,905497372150421	4750	0,464201122522354					4750	0,606795251369476	4750	0,322181195020676					4750	0,169006928801537	4750	0,12096992880106					4750	0,32263371348381	
4753,125	0,482626020908356					4753,125	1,01892757415771	4753,125	1,49948668479919					4753,125	1,33785915374756	4753,125	1,52487432956696					4753,125	1,45239973068237	4753,125	1,38056302070618					4753,125	1,56734883785248	4753,125	0,950116515159607					4753,125	0,915155053138733	4753,125	0,468852698802948					4753,125	0,610272526741028	4753,125	0,320968270301819					4753,125	0,171212524175644	4753,125	0,123080961406231					4753,125	0,320315718650818	
4756,25	0,490115344524384					4756,25	1,02585327625275	4756,25	1,50153791904449					4756,25	1,34022343158722	4756,25	1,52575206756592					4756,25	1,45639538764954	4756,25	1,38023805618286					4756,25	1,56738221645355	4756,25	0,951514482498169					4756,25	0,912861764431	4756,25	0,464536219835281					4756,25	0,608105003833771	4756,25	0,321033716201782					4756,25	0,169854775071144	4756,25	0,123311117291451					4756,25	0,319306582212448	
4759,375	0,488512516021729					4759,375	1,02713477611542	4759,375	1,50231873989105					4759,375	1,34488081932068	4759,375	1,52714407444					4759,375	1,4614075422287	4759,375	1,38076114654541					4759,375	1,56810712814331	4759,375	0,952205359935761					4759,375	0,915410995483398	4759,375	0,465505957603455					4759,375	0,607979536056519	4759,375	0,321524202823639					4759,375	0,169424638152122	4759,375	0,122768267989159					4759,375	0,319287359714508	
4762,5	0,494252383708954					4762,5	1,03166830539703	4762,5	1,50438594818115					4762,5	1,35014522075653	4762,5	1,529048204422					4762,5	1,46258568763733	4762,5	1,38205540180206					4762,5	1,56989538669586	4762,5	0,956381380558014					4762,5	0,917688846588135	4762,5	0,467255115509033					4762,5	0,604259133338928	4762,5	0,320305526256561					4762,5	0,169069856405258	4762,5	0,124824821949005					4762,5	0,319645971059799	
4765,625	0,491655021905899					4765,625	1,0279381275177	4765,625	1,50197577476501					4765,625	1,34766578674316	4765,625	1,52881753444672					4765,625	1,46361696720123	4765,625	1,38432192802429					4765,625	1,57003831863403	4765,625	0,95428067445755					4765,625	0,921195924282074	4765,625	0,471100926399231					4765,625	0,605099201202393	4765,625	0,328606218099594					4765,625	0,171493977308273	4765,625	0,126060590147972					4765,625	0,323312133550644	
4768,75	0,497211039066315					4768,75	1,04267263412476	4768,75	1,51293098926544					4768,75	1,35772252082825	4768,75	1,53107583522797					4768,75	1,4655179977417	4768,75	1,38201010227203					4768,75	1,57772636413574	4768,75	0,968950390815735					4768,75	0,927080035209656	4768,75	0,471309125423431					4768,75	0,605344712734222	4768,75	0,320063441991806					4768,75	0,16714645922184	4768,75	0,126481175422668					4768,75	0,321375101804733	
4771,875	0,500495910644531					4771,875	1,04453420639038	4771,875	1,51266551017761					4771,875	1,35760974884033	4771,875	1,52875161170959					4771,875	1,46873378753662	4771,875	1,38258183002472					4771,875	1,57803106307983	4771,875	0,967451930046082					4771,875	0,924120903015137	4771,875	0,474151849746704					4771,875	0,60089248418808	4771,875	0,323405683040619					4771,875	0,167798265814781	4771,875	0,129246518015862					4771,875	0,321821957826614	
4775	0,504418611526489					4775	1,04813981056213	4775	1,51418220996857					4775	1,36088979244232	4775	1,52940738201141					4775	1,46997392177582	4775	1,38214719295502					4775	1,57723820209503	4775	0,969133734703064					4775	0,925009906291962	4775	0,47541144490242					4775	0,597902417182922	4775	0,32286924123764					4775	0,1686130464077	4775	0,130650162696838					4775	0,321748077869415	
4778,125	0,505536735057831					4778,125	1,05122923851013	4778,125	1,51786124706268					4778,125	1,36279034614563	4778,125	1,53103768825531					4778,125	1,47315418720245	4778,125	1,38241755962372					4778,125	1,58088672161102	4778,125	0,972738206386566					4778,125	0,92989856004715	4778,125	0,478004723787308					4778,125	0,59845095872879	4778,125	0,322548896074295					4778,125	0,16784605383873	4778,125	0,130289822816849					4778,125	0,322623908519745	
4781,25	0,506528377532959					4781,25	1,05268967151642	4781,25	1,52047121524811					4781,25	1,36333203315735	4781,25	1,53236699104309					4781,25	1,47452116012573	4781,25	1,38331723213196					4781,25	1,58277666568756	4781,25	0,974375605583191					4781,25	0,932533264160156	4781,25	0,481143414974213					4781,25	0,600415110588074	4781,25	0,323567658662796					4781,25	0,168030872941017	4781,25	0,131654500961304					4781,25	0,324540495872498	
4784,375	0,510808765888214					4784,375	1,05756664276123	4784,375	1,52382349967957					4784,375	1,36566698551178	4784,375	1,53300857543945					4784,375	1,47651875019073	4784,375	1,38597059249878					4784,375	1,58290898799896	4784,375	0,978358626365662					4784,375	0,935666978359222	4784,375	0,48482757806778					4784,375	0,598503410816193	4784,375	0,327349573373795					4784,375	0,167144790291786	4784,375	0,134398221969604					4784,375	0,327521532773972	
4787,5	0,508706629276276					4787,5	1,06388068199158	4787,5	1,53210508823395					4787,5	1,37021315097809	4787,5	1,53437113761902					4787,5	1,48035883903503	4787,5	1,38645803928375					4787,5	1,5865935087204	4787,5	0,98610520362854					4787,5	0,937304973602295	4787,5	0,483293056488037					4787,5	0,59952038526535	4787,5	0,324927657842636					4787,5	0,168193370103836	4787,5	0,135687470436096					4787,5	0,327722251415253	
4790,625	0,512772381305695					4790,625	1,06615591049194	4790,625	1,53178012371063					4790,625	1,36712765693665	4790,625	1,53209722042084					4790,625	1,48180115222931	4790,625	1,38844704627991					4790,625	1,58681428432465	4790,625	0,980401337146759					4790,625	0,928472757339478	4790,625	0,484086722135544					4790,625	0,594199657440186	4790,625	0,327033311128616					4790,625	0,169867664575577	4790,625	0,138139337301254					4790,625	0,328477174043655	
4793,75	0,51593554019928					4793,75	1,07181668281555	4793,75	1,53674530982971					4793,75	1,36854326725006	4793,75	1,53488349914551					4793,75	1,48331999778748	4793,75	1,38844048976898					4793,75	1,58918929100037	4793,75	0,984815955162048					4793,75	0,937210321426392	4793,75	0,48316764831543					4793,75	0,592612981796265	4793,75	0,32575124502182					4793,75	0,169434830546379	4793,75	0,140840128064156					4793,75	0,326969981193542	
4796,875	0,515291690826416					4796,875	1,07118844985962	4796,875	1,54031705856323					4796,875	1,36941611766815	4796,875	1,53745377063751					4796,875	1,4860543012619	4796,875	1,38901829719543					4796,875	1,59550404548645	4796,875	0,98754346370697					4796,875	0,93868213891983	4796,875	0,486005991697311					4796,875	0,595780670642853	4796,875	0,326623439788818					4796,875	0,168647840619087	4796,875	0,143360525369644					4796,875	0,32896676659584	
4800	0,511725068092346					4800	1,06902503967285	4800	1,54361116886139					4800	1,3665953874588	4800	1,53878438472748					4800	1,48724925518036	4800	1,39059615135193					4800	1,59787952899933	4800	0,98809951543808					4800	0,938801109790802	4800	0,487746298313141					4800	0,597729444503784	4800	0,328790158033371					4800	0,169771358370781	4800	0,145297974348068					4800	0,332016587257385	
4803,125	0,510312676429749					4803,125	1,07255327701569	4803,125	1,54642581939697					4803,125	1,36788153648376	4803,125	1,53926622867584					4803,125	1,48967170715332	4803,125	1,39132177829742					4803,125	1,59930038452148	4803,125	0,995278418064117					4803,125	0,946879327297211	4803,125	0,489661574363709					4803,125	0,601283550262451	4803,125	0,331242203712463					4803,125	0,170859470963478	4803,125	0,149083122611046					4803,125	0,335349202156067	
4806,25	0,510408759117126					4806,25	1,07753205299377	4806,25	1,55141913890839					4806,25	1,37295687198639	4806,25	1,53887093067169					4806,25	1,49333477020264	4806,25	1,39299058914185					4806,25	1,59986436367035	4806,25	1,00084149837494					4806,25	0,952273547649384	4806,25	0,488846302032471					4806,25	0,6022127866745	4806,25	0,33313649892807					4806,25	0,171542719006538	4806,25	0,151155069470406					4806,25	0,334685444831848	
4809,375	0,515865862369537					4809,375	1,08466553688049	4809,375	1,55474269390106					4809,375	1,37298047542572	4809,375	1,5399272441864					4809,375	1,49475932121277	4809,375	1,39654207229614					4809,375	1,60212004184723	4809,375	1,00350201129913					4809,375	0,950814187526703	4809,375	0,486343413591385					4809,375	0,604011535644531	4809,375	0,332554668188095					4809,375	0,169936537742615	4809,375	0,152821436524391					4809,375	0,334038823843002	
4812,5	0,517888367176056					4812,5	1,08741581439972	4812,5	1,55728852748871					4812,5	1,3745025396347	4812,5	1,5422248840332					4812,5	1,49390578269958	4812,5	1,4006906747818					4812,5	1,6035350561142	4812,5	1,00440287590027					4812,5	0,951636791229248	4812,5	0,485978335142136					4812,5	0,603405356407166	4812,5	0,331767320632935					4812,5	0,170681580901146	4812,5	0,156031295657158					4812,5	0,33393207192421	
4815,625	0,521344125270844					4815,625	1,09345698356628	4815,625	1,56485724449158					4815,625	1,38058185577393	4815,625	1,54376459121704					4815,625	1,49746704101563	4815,625	1,40463888645172					4815,625	1,60739660263062	4815,625	1,01241111755371					4815,625	0,956178247928619	4815,625	0,483669012784958					4815,625	0,607123792171478	4815,625	0,335042417049408					4815,625	0,17205972969532	4815,625	0,158429384231567					4815,625	0,332379221916199	
4818,75	0,51957368850708					4818,75	1,09287476539612	4818,75	1,56540715694427					4818,75	1,37958061695099	4818,75	1,54442763328552					4818,75	1,49855756759644	4818,75	1,40898048877716					4818,75	1,61185348033905	4818,75	1,0127979516983					4818,75	0,959120213985443	4818,75	0,485395848751068					4818,75	0,611218273639679	4818,75	0,338019877672195					4818,75	0,174073681235313	4818,75	0,160032793879509					4818,75	0,336424291133881	
4821,875	0,518226861953735					4821,875	1,09376955032349	4821,875	1,56533312797546					4821,875	1,37975013256073	4821,875	1,5445169210434					4821,875	1,49919486045837	4821,875	1,41260874271393					4821,875	1,61368727684021	4821,875	1,0136444568634					4821,875	0,959656119346619	4821,875	0,485670864582062					4821,875	0,61457496881485	4821,875	0,338377267122269					4821,875	0,17390413582325	4821,875	0,159505978226662					4821,875	0,340679168701172	
4825	0,516433417797089					4825	1,09192717075348	4825	1,56712210178375					4825	1,38044548034668	4825	1,54401278495789					4825	1,5020352602005	4825	1,41502165794373					4825	1,61380064487457	4825	1,01485002040863					4825	0,961679458618164	4825	0,485130399465561					4825	0,616313695907593	4825	0,339050620794296					4825	0,175240725278854	4825	0,157605767250061					4825	0,342288494110107	
4828,125	0,520029783248901					4828,125	1,09187304973602	4828,125	1,56659340858459					4828,125	1,38204419612885	4828,125	1,54344487190247					4828,125	1,50363945960999	4828,125	1,41614890098572					4828,125	1,61357486248016	4828,125	1,01490890979767					4828,125	0,960263669490814	4828,125	0,484955459833145					4828,125	0,616161823272705	4828,125	0,340952634811401					4828,125	0,175315648317337	4828,125	0,151839897036552					4828,125	0,339296907186508	
4831,25	0,523384094238281					4831,25	1,1030421257019	4831,25	1,57256627082825					4831,25	1,38737416267395	4831,25	1,54527688026428					4831,25	1,50788021087646	4831,25	1,41702198982239					4831,25	1,62259590625763	4831,25	1,02662813663483					4831,25	0,962808012962341	4831,25	0,482770979404449					4831,25	0,622694671154022	4831,25	0,343137711286545					4831,25	0,174941033124924	4831,25	0,148283541202545					4831,25	0,340427696704865	
4834,375	0,523963809013367					4834,375	1,1045389175415	4834,375	1,57410275936127					4834,375	1,38667285442352	4834,375	1,54688000679016					4834,375	1,50912082195282	4834,375	1,41499662399292					4834,375	1,62435114383698	4834,375	1,02713572978973					4834,375	0,968186557292938	4834,375	0,484547138214111					4834,375	0,622126877307892	4834,375	0,347064614295959					4834,375	0,176592335104942	4834,375	0,15009206533432					4834,375	0,345565438270569	
4837,5	0,521405577659607					4837,5	1,10430514812469	4837,5	1,5757964849472					4837,5	1,39063656330109	4837,5	1,54770410060883					4837,5	1,51251184940338	4837,5	1,41366791725159					4837,5	1,62492406368256	4837,5	1,02896916866302					4837,5	0,973861157894135	4837,5	0,4851293861866					4837,5	0,626662850379944	4837,5	0,350011438131332					4837,5	0,17793969810009	4837,5	0,150217682123184					4837,5	0,345394462347031	
4840,625	0,51977550983429					4840,625	1,10869741439819	4840,625	1,57749152183533					4840,625	1,39508235454559	4840,625	1,54933786392212					4840,625	1,51514303684235	4840,625	1,41357254981995					4840,625	1,62781023979187	4840,625	1,03271400928497					4840,625	0,977278232574463	4840,625	0,484252363443375					4840,625	0,631002247333527	4840,625	0,351808220148087					4840,625	0,178709760308266	4840,625	0,153264254331589					4840,625	0,343728810548782	
4843,75	0,518039464950562					4843,75	1,1121906042099	4843,75	1,5765289068222					4843,75	1,39558708667755	4843,75	1,54905343055725					4843,75	1,51731812953949	4843,75	1,41135251522064					4843,75	1,63109350204468	4843,75	1,03315424919128					4843,75	0,978460669517517	4843,75	0,485427737236023					4843,75	0,632506668567657	4843,75	0,354115098714828					4843,75	0,179493799805641	4843,75	0,155250698328018					4843,75	0,345126032829285	
4846,875	0,516756474971771					4846,875	1,11743950843811	4846,875	1,57848417758942					4846,875	1,39891946315765	4846,875	1,55092298984528					4846,875	1,51844811439514	4846,875	1,41046178340912					4846,875	1,63500952720642	4846,875	1,03781831264496					4846,875	0,980448961257935	4846,875	0,487516641616821					4846,875	0,633410274982452	4846,875	0,358843773603439					4846,875	0,184197619557381	4846,875	0,156186148524284					4846,875	0,350232839584351	
4850	0,510380268096924					4850	1,12012135982513	4850	1,5816308259964					4850	1,40220057964325	4850	1,55236220359802					4850	1,5196179151535	4850	1,41326355934143					4850	1,63905906677246	4850	1,04261755943298					4850	0,986266076564789	4850	0,48805445432663					4850	0,636041939258575	4850	0,360210478305817					4850	0,185670658946037	4850	0,156942516565323					4850	0,351906269788742	
4853,125	0,500340282917023					4853,125	1,12047159671783	4853,125	1,58352518081665					4853,125	1,40455341339111	4853,125	1,55135488510132					4853,125	1,52501273155212	4853,125	1,41382873058319					4853,125	1,64382183551788	4853,125	1,04933571815491					4853,125	0,989396572113037	4853,125	0,489140123128891					4853,125	0,641103208065033	4853,125	0,362414985895157					4853,125	0,186414018273354	4853,125	0,158458471298218					4853,125	0,354381233453751	
4856,25	0,501714169979095					4856,25	1,12351548671722	4856,25	1,58012461662292					4856,25	1,40805661678314	4856,25	1,55085182189941					4856,25	1,52653884887695	4856,25	1,41046500205994					4856,25	1,64370453357697	4856,25	1,06027150154114					4856,25	0,987391531467438	4856,25	0,488294661045074					4856,25	0,642892479896545	4856,25	0,363858252763748					4856,25	0,186672031879425	4856,25	0,162378162145615					4856,25	0,353717058897018	
4859,375	0,503172814846039					4859,375	1,12985157966614	4859,375	1,58367276191711					4859,375	1,41177546977997	4859,375	1,55432212352753					4859,375	1,52841746807098	4859,375	1,41202187538147					4859,375	1,64956891536713	4859,375	1,07530641555786					4859,375	0,993299186229706	4859,375	0,492790848016739					4859,375	0,643400311470032	4859,375	0,368412137031555					4859,375	0,186600595712662	4859,375	0,164491698145866					4859,375	0,357957929372787	
4862,5	0,500780463218689					4862,5	1,13036668300629	4862,5	1,58394050598145					4862,5	1,41023433208466	4862,5	1,55719864368439					4862,5	1,53105115890503	4862,5	1,4114750623703					4862,5	1,65541446208954	4862,5	1,08543479442596					4862,5	0,999816596508026	4862,5	0,496853142976761					4862,5	0,644818782806396	4862,5	0,371747195720673					4862,5	0,189079880714417	4862,5	0,16551285982132					4862,5	0,36083197593689	
4865,625	0,51517641544342					4865,625	1,14031291007996	4865,625	1,58715462684631					4865,625	1,41559374332428	4865,625	1,55884158611298					4865,625	1,5340781211853	4865,625	1,41241633892059					4865,625	1,65717661380768	4865,625	1,0888876914978					4865,625	0,996874928474426	4865,625	0,495869398117065					4865,625	0,646819114685059	4865,625	0,373369723558426					4865,625	0,188918471336365	4865,625	0,167845547199249					4865,625	0,358339160680771	
4868,75	0,514930605888367					4868,75	1,14608407020569	4868,75	1,59390902519226					4868,75	1,42181944847107	4868,75	1,55745995044708					4868,75	1,53762829303741	4868,75	1,41392230987549					4868,75	1,66010355949402	4868,75	1,09659326076508					4868,75	0,996541619300842	4868,75	0,496682822704315					4868,75	0,650592446327209	4868,75	0,375710785388947					4868,75	0,194011062383652	4868,75	0,171083927154541					4868,75	0,360448211431503	
4871,875	0,520500123500824					4871,875	1,14664387702942	4871,875	1,59292018413544					4871,875	1,4220997095108	4871,875	1,55808889865875					4871,875	1,53896248340607	4871,875	1,41615724563599					4871,875	1,65864300727844	4871,875	1,09363341331482					4871,875	0,992633879184723	4871,875	0,498000979423523					4871,875	0,649620175361633	4871,875	0,378695458173752					4871,875	0,195794388651848	4871,875	0,172315269708633					4871,875	0,36202597618103	
4875	0,523114264011383					4875	1,15312957763672	4875	1,59062325954437					4875	1,42371106147766	4875	1,55929732322693					4875	1,53820645809174	4875	1,41405189037323					4875	1,66348874568939	4875	1,10613834857941					4875	0,991786777973175	4875	0,501114964485168					4875	0,652929902076721	4875	0,382329136133194					4875	0,19868491590023	4875	0,174516305327415					4875	0,364031255245209	
4878,125	0,518261313438416					4878,125	1,14892601966858	4878,125	1,59256780147552					4878,125	1,41731798648834	4878,125	1,55825531482697					4878,125	1,54494690895081	4878,125	1,41378653049469					4878,125	1,67103362083435	4878,125	1,10551834106445					4878,125	0,99299156665802	4878,125	0,505150556564331					4878,125	0,658321082592011	4878,125	0,390997558832169					4878,125	0,205582991242409	4878,125	0,178587183356285					4878,125	0,371483027935028	
4881,25	0,522546827793121					4881,25	1,15355885028839	4881,25	1,59806561470032					4881,25	1,42241621017456	4881,25	1,5626574754715					4881,25	1,55009400844574	4881,25	1,41645669937134					4881,25	1,67353904247284	4881,25	1,11516487598419					4881,25	0,992592751979828	4881,25	0,504118025302887					4881,25	0,663635671138763	4881,25	0,391652047634125					4881,25	0,205821827054024	4881,25	0,178261801600456					4881,25	0,373004168272018	
4884,375	0,526262044906616					4884,375	1,15088987350464	4884,375	1,59898507595062					4884,375	1,42843127250671	4884,375	1,5671135187149					4884,375	1,55370688438416	4884,375	1,41868412494659					4884,375	1,67762506008148	4884,375	1,12221419811249					4884,375	0,992231488227844	4884,375	0,505570411682129					4884,375	0,665967106819153	4884,375	0,397011429071426					4884,375	0,207822352647781	4884,375	0,179749965667725					4884,375	0,372874051332474	
4887,5	0,522771716117859					4887,5	1,14430916309357	4887,5	1,59848976135254					4887,5	1,42681801319122	4887,5	1,56772828102112					4887,5	1,55606198310852	4887,5	1,41812014579773					4887,5	1,67809152603149	4887,5	1,12612497806549					4887,5	0,992633819580078	4887,5	0,50890177488327					4887,5	0,669244706630707	4887,5	0,402367025613785					4887,5	0,20867732167244	4887,5	0,180185705423355					4887,5	0,37708443403244	
4890,625	0,514844179153442					4890,625	1,13651239871979	4890,625	1,60009932518005					4890,625	1,42280066013336	4890,625	1,56964194774628					4890,625	1,56036031246185	4890,625	1,41489624977112					4890,625	1,6786173582077	4890,625	1,13235807418823					4890,625	0,997291445732117	4890,625	0,516480565071106					4890,625	0,678003907203674	4890,625	0,408080905675888					4890,625	0,214182958006859	4890,625	0,181694656610489					4890,625	0,389501810073853	
4893,75	0,522288620471954					4893,75	1,1432443857193	4893,75	1,6033376455307					4893,75	1,43115794658661	4893,75	1,57131958007813					4893,75	1,56517791748047	4893,75	1,41507303714752					4893,75	1,68219900131226	4893,75	1,14141297340393					4893,75	1,00366723537445	4893,75	0,515681803226471					4893,75	0,680347859859467	4893,75	0,411927819252014					4893,75	0,214206367731094	4893,75	0,184478282928467					4893,75	0,39364555478096	
4896,875	0,521298050880432					4896,875	1,14435529708862	4896,875	1,60537421703339					4896,875	1,43541896343231	4896,875	1,57507789134979					4896,875	1,56733775138855	4896,875	1,41552066802979					4896,875	1,68936741352081	4896,875	1,14523530006409					4896,875	1,00743007659912	4896,875	0,51382315158844					4896,875	0,684511601924896	4896,875	0,413462519645691					4896,875	0,214323192834854	4896,875	0,184919506311417					4896,875	0,400173842906952	
4900	0,528245031833649					4900	1,14642608165741	4900	1,60613226890564					4900	1,43844592571259	4900	1,57854855060577					4900	1,57056903839111	4900	1,41104173660278					4900	1,70032489299774	4900	1,1556304693222					4900	1,01159799098969	4900	0,513589262962341					4900	0,684877157211304	4900	0,417488038539886					4900	0,214581370353699	4900	0,18581035733223					4900	0,399518132209778	
4903,125	0,527115106582642					4903,125	1,14821541309357	4903,125	1,60445249080658					4903,125	1,44359982013702	4903,125	1,57968080043793					4903,125	1,57439494132996	4903,125	1,40840935707092					4903,125	1,70879817008972	4903,125	1,16093897819519					4903,125	1,01701891422272	4903,125	0,520078301429749					4903,125	0,693234205245972	4903,125	0,421563416719437					4903,125	0,21849824488163	4903,125	0,189990684390068					4903,125	0,402014791965485	
4906,25	0,527774810791016					4906,25	1,14876306056976	4906,25	1,60806488990784					4906,25	1,4493088722229	4906,25	1,58315479755402					4906,25	1,57871425151825	4906,25	1,40808773040771					4906,25	1,71524727344513	4906,25	1,16640841960907					4906,25	1,02045226097107	4906,25	0,521100521087646					4906,25	0,69775664806366	4906,25	0,425831377506256					4906,25	0,221379205584526	4906,25	0,192458391189575					4906,25	0,404770582914352	
4909,375	0,527246057987213					4909,375	1,14982068538666	4909,375	1,60944736003876					4909,375	1,45120358467102	4909,375	1,58588635921478					4909,375	1,58108496665955	4909,375	1,40324676036835					4909,375	1,72031247615814	4909,375	1,17281401157379					4909,375	1,02636325359344	4909,375	0,52379697561264					4909,375	0,701270759105682	4909,375	0,431620657444					4909,375	0,225411042571068	4909,375	0,198041036725044					4909,375	0,406265705823898	
4912,5	0,529721677303314					4912,5	1,15236759185791	4912,5	1,61079573631287					4912,5	1,45626676082611	4912,5	1,59003937244415					4912,5	1,58623397350311	4912,5	1,39888453483582					4912,5	1,72516131401062	4912,5	1,18198394775391					4912,5	1,02945232391357	4912,5	0,526042103767395					4912,5	0,704336166381836	4912,5	0,431293547153473					4912,5	0,226139575242996	4912,5	0,204421147704124					4912,5	0,404862493276596	
4915,625	0,528961360454559					4915,625	1,15303611755371	4915,625	1,61441612243652					4915,625	1,46277177333832	4915,625	1,59509563446045					4915,625	1,59186816215515	4915,625	1,39669764041901					4915,625	1,73577344417572	4915,625	1,19239366054535					4915,625	1,03588926792145	4915,625	0,526908695697784					4915,625	0,712091028690338	4915,625	0,436042785644531					4915,625	0,228105813264847	4915,625	0,209073573350906					4915,625	0,407875567674637	
4918,75	0,52788233757019					4918,75	1,15318155288696	4918,75	1,61678981781006					4918,75	1,46470463275909	4918,75	1,59880650043488					4918,75	1,59360921382904	4918,75	1,39501619338989					4918,75	1,7401340007782	4918,75	1,1968115568161					4918,75	1,03955447673798	4918,75	0,531759142875671					4918,75	0,718632221221924	4918,75	0,441709905862808					4918,75	0,233106628060341	4918,75	0,216323405504227					4918,75	0,411547303199768	
4921,875	0,532234668731689					4921,875	1,15626740455627	4921,875	1,61770415306091					4921,875	1,46604800224304	4921,875	1,60170793533325					4921,875	1,59646463394165	4921,875	1,39594745635986					4921,875	1,74202299118042	4921,875	1,20129144191742					4921,875	1,03991878032684	4921,875	0,536300480365753					4921,875	0,720841348171234	4921,875	0,44450718164444					4921,875	0,236671343445778	4921,875	0,223242029547691					4921,875	0,414149433374405	
4925	0,533589661121368					4925	1,1598311662674	4925	1,61608338356018					4925	1,46924042701721	4925	1,6026417016983					4925	1,6021317243576	4925	1,3949122428894					4925	1,74981582164764	4925	1,21267807483673					4925	1,04262816905975	4925	0,539328336715698					4925	0,723333060741425	4925	0,444175153970718					4925	0,240053370594978	4925	0,233701810240746					4925	0,421394646167755	
4928,125	0,533137321472168					4928,125	1,15804731845856	4928,125	1,61710596084595					4928,125	1,47015917301178	4928,125	1,60467553138733					4928,125	1,60645008087158	4928,125	1,39914333820343					4928,125	1,75296664237976	4928,125	1,21330451965332					4928,125	1,0441290140152	4928,125	0,540830254554749					4928,125	0,726682007312775	4928,125	0,448931187391281					4928,125	0,243284165859222	4928,125	0,243438735604286					4928,125	0,425042122602463	
4931,25	0,527775764465332					4931,25	1,15584564208984	4931,25	1,62062764167786					4931,25	1,47220087051392	4931,25	1,60866749286652					4931,25	1,61407494544983	4931,25	1,39604413509369					4931,25	1,76643419265747	4931,25	1,22495293617249					4931,25	1,05065762996674	4931,25	0,546517252922058					4931,25	0,739107728004456	4931,25	0,455173939466476					4931,25	0,250246584415436	4931,25	0,253619492053986					4931,25	0,433739244937897	
4934,375	0,5339475274086					4934,375	1,15933263301849	4934,375	1,62079095840454					4934,375	1,47619926929474	4934,375	1,61391520500183					4934,375	1,61787521839142	4934,375	1,40114831924438					4934,375	1,77414083480835	4934,375	1,23040151596069					4934,375	1,0530412197113	4934,375	0,549927711486816					4934,375	0,740252375602722	4934,375	0,457757174968719					4934,375	0,253753691911697	4934,375	0,259333461523056					4934,375	0,435816586017609	
4937,5	0,531153082847595					4937,5	1,15448248386383	4937,5	1,6221479177475					4937,5	1,4765647649765	4937,5	1,61702597141266					4937,5	1,62384867668152	4937,5	1,40363097190857					4937,5	1,77914834022522	4937,5	1,23203933238983					4937,5	1,05555319786072	4937,5	0,554537177085876					4937,5	0,743684232234955	4937,5	0,462804764509201					4937,5	0,257103741168976	4937,5	0,262550801038742					4937,5	0,44110569357872	
4940,625	0,539930701255798					4940,625	1,16013514995575	4940,625	1,62100946903229					4940,625	1,48394870758057	4940,625	1,61879706382751					4940,625	1,62196111679077	4940,625	1,40150284767151					4940,625	1,78803610801697	4940,625	1,24597454071045					4940,625	1,06308543682098	4940,625	0,556693017482758					4940,625	0,746620118618011	4940,625	0,459695994853973					4940,625	0,261452883481979	4940,625	0,272656917572021					4940,625	0,44216725230217	
4943,75	0,529195964336395					4943,75	1,15587878227234	4943,75	1,62360429763794					4943,75	1,4805428981781	4943,75	1,62111973762512					4943,75	1,63199234008789	4943,75	1,40686619281769					4943,75	1,7954934835434	4943,75	1,24492740631104					4943,75	1,064448595047	4943,75	0,56658548116684					4943,75	0,758284091949463	4943,75	0,467563927173615					4943,75	0,271120250225067	4943,75	0,280403047800064					4943,75	0,45408895611763	
4946,875	0,53021103143692					4946,875	1,15676403045654	4946,875	1,62604188919067					4946,875	1,48299789428711	4946,875	1,62227010726929					4946,875	1,63870251178741	4946,875	1,41218638420105					4946,875	1,8020658493042	4946,875	1,25266778469086					4946,875	1,0658882856369	4946,875	0,569537937641144					4946,875	0,763506174087524	4946,875	0,469508320093155					4946,875	0,269167512655258	4946,875	0,28494668006897					4946,875	0,456902503967285	
4950	0,533050417900085					4950	1,15494847297668	4950	1,6304087638855					4950	1,49146103858948	4950	1,62901842594147					4950	1,64287829399109	4950	1,41117990016937					4950	1,81267130374908	4950	1,26371550559998					4950	1,06915867328644	4950	0,56877613067627					4950	0,76897120475769	4950	0,468338698148727					4950	0,273076057434082	4950	0,291489213705063					4950	0,460729330778122	
4953,125	0,537282168865204					4953,125	1,15365469455719	4953,125	1,63199198246002					4953,125	1,49795520305634	4953,125	1,62964630126953					4953,125	1,65153074264526	4953,125	1,41895973682404					4953,125	1,82115948200226	4953,125	1,2726172208786					4953,125	1,0772225856781	4953,125	0,574396193027496					4953,125	0,77517831325531	4953,125	0,475269675254822					4953,125	0,275219410657883	4953,125	0,295536875724792					4953,125	0,460142940282822	
4956,25	0,532328367233276					4956,25	1,14621913433075	4956,25	1,63398015499115					4956,25	1,49574708938599	4956,25	1,63109183311462					4956,25	1,65626192092896	4956,25	1,4219263792038					4956,25	1,83195233345032	4956,25	1,27842032909393					4956,25	1,08171606063843	4956,25	0,578824639320374					4956,25	0,779450237751007	4956,25	0,477094084024429					4956,25	0,279802411794662	4956,25	0,301157414913177					4956,25	0,464709579944611	
4959,375	0,521512746810913					4959,375	1,13740539550781	4959,375	1,63820242881775					4959,375	1,49763512611389	4959,375	1,6352105140686					4959,375	1,66454601287842	4959,375	1,42584919929504					4959,375	1,84520173072815	4959,375	1,28884446620941					4959,375	1,09309792518616	4959,375	0,586811900138855					4959,375	0,792035043239594	4959,375	0,484297901391983					4959,375	0,286686360836029	4959,375	0,305211842060089					4959,375	0,475143730640411	
4962,5	0,52608847618103					4962,5	1,14214265346527	4962,5	1,64041113853455					4962,5	1,50478291511536	4962,5	1,64129877090454					4962,5	1,67412996292114	4962,5	1,42868840694427					4962,5	1,86078035831451	4962,5	1,30597925186157					4962,5	1,10798621177673	4962,5	0,58982241153717					4962,5	0,801669836044312	4962,5	0,488868325948715					4962,5	0,292632132768631	4962,5	0,310403615236282					4962,5	0,478911221027374	
4965,625	0,525411486625671					4965,625	1,13885748386383	4965,625	1,64492392539978					4965,625	1,50694942474365	4965,625	1,64612889289856					4965,625	1,68028509616852	4965,625	1,4290736913681					4965,625	1,87001430988312	4965,625	1,31534957885742					4965,625	1,11634087562561	4965,625	0,595873653888702					4965,625	0,810090780258179	4965,625	0,489676535129547					4965,625	0,296055048704147	4965,625	0,313676089048386					4965,625	0,484314352273941	
4968,75	0,517415463924408					4968,75	1,13402557373047	4968,75	1,64312505722046					4968,75	1,503533244133	4968,75	1,64563715457916					4968,75	1,68358361721039	4968,75	1,42722821235657					4968,75	1,87965488433838	4968,75	1,32624745368958					4968,75	1,12921321392059	4968,75	0,602478265762329					4968,75	0,819066524505615	4968,75	0,489183276891708					4968,75	0,304410696029663	4968,75	0,318930894136429					4968,75	0,493731796741486	
4971,875	0,517373383045197					4971,875	1,13829982280731	4971,875	1,64799821376801					4971,875	1,50831758975983	4971,875	1,64886724948883					4971,875	1,69611537456512	4971,875	1,43128001689911					4971,875	1,89809548854828	4971,875	1,34129166603088					4971,875	1,1448929309845	4971,875	0,611519932746887					4971,875	0,831789255142212	4971,875	0,497884154319763					4971,875	0,311561584472656	4971,875	0,327296018600464					4971,875	0,499425947666168	
																																																																
