Frequency in Hz	Acrylic_99_HF Sound Absorption Coefficient continuous	Frequency in Hz	Acrylic_99_LF Sound Absorption Coefficient continuous	Frequency in Hz	Acrylic_98_LF Sound Absorption Coefficient continuous	Frequency in Hz	Acrylic_98_HF Sound Absorption Coefficient continuous	Frequency in Hz	Acrylic_96_HF Sound Absorption Coefficient continuous	Frequency in Hz	Acrylic_96_LF Sound Absorption Coefficient continuous	Frequency in Hz	Acrylic_97_LF Sound Absorption Coefficient continuous	Frequency in Hz	Acrylic_97_HF Sound Absorption Coefficient continuous	Frequency in Hz	Acrylic_95_HF Sound Absorption Coefficient continuous	Frequency in Hz	Acrylic_95_LF Sound Absorption Coefficient continuous	Frequency in Hz	Acrylic_94_LF Sound Absorption Coefficient continuous	Frequency in Hz	Acrylic_94_HF Sound Absorption Coefficient continuous	Frequency in Hz	Acrylic_93_HF Sound Absorption Coefficient continuous	Frequency in Hz	Acrylic_93_LF Sound Absorption Coefficient continuous	Frequency in Hz	Acrylic_92_LF Sound Absorption Coefficient continuous	Frequency in Hz	Acrylic_92_HF Sound Absorption Coefficient continuous	Frequency in Hz	Acrylic_99_HF Sound Absorption Coefficient 1/3-octave	Frequency in Hz	Acrylic_99_LF Sound Absorption Coefficient 1/3-octave	Frequency in Hz	Acrylic_98_LF Sound Absorption Coefficient 1/3-octave	Frequency in Hz	Acrylic_98_HF Sound Absorption Coefficient 1/3-octave	Frequency in Hz	Acrylic_96_HF Sound Absorption Coefficient 1/3-octave	Frequency in Hz	Acrylic_96_LF Sound Absorption Coefficient 1/3-octave	Frequency in Hz	Acrylic_97_LF Sound Absorption Coefficient 1/3-octave	Frequency in Hz	Acrylic_97_HF Sound Absorption Coefficient 1/3-octave	Frequency in Hz	Acrylic_95_HF Sound Absorption Coefficient 1/3-octave	Frequency in Hz	Acrylic_95_LF Sound Absorption Coefficient 1/3-octave	Frequency in Hz	Acrylic_94_LF Sound Absorption Coefficient 1/3-octave	Frequency in Hz	Acrylic_94_HF Sound Absorption Coefficient 1/3-octave	Frequency in Hz	Acrylic_93_HF Sound Absorption Coefficient 1/3-octave	Frequency in Hz	Acrylic_93_LF Sound Absorption Coefficient 1/3-octave	Frequency in Hz	Acrylic_92_LF Sound Absorption Coefficient 1/3-octave	Frequency in Hz	Acrylic_92_HF Sound Absorption Coefficient 1/3-octave	
556,25	0,188768364646144	100	0,045511387132969	100	0,0351898748400067	556,25	0,240129512366062	556,25	0,359765158577437	100	0,0398395174553239	100	0,0358490773039175	556,25	0,296400608076313	556,25	0,416860104614336	100	0,0428784915522841	100	0,0413104771229391	556,25	0,458752148886314	556,25	0,481567993562891	100	0,0437896985290491	100	0,0449000103018151	556,25	0,54302270498408	630	0,19739493727684	125	0,0606591440737247	125	0,0523599795997143	630	0,266410619020462	630	0,416628211736679	125	0,0545715689659119	125	0,0526834651827812	630	0,33502209186554	630	0,483099848031998	125	0,0615730173885822	125	0,0624488778412342	630	0,523721396923065	630	0,545801758766174	125	0,0645929500460625	125	0,0673803761601448	630	0,606761932373047	
559,375	0,18735200640983	103,125	0,0441461946532102	103,125	0,0343193723071163	559,375	0,238518230749259	559,375	0,360053532063875	103,125	0,0384402105625299	103,125	0,0354257227003739	559,375	0,296330089042576	559,375	0,417590343599411	103,125	0,0422968033825367	103,125	0,042384970545802	559,375	0,45996466551903	559,375	0,482807336203305	103,125	0,0451361717161461	103,125	0,0442929346243444	559,375	0,544661835168833	800	0,240246593952179	160	0,0723224356770515	160	0,0648384019732475	800	0,356134235858917	800	0,51174932718277	160	0,0686028599739075	160	0,0664875358343124	800	0,417358845472336	800	0,622285544872284	160	0,0790433883666992	160	0,0818745121359825	800	0,652522683143616	800	0,67641693353653	160	0,084663413465023	160	0,0913494676351547	800	0,722329020500183	
562,5	0,180431618282447	106,25	0,0370531092919337	106,25	0,0284116127901143	562,5	0,231125964709856	562,5	0,357056004327542	106,25	0,032524753625527	106,25	0,0285461933482901	562,5	0,292813104906547	562,5	0,415653201818869	106,25	0,0372464028605236	106,25	0,0374611458723777	562,5	0,458773213096776	562,5	0,482054839289299	106,25	0,0401354807182873	106,25	0,0389587128766253	562,5	0,544239174908055	1000	0,305899143218994	200	0,0886707380414009	200	0,0836628898978233	1000	0,469048231840134	1000	0,700092136859894	200	0,0910055786371231	200	0,0873314589262009	1000	0,553017377853394	1000	0,735056340694427	200	0,105970732867718	200	0,111985385417938	1000	0,754219949245453	1000	0,777897715568542	200	0,115956425666809	200	0,128745138645172	1000	0,803866863250732	
565,625	0,171543484126417	109,375	0,0357750872256645	109,375	0,0272022510532435	565,625	0,221733111465229	565,625	0,351671012556921	109,375	0,0300831690035859	109,375	0,027073751756588	565,625	0,286058943165673	565,625	0,411202222957564	109,375	0,0352256407971762	109,375	0,0347419708758003	565,625	0,455232218721019	565,625	0,478890074137089	109,375	0,0375148388481505	109,375	0,037050974716732	565,625	0,542000479954552	1250	0,391146034002304	250	0,104917481541634	250	0,105320923030376	1250	0,605609238147736	1250	0,842670738697052	250	0,120729140937328	250	0,112497881054878	1250	0,711879193782806	1250	0,884631454944611	250	0,142069309949875	250	0,153133049607277	1250	0,909570336341858	1250	0,886102616786957	250	0,159710541367531	250	0,181919917464256	1250	0,858399868011475	
568,75	0,186401339580431	112,5	0,0500368874966294	112,5	0,0412051813168861	568,75	0,235891475910597	568,75	0,365708667355027	112,5	0,0433969903586898	112,5	0,0409532890702207	568,75	0,30013768116829	568,75	0,424666898894268	112,5	0,0490814894778252	112,5	0,0488604585230447	568,75	0,467740580059124	568,75	0,490521908856132	112,5	0,0504110771671751	112,5	0,0524577734528945	568,75	0,552708990222645	1600	0,49609449505806	315	0,139526039361954	315	0,149146169424057	1600	0,744230210781097	1600	0,948612630367279	315	0,178533956408501	315	0,161980077624321	1600	0,844189763069153	1600	0,960496246814728	315	0,206992745399475	315	0,225863352417946	1600	0,95314610004425	1600	0,937777996063232	315	0,236086770892143	315	0,270140945911407	1600	0,906042277812958	
571,875	0,187904160910883	115,625	0,0648137817749774	115,625	0,056168194187147	571,875	0,237523270645084	571,875	0,368881286631073	115,625	0,0585083160542712	115,625	0,0563010088153869	571,875	0,302636224061404	571,875	0,427999242382238	115,625	0,0647217640509037	115,625	0,0648866479306035	571,875	0,471158107951459	571,875	0,49374358650689	115,625	0,0671594751670361	115,625	0,068836971469364	571,875	0,555963482691183	2000	0,598913192749023	400	0,138218089938164	400	0,167878672480583	2000	0,855993807315826	2000	0,995583176612854	400	0,222218826413155	400	0,190189093351364	2000	0,935148417949677	2000	0,985211968421936	400	0,263468772172928	400	0,290859997272491	2000	0,959966778755188	2000	0,933955907821655	400	0,30609980225563	400	0,355585902929306	2000	0,888707995414734	
575	0,184217856737177	118,75	0,0633628670468479	118,75	0,0551580202018388	575	0,2344546505164	575	0,368182807953352	118,75	0,0574480852388919	118,75	0,0556650277212372	575	0,300824186822569	575	0,427788124531268	118,75	0,0637844016529805	118,75	0,0642407297355605	575	0,47113221917843	575	0,493825127400481	118,75	0,0663444778852684	118,75	0,0684329023838602	575	0,556419793610086	2500	0,669250845909119	500	0,167825117707253	500	0,216836526989937	2500	0,904862463474274	2500	0,985657751560211	500	0,309206187725067	500	0,255341500043869	2500	0,964081943035126	2500	0,963326871395111	500	0,362237542867661	500	0,398546457290649	2500	0,947064399719238	2500	0,927945137023926	500	0,418647676706314	500	0,478277981281281	2500	0,883547484874725	
578,125	0,181503251934791	121,875	0,0579479436767032	121,875	0,0499789493071002	578,125	0,232426476682688	578,125	0,367794620054202	121,875	0,0518413999748418	121,875	0,049796872065598	578,125	0,299514188587987	578,125	0,427927926972381	121,875	0,0587237324956419	121,875	0,0593960173894521	578,125	0,471552638207724	578,125	0,494195464211439	121,875	0,061159522769635	121,875	0,0633802696948811	578,125	0,557127978413823	3150	0,693376421928406	630	0,191243037581444	630	0,260561436414719	3150	0,894884169101715	3150	0,945327699184418	630	0,410611152648926	630	0,329195529222488	3150	0,945358633995056	3150	0,925705671310425	630	0,477198362350464	630	0,517183244228363	3150	0,933305442333221	3150	0,926483869552612	630	0,540312111377716	630	0,599867165088654	3150	0,897278547286987	
581,25	0,19063964922015	125	0,0578385756943139	125	0,0498541200968528	581,25	0,242666358162378	581,25	0,376102042942857	125	0,0520432032833872	125	0,0499335825935024	581,25	0,308134381271406	581,25	0,435751868193972	125	0,058630036831072	125	0,0597332397181403	581,25	0,47865424117371	581,25	0,500965404994513	125	0,0614817309188345	125	0,0643112875751707	581,25	0,563232071778613	4000	0,645548343658447					4000	0,841192781925201	4000	0,921345353126526					4000	0,913995087146759	4000	0,921144843101501					4000	0,948159992694855	4000	0,955370247364044					4000	0,931715488433838	
584,375	0,188126705835369	128,125	0,0607880463742051	128,125	0,0529961174173568	584,375	0,241466864630979	584,375	0,377086708167209	128,125	0,0547817642713262	128,125	0,0530046983771475	584,375	0,307393079424361	584,375	0,437340129483889	128,125	0,0615825005394063	128,125	0,0627893721039881	584,375	0,480510252893343	584,375	0,502893434670183	128,125	0,064469234672888	128,125	0,0675697345518106	584,375	0,565453077622635																																	
587,5	0,185134211816346	131,25	0,0492382143969392	131,25	0,0404649767079628	587,5	0,239571526267188	587,5	0,376697091163986	131,25	0,0425452319845446	131,25	0,0406540865959485	587,5	0,305828735503625	587,5	0,437467856440027	131,25	0,0501282718526146	131,25	0,0511440885490622	587,5	0,480948575096618	587,5	0,503359145658172	131,25	0,0536082157943636	131,25	0,0564570169018224	587,5	0,566177592632927																																	
590,625	0,184883406894065	134,375	0,0586569369009787	134,375	0,0500878372592132	590,625	0,240815995333123	590,625	0,37830788864351	134,375	0,0523881334248785	134,375	0,0506711711696688	590,625	0,306499438563989	590,625	0,439431845465599	134,375	0,0603822186515455	134,375	0,0617009108605533	590,625	0,482987960450207	590,625	0,50535291530867	134,375	0,0642373887631181	134,375	0,0678867750901561	590,625	0,56820869247252																																	
593,75	0,187964069391366	137,5	0,073815476338464	137,5	0,0658400533985855	593,75	0,245468531374271	593,75	0,382597948816023	137,5	0,0680762914260131	137,5	0,066789862522355	593,75	0,310209006802226	593,75	0,444013161378155	137,5	0,0760498941232525	137,5	0,0775856035201978	593,75	0,487176817503208	593,75	0,509515685491519	137,5	0,080195350224787	137,5	0,0840462739828542	593,75	0,572180349412319																																	
596,875	0,189001172772483	140,625	0,0700927216024583	140,625	0,0618463293128296	596,875	0,247923725274744	596,875	0,385089765461121	140,625	0,0646862804759286	140,625	0,0630650652001062	596,875	0,312126060498692	596,875	0,446883009636548	140,625	0,0726458667759305	140,625	0,0741517161814537	596,875	0,489864553746758	596,875	0,512187632350818	140,625	0,0768630007927962	140,625	0,0804247523631865	596,875	0,57473382050006																																	
600	0,184838578566143	143,75	0,0752410448669825	143,75	0,0671953220094604	600	0,2451213392392	600	0,38351875458667	143,75	0,0702152372554127	143,75	0,0684260795497655	600	0,309359357996886	600	0,446074377069197	143,75	0,0789016075829995	143,75	0,0806082112227291	600	0,489334616936204	600	0,511717292191227	143,75	0,083358997135386	143,75	0,0878760920890989	600	0,574682033394547																																	
603,125	0,187767260777584	146,875	0,0668765273126123	146,875	0,0591610495318367	603,125	0,249442770413972	603,125	0,388131110712209	146,875	0,0619430689422286	146,875	0,0600475606265821	603,125	0,313112169311339	603,125	0,451335292900982	146,875	0,0712743653192067	146,875	0,0731619180532932	603,125	0,494077062207164	603,125	0,516331951960816	146,875	0,0759824218671121	146,875	0,0808624772120499	603,125	0,579422271209073																																	
606,25	0,196805279036684	150	0,0501676056605964	150	0,0423204302535756	606,25	0,258648774887597	606,25	0,396016079727913	150	0,0453690729929154	150	0,0431179993740617	606,25	0,321278751831947	606,25	0,459293537588982	150	0,0550994883356331	150	0,057143506630556	606,25	0,500782890208934	606,25	0,522826921807261	150	0,0599349233661045	150	0,0651815390936074	606,25	0,584994622234725																																	
609,375	0,199412694412841	153,125	0,0835440642817782	153,125	0,0759160724854201	609,375	0,263803050794789	609,375	0,401620900918232	153,125	0,0793848966685974	153,125	0,0775274362786051	609,375	0,325954504362684	609,375	0,466056976843096	153,125	0,089115506960921	153,125	0,0913270060446727	609,375	0,506319951268696	609,375	0,528447539107152	153,125	0,0938347207659603	153,125	0,0997409096038976	609,375	0,590074486868374																																	
612,5	0,19435693994658	156,25	0,0708439351610234	156,25	0,0632675409036043	612,5	0,260374450288506	612,5	0,399658009991678	156,25	0,0667687529910745	156,25	0,0648702921876092	612,5	0,322915155544453	612,5	0,465314341470745	156,25	0,076677037293339	156,25	0,079288115687746	612,5	0,505501295202032	612,5	0,527779218749349	156,25	0,0819758091381231	156,25	0,0885411087886638	612,5	0,58998902018005																																	
615,625	0,198495116255619	159,375	0,0649331520221089	159,375	0,0570274584938437	615,625	0,265478018117035	615,625	0,405062650277347	159,375	0,0607709055075196	159,375	0,0587319317200729	615,625	0,327696280868298	615,625	0,471124227443255	159,375	0,0713475718105692	159,375	0,0741160620098567	615,625	0,510732152235615	615,625	0,53297431660356	159,375	0,0768908358279138	159,375	0,0840217411215163	615,625	0,594789291827623																																	
618,75	0,192620316685373	162,5	0,0627560022866749	162,5	0,0551496453147612	618,75	0,261554310348419	618,75	0,402826590059591	162,5	0,0592326062602014	162,5	0,0570518344824491	618,75	0,324079266487626	618,75	0,469740917232457	162,5	0,0701077805582677	162,5	0,073222456580683	618,75	0,509502551860633	618,75	0,531893651241447	162,5	0,0759240621874526	162,5	0,0826886456725348	618,75	0,594179568950833																																	
621,875	0,196931351178523	165,625	0,0547964170912068	165,625	0,0471568856766276	621,875	0,266807712987245	621,875	0,408447990078808	165,625	0,0513008097245042	165,625	0,0489543860995294	621,875	0,329134984710582	621,875	0,475360542390368	165,625	0,0624271694906871	165,625	0,0658411460527821	621,875	0,514837931490393	621,875	0,537106514008172	165,625	0,0686523697727007	165,625	0,0762834435687254	621,875	0,598990691942535																																	
625	0,201054392506982	168,75	0,0936267600696459	168,75	0,0868127624252671	625	0,271297370312113	625	0,412992992919063	168,75	0,0910494948363012	168,75	0,0889304977983736	625	0,333313344959449	625	0,479579589368674	168,75	0,102252503369117	168,75	0,105946328344801	625	0,518862456118756	625	0,541067923183027	168,75	0,108663716630809	168,75	0,116736330624954	625	0,602613324851993																																	
628,125	0,196350492080295	171,875	0,0896472035125591	171,875	0,0827568937615522	628,125	0,268694676080648	628,125	0,412293931042937	171,875	0,087307453353346	171,875	0,0848657152482561	628,125	0,33097786809094	628,125	0,479412211831993	171,875	0,0989594805023725	171,875	0,102752688353698	628,125	0,51889888122571	628,125	0,541307304114572	171,875	0,105731844230114	171,875	0,114044323388233	628,125	0,603059350031408																																	
631,25	0,194695424173436	175	0,0831141180202187	175	0,0764583493188636	631,25	0,268300987916315	631,25	0,413155045298894	175	0,081289188711034	175	0,0788391406512946	631,25	0,33095639869306	631,25	0,480730320457949	175	0,0933147996557638	175	0,097212203457419	631,25	0,52030313059857	631,25	0,542862557670869	175	0,100347812548231	175	0,108867516145873	631,25	0,60469025271156																																	
634,375	0,1977192280264	178,125	0,0937314761475626	178,125	0,0873827415213372	634,375	0,272119255506971	634,375	0,417652366127728	178,125	0,0924252791064736	178,125	0,0900697957598255	634,375	0,334897371016994	634,375	0,485111812548946	178,125	0,104931967753082	178,125	0,109074681036486	634,375	0,524660749711203	634,375	0,547098198062363	178,125	0,112327489049619	178,125	0,121286335391255	634,375	0,608566419557811																																	
637,5	0,204232092156247	181,25	0,0868346022159537	181,25	0,0804220309857802	637,5	0,278703313230201	637,5	0,424211385307221	181,25	0,0856558820667628	181,25	0,0830802831491702	637,5	0,341378297787713	637,5	0,491179984363685	181,25	0,0984710700214946	181,25	0,102860492613318	637,5	0,530452728722199	637,5	0,552755679577522	181,25	0,106219059563351	181,25	0,11583946499467	637,5	0,613509656580676																																	
640,625	0,202222649417455	184,375	0,0868697339978449	184,375	0,0808278342783382	640,625	0,278067204902627	640,625	0,425179129228929	184,375	0,0866011510228848	184,375	0,0837439482174294	640,625	0,341358707744713	640,625	0,492456326136396	184,375	0,0997696686087622	184,375	0,104494891793617	640,625	0,532045720169137	640,625	0,554247207611564	184,375	0,108002660973352	184,375	0,118380279933809	640,625	0,615164625703574																																	
643,75	0,195855142154754	187,5	0,0842257692971271	187,5	0,0782797715900444	643,75	0,273379252510336	643,75	0,423229432664138	187,5	0,0843267012565615	187,5	0,0814068575674785	643,75	0,337801423880174	643,75	0,491412455764755	187,5	0,0979123065767754	187,5	0,102889563865967	643,75	0,531702160127499	643,75	0,553912758162893	187,5	0,106447644456969	187,5	0,117260925828537	643,75	0,615510129062387																																	
646,875	0,200515255689296	190,625	0,078590164181423	190,625	0,0727659058704362	646,875	0,278012673366041	646,875	0,428357720131837	190,625	0,0789576928738187	190,625	0,0759147073794317	646,875	0,342989486214043	646,875	0,496341048798758	190,625	0,0928817831164026	190,625	0,0980584063856715	646,875	0,536320951195012	646,875	0,558407762976707	190,625	0,101717688349029	190,625	0,112200341033582	646,875	0,619394076615002																																	
650	0,202830062613722	193,75	0,0865471587569794	193,75	0,081074194375989	650	0,280322313604907	650	0,431693760670877	193,75	0,0875719045997874	193,75	0,0844084225855936	650	0,34596201116668	650	0,499705702159861	193,75	0,101873902670842	193,75	0,107369944264297	650	0,539682095350872	650	0,561639383709195	193,75	0,111074204010271	193,75	0,123235849416537	650	0,622332768585501																																	
653,125	0,197905711687052	196,875	0,0899646001089318	196,875	0,0846092426605592	653,125	0,276400783640164	653,125	0,430586052977089	196,875	0,0915069665739731	196,875	0,0879605351947088	653,125	0,343490964156389	653,125	0,499480357001433	196,875	0,106152165360638	196,875	0,111872461820185	653,125	0,539696323622197	653,125	0,561859449176005	196,875	0,115665843187334	196,875	0,12843545662897	653,125	0,622925434495183																																	
656,25	0,195787990133219	200	0,0949446460336525	200	0,0899361318641396	656,25	0,274971272719704	656,25	0,431049319332647	200	0,0970400335339873	200	0,0933657555787412	656,25	0,343207857710383	656,25	0,500548517237989	200	0,111696351451385	200	0,117566791059577	656,25	0,54079795023671	656,25	0,563021707824136	200	0,121395246993042	200	0,133264123628775	656,25	0,624106334558326																																	
659,375	0,194431746560945	203,125	0,0956130682675256	203,125	0,0909533705954924	659,375	0,273878385338276	659,375	0,432744839413065	203,125	0,0986398094931579	203,125	0,0949078209221099	659,375	0,343877200830156	659,375	0,502476168941135	203,125	0,113976300028903	203,125	0,120381677616754	659,375	0,542791139165975	659,375	0,564943358801989	203,125	0,124342338032733	203,125	0,137669875954694	659,375	0,625916178068698																																	
662,5	0,201935783568823	206,25	0,0897115413406386	206,25	0,0849811876057922	662,5	0,280462543743957	662,5	0,439382992436548	206,25	0,0928705856567469	206,25	0,0889152814167151	662,5	0,35094939574814	662,5	0,50884948991217	206,25	0,10848083194497	206,25	0,114943361201771	662,5	0,548902996670107	662,5	0,570791295418786	206,25	0,11904726426181	206,25	0,132862204125527	662,5	0,631006308306679																																	
665,625	0,197099807986644	209,375	0,098264699822131	209,375	0,0940205732191152	665,625	0,275894058405728	665,625	0,437978945213817	209,375	0,102303417192576	209,375	0,0981756063864692	665,625	0,348294886759484	665,625	0,508337331550298	209,375	0,118093033301952	209,375	0,124870797932237	665,625	0,548692715213639	665,625	0,57073059880552	209,375	0,129081545769684	209,375	0,143344840210388	665,625	0,631309401391603																																	
668,75	0,200010799549294	212,5	0,0833675437597406	212,5	0,0790631736883021	668,75	0,27814573706065	668,75	0,44198468601336	212,5	0,0877282658603951	212,5	0,0832824285777203	668,75	0,351879081056092	668,75	0,512358856837621	212,5	0,104116102840174	212,5	0,111174119660671	668,75	0,552479869154841	668,75	0,574324797997487	212,5	0,115618119987336	212,5	0,130551118044071	668,75	0,634661741817766																																	
671,875	0,20387598936889	215,625	0,0861344103161827	215,625	0,0822013095567075	671,875	0,280848457612654	671,875	0,446314308072179	215,625	0,0913089873870726	215,625	0,0867051415264761	671,875	0,356108939734691	671,875	0,51636264149104	215,625	0,108181358265059	215,625	0,115531229686514	671,875	0,556317617862803	671,875	0,57795806837931	215,625	0,120092289215826	215,625	0,135605101860647	671,875	0,637931106784245																																	
675	0,2055269685393	218,75	0,0938831284025462	218,75	0,0904202979023704	675	0,281676507837051	675	0,448964468347311	218,75	0,0999258564800456	218,75	0,0951118666457347	675	0,3583497006446	675	0,519126176157455	218,75	0,117025612813661	218,75	0,124671504495984	675	0,559045891636003	675	0,580458113064695	218,75	0,129326918000815	218,75	0,145307660405947	675	0,640010721891346																																	
678,125	0,210448753794565	221,875	0,0813785744734716	221,875	0,0780056031703126	678,125	0,286516514124858	678,125	0,454623732229456	221,875	0,0882211842677023	221,875	0,0829233971967041	678,125	0,36398662685204	678,125	0,524953841939319	221,875	0,105998520086437	221,875	0,114020851271284	678,125	0,564273699625516	678,125	0,585690074657756	221,875	0,118988055544688	221,875	0,135933507682526	678,125	0,644688006995839																																	
681,25	0,208769438959119	225	0,0898570495613162	225	0,0867344009560396	681,25	0,28531940005989	681,25	0,456003362919465	225	0,0972350099882366	225	0,0917951736158	681,25	0,364324524078485	681,25	0,526818416739015	225	0,115099056510976	225	0,123339754296441	681,25	0,566057303203909	681,25	0,587439217542591	225	0,128374840704131	225	0,145397268571334	681,25	0,646489800599367																																	
684,375	0,207941996187995	228,125	0,100029144564181	228,125	0,0974597479649587	684,375	0,284818252787213	684,375	0,457384005610751	228,125	0,108374734544221	228,125	0,102628218564128	684,375	0,364860321699996	684,375	0,52851330910842	228,125	0,126472767147291	228,125	0,134961467494806	684,375	0,567511744555174	684,375	0,588721696350788	228,125	0,140151325700084	228,125	0,157389692410945	684,375	0,647737403323194																																	
687,5	0,213807587025507	231,25	0,104396766374996	231,25	0,1021518159511	687,5	0,29108373556567	687,5	0,463936602857723	231,25	0,113521591644389	231,25	0,107524251612143	687,5	0,37140227304203	687,5	0,534769207647368	231,25	0,131944103983253	231,25	0,140665018809794	687,5	0,573222640159191	687,5	0,594286777155399	231,25	0,145967352820916	231,25	0,163849562790023	687,5	0,65257564865757																																	
690,625	0,213667183771337	234,375	0,0910452771718021	234,375	0,0889585409551971	690,625	0,291307882840778	690,625	0,465318610634183	234,375	0,100940572423761	234,375	0,0946240494630313	690,625	0,372073938326054	690,625	0,536382556497382	234,375	0,12002270079345	234,375	0,129171534424473	690,625	0,574749978280548	690,625	0,596000460603307	234,375	0,134637722562154	234,375	0,153656307390842	690,625	0,653926560142772																																	
693,75	0,21555970420392	237,5	0,0982012842133709	237,5	0,0966177152640877	693,75	0,293616488440422	693,75	0,467300345165399	237,5	0,109070189610305	237,5	0,102475086174005	693,75	0,37359689331491	693,75	0,538626452263814	237,5	0,12842108025291	237,5	0,13784403600092	693,75	0,576703291665103	693,75	0,597824316220144	237,5	0,143394476296391	237,5	0,162609532939047	693,75	0,655669929537964																																	
696,875	0,219265823184361	240,625	0,0913878443606854	240,625	0,0900968625614954	696,875	0,298159891729878	696,875	0,471229928620829	240,625	0,103176553770895	240,625	0,0962187739593199	696,875	0,377568251853108	696,875	0,542876030514186	240,625	0,123081970033419	240,625	0,132854766141187	696,875	0,580746998046997	696,875	0,601565279804933	240,625	0,138720988874248	240,625	0,158902023838437	696,875	0,659009483816344																																	
700	0,209364455674837	243,75	0,102712180956277	243,75	0,101658060676804	700	0,290671752276393	700	0,46698414650989	243,75	0,115150486301959	243,75	0,107968850273925	700	0,371087650194629	700	0,540389720583505	243,75	0,135119590248347	243,75	0,145070863767218	700	0,578786770346059	700	0,599824503786005	243,75	0,151080906268771	243,75	0,171212681885416	700	0,657834612589141																																	
703,125	0,204457234728894	246,875	0,115583560109971	246,875	0,115006260662582	703,125	0,287904887669274	703,125	0,4660700137602	246,875	0,128923554941429	246,875	0,121471348998559	703,125	0,368460362726357	703,125	0,540402695524353	246,875	0,149059817826297	246,875	0,15916467440955	703,125	0,578785278534131	703,125	0,600140071654266	246,875	0,165239487150239	246,875	0,185846062495677	703,125	0,658219938470621																																	
706,25	0,213252029711472	250	0,102941307387043	250	0,102834634391488	706,25	0,298427369295009	706,25	0,474445373914119	250	0,117554287659365	250	0,109572971178582	706,25	0,377178976966768	706,25	0,548065739134312	250	0,138469069275566	250	0,149078577551997	706,25	0,585595889675168	706,25	0,607222775344047	250	0,155408200461869	250	0,177179340158037	706,25	0,663383468731491																																	
709,375	0,21442953532457	253,125	0,104925004697765	253,125	0,105060297463392	709,375	0,300886284413229	709,375	0,477149561645707	253,125	0,120253158387024	253,125	0,112113500370858	709,375	0,37901521362946	709,375	0,550791164701384	253,125	0,14140687258039	253,125	0,152290255955101	709,375	0,588098077609548	709,375	0,610014465998678	253,125	0,158793124445934	253,125	0,18094638775988	709,375	0,665954887886651																																	
712,5	0,206513233878332	256,25	0,117080763956856	256,25	0,117865618883509	712,5	0,296120455755441	712,5	0,474404800919187	256,25	0,133509049235506	256,25	0,125207173990793	712,5	0,37461649822717	712,5	0,54943932697113	256,25	0,154897266392691	256,25	0,16610198388831	712,5	0,586481072765836	712,5	0,609532865831682	256,25	0,172700705254476	256,25	0,195159305060143	712,5	0,665500617408842																																	
715,625	0,21269345885908	259,375	0,118918174781208	259,375	0,120162348446029	715,625	0,30314211197192	715,625	0,47951461690942	259,375	0,136316253614039	259,375	0,127650908108917	715,625	0,380357768436286	715,625	0,554694879833579	259,375	0,158183443498279	259,375	0,169739629263587	715,625	0,591196628486465	715,625	0,614394478261917	259,375	0,176415734627472	259,375	0,199487102078306	715,625	0,669520806336992																																	
718,75	0,220057102823624	262,5	0,0961405510540549	262,5	0,097523786653232	718,75	0,311492451638685	718,75	0,486047019487521	262,5	0,114526435624215	262,5	0,105276144741784	718,75	0,387765497420704	718,75	0,561438788725195	262,5	0,137328668769925	262,5	0,149391453027156	718,75	0,597525331382756	718,75	0,62069210813318	262,5	0,156484047973533	262,5	0,180697224325484	718,75	0,67492836714468																																	
721,875	0,211631723619614	265,625	0,0979322249483008	265,625	0,0998420214813467	721,875	0,305707439998313	721,875	0,481853841482377	265,625	0,117608259343378	265,625	0,108068592464505	721,875	0,382261046397967	721,875	0,559014375907166	265,625	0,140795202385566	265,625	0,153307917418331	721,875	0,595484009656917	721,875	0,619371547393749	265,625	0,16062022673448	265,625	0,185465277861988	721,875	0,673880887483503																																	
725	0,21572902131831	268,75	0,0964689747717349	268,75	0,0987319019764356	725	0,310398866537318	725	0,484476994963826	268,75	0,117157966853679	268,75	0,107198322731486	725	0,385505997829878	725	0,562355194750911	268,75	0,140686385443828	268,75	0,153579583360918	725	0,598719483602127	725	0,622628734533373	268,75	0,161077777347654	268,75	0,186567136956064	725	0,676558972088573																																	
728,125	0,220143287960512	271,875	0,106603305930438	271,875	0,109460109202492	728,125	0,315732984191023	728,125	0,489129112195298	271,875	0,128475770330587	271,875	0,118132580261224	728,125	0,390321406561989	728,125	0,567315173531436	271,875	0,152456503478466	271,875	0,165619592052516	728,125	0,603683082535839	728,125	0,627382363843138	271,875	0,173352379234585	271,875	0,199329110650253	728,125	0,680682971729682																																	
731,25	0,209159723101874	275	0,127354571410525	275	0,130678562771845	731,25	0,307627032291863	731,25	0,483407762291775	275	0,149980891218008	275	0,139654256274327	731,25	0,382497809793131	731,25	0,563824148912536	275	0,173807023413936	275	0,187046324593626	731,25	0,600848464982211	731,25	0,625263296740628	275	0,194846465754689	275	0,220889321797723	731,25	0,679091558305535																																	
734,375	0,215246961426387	278,125	0,124531321252983	278,125	0,128544728078321	734,375	0,314195935364092	734,375	0,488474877005159	278,125	0,148772838875115	278,125	0,138158061915474	734,375	0,388022191310892	734,375	0,568961450123751	278,125	0,173316305885868	278,125	0,187224678536722	734,375	0,605646980050178	734,375	0,629882608171072	278,125	0,195243746290061	278,125	0,221970323981491	734,375	0,683133171129338																																	
737,5	0,217318873215865	281,25	0,107322909904224	281,25	0,111710172728416	737,5	0,317433190543252	737,5	0,491053509158299	281,25	0,133306056584068	281,25	0,121721452684915	737,5	0,390319555820985	737,5	0,5717900244952	281,25	0,15874909574751	281,25	0,173075967264628	737,5	0,608731671997267	737,5	0,632638826763326	281,25	0,181990679233943	281,25	0,209924671639977	737,5	0,685743176303239																																	
740,625	0,219907925226814	284,375	0,108896681710551	284,375	0,113784469170204	740,625	0,321183262945676	740,625	0,493972434128716	284,375	0,13589586642143	284,375	0,124118114425114	740,625	0,392980298841511	740,625	0,575076608400529	284,375	0,161773671151018	284,375	0,176258925882363	740,625	0,612198064259231	740,625	0,635760842929834	284,375	0,185586572301428	284,375	0,213513151928704	740,625	0,688543176402758																																	
743,75	0,220184371236938	287,5	0,12293669993801	287,5	0,128960823582066	743,75	0,322823768949865	743,75	0,495136668665198	287,5	0,15149711945719	287,5	0,140001635136484	743,75	0,393751278964263	743,75	0,577195709634879	287,5	0,177437972745543	287,5	0,191675674845946	743,75	0,613923700620011	743,75	0,637635685081771	287,5	0,200676972310828	287,5	0,228674664727063	743,75	0,690143419079518																																	
746,875	0,216879840233924	290,625	0,125479524762916	290,625	0,134129503591367	746,875	0,320997887495027	746,875	0,494212935313519	290,625	0,156882738000454	290,625	0,146178943878745	746,875	0,39133655060896	746,875	0,577284707737022	290,625	0,182535013913046	290,625	0,19627210220609	746,875	0,614272511521165	746,875	0,638042042656973	290,625	0,204900995240802	290,625	0,233541165535099	746,875	0,690787698717616																																	
750	0,226058141333801	293,75	0,122753727864198	293,75	0,131259775233602	750	0,330259746892302	750	0,501114817262101	293,75	0,152471475482391	293,75	0,140625568431488	750	0,398909818657178	750	0,584220143936353	293,75	0,17860912600116	293,75	0,19144749119402	750	0,620507499383161	750	0,643811417103414	293,75	0,200518432891514	293,75	0,231246540378499	750	0,695553559694699																																	
753,125	0,227735722300751	296,875	0,117067486107478	296,875	0,119119754719294	753,125	0,333239885759885	753,125	0,503327940962385	296,875	0,13965047269847	296,875	0,125304987609785	753,125	0,40110525209143	753,125	0,586795340218286	296,875	0,167188023993646	296,875	0,179764660284361	753,125	0,622776219384196	753,125	0,646031219362863	296,875	0,189011559624226	296,875	0,222363919542465	753,125	0,697579123696229																																	
756,25	0,226168942382708	300	0,125817471065339	300	0,132308623887787	756,25	0,333304295675542	756,25	0,504134845595327	300	0,156883297591471	300	0,143096914038562	756,25	0,401226699358576	756,25	0,588566201533731	300	0,185023351917891	300	0,200445951141488	756,25	0,624398392212388	756,25	0,64771815351918	300	0,209325251598201	300	0,242091032436128	756,25	0,699263721040614																																	
759,375	0,219766188405705	303,125	0,140193360282383	303,125	0,146872173588441	759,375	0,329002285297923	759,375	0,501629118625411	303,125	0,171674660938501	303,125	0,15775692646518	759,375	0,397121682261859	759,375	0,58798650459497	303,125	0,199060679725356	303,125	0,215473501725488	759,375	0,624055063940084	759,375	0,647748228127867	303,125	0,224268186494308	303,125	0,255893433799785	759,375	0,699417019442179																																	
762,5	0,226912223054548	306,25	0,150199416305603	306,25	0,157607041568567	762,5	0,336909701947825	762,5	0,507451582741422	306,25	0,183072750634112	306,25	0,169400855355089	762,5	0,404138577733496	762,5	0,593863656631302	306,25	0,210019634171297	306,25	0,228888011493748	762,5	0,629038451180641	762,5	0,652473329564797	306,25	0,23699035467729	306,25	0,268477331509811	762,5	0,703054974922202																																	
765,625	0,227834549917961	309,375	0,147191081674791	309,375	0,155631437631599	765,625	0,339029358073204	765,625	0,509257587724666	309,375	0,18160837261237	309,375	0,168124586021518	765,625	0,405802537285335	765,625	0,596093434394212	309,375	0,208222351675756	309,375	0,228882556822809	765,625	0,631018564989931	765,625	0,654333218649021	309,375	0,236593718406624	309,375	0,267867122532153	765,625	0,704723447783688																																	
768,75	0,239384106416622	312,5	0,165572637375552	312,5	0,174412833965522	768,75	0,349799895898757	768,75	0,516309881338831	312,5	0,200595077969571	312,5	0,187268934977445	768,75	0,414869320387576	768,75	0,603214170967706	312,5	0,223669057465626	312,5	0,247956964937628	768,75	0,637340953680994	768,75	0,660011443943495	312,5	0,25566408598611	312,5	0,285893737017262	768,75	0,709463615068719																																	
771,875	0,23594562606167	315,625	0,165723660333317	315,625	0,17489384112756	771,875	0,347994469811957	771,875	0,515276705086847	315,625	0,201997279323403	315,625	0,18879474659771	771,875	0,413762916699737	771,875	0,604180792293359	315,625	0,218637453561019	315,625	0,249832047070007	771,875	0,638039716369907	771,875	0,660926479844974	315,625	0,257861063465365	315,625	0,288535718842542	771,875	0,710268794583107																																	
775	0,232741920169312	318,75	0,164659389643923	318,75	0,173571966097457	775	0,345549889307292	775	0,513707007012141	318,75	0,202741818166435	318,75	0,18779095410727	775	0,411415085287025	775	0,604362074669535	318,75	0,213316914190585	318,75	0,249494281369821	775	0,638350514805739	775	0,661268888717197	318,75	0,258724148055073	318,75	0,290218894294035	775	0,710768011304481																																	
778,125	0,242064935990789	321,875	0,167644250333483	321,875	0,176570896693267	778,125	0,352799821073415	778,125	0,518396783720947	321,875	0,207503992618891	321,875	0,189534082823632	778,125	0,417310460751637	778,125	0,609077568838434	321,875	0,232965305407025	321,875	0,253004240503391	778,125	0,642273665056533	778,125	0,664905208945058	321,875	0,264238637903417	321,875	0,29653802136935	778,125	0,713405431034986																																	
781,25	0,238108072563157	325	0,16367434805356	325	0,172972033824526	781,25	0,35197463876742	781,25	0,518497662496744	325	0,204405927750796	325	0,185788747014907	781,25	0,417516350725672	781,25	0,610389242276437	325	0,237083489194836	325	0,250084877749677	781,25	0,643766482211665	781,25	0,666424968870454	325	0,262256979425201	325	0,295453241599095	781,25	0,714909291786418																																	
784,375	0,239693681064727	328,125	0,146168637779326	328,125	0,155893881547821	784,375	0,354499883181178	784,375	0,519604742132309	328,125	0,188363559246046	328,125	0,169022106373942	784,375	0,419215300088047	784,375	0,613024227585959	328,125	0,223515457842244	328,125	0,235670194729905	784,375	0,646231518646333	784,375	0,668622166292222	328,125	0,248416595243384	328,125	0,283424443353366	784,375	0,716734767137693																																	
787,5	0,249598768520837	331,25	0,12779927796163	331,25	0,138452860974621	787,5	0,363653935342892	787,5	0,525547094590198	331,25	0,171995276246089	331,25	0,152125757918992	787,5	0,426058399776359	787,5	0,619251700374285	331,25	0,206872115751674	331,25	0,222349029320611	787,5	0,651393067270033	787,5	0,673857060045559	331,25	0,234590843275859	331,25	0,271847665549028	787,5	0,720859728130426																																	
790,625	0,241148563143271	334,375	0,143713559484538	334,375	0,155268544587013	790,625	0,359064391782821	790,625	0,522509608532137	334,375	0,188913824716113	334,375	0,169319375706668	790,625	0,42267858457712	790,625	0,618968926403324	334,375	0,221927638470211	334,375	0,23944199117035	790,625	0,650627352836938	790,625	0,673916408651621	334,375	0,250910496339792	334,375	0,287724718034738	790,625	0,720747951188851																																	
793,75	0,246083328353827	337,5	0,133190633911061	337,5	0,145728314056237	793,75	0,362671060838803	793,75	0,523295596324931	337,5	0,18043142030958	337,5	0,160101954591095	793,75	0,424872676167204	793,75	0,621106491747078	337,5	0,213397977446161	337,5	0,232346443804592	793,75	0,652662843677784	793,75	0,675780670139119	337,5	0,243836140724998	337,5	0,281702433477822	793,75	0,722113332809911																																	
796,875	0,245720627525273	340,625	0,136012912013341	340,625	0,148324405827778	796,875	0,363875660757685	796,875	0,52355554161544	340,625	0,183183892252698	340,625	0,162317824628921	796,875	0,425548126743421	796,875	0,623831354101368	340,625	0,215836190418336	340,625	0,235230098143514	796,875	0,654912835220016	796,875	0,678152514802055	340,625	0,246898625089557	340,625	0,285221157644141	796,875	0,724045791750675																																	
800	0,245573223986149	343,75	0,140258841429794	343,75	0,153347893934711	800	0,36453463109031	800	0,524125344426284	343,75	0,18904592594787	343,75	0,167699277550905	800	0,425615772408895	800	0,62648995339477	343,75	0,221928032260567	343,75	0,2419972923127	800	0,656991341582618	800	0,680286588043288	343,75	0,253770076689197	343,75	0,292732888461696	800	0,726103996799221																																	
803,125	0,23885516270427	346,875	0,129850837485284	346,875	0,144701468068904	803,125	0,358422344595985	803,125	0,518504657734072	346,875	0,182390435360586	346,875	0,160814948990516	803,125	0,418490626849475	803,125	0,624284941800213	346,875	0,216482865560495	346,875	0,238093089431872	803,125	0,655721717050305	803,125	0,679110153854594	346,875	0,250150731693189	346,875	0,290643560876664	803,125	0,725375418942648																																	
806,25	0,230868977203652	350	0,140057511244138	350	0,155673842808101	806,25	0,35391536406886	806,25	0,514223612051973	350	0,193860143369056	350	0,17215084006453	806,25	0,41345242094632	806,25	0,624031557635027	350	0,22813469897924	350	0,250101971004765	806,25	0,655541564953909	806,25	0,678999324664022	350	0,262133404121784	350	0,303000059195363	806,25	0,725579536734058																																	
809,375	0,2347668213886	353,125	0,124236929795848	353,125	0,140875435339977	809,375	0,358224531885718	809,375	0,516057108849159	353,125	0,181215699307006	353,125	0,158203667079244	809,375	0,416143358949333	809,375	0,628367946873603	353,125	0,217195987840758	353,125	0,240145807329341	809,375	0,659111993793447	809,375	0,68273961673936	353,125	0,252671754276654	353,125	0,296637051978998	809,375	0,728216502993992																																	
812,5	0,243179269899574	356,25	0,114757548501576	356,25	0,131368023272285	812,5	0,365479338798507	812,5	0,518732865583807	356,25	0,172514398358556	356,25	0,148646485887215	812,5	0,420489459990921	812,5	0,633199033269602	356,25	0,208559704556329	356,25	0,231423506904204	812,5	0,663047017070902	812,5	0,686810731318983	356,25	0,244273139381233	356,25	0,287299340533607	812,5	0,731211774206918																																	
815,625	0,253482788827814	359,375	0,115060458988841	359,375	0,13260353207918	815,625	0,374938136266476	815,625	0,523462668320591	359,375	0,174542761335656	359,375	0,150314420891995	815,625	0,427000448298953	815,625	0,639016056358016	359,375	0,210990901894109	359,375	0,234221844787583	815,625	0,668231289626799	815,625	0,691579518737284	359,375	0,247326228633109	359,375	0,291459625803708	815,625	0,735180344318234																																	
818,75	0,249543906236436	362,5	0,132527122843011	362,5	0,152554845658117	818,75	0,372787548036011	818,75	0,521481452508118	362,5	0,195575972476959	362,5	0,171541649883063	818,75	0,424284179559631	818,75	0,640151137775852	362,5	0,232320348529005	362,5	0,25610600360843	818,75	0,669556715318722	818,75	0,692765227506096	362,5	0,26903717510342	362,5	0,312475924266062	818,75	0,736265321994795																																	
821,875	0,247617221369326	365,625	0,125100766558716	365,625	0,144402292452393	821,875	0,370932915503145	821,875	0,518358480137649	365,625	0,188167335314362	365,625	0,162727295361988	821,875	0,420646728360574	821,875	0,641345622692605	365,625	0,225394105717006	365,625	0,249187128395823	821,875	0,670291425240925	821,875	0,693910159499612	365,625	0,262696345758018	365,625	0,307548557092078	821,875	0,737413664179867																																	
825	0,246952858007644	368,75	0,124680260333465	368,75	0,14503896243896	825	0,371813333978215	825	0,515180071279046	368,75	0,189106698349	368,75	0,163118616243713	825	0,418471232468679	825	0,643171026334366	368,75	0,226636525706118	368,75	0,250513898743132	825	0,671802949912057	825	0,695253495053226	368,75	0,263892739113289	368,75	0,308838263734332	825	0,738387357920912																																	
828,125	0,254676272654028	371,875	0,15520251102521	371,875	0,177248734570768	828,125	0,37866951952863	828,125	0,518116756012644	371,875	0,220358582448866	371,875	0,19485847931704	828,125	0,423300105902015	828,125	0,647997530692482	371,875	0,255839927206803	371,875	0,278859558361287	828,125	0,675963403535912	828,125	0,699149026224827	371,875	0,291909567968933	371,875	0,335085097032696	828,125	0,741735082439436																																	
831,25	0,259776534749651	375	0,152039810583832	375	0,17706535672656	831,25	0,38207117785594	831,25	0,517904935762162	375	0,222879969427351	375	0,197082789336156	831,25	0,424447445511227	831,25	0,651329916497443	375	0,26029679502474	375	0,285000433528525	831,25	0,678954685917157	831,25	0,70211865323132	375	0,298131661656128	375	0,343115640693318	831,25	0,744354493660583																																	
834,375	0,254129607926053	378,125	0,13822527948739	378,125	0,163490212102693	834,375	0,378465829132341	834,375	0,512178366596188	378,125	0,210166510666055	378,125	0,183311992021099	834,375	0,418858775866835	834,375	0,651074761158783	378,125	0,248493010876728	378,125	0,273438409546441	834,375	0,678242246150707	834,375	0,701635532988739	378,125	0,287107915878509	378,125	0,332936959151208	834,375	0,744081355043098																																	
837,5	0,243881593639464	381,25	0,0957286838546956	381,25	0,120569172840941	837,5	0,371977351881335	837,5	0,50439435799359	381,25	0,169731119748122	381,25	0,14003931124717	837,5	0,411430056145419	837,5	0,649628701942133	381,25	0,210322972959727	381,25	0,236167234521447	837,5	0,676830565134612	837,5	0,700624191469892	381,25	0,25109576552672	381,25	0,300127908627501	837,5	0,743464323388851																																	
840,625	0,247026345747928	384,375	0,11235988388869	384,375	0,140437462620778	840,625	0,375072773388054	840,625	0,504347354868742	384,375	0,190567203828834	384,375	0,16182122009551	840,625	0,414914777665481	840,625	0,652862593520393	384,375	0,230981843239009	384,375	0,257190018676412	840,625	0,67968769808547	840,625	0,703675930708033	384,375	0,271703529106588	384,375	0,320130920681348	840,625	0,745851798027272																																	
843,75	0,251814007722471	387,5	0,131634847190529	387,5	0,160433362778804	843,75	0,37974759632677	843,75	0,505076520962543	387,5	0,210694298534263	387,5	0,182194891768345	843,75	0,419823659785884	843,75	0,65641799967231	387,5	0,250957374029703	387,5	0,277314136800774	843,75	0,682504886449447	843,75	0,706484596788299	387,5	0,291943026027113	387,5	0,339169667634385	843,75	0,747601261533039																																	
846,875	0,249480407298476	390,625	0,148110572869825	390,625	0,17811494590118	846,875	0,377559885508857	846,875	0,501544670783423	390,625	0,228283146087166	390,625	0,199595210653099	846,875	0,418464979194696	846,875	0,656975794769352	390,625	0,267779032398495	390,625	0,2937562313414	846,875	0,68308398693953	846,875	0,70706094863807	390,625	0,308193814814212	390,625	0,35574483654366	846,875	0,74753105594388																																	
850	0,263472910528306	393,75	0,123080728895761	393,75	0,155558924164047	850	0,38794604135999	850	0,507228911027708	393,75	0,208756597280417	393,75	0,179322402725025	850	0,429828670271057	850	0,663855388218525	393,75	0,251180609742887	393,75	0,279476594270592	850	0,689029763233804	850	0,712552073633513	393,75	0,294012654487968	393,75	0,344072030286857	850	0,751492605308206																																	
853,125	0,262284449370858	396,875	0,118611225173215	396,875	0,151703094132211	853,125	0,386923801868265	853,125	0,504899932162365	396,875	0,20591608386003	396,875	0,175306163211275	853,125	0,430036615917635	853,125	0,664780705367518	396,875	0,248333426895519	396,875	0,276647888381806	853,125	0,689370148150918	853,125	0,713324122051513	396,875	0,291615184749874	396,875	0,341721031006175	853,125	0,752699929052736																																	
856,25	0,252644352570789	400	0,0964791248706067	400	0,130695635165321	856,25	0,38110632380892	856,25	0,504961344979774	400	0,187681498940444	400	0,155622289229582	856,25	0,429484690385084	856,25	0,66402588310698	400	0,232388689619328	400	0,262134324831156	856,25	0,688580783509612	856,25	0,713539827203492	400	0,27776435524489	400	0,330263013426546	856,25	0,752677802173201																																	
859,375	0,257340876544518	403,125	0,119923183434232	403,125	0,152860077418952	859,375	0,384940930805885	859,375	0,507603529964449	403,125	0,209213138949331	403,125	0,176527793005255	859,375	0,434460430631205	859,375	0,667093956891465	403,125	0,252024470461521	403,125	0,28082376395422	859,375	0,691122242625624	859,375	0,716412033553808	403,125	0,29664833785664	403,125	0,347608538388268	859,375	0,755124138006467																																	
862,5	0,259454267986999	406,25	0,139595826578167	406,25	0,171523216007455	862,5	0,386898899395445	862,5	0,509187742090915	406,25	0,22671884080175	406,25	0,19383563049133	862,5	0,438694914662423	862,5	0,669360342097706	406,25	0,268123227178483	406,25	0,295964942751242	862,5	0,692694348854187	862,5	0,717673112629356	406,25	0,311595638485241	406,25	0,361354522969539	862,5	0,756163540984987																																	
865,625	0,257838192536878	409,375	0,102105282038402	409,375	0,136239160951638	865,625	0,387147869467909	865,625	0,514881393417506	409,375	0,195887577043793	409,375	0,161243632087032	865,625	0,442642930311889	865,625	0,671040355460112	409,375	0,240977423591729	409,375	0,271339756666242	865,625	0,693909004244161	865,625	0,718871710695466	409,375	0,288018105953525	409,375	0,341274478049535	865,625	0,756935930019591																																	
868,75	0,259318058491252	412,5	0,116700377065925	412,5	0,152368382733611	868,75	0,388878731441619	868,75	0,520318200139669	412,5	0,212506757877261	412,5	0,178114030530846	868,75	0,446705234940784	868,75	0,6732174522386	412,5	0,256914140234962	412,5	0,287276042499087	868,75	0,695614975727577	868,75	0,720715393434203	412,5	0,303462515657531	412,5	0,356015508282363	868,75	0,758501113267036																																	
871,875	0,256331722351294	415,625	0,15773619107476	415,625	0,19092975062552	871,875	0,386784020370373	871,875	0,524214334442142	415,625	0,248139098224931	415,625	0,214285241477212	871,875	0,447985168700715	871,875	0,673801392199793	415,625	0,289763964423979	415,625	0,31784842905386	871,875	0,69580127781715	871,875	0,721113154753007	415,625	0,333516763043637	415,625	0,383167791087362	871,875	0,75912769601201																																	
875	0,255948143589165	418,75	0,189081606575953	418,75	0,221413075310846	875	0,387471516316618	875	0,529936985015975	418,75	0,277006734664255	418,75	0,243540762065605	875	0,451447630472481	875	0,675813325145234	418,75	0,316576963289918	418,75	0,343687723165594	875	0,696931403016126	875	0,722730457767271	418,75	0,358916540041036	418,75	0,40726986068582	875	0,760145688767976																																	
878,125	0,266286433884562	421,875	0,172307507940125	421,875	0,203487563558915	878,125	0,397253308928973	878,125	0,544921195034724	421,875	0,261541362290922	421,875	0,225555995050343	878,125	0,462075810551648	878,125	0,681062528963336	421,875	0,30275824737379	421,875	0,330765216090845	878,125	0,70136820759639	878,125	0,72703145113018	421,875	0,346900543568247	421,875	0,397390347765263	878,125	0,76344572276252																																	
881,25	0,264636260804452	425	0,165665315883959	425	0,199795575770134	881,25	0,396916423708336	881,25	0,550628447206817	425	0,259472290659609	425	0,223460061344452	881,25	0,463676692315784	881,25	0,682288221383775	425	0,301316948434915	425	0,329897173257371	881,25	0,701772142498695	881,25	0,728264281215133	425	0,346121281697921	425	0,397127238557568	881,25	0,764119402249235																																	
884,375	0,266204078079714	428,125	0,113738051212882	428,125	0,149781154046066	884,375	0,398919392615729	884,375	0,558136393713617	428,125	0,215009797727353	428,125	0,175794905706381	884,375	0,467210895503833	884,375	0,68424649081148	428,125	0,26139408835168	428,125	0,292826549721608	884,375	0,703062317433737	884,375	0,730218166314866	428,125	0,310374825942462	428,125	0,366229214628789	884,375	0,765707517072568																																	
887,5	0,270001868382227	431,25	0,126559403841648	431,25	0,161208794042625	887,5	0,402919339610525	887,5	0,566688140830449	431,25	0,226862056592605	431,25	0,186988991434109	887,5	0,471510363955431	887,5	0,686641713285327	431,25	0,273092394109812	431,25	0,304215281938775	887,5	0,704721189131657	887,5	0,732172617421498	431,25	0,321757529017652	431,25	0,378034179993526	887,5	0,767572337129048																																	
890,625	0,266301948108862	434,375	0,184879404767596	434,375	0,21667321299655	890,625	0,40182962066219	890,625	0,573465186655796	434,375	0,277900950920717	434,375	0,239440944082619	890,625	0,472274298404902	890,625	0,687161535939574	434,375	0,31994079296398	434,375	0,348156158250164	890,625	0,705094293865739	890,625	0,73255631708669	434,375	0,364721620348303	434,375	0,416427997817146	890,625	0,767968235006003																																	
893,75	0,264572460329944	437,5	0,182899909176752	437,5	0,216142290498917	893,75	0,401137186959236	893,75	0,578980764302526	437,5	0,278734380214413	437,5	0,239784331553421	893,75	0,473504007143059	893,75	0,688446936527773	437,5	0,321828735046047	437,5	0,350456972753606	893,75	0,705921045756645	893,75	0,73376678885286	437,5	0,367387316464513	437,5	0,419654150004838	893,75	0,768583459996506																																	
896,875	0,267503278883572	440,625	0,163119978776005	440,625	0,198927551696138	896,875	0,404003292021302	896,875	0,589695267439423	440,625	0,264520733277321	440,625	0,22467585762481	896,875	0,479157847423112	896,875	0,691610228627757	440,625	0,309745052741335	440,625	0,339983303683478	896,875	0,708334653762122	896,875	0,736258008393189	440,625	0,357281372569218	440,625	0,41119497895426	896,875	0,770442567346804																																	
900	0,26644027153898	443,75	0,17543119771732	443,75	0,211573216957728	900	0,403066468618022	900	0,594088493711165	443,75	0,277049893274405	443,75	0,237286094931735	900	0,479541282582212	900	0,692042900824161	443,75	0,321578891670497	443,75	0,351715476036282	900	0,708498659812778	900	0,736838614709971	443,75	0,368680450034201	443,75	0,42230293218168	900	0,770775396300141																																	
903,125	0,268097482418663	446,875	0,153200721623005	446,875	0,192152632430895	903,125	0,404971047920156	903,125	0,600984093160647	446,875	0,261058999167266	446,875	0,219635167753229	903,125	0,482539320946865	903,125	0,69417228592117	446,875	0,307552588077029	446,875	0,339406125237989	903,125	0,709861450975166	903,125	0,738601344506889	446,875	0,356908312344903	446,875	0,412536153319506	903,125	0,772110609138416																																	
906,25	0,275602851970723	450	0,152038778774386	450	0,191586049838339	906,25	0,411597520730094	906,25	0,609389281233224	450	0,261653653733072	450	0,219455154367832	906,25	0,488842245619978	906,25	0,698170394647649	450	0,308607810998234	450	0,340709841392224	906,25	0,713163562388538	906,25	0,742097916384533	450	0,35842262910832	450	0,414570877291885	906,25	0,775081568510594																																	
909,375	0,274305695234011	453,125	0,163289535881416	453,125	0,203276644980485	909,375	0,411223900465648	909,375	0,613872907119886	453,125	0,273611517231083	453,125	0,231357269971905	909,375	0,489153448496659	909,375	0,699374992389239	453,125	0,320295550277889	453,125	0,351865864200104	909,375	0,713405736173137	909,375	0,743080477834188	453,125	0,369427526439391	453,125	0,425012177331171	909,375	0,776033882641117																																	
912,5	0,27508045108994	456,25	0,18540985942508	456,25	0,224811789882603	912,5	0,41222526425653	912,5	0,620736712311797	456,25	0,294212894893355	456,25	0,252234944477223	912,5	0,491572671982506	912,5	0,701179728328071	456,25	0,339615865068079	456,25	0,370247891151793	912,5	0,71387969523108	912,5	0,744447955210637	456,25	0,387580650392351	456,25	0,441406492428756	912,5	0,776540496954174																																	
915,625	0,278669026401371	459,375	0,175321149411076	459,375	0,215997539644297	915,625	0,414931145133157	915,625	0,626310230455052	459,375	0,287600112892767	459,375	0,244432343506884	915,625	0,495041874161201	915,625	0,704127432036408	459,375	0,333996335811026	459,375	0,36538356980395	915,625	0,716377794205991	915,625	0,746803569847995	459,375	0,383270075928249	459,375	0,438772767557278	915,625	0,77856642111454																																	
918,75	0,28455225041162	462,5	0,169161532094671	462,5	0,211194748184502	918,75	0,419853635462489	918,75	0,631822891793241	462,5	0,284718911842973	462,5	0,240974537336692	918,75	0,499084273148633	918,75	0,707243171759304	462,5	0,332080525339968	462,5	0,364471185091297	918,75	0,71839876705316	918,75	0,749254450090991	462,5	0,382386827785286	462,5	0,438346216136981	918,75	0,78067690889583																																	
921,875	0,28037684858512	465,625	0,160836430685693	465,625	0,204382959701781	921,875	0,417199906693936	921,875	0,635736839800305	465,625	0,279756392581693	465,625	0,234977894955416	921,875	0,497741918838167	921,875	0,707572271914246	465,625	0,328299540218138	465,625	0,361651903658807	921,875	0,718299464830581	921,875	0,749608787094904	465,625	0,379873004350707	465,625	0,436829115986444	921,875	0,780861545699326																																	
925	0,284774300815376	468,75	0,159908779318759	468,75	0,203357279508497	925	0,420989936224468	925	0,640397599962941	468,75	0,279696724418788	468,75	0,233896756605048	925	0,500916653214799	925	0,710146651542731	468,75	0,328963755242416	468,75	0,362504886084703	925	0,719949380238834	925	0,751593733826029	468,75	0,381009761800481	468,75	0,438960543195522	925	0,782616717632014																																	
928,125	0,280030894715461	471,875	0,168530936391171	471,875	0,211774672898074	928,125	0,417971115543857	928,125	0,642133768265543	471,875	0,288471324285577	471,875	0,241820222328964	928,125	0,497975690614515	928,125	0,71014235835805	471,875	0,337713639478519	471,875	0,370780797279479	928,125	0,718944477584834	928,125	0,751563425205626	471,875	0,38962163751642	471,875	0,447223409761665	928,125	0,782579649092883																																	
931,25	0,275330424127789	475	0,150582967689815	475	0,196740797066225	931,25	0,415553426551001	931,25	0,644147910394078	475	0,276062325364975	475	0,228473472710653	931,25	0,495242677914986	931,25	0,710146088414044	475	0,326535145596799	475	0,36125243942012	931,25	0,718178394764728	931,25	0,75184981948185	475	0,380102757775816	475	0,439136256563075	931,25	0,782452957964075																																	
934,375	0,276978373698155	478,125	0,151000568689083	478,125	0,197379314238937	934,375	0,417517095225001	934,375	0,647416718079493	478,125	0,278027359222149	478,125	0,229769061111916	934,375	0,496373637382102	934,375	0,711797389127965	478,125	0,329140327171236	478,125	0,364119816912929	934,375	0,718668067409239	934,375	0,753316364194556	478,125	0,383145602065587	478,125	0,442449828598807	934,375	0,783564145410252																																	
937,5	0,275006878693535	481,25	0,166968303905026	481,25	0,212566667775639	937,5	0,416394618657383	937,5	0,650567283391617	481,25	0,293061410839533	481,25	0,244547725987564	937,5	0,494508905288223	937,5	0,711981335437869	481,25	0,343373446707545	481,25	0,377675457783394	937,5	0,717626587793158	937,5	0,753720492109677	481,25	0,396575445823114	481,25	0,454881686735597	937,5	0,783639260550206																																	
940,625	0,2806782756688	484,375	0,167028135984651	484,375	0,213339546768449	940,625	0,421661723526241	940,625	0,655706742503439	484,375	0,295242836870635	484,375	0,245832315175107	940,625	0,498543858302187	940,625	0,715645888548796	484,375	0,346157932251757	484,375	0,380649058524384	940,625	0,719981814469951	940,625	0,756611800402044	484,375	0,399770058312061	484,375	0,458594164822139	940,625	0,786082182969307																																	
943,75	0,28382698586235	487,5	0,166751866778805	487,5	0,21392039388848	943,75	0,425661802309709	943,75	0,659671993974674	487,5	0,296578133650818	487,5	0,246839548397428	943,75	0,501831449922583	943,75	0,718229406971163	487,5	0,347961639041334	487,5	0,382669317088183	943,75	0,721341241559342	943,75	0,758388226101812	487,5	0,401956476498315	487,5	0,460804801301351	943,75	0,787805178340193																																	
946,875	0,285600459775333	490,625	0,161704694966795	490,625	0,209938324875582	946,875	0,429225804214206	946,875	0,662571123877236	490,625	0,295003972753661	490,625	0,243601003417075	946,875	0,50412064746264	946,875	0,71980999617155	490,625	0,34682333215651	490,625	0,38203959574994	946,875	0,722024861691204	946,875	0,759926015304517	490,625	0,40145429899126	490,625	0,46124041528319	946,875	0,788762433045831																																	
950	0,283899672871404	493,75	0,16086510381579	493,75	0,209819814063621	950	0,42910697439405	950	0,664586772891102	493,75	0,296320244853896	493,75	0,244264099673183	950	0,504140887086862	950	0,720157159217969	493,75	0,34876267016999	493,75	0,384580331184613	950	0,721335259520465	950	0,760565758987425	493,75	0,404394250946467	493,75	0,464254777831048	950	0,789084644681865																																	
953,125	0,286941182400022	496,875	0,177425649763407	496,875	0,225611066149762	953,125	0,432808637541186	953,125	0,669228468898435	496,875	0,311397189065829	496,875	0,259748622800645	953,125	0,506652408841946	953,125	0,722846148883442	496,875	0,36293714292273	496,875	0,398208247987074	953,125	0,722410974694558	953,125	0,762533803130928	496,875	0,417511765121518	496,875	0,47628110177227	953,125	0,790742389652986																																	
956,25	0,291639044620643	500	0,170154488294068	500	0,21962241214102	956,25	0,437872407379316	956,25	0,672887349266839	500	0,307666774097036	500	0,255141166022763	956,25	0,510781832073181	956,25	0,725190315529549	500	0,360274950432688	500	0,395977674449454	956,25	0,724042998111576	956,25	0,76452577682563	500	0,41568690490174	500	0,475445871539519	956,25	0,792518777684925																																	
959,375	0,294289489170606	503,125	0,168734814005281	503,125	0,219458174897741	959,375	0,441331913583722	959,375	0,676401844942553	503,125	0,308835786205309	503,125	0,255498277941115	959,375	0,514508245735994	959,375	0,726948463721276	503,125	0,362220317423113	503,125	0,398137320219107	959,375	0,724295327993812	959,375	0,766138750160435	503,125	0,418030070058494	503,125	0,478045977979709	959,375	0,793498785444436																																	
962,5	0,29342571560884	506,25	0,161295973685588	506,25	0,213294866735888	962,5	0,442004163769684	962,5	0,678454211887926	506,25	0,304817134016747	506,25	0,249920990237612	962,5	0,515596578262246	962,5	0,727935600148078	506,25	0,359126077382722	506,25	0,395636894965313	962,5	0,723971591852102	962,5	0,767423634289109	506,25	0,415777430563679	506,25	0,476694422588451	962,5	0,794508969860156																																	
965,625	0,29527863212604	509,375	0,162618600279852	509,375	0,215080597348828	965,625	0,444678581269135	965,625	0,680613988788575	509,375	0,307847701292344	509,375	0,252332136455445	965,625	0,518331531330149	965,625	0,729310587147022	509,375	0,362391424921436	509,375	0,398866723671063	965,625	0,724514688423339	965,625	0,768390367843244	509,375	0,41934815206933	509,375	0,480274264586656	965,625	0,795554437102833																																	
968,75	0,291030802372659	512,5	0,169470937395803	512,5	0,222090312753978	968,75	0,443469964443669	968,75	0,681689507719211	512,5	0,315288822478824	512,5	0,259790219897976	968,75	0,518070713037891	968,75	0,728945210652499	512,5	0,36961392646224	512,5	0,406115894434969	968,75	0,722590712164169	968,75	0,768425854573779	512,5	0,426618867677361	512,5	0,487033155660764	968,75	0,795281703563429																																	
971,875	0,293767621224989	515,625	0,175395624299287	515,625	0,227996460823691	971,875	0,446858398227192	971,875	0,684849529236082	515,625	0,321901789194407	515,625	0,265920370549933	971,875	0,522053213566383	971,875	0,730951308999361	515,625	0,376214573855166	515,625	0,412826459240575	971,875	0,72291817540775	971,875	0,770248307038748	515,625	0,43326622782108	515,625	0,493453230436417	971,875	0,79668271849794																																	
975	0,298261029280571	518,75	0,161706714083441	518,75	0,216293641274361	975	0,452005676021534	975	0,688688825024053	518,75	0,313873853170516	518,75	0,256448867219147	975	0,527899899713856	975	0,733368325919695	518,75	0,369061029908188	518,75	0,406725572630235	975	0,723999761723088	975	0,772434616518954	518,75	0,427321076682622	518,75	0,488110271637101	975	0,798143835594967																																	
978,125	0,29450915058343	521,875	0,158387002781995	521,875	0,213574468245342	978,125	0,450129364916197	978,125	0,6889476740133	521,875	0,312612228785619	521,875	0,254164941930378	978,125	0,52689776766038	978,125	0,733173906398942	521,875	0,368503843850912	521,875	0,406428127841972	978,125	0,722023108782693	978,125	0,772477925249448	521,875	0,427202120848031	521,875	0,489309904071888	978,125	0,798372924858014																																	
981,25	0,300722310657455	525	0,172058370669168	525	0,226043056931974	981,25	0,456855970719371	981,25	0,693649724729736	525	0,325052705980184	525	0,266400965569643	981,25	0,534015786568837	981,25	0,736033376130964	525	0,380399790357069	525	0,417990482828864	981,25	0,72331457106127	981,25	0,775015190095932	525	0,438459435466732	525	0,50001902079651	981,25	0,800303264111615																																	
984,375	0,296430800414985	528,125	0,171214416426359	528,125	0,225390082704211	984,375	0,454967394375453	984,375	0,693984154393814	528,125	0,327033871611112	528,125	0,267460826482452	984,375	0,53306783041413	984,375	0,735738012499368	528,125	0,382798138071452	528,125	0,420634113439904	984,375	0,720867401018542	984,375	0,774792362330975	528,125	0,441533992374813	528,125	0,502867300960344	984,375	0,800186157578474																																	
987,5	0,296053327369124	531,25	0,167974659939511	531,25	0,222744234237825	987,5	0,455692664703985	987,5	0,69517748907406	531,25	0,32655685775438	531,25	0,266169436110215	987,5	0,534598303562632	987,5	0,736470400044224	531,25	0,382765022361809	531,25	0,421038593171872	987,5	0,720036185377799	987,5	0,775480253863065	531,25	0,442298386462378	531,25	0,503911305190089	987,5	0,8007584803754																																	
990,625	0,299966685941435	534,375	0,166883868936477	534,375	0,221542553814474	990,625	0,460151768804625	990,625	0,698541367259164	534,375	0,32781471430407	534,375	0,26617597526479	990,625	0,539282757085645	990,625	0,738081518364367	534,375	0,38446523596417	534,375	0,423336579909819	990,625	0,720315539731251	990,625	0,777058130618513	534,375	0,444605233039645	534,375	0,50658302280441	990,625	0,802048853685758																																	
993,75	0,293636945368959	537,5	0,17131963688693	537,5	0,225316239639184	993,75	0,456665252278245	993,75	0,698404897574354	537,5	0,332925104910383	537,5	0,271088168473168	993,75	0,537106165650086	993,75	0,737187363882495	537,5	0,389497619972099	537,5	0,428494096481435	993,75	0,716402645295867	993,75	0,776709712310251	537,5	0,449782195644291	537,5	0,511432332480803	993,75	0,801897450275327																																	
996,875	0,300664541712565	540,625	0,165907518666403	540,625	0,220330681914575	996,875	0,463242244904853	996,875	0,702355232945891	540,625	0,330578718108955	540,625	0,267928642103014	996,875	0,543185706904589	996,875	0,739962427943741	540,625	0,38819296930938	540,625	0,427653378523309	996,875	0,718910541019994	996,875	0,77924709832111	540,625	0,448978156734308	540,625	0,511372875468556	996,875	0,803886575328325																																	
1000	0,303247926628214	543,75	0,169902946323276	543,75	0,223480945077481	1000	0,466587190875677	1000	0,704950801350303	543,75	0,335982349438307	543,75	0,272911633358498	1000	0,547193521388269	1000	0,741342098856983	543,75	0,393475792921292	543,75	0,433308591321914	1000	0,718529150143926	1000	0,780423135751812	543,75	0,455132506707749	543,75	0,517244586063304	1000	0,804830131321117																																	
1003,125	0,302722956903996	546,875	0,179889378385863	546,875	0,232506617494596	1003,125	0,467251115522016	1003,125	0,706298306597487	546,875	0,3452666532198	546,875	0,282470772651422	1003,125	0,548354058192972	1003,125	0,741762331519973	546,875	0,402433298044056	546,875	0,442306591990623	1003,125	0,717363450045533	1003,125	0,781133150667341	546,875	0,464082721231118	546,875	0,525508193721371	1003,125	0,805293276446621																																	
1006,25	0,308081935836706	550	0,172928621072662	550	0,225114766022558	1006,25	0,472185643517885	1006,25	0,709616943640335	550	0,342204182219805	550	0,278586599350076	1006,25	0,553139627100677	1006,25	0,743697999134397	550	0,400025377893831	550	0,44102407513371	1006,25	0,718869294964848	1006,25	0,783031696565479	550	0,463788829963676	550	0,525496463515098	1006,25	0,806573057898585																																	
1009,375	0,306511946848597	553,125	0,170084750713822	553,125	0,222034376378597	1009,375	0,471912294630729	1009,375	0,710316918894794	553,125	0,341655101442438	553,125	0,277349341800264	1009,375	0,55345531309789	1009,375	0,743638766235587	553,125	0,400037419311804	553,125	0,441784582909076	1009,375	0,71703323901311	1009,375	0,783388615382178	553,125	0,46511702809107	553,125	0,527207961597795	1009,375	0,807059856768385																																	
1012,5	0,303425671528369	556,25	0,184855330431051	556,25	0,234687079801179	1012,5	0,470930362262	1012,5	0,711182718549986	556,25	0,355693132460584	556,25	0,291922618476726	1012,5	0,553487885758048	1012,5	0,743209672016675	556,25	0,413356549461175	556,25	0,454643629351535	1012,5	0,714040586442187	1012,5	0,783713048356088	556,25	0,478071106293269	556,25	0,538742234254122	1012,5	0,807505148937462																																	
1015,625	0,314434107223548	559,375	0,184096186523706	559,375	0,233816046217383	1015,625	0,479857809193466	1015,625	0,715740106592321	559,375	0,356400223023362	559,375	0,29238678191801	1015,625	0,561826984273107	1015,625	0,746431605752699	559,375	0,414434039443872	559,375	0,455932393744585	1015,625	0,719903120273895	1015,625	0,786624244042424	559,375	0,479712831903755	559,375	0,540490678548038	1015,625	0,809679675490021																																	
1018,75	0,312461829496297	562,5	0,175670987181951	562,5	0,22536558022002	1018,75	0,480156391404701	1018,75	0,717355373470342	562,5	0,352727333746793	562,5	0,287750814153282	1018,75	0,562666566453359	1018,75	0,74629476219395	562,5	0,411631188410604	562,5	0,453842576355111	1018,75	0,717568094521468	1018,75	0,786890573257868	562,5	0,478353947667959	562,5	0,539299693516302	1018,75	0,809764069886765																																	
1021,875	0,310714909649812	565,625	0,168788641155219	565,625	0,218190433205569	1021,875	0,47939818794687	1021,875	0,717727766867515	565,625	0,349490934166965	565,625	0,283193639719848	1021,875	0,562340822526477	1021,875	0,746025391201457	565,625	0,409320908975845	565,625	0,452395928337389	1021,875	0,716459370638159	1021,875	0,787047688490784	565,625	0,477284058799785	565,625	0,538921911473804	1021,875	0,810127520562572																																	
1025	0,310577765095006	568,75	0,18233040195492	568,75	0,231232978613034	1025	0,480737765368054	1025	0,71947653317832	568,75	0,362051726999258	568,75	0,295881724352848	1025	0,564358968868448	1025	0,746547912050419	568,75	0,421398476155588	568,75	0,463575845958325	1025	0,7170254594795	1025	0,787906829200405	568,75	0,48769083402587	568,75	0,548350421154115	1025	0,810693592326521																																	
1028,125	0,314446810434055	571,875	0,184458228363807	571,875	0,233387143117728	1028,125	0,484265005431506	1028,125	0,72160493459473	571,875	0,365385255364689	571,875	0,298763975288025	1028,125	0,567739960276966	1028,125	0,747635261095979	571,875	0,424986711100841	571,875	0,467000368815818	1028,125	0,719631807717351	1028,125	0,789308223894419	571,875	0,4910051812195	571,875	0,55191171690602	1028,125	0,811753096705963																																	
1031,25	0,312644290225295	575	0,180038969655417	575	0,22971737258845	1031,25	0,48390469762835	1031,25	0,722252150959182	575	0,363975059327234	575	0,296308671060965	1031,25	0,567920941587424	1031,25	0,746839083224296	575	0,424184831353497	575	0,466478795193289	1031,25	0,719048118137629	1031,25	0,789512626454159	575	0,490323094671679	575	0,55176920216987	1031,25	0,811926494859625																																	
1034,375	0,313095740015181	578,125	0,176791195779239	578,125	0,22738793565153	1034,375	0,485340966091447	1034,375	0,723594064362817	578,125	0,363409013476532	578,125	0,294610749664119	1034,375	0,569846972485849	1034,375	0,746858361773273	578,125	0,424033550556088	578,125	0,466625569970657	1034,375	0,720729161737517	1034,375	0,790146501913226	578,125	0,490458738885065	578,125	0,552222003649086	1034,375	0,812558823998918																																	
1037,5	0,316658268723638	581,25	0,183658708074541	581,25	0,234979262146136	1037,5	0,489245283019736	1037,5	0,726372773117232	581,25	0,370195000904036	581,25	0,30123282083744	1037,5	0,57527277589863	1037,5	0,747949873257528	581,25	0,430594037162718	581,25	0,472748229789551	1037,5	0,727150466613815	1037,5	0,791738122954424	581,25	0,496297371328389	581,25	0,557635881296576	1037,5	0,813758877183083																																	
1040,625	0,316829726678953	584,375	0,182031399945006	584,375	0,235348060640572	1040,625	0,490248132449594	1040,625	0,72727303051938	584,375	0,371646965670419	584,375	0,301504336344545	1040,625	0,576553051087658	1040,625	0,747767367534214	584,375	0,432600695815553	584,375	0,474880010118652	1040,625	0,73051073856679	1040,625	0,79211597827916	584,375	0,498222497929862	584,375	0,559721518183978	1040,625	0,814214712974274																																	
1043,75	0,319169027010274	587,5	0,180575340498588	587,5	0,235340334603876	1043,75	0,493295324736857	1043,75	0,729308410356257	587,5	0,372478032539786	587,5	0,301402629818608	1043,75	0,57977580496175	1043,75	0,748199012224537	587,5	0,433812974139356	587,5	0,476328407932229	1043,75	0,736632656328566	1043,75	0,793144626844815	587,5	0,499747520376905	587,5	0,561528809664887	1043,75	0,81525543945031																																	
1046,875	0,316976712402453	590,625	0,179708236709634	590,625	0,236392549348999	1046,875	0,492777248113777	1046,875	0,729451290108657	590,625	0,374087896574863	590,625	0,301953493783297	1046,875	0,579894381637398	1046,875	0,747155872027591	590,625	0,43575266759584	590,625	0,478418470970632	1046,875	0,738767786710523	1046,875	0,793105974112636	590,625	0,501925647185817	590,625	0,563831645748424	1046,875	0,815481364165424																																	
1050	0,318810653695714	593,75	0,181877072513889	593,75	0,240216544492887	1050	0,494554700737704	1050	0,731296583993806	593,75	0,377498421417641	593,75	0,305038416174959	1050	0,582927581367717	1050	0,746921202821451	593,75	0,439425779935375	593,75	0,481890678319119	1050	0,747260197718697	1050	0,793958984664095	593,75	0,505247331713326	593,75	0,566899631187683	1050	0,816214061728718																																	
1053,125	0,313714607769967	596,875	0,182449836586336	596,875	0,242215844202153	1053,125	0,491608228866187	1053,125	0,730242962325852	596,875	0,379573847312358	596,875	0,306593182993434	1053,125	0,580872905016597	1053,125	0,744319449227052	596,875	0,441789540362396	596,875	0,484084394399535	1053,125	0,749205460302217	1053,125	0,793016952745709	596,875	0,507324388406465	596,875	0,568839087357567	1053,125	0,815770118067274																																	
1056,25	0,315334551230078	600	0,178171876400961	600	0,239812665372805	1056,25	0,494529487967403	1056,25	0,732498749467822	600	0,378522316609754	600	0,304379548229962	1056,25	0,58489190471278	1056,25	0,744283093235185	600	0,441488334085769	600	0,484200858283761	1056,25	0,760683808696368	1056,25	0,794106586424255	600	0,507642652381751	600	0,569712221758981	1056,25	0,816566496644504																																	
1059,375	0,323125996563397	603,125	0,180089553079635	603,125	0,243577552966937	1059,375	0,501461456854242	1059,375	0,736213968130443	603,125	0,382390778933335	603,125	0,307494117005721	1059,375	0,591155210458717	1059,375	0,746820869839604	603,125	0,445887282008161	603,125	0,488433409975695	1059,375	0,770538747345022	1059,375	0,796238650535374	603,125	0,511845832390277	603,125	0,57371842045933	1059,375	0,818161327830481																																	
1062,5	0,32175862829155	606,25	0,186702444239605	606,25	0,250659813103798	1062,5	0,50195316263301	1062,5	0,736518803524836	606,25	0,38875973297288	606,25	0,31387556500864	1062,5	0,591555185636792	1062,5	0,745359575749148	606,25	0,452025298308444	606,25	0,493755712164701	1062,5	0,776618689213967	1062,5	0,795932383729708	606,25	0,516894142165782	606,25	0,578177440823095	1062,5	0,818182959891241																																	
1065,625	0,322974644827095	609,375	0,192171989881843	609,375	0,258027967499972	1065,625	0,503645031899694	1065,625	0,738372926912251	609,375	0,395955024121535	609,375	0,32050620932547	1065,625	0,594790236107605	1065,625	0,743951842727999	609,375	0,460019475694549	609,375	0,500681158409729	1065,625	0,789739254660689	1065,625	0,796092544637246	609,375	0,523887848228705	609,375	0,584434460124848	1065,625	0,818777528618385																																	
1068,75	0,325845046697682	612,5	0,188429266871669	612,5	0,255352305101566	1068,75	0,506271121127258	1068,75	0,740682363138359	612,5	0,394361332792786	612,5	0,317913154437886	1068,75	0,598079120234394	1068,75	0,744612374549375	612,5	0,459331602486772	612,5	0,49992406866781	1068,75	0,797109190905976	1068,75	0,797452072244659	612,5	0,523269735870163	612,5	0,584459672410024	1068,75	0,81968034513353																																	
1071,875	0,32460330903645	615,625	0,191354409726591	615,625	0,259649187449604	1071,875	0,506482215977917	1071,875	0,741484224966973	615,625	0,398905432048384	615,625	0,321725561538	1071,875	0,598527176225741	1071,875	0,743724527760762	615,625	0,464284874035453	615,625	0,504352914848426	1071,875	0,803812232790565	1071,875	0,797525336222391	615,625	0,527596893344322	615,625	0,588507193104223	1071,875	0,819905133597378																																	
1075	0,327525021378306	618,75	0,186927322363058	618,75	0,256917773450707	1075	0,509710401658956	1075	0,744251964852839	618,75	0,397513062845156	618,75	0,319151900190377	1075	0,602389129886317	1075	0,744491144176369	618,75	0,464066428751718	618,75	0,503909913632259	1075	0,813303864275597	1075	0,798359330748631	618,75	0,527306700775146	618,75	0,58841182585191	1075	0,82075126676852																																	
1078,125	0,327816806042611	621,875	0,190447116992755	621,875	0,261504444808964	1078,125	0,510790566625952	1078,125	0,745759812058536	621,875	0,402480035144316	621,875	0,323506389616101	1078,125	0,604228505730842	1078,125	0,743693912160176	621,875	0,469271208511371	621,875	0,508618625798011	1078,125	0,82163139663692	1078,125	0,798335247067968	621,875	0,531912703191075	621,875	0,592660817926632	1078,125	0,821030349585108																																	
1081,25	0,330485315015007	625	0,192411824207168	625	0,264183846271854	1081,25	0,513404094022848	1081,25	0,748005484817948	625	0,405154493794387	625	0,326003089776928	1081,25	0,607174788978457	1081,25	0,74484862440281	625	0,471862706972956	625	0,511180739095462	1081,25	0,827193949045428	1081,25	0,799133005416189	625	0,534301724967543	625	0,594677190041836	1081,25	0,821817084157669																																	
1084,375	0,331766960749521	628,125	0,189428274287357	628,125	0,263050557237945	1084,375	0,515555160353987	1084,375	0,750906271268276	628,125	0,405778961743265	628,125	0,325227402410148	1084,375	0,610381008505486	1084,375	0,745803349531233	628,125	0,47332877440186	628,125	0,512591089043899	1084,375	0,834262084457277	1084,375	0,799919788165046	628,125	0,535763677778331	628,125	0,596404019640284	1084,375	0,822679195114021																																	
1087,5	0,33414882323159	631,25	0,188759038488576	631,25	0,263538953522983	1087,5	0,51912648563114	1087,5	0,753522381684778	631,25	0,407491076354819	631,25	0,325878575917419	1087,5	0,6135220619631	1087,5	0,74680864077262	631,25	0,475345889409709	631,25	0,514690239000344	1087,5	0,84109063697547	1087,5	0,800238295809139	631,25	0,537927390974665	631,25	0,598637118449734	1087,5	0,823267030631909																																	
1090,625	0,335953603885055	634,375	0,191652291861043	634,375	0,266993183028023	1090,625	0,520966665314635	1090,625	0,755517833768013	634,375	0,411693336180354	634,375	0,329638939875074	1090,625	0,615721241875101	1090,625	0,74772631576631	634,375	0,479402034960407	634,375	0,518803503944123	1090,625	0,845661820530557	1090,625	0,800689184595939	634,375	0,541822011230879	634,375	0,602217528453221	1090,625	0,8239666294483																																	
1093,75	0,336315604613032	637,5	0,196835903758512	637,5	0,272381254189185	1093,75	0,522270582764127	1093,75	0,75712383940575	637,5	0,41722777104527	637,5	0,335044101284107	1093,75	0,617676200815889	1093,75	0,749075842908132	637,5	0,484533076034584	637,5	0,523787833313042	1093,75	0,849639398335393	1093,75	0,801039095172032	637,5	0,546605173802326	637,5	0,606204815099229	1093,75	0,824281783659025																																	
1096,875	0,335637768271411	640,625	0,195682329421371	640,625	0,272238552980832	1096,875	0,522114208687431	1096,875	0,75872569043876	640,625	0,418967853531855	640,625	0,335754862449533	1096,875	0,61867119793287	1096,875	0,749912686587796	640,625	0,486635451005651	640,625	0,525891196475324	1096,875	0,854759513410424	1096,875	0,800685624489005	640,625	0,548811984190759	640,625	0,608337357972863	1096,875	0,824574337681694																																	
1100	0,335913565708932	643,75	0,189968887962075	643,75	0,267950060552282	1100	0,522453751051008	1100	0,760185826483043	643,75	0,417332548339854	643,75	0,332546173339352	1100	0,619842591228014	1100	0,751698732003521	643,75	0,485631336549494	643,75	0,525424294202336	1100	0,857953395169042	1100	0,800781022596329	643,75	0,548473058309336	643,75	0,608788175195293	1100	0,824886088778019																																	
1103,125	0,335581249518086	646,875	0,194202470637133	646,875	0,272074729140917	1103,125	0,525004959284373	1103,125	0,762182671240303	646,875	0,421972345900156	646,875	0,337295138667985	1103,125	0,622529918930918	1103,125	0,755523991754211	646,875	0,490261271699874	646,875	0,529716445467429	1103,125	0,861869642642599	1103,125	0,801304365822175	646,875	0,552683546289121	646,875	0,612223983810574	1103,125	0,825020664955248																																	
1106,25	0,348942804172274	650	0,195951276842959	650	0,273816006845067	1106,25	0,534809547598362	1106,25	0,767023423913022	650	0,424781969363957	650	0,339795496558817	1106,25	0,630595291447504	1106,25	0,763250058101272	650	0,493343711524706	650	0,532607833180916	1106,25	0,865279977287281	1106,25	0,803222615436495	650	0,555630602532696	650	0,614724945001126	1106,25	0,827070999139601																																	
1109,375	0,346946888870153	653,125	0,192206041737856	653,125	0,270476904369339	1109,375	0,535204520046825	1109,375	0,768871869012082	653,125	0,42433117054851	653,125	0,337908458563977	1109,375	0,631611390732073	1109,375	0,766305921944903	653,125	0,493347274493558	653,125	0,532983086902949	1109,375	0,868228018532944	1109,375	0,80282988556463	653,125	0,556028042762003	653,125	0,615623422004842	1109,375	0,827305111536815																																	
1112,5	0,339211504913128	656,25	0,190723591037602	656,25	0,269456351514991	1112,5	0,529413528207742	1112,5	0,76728355234524	656,25	0,425338639775134	656,25	0,337869117227313	1112,5	0,628098483077917	1112,5	0,765818138427493	656,25	0,494693067354814	656,25	0,53438404800544	1112,5	0,870037975881341	1112,5	0,800506316025959	656,25	0,557507791750181	656,25	0,617109572154283	1112,5	0,82633596501769																																	
1115,625	0,343243610482789	659,375	0,189685518200686	659,375	0,268658971181248	1115,625	0,533473911519501	1115,625	0,769377886727574	659,375	0,427587159292555	659,375	0,339197323924925	1115,625	0,631287945535377	1115,625	0,771774821949192	659,375	0,497500211182869	659,375	0,537304629368535	1115,625	0,87190269853896	1115,625	0,801268097737671	659,375	0,56001237538658	659,375	0,619621517153622	1115,625	0,82683040833647																																	
1118,75	0,345653692015271	662,5	0,195337331637612	662,5	0,273399846399148	1118,75	0,536383702691037	1118,75	0,772093610897946	662,5	0,432474807930864	662,5	0,344630109336519	1118,75	0,634915883693749	1118,75	0,778380846294623	662,5	0,501872278174733	662,5	0,541433613542106	1118,75	0,874445586449311	1118,75	0,801687804003762	662,5	0,564136989201939	662,5	0,622895646208538	1118,75	0,827747212047447																																	
1121,875	0,345281634903397	665,625	0,19187472790006	665,625	0,269849822215764	1121,875	0,537262193106057	1121,875	0,773463390277865	665,625	0,432060530016129	665,625	0,342964544894013	1121,875	0,636129762229791	1121,875	0,783568594412702	665,625	0,502130876357437	665,625	0,542069239873594	1121,875	0,875979219693328	1121,875	0,80168357875669	665,625	0,565092482366986	665,625	0,624069795175141	1121,875	0,828205638809562																																	
1125	0,345041282421963	668,75	0,194475552269931	668,75	0,271846111779073	1125	0,536963443259623	1125	0,773592515044676	668,75	0,435756523602177	668,75	0,346187606693562	1125	0,636170531719086	1125	0,787136449244892	668,75	0,506021421600708	668,75	0,545620104345634	1125	0,877208754042624	1125	0,801104599838407	668,75	0,568608154092431	668,75	0,627207471413841	1125	0,82820527521422																																	
1128,125	0,349245221658907	671,875	0,19742772964092	671,875	0,274060496147611	1128,125	0,540074788877817	1128,125	0,775174889792767	671,875	0,439417855893648	671,875	0,349877832713251	1128,125	0,638809573943526	1128,125	0,792135447607131	671,875	0,509506456131568	671,875	0,548731104241158	1128,125	0,878960743961161	1128,125	0,800886122615877	671,875	0,571498052507421	671,875	0,629528703549138	1128,125	0,828792256389576																																	
1131,25	0,348231493217399	675	0,199053136887862	675	0,275002839116896	1131,25	0,541855049449315	1131,25	0,777540226429601	675	0,442273183336467	675	0,352332823569755	1131,25	0,640897954071466	1131,25	0,799125526874017	675	0,512435490109481	675	0,551409879111043	1131,25	0,880727968585921	1131,25	0,800824880089914	675	0,573996519485311	675	0,631675101090766	1131,25	0,829401651523032																																	
1134,375	0,351245356562207	678,125	0,203248957604014	678,125	0,278754071697799	1134,375	0,545059940375697	1134,375	0,779192191657877	678,125	0,446843508191897	678,125	0,3565852530255	1134,375	0,643771302415381	1134,375	0,802742251307562	678,125	0,51701793492569	678,125	0,555456613398809	1134,375	0,882066910791062	1134,375	0,800575083682703	678,125	0,578093286800919	678,125	0,635192377320268	1134,375	0,829684839354045																																	
1137,5	0,349045968157389	681,25	0,201717430599046	681,25	0,277794008872093	1137,5	0,544528939786234	1137,5	0,779737148051421	681,25	0,448255965253352	681,25	0,356992884315783	1137,5	0,644971552883648	1137,5	0,807502724815242	681,25	0,518967871270803	681,25	0,557315239227415	1137,5	0,883061435019276	1137,5	0,800476896583394	681,25	0,579854155587158	681,25	0,636898092504905	1137,5	0,829920520501029																																	
1140,625	0,345604961060846	684,375	0,201309165467684	684,375	0,277910781690943	1140,625	0,542505246911252	1140,625	0,779293210329133	684,375	0,449835232972582	684,375	0,357753583915578	1140,625	0,644497513805735	1140,625	0,810612011614649	684,375	0,520883126445627	684,375	0,559105115430799	1140,625	0,883498487174065	1140,625	0,799279224420507	684,375	0,581442369028035	684,375	0,638595414753769	1140,625	0,829550110491522																																	
1143,75	0,348640005732493	687,5	0,205812788211891	687,5	0,283402577945277	1143,75	0,54632526262122	1143,75	0,782087437384544	687,5	0,455017463875125	687,5	0,363333025456828	1143,75	0,649143196450786	1143,75	0,816007684107148	687,5	0,526135485445397	687,5	0,563729632651185	1143,75	0,885270864284599	1143,75	0,800489732638672	687,5	0,585788561876861	687,5	0,642061017457319	1143,75	0,830409082614886																																	
1146,875	0,343904907596687	690,625	0,20619614603085	690,625	0,284559894913917	1146,875	0,543867179054855	1146,875	0,7814345193975	690,625	0,457088792351327	690,625	0,364566232313181	1146,875	0,648125396758062	1146,875	0,819479934516967	690,625	0,528602138768236	690,625	0,565749435058307	1146,875	0,886142213811427	1146,875	0,798738741371803	690,625	0,588053621823268	690,625	0,643892523142705	1146,875	0,829941654395008																																	
1150	0,344434293876154	693,75	0,208457926336769	693,75	0,286961289085977	1150	0,543540605871873	1150	0,780529613518082	693,75	0,459782414653671	693,75	0,366370752034982	1150	0,647422864761276	1150	0,821946403906569	693,75	0,531260772006758	693,75	0,568006153479282	1150	0,886146998834628	1150	0,797652010037113	693,75	0,590269804996376	693,75	0,646115958794899	1150	0,830098327391432																																	
1153,125	0,348341840205457	696,875	0,212070239362689	696,875	0,291684226930676	1153,125	0,545909116321628	1153,125	0,782104910588415	696,875	0,463687494285351	696,875	0,369785766433536	1153,125	0,649903650569889	1153,125	0,824811555546039	696,875	0,534968240555243	696,875	0,571358491889071	1153,125	0,886897065605404	1153,125	0,798290165430664	696,875	0,593515676480286	696,875	0,648798283510842	1153,125	0,830800835628978																																	
1156,25	0,354281330612467	700	0,203789527187569	700	0,285402131300822	1156,25	0,551216400700586	1156,25	0,784303847507532	700	0,459882137962193	700	0,363918184666718	1156,25	0,654670560129716	1156,25	0,828133418428119	700	0,532691802162539	700	0,569597880640594	1156,25	0,888169437427496	1156,25	0,800022337787486	700	0,592337156302948	700	0,648300630198751	1156,25	0,831634270492897																																	
1159,375	0,354417757197279	703,125	0,199498903824863	703,125	0,282745092070197	1159,375	0,552450855923365	1159,375	0,785124823776716	703,125	0,459375505963452	703,125	0,361560026264006	1159,375	0,65716975482378	1159,375	0,83181948300172	703,125	0,532982423410456	703,125	0,56974757874418	1159,375	0,889038141381408	1159,375	0,800071289867557	703,125	0,592642500766503	703,125	0,648693397073878	1159,375	0,831934169119168																																	
1162,5	0,356352071689679	706,25	0,207972603394656	706,25	0,292919493937173	1162,5	0,553319208609977	1162,5	0,786551516244677	706,25	0,467908610456293	706,25	0,370386073839497	1162,5	0,658916135751411	1162,5	0,834145737814156	706,25	0,541056230470351	706,25	0,576770263317795	1162,5	0,889036418620973	1162,5	0,801313724166488	706,25	0,599535981440628	706,25	0,654250001788109	1162,5	0,832492678016838																																	
1165,625	0,360483165311614	709,375	0,207448205329938	709,375	0,29439603095131	1165,625	0,556669879837412	1165,625	0,787128086268198	709,375	0,468563198404154	709,375	0,37055645566683	1165,625	0,660705846138389	1165,625	0,836635402860635	709,375	0,541989839267341	709,375	0,577474529302025	1165,625	0,889900146149226	1165,625	0,801782333566005	709,375	0,600376232046773	709,375	0,654895169013073	1165,625	0,832918913358682																																	
1168,75	0,351360246098327	712,5	0,201187163587619	712,5	0,290774526276432	1168,75	0,552060740550912	1168,75	0,785067755373995	712,5	0,46761482660263	712,5	0,367326834621898	1168,75	0,657559912636736	1168,75	0,836716420700861	712,5	0,542377608489525	712,5	0,577838876178107	1168,75	0,890064555788307	1168,75	0,799023871096188	712,5	0,601582644151936	712,5	0,656120929612393	1168,75	0,831831072995176																																	
1171,875	0,350178209959992	715,625	0,207082280381181	715,625	0,297481313341172	1171,875	0,552807231808875	1171,875	0,785953290493285	715,625	0,472446417965449	715,625	0,372986162610456	1171,875	0,659977784441888	1171,875	0,839185051070184	715,625	0,547103832974704	715,625	0,582239457112374	1171,875	0,890930342524976	1171,875	0,800727048390752	715,625	0,606115640327638	715,625	0,659770584274736	1171,875	0,83209872163011																																	
1175	0,351916656615014	718,75	0,213655681458997	718,75	0,305025041334358	1175	0,55403108198792	1175	0,786315308230222	718,75	0,477852846396676	718,75	0,379363851794989	1175	0,66123834287709	1175	0,84052417300083	718,75	0,552442536936674	718,75	0,587228071881871	1175	0,89111342206253	1175	0,801665077785687	718,75	0,611054873036068	718,75	0,663670890890173	1175	0,832350284204067																																	
1178,125	0,35361362629111	721,875	0,205364055067088	721,875	0,299206062707783	1178,125	0,55547451750943	1178,125	0,78722086891274	721,875	0,473903821247859	721,875	0,373997237686718	1178,125	0,662482261974934	1178,125	0,841877924262079	721,875	0,549765349913472	721,875	0,585378846858958	1178,125	0,891587508169694	1178,125	0,80202746093247	721,875	0,609451114538768	721,875	0,662615867666673	1178,125	0,832173984156737																																	
1181,25	0,356694321056586	725	0,209487894599218	725	0,304250222542154	1181,25	0,558988331802284	1181,25	0,789297562644012	725	0,477249303840583	725	0,378236674030453	1181,25	0,665745532955467	1181,25	0,844170308212274	725	0,553824792892244	725	0,589171549118112	1181,25	0,892079216764223	1181,25	0,805896375818224	725	0,61344154149259	725	0,666055064222463	1181,25	0,832973277591779																																	
1184,375	0,359548533778579	728,125	0,213436384504811	728,125	0,309113171874894	1184,375	0,562034244935582	1184,375	0,791247821535118	728,125	0,481147546115016	728,125	0,382622689661891	1184,375	0,668914713399213	1184,375	0,846024230935277	728,125	0,557989397039257	728,125	0,59318599893254	1184,375	0,892902604274137	1184,375	0,809316652540603	728,125	0,61733022673008	728,125	0,669141447852737	1184,375	0,833846896342244																																	
1187,5	0,358925676608875	731,25	0,204088707562655	731,25	0,303189407472656	1187,5	0,562976847598194	1187,5	0,79192610059711	731,25	0,477059297441507	731,25	0,376560704781036	1187,5	0,670287380176878	1187,5	0,84760782251908	731,25	0,556580648330418	731,25	0,592891716642674	1187,5	0,893258144458213	1187,5	0,812301900037439	731,25	0,617464497644072	731,25	0,670032755948476	1187,5	0,833564761467421																																	
1190,625	0,363743133742526	734,375	0,209249052603578	734,375	0,308951002868032	1190,625	0,567913961956325	1190,625	0,795425676647926	734,375	0,480987624165616	734,375	0,381405058424052	1190,625	0,673989632094344	1190,625	0,850841478054856	734,375	0,560620812592597	734,375	0,596569315330038	1190,625	0,893738636629988	1190,625	0,819285211140331	734,375	0,620961953191452	734,375	0,67270009777829	1190,625	0,834321211281054																																	
1193,75	0,370892770069249	737,5	0,210559025697645	737,5	0,311243714600555	1193,75	0,571720968897646	1193,75	0,798014172043477	737,5	0,482156892266694	737,5	0,383036378180909	1193,75	0,676961572325647	1193,75	0,85308851610943	737,5	0,562347799239589	737,5	0,598182329624458	1193,75	0,894406081033071	1193,75	0,824522168468143	737,5	0,622474129692435	737,5	0,673928063135807	1193,75	0,83476438841746																																	
1196,875	0,374808769359253	740,625	0,213222829765401	740,625	0,315377121493881	1196,875	0,575605769294526	1196,875	0,799896486463584	740,625	0,485603046072797	740,625	0,386156252696971	1196,875	0,68003357319186	1196,875	0,855047997419566	740,625	0,566183305655829	740,625	0,60177560700666	1196,875	0,895249069829836	1196,875	0,828241362774602	740,625	0,625926780507151	740,625	0,676586160725893	1196,875	0,835171629271534																																	
1200	0,367853468480285	743,75	0,213893486165171	743,75	0,317509978044061	1200	0,57356023030015	1200	0,800294383868503	743,75	0,487245120813258	743,75	0,387031801187365	1200	0,679968569279137	1200	0,856287605564647	743,75	0,568507195708984	743,75	0,603901583660996	1200	0,895389922046676	1200	0,831714165601621	743,75	0,628266962802455	743,75	0,67854951745045	1200	0,834738716628388																																	
1203,125	0,371558601231246	746,875	0,210494067397099	746,875	0,315281615093859	1203,125	0,576787658202313	1203,125	0,804067653122779	746,875	0,485541396753109	746,875	0,384298005452828	1203,125	0,683602315579912	1203,125	0,859113395972452	746,875	0,567835817630939	746,875	0,603302228668977	1203,125	0,896375775023306	1203,125	0,83973065051679	746,875	0,627934470428146	746,875	0,678353809965037	1203,125	0,83570748306506																																	
1206,25	0,370256080847864	750	0,219731848789358	750	0,324912499145487	1206,25	0,574252416012393	1206,25	0,804062173704906	750	0,492993704089354	750	0,392314637306576	1206,25	0,681607707778959	1206,25	0,859495415490678	750	0,575023665454676	750	0,609699616710175	1206,25	0,895743053935491	1206,25	0,843436680956497	750	0,633853738471828	750	0,68325677271585	1206,25	0,834783203051047																																	
1209,375	0,37446552518544	753,125	0,221781147313078	753,125	0,327409208132084	1209,375	0,577237304605677	1209,375	0,807133978286673	753,125	0,494882239957655	753,125	0,393988550930798	1209,375	0,684215402828867	1209,375	0,862354054468712	753,125	0,577146611861657	753,125	0,611651834278029	1209,375	0,896193395830159	1209,375	0,85003440200895	753,125	0,635712855473829	753,125	0,685207960920839	1209,375	0,834970217496954																																	
1212,5	0,37389946985187	756,25	0,22038707174328	756,25	0,327258316068496	1212,5	0,579707584833523	1212,5	0,810632990684137	756,25	0,495069943895235	756,25	0,393561956750072	1212,5	0,686595552710306	1212,5	0,86563295902468	756,25	0,578223528649575	756,25	0,612663450761743	1212,5	0,896758689937885	1212,5	0,858360611281101	756,25	0,63673766347142	756,25	0,686165990552972	1212,5	0,835326889545862																																	
1215,625	0,369207105319828	759,375	0,214529789868984	759,375	0,324206125775632	1215,625	0,577425871773471	1215,625	0,811065566232469	759,375	0,493734214181836	759,375	0,390805028061236	1215,625	0,685651430108896	1215,625	0,866488670413892	759,375	0,578672511841003	759,375	0,613135758519517	1215,625	0,89636370549507	1215,625	0,862384670260347	759,375	0,637733295568034	759,375	0,686702606772358	1215,625	0,835213564413026																																	
1218,75	0,36645856342799	762,5	0,22157345410245	762,5	0,331412582376842	1218,75	0,576878885017434	1218,75	0,814579689818461	762,5	0,499598940241949	762,5	0,397546972038957	1218,75	0,686464943539534	1218,75	0,869550237125458	762,5	0,58414056031202	762,5	0,617850627724399	1218,75	0,896585228370049	1218,75	0,87124339694144	762,5	0,641910407118668	762,5	0,689936450899679	1218,75	0,835156515552315																																	
1221,875	0,373558536818621	765,625	0,221656854637244	765,625	0,332267959345975	1221,875	0,582690363982895	1221,875	0,817744070907573	765,625	0,500487194672996	765,625	0,398215381893234	1221,875	0,691070749952779	1221,875	0,872402212344728	765,625	0,585492304486549	765,625	0,618947132452406	1221,875	0,897530228244111	1221,875	0,876579702747003	765,625	0,643046660151809	765,625	0,691182748723602	1221,875	0,835366615552799																																	
1225	0,372608613591863	768,75	0,233616108424905	768,75	0,343848558405694	1225	0,582256948329107	1225	0,818786754968799	768,75	0,508435627828167	768,75	0,40833602721399	1225	0,690293480705028	1225	0,873620935391879	768,75	0,593024517855681	768,75	0,62528068887214	1225	0,897092421227168	1225	0,881318384499695	768,75	0,64886857461759	768,75	0,695333127602526	1225	0,834294682883653																																	
1228,125	0,378975393148512	771,875	0,230843750920927	771,875	0,342872210007475	1228,125	0,587542490240152	1228,125	0,823595442758655	771,875	0,508269493709746	771,875	0,407437384507441	1228,125	0,695246455527926	1228,125	0,877772409258863	771,875	0,595063638258718	771,875	0,626995734099911	1228,125	0,898289877545663	1228,125	0,888779621372853	771,875	0,650715560247357	771,875	0,697290268634835	1228,125	0,835678773636557																																	
1231,25	0,373140382507643	775	0,227038585480906	775	0,33928815641091	1231,25	0,585553531854027	1231,25	0,823685642134716	775	0,505108349273735	775	0,403581523820874	1231,25	0,69336825983025	1231,25	0,878521742205861	775	0,593391696724504	775	0,625469924450477	1231,25	0,897741400636469	1231,25	0,891786070578971	775	0,649192942794934	775	0,695851403324124	1231,25	0,83554188283264																																	
1234,375	0,379123311748105	778,125	0,237308958708477	778,125	0,348587434174403	1234,375	0,58957927829694	1234,375	0,826716234405788	778,125	0,511743982038802	778,125	0,410824501276961	1234,375	0,697664408798157	1234,375	0,880878863435932	778,125	0,60022509881437	778,125	0,631284408185966	1234,375	0,898627356288777	1234,375	0,895692804384888	778,125	0,65488801696683	778,125	0,700708184705457	1234,375	0,836470577072179																																	
1237,5	0,380726383777221	781,25	0,233736385217096	781,25	0,347156202098278	1237,5	0,590283679383898	1237,5	0,8294196891208	781,25	0,510957164197116	781,25	0,410580882261578	1237,5	0,698677536072876	1237,5	0,883104595132475	781,25	0,600556235680024	781,25	0,631848264570343	1237,5	0,898976791360721	1237,5	0,900106469115012	781,25	0,65525540208902	781,25	0,700670658657792	1237,5	0,835757736031539																																	
1240,625	0,375992406543843	784,375	0,234143573635621	784,375	0,348223981973221	1240,625	0,588861886310488	1240,625	0,83114001295597	784,375	0,510934830481955	784,375	0,411070162351037	1240,625	0,697941532224194	1240,625	0,885188692902968	784,375	0,602168566018267	784,375	0,633226732171976	1240,625	0,899141257398975	1240,625	0,904649158336156	784,375	0,656915946771886	784,375	0,701646223409768	1240,625	0,83441307133126																																	
1243,75	0,38252128876995	787,5	0,24247051107052	787,5	0,355303025403162	1243,75	0,594934700918387	1243,75	0,834893732360262	787,5	0,51549170432062	787,5	0,416559255906048	1243,75	0,702335039489508	1243,75	0,88809946556625	787,5	0,606940925969729	787,5	0,636831763528667	1243,75	0,900149688326267	1243,75	0,90797065916896	787,5	0,660713413146343	787,5	0,7045028675689	1243,75	0,835173454168787																																	
1246,875	0,379670379326086	790,625	0,237317053463276	790,625	0,353860426511371	1246,875	0,592506964001759	1246,875	0,835290990172292	790,625	0,515442426434116	790,625	0,415752466495941	1246,875	0,70036286173493	1246,875	0,888701234272018	790,625	0,608784651557279	790,625	0,638758807716092	1246,875	0,899583239542387	1246,875	0,909926442552025	790,625	0,662362319669048	790,625	0,706253086186391	1246,875	0,833576981498133																																	
1250	0,385452988244759	793,75	0,242384527676812	793,75	0,35760912853868	1250	0,597560080412033	1250	0,83882745132639	793,75	0,516121370712525	793,75	0,417508444818985	1250	0,704718823398871	1250	0,891068731557929	793,75	0,610813213001239	793,75	0,640550283255277	1250	0,900358609672656	1250	0,912864211501181	793,75	0,664123809455687	793,75	0,707598210683263	1250	0,835140681195925																																	
1253,125	0,387890633067779	796,875	0,241955244459791	796,875	0,358970226075827	1253,125	0,599282176175951	1253,125	0,840488687017455	796,875	0,51738898734075	796,875	0,418056468556403	1253,125	0,706070184438394	1253,125	0,892065081188197	796,875	0,614345441468201	796,875	0,64326149258129	1253,125	0,900742934131244	1253,125	0,913834364223745	796,875	0,667285791143694	796,875	0,710231854450907	1253,125	0,835719899258372																																	
1256,25	0,384747798608063	800	0,241526336848651	800	0,35931474892887	1256,25	0,59799075800737	1256,25	0,841184072331588	800	0,517063555761433	800	0,417612624098225	1256,25	0,705610297850965	1256,25	0,892828051501427	800	0,61544021038944	800	0,643919822335587	1256,25	0,900677809617069	1256,25	0,915215066737269	800	0,667960579595637	800	0,710393330846701	1256,25	0,834865569196919																																	
1259,375	0,390412283940879	803,125	0,236315398180003	803,125	0,353595620608856	1259,375	0,60189347318246	1259,375	0,843005147859459	803,125	0,512624486210691	803,125	0,410878838027076	1259,375	0,707308394745594	1259,375	0,894108570026379	803,125	0,614720964842431	803,125	0,643670551247653	1259,375	0,901496142174061	1259,375	0,9162052659845	803,125	0,668447854262581	803,125	0,711556812488753	1259,375	0,835387251200417																																	
1262,5	0,399334448197416	806,25	0,227445464470645	806,25	0,347513592213934	1262,5	0,610308660539053	1262,5	0,847835805375223	806,25	0,507247942423915	806,25	0,403929020273582	1262,5	0,714788649341135	1262,5	0,897745754092673	806,25	0,613164889572926	806,25	0,642268031227278	1262,5	0,903421275708613	1262,5	0,918756466794809	806,25	0,667266417041736	806,25	0,710624275084215	1262,5	0,836977454925566																																	
1265,625	0,391128778953369	809,375	0,232307203542579	809,375	0,35339376032733	1265,625	0,605660770782715	1265,625	0,847381850574002	809,375	0,509844387257779	809,375	0,408248297370874	1265,625	0,711952482606578	1265,625	0,897499750273472	809,375	0,617379750966877	809,375	0,645714980297241	1265,625	0,902932504159213	1265,625	0,919029027180695	809,375	0,670294993972364	809,375	0,712414452968816	1265,625	0,83517919537829																																	
1268,75	0,394519919615703	812,5	0,240682209232965	812,5	0,360281984282307	1268,75	0,609022399357217	1268,75	0,849246667772966	812,5	0,512906990976269	812,5	0,41245492151096	1268,75	0,714476274773752	1268,75	0,898568735180327	812,5	0,621916927670398	812,5	0,649819075089465	1268,75	0,903938661982809	1268,75	0,919164057685657	812,5	0,67433863801598	812,5	0,715417447254055	1268,75	0,836327561959479																																	
1271,875	0,396436425868891	815,625	0,251101387255415	815,625	0,369492719800228	1271,875	0,611470195013111	1271,875	0,85093764483026	815,625	0,517530067161515	815,625	0,418522338626357	1271,875	0,716901417699719	1271,875	0,89997340774524	815,625	0,627041299224312	815,625	0,654172462181899	1271,875	0,905292753628392	1271,875	0,919650660053204	815,625	0,678163384727438	815,625	0,718063482238582	1271,875	0,836562415019835																																	
1275	0,396506728126295	818,75	0,247912482900166	818,75	0,368540131847427	1275	0,611108522925785	1275	0,852364065817664	818,75	0,515510345312575	818,75	0,416532076190226	1275	0,717178460259278	1275	0,9008580012904	818,75	0,628492932748053	818,75	0,655245040159688	1275	0,906262224508645	1275	0,92004948009198	818,75	0,679370724122182	818,75	0,718661242250103	1275	0,835880277560652																																	
1278,125	0,394200550787187	821,875	0,245680586613598	821,875	0,367647441694815	1278,125	0,610524835053606	1278,125	0,853404478057823	821,875	0,513231182009142	821,875	0,413129758518215	1278,125	0,71687987405403	1278,125	0,901733531354715	821,875	0,630261913602114	821,875	0,65667492182368	1278,125	0,906789882292639	1278,125	0,920267111773697	821,875	0,681210443014204	821,875	0,720686555859199	1278,125	0,835464490655314																																	
1281,25	0,399034626393363	825	0,245437874649163	825	0,367465546283948	1281,25	0,615015980922968	1281,25	0,856153704671582	825	0,510702475594584	825	0,410560791605029	1281,25	0,7206140112679	1281,25	0,903367034329334	825	0,632133185713998	825	0,658193965253358	1281,25	0,908593897066247	1281,25	0,920671596428196	825	0,682934563356929	825	0,722487518559882	1281,25	0,837129315626609																																	
1284,375	0,397610542628033	828,125	0,253907305786514	828,125	0,374632719271062	1284,375	0,614768086027106	1284,375	0,856660276085874	828,125	0,513126506845129	828,125	0,416278672711739	1284,375	0,720863690770604	1284,375	0,904118590282863	828,125	0,635283569399875	828,125	0,660285628992243	1284,375	0,909280659411305	1284,375	0,920841479043977	828,125	0,684856141021917	828,125	0,723199785921031	1284,375	0,836372417941233																																	
1287,5	0,399169756670766	831,25	0,259058945758768	831,25	0,37925186825293	1287,5	0,616254232385652	1287,5	0,858140982074626	831,25	0,513472880870419	831,25	0,418775995851627	1287,5	0,722439689321505	1287,5	0,905290273063648	831,25	0,638998641778266	831,25	0,663783866629888	1287,5	0,910793209613946	1287,5	0,921076676311429	831,25	0,687911378165983	831,25	0,725881224222292	1287,5	0,835947771030008																																	
1290,625	0,399311600755169	834,375	0,25316177768448	834,375	0,375337991157556	1290,625	0,616808746990223	1290,625	0,859771486057953	834,375	0,50826800542646	834,375	0,414093217994441	1290,625	0,72346827438083	1290,625	0,906433082862881	834,375	0,638914827485332	834,375	0,663649258675902	1290,625	0,912358062838752	1290,625	0,921472759690827	834,375	0,687723933885574	834,375	0,726148046242301	1290,625	0,835628816786791																																	
1293,75	0,399955156710441	837,5	0,242729964368154	837,5	0,367475194296312	1293,75	0,618002785657464	1293,75	0,86097339181979	837,5	0,499953577183955	837,5	0,405915265824116	1293,75	0,725060856638878	1293,75	0,906946214288606	837,5	0,637312650230622	837,5	0,662168372209613	1293,75	0,913353922830635	1293,75	0,921399649914141	837,5	0,686883455662833	837,5	0,725731908034758	1293,75	0,836342606591347																																	
1296,875	0,409087029955369	840,625	0,247008052859766	840,625	0,371336942379586	1296,875	0,624593548507112	1296,875	0,86421043473791	840,625	0,499687919862299	840,625	0,410208943248549	1296,875	0,730079063238534	1296,875	0,908911138127508	840,625	0,640060226053049	840,625	0,664318940536734	1296,875	0,915470656933181	1296,875	0,922172459636907	840,625	0,689209481410607	840,625	0,726414214550882	1296,875	0,838680592471118																																	
1300	0,409087520433846	843,75	0,253383090340034	843,75	0,377428989925314	1300	0,625994466219983	1300	0,865885748374024	843,75	0,501854116873033	843,75	0,417465169147432	1300	0,731511275268788	1300	0,909852609309571	843,75	0,644203809505221	843,75	0,667595379614648	1300	0,917084574209454	1300	0,922418746785409	843,75	0,692521588764863	843,75	0,728026485589803	1300	0,839238203038341																																	
1303,125	0,40566409449727	846,875	0,250385881519956	846,875	0,374220663492674	1303,125	0,624651869758635	1303,125	0,866225005658986	846,875	0,496345134754251	846,875	0,414912775179074	1303,125	0,73084707633048	1303,125	0,909926561159337	846,875	0,642575115437959	846,875	0,665852184679294	1303,125	0,917692622348456	1303,125	0,922372983710093	846,875	0,690664465862018	846,875	0,726104176850541	1303,125	0,838264842333238																																	
1306,25	0,407685031671169	850	0,265762009987408	850	0,387982049076497	1306,25	0,626197032092645	1306,25	0,867281079929277	850	0,505116686456008	850	0,431081585641134	1306,25	0,732050467280883	1306,25	0,910756408359724	850	0,653473022195492	850	0,675287106719842	1306,25	0,918660456749528	1306,25	0,922642453994515	850	0,699822578403269	850	0,733899488563083	1306,25	0,838766579905964																																	
1309,375	0,402190591964116	853,125	0,260632244488684	853,125	0,382688595750215	1309,375	0,624455044751773	1309,375	0,868364281024456	853,125	0,497929591930599	853,125	0,426776047321447	1309,375	0,732347282535347	1309,375	0,911439361059566	853,125	0,650733574958457	853,125	0,67246356648705	1309,375	0,920170582414567	1309,375	0,923096608697889	853,125	0,697593096376669	853,125	0,732356335196426	1309,375	0,838880538426603																																	
1312,5	0,400822342917721	856,25	0,259284928704163	856,25	0,383568061115742	1312,5	0,624316180880601	1312,5	0,86868830217113	856,25	0,501420936784307	856,25	0,432289734288873	1312,5	0,732360144847304	1312,5	0,911702186682208	856,25	0,652626010456169	856,25	0,673724364297998	1312,5	0,920598658527951	1312,5	0,923185972394402	856,25	0,699081577726368	856,25	0,732969694034907	1312,5	0,838708299638193																																	
1315,625	0,406901021110044	859,375	0,260106898519856	859,375	0,384141850154088	1315,625	0,629004577264741	1315,625	0,871118693719616	859,375	0,500708289466115	859,375	0,43493610733277	1315,625	0,736291629965245	1315,625	0,912836285785474	859,375	0,654669366725074	859,375	0,675071265140335	1315,625	0,922129698680719	1315,625	0,923990356992124	859,375	0,700853759276432	859,375	0,735225767997823	1315,625	0,841423398058272																																	
1318,75	0,41300213038362	862,5	0,258606502970204	862,5	0,382587843356085	1318,75	0,633294989843868	1318,75	0,872950742603242	862,5	0,499073115080127	862,5	0,435799545858149	1318,75	0,739786574646272	1318,75	0,913637801394752	862,5	0,655748622282972	862,5	0,675421514386806	1318,75	0,923153677968851	1318,75	0,924438194570006	862,5	0,7018023217867	862,5	0,736030072761713	1318,75	0,844107186925135																																	
1321,875	0,414635349780545	865,625	0,262894758040397	865,625	0,387913718480916	1321,875	0,63602197546259	1321,875	0,874919387937797	865,625	0,506917520812216	865,625	0,443846601194303	1321,875	0,742205316020935	1321,875	0,914507151706769	865,625	0,658571100998508	865,625	0,677681741825565	1321,875	0,924264100804234	1321,875	0,925165444380244	865,625	0,703704048439771	865,625	0,736418516008534	1321,875	0,846530996099522																																	
1325	0,409978318084235	868,75	0,263810109719532	868,75	0,388810054068803	1325	0,634083951080163	1325	0,874934851632694	868,75	0,509295022223264	868,75	0,44608251781852	1325	0,740923942197703	1325	0,914512202621338	868,75	0,657710982701593	868,75	0,676420141736619	1325	0,924586148294946	1325	0,924911334180717	868,75	0,702541681477596	868,75	0,734639733023091	1325	0,846742329552446																																	
1328,125	0,416710205318106	871,875	0,260023708024663	871,875	0,387404069530924	1328,125	0,639091058095284	1328,125	0,877341392331494	871,875	0,513475167053894	871,875	0,448005111895711	1328,125	0,744929137677129	1328,125	0,915665877926353	871,875	0,659194110850416	871,875	0,676966981230873	1328,125	0,925634800520838	1328,125	0,9254877805494	871,875	0,703673423646163	871,875	0,735836257802585	1328,125	0,850799591951876																																	
1331,25	0,415775673862486	875	0,256771324814974	875	0,385303327522629	1331,25	0,639233775139039	1331,25	0,878478411988729	875	0,516059195906812	875	0,44760705107106	1331,25	0,745810638320301	1331,25	0,916409242886914	875	0,660169292236186	875	0,677504640115807	1331,25	0,926620877920463	1331,25	0,925786257517812	875	0,704947894227655	875	0,737128960841775	1331,25	0,85302314685398																																	
1334,375	0,413479850814757	878,125	0,27440180738728	878,125	0,401431570096553	1334,375	0,63821649096298	1334,375	0,878623863007714	878,125	0,536496844264944	878,125	0,464295252085359	1334,375	0,745639749314961	1334,375	0,916510647944274	878,125	0,668190041256602	878,125	0,684061125182273	1334,375	0,927004296692969	1334,375	0,925719612592164	878,125	0,710640601709591	878,125	0,740442161762973	1334,375	0,854372797550774																																	
1337,5	0,414566943573646	881,25	0,269179604307279	881,25	0,397365634279072	1337,5	0,639328952405649	1337,5	0,879944131374286	881,25	0,537633579403896	881,25	0,461838591536489	1337,5	0,746814611575165	1337,5	0,917143691682039	881,25	0,666776368659377	881,25	0,682466324732897	1337,5	0,927831938658588	1337,5	0,925913906759649	881,25	0,709417715852533	881,25	0,739934169322419	1337,5	0,858205540855441																																	
1340,625	0,41566752978143					1340,625	0,641250303963662	1340,625	0,881380491406636					1340,625	0,74852366298987	1340,625	0,918064098153374					1340,625	0,928980072801225	1340,625	0,926187783211769					1340,625	0,861926465940418																																	
1343,75	0,414416069573257					1343,75	0,641571237432422	1343,75	0,8821775033842					1343,75	0,748997428059066	1343,75	0,91860582015094					1343,75	0,929695030268224	1343,75	0,926316560665903					1343,75	0,865039840187463																																	
1346,875	0,415669965779162					1346,875	0,642993189456635	1346,875	0,883333264796055					1346,875	0,750021902476194	1346,875	0,918944921208221					1346,875	0,930331848903748	1346,875	0,926513318521275					1346,875	0,871452549574007																																	
1350	0,422104902219341					1350	0,647953807305296	1350	0,885571989535551					1350	0,754167734390696	1350	0,919919053562607					1350	0,931200740663073	1350	0,927248128912324					1350	0,879158151941391																																	
1353,125	0,419601038871452					1353,125	0,647051985115445	1353,125	0,886321392639868					1353,125	0,754048435747565	1353,125	0,920114982892679					1353,125	0,931888334126184	1353,125	0,927643737739058					1353,125	0,883467513679252																																	
1356,25	0,414810453382415					1356,25	0,644443412733381	1356,25	0,886322370057279					1356,25	0,75266221984865	1356,25	0,920280012654262					1356,25	0,932244331799634	1356,25	0,927686732510975					1356,25	0,887256287979332																																	
1359,375	0,417062764299779					1359,375	0,64665436929226	1359,375	0,887884915779232					1359,375	0,754906656860595	1359,375	0,921067846311562					1359,375	0,932886258250508	1359,375	0,928507856701214					1359,375	0,895049461029815																																	
1362,5	0,419938066487376					1362,5	0,648618841780851	1362,5	0,889043951586855					1362,5	0,756707865847922	1362,5	0,921742209751886					1362,5	0,933076675212692	1362,5	0,929198356105773					1362,5	0,901732465822949																																	
1365,625	0,412956393141823					1365,625	0,646245210311753	1365,625	0,889264460645056					1365,625	0,755543547757516	1365,625	0,921493044292715					1365,625	0,933005540205432	1365,625	0,929273405228729					1365,625	0,910230370581185																																	
1368,75	0,422645289917534					1368,75	0,652858666360476	1368,75	0,891802259670973					1368,75	0,760388443201787	1368,75	0,922322320826845					1368,75	0,933483402869044	1368,75	0,930317076876056					1368,75	0,918198191217907																																	
1371,875	0,430206869190954					1371,875	0,657821044555333	1371,875	0,893743825843501					1371,875	0,764277829024867	1371,875	0,923309884876734					1371,875	0,933852171635391	1371,875	0,9311998761708					1371,875	0,923834495015358																																	
1375	0,42926044933461					1375	0,658058457538861	1375	0,894677256485084					1375	0,764834949579297	1375	0,92379012536564					1375	0,93410289022412	1375	0,932024306978739					1375	0,930859383979003																																	
1378,125	0,426081621018232					1378,125	0,656716710572751	1378,125	0,894934561837746					1378,125	0,764332789619696	1378,125	0,923722692889258					1378,125	0,934160130621416	1378,125	0,932391076271332					1378,125	0,936549091441883																																	
1381,25	0,427643843021409					1381,25	0,658755252459886	1381,25	0,896465713228459					1381,25	0,766359475261138	1381,25	0,924392618187126					1381,25	0,934611333307291	1381,25	0,933289341902898					1381,25	0,942151324317411																																	
1384,375	0,431057595904089					1384,375	0,661172612501459	1384,375	0,897785594095442					1384,375	0,76835361491431	1384,375	0,924902268505766					1384,375	0,934930604455554	1384,375	0,933771376085887					1384,375	0,94593977458453																																	
1387,5	0,431154997616659					1387,5	0,661743752368479	1387,5	0,898607912640352					1387,5	0,769272212917493	1387,5	0,925064752782053					1387,5	0,93527689981039	1387,5	0,934170728051668					1387,5	0,949596281874516																																	
1390,625	0,433703957533594					1390,625	0,664254924283409	1390,625	0,899954893841304					1390,625	0,771421580943861	1390,625	0,925466578949425					1390,625	0,935953912068188	1390,625	0,934772039507462					1390,625	0,952306140163753																																	
1393,75	0,43351516611167					1393,75	0,664795202171134	1393,75	0,900723901605657					1393,75	0,772176528954732	1393,75	0,925591212007768					1393,75	0,936148570992788	1393,75	0,935321135088967					1393,75	0,954298250311636																																	
1396,875	0,43515978979789					1396,875	0,666375077948154	1396,875	0,901798019489222					1396,875	0,773547041228172	1396,875	0,925973384456606					1396,875	0,936446945859301	1396,875	0,935939608566073					1396,875	0,955348812820801																																	
1400	0,43318890981959					1400	0,665977345692663	1400	0,902335732746392					1400	0,773459972067096	1400	0,926116955928116					1400	0,936730104917293	1400	0,936408545809036					1400	0,956803635945047																																	
1403,125	0,436408587599444					1403,125	0,668821258195006	1403,125	0,903786734474685					1403,125	0,776139494740897	1403,125	0,926717188727988					1403,125	0,937349717484587	1403,125	0,937177170843945					1403,125	0,956688525020753																																	
1406,25	0,438833825922386					1406,25	0,6708596666526	1406,25	0,904979176836049					1406,25	0,778037104745206	1406,25	0,927115094747627					1406,25	0,937798606807419	1406,25	0,937868447895385					1406,25	0,956031341412695																																	
1409,375	0,441129932756836					1409,375	0,672814298422336	1409,375	0,906385009545403					1409,375	0,779882046164329	1409,375	0,927641853434057					1409,375	0,938387136827184	1409,375	0,938925299131447					1409,375	0,95503101243417																																	
1412,5	0,438096348719668					1412,5	0,671739837695627	1412,5	0,906486248534					1412,5	0,779341436443486	1412,5	0,927422014427958					1412,5	0,938305287466935	1412,5	0,939366029448119					1412,5	0,954517611328105																																	
1415,625	0,43937937379399					1415,625	0,673410666643514	1415,625	0,90745524790949					1415,625	0,780877613159681	1415,625	0,927631474221646					1415,625	0,938632339222153	1415,625	0,9400282015754					1415,625	0,953061295503537																																	
1418,75	0,439968499143449					1418,75	0,674441195377919	1418,75	0,908616806027937					1418,75	0,782158428802172	1418,75	0,927883334145867					1418,75	0,939045907176774	1418,75	0,940940016343406					1418,75	0,951148003517151																																	
1421,875	0,434962124158765					1421,875	0,671710169204781	1421,875	0,908404155564694					1421,875	0,78075750289202	1421,875	0,927390684748314					1421,875	0,938995900221458	1421,875	0,94122437204645					1421,875	0,950016700333042																																	
1425	0,44051599865545					1425	0,675907580792717	1425	0,909842007657713					1425	0,783608000325867	1425	0,928185615037153					1425	0,939557377653242	1425	0,941516530191407					1425	0,947934846158838																																	
1428,125	0,446899808668835					1428,125	0,680377119731384	1428,125	0,911474804829637					1428,125	0,786927582444739	1428,125	0,928880130475731					1428,125	0,940240888629273	1428,125	0,941722544594638					1428,125	0,945560863302063																																	
1431,25	0,447227636689033					1431,25	0,681010230012673	1431,25	0,912198719750296					1431,25	0,78767800450435	1431,25	0,928960126782803					1431,25	0,940604395693121	1431,25	0,941835366902055					1431,25	0,943895412032153																																	
1434,375	0,446458300216159					1434,375	0,681842251897813	1434,375	0,913154460645122					1434,375	0,788520672631915	1434,375	0,929101396778545					1434,375	0,940978795275821	1434,375	0,942127196478285					1434,375	0,941998200642305																																	
1437,5	0,448557429621881					1437,5	0,683633420885592	1437,5	0,913976225673595					1437,5	0,790168040446571	1437,5	0,929353587262422					1437,5	0,941220763530775	1437,5	0,94217145274506					1437,5	0,940722525221556																																	
1440,625	0,448416383928667					1440,625	0,684375014601444	1440,625	0,914773892241353					1440,625	0,790899590452255	1440,625	0,929443411735881					1440,625	0,941529342697982	1440,625	0,942262324118229					1440,625	0,938806692097748																																	
1443,75	0,449884047591442					1443,75	0,686151159701595	1443,75	0,915766243786718					1443,75	0,792329838483175	1443,75	0,929784640003727					1443,75	0,941892822049983	1443,75	0,942310958622965					1443,75	0,937332157094845																																	
1446,875	0,449558022309732					1446,875	0,686872677975159	1446,875	0,916493448993702					1446,875	0,793075653867718	1446,875	0,929945346376647					1446,875	0,942120827693483	1446,875	0,942042447927487					1446,875	0,935652022159882																																	
1450	0,454662800808289					1450	0,690368763311011	1450	0,917659587055377					1450	0,795594090175919	1450	0,930491623474248					1450	0,942518067459456	1450	0,941827888797577					1450	0,934018719224831																																	
1453,125	0,456238417932965					1453,125	0,691699536346332	1453,125	0,918402664739031					1453,125	0,79674625405829	1453,125	0,930724448714707					1453,125	0,942664503294334	1453,125	0,941726890020542					1453,125	0,932577395679405																																	
1456,25	0,456852769129083					1456,25	0,692786724326137	1456,25	0,919369171849838					1456,25	0,797569304939529	1456,25	0,931145279822202					1456,25	0,942921708769004	1456,25	0,94163853287061					1456,25	0,930897008962032																																	
1459,375	0,452023887205404					1459,375	0,690260315225469	1459,375	0,918955576012496					1459,375	0,796086730581247	1459,375	0,930616145509403					1459,375	0,942594414000276	1459,375	0,941137552575034					1459,375	0,929371480809003																																	
1462,5	0,457138151736795					1462,5	0,69497440477613	1462,5	0,920938298953416					1462,5	0,799868063093124	1462,5	0,932025639527377					1462,5	0,94326296064917	1462,5	0,9413369076045					1462,5	0,92816960251887																																	
1465,625	0,457910639079085					1465,625	0,696326038401541	1465,625	0,92176324565745					1465,625	0,80101370266625	1465,625	0,93232621544658					1465,625	0,943314649435577	1465,625	0,941183278761045					1465,625	0,926814308085279																																	
1468,75	0,455973577427953					1468,75	0,695867251365388	1468,75	0,922362391529103					1468,75	0,800819008156852	1468,75	0,932581479848269					1468,75	0,943460050489081	1468,75	0,941031171268583					1468,75	0,925445155306527																																	
1471,875	0,457569131738255					1471,875	0,697838363202147	1471,875	0,923279209121533					1471,875	0,80218433568876	1471,875	0,933448528833507					1471,875	0,943734131155045	1471,875	0,940831651103186					1471,875	0,923962666927163																																	
1475	0,459948991872715					1475	0,699313422504595	1475	0,923574599431442					1475	0,803083433225086	1475	0,933812856017814					1475	0,943704772074073	1475	0,940532002123011					1475	0,922838170293726																																	
1478,125	0,460745338650535					1478,125	0,700245152616698	1478,125	0,924132179695755					1478,125	0,80403513483072	1478,125	0,934486497669946					1478,125	0,943690266381997	1478,125	0,940302674078032					1478,125	0,921502738860814																																	
1481,25	0,456545860049934					1481,25	0,699171799963426	1481,25	0,924705324194082					1481,25	0,80354268894438	1481,25	0,935034224312791					1481,25	0,943729329219819	1481,25	0,940075667538509					1481,25	0,920083797744129																																	
1484,375	0,45994552653447					1484,375	0,701949811794112	1484,375	0,925926747520718					1484,375	0,805843863226582	1484,375	0,936458678391212					1484,375	0,944127572766107	1484,375	0,94000947275182					1484,375	0,919127920619678																																	
1487,5	0,462661326241921					1487,5	0,703697193665028	1487,5	0,926539880717593					1487,5	0,807117153850182	1487,5	0,937377228356666					1487,5	0,944144218652993	1487,5	0,939889071825372					1487,5	0,918125723793007																																	
1490,625	0,465497406731445					1490,625	0,70611402136237	1490,625	0,927688240126479					1490,625	0,80909886950493	1490,625	0,938908265715489					1490,625	0,944592695223111	1490,625	0,939917759783122					1490,625	0,917146117047835																																	
1493,75	0,467853528819769					1493,75	0,707819164498082	1493,75	0,928521138969321					1493,75	0,810549011063068	1493,75	0,939843447621159					1493,75	0,944799372943806	1493,75	0,9399003956233					1493,75	0,916355060760242																																	
1496,875	0,464361510727808					1496,875	0,706524744169157	1496,875	0,928802962288007					1496,875	0,810018290852395	1496,875	0,940768029219513					1496,875	0,944885821149606	1496,875	0,939781250302489					1496,875	0,915137496763166																																	
1500	0,461033883224116					1500	0,70563038024259	1500	0,929318715522273					1500	0,809893760622708	1500	0,941927566862772					1500	0,945046858496215	1500	0,939562862294692					1500	0,914225051449708																																	
1503,125	0,465920326256623					1503,125	0,708983117736043	1503,125	0,930205955189642					1503,125	0,812293022414349	1503,125	0,943215359829313					1503,125	0,945360579015448	1503,125	0,939503877498301					1503,125	0,913487312483589																																	
1506,25	0,479088015251409					1506,25	0,71684223600809	1506,25	0,932224339334192					1506,25	0,817854414289341	1506,25	0,945417699150295					1506,25	0,946260096722696	1506,25	0,939933114687378					1506,25	0,913306377104094																																	
1509,375	0,475530956682492					1509,375	0,715569847543902	1509,375	0,932695921748247					1509,375	0,817622972121448	1509,375	0,946414921506283					1509,375	0,946541203582073	1509,375	0,939742959623974					1509,375	0,912101289692347																																	
1512,5	0,4705932498095					1512,5	0,713235200889932	1512,5	0,932717009673304					1512,5	0,816429486948759	1512,5	0,946944448983924					1512,5	0,946423128645841	1512,5	0,939466163808887					1512,5	0,910875720767455																																	
1515,625	0,470904674163729					1515,625	0,713833698605017	1515,625	0,933351877730224					1515,625	0,817346948342979	1515,625	0,94816755370687					1515,625	0,946601520381544	1515,625	0,93941702007673					1515,625	0,909997291403835																																	
1518,75	0,471120826261781					1518,75	0,715369781208337	1518,75	0,934253814985415					1518,75	0,818748174491501	1518,75	0,949388564278636					1518,75	0,947058707883462	1518,75	0,939188812692535					1518,75	0,908780440084351																																	
1521,875	0,47205064985762					1521,875	0,715846645410737	1521,875	0,934661196298629					1521,875	0,819134712006462	1521,875	0,950138106632788					1521,875	0,947408425351503	1521,875	0,939025101173144					1521,875	0,908034494430717																																	
1525	0,470923348796491					1525	0,716148665044477	1525	0,93557293466476					1525	0,819953657314921	1525	0,951396474186973					1525	0,948094516330666	1525	0,939169525852691					1525	0,907407930119906																																	
1528,125	0,475174384877953					1528,125	0,719591816832654	1528,125	0,936746110806073					1528,125	0,822544159485355	1528,125	0,952416546733173					1528,125	0,948551530059621	1528,125	0,939251085191691					1528,125	0,906986219408759																																	
1531,25	0,475754665835359					1531,25	0,720072226803723	1531,25	0,937193109462829					1531,25	0,822936295920779	1531,25	0,953088496609274					1531,25	0,948695401342455	1531,25	0,938958840977679					1531,25	0,906109738705599																																	
1534,375	0,480221089569394					1534,375	0,723071884758382	1534,375	0,938384406020103					1534,375	0,825321166100835	1534,375	0,954238793438873					1534,375	0,94935052334325	1534,375	0,939002360918708					1534,375	0,905267008312005																																	
1537,5	0,47969427838125					1537,5	0,722754307455989	1537,5	0,938842376362456					1537,5	0,825651664188631	1537,5	0,95480205036047					1537,5	0,94970516799726	1537,5	0,938724444811795					1537,5	0,904610484540184																																	
1540,625	0,478442414306587					1540,625	0,722327569655941	1540,625	0,939171768137549					1540,625	0,825883139086249	1540,625	0,955305338771078					1540,625	0,949947967263325	1540,625	0,938481665604262					1540,625	0,903586215963645																																	
1543,75	0,483270449521093					1543,75	0,725893494683367	1543,75	0,940351672689578					1543,75	0,828616637746255	1543,75	0,956245977136247					1543,75	0,950523500141259	1543,75	0,938663747862308					1543,75	0,903105999161416																																	
1546,875	0,484006538130107					1546,875	0,727522725884276	1546,875	0,941388567703736					1546,875	0,830175729879044	1546,875	0,95714229255316					1546,875	0,951077363394788	1546,875	0,938615639177609					1546,875	0,902494953209514																																	
1550	0,480932950876848					1550	0,726531542371335	1550	0,941779094513864					1550	0,830031754539841	1550	0,957693036607563					1550	0,951432860219043	1550	0,938424011989154					1550	0,901467930199211																																	
1553,125	0,484511253628901					1553,125	0,729115957058138	1553,125	0,942817349356766					1553,125	0,831988171584396	1553,125	0,958356010377055					1553,125	0,951959107321881	1553,125	0,938518456104514					1553,125	0,901143376437626																																	
1556,25	0,479847819490838					1556,25	0,726690203181223	1556,25	0,942617974340224					1556,25	0,830911330010483	1556,25	0,958470468756027					1556,25	0,951948631330678	1556,25	0,938188177366288					1556,25	0,900201028541427																																	
1559,375	0,48488594267336					1559,375	0,73085023435941	1559,375	0,944081225847481					1559,375	0,833833762325952	1559,375	0,959476696339428					1559,375	0,952678435301825	1559,375	0,938354790197559					1559,375	0,900194949775899																																	
1562,5	0,487305802615456					1562,5	0,73263511182927	1562,5	0,944672662280362					1562,5	0,834907847426461	1562,5	0,959816533897255					1562,5	0,952848310256643	1562,5	0,938243534359435					1562,5	0,899851333692499																																	
1565,625	0,487901274757391					1565,625	0,733845543476915	1565,625	0,945433025845355					1565,625	0,836442881180998	1565,625	0,960318565423048					1565,625	0,95323827201351	1565,625	0,938439815497901					1565,625	0,899916669262505																																	
1568,75	0,494230295924411					1568,75	0,737567163517902	1568,75	0,946375772808182					1568,75	0,839033903637266	1568,75	0,961092361504287					1568,75	0,953784094740804	1568,75	0,938571832167647					1568,75	0,900048354206305																																	
1571,875	0,489255419721151					1571,875	0,736094679077503	1571,875	0,946815449345721					1571,875	0,838533555579646	1571,875	0,961337245475515					1571,875	0,953907836749055	1571,875	0,938292471308821					1571,875	0,899733529163006																																	
1575	0,486321005711428					1575	0,735401136773646	1575	0,947132783615655					1575	0,838430170679158	1575	0,96176112587021					1575	0,954059465731629	1575	0,937966555642625					1575	0,899356063853676																																	
1578,125	0,492825245555507					1578,125	0,739009471774125	1578,125	0,948031014721403					1578,125	0,840835871099768	1578,125	0,962311812855241					1578,125	0,95444081171675	1578,125	0,938050835330206					1578,125	0,899529095431869																																	
1581,25	0,492565826424577					1581,25	0,740294948164203	1581,25	0,948830613212937					1581,25	0,842151969010821	1581,25	0,962911330937405					1581,25	0,954944754282512	1581,25	0,9381622780329					1581,25	0,899754378001676																																	
1584,375	0,495334613435631					1584,375	0,74219793564103	1584,375	0,949361057288493					1584,375	0,843401260962559	1584,375	0,963356779431932					1584,375	0,955202087979787	1584,375	0,938159035982003					1584,375	0,900142295637912																																	
1587,5	0,496773680986807					1587,5	0,743671161629794	1587,5	0,949954804519192					1587,5	0,844754532436659	1587,5	0,963837747860508					1587,5	0,955426708104481	1587,5	0,938086488704577					1587,5	0,90020721231166																																	
1590,625	0,49437050294156					1590,625	0,742901414822138	1590,625	0,950070499683378					1590,625	0,844660977397577	1590,625	0,96416969061825					1590,625	0,955534588261248	1590,625	0,937803538695936					1590,625	0,8996823914435																																	
1593,75	0,491894195519001					1593,75	0,742971915467403	1593,75	0,950604319629544					1593,75	0,844916501383756	1593,75	0,964746361100659					1593,75	0,955873467707884	1593,75	0,93761892613144					1593,75	0,899658550750015																																	
1596,875	0,492981524038473					1596,875	0,74458585696324	1596,875	0,951384845384985					1596,875	0,846202716468411	1596,875	0,965460522823218					1596,875	0,956211000209104	1596,875	0,93763988764519					1596,875	0,900117246173585																																	
1600	0,492150075135472					1600	0,745412745020062	1600	0,951859375718752					1600	0,847180472613832	1600	0,965902785697553					1600	0,956197214248753	1600	0,937455065776365					1600	0,899958354214744																																	
1603,125	0,497558875159141					1603,125	0,749044261636263	1603,125	0,952657936045135					1603,125	0,849457420761986	1603,125	0,966680027401475					1603,125	0,95654796711268	1603,125	0,937368883972434					1603,125	0,900088015632009																																	
1606,25	0,493313992374609					1606,25	0,74768249541943	1606,25	0,952747661632609					1606,25	0,848949526117002	1606,25	0,966870375751207					1606,25	0,956693053193049	1606,25	0,937081411265669					1606,25	0,900022003350495																																	
1609,375	0,497623068239657					1609,375	0,750845313468261	1609,375	0,953941741984246					1609,375	0,851094145373771	1609,375	0,968030515811123					1609,375	0,957185735816523	1609,375	0,937283239020167					1609,375	0,900760884242421																																	
1612,5	0,504728210945339					1612,5	0,754258921687412	1612,5	0,954413711661379					1612,5	0,852931896001564	1612,5	0,96865802863726					1612,5	0,9573652254714	1612,5	0,937056314462381					1612,5	0,901123005752334																																	
1615,625	0,506535017544103					1615,625	0,755958819979869	1615,625	0,955017803470461					1615,625	0,854516414379889	1615,625	0,969302737259582					1615,625	0,957523759798568	1615,625	0,936957451460412					1615,625	0,901466610436763																																	
1618,75	0,50588517631673					1618,75	0,757171766769803	1618,75	0,955702316512563					1618,75	0,855760891126754	1618,75	0,970136109699481					1618,75	0,957902372045952	1618,75	0,937042823264086					1618,75	0,901819601500757																																	
1621,875	0,502375104363314					1621,875	0,756749784737576	1621,875	0,955524999549449					1621,875	0,854954605380002	1621,875	0,970286059256002					1621,875	0,957951428005876	1621,875	0,9367563425619					1621,875	0,901924837016584																																	
1625	0,509404451109667					1625	0,760330927187948	1625	0,956335909518037					1625	0,857496235507397	1625	0,971060627543886					1625	0,95834772881326	1625	0,936987519924686					1625	0,903230720704112																																	
1628,125	0,508207254763673					1628,125	0,760986657586247	1628,125	0,95688015663446					1628,125	0,858147788515879	1628,125	0,971585327089785					1628,125	0,958389698950456	1628,125	0,936761083128076					1628,125	0,903101434675283																																	
1631,25	0,51546380434984					1631,25	0,76554112590983	1631,25	0,957981322843639					1631,25	0,86106125683523	1631,25	0,972124816866579					1631,25	0,958733417867463	1631,25	0,936991493041443					1631,25	0,903221430988428																																	
1634,375	0,507370200782046					1634,375	0,762950024885126	1634,375	0,957891426244981					1634,375	0,860010381834027	1634,375	0,972148735066203					1634,375	0,958611936499228	1634,375	0,9365039333498					1634,375	0,902846037935185																																	
1637,5	0,516899070805133					1637,5	0,76794190671299	1637,5	0,958814400160839					1637,5	0,862859703595939	1637,5	0,972725105018848					1637,5	0,959070629551434	1637,5	0,936776833803093					1637,5	0,903165770283038																																	
1640,625	0,505251108088871					1640,625	0,763499509394434	1640,625	0,958086859868202					1640,625	0,860111449529203	1640,625	0,972530295740357					1640,625	0,958690914629667	1640,625	0,935677508402286					1640,625	0,90214308542166																																	
1643,75	0,50756665372534					1643,75	0,765715129211739	1643,75	0,958873189415899					1643,75	0,86132101128627	1643,75	0,972794084712716					1643,75	0,95896347561283	1643,75	0,935839192271073					1643,75	0,902123727648614																																	
1646,875	0,50808861075088					1646,875	0,766913035144755	1646,875	0,959322275500194					1646,875	0,862286381407018	1646,875	0,97282542316323					1646,875	0,958982158969307	1646,875	0,935847188635566					1646,875	0,902069280709352																																	
1650	0,513546073175259					1650	0,770512008776532	1650	0,960112945175506					1650	0,864595049775189	1650	0,973081905498473					1650	0,95922271798068	1650	0,936086229478061					1650	0,901795933134745																																	
1653,125	0,516317457831697					1653,125	0,772406499253001	1653,125	0,96068269301184					1653,125	0,865820723926874	1653,125	0,973264263603571					1653,125	0,959197566291712	1653,125	0,935892885908836					1653,125	0,901055261540916																																	
1656,25	0,512715047997091					1656,25	0,771077989072515	1656,25	0,9606601938809					1656,25	0,865299752656639	1656,25	0,9731863352072					1656,25	0,959024433025822	1656,25	0,935470863323423					1656,25	0,900543774236474																																	
1659,375	0,51469888004405					1659,375	0,772345624381291	1659,375	0,961376574186379					1659,375	0,866971521344371	1659,375	0,973668948702872					1659,375	0,959304535964907	1659,375	0,935757714817921					1659,375	0,900395269876527																																	
1662,5	0,516465818659553					1662,5	0,773304694394665	1662,5	0,961869289165545					1662,5	0,868238702602121	1662,5	0,97397250496904					1662,5	0,95937638776915	1662,5	0,935792440800748					1662,5	0,899548323231811																																	
1665,625	0,518504879307795					1665,625	0,774241974883055	1665,625	0,962315356598211					1665,625	0,869250496300675	1665,625	0,974180171092387					1665,625	0,959314020278799	1665,625	0,935484718257832					1665,625	0,898554789572935																																	
1668,75	0,523484721545595					1668,75	0,776695902054003	1668,75	0,963336531720925					1668,75	0,871777453040878	1668,75	0,974764797620672					1668,75	0,959613126413123	1668,75	0,935555600482184					1668,75	0,898165508599057																																	
1671,875	0,524644767924774					1671,875	0,777060473998021	1671,875	0,964002228974932					1671,875	0,872957236532383	1671,875	0,975455557977408					1671,875	0,960109312280862	1671,875	0,936038200138995					1671,875	0,898044652510006																																	
1675	0,517298538537476					1675	0,77407934647324	1675	0,963550284059445					1675	0,871381078282201	1675	0,975374780429776					1675	0,959728158780167	1675	0,935169217099992					1675	0,896571330325974																																	
1678,125	0,520460900895458					1678,125	0,775757460379592	1678,125	0,964317504261751					1678,125	0,872895846393797	1678,125	0,975928420992014					1678,125	0,960090143132154	1678,125	0,935225069432054					1678,125	0,895713567020544																																	
1681,25	0,520629769336374					1681,25	0,775839622648467	1681,25	0,964619985248037					1681,25	0,873463037826868	1681,25	0,976106355550587					1681,25	0,959955465250116	1681,25	0,935089311065126					1681,25	0,894791068642313																																	
1684,375	0,521806235005502					1684,375	0,776303184797762	1684,375	0,965079382756355					1684,375	0,874247192393228	1684,375	0,976512474987436					1684,375	0,959799145560467	1684,375	0,935154591283567					1684,375	0,894177457500774																																	
1687,5	0,528934213998423					1687,5	0,780344530783191	1687,5	0,966380140591401					1687,5	0,877262158989708	1687,5	0,977181355118603					1687,5	0,960076633973046	1687,5	0,935540312270493					1687,5	0,893938021243561																																	
1690,625	0,527970635021795					1690,625	0,780358859787852	1690,625	0,966764955808344					1690,625	0,877775582513861	1690,625	0,977374948333754					1690,625	0,959997485070069	1690,625	0,935499841561675					1690,625	0,89294001557805																																	
1693,75	0,531359491221979					1693,75	0,782272320716608	1693,75	0,967680059342707					1693,75	0,879415677564755	1693,75	0,977924613038217					1693,75	0,96026165273199	1693,75	0,935888507049531					1693,75	0,892925779472009																																	
1696,875	0,529392421014728					1696,875	0,78209436202982	1696,875	0,968126022570093					1696,875	0,879726430727903	1696,875	0,97803268005256					1696,875	0,96012874758876	1696,875	0,93563841741398					1696,875	0,892187179332289																																	
1700	0,528388911151097					1700	0,782130064622695	1700	0,968617266211918					1700	0,880231189004588	1700	0,978416703646044					1700	0,960127957068485	1700	0,935501157790758					1700	0,891276003369268																																	
1703,125	0,529025587028367					1703,125	0,782717049481044	1703,125	0,969164189145284					1703,125	0,881056196375778	1703,125	0,97867262091526					1703,125	0,959995752859446	1703,125	0,935317812221982					1703,125	0,890472407978044																																	
1706,25	0,530081222600618					1706,25	0,783874513684336	1706,25	0,969759790034065					1706,25	0,882210977899778	1706,25	0,97892066442362					1706,25	0,960049714427416	1706,25	0,935279425530882					1706,25	0,890388223799556																																	
1709,375	0,52945572187209					1709,375	0,784195555574611	1709,375	0,9703594053589					1709,375	0,882755348342831	1709,375	0,979193045346975					1709,375	0,96000331288085	1709,375	0,93547776583412					1709,375	0,890068082014704																																	
1712,5	0,533786324881457					1712,5	0,786652097996462	1712,5	0,971187944117656					1712,5	0,884247101484599	1712,5	0,979444143966705					1712,5	0,959919724059046	1712,5	0,935381102252769					1712,5	0,889419680176031																																	
1715,625	0,535316099554906					1715,625	0,788373351149681	1715,625	0,972005610220115					1715,625	0,885193601220732	1715,625	0,979793988780116					1715,625	0,960067943481656	1715,625	0,935424637069606					1715,625	0,888760387966551																																	
1718,75	0,53743877563558					1718,75	0,790157949918512	1718,75	0,972648217099962					1718,75	0,886243371462414	1718,75	0,98008184335119					1718,75	0,960199099526956	1718,75	0,935582925559922					1718,75	0,888672800217641																																	
1721,875	0,534383548627706					1721,875	0,789393076632502	1721,875	0,973203313127545					1721,875	0,885873800895511	1721,875	0,980327320258681					1721,875	0,96027695539648	1721,875	0,93560596549906					1721,875	0,888160856892597																																	
1725	0,5346809731179					1725	0,789897746080735	1725	0,973628961407672					1725	0,88614641148717	1725	0,980437288052306					1725	0,960016929249653	1725	0,935203865476543					1725	0,887589476251824																																	
1728,125	0,535332145467181					1728,125	0,791148237057379	1728,125	0,974459522368947					1728,125	0,886971025627822	1728,125	0,980760331874912					1728,125	0,960179984182025	1728,125	0,935368074873836					1728,125	0,887900104085518																																	
1731,25	0,538873306572409					1731,25	0,793605114517683	1731,25	0,97514678398359					1731,25	0,888320727214945	1731,25	0,981054029319532					1731,25	0,960347119220555	1731,25	0,935476469504488					1731,25	0,888068221985194																																	
1734,375	0,540168218229152					1734,375	0,794828582992156	1734,375	0,975705459523915					1734,375	0,888953860597673	1734,375	0,981181514228383					1734,375	0,960220843852965	1734,375	0,935197384071486					1734,375	0,88743820671599																																	
1737,5	0,536359732861758					1737,5	0,794080785942014	1737,5	0,976295441447007					1737,5	0,888700611836939	1737,5	0,981489433633011					1737,5	0,9601621893619	1737,5	0,93511905480663					1737,5	0,887110240527139																																	
1740,625	0,531451005626837					1740,625	0,792237701237881	1740,625	0,976549490412264					1740,625	0,887674351888991	1740,625	0,981466252876716					1740,625	0,96001420072482	1740,625	0,934439946291811					1740,625	0,886138346497299																																	
1743,75	0,540093041217194					1743,75	0,796918827851931	1743,75	0,977575288158074					1743,75	0,890403805893785	1743,75	0,981844931347011					1743,75	0,960658107051195	1743,75	0,935308337982354					1743,75	0,887754300651656																																	
1746,875	0,543046179309626					1746,875	0,798846107935333	1746,875	0,978188010077001					1746,875	0,891662988150384	1746,875	0,98202345475378					1746,875	0,960690793242481	1746,875	0,935278894913144					1746,875	0,888139692909149																																	
1750	0,541633275787462					1750	0,798796631871062	1750	0,978664225927614					1750	0,891616532162948	1750	0,982121728921096					1750	0,960602614304971	1750	0,934837071543562					1750	0,887396062108805																																	
1753,125	0,543291281146951					1753,125	0,799997923297158	1753,125	0,979260010215657					1753,125	0,892280630143185	1753,125	0,982273020381819					1753,125	0,960614219125133	1753,125	0,934851237736921					1753,125	0,887825630977305																																	
1756,25	0,543001299203486					1756,25	0,800378144541376	1756,25	0,979730158876984					1756,25	0,892702993672806	1756,25	0,982451959797231					1756,25	0,960565026916623	1756,25	0,934838386849997					1756,25	0,887871032998378																																	
1759,375	0,544513443638384					1759,375	0,801571839287702	1759,375	0,980275804258923					1759,375	0,893425990903177	1759,375	0,982720328546458					1759,375	0,960875624517033	1759,375	0,935035216520126					1759,375	0,888935103030414																																	
1762,5	0,544508138404776					1762,5	0,802167410807713	1762,5	0,980672324835246					1762,5	0,89390100642582	1762,5	0,982766253452712					1762,5	0,960687046197449	1762,5	0,934715046896384					1762,5	0,889105731139372																																	
1765,625	0,547406378253915					1765,625	0,803984529781062	1765,625	0,981189690669477					1765,625	0,895158863610085	1765,625	0,982955037648647					1765,625	0,960717916453023	1765,625	0,93474562652175					1765,625	0,889643154874548																																	
1768,75	0,54471091593689					1768,75	0,803443314757899	1768,75	0,981487463112464					1768,75	0,895000731480101	1768,75	0,983017654820453					1768,75	0,960713451072023	1768,75	0,934365783315617					1768,75	0,890116242705953																																	
1771,875	0,548424590630555					1771,875	0,805973525545145	1771,875	0,982046540893571					1771,875	0,896623470189128	1771,875	0,983199571326277					1771,875	0,960904562353721	1771,875	0,934835940888233					1771,875	0,891331172282197																																	
1775	0,551517896373401					1775	0,807893276972755	1775	0,982496736840476					1775	0,897826423112114	1775	0,983307282349133					1775	0,960876760460348	1775	0,93485691652224					1775	0,891828649126468																																	
1778,125	0,550010908466164					1778,125	0,807410864082986	1778,125	0,982798171827223					1778,125	0,897811515495873	1778,125	0,98344157125374					1778,125	0,960735743741699	1778,125	0,934567970562239					1778,125	0,891696415067043																																	
1781,25	0,547893529084132					1781,25	0,80728813345522	1781,25	0,983108303029969					1781,25	0,897876836922349	1781,25	0,983523791910239					1781,25	0,960573181770403	1781,25	0,934341519666054					1781,25	0,891145270022979																																	
1784,375	0,5530124254705					1784,375	0,810268206234802	1784,375	0,98361845229895					1784,375	0,899601431111341	1784,375	0,983626050526049					1784,375	0,960715171240209	1784,375	0,934605186795505					1784,375	0,891544098649624																																	
1787,5	0,55432052331161					1787,5	0,811512710044577	1787,5	0,984073629459464					1787,5	0,900472114710719	1787,5	0,983854559926938					1787,5	0,960907732503733	1787,5	0,934829149084261					1787,5	0,891893154128399																																	
1790,625	0,553656106778692					1790,625	0,811655389788766	1790,625	0,984342115053537					1790,625	0,900691667356859	1790,625	0,983946629910591					1790,625	0,960742523085834	1790,625	0,934812509196586					1790,625	0,891729505906159																																	
1793,75	0,551983657447623					1793,75	0,811300405162119	1793,75	0,984576917963556					1793,75	0,900630598349939	1793,75	0,983925350244414					1793,75	0,960370360005604	1793,75	0,934235985385588					1793,75	0,89112221263217																																	
1796,875	0,551592197056838					1796,875	0,811465202771541	1796,875	0,984911075514556					1796,875	0,900781463464564	1796,875	0,984080694282106					1796,875	0,96056652329696	1796,875	0,934332647470416					1796,875	0,89165914598838																																	
1800	0,552260530031875					1800	0,812088459084468	1800	0,985133002013819					1800	0,901289754298719	1800	0,984132334030337					1800	0,96053922393826	1800	0,934409140721003					1800	0,891884495533286																																	
1803,125	0,555359785778482					1803,125	0,814269895018613	1803,125	0,985639364226505					1803,125	0,902707573163323	1803,125	0,984318502932311					1803,125	0,9606452709872	1803,125	0,934594487638622					1803,125	0,892391921299259																																	
1806,25	0,556378763765577					1806,25	0,815325021680575	1806,25	0,986068729061324					1806,25	0,903559657640781	1806,25	0,984383201117813					1806,25	0,960613828247111	1806,25	0,934513867207575					1806,25	0,892577181974219																																	
1809,375	0,557695090257806					1809,375	0,816220942907199	1809,375	0,986319531826844					1809,375	0,9041473831294	1809,375	0,984475064574452					1809,375	0,960710622825966	1809,375	0,934700733687247					1809,375	0,892877918890757																																	
1812,5	0,557234044412368					1812,5	0,816614460811429	1812,5	0,986590314470451					1812,5	0,904554482463044	1812,5	0,984572786322005					1812,5	0,960624718367471	1812,5	0,934608143013347					1812,5	0,89275639170469																																	
1815,625	0,557005047585988					1815,625	0,816877957081065	1815,625	0,986890007097406					1815,625	0,904885130268667	1815,625	0,984547648223421					1815,625	0,96041771598017	1815,625	0,934251243515906					1815,625	0,892139872070157																																	
1818,75	0,560195955894905					1818,75	0,818797453916172	1818,75	0,987295832843539					1818,75	0,906119706372114	1818,75	0,984595687855667					1818,75	0,960578221001102	1818,75	0,934599741228607					1818,75	0,892813670755946																																	
1821,875	0,56039974798591					1821,875	0,819306431026015	1821,875	0,987569997524149					1821,875	0,906543002052502	1821,875	0,984733091686593					1821,875	0,960714767795929	1821,875	0,934957680017675					1821,875	0,893258114109998																																	
1825	0,558549348827365					1825	0,819041752190377	1825	0,987812446313343					1825	0,906541436982532	1825	0,984845358995619					1825	0,960518053830078	1825	0,934818149423179					1825	0,893132664513728																																	
1828,125	0,56129660796017					1828,125	0,82078675687506	1828,125	0,988181303969902					1828,125	0,907776088919146	1828,125	0,984800058248217					1828,125	0,960418060563376	1828,125	0,934601202218334					1828,125	0,893204705612374																																	
1831,25	0,562520500649359					1831,25	0,821861720395946	1831,25	0,988472591786908					1831,25	0,908492960534884	1831,25	0,984820169714263					1831,25	0,960348230014036	1831,25	0,934436998230309					1831,25	0,893102671943584																																	
1834,375	0,560348279638886					1834,375	0,821547197856667	1834,375	0,988604939258967					1834,375	0,908543635105934	1834,375	0,984796415451626					1834,375	0,960053464481168	1834,375	0,933890898723732					1834,375	0,892516057235436																																	
1837,5	0,569093513022392					1837,5	0,825586477785396	1837,5	0,989101484093311					1837,5	0,910910695335111	1837,5	0,985025122321318					1837,5	0,960562963880895	1837,5	0,934861727923292					1837,5	0,893716073877449																																	
1840,625	0,56894357027894					1840,625	0,825930438963701	1840,625	0,989473944983182					1840,625	0,911311226751265	1840,625	0,985124386810505					1840,625	0,960532508822124	1840,625	0,93499629832527					1840,625	0,893738343605112																																	
1843,75	0,569122687204388					1843,75	0,826588820179597	1843,75	0,98972183692011					1843,75	0,911908714718775	1843,75	0,985156462835853					1843,75	0,960543546006123	1843,75	0,934849524248408					1843,75	0,893672962145017																																	
1846,875	0,567809789260496					1846,875	0,826625664196298	1846,875	0,9899463865834					1846,875	0,912150160296926	1846,875	0,985220370031349					1846,875	0,960426418734878	1846,875	0,934710936072206					1846,875	0,893357094057521																																	
1850	0,561859034484297					1850	0,824585275684338	1850	0,990105909748041					1850	0,91129102237623	1850	0,985161198958909					1850	0,959969538464048	1850	0,933965653603329					1850	0,892281524650269																																	
1853,125	0,566475629756007					1853,125	0,82704239692194	1853,125	0,990391053172292					1853,125	0,91277037143578	1853,125	0,98520932103678					1853,125	0,960098673167293	1853,125	0,934234400966145					1853,125	0,892686928250631																																	
1856,25	0,570745757887753					1856,25	0,829124244394161	1856,25	0,990681359210421					1856,25	0,914200725436993	1856,25	0,98521779171999					1856,25	0,960223644214805	1856,25	0,934531200599776					1856,25	0,893051017237964																																	
1859,375	0,569588723577533					1859,375	0,829035426769218	1859,375	0,990909014685216					1859,375	0,914375699093458	1859,375	0,985223817164295					1859,375	0,960086743110663	1859,375	0,9342749805066					1859,375	0,892548249994481																																	
1862,5	0,568701523708201					1862,5	0,829090974095931	1862,5	0,991081768559073					1862,5	0,914483459805598	1862,5	0,985235262469701					1862,5	0,959931909355355	1862,5	0,933901365652764					1862,5	0,892077704678155																																	
1865,625	0,569684944863837					1865,625	0,829830447262253	1865,625	0,991244846819818					1865,625	0,914804272277436	1865,625	0,985273651688044					1865,625	0,959972647300564	1865,625	0,933782991431856					1865,625	0,892102371625568																																	
1868,75	0,569792215404814					1868,75	0,830414681383891	1868,75	0,991405824070414					1868,75	0,915497552184998	1868,75	0,985290583901862					1868,75	0,959874009997386	1868,75	0,933694447514199					1868,75	0,89206731258373																																	
1871,875	0,571077023425637					1871,875	0,831656777657816	1871,875	0,991707860566186					1871,875	0,916439288310815	1871,875	0,985317732923608					1871,875	0,95985112945378	1871,875	0,933660031804882					1871,875	0,892009968394893																																	
1875	0,572253870123605					1875	0,832400658295164	1875	0,991907773990487					1875	0,916969301657587	1875	0,985332700534362					1875	0,959868507455524	1875	0,933700964452852					1875	0,891995093098982																																	
1878,125	0,575579535092935					1878,125	0,834287866567087	1878,125	0,992207505859629					1878,125	0,918190951739331	1878,125	0,985448011486769					1878,125	0,960180536976679	1878,125	0,934095751815062					1878,125	0,892521241961259																																	
1881,25	0,573177527532654					1881,25	0,833773081739022	1881,25	0,992352840615239					1881,25	0,918251661767757	1881,25	0,985431142670271					1881,25	0,960018649161014	1881,25	0,933610059418864					1881,25	0,891790255200254																																	
1884,375	0,575396772885979					1884,375	0,834945971439168	1884,375	0,992593816284364					1884,375	0,918855268152353	1884,375	0,985512966112478					1884,375	0,960124937487398	1884,375	0,933691801627667					1884,375	0,891895431147385																																	
1887,5	0,57525028336472					1887,5	0,835202426909052	1887,5	0,992820504700596					1887,5	0,919056339350905	1887,5	0,985591206543411					1887,5	0,96022603860333	1887,5	0,933721494236551					1887,5	0,8918602760073																																	
1890,625	0,570578143741921					1890,625	0,833565134912548	1890,625	0,992853380512963					1890,625	0,918603320432633	1890,625	0,985382524064118					1890,625	0,959746369765886	1890,625	0,932963810582886					1890,625	0,890816167841249																																	
1893,75	0,574823636374576					1893,75	0,836378940444262	1893,75	0,993228682421427					1893,75	0,920258429791988	1893,75	0,985552905808408					1893,75	0,960116947614336	1893,75	0,933495637333183					1893,75	0,891869677942129																																	
1896,875	0,577140645787348					1896,875	0,837679648204471	1896,875	0,993347530968745					1896,875	0,920935296569304	1896,875	0,985577755629814					1896,875	0,959957052690127	1896,875	0,933306604045426					1896,875	0,891457522655154																																	
1900	0,578386796954242					1900	0,83815045882795	1900	0,993482542503872					1900	0,921312763492328	1900	0,985638321364696					1900	0,96002581879997	1900	0,93320231424843					1900	0,891399670600828																																	
1903,125	0,578289855882082					1903,125	0,838346838310509	1903,125	0,993665742934606					1903,125	0,921772164425185	1903,125	0,985690485393506					1903,125	0,960120902679816	1903,125	0,933172904578602					1903,125	0,891471415644556																																	
1906,25	0,577278748346604					1906,25	0,838580528874442	1906,25	0,993822793175103					1906,25	0,922122719609785	1906,25	0,985636954152459					1906,25	0,960071543521829	1906,25	0,932882359156349					1906,25	0,89109518047542																																	
1909,375	0,578628117845015					1909,375	0,839735131169607	1909,375	0,994001906999008					1909,375	0,922897169287848	1909,375	0,985611660994351					1909,375	0,960151847086616	1909,375	0,932858947805809					1909,375	0,89113796818534																																	
1912,5	0,582892616619487					1912,5	0,841637539356255	1912,5	0,994202330168677					1912,5	0,924088688747755	1912,5	0,985636874245436					1912,5	0,960257717947201	1912,5	0,932992670884933					1912,5	0,891501180371879																																	
1915,625	0,585192719054232					1915,625	0,842905017230391	1915,625	0,994414753901525					1915,625	0,924853752505502	1915,625	0,985718366282404					1915,625	0,960450774536259	1915,625	0,933144823978266					1915,625	0,891726722208969																																	
1918,75	0,582144614727769					1918,75	0,842119815940818	1918,75	0,994509678140189					1918,75	0,924641958411332	1918,75	0,985669495134319					1918,75	0,960133427555372	1918,75	0,932678701730008					1918,75	0,890955639734575																																	
1921,875	0,585118750989834					1921,875	0,843859338459036	1921,875	0,994736624100767					1921,875	0,925592196660069	1921,875	0,985890311307064					1921,875	0,960474891538016	1921,875	0,933159062078376					1921,875	0,891688139501451																																	
1925	0,585462215220286					1925	0,844550591883788	1925	0,994849157162541					1925	0,925997704247293	1925	0,985878072881845					1925	0,960476301782935	1925	0,933003725039117					1925	0,891479116012144																																	
1928,125	0,585205409572797					1928,125	0,844806050552735	1928,125	0,995004583600548					1928,125	0,926467599065601	1928,125	0,985905411783033					1928,125	0,960576559167918	1928,125	0,933040043625518					1928,125	0,891700125386243																																	
1931,25	0,584402691049878					1931,25	0,844619742557202	1931,25	0,995080727745793					1931,25	0,926507041245385	1931,25	0,985880048184046					1931,25	0,960374590640181	1931,25	0,932673359323225					1931,25	0,891242624615548																																	
1934,375	0,58393977190375					1934,375	0,844558614018735	1934,375	0,995181700105331					1934,375	0,926869853380738	1934,375	0,985843879420377					1934,375	0,960195986541974	1934,375	0,932239679665666					1934,375	0,890631176575956																																	
1937,5	0,583548789958788					1937,5	0,845056394644663	1937,5	0,995290412679713					1937,5	0,927425724771791	1937,5	0,985762015537548					1937,5	0,960105485284387	1937,5	0,931913698941846					1937,5	0,890331873690605																																	
1940,625	0,582095628148613					1940,625	0,84497798363383	1940,625	0,995391296066782					1940,625	0,927636422500002	1940,625	0,985784027707685					1940,625	0,960011999516102	1940,625	0,931689623488317					1940,625	0,889916712235052																																	
1943,75	0,589755386426525					1943,75	0,847995477863507	1943,75	0,995642909176031					1943,75	0,929253331298582	1943,75	0,985969581877759					1943,75	0,960338314835467	1943,75	0,932273797159502					1943,75	0,890760940481276																																	
1946,875	0,593508860079231					1946,875	0,849672514249204	1946,875	0,99581228444632					1946,875	0,930094888685584	1946,875	0,986069440108611					1946,875	0,960554912311229	1946,875	0,93245210177318					1946,875	0,891216020141174																																	
1950	0,590227329345075					1950	0,849378975721878	1950	0,995940001767729					1950	0,930240585207952	1950	0,986094164123808					1950	0,960497637812934	1950	0,932231916138994					1950	0,890831913087638																																	
1953,125	0,594035415575477					1953,125	0,850650528157674	1953,125	0,996005215365803					1953,125	0,930924034325395	1953,125	0,98606776958142					1953,125	0,96037245070723	1953,125	0,932016741349635					1953,125	0,890611949014488																																	
1956,25	0,593386027772762					1956,25	0,850755314279097	1956,25	0,99612470852817					1956,25	0,931099366180748	1956,25	0,98612685714879					1956,25	0,960300446542451	1956,25	0,931978980376887					1956,25	0,89041387179408																																	
1959,375	0,590665929066256					1959,375	0,850031842791484	1959,375	0,996204139547488					1959,375	0,931077094302075	1959,375	0,986126838323407					1959,375	0,960015897022505	1959,375	0,931549566355685					1959,375	0,889906091474116																																	
1962,5	0,5935384709526					1962,5	0,851612967008335	1962,5	0,996405067307631					1962,5	0,932260952898924	1962,5	0,98630166534239					1962,5	0,960326914931516	1962,5	0,931940342921252					1962,5	0,890494947542536																																	
1965,625	0,596680811757281					1965,625	0,852938135974135	1965,625	0,996511408003198					1965,625	0,933002593137436	1965,625	0,98643911403516					1965,625	0,96060488233484	1965,625	0,932217773480847					1965,625	0,890944691512866																																	
1968,75	0,59351565175933					1968,75	0,852487834423935	1968,75	0,996578420917607					1968,75	0,932931807445946	1968,75	0,98643878221854					1968,75	0,960417727742968	1968,75	0,93180001255053					1968,75	0,890260284104987																																	
1971,875	0,590316861363487					1971,875	0,851865925151125	1971,875	0,996643219494249					1971,875	0,932875925784069	1971,875	0,986408424071022					1971,875	0,960202208506589	1971,875	0,931478492810549					1971,875	0,889727685423292																																	
1975	0,596511850594249					1975	0,854339593618693	1975	0,996800534709016					1975	0,934194687879214	1975	0,986565118761267					1975	0,960611398618583	1975	0,932311694695596					1975	0,891043652647178																																	
1978,125	0,595636557562646					1978,125	0,85428467537268	1978,125	0,996895326899969					1978,125	0,934476261525121	1978,125	0,986743100246261					1978,125	0,960637781001613	1978,125	0,932079675082072					1978,125	0,890938886177867																																	
1981,25	0,596277882099224					1981,25	0,854906506915055	1981,25	0,996996280584965					1981,25	0,934941882266413	1981,25	0,986725620009677					1981,25	0,960524414308378	1981,25	0,931986284060838					1981,25	0,890508173926388																																	
1984,375	0,599040344059471					1984,375	0,856233122130336	1984,375	0,997151038944043					1984,375	0,935795471752108	1984,375	0,986781781107072					1984,375	0,960664140525411	1984,375	0,932348746401788					1984,375	0,890940602337542																																	
1987,5	0,594155073089491					1987,5	0,854889097246137	1987,5	0,997228372158453					1987,5	0,935321551556748	1987,5	0,986713134339727					1987,5	0,960365503978858	1987,5	0,931657227787752					1987,5	0,889976945702818																																	
1990,625	0,59161096510819					1990,625	0,854198148999487	1990,625	0,997312692913851					1990,625	0,93523770642855	1990,625	0,986761249391108					1990,625	0,960223114492119	1990,625	0,931154516464319					1990,625	0,889403749322864																																	
1993,75	0,595225712388895					1993,75	0,855749922728181	1993,75	0,997442610637835					1993,75	0,936176436177684	1993,75	0,986917156316946					1993,75	0,960506360086933	1993,75	0,931730776946043					1993,75	0,89011376566122																																	
1996,875	0,594545482348515					1996,875	0,856211475986916	1996,875	0,997563820702924					1996,875	0,936721250897885	1996,875	0,986951839326961					1996,875	0,960536103590711	1996,875	0,931845084522607					1996,875	0,890039325135394																																	
2000	0,592237398983706					2000	0,856141257474952	2000	0,997671263955988					2000	0,936930047651071	2000	0,986990225850865					2000	0,960401644981813	2000	0,931672493179338					2000	0,889608547688715																																	
2003,125	0,594925240326365					2003,125	0,857349722951685	2003,125	0,997762084258083					2003,125	0,937536579981805	2003,125	0,987040773477991					2003,125	0,960445157346193	2003,125	0,931932463708055					2003,125	0,89011546330949																																	
2006,25	0,596568739661125					2006,25	0,858137811558516	2006,25	0,997826633762871					2006,25	0,938066490325289	2006,25	0,986997167406653					2006,25	0,960255110224706	2006,25	0,931698972877231					2006,25	0,889794739137463																																	
2009,375	0,602276201482599					2009,375	0,859767823635296	2009,375	0,997921377299488					2009,375	0,938956335493265	2009,375	0,987194896838253					2009,375	0,96055310332689	2009,375	0,932208906284025					2009,375	0,890479765923563																																	
2012,5	0,601647348985395					2012,5	0,859933775353663	2012,5	0,99802122546625					2012,5	0,939207354003026	2012,5	0,987181477000418					2012,5	0,960522174338897	2012,5	0,932047328849889					2012,5	0,890088719294899																																	
2015,625	0,599772253506695					2015,625	0,860050589197203	2015,625	0,99809633410802					2015,625	0,939475518400576	2015,625	0,987147639914949					2015,625	0,960405284684683	2015,625	0,932179292120846					2015,625	0,890082080742655																																	
2018,75	0,60058357389324					2018,75	0,860615381021088	2018,75	0,998190809146762					2018,75	0,939942522522807	2018,75	0,987226151752647					2018,75	0,96043498612378	2018,75	0,932112510963991					2018,75	0,889948994161669																																	
2021,875	0,605276424012977					2021,875	0,862315387790308	2021,875	0,998314284043733					2021,875	0,940746339873087	2021,875	0,987315258247734					2021,875	0,960670912203705	2021,875	0,932441557054864					2021,875	0,890081302376227																																	
2025	0,60778195029245					2025	0,86341854917557	2025	0,998400794041205					2025	0,941392930689757	2025	0,987330078322995					2025	0,960739144900099	2025	0,932566010869253					2025	0,890116513642487																																	
2028,125	0,610178830887555					2028,125	0,8644216230037	2028,125	0,998482931870473					2028,125	0,941984159933329	2028,125	0,987393375259297					2028,125	0,960834241692629	2028,125	0,93295619243626					2028,125	0,890503426575645																																	
2031,25	0,604511887222554					2031,25	0,862979549425043	2031,25	0,998570113964436					2031,25	0,941647296550353	2031,25	0,987447560978772					2031,25	0,960620098282616	2031,25	0,9326819315346					2031,25	0,889759932091144																																	
2034,375	0,603352799846031					2034,375	0,863351584639358	2034,375	0,998613830298923					2034,375	0,941927142520998	2034,375	0,987425337766288					2034,375	0,960568644574739	2034,375	0,932753345145151					2034,375	0,889721830861876																																	
2037,5	0,608338767077595					2037,5	0,865294909579893	2037,5	0,998711132792117					2037,5	0,942883428098855	2037,5	0,987431214150487					2037,5	0,960863801364901	2037,5	0,933429839691786					2037,5	0,890281524820337																																	
2040,625	0,611412534789576					2040,625	0,865984015887528	2040,625	0,998822700540008					2040,625	0,943387089345081	2040,625	0,987392579415867					2040,625	0,960620320520172	2040,625	0,933191142417718					2040,625	0,88939954649677																																	
2043,75	0,611078024729741					2043,75	0,866235563968069	2043,75	0,998871218096016					2043,75	0,943731859853243	2043,75	0,987348373604383					2043,75	0,960619198498395	2043,75	0,933278154184037					2043,75	0,889192515674987																																	
2046,875	0,611794157670374					2046,875	0,86639428103497	2046,875	0,998917605007603					2046,875	0,943845107895076	2046,875	0,987426229564242					2046,875	0,960452532102014	2046,875	0,933224449789092					2046,875	0,888868302671044																																	
2050	0,611071482592814					2050	0,866811688311623	2050	0,99899656629086					2050	0,944256556979019	2050	0,987345259139045					2050	0,960374744796849	2050	0,933300449548653					2050	0,888578686107817																																	
2053,125	0,60883999181169					2053,125	0,867071616942286	2053,125	0,999049887785109					2053,125	0,9445723761821	2053,125	0,987318002845681					2053,125	0,960584435271026	2053,125	0,933967278712885					2053,125	0,8891703334845																																	
2056,25	0,615736093751358					2056,25	0,869224711925247	2056,25	0,999126229334324					2056,25	0,945594050840562	2056,25	0,987378624813264					2056,25	0,960808157495242	2056,25	0,934607459410051					2056,25	0,88943398726884																																	
2059,375	0,611001106160661					2059,375	0,867870249846374	2059,375	0,999167585811395					2059,375	0,945210585899451	2059,375	0,987299081353332					2059,375	0,960372125846061	2059,375	0,933996280636385					2059,375	0,888103140389338																																	
2062,5	0,611188772538191					2062,5	0,868499368714601	2062,5	0,999200932534785					2062,5	0,945652915961844	2062,5	0,987242391412603					2062,5	0,960380784873401	2062,5	0,934283858255381					2062,5	0,888245425103219																																	
2065,625	0,613422512493808					2065,625	0,869685673904688	2065,625	0,999241314934697					2065,625	0,946399024321801	2065,625	0,98716954899396					2065,625	0,960490673430576	2065,625	0,934836246634251					2065,625	0,888533472563891																																	
2068,75	0,614135796665349					2068,75	0,870100238456782	2068,75	0,999284234188164					2068,75	0,946635497915019	2068,75	0,987023640846134					2068,75	0,960252493162565	2068,75	0,934656624480742					2068,75	0,887588613893943																																	
2071,875	0,614052823159					2071,875	0,870280991189559	2071,875	0,99931595484783					2071,875	0,946723767716268	2071,875	0,986969065273845					2071,875	0,960148907361728	2071,875	0,934915200102093					2071,875	0,88710605276743																																	
2075	0,613154383112831					2075	0,870527170540617	2075	0,999354188860108					2075	0,946981292758663	2075	0,986845007464083					2075	0,960095069931129	2075	0,93488050583076					2075	0,886753244943006																																	
2078,125	0,616893828613935					2078,125	0,872090483989324	2078,125	0,999390881808927					2078,125	0,947840620353838	2078,125	0,986906809746797					2078,125	0,960464029534266	2078,125	0,93557349188691					2078,125	0,887513985676315																																	
2081,25	0,615964583177127					2081,25	0,871804490725041	2081,25	0,999432432233993					2081,25	0,947927865845447	2081,25	0,9868231518142					2081,25	0,96037159140712	2081,25	0,935629702551256					2081,25	0,887052672348075																																	
2084,375	0,61789526512248					2084,375	0,872605645901424	2084,375	0,999462061831625					2084,375	0,948392182445077	2084,375	0,98671525843837					2084,375	0,960406965035215	2084,375	0,935733275068456					2084,375	0,886830933052576																																	
2087,5	0,61644776929486					2087,5	0,872312011266836	2087,5	0,999468368381411					2087,5	0,948443598099885	2087,5	0,986499517666629					2087,5	0,959877633130094	2087,5	0,935367386714029					2087,5	0,885595019238968																																	
2090,625	0,617610229681439					2090,625	0,872807703964973	2090,625	0,999500859037946					2090,625	0,94867326728199	2090,625	0,986418904245764					2090,625	0,960048699010674	2090,625	0,935892305022278					2090,625	0,885654736040128																																	
2093,75	0,61854863029205					2093,75	0,873795781206202	2093,75	0,999518708507965					2093,75	0,949129744852332	2093,75	0,986345128774044					2093,75	0,960213672665146	2093,75	0,936056437527568					2093,75	0,885971542139																																	
2096,875	0,618709634697441					2096,875	0,87428761721513	2096,875	0,99952038446849					2096,875	0,949436528617898	2096,875	0,986177632257222					2096,875	0,960235692306326	2096,875	0,936164888478811					2096,875	0,886015752286931																																	
2100	0,620387301020141					2100	0,87470347399505	2100	0,999544428727386					2100	0,949868684845321	2100	0,986071818212959					2100	0,960194432826838	2100	0,93605725015034					2100	0,885769847606135																																	
2103,125	0,617768436640704					2103,125	0,87421422508015	2103,125	0,999551646719927					2103,125	0,949711510446685	2103,125	0,985877890187837					2103,125	0,959781687819093	2103,125	0,935644183909462					2103,125	0,884671389084794																																	
2106,25	0,618902873736452					2106,25	0,87507242646462	2106,25	0,999558506316686					2106,25	0,950133061260968	2106,25	0,985776405894427					2106,25	0,959880722813611	2106,25	0,935827440093333					2106,25	0,884672520568208																																	
2109,375	0,618717541623457					2109,375	0,875269297362327	2109,375	0,99956874748084					2109,375	0,950309170228532	2109,375	0,98573741061703					2109,375	0,959824185780274	2109,375	0,935922146264984					2109,375	0,884099593294445																																	
2112,5	0,623796839805556					2112,5	0,87655657396282	2112,5	0,999583738153847					2112,5	0,95108109830782	2112,5	0,985674598927176					2112,5	0,960157927490084	2112,5	0,936580414689605					2112,5	0,885587629367525																																	
2115,625	0,621637213186264					2115,625	0,876401736934021	2115,625	0,999596459564955					2115,625	0,951204086757839	2115,625	0,985577815295629					2115,625	0,960196065383051	2115,625	0,936239183649602					2115,625	0,88537988725454																																	
2118,75	0,620847741365036					2118,75	0,876689619904884	2118,75	0,999594005890109					2118,75	0,951413435040923	2118,75	0,985339516004299					2118,75	0,960123063428789	2118,75	0,935993010463799					2118,75	0,884957184640177																																	
2121,875	0,621426526966096					2121,875	0,877088888408714	2121,875	0,999572430529752					2121,875	0,951693427571569	2121,875	0,98513804358552					2121,875	0,959882987484598	2121,875	0,935747388208606					2121,875	0,884573708685543																																	
2125	0,620920934533476					2125	0,876980287997561	2125	0,999573663448489					2125	0,951823005255283	2125	0,985021834334537					2125	0,959773066698496	2125	0,935439685457592					2125	0,884019512338963																																	
2128,125	0,620608937374419					2128,125	0,876971679518927	2128,125	0,999582160383349					2128,125	0,951835527551202	2128,125	0,984870578086009					2128,125	0,959826308682735	2128,125	0,935443648788007					2128,125	0,883782754080386																																	
2131,25	0,623786481824922					2131,25	0,878443806746838	2131,25	0,999568823565205					2131,25	0,952422083377692	2131,25	0,984831193989796					2131,25	0,960020033493684	2131,25	0,935860967085179					2131,25	0,884420275523355																																	
2134,375	0,62560607624909					2134,375	0,879386492879735	2134,375	0,999561937751756					2134,375	0,952929345089855	2134,375	0,984799924226764					2134,375	0,960116288104047	2134,375	0,936133094758033					2134,375	0,885082818637586																																	
2137,5	0,625209527154926					2137,5	0,879294633775054	2137,5	0,999558371780435					2137,5	0,953047820016539	2137,5	0,984663968255062					2137,5	0,96005157104313	2137,5	0,935863253308221					2137,5	0,884500279269375																																	
2140,625	0,626838376733934					2140,625	0,879847181893808	2140,625	0,999547419171897					2140,625	0,953324505181137	2140,625	0,984572532538918					2140,625	0,960057255702104	2140,625	0,935609563324508					2140,625	0,884368871586121																																	
2143,75	0,625704458746982					2143,75	0,879806832747057	2143,75	0,99953463237363					2143,75	0,953411583563577	2143,75	0,984446979486152					2143,75	0,960009229788402	2143,75	0,935449193157421					2143,75	0,884159890134522																																	
2146,875	0,624687295063682					2146,875	0,879935236844436	2146,875	0,999518829698301					2146,875	0,953457851508271	2146,875	0,984268072161113					2146,875	0,95993528030986	2146,875	0,935304662379509					2146,875	0,883853605170244																																	
2150	0,627109327782647					2150	0,881006804792871	2150	0,999499126189339					2150	0,953935486619653	2150	0,984211636365332					2150	0,959920448242012	2150	0,935333120961836					2150	0,884388293927212																																	
2153,125	0,626199086028037					2153,125	0,880919686652946	2153,125	0,999473307319088					2153,125	0,954025631783355	2153,125	0,984050356732239					2153,125	0,959773854565198	2153,125	0,935078492372718					2153,125	0,884010721856249																																	
2156,25	0,627358831112599					2156,25	0,881740506331534	2156,25	0,999459033891281					2156,25	0,954490712249198	2156,25	0,984087210450893					2156,25	0,959982930483078	2156,25	0,935397078164917					2156,25	0,884871983161795																																	
2159,375	0,627182541607457					2159,375	0,88178984069787	2159,375	0,9994421128395					2159,375	0,954456571851888	2159,375	0,983945709387781					2159,375	0,959911823655622	2159,375	0,935213459728471					2159,375	0,884552488584313																																	
2162,5	0,630432543294023					2162,5	0,882844844806892	2162,5	0,999399388463953					2162,5	0,955033625005589	2162,5	0,983841358823473					2162,5	0,959995166046028	2162,5	0,935422248338976					2162,5	0,885073715715912																																	
2165,625	0,632794230169461					2165,625	0,883781510530739	2165,625	0,999379511914069					2165,625	0,955548014285362	2165,625	0,983883513505684					2165,625	0,960288606559359	2165,625	0,935679526310957					2165,625	0,885819589960139																																	
2168,75	0,628039657577275					2168,75	0,882606800354892	2168,75	0,999337099414783					2168,75	0,955172876903031	2168,75	0,983506835429437					2168,75	0,959530637623942	2168,75	0,934552320864335					2168,75	0,883669803388541																																	
2171,875	0,630662497078048					2171,875	0,883758894213931	2171,875	0,999307191130751					2171,875	0,955669707205017	2171,875	0,983591685959562					2171,875	0,959444476820098	2171,875	0,934765921417847					2171,875	0,884081416435706																																	
2175	0,634219841277562					2175	0,885021353954662	2175	0,999253833130149					2175	0,956107942947857	2175	0,983569657065684					2175	0,959603061143348	2175	0,935257223661232					2175	0,885192515149713																																	
2178,125	0,631197922773575					2178,125	0,884002761537918	2178,125	0,999219829472212					2178,125	0,955941552795818	2178,125	0,98332045091958					2178,125	0,959275412113259	2178,125	0,934483000418869					2178,125	0,884166555132081																																	
2181,25	0,633418891153467					2181,25	0,885047298040614	2181,25	0,999202381275459					2181,25	0,956497577923838	2181,25	0,983361217029128					2181,25	0,959387851997305	2181,25	0,93479366401682					2181,25	0,884851938185711																																	
2184,375	0,631647988059159					2184,375	0,884879567380446	2184,375	0,999147858266802					2184,375	0,956398237157011	2184,375	0,983119685995472					2184,375	0,958944041729244	2184,375	0,934221993062901					2184,375	0,883950025753628																																	
2187,5	0,632824415496015					2187,5	0,885372877761176	2187,5	0,999116330781017					2187,5	0,956727988794275	2187,5	0,982991031798669					2187,5	0,958951104534569	2187,5	0,934485759924531					2187,5	0,884186908989625																																	
2190,625	0,632120568448654					2190,625	0,885308514660469	2190,625	0,99905720619719					2190,625	0,956730905712735	2190,625	0,982839615759499					2190,625	0,958672888446685	2190,625	0,93426898036402					2190,625	0,883974720564079																																	
2193,75	0,634231326425934					2193,75	0,886292122185438	2193,75	0,998988730393068					2193,75	0,957104855781485	2193,75	0,982855556885102					2193,75	0,958722928607951	2193,75	0,934444029724801					2193,75	0,884528152264023																																	
2196,875	0,634040762484459					2196,875	0,88643247122636	2196,875	0,99893326357804					2196,875	0,957267940789968	2196,875	0,982715413516456					2196,875	0,958557923294328	2196,875	0,934339742605917					2196,875	0,884250981578481																																	
2200	0,635109078405236					2200	0,886952776251502	2200	0,998908824948808					2200	0,957518171592698	2200	0,982718300916336					2200	0,95861069167498	2200	0,93475568429696					2200	0,884655073310843																																	
2203,125	0,636208384425148					2203,125	0,887246947232382	2203,125	0,998882542269468					2203,125	0,957668512072946	2203,125	0,982595685545632					2203,125	0,958384808314189	2203,125	0,934655167505729					2203,125	0,884438216807498																																	
2206,25	0,637159109983234					2206,25	0,887665972856879	2206,25	0,99881345907054					2206,25	0,958007249333999	2206,25	0,98247778261176					2206,25	0,958197498346648	2206,25	0,934639851803653					2206,25	0,88460903681008																																	
2209,375	0,63461405788233					2209,375	0,88705679743462	2209,375	0,998706211407448					2209,375	0,957848249101065	2209,375	0,982135330719903					2209,375	0,957647888953286	2209,375	0,933893449652419					2209,375	0,883109573530924																																	
2212,5	0,634124103890894					2212,5	0,887082084013582	2212,5	0,998637808891804					2212,5	0,957897393385523	2212,5	0,981922073640708					2212,5	0,957386672080596	2212,5	0,933819782777253					2212,5	0,882709543863862																																	
2215,625	0,636233816144244					2215,625	0,887939886425082	2215,625	0,998587604834412					2215,625	0,958321850554157	2215,625	0,981893175690834					2215,625	0,957512365014104	2215,625	0,934231357851657					2215,625	0,883391209316829																																	
2218,75	0,637331072834152					2218,75	0,888635846166432	2218,75	0,998539898136126					2218,75	0,958639870819357	2218,75	0,981702193334947					2218,75	0,957472918583826	2218,75	0,934263221190623					2218,75	0,883466947239733																																	
2221,875	0,635500199200515					2221,875	0,888419721811136	2221,875	0,998457276369191					2221,875	0,958562455812676	2221,875	0,981445205012528					2221,875	0,957108147455704	2221,875	0,933945448411676					2221,875	0,882800263257877																																	
2225	0,63488572782031					2225	0,888521492118989	2225	0,998364091693258					2225	0,958747103110531	2225	0,981213290896246					2225	0,956753326176506	2225	0,933738471820316					2225	0,882245413115598																																	
2228,125	0,6357045364388					2228,125	0,888628934106936	2228,125	0,998336037165342					2228,125	0,958935013119551	2228,125	0,981100720526033					2228,125	0,956664392764615	2228,125	0,933868450365688					2228,125	0,88224040302963																																	
2231,25	0,637470765509244					2231,25	0,889269329338813	2231,25	0,998266344708458					2231,25	0,959178287811275	2231,25	0,980899699943553					2231,25	0,956659727844389	2231,25	0,933814165758291					2231,25	0,882273419592298																																	
2234,375	0,63831802442416					2234,375	0,890008893726509	2234,375	0,998211680500544					2234,375	0,959546796319775	2234,375	0,980780045449087					2234,375	0,956757815160869	2234,375	0,934286142313706					2234,375	0,88271531700224																																	
2237,5	0,639727493915313					2237,5	0,890527258264091	2237,5	0,998155443040031					2237,5	0,959684589566426	2237,5	0,980711945836319					2237,5	0,95676568590913	2237,5	0,934613433532365					2237,5	0,88309836784435																																	
2240,625	0,643376770134437					2240,625	0,891746429524744	2240,625	0,998102408349208					2240,625	0,960226671992785	2240,625	0,980723354713622					2240,625	0,957002067224346	2240,625	0,935221751544178					2240,625	0,884084040199638																																	
2243,75	0,640789607313993					2243,75	0,891133926905309	2243,75	0,99799997627164					2243,75	0,960120676423379	2243,75	0,980374294771634					2243,75	0,956582256406339	2243,75	0,934695667929914					2243,75	0,883071437679153																																	
2246,875	0,640246801125905					2246,875	0,8910041849916	2246,875	0,997907090601613					2246,875	0,960043042834996	2246,875	0,98007405231356					2246,875	0,956263681382344	2246,875	0,934408269061686					2246,875	0,882198793200406																																	
2250	0,641279885161016					2250	0,891383362041862	2250	0,997836963761459					2250	0,960302004122714	2250	0,979940075395322					2250	0,956324941069094	2250	0,934706567386754					2250	0,882410241666391																																	
2253,125	0,641021519097036					2253,125	0,891439630254916	2253,125	0,997728448608131					2253,125	0,960387261282726	2253,125	0,979600837275804					2253,125	0,956006203027013	2253,125	0,934289865491623					2253,125	0,881966179761122																																	
2256,25	0,641230211803255					2256,25	0,891470821247258	2256,25	0,997673175376378					2256,25	0,960405394277433	2256,25	0,979485755460972					2256,25	0,955856177179364	2256,25	0,934198190001782					2256,25	0,881750747090508																																	
2259,375	0,643658552498067					2259,375	0,892596019503355	2259,375	0,997616231895756					2259,375	0,960955319814628	2259,375	0,979401387594171					2259,375	0,956030078866287	2259,375	0,934535888245691					2259,375	0,882446311590142																																	
2262,5	0,641827957769336					2262,5	0,89239062371041	2262,5	0,9974911905202					2262,5	0,960947306048465	2262,5	0,979050096113365					2262,5	0,955645459589361	2262,5	0,934181989510254					2262,5	0,88150061475151																																	
2265,625	0,645200981703964					2265,625	0,89337635898607	2265,625	0,997464482492353					2265,625	0,961239597431297	2265,625	0,979065014999098					2265,625	0,955870007235296	2265,625	0,934649763024888					2265,625	0,882054669500581																																	
2268,75	0,643219753141548					2268,75	0,893191948901992	2268,75	0,997356480334015					2268,75	0,961332089196566	2268,75	0,978781695104523					2268,75	0,955562682733989	2268,75	0,934206968779814					2268,75	0,881551392156389																																	
2271,875	0,645775129703418					2271,875	0,893838534673475	2271,875	0,997317019769033					2271,875	0,961558949055939	2271,875	0,978719361128258					2271,875	0,955790207512948	2271,875	0,934694334529578					2271,875	0,882211095889497																																	
2275	0,644881351630803					2275	0,893699200259233	2275	0,997212254780974					2275	0,961479641078879	2275	0,978438617680581					2275	0,955517762597667	2275	0,934417340741766					2275	0,881505858639637																																	
2278,125	0,645363355553247					2278,125	0,894076790143642	2278,125	0,997132979007841					2278,125	0,961534878070267	2278,125	0,978424095007403					2278,125	0,955680178242982	2278,125	0,934640485675411					2278,125	0,882101980470875																																	
2281,25	0,646666071930669					2281,25	0,894874773582828	2281,25	0,99705425395368					2281,25	0,961853982507003	2281,25	0,978290957743554					2281,25	0,95583699235801	2281,25	0,934846616254497					2281,25	0,882639498820628																																	
2284,375	0,64678915591287					2284,375	0,894712129346099	2284,375	0,996931344684331					2284,375	0,961935342764507	2284,375	0,977994573330698					2284,375	0,955580188927733	2284,375	0,934713099443887					2284,375	0,882223045107727																																	
2287,5	0,648284002017223					2287,5	0,895087555731687	2287,5	0,996859809031215					2287,5	0,962066919046763	2287,5	0,977822518992418					2287,5	0,955436552011848	2287,5	0,934668365627475					2287,5	0,881975024639529																																	
2290,625	0,64616470056959					2290,625	0,894593845979479	2290,625	0,996745619871794					2290,625	0,962062494115698	2290,625	0,97754037931841					2290,625	0,955118928021757	2290,625	0,934156451819128					2290,625	0,881349396904929																																	
2293,75	0,647425813869323					2293,75	0,895114689886683	2293,75	0,996656031642785					2293,75	0,962204283170639	2293,75	0,977475950555039					2293,75	0,95532137068251	2293,75	0,934400636466097					2293,75	0,881852696948816																																	
2296,875	0,647572365300793					2296,875	0,895303898442312	2296,875	0,996548421580781					2296,875	0,962116175404272	2296,875	0,977179765920296					2296,875	0,955077106179479	2296,875	0,934141091921609					2296,875	0,881346953045613																																	
2300	0,647885999192637					2300	0,895416547400852	2300	0,996499280056452					2300	0,962409942975525	2300	0,977074318655931					2300	0,955179700777902	2300	0,934300238981051					2300	0,881433567364603																																	
2303,125	0,648587191040273					2303,125	0,896034961873634	2303,125	0,996365842152495					2303,125	0,962858071195778	2303,125	0,976838713569577					2303,125	0,954976314441637	2303,125	0,933984201690026					2303,125	0,881411721586975																																	
2306,25	0,649406707922411					2306,25	0,896532366467072	2306,25	0,996259492314029					2306,25	0,962949569994465	2306,25	0,976802017502976					2306,25	0,955001389580064	2306,25	0,933991366868979					2306,25	0,881349115143931																																	
2309,375	0,64934308897175					2309,375	0,896558251842074	2309,375	0,996174011198004					2309,375	0,962888735723614	2309,375	0,976772747718997					2309,375	0,954988864736259	2309,375	0,93418735321691					2309,375	0,881513156727575																																	
2312,5	0,647901644696916					2312,5	0,896238391406699	2312,5	0,996112430703527					2312,5	0,96265924309605	2312,5	0,976610333746016					2312,5	0,954944314846851	2312,5	0,934257714225737					2312,5	0,881732111136885																																	
2315,625	0,651182567296429					2315,625	0,897173856936037	2315,625	0,996007767601946					2315,625	0,963031609445237	2315,625	0,976395695913875					2315,625	0,954927144269038	2315,625	0,934253096115693					2315,625	0,881950451847977																																	
2318,75	0,654770287433571					2318,75	0,898125726233714	2318,75	0,995900987854525					2318,75	0,963486415625348	2318,75	0,976377134569955					2318,75	0,955039212798929	2318,75	0,934409921676873					2318,75	0,882348797642367																																	
2321,875	0,653406103338723					2321,875	0,897833546364822	2321,875	0,995819993542681					2321,875	0,963354649997721	2321,875	0,976194156953415					2321,875	0,95493631000068	2321,875	0,934311045656398					2321,875	0,882243208067736																																	
2325	0,651045648647659					2325	0,897310609212422	2325	0,995667321972869					2325	0,963188856325859	2325	0,975824657097933					2325	0,954403323401297	2325	0,933532574370655					2325	0,881433447059847																																	
2328,125	0,65126364028763					2328,125	0,897324592885233	2328,125	0,995553791253635					2328,125	0,963103602602777	2328,125	0,975727479273007					2328,125	0,954239807235592	2328,125	0,933478184065397					2328,125	0,881153703610399																																	
2331,25	0,650943698792069					2331,25	0,897415411752992	2331,25	0,995431136477142					2331,25	0,963166504917692	2331,25	0,975551245826569					2331,25	0,954071779610423	2331,25	0,933385546716886					2331,25	0,881002491700189																																	
2334,375	0,655062285689487					2334,375	0,898714089451608	2334,375	0,995342644255419					2334,375	0,963632093277126	2334,375	0,975427798314436					2334,375	0,954173552323181	2334,375	0,93351059371277					2334,375	0,881582050038597																																	
2337,5	0,654833327866411					2337,5	0,89908115295197	2337,5	0,995246954710743					2337,5	0,963777917121296	2337,5	0,975342886817208					2337,5	0,954122294180081	2337,5	0,93354031578682					2337,5	0,88192756897937																																	
2340,625	0,652988382645573					2340,625	0,898734859152118	2340,625	0,995138672664					2340,625	0,963459162683022	2340,625	0,975223490949358					2340,625	0,953861585453196	2340,625	0,933188814540006					2340,625	0,881286430707113																																	
2343,75	0,648254830308721					2343,75	0,897234910775947	2343,75	0,994935017275252					2343,75	0,962992668366626	2343,75	0,974715445363793					2343,75	0,953181741654102	2343,75	0,93241270061315					2343,75	0,879915450553924																																	
2346,875	0,653339585857418					2346,875	0,898711533805128	2346,875	0,994897439124983					2346,875	0,963686000548095	2346,875	0,97466716076827					2346,875	0,953293992346742	2346,875	0,932754166767757					2346,875	0,880895100751234																																	
2350	0,653169725167692					2350	0,898660654403893	2350	0,994761610806959					2350	0,963664932827577	2350	0,974504553230863					2350	0,953155083794495	2350	0,932534773758035					2350	0,880636513103045																																	
2353,125	0,653673306710265					2353,125	0,899225968324598	2353,125	0,994704246486196					2353,125	0,9638291643757	2353,125	0,974469401651726					2353,125	0,953182464683099	2353,125	0,932708615076915					2353,125	0,881219603480921																																	
2356,25	0,655094060921097					2356,25	0,899898494918816	2356,25	0,994589963266038					2356,25	0,964004047568725	2356,25	0,974403446700051					2356,25	0,953061107548071	2356,25	0,93268973100184					2356,25	0,881480152494513																																	
2359,375	0,651667667933783					2359,375	0,898926221533845	2359,375	0,994375976534682					2359,375	0,963639340100825	2359,375	0,974042738840843					2359,375	0,952534232364814	2359,375	0,932015876705047					2359,375	0,880367430076277																																	
2362,5	0,654807520517787					2362,5	0,899766372122595	2362,5	0,994316868796376					2362,5	0,963853772595407	2362,5	0,974039512185596					2362,5	0,952736567015666	2362,5	0,932454594758076					2362,5	0,881246051385296																																	
2365,625	0,6596951523789					2365,625	0,901292741308977	2365,625	0,994303391152276					2365,625	0,964509228391945	2365,625	0,974069815269867					2365,625	0,953062790636044	2365,625	0,93307244657245					2365,625	0,882409886191807																																	
2368,75	0,655043332175758					2368,75	0,899952325962735	2368,75	0,993981842047198					2368,75	0,964103880716807	2368,75	0,973441807927235					2368,75	0,952103674763063	2368,75	0,931991997950349					2368,75	0,880474961261011																																	
2371,875	0,657104403512701					2371,875	0,900235924498028	2371,875	0,993975193297989					2371,875	0,964129156273077	2371,875	0,973455505110876					2371,875	0,952174911564819	2371,875	0,932274778265259					2371,875	0,880850140030908																																	
2375	0,659159874280652					2375	0,901190853298557	2375	0,99386580208797					2375	0,964426677480556	2375	0,973377092813847					2375	0,952123646267185	2375	0,932244169280871					2375	0,881297582174505																																	
2378,125	0,657818347001104					2378,125	0,900763790970794	2378,125	0,993766360304109					2378,125	0,964300644322146	2378,125	0,973166964295935					2378,125	0,951931243699389	2378,125	0,932124918912259					2378,125	0,881035573704335																																	
2381,25	0,657103291090826					2381,25	0,900766657715645	2381,25	0,993614549457182					2381,25	0,964304302319975	2381,25	0,972920193300522					2381,25	0,951716537657946	2381,25	0,93197491320218					2381,25	0,880998653796094																																	
2384,375	0,661548196648					2384,375	0,902105444997136	2384,375	0,993548572683452					2384,375	0,964733820194961	2384,375	0,972955520230341					2384,375	0,951934700317866	2384,375	0,932269921621304					2384,375	0,881712602537755																																	
2387,5	0,657145081314849					2387,5	0,901257090262373	2387,5	0,993298375046598					2387,5	0,964518796368736	2387,5	0,97237911380771					2387,5	0,95125191693571	2387,5	0,931488610433664					2387,5	0,880513084202872																																	
2390,625	0,659282570279179					2390,625	0,901866902036337	2390,625	0,993287042276272					2390,625	0,964627748812611	2390,625	0,972298810718272					2390,625	0,951320589667894	2390,625	0,931760942947473					2390,625	0,880964564306354																																	
2393,75	0,656862353883627					2393,75	0,901034427490353	2393,75	0,993071191635962					2393,75	0,964315320042481	2393,75	0,971959016511					2393,75	0,950816365608309	2393,75	0,931195310469634					2393,75	0,880168620270701																																	
2396,875	0,656820672218862					2396,875	0,901000861333418	2396,875	0,99299141418617					2396,875	0,964339699172358	2396,875	0,971897673009134					2396,875	0,950901040036736	2396,875	0,931399039932718					2396,875	0,880739457373996																																	
2400	0,661780941679726					2400	0,902440663739486	2400	0,992938807980106					2400	0,964791816469059	2400	0,971930584383569					2400	0,95118358978802	2400	0,931839453804803					2400	0,881699250475023																																	
2403,125	0,661204657770527					2403,125	0,90226970468103	2403,125	0,992815051352343					2403,125	0,964681046953311	2403,125	0,9717069120122					2403,125	0,950942542265317	2403,125	0,93159036864842					2403,125	0,881155518725871																																	
2406,25	0,662403598153702					2406,25	0,90305033697871	2406,25	0,992731916005869					2406,25	0,965026590483852	2406,25	0,971565965246175					2406,25	0,950957805414275	2406,25	0,931677052209328					2406,25	0,881649001555689																																	
2409,375	0,663874408797886					2409,375	0,903498436838578	2409,375	0,992586296274656					2409,375	0,965170308548258	2409,375	0,971312215157831					2409,375	0,950741598226159	2409,375	0,931373221282692					2409,375	0,881408988026027																																	
2412,5	0,662759426291571					2412,5	0,903081116185792	2412,5	0,99246833773833					2412,5	0,964988750314987	2412,5	0,9711839859152					2412,5	0,95062721186482	2412,5	0,931157282144354					2412,5	0,88135263752117																																	
2415,625	0,66012006979057					2415,625	0,902606377784031	2415,625	0,992181087067196					2415,625	0,964896483287811	2415,625	0,970659381151014					2415,625	0,949999254820689	2415,625	0,930607150952219					2415,625	0,880598466076897																																	
2418,75	0,661751681536315					2418,75	0,90305388111299	2418,75	0,992099961381382					2418,75	0,965067171418636	2418,75	0,970577707939566					2418,75	0,950091191613136	2418,75	0,930869697597534					2418,75	0,880948066181991																																	
2421,875	0,658798390393551					2421,875	0,902254409621826	2421,875	0,991922785432579					2421,875	0,964614252530078	2421,875	0,97023419953871					2421,875	0,94961963045649	2421,875	0,930346089540267					2421,875	0,880106303119911																																	
2425	0,658037103498844					2425	0,902100469750238	2425	0,99176266029532					2425	0,964555508147132	2425	0,969893460747725					2425	0,94934585355914	2425	0,929961304669029					2425	0,879815173827439																																	
2428,125	0,661635312343624					2428,125	0,903367771118883	2428,125	0,991722877193493					2428,125	0,965065006784235	2428,125	0,969884367218685					2428,125	0,94967263096575	2428,125	0,93052226857852					2428,125	0,880807673674847																																	
2431,25	0,664536688023056					2431,25	0,904095172128391	2431,25	0,991665587540989					2431,25	0,965349449152643	2431,25	0,970018739626796					2431,25	0,94989212207532	2431,25	0,930835626943648					2431,25	0,881895801676352																																	
2434,375	0,663733125249106					2434,375	0,903570701953904	2434,375	0,991536653568971					2434,375	0,965203987528028	2434,375	0,969804507932188					2434,375	0,949678207664286	2434,375	0,930540171587667					2434,375	0,881562161823116																																	
2437,5	0,661873489891727					2437,5	0,903297548703958	2437,5	0,99133494153349					2437,5	0,965108383659388	2437,5	0,969404515636859					2437,5	0,949292705262514	2437,5	0,930037042476861					2437,5	0,880858176065868																																	
2440,625	0,662863578664363					2440,625	0,903884685923116	2440,625	0,991173231288355					2440,625	0,965367045995549	2440,625	0,969209233325854					2440,625	0,949331014660497	2440,625	0,930079238322223					2440,625	0,881382123516359																																	
2443,75	0,661941003715271					2443,75	0,903547981114303	2443,75	0,990995343665709					2443,75	0,965168007101395	2443,75	0,968932270901632					2443,75	0,949159149063044	2443,75	0,929921260563281					2443,75	0,881112918779587																																	
2446,875	0,662148158030101					2446,875	0,90377327558249	2446,875	0,990905611142046					2446,875	0,965288929436199	2446,875	0,968750530584044					2446,875	0,949117384226002	2446,875	0,929883293684987					2446,875	0,881299872304362																																	
2450	0,661654761897314					2450	0,903678134930501	2450	0,990728975180777					2450	0,9651675446723	2450	0,968474515128777					2450	0,948828039272259	2450	0,929510854550876					2450	0,880880597601269																																	
2453,125	0,661543090183758					2453,125	0,903520847377019	2453,125	0,990543795029506					2453,125	0,964960580594351	2453,125	0,968175046672769					2453,125	0,948566696984842	2453,125	0,929195551670261					2453,125	0,880557318321874																																	
2456,25	0,665440885529306					2456,25	0,904815681069843	2456,25	0,990404026848969					2456,25	0,96543936223916	2456,25	0,968010699197655					2456,25	0,948656941466277	2456,25	0,92937743401443					2456,25	0,881371098889435																																	
2459,375	0,665086672791542					2459,375	0,90448738158122	2459,375	0,990202419492275					2459,375	0,965262545800025	2459,375	0,967733828614555					2459,375	0,948457310574542	2459,375	0,929043850774282					2459,375	0,881060708067075																																	
2462,5	0,663062146925417					2462,5	0,903790256564648	2462,5	0,989993121226056					2462,5	0,96504518162683	2462,5	0,967317700325343					2462,5	0,948104017728535	2462,5	0,928520198498077					2462,5	0,880224628657537																																	
2465,625	0,664038609684103					2465,625	0,904405796212867	2465,625	0,989948381440961					2465,625	0,96522845811985	2465,625	0,967486147727054					2465,625	0,94845305553512	2465,625	0,928937852478435					2465,625	0,88123413738558																																	
2468,75	0,66962131079262					2468,75	0,905875545700616	2468,75	0,98991226873939					2468,75	0,965850594345701	2468,75	0,96752809848609					2468,75	0,948722881633038	2468,75	0,929338751259223					2468,75	0,88210310886778																																	
2471,875	0,666631747013055					2471,875	0,905009046387596	2471,875	0,989623105551542					2471,875	0,965481910694129	2471,875	0,966914019697325					2471,875	0,948085792139928	2471,875	0,928664055151392					2471,875	0,881084823910603																																	
2475	0,666552813558797					2475	0,904964433686148	2475	0,989496415032928					2475	0,965492115715005	2475	0,966787563027807					2475	0,948005642620333	2475	0,928743179396016					2475	0,881267478522598																																	
2478,125	0,665812669014622					2478,125	0,904873024307702	2478,125	0,98935294267977					2478,125	0,965438334172667	2478,125	0,966738884265894					2478,125	0,948021823552319	2478,125	0,928589558110777					2478,125	0,881138704472146																																	
2481,25	0,664637216991181					2481,25	0,904658566858394	2481,25	0,989171127631053					2481,25	0,965271563295851	2481,25	0,966325638573885					2481,25	0,947683517604019	2481,25	0,928340076580045					2481,25	0,880898362901379																																	
2484,375	0,667526255818666					2484,375	0,905652980373723	2484,375	0,989026928385106					2484,375	0,965637896118434	2484,375	0,966276945354108					2484,375	0,947748605710747	2484,375	0,92845499984487					2484,375	0,881800492207373																																	
2487,5	0,668722564920561					2487,5	0,905898345407609	2487,5	0,988848503623368					2487,5	0,965706844112665	2487,5	0,96611619328726					2487,5	0,947714368119243	2487,5	0,928363331273934					2487,5	0,882061118979358																																	
2490,625	0,66452075560534					2490,625	0,904521796757974	2490,625	0,988589487844196					2490,625	0,965009134145085	2490,625	0,965543457119891					2490,625	0,947202261704978	2490,625	0,927645821448888					2490,625	0,88081025713141																																	
2493,75	0,665799358989855					2493,75	0,904932903056847	2493,75	0,988464561716522					2493,75	0,965173327116269	2493,75	0,965362153265086					2493,75	0,947221979550218	2493,75	0,92770035155011					2493,75	0,880865259909107																																	
2496,875	0,665038725821156					2496,875	0,904712077908474	2496,875	0,988189961007831					2496,875	0,965074727169082	2496,875	0,964929397722379					2496,875	0,946781516097959	2496,875	0,926992634405389					2496,875	0,880212757198459																																	
2500	0,667051716491235					2500	0,90524756270393	2500	0,988069152020201					2500	0,965204661702837	2500	0,964895617339539					2500	0,946871478251258	2500	0,927276739574182					2500	0,881222167032927																																	
2503,125	0,669884366591771					2503,125	0,906205665110865	2503,125	0,987981765023744					2503,125	0,965570761707399	2503,125	0,96485461943324					2503,125	0,94707318476715	2503,125	0,927698374092811					2503,125	0,882264048309012																																	
2506,25	0,669805227959022					2506,25	0,906213012993124	2506,25	0,98788286691009					2506,25	0,965581751243651	2506,25	0,964817174962193					2506,25	0,947125001067901	2506,25	0,92776624001057					2506,25	0,882165128378845																																	
2509,375	0,668919274686675					2509,375	0,905915355802128	2509,375	0,987653377211794					2509,375	0,965479492111074	2509,375	0,964520071396746					2509,375	0,946912678024004	2509,375	0,927325870006218					2509,375	0,881744824608063																																	
2512,5	0,669010309373567					2512,5	0,905938371386731	2512,5	0,987545381287983					2512,5	0,965451165684406	2512,5	0,964306127071413					2512,5	0,946787808885253	2512,5	0,92720125982966					2512,5	0,881970197875367																																	
2515,625	0,669022134340533					2515,625	0,905756824977294	2515,625	0,987323720108829					2515,625	0,965236903793456	2515,625	0,963971236594418					2515,625	0,946599983994327	2515,625	0,92700970353019					2515,625	0,881810054850646																																	
2518,75	0,669495801360841					2518,75	0,906071791560708	2518,75	0,98721828443924					2518,75	0,965332404850659	2518,75	0,963666580363123					2518,75	0,946447751637322	2518,75	0,926899848445799					2518,75	0,881830792627735																																	
2521,875	0,67081122087776					2521,875	0,906469215328877	2521,875	0,986987635293329					2521,875	0,965461762558432	2521,875	0,963358572926192					2521,875	0,94627954302149	2521,875	0,926864406943092					2521,875	0,882079590325379																																	
2525	0,667999559045942					2525	0,905644095408898	2525	0,986758427878724					2525	0,964998225855109	2525	0,963123914312791					2525	0,946038735249312	2525	0,926588053658657					2525	0,881419566777789																																	
2528,125	0,668560264842865					2528,125	0,905925977132267	2528,125	0,986451798415304					2528,125	0,965001522880779	2528,125	0,962659465456684					2528,125	0,945709787360345	2528,125	0,92627553334946					2528,125	0,881005781726419																																	
2531,25	0,670281382036534					2531,25	0,906308542276889	2531,25	0,98637698380244					2531,25	0,965133512010334	2531,25	0,962593405692904					2531,25	0,945789594614749	2531,25	0,926364390069562					2531,25	0,881597630202747																																	
2534,375	0,672104577513773					2534,375	0,90684402635959	2534,375	0,986326431914305					2534,375	0,965385274801761	2534,375	0,962923520230198					2534,375	0,946190918844792	2534,375	0,926900367705952					2534,375	0,882724424920971																																	
2537,5	0,671681048043409					2537,5	0,90677150580112	2537,5	0,985907334324439					2537,5	0,965341324423366	2537,5	0,962258268702352					2537,5	0,945600255466257	2537,5	0,926129591443011					2537,5	0,882132202204027																																	
2540,625	0,672030331560829					2540,625	0,90689466135535	2540,625	0,985789670184148					2540,625	0,965406735435936	2540,625	0,962102784644567					2540,625	0,945588573738181	2540,625	0,926176965390481					2540,625	0,882309970837898																																	
2543,75	0,670855026268088					2543,75	0,906394117379946	2543,75	0,985709575168253					2543,75	0,965145680869752	2543,75	0,962109676007884					2543,75	0,945729980107023	2543,75	0,926192666482482					2543,75	0,882318237801427																																	
2546,875	0,670743896393087					2546,875	0,906486119730466	2546,875	0,985539032917964					2546,875	0,965011519334251	2546,875	0,961926849372388					2546,875	0,945667333938043	2546,875	0,926148730522565					2546,875	0,882572281726415																																	
2550	0,672879572806715					2550	0,90731708143848	2550	0,985359192681425					2550	0,965384478231154	2550	0,961742296786194					2550	0,945718255069534	2550	0,92631945325743					2550	0,883450188744083																																	
2553,125	0,67305844967601					2553,125	0,907222565691581	2553,125	0,985146699946688					2553,125	0,965320751037416	2553,125	0,961416439639328					2553,125	0,945393565481582	2553,125	0,925950950834091					2553,125	0,883023966540371																																	
2556,25	0,671999879564768					2556,25	0,906883032545185	2556,25	0,984914158809263					2556,25	0,965063576980323	2556,25	0,961205186727326					2556,25	0,945248486591189	2556,25	0,925845103456184					2556,25	0,882747463340942																																	
2559,375	0,672819847288019					2559,375	0,907228041913803	2559,375	0,984816450441849					2559,375	0,965153054689253	2559,375	0,961078362941564					2559,375	0,945222265355892	2559,375	0,925878727533448					2559,375	0,883110757786328																																	
2562,5	0,674518543682567					2562,5	0,907838030299114	2562,5	0,984774033582518					2562,5	0,965342273858311	2562,5	0,961077565771653					2562,5	0,945391283840783	2562,5	0,926148684174203					2562,5	0,883703249649939																																	
2565,625	0,674470155222668					2565,625	0,907724186465066	2565,625	0,984664106834726					2565,625	0,965334471174328	2565,625	0,961032550184661					2565,625	0,945426099406208	2565,625	0,92618037550828					2565,625	0,883896913040051																																	
2568,75	0,673017573945996					2568,75	0,907257623121558	2568,75	0,984255634005003					2568,75	0,965150084126778	2568,75	0,960341804481668					2568,75	0,944758365221967	2568,75	0,925484050918618					2568,75	0,882844012501415																																	
2571,875	0,674241032890681					2571,875	0,907558629972322	2571,875	0,984188147286137					2571,875	0,965220342291191	2571,875	0,960287013150727					2571,875	0,944898426843132	2571,875	0,925787582492584					2571,875	0,883247655167774																																	
2575	0,673593898036667					2575	0,907522639204026	2575	0,984004792982751					2575	0,965060698157222	2575	0,960087619710715					2575	0,944771965151457	2575	0,925696304437403					2575	0,883739599417941																																	
2578,125	0,674969594357574					2578,125	0,908111660804551	2578,125	0,983824464589496					2578,125	0,965214697894996	2578,125	0,959824808342472					2578,125	0,94461831867959	2578,125	0,925580463332528					2578,125	0,883857387940895																																	
2581,25	0,673659059722414					2581,25	0,907421239825683	2581,25	0,983628400438101					2581,25	0,964984683452062	2581,25	0,959437305887345					2581,25	0,944451005320391	2581,25	0,925206686981871					2581,25	0,883165898236476																																	
2584,375	0,672599818027976					2584,375	0,907203790827099	2584,375	0,983347753220936					2584,375	0,964780203427584	2584,375	0,959008895453027					2584,375	0,944385174948463	2584,375	0,924732395427023					2584,375	0,883139596908186																																	
2587,5	0,675221987077474					2587,5	0,907970201603576	2587,5	0,983327220732651					2587,5	0,96517110043645	2587,5	0,958999606824876					2587,5	0,944429694202841	2587,5	0,925235690990897					2587,5	0,883814320689978																																	
2590,625	0,674327359386717					2590,625	0,907608980249813	2590,625	0,98318144658182					2590,625	0,964922619503916	2590,625	0,958879716841807					2590,625	0,944244985802844	2590,625	0,925151698862995					2590,625	0,88359639447269																																	
2593,75	0,673099079344062					2593,75	0,907098226276649	2593,75	0,982830874481811					2593,75	0,964676807190373	2593,75	0,958334238541742					2593,75	0,94379061784125	2593,75	0,924646920244049					2593,75	0,882990516169818																																	
2596,875	0,673263981561137					2596,875	0,907037867921072	2596,875	0,98266388056519					2596,875	0,964652615928468	2596,875	0,958336771495608					2596,875	0,943746101294796	2596,875	0,924556412401236					2596,875	0,883123623049244																																	
2600	0,673767373612043					2600	0,907012807315427	2600	0,982667309647253					2600	0,964719025607103	2600	0,958354404385557					2600	0,943826214096343	2600	0,924872238910848					2600	0,883725937505156																																	
2603,125	0,676572712855456					2603,125	0,907717939625198	2603,125	0,982743320001187					2603,125	0,965048943232158	2603,125	0,958342074106032					2603,125	0,943903548623679	2603,125	0,92521236063408					2603,125	0,884277743285235																																	
2606,25	0,676418686609898					2606,25	0,90755741017614	2606,25	0,982644684106522					2606,25	0,964921212978954	2606,25	0,958389038566382					2606,25	0,943776997590755	2606,25	0,92515480924116					2606,25	0,884165789511586																																	
2609,375	0,677551933012938					2609,375	0,907876027166826	2609,375	0,982476796709019					2609,375	0,965079070394173	2609,375	0,958507395927179					2609,375	0,944039851316126	2609,375	0,925360844180254					2609,375	0,884609873848309																																	
2612,5	0,678762165018784					2612,5	0,908338000398312	2612,5	0,982424080373689					2612,5	0,965141106411186	2612,5	0,95855182065595					2612,5	0,944072808135568	2612,5	0,925542481872647					2612,5	0,885163053795255																																	
2615,625	0,67812565640725					2615,625	0,907748112119362	2615,625	0,982009660903305					2615,625	0,964806329018746	2615,625	0,958230802000419					2615,625	0,943614914026191	2615,625	0,925050182005207					2615,625	0,884590444275038																																	
2618,75	0,676694409577566					2618,75	0,907126520963978	2618,75	0,98180794846362					2618,75	0,964562923500855	2618,75	0,958182994475616					2618,75	0,943190727310023	2618,75	0,924861052600745					2618,75	0,884176519697277																																	
2621,875	0,677921122084264					2621,875	0,907875226153965	2621,875	0,981726609300207					2621,875	0,964849143947977	2621,875	0,958407878100739					2621,875	0,943501141091203	2621,875	0,925150179129292					2621,875	0,884682955689934																																	
2625	0,677296903391822					2625	0,907559562483369	2625	0,981204663649449					2625	0,964675057365395	2625	0,958001690647266					2625	0,943064681713931	2625	0,924441841303711					2625	0,884343382821994																																	
2628,125	0,677139294291216					2628,125	0,907311151290019	2628,125	0,981081225461667					2628,125	0,964504313114225	2628,125	0,957843720895618					2628,125	0,943108969677238	2628,125	0,924637110201469					2628,125	0,884808170680843																																	
2631,25	0,677876919165656					2631,25	0,907344309703143	2631,25	0,980925708167409					2631,25	0,964512559928247	2631,25	0,957605832070068					2631,25	0,943086273006939	2631,25	0,924654736154078					2631,25	0,884347807849963																																	
2634,375	0,681572519047996					2634,375	0,908914273865252	2634,375	0,980886359096577					2634,375	0,965344168453792	2634,375	0,95757099820397					2634,375	0,943690799486233	2634,375	0,925538482384054					2634,375	0,885796888578739																																	
2637,5	0,681020192313569					2637,5	0,908572955735908	2637,5	0,980563658968461					2637,5	0,965124512853144	2637,5	0,957274875881718					2637,5	0,943464622518885	2637,5	0,925405119349392					2637,5	0,885714743151266																																	
2640,625	0,67935524376068					2640,625	0,908100166802679	2640,625	0,980218596374051					2640,625	0,964856007682812	2640,625	0,956706536119991					2640,625	0,942881869348961	2640,625	0,924802790208824					2640,625	0,885056461258728																																	
2643,75	0,68082351075783					2643,75	0,908660928927338	2643,75	0,980173984374888					2643,75	0,965022002810163	2643,75	0,956527773831654					2643,75	0,943067141996467	2643,75	0,925059215318343					2643,75	0,885182544206517																																	
2646,875	0,679232783996457					2646,875	0,907970451360636	2646,875	0,979788423778382					2646,875	0,964581836778574	2646,875	0,956001952615758					2646,875	0,942771414632115	2646,875	0,924748052189279					2646,875	0,88456574212613																																	
2650	0,680182876704538					2650	0,908315542836744	2650	0,979645791603922					2650	0,964722821441201	2650	0,955864404667247					2650	0,942748734912365	2650	0,92507036231115					2650	0,884732477645125																																	
2653,125	0,681136288264037					2653,125	0,908743803618345	2653,125	0,979456020053137					2653,125	0,964997826058629	2653,125	0,955531826487182					2653,125	0,942472849129318	2653,125	0,924911298865129					2653,125	0,884567768060185																																	
2656,25	0,678559812504954					2656,25	0,907889648073794	2656,25	0,979077276805709					2656,25	0,964451796748122	2656,25	0,954932645843117					2656,25	0,942163367577624	2656,25	0,924577492026349					2656,25	0,883696485595836																																	
2659,375	0,682201353901918					2659,375	0,908950667427727	2659,375	0,978944361876613					2659,375	0,96498070826303	2659,375	0,954823774276284					2659,375	0,942452437398074	2659,375	0,925126648606472					2659,375	0,884656555858909																																	
2662,5	0,683671729369244					2662,5	0,909581486532916	2662,5	0,978802346951668					2662,5	0,965071578831423	2662,5	0,954666485769276					2662,5	0,942579990325017	2662,5	0,925380597647505					2662,5	0,885107019390393																																	
2665,625	0,681742842439043					2665,625	0,908859514726075	2665,625	0,978432418152238					2665,625	0,964722930167951	2665,625	0,95413243749578					2665,625	0,942294525009487	2665,625	0,925132907640982					2665,625	0,884572134103867																																	
2668,75	0,684465359207785					2668,75	0,909806215883422	2668,75	0,978345323578573					2668,75	0,965092380349339	2668,75	0,954025882832972					2668,75	0,942280665149089	2668,75	0,925591765927367					2668,75	0,885261022439114																																	
2671,875	0,683407260322064					2671,875	0,909226250765535	2671,875	0,978068409691565					2671,875	0,964793137461538	2671,875	0,953417457297695					2671,875	0,942049802280916	2671,875	0,925204932987752					2671,875	0,884398041611516																																	
2675	0,679726606806713					2675	0,907855896277985	2675	0,977627418710582					2675	0,964096165258694	2675	0,952890158337773					2675	0,941672096705856	2675	0,924805648730473					2675	0,883712566774782																																	
2678,125	0,682823090798157					2678,125	0,908919740702928	2678,125	0,977516782300961					2678,125	0,964436820761842	2678,125	0,952954623122107					2678,125	0,942038203582295	2678,125	0,925317792119324					2678,125	0,88477273890245																																	
2681,25	0,680852414033557					2681,25	0,908393136495252	2681,25	0,97719593073892					2681,25	0,964151877166414	2681,25	0,952418339168266					2681,25	0,941946730268746	2681,25	0,925159548144587					2681,25	0,884658898563918																																	
2684,375	0,682129373236834					2684,375	0,908688054216658	2684,375	0,977090367905366					2684,375	0,964228984836885	2684,375	0,952259113591794					2684,375	0,941897831342432	2684,375	0,92524962542025					2684,375	0,884813103979502																																	
2687,5	0,683005960549983					2687,5	0,909017395111152	2687,5	0,976810156600505					2687,5	0,964314402333849	2687,5	0,951992822197893					2687,5	0,941881077688262	2687,5	0,925193514874569					2687,5	0,884876387630052																																	
2690,625	0,683543199580786					2690,625	0,909153587689602	2690,625	0,976627167525621					2690,625	0,964229658265695	2690,625	0,951841945233565					2690,625	0,941831043587966	2690,625	0,925230600610129					2690,625	0,885042117343044																																	
2693,75	0,68142936149616					2693,75	0,908343516212988	2693,75	0,97648089651722					2693,75	0,963830219257445	2693,75	0,951499939998697					2693,75	0,941713337406023	2693,75	0,924996881922309					2693,75	0,884779674868212																																	
2696,875	0,677506352959079					2696,875	0,907131936934763	2696,875	0,975845630014003					2696,875	0,963292394001625	2696,875	0,950702180343218					2696,875	0,94137979510563	2696,875	0,924482153260812					2696,875	0,884171629381055																																	
2700	0,68269447982724					2700	0,909072969322016	2700	0,975939168039596					2700	0,964027278761021	2700	0,951070980446807					2700	0,941911963294662	2700	0,925236810227972					2700	0,885590271963009																																	
2703,125	0,68364900447763					2703,125	0,909337929625618	2703,125	0,975827793727893					2703,125	0,964069769607022	2703,125	0,951022221670392					2703,125	0,941944121446878	2703,125	0,925128640359878					2703,125	0,88562997962211																																	
2706,25	0,683889716795677					2706,25	0,909372302983008	2706,25	0,975610941321415					2706,25	0,964031364112235	2706,25	0,950937467284767					2706,25	0,941632540248127	2706,25	0,924734719075198					2706,25	0,885806453403805																																	
2709,375	0,683883714828827					2709,375	0,909272207381582	2709,375	0,975241486073973					2709,375	0,963853949067394	2709,375	0,950540754215606					2709,375	0,941534456291116	2709,375	0,924438261585741					2709,375	0,885663478551889																																	
2712,5	0,685284439225201					2712,5	0,909846165094641	2712,5	0,975137810334081					2712,5	0,963945548496623	2712,5	0,950608262092007					2712,5	0,94168340418145	2712,5	0,924452598923824					2712,5	0,885984106558897																																	
2715,625	0,685565487268738					2715,625	0,909974650252422	2715,625	0,975004641730378					2715,625	0,96383167821641	2715,625	0,950628805912101					2715,625	0,941661888853387	2715,625	0,924468314442375					2715,625	0,886129594577592																																	
2718,75	0,684804510447935					2718,75	0,909956403513719	2718,75	0,974567963186554					2718,75	0,963643078956942	2718,75	0,950255784719896					2718,75	0,941506017665658	2718,75	0,924220619358028					2718,75	0,886040504271816																																	
2721,875	0,686048714890633					2721,875	0,910598474894802	2721,875	0,974472866045362					2721,875	0,963855251701882	2721,875	0,950308370951177					2721,875	0,941567042801745	2721,875	0,924274842861248					2721,875	0,886366556519041																																	
2725	0,685183695096512					2725	0,910193604121301	2725	0,97419531902032					2725	0,963665198347261	2725	0,950171487579367					2725	0,941467653664813	2725	0,924105651212469					2725	0,886228623114389																																	
2728,125	0,684775805035787					2728,125	0,910084341154566	2728,125	0,973981710672193					2728,125	0,963503865869017	2728,125	0,94989843290133					2728,125	0,941309364198318	2728,125	0,923806555453709					2728,125	0,886289452263161																																	
2731,25	0,685268897389943					2731,25	0,910216009012818	2731,25	0,973715661717287					2731,25	0,963328476203471	2731,25	0,94979139638499					2731,25	0,941114539690123	2731,25	0,923423403002865					2731,25	0,886164914494326																																	
2734,375	0,684404044215776					2734,375	0,910120521613383	2734,375	0,973424926518361					2734,375	0,963129945441494	2734,375	0,949640961037323					2734,375	0,940872820911585	2734,375	0,92304867349514					2734,375	0,886041129635084																																	
2737,5	0,686020082173995					2737,5	0,910910427242003	2737,5	0,973509470358828					2737,5	0,963356368624095	2737,5	0,949915588805632					2737,5	0,940950631267566	2737,5	0,923233294036494					2737,5	0,886821570541457																																	
2740,625	0,686521830956492					2740,625	0,911445529268223	2740,625	0,973358396586394					2740,625	0,963462664561242	2740,625	0,949983303262					2740,625	0,940890357353931	2740,625	0,923217738054618					2740,625	0,886935138105599																																	
2743,75	0,686411028272327					2743,75	0,911524158532828	2743,75	0,973202653183168					2743,75	0,963358093344087	2743,75	0,950049141042696					2743,75	0,94095274852119	2743,75	0,923284484201124					2743,75	0,887030304608347																																	
2746,875	0,689510004797164					2746,875	0,91253153593335	2746,875	0,973163844755629					2746,875	0,963793252011622	2746,875	0,950036519469442					2746,875	0,940911737908794	2746,875	0,923152744189498					2746,875	0,887526684260798																																	
2750	0,687132617512715					2750	0,911676535630071	2750	0,972856216537066					2750	0,963224682910708	2750	0,949873567467181					2750	0,940370867629761	2750	0,922719875332118					2750	0,886993939575562																																	
2753,125	0,68622617411086					2753,125	0,911733890834657	2753,125	0,972578057844859					2753,125	0,963075662955164	2753,125	0,949700981574858					2753,125	0,940123796655427	2753,125	0,922566878564585					2753,125	0,887153926546359																																	
2756,25	0,68841805436705					2756,25	0,912621597417148	2756,25	0,972640119839374					2756,25	0,963357150044282	2756,25	0,949859156435092					2756,25	0,940304873121877	2756,25	0,92267118296185					2756,25	0,887750286887615																																	
2759,375	0,690261207282812					2759,375	0,913232482143421	2759,375	0,972846222280947					2759,375	0,963631152032358	2759,375	0,949999254940712					2759,375	0,940582399957881	2759,375	0,922810465328183					2759,375	0,88827709135262																																	
2762,5	0,691156399239356					2762,5	0,913495844964383	2762,5	0,972760116560537					2762,5	0,963718675728537	2762,5	0,949954790570739					2762,5	0,940626543091305	2762,5	0,922724042517015					2762,5	0,888645020653627																																	
2765,625	0,690233676216379					2765,625	0,913285911950016	2765,625	0,97272478508433					2765,625	0,963497544959851	2765,625	0,949962607499958					2765,625	0,940593216863696	2765,625	0,922767561715092					2765,625	0,888797095044995																																	
2768,75	0,687106851789157					2768,75	0,912833902568393	2768,75	0,972318488864442					2768,75	0,963046421230145	2768,75	0,949526230820252					2768,75	0,939967020425449	2768,75	0,921999603674464					2768,75	0,888154258560927																																	
2771,875	0,690012647754217					2771,875	0,913434160806594	2771,875	0,972367401297481					2771,875	0,963422454506395	2771,875	0,949481088954314					2771,875	0,94019274281547	2771,875	0,922105618054909					2771,875	0,888800779531505																																	
2775	0,691069510154148					2775	0,913763588570551	2775	0,97248398181419					2775	0,963574612345067	2775	0,949512488110868					2775	0,940409862932017	2775	0,922351676523204					2775	0,889277413605028																																	
2778,125	0,693121799817983					2778,125	0,914134045346886	2778,125	0,972432599422685					2778,125	0,963733638092065	2778,125	0,949399849587755					2778,125	0,940412325615471	2778,125	0,922415381641684					2778,125	0,889679636485949																																	
2781,25	0,696398060115963					2781,25	0,914943746778112	2781,25	0,972552602030168					2781,25	0,964114430349909	2781,25	0,949584116341253					2781,25	0,940707678922179	2781,25	0,922854924252776					2781,25	0,890219838449435																																	
2784,375	0,693631143995131					2784,375	0,914250305731727	2784,375	0,972300884368974					2784,375	0,963707589349862	2784,375	0,949194441975152					2784,375	0,940469000755933	2784,375	0,922495442439052					2784,375	0,889941143967267																																	
2787,5	0,691139760856919					2787,5	0,913516973773235	2787,5	0,972148701969485					2787,5	0,963423175649722	2787,5	0,948897762064663					2787,5	0,940258669859317	2787,5	0,922119043010579					2787,5	0,88970680274996																																	
2790,625	0,690665863182282					2790,625	0,913294437582998	2790,625	0,971939045492537					2790,625	0,963327813294083	2790,625	0,948566270362898					2790,625	0,940094768739296	2790,625	0,921970177181866					2790,625	0,889718473057676																																	
2793,75	0,691704339145911					2793,75	0,913599070448531	2793,75	0,971813507049432					2793,75	0,963445938314146	2793,75	0,948501031788478					2793,75	0,940263501860595	2793,75	0,92219212815136					2793,75	0,890256773098078																																	
2796,875	0,689502815976484					2796,875	0,912809873373864	2796,875	0,971600464097371					2796,875	0,963165165121448	2796,875	0,94818001507816					2796,875	0,940010757424742	2796,875	0,921664259618378					2796,875	0,889888416607922																																	
2800	0,688807381735018					2800	0,912233096277533	2800	0,971320920035662					2800	0,962854349949566	2800	0,947608879667541					2800	0,939850123313374	2800	0,921270280337769					2800	0,889756060569108																																	
2803,125	0,690568857820388					2803,125	0,91286979735358	2803,125	0,971480868036183					2803,125	0,963171357846033	2803,125	0,947796083861107					2803,125	0,940168334241553	2803,125	0,921747832901861					2803,125	0,890556031112252																																	
2806,25	0,68904719592558					2806,25	0,912411581363589	2806,25	0,971155847037969					2806,25	0,963046244848902	2806,25	0,947339850815977					2806,25	0,939863031950581	2806,25	0,921363655472599					2806,25	0,890443955670453																																	
2809,375	0,68995701575454					2809,375	0,912512316549022	2809,375	0,971142485581491					2809,375	0,963083625723522	2809,375	0,947352252969961					2809,375	0,939979412318691	2809,375	0,921530996538807					2809,375	0,890735334526223																																	
2812,5	0,692786282104571					2812,5	0,913246437647121	2812,5	0,971135926043812					2812,5	0,96340556083699	2812,5	0,947265977394631					2812,5	0,940219332419142	2812,5	0,921899731586198					2812,5	0,891169155743706																																	
2815,625	0,693891644585766					2815,625	0,91344127739159	2815,625	0,971197063106275					2815,625	0,963643921296492	2815,625	0,947328792878089					2815,625	0,940408264557547	2815,625	0,922112915319383					2815,625	0,891709349298132																																	
2818,75	0,69212697222935					2818,75	0,912738883664575	2818,75	0,970985738764774					2818,75	0,963327337887047	2818,75	0,946931783185337					2818,75	0,940257459295005	2818,75	0,921704313220426					2818,75	0,891598782181609																																	
2821,875	0,695029725539473					2821,875	0,91344119501357	2821,875	0,970870161198252					2821,875	0,963635640766628	2821,875	0,946924611848147					2821,875	0,940375963144736	2821,875	0,922019906739855					2821,875	0,892296386717933																																	
2825	0,695316515511612					2825	0,913583731592195	2825	0,970662892935581					2825	0,963718926688316	2825	0,946793437269195					2825	0,940339149055055	2825	0,922236643994731					2825	0,892462279513895																																	
2828,125	0,693384862126914					2828,125	0,912840618313949	2828,125	0,970552567171434					2828,125	0,963402142286967	2828,125	0,946642011112851					2828,125	0,940293159269175	2828,125	0,922094446038216					2828,125	0,892322436052801																																	
2831,25	0,696332524691539					2831,25	0,913485840314752	2831,25	0,970497098235829					2831,25	0,963662008222033	2831,25	0,94658888323026					2831,25	0,940426820553779	2831,25	0,922197341977984					2831,25	0,892966874636174																																	
2834,375	0,691891944522133					2834,375	0,911887173957016	2834,375	0,970116933407953					2834,375	0,963063712332138	2834,375	0,945951672889695					2834,375	0,9399803428401	2834,375	0,92166750375631					2834,375	0,892416618487352																																	
2837,5	0,693710031341132					2837,5	0,912352499529052	2837,5	0,969978796210563					2837,5	0,963213045147974	2837,5	0,945811007911412					2837,5	0,939904331684191	2837,5	0,921852881134085					2837,5	0,892585342082131																																	
2840,625	0,695144037060463					2840,625	0,91281158669506	2840,625	0,969916085631826					2840,625	0,963351398973979	2840,625	0,945811001930136					2840,625	0,940051706410286	2840,625	0,922122790239589					2840,625	0,892997630945884																																	
2843,75	0,692797852192237					2843,75	0,911942328312692	2843,75	0,969704841256517					2843,75	0,962966464361653	2843,75	0,945561451847927					2843,75	0,939926055524913	2843,75	0,921784629215588					2843,75	0,892655566044647																																	
2846,875	0,694111591589174					2846,875	0,912065581656462	2846,875	0,969540721719131					2846,875	0,963057364141902	2846,875	0,945370883537243					2846,875	0,939897545045493	2846,875	0,921871733389621					2846,875	0,892962908741054																																	
2850	0,694384416881261					2850	0,912093546806843	2850	0,969589239530375					2850	0,96313958107313	2850	0,945440549756133					2850	0,9401528108404	2850	0,922210060825342					2850	0,893414547243137																																	
2853,125	0,695981195874181					2853,125	0,912546152209558	2853,125	0,969406880885576					2853,125	0,963124900942084	2853,125	0,945333035976184					2853,125	0,940223318978006	2853,125	0,922313519015141					2853,125	0,893801850841145																																	
2856,25	0,693791065601326					2856,25	0,911803563709856	2856,25	0,969180302966713					2856,25	0,962860288680173	2856,25	0,945042329391669					2856,25	0,939943854381827	2856,25	0,922075432825735					2856,25	0,893667202890266																																	
2859,375	0,695455543506937					2859,375	0,912245033615715	2859,375	0,969140081714404					2859,375	0,963012443340452	2859,375	0,945191290254826					2859,375	0,940101163693103	2859,375	0,922264422900209					2859,375	0,894026292422855																																	
2862,5	0,695280654784644					2862,5	0,91183653571521	2862,5	0,968720439760528					2862,5	0,962741038675915	2862,5	0,944742477201409					2862,5	0,939822583936567	2862,5	0,922042482992977					2862,5	0,893671798703734																																	
2865,625	0,695630851735612					2865,625	0,911759960384619	2865,625	0,968664267765493					2865,625	0,962766770356718	2865,625	0,944637153591073					2865,625	0,939848439258086	2865,625	0,922222462974125					2865,625	0,893980387493329																																	
2868,75	0,694129189659936					2868,75	0,91123380681694	2868,75	0,96851766659942					2868,75	0,9625339040502	2868,75	0,944478280782303					2868,75	0,939641395361266	2868,75	0,922037739487681					2868,75	0,893839078815068																																	
2871,875	0,696353759342492					2871,875	0,911695886497159	2871,875	0,968347670762248					2871,875	0,962581416346674	2871,875	0,944332063865473					2871,875	0,939649034605569	2871,875	0,9222113589784					2871,875	0,893900784710134																																	
2875	0,693873542655412					2875	0,910853620374826	2875	0,968070172930812					2875	0,962339607064445	2875	0,944178725010343					2875	0,939662035551905	2875	0,921939323362185					2875	0,893959866970501																																	
2878,125	0,693711345219121					2878,125	0,910649959162047	2878,125	0,967948731025138					2878,125	0,962141443863391	2878,125	0,944119988816093					2878,125	0,939628598429457	2878,125	0,921901998606021					2878,125	0,894047858914519																																	
2881,25	0,695996573248822					2881,25	0,911192968702462	2881,25	0,967813344842694					2881,25	0,962203108908439	2881,25	0,944057785409888					2881,25	0,939627874808646	2881,25	0,922356469495949					2881,25	0,894221982685985																																	
2884,375	0,696522190067461					2884,375	0,911176912497198	2884,375	0,967754346466812					2884,375	0,962162635669305	2884,375	0,943800781106072					2884,375	0,939620031237884	2884,375	0,922396198169687					2884,375	0,894195837062027																																	
2887,5	0,697517087748868					2887,5	0,91141494138554	2887,5	0,967697859310606					2887,5	0,962185687540109	2887,5	0,94370615021869					2887,5	0,939691640172995	2887,5	0,922505031624135					2887,5	0,894313238041148																																	
2890,625	0,697220929284018					2890,625	0,911310640630531	2890,625	0,967583628842162					2890,625	0,962123895897034	2890,625	0,943567697385083					2890,625	0,939619621189162	2890,625	0,922438165728654					2890,625	0,894186371648279																																	
2893,75	0,693418648146745					2893,75	0,909898762880799	2893,75	0,966965195009112					2893,75	0,961305118194455	2893,75	0,942906828584694					2893,75	0,939146410641794	2893,75	0,921914596294769					2893,75	0,893604629591214																																	
2896,875	0,697576382771799					2896,875	0,911010502947378	2896,875	0,967029938955171					2896,875	0,961780129624076	2896,875	0,943194081306986					2896,875	0,939585125148385	2896,875	0,922660782848627					2896,875	0,89428013019615																																	
2900	0,696854716776507					2900	0,910623063153521	2900	0,966905285573772					2900	0,961554864133915	2900	0,943002947193758					2900	0,93943269851362	2900	0,922480648240198					2900	0,894165746333899																																	
2903,125	0,696705336985401					2903,125	0,910495272041509	2903,125	0,966774949394271					2903,125	0,961433140444606	2903,125	0,942763621478477					2903,125	0,939252309965603	2903,125	0,922513012952249					2903,125	0,89408084185509																																	
2906,25	0,695777430492687					2906,25	0,910108953685221	2906,25	0,966563096766373					2906,25	0,961137926606676	2906,25	0,942443623855098					2906,25	0,939060299917505	2906,25	0,922419817575068					2906,25	0,893931233110426																																	
2909,375	0,695384215690271					2909,375	0,909835140674188	2909,375	0,966281036941384					2909,375	0,960816649653728	2909,375	0,942182787879218					2909,375	0,938969297558436	2909,375	0,922434043900926					2909,375	0,893711043993906																																	
2912,5	0,696242640682491					2912,5	0,909945814006541	2912,5	0,966116605900254					2912,5	0,960870519745962	2912,5	0,941945729245676					2912,5	0,939056997291858	2912,5	0,92244904410842					2912,5	0,893583250357038																																	
2915,625	0,694906329670984					2915,625	0,909176188354232	2915,625	0,965849771599845					2915,625	0,960422942253526	2915,625	0,941511465354701					2915,625	0,938879507896619	2915,625	0,922360979813957					2915,625	0,893406602141502																																	
2918,75	0,695352862896324					2918,75	0,90929475481211	2918,75	0,965640009618168					2918,75	0,960330743893185	2918,75	0,941371492489232					2918,75	0,938883507862977	2918,75	0,922583521043723					2918,75	0,893723605261656																																	
2921,875	0,696500115743293					2921,875	0,909548111992434	2921,875	0,965527289955269					2921,875	0,960370534993906	2921,875	0,941219330763635					2921,875	0,938845013202722	2921,875	0,922690405394389					2921,875	0,894037315990579																																	
2925	0,696657288303656					2925	0,909399712664489	2925	0,965307194807173					2925	0,960085028655214	2925	0,940747117031146					2925	0,93870357525884	2925	0,922798721670612					2925	0,894100302046108																																	
2928,125	0,696993111687967					2928,125	0,90947538621863	2928,125	0,965166300524297					2928,125	0,960065889496132	2928,125	0,940714781913733					2928,125	0,9388104817242	2928,125	0,922925082803263					2928,125	0,894565755546649																																	
2931,25	0,695028281286942					2931,25	0,908747967414325	2931,25	0,964837216905295					2931,25	0,959773363179794	2931,25	0,940347909365485					2931,25	0,938554113953673	2931,25	0,922686206232312					2931,25	0,894373836750009																																	
2934,375	0,696959147780596					2934,375	0,909184202025654	2934,375	0,964601380693544					2934,375	0,959772101964811	2934,375	0,94014576675945					2934,375	0,938585635340165	2934,375	0,92312844041218					2934,375	0,895063144298559																																	
2937,5	0,695964557257808					2937,5	0,90873466622384	2937,5	0,964403404042665					2937,5	0,959396604226179	2937,5	0,939592245813968					2937,5	0,938367469457522	2937,5	0,922908498840769					2937,5	0,895221656290909																																	
2940,625	0,697154737139499					2940,625	0,909341765624313	2940,625	0,964211047095358					2940,625	0,959475571874812	2940,625	0,939305945026636					2940,625	0,938350530524483	2940,625	0,922986035443346					2940,625	0,895715346871873																																	
2943,75	0,696351552518697					2943,75	0,909167497826425	2943,75	0,964023137286683					2943,75	0,959319570225705	2943,75	0,939126840686399					2943,75	0,938374016851121	2943,75	0,923207530156295					2943,75	0,895971624922517																																	
2946,875	0,69487740149284					2946,875	0,908661052418978	2946,875	0,963585520236225					2946,875	0,958826645040236	2946,875	0,938471733475961					2946,875	0,938085259736874	2946,875	0,923101231551106					2946,875	0,895779553414546																																	
2950	0,696947170880236					2950	0,909354545040636	2950	0,963478161294994					2950	0,958947466327698	2950	0,93831524596837					2950	0,938072719534714	2950	0,923259944232944					2950	0,896138806439663																																	
2953,125	0,695270196916841					2953,125	0,908834069187014	2953,125	0,963064481957246					2953,125	0,95850073108566	2953,125	0,937725595665842					2953,125	0,937612682503613	2953,125	0,9230822279485					2953,125	0,895869057943839																																	
2956,25	0,695141441828639					2956,25	0,908810637802753	2956,25	0,962743001162147					2956,25	0,958248821222877	2956,25	0,937485823379826					2956,25	0,937593481826755	2956,25	0,923169570355492					2956,25	0,89576687777211																																	
2959,375	0,696852233582542					2959,375	0,909428797020995	2959,375	0,962668150335318					2959,375	0,958319487974666	2959,375	0,937404918279448					2959,375	0,937805964998129	2959,375	0,923410175838477					2959,375	0,896127603607464																																	
2962,5	0,696610986245201					2962,5	0,909449838817995	2962,5	0,962374255771582					2962,5	0,958109280884189	2962,5	0,937039098860059					2962,5	0,937599368030295	2962,5	0,923358432744248					2962,5	0,896192965944135																																	
2965,625	0,696694844515831					2965,625	0,909410684386605	2965,625	0,961978929473147					2965,625	0,957834371580102	2965,625	0,936620829842209					2965,625	0,937476741368685	2965,625	0,923248547234879					2965,625	0,896077244722026																																	
2968,75	0,698952134639308					2968,75	0,910104735859002	2968,75	0,961996564289773					2968,75	0,958051312707272	2968,75	0,936764165325784					2968,75	0,937608613032779	2968,75	0,92356924804558					2968,75	0,896573203715457																																	
2971,875	0,69930292270952					2971,875	0,910437410186667	2971,875	0,961794217391895					2971,875	0,958052763338648	2971,875	0,936693922735612					2971,875	0,937530223587878	2971,875	0,923835239354687					2971,875	0,896623201742239																																	
2975	0,697774348811581					2975	0,909804319101887	2975	0,961338839022657					2975	0,957619583813631	2975	0,936130029574909					2975	0,937134882163851	2975	0,92370168538318					2975	0,896046290216429																																	
2978,125	0,697347704703516					2978,125	0,909614196242595	2978,125	0,960979871139478					2978,125	0,957319334683571	2978,125	0,935834006717351					2978,125	0,937058092789101	2978,125	0,923701324679098					2978,125	0,895982834215421																																	
2981,25	0,699082963429618					2981,25	0,910318668338524	2981,25	0,960924562141869					2981,25	0,957437168944953	2981,25	0,936180292560574					2981,25	0,937141530592849	2981,25	0,923993699060443					2981,25	0,896367585080023																																	
2984,375	0,700893086283946					2984,375	0,910844619302075	2984,375	0,96063923041393					2984,375	0,957571911458927	2984,375	0,936047214359339					2984,375	0,937251423248074	2984,375	0,924039990978657					2984,375	0,896640863622663																																	
2987,5	0,70160130448747					2987,5	0,9109039024062	2987,5	0,960332848227867					2987,5	0,957439895438851	2987,5	0,935968667262117					2987,5	0,937214593021707	2987,5	0,924158050039497					2987,5	0,896726115312692																																	
2990,625	0,699980546809674					2990,625	0,910278184128862	2990,625	0,960069540927309					2990,625	0,956992008758513	2990,625	0,93576982602928					2990,625	0,937015825830292	2990,625	0,924013089372472					2990,625	0,896241977589016																																	
2993,75	0,700488548838407					2993,75	0,910380351012037	2993,75	0,959853908187314					2993,75	0,956858606539785	2993,75	0,935888878690353					2993,75	0,936987111668557	2993,75	0,924186098021951					2993,75	0,896049278204249																																	
2996,875	0,700031353869473					2996,875	0,910130402103814	2996,875	0,959390846925745					2996,875	0,956605959078659	2996,875	0,935831004753161					2996,875	0,936831541816384	2996,875	0,92423287765629					2996,875	0,89595935296577																																	
3000	0,704290774233082					3000	0,911218573856721	3000	0,959252960120742					3000	0,957084515204685	3000	0,936082044764856					3000	0,937016105880776	3000	0,924706084975856					3000	0,896334873801737																																	
3003,125	0,70283413710719					3003,125	0,910622256136485	3003,125	0,95881575088206					3003,125	0,956611307415327	3003,125	0,93582512403339					3003,125	0,936838165641251	3003,125	0,924476967130171					3003,125	0,89622774566071																																	
3006,25	0,700788897294139					3006,25	0,909812430863323	3006,25	0,958336796449434					3006,25	0,956077106728676	3006,25	0,935496895150116					3006,25	0,936692742553514	3006,25	0,92407954034955					3006,25	0,895757642418157																																	
3009,375	0,702570287926865					3009,375	0,910379974656035	3009,375	0,958093404329715					3009,375	0,956204609308642	3009,375	0,935591534080014					3009,375	0,936676936229177	3009,375	0,924378501124765					3009,375	0,895894845915307																																	
3012,5	0,701321245582821					3012,5	0,90986198367705	3012,5	0,957634686802772					3012,5	0,955945758923793	3012,5	0,935572190584874					3012,5	0,936367957392639	3012,5	0,924281373320068					3012,5	0,895579961585802																																	
3015,625	0,701000494138373					3015,625	0,909274891518666	3015,625	0,956948730191167					3015,625	0,955362616487021	3015,625	0,935233228725704					3015,625	0,936096940864194	3015,625	0,924166944489					3015,625	0,895696011205085																																	
3018,75	0,699763768624326					3018,75	0,908750102418744	3018,75	0,956569468333299					3018,75	0,95502126041668	3018,75	0,934992351648419					3018,75	0,935686488807893	3018,75	0,924059803403921					3018,75	0,895017196918209																																	
3021,875	0,699002157478748					3021,875	0,908353514372322	3021,875	0,956067807652894					3021,875	0,954790950750819	3021,875	0,93464507387771					3021,875	0,935325110458332	3021,875	0,923922538036256					3021,875	0,894538617073888																																	
3025	0,706653189289681					3025	0,910186649044144	3025	0,955819116498598					3025	0,955509342534943	3025	0,935177173106834					3025	0,936168418207601	3025	0,924826132719326					3025	0,896149167496944																																	
3028,125	0,703370914696853					3028,125	0,908991921676151	3028,125	0,955279165010345					3028,125	0,954819115492231	3028,125	0,934670817992937					3028,125	0,935797946957044	3028,125	0,924457616342645					3028,125	0,895268851957272																																	
3031,25	0,702947375811573					3031,25	0,90860547355715	3031,25	0,954704027327357					3031,25	0,954509713349027	3031,25	0,934376751633868					3031,25	0,935445839550316	3031,25	0,924286900837241					3031,25	0,89515698373121																																	
3034,375	0,704595018291355					3034,375	0,908893737644717	3034,375	0,954608148887089					3034,375	0,954631882511322	3034,375	0,934328857400878					3034,375	0,935699568049396	3034,375	0,924735491160331					3034,375	0,895354663580051																																	
3037,5	0,704920657853596					3037,5	0,90879212185163	3037,5	0,954400001901546					3037,5	0,954678173591257	3037,5	0,933996161638705					3037,5	0,935604301215473	3037,5	0,925065739468237					3037,5	0,895120150996724																																	
3040,625	0,706757898277683					3040,625	0,908775273895443	3040,625	0,954122524334202					3040,625	0,954576128174021	3040,625	0,933812108724725					3040,625	0,935345139632663	3040,625	0,925106821103045					3040,625	0,895477582175045																																	
3043,75	0,703719160521521					3043,75	0,90777718991995	3043,75	0,953730470239893					3043,75	0,954078098300554	3043,75	0,933339379969156					3043,75	0,935034005253528	3043,75	0,924632149328023					3043,75	0,894842157513042																																	
3046,875	0,702417761973133					3046,875	0,906912876952551	3046,875	0,953160390185503					3046,875	0,953587062267325	3046,875	0,932663058044597					3046,875	0,934649241063782	3046,875	0,924576135907633					3046,875	0,894539093960212																																	
3050	0,703387152830842					3050	0,907173115504906	3050	0,953271890054421					3050	0,953864068489103	3050	0,932533304547593					3050	0,934556712198537	3050	0,924614067567463					3050	0,894533796853627																																	
3053,125	0,706301511935621					3053,125	0,908081353948389	3053,125	0,953701835834923					3053,125	0,954118079541293	3053,125	0,932730490182504					3053,125	0,934955679547908	3053,125	0,92481856750977					3053,125	0,894631450008888																																	
3056,25	0,704449884850993					3056,25	0,907092319706225	3056,25	0,953127812146238					3056,25	0,953661212539098	3056,25	0,932364254582633					3056,25	0,934610697352821	3056,25	0,924773475295125					3056,25	0,894381637096421																																	
3059,375	0,705930621953516					3059,375	0,907452605085922	3059,375	0,953253945493507					3059,375	0,953918835866299	3059,375	0,932102856065517					3059,375	0,934591587099766	3059,375	0,925099264468829					3059,375	0,894764616435596																																	
3062,5	0,707641478993451					3062,5	0,907843146013249	3062,5	0,953357824293985					3062,5	0,954049187755769	3062,5	0,93196633821875					3062,5	0,934621963562149	3062,5	0,925237139243908					3062,5	0,895020640403506																																	
3065,625	0,70898977182244					3065,625	0,907829239698439	3065,625	0,953294597988674					3065,625	0,954206228762713	3065,625	0,932045553770216					3065,625	0,934492803154051	3065,625	0,92502015938816					3065,625	0,894861807272047																																	
3068,75	0,709795311597443					3068,75	0,907822324665786	3068,75	0,9531864397167					3068,75	0,95406428045962	3068,75	0,931717755813413					3068,75	0,934555302276669	3068,75	0,925314178139019					3068,75	0,894882645756975																																	
3071,875	0,708332159202992					3071,875	0,907528425883868	3071,875	0,952795104072848					3071,875	0,953860392675405	3071,875	0,931355253823803					3071,875	0,934423403170549	3071,875	0,925251594917957					3071,875	0,894869160629432																																	
3075	0,704892452055744					3075	0,906112614885996	3075	0,952100886573071					3075	0,953104161498339	3075	0,930587728736136					3075	0,933796389407914	3075	0,924930767137034					3075	0,894417962529908																																	
3078,125	0,706310061201065					3078,125	0,906321656389208	3078,125	0,952000374117051					3078,125	0,953199122209642	3078,125	0,930385115073453					3078,125	0,933930402769271	3078,125	0,925254104387984					3078,125	0,894716850479376																																	
3081,25	0,709685149294812					3081,25	0,907076396407107	3081,25	0,95217197448585					3081,25	0,953467342693207	3081,25	0,930589468229688					3081,25	0,934291076399176	3081,25	0,925635355862446					3081,25	0,895554467525955																																	
3084,375	0,709056212153933					3084,375	0,906684121639595	3084,375	0,952019302115339					3084,375	0,953189887984744	3084,375	0,930392591227918					3084,375	0,934232528832267	3084,375	0,925725524036341					3084,375	0,895280919287487																																	
3087,5	0,706018662133076					3087,5	0,905325594167115	3087,5	0,951250367853928					3087,5	0,952330673468044	3087,5	0,929775711514509					3087,5	0,933711889559913	3087,5	0,924949585746559					3087,5	0,894324343054313																																	
3090,625	0,7069909891105					3090,625	0,90525884574308	3090,625	0,951223162620709					3090,625	0,95244888128746	3090,625	0,929470596906219					3090,625	0,933643604703645	3090,625	0,92504174189293					3090,625	0,894132937467838																																	
3093,75	0,705562053932715					3093,75	0,904927633011154	3093,75	0,950827527020977					3093,75	0,952204012653895	3093,75	0,928951375596419					3093,75	0,933697519135993	3093,75	0,925244970293421					3093,75	0,894522472085606																																	
3096,875	0,707272513007492					3096,875	0,905469949598523	3096,875	0,95068052457812					3096,875	0,95238841895063	3096,875	0,929148272432062					3096,875	0,933869505975338	3096,875	0,925561882452517					3096,875	0,894778940627274																																	
3100	0,708312341678267					3100	0,905341736920461	3100	0,950540658800676					3100	0,952240550584436	3100	0,929269591563387					3100	0,933936152331701	3100	0,925379981219189					3100	0,894483477836092																																	
3103,125	0,705978420037301					3103,125	0,904525327716556	3103,125	0,950260724354655					3103,125	0,951738219162647	3103,125	0,928808571223963					3103,125	0,933289485815433	3103,125	0,925141037648919					3103,125	0,894311532698129																																	
3106,25	0,705388493358285					3106,25	0,90432837759506	3106,25	0,949942612622313					3106,25	0,951574282127538	3106,25	0,928342961683303					3106,25	0,933176575093747	3106,25	0,925210502326433					3106,25	0,894262328005036																																	
3109,375	0,705165714832494					3109,375	0,904025576138215	3109,375	0,949563787964435					3109,375	0,951368633946523	3109,375	0,928043114049889					3109,375	0,933229771762217	3109,375	0,925101055630495					3109,375	0,894073423735512																																	
3112,5	0,702759510341592					3112,5	0,902987016111772	3112,5	0,948883862694047					3112,5	0,950755549882098	3112,5	0,927526829444229					3112,5	0,932617805937186	3112,5	0,924827357400599					3112,5	0,893273467898037																																	
3115,625	0,704332412231927					3115,625	0,903792005586338	3115,625	0,948752768947955					3115,625	0,950536083723272	3115,625	0,927482181854846					3115,625	0,932789184669567	3115,625	0,925331981648286					3115,625	0,893867439142687																																	
3118,75	0,705516098698254					3118,75	0,904170079784203	3118,75	0,948975815179627					3118,75	0,950790139294673	3118,75	0,927517904702058					3118,75	0,932964205304413	3118,75	0,925543475672021					3118,75	0,894174810152165																																	
3121,875	0,708525145752875					3121,875	0,90490965596997	3121,875	0,948985491544432					3121,875	0,950964926822445	3121,875	0,927585489732901					3121,875	0,933343717184767	3121,875	0,925960125917991					3121,875	0,894834195788649																																	
3125	0,707729070079566					3125	0,904493299769395	3125	0,948628768213983					3125	0,950663170905985	3125	0,927308880349546					3125	0,932887033380393	3125	0,925516998643943					3125	0,894570214496319																																	
3128,125	0,70657104754815					3128,125	0,903607293514224	3128,125	0,948017294493117					3128,125	0,950278558660879	3128,125	0,926851462801406					3128,125	0,932427668984526	3128,125	0,925329908364742					3128,125	0,89404447367768																																	
3131,25	0,70369732858708					3131,25	0,90225630388023	3131,25	0,947667122803249					3131,25	0,949369906047347	3131,25	0,926095445552478					3131,25	0,932250935556329	3131,25	0,925175650910341					3131,25	0,893494952817573																																	
3134,375	0,705930306651382					3134,375	0,903031075631674	3134,375	0,947620350005472					3134,375	0,949861331677593	3134,375	0,925996909482156					3134,375	0,932175199971661	3134,375	0,925426279998505					3134,375	0,893583674335077																																	
3137,5	0,710579083461214					3137,5	0,90456938542205	3137,5	0,948073501637934					3137,5	0,95059061305953	3137,5	0,926495567803338					3137,5	0,932464185334844	3137,5	0,925809174239431					3137,5	0,893876804712908																																	
3140,625	0,706636564086524					3140,625	0,902903707610958	3140,625	0,94730484751574					3140,625	0,949861830774959	3140,625	0,926078768876163					3140,625	0,932323870696741	3140,625	0,925724068368167					3140,625	0,894018710709409																																	
3143,75	0,706229544439572					3143,75	0,902884049969678	3143,75	0,946950651971427					3143,75	0,949534049360603	3143,75	0,925579518722105					3143,75	0,932118826606569	3143,75	0,925526814210776					3143,75	0,894150498171811																																	
3146,875	0,706509560401067					3146,875	0,902759040481527	3146,875	0,946722072915567					3146,875	0,949403293940789	3146,875	0,925429897910458					3146,875	0,931988833917744	3146,875	0,92560265889892					3146,875	0,894293370444246																																	
3150	0,706796827071476					3150	0,903118892314806	3150	0,946748674278741					3150	0,949745253371608	3150	0,925453128284775					3150	0,931891352929696	3150	0,92556184395179					3150	0,894175902359534																																	
3153,125	0,702605294847851					3153,125	0,901603842718072	3153,125	0,946101333213476					3153,125	0,948798783660806	3153,125	0,924612893908787					3153,125	0,9317566686145	3153,125	0,925068055709943					3153,125	0,893952979640376																																	
3156,25	0,712889163059051					3156,25	0,904161010871912	3156,25	0,946466139975434					3156,25	0,949965893764565	3156,25	0,925422135094441					3156,25	0,932496730520966	3156,25	0,92561311784696					3156,25	0,89467253430121																																	
3159,375	0,711534704745541					3159,375	0,903450623240334	3159,375	0,946107340135039					3159,375	0,949518025362817	3159,375	0,924841148651106					3159,375	0,932095068481142	3159,375	0,925507488839771					3159,375	0,894399725164733																																	
3162,5	0,709825643110996					3162,5	0,903078160423604	3162,5	0,946080844476745					3162,5	0,949169208214149	3162,5	0,924430401200306					3162,5	0,932047318591313	3162,5	0,925346753496927					3162,5	0,894938717497793																																	
3165,625	0,708719847371085					3165,625	0,902792814948865	3165,625	0,946068585865915					3165,625	0,948943197670091	3165,625	0,924202781225501					3165,625	0,932222734137812	3165,625	0,925814763614477					3165,625	0,895415254105294																																	
3168,75	0,706164091629145					3168,75	0,901729633139415	3168,75	0,945331783858672					3168,75	0,947908574865574	3168,75	0,923827828659971					3168,75	0,931451134878332	3168,75	0,925539214996056					3168,75	0,893913480809114																																	
3171,875	0,704999436927254					3171,875	0,901696473208106	3171,875	0,944849154117812					3171,875	0,9478957115087	3171,875	0,923938563365339					3171,875	0,93159190106484	3171,875	0,925786147343622					3171,875	0,893832241081822																																	
3175	0,70738817304065					3175	0,902635929623652	3175	0,945147683270104					3175	0,94840056589496	3175	0,924040509472168					3175	0,931915112521325	3175	0,925997648630279					3175	0,894243295811235																																	
3178,125	0,704310120092855					3178,125	0,899808197421078	3178,125	0,943995976278853					3178,125	0,946982899817829	3178,125	0,922705595400131					3178,125	0,931058011019856	3178,125	0,92541678282725					3178,125	0,893650288608315																																	
3181,25	0,705582384162507					3181,25	0,900721284719424	3181,25	0,94423413960061					3181,25	0,94731158506594	3181,25	0,922920284974276					3181,25	0,930928266836695	3181,25	0,92511737774014					3181,25	0,893777433082085																																	
3184,375	0,704589759258134					3184,375	0,900928983038986	3184,375	0,944183832731376					3184,375	0,947473320226888	3184,375	0,923344015243076					3184,375	0,931505011382235	3184,375	0,925625234902979					3184,375	0,894949736412859																																	
3187,5	0,702493560143152					3187,5	0,900073629686855	3187,5	0,943577205671124					3187,5	0,946822792946687	3187,5	0,922465636202673					3187,5	0,931042903100446	3187,5	0,924705190359181					3187,5	0,893856734069013																																	
3190,625	0,707496585386662					3190,625	0,901997905015356	3190,625	0,943811225778801					3190,625	0,94755560370852	3190,625	0,922662959720315					3190,625	0,931086993687855	3190,625	0,92499000981872					3190,625	0,894037515377194																																	
3193,75	0,703259533391229					3193,75	0,900625259262954	3193,75	0,943617170352703					3193,75	0,946871083076348	3193,75	0,922334715130741					3193,75	0,930991834444788	3193,75	0,924797244161977					3193,75	0,894286420705865																																	
3196,875	0,702421731401587					3196,875	0,900188678105626	3196,875	0,943409131350429					3196,875	0,946235718940269	3196,875	0,92212792923184					3196,875	0,930611331808291	3196,875	0,924344874050161					3196,875	0,893869961328981																																	
3200	0,707385466182025					3200	0,901446636209037	3200	0,943439187542479					3200	0,946634947703885	3200	0,92249295613308					3200	0,930912302818176	3200	0,924536167130638					3200	0,894227818936538																																	
3203,125	0,710203153691655					3203,125	0,902459239702294	3203,125	0,943339159166657					3203,125	0,946877812064909	3203,125	0,922054916719844					3203,125	0,931051176664247	3203,125	0,924725018159556					3203,125	0,894564718549386																																	
3206,25	0,70730488963561					3206,25	0,901123140907657	3206,25	0,942575890165373					3206,25	0,946298493554426	3206,25	0,921417380718792					3206,25	0,930419648150155	3206,25	0,924043228697347					3206,25	0,893751841100253																																	
3209,375	0,702161148997459					3209,375	0,89928322928794	3209,375	0,942104953224015					3209,375	0,94572451133571	3209,375	0,921743867804847					3209,375	0,930101125183164	3209,375	0,924401135156215					3209,375	0,893766503725275																																	
3212,5	0,705171547168923					3212,5	0,899864519653336	3212,5	0,942761854411456					3212,5	0,945993135426774	3212,5	0,922409357100078					3212,5	0,930854360292624	3212,5	0,924824776187134					3212,5	0,894479671132853																																	
3215,625	0,706740485681716					3215,625	0,900443112599005	3215,625	0,942998787673956					3215,625	0,945836581295984	3215,625	0,922183986274394					3215,625	0,931218013833943	3215,625	0,924838704033279					3215,625	0,895009240333544																																	
3218,75	0,711930699785009					3218,75	0,902254021605799	3218,75	0,943098726326726					3218,75	0,946152858943424	3218,75	0,922288589657975					3218,75	0,931533431346477	3218,75	0,925255221123808					3218,75	0,895484777803583																																	
3221,875	0,707851142549217					3221,875	0,901380115844653	3221,875	0,942388012620339					3221,875	0,945967386993877	3221,875	0,922494226153213					3221,875	0,931010988976644	3221,875	0,924548007703299					3221,875	0,89499236518634																																	
3225	0,70666285436132					3225	0,899436501396798	3225	0,942166559663504					3225	0,945632059141405	3225	0,922074295353993					3225	0,931191446750316	3225	0,925108884138094					3225	0,895650866003817																																	
3228,125	0,704003105336403					3228,125	0,898615176636421	3228,125	0,94214843523249					3228,125	0,945155400075703	3228,125	0,92168159470678					3228,125	0,930611012612362	3228,125	0,924578780270698					3228,125	0,895210411184178																																	
3231,25	0,705465036598792					3231,25	0,898895818228332	3231,25	0,942407398899425					3231,25	0,944170972969559	3231,25	0,92101481769569					3231,25	0,930805062115468	3231,25	0,924144951266594					3231,25	0,895301899631891																																	
3234,375	0,70361071917217					3234,375	0,897610218144241	3234,375	0,941423876120574					3234,375	0,943677047712264	3234,375	0,920991213928563					3234,375	0,929465639783796	3234,375	0,924110557325618					3234,375	0,895178585897114																																	
3237,5	0,707363355933861					3237,5	0,899448757041298	3237,5	0,941915192641017					3237,5	0,944430339905735	3237,5	0,921478754120388					3237,5	0,930252772727233	3237,5	0,92457338881767					3237,5	0,895398017479414																																	
3240,625	0,702361371974811					3240,625	0,897698016808186	3240,625	0,941186506565382					3240,625	0,94419627343896	3240,625	0,921027926425314					3240,625	0,930610619276253	3240,625	0,924223646061244					3240,625	0,894930326954807																																	
3243,75	0,699725680757548					3243,75	0,897367098123409	3243,75	0,941125628788926					3243,75	0,944105945942105	3243,75	0,92050910529435					3243,75	0,93068520391097	3243,75	0,924273617512293					3243,75	0,895054343480239																																	
3246,875	0,697124437642822					3246,875	0,896438547628374	3246,875	0,94075832464776					3246,875	0,943022962787524	3246,875	0,91976189132383					3246,875	0,930151911716123	3246,875	0,924398634363631					3246,875	0,894664515197809																																	
3250	0,700997516874837					3250	0,896742480269867	3250	0,940713800127956					3250	0,94359517151589	3250	0,921704677263581					3250	0,931226841733149	3250	0,924485405327363					3250	0,895682547099868																																	
3253,125	0,704922989319117					3253,125	0,897889518196488	3253,125	0,941137541757199					3253,125	0,943957649109893	3253,125	0,921541926319801					3253,125	0,931576768665997	3253,125	0,925227081824732					3253,125	0,896828784434096																																	
3256,25	0,703891890881418					3256,25	0,896762340742898	3256,25	0,940682594257378					3256,25	0,943037047024555	3256,25	0,920976137235607					3256,25	0,931164135013573	3256,25	0,925540890338891					3256,25	0,896802608963058																																	
3259,375	0,703029132739432					3259,375	0,896604236241827	3259,375	0,940254441671683					3259,375	0,942302479203473	3259,375	0,921231245972185					3259,375	0,930959173590512	3259,375	0,925697082254913					3259,375	0,896596273773465																																	
3262,5	0,697328032423153					3262,5	0,894961860124129	3262,5	0,939860598930151					3262,5	0,942376357235798	3262,5	0,920879935341616					3262,5	0,930241462521943	3262,5	0,924806929904372					3262,5	0,895966576669638																																	
3265,625	0,69946964953042					3265,625	0,894826374577922	3265,625	0,939852032654804					3265,625	0,942549708172161	3265,625	0,92053800738562					3265,625	0,930390686491225	3265,625	0,924872924438273					3265,625	0,896175496907428																																	
3268,75	0,69780156561982					3268,75	0,893195774324095	3268,75	0,939727781535189					3268,75	0,942064514968372	3268,75	0,919919132016					3268,75	0,930175839940011	3268,75	0,925763707802642					3268,75	0,896142134527951																																	
3271,875	0,694719416192318					3271,875	0,892212068520358	3271,875	0,93920606189399					3271,875	0,94195475570501	3271,875	0,920137590836438					3271,875	0,930274362380686	3271,875	0,925722202301226					3271,875	0,895791843279197																																	
3275	0,691387046066711					3275	0,89120341123977	3275	0,938247949681111					3275	0,941381501539377	3275	0,919498137242363					3275	0,930097388502774	3275	0,925386931709559					3275	0,895426650638246																																	
3278,125	0,694881387543627					3278,125	0,891814348335175	3278,125	0,938478026587784					3278,125	0,941542471391295	3278,125	0,919651455821745					3278,125	0,930180467493993	3278,125	0,925645371255578					3278,125	0,896130958939969																																	
3281,25	0,696782507759842					3281,25	0,892605636096889	3281,25	0,938839630412964					3281,25	0,941625130987364	3281,25	0,919612094470199					3281,25	0,930066606085012	3281,25	0,926086797826496					3281,25	0,896422961154012																																	
3284,375	0,696167464435848					3284,375	0,89209459322114	3284,375	0,938370399841728					3284,375	0,94137702688999	3284,375	0,919261313789423					3284,375	0,929887329512184	3284,375	0,926018406214646					3284,375	0,896318688411245																																	
3287,5	0,69493515862305					3287,5	0,890851542573219	3287,5	0,93797333793387					3287,5	0,941144918813743	3287,5	0,91896257986096					3287,5	0,930136979770581	3287,5	0,926190283305385					3287,5	0,896173910038703																																	
3290,625	0,695978815780865					3290,625	0,891040207924599	3290,625	0,937832317156004					3290,625	0,941239618780131	3290,625	0,918759632035702					3290,625	0,930388366761136	3290,625	0,926762166627973					3290,625	0,896682442200399																																	
3293,75	0,693458810976555					3293,75	0,889905808031515	3293,75	0,93714780194823					3293,75	0,940416737586222	3293,75	0,918786786095348					3293,75	0,930531549494043	3293,75	0,927083743179302					3293,75	0,896997407607587																																	
3296,875	0,694449071090417					3296,875	0,889900333377099	3296,875	0,936807641330245					3296,875	0,940304055222982	3296,875	0,918711185587851					3296,875	0,930494259889824	3296,875	0,927003259920336					3296,875	0,896879690350037																																	
3300	0,693339277091242					3300	0,888848505778356	3300	0,936811416890083					3300	0,940534716251532	3300	0,918490406037512					3300	0,930462054509015	3300	0,927109865336861					3300	0,89694122392206																																	
3303,125	0,691302515047483					3303,125	0,887978364372576	3303,125	0,936161050955894					3303,125	0,939744748829143	3303,125	0,917985781566576					3303,125	0,929759433654679	3303,125	0,926597547971568					3303,125	0,896019240183245																																	
3306,25	0,691724062909724					3306,25	0,888200307035511	3306,25	0,935973312283496					3306,25	0,938995748718626	3306,25	0,917973401170549					3306,25	0,929962370293076	3306,25	0,927282923430949					3306,25	0,896469047291007																																	
3309,375	0,692069792662966					3309,375	0,888102093991647	3309,375	0,936083719773066					3309,375	0,939145138493608	3309,375	0,918259450311741					3309,375	0,930326122347812	3309,375	0,927760562493166					3309,375	0,897383301512445																																	
3312,5	0,691936192070569					3312,5	0,887435737248363	3312,5	0,935752434887992					3312,5	0,938954733839163	3312,5	0,917965818185252					3312,5	0,93028259672078	3312,5	0,927746796077999					3312,5	0,897625584508035																																	
3315,625	0,694627875311619					3315,625	0,887430880669797	3315,625	0,935527318735178					3315,625	0,939165321035163	3315,625	0,917704485392613					3315,625	0,930481820998228	3315,625	0,928104894814939					3315,625	0,897687666514411																																	
3318,75	0,688999049153503					3318,75	0,885184025441466	3318,75	0,934959345319587					3318,75	0,938296738373469	3318,75	0,91697054964062					3318,75	0,930079257660955	3318,75	0,927628384080797					3318,75	0,896396749613688																																	
3321,875	0,685331560253336					3321,875	0,884306188079126	3321,875	0,934480341313658					3321,875	0,937552813341562	3321,875	0,916867516378187					3321,875	0,929700425384179	3321,875	0,92746245026764					3321,875	0,896407926736975																																	
3325	0,687782690505026					3325	0,885165085559119	3325	0,934517905331558					3325	0,937790867471566	3325	0,916965128378416					3325	0,92975352839374	3325	0,927773450977371					3325	0,89706996606145																																	
3328,125	0,688606022640465					3328,125	0,885436940220253	3328,125	0,934615360042229					3328,125	0,937703001658173	3328,125	0,916801604331915					3328,125	0,929832421983644	3328,125	0,928429209355808					3328,125	0,897310789702962																																	
3331,25	0,691319945869774					3331,25	0,885494818668608	3331,25	0,934504769072874					3331,25	0,937770336120989	3331,25	0,917453745510468					3331,25	0,930382946354841	3331,25	0,929355671267204					3331,25	0,898112801901106																																	
3334,375	0,688473702475542					3334,375	0,88457893159481	3334,375	0,933850650974135					3334,375	0,937003862931045	3334,375	0,916469829540385					3334,375	0,929857295755791	3334,375	0,928168155785168					3334,375	0,897820754532029																																	
3337,5	0,685126047255392					3337,5	0,883184659504974	3337,5	0,933493009195146					3337,5	0,936186241658538	3337,5	0,91602156139669					3337,5	0,929403035922246	3337,5	0,927692582160962					3337,5	0,897397382303687																																	
3340,625	0,687383154275637					3340,625	0,883289075007424	3340,625	0,93346145075627					3340,625	0,936042787332418	3340,625	0,916431633280629					3340,625	0,929954613657326	3340,625	0,928713530658546					3340,625	0,898226835647052																																	
3343,75	0,689361343681824					3343,75	0,883956245517294	3343,75	0,9335035570995					3343,75	0,936328962695547	3343,75	0,916435846946793					3343,75	0,930553562327854	3343,75	0,929215055223214					3343,75	0,898388894766924																																	
3346,875	0,686231386726784					3346,875	0,883032413077433	3346,875	0,93270806766156					3346,875	0,935937524566219	3346,875	0,91545545906081					3346,875	0,929982748666047	3346,875	0,929313433427841					3346,875	0,897889281498492																																	
3350	0,684318565108524					3350	0,881659969394177	3350	0,932365124920891					3350	0,935130539323378	3350	0,914818923520973					3350	0,929291638671128	3350	0,928954554052852					3350	0,897628760800224																																	
3353,125	0,686737107873952					3353,125	0,882571241404937	3353,125	0,932826099374786					3353,125	0,935374062925389	3353,125	0,915390891447106					3353,125	0,929471798112782	3353,125	0,92911265874789					3353,125	0,898054634324071																																	
3356,25	0,684952651660494					3356,25	0,881600320234547	3356,25	0,93216690349618					3356,25	0,935050778891799	3356,25	0,915147245727983					3356,25	0,929238755979944	3356,25	0,928860834475977					3356,25	0,897787154587551																																	
3359,375	0,685688156687334					3359,375	0,880925053704699	3359,375	0,931803522591536					3359,375	0,93454349586213	3359,375	0,915130887981494					3359,375	0,929547208730001	3359,375	0,928863345540915					3359,375	0,898555144802638																																	
3362,5	0,686908451974873					3362,5	0,881245147316332	3362,5	0,931838443050707					3362,5	0,934662129324971	3362,5	0,915491377133149					3362,5	0,929764531900117	3362,5	0,929350476709754					3362,5	0,898895660871739																																	
3365,625	0,685683019533304					3365,625	0,880637506084161	3365,625	0,931947318373597					3365,625	0,934228673770874	3365,625	0,915659002681298					3365,625	0,930228762551538	3365,625	0,93014680587938					3365,625	0,899638354126612																																	
3368,75	0,684008907361329					3368,75	0,880392483347413	3368,75	0,931468151231948					3368,75	0,933812147738126	3368,75	0,915093867006496					3368,75	0,929635999461105	3368,75	0,929690187537729					3368,75	0,899226419148155																																	
3371,875	0,683759455942291					3371,875	0,879768196931554	3371,875	0,930942417650329					3371,875	0,933524393856629	3371,875	0,914740942979182					3371,875	0,929357716425271	3371,875	0,929581055667471					3371,875	0,898954834332768																																	
3375	0,683955515645079					3375	0,879533291629066	3375	0,930818271257788					3375	0,933352647249267	3375	0,914731755153182					3375	0,929617974090059	3375	0,929728091645963					3375	0,899289498739352																																	
3378,125	0,68562172508924					3378,125	0,880022191176997	3378,125	0,931197843779798					3378,125	0,933625275495325	3378,125	0,914988983922296					3378,125	0,930074699729008	3378,125	0,930083526510695					3378,125	0,899972868029987																																	
3381,25	0,683266420995386					3381,25	0,878983688918132	3381,25	0,930849761021892					3381,25	0,933082919723381	3381,25	0,914705061497573					3381,25	0,930043480302953	3381,25	0,929910938092177					3381,25	0,899937092656659																																	
3384,375	0,681162536794106					3384,375	0,878223548746254	3384,375	0,930120310822432					3384,375	0,932532858021139	3384,375	0,914422935873654					3384,375	0,929303699790452	3384,375	0,92958093625182					3384,375	0,899725585373155																																	
3387,5	0,683958003849376					3387,5	0,878571978849492	3387,5	0,930097290246969					3387,5	0,93289575682895	3387,5	0,914618470007172					3387,5	0,929315365907533	3387,5	0,930147618754803					3387,5	0,90014721889119																																	
3390,625	0,682310098463801					3390,625	0,87773889567859	3390,625	0,929587546554185					3390,625	0,932162786450769	3390,625	0,914278244162104					3390,625	0,929728602372697	3390,625	0,93035650687404					3390,625	0,900127472585744																																	
3393,75	0,68247079021119					3393,75	0,877415459913886	3393,75	0,9295356899335					3393,75	0,931853330284111	3393,75	0,914136573699984					3393,75	0,929623377276653	3393,75	0,930048661774184					3393,75	0,900300256013237																																	
3396,875	0,68071634702281					3396,875	0,876891818116314	3396,875	0,929200456642204					3396,875	0,931566000346867	3396,875	0,913781146643301					3396,875	0,929108172303548	3396,875	0,929760393864869					3396,875	0,900147068172514																																	
3400	0,676323562153338					3400	0,87537123000676	3400	0,927896057102846					3400	0,930605326118925	3400	0,912834447564355					3400	0,928576860842796	3400	0,928971398555972					3400	0,899007518586165																																	
3403,125	0,681496245376771					3403,125	0,876535244337052	3403,125	0,928710243415322					3403,125	0,931346775975779	3403,125	0,914027771810498					3403,125	0,929710520455628	3403,125	0,930395554868614					3403,125	0,900821108569394																																	
3406,25	0,682321028568119					3406,25	0,877023695677811	3406,25	0,929179119580806					3406,25	0,931369539957505	3406,25	0,914191891468008					3406,25	0,929840759863915	3406,25	0,930742706146083					3406,25	0,901564362367868																																	
3409,375	0,681138832349044					3409,375	0,876300313562195	3409,375	0,928929903652594					3409,375	0,930680629908724	3409,375	0,913937181281074					3409,375	0,930070894262782	3409,375	0,930779923840812					3409,375	0,901680768044253																																	
3412,5	0,679555114637563					3412,5	0,875370772641158	3412,5	0,928151141918639					3412,5	0,930152641345396	3412,5	0,913124607565504					3412,5	0,929592453370892	3412,5	0,930559149521007					3412,5	0,901197870355435																																	
3415,625	0,679792968606071					3415,625	0,874876263639572	3415,625	0,928355418795108					3415,625	0,930156219193924	3415,625	0,913233376177972					3415,625	0,929913902165362	3415,625	0,931167138259728					3415,625	0,901798762744964																																	
3418,75	0,680177666062332					3418,75	0,874780178649367	3418,75	0,928204956667152					3418,75	0,930131079265892	3418,75	0,91347898892006					3418,75	0,929990709773613	3418,75	0,931313167046514					3418,75	0,902332771065373																																	
3421,875	0,674721777933674					3421,875	0,873201846984705	3421,875	0,927092695779797					3421,875	0,928994004900835	3421,875	0,912469095678207					3421,875	0,928890828562787	3421,875	0,930425911859876					3421,875	0,900735198557228																																	
3425	0,677728018962158					3425	0,873985110812559	3425	0,927420411030659					3425	0,929354982895716	3425	0,912750646673163					3425	0,929377888159377	3425	0,930752495075593					3425	0,901392736205506																																	
3428,125	0,67984709366114					3428,125	0,874405144695878	3428,125	0,927695771859961					3428,125	0,929325550488914	3428,125	0,913142936864922					3428,125	0,930167046554523	3428,125	0,930966449032706					3428,125	0,902567539988119																																	
3431,25	0,678340236539536					3431,25	0,873569195924378	3431,25	0,927133693067792					3431,25	0,929088064807004	3431,25	0,912901937816149					3431,25	0,929826742580663	3431,25	0,931026035351768					3431,25	0,902207844297356																																	
3434,375	0,677807750389784					3434,375	0,873004956681465	3434,375	0,926794536650094					3434,375	0,928809618051692	3434,375	0,912528170193873					3434,375	0,929576803857669	3434,375	0,930917586831671					3434,375	0,901864500439335																																	
3437,5	0,677921374457543					3437,5	0,872961649879412	3437,5	0,926679384578619					3437,5	0,928457233751995	3437,5	0,912478504245884					3437,5	0,929605873376012	3437,5	0,931293665666989					3437,5	0,902532830641969																																	
3440,625	0,675899875934882					3440,625	0,872018275545338	3440,625	0,926431012642785					3440,625	0,928045139824771	3440,625	0,912154650823657					3440,625	0,929558115670727	3440,625	0,931167449556929					3440,625	0,90280612685984																																	
3443,75	0,67798098224023					3443,75	0,872276133713661	3443,75	0,926789131262359					3443,75	0,928115843735178	3443,75	0,912678948630401					3443,75	0,930160201933098	3443,75	0,931807850265235					3443,75	0,903477716865561																																	
3446,875	0,676099483236022					3446,875	0,871181143651581	3446,875	0,926250809356373					3446,875	0,927481747493624	3446,875	0,912273522034477					3446,875	0,92967243835374	3446,875	0,931404143304999					3446,875	0,903144277779152																																	
3450	0,674268656320974					3450	0,870299090430923	3450	0,925747415255595					3450	0,927048131559971	3450	0,912023352304947					3450	0,929514642007577	3450	0,931228580951172					3450	0,90301781132191																																	
3453,125	0,675348437883566					3453,125	0,870558821279993	3453,125	0,92549206644319					3453,125	0,927079930248804	3453,125	0,911854091131116					3453,125	0,929575076136475	3453,125	0,931133390980003					3453,125	0,90310989196253																																	
3456,25	0,674735043094963					3456,25	0,8701667408259	3456,25	0,925511774377568					3456,25	0,927033349208508	3456,25	0,911759904338728					3456,25	0,929899183435293	3456,25	0,931458459511538					3456,25	0,903600121576694																																	
3459,375	0,674604646303172					3459,375	0,870066279209946	3459,375	0,925290962100842					3459,375	0,926975228030892	3459,375	0,911708134749098					3459,375	0,929939368103174	3459,375	0,931403155931452					3459,375	0,903662077916723																																	
3462,5	0,673923004711694					3462,5	0,869723187726384	3462,5	0,925052573302721					3462,5	0,926516884668373	3462,5	0,911752437830452					3462,5	0,929729554181706	3462,5	0,931514748512904					3462,5	0,903680431301748																																	
3465,625	0,67509423141033					3465,625	0,869822069079597	3465,625	0,925156017529136					3465,625	0,926278477863353	3465,625	0,91201375328355					3465,625	0,929737014805008	3465,625	0,932040678154656					3465,625	0,904079341524625																																	
3468,75	0,673501056298232					3468,75	0,868926597894335	3468,75	0,92467468905078					3468,75	0,925751397552537	3468,75	0,911535712857125					3468,75	0,929528884075507	3468,75	0,931854460374013					3468,75	0,904158110163352																																	
3471,875	0,673507284684829					3471,875	0,868951494974073	3471,875	0,924456232932028					3471,875	0,925658017033901	3471,875	0,911727779909524					3471,875	0,929814831784024	3471,875	0,931991660751282					3471,875	0,904477939004567																																	
3475	0,674342299275105					3475	0,869001869538887	3475	0,924979135058199					3475	0,925670066197574	3475	0,911975886076647					3475	0,930175223312282	3475	0,932492569182721					3475	0,904959385376829																																	
3478,125	0,672480274765182					3478,125	0,868185713240095	3478,125	0,924413492193578					3478,125	0,925145690365392	3478,125	0,91134513825752					3478,125	0,929872324311528	3478,125	0,932101657886613					3478,125	0,90449950227037																																	
3481,25	0,671849187234949					3481,25	0,867889689787229	3481,25	0,924110798966438					3481,25	0,925049750004981	3481,25	0,911087926686081					3481,25	0,929958861502473	3481,25	0,932045992434765					3481,25	0,904885856397143																																	
3484,375	0,673472008853783					3484,375	0,868021632756167	3484,375	0,924236879218336					3484,375	0,925102203044836	3484,375	0,911526171492585					3484,375	0,930324782566509	3484,375	0,932535196688401					3484,375	0,9056304912533																																	
3487,5	0,671175691348133					3487,5	0,867009490279411	3487,5	0,923957340696896					3487,5	0,924564027013855	3487,5	0,911293395112676					3487,5	0,930140075510919	3487,5	0,932462282075183					3487,5	0,905506257928945																																	
3490,625	0,670307543011636					3490,625	0,866700186016262	3490,625	0,923757601423537					3490,625	0,924244981055653	3490,625	0,910990301512427					3490,625	0,929973655618192	3490,625	0,932383676269576					3490,625	0,905395444115453																																	
3493,75	0,670713295666566					3493,75	0,866610401045208	3493,75	0,92384433244826					3493,75	0,923922344715281	3493,75	0,910828486518384					3493,75	0,930079841593898	3493,75	0,932748245283418					3493,75	0,905943688199899																																	
3496,875	0,669176400806526					3496,875	0,866046788228886	3496,875	0,923202983918396					3496,875	0,923562092640098	3496,875	0,910276460503533					3496,875	0,929971484633843	3496,875	0,932333175592057					3496,875	0,905605275754418																																	
3500	0,669085159658435					3500	0,865969005760523	3500	0,923144108948335					3500	0,923486422383749	3500	0,910467143721832					3500	0,930175136415173	3500	0,932632784770469					3500	0,90597079213322																																	
3503,125	0,672544248459577					3503,125	0,866815000800468	3503,125	0,923736881224876					3503,125	0,923942065393262	3503,125	0,911097075499774					3503,125	0,930703692195567	3503,125	0,933287391073691					3503,125	0,906816963884362																																	
3506,25	0,669246414991233					3506,25	0,865177799394209	3506,25	0,922895117253775					3506,25	0,923347313308782	3506,25	0,910405091527796					3506,25	0,930133222337163	3506,25	0,932655640164755					3506,25	0,906032085836165																																	
3509,375	0,671916659763065					3509,375	0,866655010263576	3509,375	0,92394622139348					3509,375	0,924175869484101	3509,375	0,911998065903057					3509,375	0,931698313856739	3509,375	0,934200988491582					3509,375	0,907874713962226																																	
3512,5	0,669318637458482					3512,5	0,865534180297884	3512,5	0,923607287897634					3512,5	0,92364121851466	3512,5	0,911176563166898					3512,5	0,931502273431239	3512,5	0,933645257149067					3512,5	0,907344484732157																																	
3515,625	0,668575125731008					3515,625	0,865042570535494	3515,625	0,922958150348302					3515,625	0,923039459282121	3515,625	0,911005024421867					3515,625	0,931077357973476	3515,625	0,933704085173937					3515,625	0,907637790620967																																	
3518,75	0,666336724472527					3518,75	0,863922016472744	3518,75	0,922378866867858					3518,75	0,922348615968711	3518,75	0,910397067583407					3518,75	0,930663170309219	3518,75	0,933530543811842					3518,75	0,90719157207764																																	
3521,875	0,666788990271533					3521,875	0,863892771330405	3521,875	0,922303132051032					3521,875	0,922301745934548	3521,875	0,910290617976667					3521,875	0,930787636162226	3521,875	0,933581256835344					3521,875	0,907282588181107																																	
3525	0,664246018744587					3525	0,86253409342026	3525	0,922478435008638					3525	0,921844078800262	3525	0,9104222987454					3525	0,931292765032282	3525	0,933642872140603					3525	0,907629014697762																																	
3528,125	0,664083752870108					3528,125	0,862678317775581	3528,125	0,921968948808249					3528,125	0,921550866676226	3528,125	0,910349646434689					3528,125	0,93142594348658	3528,125	0,933685566663727					3528,125	0,90754637293362																																	
3531,25	0,666181728952177					3531,25	0,863431349164824	3531,25	0,922232663493943					3531,25	0,921947009742073	3531,25	0,910525689250073					3531,25	0,931772196588325	3531,25	0,934177953300791					3531,25	0,908137784011971																																	
3534,375	0,665257316421912					3534,375	0,862853192338018	3534,375	0,922090302240824					3534,375	0,92165802784115	3534,375	0,910575155027374					3534,375	0,93197612774607	3534,375	0,934345097121641					3534,375	0,908532222985051																																	
3537,5	0,664286339725613					3537,5	0,862318572739053	3537,5	0,921945010077302					3537,5	0,921353668562294	3537,5	0,910328355539919					3537,5	0,931972732933825	3537,5	0,934423552462016					3537,5	0,908592401482851																																	
3540,625	0,66444425988137					3540,625	0,862030140008081	3540,625	0,92190448911581					3540,625	0,921159014543532	3540,625	0,910299423348629					3540,625	0,932216229474668	3540,625	0,934638019025344					3540,625	0,908802013285304																																	
3543,75	0,66140964692975					3543,75	0,860655337772783	3543,75	0,921202908075757					3543,75	0,92038768107328	3543,75	0,909638734561172					3543,75	0,93180237511331	3543,75	0,934139037184896					3543,75	0,908462159090055																																	
3546,875	0,660430445215787					3546,875	0,860248369019172	3546,875	0,921047984730209					3546,875	0,920068294530209	3546,875	0,909684347491159					3546,875	0,932053646401009	3546,875	0,9343688747365					3546,875	0,908658632396782																																	
3550	0,660789506447718					3550	0,860325654969332	3550	0,921046490679057					3550	0,91996460800572	3550	0,909772965694676					3550	0,932334895419561	3550	0,934690922692712					3550	0,909120608628657																																	
3553,125	0,661326944310904					3553,125	0,860108716816026	3553,125	0,92083859324024					3553,125	0,919788748662162	3553,125	0,909591030161714					3553,125	0,932273042979668	3553,125	0,934682717321717					3553,125	0,909205435319705																																	
3556,25	0,660358840274478					3556,25	0,859616467129672	3556,25	0,920929233590526					3556,25	0,919468979427948	3556,25	0,909531574963518					3556,25	0,932307746694421	3556,25	0,934846730661862					3556,25	0,909370200813242																																	
3559,375	0,661490210654494					3559,375	0,859433326437626	3559,375	0,921059560155994					3559,375	0,919350000633272	3559,375	0,909579018457994					3559,375	0,932330491916424	3559,375	0,935127257430091					3559,375	0,909517129070364																																	
3562,5	0,65813210548649					3562,5	0,85805119772438	3562,5	0,920650277999361					3562,5	0,918693422571252	3562,5	0,909136846736073					3562,5	0,932281158075943	3562,5	0,935224795879686					3562,5	0,909574462046909																																	
3565,625	0,65981535651203					3565,625	0,858939016621736	3565,625	0,921080943521035					3565,625	0,918764309676986	3565,625	0,909581069614018					3565,625	0,932409508073132	3565,625	0,935381890168199					3565,625	0,910015896300281																																	
3568,75	0,659021551239388					3568,75	0,8585956308739	3568,75	0,9207928263401					3568,75	0,918335635810266	3568,75	0,909425835486907					3568,75	0,932247014319029	3568,75	0,935425352968725					3568,75	0,910079850466333																																	
3571,875	0,660015599272328					3571,875	0,858430824564772	3571,875	0,920988419380062					3571,875	0,918215324147173	3571,875	0,909678641204797					3571,875	0,932442405705251	3571,875	0,935785721791407					3571,875	0,910561433466105																																	
3575	0,660396058433464					3575	0,858210512188994	3575	0,921049947794162					3575	0,91810801173366	3575	0,909606128633597					3575	0,932445792455541	3575	0,935937829049532					3575	0,910591362283064																																	
3578,125	0,660150473010057					3578,125	0,857882050605128	3578,125	0,92094370933689					3578,125	0,917888861957556	3578,125	0,90963550189606					3578,125	0,932414722245369	3578,125	0,936097213096972					3578,125	0,910624480519938																																	
3581,25	0,661026501292733					3581,25	0,857820273824667	3581,25	0,921028844223403					3581,25	0,918015336031369	3581,25	0,909913703032449					3581,25	0,932565797162423	3581,25	0,936436693733032					3581,25	0,911087384857994																																	
3584,375	0,661738722162385					3584,375	0,85808740533344	3584,375	0,921174405751859					3584,375	0,918121996523944	3584,375	0,910206436752216					3584,375	0,932941246167454	3584,375	0,936919242703543					3584,375	0,911639386664051																																	
3587,5	0,658883721620022					3587,5	0,856713640345682	3587,5	0,920300851207764					3587,5	0,91737588347014	3587,5	0,909496799965959					3587,5	0,93234359278582	3587,5	0,936521877781016					3587,5	0,910975444312931																																	
3590,625	0,659230608947774					3590,625	0,856441564560229	3590,625	0,920122493258526					3590,625	0,917312307970908	3590,625	0,909633530290298					3590,625	0,932370298023412	3590,625	0,936765677813191					3590,625	0,911209901984852																																	
3593,75	0,660635351775517					3593,75	0,856754268680566	3593,75	0,920312825532994					3593,75	0,917588338556103	3593,75	0,909898086305982					3593,75	0,932616442362419	3593,75	0,937010663832657					3593,75	0,91151083282665																																	
3596,875	0,660765236076236					3596,875	0,85653786379582	3596,875	0,920115608743082					3596,875	0,917578123600837	3596,875	0,90971889479766					3596,875	0,932536705502666	3596,875	0,93702894434345					3596,875	0,911578843191161																																	
3600	0,663427241916803					3600	0,85729307723602	3600	0,920589819312506					3600	0,918280339589853	3600	0,910573606807631					3600	0,933249016301277	3600	0,93772403222773					3600	0,91273361104148																																	
3603,125	0,657874918788302					3603,125	0,855066887351101	3603,125	0,919586745870614					3603,125	0,917207781956176	3603,125	0,90950447922161					3603,125	0,932609680493396	3603,125	0,937208878080696					3603,125	0,911871683411902																																	
3606,25	0,659208266402859					3606,25	0,855422934285679	3606,25	0,919658816846289					3606,25	0,917514653239199	3606,25	0,909847262959943					3606,25	0,932804564274686	3606,25	0,937727086640525					3606,25	0,912267792680648																																	
3609,375	0,659627535714977					3609,375	0,85547629180715	3609,375	0,919653480356533					3609,375	0,91746022309131	3609,375	0,909598284222055					3609,375	0,932930715704369	3609,375	0,937973976042193					3609,375	0,912408718897685																																	
3612,5	0,658811715002038					3612,5	0,854623729946016	3612,5	0,919513408263425					3612,5	0,917146769176543	3612,5	0,909460351928144					3612,5	0,932996734872644	3612,5	0,938045660720594					3612,5	0,912625161047253																																	
3615,625	0,659653585082808					3615,625	0,854810133137543	3615,625	0,919604724144176					3615,625	0,917165671369759	3615,625	0,90971980056698					3615,625	0,933206690314451	3615,625	0,938305689003277					3615,625	0,912963078497109																																	
3618,75	0,658936737146681					3618,75	0,854554155991429	3618,75	0,919372998207608					3618,75	0,916981013215851	3618,75	0,909332019639563					3618,75	0,932971119953943	3618,75	0,938257171210214					3618,75	0,913005970392196																																	
3621,875	0,655593450592869					3621,875	0,853012523661341	3621,875	0,918674043566253					3621,875	0,916446575107269	3621,875	0,908856431300104					3621,875	0,932751652189367	3621,875	0,938065420050445					3621,875	0,912906272560497																																	
3625	0,658233414557983					3625	0,853812002655886	3625	0,919116234773895					3625	0,916919838507943	3625	0,909469870827473					3625	0,933095991380151	3625	0,938474451426588					3625	0,913609776318971																																	
3628,125	0,657325111595026					3628,125	0,853475664216035	3628,125	0,918988149344405					3628,125	0,916944031243546	3628,125	0,909435000179024					3628,125	0,933120364467222	3628,125	0,938555870781775					3628,125	0,913784188622312																																	
3631,25	0,657559876987251					3631,25	0,853204798305668	3631,25	0,918885611135565					3631,25	0,916869299088458	3631,25	0,909525399697302					3631,25	0,93323160750657	3631,25	0,938709329460458					3631,25	0,913864792429991																																	
3634,375	0,659631388685447					3634,375	0,853668696498696	3634,375	0,919107798683961					3634,375	0,917035860344423	3634,375	0,909905321163902					3634,375	0,933468863055367	3634,375	0,939108500285977					3634,375	0,914332178521997																																	
3637,5	0,656530410176006					3637,5	0,852273396040621	3637,5	0,918331639499884					3637,5	0,916237803345908	3637,5	0,909008498265144					3637,5	0,932989069328938	3637,5	0,938699332155936					3637,5	0,913758557965872																																	
3640,625	0,653018241973214					3640,625	0,851173219964098	3640,625	0,917685301207635					3640,625	0,91571571574499	3640,625	0,908488011532184					3640,625	0,932419158234893	3640,625	0,938339108816397					3640,625	0,913287677291315																																	
3643,75	0,654294083346951					3643,75	0,851510189524802	3643,75	0,917659210032246					3643,75	0,915898548574591	3643,75	0,908641070603114					3643,75	0,932405762968594	3643,75	0,938673321836014					3643,75	0,913419754832568																																	
3646,875	0,657242139506768					3646,875	0,85226625347868	3646,875	0,9182052879848					3646,875	0,916283410240105	3646,875	0,909540122839152					3646,875	0,933129303422819	3646,875	0,939379901891529					3646,875	0,914214826103841																																	
3650	0,658854526547748					3650	0,852745351972496	3650	0,918470900261439					3650	0,91635151892627	3650	0,910011627145311					3650	0,933521315359784	3650	0,93996923761384					3650	0,91472602771251																																	
3653,125	0,658103934889071					3653,125	0,852427149931877	3653,125	0,918484142559912					3653,125	0,916153977319679	3653,125	0,910040140699434					3653,125	0,933582793124873	3653,125	0,940157014245266					3653,125	0,914843782877108																																	
3656,25	0,655906867538338					3656,25	0,851209049463607	3656,25	0,917778646582598					3656,25	0,915409721978376	3656,25	0,909457039578192					3656,25	0,933192147902599	3656,25	0,939991064651119					3656,25	0,914451343713594																																	
3659,375	0,655171888580887					3659,375	0,850842579074062	3659,375	0,917522535877298					3659,375	0,915093196256363	3659,375	0,909342237359745					3659,375	0,933089569074559	3659,375	0,94003135534066					3659,375	0,914261512813812																																	
3662,5	0,654255001329594					3662,5	0,850352801700949	3662,5	0,917307770962536					3662,5	0,914667215346192	3662,5	0,909179578302548					3662,5	0,933012875066265	3662,5	0,940108933179632					3662,5	0,914143161571402																																	
3665,625	0,655289537766044					3665,625	0,85069623144963	3665,625	0,917466281600649					3665,625	0,914714403128219	3665,625	0,909581878618891					3665,625	0,933334966972196	3665,625	0,940607207820596					3665,625	0,914711996694598																																	
3668,75	0,65633564248299					3668,75	0,851003538883545	3668,75	0,917555253830631					3668,75	0,914909066959334	3668,75	0,909938372866084					3668,75	0,93353016103921	3668,75	0,940908198507396					3668,75	0,915015236491416																																	
3671,875	0,656601084689135					3671,875	0,850980971895975	3671,875	0,917677694974085					3671,875	0,914875923176201	3671,875	0,91023159042105					3671,875	0,933758637797991	3671,875	0,941314281974873					3671,875	0,915163357276196																																	
3675	0,653407936679056					3675	0,849399558156144	3675	0,91691864431805					3675	0,913771263462588	3675	0,909367234758088					3675	0,93316791698002	3675	0,940972588062823					3675	0,914370479827339																																	
3678,125	0,654881730452326					3678,125	0,850048627859184	3678,125	0,917301832439798					3678,125	0,914016012179581	3678,125	0,910150707031319					3678,125	0,933792766064388	3678,125	0,941696125138066					3678,125	0,915155163308684																																	
3681,25	0,655470252090334					3681,25	0,85031770694881	3681,25	0,917385981085755					3681,25	0,914092418992694	3681,25	0,910418438914268					3681,25	0,934004446298255	3681,25	0,9420148070772					3681,25	0,915496530891093																																	
3684,375	0,655061944409299					3684,375	0,849896536150404	3684,375	0,917212506418836					3684,375	0,913662445993802	3684,375	0,910449778023666					3684,375	0,933885183731836	3684,375	0,942126603302638					3684,375	0,915506495858282																																	
3687,5	0,654622316825155					3687,5	0,849580748735635	3687,5	0,91721963271404					3687,5	0,91347951885567	3687,5	0,910657660733409					3687,5	0,934164270217584	3687,5	0,942401974676748					3687,5	0,915586852091824																																	
3690,625	0,655148546819109					3690,625	0,849712145320047	3690,625	0,917289665317528					3690,625	0,913740698048058	3690,625	0,910790715672636					3690,625	0,934482166147659	3690,625	0,94259427429915					3690,625	0,915842996967042																																	
3693,75	0,655458262752508					3693,75	0,849646367067621	3693,75	0,917245659661311					3693,75	0,913700430632471	3693,75	0,910896028874792					3693,75	0,934508976202184	3693,75	0,942716489328206					3693,75	0,916067050299572																																	
3696,875	0,652762931943466					3696,875	0,848305212171904	3696,875	0,916595286395993					3696,875	0,912974064779586	3696,875	0,910314755600434					3696,875	0,934064547871151	3696,875	0,942456726493306					3696,875	0,915643424019624																																	
3700	0,652642777917977					3700	0,848040722637192	3700	0,916434328663882					3700	0,912725331958195	3700	0,910389035574633					3700	0,934146037472671	3700	0,942572417558103					3700	0,915722650487026																																	
3703,125	0,653774070274095					3703,125	0,848604629980895	3703,125	0,916863702369653					3703,125	0,913059805135443	3703,125	0,91089727415242					3703,125	0,934605773782513	3703,125	0,942842216206652					3703,125	0,916363073203366																																	
3706,25	0,654959227855856					3706,25	0,84912160504851	3706,25	0,917197389885961					3706,25	0,913375583254598	3706,25	0,911118078009123					3706,25	0,935016130541639	3706,25	0,942940855125183					3706,25	0,916798245879345																																	
3709,375	0,652907954771686					3709,375	0,848234098115199	3709,375	0,916587311580507					3709,375	0,912663162927189	3709,375	0,910451945507254					3709,375	0,934728543429781	3709,375	0,942453409767713					3709,375	0,916276424123991																																	
3712,5	0,655057190086779					3712,5	0,848706231682595	3712,5	0,916939885259782					3712,5	0,912913910959238	3712,5	0,911018858260797					3712,5	0,935175812635952	3712,5	0,942940312542218					3712,5	0,916939748023904																																	
3715,625	0,655158649582944					3715,625	0,848749941692888	3715,625	0,917118149019541					3715,625	0,912978615760375	3715,625	0,911201012397572					3715,625	0,935365972198026	3715,625	0,943089973107236					3715,625	0,917149135805712																																	
3718,75	0,650433788377061					3718,75	0,846426775680776	3718,75	0,915810368755158					3718,75	0,911728907531105	3718,75	0,909965831898576					3718,75	0,934398142708243	3718,75	0,942103055393326					3718,75	0,916003254701414																																	
3721,875	0,651592777337438					3721,875	0,847015579501011	3721,875	0,916283124188846					3721,875	0,912058836525758	3721,875	0,910429433177402					3721,875	0,934890267593813	3721,875	0,942478303635865					3721,875	0,91657361565542																																	
3725	0,655134857804175					3725	0,848225857185824	3725	0,917052645440326					3725	0,912835229581679	3725	0,911435902567025					3725	0,935715761870184	3725	0,943249070390296					3725	0,917705330146367																																	
3728,125	0,652879211681842					3728,125	0,847121269895331	3728,125	0,91630975563719					3728,125	0,912144857422786	3728,125	0,910789962166716					3728,125	0,935390183381112	3728,125	0,942718500179015					3728,125	0,917061684023695																																	
3731,25	0,653148089614895					3731,25	0,847308479801553	3731,25	0,916559778238551					3731,25	0,912123329507046	3731,25	0,911034752853103					3731,25	0,935673398793603	3731,25	0,942990714456646					3731,25	0,917461292188915																																	
3734,375	0,652028756997865					3734,375	0,846497528977054	3734,375	0,916215562289653					3734,375	0,911673941757388	3734,375	0,910644066321171					3734,375	0,935354173364412	3734,375	0,942748617812109					3734,375	0,917161607236905																																	
3737,5	0,650831636261232					3737,5	0,845999486731639	3737,5	0,915956650875721					3737,5	0,911364914460246	3737,5	0,91050478066457					3737,5	0,935287267458664	3737,5	0,942819140516914					3737,5	0,917241618993749																																	
3740,625	0,651606364355101					3740,625	0,846226858837143	3740,625	0,915911776595125					3740,625	0,911420513056553	3740,625	0,910629414632415					3740,625	0,935405368414176	3740,625	0,94296574214635					3740,625	0,917482251938912																																	
3743,75	0,651082815790892					3743,75	0,846054882728756	3743,75	0,916027194336708					3743,75	0,911381599103002	3743,75	0,910719373301959					3743,75	0,935663162066543	3743,75	0,943139289870388					3743,75	0,917642629693188																																	
3746,875	0,64941883313492					3746,875	0,845079065582437	3746,875	0,91548565733738					3746,875	0,910927212762588	3746,875	0,910055224805799					3746,875	0,935333101195084	3746,875	0,942755950633049					3746,875	0,917231782396467																																	
3750	0,650660918539953					3750	0,845669724600483	3750	0,915974474695934					3750	0,911203502077889	3750	0,91064385271399					3750	0,935733538964104	3750	0,943304088215925					3750	0,917865904663814																																	
3753,125	0,650756803763126					3753,125	0,845677461447059	3753,125	0,916061991852355					3753,125	0,91119361218577	3753,125	0,911012842192385					3753,125	0,935866770012861	3753,125	0,943581618964144					3753,125	0,91819073288778																																	
3756,25	0,651014480063934					3756,25	0,845515376017047	3756,25	0,916020174311047					3756,25	0,911096385318177	3756,25	0,91121245360124					3756,25	0,935958393548675	3756,25	0,943736491349407					3756,25	0,918297677913044																																	
3759,375	0,651116334648679					3759,375	0,845636175469919	3759,375	0,916115766398389					3759,375	0,91128773603211	3759,375	0,91141775574056					3759,375	0,936193140228134	3759,375	0,943768503579514					3759,375	0,918635841844226																																	
3762,5	0,648983291823219					3762,5	0,844439280417506	3762,5	0,915507053321647					3762,5	0,910524522727938	3762,5	0,910726433406847					3762,5	0,935906070204245	3762,5	0,943473926172609					3762,5	0,918138641210435																																	
3765,625	0,647733550497151					3765,625	0,843814179879963	3765,625	0,91517695862648					3765,625	0,910053753498678	3765,625	0,910433439557928					3765,625	0,935676993259934	3765,625	0,94343426452995					3765,625	0,917960513140419																																	
3768,75	0,651162092447332					3768,75	0,845156485804206	3768,75	0,9159885037274					3768,75	0,910906522122712	3768,75	0,91137261665194					3768,75	0,936569771709721	3768,75	0,944235037151095					3768,75	0,919035549910329																																	
3771,875	0,653098753089236					3771,875	0,845860664372392	3771,875	0,916484120927506					3771,875	0,911353917542524	3771,875	0,912120655569215					3771,875	0,93713501841053	3771,875	0,944764131629143					3771,875	0,919912850540737																																	
3775	0,651577488885498					3775	0,8451325163595	3775	0,916126141284769					3775	0,910914993128832	3775	0,911793414659935					3775	0,936792112901331	3775	0,944628567872559					3775	0,919536112566102																																	
3778,125	0,650854092639715					3778,125	0,844800534189111	3778,125	0,916110045408562					3778,125	0,910701244619177	3778,125	0,911666914892159					3778,125	0,936905195518513	3778,125	0,944714039823719					3778,125	0,919568726847238																																	
3781,25	0,651160673401794					3781,25	0,844647038317067	3781,25	0,916172002486548					3781,25	0,910669740753814	3781,25	0,911945931650681					3781,25	0,93721849421929	3781,25	0,944909702724719					3781,25	0,919917849616832																																	
3784,375	0,650715650573714					3784,375	0,84442363730858	3784,375	0,916062532860512					3784,375	0,910611030779877	3784,375	0,912032804552025					3784,375	0,937247880534524	3784,375	0,944899249167476					3784,375	0,92005964600965																																	
3787,5	0,64817437244486					3787,5	0,843256937420344	3787,5	0,915393129713375					3787,5	0,909875120137162	3787,5	0,91128334900007					3787,5	0,936817952633443	3787,5	0,944568514989189					3787,5	0,919595364919967																																	
3790,625	0,64765441957388					3790,625	0,84274773508946	3790,625	0,915210572005435					3790,625	0,909696995276894	3790,625	0,911142363956141					3790,625	0,93683253228983	3790,625	0,944659539363234					3790,625	0,919589751802311																																	
3793,75	0,646794281817308					3793,75	0,842350013160755	3793,75	0,915049413496929					3793,75	0,909382831168455	3793,75	0,910921615998021					3793,75	0,936689996465185	3793,75	0,944762438937004					3793,75	0,919499429864286																																	
3796,875	0,647349260784107					3796,875	0,842563664152051	3796,875	0,915154387141551					3796,875	0,909593263605508	3796,875	0,911357559124698					3796,875	0,936881987396248	3796,875	0,945059003312777					3796,875	0,919840216400109																																	
3800	0,64920750097445					3800	0,84308611779422	3800	0,915611098727488					3800	0,910000878056908	3800	0,911979928284126					3800	0,937459233612715	3800	0,945490007521946					3800	0,920484759043623																																	
3803,125	0,650000419048446					3803,125	0,843465349150795	3803,125	0,915908037095939					3803,125	0,910144974671984	3803,125	0,912265302914184					3803,125	0,937961495147486	3803,125	0,945768459639624					3803,125	0,920959774604665																																	
3806,25	0,647282266783049					3806,25	0,842397430025145	3806,25	0,915432161586897					3806,25	0,909308714806804	3806,25	0,911717479540349					3806,25	0,937554360022468	3806,25	0,945520984482857					3806,25	0,920578815776498																																	
3809,375	0,646014854219157					3809,375	0,84151035576401	3809,375	0,914919462239659					3809,375	0,908972659664813	3809,375	0,91136419426466					3809,375	0,937206119071735	3809,375	0,945353996848371					3809,375	0,920343308492567																																	
3812,5	0,647603484350232					3812,5	0,842135762994121	3812,5	0,915308805708656					3812,5	0,909326088232286	3812,5	0,911784482667319					3812,5	0,937727721941519	3812,5	0,945715280377417					3812,5	0,920863464693106																																	
3815,625	0,647260549145164					3815,625	0,841928967902954	3815,625	0,91541344862338					3815,625	0,909241791297628	3815,625	0,911909810771011					3815,625	0,937886854375325	3815,625	0,945828564538987					3815,625	0,921018358218662																																	
3818,75	0,647038697975759					3818,75	0,841750105279652	3818,75	0,915359475748034					3818,75	0,909183678134139	3818,75	0,911938434740991					3818,75	0,937953984632883	3818,75	0,94592936352487					3818,75	0,921072481324238																																	
3821,875	0,647125502424713					3821,875	0,84172204106573	3821,875	0,915416298159647					3821,875	0,909182303967195	3821,875	0,912099186727757					3821,875	0,937962507353908	3821,875	0,946134102039679					3821,875	0,921209631721407																																	
3825	0,647534089267419					3825	0,84175322731835	3825	0,915468500216121					3825	0,909245566228455	3825	0,912238632906092					3825	0,938156297752424	3825	0,946255538686553					3825	0,921580993844676																																	
3828,125	0,646945890695115					3828,125	0,841388062355373	3828,125	0,915445082181902					3828,125	0,909248142426116	3828,125	0,912307295432411					3828,125	0,938503391506441	3828,125	0,946438117738009					3828,125	0,92168981362628																																	
3831,25	0,645712737636837					3831,25	0,840743592280213	3831,25	0,915053260131428					3831,25	0,908825188189489	3831,25	0,911919644249883					3831,25	0,938356990167639	3831,25	0,946451318183057					3831,25	0,92158435367723																																	
3834,375	0,647456433220568					3834,375	0,841575026599313	3834,375	0,915559179694473					3834,375	0,909325521075817	3834,375	0,912571968392699					3834,375	0,939011155761954	3834,375	0,946857254962219					3834,375	0,922306053339061																																	
3837,5	0,645542351022517					3837,5	0,840684756081449	3837,5	0,915107618638861					3837,5	0,90881717561528	3837,5	0,912345632538496					3837,5	0,938651537020999	3837,5	0,946422612654059					3837,5	0,921709738233575																																	
3840,625	0,646788420784617					3840,625	0,841060305123016	3840,625	0,915600387677192					3840,625	0,909049649524447	3840,625	0,912680226735535					3840,625	0,939033459920952	3840,625	0,946919861098388					3840,625	0,922286432344125																																	
3843,75	0,64660687417067					3843,75	0,840940734541279	3843,75	0,91568629448028					3843,75	0,908977160728499	3843,75	0,912826392581457					3843,75	0,939164361676005	3843,75	0,947031517024043					3843,75	0,922568056558465																																	
3846,875	0,646445226718672					3846,875	0,840844285033792	3846,875	0,915684882818423					3846,875	0,908941715416506	3846,875	0,912808946837433					3846,875	0,939470409233993	3846,875	0,947139572686548					3846,875	0,92278216825163																																	
3850	0,644913826959208					3850	0,839892959722855	3850	0,915089033980327					3850	0,908389788029264	3850	0,912209227466656					3850	0,93915051646554	3850	0,946980517815174					3850	0,922281764588286																																	
3853,125	0,646534741429408					3853,125	0,840697244569006	3853,125	0,915783019666582					3853,125	0,908910891827206	3853,125	0,912988895562564					3853,125	0,939730391368906	3853,125	0,947462339178782					3853,125	0,92331996628999																																	
3856,25	0,645328706656703					3856,25	0,839886842843131	3856,25	0,915229268668687					3856,25	0,908424315469268	3856,25	0,91264712050106					3856,25	0,939651012684147	3856,25	0,947299408444827					3856,25	0,923213739002434																																	
3859,375	0,645134719091059					3859,375	0,83960824319584	3859,375	0,915161122487794					3859,375	0,908229151080659	3859,375	0,912617772102936					3859,375	0,939835089558117	3859,375	0,947346357508464					3859,375	0,923169429487127																																	
3862,5	0,644551689960465					3862,5	0,839388633150468	3862,5	0,91519930588964					3862,5	0,908206758121791	3862,5	0,912736506400425					3862,5	0,93996104039049	3862,5	0,947550312593998					3862,5	0,923348326737068																																	
3865,625	0,647041113298041					3865,625	0,840390143855885	3865,625	0,915888538782189					3865,625	0,908846711423687	3865,625	0,91353520712153					3865,625	0,940681969425971	3865,625	0,94795506271366					3865,625	0,924061194803724																																	
3868,75	0,644004702661783					3868,75	0,838858275334358	3868,75	0,914992861964229					3868,75	0,907985696530752	3868,75	0,912857929135872					3868,75	0,940130605013029	3868,75	0,947558223497104					3868,75	0,923422263045899																																	
3871,875	0,646929833152947					3871,875	0,840586465200166	3871,875	0,916187282738221					3871,875	0,909024351050014	3871,875	0,914204453557558					3871,875	0,941066599805163	3871,875	0,948289226129388					3871,875	0,924840851674584																																	
3875	0,646832945121932					3875	0,840330333249624	3875	0,916324710716621					3875	0,90895205403422	3875	0,914259406256766					3875	0,9413979117729	3875	0,948519649365358					3875	0,925090824126159																																	
3878,125	0,645219446093826					3878,125	0,839530008584698	3878,125	0,915932193101005					3878,125	0,908432325343375	3878,125	0,91389538587255					3878,125	0,941261034523346	3878,125	0,948315628282183					3878,125	0,924926959162739																																	
3881,25	0,644319208950216					3881,25	0,838992672981326	3881,25	0,915803514108285					3881,25	0,908096420459576	3881,25	0,913354828479669					3881,25	0,941246933751036	3881,25	0,947973156072618					3881,25	0,92466875843099																																	
3884,375	0,643277057289715					3884,375	0,838219805146888	3884,375	0,915463314699156					3884,375	0,90798721747474	3884,375	0,913377476508769					3884,375	0,941261443911539	3884,375	0,948125033689025					3884,375	0,924735269681851																																	
3887,5	0,646524352824255					3887,5	0,839546732517408	3887,5	0,916318474126363					3887,5	0,908841322364015	3887,5	0,914508097759685					3887,5	0,941950051824107	3887,5	0,948738816743856					3887,5	0,925643556182944																																	
3890,625	0,645087023546318					3890,625	0,838702427199624	3890,625	0,915838710251737					3890,625	0,908192240721518	3890,625	0,914108857896019					3890,625	0,941952831189506	3890,625	0,948573303803993					3890,625	0,925504097704614																																	
3893,75	0,640159550472174					3893,75	0,836428230775339	3893,75	0,914497692513677					3893,75	0,90674653753872	3893,75	0,912734451453875					3893,75	0,941333121085491	3893,75	0,947902642819959					3893,75	0,924771038058832																																	
3896,875	0,642748197304055					3896,875	0,837871936730852	3896,875	0,91543665796294					3896,875	0,907688769084389	3896,875	0,913687122689486					3896,875	0,942087440383657	3896,875	0,948430281806564					3896,875	0,925613994970143																																	
3900	0,645933146734256					3900	0,839454355886298	3900	0,916415310505909					3900	0,908692469374041	3900	0,914812682958561					3900	0,942809544224074	3900	0,949059568869616					3900	0,926492434264705																																	
3903,125	0,64456406536728					3903,125	0,838286477656799	3903,125	0,915936536859069					3903,125	0,908160209030154	3903,125	0,914555844831877					3903,125	0,942639261699297	3903,125	0,948932423401235					3903,125	0,92644630599607																																	
3906,25	0,6422920544112					3906,25	0,837466384100234	3906,25	0,915338763981718					3906,25	0,907755094041679	3906,25	0,913747850635438					3906,25	0,94261187672402	3906,25	0,948633514882311					3906,25	0,92614298353636																																	
3909,375	0,639857646073529					3909,375	0,836025047150993	3909,375	0,914773738735235					3909,375	0,907030946065962	3909,375	0,913175457334047					3909,375	0,942282237592247	3909,375	0,948384026599306					3909,375	0,925784449740177																																	
3912,5	0,638885816728487					3912,5	0,835191033375781	3912,5	0,914698346442701					3912,5	0,906698209567197	3912,5	0,913145073751746					3912,5	0,942422059781611	3912,5	0,948365217560811					3912,5	0,9257521113778																																	
3915,625	0,642370651282846					3915,625	0,836910349826208	3915,625	0,915649898966489					3915,625	0,907594787918127	3915,625	0,914289856583261					3915,625	0,943204166557751	3915,625	0,949004811470071					3915,625	0,926939314397756																																	
3918,75	0,643160348194568					3918,75	0,837340879003504	3918,75	0,915970962588146					3918,75	0,907812244985952	3918,75	0,914645345907342					3918,75	0,943464351369506	3918,75	0,949235689472211					3918,75	0,927439967473012																																	
3921,875	0,643331431105299					3921,875	0,83720567406248	3921,875	0,915892418375684					3921,875	0,907719664748191	3921,875	0,91474798735393					3921,875	0,943565961977433	3921,875	0,949414631354545					3921,875	0,927591331455895																																	
3925	0,641367163288643					3925	0,83605166085777	3925	0,915338211370821					3925	0,907101506511799	3925	0,914372936906731					3925	0,943422834545332	3925	0,949253340470304					3925	0,927415755226487																																	
3928,125	0,643412154914741					3928,125	0,837042845141475	3928,125	0,91630212326477					3928,125	0,907916947366784	3928,125	0,915082530172052					3928,125	0,944017740859673	3928,125	0,949794384130314					3928,125	0,928078930921271																																	
3931,25	0,644691579137509					3931,25	0,837808001277336	3931,25	0,916762846839908					3931,25	0,908360409268274	3931,25	0,915523965201405					3931,25	0,944470508480371	3931,25	0,950072935802371					3931,25	0,92858121427393																																	
3934,375	0,644093965442949					3934,375	0,837416990607432	3934,375	0,916623663845345					3934,375	0,908155943391679	3934,375	0,915356214993113					3934,375	0,944415914187405	3934,375	0,949952598633116					3934,375	0,928618477343241																																	
3937,5	0,642362369586854					3937,5	0,836481720011381	3937,5	0,915980459510823					3937,5	0,907745487471419	3937,5	0,914782171315728					3937,5	0,944186950723847	3937,5	0,949772557444649					3937,5	0,928343640206427																																	
3940,625	0,640182785454171					3940,625	0,835543835323413	3940,625	0,915836056894512					3940,625	0,907306188210102	3940,625	0,914771142558485					3940,625	0,944337427705204	3940,625	0,949779211887389					3940,625	0,928565781679945																																	
3943,75	0,642637584787275					3943,75	0,836631959966168	3943,75	0,91675442553335					3943,75	0,90800236157299	3943,75	0,915534970900644					3943,75	0,945027503929891	3943,75	0,9502936946126					3943,75	0,929195596980702																																	
3946,875	0,641138789395889					3946,875	0,835665268001694	3946,875	0,916240815175917					3946,875	0,90764959015734	3946,875	0,915196162214443					3946,875	0,944911682787532	3946,875	0,950237629391552					3946,875	0,929148643370927																																	
3950	0,64096459209428					3950	0,835562758894057	3950	0,916225002950593					3950	0,907468047060874	3950	0,91534441545243					3950	0,944946834038666	3950	0,950422159256076					3950	0,929350736247074																																	
3953,125	0,641793050424871					3953,125	0,83589773793196	3953,125	0,916733936124235					3953,125	0,907952953869076	3953,125	0,915580693527097					3953,125	0,945337320662064	3953,125	0,950731372591567					3953,125	0,929715569729571																																	
3956,25	0,641162723233857					3956,25	0,835552160254949	3956,25	0,916668247149218					3956,25	0,907834701252249	3956,25	0,915563911483638					3956,25	0,945648030369433	3956,25	0,950788824902604					3956,25	0,929947567361145																																	
3959,375	0,636875159993118					3959,375	0,833697586869104	3959,375	0,916000634459152					3959,375	0,906989719072236	3959,375	0,914926050513887					3959,375	0,945292984390761	3959,375	0,950362535251303					3959,375	0,929697504094717																																	
3962,5	0,640932503313217					3962,5	0,835566197612284	3962,5	0,916909777742497					3962,5	0,90787288207253	3962,5	0,915786857953202					3962,5	0,946038666262787	3962,5	0,951083339057536					3962,5	0,930542839523435																																	
3965,625	0,642007139172371					3965,625	0,83620346770174	3965,625	0,917338149546567					3965,625	0,908277734591331	3965,625	0,916154840550085					3965,625	0,946330831515814	3965,625	0,95150408606376					3965,625	0,930989800696373																																	
3968,75	0,64112219370886					3968,75	0,835868763981791	3968,75	0,917288449691596					3968,75	0,908442147534053	3968,75	0,916081527053241					3968,75	0,946476383935209	3968,75	0,951426293628164					3968,75	0,931233536184633																																	
3971,875	0,641833844953977					3971,875	0,835596096442687	3971,875	0,917270951347013					3971,875	0,908311079046177	3971,875	0,916160956969987					3971,875	0,946553557829554	3971,875	0,951554931612524					3971,875	0,931422216163308																																	
3975	0,640522895725868					3975	0,835602964979706	3975	0,91756048062312					3975	0,908631982490446	3975	0,916195300578505					3975	0,946792112579037	3975	0,951688755376608					3975	0,931648762348013																																	
3978,125	0,635623950275357					3978,125	0,833191130289793	3978,125	0,916777201966397					3978,125	0,907287737227108	3978,125	0,91537186727033					3978,125	0,946466047193663	3978,125	0,95142677519001					3978,125	0,931577098931931																																	
3981,25	0,638333274083695					3981,25	0,834010004785097	3981,25	0,917262364971573					3981,25	0,90784990578781	3981,25	0,915726370178597					3981,25	0,946816001404804	3981,25	0,951825936898162					3981,25	0,931895502463274																																	
3984,375	0,64214610583442					3984,375	0,835862185784907	3984,375	0,918236306702716					3984,375	0,908952363948732	3984,375	0,916759888881198					3984,375	0,947531870003122	3984,375	0,952658845828632					3984,375	0,932602999864731																																	
3987,5	0,64136298912925					3987,5	0,83550924421085	3987,5	0,917901900486034					3987,5	0,908541349269649	3987,5	0,916603935478183					3987,5	0,947482046017188	3987,5	0,952695289965691					3987,5	0,932597108639424																																	
3990,625	0,640995088077558					3990,625	0,835106391966886	3990,625	0,917895939287887					3990,625	0,908499025503569	3990,625	0,916570852237675					3990,625	0,947614392686596	3990,625	0,952761243218982					3990,625	0,932839275430691																																	
3993,75	0,643415390347345					3993,75	0,836952493367389	3993,75	0,918895262912424					3993,75	0,910239735295181	3993,75	0,918044938923416					3993,75	0,948206991132494	3993,75	0,953798225923731					3993,75	0,933974624767909																																	
3996,875	0,639555170685195					3996,875	0,834841845754035	3996,875	0,917936092009797					3996,875	0,908655277807059	3996,875	0,916710159633948					3996,875	0,9476302887216	3996,875	0,953175624200414					3996,875	0,933242230622474																																	
4000	0,639443186336296					4000	0,834336474962323	4000	0,918202086605852					4000	0,908580733182643	4000	0,916645344142765					4000	0,947895172945691	4000	0,953322248965257					4000	0,933508841071169																																	
4003,125	0,640941489718736					4003,125	0,834833389565264	4003,125	0,919098518176328					4003,125	0,909387905372957	4003,125	0,91744103290902					4003,125	0,948371436412497	4003,125	0,953911317313623					4003,125	0,934067045493819																																	
4006,25	0,63861660768271					4006,25	0,834464012173044	4006,25	0,91879460287821					4006,25	0,908877547797647	4006,25	0,917280870097867					4006,25	0,948189665050919	4006,25	0,953718240078649					4006,25	0,933547687875345																																	
4009,375	0,645314954937373					4009,375	0,837377894463351	4009,375	0,920396955887909					4009,375	0,910915928891195	4009,375	0,918628098954031					4009,375	0,949489006517428	4009,375	0,955037835156067					4009,375	0,935148112337247																																	
4012,5	0,637749541486608					4012,5	0,833413269520226	4012,5	0,91826852907064					4012,5	0,908700620349676	4012,5	0,916660395227314					4012,5	0,948400959926045	4012,5	0,954244353801788					4012,5	0,933873442940631																																	
4015,625	0,634969591661824					4015,625	0,83246378506106	4015,625	0,917986524789023					4015,625	0,908022907739232	4015,625	0,91642063057194					4015,625	0,948193213593181	4015,625	0,954273731899758					4015,625	0,933831076809164																																	
4018,75	0,640538424999191					4018,75	0,834668895068985	4018,75	0,919057659273124					4018,75	0,909461919328206	4018,75	0,917768774754045					4018,75	0,948948448056086	4018,75	0,954959674992533					4018,75	0,934749025632241																																	
4021,875	0,639308917826238					4021,875	0,834270632017504	4021,875	0,919185835820184					4021,875	0,909368981563873	4021,875	0,917829152998624					4021,875	0,948991212331611	4021,875	0,955113855269785					4021,875	0,934802538922808																																	
4025	0,634426651099447					4025	0,832111506220265	4025	0,918211783709387					4025	0,908192635084975	4025	0,916984551699587					4025	0,948627877105741	4025	0,954684130906178					4025	0,934200905678518																																	
4028,125	0,640421004701005					4028,125	0,835113693078172	4028,125	0,919485952026716					4028,125	0,910130181973194	4028,125	0,918661737556238					4028,125	0,949727742293049	4028,125	0,955951444873007					4028,125	0,935359608558079																																	
4031,25	0,639354053017669					4031,25	0,834448866258861	4031,25	0,919281081543064					4031,25	0,909768817568523	4031,25	0,918552027152481					4031,25	0,949305252501796	4031,25	0,955856576048681					4031,25	0,935242833629097																																	
4034,375	0,635968984533158					4034,375	0,832565707509016	4034,375	0,918512420693475					4034,375	0,908720100725407	4034,375	0,917904306459037					4034,375	0,948892522794599	4034,375	0,955682232864963					4034,375	0,934731629448413																																	
4037,5	0,637141581082502					4037,5	0,833228706237609	4037,5	0,919091715563543					4037,5	0,90929698318684	4037,5	0,918442991935475					4037,5	0,94909397207464	4037,5	0,95627071187374					4037,5	0,935123849483028																																	
4040,625	0,637653865507443					4040,625	0,83364896320213	4040,625	0,919360652304482					4040,625	0,90973740315496	4040,625	0,918869018255978					4040,625	0,949161210952107	4040,625	0,95677027205852					4040,625	0,935516260122357																																	
4043,75	0,633887496043164					4043,75	0,832165952482191	4043,75	0,918717602129121					4043,75	0,908991545347711	4043,75	0,918334852250066					4043,75	0,948605467280517	4043,75	0,956622954039951					4043,75	0,935122952469576																																	
4046,875	0,631226617740105					4046,875	0,831074692526303	4046,875	0,918429089267695					4046,875	0,908485104831526	4046,875	0,918127938040161					4046,875	0,948334038418863	4046,875	0,956845721988539					4046,875	0,934864339156744																																	
4050	0,63419840981074					4050	0,832836546937856	4050	0,919097514067865					4050	0,909434086622778	4050	0,918942831371723					4050	0,948976909747848	4050	0,957411372468806					4050	0,935374753220737																																	
4053,125	0,636984002161134					4053,125	0,833638798598924	4053,125	0,919820332384049					4053,125	0,910263255540824	4053,125	0,919784121740078					4053,125	0,949562207135189	4053,125	0,958000360807594					4053,125	0,93596617786973																																	
4056,25	0,634985247432257					4056,25	0,832701244497205	4056,25	0,919681818321096					4056,25	0,90987735969079	4056,25	0,919528029195536					4056,25	0,949756654495136	4056,25	0,958057214259105					4056,25	0,935691755064893																																	
4059,375	0,635525323078103					4059,375	0,832801419964007	4059,375	0,920042517349908					4059,375	0,91017579247687	4059,375	0,919729728227037					4059,375	0,950184464464056	4059,375	0,958329694851177					4059,375	0,935909367210766																																	
4062,5	0,631291373776625					4062,5	0,830935114875986	4062,5	0,91935206860303					4062,5	0,909331654357358	4062,5	0,9192407442959					4062,5	0,950169715420824	4062,5	0,958046018297558					4062,5	0,935057258560394																																	
4065,625	0,631951778245702					4065,625	0,831449134449803	4065,625	0,919879420264584					4065,625	0,909694063724243	4065,625	0,919703066102309					4065,625	0,950910585458155	4065,625	0,958410079521872					4065,625	0,935263357014756																																	
4068,75	0,631863194333575					4068,75	0,831535023297488	4068,75	0,919929010189281					4068,75	0,909904223717702	4068,75	0,919837871355002					4068,75	0,951270376170859	4068,75	0,958805106799852					4068,75	0,935424417873228																																	
4071,875	0,632102744840948					4071,875	0,831964526119295	4071,875	0,920109937305027					4071,875	0,91008579964528	4071,875	0,920197369465939					4071,875	0,951537188673123	4071,875	0,959131581115738					4071,875	0,935685059129442																																	
4075	0,629593723184333					4075	0,830756247936084	4075	0,920023213581838					4075	0,909777248303878	4075	0,919996071273132					4075	0,951739676699227	4075	0,959198463542511					4075	0,93532053860092																																	
4078,125	0,628466595138504					4078,125	0,830355519783583	4078,125	0,919939514810151					4078,125	0,90980309004443	4078,125	0,920039558061712					4078,125	0,951833355599244	4078,125	0,959144285615947					4078,125	0,934891425582356																																	
4081,25	0,630944096516864					4081,25	0,831517589334359	4081,25	0,920646374090513					4081,25	0,91068583872255	4081,25	0,920618982197217					4081,25	0,952148507851895	4081,25	0,959609579019883					4081,25	0,935313700643011																																	
4084,375	0,63411769848224					4084,375	0,833214071537344	4084,375	0,92164174922118					4084,375	0,911808865647123	4084,375	0,921562172079413					4084,375	0,952649595804696	4084,375	0,96013771055831					4084,375	0,935868877895715																																	
4087,5	0,632476191276401					4087,5	0,832262039213368	4087,5	0,921251770996599					4087,5	0,911437528015748	4087,5	0,921348177008254					4087,5	0,95268514298733	4087,5	0,96027761824212					4087,5	0,935749223403972																																	
4090,625	0,629555877832118					4090,625	0,830897445974376	4090,625	0,921226893664935					4090,625	0,910989769909767	4090,625	0,921686889208951					4090,625	0,952454961705827	4090,625	0,960486511198269					4090,625	0,93536037464507																																	
4093,75	0,632951924401277					4093,75	0,832169798713957	4093,75	0,922392249479809					4093,75	0,91193294552672	4093,75	0,92227860230517					4093,75	0,952964530360705	4093,75	0,961029300063133					4093,75	0,935866889120945																																	
4096,875	0,632394267376768					4096,875	0,831968890660642	4096,875	0,922526796673938					4096,875	0,912260188953748	4096,875	0,922150389482243					4096,875	0,952929987408702	4096,875	0,961125932954845					4096,875	0,935477883184063																																	
4100	0,62950667595088					4100	0,830886056960913	4100	0,922164572956167					4100	0,911712311122266	4100	0,921921243415059					4100	0,952789545181891	4100	0,96118321003923					4100	0,93494477389419																																	
4103,125	0,628717262120099					4103,125	0,830647007466979	4103,125	0,922222305424937					4103,125	0,911613530523576	4103,125	0,922140383827734					4103,125	0,952883404617675	4103,125	0,961389209470459					4103,125	0,934898130102439																																	
4106,25	0,632418097775495					4106,25	0,83217708677298	4106,25	0,923201510617147					4106,25	0,912796848002646	4106,25	0,923068292424109					4106,25	0,953255732474155	4106,25	0,961915845668534					4106,25	0,935385329356085																																	
4109,375	0,631177100996158					4109,375	0,831666831788044	4109,375	0,923009754769287					4109,375	0,912824229762576	4109,375	0,922854623352903					4109,375	0,952885545126615	4109,375	0,962079472590187					4109,375	0,934938721333814																																	
4112,5	0,630680124963835					4112,5	0,831333964832291	4112,5	0,923383612658691					4112,5	0,913117607391448	4112,5	0,923009857850543					4112,5	0,952985198598107	4112,5	0,962359529967937					4112,5	0,935041072142766																																	
4115,625	0,628486668727681					4115,625	0,83038007173879	4115,625	0,923042150433901					4115,625	0,912821213730716	4115,625	0,922598777755532					4115,625	0,952824331665773	4115,625	0,962323072120569					4115,625	0,934687034390651																																	
4118,75	0,630753405896735					4118,75	0,831642076930354	4118,75	0,923676812338109					4118,75	0,913589176116294	4118,75	0,923528835695127					4118,75	0,953053151684968	4118,75	0,962919748356914					4118,75	0,935406977785464																																	
4121,875	0,628345486951969					4121,875	0,83050958253719	4121,875	0,923514368573261					4121,875	0,913487247839236	4121,875	0,923429720122114					4121,875	0,952859064374948	4121,875	0,963019439325541					4121,875	0,934924287496232																																	
4125	0,626049798373345					4125	0,829149035141134	4125	0,923166015195459					4125	0,912970775952262	4125	0,923173605063148					4125	0,952714189339319	4125	0,963117385607691					4125	0,934677801921987																																	
4128,125	0,628972771995608					4128,125	0,830866257335043	4128,125	0,92432245493741					4128,125	0,913712814985906	4128,125	0,923985882417932					4128,125	0,953052025137223	4128,125	0,963444960760486					4128,125	0,935455950801595																																	
4131,25	0,630765049294598					4131,25	0,831679721589798	4131,25	0,925018995037683					4131,25	0,914256833008509	4131,25	0,924545892251645					4131,25	0,953256504573098	4131,25	0,963684095368711					4131,25	0,935930703795338																																	
4134,375	0,630070406261452					4134,375	0,831534315980975	4134,375	0,925000688081346					4134,375	0,914282509221811	4134,375	0,924545915508228					4134,375	0,953385446953483	4134,375	0,96404500820267					4134,375	0,936043630658033																																	
4137,5	0,627183010367234					4137,5	0,82993723381207	4137,5	0,924719904209257					4137,5	0,913965753856268	4137,5	0,924239579658363					4137,5	0,952925355579423	4137,5	0,963939708616999					4137,5	0,935687852269632																																	
4140,625	0,627030538668012					4140,625	0,82973215680571	4140,625	0,924817797616588					4140,625	0,914282940267371	4140,625	0,924402457200925					4140,625	0,952837840228043	4140,625	0,964032841363833					4140,625	0,935598053958603																																	
4143,75	0,629751002794625					4143,75	0,830870813861343	4143,75	0,925391786544144					4143,75	0,915136113039986	4143,75	0,925195859859932					4143,75	0,953117227993176	4143,75	0,964518325662431					4143,75	0,936099929875752																																	
4146,875	0,627753488698469					4146,875	0,830054012867381	4146,875	0,925091740637737					4146,875	0,914840635629825	4146,875	0,924884315700222					4146,875	0,953138566805982	4146,875	0,964544089375612					4146,875	0,936352959921204																																	
4150	0,626044447263806					4150	0,82954647120442	4150	0,925180101063667					4150	0,914732225360481	4150	0,924675596559821					4150	0,953037609476562	4150	0,964666648506801					4150	0,936293828746861																																	
4153,125	0,630188639340319					4153,125	0,831670651788055	4153,125	0,926225332957466					4153,125	0,915715935088185	4153,125	0,925661340613451					4153,125	0,953505157734629	4153,125	0,965197502708745					4153,125	0,93723313949783																																	
4156,25	0,631538765852482					4156,25	0,832275458574778	4156,25	0,926671227410854					4156,25	0,916143292648653	4156,25	0,92611865903674					4156,25	0,953895924921526	4156,25	0,965331661212854					4156,25	0,937725824291305																																	
4159,375	0,63207498718874					4159,375	0,832551165130104	4159,375	0,926680727297935					4159,375	0,916411612437779	4159,375	0,926251273084698					4159,375	0,953955245794271	4159,375	0,965580304180791					4159,375	0,938141392765579																																	
4162,5	0,627976318272017					4162,5	0,830681938983842	4162,5	0,925960467782703					4162,5	0,915477183097426	4162,5	0,92545581038017					4162,5	0,953150459560268	4162,5	0,965266572539796					4162,5	0,937779864727463																																	
4165,625	0,629514965825037					4165,625	0,831162692134907	4165,625	0,926600511646848					4165,625	0,916078926394105	4165,625	0,925724924702654					4165,625	0,953446291140312	4165,625	0,965539154839696					4165,625	0,938108436625457																																	
4168,75	0,633418484908433					4168,75	0,833434646180028	4168,75	0,927535337128311					4168,75	0,917247278212165	4168,75	0,92662490862479					4168,75	0,954248360163788	4168,75	0,965972123373453					4168,75	0,938739727304092																																	
4171,875	0,633090154560077					4171,875	0,833206181679505	4171,875	0,927634547258252					4171,875	0,916967694581845	4171,875	0,926545658623313					4171,875	0,954427985564771	4171,875	0,966089764012693					4171,875	0,938799135776598																																	
4175	0,633403847542387					4175	0,833168846982455	4175	0,927721825518936					4175	0,91720817262524	4175	0,927074288277794					4175	0,954384783330062	4175	0,966175644102152					4175	0,939171546174349																																	
4178,125	0,634481463626212					4178,125	0,833712843825094	4178,125	0,927968956230884					4178,125	0,917822099169321	4178,125	0,927553080161885					4178,125	0,9546782585038	4178,125	0,966313675469278					4178,125	0,939918207015505																																	
4181,25	0,633271632276826					4181,25	0,833306611556879	4181,25	0,927584269397692					4181,25	0,917582495773666	4181,25	0,927345672371386					4181,25	0,954635606626209	4181,25	0,966417736188156					4181,25	0,939849328158558																																	
4184,375	0,632911292392608					4184,375	0,83339200415162	4184,375	0,927736834798422					4184,375	0,917523543789077	4184,375	0,92749168542031					4184,375	0,955027159113491	4184,375	0,966465728043519					4184,375	0,94026317788449																																	
4187,5	0,636855476402093					4187,5	0,835251857834852	4187,5	0,928563322692209					4187,5	0,918526203959191	4187,5	0,92868704574733					4187,5	0,955738948059546	4187,5	0,966925084483751					4187,5	0,941148972985103																																	
4190,625	0,638430166424714					4190,625	0,835943035599584	4190,625	0,928997149615925					4190,625	0,918852407938678	4190,625	0,928686788541304					4190,625	0,955885198682229	4190,625	0,966896471250358					4190,625	0,94157468148853																																	
4193,75	0,634951859888897					4193,75	0,834413160554715	4193,75	0,92848457232551					4193,75	0,917981792798883	4193,75	0,928377096085674					4193,75	0,955857011023418	4193,75	0,966819452251856					4193,75	0,941319933693802																																	
4196,875	0,637287905125553					4196,875	0,835470952259456	4196,875	0,928815704261317					4196,875	0,91855376745289	4196,875	0,928700576984578					4196,875	0,956388679731519	4196,875	0,967217428328865					4196,875	0,941822253381179																																	
4200	0,634948727080943					4200	0,834321670237205	4200	0,928182925568187					4200	0,917949509285628	4200	0,928290149491755					4200	0,956044699620367	4200	0,966819114826979					4200	0,941636599072102																																	
4203,125	0,636299151531421					4203,125	0,834315947574441	4203,125	0,927960162083565					4203,125	0,917753397723973	4203,125	0,92855395348622					4203,125	0,956268748622971	4203,125	0,966909443147265					4203,125	0,942167816742268																																	
4206,25	0,637973112512631					4206,25	0,835219288493394	4206,25	0,928078357639777					4206,25	0,918059564786371	4206,25	0,929009046861581					4206,25	0,9566775590934	4206,25	0,967108816775398					4206,25	0,942786730960058																																	
4209,375	0,634420281022707					4209,375	0,83407932430079	4209,375	0,927814429561527					4209,375	0,917495899801941	4209,375	0,928621648183441					4209,375	0,956714835619445	4209,375	0,966857644666261					4209,375	0,942751196594775																																	
4212,5	0,633610687773576					4212,5	0,833563336091138	4212,5	0,927556327647757					4212,5	0,916924642660363	4212,5	0,928698131532435					4212,5	0,956454722130158	4212,5	0,966857950585975					4212,5	0,942314121206979																																	
4215,625	0,635112584867558					4215,625	0,833830475935247	4215,625	0,92750706415746					4215,625	0,917385963262613	4215,625	0,92873787200515					4215,625	0,956746915683412	4215,625	0,966821417004887					4215,625	0,942890188024971																																	
4218,75	0,63733245358121					4218,75	0,835046746630416	4218,75	0,927632592843736					4218,75	0,917582419818473	4218,75	0,929277472084932					4218,75	0,957086408290826	4218,75	0,966991540829534					4218,75	0,943521247681135																																	
4221,875	0,638517314624207					4221,875	0,835485229559735	4221,875	0,927572239949167					4221,875	0,91770526027197	4221,875	0,92953466841001					4221,875	0,957346556950354	4221,875	0,967258127074053					4221,875	0,94379151017614																																	
4225	0,638685775915005					4225	0,835918945507707	4225	0,927255884300125					4225	0,917961012398099	4225	0,929823775524202					4225	0,957605775733823	4225	0,967446288086371					4225	0,944229269360229																																	
4228,125	0,639475610134942					4228,125	0,836379581635078	4228,125	0,927500698380617					4228,125	0,917941990231125	4228,125	0,930400357670406					4228,125	0,958137204420617	4228,125	0,967663750558313					4228,125	0,94478152715198																																	
4231,25	0,635085497952598					4231,25	0,834186019709853	4231,25	0,926053048297497					4231,25	0,916203775664035	4231,25	0,929454119390349					4231,25	0,957735353270014	4231,25	0,967037661087945					4231,25	0,944256246641991																																	
4234,375	0,635863349563556					4234,375	0,834836258206836	4234,375	0,9261004373288					4234,375	0,916488886022778	4234,375	0,929489760691548					4234,375	0,958005662960259	4234,375	0,967223201735749					4234,375	0,944555557099281																																	
4237,5	0,634600551133329					4237,5	0,834082951599408	4237,5	0,925475548057432					4237,5	0,916156270511009	4237,5	0,929505005913744					4237,5	0,958172992135379	4237,5	0,966933593999485					4237,5	0,944486228860038																																	
4240,625	0,634169455767065					4240,625	0,833570814587998	4240,625	0,925107038785088					4240,625	0,915893737717215	4240,625	0,929877840124528					4240,625	0,958091811273241	4240,625	0,967037014325335					4240,625	0,944777096110078																																	
4243,75	0,63839019503706					4243,75	0,836054788877279	4243,75	0,926188857863315					4243,75	0,916829433310842	4243,75	0,930665951884293					4243,75	0,958796229844422	4243,75	0,967533689278982					4243,75	0,94548702194399																																	
4246,875	0,63948798390173					4246,875	0,836893237622214	4246,875	0,92617730117673					4246,875	0,916915889884332	4246,875	0,931018675055013					4246,875	0,959210958882426	4246,875	0,967862856746752					4246,875	0,945900687989997																																	
4250	0,636552343493098					4250	0,835775304901749	4250	0,925696575004516					4250	0,916300887483306	4250	0,930567646809011					4250	0,959279801149604	4250	0,967846068920243					4250	0,945925532629847																																	
4253,125	0,643463535394246					4253,125	0,839105033569163	4253,125	0,927033975223888					4253,125	0,918190864533184	4253,125	0,932325918331442					4253,125	0,960197597410643	4253,125	0,968399343587649					4253,125	0,946841528391637																																	
4256,25	0,642652572423721					4256,25	0,837711756332214	4256,25	0,926411007079995					4256,25	0,917386100358388	4256,25	0,931613447895916					4256,25	0,959664372381691	4256,25	0,968138598664718					4256,25	0,946777697121882																																	
4259,375	0,640110393555297					4259,375	0,837053889779439	4259,375	0,925698304675157					4259,375	0,916289819201401	4259,375	0,931443001180904					4259,375	0,959717781337783	4259,375	0,968020100486344					4259,375	0,94647928689654																																	
4262,5	0,640830335877293					4262,5	0,837215055049819	4262,5	0,925725005929743					4262,5	0,916377131206896	4262,5	0,931845530338376					4262,5	0,960047386112217	4262,5	0,968192466482336					4262,5	0,946588178538714																																	
4265,625	0,640320752739559					4265,625	0,836672248023357	4265,625	0,925312171433674					4265,625	0,9160650554753	4265,625	0,932089436060624					4265,625	0,960029441410969	4265,625	0,967986709940578					4265,625	0,946422903673558																																	
4268,75	0,64126038499474					4268,75	0,837267200540921	4268,75	0,925610731627264					4268,75	0,916321800437081	4268,75	0,932072832098479					4268,75	0,96034231965463	4268,75	0,968187745444266					4268,75	0,946821814325513																																	
4271,875	0,644991212426784					4271,875	0,839333010876484	4271,875	0,926440746327374					4271,875	0,917441543244144	4271,875	0,933158305325025					4271,875	0,961201804978287	4271,875	0,968639043830475					4271,875	0,947692550468133																																	
4275	0,644804283539593					4275	0,839105480727198	4275	0,92644840665085					4275	0,917458354528781	4275	0,933408447961593					4275	0,96137572530402	4275	0,968657332369465					4275	0,94795422111736																																	
4278,125	0,642437289812047					4278,125	0,838136809707276	4278,125	0,925780402400779					4278,125	0,916797161236059	4278,125	0,933103017026849					4278,125	0,96101149633593	4278,125	0,968571433052385					4278,125	0,947521802253742																																	
4281,25	0,643322627813522					4281,25	0,838739725263944	4281,25	0,925606173746291					4281,25	0,917181371501338	4281,25	0,933370850446523					4281,25	0,961115601116153	4281,25	0,968729949274422					4281,25	0,94758144243504																																	
4284,375	0,644012022539298					4284,375	0,839258238064542	4284,375	0,925783940743759					4284,375	0,917170016657951	4284,375	0,933390201721913					4284,375	0,961300814671541	4284,375	0,968689699191707					4284,375	0,947852816024192																																	
4287,5	0,645586936970456					4287,5	0,840354862113426	4287,5	0,92630204032599					4287,5	0,917474272584365	4287,5	0,933848695810393					4287,5	0,961763022508507	4287,5	0,968987619088036					4287,5	0,948281731107549																																	
4290,625	0,645802525716741					4290,625	0,840219531425345	4290,625	0,926556072910269					4290,625	0,917593857270008	4290,625	0,933866323743085					4290,625	0,96176591184648	4290,625	0,969076514210821					4290,625	0,948250033097269																																	
4293,75	0,649302166693616					4293,75	0,84220936675613	4293,75	0,927407901820569					4293,75	0,919018806804011	4293,75	0,934761557438574					4293,75	0,962315805812225	4293,75	0,969540463259796					4293,75	0,948728648157035																																	
4296,875	0,647813412942056					4296,875	0,840897398603387	4296,875	0,926614099969119					4296,875	0,918429517888029	4296,875	0,934808178194787					4296,875	0,962282766081589	4296,875	0,969339045046528					4296,875	0,948345213662478																																	
4300	0,643195039935268					4300	0,838725883514957	4300	0,925634768764588					4300	0,916820380961256	4300	0,934314750428414					4300	0,961927180164228	4300	0,969093126934804					4300	0,947804558087406																																	
4303,125	0,641339217702341					4303,125	0,838183238614458	4303,125	0,925646161168153					4303,125	0,916536465852125	4303,125	0,934304242050628					4303,125	0,961807123527265	4303,125	0,969069280657256					4303,125	0,947756801974895																																	
4306,25	0,641798261672739					4306,25	0,838779396156437	4306,25	0,925788161898015					4306,25	0,916979126986736	4306,25	0,934226913122459					4306,25	0,96182514426091	4306,25	0,969270112646607					4306,25	0,947959225563971																																	
4309,375	0,644429906499699					4309,375	0,839739084783344	4309,375	0,926360629834559					4309,375	0,917742267737593	4309,375	0,934845959181794					4309,375	0,96212374301104	4309,375	0,969452182777378					4309,375	0,948285868280716																																	
4312,5	0,642781418185086					4312,5	0,838589904248371	4312,5	0,925963073173285					4312,5	0,917187915724349	4312,5	0,934852538856448					4312,5	0,962091225949539	4312,5	0,969329780379248					4312,5	0,948038184691867																																	
4315,625	0,6468008936808					4315,625	0,841223360872592	4315,625	0,926804478699634					4315,625	0,917974170060823	4315,625	0,935711107269432					4315,625	0,962617627795588	4315,625	0,96968756839345					4315,625	0,94868735849821																																	
4318,75	0,646473908220056					4318,75	0,841427199384314	4318,75	0,927041161959342					4318,75	0,918552541997913	4318,75	0,935962859829874					4318,75	0,962918356699416	4318,75	0,9697851256113					4318,75	0,948845549094782																																	
4321,875	0,647123856127698					4321,875	0,84171936229514	4321,875	0,926645555295233					4321,875	0,918601634116303	4321,875	0,936437899516751					4321,875	0,962946524619264	4321,875	0,96948100525981					4321,875	0,948947660453203																																	
4325	0,649940522727209					4325	0,84262651518571	4325	0,926770638467938					4325	0,918865283171335	4325	0,936681965158626					4325	0,962990163207791	4325	0,969697298165113					4325	0,948997288694234																																	
4328,125	0,647019971796752					4328,125	0,841117356285857	4328,125	0,926528920965705					4328,125	0,918220001222798	4328,125	0,936337181888446					4328,125	0,962657751623087	4328,125	0,969694872422678					4328,125	0,94904706214682																																	
4331,25	0,646792680999267					4331,25	0,841481600613178	4331,25	0,926974297019548					4331,25	0,918137582885453	4331,25	0,936581885748776					4331,25	0,962782278550635	4331,25	0,969792258541633					4331,25	0,949009626537647																																	
4334,375	0,646432477859994					4334,375	0,841747253859088	4334,375	0,927140338365055					4334,375	0,918403815320819	4334,375	0,936881329396761					4334,375	0,962740585029427	4334,375	0,969774140268951					4334,375	0,949009277983379																																	
4337,5	0,645650196119602					4337,5	0,840990012345893	4337,5	0,926904794480656					4337,5	0,91805877786338	4337,5	0,936892135836062					4337,5	0,962938756058205	4337,5	0,969903383095161					4337,5	0,948595418490227																																	
4340,625	0,641277047004441					4340,625	0,839617979099714	4340,625	0,925870459024358					4340,625	0,917574558905164	4340,625	0,936452590535319					4340,625	0,962759464674076	4340,625	0,969636465079005					4340,625	0,948251591297812																																	
4343,75	0,645613507241684					4343,75	0,842217739960746	4343,75	0,926694798102208					4343,75	0,918600301491735	4343,75	0,937338956021775					4343,75	0,963176321499746	4343,75	0,969800433031824					4343,75	0,94859565910351																																	
4346,875	0,651320623547925					4346,875	0,844177713807803	4346,875	0,927588140627346					4346,875	0,919494843768929	4346,875	0,937861775029301					4346,875	0,963720619567062	4346,875	0,970244994145766					4346,875	0,949084305154855																																	
4350	0,650746763014698					4350	0,843744829241194	4350	0,927696379105541					4350	0,919216170274931	4350	0,938034090460297					4350	0,963767869985479	4350	0,970212858814767					4350	0,949371863892955																																	
4353,125	0,647358413322807					4353,125	0,842708276984788	4353,125	0,927154348332015					4353,125	0,918665654881711	4353,125	0,938143312278255					4353,125	0,963515100659898	4353,125	0,970004031033614					4353,125	0,949074616577522																																	
4356,25	0,646054000777847					4356,25	0,842241065041766	4356,25	0,926960459269369					4356,25	0,918659090840721	4356,25	0,938172542820443					4356,25	0,96364349057777	4356,25	0,969923527474566					4356,25	0,948914550648815																																	
4359,375	0,649532892295352					4359,375	0,843535748275349	4359,375	0,927768933048545					4359,375	0,919639656211539	4359,375	0,938644232835655					4359,375	0,964075271927346	4359,375	0,970308338325492					4359,375	0,949446292674261																																	
4362,5	0,65178309398226					4362,5	0,844171217284982	4362,5	0,92796850929197					4362,5	0,919755508584169	4362,5	0,938917990372329					4362,5	0,964297235975496	4362,5	0,970484652907297					4362,5	0,949542397561886																																	
4365,625	0,651089404900384					4365,625	0,844267562652404	4365,625	0,928002320871989					4365,625	0,919870657451774	4365,625	0,939141851851259					4365,625	0,964550206910402	4365,625	0,970461475744903					4365,625	0,949751799254407																																	
4368,75	0,64944796010128					4368,75	0,844180053382237	4368,75	0,927824890636975					4368,75	0,91953666573465	4368,75	0,938809939141987					4368,75	0,964209097219699	4368,75	0,970381111739578					4368,75	0,94991624331145																																	
4371,875	0,652737939198777					4371,875	0,845418799767554	4371,875	0,928268713428528					4371,875	0,92008807933228	4371,875	0,938878309488104					4371,875	0,964507452697378	4371,875	0,970623488595518					4371,875	0,949908916134517																																	
4375	0,656276621516646					4375	0,846950451627416	4375	0,928886215360111					4375	0,920925389438669	4375	0,939006684625644					4375	0,965077131684588	4375	0,970794219232658					4375	0,949984324651797																																	
4378,125	0,651744121542199					4378,125	0,845395161788152	4378,125	0,928061598502914					4378,125	0,92006140631674	4378,125	0,938800544893065					4378,125	0,964807375132367	4378,125	0,970653746275222					4378,125	0,949883001974789																																	
4381,25	0,650372323266608					4381,25	0,845021529715904	4381,25	0,927867511641162					4381,25	0,919637043905112	4381,25	0,938966248705783					4381,25	0,964820686127246	4381,25	0,970591033477546					4381,25	0,949644200991922																																	
4384,375	0,656380842343626					4384,375	0,846713156456627	4384,375	0,929073006888856					4384,375	0,921122411795605	4384,375	0,939519082436041					4384,375	0,965623294212823	4384,375	0,970952481058385					4384,375	0,950156231688557																																	
4387,5	0,654324576500499					4387,5	0,845416449605933	4387,5	0,928519956697128					4387,5	0,920556311970683	4387,5	0,93909034860935					4387,5	0,965673737704339	4387,5	0,970934454406494					4387,5	0,950168373764213																																	
4390,625	0,650591185220376					4390,625	0,843466747313391	4390,625	0,927967337595045					4390,625	0,91945535455473	4390,625	0,938740249094961					4390,625	0,965474449320648	4390,625	0,970777854357245					4390,625	0,949890045202366																																	
4393,75	0,65383477560065					4393,75	0,84481366557058	4393,75	0,928299487510717					4393,75	0,920196972434777	4393,75	0,939055898013903					4393,75	0,965837667238742	4393,75	0,971146021586822					4393,75	0,950299382661459																																	
4396,875	0,654148814406314					4396,875	0,844577176723347	4396,875	0,928964000207532					4396,875	0,920669304252687	4396,875	0,938976154748673					4396,875	0,966037361013807	4396,875	0,971562297372794					4396,875	0,95052474443063																																	
4400	0,652294699045282					4400	0,844143717820572	4400	0,928641271605145					4400	0,92031809168045	4400	0,938852300282968					4400	0,966101393152432	4400	0,97159802157972					4400	0,950455278358024																																	
4403,125	0,646107012293426					4403,125	0,840970244185535	4403,125	0,926819932184938					4403,125	0,918288870573398	4403,125	0,938054635465915					4403,125	0,965557282632338	4403,125	0,971361156393505					4403,125	0,949979309920527																																	
4406,25	0,648051411901163					4406,25	0,842216706740267	4406,25	0,927802163210829					4406,25	0,919287097225718	4406,25	0,938366859176077					4406,25	0,965797764804002	4406,25	0,971581545437222					4406,25	0,949940459632052																																	
4409,375	0,648702000851687					4409,375	0,842442495002511	4409,375	0,928275590490559					4409,375	0,919347708977591	4409,375	0,938335409562448					4409,375	0,965775122281829	4409,375	0,971847402466687					4409,375	0,9499462990023																																	
4412,5	0,654898053231043					4412,5	0,844835059856176	4412,5	0,929130864104972					4412,5	0,920456417477289	4412,5	0,939153531956876					4412,5	0,96630772931618	4412,5	0,972303542319817					4412,5	0,950435918191223																																	
4415,625	0,65452913843269					4415,625	0,844528194974434	4415,625	0,928731047988255					4415,625	0,920674981361385	4415,625	0,939047913338987					4415,625	0,966519183640908	4415,625	0,972360094331239					4415,625	0,950407362379253																																	
4418,75	0,658135069211283					4418,75	0,845718101641198	4418,75	0,929473910266945					4418,75	0,921404204742148	4418,75	0,939793108362985					4418,75	0,96671393183298	4418,75	0,972665015424827					4418,75	0,950494280184468																																	
4421,875	0,657569151851657					4421,875	0,844899355330429	4421,875	0,929442092717855					4421,875	0,920954013614288	4421,875	0,939966414455825					4421,875	0,966669847942435	4421,875	0,972839875575132					4421,875	0,950455074047572																																	
4425	0,659211976630923					4425	0,844963612027819	4425	0,929327808005071					4425	0,921135491948516	4425	0,939852905891556					4425	0,966749213333956	4425	0,97308177621061					4425	0,950567568409887																																	
4428,125	0,658618887097823					4428,125	0,844851961545645	4428,125	0,929166429881087					4428,125	0,920928724002182	4428,125	0,939939971326772					4428,125	0,966589620145138	4428,125	0,973152540549476					4428,125	0,950516294607472																																	
4431,25	0,658579665894712					4431,25	0,845087444415675	4431,25	0,92971486755742					4431,25	0,921624892539283	4431,25	0,940302551029065					4431,25	0,966901325116489	4431,25	0,97342216192106					4431,25	0,950613211082447																																	
4434,375	0,657492564827453					4434,375	0,844353799237913	4434,375	0,9296266744644					4434,375	0,921372862793458	4434,375	0,94103781970908					4434,375	0,967182388313856	4434,375	0,973404720712042					4434,375	0,95091638854427																																	
4437,5	0,651543136649575					4437,5	0,842517030877523	4437,5	0,928352228223402					4437,5	0,919658195279885	4437,5	0,940065180050935					4437,5	0,966596058444635	4437,5	0,97299783862503					4437,5	0,949788744735975																																	
4440,625	0,656840650021011					4440,625	0,844640610351228	4440,625	0,929233667362813					4440,625	0,920926437121496	4440,625	0,94073798454832					4440,625	0,966967455163964	4440,625	0,973297945383223					4440,625	0,950182694866125																																	
4443,75	0,657654116013594					4443,75	0,845002407980769	4443,75	0,929544981131503					4443,75	0,921597424648085	4443,75	0,941075793577289					4443,75	0,967109287538007	4443,75	0,973372124443302					4443,75	0,950516609606939																																	
4446,875	0,659717523911086					4446,875	0,845977099006183	4446,875	0,930176831223473					4446,875	0,922051910319276	4446,875	0,941277161774835					4446,875	0,967317725408646	4446,875	0,973487932050557					4446,875	0,950831659963235																																	
4450	0,657364751887171					4450	0,844955831847075	4450	0,929567545897911					4450	0,920928594082377	4450	0,941339432717359					4450	0,967039739450487	4450	0,973492776310966					4450	0,950400321440843																																	
4453,125	0,659904009477285					4453,125	0,845518654560131	4453,125	0,929771757209858					4453,125	0,921800074293049	4453,125	0,941357847917747					4453,125	0,966899202806424	4453,125	0,973429485995042					4453,125	0,950220908850707																																	
4456,25	0,656873761285715					4456,25	0,84438866607638	4456,25	0,929544158302585					4456,25	0,921281285836688	4456,25	0,941373687189314					4456,25	0,966919272167422	4456,25	0,97327576263104					4456,25	0,949848674779487																																	
4459,375	0,655654585860496					4459,375	0,844296331660499	4459,375	0,929611064028942					4459,375	0,921482082150357	4459,375	0,941701072535013					4459,375	0,967110970667311	4459,375	0,973475614541223					4459,375	0,950034930593106																																	
4462,5	0,656118582143308					4462,5	0,844594138683489	4462,5	0,930223008855717					4462,5	0,921920428187554	4462,5	0,941931414698893					4462,5	0,967074393973959	4462,5	0,97343333426147					4462,5	0,950074063914261																																	
4465,625	0,652599182576549					4465,625	0,843188236443712	4465,625	0,929981055885562					4465,625	0,921237489768531	4465,625	0,941806715906547					4465,625	0,966846838831684	4465,625	0,973351771151184					4465,625	0,949440197564256																																	
4468,75	0,654881175942641					4468,75	0,844277719947217	4468,75	0,930033446586852					4468,75	0,921823432983743	4468,75	0,942198653704436					4468,75	0,967027724296796	4468,75	0,973598431276877					4468,75	0,949511440192387																																	
4471,875	0,655378449803235					4471,875	0,844298953359803	4471,875	0,930457118629147					4471,875	0,922375010963148	4471,875	0,942243291391501					4471,875	0,967113113812229	4471,875	0,973591401301958					4471,875	0,949680214695154																																	
4475	0,651471223173306					4475	0,842585694091084	4475	0,930195185110784					4475	0,921462816640681	4475	0,942145854336174					4475	0,966797071530185	4475	0,97343403984132					4475	0,94922419611352																																	
4478,125	0,65386055561911					4478,125	0,844285475339387	4478,125	0,9309359046644					4478,125	0,92190523306625	4478,125	0,94263740885998					4478,125	0,967117001341943	4478,125	0,973647918914725					4478,125	0,949493495926423																																	
4481,25	0,654162550211788					4481,25	0,843979332338509	4481,25	0,931316151673388					4481,25	0,922524989620501	4481,25	0,942914153751713					4481,25	0,966957733073612	4481,25	0,973447437113256					4481,25	0,949130868752734																																	
4484,375	0,652799966617201					4484,375	0,843929425573437	4484,375	0,931683014527387					4484,375	0,923149302074822	4484,375	0,943313478204757					4484,375	0,967083911526003	4484,375	0,973526740787028					4484,375	0,949102940448124																																	
4487,5	0,652112271505283					4487,5	0,844093630164662	4487,5	0,932030280510108					4487,5	0,922971863414899	4487,5	0,942873444445405					4487,5	0,967145716482608	4487,5	0,973405373599701					4487,5	0,948945135028898																																	
4490,625	0,650304592765169					4490,625	0,84276794430312	4490,625	0,932010010124373					4490,625	0,922564395628483	4490,625	0,942761298233681					4490,625	0,967112339897748	4490,625	0,973544081115009					4490,625	0,948923396466233																																	
4493,75	0,650768251039819					4493,75	0,843341372750945	4493,75	0,931930390322182					4493,75	0,922191998037926	4493,75	0,942911747530781					4493,75	0,966902773906892	4493,75	0,973517159718614					4493,75	0,94874723668825																																	
4496,875	0,653531902534005					4496,875	0,844401932016243	4496,875	0,932607698724788					4496,875	0,922971869205148	4496,875	0,942790947415283					4496,875	0,967006743229387	4496,875	0,973397816716478					4496,875	0,948625036714482																																	
4500	0,648821309935029					4500	0,842774763008686	4500	0,932301626494364					4500	0,922561532672396	4500	0,942625880740945					4500	0,966863691686462	4500	0,973520640381586					4500	0,948046586005784																																	
4503,125	0,650498606023375					4503,125	0,843691147779918	4503,125	0,932673666984566					4503,125	0,92338438535246	4503,125	0,942695772453915					4503,125	0,966974897348887	4503,125	0,973705774978443					4503,125	0,947718089573348																																	
4506,25	0,651584162058263					4506,25	0,843866390227395	4506,25	0,932975428579112					4506,25	0,923606243623489	4506,25	0,942677334110793					4506,25	0,966652982236416	4506,25	0,973411213125153					4506,25	0,948003496640063																																	
4509,375	0,65112520404067					4509,375	0,843497968167905	4509,375	0,932981926246897					4509,375	0,923680905434531	4509,375	0,942659563316804					4509,375	0,966743695364859	4509,375	0,973404531181466					4509,375	0,947630546886617																																	
4512,5	0,650694699466416					4512,5	0,843796773214204	4512,5	0,932712720501568					4512,5	0,92385249537134	4512,5	0,942662282948333					4512,5	0,966814944129236	4512,5	0,973381366254035					4512,5	0,947378157623022																																	
4515,625	0,650769254040866					4515,625	0,843549463451492	4515,625	0,932799293103304					4515,625	0,923909225872727	4515,625	0,942614488721172					4515,625	0,966911242853331	4515,625	0,973370691605906					4515,625	0,947295231045767																																	
4518,75	0,648370098703493					4518,75	0,842749915671513	4518,75	0,932990926555518					4518,75	0,923810622311624	4518,75	0,94233694131002					4518,75	0,966940755660022	4518,75	0,973375901747175					4518,75	0,94696481502442																																	
4521,875	0,647986034623294					4521,875	0,843031788061696	4521,875	0,933262620524674					4521,875	0,924132249257608	4521,875	0,942250890318067					4521,875	0,966860547837922	4521,875	0,97331225466337					4521,875	0,946878527271345																																	
4525	0,65231334195238					4525	0,844433928473244	4525	0,933616894447971					4525	0,924856655599775	4525	0,942753826921479					4525	0,967004506280861	4525	0,973410752167879					4525	0,946897819664938																																	
4528,125	0,653111284726682					4528,125	0,844466611831185	4528,125	0,933439481562705					4528,125	0,92480489002025	4528,125	0,942847229568542					4528,125	0,966922531315988	4528,125	0,973111905846695					4528,125	0,946871274777798																																	
4531,25	0,654406124822471					4531,25	0,845226250048344	4531,25	0,933707424192604					4531,25	0,925478201242787	4531,25	0,94294084074965					4531,25	0,966931376175212	4531,25	0,973142774266923					4531,25	0,946989532746188																																	
4534,375	0,648433080567746					4534,375	0,842880805437825	4534,375	0,933133261312816					4534,375	0,92454681273749	4534,375	0,942173688745149					4534,375	0,966782312961923	4534,375	0,973200702545771					4534,375	0,94615288579479																																	
4537,5	0,649248993600642					4537,5	0,843697708757848	4537,5	0,933446204478262					4537,5	0,924557029271097	4537,5	0,942547639655594					4537,5	0,966824196310507	4537,5	0,973477584960203					4537,5	0,946486276166431																																	
4540,625	0,648445485834864					4540,625	0,843136085168434	4540,625	0,932963040700579					4540,625	0,924397766636537	4540,625	0,942334565530439					4540,625	0,966800836619824	4540,625	0,973164532226578					4540,625	0,946306135920852																																	
4543,75	0,651940946876997					4543,75	0,84463561565781	4543,75	0,933672352071664					4543,75	0,925673333593933	4543,75	0,942831231852164					4543,75	0,967158525173755	4543,75	0,973485245606039					4543,75	0,946857752373422																																	
4546,875	0,65344388919621					4546,875	0,844849539575182	4546,875	0,933470437592107					4546,875	0,925926646912205	4546,875	0,943123972063453					4546,875	0,966982724991275	4546,875	0,973487860900171					4546,875	0,946931937563526																																	
4550	0,651258103591621					4550	0,844206400900441	4550	0,933467268747928					4550	0,925343916063442	4550	0,943012378942757					4550	0,967115319284347	4550	0,973444242358695					4550	0,946913032577285																																	
4553,125	0,653996302775809					4553,125	0,844916944797603	4553,125	0,933738495888844					4553,125	0,925609096432338	4553,125	0,943370090852641					4553,125	0,967063898468924	4553,125	0,973534127848765					4553,125	0,947023097068124																																	
4556,25	0,652457742200424					4556,25	0,845047334648174	4556,25	0,934142121493897					4556,25	0,926039810950612	4556,25	0,943300629480928					4556,25	0,967118520925735	4556,25	0,973625699764531					4556,25	0,947198564071766																																	
4559,375	0,648315130935415					4559,375	0,843859631174805	4559,375	0,933717860681492					4559,375	0,925649984523093	4559,375	0,942966148917228					4559,375	0,967083709683261	4559,375	0,9735524874551					4559,375	0,947324280902695																																	
4562,5	0,645929810554167					4562,5	0,84260383059008	4562,5	0,932963072605295					4562,5	0,924875562610518	4562,5	0,94238782348088					4562,5	0,966841686986831	4562,5	0,97323238709803					4562,5	0,947097641542009																																	
4565,625	0,650181651103626					4565,625	0,844216922684373	4565,625	0,933202416705295					4565,625	0,925539036330006	4565,625	0,942941703314949					4565,625	0,966861678321929	4565,625	0,973152663495287					4565,625	0,947170100150512																																	
4568,75	0,649620481620782					4568,75	0,844320604871455	4568,75	0,933358506001558					4568,75	0,925353247919538	4568,75	0,943129631055896					4568,75	0,967023476364882	4568,75	0,973423604372563					4568,75	0,947274314846736																																	
4571,875	0,652411094542107					4571,875	0,845383888570469	4571,875	0,933783760900474					4571,875	0,925633086429275	4571,875	0,943440235073327					4571,875	0,967002103710493	4571,875	0,973691739695018					4571,875	0,947364729480339																																	
4575	0,653385438070059					4575	0,845514682925197	4575	0,93393721728341					4575	0,925798853139804	4575	0,943582899904134					4575	0,967001494473664	4575	0,973377473550737					4575	0,947267813821865																																	
4578,125	0,652380313526698					4578,125	0,84502511499214	4578,125	0,933762631460044					4578,125	0,925586387000199	4578,125	0,943504121858708					4578,125	0,96704737046996	4578,125	0,97342547835312					4578,125	0,947046408753904																																	
4581,25	0,65141742679177					4581,25	0,844505824759823	4581,25	0,933813888833492					4581,25	0,925687198798776	4581,25	0,943573213630174					4581,25	0,967231790239128	4581,25	0,973514279632591					4581,25	0,947124712414249																																	
4584,375	0,648225451254517					4584,375	0,843726380945122	4584,375	0,933542613941101					4584,375	0,925529920119429	4584,375	0,943471647832618					4584,375	0,967344584211382	4584,375	0,973491212883338					4584,375	0,947187271309261																																	
4587,5	0,645239504116518					4587,5	0,842825996433096	4587,5	0,933081547638374					4587,5	0,92488540796214	4587,5	0,943179928881732					4587,5	0,967046534779538	4587,5	0,97342592222212					4587,5	0,946766262188022																																	
4590,625	0,648090596059478					4590,625	0,843523005611045	4590,625	0,933388961158398					4590,625	0,925203183958438	4590,625	0,943571344940203					4590,625	0,96705030957255	4590,625	0,973405998034502					4590,625	0,946535541240115																																	
4593,75	0,647949110446785					4593,75	0,84377226237043	4593,75	0,933502167647951					4593,75	0,925295889915989	4593,75	0,943869598449566					4593,75	0,967155426447946	4593,75	0,97344231429316					4593,75	0,946421082109342																																	
4596,875	0,647411057015481					4596,875	0,843966802076151	4596,875	0,933448290122913					4596,875	0,925282563403269	4596,875	0,943821691369796					4596,875	0,967248281695193	4596,875	0,973367876844779					4596,875	0,946345898657667																																	
4600	0,645689266408115					4600	0,843538160165665	4600	0,933479067382867					4600	0,925295042005544	4600	0,943542362069032					4600	0,967214983004926	4600	0,973263298368361					4600	0,946081506493448																																	
4603,125	0,645489205907637					4603,125	0,843066761859373	4603,125	0,933550588153041					4603,125	0,925369736404393	4603,125	0,943214973937722					4603,125	0,967115545414367	4603,125	0,973397638491657					4603,125	0,945088892936743																																	
4606,25	0,650999262267222					4606,25	0,845445415110863	4606,25	0,934093808098437					4606,25	0,926287270656794	4606,25	0,944019526855616					4606,25	0,967226602332226	4606,25	0,97355692079315					4606,25	0,945117347450895																																	
4609,375	0,648971393125989					4609,375	0,845408010136545	4609,375	0,933633904571512					4609,375	0,92587669142188	4609,375	0,944263672974417					4609,375	0,967178920687072	4609,375	0,973432803469657					4609,375	0,944718870678123																																	
4612,5	0,647998344401308					4612,5	0,844846304815135	4612,5	0,933527712791007					4612,5	0,925584487783856	4612,5	0,944143848467817					4612,5	0,967136909537714	4612,5	0,973358890717441					4612,5	0,944416773259378																																	
4615,625	0,645364792823556					4615,625	0,844021370906094	4615,625	0,933334776938375					4615,625	0,92549376278266	4615,625	0,943966411588942					4615,625	0,967259836744685	4615,625	0,973534644308332					4615,625	0,94391092028011																																	
4618,75	0,649273695990245					4618,75	0,844919226852922	4618,75	0,933591655800026					4618,75	0,925770605393265	4618,75	0,944007693522848					4618,75	0,967148894635065	4618,75	0,973557697964406					4618,75	0,943688260528909																																	
4621,875	0,645836415906784					4621,875	0,843870087030998	4621,875	0,933620782827506					4621,875	0,925144616887756	4621,875	0,944018319314707					4621,875	0,967009221969662	4621,875	0,973332140072754					4621,875	0,943309498138822																																	
4625	0,645847660277063					4625	0,84449780631323	4625	0,93377294129978					4625	0,925387661158285	4625	0,944108305646205					4625	0,967228162872855	4625	0,973451475916644					4625	0,94320928182594																																	
4628,125	0,645892293422411					4628,125	0,844183157855344	4628,125	0,933993619772528					4628,125	0,925452903755652	4628,125	0,944275768919133					4628,125	0,967234527248931	4628,125	0,973404570409045					4628,125	0,943025965433485																																	
4631,25	0,645807945626479					4631,25	0,844122252190866	4631,25	0,933955151135465					4631,25	0,925567006704692	4631,25	0,944286338736429					4631,25	0,967300672167679	4631,25	0,973427489824049					4631,25	0,942664728137288																																	
4634,375	0,648519681935861					4634,375	0,844953319888267	4634,375	0,933940136777315					4634,375	0,926149838120985	4634,375	0,944392201585317					4634,375	0,967348436654153	4634,375	0,97327902154956					4634,375	0,942447063202489																																	
4637,5	0,647722681384432					4637,5	0,845118561707084	4637,5	0,933460555285643					4637,5	0,925988762374678	4637,5	0,944351258472613					4637,5	0,967520364817523	4637,5	0,973239069926245					4637,5	0,942408130412477																																	
4640,625	0,647206414218894					4640,625	0,845230454267349	4640,625	0,93372672432078					4640,625	0,926110595543652	4640,625	0,944417910582487					4640,625	0,967441119973164	4640,625	0,973263338985771					4640,625	0,942350037395155																																	
4643,75	0,644611710307182					4643,75	0,84374792232332	4643,75	0,933629219973969					4643,75	0,925420850978682	4643,75	0,944264989920793					4643,75	0,967149403981328	4643,75	0,973187399938778					4643,75	0,941625622000996																																	
4646,875	0,643829052525421					4646,875	0,843424017708562	4646,875	0,933345976025199					4646,875	0,925387244586245	4646,875	0,944245920286411					4646,875	0,967241248332592	4646,875	0,973267050218207					4646,875	0,941439413556865																																	
4650	0,646588383120477					4650	0,844432891936681	4650	0,93349749453552					4650	0,925811098813212	4650	0,94427761030135					4650	0,967256595925066	4650	0,973303629123482					4650	0,941384530271046																																	
4653,125	0,645548251491249					4653,125	0,843752960424667	4653,125	0,933347646813467					4653,125	0,925247110951853	4653,125	0,944102740211966					4653,125	0,967323083962905	4653,125	0,973222560057602					4653,125	0,941180372002987																																	
4656,25	0,646790965892037					4656,25	0,844252272550275	4656,25	0,933733616642192					4656,25	0,925816181193567	4656,25	0,944342790222619					4656,25	0,96750495525645	4656,25	0,973159511810333					4656,25	0,941513174189112																																	
4659,375	0,64374837216489					4659,375	0,84293044048843	4659,375	0,933813472336731					4659,375	0,925284294960504	4659,375	0,944348248648599					4659,375	0,967296317330885	4659,375	0,973141027755597					4659,375	0,941573351706601																																	
4662,5	0,641138930909273					4662,5	0,841970170774222	4662,5	0,933365971572301					4662,5	0,924945546233207	4662,5	0,944389643852318					4662,5	0,967464446983023	4662,5	0,973199934597298					4662,5	0,941305881843715																																	
4665,625	0,645203633862172					4665,625	0,843561131129278	4665,625	0,933402916581198					4665,625	0,925307613091441	4665,625	0,94428782247335					4665,625	0,967479546901593	4665,625	0,973281861144241					4665,625	0,941270723651464																																	
4668,75	0,64428688152904					4668,75	0,843139112180114	4668,75	0,933028490143065					4668,75	0,925142593373514	4668,75	0,944148095069168					4668,75	0,967489863970595	4668,75	0,973299005713519					4668,75	0,941112116979804																																	
4671,875	0,642974255367651					4671,875	0,842590020167504	4671,875	0,932972743687633					4671,875	0,925025263546963	4671,875	0,943985305654216					4671,875	0,967523132418374	4671,875	0,973183629594346					4671,875	0,940872214172686																																	
4675	0,640414506605016					4675	0,841594644756364	4675	0,932752292876605					4675	0,924612315949027	4675	0,943583697757003					4675	0,967267621128696	4675	0,972878373745551					4675	0,940480939732788																																	
4678,125	0,643263266429255					4678,125	0,843161339222488	4678,125	0,932930460405072					4678,125	0,925076176901609	4678,125	0,94396442114804					4678,125	0,967194575694975	4678,125	0,973045480419066					4678,125	0,940682193728566																																	
4681,25	0,640878799260322					4681,25	0,841760020502312	4681,25	0,933173367927429					4681,25	0,924791646210239	4681,25	0,944409786153772					4681,25	0,9674367699444	4681,25	0,973188639155664					4681,25	0,940927125882716																																	
4684,375	0,637785648909148					4684,375	0,840435243822863	4684,375	0,933172210379761					4684,375	0,924189677980626	4684,375	0,944139793689763					4684,375	0,967446323949615	4684,375	0,973088233747196					4684,375	0,94063670478612																																	
4687,5	0,637520758934106					4687,5	0,840845790809235	4687,5	0,932779330665639					4687,5	0,923934205080008	4687,5	0,94393654502978					4687,5	0,967441855377832	4687,5	0,972801602036643					4687,5	0,940397162755918																																	
4690,625	0,636265208710715					4690,625	0,840167573464732	4690,625	0,932474532976525					4690,625	0,92359721643524	4690,625	0,943759934204543					4690,625	0,967506841624612	4690,625	0,972698711980619					4690,625	0,940142960461581																																	
4693,75	0,6377815176101					4693,75	0,840455372971215	4693,75	0,932671219868334					4693,75	0,923448152083296	4693,75	0,943804989936587					4693,75	0,96748851623918	4693,75	0,972783171747351					4693,75	0,940163761784338																																	
4696,875	0,635473057581479					4696,875	0,840116880570447	4696,875	0,932756561023087					4696,875	0,922947060948699	4696,875	0,944092608418938					4696,875	0,967515460773714	4696,875	0,972920390333772					4696,875	0,940009956678207																																	
4700	0,633806651071937					4700	0,838777576324272	4700	0,932091927403967					4700	0,922723622399288	4700	0,943460374869332					4700	0,967248572756306	4700	0,972795384843796					4700	0,939858612836546																																	
4703,125	0,634411844465834					4703,125	0,838080793815531	4703,125	0,931968509260529					4703,125	0,922883413898755	4703,125	0,943508929339643					4703,125	0,967090716767802	4703,125	0,972668732539646					4703,125	0,939721592704999																																	
4706,25	0,634663606223584					4706,25	0,838395286756156	4706,25	0,931991396172555					4706,25	0,922575655606397	4706,25	0,943675293487098					4706,25	0,966887525879627	4706,25	0,972613323228575					4706,25	0,939751999179136																																	
4709,375	0,634639688401254					4709,375	0,838903947714093	4709,375	0,932251604988202					4709,375	0,922540549975219	4709,375	0,943767480124668					4709,375	0,966756728500249	4709,375	0,972529097014937					4709,375	0,939635191517661																																	
4712,5	0,631229355597396					4712,5	0,838149423355656	4712,5	0,931689206083438					4712,5	0,921478069755753	4712,5	0,94342525753038					4712,5	0,966344766100996	4712,5	0,972568145984378					4712,5	0,93926389446896																																	
4715,625	0,630538553646466					4715,625	0,83772503969557	4715,625	0,931117484962415					4715,625	0,92153374400039	4715,625	0,943279229798657					4715,625	0,966208444417832	4715,625	0,972516152934732					4715,625	0,938938521864322																																	
4718,75	0,631035332751834					4718,75	0,83790705474128	4718,75	0,93172041990769					4718,75	0,921426487869029	4718,75	0,943528693725482					4718,75	0,965855731894804	4718,75	0,972394495090035					4718,75	0,938992554976146																																	
4721,875	0,630400436193275					4721,875	0,836952816696104	4721,875	0,931399747039083					4721,875	0,920562314724775	4721,875	0,943438666538716					4721,875	0,965636837983769	4721,875	0,972402405188417					4721,875	0,939052095324504																																	
4725	0,628546075283355					4725	0,836007781120099	4725	0,930943565980427					4725	0,919982404324458	4725	0,943333261843504					4725	0,965302009259035	4725	0,972476130391987					4725	0,938793509378951																																	
4728,125	0,628236692790057					4728,125	0,835800435543115	4728,125	0,930842982639231					4728,125	0,9198890166846	4728,125	0,943292858080329					4728,125	0,964804981113428	4728,125	0,972460491724128					4728,125	0,938811726618334																																	
4731,25	0,626498847311574					4731,25	0,835308525798233	4731,25	0,930593804126403					4731,25	0,919433912066074	4731,25	0,943219262158901					4731,25	0,964131357841271	4731,25	0,972353949613316					4731,25	0,938779288233114																																	
4734,375	0,627502541363637					4734,375	0,835171044396564	4734,375	0,930451935102834					4734,375	0,919228401647625	4734,375	0,943047024166846					4734,375	0,963765839001858	4734,375	0,972287798159816					4734,375	0,938175716552147																																	
4737,5	0,628037045173923					4737,5	0,834261140813235	4737,5	0,930286353017199					4737,5	0,918994467532492	4737,5	0,942687419299767					4737,5	0,963389532736861	4737,5	0,972285418421751					4737,5	0,937566648814419																																	
4740,625	0,626046283319083					4740,625	0,833239545659904	4740,625	0,929825863156763					4740,625	0,918258024860384	4740,625	0,9425752925372					4740,625	0,9628458416441	4740,625	0,972400974351537					4740,625	0,937681377722429																																	
4743,75	0,630485247337783					4743,75	0,833963714990542	4743,75	0,92940464464842					4743,75	0,918259247780998	4743,75	0,942368477727735					4743,75	0,962440947181819	4743,75	0,972360665586802					4743,75	0,937682094403679																																	
4746,875	0,627948556535569					4746,875	0,832474701524389	4746,875	0,928822989945889					4746,875	0,917774045726414	4746,875	0,94178860832367					4746,875	0,96206701029577	4746,875	0,971988768706883					4746,875	0,937417852977988																																	
4750	0,626703439412274					4750	0,832032917189814	4750	0,928536231798405					4750	0,917680335240779	4750	0,941654149955736					4750	0,961654627587157	4750	0,971890731675745					4750	0,937033648621384																																	
4753,125	0,622562248927925					4753,125	0,829479241706244	4753,125	0,927432945542499					4753,125	0,916652982373781	4753,125	0,941569446556275					4753,125	0,961284650757038	4753,125	0,971846061355596					4753,125	0,936585840309865																																	
4756,25	0,627182384901055					4756,25	0,831088172644019	4756,25	0,927807958403101					4756,25	0,916950509093569	4756,25	0,941461066827694					4756,25	0,960884386637743	4756,25	0,971872204812632					4756,25	0,936672129450943																																	
4759,375	0,625823795068818					4759,375	0,830468800143677	4759,375	0,927601329740375					4759,375	0,916739408449674	4759,375	0,941252948123155					4759,375	0,96031009868104	4759,375	0,971837335298868					4759,375	0,936586150007071																																	
4762,5	0,628129456454122					4762,5	0,830345127155783	4762,5	0,927162953015047					4762,5	0,917169685145758	4762,5	0,941143793894516					4762,5	0,960188159662065	4762,5	0,971607356858142					4762,5	0,936337583394709																																	
4765,625	0,627173736129605					4765,625	0,828792701781618	4765,625	0,926885373005335					4765,625	0,917141370503111	4765,625	0,940391202783826					4765,625	0,959934728442132	4765,625	0,971303629894295					4765,625	0,935991322812976																																	
4768,75	0,62532324757193					4768,75	0,828835397509591	4768,75	0,925771158743946					4768,75	0,916559865716001	4768,75	0,940928738269749					4768,75	0,95993838620807	4768,75	0,971541295022829					4768,75	0,935232274823721																																	
4771,875	0,628082896616357					4771,875	0,829963762010604	4771,875	0,925417116973753					4771,875	0,917397553501494	4771,875	0,940889510582522					4771,875	0,959517285411146	4771,875	0,971357453063254					4771,875	0,935155348670987																																	
4775	0,630031896749352					4775	0,830124265068079	4775	0,925097029331842					4775	0,917770177990361	4775	0,940863109584827					4775	0,959324898558553	4775	0,971343166589649					4775	0,935258428386018																																	
4778,125	0,629391435859923					4778,125	0,829003831689967	4778,125	0,924381828696702					4778,125	0,917561539141391	4778,125	0,940702377296066					4778,125	0,958981130428147	4778,125	0,971329381934371					4778,125	0,934735911885589																																	
4781,25	0,629416273925907					4781,25	0,828375327081553	4781,25	0,923698603829533					4781,25	0,917167503135755	4781,25	0,940451709880395					4781,25	0,958805958843619	4781,25	0,971169099134869					4781,25	0,934334246112512																																	
4784,375	0,630680899997994					4784,375	0,827994234514517	4784,375	0,922866208920683					4784,375	0,917388283094898	4784,375	0,940021700566349					4784,375	0,958609943937222	4784,375	0,970751441196235					4784,375	0,934050190792979																																	
4787,5	0,626370431463949					4787,5	0,828221758863416	4787,5	0,922242580348955					4787,5	0,916939168507514	4787,5	0,940089822551264					4787,5	0,958088355170653	4787,5	0,970638281381198					4787,5	0,933583021204592																																	
4790,625	0,631169132085387					4790,625	0,831138606075346	4790,625	0,922168782429549					4790,625	0,918095052461547	4790,625	0,940157986049915					4790,625	0,95782494599369	4790,625	0,97030387679511					4790,625	0,933488065836351																																	
4793,75	0,631514890197537					4793,75	0,829132250701511	4793,75	0,921789852719991					4793,75	0,9183024612057	4793,75	0,939952648861258					4793,75	0,95766237352706	4793,75	0,970176879540876					4793,75	0,933333422426444																																	
4796,875	0,630065899292084					4796,875	0,828620910756013	4796,875	0,921047733217667					4796,875	0,917672025882545	4796,875	0,939569441563209					4796,875	0,957369168208233	4796,875	0,969991499723992					4796,875	0,932380765679688																																	
4800	0,627565242382511					4800	0,82834645795048	4800	0,920479861403559					4800	0,917477652505653	4800	0,939209611227388					4800	0,957164237597756	4800	0,969721937985502					4800	0,931815079039525																																	
4803,125	0,623925902293595					4803,125	0,826303075733713	4803,125	0,919936722667103					4803,125	0,916748491868975	4803,125	0,938921275561033					4803,125	0,956810204071741	4803,125	0,96945316939056					4803,125	0,931339022538432																																	
4806,25	0,621877467918998					4806,25	0,825226418652552	4806,25	0,919535175118686					4806,25	0,916284312712454	4806,25	0,938787372434602					4806,25	0,956324086313025	4806,25	0,969163038387535					4806,25	0,93133018515658																																	
4809,375	0,624371392456158					4809,375	0,826431029329522	4809,375	0,919525337438238					4809,375	0,915951366493072	4809,375	0,938719168508742					4809,375	0,956232485761415	4809,375	0,968682634065091					4809,375	0,931111826303225																																	
4812,5	0,625316061736998					4812,5	0,826473796458759	4812,5	0,919310280208148					4812,5	0,915974696918726	4812,5	0,938524440438313					4812,5	0,956298883231357	4812,5	0,968052942900655					4812,5	0,930947502096742																																	
4815,625	0,624464378108279					4815,625	0,825743049932461	4815,625	0,918824932662566					4815,625	0,914933485048744	4815,625	0,938032220390668					4815,625	0,955787395338442	4815,625	0,967484089424305					4815,625	0,930611222602591																																	
4818,75	0,623202285561412					4818,75	0,824805507832154	4818,75	0,918541785399331					4818,75	0,914236252557576	4818,75	0,937669116132344					4818,75	0,955546440384139	4818,75	0,966909894137226					4818,75	0,929697354914004																																	
4821,875	0,622029988987383					4821,875	0,82473785218767	4821,875	0,918513531807602					4821,875	0,913603700117658	4821,875	0,93762426795312					4821,875	0,955476664292956	4821,875	0,966526857843855					4821,875	0,929085315394912																																	
4825	0,620435290416477					4825	0,823942588478208	4825	0,918396944551066					4825	0,913240195499779	4825	0,937618356147472					4825	0,955054259129925	4825	0,96635189955024					4825	0,928924376069541																																	
4828,125	0,622691256746388					4828,125	0,824360120412747	4828,125	0,918475182241614					4828,125	0,913176195633059	4828,125	0,937500617654751					4828,125	0,954851448641219	4828,125	0,966517503252418					4828,125	0,929224902716354																																	
4831,25	0,6203688145386					4831,25	0,824737478300111	4831,25	0,918130730751088					4831,25	0,911650970338671	4831,25	0,937074095044058					4831,25	0,954344368956269	4831,25	0,966593466349404					4831,25	0,928006297546513																																	
4834,375	0,620539344319124					4834,375	0,823289105536178	4834,375	0,917738363592568					4834,375	0,911797504436889	4834,375	0,936502457053698					4834,375	0,954102315504368	4834,375	0,966736362978932					4834,375	0,927321758887077																																	
4837,5	0,618245605060527					4837,5	0,821578349541848	4837,5	0,917483887136858					4837,5	0,910720893673155	4837,5	0,936115465602021					4837,5	0,95360760288199	4837,5	0,966881904684488					4837,5	0,927266469138479																																	
4840,625	0,615808401674053					4840,625	0,82100231544292	4840,625	0,917417882862413					4840,625	0,909650930556507	4840,625	0,935746940232568					4840,625	0,953237640304355	4840,625	0,966739942422735					4840,625	0,927060225839727																																	
4843,75	0,614546002549989					4843,75	0,82099658648849	4843,75	0,91736774998084					4843,75	0,909339856566022	4843,75	0,935549960157691					4843,75	0,952923383783854	4843,75	0,966891109807031					4843,75	0,926525378238191																																	
4846,875	0,611977586735425					4846,875	0,82091778840955	4846,875	0,916890004440214					4846,875	0,908976083245055	4846,875	0,934857365823164					4846,875	0,952526193012535	4846,875	0,966943917823986					4846,875	0,925572486267305																																	
4850	0,606098383000151					4850	0,819455792852368	4850	0,916486991050238					4850	0,908290869934906	4850	0,934552135880597					4850	0,95229846298098	4850	0,966586532524448					4850	0,924915471774825																																	
4853,125	0,597042238185962					4853,125	0,81856374078619	4853,125	0,916145290479632					4853,125	0,907203785499572	4853,125	0,934444688810477					4853,125	0,951580781278755	4853,125	0,966443244976926					4853,125	0,924095048495281																																	
4856,25	0,593863864387665					4856,25	0,819447284077445	4856,25	0,916615413499324					4856,25	0,906661864003092	4856,25	0,934355324952393					4856,25	0,951374615731579	4856,25	0,966616768205668					4856,25	0,924170729652437																																	
4859,375	0,589227684029863					4859,375	0,818301474384559	4859,375	0,91565492899417					4859,375	0,906345985160757	4859,375	0,933486292468205					4859,375	0,951142084930671	4859,375	0,966326329007336					4859,375	0,923048858547715																																	
4862,5	0,583913615778264					4862,5	0,816429910651215	4862,5	0,915094945729823					4862,5	0,906171645332472	4862,5	0,93280884340048					4862,5	0,950672473869108	4862,5	0,966332458008153					4862,5	0,922053391108878																																	
4865,625	0,591912545587288					4865,625	0,81820589815369	4865,625	0,91488466812886					4865,625	0,905477551260583	4865,625	0,932450460946767					4865,625	0,950299274664626	4865,625	0,966097485947097					4865,625	0,922063082140644																																	
4868,75	0,588907472877769					4868,75	0,8188110362757	4868,75	0,914062113337543					4868,75	0,904396256488073	4868,75	0,932365099265531					4868,75	0,949563928175496	4868,75	0,965745998643617					4868,75	0,921502379995431																																	
4871,875	0,593508389272073					4871,875	0,819997484946664	4871,875	0,913995316524904					4871,875	0,904561093264369	4871,875	0,931978771155566					4871,875	0,949293303616577	4871,875	0,965423245957491					4871,875	0,92153930935609																																	
4875	0,590519201313651					4875	0,820790049982786	4875	0,913830266476627					4875	0,903844132771439	4875	0,931455070207278					4875	0,949221919622051	4875	0,965535776075055					4875	0,920747117923385																																	
4878,125	0,587716443862921					4878,125	0,820088050369793	4878,125	0,913093039248435					4878,125	0,90320870156033	4878,125	0,930642079500613					4878,125	0,947962806419851	4878,125	0,965328826870386					4878,125	0,919107286928813																																	
4881,25	0,586844173509705					4881,25	0,820592090386708	4881,25	0,912648421024104					4881,25	0,901902742076182	4881,25	0,93006956385783					4881,25	0,947295958354762	4881,25	0,965046493076695					4881,25	0,918650803037906																																	
4884,375	0,586553834265233					4884,375	0,820474455640558	4884,375	0,912360055600508					4884,375	0,901106087787844	4884,375	0,928977790121469					4884,375	0,946717089287823	4884,375	0,964706846526462					4884,375	0,918150986078463																																	
4887,5	0,58296406416983					4887,5	0,819796178992359	4887,5	0,911972666725497					4887,5	0,900579312981798	4887,5	0,928318955104225					4887,5	0,946365940545891	4887,5	0,96474499751653					4887,5	0,917696124980061																																	
4890,625	0,575729329887238					4890,625	0,817741372750453	4890,625	0,910794456944681					4890,625	0,899133537817836	4890,625	0,927466508510408					4890,625	0,945483929196519	4890,625	0,965019434841085					4890,625	0,916438106998517																																	
4893,75	0,577084833425505					4893,75	0,816480031131131	4893,75	0,910561162533705					4893,75	0,89820658755183	4893,75	0,926845060375563					4893,75	0,944867312484196	4893,75	0,964831837208961					4893,75	0,915588552369961																																	
4896,875	0,575080776384632					4896,875	0,815478102615589	4896,875	0,910593708270462					4896,875	0,897161855450548	4896,875	0,9262470618977					4896,875	0,944583709155131	4896,875	0,964754654245503					4896,875	0,914056472543341																																	
4900	0,575584761627635					4900	0,814443534519898	4900	0,910544625799497					4900	0,896916011522751	4900	0,925399514302979					4900	0,944153680502515	4900	0,965202974992696					4900	0,912758363265677																																	
4903,125	0,572973025453429					4903,125	0,813017178841082	4903,125	0,909856044842596					4903,125	0,895012356444559	4903,125	0,924808214070618					4903,125	0,943422196733305	4903,125	0,965237119657882					4903,125	0,911455822101959																																	
4906,25	0,571400593389249					4906,25	0,812061107322982	4906,25	0,909339883560816					4906,25	0,893810497092902	4906,25	0,923927596007035					4906,25	0,942688188040101	4906,25	0,96511679921303					4906,25	0,910379336209718																																	
4909,375	0,568770080784837					4909,375	0,810424814169409	4909,375	0,908832887332561					4909,375	0,893023667095603	4909,375	0,92295196453839					4909,375	0,942130061212105	4909,375	0,965290687387					4909,375	0,909598392273138																																	
4912,5	0,566981659233425					4912,5	0,809750407042666	4912,5	0,908389394163752					4912,5	0,892137752333133	4912,5	0,922521616519808					4912,5	0,94142073752721	4912,5	0,96534131352563					4912,5	0,909125871325829																																	
4915,625	0,562795847645985					4915,625	0,807924754329531	4915,625	0,907892875126021					4915,625	0,890262265673359	4915,625	0,921400827949742					4915,625	0,940568481554359	4915,625	0,965258253251865					4915,625	0,907496839999598																																	
4918,75	0,560565803193075					4918,75	0,806862987950308	4918,75	0,906989582503119					4918,75	0,888884805220205	4918,75	0,920321687779567					4918,75	0,940023321696895	4918,75	0,964925268359933					4918,75	0,906590650084992																																	
4921,875	0,561600153858019					4921,875	0,807037881773387	4921,875	0,906277686823452					4921,875	0,888378669301986	4921,875	0,919666759583373					4921,875	0,939422616280622	4921,875	0,964318288419013					4921,875	0,90609908237074																																	
4925	0,558369312856545					4925	0,806566342267014	4925	0,906032850944459					4925	0,887710430606944	4925	0,919600381311847					4925	0,938467459731564	4925	0,963633140913884					4925	0,904407354709492																																	
4928,125	0,557876649675418					4928,125	0,805966301210296	4928,125	0,905720867409575					4928,125	0,887006890884339	4928,125	0,918811637430855					4928,125	0,937693963848456	4928,125	0,962412354976196					4928,125	0,903650891852001																																	
4931,25	0,550539374979968					4931,25	0,80384958071467	4931,25	0,904573758382122					4931,25	0,884462722521701	4931,25	0,917622316244195					4931,25	0,936236852813326	4931,25	0,961901730695074					4931,25	0,901093905481259																																	
4934,375	0,552328595463617					4934,375	0,803472177218441	4934,375	0,904085182802916					4934,375	0,884013004702108	4934,375	0,916724563477177					4934,375	0,935504116334201	4934,375	0,960880693817715					4934,375	0,899917467531864																																	
4937,5	0,550082699668074					4937,5	0,802282831234956	4937,5	0,903304620663917					4937,5	0,883319026340625	4937,5	0,915771172725614					4937,5	0,934497169124469	4937,5	0,960342799459132					4937,5	0,898759511778784																																	
4940,625	0,550410615136393					4940,625	0,800599143326832	4940,625	0,903119943153836					4940,625	0,88232557728579	4940,625	0,915943560644754					4940,625	0,934438897742955	4940,625	0,959677483896277					4940,625	0,897534466923873																																	
4943,75	0,544400428116952					4943,75	0,799796537229225	4943,75	0,901461685183039					4943,75	0,880216151648185	4943,75	0,914738940197046					4943,75	0,932448513099656	4943,75	0,958415984312813					4943,75	0,895398489454889																																	
4946,875	0,542315158508231					4946,875	0,799456952903129	4946,875	0,9007956548974					4946,875	0,879045351295079	4946,875	0,914375003793953					4946,875	0,931715965922513	4946,875	0,957440821489635					4946,875	0,894288527526755																																	
4950	0,540177963959619					4950	0,798318833889956	4950	0,900460352921847					4950	0,877498443336761	4950	0,913757039828536					4950	0,930891465276566	4950	0,956934152839776					4950	0,892568746630263																																	
4953,125	0,53960364669454					4953,125	0,795810941336866	4953,125	0,899502074815709					4953,125	0,875909910709506	4953,125	0,912849381813235					4953,125	0,929607000127269	4953,125	0,955736280309126					4953,125	0,891559166132125																																	
4956,25	0,534682472590176					4956,25	0,793730231976222	4956,25	0,898669046217083					4956,25	0,875179792152612	4956,25	0,912465356597969					4956,25	0,928656029839699	4956,25	0,954886068285701					4956,25	0,889738990891187																																	
4959,375	0,524644721279939					4959,375	0,789403701224918	4959,375	0,897097050427568					4959,375	0,872556960316567	4959,375	0,911123053318935					4959,375	0,927066145287951	4959,375	0,954080550510263					4959,375	0,887016583574748																																	
4962,5	0,52158616768838					4962,5	0,785462476937518	4962,5	0,896440974172377					4962,5	0,870242769073424	4962,5	0,909880014451402					4962,5	0,925367653147027	4962,5	0,953272758825001					4962,5	0,88467249843244																																	
4965,625	0,518026416187208					4965,625	0,78259510534631	4965,625	0,8951129055841					4965,625	0,868428302945808	4965,625	0,9092397826362					4965,625	0,924303012111298	4965,625	0,952907689576505					4965,625	0,882962847249142																																	
4968,75	0,50958289555642					4968,75	0,778170592670132	4968,75	0,894328429617625					4968,75	0,866771039045114	4968,75	0,909355539186155					4968,75	0,923234110119945	4968,75	0,952572407732008					4968,75	0,880794062405182																																	
4971,875	0,504571766228883					4971,875	0,773944796145663	4971,875	0,892516333952245					4971,875	0,863928396846245	4971,875	0,907918263578451					4971,875	0,921037377595784	4971,875	0,951293923102719					4971,875	0,877896050421959																																	
																																																																
