Frequency in Hz	Wool_92_HF_1 Normalized Surface Impedance continuous Re	Frequency in Hz	Wool_92_LF_1 Normalized Surface Impedance continuous Re	Frequency in Hz	Wool_93_HF Normalized Surface Impedance continuous Re	Frequency in Hz	Wool_93_LF Normalized Surface Impedance continuous Re	Frequency in Hz	Wool_94_LF Normalized Surface Impedance continuous Re	Frequency in Hz	Wool_94_HF Normalized Surface Impedance continuous Re	Frequency in Hz	Wool_95_HF Normalized Surface Impedance continuous Re	Frequency in Hz	Wool_95_LF Normalized Surface Impedance continuous Re	Frequency in Hz	Wool_96_LF Normalized Surface Impedance continuous Re	Frequency in Hz	Wool_96_HF Normalized Surface Impedance continuous Re	Frequency in Hz	Wool_97_HF Normalized Surface Impedance continuous Re	Frequency in Hz	Wool_97_LF Normalized Surface Impedance continuous Re	Frequency in Hz	Wool_98_LF Normalized Surface Impedance continuous Re	Frequency in Hz	Wool_98_HF Normalized Surface Impedance continuous Re	Frequency in Hz	Wool_99_HF Normalized Surface Impedance continuous Re	Frequency in Hz	Wool_99_LF Normalized Surface Impedance continuous Re	Frequency in Hz	Wool_92_HF_1 Normalized Surface Impedance continuous Im	Frequency in Hz	Wool_92_LF_1 Normalized Surface Impedance continuous Im	Frequency in Hz	Wool_93_HF Normalized Surface Impedance continuous Im	Frequency in Hz	Wool_93_LF Normalized Surface Impedance continuous Im	Frequency in Hz	Wool_94_LF Normalized Surface Impedance continuous Im	Frequency in Hz	Wool_94_HF Normalized Surface Impedance continuous Im	Frequency in Hz	Wool_95_HF Normalized Surface Impedance continuous Im	Frequency in Hz	Wool_95_LF Normalized Surface Impedance continuous Im	Frequency in Hz	Wool_96_LF Normalized Surface Impedance continuous Im	Frequency in Hz	Wool_96_HF Normalized Surface Impedance continuous Im	Frequency in Hz	Wool_97_HF Normalized Surface Impedance continuous Im	Frequency in Hz	Wool_97_LF Normalized Surface Impedance continuous Im	Frequency in Hz	Wool_98_LF Normalized Surface Impedance continuous Im	Frequency in Hz	Wool_98_HF Normalized Surface Impedance continuous Im	Frequency in Hz	Wool_99_HF Normalized Surface Impedance continuous Im	Frequency in Hz	Wool_99_LF Normalized Surface Impedance continuous Im	
556,25	1,83931076526642	100	2,09148979187012	556,25	1,62778913974762	100	3,37092185020447	100	3,0348527431488	556,25	1,39527142047882	556,25	1,08685898780823	100	2,95719194412231	100	2,86326742172241	556,25	1,0340029001236	556,25	0,875421106815338	100	2,88479995727539	100	3,24480533599854	556,25	0,750623941421509	556,25	0,651546955108643	100	3,88321447372437	556,25	-2,73337626457214	100	-14,6431264877319	556,25	-2,91479921340942	100	-14,847020149231	100	-14,3953914642334	556,25	-2,83260774612427	556,25	-2,84242630004883	100	-14,4516935348511	100	-14,1099948883057	556,25	-3,01825451850891	556,25	-3,15785312652588	100	-14,5000743865967	100	-14,6257600784302	556,25	-3,37147831916809	556,25	-3,72078537940979	100	-15,1705694198608	
559,375	1,85894787311554	103,125	3,18986034393311	559,375	1,64148235321045	103,125	4,82605934143066	103,125	4,38449144363403	559,375	1,41099655628204	559,375	1,10629260540009	103,125	4,2996973991394	103,125	4,06839036941528	559,375	1,05632126331329	559,375	0,899548888206482	103,125	4,09960460662842	103,125	4,61657476425171	559,375	0,779164910316467	559,375	0,68511301279068	103,125	5,43715238571167	559,375	-2,70288991928101	103,125	-13,4878997802734	559,375	-2,86624622344971	103,125	-15,2886190414429	103,125	-14,7518901824951	559,375	-2,78791666030884	559,375	-2,80275177955627	103,125	-14,8570461273193	103,125	-14,5407333374023	559,375	-2,97607588768005	559,375	-3,11842918395996	103,125	-15,0512962341309	103,125	-15,0644998550415	559,375	-3,33277320861816	559,375	-3,68149590492249	103,125	-15,5909986495972	
562,5	1,8439816236496	106,25	2,70863389968872	562,5	1,64112031459808	106,25	2,50685453414917	106,25	2,29691886901855	562,5	1,41050457954407	562,5	1,10478472709656	106,25	2,17215180397034	106,25	2,21384334564209	562,5	1,05456817150116	562,5	0,89559018611908	106,25	2,19451141357422	106,25	2,46133732795715	562,5	0,775251388549805	562,5	0,677356660366058	106,25	2,88118720054626	562,5	-2,69548988342285	106,25	-14,1138505935669	562,5	-2,85574555397034	106,25	-12,4892320632935	106,25	-12,1662931442261	562,5	-2,77428531646729	562,5	-2,79069209098816	106,25	-12,2258424758911	106,25	-11,9622631072998	562,5	-2,96389603614807	562,5	-3,10641694068909	106,25	-12,4123344421387	106,25	-12,3657646179199	562,5	-3,32179021835327	562,5	-3,6698043346405	106,25	-12,8806324005127	
565,625	1,8105663061142	109,375	2,71850347518921	565,625	1,62492227554321	109,375	2,1932065486908	109,375	2,02164721488953	565,625	1,39672005176544	565,625	1,09190273284912	109,375	1,81061708927155	109,375	1,88939929008484	565,625	1,04191279411316	565,625	0,88079696893692	109,375	1,84128570556641	109,375	2,14096212387085	565,625	0,759165942668915	565,625	0,655720293521881	109,375	2,6701078414917	565,625	-2,7052481174469	109,375	-13,5082588195801	565,625	-2,83965706825256	109,375	-14,2665367126465	109,375	-13,7655467987061	565,625	-2,75603795051575	565,625	-2,77243828773499	109,375	-13,8949766159058	109,375	-13,5283212661743	565,625	-2,94362735748291	565,625	-3,08442950248718	109,375	-14,0306901931763	109,375	-14,1100749969482	565,625	-3,29942941665649	565,625	-3,64189100265503	109,375	-14,7920703887939	
568,75	1,81536519527435	112,5	2,36204290390015	568,75	1,63215792179108	112,5	3,06656575202942	112,5	2,8005907535553	568,75	1,40608298778534	568,75	1,1009521484375	112,5	2,64266538619995	112,5	2,62959980964661	568,75	1,05238664150238	568,75	0,890181481838226	112,5	2,68562793731689	112,5	2,91891407966614	568,75	0,769313216209412	568,75	0,664957761764526	112,5	3,49511170387268	568,75	-2,65596795082092	112,5	-13,3547315597534	568,75	-2,8137469291687	112,5	-13,2085494995117	112,5	-12,7509307861328	568,75	-2,73268556594849	568,75	-2,75206136703491	112,5	-12,897253036499	112,5	-12,5976867675781	568,75	-2,92290830612183	568,75	-3,06403493881226	112,5	-13,0159387588501	112,5	-13,0670909881592	568,75	-3,28096055984497	568,75	-3,62105202674866	112,5	-13,638689994812	
571,875	1,84983956813812	115,625	2,34260058403015	571,875	1,63968884944916	115,625	2,58506274223328	115,625	2,33152484893799	571,875	1,41524314880371	571,875	1,10866177082062	115,625	2,23872709274292	115,625	2,24225449562073	571,875	1,06122040748596	571,875	0,897467195987701	115,625	2,25763940811157	115,625	2,4976019859314	571,875	0,776089489459991	571,875	0,670242726802826	115,625	2,993577003479	571,875	-2,61960864067078	115,625	-12,9837369918823	571,875	-2,79851675033569	115,625	-12,3221111297607	115,625	-11,9083576202393	571,875	-2,7188823223114	571,875	-2,74057269096375	115,625	-11,9633617401123	115,625	-11,7562532424927	571,875	-2,91241526603699	571,875	-3,05399990081787	115,625	-12,1247835159302	115,625	-12,195728302002	571,875	-3,2733039855957	571,875	-3,61280369758606	115,625	-12,7016410827637	
575	1,85204708576202	118,75	2,87287044525146	575	1,62448501586914	118,75	2,59308791160584	118,75	2,31453061103821	575	1,40256321430206	575	1,09487819671631	118,75	2,19217205047607	118,75	2,21746063232422	575	1,0461620092392	575	0,880254685878754	118,75	2,20644593238831	118,75	2,4800021648407	575	0,755775034427643	575	0,645046591758728	118,75	3,04606056213379	575	-2,60847997665405	118,75	-12,9684829711914	575	-2,78651666641235	118,75	-13,1599140167236	118,75	-12,6627283096313	575	-2,70569181442261	575	-2,72598695755005	118,75	-12,6937704086304	118,75	-12,4784774780273	575	-2,89766812324524	575	-3,03755593299866	118,75	-12,9174566268921	118,75	-12,9947757720947	575	-3,25665974617004	575	-3,5906069278717	118,75	-13,6237411499023	
578,125	1,84700393676758	121,875	1,89881467819214	578,125	1,64737606048584	121,875	3,18772220611572	121,875	2,90196394920349	578,125	1,42468976974487	578,125	1,11526167392731	121,875	2,70382523536682	121,875	2,73148775100708	578,125	1,06805872917175	578,125	0,903256356716156	121,875	2,76585555076599	121,875	3,03617262840271	578,125	0,77981960773468	578,125	0,672449886798859	121,875	3,57344603538513	578,125	-2,59598445892334	121,875	-12,0733032226563	578,125	-2,7612407207489	121,875	-11,9176950454712	121,875	-11,5318727493286	578,125	-2,68508505821228	578,125	-2,7089421749115	121,875	-11,5589962005615	121,875	-11,4340629577637	578,125	-2,88216733932495	578,125	-3,02423238754272	121,875	-11,7701892852783	121,875	-11,829683303833	578,125	-3,24623250961304	578,125	-3,58121871948242	121,875	-12,3110227584839	
581,25	1,8514906167984	125	2,32561421394348	581,25	1,62576305866241	125	2,26880049705505	125	2,02756071090698	581,25	1,40527892112732	581,25	1,09477198123932	125	1,83850920200348	125	1,90754365921021	581,25	1,04494297504425	581,25	0,877213180065155	125	1,83853673934937	125	2,13992762565613	581,25	0,749381721019745	581,25	0,634643793106079	125	2,6193482875824	581,25	-2,56214308738709	125	-11,7405319213867	581,25	-2,75665163993835	125	-12,2973279953003	125	-11,8558702468872	581,25	-2,67883205413818	581,25	-2,69956922531128	125	-11,8873291015625	125	-11,7235012054443	581,25	-2,87274193763733	581,25	-3,01145339012146	125	-12,0966358184814	125	-12,2188749313354	581,25	-3,2332980632782	581,25	-3,5629518032074	125	-12,8469867706299	
584,375	1,83665502071381	128,125	2,97468519210815	584,375	1,60945296287537	128,125	1,90604186058044	128,125	1,74590611457825	584,375	1,39157629013062	584,375	1,08225178718567	128,125	1,5541023015976	128,125	1,63126254081726	584,375	1,03106880187988	584,375	0,86270797252655	128,125	1,57644236087799	128,125	1,80679333209991	584,375	0,732085525989532	584,375	0,614914953708649	128,125	2,19723296165466	584,375	-2,5611515045166	128,125	-11,3358554840088	584,375	-2,7376561164856	128,125	-11,4771690368652	128,125	-11,082820892334	584,375	-2,66047263145447	584,375	-2,67937731742859	128,125	-11,0870943069458	128,125	-10,9875707626343	584,375	-2,85213685035706	584,375	-2,98780131340027	128,125	-11,3306789398193	128,125	-11,4285106658936	584,375	-3,20856046676636	584,375	-3,53010606765747	128,125	-11,9873971939087	
587,5	1,85137784481049	131,25	2,92004442214966	587,5	1,61465489864349	131,25	1,94597995281219	131,25	1,77793729305267	587,5	1,39577078819275	587,5	1,0850270986557	131,25	1,57177805900574	131,25	1,66661584377289	587,5	1,03376245498657	587,5	0,864364445209503	131,25	1,59047496318817	131,25	1,84243512153625	587,5	0,732091903686523	587,5	0,614219069480896	131,25	2,26344752311707	587,5	-2,55367136001587	131,25	-10,9702291488647	587,5	-2,72615218162537	131,25	-11,610650062561	131,25	-11,2065458297729	587,5	-2,65004372596741	587,5	-2,67017459869385	131,25	-11,1849632263184	131,25	-11,1112289428711	587,5	-2,84437918663025	587,5	-2,98053669929504	131,25	-11,4358739852905	131,25	-11,5553359985352	587,5	-3,2034969329834	587,5	-3,52527046203613	131,25	-12,1289691925049	
590,625	1,85058605670929	134,375	2,5823667049408	590,625	1,61995232105255	134,375	1,38485312461853	134,375	1,21555840969086	590,625	1,40217101573944	590,625	1,09210610389709	134,375	1,00571608543396	134,375	1,14553880691528	590,625	1,04150533676147	590,625	0,873527884483337	134,375	1,02280402183533	134,375	1,25751972198486	590,625	0,741244971752167	590,625	0,626340627670288	134,375	1,63039660453796	590,625	-2,52897024154663	134,375	-11,1405506134033	590,625	-2,69777917861938	134,375	-11,833046913147	134,375	-11,413236618042	590,625	-2,62464785575867	590,625	-2,64694476127625	134,375	-11,3691349029541	134,375	-11,3006134033203	590,625	-2,82083964347839	590,625	-2,95685291290283	134,375	-11,6349277496338	134,375	-11,7881898880005	590,625	-3,18043231964111	590,625	-3,4988157749176	134,375	-12,4562044143677	
593,75	1,85504257678986	137,5	2,41339039802551	593,75	1,61826872825623	137,5	2,28839731216431	137,5	2,0900399684906	593,75	1,40129888057709	593,75	1,09152030944824	137,5	1,91494107246399	137,5	2,00781750679016	593,75	1,04008984565735	593,75	0,8723064661026	137,5	1,95598566532135	137,5	2,17198252677917	593,75	0,738241791725159	593,75	0,624257445335388	137,5	2,55319118499756	593,75	-2,50624561309814	137,5	-10,6072978973389	593,75	-2,67532658576965	137,5	-10,1448822021484	137,5	-9,85300254821777	593,75	-2,60359597206116	593,75	-2,62689638137817	137,5	-9,84028339385986	137,5	-9,78882503509521	593,75	-2,80041193962097	593,75	-2,93590998649597	137,5	-10,0550298690796	137,5	-10,1505994796753	593,75	-3,15964317321777	593,75	-3,47352170944214	137,5	-10,6216096878052	
596,875	1,8585057258606	140,625	2,27312994003296	596,875	1,62206661701202	140,625	2,74956583976746	140,625	2,53221297264099	596,875	1,40399444103241	596,875	1,09256041049957	140,625	2,32266783714294	140,625	2,41394257545471	596,875	1,03990006446838	596,875	0,870765864849091	140,625	2,36214518547058	140,625	2,60964107513428	596,875	0,733428239822388	596,875	0,618863105773926	140,625	3,08798360824585	596,875	-2,49402451515198	140,625	-10,8793325424194	596,875	-2,66938018798828	140,625	-10,6500110626221	140,625	-10,3049783706665	596,875	-2,59904098510742	596,875	-2,62273597717285	140,625	-10,2974586486816	140,625	-10,2685422897339	596,875	-2,79759502410889	596,875	-2,93387007713318	140,625	-10,5715551376343	140,625	-10,6528072357178	596,875	-3,15911507606506	596,875	-3,47140216827393	140,625	-11,1609487533569	
600	1,85569858551025	143,75	2,14812183380127	600	1,60488665103912	143,75	2,47820949554443	143,75	2,28385066986084	600	1,38983309268951	600	1,0810227394104	143,75	2,08508062362671	143,75	2,18057107925415	600	1,02733898162842	600	0,858670592308044	143,75	2,12734484672546	143,75	2,33890986442566	600	0,718978047370911	600	0,606950700283051	143,75	2,74839186668396	600	-2,48260545730591	143,75	-10,4711065292358	600	-2,63984537124634	143,75	-9,98882484436035	143,75	-9,68132591247559	600	-2,57084584236145	600	-2,59245681762695	143,75	-9,65994262695313	143,75	-9,64852046966553	600	-2,76588153839111	600	-2,89891719818115	143,75	-9,90872859954834	143,75	-10,0122680664063	600	-3,12155771255493	600	-3,42575240135193	143,75	-10,4711141586304	
603,125	1,83645105361938	146,875	2,51361656188965	603,125	1,61629521846771	146,875	1,94455981254578	146,875	1,75775241851807	603,125	1,39928948879242	603,125	1,08825945854187	146,875	1,52638149261475	146,875	1,65356612205505	603,125	1,03354907035828	603,125	0,864160418510437	146,875	1,55798506736755	146,875	1,79645967483521	603,125	0,720590770244598	603,125	0,60779881477356	146,875	2,19361925125122	603,125	-2,46350741386414	146,875	-10,1780195236206	603,125	-2,63266754150391	146,875	-11,1176061630249	146,875	-10,7292060852051	603,125	-2,56563901901245	603,125	-2,58927798271179	146,875	-10,6658000946045	146,875	-10,6710405349731	603,125	-2,76454138755798	603,125	-2,89929604530334	146,875	-10,9717264175415	146,875	-11,1353578567505	603,125	-3,12519836425781	603,125	-3,42995762825012	146,875	-11,7632570266724	
606,25	1,86265110969543	150	1,81235933303833	606,25	1,61122572422028	150	2,26056575775146	150	2,05122995376587	606,25	1,39578819274902	606,25	1,08649826049805	150	1,855548620224	150	1,95781886577606	606,25	1,03156101703644	606,25	0,863168001174927	150	1,88225924968719	150	2,1019082069397	606,25	0,716760993003845	606,25	0,607757866382599	150	2,49838376045227	606,25	-2,46073484420776	150	-10,0892343521118	606,25	-2,60545563697815	150	-10,1009035110474	150	-9,77490234375	606,25	-2,54033517837524	606,25	-2,5640344619751	150	-9,74107551574707	150	-9,74677467346191	606,25	-2,7379903793335	606,25	-2,8712100982666	150	-10,0009937286377	150	-10,1339540481567	606,25	-3,09523463249207	606,25	-3,39494395256042	150	-10,662652015686	
609,375	1,83486521244049	153,125	1,52777242660522	609,375	1,61423397064209	153,125	1,85488343238831	153,125	1,6923154592514	609,375	1,39730286598206	609,375	1,08490133285522	153,125	1,49396336078644	153,125	1,58309710025787	609,375	1,02853786945343	609,375	0,857842028141022	153,125	1,50249791145325	153,125	1,69300973415375	609,375	0,706239223480225	609,375	0,595758855342865	153,125	2,01432752609253	609,375	-2,4247727394104	153,125	-9,92574405670166	609,375	-2,6055064201355	153,125	-9,49613285064697	153,125	-9,1899938583374	609,375	-2,5408787727356	609,375	-2,56467056274414	153,125	-9,13998889923096	153,125	-9,17459964752197	609,375	-2,74001240730286	609,375	-2,87414336204529	153,125	-9,40846252441406	153,125	-9,53192520141602	609,375	-3,09972143173218	609,375	-3,40062260627747	153,125	-10,0251760482788	
612,5	1,84355211257935	156,25	2,09530997276306	612,5	1,61242234706879	156,25	1,96284472942352	156,25	1,78734982013702	612,5	1,39563584327698	612,5	1,08360326290131	156,25	1,57016098499298	156,25	1,67354512214661	612,5	1,02660083770752	612,5	0,85608971118927	156,25	1,59019792079926	156,25	1,79044473171234	612,5	0,701205790042877	612,5	0,59298175573349	156,25	2,13351345062256	612,5	-2,42628002166748	156,25	-9,59075450897217	612,5	-2,5844087600708	156,25	-9,7182731628418	156,25	-9,40621948242188	612,5	-2,52171945571899	612,5	-2,54639625549316	156,25	-9,34749603271484	156,25	-9,38422393798828	612,5	-2,72132062911987	612,5	-2,85496997833252	156,25	-9,62960243225098	156,25	-9,772047996521	612,5	-3,07919383049011	612,5	-3,37905693054199	156,25	-10,3030261993408	
615,625	1,84632503986359	159,375	2,13545346260071	615,625	1,60296010971069	159,375	1,83336687088013	159,375	1,66186738014221	615,625	1,38756203651428	615,625	1,07725465297699	159,375	1,45203137397766	159,375	1,55469143390656	615,625	1,01958167552948	615,625	0,849723398685455	159,375	1,46471548080444	159,375	1,64809417724609	615,625	0,692144989967346	615,625	0,585482954978943	159,375	1,96936225891113	615,625	-2,42564845085144	159,375	-9,66145992279053	615,625	-2,55963444709778	159,375	-9,46123027801514	159,375	-9,16435241699219	615,625	-2,49929189682007	615,625	-2,52305102348328	159,375	-9,10406875610352	159,375	-9,15071678161621	615,625	-2,69698762893677	615,625	-2,82950758934021	159,375	-9,38616180419922	159,375	-9,52906227111816	615,625	-3,04931020736694	615,625	-3,34682011604309	159,375	-10,0537624359131	
618,75	1,84124982357025	162,5	1,50367724895477	618,75	1,60817301273346	162,5	1,77681648731232	162,5	1,60544312000275	618,75	1,39206910133362	618,75	1,08054411411285	162,5	1,38873302936554	162,5	1,49264001846313	618,75	1,022132396698	618,75	0,851615428924561	162,5	1,39191687107086	162,5	1,57681262493134	618,75	0,690902531147003	618,75	0,584365785121918	162,5	1,89906001091003	618,75	-2,39179611206055	162,5	-9,26694965362549	618,75	-2,54901266098022	162,5	-9,50417709350586	162,5	-9,19681644439697	618,75	-2,49029445648193	618,75	-2,51473665237427	162,5	-9,12726879119873	162,5	-9,18416118621826	618,75	-2,68965148925781	618,75	-2,82236981391907	162,5	-9,41461086273193	162,5	-9,57560634613037	618,75	-3,04128623008728	618,75	-3,34041213989258	162,5	-10,1257524490356	
621,875	1,86118650436401	165,625	1,79347205162048	621,875	1,61434507369995	165,625	1,99200057983398	165,625	1,80982792377472	621,875	1,39639019966125	621,875	1,08273100852966	165,625	1,58379137516022	165,625	1,68955492973328	621,875	1,02270817756653	621,875	0,850306451320648	165,625	1,6030547618866	165,625	1,78636837005615	621,875	0,685997843742371	621,875	0,577495694160461	165,625	2,12098264694214	621,875	-2,3708348274231	165,625	-9,14203071594238	621,875	-2,54490542411804	165,625	-9,37133121490479	165,625	-9,0744161605835	621,875	-2,4874062538147	621,875	-2,51226401329041	165,625	-9,00726795196533	165,625	-9,07066345214844	621,875	-2,68864631652832	621,875	-2,82161402702332	165,625	-9,30911064147949	165,625	-9,46008205413818	621,875	-3,0395040512085	621,875	-3,34131932258606	165,625	-10,0044317245483	
625	1,83749234676361	168,75	2,31742763519287	625	1,62056624889374	168,75	1,6430641412735	168,75	1,49435544013977	625	1,40231883525848	625	1,08990001678467	168,75	1,29513609409332	168,75	1,39095747470856	625	1,03076136112213	625	0,859205424785614	168,75	1,29864513874054	168,75	1,45344007015228	625	0,696529030799866	625	0,589772939682007	168,75	1,72288167476654	625	-2,35159206390381	168,75	-9,04990482330322	625	-2,51697254180908	168,75	-8,66091442108154	168,75	-8,39511203765869	625	-2,46287608146667	625	-2,48952889442444	168,75	-8,32778358459473	168,75	-8,39466190338135	625	-2,66557264328003	625	-2,79870128631592	168,75	-8,59571170806885	168,75	-8,73696804046631	625	-3,0137505531311	625	-3,31533312797546	168,75	-9,23020553588867	
628,125	1,84544968605042	171,875	2,10650706291199	628,125	1,60508835315704	171,875	2,0494441986084	171,875	1,86612498760223	628,125	1,38772654533386	628,125	1,07756555080414	171,875	1,64517891407013	171,875	1,75392055511475	628,125	1,01735770702362	628,125	0,846106231212616	171,875	1,65713751316071	171,875	1,84069097042084	628,125	0,682657063007355	628,125	0,574273645877838	171,875	2,17198896408081	628,125	-2,35389184951782	171,875	-8,44850826263428	628,125	-2,4945695400238	171,875	-8,86809349060059	171,875	-8,59767818450928	628,125	-2,44161486625671	628,125	-2,46661686897278	171,875	-8,53773498535156	171,875	-8,60862159729004	628,125	-2,64097881317139	628,125	-2,77176785469055	171,875	-8,82931232452393	171,875	-8,9720516204834	628,125	-2,9818742275238	628,125	-3,28042912483215	171,875	-9,48450183868408	
631,25	1,84155893325806	175	1,9278461933136	631,25	1,61561846733093	175	2,055748462677	175	1,87728750705719	631,25	1,39738368988037	631,25	1,08872222900391	175	1,66306865215302	175	1,76805758476257	631,25	1,02863681316376	631,25	0,859279990196228	175	1,69123220443726	175	1,84948587417603	631,25	0,698130190372467	631,25	0,591220498085022	175	2,16179466247559	631,25	-2,33536219596863	175	-8,69950103759766	631,25	-2,46494221687317	175	-8,42984867095947	175	-8,18299293518066	631,25	-2,41559290885925	631,25	-2,44361114501953	175	-8,12736892700195	175	-8,20320987701416	631,25	-2,61804628372192	631,25	-2,74965572357178	175	-8,40919399261475	175	-8,54452610015869	631,25	-2,95947813987732	631,25	-3,25871515274048	175	-9,01803207397461	
634,375	1,84566855430603	178,125	1,78514456748962	634,375	1,61618614196777	178,125	1,71382689476013	178,125	1,55290102958679	634,375	1,39676702022552	634,375	1,08787250518799	178,125	1,3379487991333	178,125	1,43579077720642	634,375	1,02655792236328	634,375	0,857087671756744	178,125	1,33854949474335	178,125	1,49045062065125	634,375	0,695081889629364	634,375	0,586017251014709	178,125	1,75962126255035	634,375	-2,31916046142578	178,125	-8,31858062744141	634,375	-2,45036888122559	178,125	-8,47095394134521	178,125	-8,20963096618652	634,375	-2,40229630470276	634,375	-2,43105959892273	178,125	-8,13582229614258	178,125	-8,2273645401001	634,375	-2,60602450370789	634,375	-2,73738861083984	178,125	-8,42057800292969	178,125	-8,57985401153564	634,375	-2,94605493545532	634,375	-3,24553632736206	178,125	-9,08802890777588	
637,5	1,84118509292603	181,25	1,85722756385803	637,5	1,61260795593262	181,25	1,78334867954254	181,25	1,61219334602356	637,5	1,39122498035431	637,5	1,08173537254333	181,25	1,38661909103394	181,25	1,48943734169006	637,5	1,01880538463593	637,5	0,848315954208374	181,25	1,39025664329529	181,25	1,54403555393219	637,5	0,68430083990097	637,5	0,571500599384308	181,25	1,8229923248291	637,5	-2,29163765907288	181,25	-8,41224384307861	637,5	-2,44349265098572	181,25	-8,54682731628418	181,25	-8,27858734130859	637,5	-2,39536619186401	637,5	-2,42329430580139	181,25	-8,20340442657471	181,25	-8,30232620239258	637,5	-2,59905433654785	637,5	-2,72928309440613	181,25	-8,49913215637207	181,25	-8,6692419052124	637,5	-2,93674421310425	637,5	-3,23572206497192	181,25	-9,19624900817871	
640,625	1,84937345981598	184,375	1,91662192344666	640,625	1,62817001342773	184,375	1,96548020839691	184,375	1,78337585926056	640,625	1,40295946598053	640,625	1,09109270572662	184,375	1,55088496208191	184,375	1,66119956970215	640,625	1,02738046646118	640,625	0,855418801307678	184,375	1,56515514850616	184,375	1,72704172134399	640,625	0,689437806606293	640,625	0,574799060821533	184,375	2,02413654327393	640,625	-2,28490805625916	184,375	-7,99968576431274	640,625	-2,4394359588623	184,375	-8,36034870147705	184,375	-8,10609436035156	640,625	-2,39288830757141	640,625	-2,42245030403137	184,375	-8,04044437408447	184,375	-8,14005374908447	640,625	-2,60030651092529	640,625	-2,73190069198608	184,375	-8,33211803436279	184,375	-8,49915885925293	640,625	-2,94105672836304	640,625	-3,24244141578674	184,375	-9,00640296936035	
643,75	1,85628914833069	187,5	2,03189921379089	643,75	1,60722410678864	187,5	1,97374641895294	187,5	1,80276453495026	643,75	1,3836590051651	643,75	1,07485044002533	187,5	1,58192765712738	187,5	1,68449866771698	643,75	1,00786304473877	643,75	0,837506532669067	187,5	1,60505032539368	187,5	1,74905824661255	643,75	0,671061396598816	643,75	0,553316831588745	187,5	2,0229480266571	643,75	-2,26340270042419	187,5	-8,09000396728516	643,75	-2,41566133499146	187,5	-7,85714721679688	187,5	-7,63105583190918	643,75	-2,36756157875061	643,75	-2,39424300193787	187,5	-7,57410907745361	187,5	-7,67167329788208	643,75	-2,57013010978699	643,75	-2,69844174385071	187,5	-7,85105895996094	187,5	-7,99679040908813	643,75	-2,90256309509277	643,75	-3,19714665412903	187,5	-8,45881748199463	
646,875	1,85986566543579	190,625	1,98070585727692	646,875	1,61821413040161	190,625	2,08296942710876	190,625	1,90113639831543	646,875	1,39349842071533	646,875	1,08521473407745	190,625	1,66681838035583	190,625	1,77521157264709	646,875	1,01863574981689	646,875	0,849801242351532	190,625	1,67025804519653	190,625	1,84337377548218	646,875	0,684656083583832	646,875	0,567658007144928	190,625	2,13350653648376	646,875	-2,24452352523804	190,625	-7,94327402114868	646,875	-2,39574408531189	190,625	-7,96396064758301	190,625	-7,73255348205566	646,875	-2,34912633895874	646,875	-2,37889051437378	190,625	-7,6759090423584	190,625	-7,78271007537842	646,875	-2,55509352684021	646,875	-2,68442630767822	190,625	-7,96117925643921	190,625	-8,12328720092773	646,875	-2,88957810401917	646,875	-3,18469214439392	190,625	-8,60392761230469	
650	1,84518682956696	193,75	2,00590419769287	650	1,60749590396881	193,75	1,9097146987915	193,75	1,74477887153625	650	1,38129305839539	650	1,0724800825119	193,75	1,52877473831177	193,75	1,62586319446564	650	1,00238752365112	650	0,832255601882935	193,75	1,54187488555908	193,75	1,67490112781525	650	0,663866639137268	650	0,541057646274567	193,75	1,92435204982758	650	-2,2418053150177	193,75	-7,6043758392334	650	-2,39362144470215	193,75	-7,51317310333252	193,75	-7,30332136154175	650	-2,34507989883423	650	-2,37295913696289	193,75	-7,24701690673828	193,75	-7,35146570205688	650	-2,54901552200317	650	-2,67714142799377	193,75	-7,53299713134766	193,75	-7,66283321380615	650	-2,87987494468689	650	-3,17248344421387	193,75	-8,10391330718994	
653,125	1,85880744457245	196,875	1,98625910282135	653,125	1,61924147605896	196,875	1,92523860931396	196,875	1,75241041183472	653,125	1,39258193969727	653,125	1,08416843414307	196,875	1,52105152606964	196,875	1,62323653697968	653,125	1,01376271247864	653,125	0,844564497470856	196,875	1,52320313453674	196,875	1,67035734653473	653,125	0,677497625350952	653,125	0,55590146780014	196,875	1,93047535419464	653,125	-2,21305680274963	196,875	-7,71515560150146	653,125	-2,37290954589844	196,875	-7,70484161376953	196,875	-7,48141670227051	653,125	-2,32638311386108	653,125	-2,35724496841431	196,875	-7,42048740386963	196,875	-7,53686285018921	653,125	-2,53318452835083	653,125	-2,66317272186279	196,875	-7,706711769104	196,875	-7,87319755554199	653,125	-2,86703205108643	653,125	-3,15961670875549	196,875	-8,35162258148193	
656,25	1,85831129550934	200	1,65770268440247	656,25	1,62517583370209	200	1,71784496307373	200	1,55514025688171	656,25	1,39833950996399	656,25	1,09086263179779	200	1,31771492958069	200	1,41522884368896	656,25	1,02029514312744	656,25	0,851633012294769	200	1,30650341510773	200	1,43820476531982	656,25	0,685673117637634	656,25	0,564645648002625	200	1,6714301109314	656,25	-2,22105288505554	200	-7,61175489425659	656,25	-2,35412573814392	200	-7,83164215087891	200	-7,59382677078247	656,25	-2,30897283554077	656,25	-2,34179925918579	200	-7,51850509643555	200	-7,64778184890747	656,25	-2,51681518554688	656,25	-2,64787125587463	200	-7,82295322418213	200	-7,99715709686279	656,25	-2,85153961181641	656,25	-3,14211630821228	200	-8,50972461700439	
659,375	1,83976304531097	203,125	1,90852308273315	659,375	1,61413383483887	203,125	1,61589980125427	203,125	1,45436644554138	659,375	1,38841140270233	659,375	1,08292782306671	203,125	1,20802140235901	203,125	1,30611515045166	659,375	1,01058554649353	659,375	0,843420803546906	203,125	1,17747461795807	203,125	1,31294167041779	659,375	0,676807880401611	659,375	0,554517567157745	203,125	1,53030848503113	659,375	-2,2121787071228	203,125	-7,5196795463562	659,375	-2,33526825904846	203,125	-7,90914011001587	203,125	-7,66202163696289	659,375	-2,28942227363586	659,375	-2,32138824462891	203,125	-7,57867193222046	203,125	-7,71817255020142	659,375	-2,49474287033081	659,375	-2,62408947944641	203,125	-7,89235734939575	203,125	-8,0813684463501	659,375	-2,82557606697083	659,375	-3,1115255355835	203,125	-8,61931610107422	
662,5	1,84019708633423	206,25	1,79523956775665	662,5	1,6183443069458	206,25	1,58136701583862	206,25	1,43213748931885	662,5	1,38996398448944	662,5	1,08133208751678	206,25	1,21398687362671	206,25	1,30264961719513	662,5	1,00651431083679	662,5	0,836972951889038	206,25	1,20651185512543	206,25	1,31310546398163	662,5	0,666612207889557	662,5	0,539297640323639	206,25	1,508868932724	662,5	-2,18870162963867	206,25	-7,64298439025879	662,5	-2,33985495567322	206,25	-7,17387056350708	206,25	-6,96621036529541	662,5	-2,29345297813416	662,5	-2,3257212638855	206,25	-6,89752197265625	206,25	-7,02434158325195	662,5	-2,50039291381836	662,5	-2,63056135177612	206,25	-7,17363357543945	206,25	-7,33790826797485	662,5	-2,83326530456543	662,5	-3,12027621269226	206,25	-7,79284524917603	
665,625	1,84765660762787	209,375	1,75295031070709	665,625	1,61082339286804	209,375	1,71740388870239	209,375	1,55507707595825	665,625	1,38208448886871	665,625	1,07317674160004	209,375	1,32312798500061	209,375	1,41767799854279	665,625	0,996508896350861	665,625	0,827079892158508	209,375	1,31536293029785	209,375	1,43309485912323	665,625	0,654985249042511	665,625	0,52473109960556	209,375	1,64509475231171	665,625	-2,17101311683655	209,375	-6,99178838729858	665,625	-2,32987523078918	209,375	-7,28240823745728	209,375	-7,0693473815918	665,625	-2,28268241882324	665,625	-2,31458234786987	209,375	-7,00171041488647	209,375	-7,13574695587158	665,625	-2,4883725643158	665,625	-2,61804556846619	209,375	-7,29304647445679	209,375	-7,46753883361816	665,625	-2,81928420066834	665,625	-3,10305166244507	209,375	-7,94379472732544	
668,75	1,85659646987915	212,5	2,075279712677	668,75	1,61452507972717	212,5	1,62543904781342	212,5	1,4586169719696	668,75	1,38707804679871	668,75	1,07954180240631	212,5	1,20947265625	212,5	1,30429422855377	668,75	1,00285029411316	668,75	0,835159420967102	212,5	1,17674684524536	212,5	1,3038547039032	668,75	0,663705766201019	668,75	0,534847557544708	212,5	1,50806069374084	668,75	-2,17482471466064	212,5	-7,30669450759888	668,75	-2,30645561218262	212,5	-7,56276416778564	212,5	-7,32770919799805	668,75	-2,26062226295471	668,75	-2,29462552070618	212,5	-7,24471092224121	212,5	-7,39710807800293	668,75	-2,46728587150574	668,75	-2,59784770011902	212,5	-7,56741333007813	212,5	-7,7592339515686	668,75	-2,79843235015869	668,75	-3,07928085327148	212,5	-8,28970050811768	
671,875	1,85464251041412	215,625	1,9100946187973	671,875	1,6282662153244	215,625	1,68905699253082	215,625	1,5315363407135	671,875	1,39937484264374	671,875	1,0910496711731	215,625	1,30466020107269	215,625	1,39252746105194	671,875	1,0139696598053	671,875	0,846133291721344	215,625	1,29429256916046	215,625	1,40045857429504	671,875	0,674129903316498	671,875	0,545033037662506	215,625	1,59697949886322	671,875	-2,14145159721375	215,625	-7,01655054092407	671,875	-2,29527759552002	215,625	-6,92442464828491	215,625	-6,7272515296936	671,875	-2,25095844268799	671,875	-2,28787660598755	215,625	-6,66366863250732	215,625	-6,80003213882446	671,875	-2,46089816093445	671,875	-2,59391975402832	215,625	-6,94753646850586	215,625	-7,12016344070435	671,875	-2,79642486572266	671,875	-3,07842874526978	215,625	-7,57620525360107	
675	1,85753154754639	218,75	2,04604530334473	675	1,62185204029083	218,75	1,73859667778015	218,75	1,56969130039215	675	1,39449799060822	675	1,08868396282196	218,75	1,32338404655457	218,75	1,41726517677307	675	1,01100516319275	675	0,845287442207336	218,75	1,30993902683258	218,75	1,42032587528229	675	0,674057006835938	675	0,545671164989471	218,75	1,627326130867	675	-2,11476135253906	218,75	-6,96133995056152	675	-2,26777338981628	218,75	-7,16500091552734	218,75	-6,95090818405151	675	-2,22484970092773	675	-2,26225447654724	218,75	-6,87978315353394	218,75	-7,03176593780518	675	-2,43327522277832	675	-2,56608557701111	218,75	-7,19053316116333	218,75	-7,37742280960083	675	-2,76717376708984	675	-3,04403758049011	218,75	-7,87577629089355	
678,125	1,84441590309143	221,875	1,78340911865234	678,125	1,61818373203278	221,875	1,6705584526062	221,875	1,51069092750549	678,125	1,39187574386597	678,125	1,08698284626007	221,875	1,27415752410889	221,875	1,36197090148926	678,125	1,00826799869537	678,125	0,842680215835571	221,875	1,25650537014008	221,875	1,36026418209076	678,125	0,671912491321564	678,125	0,543859839439392	221,875	1,54898154735565	678,125	-2,11089634895325	221,875	-6,78015518188477	678,125	-2,25008201599121	221,875	-6,87253379821777	221,875	-6,67134952545166	678,125	-2,20776009559631	678,125	-2,24532842636108	221,875	-6,60484600067139	221,875	-6,75107097625732	678,125	-2,41468620300293	678,125	-2,54722118377686	221,875	-6,9072060585022	221,875	-7,07973432540894	678,125	-2,74703884124756	678,125	-3,01960062980652	221,875	-7,55237340927124	
681,25	1,86154282093048	225	1,87743723392487	681,25	1,61972403526306	225	1,7828962802887	225	1,61569726467133	681,25	1,39248275756836	681,25	1,08648872375488	225	1,37332093715668	225	1,46467888355255	681,25	1,00571823120117	681,25	0,839772820472717	225	1,3590075969696	225	1,47044825553894	681,25	0,666252672672272	681,25	0,535582363605499	225	1,67050552368164	681,25	-2,1102499961853	225	-6,65151500701904	681,25	-2,24701046943665	225	-6,79245090484619	225	-6,59819221496582	681,25	-2,20404100418091	681,25	-2,24221038818359	225	-6,53612279891968	225	-6,68368625640869	681,25	-2,41154837608337	681,25	-2,54499316215515	225	-6,83671808242798	225	-7,01553297042847	681,25	-2,74399876594543	681,25	-3,01621961593628	225	-7,48436260223389	
684,375	1,84977054595947	228,125	1,77637195587158	684,375	1,62077784538269	228,125	1,7760226726532	228,125	1,60915017127991	684,375	1,3930401802063	684,375	1,08616614341736	228,125	1,36688315868378	228,125	1,45666790008545	684,375	1,00480377674103	684,375	0,839009404182434	228,125	1,35730600357056	228,125	1,45896351337433	684,375	0,664183855056763	684,375	0,533178329467773	228,125	1,65413439273834	684,375	-2,1127245426178	228,125	-6,65747928619385	684,375	-2,23758411407471	228,125	-6,67531251907349	228,125	-6,48612117767334	684,375	-2,19532132148743	684,375	-2,23436641693115	228,125	-6,42520332336426	228,125	-6,57373666763306	684,375	-2,40305066108704	684,375	-2,53814792633057	228,125	-6,72636985778809	228,125	-6,90183258056641	684,375	-2,73759365081787	684,375	-3,00819396972656	228,125	-7,36429452896118	
687,5	1,84549510478973	231,25	2,03035497665405	687,5	1,62134110927582	231,25	1,75435519218445	231,25	1,58669233322144	687,5	1,39216220378876	687,5	1,0808984041214	231,25	1,34109997749329	231,25	1,4285751581192	687,5	0,996335744857788	687,5	0,828817665576935	231,25	1,3223819732666	231,25	1,42410612106323	687,5	0,650107502937317	687,5	0,514074325561523	231,25	1,61464238166809	687,5	-2,08919453620911	231,25	-6,5150032043457	687,5	-2,24265694618225	231,25	-6,64624977111816	231,25	-6,45510101318359	687,5	-2,19970870018005	687,5	-2,23804712295532	231,25	-6,39221954345703	231,25	-6,54517984390259	687,5	-2,40742993354797	687,5	-2,54353499412537	231,25	-6,69548225402832	231,25	-6,87843179702759	687,5	-2,74367547035217	687,5	-3,01478123664856	231,25	-7,34770965576172	
690,625	1,85255324840546	234,375	1,78623580932617	690,625	1,59404385089874	234,375	1,77136659622192	234,375	1,60550546646118	690,625	1,36876356601715	690,625	1,06519019603729	234,375	1,36182582378387	234,375	1,4486231803894	690,625	0,980094194412231	690,625	0,814513742923737	234,375	1,34296202659607	234,375	1,44409441947937	690,625	0,63776695728302	690,625	0,503004491329193	234,375	1,62860941886902	690,625	-2,06855726242065	234,375	-6,43976736068726	690,625	-2,20588159561157	234,375	-6,49456167221069	234,375	-6,31204032897949	690,625	-2,16266560554504	690,625	-2,19849920272827	234,375	-6,25315237045288	234,375	-6,40583467483521	690,625	-2,36196208000183	690,625	-2,49515795707703	234,375	-6,55481433868408	234,375	-6,73200607299805	690,625	-2,69015860557556	690,625	-2,94917821884155	234,375	-7,18895387649536	
693,75	1,85116338729858	237,5	1,6170072555542	693,75	1,61643826961517	237,5	1,64936685562134	237,5	1,48329520225525	693,75	1,38737797737122	693,75	1,08047521114349	237,5	1,23040902614594	237,5	1,31487095355988	693,75	0,995249450206757	693,75	0,828152716159821	237,5	1,1960072517395	237,5	1,2905501127243	693,75	0,648617923259735	693,75	0,511569321155548	237,5	1,45873701572418	693,75	-2,06312847137451	237,5	-6,45370244979858	693,75	-2,20748686790466	237,5	-6,61674690246582	237,5	-6,42087316513062	693,75	-2,16678547859192	693,75	-2,20611310005188	237,5	-6,34910488128662	237,5	-6,51441478729248	693,75	-2,37237310409546	693,75	-2,50922250747681	237,5	-6,66020679473877	237,5	-6,85557889938354	693,75	-2,70845890045166	693,75	-2,97179651260376	237,5	-7,34360408782959	
696,875	1,84564292430878	240,625	1,63622212409973	696,875	1,61797404289246	240,625	1,42512094974518	240,625	1,27863967418671	696,875	1,38846755027771	696,875	1,08126676082611	240,625	1,04808020591736	240,625	1,11600732803345	696,875	0,995222091674805	696,875	0,827704310417175	240,625	1,01121091842651	240,625	1,07605803012848	696,875	0,646311461925507	696,875	0,50772899389267	240,625	1,20234906673431	696,875	-2,05440211296082	240,625	-6,26124477386475	696,875	-2,19710302352905	240,625	-6,29672288894653	240,625	-6,11163377761841	696,875	-2,15711784362793	696,875	-2,19706535339355	240,625	-6,03604745864868	240,625	-6,19298267364502	696,875	-2,3625795841217	696,875	-2,50058603286743	240,625	-6,31717681884766	240,625	-6,50838375091553	696,875	-2,6991879940033	696,875	-2,96094608306885	240,625	-6,96245193481445	
700	1,85103678703308	243,75	1,85337352752686	700	1,61404156684875	243,75	1,54821336269379	243,75	1,39212560653687	700	1,3863388299942	700	1,08097493648529	243,75	1,14746522903442	243,75	1,22138333320618	700	0,995881974697113	700	0,829570472240448	243,75	1,10558116436005	243,75	1,18597829341888	700	0,648330092430115	700	0,510864615440369	243,75	1,3282299041748	700	-2,04634690284729	243,75	-6,13593196868896	700	-2,1734631061554	243,75	-6,34535455703735	243,75	-6,15866565704346	700	-2,13386821746826	700	-2,17551946640015	243,75	-6,08648014068604	243,75	-6,24854040145874	700	-2,33924841880798	700	-2,47686886787415	243,75	-6,3825249671936	243,75	-6,57854795455933	700	-2,67477703094482	700	-2,93103122711182	243,75	-7,047532081604	
703,125	1,84727442264557	246,875	1,75230693817139	703,125	1,60866105556488	246,875	1,70242393016815	246,875	1,54097926616669	703,125	1,38058662414551	703,125	1,07515954971313	246,875	1,29562437534332	246,875	1,37440574169159	703,125	0,988839089870453	703,125	0,821949243545532	246,875	1,2670156955719	246,875	1,35302746295929	703,125	0,638428807258606	703,125	0,499101161956787	246,875	1,5125048160553	703,125	-2,0335955619812	246,875	-6,18346452713013	703,125	-2,16627192497253	246,875	-6,16371297836304	246,875	-5,99195957183838	703,125	-2,12620091438293	703,125	-2,16736149787903	246,875	-5,93331336975098	246,875	-6,09000205993652	703,125	-2,32990980148315	703,125	-2,46797132492065	246,875	-6,24093437194824	246,875	-6,41429090499878	703,125	-2,66605234146118	703,125	-2,91685819625854	246,875	-6,86295890808105	
706,25	1,85536813735962	250	1,65001404285431	706,25	1,61863493919373	250	1,71674251556396	250	1,55265414714813	706,25	1,38790559768677	706,25	1,08021783828735	250	1,30592751502991	250	1,38537168502808	706,25	0,992975234985352	706,25	0,825263738632202	250	1,28100883960724	250	1,36128115653992	706,25	0,63819944858551	706,25	0,497687071561813	250	1,5185831785202	706,25	-2,00632476806641	250	-6,03046131134033	706,25	-2,16309905052185	250	-6,10245084762573	250	-5,93243598937988	706,25	-2,12453818321228	706,25	-2,1670355796814	250	-5,87476873397827	250	-6,03368520736694	706,25	-2,33115148544312	706,25	-2,47146105766296	250	-6,17277860641479	250	-6,35833740234375	706,25	-2,67081880569458	706,25	-2,92196726799011	250	-6,80714321136475	
709,375	1,85142803192139	253,125	1,64558565616608	709,375	1,62741684913635	253,125	1,59588861465454	253,125	1,43680238723755	709,375	1,39625465869904	709,375	1,08988654613495	253,125	1,19040834903717	253,125	1,26299440860748	709,375	1,00195801258087	709,375	0,835034310817719	253,125	1,14382660388947	253,125	1,21987879276276	709,375	0,647404551506042	709,375	0,508553385734558	253,125	1,35369253158569	709,375	-2,00341010093689	253,125	-5,96628952026367	709,375	-2,14569425582886	253,125	-6,08718109130859	253,125	-5,913414478302	709,375	-2,10837340354919	709,375	-2,1527886390686	253,125	-5,84922170639038	253,125	-6,01130437850952	709,375	-2,31728911399841	709,375	-2,46030282974243	253,125	-6,14169836044312	253,125	-6,33670234680176	709,375	-2,66089200973511	709,375	-2,90898966789246	253,125	-6,79327535629272	
712,5	1,84443247318268	256,25	1,73037755489349	712,5	1,59845066070557	256,25	1,56504201889038	256,25	1,41000473499298	712,5	1,3706442117691	712,5	1,07015347480774	256,25	1,17051076889038	256,25	1,23811042308807	712,5	0,9818075299263	712,5	0,818530321121216	256,25	1,13128805160522	256,25	1,19616961479187	712,5	0,629499495029449	712,5	0,494852244853973	256,25	1,32314097881317	712,5	-1,99452221393585	256,25	-5,87154722213745	712,5	-2,11540079116821	256,25	-5,90733051300049	256,25	-5,74137926101685	712,5	-2,07745718955994	712,5	-2,12020349502563	256,25	-5,67682504653931	256,25	-5,83811092376709	712,5	-2,27800464630127	712,5	-2,42087054252625	256,25	-5,97033929824829	256,25	-6,15155744552612	712,5	-2,6128523349762	712,5	-2,84801530838013	256,25	-6,59099769592285	
715,625	1,84668231010437	259,375	1,751669049263	715,625	1,6126492023468	259,375	1,70774102210999	259,375	1,54325973987579	715,625	1,38177001476288	715,625	1,07720530033112	259,375	1,29534077644348	259,375	1,36946749687195	715,625	0,986656486988068	715,625	0,820282340049744	259,375	1,25942933559418	259,375	1,33489394187927	715,625	0,625856161117554	715,625	0,488457083702087	259,375	1,47815561294556	715,625	-1,96886599063873	259,375	-5,88960409164429	715,625	-2,12207722663879	259,375	-5,8838267326355	259,375	-5,7219066619873	715,625	-2,08498167991638	715,625	-2,12959909439087	259,375	-5,66634368896484	259,375	-5,82982349395752	715,625	-2,28935050964355	715,625	-2,43543982505798	259,375	-5,96659994125366	259,375	-6,15269947052002	715,625	-2,63113570213318	715,625	-2,86728644371033	259,375	-6,59572553634644	
718,75	1,83553314208984	262,5	1,64267158508301	718,75	1,60786163806915	262,5	1,55940532684326	262,5	1,40319454669952	718,75	1,37641847133636	718,75	1,07131087779999	262,5	1,16087210178375	262,5	1,22801506519318	718,75	0,979861259460449	718,75	0,811453640460968	262,5	1,11357295513153	262,5	1,17674744129181	718,75	0,614035725593567	718,75	0,478122621774673	262,5	1,29457449913025	718,75	-1,96846926212311	262,5	-5,87694072723389	718,75	-2,11731457710266	262,5	-5,80569744110107	262,5	-5,642897605896	718,75	-2,07942509651184	718,75	-2,12416911125183	262,5	-5,57929754257202	262,5	-5,74464988708496	718,75	-2,28247928619385	718,75	-2,43195271492004	262,5	-5,87324190139771	262,5	-6,06216430664063	718,75	-2,62716698646545	718,75	-2,85723233222961	262,5	-6,50276899337769	
721,875	1,84901607036591	265,625	1,69902455806732	721,875	1,61092352867126	265,625	1,45001530647278	265,625	1,30144596099854	721,875	1,38058531284332	721,875	1,07674360275269	265,625	1,06280875205994	265,625	1,12326514720917	721,875	0,986004710197449	721,875	0,81832480430603	265,625	1,00898146629333	265,625	1,05847322940826	721,875	0,618852496147156	721,875	0,488429367542267	265,625	1,15645205974579	721,875	-1,97410774230957	265,625	-5,39797067642212	721,875	-2,09821701049805	265,625	-5,71973562240601	265,625	-5,55669593811035	721,875	-2,06161737442017	721,875	-2,10901498794556	265,625	-5,48894119262695	265,625	-5,65456819534302	721,875	-2,265469789505	721,875	-2,41667318344116	265,625	-5,77646541595459	265,625	-5,96529197692871	721,875	-2,61108136177063	721,875	-2,83661270141602	265,625	-6,40117073059082	
725	1,83834803104401	268,75	1,69655191898346	725	1,60765850543976	268,75	1,55637836456299	268,75	1,39808738231659	725	1,37473940849304	725	1,06981527805328	268,75	1,14966821670532	268,75	1,21364235877991	725	0,977300345897675	725	0,806406617164612	268,75	1,09787535667419	268,75	1,15349686145782	725	0,599407732486725	725	0,469728738069534	268,75	1,26419317722321	725	-1,93511486053467	268,75	-5,47017860412598	725	-2,09654450416565	268,75	-5,73036193847656	268,75	-5,56743669509888	725	-2,05906128883362	725	-2,10541605949402	268,75	-5,50442600250244	268,75	-5,67392539978027	725	-2,2606041431427	725	-2,41331791877747	268,75	-5,80315065383911	268,75	-5,99543142318726	725	-2,6068217754364	725	-2,82806801795959	268,75	-6,44041061401367	
728,125	1,85527408123016	271,875	1,74442577362061	728,125	1,61032462120056	271,875	1,52043163776398	271,875	1,36736452579498	728,125	1,37806367874146	728,125	1,07610082626343	271,875	1,12686097621918	271,875	1,18658185005188	728,125	0,985335111618042	728,125	0,81432831287384	271,875	1,07562410831451	271,875	1,12635695934296	728,125	0,605080246925354	728,125	0,483450949192047	271,875	1,22846961021423	728,125	-1,92953789234161	271,875	-5,54516983032227	728,125	-2,07333016395569	271,875	-5,54993724822998	271,875	-5,39517068862915	728,125	-2,03850388526917	728,125	-2,08687806129456	271,875	-5,33582735061646	271,875	-5,5008020401001	728,125	-2,24055695533752	728,125	-2,39598298072815	271,875	-5,62623500823975	271,875	-5,81037998199463	728,125	-2,58728790283203	728,125	-2,80492043495178	271,875	-6,23579025268555	
731,25	1,8422646522522	275	1,67361831665039	731,25	1,60866510868073	275	1,45890641212463	275	1,30795431137085	731,25	1,37618792057037	731,25	1,07352983951569	275	1,06389558315277	275	1,11975920200348	731,25	0,981500804424286	731,25	0,807019650936127	275	1,00213658809662	275	1,04603433609009	731,25	0,591422259807587	731,25	0,472767621278763	275	1,13410151004791	731,25	-1,93082106113434	275	-5,43743944168091	731,25	-2,07106494903564	275	-5,56607103347778	275	-5,40750932693481	731,25	-2,03545665740967	731,25	-2,08485651016235	275	-5,3424391746521	275	-5,51263904571533	731,25	-2,23876523971558	731,25	-2,39607429504395	275	-5,63559818267822	275	-5,82777786254883	731,25	-2,5852198600769	731,25	-2,80189418792725	275	-6,2620062828064	
734,375	1,84332835674286	278,125	1,76099324226379	734,375	1,60873973369598	278,125	1,4958301782608	278,125	1,3464879989624	734,375	1,3765344619751	734,375	1,07390117645264	278,125	1,10741686820984	278,125	1,16305541992188	734,375	0,981550276279449	734,375	0,80521285533905	278,125	1,05074620246887	278,125	1,09350311756134	734,375	0,584168910980225	734,375	0,472851574420929	278,125	1,18222439289093	734,375	-1,90525841712952	278,125	-5,25963068008423	734,375	-2,05909752845764	278,125	-5,40378093719482	278,125	-5,2550253868103	734,375	-2,02342057228088	734,375	-2,0747709274292	278,125	-5,19600772857666	278,125	-5,36102867126465	734,375	-2,22889113426209	734,375	-2,38718247413635	278,125	-5,48323583602905	278,125	-5,66849184036255	734,375	-2,57273745536804	734,375	-2,79027390480042	278,125	-6,08503198623657	
737,5	1,84175884723663	281,25	1,62079906463623	737,5	1,60648703575134	281,25	1,5105654001236	281,25	1,35827386379242	737,5	1,37402784824371	737,5	1,06977117061615	281,25	1,11606407165527	281,25	1,17075610160828	737,5	0,977190911769867	737,5	0,798518300056458	281,25	1,05586588382721	281,25	1,09784817695618	737,5	0,568453311920166	737,5	0,464299649000168	281,25	1,18603682518005	737,5	-1,89767920970917	281,25	-5,24296140670776	737,5	-2,05722212791443	281,25	-5,40029907226563	281,25	-5,2507381439209	737,5	-2,02051734924316	737,5	-2,07308888435364	281,25	-5,1921558380127	281,25	-5,36011075973511	737,5	-2,22818779945374	737,5	-2,38879227638245	281,25	-5,4843578338623	281,25	-5,67343902587891	737,5	-2,5697238445282	737,5	-2,78949618339539	281,25	-6,09661769866943	
740,625	1,85339391231537	284,375	1,69307672977448	740,625	1,60955309867859	284,375	1,4962100982666	284,375	1,34457612037659	740,625	1,3785148859024	740,625	1,07823324203491	284,375	1,10259580612183	284,375	1,15546655654907	740,625	0,987891137599945	740,625	0,809088528156281	284,375	1,0411890745163	284,375	1,07708203792572	740,625	0,575283586978912	740,625	0,479639708995819	284,375	1,15928328037262	740,625	-1,87955355644226	284,375	-5,25793361663818	740,625	-2,03024506568909	284,375	-5,35425233840942	284,375	-5,2053394317627	740,625	-1,99368917942047	740,625	-2,04862499237061	284,375	-5,1472430229187	284,375	-5,31586027145386	740,625	-2,20220232009888	740,625	-2,36438345909119	284,375	-5,43947696685791	284,375	-5,63167858123779	740,625	-2,53757047653198	740,625	-2,75790739059448	284,375	-6,05454969406128	
743,75	1,85066974163055	287,5	1,55608797073364	743,75	1,60965943336487	287,5	1,40972554683685	287,5	1,27260029315948	743,75	1,37945079803467	743,75	1,08243918418884	287,5	1,03816723823547	287,5	1,07244610786438	743,75	0,991471946239471	743,75	0,812431871891022	287,5	0,945491790771484	287,5	0,950931549072266	743,75	0,576599538326263	743,75	0,48561304807663	287,5	0,981849491596222	743,75	-1,8741626739502	287,5	-5,1284384727478	743,75	-2,00937104225159	287,5	-5,46082496643066	287,5	-5,30021142959595	743,75	-1,97386372089386	743,75	-2,03007888793945	287,5	-5,24147129058838	287,5	-5,42516088485718	743,75	-2,18276047706604	743,75	-2,34458613395691	287,5	-5,56732749938965	287,5	-5,77008247375488	743,75	-2,50755190849304	743,75	-2,72973084449768	287,5	-6,21747207641602	
746,875	1,85548841953278	290,625	1,60111653804779	746,875	1,58939206600189	290,625	1,35924828052521	290,625	1,22227621078491	746,875	1,35960209369659	746,875	1,05887138843536	290,625	1,00185513496399	290,625	1,04559850692749	746,875	0,965565502643585	746,875	0,78282630443573	290,625	0,943122625350952	290,625	0,964263021945953	746,875	0,540782153606415	746,875	0,449192941188812	290,625	1,01157581806183	746,875	-1,85624027252197	290,625	-5,1376895904541	746,875	-2,0075991153717	290,625	-5,07319307327271	290,625	-4,92841291427612	746,875	-1,96930360794067	746,875	-2,02362298965454	290,625	-4,86188268661499	290,625	-5,02865171432495	746,875	-2,17403769493103	746,875	-2,33841109275818	290,625	-5,14350938796997	290,625	-5,33440065383911	746,875	-2,48639059066772	746,875	-2,71284770965576	290,625	-5,73950672149658	
750	1,84996354579926	293,75	1,58921527862549	750	1,58983278274536	293,75	1,34978187084198	293,75	1,20603334903717	750	1,35959315299988	750	1,0584135055542	293,75	0,973425269126892	293,75	1,02130651473999	750	0,964822292327881	750	0,778504252433777	293,75	0,910618782043457	293,75	0,938572406768799	750	0,537704229354858	750	0,447568863630295	293,75	0,990042507648468	750	-1,8245964050293	293,75	-4,96855449676514	750	-1,99680888652802	293,75	-5,10285902023315	293,75	-4,95389127731323	750	-1,95911574363708	750	-2,01650238037109	293,75	-4,88419818878174	293,75	-5,05112504959106	750	-2,16611814498901	750	-2,33467507362366	293,75	-5,16866445541382	293,75	-5,35868215560913	750	-2,4733030796051	750	-2,70771479606628	293,75	-5,77831554412842	
753,125	1,83717131614685	296,875	1,67031037807465	753,125	1,59858167171478	296,875	1,38980197906494	296,875	1,24241757392883	753,125	1,36786961555481	753,125	1,0660719871521	296,875	1,00548672676086	296,875	1,05446135997772	753,125	0,971549272537231	753,125	0,784210085868835	296,875	0,940793812274933	296,875	0,971221506595612	753,125	0,545350968837738	753,125	0,45516300201416	296,875	1,03898704051971	753,125	-1,8309428691864	296,875	-4,88973522186279	753,125	-1,98768222332001	296,875	-5,02653026580811	296,875	-4,88498258590698	753,125	-1,95212614536285	753,125	-2,01436710357666	296,875	-4,82280445098877	296,875	-4,9847469329834	753,125	-2,16363668441772	753,125	-2,33781218528748	296,875	-5,09895658493042	296,875	-5,2812967300415	753,125	-2,46679091453552	753,125	-2,70770502090454	296,875	-5,68765306472778	
756,25	1,8317506313324	300	1,56944537162781	756,25	1,60330712795258	300	1,40634536743164	300	1,25321185588837	756,25	1,37244784832001	756,25	1,07280433177948	300	1,01075065135956	300	1,06454503536224	756,25	0,977837145328522	756,25	0,788324177265167	300	0,955789089202881	300	0,993186891078949	756,25	0,549404144287109	756,25	0,460673332214355	300	1,10009896755219	756,25	-1,82792353630066	300	-4,86801338195801	756,25	-1,97711765766144	300	-4,95321416854858	300	-4,814528465271	756,25	-1,94254672527313	756,25	-2,00704479217529	300	-4,75116634368896	300	-4,9084210395813	756,25	-2,15702342987061	756,25	-2,33553838729858	300	-5,01487731933594	300	-5,18766641616821	756,25	-2,45200061798096	756,25	-2,69679069519043	300	-5,57935857772827	
759,375	1,83808887004852	303,125	1,72396302223206	759,375	1,61244595050812	303,125	1,36044228076935	303,125	1,2183690071106	759,375	1,38151133060455	759,375	1,08006227016449	303,125	0,986636281013489	303,125	1,03139162063599	759,375	0,985715389251709	759,375	0,789674460887909	303,125	0,920725464820862	303,125	0,944287240505219	759,375	0,561450958251953	759,375	0,473285406827927	303,125	1,00262069702148	759,375	-1,83251965045929	303,125	-4,61651372909546	759,375	-1,96357715129852	303,125	-4,82945585250854	303,125	-4,69710731506348	759,375	-1,93318843841553	759,375	-2,00265383720398	303,125	-4,64001321792603	303,125	-4,79442501068115	759,375	-2,15173935890198	759,375	-2,33882355690002	303,125	-4,90580368041992	303,125	-5,07690477371216	759,375	-2,44536375999451	759,375	-2,69873309135437	303,125	-5,45267200469971	
762,5	1,84366130828857	306,25	1,61374497413635	762,5	1,61196959018707	306,25	1,39449262619019	306,25	1,25357711315155	762,5	1,37976312637329	762,5	1,07554829120636	306,25	1,02166569232941	306,25	1,06908941268921	762,5	0,978949546813965	762,5	0,776424884796143	306,25	0,954667508602142	306,25	0,981499075889587	762,5	0,549564301967621	762,5	0,455663025379181	306,25	1,03848767280579	762,5	-1,80958902835846	306,25	-4,49535322189331	762,5	-1,96733021736145	306,25	-4,74434995651245	306,25	-4,61596393585205	762,5	-1,93599009513855	762,5	-2,00540685653687	306,25	-4,56266593933105	306,25	-4,71541833877563	762,5	-2,15407919883728	762,5	-2,34614205360413	306,25	-4,82967948913574	306,25	-5,0002179145813	762,5	-2,44243741035461	762,5	-2,69836139678955	306,25	-5,37310791015625	
765,625	1,85336101055145	309,375	1,54777371883392	765,625	1,61280822753906	309,375	1,44651174545288	309,375	1,30371510982513	765,625	1,38097059726715	765,625	1,07876372337341	309,375	1,07020115852356	309,375	1,12598085403442	765,625	0,982478499412537	765,625	0,774896740913391	309,375	1,00770378112793	309,375	1,04120397567749	765,625	0,558341205120087	765,625	0,463280856609344	309,375	1,1034369468689	765,625	-1,79583787918091	309,375	-4,47298812866211	765,625	-1,94851183891296	309,375	-4,67554044723511	309,375	-4,5524525642395	765,625	-1,91835486888885	765,625	-1,99003553390503	309,375	-4,50613117218018	309,375	-4,65697145462036	765,625	-2,13889741897583	765,625	-2,3336341381073	309,375	-4,77534008026123	309,375	-4,94523668289185	765,625	-2,42213654518127	765,625	-2,67861986160278	309,375	-5,31407880783081	
768,75	1,84584641456604	312,5	1,6417521238327	768,75	1,59190011024475	312,5	1,47328400611877	312,5	1,33287596702576	768,75	1,36327838897705	768,75	1,06177389621735	312,5	1,10748255252838	312,5	1,1721727848053	768,75	0,964595317840576	768,75	0,745067536830902	312,5	1,04812586307526	312,5	1,0905886888504	768,75	0,546494960784912	768,75	0,445114344358444	312,5	1,15141117572784	768,75	-1,79619657993317	312,5	-4,49864721298218	768,75	-1,92939031124115	312,5	-4,50036334991455	312,5	-4,3889217376709	768,75	-1,89913129806519	768,75	-1,96933817863464	312,5	-4,34903955459595	312,5	-4,49856328964233	768,75	-2,11625599861145	768,75	-2,31071496009827	312,5	-4,60288190841675	312,5	-4,77506256103516	768,75	-2,38747191429138	768,75	-2,64173889160156	312,5	-5,1170220375061	
771,875	1,83837819099426	315,625	1,68326187133789	771,875	1,59377992153168	315,625	1,7107572555542	315,625	1,55746042728424	771,875	1,36800599098206	771,875	1,06968986988068	315,625	1,32129883766174	315,625	1,39627552032471	771,875	0,970953166484833	771,875	0,745533287525177	315,625	1,27647304534912	315,625	1,33117997646332	771,875	0,558757126331329	771,875	0,454547107219696	315,625	1,4282134771347	771,875	-1,78629195690155	315,625	-4,31028079986572	771,875	-1,90860605239868	315,625	-4,48892545700073	315,625	-4,39029598236084	771,875	-1,87784838676453	771,875	-1,94898068904877	315,625	-4,36682367324829	315,625	-4,52613925933838	771,875	-2,09464454650879	771,875	-2,28994297981262	315,625	-4,63943290710449	315,625	-4,81768846511841	771,875	-2,36297965049744	771,875	-2,61647343635559	315,625	-5,16772079467773	
775	1,84924745559692	318,75	1,71518754959106	775	1,60109174251556	318,75	1,69927835464478	318,75	1,54664039611816	775	1,37235844135284	775	1,0699497461319	318,75	1,30922675132751	318,75	1,37774503231049	775	0,96969211101532	775	0,729452669620514	318,75	1,26303565502167	318,75	1,30659508705139	775	0,553570032119751	775	0,444617450237274	318,75	1,40609836578369	775	-1,77140581607819	318,75	-4,305091381073	775	-1,91318047046661	318,75	-4,43420839309692	318,75	-4,34049367904663	775	-1,88377022743225	775	-1,95590555667877	318,75	-4,31458473205566	318,75	-4,48535442352295	775	-2,10324764251709	775	-2,29977035522461	318,75	-4,58110857009888	318,75	-4,76771020889282	775	-2,36905193328857	775	-2,6241409778595	318,75	-5,12015295028687	
778,125	1,86123287677765	321,875	1,91585779190063	778,125	1,60675358772278	321,875	1,73226058483124	321,875	1,56520736217499	778,125	1,3765321969986	778,125	1,07481467723846	321,875	1,31460583209991	321,875	1,37751877307892	778,125	0,976422607898712	778,125	0,716391205787659	321,875	1,26360261440277	321,875	1,30062067508698	778,125	0,560756981372833	778,125	0,451697409152985	321,875	1,38984894752502	778,125	-1,75743961334229	321,875	-4,379234790802	778,125	-1,90082204341888	321,875	-4,5751805305481	321,875	-4,4750452041626	778,125	-1,87535762786865	778,125	-1,95294880867004	321,875	-4,44179916381836	321,875	-4,63485860824585	778,125	-2,09864473342896	778,125	-2,29442453384399	321,875	-4,72660827636719	321,875	-4,9312047958374	778,125	-2,36097812652588	778,125	-2,61848568916321	321,875	-5,32320642471313	
781,25	1,85929715633392	325	1,9514571428299	781,25	1,59815537929535	325	1,77167141437531	325	1,59557092189789	781,25	1,36996388435364	781,25	1,06988883018494	325	1,34167063236237	325	1,39089477062225	781,25	0,968614161014557	781,25	0,695737302303314	325	1,29020631313324	325	1,31789362430573	781,25	0,556646168231964	781,25	0,445568114519119	325	1,40288066864014	781,25	-1,76003801822662	325	-4,46688938140869	781,25	-1,88745725154877	325	-4,63387489318848	325	-4,52889347076416	781,25	-1,85996890068054	781,25	-1,93930327892303	325	-4,49806308746338	325	-4,6943736076355	781,25	-2,08391094207764	781,25	-2,27336692810059	325	-4,79426050186157	325	-5,00780200958252	781,25	-2,33993053436279	781,25	-2,59538197517395	325	-5,40447044372559	
784,375	1,83582234382629	328,125	2,01215434074402	784,375	1,59703540802002	328,125	1,83897686004639	328,125	1,65934073925018	784,375	1,36988651752472	784,375	1,07184433937073	328,125	1,39774203300476	328,125	1,45098519325256	784,375	0,969627320766449	784,375	0,686030924320221	328,125	1,34979140758514	328,125	1,37965655326843	784,375	0,563192248344421	784,375	0,450674057006836	328,125	1,47973453998566	784,375	-1,73934650421143	328,125	-4,41489315032959	784,375	-1,86880779266357	328,125	-4,61922788619995	328,125	-4,51403856277466	784,375	-1,8421413898468	784,375	-1,92349851131439	328,125	-4,49325895309448	328,125	-4,67876386642456	784,375	-2,06741428375244	784,375	-2,24836301803589	328,125	-4,79764652252197	328,125	-5,00574445724487	784,375	-2,31923818588257	784,375	-2,572261095047	328,125	-5,40370988845825	
787,5	1,83058893680573	331,25	1,81304454803467	787,5	1,5905909538269	331,25	1,60391736030579	331,25	1,43682503700256	787,5	1,36459338665009	787,5	1,06920313835144	331,25	1,17896795272827	331,25	1,21854841709137	787,5	0,964397966861725	787,5	0,668694913387299	331,25	1,10606324672699	331,25	1,11847531795502	787,5	0,559828639030457	787,5	0,444135516881943	331,25	1,1842497587204	787,5	-1,72371697425842	331,25	-4,43531322479248	787,5	-1,85358774662018	331,25	-4,61221218109131	331,25	-4,49559259414673	787,5	-1,82802665233612	787,5	-1,90842318534851	331,25	-4,45786380767822	331,25	-4,63575601577759	787,5	-2,05063891410828	787,5	-2,21829605102539	331,25	-4,75147867202759	331,25	-4,95564270019531	787,5	-2,29571032524109	787,5	-2,54553031921387	331,25	-5,3493480682373	
790,625	1,85352945327759	334,375	1,73620975017548	790,625	1,58897542953491	334,375	1,57825291156769	334,375	1,4118629693985	790,625	1,3614000082016	790,625	1,06798577308655	334,375	1,15276372432709	334,375	1,18899953365326	790,625	0,960704803466797	790,625	0,653314888477325	334,375	1,07511782646179	334,375	1,08044445514679	790,625	0,557925879955292	790,625	0,439995497465134	334,375	1,13596665859222	790,625	-1,71386241912842	334,375	-4,52431583404541	790,625	-1,84877896308899	334,375	-4,59700632095337	334,375	-4,47791051864624	790,625	-1,82225227355957	790,625	-1,90754115581512	334,375	-4,43639230728149	334,375	-4,61556339263916	790,625	-2,04653334617615	790,625	-2,19954061508179	334,375	-4,73580312728882	334,375	-4,93757772445679	790,625	-2,29008841514587	790,625	-2,54035639762878	334,375	-5,33879899978638	
793,75	1,84107279777527	337,5	1,71126759052277	793,75	1,59714114665985	337,5	1,63304078578949	337,5	1,462042927742	793,75	1,36799120903015	793,75	1,07054269313812	337,5	1,197909116745	337,5	1,23754286766052	793,75	0,963085830211639	793,75	0,654263317584991	337,5	1,12195181846619	337,5	1,12980675697327	793,75	0,561284363269806	793,75	0,440820306539536	337,5	1,18900203704834	793,75	-1,70089614391327	337,5	-4,46956539154053	793,75	-1,84295880794525	337,5	-4,57989835739136	337,5	-4,46421575546265	793,75	-1,8178471326828	793,75	-1,90786147117615	337,5	-4,42615413665771	337,5	-4,60794448852539	793,75	-2,04631161689758	793,75	-2,18408966064453	337,5	-4,73055982589722	337,5	-4,93638229370117	793,75	-2,29253125190735	793,75	-2,54529190063477	337,5	-5,34300422668457	
796,875	1,83343112468719	340,625	1,6720929145813	796,875	1,6004353761673	340,625	1,5536847114563	340,625	1,3862429857254	796,875	1,36913669109344	796,875	1,06846368312836	340,625	1,12240445613861	340,625	1,15876245498657	796,875	0,959820568561554	796,875	0,642726898193359	340,625	1,03578329086304	340,625	1,03931188583374	796,875	0,55417799949646	796,875	0,429401457309723	340,625	1,08296537399292	796,875	-1,70151102542877	340,625	-4,32670545578003	796,875	-1,84328997135162	340,625	-4,55736923217773	340,625	-4,4375319480896	796,875	-1,81785702705383	796,875	-1,91305804252625	340,625	-4,3932580947876	340,625	-4,57504606246948	796,875	-2,04821586608887	796,875	-2,16772317886353	340,625	-4,69373226165771	340,625	-4,89992904663086	796,875	-2,29471015930176	796,875	-2,54731059074402	340,625	-5,30732774734497	
800	1,8502242565155	343,75	1,69168925285339	800	1,60009789466858	343,75	1,51924324035645	343,75	1,35599386692047	800	1,36812317371368	800	1,0688943862915	343,75	1,09997916221619	343,75	1,13602352142334	800	0,95896190404892	800	0,644403874874115	343,75	1,01388108730316	343,75	1,0175222158432	800	0,556171715259552	800	0,425965309143066	343,75	1,0602593421936	800	-1,67018163204193	343,75	-4,33018445968628	800	-1,82734739780426	343,75	-4,43128490447998	343,75	-4,31484985351563	800	-1,80291390419006	800	-1,90039396286011	343,75	-4,27363348007202	343,75	-4,44916582107544	800	-2,03268671035767	800	-2,13784551620483	343,75	-4,56470155715942	343,75	-4,7609601020813	800	-2,27573490142822	800	-2,5265429019928	343,75	-5,15107440948486	
803,125	1,83879423141479	346,875	1,62943291664124	803,125	1,6016811132431	346,875	1,50372791290283	346,875	1,33940303325653	803,125	1,36881470680237	803,125	1,06490206718445	346,875	1,0812873840332	346,875	1,11398553848267	803,125	0,951327264308929	803,125	0,640833616256714	346,875	0,989781498908997	346,875	0,988802194595337	803,125	0,544810652732849	803,125	0,414094418287277	346,875	1,02490139007568	803,125	-1,65546441078186	346,875	-4,2485089302063	803,125	-1,82847809791565	346,875	-4,42535591125488	346,875	-4,31055307388306	803,125	-1,80415439605713	803,125	-1,90656292438507	346,875	-4,26849222183228	346,875	-4,44609642028809	803,125	-2,04043984413147	803,125	-2,12821292877197	346,875	-4,5547046661377	346,875	-4,75527000427246	803,125	-2,28255867958069	803,125	-2,53722047805786	346,875	-5,14326047897339	
806,25	1,84006476402283	350	1,69531083106995	806,25	1,59275555610657	350	1,53557991981506	350	1,36914789676666	806,25	1,36430168151855	806,25	1,0653487443924	350	1,10732924938202	350	1,1417475938797	806,25	0,953716039657593	806,25	0,644624292850494	350	1,01571846008301	350	1,01505994796753	806,25	0,554146528244019	806,25	0,425233453512192	350	1,05059742927551	806,25	-1,66726088523865	350	-4,23328018188477	806,25	-1,81108140945435	350	-4,39983224868774	350	-4,28632307052612	806,25	-1,78563690185547	806,25	-1,89071261882782	350	-4,24599266052246	350	-4,42758798599243	806,25	-2,02088069915771	806,25	-2,09513711929321	350	-4,53797197341919	350	-4,74147319793701	806,25	-2,25688624382019	806,25	-2,50602650642395	350	-5,1353816986084	
809,375	1,84522259235382	353,125	1,69606626033783	809,375	1,57659375667572	353,125	1,51218485832214	353,125	1,34704768657684	809,375	1,35073339939117	809,375	1,05481684207916	353,125	1,08552289009094	353,125	1,11541163921356	809,375	0,945816278457642	809,375	0,652284502983093	353,125	0,987590610980988	353,125	0,981282711029053	809,375	0,55276620388031	809,375	0,4234299659729	353,125	1,00550675392151	809,375	-1,65290784835815	353,125	-4,1609525680542	809,375	-1,78497684001923	353,125	-4,39250516891479	353,125	-4,27720499038696	809,375	-1,75782370567322	809,375	-1,86395716667175	353,125	-4,23574161529541	353,125	-4,41905689239502	809,375	-1,98556447029114	809,375	-2,04296970367432	353,125	-4,53112554550171	353,125	-4,73214292526245	809,375	-2,21104526519775	809,375	-2,44952654838562	353,125	-5,12318849563599	
812,5	1,85164201259613	356,25	1,60269999504089	812,5	1,60012936592102	356,25	1,40961599349976	356,25	1,24918031692505	812,5	1,36999189853668	812,5	1,06900870800018	356,25	0,990414083003998	356,25	1,01316285133362	812,5	0,959044277667999	812,5	0,66196221113205	356,25	0,883975207805634	356,25	0,869039475917816	812,5	0,558383107185364	812,5	0,428381353616714	356,25	0,879602551460266	812,5	-1,63554286956787	356,25	-4,15517044067383	812,5	-1,79102671146393	356,25	-4,34507417678833	356,25	-4,22732734680176	812,5	-1,76792931556702	812,5	-1,88391804695129	356,25	-4,17740726470947	356,25	-4,35968160629272	812,5	-2,00735974311829	812,5	-2,06166219711304	356,25	-4,46511030197144	356,25	-4,66535091400146	812,5	-2,23890948295593	812,5	-2,48256325721741	356,25	-5,05160522460938	
815,625	1,84538614749908	359,375	1,63523876667023	815,625	1,60665285587311	359,375	1,36195504665375	359,375	1,20906925201416	815,625	1,37432026863098	815,625	1,07231271266937	359,375	0,957965195178986	359,375	0,977931082248688	815,625	0,95963191986084	815,625	0,668870389461517	359,375	0,849505066871643	359,375	0,832681655883789	815,625	0,557646572589874	815,625	0,426880478858948	359,375	0,839459002017975	815,625	-1,63109290599823	359,375	-4,18436241149902	815,625	-1,78915953636169	359,375	-4,2201247215271	359,375	-4,10313701629639	815,625	-1,76552760601044	815,625	-1,88958144187927	359,375	-4,05243444442749	359,375	-4,23003005981445	815,625	-2,01416254043579	815,625	-2,06241393089294	359,375	-4,33115196228027	359,375	-4,52633905410767	815,625	-2,24727177619934	815,625	-2,49481821060181	359,375	-4,90194940567017	
818,75	1,85001873970032	362,5	1,56169605255127	818,75	1,59288501739502	362,5	1,40336644649506	362,5	1,2476589679718	818,75	1,3652765750885	818,75	1,06660342216492	362,5	0,993626654148102	362,5	1,01574409008026	818,75	0,954719483852386	818,75	0,677150011062622	362,5	0,88810122013092	362,5	0,873225629329681	818,75	0,56060403585434	818,75	0,429104894399643	362,5	0,886403322219849	818,75	-1,61945807933807	362,5	-4,10300874710083	818,75	-1,76281630992889	362,5	-4,1861891746521	362,5	-4,07068347930908	818,75	-1,73952281475067	818,75	-1,86767160892487	362,5	-4,02334976196289	362,5	-4,20179986953735	818,75	-1,98521685600281	818,75	-2,02643036842346	362,5	-4,30918264389038	362,5	-4,50304698944092	818,75	-2,20901322364807	818,75	-2,44860148429871	362,5	-4,8846287727356	
821,875	1,8564258813858	365,625	1,54890251159668	821,875	1,60384380817413	365,625	1,48863565921783	365,625	1,32952964305878	821,875	1,37563288211823	821,875	1,07138276100159	365,625	1,07359480857849	365,625	1,10069143772125	821,875	0,961781084537506	821,875	0,688396692276001	365,625	0,980044424533844	365,625	0,967436730861664	821,875	0,566317200660706	821,875	0,433629095554352	365,625	0,991348147392273	821,875	-1,63414907455444	365,625	-4,0024094581604	821,875	-1,75367712974548	365,625	-4,12544059753418	365,625	-4,01990032196045	821,875	-1,73331987857819	821,875	-1,87038457393646	365,625	-3,98521375656128	365,625	-4,15972471237183	821,875	-1,98676228523254	821,875	-2,02213525772095	365,625	-4,26591777801514	365,625	-4,4590106010437	821,875	-2,20921158790588	821,875	-2,44969773292542	365,625	-4,82486200332642	
825	1,8671932220459	368,75	1,56320488452911	825	1,62613368034363	368,75	1,40025746822357	368,75	1,24053680896759	825	1,39142310619354	825	1,07726323604584	368,75	0,979571282863617	368,75	0,998795568943024	825	0,967022359371185	825	0,693166553974152	368,75	0,866644442081451	368,75	0,847111999988556	825	0,562659740447998	825	0,425985872745514	368,75	0,853437006473541	825	-1,60930454730988	368,75	-4,08251523971558	825	-1,76423501968384	368,75	-4,15961503982544	368,75	-4,04540061950684	825	-1,74675559997559	825	-1,89200508594513	368,75	-3,99780082702637	368,75	-4,17956972122192	825	-2,01009058952332	825	-2,0418438911438	368,75	-4,28496408462524	368,75	-4,48231601715088	825	-2,23589968681335	825	-2,48211574554443	368,75	-4,8652663230896	
828,125	1,85188961029053	371,875	1,54887247085571	828,125	1,61769127845764	371,875	1,26158547401428	371,875	1,10846555233002	828,125	1,38462674617767	828,125	1,07082092761993	371,875	0,847198128700256	371,875	0,854421615600586	828,125	0,958732128143311	828,125	0,694367945194244	371,875	0,710525393486023	371,875	0,679361283779144	828,125	0,5590500831604	828,125	0,423472613096237	371,875	0,656259953975677	828,125	-1,61860024929047	371,875	-3,95593976974487	828,125	-1,74890553951263	371,875	-4,18949794769287	371,875	-4,06457614898682	828,125	-1,733931183815	828,125	-1,88506209850311	371,875	-4,00123643875122	371,875	-4,18522691726685	828,125	-2,00019335746765	828,125	-2,02265048027039	371,875	-4,27866792678833	371,875	-4,48289918899536	828,125	-2,21936798095703	828,125	-2,46381402015686	371,875	-4,87006855010986	
831,25	1,84505021572113	375	1,61534917354584	831,25	1,63980650901794	375	1,51856029033661	375	1,36985290050507	831,25	1,41196155548096	831,25	1,0989203453064	375	1,12243807315826	375	1,14487552642822	831,25	0,997711598873138	831,25	0,742555260658264	375	1,02026402950287	375	1,01001358032227	831,25	0,613924026489258	831,25	0,493323177099228	375	1,0166848897934	831,25	-1,59923267364502	375	-3,91204357147217	831,25	-1,70506358146667	375	-3,93524384498596	375	-3,83963513374329	831,25	-1,69581568241119	831,25	-1,86331212520599	375	-3,80846238136292	375	-3,97832179069519	831,25	-1,9809193611145	831,25	-2,00990462303162	375	-4,07700061798096	375	-4,26988792419434	831,25	-2,21150350570679	831,25	-2,4617133140564	375	-4,62611532211304	
834,375	1,85888779163361	378,125	1,54176664352417	834,375	1,59957313537598	378,125	1,43497002124786	378,125	1,2844330072403	834,375	1,3745322227478	834,375	1,06534111499786	378,125	1,03897416591644	378,125	1,05609035491943	834,375	0,958487451076508	834,375	0,713441491127014	378,125	0,936837196350098	378,125	0,912015914916992	834,375	0,581516265869141	834,375	0,455817192792892	378,125	0,914469122886658	834,375	-1,57634842395782	378,125	-3,90189003944397	834,375	-1,70336878299713	378,125	-3,91936802864075	378,125	-3,82302236557007	834,375	-1,68551576137543	834,375	-1,85422933101654	378,125	-3,78521823883057	378,125	-3,9542818069458	834,375	-1,95866668224335	834,375	-1,97109150886536	378,125	-4,05270338058472	378,125	-4,2405948638916	834,375	-2,16037917137146	834,375	-2,39724612236023	378,125	-4,58663177490234	
837,5	1,85821664333344	381,25	1,57369470596313	837,5	1,59519529342651	381,25	1,40888822078705	381,25	1,24540281295776	837,5	1,36776185035706	837,5	1,04985857009888	381,25	0,978312969207764	381,25	0,99463564157486	837,5	0,938167035579681	837,5	0,697657942771912	381,25	0,863230764865875	381,25	0,833806574344635	837,5	0,55827009677887	837,5	0,424436300992966	381,25	0,833712518215179	837,5	-1,57019138336182	381,25	-3,90490746498108	837,5	-1,70693492889404	381,25	-4,06358957290649	381,25	-3,95654296875	837,5	-1,69066333770752	837,5	-1,86721515655518	381,25	-3,90975165367126	381,25	-4,0936017036438	837,5	-1,9649670124054	837,5	-1,96660935878754	381,25	-4,19524765014648	381,25	-4,3993821144104	837,5	-2,15838932991028	837,5	-2,39197754859924	381,25	-4,77336931228638	
840,625	1,86863195896149	384,375	1,59138560295105	840,625	1,59706079959869	384,375	1,48800575733185	384,375	1,33309948444366	840,625	1,36917185783386	840,625	1,03797709941864	384,375	1,08058309555054	384,375	1,09944224357605	840,625	0,928950786590576	840,625	0,697287082672119	384,375	0,981291770935059	384,375	0,958668053150177	840,625	0,551564395427704	840,625	0,41579082608223	384,375	0,965537846088409	840,625	-1,57593774795532	384,375	-3,83396911621094	840,625	-1,70109021663666	384,375	-3,87159466743469	384,375	-3,77758288383484	840,625	-1,6854875087738	840,625	-1,87124061584473	384,375	-3,74954676628113	384,375	-3,92283844947815	840,625	-1,9648745059967	840,625	-1,95969069004059	384,375	-4,02405738830566	384,375	-4,21782970428467	840,625	-2,14944314956665	840,625	-2,38087034225464	384,375	-4,57047557830811	
843,75	1,85815250873566	387,5	1,6065536737442	843,75	1,59225249290466	387,5	1,36945021152496	387,5	1,22337794303894	843,75	1,3675422668457	843,75	1,02752423286438	387,5	0,983140170574188	387,5	0,993596792221069	843,75	0,922352850437164	843,75	0,702523767948151	387,5	0,871198058128357	387,5	0,845295310020447	843,75	0,557574808597565	843,75	0,424971401691437	387,5	0,837017059326172	843,75	-1,57488572597504	387,5	-3,72502064704895	843,75	-1,68649053573608	387,5	-3,77680039405823	387,5	-3,67847084999084	843,75	-1,66997301578522	843,75	-1,86513483524323	387,5	-3,63995862007141	387,5	-3,80586194992065	843,75	-1,95354664325714	843,75	-1,94454991817474	387,5	-3,90363359451294	387,5	-4,08519649505615	843,75	-2,1303391456604	843,75	-2,35991549491882	387,5	-4,42843198776245	
846,875	1,85755479335785	390,625	1,63456761837006	846,875	1,59063875675201	390,625	1,29913544654846	390,625	1,15681672096252	846,875	1,3646833896637	846,875	1,01476883888245	390,625	0,916935086250305	390,625	0,921380639076233	846,875	0,908070921897888	846,875	0,69422447681427	390,625	0,795535564422607	390,625	0,762346982955933	846,875	0,54287177324295	846,875	0,406353175640106	390,625	0,738486707210541	846,875	-1,55063211917877	390,625	-3,70236444473267	846,875	-1,69099044799805	390,625	-3,76363134384155	390,625	-3,65916705131531	846,875	-1,67268061637878	846,875	-1,87525498867035	390,625	-3,61210012435913	390,625	-3,77983331680298	846,875	-1,96007907390594	846,875	-1,94385409355164	390,625	-3,86945104598999	390,625	-4,05322504043579	846,875	-2,12960338592529	846,875	-2,3559205532074	390,625	-4,39938974380493	
850	1,85947871208191	393,75	1,56853294372559	850	1,58855271339417	393,75	1,36452794075012	393,75	1,20284307003021	850	1,36087965965271	850	0,990094602108002	393,75	0,941904842853546	393,75	0,947883129119873	850	0,88493824005127	850	0,686286628246307	393,75	0,814369857311249	393,75	0,778463542461395	850	0,528259515762329	850	0,389625459909439	393,75	0,761165320873261	850	-1,55578994750977	393,75	-3,66254639625549	850	-1,69002306461334	393,75	-3,91735863685608	393,75	-3,81124377250671	850	-1,67278552055359	850	-1,88331401348114	393,75	-3,76876759529114	393,75	-3,94680094718933	850	-1,96143746376038	850	-1,93998026847839	393,75	-4,04737138748169	393,75	-4,24465560913086	850	-2,12363529205322	850	-2,34820532798767	393,75	-4,61270523071289	
853,125	1,86204707622528	396,875	1,57118558883667	853,125	1,60143184661865	396,875	1,37981247901917	396,875	1,21541500091553	853,125	1,36996698379517	853,125	0,978055953979492	396,875	0,949929177761078	396,875	0,955580949783325	853,125	0,87656182050705	853,125	0,690918564796448	396,875	0,82097864151001	396,875	0,783332228660584	853,125	0,528943836688995	853,125	0,385222166776657	396,875	0,766472697257996	853,125	-1,56566941738129	396,875	-3,6939070224762	853,125	-1,68664586544037	396,875	-3,90251851081848	396,875	-3,79759979248047	853,125	-1,67085266113281	853,125	-1,89357936382294	396,875	-3,75577855110168	396,875	-3,93615484237671	853,125	-1,96462535858154	853,125	-1,94447314739227	396,875	-4,03833913803101	396,875	-4,23783540725708	853,125	-2,12931561470032	853,125	-2,35822820663452	396,875	-4,60897779464722	
856,25	1,85554552078247	400	1,57005953788757	856,25	1,6181001663208	400	1,40742206573486	400	1,23945140838623	856,25	1,38754391670227	856,25	0,98134845495224	400	0,969796776771545	400	0,976029694080353	856,25	0,886945962905884	856,25	0,714523553848267	400	0,842228770256042	400	0,801080107688904	856,25	0,556177258491516	856,25	0,419711321592331	400	0,787360608577728	856,25	-1,53668868541718	400	-3,70629906654358	856,25	-1,66573917865753	400	-3,88511371612549	400	-3,77945280075073	856,25	-1,65501141548157	856,25	-1,89751279354095	400	-3,73908662796021	400	-3,92196869850159	856,25	-1,9633651971817	856,25	-1,94149279594421	400	-4,03082418441772	400	-4,23084783554077	856,25	-2,13456988334656	856,25	-2,36890912055969	400	-4,6093692779541	
859,375	1,86113977432251	403,125	1,62822496891022	859,375	1,61425054073334	403,125	1,41140329837799	403,125	1,24114871025085	859,375	1,38675010204315	859,375	0,96029931306839	403,125	0,969052135944366	403,125	0,976119339466095	859,375	0,876626968383789	859,375	0,723672449588776	403,125	0,841329991817474	403,125	0,797448933124542	859,375	0,566915333271027	859,375	0,431653499603271	403,125	0,781688153743744	859,375	-1,52176225185394	403,125	-3,6420693397522	859,375	-1,64443719387054	403,125	-3,86147236824036	403,125	-3,75679326057434	859,375	-1,63431167602539	859,375	-1,87670719623566	403,125	-3,71593117713928	403,125	-3,89907050132751	859,375	-1,93755865097046	859,375	-1,92325174808502	403,125	-4,00708675384521	403,125	-4,2087550163269	859,375	-2,11372137069702	859,375	-2,34567093849182	403,125	-4,59138154983521	
862,5	1,86823999881744	406,25	1,59442162513733	862,5	1,60854518413544	406,25	1,41488826274872	406,25	1,24975109100342	862,5	1,37848258018494	862,5	0,925708591938019	406,25	0,989368498325348	406,25	0,997014284133911	862,5	0,84897792339325	862,5	0,715028405189514	406,25	0,870661973953247	406,25	0,835670650005341	862,5	0,554287374019623	862,5	0,416319102048874	406,25	0,825383901596069	862,5	-1,51295173168182	406,25	-3,58253026008606	862,5	-1,64094543457031	406,25	-3,73654651641846	406,25	-3,64461660385132	862,5	-1,62971591949463	862,5	-1,86906206607819	406,25	-3,61523079872131	406,25	-3,78796339035034	862,5	-1,9237722158432	862,5	-1,91423153877258	406,25	-3,88976049423218	406,25	-4,084228515625	862,5	-2,09955549240112	862,5	-2,32698082923889	406,25	-4,44216203689575	
865,625	1,87799942493439	409,375	1,52918994426727	865,625	1,60955190658569	409,375	1,41674828529358	409,375	1,26466107368469	865,625	1,37938022613525	865,625	0,897995293140411	409,375	1,02094912528992	409,375	1,02664411067963	865,625	0,831800639629364	865,625	0,712143182754517	409,375	0,904341578483582	409,375	0,873090922832489	865,625	0,548026442527771	865,625	0,409252941608429	409,375	0,853265523910522	865,625	-1,48737776279449	409,375	-3,52486109733582	865,625	-1,63761484622955	409,375	-3,58116817474365	409,375	-3,49313926696777	865,625	-1,62810158729553	865,625	-1,86316394805908	409,375	-3,46629905700684	409,375	-3,63019895553589	865,625	-1,91342985630035	865,625	-1,91115593910217	409,375	-3,72737240791321	409,375	-3,91428852081299	865,625	-2,09500646591187	865,625	-2,3220272064209	409,375	-4,25103569030762	
868,75	1,86686027050018	412,5	1,56635594367981	868,75	1,609126329422	412,5	1,36099302768707	412,5	1,21699643135071	868,75	1,37872004508972	868,75	0,870674788951874	412,5	0,980766534805298	412,5	0,982753396034241	868,75	0,81604677438736	868,75	0,707343101501465	412,5	0,868618845939636	412,5	0,825737178325653	868,75	0,540292203426361	868,75	0,400072753429413	412,5	0,79441624879837	868,75	-1,49800944328308	412,5	-3,47088313102722	868,75	-1,63597476482391	412,5	-3,49755787849426	412,5	-3,4138035774231	868,75	-1,62666916847229	868,75	-1,85603499412537	412,5	-3,38140821456909	412,5	-3,54061675071716	868,75	-1,90199041366577	868,75	-1,90755200386047	412,5	-3,62948846817017	412,5	-3,8109769821167	868,75	-2,09024477005005	868,75	-2,3165488243103	412,5	-4,13278150558472	
871,875	1,86601853370667	415,625	1,59262633323669	871,875	1,60148298740387	415,625	1,2974271774292	415,625	1,14848625659943	871,875	1,37296175956726	871,875	0,832680106163025	415,625	0,897581875324249	415,625	0,893270134925842	871,875	0,795066356658936	871,875	0,702563583850861	415,625	0,765013456344604	415,625	0,711725354194641	871,875	0,536996424198151	871,875	0,396214306354523	415,625	0,660160541534424	871,875	-1,50044572353363	415,625	-3,48380446434021	871,875	-1,62623417377472	415,625	-3,60317730903625	415,625	-3,50618195533752	871,875	-1,61608421802521	871,875	-1,82811200618744	415,625	-3,46071028709412	415,625	-3,62926697731018	871,875	-1,87162601947784	871,875	-1,89292061328888	415,625	-3,71682143211365	415,625	-3,90703749656677	871,875	-2,07187604904175	871,875	-2,29539632797241	415,625	-4,24566602706909	
875	1,86522209644318	418,75	1,60617125034332	875	1,60673213005066	418,75	1,36836075782776	418,75	1,22071182727814	875	1,37905991077423	875	0,828270018100739	418,75	0,977115452289581	418,75	0,977134764194489	875	0,803079783916473	875	0,710770010948181	418,75	0,855259597301483	418,75	0,808565318584442	875	0,547395288944244	875	0,409308820962906	418,75	0,766691565513611	875	-1,47805774211884	418,75	-3,41359972953796	875	-1,61065411567688	418,75	-3,50513195991516	418,75	-3,42025804519653	875	-1,60201478004456	875	-1,79062449932098	418,75	-3,38751316070557	418,75	-3,55133008956909	875	-1,84452319145203	875	-1,88536536693573	418,75	-3,64090657234192	418,75	-3,82723498344421	875	-2,06290507316589	875	-2,28749299049377	418,75	-4,15077304840088	
878,125	1,86002707481384	421,875	1,55593085289001	878,125	1,60481977462769	421,875	1,28631031513214	421,875	1,14690947532654	878,125	1,37609910964966	878,125	0,797974407672882	421,875	0,910608530044556	421,875	0,903460562229156	878,125	0,789049565792084	878,125	0,70351243019104	421,875	0,780723810195923	421,875	0,726575016975403	878,125	0,539881765842438	878,125	0,401374012231827	421,875	0,664867162704468	878,125	-1,47875273227692	421,875	-3,46685457229614	878,125	-1,60673499107361	421,875	-3,45198678970337	421,875	-3,36130380630493	878,125	-1,59879505634308	878,125	-1,76513397693634	421,875	-3,31996726989746	421,875	-3,48128437995911	878,125	-1,82411825656891	878,125	-1,88131189346313	421,875	-3,56709241867065	421,875	-3,74395394325256	878,125	-2,05534410476685	878,125	-2,27916932106018	421,875	-4,05994606018066	
881,25	1,86662817001343	425	1,4971479177475	881,25	1,60209500789642	425	1,32702100276947	425	1,17903590202332	881,25	1,37462151050568	881,25	0,789351284503937	425	0,93296867609024	425	0,930341899394989	881,25	0,789517164230347	881,25	0,703743457794189	425	0,806094110012054	425	0,756780445575714	881,25	0,543732225894928	881,25	0,406516790390015	425	0,702055692672729	881,25	-1,47692441940308	425	-3,43637013435364	881,25	-1,59201169013977	425	-3,46447420120239	425	-3,3761727809906	881,25	-1,58626174926758	881,25	-1,7223414182663	425	-3,33863425254822	425	-3,50389838218689	881,25	-1,79173135757446	881,25	-1,86723458766937	425	-3,59565567970276	425	-3,77686190605164	881,25	-2,03892493247986	881,25	-2,26020550727844	425	-4,09662771224976	
884,375	1,86079573631287	428,125	1,49977481365204	884,375	1,60816419124603	428,125	1,43051826953888	428,125	1,26215291023254	884,375	1,37893927097321	884,375	0,783889353275299	428,125	0,997665226459503	428,125	1,00030660629272	884,375	0,791376292705536	884,375	0,701461791992188	428,125	0,873088419437408	428,125	0,828037917613983	884,375	0,54303365945816	884,375	0,403799712657928	428,125	0,791050255298615	884,375	-1,47484755516052	428,125	-3,45437097549438	884,375	-1,58747708797455	428,125	-3,54491972923279	428,125	-3,46276235580444	884,375	-1,58138179779053	884,375	-1,69030177593231	428,125	-3,4365553855896	428,125	-3,60847401618958	884,375	-1,77424585819244	884,375	-1,86614799499512	428,125	-3,71308183670044	428,125	-3,9082133769989	884,375	-2,03671169281006	884,375	-2,25848412513733	428,125	-4,24454498291016	
887,5	1,86797678470612	431,25	1,4918327331543	887,5	1,6162713766098	431,25	1,30913066864014	431,25	1,15700733661652	887,5	1,3865749835968	887,5	0,799163579940796	431,25	0,909819781780243	431,25	0,902517735958099	887,5	0,810917496681213	887,5	0,712147355079651	431,25	0,773898661136627	431,25	0,719260394573212	887,5	0,556743621826172	887,5	0,41780623793602	431,25	0,663716554641724	887,5	-1,45556819438934	431,25	-3,37812948226929	887,5	-1,56949377059937	431,25	-3,43826794624329	431,25	-3,34867095947266	887,5	-1,56746852397919	887,5	-1,65652585029602	431,25	-3,31307411193848	431,25	-3,47652387619019	887,5	-1,75447332859039	887,5	-1,85649371147156	431,25	-3,56694769859314	431,25	-3,75183153152466	887,5	-2,02869009971619	887,5	-2,25319385528564	431,25	-4,06564378738403	
890,625	1,87122988700867	434,375	1,54424774646759	890,625	1,6082671880722	434,375	1,35027599334717	434,375	1,19490468502045	890,625	1,3806859254837	890,625	0,788790702819824	434,375	0,939918756484985	434,375	0,934849321842194	890,625	0,807337939739227	890,625	0,703534543514252	434,375	0,804570913314819	434,375	0,750495076179504	890,625	0,549917876720428	890,625	0,412161111831665	434,375	0,697239339351654	890,625	-1,43389344215393	434,375	-3,3993775844574	890,625	-1,56230854988098	434,375	-3,44682836532593	434,375	-3,35786700248718	890,625	-1,56126201152802	890,625	-1,62256634235382	434,375	-3,32514214515686	434,375	-3,4938633441925	890,625	-1,73095178604126	890,625	-1,84534096717834	434,375	-3,58804154396057	434,375	-3,77721881866455	890,625	-2,01541948318481	890,625	-2,23738408088684	434,375	-4,09910011291504	
893,75	1,86340534687042	437,5	1,48130476474762	893,75	1,59929025173187	437,5	1,35634732246399	437,5	1,19881796836853	893,75	1,37165379524231	893,75	0,772607743740082	437,5	0,939611077308655	437,5	0,934160590171814	893,75	0,791402757167816	893,75	0,680590271949768	437,5	0,80157333612442	437,5	0,746152281761169	893,75	0,529054999351501	893,75	0,385415285825729	437,5	0,68971574306488	893,75	-1,42985367774963	437,5	-3,38526630401611	893,75	-1,57184195518494	437,5	-3,43837881088257	437,5	-3,34923601150513	893,75	-1,56723201274872	893,75	-1,5963488817215	437,5	-3,31422567367554	437,5	-3,48545861244202	893,75	-1,717365026474	893,75	-1,84190893173218	437,5	-3,58065414428711	437,5	-3,77326846122742	893,75	-2,00976419448853	893,75	-2,22707009315491	437,5	-4,10003137588501	
896,875	1,8686398267746	440,625	1,36241018772125	896,875	1,59825730323792	440,625	1,38592791557312	440,625	1,22492575645447	896,875	1,37049686908722	896,875	0,785043895244598	440,625	0,963631391525269	440,625	0,959568321704865	896,875	0,801157712936401	896,875	0,68010014295578	440,625	0,828586280345917	440,625	0,7742959856987	896,875	0,533021450042725	896,875	0,390860289335251	440,625	0,725888133049011	896,875	-1,42651736736298	440,625	-3,38802361488342	896,875	-1,55780923366547	440,625	-3,42150259017944	440,625	-3,3341658115387	896,875	-1,55457937717438	896,875	-1,56113362312317	440,625	-3,30395722389221	440,625	-3,47549176216125	896,875	-1,69384801387787	896,875	-1,82561457157135	440,625	-3,57544493675232	440,625	-3,76760578155518	896,875	-1,99607157707214	896,875	-2,21418952941895	440,625	-4,09377384185791	
900	1,86900401115417	443,75	1,46577715873718	900	1,60908317565918	443,75	1,35256659984589	443,75	1,19653499126434	900	1,37852394580841	900	0,800091147422791	443,75	0,943611264228821	443,75	0,936131775379181	900	0,812496185302734	900	0,682593822479248	443,75	0,812366485595703	443,75	0,750016212463379	900	0,535237371921539	900	0,391529828310013	443,75	0,696344673633575	900	-1,41476559638977	443,75	-3,29609084129334	900	-1,55296492576599	443,75	-3,34747076034546	443,75	-3,26189947128296	900	-1,55120205879211	900	-1,5493026971817	443,75	-3,22932314872742	443,75	-3,39586567878723	900	-1,69106197357178	900	-1,82502818107605	443,75	-3,49133706092834	443,75	-3,67505025863647	900	-1,99900960922241	900	-2,21714925765991	443,75	-3,98818373680115	
903,125	1,87808167934418	446,875	1,5274316072464	903,125	1,60896956920624	446,875	1,3860319852829	446,875	1,22550177574158	903,125	1,38110411167145	903,125	0,817094266414642	446,875	0,96918398141861	446,875	0,963058769702911	903,125	0,825144290924072	903,125	0,685498535633087	446,875	0,838846147060394	446,875	0,780007421970367	903,125	0,540781617164612	903,125	0,399377673864365	446,875	0,731603920459747	903,125	-1,41503536701202	446,875	-3,27229642868042	903,125	-1,53695118427277	446,875	-3,32779431343079	446,875	-3,24854135513306	903,125	-1,53851985931396	903,125	-1,52179729938507	446,875	-3,22155213356018	446,875	-3,38937282562256	903,125	-1,67337477207184	903,125	-1,80815386772156	446,875	-3,48735094070435	446,875	-3,67590737342834	903,125	-1,98816645145416	903,125	-2,20411968231201	446,875	-3,98714017868042	
906,25	1,87457454204559	450	1,54167807102203	906,25	1,6100447177887	450	1,34710776805878	450	1,1810142993927	906,25	1,38123250007629	906,25	0,83058112859726	450	0,913975059986115	450	0,900320529937744	906,25	0,831296741962433	906,25	0,683720946311951	450	0,763327598571777	450	0,695890843868256	906,25	0,537685573101044	906,25	0,394272446632385	450	0,630047857761383	906,25	-1,40653789043427	450	-3,23032855987549	906,25	-1,53301358222961	450	-3,40431189537048	450	-3,31462287902832	906,25	-1,53471994400024	906,25	-1,50763380527496	450	-3,27764558792114	450	-3,45213985443115	906,25	-1,66378617286682	906,25	-1,79703056812286	450	-3,54891300201416	450	-3,74504137039185	906,25	-1,98026275634766	906,25	-2,19511723518372	450	-4,06835508346558	
909,375	1,86780619621277	453,125	1,53713834285736	909,375	1,61066818237305	453,125	1,34909737110138	453,125	1,18225574493408	909,375	1,37790751457214	909,375	0,830809414386749	453,125	0,91317343711853	453,125	0,898407995700836	909,375	0,826631963253021	909,375	0,672038555145264	453,125	0,758295774459839	453,125	0,688725888729095	909,375	0,524080395698547	909,375	0,378865391016006	453,125	0,619959354400635	909,375	-1,39971590042114	453,125	-3,20622181892395	909,375	-1,53793084621429	453,125	-3,38610339164734	453,125	-3,29434657096863	909,375	-1,53946530818939	909,375	-1,49667501449585	453,125	-3,25725507736206	453,125	-3,4317831993103	909,375	-1,65908050537109	909,375	-1,79355525970459	453,125	-3,52914428710938	453,125	-3,72534418106079	909,375	-1,97912859916687	909,375	-2,19198989868164	453,125	-4,05391979217529	
912,5	1,87019729614258	456,25	1,51116359233856	912,5	1,5990047454834	456,25	1,30835247039795	456,25	1,14320850372314	912,5	1,36750900745392	912,5	0,83340311050415	456,25	0,870233714580536	456,25	0,850558280944824	912,5	0,825074195861816	912,5	0,664947628974915	456,25	0,705508530139923	456,25	0,629456162452698	912,5	0,519414901733398	912,5	0,374983340501785	456,25	0,549926698207855	912,5	-1,39472699165344	456,25	-3,19776201248169	912,5	-1,53020370006561	456,25	-3,39344644546509	456,25	-3,29770112037659	912,5	-1,53139424324036	912,5	-1,47398900985718	456,25	-3,25172591209412	456,25	-3,42823195457459	912,5	-1,64171242713928	912,5	-1,77411794662476	456,25	-3,52412486076355	456,25	-3,7196352481842	912,5	-1,96074938774109	912,5	-2,16979146003723	456,25	-4,05196619033813	
915,625	1,86773645877838	459,375	1,5164920091629	915,625	1,59845793247223	459,375	1,30712509155273	459,375	1,1490865945816	915,625	1,37145221233368	915,625	0,849140226840973	459,375	0,884573936462402	459,375	0,865859389305115	915,625	0,834879875183105	915,625	0,66952508687973	459,375	0,730161845684052	459,375	0,654889285564423	915,625	0,522366583347321	915,625	0,377255171537399	459,375	0,583056807518005	915,625	-1,39215898513794	459,375	-3,20509314537048	915,625	-1,52046692371368	459,375	-3,3008873462677	459,375	-3,21085357666016	915,625	-1,52220368385315	915,625	-1,46017968654633	459,375	-3,17150330543518	459,375	-3,34002065658569	915,625	-1,63132917881012	915,625	-1,76129174232483	459,375	-3,43435525894165	459,375	-3,62153840065002	915,625	-1,95111799240112	915,625	-2,15945601463318	459,375	-3,93497347831726	
918,75	1,87480247020721	462,5	1,48388302326202	918,75	1,60435473918915	462,5	1,27944266796112	462,5	1,12757706642151	918,75	1,37673139572144	918,75	0,86331045627594	462,5	0,876598060131073	462,5	0,857591092586517	918,75	0,845035135746002	918,75	0,678612887859344	462,5	0,724552035331726	462,5	0,653123736381531	918,75	0,53004401922226	918,75	0,385332703590393	462,5	0,583307504653931	918,75	-1,38754177093506	462,5	-3,15915203094482	918,75	-1,50966572761536	462,5	-3,21285557746887	462,5	-3,12826061248779	918,75	-1,51393127441406	918,75	-1,4511011838913	462,5	-3,09113144874573	462,5	-3,25127959251404	918,75	-1,62482297420502	918,75	-1,75256979465485	462,5	-3,33727288246155	462,5	-3,5193817615509	918,75	-1,94453883171082	918,75	-2,15385103225708	462,5	-3,81206345558167	
921,875	1,86762917041779	465,625	1,49548196792603	921,875	1,61342632770538	465,625	1,26668894290924	465,625	1,11473834514618	921,875	1,38371062278748	921,875	0,879803240299225	465,625	0,863069593906403	465,625	0,84085476398468	921,875	0,856793999671936	921,875	0,688148617744446	465,625	0,707929790019989	465,625	0,632187604904175	921,875	0,536731362342834	921,875	0,392348259687424	465,625	0,555655241012573	921,875	-1,38263988494873	465,625	-3,11582970619202	921,875	-1,49560034275055	465,625	-3,20503902435303	465,625	-3,11892366409302	921,875	-1,50376689434052	921,875	-1,43912386894226	465,625	-3,07902264595032	465,625	-3,24159955978394	921,875	-1,61703288555145	921,875	-1,74313569068909	465,625	-3,32591938972473	465,625	-3,50820779800415	921,875	-1,93834340572357	921,875	-2,14898991584778	465,625	-3,80046129226685	
925	1,86726450920105	468,75	1,50726413726807	925	1,61449551582336	468,75	1,2849063873291	468,75	1,1304544210434	925	1,3847541809082	925	0,886935770511627	468,75	0,876163065433502	468,75	0,853204488754272	925	0,859631896018982	925	0,687751948833466	468,75	0,716548144817352	468,75	0,641358852386475	925	0,534090042114258	925	0,389960467815399	468,75	0,564760982990265	925	-1,37401378154755	468,75	-3,06145358085632	925	-1,48959517478943	468,75	-3,20040941238403	468,75	-3,11464023590088	925	-1,5001939535141	925	-1,43172812461853	468,75	-3,0759425163269	468,75	-3,23974585533142	925	-1,61118614673615	925	-1,73687016963959	468,75	-3,32797646522522	468,75	-3,51078701019287	925	-1,93294143676758	925	-2,14338231086731	468,75	-3,80605101585388	
928,125	1,87052845954895	471,875	1,48909854888916	928,125	1,61801040172577	471,875	1,24081003665924	471,875	1,09355533123016	928,125	1,38567185401917	928,125	0,888965010643005	471,875	0,851376593112946	471,875	0,826975166797638	928,125	0,858258485794067	928,125	0,682112097740173	471,875	0,69595593214035	471,875	0,621590673923492	928,125	0,52490234375	928,125	0,377959460020065	471,875	0,549542248249054	928,125	-1,36275517940521	471,875	-3,05303525924683	928,125	-1,49551129341125	471,875	-3,10175037384033	471,875	-3,02056050300598	928,125	-1,50737166404724	928,125	-1,43150997161865	471,875	-2,98282837867737	471,875	-3,13852667808533	928,125	-1,6139178276062	928,125	-1,73851382732391	471,875	-3,22101521492004	471,875	-3,39436745643616	928,125	-1,93711090087891	928,125	-2,1457245349884	471,875	-3,67064070701599	
931,25	1,87238013744354	475	1,49295449256897	931,25	1,60664343833923	475	1,26531338691711	475	1,11682069301605	931,25	1,37637794017792	931,25	0,896485149860382	475	0,87056702375412	475	0,846338212490082	931,25	0,859203815460205	931,25	0,686566293239594	475	0,716713130474091	475	0,643930852413177	931,25	0,527125239372253	931,25	0,382674664258957	475	0,57261323928833	931,25	-1,3598085641861	475	-3,02394962310791	931,25	-1,47540533542633	475	-3,08478403091431	475	-3,00472378730774	931,25	-1,49012804031372	931,25	-1,40961372852325	475	-2,97073221206665	475	-3,1277756690979	931,25	-1,59116744995117	931,25	-1,71290147304535	475	-3,21209168434143	475	-3,38776588439941	931,25	-1,91230082511902	931,25	-2,11779069900513	475	-3,66576218605042	
934,375	1,87604081630707	478,125	1,50199115276337	934,375	1,61069405078888	478,125	1,33371305465698	478,125	1,17551171779633	934,375	1,38072741031647	934,375	0,903713226318359	478,125	0,919173359870911	478,125	0,899036288261414	934,375	0,863077402114868	934,375	0,688373506069183	478,125	0,767795324325562	478,125	0,696546614170074	934,375	0,526950359344482	934,375	0,380005806684494	478,125	0,633781611919403	934,375	-1,35102117061615	478,125	-3,00242137908936	934,375	-1,47317659854889	478,125	-3,09641766548157	478,125	-3,01928520202637	934,375	-1,48783266544342	934,375	-1,40642464160919	478,125	-2,99265050888062	478,125	-3,15593528747559	934,375	-1,5884690284729	934,375	-1,70913732051849	478,125	-3,24719882011414	478,125	-3,43110179901123	934,375	-1,90838170051575	934,375	-2,113694190979	478,125	-3,72106862068176	
937,5	1,87534129619598	481,25	1,48320031166077	937,5	1,60891163349152	481,25	1,31087553501129	481,25	1,14903247356415	937,5	1,38071143627167	937,5	0,910461604595184	481,25	0,887968599796295	481,25	0,865058243274689	937,5	0,866321444511414	937,5	0,690199613571167	481,25	0,726764678955078	481,25	0,646542727947235	937,5	0,527997970581055	937,5	0,382111340761185	481,25	0,571508347988129	937,5	-1,34416854381561	481,25	-2,97758388519287	937,5	-1,46525621414185	481,25	-3,13328504562378	481,25	-3,05300545692444	937,5	-1,47978842258453	937,5	-1,39777028560638	481,25	-3,01885843276978	481,25	-3,18529200553894	937,5	-1,58011138439178	937,5	-1,69979679584503	481,25	-3,27671337127686	481,25	-3,46327424049377	937,5	-1,89893388748169	937,5	-2,10512137413025	481,25	-3,75978708267212	
940,625	1,88232243061066	484,375	1,47569513320923	940,625	1,61281049251556	484,375	1,29722011089325	484,375	1,14337027072906	940,625	1,38269674777985	940,625	0,916514098644257	484,375	0,889143109321594	484,375	0,867438018321991	940,625	0,869617879390717	940,625	0,692034006118774	484,375	0,734959542751312	484,375	0,655837416648865	940,625	0,527178704738617	940,625	0,382412821054459	484,375	0,58634889125824	940,625	-1,34159684181213	484,375	-2,97412085533142	940,625	-1,46085178852081	484,375	-3,04643249511719	484,375	-2,96983313560486	940,625	-1,47699415683746	940,625	-1,39312446117401	484,375	-2,9396276473999	484,375	-3,09920358657837	940,625	-1,57688021659851	940,625	-1,69684064388275	484,375	-3,1859974861145	484,375	-3,36667490005493	940,625	-1,89637684822083	940,625	-2,1026566028595	484,375	-3,65169739723206	
943,75	1,87416243553162	487,5	1,48869073390961	943,75	1,60458564758301	487,5	1,32716453075409	487,5	1,16866528987885	943,75	1,37396931648254	943,75	0,916479825973511	487,5	0,90878564119339	487,5	0,886967122554779	943,75	0,863796532154083	943,75	0,685240685939789	487,5	0,751920163631439	487,5	0,672210991382599	943,75	0,519193828105927	943,75	0,373618483543396	487,5	0,603922605514526	943,75	-1,33701848983765	487,5	-2,93438029289246	943,75	-1,45398962497711	487,5	-3,05322098731995	487,5	-2,97741508483887	943,75	-1,47333478927612	943,75	-1,38166773319244	487,5	-2,95051527023315	487,5	-3,11231327056885	943,75	-1,56454491615295	943,75	-1,68092584609985	487,5	-3,2034969329834	487,5	-3,38868498802185	943,75	-1,88033545017242	943,75	-2,08298683166504	487,5	-3,67821574211121	
946,875	1,87975418567657	490,625	1,45561289787292	946,875	1,60578525066376	490,625	1,31429898738861	490,625	1,15669071674347	946,875	1,37531137466431	946,875	0,921199500560761	490,625	0,899645090103149	490,625	0,875704646110535	946,875	0,866458535194397	946,875	0,686130702495575	490,625	0,742877066135406	490,625	0,661675930023193	946,875	0,519675314426422	946,875	0,373355776071548	490,625	0,59235942363739	946,875	-1,33215475082397	490,625	-2,91313672065735	946,875	-1,44722151756287	490,625	-3,01940774917603	490,625	-2,94479084014893	946,875	-1,46910905838013	946,875	-1,3754506111145	490,625	-2,91690897941589	490,625	-3,07680797576904	946,875	-1,55801010131836	946,875	-1,67516148090363	490,625	-3,16637134552002	490,625	-3,34909296035767	946,875	-1,87642014026642	946,875	-2,07935094833374	490,625	-3,63282132148743	
950	1,88087296485901	493,75	1,46428847312927	950	1,61058485507965	493,75	1,32529830932617	493,75	1,16834282875061	950	1,37964808940887	950	0,92900025844574	493,75	0,914515912532806	493,75	0,891296148300171	950	0,871958792209625	950	0,690974175930023	493,75	0,760310053825378	493,75	0,681317090988159	950	0,522562026977539	950	0,375316709280014	493,75	0,614969074726105	950	-1,32022655010223	493,75	-2,89706969261169	950	-1,43892931938171	493,75	-2,97683525085449	493,75	-2,90543389320374	950	-1,46376073360443	950	-1,37054717540741	493,75	-2,87975645065308	493,75	-3,03927779197693	950	-1,55257546901703	950	-1,66926169395447	493,75	-3,12993049621582	493,75	-3,31071877479553	950	-1,87100946903229	950	-2,07344579696655	493,75	-3,5913679599762	
953,125	1,88399434089661	496,875	1,47800850868225	953,125	1,61689388751984	496,875	1,32484292984009	496,875	1,16776382923126	953,125	1,38469910621643	953,125	0,935253381729126	496,875	0,91181743144989	496,875	0,887563169002533	953,125	0,876509130001068	953,125	0,692848682403564	496,875	0,755100607872009	496,875	0,675126194953918	953,125	0,521799147129059	953,125	0,374550968408585	496,875	0,604844629764557	953,125	-1,31827878952026	496,875	-2,88492465019226	953,125	-1,43404138088226	496,875	-2,96349763870239	496,875	-2,89102244377136	953,125	-1,46177780628204	953,125	-1,36662435531616	496,875	-2,86500477790833	496,875	-3,02482175827026	953,125	-1,55037713050842	953,125	-1,66740882396698	496,875	-3,11756277084351	496,875	-3,29689145088196	953,125	-1,87083506584167	953,125	-2,07372617721558	496,875	-3,58061742782593	
956,25	1,88594543933868	500	1,45471239089966	956,25	1,61687731742859	500	1,27194929122925	500	1,11904001235962	956,25	1,38540375232697	956,25	0,94117283821106	500	0,863162279129028	500	0,833110094070435	956,25	0,881634414196014	956,25	0,697934150695801	500	0,696137666702271	500	0,609686136245728	956,25	0,526003181934357	956,25	0,380881100893021	500	0,526308655738831	956,25	-1,313227891922	500	-2,87797021865845	956,25	-1,42493939399719	500	-2,96783876419067	500	-2,88878893852234	956,25	-1,45377600193024	956,25	-1,35989308357239	500	-2,85535979270935	500	-3,01332974433899	956,25	-1,5418496131897	956,25	-1,65769743919373	500	-3,10066437721252	500	-3,27662014961243	956,25	-1,85954535007477	956,25	-2,06172323226929	500	-3,55522871017456	
959,375	1,88540601730347	503,125	1,45783126354218	959,375	1,61339020729065	503,125	1,27228975296021	503,125	1,11869883537292	959,375	1,37993168830872	959,375	0,943861782550812	503,125	0,865623116493225	503,125	0,833775699138641	959,375	0,881780445575714	959,375	0,698154032230377	503,125	0,69926929473877	503,125	0,608762681484222	959,375	0,525446891784668	959,375	0,38050851225853	503,125	0,528185844421387	959,375	-1,30547392368317	503,125	-2,83064317703247	959,375	-1,41683280467987	503,125	-2,93920230865479	503,125	-2,86200904846191	959,375	-1,44742619991302	959,375	-1,35195791721344	503,125	-2,82802486419678	503,125	-2,98452544212341	959,375	-1,53180146217346	959,375	-1,64527380466461	503,125	-3,06943845748901	503,125	-3,24486064910889	959,375	-1,84586322307587	959,375	-2,04523801803589	503,125	-3,51700687408447	
962,5	1,8856520652771	506,25	1,47956120967865	962,5	1,61094200611115	506,25	1,28047907352448	506,25	1,12437272071838	962,5	1,37705719470978	962,5	0,943281412124634	506,25	0,869822561740875	506,25	0,836716651916504	962,5	0,876834809780121	962,5	0,693166971206665	506,25	0,70145457983017	506,25	0,608928084373474	962,5	0,517943143844604	962,5	0,371818780899048	506,25	0,526026725769043	962,5	-1,30109143257141	506,25	-2,8318612575531	962,5	-1,41392457485199	506,25	-2,93224167823792	506,25	-2,85638356208801	962,5	-1,448322057724	962,5	-1,34539294242859	506,25	-2,82299876213074	506,25	-2,98175191879272	962,5	-1,52648591995239	962,5	-1,63921010494232	506,25	-3,06846404075623	506,25	-3,24420571327209	962,5	-1,83945345878601	962,5	-2,03744196891785	506,25	-3,51761078834534	
965,625	1,88645374774933	509,375	1,47351169586182	965,625	1,61324179172516	509,375	1,2539826631546	509,375	1,10057783126831	965,625	1,37936317920685	965,625	0,947198271751404	509,375	0,847556948661804	509,375	0,811612844467163	965,625	0,879404783248901	965,625	0,694881916046143	509,375	0,676312029361725	509,375	0,582128465175629	965,625	0,518470287322998	965,625	0,372308224439621	509,375	0,495851427316666	965,625	-1,29547774791718	509,375	-2,78777742385864	965,625	-1,40885770320892	509,375	-2,90917181968689	509,375	-2,83068919181824	965,625	-1,44611263275146	965,625	-1,34022104740143	509,375	-2,79528379440308	509,375	-2,95065546035767	965,625	-1,52167761325836	965,625	-1,63313233852386	509,375	-3,0358293056488	509,375	-3,20775008201599	965,625	-1,83390009403229	965,625	-2,03240036964417	509,375	-3,47609543800354	
968,75	1,88032329082489	512,5	1,46667313575745	968,75	1,61694025993347	512,5	1,26560723781586	512,5	1,1132208108902	968,75	1,3805513381958	968,75	0,948902487754822	512,5	0,861986041069031	512,5	0,829661011695862	968,75	0,878499269485474	968,75	0,692482233047485	512,5	0,69558584690094	512,5	0,606837928295136	968,75	0,513938188552856	968,75	0,36582812666893	512,5	0,525729477405548	968,75	-1,29359090328217	512,5	-2,75217771530151	968,75	-1,40960502624512	512,5	-2,85831427574158	512,5	-2,78228640556335	968,75	-1,44887840747833	968,75	-1,34003877639771	512,5	-2,75279688835144	512,5	-2,90590763092041	968,75	-1,5227130651474	968,75	-1,63322496414185	512,5	-2,99245667457581	512,5	-3,16278886795044	968,75	-1,83420979976654	968,75	-2,03317594528198	512,5	-3,42767024040222	
971,875	1,88682901859283	515,625	1,45741713047028	971,875	1,61306524276733	515,625	1,30105113983154	515,625	1,14139127731323	971,875	1,37513279914856	971,875	0,952439725399017	515,625	0,885434806346893	515,625	0,852649807929993	971,875	0,880339443683624	971,875	0,695889890193939	515,625	0,716916859149933	515,625	0,626089096069336	971,875	0,516572833061218	971,875	0,369914919137955	515,625	0,544886946678162	971,875	-1,28883600234985	515,625	-2,74327516555786	971,875	-1,39783012866974	515,625	-2,86181640625	515,625	-2,78956317901611	971,875	-1,43993890285492	971,875	-1,32857811450958	515,625	-2,76145076751709	515,625	-2,91746473312378	971,875	-1,50892984867096	971,875	-1,61831784248352	515,625	-3,00660610198975	515,625	-3,18270468711853	971,875	-1,81726133823395	971,875	-2,01497983932495	515,625	-3,455153465271	
975	1,88425064086914	518,75	1,460409283638	975	1,61686182022095	518,75	1,31400191783905	518,75	1,15284419059753	975	1,37790775299072	975	0,957068622112274	518,75	0,89424592256546	518,75	0,861387610435486	975	0,88389265537262	975	0,699075639247894	518,75	0,724530160427094	518,75	0,633268415927887	975	0,519497811794281	975	0,372073590755463	518,75	0,553832590579987	975	-1,28280055522919	518,75	-2,73877954483032	975	-1,3921138048172	518,75	-2,85195684432983	518,75	-2,78279137611389	975	-1,43869006633759	975	-1,32516539096832	518,75	-2,75644326210022	518,75	-2,91294431686401	975	-1,50551545619965	975	-1,61475002765656	518,75	-3,00351476669312	518,75	-3,18350720405579	975	-1,81436729431152	975	-2,01205277442932	518,75	-3,45709156990051	
978,125	1,88678348064423	521,875	1,45518898963928	978,125	1,61816370487213	521,875	1,26192879676819	521,875	1,10875368118286	978,125	1,37742495536804	978,125	0,959447085857391	521,875	0,857149481773376	521,875	0,821016073226929	978,125	0,884493589401245	978,125	0,699543952941895	521,875	0,68682324886322	521,875	0,592904984951019	978,125	0,519242465496063	978,125	0,371449053287506	521,875	0,510724127292633	978,125	-1,27464282512665	521,875	-2,7389919757843	978,125	-1,38681674003601	521,875	-2,80500769615173	521,875	-2,73332595825195	978,125	-1,43719327449799	978,125	-1,32001960277557	521,875	-2,70318984985352	521,875	-2,85535860061646	978,125	-1,50024783611298	978,125	-1,60865533351898	521,875	-2,939692735672	521,875	-3,11131525039673	978,125	-1,80848026275635	978,125	-2,00563454627991	521,875	-3,37194347381592	
981,25	1,88717818260193	525	1,44254314899445	981,25	1,61699092388153	525	1,27631807327271	525	1,12276291847229	981,25	1,37488532066345	981,25	0,963092625141144	525	0,870136320590973	525	0,835447192192078	981,25	0,887321174144745	981,25	0,703089237213135	525	0,702036082744598	525	0,60862797498703	981,25	0,52302885055542	981,25	0,376258283853531	525	0,527587175369263	981,25	-1,26949310302734	525	-2,72322797775269	981,25	-1,37690675258636	525	-2,78065180778503	525	-2,71159720420837	981,25	-1,43061578273773	981,25	-1,31131219863892	525	-2,68298768997192	525	-2,83602476119995	981,25	-1,4903963804245	981,25	-1,59829568862915	525	-2,92089700698853	525	-3,09326577186584	981,25	-1,79847478866577	981,25	-1,99418747425079	525	-3,35476303100586	
984,375	1,89109694957733	528,125	1,46548819541931	984,375	1,61682164669037	528,125	1,27052426338196	528,125	1,11379778385162	984,375	1,37245714664459	984,375	0,96204137802124	528,125	0,856030523777008	528,125	0,817687630653381	984,375	0,883180499076843	984,375	0,698810577392578	528,125	0,680577754974365	528,125	0,581770241260529	984,375	0,516498684883118	984,375	0,368980169296265	528,125	0,492591500282288	984,375	-1,26700901985168	528,125	-2,67636775970459	984,375	-1,37675046920776	528,125	-2,80138278007507	528,125	-2,7301926612854	984,375	-1,4351419210434	984,375	-1,30876660346985	528,125	-2,6976957321167	528,125	-2,85314130783081	984,375	-1,4874951839447	984,375	-1,5945326089859	528,125	-2,93835854530334	528,125	-3,11259484291077	984,375	-1,79392409324646	984,375	-1,98881256580353	528,125	-3,37718534469604	
987,5	1,88881862163544	531,25	1,48939216136932	987,5	1,61864566802979	531,25	1,27238631248474	531,25	1,11646473407745	987,5	1,37075293064117	987,5	0,964316129684448	531,25	0,863073945045471	531,25	0,823481023311615	987,5	0,882992208003998	987,5	0,699249625205994	531,25	0,687550961971283	531,25	0,593454539775848	987,5	0,515760660171509	987,5	0,36797046661377	531,25	0,505704700946808	987,5	-1,25972306728363	531,25	-2,64346170425415	987,5	-1,37047839164734	531,25	-2,7589795589447	531,25	-2,69017910957336	987,5	-1,43435597419739	987,5	-1,30435740947723	531,25	-2,66003608703613	531,25	-2,81131982803345	987,5	-1,48146533966064	987,5	-1,58796632289886	531,25	-2,89607238769531	531,25	-3,0672664642334	987,5	-1,78705954551697	987,5	-1,98130166530609	531,25	-3,32601881027222	
990,625	1,89040577411652	534,375	1,45087397098541	990,625	1,62053787708282	534,375	1,27752888202667	534,375	1,12083446979523	990,625	1,36999750137329	990,625	0,967968463897705	534,375	0,865564167499542	534,375	0,826126337051392	990,625	0,885681211948395	990,625	0,702009856700897	534,375	0,689834654331207	534,375	0,59516966342926	990,625	0,517635881900787	990,625	0,370466202497482	534,375	0,508055150508881	990,625	-1,25430405139923	534,375	-2,64715957641602	990,625	-1,36489415168762	534,375	-2,74106001853943	534,375	-2,67226600646973	990,625	-1,43295419216156	990,625	-1,30027854442596	534,375	-2,64491772651672	534,375	-2,79523181915283	990,625	-1,47626316547394	990,625	-1,58314609527588	534,375	-2,88448286056519	534,375	-3,05437445640564	990,625	-1,78256356716156	990,625	-1,97651255130768	534,375	-3,31125974655151	
993,75	1,89052498340607	537,5	1,44609475135803	993,75	1,61397433280945	537,5	1,27207958698273	537,5	1,11642932891846	993,75	1,35898172855377	993,75	0,963458120822906	537,5	0,86107724905014	537,5	0,822079658508301	993,75	0,878089785575867	993,75	0,695360720157623	537,5	0,686693727970123	537,5	0,589577198028564	993,75	0,509537220001221	993,75	0,361433476209641	537,5	0,503071129322052	993,75	-1,24931633472443	537,5	-2,63835167884827	993,75	-1,36451888084412	537,5	-2,72136449813843	537,5	-2,65333008766174	993,75	-1,43727517127991	993,75	-1,29514479637146	537,5	-2,62621974945068	537,5	-2,77588796615601	993,75	-1,4694344997406	993,75	-1,57439661026001	537,5	-2,86405825614929	537,5	-3,03401970863342	993,75	-1,77199840545654	993,75	-1,96400451660156	537,5	-3,29003143310547	
996,875	1,89019441604614	540,625	1,4548704624176	996,875	1,61734974384308	540,625	1,26832211017609	540,625	1,11245954036713	996,875	1,35743570327759	996,875	0,96625679731369	540,625	0,856837153434753	540,625	0,816468060016632	996,875	0,878992319107056	996,875	0,696669340133667	540,625	0,680127859115601	540,625	0,58061671257019	996,875	0,509518504142761	996,875	0,36102768778801	540,625	0,490941107273102	996,875	-1,25092124938965	540,625	-2,59996819496155	996,875	-1,35910940170288	540,625	-2,71064162254334	540,625	-2,64097166061401	996,875	-1,43745362758636	996,875	-1,2920982837677	540,625	-2,6119544506073	540,625	-2,76034426689148	996,875	-1,46455192565918	996,875	-1,56968355178833	540,625	-2,84747266769409	540,625	-3,01598811149597	996,875	-1,7680811882019	996,875	-1,96033263206482	540,625	-3,27102255821228	
1000	1,89352762699127	543,75	1,44289124011993	1000	1,61408054828644	543,75	1,29742479324341	543,75	1,13669443130493	1000	1,34755206108093	1000	0,964235782623291	543,75	0,877545595169067	543,75	0,838798642158508	1000	0,875522017478943	1000	0,694070756435394	543,75	0,700904428958893	543,75	0,600813865661621	1000	0,506589949131012	1000	0,356965392827988	543,75	0,513321161270142	1000	-1,24595391750336	543,75	-2,58571791648865	1000	-1,35531663894653	543,75	-2,70398712158203	543,75	-2,63514471054077	1000	-1,43871760368347	1000	-1,28654742240906	543,75	-2,60966229438782	543,75	-2,75908970832825	1000	-1,45565712451935	1000	-1,56043446063995	543,75	-2,85093522071838	543,75	-3,02095246315002	1000	-1,75766718387604	1000	-1,94850695133209	543,75	-3,2812066078186	
1003,125	1,89234280586243	546,875	1,43188238143921	1003,125	1,61910104751587	546,875	1,24908542633057	546,875	1,09203791618347	1003,125	1,3471565246582	1003,125	0,96820193529129	546,875	0,83945244550705	546,875	0,796209812164307	1003,125	0,880012214183807	1003,125	0,698543787002563	546,875	0,659682929515839	546,875	0,557983815670013	1003,125	0,510839223861694	1003,125	0,361172586679459	546,875	0,465295106172562	1003,125	-1,23727607727051	546,875	-2,5819673538208	1003,125	-1,3496253490448	546,875	-2,66935014724731	546,875	-2,59992790222168	1003,125	-1,43786859512329	1003,125	-1,28264248371124	546,875	-2,56897163391113	546,875	-2,71415686607361	1003,125	-1,44963693618774	1003,125	-1,55656671524048	546,875	-2,8015034198761	546,875	-2,96480417251587	1003,125	-1,75431144237518	1003,125	-1,94556355476379	546,875	-3,21466827392578	
1006,25	1,89402520656586	550	1,46102225780487	1006,25	1,61972224712372	550	1,26629412174225	550	1,1083550453186	1006,25	1,34071755409241	1006,25	0,969263136386871	550	0,853749394416809	550	0,811746001243591	1006,25	0,880269825458527	1006,25	0,698991656303406	550	0,673479318618774	550	0,574183702468872	1006,25	0,510694086551666	1006,25	0,361354351043701	550	0,481858462095261	1006,25	-1,23225843906403	550	-2,56892561912537	1006,25	-1,34363913536072	550	-2,65780091285706	550	-2,5892059803009	1006,25	-1,43794739246368	1006,25	-1,27781009674072	550	-2,56049275398254	550	-2,70686554908752	1006,25	-1,44222664833069	1006,25	-1,54945182800293	550	-2,79591679573059	550	-2,9612283706665	1006,25	-1,7479966878891	1006,25	-1,93850040435791	550	-3,2126030921936	
1009,375	1,89214599132538	553,125	1,44012987613678	1009,375	1,61685454845428	553,125	1,26770424842834	553,125	1,11084473133087	1009,375	1,32798027992249	1009,375	0,967473328113556	553,125	0,858127892017365	553,125	0,817602396011353	1009,375	0,878745853900909	1009,375	0,698224365711212	553,125	0,679879248142242	553,125	0,582692980766296	1009,375	0,509091138839722	1009,375	0,360553324222565	553,125	0,492353677749634	1009,375	-1,22878479957581	553,125	-2,5335521697998	1009,375	-1,3381415605545	553,125	-2,62871122360229	553,125	-2,56118655204773	1009,375	-1,43803608417511	1009,375	-1,27163815498352	553,125	-2,53400564193726	553,125	-2,6788444519043	1009,375	-1,43281042575836	1009,375	-1,54005587100983	553,125	-2,76773977279663	553,125	-2,93265008926392	1009,375	-1,73788380622864	1009,375	-1,92722904682159	553,125	-3,1803412437439	
1012,5	1,89798855781555	556,25	1,45195913314819	1012,5	1,62080693244934	556,25	1,25752949714661	556,25	1,10030293464661	1012,5	1,32290613651276	1012,5	0,968844950199127	556,25	0,845968186855316	556,25	0,804066777229309	1012,5	0,881959736347198	1012,5	0,700336635112762	556,25	0,66425085067749	556,25	0,565632402896881	1012,5	0,510003745555878	1012,5	0,36085432767868	556,25	0,471010655164719	1012,5	-1,22845554351807	556,25	-2,51602220535278	1012,5	-1,33528780937195	556,25	-2,62439656257629	556,25	-2,55612444877625	1012,5	-1,44101572036743	1012,5	-1,26969540119171	556,25	-2,52654886245728	556,25	-2,67129993438721	1012,5	-1,42891693115234	1012,5	-1,53797888755798	556,25	-2,76004910469055	556,25	-2,92539572715759	1012,5	-1,73588061332703	1012,5	-1,92529201507568	556,25	-3,17264890670776	
1015,625	1,89512026309967	559,375	1,46631681919098	1015,625	1,62237131595612	559,375	1,27352440357208	559,375	1,11615550518036	1015,625	1,31236219406128	1015,625	0,96687525510788	559,375	0,863044321537018	559,375	0,82294899225235	1015,625	0,879787802696228	1015,625	0,697863101959229	559,375	0,683230042457581	559,375	0,586718618869781	1015,625	0,505475044250488	1015,625	0,354393631219864	559,375	0,494740515947342	1015,625	-1,22642481327057	559,375	-2,49288129806519	1015,625	-1,33524680137634	559,375	-2,59070062637329	559,375	-2,52400517463684	1015,625	-1,44874858856201	1015,625	-1,26826429367065	559,375	-2,49842309951782	559,375	-2,64356374740601	1015,625	-1,42433071136475	1015,625	-1,53563249111176	559,375	-2,73239731788635	559,375	-2,90083360671997	1015,625	-1,7330709695816	1015,625	-1,9216011762619	559,375	-3,1457405090332	
1018,75	1,89297044277191	562,5	1,45631992816925	1018,75	1,61407518386841	562,5	1,27067911624908	562,5	1,11425673961639	1018,75	1,28798532485962	1018,75	0,961525797843933	562,5	0,859844446182251	562,5	0,819941997528076	1018,75	0,87804901599884	1018,75	0,696058988571167	562,5	0,678804397583008	562,5	0,579828917980194	1018,75	0,503278076648712	1018,75	0,353524923324585	562,5	0,484359532594681	1018,75	-1,22287476062775	562,5	-2,48289251327515	1018,75	-1,32732927799225	562,5	-2,58316516876221	562,5	-2,5146689414978	1018,75	-1,4427717924118	1018,75	-1,25696325302124	562,5	-2,48862433433533	562,5	-2,63366651535034	1018,75	-1,41002464294434	1018,75	-1,52036559581757	562,5	-2,72173118591309	562,5	-2,89143800735474	1018,75	-1,71691358089447	1018,75	-1,90280187129974	562,5	-3,13571333885193	
1021,875	1,89486241340637	565,625	1,43360245227814	1021,875	1,61986136436462	565,625	1,26038718223572	565,625	1,10600352287292	1021,875	1,28004992008209	1021,875	0,963576138019562	565,625	0,852584898471832	565,625	0,811826765537262	1021,875	0,88208395242691	1021,875	0,699185788631439	565,625	0,669987618923187	565,625	0,569360971450806	1021,875	0,505764245986938	1021,875	0,355765640735626	565,625	0,471831977367401	1021,875	-1,22033429145813	565,625	-2,48171973228455	1021,875	-1,32562828063965	565,625	-2,56666588783264	565,625	-2,49797701835632	1021,875	-1,44481146335602	1021,875	-1,25573492050171	565,625	-2,47119975090027	565,625	-2,61536955833435	1021,875	-1,4083104133606	1021,875	-1,51885628700256	565,625	-2,70189118385315	565,625	-2,87184929847717	1021,875	-1,71630871295929	1021,875	-1,90275979042053	565,625	-3,11378192901611	
1025	1,89840090274811	568,75	1,4397805929184	1025	1,61656785011292	568,75	1,26855707168579	568,75	1,1139497756958	1025	1,25727427005768	1025	0,960984885692596	568,75	0,86063015460968	568,75	0,819545686244965	1025	0,884264290332794	1025	0,699940085411072	568,75	0,677711427211761	568,75	0,576418817043304	1025	0,506795406341553	1025	0,357548892498016	568,75	0,479889363050461	1025	-1,21814143657684	568,75	-2,44671535491943	1025	-1,31975519657135	568,75	-2,54659485816956	568,75	-2,47999358177185	1025	-1,43554186820984	1025	-1,24681687355042	568,75	-2,45461010932922	568,75	-2,59954047203064	1025	-1,39766955375671	1025	-1,5079653263092	568,75	-2,68559980392456	568,75	-2,8574116230011	1025	-1,70481967926025	1025	-1,88908684253693	568,75	-3,09826850891113	
1028,125	1,89870822429657	571,875	1,46442782878876	1028,125	1,61987161636353	571,875	1,27059328556061	571,875	1,11612284183502	1028,125	1,24104499816895	1028,125	0,959400355815887	571,875	0,86346298456192	571,875	0,821986138820648	1028,125	0,886216461658478	1028,125	0,700136482715607	571,875	0,680426418781281	571,875	0,578001260757446	1028,125	0,505992949008942	1028,125	0,355940192937851	571,875	0,481554120779037	1028,125	-1,2164580821991	571,875	-2,42367839813232	1028,125	-1,31753063201904	571,875	-2,53129458427429	571,875	-2,46622228622437	1028,125	-1,43442976474762	1028,125	-1,24331033229828	571,875	-2,44209313392639	571,875	-2,58713841438293	1028,125	-1,39303028583527	1028,125	-1,50412786006927	571,875	-2,67246627807617	571,875	-2,84520077705383	1028,125	-1,70139384269714	1028,125	-1,88496935367584	571,875	-3,08378529548645	
1031,25	1,89707565307617	575	1,46650993824005	1031,25	1,62205052375793	575	1,26079022884369	575	1,10766184329987	1031,25	1,22214496135712	1031,25	0,95504105091095	575	0,854913413524628	575	0,811829686164856	1031,25	0,884226739406586	1031,25	0,6970055103302	575	0,669263958930969	575	0,563963711261749	1031,25	0,501252412796021	1031,25	0,350190162658691	575	0,464302241802216	1031,25	-1,21210730075836	575	-2,41384148597717	1031,25	-1,3184632062912	575	-2,51967334747314	575	-2,45385527610779	1031,25	-1,43747770786285	1031,25	-1,24205255508423	575	-2,42842173576355	575	-2,57342123985291	1031,25	-1,39178609848022	1031,25	-1,50283133983612	575	-2,6579213142395	575	-2,82978868484497	1031,25	-1,69997572898865	1031,25	-1,88316178321838	575	-3,0654878616333	
1034,375	1,89553010463715	578,125	1,46479141712189	1034,375	1,6193962097168	578,125	1,27729308605194	578,125	1,12316131591797	1034,375	1,19753277301788	1034,375	0,951474130153656	578,125	0,868722975254059	578,125	0,826688647270203	1034,375	0,885116577148438	1034,375	0,697306394577026	578,125	0,684335827827454	578,125	0,578671932220459	1034,375	0,501604616641998	1034,375	0,351704180240631	578,125	0,480909317731857	1034,375	-1,20986568927765	578,125	-2,4032518863678	1034,375	-1,31459927558899	578,125	-2,50237679481506	578,125	-2,43904495239258	1034,375	-1,42030167579651	1034,375	-1,23222315311432	578,125	-2,41601753234863	578,125	-2,56194925308228	1034,375	-1,38379466533661	1034,375	-1,49417722225189	578,125	-2,64749383926392	578,125	-2,82104706764221	1034,375	-1,6905472278595	1034,375	-1,87261378765106	578,125	-3,05732774734497	
1037,5	1,90144550800323	581,25	1,46839261054993	1037,5	1,61957967281342	581,25	1,26478207111359	581,25	1,11057615280151	1037,5	1,17726457118988	1037,5	0,950133800506592	581,25	0,855804026126862	581,25	0,81156462430954	1037,5	0,887527763843536	1037,5	0,699131488800049	581,25	0,667400538921356	581,25	0,55823689699173	1037,5	0,502592146396637	1037,5	0,353510528802872	581,25	0,456362575292587	1037,5	-1,20648729801178	581,25	-2,38015413284302	1037,5	-1,31066405773163	581,25	-2,49483585357666	581,25	-2,43080401420593	1037,5	-1,40382063388824	1037,5	-1,22428596019745	581,25	-2,40581440925598	581,25	-2,55100703239441	1037,5	-1,37754356861115	1037,5	-1,48800337314606	581,25	-2,63578367233276	581,25	-2,80852270126343	1037,5	-1,68393981456757	1037,5	-1,86552023887634	581,25	-3,04105520248413	
1040,625	1,8984797000885	584,375	1,45874691009521	1040,625	1,61788392066956	584,375	1,25565969944	584,375	1,1028881072998	1040,625	1,15162110328674	1040,625	0,945234656333923	584,375	0,849039316177368	584,375	0,803512811660767	1040,625	0,88574206829071	1040,625	0,697180211544037	584,375	0,659193813800812	584,375	0,547959208488464	1040,625	0,499221742153168	1040,625	0,349587738513947	584,375	0,44493967294693	1040,625	-1,20958125591278	584,375	-2,37323760986328	1040,625	-1,30924963951111	584,375	-2,4767005443573	584,375	-2,4131817817688	1040,625	-1,38782739639282	1040,625	-1,21573066711426	584,375	-2,38816571235657	584,375	-2,53202986717224	1040,625	-1,3715752363205	1040,625	-1,4813836812973	584,375	-2,61677694320679	584,375	-2,78755283355713	1040,625	-1,67702484130859	1040,625	-1,85733032226563	584,375	-3,01567268371582	
1043,75	1,89896070957184	587,5	1,46567261219025	1043,75	1,6205792427063	587,5	1,25619411468506	587,5	1,10282981395721	1043,75	1,13762104511261	1043,75	0,945110201835632	587,5	0,848842203617096	587,5	0,802475392818451	1043,75	0,888547718524933	1043,75	0,699279367923737	587,5	0,6576828956604	587,5	0,545541048049927	1043,75	0,500651776790619	1043,75	0,35082083940506	587,5	0,441702097654343	1043,75	-1,20685350894928	587,5	-2,36550140380859	1043,75	-1,30720734596252	587,5	-2,465496301651	587,5	-2,40281343460083	1043,75	-1,36821973323822	1043,75	-1,20910787582397	587,5	-2,37848615646362	587,5	-2,52259755134583	1043,75	-1,36819756031036	1043,75	-1,47764015197754	587,5	-2,60674738883972	587,5	-2,77847623825073	1043,75	-1,67311131954193	1043,75	-1,85363519191742	587,5	-3,005366563797	
1046,875	1,89937496185303	590,625	1,46625542640686	1046,875	1,62207758426666	590,625	1,26199316978455	590,625	1,10844552516937	1046,875	1,1247546672821	1046,875	0,946036696434021	590,625	0,854318559169769	590,625	0,808293282985687	1046,875	0,89103901386261	1046,875	0,702479541301727	590,625	0,66401070356369	590,625	0,550384998321533	1046,875	0,503251016139984	1046,875	0,353371649980545	590,625	0,448026806116104	1046,875	-1,20560669898987	590,625	-2,34758591651917	1046,875	-1,30455529689789	590,625	-2,44738912582397	590,625	-2,38543081283569	1046,875	-1,34140872955322	1046,875	-1,19986426830292	590,625	-2,36195039749146	590,625	-2,50600838661194	1046,875	-1,36286556720734	1046,875	-1,47289490699768	590,625	-2,58978295326233	590,625	-2,76202416419983	1046,875	-1,66833961009979	1046,875	-1,84867560863495	590,625	-2,98674559593201	
1050	1,90135359764099	593,75	1,46964621543884	1050	1,61688530445099	593,75	1,26140463352203	593,75	1,10813677310944	1050	1,10143518447876	1050	0,940171241760254	593,75	0,854452788829803	593,75	0,80714362859726	1050	0,886967122554779	1050	0,697625041007996	593,75	0,664171576499939	593,75	0,548247158527374	1050	0,494906663894653	1050	0,346797198057175	593,75	0,445858180522919	1050	-1,20913183689117	593,75	-2,33210587501526	1050	-1,30447578430176	593,75	-2,42829155921936	593,75	-2,36760663986206	1050	-1,30933213233948	1050	-1,18657922744751	593,75	-2,34440326690674	593,75	-2,4886429309845	1050	-1,35522544384003	1050	-1,46330320835114	593,75	-2,57183480262756	593,75	-2,74445700645447	1050	-1,6580730676651	1050	-1,83649551868439	593,75	-2,96653819084167	
1053,125	1,90264415740967	596,875	1,47145426273346	1053,125	1,61699688434601	596,875	1,26155054569244	596,875	1,10771775245667	1053,125	1,08751249313354	1053,125	0,937346637248993	596,875	0,853393614292145	596,875	0,804927289485931	1053,125	0,88542103767395	1053,125	0,694394946098328	596,875	0,6613729596138	596,875	0,543444871902466	1053,125	0,490250170230865	1053,125	0,341548800468445	596,875	0,440590590238571	1053,125	-1,2019362449646	596,875	-2,32037591934204	1053,125	-1,30902981758118	596,875	-2,4228527545929	596,875	-2,36204195022583	1053,125	-1,28404307365417	1053,125	-1,18006157875061	596,875	-2,3392698764801	596,875	-2,48380446434021	1053,125	-1,35429251194	1053,125	-1,46117699146271	596,875	-2,56739568710327	596,875	-2,73979210853577	1053,125	-1,65454936027527	1053,125	-1,83209311962128	596,875	-2,96117091178894	
1056,25	1,9024316072464	600	1,46874666213989	1056,25	1,61335825920105	600	1,25417828559875	600	1,10128533840179	1056,25	1,08627200126648	1056,25	0,939884901046753	600	0,848485291004181	600	0,798489153385162	1056,25	0,88553911447525	1056,25	0,695791244506836	600	0,654845595359802	600	0,53457099199295	1056,25	0,491514921188354	1056,25	0,343419879674912	600	0,432451277971268	1056,25	-1,21106040477753	600	-2,30978083610535	1056,25	-1,30487525463104	600	-2,39925289154053	600	-2,33881497383118	1056,25	-1,24622297286987	1056,25	-1,16639959812164	600	-2,31675791740417	600	-2,45906138420105	1056,25	-1,34589171409607	1056,25	-1,4512574672699	600	-2,54165530204773	600	-2,71255469322205	1056,25	-1,64396035671234	1056,25	-1,82139945030212	600	-2,92976903915405	
1059,375	1,90053689479828	603,125	1,45905947685242	1059,375	1,61658871173859	603,125	1,25941801071167	603,125	1,10591804981232	1059,375	1,08690536022186	1059,375	0,94173800945282	603,125	0,851431310176849	603,125	0,801441490650177	1059,375	0,886299252510071	1059,375	0,696668803691864	603,125	0,657582879066467	603,125	0,536016285419464	1059,375	0,491619497537613	1059,375	0,342383086681366	603,125	0,435291051864624	1059,375	-1,20749747753143	603,125	-2,2929003238678	1059,375	-1,30641794204712	603,125	-2,39052677154541	603,125	-2,33116555213928	1059,375	-1,22513067722321	1059,375	-1,16202580928802	603,125	-2,30996561050415	603,125	-2,45274329185486	1059,375	-1,34499788284302	1059,375	-1,45066928863525	603,125	-2,53620886802673	603,125	-2,70829510688782	1059,375	-1,6435341835022	1059,375	-1,82148826122284	603,125	-2,92573118209839	
1062,5	1,89225029945374	606,25	1,47273898124695	1062,5	1,61430597305298	606,25	1,25970470905304	606,25	1,10614669322968	1062,5	1,09107792377472	1062,5	0,941598236560822	606,25	0,852315545082092	606,25	0,801703572273254	1062,5	0,885026395320892	1062,5	0,693744838237762	606,25	0,657955825328827	606,25	0,533383905887604	1062,5	0,488856017589569	1062,5	0,339518010616302	606,25	0,434628218412399	1062,5	-1,20368647575378	606,25	-2,29069852828979	1062,5	-1,30724382400513	606,25	-2,37154483795166	606,25	-2,31288170814514	1062,5	-1,19871950149536	1062,5	-1,15401363372803	606,25	-2,29174160957336	606,25	-2,43375730514526	1062,5	-1,34133756160736	1062,5	-1,44661498069763	606,25	-2,51665329933167	606,25	-2,68698668479919	1062,5	-1,63895165920258	1062,5	-1,81549441814423	606,25	-2,90170979499817	
1065,625	1,89703965187073	609,375	1,45987069606781	1065,625	1,60738670825958	609,375	1,25883150100708	609,375	1,1045081615448	1065,625	1,09703278541565	1065,625	0,941533923149109	609,375	0,849341869354248	609,375	0,797939538955688	1065,625	0,882101237773895	1065,625	0,692312359809875	609,375	0,652989506721497	609,375	0,524941921234131	1065,625	0,485171884298325	1065,625	0,338721454143524	609,375	0,425956398248672	1065,625	-1,20688593387604	609,375	-2,26412153244019	1065,625	-1,30665254592896	609,375	-2,36751818656921	609,375	-2,30888175964355	1065,625	-1,16268157958984	1065,625	-1,13938879966736	609,375	-2,28758311271667	609,375	-2,4303925037384	1065,625	-1,32985782623291	1065,625	-1,43444406986237	609,375	-2,51299095153809	609,375	-2,6840193271637	1065,625	-1,62537837028503	1065,625	-1,80101954936981	609,375	-2,89897203445435	
1068,75	1,89538908004761	612,5	1,46366620063782	1068,75	1,61055147647858	612,5	1,25744032859802	612,5	1,10372233390808	1068,75	1,1118597984314	1068,75	0,949734687805176	612,5	0,848519146442413	612,5	0,79623943567276	1068,75	0,88800036907196	1068,75	0,698847830295563	612,5	0,651372313499451	612,5	0,520918607711792	1068,75	0,492645144462585	1068,75	0,345796555280685	612,5	0,423081040382385	1068,75	-1,20484721660614	612,5	-2,26140666007996	1068,75	-1,30341792106628	612,5	-2,35141444206238	612,5	-2,29376721382141	1068,75	-1,14681732654572	1068,75	-1,13450801372528	612,5	-2,27254986763	612,5	-2,41512322425842	1068,75	-1,32738494873047	1068,75	-1,43257820606232	612,5	-2,49804592132568	612,5	-2,666668176651	1068,75	-1,62429463863373	1068,75	-1,80138063430786	612,5	-2,88168954849243	
1071,875	1,89859473705292	615,625	1,46400654315948	1071,875	1,60903036594391	615,625	1,25176596641541	615,625	1,09890031814575	1071,875	1,11972546577454	1071,875	0,952749848365784	615,625	0,844575583934784	615,625	0,791738271713257	1071,875	0,887937724590302	1071,875	0,69864809513092	615,625	0,646849155426025	615,625	0,515007734298706	1071,875	0,492937862873077	1071,875	0,345138162374496	615,625	0,418231725692749	1071,875	-1,21507167816162	615,625	-2,25800657272339	1071,875	-1,3042403459549	615,625	-2,33262419700623	615,625	-2,27599859237671	1071,875	-1,12401235103607	1071,875	-1,12624597549438	615,625	-2,2545371055603	615,625	-2,39598202705383	1071,875	-1,32195901870728	1071,875	-1,42533469200134	615,625	-2,47789216041565	615,625	-2,64341902732849	1071,875	-1,61628305912018	1071,875	-1,79224824905396	615,625	-2,85737109184265	
1075	1,89449083805084	618,75	1,46293187141418	1075	1,60836255550385	618,75	1,25484669208527	618,75	1,10141706466675	1075	1,12779545783997	1075	0,953251659870148	618,75	0,846417009830475	618,75	0,792697072029114	1075	0,886748373508453	1075	0,697320342063904	618,75	0,647784173488617	618,75	0,513715207576752	1075	0,48959493637085	1075	0,342309474945068	618,75	0,416718333959579	1075	-1,21752226352692	618,75	-2,23376750946045	1075	-1,30957686901093	618,75	-2,32460737228394	618,75	-2,26847243309021	1075	-1,10694825649261	1075	-1,12113106250763	618,75	-2,24732708930969	618,75	-2,38909101486206	1075	-1,31778883934021	1075	-1,42231476306915	618,75	-2,47083401679993	618,75	-2,63491344451904	1075	-1,61054015159607	1075	-1,78804349899292	618,75	-2,84993743896484	
1078,125	1,89195787906647	621,875	1,47403407096863	1078,125	1,6010754108429	621,875	1,25870454311371	621,875	1,1040848493576	1078,125	1,13448190689087	1078,125	0,951047301292419	621,875	0,847936511039734	621,875	0,793432235717773	1078,125	0,881285130977631	1078,125	0,691185355186462	621,875	0,646844089031219	621,875	0,511278748512268	1078,125	0,482960551977158	1078,125	0,333702325820923	621,875	0,412994027137756	1078,125	-1,21074080467224	621,875	-2,22292470932007	1078,125	-1,31626725196838	621,875	-2,31862807273865	621,875	-2,26332187652588	1078,125	-1,09128868579865	1078,125	-1,1146981716156	621,875	-2,24239587783813	621,875	-2,38473057746887	1078,125	-1,31372582912445	1078,125	-1,41545414924622	621,875	-2,46688055992126	621,875	-2,62924671173096	1078,125	-1,60626232624054	1078,125	-1,7820543050766	621,875	-2,84603881835938	
1081,25	1,88798773288727	625	1,46298909187317	1081,25	1,5875084400177	625	1,26410925388336	625	1,10905432701111	1081,25	1,15528190135956	1081,25	0,959968209266663	625	0,853375792503357	625	0,799036741256714	1081,25	0,886193633079529	1081,25	0,697356522083282	625	0,652267277240753	625	0,517519354820251	1081,25	0,490316271781921	1081,25	0,344745069742203	625	0,419202148914337	1081,25	-1,21546316146851	625	-2,20504689216614	1081,25	-1,30950033664703	625	-2,30107188224792	625	-2,24668669700623	1081,25	-1,06998217105865	1081,25	-1,10024845600128	625	-2,22705054283142	625	-2,36880373954773	1081,25	-1,29778611660004	1081,25	-1,40057241916656	625	-2,45190024375916	625	-2,61178517341614	1081,25	-1,58793497085571	1081,25	-1,76295161247253	625	-2,82898712158203	
1084,375	1,8872013092041	628,125	1,46507298946381	1084,375	1,58758914470673	628,125	1,25610315799713	628,125	1,10124373435974	1084,375	1,16194844245911	1084,375	0,960369884967804	628,125	0,846488475799561	628,125	0,791034817695618	1084,375	0,885604739189148	1084,375	0,695101797580719	628,125	0,644458770751953	628,125	0,509855449199677	1084,375	0,48616173863411	1084,375	0,339646458625793	628,125	0,410393983125687	1084,375	-1,21464049816132	628,125	-2,20305275917053	1084,375	-1,31464338302612	628,125	-2,28284001350403	628,125	-2,22850584983826	1084,375	-1,06072354316711	1084,375	-1,09815979003906	628,125	-2,20856046676636	628,125	-2,34909558296204	1084,375	-1,29790556430817	1084,375	-1,40093505382538	628,125	-2,43068933486938	628,125	-2,58760762214661	1084,375	-1,58788704872131	1084,375	-1,76239311695099	628,125	-2,80312705039978	
1087,5	1,88574755191803	631,25	1,46236991882324	1087,5	1,58182728290558	631,25	1,2637106180191	631,25	1,1087554693222	1087,5	1,17302441596985	1087,5	0,962516129016876	631,25	0,85401713848114	631,25	0,799344062805176	1087,5	0,885246217250824	1087,5	0,694434106349945	631,25	0,653126537799835	631,25	0,51973557472229	1087,5	0,485353350639343	1087,5	0,338084608316422	631,25	0,420685231685638	1087,5	-1,23088228702545	631,25	-2,18788814544678	1087,5	-1,31843781471252	631,25	-2,26167893409729	631,25	-2,20946598052979	1087,5	-1,05043959617615	1087,5	-1,09245777130127	631,25	-2,19138336181641	631,25	-2,33162474632263	1087,5	-1,29354095458984	1087,5	-1,39749944210052	631,25	-2,41365456581116	631,25	-2,56970906257629	1087,5	-1,5829735994339	1087,5	-1,75716006755829	631,25	-2,78468680381775	
1090,625	1,88167810440063	634,375	1,46580588817596	1090,625	1,5784215927124	634,375	1,26163601875305	634,375	1,10648918151855	1090,625	1,18345558643341	1090,625	0,96636974811554	634,375	0,852213859558105	634,375	0,796275675296783	1090,625	0,88606071472168	1090,625	0,696944892406464	634,375	0,650269031524658	634,375	0,516355037689209	1090,625	0,486824482679367	1090,625	0,338637411594391	634,375	0,416263282299042	1090,625	-1,23474967479706	634,375	-2,17481756210327	1090,625	-1,32019901275635	634,375	-2,24884557723999	634,375	-2,19722628593445	1090,625	-1,04217612743378	1090,625	-1,0878838300705	634,375	-2,17931771278381	634,375	-2,31932330131531	1090,625	-1,2892724275589	1090,625	-1,39507746696472	634,375	-2,4007568359375	634,375	-2,55637907981873	1090,625	-1,57992601394653	1090,625	-1,7532479763031	634,375	-2,77048993110657	
1093,75	1,87853944301605	637,5	1,46717345714569	1093,75	1,56759250164032	637,5	1,25864160060883	637,5	1,10282957553864	1093,75	1,19140553474426	1093,75	0,966613948345184	637,5	0,848238587379456	637,5	0,790850877761841	1093,75	0,884858250617981	1093,75	0,694660067558289	637,5	0,644176125526428	637,5	0,509704232215881	1093,75	0,484583556652069	1093,75	0,336552172899246	637,5	0,407007336616516	1093,75	-1,2432599067688	637,5	-2,15510678291321	1093,75	-1,32757842540741	637,5	-2,24139857292175	637,5	-2,18952488899231	1093,75	-1,03187608718872	1093,75	-1,08164584636688	637,5	-2,17094922065735	637,5	-2,31140303611755	1093,75	-1,28401386737823	1093,75	-1,39011645317078	637,5	-2,39169383049011	637,5	-2,54644703865051	1093,75	-1,57516372203827	1093,75	-1,74682438373566	637,5	-2,75977396965027	
1096,875	1,86916100978851	640,625	1,4703129529953	1096,875	1,55505478382111	640,625	1,2666472196579	640,625	1,1089254617691	1096,875	1,20135319232941	1096,875	0,970232307910919	640,625	0,852549850940704	640,625	0,794751107692719	1096,875	0,886913537979126	1096,875	0,695794343948364	640,625	0,647075474262238	640,625	0,512079358100891	1096,875	0,485653102397919	1096,875	0,338590711355209	640,625	0,407475352287292	1096,875	-1,24177706241608	640,625	-2,14924716949463	1096,875	-1,32700276374817	640,625	-2,23832774162292	640,625	-2,18722915649414	1096,875	-1,02304458618164	1096,875	-1,0727516412735	640,625	-2,16900038719177	640,625	-2,31072020530701	1096,875	-1,27497899532318	1096,875	-1,37945663928986	640,625	-2,39174151420593	640,625	-2,54677438735962	1096,875	-1,56461977958679	1096,875	-1,7360372543335	640,625	-2,7613537311554	
1100	1,86551880836487	643,75	1,47568345069885	1100	1,54369843006134	643,75	1,25718915462494	643,75	1,10052788257599	1100	1,21010375022888	1100	0,971769034862518	643,75	0,845088303089142	643,75	0,785686433315277	1100	0,887161195278168	1100	0,695122897624969	643,75	0,638995826244354	643,75	0,503646016120911	1100	0,485520541667938	1100	0,338329136371613	643,75	0,397375911474228	1100	-1,24754333496094	643,75	-2,13516235351563	1100	-1,32894730567932	643,75	-2,21491241455078	643,75	-2,16345906257629	1100	-1,01660704612732	1100	-1,06650078296661	643,75	-2,14503741264343	643,75	-2,28535079956055	1100	-1,26905703544617	1100	-1,37287044525146	643,75	-2,36519551277161	643,75	-2,5179545879364	1100	-1,55660343170166	1100	-1,7273930311203	643,75	-2,72908186912537	
1103,125	1,84975242614746	646,875	1,47890245914459	1103,125	1,5278856754303	646,875	1,26355445384979	646,875	1,10669600963593	1103,125	1,2172646522522	1103,125	0,971706748008728	646,875	0,851080358028412	646,875	0,791320979595184	1103,125	0,885983765125275	1103,125	0,693419337272644	646,875	0,645208537578583	646,875	0,510354816913605	1103,125	0,484247893095016	1103,125	0,336915969848633	646,875	0,403246223926544	1103,125	-1,25648427009583	646,875	-2,12162637710571	1103,125	-1,33169484138489	646,875	-2,20252251625061	646,875	-2,15203428268433	1103,125	-1,00938177108765	1103,125	-1,06083226203918	646,875	-2,13431525230408	646,875	-2,27450394630432	1103,125	-1,26429748535156	1103,125	-1,3673415184021	646,875	-2,35437536239624	646,875	-2,50705218315125	1103,125	-1,54966735839844	1103,125	-1,71899974346161	646,875	-2,71735310554504	
1106,25	1,84270405769348	650	1,46997404098511	1106,25	1,52250254154205	650	1,25612509250641	650	1,09859335422516	1106,25	1,22726154327393	1106,25	0,978990256786346	650	0,842493534088135	650	0,780802309513092	1106,25	0,892816126346588	1106,25	0,699216306209564	650	0,634304344654083	650	0,49837788939476	1106,25	0,490450918674469	1106,25	0,343726068735123	650	0,388159453868866	1106,25	-1,25650012493134	650	-2,11300444602966	1106,25	-1,3294837474823	650	-2,19401097297668	650	-2,1433641910553	1106,25	-1,00484585762024	1106,25	-1,05785012245178	650	-2,12494301795959	650	-2,2651960849762	1106,25	-1,26172339916229	1106,25	-1,36389803886414	650	-2,34355330467224	650	-2,49587655067444	1106,25	-1,54801058769226	1106,25	-1,7179069519043	650	-2,70390248298645	
1109,375	1,83533120155334	653,125	1,48085331916809	1109,375	1,49054324626923	653,125	1,26398265361786	653,125	1,10593688488007	1109,375	1,23014318943024	1109,375	0,974258482456207	653,125	0,849945783615112	653,125	0,787838459014893	1109,375	0,884938657283783	1109,375	0,691551685333252	653,125	0,641792953014374	653,125	0,505715489387512	1109,375	0,479614973068237	1109,375	0,333391577005386	653,125	0,396095991134644	1109,375	-1,2722020149231	653,125	-2,09665727615356	1109,375	-1,33799946308136	653,125	-2,18049287796021	653,125	-2,13072776794434	1109,375	-0,996745944023132	1109,375	-1,05011224746704	653,125	-2,11371922492981	653,125	-2,25357031822205	1109,375	-1,25498509407043	1109,375	-1,3566986322403	653,125	-2,3326952457428	653,125	-2,48535394668579	1109,375	-1,53632295131683	1109,375	-1,7066456079483	653,125	-2,6919732093811	
1112,5	1,83113050460815	656,25	1,47397315502167	1112,5	1,47877991199493	656,25	1,26847624778748	656,25	1,1103812456131	1112,5	1,23722147941589	1112,5	0,976113855838776	656,25	0,853906869888306	656,25	0,791535675525665	1112,5	0,886560082435608	1112,5	0,691166460514069	656,25	0,64513099193573	656,25	0,509523212909698	1112,5	0,478667974472046	1112,5	0,332699596881866	656,25	0,399151086807251	1112,5	-1,29160726070404	656,25	-2,09549236297607	1112,5	-1,34376204013824	656,25	-2,17080283164978	656,25	-2,12092399597168	1112,5	-0,992910325527191	1112,5	-1,04961168766022	656,25	-2,10421299934387	656,25	-2,24326682090759	1112,5	-1,2565495967865	1112,5	-1,35761320590973	656,25	-2,32320737838745	656,25	-2,47600317001343	1112,5	-1,53734052181244	1112,5	-1,70892441272736	656,25	-2,68111991882324	
1115,625	1,81214642524719	659,375	1,46665012836456	1115,625	1,45867943763733	659,375	1,26618754863739	659,375	1,10778939723969	1115,625	1,245964884758	1115,625	0,982984304428101	659,375	0,852383315563202	659,375	0,787839412689209	1115,625	0,89201545715332	1115,625	0,69942831993103	659,375	0,643053770065308	659,375	0,505952179431915	1115,625	0,489517539739609	1115,625	0,344671040773392	659,375	0,395122975111008	1115,625	-1,29569566249847	659,375	-2,085857629776	1115,625	-1,32657325267792	659,375	-2,15431189537048	659,375	-2,10424709320068	1115,625	-0,986306846141815	1115,625	-1,04095184803009	659,375	-2,08704566955566	659,375	-2,22520637512207	1115,625	-1,24843430519104	1115,625	-1,348468542099	659,375	-2,30489873886108	659,375	-2,45583081245422	1115,625	-1,5290949344635	1115,625	-1,69969809055328	659,375	-2,65814018249512	
1118,75	1,80397915840149	662,5	1,46998012065887	1118,75	1,42605602741241	662,5	1,26353061199188	662,5	1,10430240631104	1118,75	1,24691915512085	1118,75	0,977273941040039	662,5	0,848099827766418	662,5	0,782092869281769	1118,75	0,883755803108215	1118,75	0,68714714050293	662,5	0,636540114879608	662,5	0,497416496276855	1118,75	0,476710677146912	1118,75	0,330082476139069	662,5	0,384803116321564	1118,75	-1,300661444664	662,5	-2,07023453712463	1118,75	-1,34230375289917	662,5	-2,15165376663208	662,5	-2,10207533836365	1118,75	-0,98435240983963	1118,75	-1,0385023355484	662,5	-2,08500218391418	662,5	-2,22375655174255	1118,75	-1,24938130378723	1118,75	-1,34474921226501	662,5	-2,3035523891449	662,5	-2,45437979698181	1118,75	-1,52453005313873	1118,75	-1,69400119781494	662,5	-2,65656304359436	
1121,875	1,77859282493591	665,625	1,47617399692535	1121,875	1,41774749755859	665,625	1,25909101963043	665,625	1,09964525699615	1121,875	1,25408267974854	1121,875	0,982388317584991	665,625	0,84342348575592	665,625	0,775787174701691	1121,875	0,889865577220917	1121,875	0,691169857978821	665,625	0,630063951015472	665,625	0,490082770586014	1121,875	0,48310187458992	1121,875	0,336158096790314	665,625	0,375923156738281	1121,875	-1,31582963466644	665,625	-2,05786061286926	1121,875	-1,32883405685425	665,625	-2,14077830314636	665,625	-2,0914454460144	1121,875	-0,980890154838562	1121,875	-1,03607714176178	665,625	-2,0739049911499	665,625	-2,21267151832581	1121,875	-1,24711298942566	1121,875	-1,34199035167694	665,625	-2,29133009910584	665,625	-2,44209623336792	1121,875	-1,52303671836853	1121,875	-1,69356870651245	665,625	-2,64239263534546	
1125	1,75909280776978	668,75	1,47651970386505	1125	1,37983357906342	668,75	1,26475155353546	668,75	1,10538828372955	1125	1,25840044021606	1125	0,980681359767914	668,75	0,849838435649872	668,75	0,781427502632141	1125	0,884882986545563	1125	0,687060177326202	668,75	0,636665761470795	668,75	0,496822983026505	1125	0,478020429611206	1125	0,332622915506363	668,75	0,382985055446625	1125	-1,30979359149933	668,75	-2,05688166618347	1125	-1,32799053192139	668,75	-2,12438488006592	668,75	-2,07532167434692	1125	-0,977372109889984	1125	-1,03079056739807	668,75	-2,05895686149597	668,75	-2,19696116447449	1125	-1,24345672130585	1125	-1,33636009693146	668,75	-2,27647638320923	668,75	-2,42680644989014	1125	-1,51545417308807	1125	-1,68780136108398	668,75	-2,62454986572266	
1128,125	1,73997056484222	671,875	1,48074316978455	1128,125	1,36058044433594	671,875	1,27188193798065	671,875	1,11207520961761	1128,125	1,26227104663849	1128,125	0,979673504829407	671,875	0,85549259185791	671,875	0,78638356924057	1128,125	0,883362889289856	1128,125	0,685700237751007	671,875	0,641773462295532	671,875	0,50122344493866	1128,125	0,472226709127426	1128,125	0,327027916908264	671,875	0,387174844741821	1128,125	-1,33178544044495	671,875	-2,03791761398315	1128,125	-1,32464075088501	671,875	-2,11834192276001	671,875	-2,06970906257629	1128,125	-0,971357226371765	1128,125	-1,02547776699066	671,875	-2,05431723594666	671,875	-2,1922664642334	1128,125	-1,24225163459778	1128,125	-1,33316338062286	671,875	-2,27259278297424	671,875	-2,42382621765137	1128,125	-1,51070499420166	1128,125	-1,68368649482727	671,875	-2,62089347839355	
1131,25	1,70964121818542	675	1,48567926883698	1131,25	1,31517386436462	675	1,26968264579773	675	1,11100685596466	1131,25	1,26594316959381	1131,25	0,983666598796844	675	0,855566561222076	675	0,78567361831665	1131,25	0,883681654930115	1131,25	0,687270522117615	675	0,641401648521423	675	0,501458525657654	1131,25	0,475914627313614	1131,25	0,331817179918289	675	0,387805432081223	1131,25	-1,34443080425262	675	-2,02304100990295	1131,25	-1,28511381149292	675	-2,09913516044617	675	-2,0508189201355	1131,25	-0,964367091655731	1131,25	-1,01357018947601	675	-2,03536415100098	675	-2,17146015167236	1131,25	-1,23080217838287	1131,25	-1,31783533096313	675	-2,25119376182556	675	-2,40206146240234	1131,25	-1,49308156967163	1131,25	-1,66200828552246	675	-2,59636545181274	
1134,375	1,68585216999054	678,125	1,47887229919434	1134,375	1,30493688583374	678,125	1,27131938934326	678,125	1,11293017864227	1134,375	1,27169013023376	1134,375	0,986465215682983	678,125	0,857047319412231	678,125	0,787371516227722	1134,375	0,884887158870697	1134,375	0,688946127891541	678,125	0,64368748664856	678,125	0,502177774906158	1134,375	0,479038506746292	1134,375	0,334705173969269	678,125	0,389413833618164	1134,375	-1,33855402469635	678,125	-2,01220989227295	1134,375	-1,27140533924103	678,125	-2,08356094360352	678,125	-2,03518533706665	1134,375	-0,962847530841827	1134,375	-1,0132622718811	678,125	-2,02149558067322	678,125	-2,15615940093994	1134,375	-1,23278856277466	1134,375	-1,31814169883728	678,125	-2,23757934570313	678,125	-2,38709735870361	1134,375	-1,49600863456726	1134,375	-1,66620051860809	678,125	-2,57824540138245	
1137,5	1,64437544345856	681,25	1,48485386371613	1137,5	1,27453994750977	681,25	1,27219951152802	681,25	1,11295759677887	1137,5	1,2721334695816	1137,5	0,983997225761414	681,25	0,857232987880707	681,25	0,785621106624603	1137,5	0,878080785274506	1137,5	0,682435512542725	681,25	0,642472922801971	681,25	0,499523907899857	1137,5	0,470606237649918	1137,5	0,325516760349274	681,25	0,385218054056168	1137,5	-1,34082365036011	681,25	-2,01194667816162	1137,5	-1,25622999668121	681,25	-2,07647752761841	681,25	-2,02883005142212	1137,5	-0,962108671665192	1137,5	-1,0126394033432	681,25	-2,01479244232178	681,25	-2,14983487129211	1137,5	-1,23574268817902	1137,5	-1,31731855869293	681,25	-2,23138761520386	681,25	-2,38089418411255	1137,5	-1,49726891517639	1137,5	-1,66934418678284	681,25	-2,57151651382446	
1140,625	1,60866105556488	684,375	1,47463464736938	1140,625	1,24473929405212	684,375	1,27272295951843	684,375	1,11255884170532	1140,625	1,27149605751038	1140,625	0,982792675495148	684,375	0,856621205806732	684,375	0,783662855625153	1140,625	0,869728684425354	1140,625	0,678339898586273	684,375	0,640083074569702	684,375	0,496218919754028	1140,625	0,465847134590149	1140,625	0,321381330490112	684,375	0,381652504205704	1140,625	-1,33915627002716	684,375	-2,00436997413635	1140,625	-1,20827805995941	684,375	-2,07137775421143	684,375	-2,02412271499634	1140,625	-0,954780995845795	1140,625	-1,00166463851929	684,375	-2,00921440124512	684,375	-2,14436268806458	1140,625	-1,22413778305054	1140,625	-1,3021354675293	684,375	-2,22522330284119	684,375	-2,37504148483276	1140,625	-1,47910904884338	1140,625	-1,6475750207901	684,375	-2,56497383117676	
1143,75	1,57387399673462	687,5	1,4767142534256	1143,75	1,24413132667542	687,5	1,267134308815	687,5	1,10616385936737	1143,75	1,27838540077209	1143,75	0,987121105194092	687,5	0,849317610263824	687,5	0,774399101734161	1143,75	0,872732937335968	1143,75	0,682434976100922	687,5	0,629988789558411	687,5	0,484533399343491	1143,75	0,47091144323349	1143,75	0,324973911046982	687,5	0,366682142019272	1143,75	-1,3342399597168	687,5	-1,98820555210114	1143,75	-1,18351542949677	687,5	-2,07317352294922	687,5	-2,02539396286011	1143,75	-0,953381419181824	1143,75	-0,999941110610962	687,5	-2,00913906097412	687,5	-2,14431238174438	1143,75	-1,22621393203735	1143,75	-1,30194854736328	687,5	-2,22548937797546	687,5	-2,37546277046204	1143,75	-1,47993195056915	1143,75	-1,64979457855225	687,5	-2,56400942802429	
1146,875	1,52667546272278	690,625	1,48256349563599	1146,875	1,23750078678131	690,625	1,26136493682861	690,625	1,10137403011322	1146,875	1,28147327899933	1146,875	0,987248003482819	690,625	0,847262442111969	690,625	0,771478831768036	1146,875	0,86917382478714	1146,875	0,682227790355682	690,625	0,627649664878845	690,625	0,482627809047699	1146,875	0,470231056213379	1146,875	0,321646749973297	690,625	0,364322632551193	1146,875	-1,32926917076111	690,625	-1,97789406776428	1146,875	-1,14821374416351	690,625	-2,04126954078674	690,625	-1,99423372745514	1146,875	-0,94879287481308	1146,875	-0,993472456932068	690,625	-1,97751033306122	690,625	-2,10880184173584	1146,875	-1,22062146663666	1146,875	-1,29463768005371	690,625	-2,19165778160095	690,625	-2,33896684646606	1146,875	-1,47478210926056	1146,875	-1,64355957508087	690,625	-2,52246832847595	
1150	1,48883390426636	693,75	1,48053407669067	1150	1,23361027240753	693,75	1,26916921138763	693,75	1,10778820514679	1150	1,28335976600647	1150	0,990490555763245	693,75	0,85251396894455	693,75	0,776798844337463	1150	0,866085767745972	1150	0,684975802898407	693,75	0,631849884986877	693,75	0,484834134578705	1150	0,475477039813995	1150	0,328440576791763	693,75	0,367067843675613	1150	-1,31572473049164	693,75	-1,9711229801178	1150	-1,10394537448883	693,75	-2,04463982582092	693,75	-1,99836540222168	1150	-0,938793301582336	1150	-0,983632862567902	693,75	-1,98384988307953	693,75	-2,11558604240417	1150	-1,20904815196991	1150	-1,28019738197327	693,75	-2,19895267486572	693,75	-2,34749412536621	1150	-1,4594486951828	1150	-1,62493908405304	693,75	-2,531325340271	
1153,125	1,45357131958008	696,875	1,47917783260345	1153,125	1,24464273452759	696,875	1,269690990448	696,875	1,10731303691864	1153,125	1,28830814361572	1153,125	0,993286728858948	696,875	0,85238778591156	696,875	0,776630818843842	1153,125	0,864599883556366	1153,125	0,686188519001007	696,875	0,631331741809845	696,875	0,483107089996338	1153,125	0,479306310415268	1153,125	0,330791145563126	696,875	0,364736318588257	1153,125	-1,29386842250824	696,875	-1,9615843296051	1153,125	-1,07490170001984	696,875	-2,03525018692017	696,875	-1,98944926261902	1153,125	-0,93755829334259	1153,125	-0,982882499694824	696,875	-1,97530806064606	696,875	-2,10692405700684	1153,125	-1,20651483535767	1153,125	-1,28106844425201	696,875	-2,19061541557312	696,875	-2,33913707733154	1153,125	-1,45971119403839	1153,125	-1,62751734256744	696,875	-2,52064204216003	
1156,25	1,40363144874573	700	1,47919619083405	1156,25	1,2344845533371	700	1,26880395412445	700	1,10723805427551	1156,25	1,29023313522339	1156,25	0,990460097789764	700	0,853667855262756	700	0,777993083000183	1156,25	0,855006098747253	1156,25	0,68156373500824	700	0,633103847503662	700	0,484432220458984	1156,25	0,472982406616211	1156,25	0,325221180915833	700	0,366399258375168	1156,25	-1,26907002925873	700	-1,95699000358582	1156,25	-1,04957091808319	700	-2,01945018768311	700	-1,97416853904724	1156,25	-0,938957870006561	1156,25	-0,984062790870667	700	-1,95992612838745	700	-2,09042811393738	1156,25	-1,21218824386597	1156,25	-1,2835191488266	700	-2,17387342453003	700	-2,32166337966919	1156,25	-1,46335864067078	1156,25	-1,63319873809814	700	-2,49922966957092	
1159,375	1,36613082885742	703,125	1,47762942314148	1159,375	1,23175799846649	703,125	1,26816499233246	703,125	1,1056455373764	1159,375	1,28774344921112	1159,375	0,988832890987396	703,125	0,851549744606018	703,125	0,774258971214294	1159,375	0,845576703548431	1159,375	0,677169859409332	703,125	0,628862321376801	703,125	0,477573603391647	1159,375	0,466470569372177	1159,375	0,318173319101334	703,125	0,359372228384018	1159,375	-1,23926162719727	703,125	-1,94648957252502	1159,375	-1,00883150100708	703,125	-2,01172685623169	703,125	-1,96594440937042	1159,375	-0,93459165096283	1159,375	-0,975207448005676	703,125	-1,95241296291351	703,125	-2,08242917060852	1159,375	-1,20300626754761	1159,375	-1,27082049846649	703,125	-2,16567087173462	703,125	-2,314044713974	1159,375	-1,44853174686432	1159,375	-1,61735844612122	703,125	-2,48868989944458	
1162,5	1,34662294387817	706,25	1,49097502231598	1162,5	1,24938309192657	706,25	1,2707108259201	706,25	1,10725748538971	1162,5	1,29402363300323	1162,5	0,994901120662689	706,25	0,852740943431854	706,25	0,773854374885559	1162,5	0,848697781562805	1162,5	0,68244743347168	706,25	0,629857301712036	706,25	0,475883722305298	1162,5	0,472032189369202	1162,5	0,326911568641663	706,25	0,357582271099091	1162,5	-1,18571162223816	706,25	-1,93173456192017	1162,5	-0,993800044059753	706,25	-2,00775289535522	706,25	-1,96239840984344	1162,5	-0,933628976345062	1162,5	-0,973690152168274	706,25	-1,95036149024963	706,25	-2,07985353469849	1162,5	-1,20152997970581	1162,5	-1,27432918548584	706,25	-2,16459512710571	706,25	-2,31390738487244	1162,5	-1,45234596729279	1162,5	-1,62126851081848	706,25	-2,48719143867493	
1165,625	1,30992257595062	709,375	1,48534917831421	1165,625	1,26442468166351	709,375	1,27622282505035	709,375	1,11219882965088	1165,625	1,29608201980591	1165,625	0,994702935218811	709,375	0,857988715171814	709,375	0,778793215751648	1165,625	0,843682885169983	1165,625	0,683789908885956	709,375	0,636547803878784	709,375	0,48081910610199	1165,625	0,474633067846298	1165,625	0,328698933124542	709,375	0,364899158477783	1165,625	-1,13502931594849	709,375	-1,92734372615814	1165,625	-0,957293212413788	709,375	-1,99425542354584	709,375	-1,95023274421692	1165,625	-0,926137804985046	1165,625	-0,965583682060242	709,375	-1,93916916847229	709,375	-2,06861758232117	1165,625	-1,18671715259552	1165,625	-1,26235294342041	709,375	-2,15445399284363	709,375	-2,30394816398621	1165,625	-1,44042909145355	1165,625	-1,61093235015869	709,375	-2,47400689125061	
1168,75	1,26905083656311	712,5	1,48359501361847	1168,75	1,27533757686615	712,5	1,27032673358917	712,5	1,10663819313049	1168,75	1,2963809967041	1168,75	0,994942307472229	712,5	0,854456424713135	712,5	0,774448215961456	1168,75	0,841393947601318	1168,75	0,684946894645691	712,5	0,632360994815826	712,5	0,472121059894562	1168,75	0,473945170640945	1168,75	0,326304286718369	712,5	0,35842576622963	1168,75	-1,10475063323975	712,5	-1,91385102272034	1168,75	-0,941358923912048	712,5	-1,973100066185	712,5	-1,92621254920959	1168,75	-0,924191534519196	1168,75	-0,962681889533997	712,5	-1,91597330570221	712,5	-2,04056596755981	1168,75	-1,18174600601196	1168,75	-1,25928914546967	712,5	-2,12811970710754	712,5	-2,27520632743835	1168,75	-1,43745911121368	1168,75	-1,60862052440643	712,5	-2,43866014480591	
1171,875	1,28407490253448	715,625	1,48648500442505	1171,875	1,29249036312103	715,625	1,27251958847046	715,625	1,1076854467392	1171,875	1,29615128040314	1171,875	0,992933869361877	715,625	0,853816390037537	715,625	0,772454679012299	1171,875	0,835448205471039	1171,875	0,680805265903473	715,625	0,628690004348755	715,625	0,466361999511719	1171,875	0,47001776099205	1171,875	0,321506232023239	715,625	0,351299792528152	1171,875	-1,03242886066437	715,625	-1,90652179718018	1171,875	-0,925544083118439	715,625	-1,97782289981842	715,625	-1,9314352273941	1171,875	-0,9234619140625	1171,875	-0,959214448928833	715,625	-1,92226731777191	715,625	-2,04576849937439	1171,875	-1,17343521118164	1171,875	-1,25565922260284	715,625	-2,13562250137329	715,625	-2,28239250183105	1171,875	-1,43619608879089	1171,875	-1,60613679885864	715,625	-2,44615316390991	
1175	1,28358948230743	718,75	1,48113036155701	1175	1,30666601657867	718,75	1,26988053321838	718,75	1,10500156879425	1175	1,29499363899231	1175	0,993775010108948	718,75	0,84937459230423	718,75	0,767613887786865	1175	0,832901179790497	1175	0,681025087833405	718,75	0,622638940811157	718,75	0,456781446933746	1175	0,470756202936172	1175	0,320285588502884	718,75	0,344224184751511	1175	-0,985450327396393	718,75	-1,89567279815674	1175	-0,90429961681366	718,75	-1,97100353240967	718,75	-1,92461621761322	1175	-0,914437353610992	1175	-0,952242016792297	718,75	-1,91617548465729	718,75	-2,03871273994446	1175	-1,15826117992401	1175	-1,24384593963623	718,75	-2,13125014305115	718,75	-2,27646565437317	1175	-1,4234710931778	1175	-1,58931577205658	718,75	-2,43712663650513	
1178,125	1,27980959415436	721,875	1,47923862934113	1178,125	1,31530952453613	721,875	1,27447259426117	721,875	1,10902535915375	1178,125	1,2944667339325	1178,125	0,994929373264313	721,875	0,855512976646423	721,875	0,774082779884338	1178,125	0,831362664699554	1178,125	0,679987609386444	721,875	0,628177464008331	721,875	0,459658831357956	1178,125	0,47016254067421	1178,125	0,319218188524246	721,875	0,352529734373093	1178,125	-0,927972376346588	721,875	-1,90195560455322	1178,125	-0,891992926597595	721,875	-1,9587709903717	721,875	-1,91246902942657	1178,125	-0,909592390060425	1178,125	-0,948318719863892	721,875	-1,90538096427917	721,875	-2,02695035934448	1178,125	-1,15055930614471	1178,125	-1,24128639698029	721,875	-2,12114191055298	721,875	-2,2644145488739	1178,125	-1,42027032375336	1178,125	-1,58608663082123	721,875	-2,42246460914612	
1181,25	1,27248871326447	725	1,48519134521484	1181,25	1,32797706127167	725	1,26787900924683	725	1,10208714008331	1181,25	1,2980614900589	1181,25	0,997056543827057	725	0,848654508590698	725	0,767324328422546	1181,25	0,83213484287262	1181,25	0,682194530963898	725	0,619034469127655	725	0,446137428283691	1181,25	0,470144957304001	1181,25	0,31899306178093	725	0,340928226709366	1181,25	-0,891022264957428	725	-1,8719596862793	1181,25	-0,881834626197815	725	-1,95288145542145	725	-1,90563762187958	1181,25	-0,907147169113159	1181,25	-0,946713328361511	725	-1,89827513694763	725	-2,01929998397827	1181,25	-1,14595437049866	1181,25	-1,24133598804474	725	-2,11494851112366	725	-2,25711417198181	1181,25	-1,42006433010101	1181,25	-1,5874297618866	725	-2,41235947608948	
1184,375	1,29255163669586	728,125	1,4896115064621	1184,375	1,34297633171082	728,125	1,27476942539215	728,125	1,10998749732971	1184,375	1,29790067672729	1184,375	0,997888147830963	728,125	0,856367766857147	728,125	0,776325762271881	1184,375	0,829750597476959	1184,375	0,682734310626984	728,125	0,627056837081909	728,125	0,451808273792267	1184,375	0,469501465559006	1184,375	0,319302827119827	728,125	0,351040571928024	1184,375	-0,852344155311584	728,125	-1,87332320213318	1184,375	-0,87008535861969	728,125	-1,93815886974335	728,125	-1,89084911346436	1184,375	-0,900489687919617	1184,375	-0,93827211856842	728,125	-1,88552629947662	728,125	-2,00533628463745	1184,375	-1,13143527507782	1184,375	-1,23001635074615	728,125	-2,1030285358429	728,125	-2,24196147918701	1184,375	-1,40995490550995	1184,375	-1,57653415203094	728,125	-2,39586353302002	
1187,5	1,30423295497894	731,25	1,47826170921326	1187,5	1,34949946403503	731,25	1,27184438705444	731,25	1,10692870616913	1187,5	1,29713141918182	1187,5	0,99691641330719	731,25	0,851974666118622	731,25	0,771556615829468	1187,5	0,826591432094574	1187,5	0,679629385471344	731,25	0,620287656784058	731,25	0,44051256775856	1187,5	0,466567695140839	1187,5	0,318100661039352	731,25	0,342420220375061	1187,5	-0,81009703874588	731,25	-1,86153018474579	1187,5	-0,860598266124725	731,25	-1,93717765808105	731,25	-1,88856410980225	1187,5	-0,894851803779602	1187,5	-0,931475818157196	731,25	-1,88369226455688	731,25	-2,00296926498413	1187,5	-1,12036871910095	1187,5	-1,22198879718781	731,25	-2,10171461105347	731,25	-2,23733830451965	1187,5	-1,39847922325134	1187,5	-1,56272637844086	731,25	-2,39186382293701	
1190,625	1,30708003044128	734,375	1,48361849784851	1190,625	1,36582767963409	734,375	1,27504467964172	734,375	1,11089432239532	1190,625	1,30052042007446	1190,625	0,999193131923676	734,375	0,854020237922668	734,375	0,773833096027374	1190,625	0,830890595912933	1190,625	0,681912899017334	734,375	0,620052933692932	734,375	0,436247318983078	1190,625	0,467566043138504	1190,625	0,320020735263824	734,375	0,343455821275711	1190,625	-0,762224197387695	734,375	-1,84715700149536	1190,625	-0,853760361671448	734,375	-1,92746782302856	734,375	-1,8797892332077	1190,625	-0,890994668006897	1190,625	-0,928408741950989	734,375	-1,87565004825592	734,375	-1,9950122833252	1190,625	-1,11357295513153	1190,625	-1,22044575214386	734,375	-2,09480142593384	734,375	-2,22731518745422	1190,625	-1,39564907550812	1190,625	-1,56292688846588	734,375	-2,3841724395752	
1193,75	1,34281575679779	737,5	1,48540854454041	1193,75	1,38115358352661	737,5	1,27161121368408	737,5	1,10724472999573	1193,75	1,30610203742981	1193,75	1,0008339881897	737,5	0,849023044109344	737,5	0,76936811208725	1193,75	0,834011018276215	1193,75	0,682844161987305	737,5	0,613366901874542	737,5	0,424435168504715	1193,75	0,467294275760651	1193,75	0,319888561964035	737,5	0,336643874645233	1193,75	-0,744404256343842	737,5	-1,84100294113159	1193,75	-0,850486695766449	737,5	-1,92352497577667	737,5	-1,87611043453217	1193,75	-0,888991415500641	1193,75	-0,927987933158875	737,5	-1,87322402000427	737,5	-1,99337828159332	1193,75	-1,11259651184082	1193,75	-1,22457146644592	737,5	-2,0942690372467	737,5	-2,22214460372925	1193,75	-1,40383267402649	1193,75	-1,57315015792847	737,5	-2,38033056259155	
1196,875	1,36350119113922	740,625	1,49519741535187	1196,875	1,3919529914856	740,625	1,27655184268951	740,625	1,11325883865356	1196,875	1,30979895591736	1196,875	1,00301456451416	740,625	0,857956945896149	740,625	0,778950273990631	1196,875	0,838460743427277	1196,875	0,687808513641357	740,625	0,622895896434784	740,625	0,43289789557457	1196,875	0,47480633854866	1196,875	0,327359348535538	740,625	0,348810225725174	1196,875	-0,71632319688797	740,625	-1,8337117433548	1196,875	-0,841704785823822	740,625	-1,90183401107788	740,625	-1,85541474819183	1196,875	-0,879809737205505	1196,875	-0,92163223028183	740,625	-1,85489654541016	740,625	-1,97393047809601	1196,875	-1,10390520095825	1196,875	-1,21613383293152	740,625	-2,07476139068604	740,625	-2,19614243507385	1196,875	-1,39685904979706	1196,875	-1,56440806388855	740,625	-2,35696172714233	
1200	1,38884449005127	743,75	1,49135911464691	1200	1,39700126647949	743,75	1,27837252616882	743,75	1,11583137512207	1200	1,30367839336395	1200	0,999171197414398	743,75	0,861723840236664	743,75	0,783327102661133	1200	0,83546781539917	1200	0,681811809539795	743,75	0,626673638820648	743,75	0,435691922903061	1200	0,469949543476105	1200	0,321810603141785	743,75	0,355412870645523	1200	-0,686081290245056	743,75	-1,82473933696747	1200	-0,835634171962738	743,75	-1,88394439220428	743,75	-1,83939838409424	1200	-0,875784456729889	1200	-0,913700759410858	743,75	-1,83953428268433	743,75	-1,95834541320801	1200	-1,08887684345245	1200	-1,20235419273376	743,75	-2,05884695053101	743,75	-2,17334628105164	1200	-1,37923741340637	1200	-1,54408597946167	743,75	-2,33506941795349	
1203,125	1,40676021575928	746,875	1,49736166000366	1203,125	1,40586984157562	746,875	1,26150846481323	746,875	1,09995090961456	1203,125	1,3073525428772	1203,125	1,00319743156433	746,875	0,844017505645752	746,875	0,764137446880341	1203,125	0,839222073554993	1203,125	0,684485077857971	746,875	0,604783594608307	746,875	0,411937057971954	1203,125	0,469951450824738	1203,125	0,319712996482849	746,875	0,330794662237167	1203,125	-0,673933446407318	746,875	-1,81350493431091	1203,125	-0,833982110023499	746,875	-1,87831461429596	746,875	-1,83136963844299	1203,125	-0,871776700019836	1203,125	-0,910200893878937	746,875	-1,82963168621063	746,875	-1,94802153110504	1203,125	-1,08575868606567	1203,125	-1,20063185691833	746,875	-2,04854512214661	746,875	-2,1528160572052	1203,125	-1,3779057264328	1203,125	-1,54096448421478	746,875	-2,31809377670288	
1206,25	1,42225193977356	750	1,50572121143341	1206,25	1,41735219955444	750	1,2614369392395	750	1,09952282905579	1206,25	1,31386816501617	1206,25	1,01009166240692	750	0,843751907348633	750	0,762234389781952	1206,25	0,848667502403259	1206,25	0,692229390144348	750	0,600190997123718	750	0,410138458013535	1206,25	0,480086624622345	1206,25	0,332174867391586	750	0,326252639293671	1206,25	-0,650483191013336	750	-1,79438316822052	1206,25	-0,829658448696136	750	-1,87410056591034	750	-1,82724821567535	1206,25	-0,866822779178619	1206,25	-0,905945837497711	750	-1,82557153701782	750	-1,94413959980011	1206,25	-1,08260679244995	1206,25	-1,19851875305176	750	-2,04627275466919	750	-2,14362645149231	1206,25	-1,37682914733887	1206,25	-1,54232883453369	750	-2,31374979019165	
1209,375	1,43926858901978	753,125	1,49331104755402	1209,375	1,42077255249023	753,125	1,26960504055023	753,125	1,10607957839966	1209,375	1,30771553516388	1209,375	1,00166666507721	753,125	0,849944949150085	753,125	0,769036650657654	1209,375	0,840906381607056	1209,375	0,681332588195801	753,125	0,60488486289978	753,125	0,416020274162292	1209,375	0,467927664518356	1209,375	0,322504878044128	753,125	0,331195533275604	1209,375	-0,635862708091736	753,125	-1,78925502300262	1209,375	-0,829886138439178	753,125	-1,87118542194366	753,125	-1,82431256771088	1209,375	-0,861908137798309	1209,375	-0,899437427520752	753,125	-1,82473647594452	753,125	-1,94391012191772	1209,375	-1,0716677904129	1209,375	-1,18544578552246	753,125	-2,0499951839447	753,125	-2,14030265808105	1209,375	-1,35738980770111	1209,375	-1,51755428314209	753,125	-2,3143002986908	
1212,5	1,45772433280945	756,25	1,48713386058807	1212,5	1,42198193073273	756,25	1,27216565608978	756,25	1,10901761054993	1212,5	1,30689525604248	1212,5	0,999620735645294	756,25	0,854288756847382	756,25	0,773314237594604	1212,5	0,83774733543396	1212,5	0,677874147891998	756,25	0,608241200447083	756,25	0,421974807977676	1212,5	0,464469075202942	1212,5	0,314619541168213	756,25	0,338581472635269	1212,5	-0,624631464481354	756,25	-1,78497684001923	1212,5	-0,828326523303986	756,25	-1,85897421836853	756,25	-1,81266605854034	1212,5	-0,858618378639221	1212,5	-0,890952467918396	756,25	-1,81626033782959	756,25	-1,93532812595367	1212,5	-1,06226253509521	1212,5	-1,17585802078247	756,25	-2,04453563690186	756,25	-2,12698340415955	1212,5	-1,34856927394867	1212,5	-1,50566565990448	756,25	-2,30373024940491	
1215,625	1,47952127456665	759,375	1,49001896381378	1215,625	1,43048894405365	759,375	1,28400707244873	759,375	1,12053275108337	1215,625	1,31354486942291	1215,625	1,00403118133545	759,375	0,861211180686951	759,375	0,780062735080719	1215,625	0,842789709568024	1215,625	0,683023393154144	759,375	0,611928820610046	759,375	0,432748854160309	1215,625	0,468634486198425	1215,625	0,318866640329361	759,375	0,348875403404236	1215,625	-0,617161393165588	759,375	-1,78961873054504	1215,625	-0,825998544692993	759,375	-1,84566009044647	759,375	-1,80321252346039	1215,625	-0,855894446372986	1215,625	-0,891687750816345	759,375	-1,80981743335724	759,375	-1,93091106414795	1215,625	-1,06249248981476	1215,625	-1,17995870113373	759,375	-2,04465079307556	759,375	-2,12154293060303	1215,625	-1,35699284076691	1215,625	-1,51775228977203	759,375	-2,30484437942505	
1218,75	1,50155532360077	762,5	1,49892044067383	1218,75	1,43402683734894	762,5	1,27800405025482	762,5	1,1147723197937	1218,75	1,3109005689621	1218,75	1,00217115879059	762,5	0,8548863530159	762,5	0,771554172039032	1218,75	0,840837299823761	1218,75	0,681400656700134	762,5	0,600391089916229	762,5	0,421208918094635	1218,75	0,466257840394974	1218,75	0,31842440366745	762,5	0,334428191184998	1218,75	-0,607526242733002	762,5	-1,76891112327576	1218,75	-0,822019934654236	762,5	-1,84683930873871	762,5	-1,80397057533264	1218,75	-0,848164260387421	1218,75	-0,88519412279129	762,5	-1,81013691425323	762,5	-1,93074142932892	1218,75	-1,05144715309143	1218,75	-1,16922044754028	762,5	-2,04836702346802	762,5	-2,11734437942505	1218,75	-1,34447062015533	1218,75	-1,50802028179169	762,5	-2,30255746841431	
1221,875	1,51648283004761	765,625	1,50213146209717	1221,875	1,44197249412537	765,625	1,28123235702515	765,625	1,11911106109619	1221,875	1,31707859039307	1221,875	1,00661206245422	765,625	0,859840333461761	765,625	0,776143312454224	1221,875	0,845783174037933	1221,875	0,685173988342285	765,625	0,600348055362701	765,625	0,428480982780457	1221,875	0,470906645059586	1221,875	0,321575522422791	765,625	0,338722258806229	1221,875	-0,60109269618988	765,625	-1,76510810852051	1221,875	-0,822612822055817	765,625	-1,8393862247467	765,625	-1,79649651050568	1221,875	-0,846921741962433	1221,875	-0,883106768131256	765,625	-1,80376422405243	765,625	-1,92317771911621	1221,875	-1,05039572715759	1221,875	-1,16784846782684	765,625	-2,04142832756042	765,625	-2,10466742515564	1221,875	-1,34520494937897	1221,875	-1,50487208366394	765,625	-2,28922438621521	
1225	1,53150773048401	768,75	1,49303305149078	1225	1,44619393348694	768,75	1,27222347259521	768,75	1,11073040962219	1225	1,31897437572479	1225	1,00729334354401	768,75	0,853005230426788	768,75	0,768137276172638	1225	0,847167670726776	1225	0,683311939239502	768,75	0,583923518657684	768,75	0,422802031040192	1225	0,470120877027512	1225	0,318345010280609	768,75	0,32949087023735	1225	-0,59966379404068	768,75	-1,7636878490448	1225	-0,825660347938538	768,75	-1,82455325126648	768,75	-1,78149926662445	1225	-0,847144961357117	1225	-0,882555246353149	768,75	-1,78723323345184	768,75	-1,90587329864502	1225	-1,0515353679657	1225	-1,16982221603394	768,75	-2,02424788475037	768,75	-2,08101224899292	1225	-1,34842646121979	1225	-1,50728523731232	768,75	-2,26451349258423	
1228,125	1,5474020242691	771,875	1,49789667129517	1228,125	1,43899750709534	771,875	1,27470791339874	771,875	1,11448204517365	1228,125	1,3161369562149	1228,125	1,00295126438141	771,875	0,858865976333618	771,875	0,774401485919952	1228,125	0,843379974365234	1228,125	0,678092539310455	771,875	0,585368037223816	771,875	0,43252494931221	1228,125	0,46477684378624	1228,125	0,313917517662048	771,875	0,336650043725967	1228,125	-0,594440162181854	771,875	-1,74867165088654	1228,125	-0,824947774410248	771,875	-1,81135582923889	771,875	-1,76804947853088	1228,125	-0,839723467826843	1228,125	-0,872896134853363	771,875	-1,77391159534454	771,875	-1,89148366451263	1228,125	-1,03697919845581	1228,125	-1,15292525291443	771,875	-2,01083016395569	771,875	-2,06372451782227	1228,125	-1,32994198799133	1228,125	-1,48639059066772	771,875	-2,24544334411621	
1231,25	1,55637288093567	775	1,50527882575989	1231,25	1,44340550899506	775	1,2805860042572	775	1,11800515651703	1231,25	1,31953930854797	1231,25	1,00564134120941	775	0,859658539295197	775	0,773184359073639	1231,25	0,844637215137482	1231,25	0,680089771747589	775	0,575200021266937	775	0,430028855800629	1231,25	0,466807931661606	1231,25	0,315354943275452	775	0,331648111343384	1231,25	-0,585153818130493	775	-1,74236392974854	1231,25	-0,823516726493835	775	-1,81133317947388	775	-1,76742660999298	1231,25	-0,83821177482605	1231,25	-0,871753334999084	775	-1,77611088752747	775	-1,89397394657135	1231,25	-1,03852880001068	1231,25	-1,15414655208588	775	-2,01603364944458	775	-2,06462430953979	1231,25	-1,33227443695068	1231,25	-1,49045741558075	775	-2,24806213378906	
1234,375	1,56690716743469	778,125	1,50849986076355	1234,375	1,44907665252686	778,125	1,28707563877106	778,125	1,12330424785614	1234,375	1,32278323173523	1234,375	1,00741171836853	778,125	0,864506304264069	778,125	0,777117013931274	1234,375	0,846429944038391	1234,375	0,681262910366058	778,125	0,569262564182281	778,125	0,435492545366287	1234,375	0,466532558202744	1234,375	0,315017193555832	778,125	0,337125152349472	1234,375	-0,580550312995911	778,125	-1,73373436927795	1234,375	-0,823780179023743	778,125	-1,79606354236603	778,125	-1,75561285018921	1234,375	-0,835594296455383	1234,375	-0,870566785335541	778,125	-1,76750135421753	778,125	-1,88710856437683	1234,375	-1,0384384393692	1234,375	-1,15701448917389	778,125	-2,01097369194031	778,125	-2,05715084075928	1234,375	-1,33639252185822	1234,375	-1,49580633640289	778,125	-2,24104046821594	
1237,5	1,57848405838013	781,25	1,5076847076416	1237,5	1,44293260574341	781,25	1,28011810779572	781,25	1,11711847782135	1237,5	1,32068860530853	1237,5	1,00292468070984	781,25	0,85954362154007	781,25	0,770216047763824	1237,5	0,840851724147797	1237,5	0,674616813659668	781,25	0,552683055400848	781,25	0,432413727045059	1237,5	0,457105100154877	1237,5	0,310868114233017	781,25	0,33195972442627	1237,5	-0,581831574440002	781,25	-1,73283553123474	1237,5	-0,828095674514771	781,25	-1,78543639183044	781,25	-1,74541115760803	1237,5	-0,831098020076752	1237,5	-0,866133391857147	781,25	-1,7568074464798	781,25	-1,87496709823608	1237,5	-1,03108382225037	1237,5	-1,14740598201752	781,25	-1,99662280082703	781,25	-2,04148817062378	1237,5	-1,32370698451996	1237,5	-1,48027217388153	781,25	-2,22306108474731	
1240,625	1,58989083766937	784,375	1,50743675231934	1240,625	1,44056797027588	784,375	1,27846217155457	784,375	1,11709308624268	1240,625	1,3246922492981	1240,625	1,00691676139832	784,375	0,860196113586426	784,375	0,770274758338928	1240,625	0,843072891235352	1240,625	0,680918514728546	784,375	0,544173240661621	784,375	0,436877489089966	1240,625	0,464352071285248	1240,625	0,318140715360641	784,375	0,335676908493042	1240,625	-0,581054508686066	784,375	-1,72102832794189	1240,625	-0,825718522071838	784,375	-1,77186787128448	784,375	-1,73303544521332	1240,625	-0,826925814151764	1240,625	-0,860775649547577	784,375	-1,7456431388855	784,375	-1,86273539066315	1240,625	-1,02725315093994	1240,625	-1,14268946647644	784,375	-1,97956657409668	784,375	-2,02641606330872	1240,625	-1,31920278072357	1240,625	-1,47531044483185	784,375	-2,20662140846252	
1243,75	1,60140013694763	787,5	1,50937414169312	1243,75	1,43493461608887	787,5	1,2737135887146	787,5	1,11280953884125	1243,75	1,3263247013092	1243,75	1,00451445579529	787,5	0,858247518539429	787,5	0,765950083732605	1243,75	0,841683804988861	1243,75	0,677316665649414	787,5	0,529985547065735	787,5	0,434572368860245	1243,75	0,460593342781067	1243,75	0,310643643140793	787,5	0,330995976924896	1243,75	-0,576494693756104	787,5	-1,70894658565521	1243,75	-0,826873004436493	787,5	-1,76199948787689	787,5	-1,72298729419708	1243,75	-0,825320363044739	1243,75	-0,855255901813507	787,5	-1,73628222942352	787,5	-1,85080409049988	1243,75	-1,02173709869385	1243,75	-1,13765025138855	787,5	-1,95917797088623	787,5	-2,00914549827576	1243,75	-1,31220054626465	1243,75	-1,46940386295319	787,5	-2,18629813194275	
1246,875	1,60844671726227	790,625	1,51330316066742	1246,875	1,4296201467514	790,625	1,27834928035736	790,625	1,11591470241547	1246,875	1,32953381538391	1246,875	1,00794899463654	790,625	0,861262083053589	790,625	0,767228364944458	1246,875	0,841998994350433	1246,875	0,679715156555176	790,625	0,51943165063858	790,625	0,435708403587341	1246,875	0,461522161960602	1246,875	0,311338931322098	790,625	0,330312371253967	1246,875	-0,575248777866364	790,625	-1,70909810066223	1246,875	-0,821772694587708	790,625	-1,75516438484192	790,625	-1,7154438495636	1246,875	-0,822912693023682	1246,875	-0,851532459259033	790,625	-1,73307979106903	790,625	-1,84570002555847	1246,875	-1,01631009578705	1246,875	-1,1333179473877	790,625	-1,9447740316391	790,625	-2,00399231910706	1246,875	-1,30915081501007	1246,875	-1,46662652492523	790,625	-2,1825635433197	
1250	1,61234319210052	793,75	1,51292777061462	1250	1,42402637004852	793,75	1,28889846801758	793,75	1,12483477592468	1250	1,32893192768097	1250	1,00973320007324	793,75	0,866472899913788	793,75	0,77145791053772	1250	0,843201398849487	1250	0,682938814163208	793,75	0,518689036369324	793,75	0,439721792936325	1250	0,466185808181763	1250	0,317901879549026	793,75	0,331962913274765	1250	-0,576447010040283	793,75	-1,69102013111115	1250	-0,814717650413513	793,75	-1,7568576335907	793,75	-1,71721684932709	1250	-0,815668284893036	1250	-0,843910276889801	793,75	-1,73651266098022	793,75	-1,84905993938446	1250	-1,00754570960999	1250	-1,12481808662415	793,75	-1,93512094020844	793,75	-2,00850892066956	1250	-1,29981052875519	1250	-1,45705890655518	793,75	-2,18846988677979	
1253,125	1,61690080165863	796,875	1,50670480728149	1253,125	1,41739857196808	796,875	1,28851652145386	796,875	1,12327897548676	1253,125	1,32644486427307	1253,125	1,00594282150269	796,875	0,862430989742279	796,875	0,765982627868652	1253,125	0,83732807636261	1253,125	0,67764687538147	796,875	0,505518674850464	796,875	0,433347314596176	1253,125	0,45878541469574	1253,125	0,307899951934814	796,875	0,323308736085892	1253,125	-0,578352749347687	796,875	-1,68896782398224	1253,125	-0,814116477966309	796,875	-1,75218379497528	796,875	-1,71412467956543	1253,125	-0,815619051456451	1253,125	-0,842279493808746	796,875	-1,7354519367218	796,875	-1,84735262393951	1253,125	-1,00432479381561	1253,125	-1,12087845802307	796,875	-1,92014539241791	796,875	-2,00733423233032	1253,125	-1,29603016376495	1253,125	-1,44896733760834	796,875	-2,18711590766907	
1256,25	1,62124872207642	800	1,5360141992569	1256,25	1,40410363674164	800	1,28495216369629	800	1,12092590332031	1256,25	1,32492780685425	1256,25	1,00438249111176	800	0,862187027931213	800	0,765056014060974	1256,25	0,835097372531891	1256,25	0,67682558298111	800	0,504999339580536	800	0,434266209602356	1256,25	0,458450496196747	1256,25	0,309995532035828	800	0,321972131729126	1256,25	-0,575551688671112	800	-1,67802965641022	1256,25	-0,80449378490448	800	-1,74507415294647	800	-1,70712959766388	1256,25	-0,809924066066742	1256,25	-0,835391879081726	800	-1,7287769317627	800	-1,8386402130127	1256,25	-0,993243515491486	1256,25	-1,10995876789093	800	-1,89971578121185	800	-1,99512100219727	1256,25	-1,2836662530899	1256,25	-1,43537294864655	800	-2,17122006416321	
1259,375	1,62498760223389	803,125	1,52937769889832	1259,375	1,40354514122009	803,125	1,29305040836334	803,125	1,12628293037415	1259,375	1,32870662212372	1259,375	1,00686609745026	803,125	0,862837255001068	803,125	0,764725744724274	1259,375	0,837560653686523	1259,375	0,678167641162872	803,125	0,50402706861496	803,125	0,428516119718552	1259,375	0,459103673696518	1259,375	0,310561776161194	803,125	0,313458025455475	1259,375	-0,571656942367554	803,125	-1,6594409942627	1259,375	-0,798142790794373	803,125	-1,74355173110962	803,125	-1,70707786083221	1259,375	-0,809333086013794	1259,375	-0,832797825336456	803,125	-1,73091435432434	803,125	-1,84262263774872	1259,375	-0,989466965198517	1259,375	-1,1093145608902	803,125	-1,88836085796356	803,125	-1,99809741973877	1259,375	-1,28327524662018	1259,375	-1,43720686435699	803,125	-2,17717623710632	
1262,5	1,62454998493195	806,25	1,51419448852539	1262,5	1,40314698219299	806,25	1,28547406196594	806,25	1,12228691577911	1262,5	1,33321905136108	1262,5	1,00958526134491	806,25	0,861103534698486	806,25	0,762595534324646	1262,5	0,840031206607819	1262,5	0,68114560842514	806,25	0,503509521484375	806,25	0,433335334062576	1262,5	0,461286395788193	1262,5	0,312267929315567	806,25	0,320592761039734	1262,5	-0,571198999881744	806,25	-1,66685688495636	1262,5	-0,788234770298004	806,25	-1,73234677314758	806,25	-1,6934849023819	1262,5	-0,808756530284882	1262,5	-0,8332759141922	806,25	-1,7228946685791	806,25	-1,83170330524445	1262,5	-0,986106336116791	1262,5	-1,10952246189117	806,25	-1,86471223831177	806,25	-1,9834908246994	1262,5	-1,28545796871185	1262,5	-1,43861818313599	806,25	-2,15834093093872	
1265,625	1,62777435779572	809,375	1,51348698139191	1265,625	1,39945268630981	809,375	1,27936995029449	809,375	1,1187971830368	1265,625	1,33504128456116	1265,625	1,00974690914154	809,375	0,860920488834381	809,375	0,763510525226593	1265,625	0,839349210262299	1265,625	0,680951118469238	809,375	0,517235338687897	809,375	0,43797168135643	1265,625	0,462163239717484	1265,625	0,31163501739502	809,375	0,3239586353302	1265,625	-0,570013225078583	809,375	-1,65677928924561	1265,625	-0,779070317745209	809,375	-1,70077729225159	809,375	-1,66276264190674	1265,625	-0,807854652404785	1265,625	-0,829682886600494	809,375	-1,69181644916534	809,375	-1,79694032669067	1265,625	-0,980932772159576	1265,625	-1,10566878318787	809,375	-1,81435871124268	809,375	-1,94090735912323	1265,625	-1,28074550628662	1265,625	-1,4329719543457	809,375	-2,11054968833923	
1268,75	1,62642848491669	812,5	1,51822233200073	1268,75	1,39363980293274	812,5	1,28984665870667	812,5	1,12641525268555	1268,75	1,33320462703705	1268,75	1,00821304321289	812,5	0,864484250545502	812,5	0,76629364490509	1268,75	0,837604522705078	1268,75	0,678738474845886	812,5	0,519423723220825	812,5	0,437306255102158	1268,75	0,458572804927826	1268,75	0,307860791683197	812,5	0,322133898735046	1268,75	-0,569684565067291	812,5	-1,64846158027649	1268,75	-0,766477346420288	812,5	-1,71628379821777	812,5	-1,67952287197113	1268,75	-0,806487917900085	1268,75	-0,826027095317841	812,5	-1,7136036157608	812,5	-1,82039701938629	1268,75	-0,97387170791626	1268,75	-1,100217461586	812,5	-1,83299124240875	812,5	-1,96688449382782	1268,75	-1,27272868156433	1268,75	-1,42500734329224	812,5	-2,13868618011475	
1271,875	1,62548685073853	815,625	1,51985645294189	1271,875	1,39339423179626	815,625	1,29756653308868	815,625	1,13240468502045	1271,875	1,33307862281799	1271,875	1,01013648509979	815,625	0,866515219211578	815,625	0,766437351703644	1271,875	0,84086537361145	1271,875	0,682606518268585	815,625	0,524367988109589	815,625	0,437136352062225	1271,875	0,462380826473236	1271,875	0,31355232000351	815,625	0,321919798851013	1271,875	-0,563772857189178	815,625	-1,63882279396057	1271,875	-0,753977417945862	815,625	-1,70768630504608	815,625	-1,67357587814331	1271,875	-0,801655232906342	1271,875	-0,820885300636292	815,625	-1,71326160430908	815,625	-1,82200086116791	1271,875	-0,965827763080597	1271,875	-1,0948314666748	815,625	-1,82669639587402	815,625	-1,97085666656494	1271,875	-1,26705932617188	1271,875	-1,419837474823	815,625	-2,14498710632324	
1275	1,62833368778229	818,75	1,53809654712677	1275	1,38982355594635	818,75	1,29344987869263	818,75	1,13174104690552	1275	1,33327507972717	1275	1,00883543491364	818,75	0,867037057876587	818,75	0,766797602176666	1275	0,839742422103882	1275	0,680557370185852	818,75	0,535261213779449	818,75	0,441942542791367	1275	0,459971964359283	1275	0,312212258577347	818,75	0,327956140041351	1275	-0,558944582939148	818,75	-1,63885545730591	1275	-0,743569493293762	818,75	-1,688103556633	818,75	-1,65456020832062	1275	-0,800491452217102	1275	-0,818730771541595	818,75	-1,69594585895538	818,75	-1,80201923847198	1275	-0,960509717464447	1275	-1,09220099449158	818,75	-1,7999507188797	818,75	-1,94351971149445	1275	-1,26439523696899	1275	-1,41774821281433	818,75	-2,11306738853455	
1278,125	1,63271117210388	821,875	1,53952372074127	1278,125	1,39430737495422	821,875	1,30119323730469	821,875	1,13744080066681	1278,125	1,33454859256744	1278,125	1,00952327251434	821,875	0,871286690235138	821,875	0,770322024822235	1278,125	0,84151417016983	1278,125	0,680577397346497	821,875	0,544923484325409	821,875	0,444638013839722	1278,125	0,46093937754631	1278,125	0,311766982078552	821,875	0,330242127180099	1278,125	-0,553564488887787	821,875	-1,63958811759949	1278,125	-0,729751348495483	821,875	-1,68620085716248	821,875	-1,65291929244995	1278,125	-0,799663603305817	1278,125	-0,813917636871338	821,875	-1,69956374168396	821,875	-1,80475091934204	1278,125	-0,953387498855591	1278,125	-1,08701550960541	821,875	-1,79775452613831	821,875	-1,9428414106369	1278,125	-1,25752258300781	1278,125	-1,41064369678497	821,875	-2,1125807762146	
1281,25	1,62267565727234	825	1,5459007024765	1281,25	1,3945038318634	825	1,31741726398468	825	1,1482150554657	1281,25	1,3339866399765	1281,25	1,00712263584137	825	0,876139640808105	825	0,772488653659821	1281,25	0,840098917484283	1281,25	0,6782186627388	825	0,548744678497314	825	0,441970437765121	1281,25	0,456870526075363	1281,25	0,306643605232239	825	0,324128359556198	1281,25	-0,548791944980621	825	-1,6311229467392	1281,25	-0,72032231092453	825	-1,69736409187317	825	-1,66414022445679	1281,25	-0,79947829246521	1281,25	-0,811475813388824	825	-1,71662497520447	825	-1,82322013378143	1281,25	-0,949692726135254	1281,25	-1,08307063579559	825	-1,81234335899353	825	-1,96229124069214	1281,25	-1,25309944152832	1281,25	-1,40514552593231	825	-2,13588976860046	
1284,375	1,62221217155457	828,125	1,55056118965149	1284,375	1,39958322048187	828,125	1,31792140007019	828,125	1,15035045146942	1284,375	1,33756506443024	1284,375	1,00911223888397	828,125	0,874618828296661	828,125	0,769816279411316	1284,375	0,844216287136078	1284,375	0,680930316448212	828,125	0,555035173892975	828,125	0,443897426128387	1284,375	0,458431720733643	1284,375	0,308559387922287	828,125	0,325416922569275	1284,375	-0,539573431015015	828,125	-1,62753248214722	1284,375	-0,711416304111481	828,125	-1,6843101978302	828,125	-1,65169548988342	1284,375	-0,798336327075958	1284,375	-0,809921443462372	828,125	-1,7084527015686	828,125	-1,81297695636749	1284,375	-0,946946918964386	1284,375	-1,08197033405304	828,125	-1,79788732528687	828,125	-1,94925355911255	1284,375	-1,25267469882965	1284,375	-1,40613484382629	828,125	-2,12360668182373	
1287,5	1,62005603313446	831,25	1,54691648483276	1287,5	1,40224206447601	831,25	1,36989545822144	831,25	1,20134651660919	1287,5	1,33682560920715	1287,5	1,00667202472687	831,25	0,920715153217316	831,25	0,815014779567719	1287,5	0,843321621417999	1287,5	0,678486168384552	831,25	0,612172305583954	831,25	0,500704228878021	1287,5	0,454975515604019	1287,5	0,304114580154419	831,25	0,388934284448624	1287,5	-0,534042358398438	831,25	-1,60978841781616	1287,5	-0,703812718391418	831,25	-1,66478204727173	831,25	-1,6342465877533	1287,5	-0,799145638942719	1287,5	-0,808036625385284	831,25	-1,70605385303497	831,25	-1,8101989030838	1287,5	-0,943768560886383	1287,5	-1,07955539226532	831,25	-1,80126261711121	831,25	-1,95504796504974	1287,5	-1,24955725669861	1287,5	-1,40242075920105	831,25	-2,13525438308716	
1290,625	1,62225544452667	834,375	1,55215084552765	1290,625	1,40282535552979	834,375	1,3213095664978	834,375	1,15792608261108	1290,625	1,33439218997955	1290,625	1,0041515827179	834,375	0,8845134973526	834,375	0,775221824645996	1290,625	0,842481911182404	1290,625	0,675141274929047	834,375	0,581699907779694	834,375	0,468684136867523	1290,625	0,453238219022751	1290,625	0,30311319231987	834,375	0,357161909341812	1290,625	-0,524333715438843	834,375	-1,60990583896637	1290,625	-0,692684412002563	834,375	-1,64360904693604	834,375	-1,6124119758606	1290,625	-0,798459529876709	1290,625	-0,802082002162933	834,375	-1,68342328071594	834,375	-1,78278410434723	1290,625	-0,934981942176819	1290,625	-1,07213616371155	834,375	-1,75895845890045	834,375	-1,90866923332214	1290,625	-1,24145495891571	1290,625	-1,39301133155823	834,375	-2,07650899887085	
1293,75	1,6242583990097	837,5	1,55177140235901	1293,75	1,40768110752106	837,5	1,30441391468048	837,5	1,13976037502289	1293,75	1,3361279964447	1293,75	1,00660109519958	837,5	0,863363921642303	837,5	0,750122904777527	1293,75	0,847348928451538	1293,75	0,679942429065704	837,5	0,562047719955444	837,5	0,443225264549255	1293,75	0,458306699991226	1293,75	0,307709366083145	837,5	0,327851176261902	1293,75	-0,511284470558167	837,5	-1,60871863365173	1293,75	-0,684016585350037	837,5	-1,65325593948364	837,5	-1,62115371227264	1293,75	-0,794197022914886	1293,75	-0,798243165016174	837,5	-1,69259309768677	837,5	-1,78947389125824	1293,75	-0,930996298789978	1293,75	-1,06999731063843	837,5	-1,75799202919006	837,5	-1,90715289115906	1293,75	-1,23977065086365	1293,75	-1,39081454277039	837,5	-2,07206511497498	
1296,875	1,6230366230011	840,625	1,54912579059601	1296,875	1,41168320178986	840,625	1,30301570892334	840,625	1,13610291481018	1296,875	1,33295345306396	1296,875	1,00532102584839	840,625	0,854995548725128	840,625	0,738374471664429	1296,875	0,848679006099701	1296,875	0,679952502250671	840,625	0,558767080307007	840,625	0,436946779489517	1296,875	0,458021074533463	1296,875	0,307438224554062	840,625	0,319236189126968	1296,875	-0,504438102245331	840,625	-1,60949039459229	1296,875	-0,676044106483459	840,625	-1,6462390422821	840,625	-1,61550998687744	1296,875	-0,792908787727356	1296,875	-0,791148126125336	840,625	-1,69113266468048	840,625	-1,78410255908966	1296,875	-0,923184156417847	1296,875	-1,06236302852631	840,625	-1,74787092208862	840,625	-1,89571642875671	1296,875	-1,23075604438782	1296,875	-1,38204157352448	840,625	-2,05888104438782	
1300	1,62723684310913	843,75	1,54978477954865	1300	1,41192889213562	843,75	1,31243801116943	843,75	1,14638006687164	1300	1,33217453956604	1300	1,00059294700623	843,75	0,858420372009277	843,75	0,738895118236542	1300	0,845067381858826	1300	0,672250866889954	843,75	0,572479844093323	843,75	0,450169444084167	1300	0,448605984449387	1300	0,296653926372528	843,75	0,334104061126709	1300	-0,493483155965805	843,75	-1,60045659542084	1300	-0,672162890434265	843,75	-1,6292530298233	843,75	-1,59893226623535	1300	-0,798939645290375	1300	-0,79255598783493	843,75	-1,68504905700684	843,75	-1,77105140686035	1300	-0,922926843166351	1300	-1,06369757652283	843,75	-1,73319602012634	843,75	-1,87879943847656	1300	-1,23068344593048	1300	-1,38116896152496	843,75	-2,040931224823	
1303,125	1,63307869434357	846,875	1,56583058834076	1303,125	1,41378653049469	846,875	1,30786466598511	846,875	1,14187216758728	1303,125	1,32981765270233	1303,125	0,997534930706024	846,875	0,84757524728775	846,875	0,723880171775818	1303,125	0,843758761882782	1303,125	0,670083940029144	846,875	0,564505755901337	846,875	0,437973529100418	1303,125	0,445978760719299	1303,125	0,295570313930511	846,875	0,319080531597137	1303,125	-0,485651344060898	846,875	-1,5856739282608	1303,125	-0,66327840089798	846,875	-1,64259350299835	846,875	-1,61068522930145	1303,125	-0,798352599143982	1303,125	-0,78752589225769	846,875	-1,70062613487244	846,875	-1,78276741504669	1303,125	-0,91814136505127	1303,125	-1,05920326709747	846,875	-1,74027478694916	846,875	-1,88461136817932	1303,125	-1,22569799423218	1303,125	-1,3751540184021	846,875	-2,04463672637939	
1306,25	1,63667178153992	850	1,57494497299194	1306,25	1,42019951343536	850	1,31089341640472	850	1,14275217056274	1306,25	1,33041632175446	1306,25	1,00035202503204	850	0,835748791694641	850	0,708627283573151	1306,25	0,849042534828186	1306,25	0,675099194049835	850	0,562450706958771	850	0,430481106042862	1306,25	0,450263112783432	1306,25	0,300438433885574	850	0,309754401445389	1306,25	-0,478022694587708	850	-1,58611905574799	1306,25	-0,65753847360611	850	-1,63966679573059	850	-1,60642421245575	1306,25	-0,796476125717163	1306,25	-0,783056855201721	850	-1,70235741138458	850	-1,77723813056946	1306,25	-0,9134122133255	1306,25	-1,0552567243576	850	-1,73372554779053	850	-1,87757885456085	1306,25	-1,22326469421387	1306,25	-1,37432515621185	850	-2,03667521476746	
1309,375	1,64259374141693	853,125	1,56546127796173	1309,375	1,42321181297302	853,125	1,32954287528992	853,125	1,15837621688843	1309,375	1,32700777053833	1309,375	0,999794840812683	853,125	0,835695803165436	853,125	0,706094741821289	1309,375	0,851611137390137	1309,375	0,675150096416473	853,125	0,5722815990448	853,125	0,43653792142868	1309,375	0,451582342386246	1309,375	0,301628708839417	853,125	0,313103348016739	1309,375	-0,467007458209991	853,125	-1,59318685531616	1309,375	-0,65092533826828	853,125	-1,63982355594635	853,125	-1,60761189460754	1309,375	-0,79623007774353	1309,375	-0,776163041591644	853,125	-1,71264255046844	853,125	-1,77842056751251	1309,375	-0,90678483247757	1309,375	-1,04886388778687	853,125	-1,74007618427277	853,125	-1,88399517536163	1309,375	-1,21617901325226	1309,375	-1,36465787887573	853,125	-2,04666996002197	
1312,5	1,65057802200317	856,25	1,56877505779266	1312,5	1,423708319664	856,25	1,34157836437225	856,25	1,17182171344757	1312,5	1,3228611946106	1312,5	0,998040199279785	856,25	0,839263617992401	856,25	0,710170745849609	1312,5	0,850302934646606	1312,5	0,673269033432007	856,25	0,588311970233917	856,25	0,454864293336868	1312,5	0,450172126293182	1312,5	0,299602448940277	856,25	0,33451920747757	1312,5	-0,461023569107056	856,25	-1,57639050483704	1312,5	-0,645226240158081	856,25	-1,62728130817413	856,25	-1,59959387779236	1312,5	-0,798184037208557	1312,5	-0,770855188369751	856,25	-1,71988105773926	856,25	-1,77639222145081	1312,5	-0,903163313865662	1312,5	-1,04471731185913	856,25	-1,74441385269165	856,25	-1,89152252674103	1312,5	-1,21188688278198	1312,5	-1,36063659191132	856,25	-2,05751991271973	
1315,625	1,65369200706482	859,375	1,57170355319977	1315,625	1,42464458942413	859,375	1,35161960124969	859,375	1,18208885192871	1315,625	1,32082867622375	1315,625	0,99699455499649	859,375	0,836029052734375	859,375	0,711796581745148	1315,625	0,849724769592285	1315,625	0,671957075595856	859,375	0,603331625461578	859,375	0,469465851783752	1315,625	0,448350936174393	1315,625	0,297795593738556	859,375	0,351473480463028	1315,625	-0,448817908763886	859,375	-1,56697762012482	1315,625	-0,640275537967682	859,375	-1,61041700839996	859,375	-1,58413624763489	1315,625	-0,800949454307556	1315,625	-0,768319308757782	859,375	-1,70864164829254	859,375	-1,75286793708801	1315,625	-0,901756346225739	1315,625	-1,04399788379669	859,375	-1,72988593578339	859,375	-1,87744510173798	1315,625	-1,21054971218109	1315,625	-1,36012804508209	859,375	-2,04176568984985	
1318,75	1,65741312503815	862,5	1,58129525184631	1318,75	1,42765760421753	862,5	1,34406995773315	862,5	1,17477226257324	1318,75	1,31500649452209	1318,75	0,998847603797913	862,5	0,811589419841766	862,5	0,691784381866455	1318,75	0,853379905223846	1318,75	0,674856424331665	862,5	0,595418989658356	862,5	0,459373384714127	1318,75	0,452441066503525	1318,75	0,301872700452805	862,5	0,339372545480728	1318,75	-0,441918015480042	862,5	-1,56460928916931	1318,75	-0,629290282726288	862,5	-1,60713064670563	862,5	-1,57935512065887	1318,75	-0,797026574611664	1318,75	-0,759396076202393	862,5	-1,70564925670624	862,5	-1,73538064956665	1318,75	-0,893572866916656	1318,75	-1,03588390350342	862,5	-1,71903228759766	862,5	-1,8640810251236	1318,75	-1,20272552967072	1318,75	-1,35189282894135	862,5	-2,02580833435059	
1321,875	1,66622519493103	865,625	1,60791623592377	1321,875	1,42974615097046	865,625	1,34341526031494	865,625	1,17373561859131	1321,875	1,3128023147583	1321,875	1,00085473060608	865,625	0,790307402610779	865,625	0,680122971534729	1321,875	0,856380462646484	1321,875	0,676812648773193	865,625	0,592510461807251	865,625	0,454284429550171	1321,875	0,453746289014816	1321,875	0,302702516317368	865,625	0,333964377641678	1321,875	-0,438664734363556	865,625	-1,55872797966003	1321,875	-0,623859286308289	865,625	-1,60976719856262	865,625	-1,58164775371552	1321,875	-0,795794665813446	1321,875	-0,756881892681122	865,625	-1,70875716209412	865,625	-1,72507226467133	1321,875	-0,891587138175964	1321,875	-1,03448235988617	865,625	-1,71957540512085	865,625	-1,86238396167755	1321,875	-1,20147907733917	1321,875	-1,3507524728775	865,625	-2,02338004112244	
1325	1,67091989517212	868,75	1,58830189704895	1325	1,43321561813354	868,75	1,34611773490906	868,75	1,17520117759705	1325	1,30491411685944	1325	1,0002019405365	868,75	0,772360742092133	868,75	0,672157645225525	1325	0,857237637042999	1325	0,675513744354248	868,75	0,591567695140839	868,75	0,450941890478134	1325	0,451216846704483	1325	0,300342410802841	868,75	0,329787731170654	1325	-0,433901786804199	868,75	-1,55027437210083	1325	-0,618109583854675	868,75	-1,61548900604248	868,75	-1,58619284629822	1325	-0,796715319156647	1325	-0,752305865287781	868,75	-1,71360635757446	868,75	-1,7181431055069	1325	-0,889545857906342	1325	-1,03189313411713	868,75	-1,72407782077789	868,75	-1,86507844924927	1325	-1,1975439786911	1325	-1,34696555137634	868,75	-2,02550268173218	
1328,125	1,67608916759491	871,875	1,58196151256561	1328,125	1,43474435806274	871,875	1,33735108375549	871,875	1,16856014728546	1328,125	1,29373455047607	1328,125	0,998571574687958	871,875	0,741371750831604	871,875	0,66093522310257	1328,125	0,855060279369354	1328,125	0,672671318054199	871,875	0,587902069091797	871,875	0,447091847658157	1328,125	0,449561029672623	1328,125	0,297297060489655	871,875	0,326005816459656	1328,125	-0,428593069314957	871,875	-1,55689251422882	1328,125	-0,610072731971741	871,875	-1,60131585597992	871,875	-1,57358348369598	1328,125	-0,799497604370117	1328,125	-0,747175812721252	871,875	-1,69514727592468	871,875	-1,68705868721008	1328,125	-0,884214639663696	1328,125	-1,02724826335907	871,875	-1,70816171169281	871,875	-1,84795558452606	1328,125	-1,19149672985077	1328,125	-1,33954703807831	871,875	-2,00610256195068	
1331,25	1,68250048160553	875	1,59718811511993	1331,25	1,43728530406952	875	1,36242437362671	875	1,19181287288666	1331,25	1,28727769851685	1331,25	1,00022280216217	875	0,746576428413391	875	0,685717940330505	1331,25	0,857426941394806	1331,25	0,674224495887756	875	0,608443319797516	875	0,469063192605972	1331,25	0,451961010694504	1331,25	0,300725013017654	875	0,348743885755539	1331,25	-0,42357724905014	875	-1,55772948265076	1331,25	-0,601210176944733	875	-1,59600913524628	875	-1,57007730007172	1331,25	-0,795095205307007	1331,25	-0,741327464580536	875	-1,67572522163391	875	-1,67273998260498	1331,25	-0,878911197185516	1331,25	-1,02136790752411	875	-1,70728135108948	875	-1,8469055891037	1331,25	-1,18704104423523	1331,25	-1,33420538902283	875	-2,00545120239258	
1334,375	1,68737745285034	878,125	1,59470498561859	1334,375	1,43641328811646	878,125	1,3539263010025	878,125	1,18197584152222	1334,375	1,27216815948486	1334,375	0,996884167194366	878,125	0,713180363178253	878,125	0,674207866191864	1334,375	0,85351037979126	1334,375	0,668451249599457	878,125	0,597556948661804	878,125	0,458321213722229	1334,375	0,446457147598267	1334,375	0,295807242393494	878,125	0,337404310703278	1334,375	-0,419175803661346	878,125	-1,55065202713013	1334,375	-0,592987298965454	878,125	-1,58534801006317	878,125	-1,5601521730423	1334,375	-0,793367385864258	1334,375	-0,73557448387146	878,125	-1,65754902362823	878,125	-1,65044617652893	1334,375	-0,873797059059143	1334,375	-1,01510119438171	878,125	-1,70018970966339	878,125	-1,83867084980011	1334,375	-1,17948973178864	1334,375	-1,3247184753418	878,125	-1,99776124954224	
1337,5	1,69198143482208	881,25	1,59924161434174	1337,5	1,44385802745819	881,25	1,35890996456146	881,25	1,18877065181732	1337,5	1,26840448379517	1337,5	1,00012350082397	881,25	0,70185911655426	881,25	0,683740794658661	1337,5	0,857032835483551	1337,5	0,671125829219818	881,25	0,602435946464539	881,25	0,464315265417099	1337,5	0,449101001024246	1337,5	0,297943770885468	881,25	0,34339052438736	1337,5	-0,413760840892792	881,25	-1,54471921920776	1337,5	-0,586008727550507	881,25	-1,57535457611084	881,25	-1,5505143404007	1337,5	-0,789434909820557	1337,5	-0,732783615589142	881,25	-1,62634062767029	881,25	-1,62690758705139	1337,5	-0,871850252151489	1337,5	-1,01430487632751	881,25	-1,68928778171539	881,25	-1,82571470737457	1337,5	-1,17900419235229	1337,5	-1,32576203346252	881,25	-1,98340713977814	
1340,625	1,69774794578552			1340,625	1,45004057884216					1340,625	1,2597279548645	1340,625	1,00282609462738					1340,625	0,859604775905609	1340,625	0,673062682151794					1340,625	0,452099025249481	1340,625	0,301473438739777			1340,625	-0,409451752901077			1340,625	-0,578407168388367					1340,625	-0,779594600200653	1340,625	-0,726693689823151					1340,625	-0,86640864610672	1340,625	-1,00830638408661					1340,625	-1,17289447784424	1340,625	-1,31923484802246			
1343,75	1,70523965358734			1343,75	1,45694434642792					1343,75	1,25231456756592	1343,75	1,0033563375473					1343,75	0,860603034496307	1343,75	0,671919405460358					1343,75	0,450404018163681	1343,75	0,298770427703857			1343,75	-0,406268715858459			1343,75	-0,573667705059052					1343,75	-0,775121688842773	1343,75	-0,724733054637909					1343,75	-0,865695416927338	1343,75	-1,00830209255219					1343,75	-1,17273509502411	1343,75	-1,31829583644867			
1346,875	1,70867168903351			1346,875	1,46189200878143					1346,875	1,24317240715027	1346,875	1,00426173210144					1346,875	0,862104117870331	1346,875	0,672653138637543					1346,875	0,452085971832275	1346,875	0,300698339939117			1346,875	-0,402902603149414			1346,875	-0,565861523151398					1346,875	-0,76294481754303	1346,875	-0,717869520187378					1346,875	-0,858978748321533	1346,875	-1,00191032886505					1346,875	-1,16612780094147	1346,875	-1,31112587451935			
1350	1,71193659305573			1350	1,46548318862915					1350	1,23180413246155	1350	1,00294709205627					1350	0,860041081905365	1350	0,669916927814484					1350	0,449238657951355	1350	0,296718120574951			1350	-0,399731427431107			1350	-0,562476634979248					1350	-0,754793226718903	1350	-0,714664399623871					1350	-0,855976700782776	1350	-0,99876880645752					1350	-1,16226029396057	1350	-1,30747532844543			
1353,125	1,71626698970795			1353,125	1,47175145149231					1353,125	1,22615766525269	1353,125	1,00464153289795					1353,125	0,861023545265198	1353,125	0,669760167598724					1353,125	0,448932260274887	1353,125	0,29573729634285			1353,125	-0,395596146583557			1353,125	-0,560262858867645					1353,125	-0,747473359107971	1353,125	-0,713650166988373					1353,125	-0,855562686920166	1353,125	-0,998473584651947					1353,125	-1,161776304245	1353,125	-1,30702066421509			
1356,25	1,72122168540955			1356,25	1,47540402412415					1356,25	1,21180593967438	1356,25	1,0006822347641					1356,25	0,856151103973389	1356,25	0,662175893783569					1356,25	0,441635072231293	1356,25	0,288950383663177			1356,25	-0,390804022550583			1356,25	-0,558063983917236					1356,25	-0,733680903911591	1356,25	-0,708173871040344					1356,25	-0,848907351493835	1356,25	-0,99109673500061					1356,25	-1,15245974063873	1356,25	-1,29520738124847			
1359,375	1,72431910037994			1359,375	1,47877204418182					1359,375	1,21505165100098	1359,375	1,00484883785248					1359,375	0,861777901649475	1359,375	0,667785227298737					1359,375	0,448546707630157	1359,375	0,296142578125			1359,375	-0,389212638139725			1359,375	-0,553714752197266					1359,375	-0,718656241893768	1359,375	-0,70254921913147					1359,375	-0,845039129257202	1359,375	-0,986730992794037					1359,375	-1,14983177185059	1359,375	-1,29322850704193			
1362,5	1,72814762592316			1362,5	1,48150074481964					1362,5	1,21213316917419	1362,5	1,00471878051758					1362,5	0,862295150756836	1362,5	0,667334496974945					1362,5	0,448696404695511	1362,5	0,296550244092941			1362,5	-0,38552787899971			1362,5	-0,549287676811218					1362,5	-0,70392107963562	1362,5	-0,698082983493805					1362,5	-0,840205371379852	1362,5	-0,981789231300354					1362,5	-1,14503180980682	1362,5	-1,28778624534607			
1365,625	1,73045444488525			1365,625	1,48456573486328					1365,625	1,20931482315063	1365,625	1,00409471988678					1365,625	0,86097776889801	1365,625	0,665036261081696					1365,625	0,446646690368652	1365,625	0,294628232717514			1365,625	-0,381598144769669			1365,625	-0,546416223049164					1365,625	-0,692460715770721	1365,625	-0,69560706615448					1365,625	-0,838078916072845	1365,625	-0,978919565677643					1365,625	-1,14269065856934	1365,625	-1,2851984500885			
1368,75	1,73461997509003			1368,75	1,4892166852951					1368,75	1,21109998226166	1368,75	1,00610303878784					1368,75	0,862723886966705	1368,75	0,666300892829895					1368,75	0,448153555393219	1368,75	0,296259731054306			1368,75	-0,375703185796738			1368,75	-0,543727874755859					1368,75	-0,681132972240448	1368,75	-0,69187718629837					1368,75	-0,835924625396729	1368,75	-0,975730955600739					1368,75	-1,1404789686203	1368,75	-1,28297507762909			
1371,875	1,74055874347687			1371,875	1,49098861217499					1371,875	1,20877289772034	1371,875	1,00463271141052					1371,875	0,861649215221405	1371,875	0,663664817810059					1371,875	0,44591149687767	1371,875	0,294034987688065			1371,875	-0,373060911893845			1371,875	-0,540530502796173					1371,875	-0,665712296962738	1371,875	-0,686188042163849					1371,875	-0,830850780010223	1371,875	-0,969782710075378					1371,875	-1,13385331630707	1371,875	-1,27571618556976			
1375	1,74309611320496			1375	1,49283051490784					1375	1,20628607273102	1375	1,00151610374451					1375	0,858417153358459	1375	0,659196496009827					1375	0,441127598285675	1375	0,288482338190079			1375	-0,369186848402023			1375	-0,539395809173584					1375	-0,656137585639954	1375	-0,683872938156128					1375	-0,829748868942261	1375	-0,967790901660919					1375	-1,13167858123779	1375	-1,27272546291351			
1378,125	1,7475072145462			1378,125	1,49578893184662					1378,125	1,20893740653992	1378,125	1,00294768810272					1378,125	0,858502984046936	1378,125	0,659223973751068					1378,125	0,440560877323151	1378,125	0,287567108869553			1378,125	-0,366313457489014			1378,125	-0,537503063678741					1378,125	-0,648298978805542	1378,125	-0,681628406047821					1378,125	-0,828681528568268	1378,125	-0,967044711112976					1378,125	-1,13253223896027	1378,125	-1,27313113212585			
1381,25	1,75086569786072			1381,25	1,49414122104645					1381,25	1,20942115783691	1381,25	1,00075376033783					1381,25	0,855418562889099	1381,25	0,65506386756897					1381,25	0,437015950679779	1381,25	0,286089718341827			1381,25	-0,360280275344849			1381,25	-0,533750534057617					1381,25	-0,631509602069855	1381,25	-0,672198116779327					1381,25	-0,819146573543549	1381,25	-0,955806970596313					1381,25	-1,12027680873871	1381,25	-1,25907623767853			
1384,375	1,7548691034317			1384,375	1,49861752986908					1384,375	1,21298348903656	1384,375	1,00207543373108					1384,375	0,855220973491669	1384,375	0,655113041400909					1384,375	0,436319828033447	1384,375	0,28501969575882			1384,375	-0,358164340257645			1384,375	-0,530936121940613					1384,375	-0,623169898986816	1384,375	-0,670400738716125					1384,375	-0,817549645900726	1384,375	-0,954025447368622					1384,375	-1,11854195594788	1384,375	-1,25787973403931			
1387,5	1,75810027122498			1387,5	1,50202906131744					1387,5	1,21979665756226	1387,5	1,0056529045105					1387,5	0,858239769935608	1387,5	0,658099710941315					1387,5	0,438885450363159	1387,5	0,287255197763443			1387,5	-0,356245130300522			1387,5	-0,526434481143951					1387,5	-0,614899337291718	1387,5	-0,666888833045959					1387,5	-0,815237164497375	1387,5	-0,952123701572418					1387,5	-1,11828410625458	1387,5	-1,2585676908493			
1390,625	1,76431667804718			1390,625	1,50376927852631					1390,625	1,22596991062164	1390,625	1,00854647159576					1390,625	0,860099136829376	1390,625	0,660575270652771					1390,625	0,441982835531235	1390,625	0,29086309671402			1390,625	-0,355502635240555			1390,625	-0,5221146941185					1390,625	-0,606278479099274	1390,625	-0,661405980587006					1390,625	-0,809361100196838	1390,625	-0,945866167545319					1390,625	-1,11284959316254	1390,625	-1,25318348407745			
1393,75	1,76873254776001			1393,75	1,50468373298645					1393,75	1,22960209846497	1393,75	1,0091255903244					1393,75	0,860002934932709	1393,75	0,660412847995758					1393,75	0,442443132400513	1393,75	0,292285531759262			1393,75	-0,350986748933792			1393,75	-0,518738746643066					1393,75	-0,597602546215057	1393,75	-0,657027542591095					1393,75	-0,803890824317932	1393,75	-0,939954519271851					1393,75	-1,10719072818756	1393,75	-1,24693465232849			
1396,875	1,77159082889557			1396,875	1,5058456659317					1396,875	1,23239541053772	1396,875	1,00817537307739					1396,875	0,858864843845367	1396,875	0,658828377723694					1396,875	0,440256416797638	1396,875	0,28999537229538			1396,875	-0,352191090583801			1396,875	-0,516306340694427					1396,875	-0,590366721153259	1396,875	-0,652945041656494					1396,875	-0,801027238368988	1396,875	-0,935976326465607					1396,875	-1,10328161716461	1396,875	-1,24296677112579			
1400	1,77147197723389			1400	1,50991427898407					1400	1,23901188373566	1400	1,01124680042267					1400	0,861462235450745	1400	0,661362767219543					1400	0,442482203245163	1400	0,292258828878403			1400	-0,35021436214447			1400	-0,512166321277618					1400	-0,58247447013855	1400	-0,649032115936279					1400	-0,796763062477112	1400	-0,931403398513794					1400	-1,09860348701477	1400	-1,23846387863159			
1403,125	1,77639722824097			1403,125	1,51141703128815					1403,125	1,24119246006012	1403,125	1,0106201171875					1403,125	0,859480619430542	1403,125	0,658435761928558					1403,125	0,438982456922531	1403,125	0,288719862699509			1403,125	-0,347888201475143			1403,125	-0,510170757770538					1403,125	-0,57651948928833	1403,125	-0,64618706703186					1403,125	-0,793339788913727	1403,125	-0,928749799728394					1403,125	-1,09520423412323	1403,125	-1,23475301265717			
1406,25	1,77808082103729			1406,25	1,51162445545197					1406,25	1,24260091781616	1406,25	1,00940203666687					1406,25	0,857606589794159	1406,25	0,655699670314789					1406,25	0,436483412981033	1406,25	0,285969793796539			1406,25	-0,345893859863281			1406,25	-0,507993519306183					1406,25	-0,57074111700058	1406,25	-0,643094122409821					1406,25	-0,790473878383636	1406,25	-0,925548434257507					1406,25	-1,09178066253662	1406,25	-1,23174405097961			
1409,375	1,78003597259521			1409,375	1,5121021270752					1409,375	1,24572992324829	1409,375	1,00947272777557					1409,375	0,857172846794128	1409,375	0,655105113983154					1409,375	0,436632186174393	1409,375	0,28583887219429			1409,375	-0,343620449304581			1409,375	-0,505029022693634					1409,375	-0,563737809658051	1409,375	-0,637842893600464					1409,375	-0,784424602985382	1409,375	-0,918811917304993					1409,375	-1,08576011657715	1409,375	-1,22512209415436			
1412,5	1,78474450111389			1412,5	1,51459789276123					1412,5	1,25108206272125	1412,5	1,01252722740173					1412,5	0,860394179821014	1412,5	0,657732546329498					1412,5	0,439273923635483	1412,5	0,288442373275757			1412,5	-0,339610993862152			1412,5	-0,501541972160339					1412,5	-0,559684813022614	1412,5	-0,634953260421753					1412,5	-0,781296133995056	1412,5	-0,915840327739716					1412,5	-1,08437824249268	1412,5	-1,22363483905792			
1415,625	1,78682363033295			1415,625	1,51476001739502					1415,625	1,25315833091736	1415,625	1,01145970821381					1415,625	0,85864931344986	1415,625	0,655659794807434					1415,625	0,436517864465714	1415,625	0,285808831453323			1415,625	-0,338341563940048			1415,625	-0,498088419437408					1415,625	-0,554482460021973	1415,625	-0,630668759346008					1415,625	-0,776455819606781	1415,625	-0,910531640052795					1415,625	-1,07856965065002	1415,625	-1,21720910072327			
1418,75	1,78748822212219			1418,75	1,5174388885498					1418,75	1,25680446624756	1418,75	1,01169168949127					1418,75	0,858371734619141	1418,75	0,654889285564423					1418,75	0,435050487518311	1418,75	0,284468680620193			1418,75	-0,337437033653259			1418,75	-0,495874792337418					1418,75	-0,549874901771545	1418,75	-0,628158867359161					1418,75	-0,774118721485138	1418,75	-0,908068597316742					1418,75	-1,07603931427002	1418,75	-1,21410715579987			
1421,875	1,79177486896515			1421,875	1,52057564258575					1421,875	1,26141798496246	1421,875	1,01417028903961					1421,875	0,861018419265747	1421,875	0,656802773475647					1421,875	0,437591075897217	1421,875	0,286702066659927			1421,875	-0,332946568727493			1421,875	-0,492036759853363					1421,875	-0,544753968715668	1421,875	-0,624681174755096					1421,875	-0,77016419172287	1421,875	-0,904704213142395					1421,875	-1,07364797592163	1421,875	-1,21184921264648			
1425	1,79386067390442			1425	1,52331757545471					1425	1,26421189308167	1425	1,01537358760834					1425	0,861300945281982	1425	0,656577050685883					1425	0,43681275844574	1425	0,285898625850677			1425	-0,331342369318008			1425	-0,489338368177414					1425	-0,540788769721985	1425	-0,622624814510345					1425	-0,768040657043457	1425	-0,902432084083557					1425	-1,07168889045715	1425	-1,21005892753601			
1428,125	1,7961061000824			1428,125	1,52298951148987					1428,125	1,26500201225281	1428,125	1,01171123981476					1428,125	0,856256008148193	1428,125	0,652039587497711					1428,125	0,431155234575272	1428,125	0,280270546674728			1428,125	-0,327895075082779			1428,125	-0,487784743309021					1428,125	-0,535032331943512	1428,125	-0,617670357227325					1428,125	-0,761525332927704	1428,125	-0,894103765487671					1428,125	-1,06234896183014	1428,125	-1,19990694522858			
1431,25	1,79895424842834			1431,25	1,52641236782074					1431,25	1,26916706562042	1431,25	1,01498317718506					1431,25	0,859517395496368	1431,25	0,65512752532959					1431,25	0,434425354003906	1431,25	0,283159464597702			1431,25	-0,327153980731964			1431,25	-0,484322935342789					1431,25	-0,532025516033173	1431,25	-0,615090072154999					1431,25	-0,759190142154694	1431,25	-0,89319235086441					1431,25	-1,06198179721832	1431,25	-1,19995677471161			
1434,375	1,80239307880402			1434,375	1,52747297286987					1434,375	1,27210402488708	1434,375	1,01602005958557					1434,375	0,860731422901154	1434,375	0,655805468559265					1434,375	0,43556410074234	1434,375	0,284186720848084			1434,375	-0,325966686010361			1434,375	-0,482388287782669					1434,375	-0,527659296989441	1434,375	-0,611128211021423					1434,375	-0,755117893218994	1434,375	-0,888596951961517					1434,375	-1,05789399147034	1434,375	-1,19575273990631			
1437,5	1,80639398097992			1437,5	1,52759289741516					1437,5	1,27497732639313	1437,5	1,01735997200012					1437,5	0,863044917583466	1437,5	0,658179223537445					1437,5	0,438897699117661	1437,5	0,287809520959854			1437,5	-0,325497269630432			1437,5	-0,478225111961365					1437,5	-0,521346151828766	1437,5	-0,604702532291412					1437,5	-0,748473703861237	1437,5	-0,880870878696442					1437,5	-1,05045485496521	1437,5	-1,18741154670715			
1440,625	1,80595362186432			1440,625	1,53345382213593					1440,625	1,28031158447266	1440,625	1,0190349817276					1440,625	0,865286409854889	1440,625	0,658603966236115					1440,625	0,437803357839584	1440,625	0,285966485738754			1440,625	-0,322512239217758			1440,625	-0,478921860456467					1440,625	-0,520794689655304	1440,625	-0,606744587421417					1440,625	-0,751020789146423	1440,625	-0,88464367389679					1440,625	-1,05516028404236	1440,625	-1,19208562374115			
1443,75	1,80695462226868			1443,75	1,52740216255188					1443,75	1,27735900878906	1443,75	1,01421546936035					1443,75	0,858098566532135	1443,75	0,652129590511322					1443,75	0,431512266397476	1443,75	0,280204206705093			1443,75	-0,318505644798279			1443,75	-0,476803064346313					1443,75	-0,514251351356506	1443,75	-0,599011659622192					1443,75	-0,740972280502319	1443,75	-0,8723104596138					1443,75	-1,04132056236267	1443,75	-1,17608428001404			
1446,875	1,8091698884964			1446,875	1,53164958953857					1446,875	1,28239464759827	1446,875	1,01920759677887					1446,875	0,863304674625397	1446,875	0,656894266605377					1446,875	0,436442017555237	1446,875	0,285464286804199			1446,875	-0,318195253610611			1446,875	-0,472158282995224					1446,875	-0,510732889175415	1446,875	-0,596917748451233					1446,875	-0,739809036254883	1446,875	-0,872562289237976					1446,875	-1,04317450523376	1446,875	-1,17860198020935			
1450	1,81411981582642			1450	1,53197479248047					1450	1,28462386131287	1450	1,01937305927277					1450	0,86406683921814	1450	0,656783044338226					1450	0,436437159776688	1450	0,285798639059067			1450	-0,31943079829216			1450	-0,469828486442566					1450	-0,505682408809662	1450	-0,592964231967926					1450	-0,735926449298859	1450	-0,867806196212769					1450	-1,03839492797852	1450	-1,17324697971344			
1453,125	1,81448829174042			1453,125	1,53287196159363					1453,125	1,28653764724731	1453,125	1,02019929885864					1453,125	0,864423394203186	1453,125	0,657024145126343					1453,125	0,436103045940399	1453,125	0,285295367240906			1453,125	-0,320817172527313			1453,125	-0,467862606048584					1453,125	-0,502155959606171	1453,125	-0,589676439762115					1453,125	-0,732584536075592	1453,125	-0,864601135253906					1453,125	-1,03510475158691	1453,125	-1,17007517814636			
1456,25	1,81769335269928			1456,25	1,53294062614441					1456,25	1,28755438327789	1456,25	1,01920115947723					1456,25	0,862632930278778	1456,25	0,655129134654999					1456,25	0,433521419763565	1456,25	0,283862739801407			1456,25	-0,31821197271347			1456,25	-0,466600835323334					1456,25	-0,499052554368973	1456,25	-0,585944414138794					1456,25	-0,727784216403961	1456,25	-0,858881056308746					1456,25	-1,0294052362442	1456,25	-1,1635993719101			
1459,375	1,81853079795837			1459,375	1,53411412239075					1459,375	1,2907782793045	1459,375	1,02140378952026					1459,375	0,864283740520477	1459,375	0,656744718551636					1459,375	0,435281008481979	1459,375	0,285746455192566			1459,375	-0,317467927932739			1459,375	-0,464366465806961					1459,375	-0,495567411184311	1459,375	-0,583439409732819					1459,375	-0,724953889846802	1459,375	-0,856600046157837					1459,375	-1,02760350704193	1459,375	-1,16174113750458			
1462,5	1,82052314281464			1462,5	1,5343976020813					1462,5	1,29377067089081	1462,5	1,02390956878662					1462,5	0,866975009441376	1462,5	0,659570515155792					1462,5	0,43781054019928	1462,5	0,288960188627243			1462,5	-0,313475638628006			1462,5	-0,460166096687317					1462,5	-0,490467637777328	1462,5	-0,579072773456573					1462,5	-0,720583617687225	1462,5	-0,853143274784088					1462,5	-1,02447187900543	1462,5	-1,15899777412415			
1465,625	1,82070016860962			1465,625	1,53403687477112					1465,625	1,29461562633514	1465,625	1,02281284332275					1465,625	0,864526510238647	1465,625	0,656650006771088					1465,625	0,433477014303207	1465,625	0,28455862402916			1465,625	-0,316112667322159			1465,625	-0,460849165916443					1465,625	-0,488085269927979	1465,625	-0,577424287796021					1465,625	-0,718728601932526	1465,625	-0,850969970226288					1465,625	-1,02202522754669	1465,625	-1,15530633926392			
1468,75	1,82321178913116			1468,75	1,53180742263794					1468,75	1,29517650604248	1468,75	1,02288067340851					1468,75	0,864315330982208	1468,75	0,656388223171234					1468,75	0,434449255466461	1468,75	0,286053538322449			1468,75	-0,314180701971054			1468,75	-0,459732502698898					1468,75	-0,483082175254822	1468,75	-0,572661817073822					1468,75	-0,712373793125153	1468,75	-0,843195140361786					1468,75	-1,01441192626953	1468,75	-1,14675867557526			
1471,875	1,82584524154663			1471,875	1,53059577941895					1471,875	1,29641735553741	1471,875	1,02226972579956					1471,875	0,864058017730713	1471,875	0,654657244682312					1471,875	0,432793527841568	1471,875	0,284312814474106			1471,875	-0,313268333673477			1471,875	-0,457586735486984					1471,875	-0,480553776025772	1471,875	-0,569519281387329					1471,875	-0,709485232830048	1471,875	-0,839809596538544					1471,875	-1,01076984405518	1471,875	-1,14325773715973			
1475	1,82172000408173			1475	1,5320520401001					1475	1,29949843883514	1475	1,02329039573669					1475	0,864943742752075	1475	0,654302418231964					1475	0,432167708873749	1475	0,282964140176773			1475	-0,314513832330704			1475	-0,456484913825989					1475	-0,47919687628746	1475	-0,568630456924438					1475	-0,70906013250351	1475	-0,839662611484528					1475	-1,01026332378387	1475	-1,14273762702942			
1478,125	1,82540810108185			1478,125	1,52966022491455					1478,125	1,29997861385345	1478,125	1,02337491512299					1478,125	0,864854335784912	1478,125	0,654417932033539					1478,125	0,432911276817322	1478,125	0,28425595164299			1478,125	-0,313844799995422			1478,125	-0,45388600230217					1478,125	-0,475312978029251	1478,125	-0,564718186855316					1478,125	-0,703978776931763	1478,125	-0,834482252597809					1478,125	-1,00516736507416	1478,125	-1,13699674606323			
1481,25	1,82729125022888			1481,25	1,52972626686096					1481,25	1,30333411693573	1481,25	1,02605795860291					1481,25	0,867856800556183	1481,25	0,657813549041748					1481,25	0,435708612203598	1481,25	0,287794172763824			1481,25	-0,318247824907303			1481,25	-0,450179398059845					1481,25	-0,471216142177582	1481,25	-0,56172901391983					1481,25	-0,700332045555115	1481,25	-0,83145546913147					1481,25	-1,00255513191223	1481,25	-1,13517558574677			
1484,375	1,82267868518829			1484,375	1,52541053295135					1484,375	1,30306768417358	1484,375	1,02386939525604					1484,375	0,865970075130463	1484,375	0,655322372913361					1484,375	0,433155685663223	1484,375	0,286858767271042			1484,375	-0,315308034420013			1484,375	-0,447373747825623					1484,375	-0,466015785932541	1484,375	-0,557013094425201					1484,375	-0,694339752197266	1484,375	-0,824065744876862					1484,375	-0,994487643241882	1484,375	-1,12685549259186			
1487,5	1,81990945339203			1487,5	1,525235414505					1487,5	1,30379259586334	1487,5	1,02152693271637					1487,5	0,862734436988831	1487,5	0,650318801403046					1487,5	0,427114129066467	1487,5	0,27986952662468			1487,5	-0,315801382064819			1487,5	-0,448037475347519					1487,5	-0,465800881385803	1487,5	-0,557549595832825					1487,5	-0,694892942905426	1487,5	-0,824337899684906					1487,5	-0,994816601276398	1487,5	-1,12688410282135			
1490,625	1,82377028465271			1490,625	1,52309286594391					1490,625	1,305384516716	1490,625	1,02214682102203					1490,625	0,864120662212372	1490,625	0,651061117649078					1490,625	0,42810270190239	1490,625	0,28152859210968			1490,625	-0,315538883209229			1490,625	-0,443842083215714					1490,625	-0,462345361709595	1490,625	-0,553953111171722					1490,625	-0,690861165523529	1490,625	-0,819949209690094					1490,625	-0,990677773952484	1490,625	-1,1231461763382			
1493,75	1,81788599491119			1493,75	1,52052295207977					1493,75	1,30635678768158	1493,75	1,02167975902557					1493,75	0,863269686698914	1493,75	0,649546802043915					1493,75	0,426195025444031	1493,75	0,279243439435959			1493,75	-0,317352443933487			1493,75	-0,442674368619919					1493,75	-0,459970563650131	1493,75	-0,552371084690094					1493,75	-0,688449144363403	1493,75	-0,816310048103333					1493,75	-0,987001180648804	1493,75	-1,1185359954834			
1496,875	1,81096637248993			1496,875	1,5219521522522					1496,875	1,31003487110138	1496,875	1,02367675304413					1496,875	0,86526882648468	1496,875	0,650989234447479					1496,875	0,427276432514191	1496,875	0,279773116111755			1496,875	-0,318117201328278			1496,875	-0,440023571252823					1496,875	-0,457817763090134	1496,875	-0,552492797374725					1496,875	-0,688455522060394	1496,875	-0,816806733608246					1496,875	-0,988747954368591	1496,875	-1,12066602706909			
1500	1,81270492076874			1500	1,51528012752533					1500	1,30908405780792	1500	1,01968955993652					1500	0,863100528717041	1500	0,647668302059174					1500	0,424861699342728	1500	0,278762727975845			1500	-0,31241238117218			1500	-0,43454122543335					1500	-0,452564924955368	1500	-0,545774042606354					1500	-0,680818855762482	1500	-0,806866705417633					1500	-0,978655695915222	1500	-1,11115598678589			
1503,125	1,80604493618011			1503,125	1,51445853710175					1503,125	1,31054043769836	1503,125	1,02087426185608					1503,125	0,86494916677475	1503,125	0,650070786476135					1503,125	0,427276045084	1503,125	0,281221002340317			1503,125	-0,308265805244446			1503,125	-0,427893817424774					1503,125	-0,447961062192917	1503,125	-0,542009353637695					1503,125	-0,676436841487885	1503,125	-0,802340030670166					1503,125	-0,973974943161011	1503,125	-1,10669565200806			
1506,25	1,80432164669037			1506,25	1,51652240753174					1506,25	1,31349992752075	1506,25	1,02356445789337					1506,25	0,867714583873749	1506,25	0,653450012207031					1506,25	0,430342853069305	1506,25	0,283441364765167			1506,25	-0,308882504701614			1506,25	-0,422733277082443					1506,25	-0,444785505533218	1506,25	-0,539792358875275					1506,25	-0,674363613128662	1506,25	-0,800324738025665					1506,25	-0,973256051540375	1506,25	-1,10622560977936			
1509,375	1,8040657043457			1509,375	1,51033794879913					1509,375	1,31156551837921	1509,375	1,01850962638855					1509,375	0,862725436687469	1509,375	0,647987961769104					1509,375	0,423969566822052	1509,375	0,277482062578201			1509,375	-0,308060169219971			1509,375	-0,419924706220627					1509,375	-0,442595481872559	1509,375	-0,536819875240326					1509,375	-0,669610500335693	1509,375	-0,793148756027222					1509,375	-0,966221868991852	1509,375	-1,09722471237183			
1512,5	1,79958045482635			1512,5	1,5098249912262					1512,5	1,31349956989288	1512,5	1,01838290691376					1512,5	0,862930834293365	1512,5	0,648190319538116					1512,5	0,424345016479492	1512,5	0,277716159820557			1512,5	-0,304124236106873			1512,5	-0,414220809936523					1512,5	-0,439470291137695	1512,5	-0,533209383487701					1512,5	-0,666573703289032	1512,5	-0,78964775800705					1512,5	-0,962273418903351	1512,5	-1,09451651573181			
1515,625	1,79725670814514			1515,625	1,50949692726135					1515,625	1,31422078609467	1515,625	1,01776015758514					1515,625	0,86215478181839	1515,625	0,645979940891266					1515,625	0,421590566635132	1515,625	0,274056494235992			1515,625	-0,302328169345856			1515,625	-0,41066300868988					1515,625	-0,4369295835495	1515,625	-0,529877245426178					1515,625	-0,664641678333282	1515,625	-0,787102878093719					1515,625	-0,960242211818695	1515,625	-1,09340393543243			
1518,75	1,79445254802704			1518,75	1,50911390781403					1518,75	1,31636309623718	1518,75	1,01964676380157					1518,75	0,865949690341949	1518,75	0,651168644428253					1518,75	0,4271559715271	1518,75	0,281147807836533			1518,75	-0,297367483377457			1518,75	-0,403797954320908					1518,75	-0,432694733142853	1518,75	-0,525337874889374					1518,75	-0,660572588443756	1518,75	-0,782101333141327					1518,75	-0,956549286842346	1518,75	-1,08872020244598			
1521,875	1,79317033290863			1521,875	1,51112604141235					1521,875	1,31949746608734	1521,875	1,01982498168945					1521,875	0,866616189479828	1521,875	0,652783453464508					1521,875	0,427872389554977	1521,875	0,281992226839066			1521,875	-0,293661922216415			1521,875	-0,400040179491043					1521,875	-0,431481242179871	1521,875	-0,524346053600311					1521,875	-0,659643173217773	1521,875	-0,781871676445007					1521,875	-0,957292675971985	1521,875	-1,08956825733185			
1525	1,78818011283875			1525	1,50684094429016					1525	1,31494462490082	1525	1,01305568218231					1525	0,859838783740997	1525	0,644944787025452					1525	0,418881624937058	1525	0,27168744802475			1525	-0,287821739912033			1525	-0,396501332521439					1525	-0,428699910640717	1525	-0,519008815288544					1525	-0,654434561729431	1525	-0,773888051509857					1525	-0,9481241106987	1525	-1,08044075965881			
1528,125	1,78732132911682			1528,125	1,5086567401886					1528,125	1,31852185726166	1528,125	1,01784229278564					1528,125	0,864980041980743	1528,125	0,652118921279907					1528,125	0,427352845668793	1528,125	0,281025767326355			1528,125	-0,281851172447205			1528,125	-0,388754934072495					1528,125	-0,422886162996292	1528,125	-0,513610303401947					1528,125	-0,650061070919037	1528,125	-0,769322216510773					1528,125	-0,944685339927673	1528,125	-1,07663261890411			
1531,25	1,79013788700104			1531,25	1,5084056854248					1531,25	1,32052850723267	1531,25	1,01673758029938					1531,25	0,864691913127899	1531,25	0,651868164539337					1531,25	0,426095694303513	1531,25	0,279920905828476			1531,25	-0,278211236000061			1531,25	-0,383874803781509					1531,25	-0,421298205852509	1531,25	-0,510897219181061					1531,25	-0,648341417312622	1531,25	-0,76683235168457					1531,25	-0,942163646221161	1531,25	-1,07356297969818			
1534,375	1,7859114408493			1534,375	1,50954854488373					1534,375	1,32125663757324	1534,375	1,01795446872711					1534,375	0,866126596927643	1534,375	0,654207587242126					1534,375	0,427465587854385	1534,375	0,281828224658966			1534,375	-0,274712294340134			1534,375	-0,376516789197922					1534,375	-0,416928261518478	1534,375	-0,505666553974152					1534,375	-0,642966032028198	1534,375	-0,761862277984619					1534,375	-0,938050210475922	1534,375	-1,069948554039			
1537,5	1,78490877151489			1537,5	1,50825989246368					1537,5	1,31996250152588	1537,5	1,01510155200958					1537,5	0,861670970916748	1537,5	0,64985316991806					1537,5	0,421490252017975	1537,5	0,274824529886246			1537,5	-0,266386419534683			1537,5	-0,374161571264267					1537,5	-0,416101515293121	1537,5	-0,502957105636597					1537,5	-0,641118347644806	1537,5	-0,758978664875031					1537,5	-0,93472695350647	1537,5	-1,06566345691681			
1540,625	1,78287875652313			1540,625	1,5104888677597					1540,625	1,32216668128967	1540,625	1,01672255992889					1540,625	0,863493084907532	1540,625	0,652113258838654					1540,625	0,423260658979416	1540,625	0,276321023702621			1540,625	-0,262470185756683			1540,625	-0,36933046579361					1540,625	-0,412655591964722	1540,625	-0,500213086605072					1540,625	-0,639946937561035	1540,625	-0,758486270904541					1540,625	-0,935100734233856	1540,625	-1,06669282913208			
1543,75	1,78593587875366			1543,75	1,50760126113892					1543,75	1,32038104534149	1543,75	1,01333284378052					1543,75	0,859902024269104	1543,75	0,649878919124603					1543,75	0,42037445306778	1543,75	0,274766117334366			1543,75	-0,257712453603745			1543,75	-0,364469915628433					1543,75	-0,409090250730515	1543,75	-0,493477165699005					1543,75	-0,632008254528046	1543,75	-0,748493015766144					1543,75	-0,922649323940277	1543,75	-1,05260360240936			
1546,875	1,78399503231049			1546,875	1,51055097579956					1546,875	1,32348656654358	1546,875	1,01726818084717					1546,875	0,863315343856812	1546,875	0,653317630290985					1546,875	0,423878371715546	1546,875	0,277692914009094			1546,875	-0,251026391983032			1546,875	-0,358989328145981					1546,875	-0,4053735435009	1546,875	-0,490423411130905					1546,875	-0,630010008811951	1546,875	-0,748267471790314					1546,875	-0,92297351360321	1546,875	-1,05413603782654			
1550	1,78263831138611			1550	1,51025390625					1550	1,32299077510834	1550	1,0160858631134					1550	0,860844373703003	1550	0,651472270488739					1550	0,420661062002182	1550	0,274253040552139			1550	-0,24683403968811			1550	-0,355017334222794					1550	-0,401843965053558	1550	-0,486017495393753					1550	-0,625366806983948	1550	-0,743137538433075					1550	-0,917512774467468	1550	-1,04875659942627			
1553,125	1,78307437896729			1553,125	1,51152396202087					1553,125	1,32433998584747	1553,125	1,01717495918274					1553,125	0,861241698265076	1553,125	0,651691854000092					1553,125	0,420439213514328	1553,125	0,273070067167282			1553,125	-0,243410691618919			1553,125	-0,351207703351974					1553,125	-0,399824321269989	1553,125	-0,484326869249344					1553,125	-0,624179601669312	1553,125	-0,742461562156677					1553,125	-0,917730987071991	1553,125	-1,04938817024231			
1556,25	1,78272211551666			1556,25	1,51151382923126					1556,25	1,32450079917908	1556,25	1,01696789264679					1556,25	0,861687958240509	1556,25	0,653173565864563					1556,25	0,421682178974152	1556,25	0,273881584405899			1556,25	-0,237095713615417			1556,25	-0,345669001340866					1556,25	-0,396387875080109	1556,25	-0,478745251893997					1556,25	-0,618236720561981	1556,25	-0,736656963825226					1556,25	-0,910988450050354	1556,25	-1,04233908653259			
1559,375	1,78535735607147			1559,375	1,51229918003082					1559,375	1,32642042636871	1559,375	1,0172997713089					1559,375	0,861314833164215	1559,375	0,653308093547821					1559,375	0,421079754829407	1559,375	0,273796200752258			1559,375	-0,232012644410133			1559,375	-0,342046141624451					1559,375	-0,394523501396179	1559,375	-0,475974559783936					1559,375	-0,615941405296326	1559,375	-0,734267830848694					1559,375	-0,908467054367065	1559,375	-1,04004681110382			
1562,5	1,78697073459625			1562,5	1,51325047016144					1562,5	1,32732498645782	1562,5	1,0179271697998					1562,5	0,860615849494934	1562,5	0,65293300151825					1562,5	0,420297831296921	1562,5	0,273654788732529			1562,5	-0,227185398340225			1562,5	-0,33811229467392					1562,5	-0,39227169752121	1562,5	-0,472375065088272					1562,5	-0,613578915596008	1562,5	-0,731501460075378					1562,5	-0,904509842395782	1562,5	-1,03481471538544			
1565,625	1,78579771518707			1565,625	1,5131493806839					1565,625	1,32651841640472	1565,625	1,0200332403183					1565,625	0,862922728061676	1565,625	0,655910313129425					1565,625	0,423790216445923	1565,625	0,277904182672501			1565,625	-0,224173441529274			1565,625	-0,331543922424316					1565,625	-0,386569559574127	1565,625	-0,465820103883743					1565,625	-0,606438338756561	1565,625	-0,724739551544189					1565,625	-0,898356974124908	1565,625	-1,02903997898102			
1568,75	1,78492641448975			1568,75	1,51424777507782					1568,75	1,32699728012085	1568,75	1,01824247837067					1568,75	0,859387040138245	1568,75	0,651229023933411					1568,75	0,417068511247635	1568,75	0,270532846450806			1568,75	-0,219241380691528			1568,75	-0,330122351646423					1568,75	-0,386551231145859	1568,75	-0,465028315782547					1568,75	-0,606440722942352	1568,75	-0,725254595279694					1568,75	-0,898592054843903	1568,75	-1,03001236915588			
1571,875	1,78597640991211			1571,875	1,51409590244293					1571,875	1,3267263174057	1571,875	1,01903235912323					1571,875	0,860262215137482	1571,875	0,653781771659851					1571,875	0,420249730348587	1571,875	0,274239748716354			1571,875	-0,21580271422863			1571,875	-0,324594587087631					1571,875	-0,382275313138962	1571,875	-0,461008340120316					1571,875	-0,600318729877472	1571,875	-0,720258593559265					1571,875	-0,894568681716919	1571,875	-1,02554249763489			
1575	1,78766131401062			1575	1,51681447029114					1575	1,32856464385986	1575	1,02079892158508					1575	0,861749351024628	1575	0,654520750045776					1575	0,420732885599136	1575	0,27423033118248			1575	-0,211309373378754			1575	-0,320698857307434					1575	-0,38069874048233	1575	-0,459318071603775					1575	-0,599142730236053	1575	-0,720543682575226					1575	-0,894719362258911	1575	-1,02634656429291			
1578,125	1,78665328025818			1578,125	1,51660823822021					1578,125	1,32873284816742	1578,125	1,02166497707367					1578,125	0,862310290336609	1578,125	0,655763506889343					1578,125	0,424060821533203	1578,125	0,278510600328445			1578,125	-0,202635645866394			1578,125	-0,316809356212616					1578,125	-0,378247857093811	1578,125	-0,454865097999573					1578,125	-0,595029652118683	1578,125	-0,716795146465302					1578,125	-0,889698386192322	1578,125	-1,02072334289551			
1581,25	1,7870454788208			1581,25	1,51714050769806					1581,25	1,32820129394531	1581,25	1,02033412456512					1581,25	0,860425472259521	1581,25	0,652796506881714					1581,25	0,419578075408936	1581,25	0,272028893232346			1581,25	-0,202603995800018			1581,25	-0,313211798667908					1581,25	-0,375546097755432	1581,25	-0,45136022567749					1581,25	-0,590830564498901	1581,25	-0,711913108825684					1581,25	-0,884503960609436	1581,25	-1,01441085338593			
1584,375	1,79109537601471			1584,375	1,51972353458405					1584,375	1,33052396774292	1584,375	1,02395737171173					1584,375	0,864717841148376	1584,375	0,657168030738831					1584,375	0,423310130834579	1584,375	0,276239901781082			1584,375	-0,199204742908478			1584,375	-0,306389898061752					1584,375	-0,37105056643486	1584,375	-0,44823083281517					1584,375	-0,588419675827026	1584,375	-0,710774660110474					1584,375	-0,884393870830536	1584,375	-1,01473462581635			
1587,5	1,79176723957062			1587,5	1,51919806003571					1587,5	1,32893002033234	1587,5	1,02197527885437					1587,5	0,862819135189056	1587,5	0,654281377792358					1587,5	0,41958624124527	1587,5	0,271847367286682			1587,5	-0,195012137293816			1587,5	-0,3033786714077					1587,5	-0,368608176708221	1587,5	-0,444174319505692					1587,5	-0,582938849925995	1587,5	-0,705208837985992					1587,5	-0,876907348632813	1587,5	-1,00580275058746			
1590,625	1,79031550884247			1590,625	1,5194137096405					1590,625	1,32814848423004	1590,625	1,02035093307495					1590,625	0,859903156757355	1590,625	0,649919271469116					1590,625	0,413038700819016	1590,625	0,263259142637253			1590,625	-0,193290919065475			1590,625	-0,30011311173439					1590,625	-0,366308093070984	1590,625	-0,441229730844498					1590,625	-0,580156266689301	1590,625	-0,701364278793335					1590,625	-0,871940135955811	1590,625	-1,00142824649811			
1593,75	1,7937947511673			1593,75	1,51992356777191					1593,75	1,32774376869202	1593,75	1,02131736278534					1593,75	0,860524296760559	1593,75	0,650610744953156					1593,75	0,414889305830002	1593,75	0,265312910079956			1593,75	-0,186682254076004			1593,75	-0,296259850263596					1593,75	-0,364059090614319	1593,75	-0,437253385782242					1593,75	-0,577296733856201	1593,75	-0,69771134853363					1593,75	-0,867527067661285	1593,75	-0,99632465839386			
1596,875	1,79488384723663			1596,875	1,52199244499207					1596,875	1,32957780361176	1596,875	1,02372694015503					1596,875	0,862359702587128	1596,875	0,652351975440979					1596,875	0,416847169399261	1596,875	0,268764138221741			1596,875	-0,186592847108841			1596,875	-0,290740817785263					1596,875	-0,360400885343552	1596,875	-0,433994203805923					1596,875	-0,574118554592133	1596,875	-0,695055902004242					1596,875	-0,866000831127167	1596,875	-0,994680762290955			
1600	1,79740655422211			1600	1,52338135242462					1600	1,32974100112915	1600	1,02314472198486					1600	0,860935568809509	1600	0,651150405406952					1600	0,414484620094299	1600	0,26689800620079			1600	-0,17999130487442			1600	-0,288954108953476					1600	-0,359753578901291	1600	-0,432896077632904					1600	-0,572626531124115	1600	-0,694265425205231					1600	-0,865359902381897	1600	-0,993624687194824			
1603,125	1,79528248310089			1603,125	1,52427744865417					1603,125	1,32944178581238	1603,125	1,02318513393402					1603,125	0,860352993011475	1603,125	0,650053143501282					1603,125	0,413422673940659	1603,125	0,265200257301331			1603,125	-0,174863517284393			1603,125	-0,285473555326462					1603,125	-0,357496589422226	1603,125	-0,43021497130394					1603,125	-0,569957792758942	1603,125	-0,692157089710236					1603,125	-0,863399505615234	1603,125	-0,992395401000977			
1606,25	1,79651308059692			1606,25	1,52635371685028					1606,25	1,32948899269104	1606,25	1,02382743358612					1606,25	0,86117696762085	1606,25	0,649421572685242					1606,25	0,412891387939453	1606,25	0,263952374458313			1606,25	-0,171877324581146			1606,25	-0,282033354043961					1606,25	-0,353368908166885	1606,25	-0,42704638838768					1606,25	-0,566348969936371	1606,25	-0,687786042690277					1606,25	-0,857516050338745	1606,25	-0,985336542129517			
1609,375	1,79377782344818			1609,375	1,52699947357178					1609,375	1,33028161525726	1609,375	1,02825140953064					1609,375	0,866512715816498	1609,375	0,656747281551361					1609,375	0,422089070081711	1609,375	0,274891287088394			1609,375	-0,167176529765129			1609,375	-0,274186939001083					1609,375	-0,346414119005203	1609,375	-0,421494483947754					1609,375	-0,560403943061829	1609,375	-0,682964086532593					1609,375	-0,854060292243958	1609,375	-0,983394742012024			
1612,5	1,79716742038727			1612,5	1,52544260025024					1612,5	1,32811558246613	1612,5	1,02815735340118					1612,5	0,86608898639679	1612,5	0,6579549908638					1612,5	0,424878031015396	1612,5	0,278891265392303			1612,5	-0,167825907468796			1612,5	-0,270844101905823					1612,5	-0,342000663280487	1612,5	-0,416620373725891					1612,5	-0,553949892520905	1612,5	-0,675657629966736					1612,5	-0,846220433712006	1612,5	-0,976029813289642			
1615,625	1,79927086830139			1615,625	1,5276243686676					1615,625	1,3279904127121	1615,625	1,0275262594223					1615,625	0,86370575428009	1615,625	0,654876589775085					1615,625	0,419642895460129	1615,625	0,272774696350098			1615,625	-0,162116035819054			1615,625	-0,268253684043884					1615,625	-0,341171234846115	1615,625	-0,415579378604889					1615,625	-0,553052604198456	1615,625	-0,674297749996185					1615,625	-0,843595325946808	1615,625	-0,972092390060425			
1618,75	1,80012536048889			1618,75	1,52986323833466					1618,75	1,32794797420502	1618,75	1,02660942077637					1618,75	0,861816108226776	1618,75	0,651497721672058					1618,75	0,415275812149048	1618,75	0,267773598432541			1618,75	-0,160130336880684			1618,75	-0,266936510801315					1618,75	-0,340680360794067	1618,75	-0,414555758237839					1618,75	-0,553084313869476	1618,75	-0,673574030399323					1618,75	-0,842554450035095	1618,75	-0,970140635967255			
1621,875	1,79989922046661			1621,875	1,53096401691437					1621,875	1,32838582992554	1621,875	1,02819609642029					1621,875	0,863417327404022	1621,875	0,653441190719604					1621,875	0,41718927025795	1621,875	0,270364314317703			1621,875	-0,155692934989929			1621,875	-0,262379050254822					1621,875	-0,336284399032593	1621,875	-0,411246985197067					1621,875	-0,550298810005188	1621,875	-0,670570433139801					1621,875	-0,840864479541779	1621,875	-0,969430208206177			
1625	1,80541944503784			1625	1,52994048595428					1625	1,32656514644623	1625	1,02735543251038					1625	0,862065076828003	1625	0,652262449264526					1625	0,415761500597	1625	0,269956320524216			1625	-0,153118163347244			1625	-0,260071814060211					1625	-0,333658277988434	1625	-0,408322513103485					1625	-0,546240508556366	1625	-0,666204869747162					1625	-0,835941255092621	1625	-0,964599967002869			
1628,125	1,8049703836441			1628,125	1,53268980979919					1628,125	1,32775032520294	1628,125	1,03020250797272					1628,125	0,864159464836121	1628,125	0,654224514961243					1628,125	0,417611360549927	1628,125	0,270842134952545			1628,125	-0,15067645907402			1628,125	-0,256523430347443					1628,125	-0,330498695373535	1628,125	-0,406657040119171					1628,125	-0,544713199138641	1628,125	-0,665307402610779					1628,125	-0,835842072963715	1628,125	-0,964756727218628			
1631,25	1,80176901817322			1631,25	1,532390832901					1631,25	1,32500457763672	1631,25	1,0285222530365					1631,25	0,861843705177307	1631,25	0,651837170124054					1631,25	0,416229546070099	1631,25	0,268991827964783			1631,25	-0,149792224168777			1631,25	-0,253962337970734					1631,25	-0,326831847429276	1631,25	-0,402188688516617					1631,25	-0,538717806339264	1631,25	-0,658974468708038					1631,25	-0,828012347221375	1631,25	-0,955784916877747			
1634,375	1,80320000648499			1634,375	1,5346531867981					1634,375	1,32676160335541	1634,375	1,02820694446564					1634,375	0,860680818557739	1634,375	0,64997535943985					1634,375	0,413569927215576	1634,375	0,265425771474838			1634,375	-0,142295554280281			1634,375	-0,252155095338821					1634,375	-0,325747579336166	1634,375	-0,402678370475769					1634,375	-0,538228929042816	1634,375	-0,658716261386871					1634,375	-0,826852202415466	1634,375	-0,953415334224701			
1637,5	1,80408024787903			1637,5	1,53501629829407					1637,5	1,32430326938629	1637,5	1,02819752693176					1637,5	0,85975593328476	1637,5	0,648235142230988					1637,5	0,410644888877869	1637,5	0,262913644313812			1637,5	-0,141211062669754			1637,5	-0,248545661568642					1637,5	-0,322982400655746	1637,5	-0,400904297828674					1637,5	-0,535559415817261	1637,5	-0,655518710613251					1637,5	-0,82418966293335	1637,5	-0,951839029788971			
1640,625	1,80623030662537			1640,625	1,53676223754883					1640,625	1,32685077190399	1640,625	1,03329765796661					1640,625	0,866392076015472	1640,625	0,657568335533142					1640,625	0,421433001756668	1640,625	0,275754898786545			1640,625	-0,13619127869606			1640,625	-0,240248188376427					1640,625	-0,316134035587311	1640,625	-0,395340114831924					1640,625	-0,531685888767242	1640,625	-0,653524339199066					1640,625	-0,824916005134583	1640,625	-0,956125378608704			
1643,75	1,80696105957031			1643,75	1,53064787387848					1643,75	1,32089352607727	1643,75	1,02705466747284					1643,75	0,859278619289398	1643,75	0,650140583515167					1643,75	0,416212052106857	1643,75	0,272110432386398			1643,75	-0,134953185915947			1643,75	-0,242942377924919					1643,75	-0,312306821346283	1643,75	-0,389446437358856					1643,75	-0,522425651550293	1643,75	-0,640771627426147					1643,75	-0,807794332504272	1643,75	-0,934558808803558			
1646,875	1,80516123771667			1646,875	1,53578734397888					1646,875	1,32409477233887	1646,875	1,02963292598724					1646,875	0,860978662967682	1646,875	0,650493323802948					1646,875	0,414849281311035	1646,875	0,26830530166626			1646,875	-0,13211926817894			1646,875	-0,23922398686409					1646,875	-0,311255276203156	1646,875	-0,390522003173828					1646,875	-0,525005698204041	1646,875	-0,644732117652893					1646,875	-0,813459992408752	1646,875	-0,941533029079437			
1650	1,80462348461151			1650	1,53805828094482					1650	1,3226832151413	1650	1,02853739261627					1650	0,858726501464844	1650	0,647853136062622					1650	0,410485595464706	1650	0,263652920722961			1650	-0,127814635634422			1650	-0,237993285059929					1650	-0,309857577085495	1650	-0,390068084001541					1650	-0,52356481552124	1650	-0,643400609493256					1650	-0,81156861782074	1650	-0,939421534538269			
1653,125	1,80753326416016			1653,125	1,53679096698761					1653,125	1,32144165039063	1653,125	1,02921330928802					1653,125	0,859507620334625	1653,125	0,649788796901703					1653,125	0,413577735424042	1653,125	0,266931980848312			1653,125	-0,126829400658607			1653,125	-0,233180701732635					1653,125	-0,303678721189499	1653,125	-0,386310786008835					1653,125	-0,51823216676712	1653,125	-0,638281226158142					1653,125	-0,806876063346863	1653,125	-0,934929013252258			
1656,25	1,80589771270752			1656,25	1,53606021404266					1656,25	1,32194411754608	1656,25	1,02868390083313					1656,25	0,859503269195557	1656,25	0,649660348892212					1656,25	0,413556158542633	1656,25	0,266663610935211			1656,25	-0,120477348566055			1656,25	-0,230700045824051					1656,25	-0,299729019403458	1656,25	-0,383742332458496					1656,25	-0,514969766139984	1656,25	-0,635772347450256					1656,25	-0,804579734802246	1656,25	-0,933723390102386			
1659,375	1,80335426330566			1659,375	1,538010597229					1659,375	1,32383263111115	1659,375	1,02995622158051					1659,375	0,86084258556366	1659,375	0,650059521198273					1659,375	0,413798004388809	1659,375	0,266087412834167			1659,375	-0,122182793915272			1659,375	-0,226830437779427					1659,375	-0,294984847307205	1659,375	-0,38200706243515					1659,375	-0,513180315494537	1659,375	-0,634449660778046					1659,375	-0,80379182100296	1659,375	-0,934038162231445			
1662,5	1,80672109127045			1662,5	1,53837597370148					1662,5	1,32393527030945	1662,5	1,02997982501984					1662,5	0,861911714076996	1662,5	0,650689482688904					1662,5	0,413790017366409	1662,5	0,266608953475952			1662,5	-0,118967242538929			1662,5	-0,223553046584129					1662,5	-0,29175078868866	1662,5	-0,379517287015915					1662,5	-0,510146200656891	1662,5	-0,631156384944916					1662,5	-0,801017045974731	1662,5	-0,930242955684662			
1665,625	1,80636405944824			1665,625	1,53726959228516					1665,625	1,32220101356506	1665,625	1,02684986591339					1665,625	0,857894837856293	1665,625	0,646123647689819					1665,625	0,408353328704834	1665,625	0,26151368021965			1665,625	-0,110797643661499			1665,625	-0,222947329282761					1665,625	-0,289028316736221	1665,625	-0,378084123134613					1665,625	-0,506345152854919	1665,625	-0,625779807567596					1665,625	-0,794430375099182	1665,625	-0,921751320362091			
1668,75	1,80883979797363			1668,75	1,53884518146515					1668,75	1,32397472858429	1668,75	1,02749729156494					1668,75	0,858270227909088	1668,75	0,646858811378479					1668,75	0,409065723419189	1668,75	0,261565536260605			1668,75	-0,112988777458668			1668,75	-0,21861369907856					1668,75	-0,284570693969727	1668,75	-0,3767349421978					1668,75	-0,504529535770416	1668,75	-0,624104201793671					1668,75	-0,794081032276154	1668,75	-0,921708285808563			
1671,875	1,80782067775726			1671,875	1,5390841960907					1671,875	1,32336163520813	1671,875	1,02632713317871					1671,875	0,856974065303802	1671,875	0,64583295583725					1671,875	0,408141255378723	1671,875	0,260451018810272			1671,875	-0,113027565181255			1671,875	-0,216012254357338					1671,875	-0,282311171293259	1671,875	-0,374651998281479					1671,875	-0,501564621925354	1671,875	-0,621229946613312					1671,875	-0,790284872055054	1671,875	-0,917598009109497			
1675	1,80994212627411			1675	1,53714919090271					1675	1,32240164279938	1675	1,02549660205841					1675	0,858213603496552	1675	0,647948443889618					1675	0,411503702402115	1675	0,264829367399216			1675	-0,110088214278221			1675	-0,212257638573647					1675	-0,276169925928116	1675	-0,36959633231163					1675	-0,495859891176224	1675	-0,615267753601074					1675	-0,783365368843079	1675	-0,910731852054596			
1678,125	1,80815374851227			1678,125	1,53754734992981					1678,125	1,32157337665558	1678,125	1,02219474315643					1678,125	0,855416774749756	1678,125	0,646133422851563					1678,125	0,408591836690903	1678,125	0,261955171823502			1678,125	-0,10666811466217			1678,125	-0,213317036628723					1678,125	-0,273791700601578	1678,125	-0,367196977138519					1678,125	-0,492491245269775	1678,125	-0,61073899269104					1678,125	-0,778484702110291	1678,125	-0,905899524688721			
1681,25	1,80541896820068			1681,25	1,54054188728333					1681,25	1,32392764091492	1681,25	1,02407968044281					1681,25	0,857571661472321	1681,25	0,647364318370819					1681,25	0,408785134553909	1681,25	0,261316776275635			1681,25	-0,104305543005466			1681,25	-0,208150520920753					1681,25	-0,270408868789673	1681,25	-0,36684650182724					1681,25	-0,491577923297882	1681,25	-0,611716210842133					1681,25	-0,780091285705566	1681,25	-0,907530546188354			
1684,375	1,80731689929962			1684,375	1,53631734848022					1684,375	1,3224184513092	1684,375	1,02250933647156					1684,375	0,858522355556488	1684,375	0,649932384490967					1684,375	0,413648992776871	1684,375	0,267373353242874			1684,375	-0,10018664598465			1684,375	-0,201843753457069					1684,375	-0,263587415218353	1684,375	-0,359028726816177					1684,375	-0,482190489768982	1684,375	-0,60177606344223					1684,375	-0,768949329853058	1684,375	-0,896656095981598			
1687,5	1,811274766922			1687,5	1,53591895103455					1687,5	1,32194721698761	1687,5	1,02099359035492					1687,5	0,857815146446228	1687,5	0,648786962032318					1687,5	0,412141799926758	1687,5	0,266171097755432			1687,5	-0,0948609858751297			1687,5	-0,199441894888878					1687,5	-0,26196101307869	1687,5	-0,356612771749496					1687,5	-0,480276614427567	1687,5	-0,59997695684433					1687,5	-0,767828464508057	1687,5	-0,895751953125			
1690,625	1,80724310874939			1690,625	1,53599524497986					1690,625	1,32342636585236	1690,625	1,02071666717529					1690,625	0,858363389968872	1690,625	0,649651169776917					1690,625	0,413353621959686	1690,625	0,266918301582336			1690,625	-0,0926694422960281			1690,625	-0,196607366204262					1690,625	-0,257616370916367	1690,625	-0,353663831949234					1690,625	-0,477146416902542	1690,625	-0,597476601600647					1690,625	-0,766267359256744	1690,625	-0,894076466560364			
1693,75	1,8062185049057			1693,75	1,53696167469025					1693,75	1,32499146461487	1693,75	1,02219581604004					1693,75	0,861027777194977	1693,75	0,653092920780182					1693,75	0,41770339012146	1693,75	0,271120369434357			1693,75	-0,0894680991768837			1693,75	-0,190618261694908					1693,75	-0,251000016927719	1693,75	-0,349438548088074					1693,75	-0,473506480455399	1693,75	-0,594728648662567					1693,75	-0,764823377132416	1693,75	-0,894202888011932			
1696,875	1,80705678462982			1696,875	1,53725862503052					1696,875	1,32346069812775	1696,875	1,0166015625					1696,875	0,856315135955811	1696,875	0,647999048233032					1696,875	0,411701709032059	1696,875	0,26405394077301			1696,875	-0,0867478847503662			1696,875	-0,189466685056686					1696,875	-0,248954594135284	1696,875	-0,347332715988159					1696,875	-0,47015717625618	1696,875	-0,590840458869934					1696,875	-0,758076786994934	1696,875	-0,885380387306213			
1700	1,80541098117828			1700	1,53785979747772					1700	1,32365953922272	1700	1,01700437068939					1700	0,857845723628998	1700	0,64877450466156					1700	0,412367284297943	1700	0,264726728200912			1700	-0,0813900306820869			1700	-0,186277508735657					1700	-0,2453952729702	1700	-0,344072699546814					1700	-0,467582672834396	1700	-0,588479399681091					1700	-0,756067156791687	1700	-0,88367772102356			
1703,125	1,80786144733429			1703,125	1,53803491592407					1703,125	1,32396757602692	1703,125	1,01545643806458					1703,125	0,856289327144623	1703,125	0,647140085697174					1703,125	0,40983247756958	1703,125	0,261208921670914			1703,125	-0,0767704769968987			1703,125	-0,183491870760918					1703,125	-0,243249416351318	1703,125	-0,342165619134903					1703,125	-0,466126441955566	1703,125	-0,587173104286194					1703,125	-0,754680931568146	1703,125	-0,882333874702454			
1706,25	1,80572772026062			1706,25	1,53860247135162					1706,25	1,3249614238739	1706,25	1,01475167274475					1706,25	0,856027245521545	1706,25	0,647535264492035					1706,25	0,410023003816605	1706,25	0,261772930622101			1706,25	-0,0744769871234894			1706,25	-0,180596023797989					1706,25	-0,239128082990646	1706,25	-0,336860120296478					1706,25	-0,462295323610306	1706,25	-0,583176016807556					1706,25	-0,750320196151733	1706,25	-0,87785804271698			
1709,375	1,80758857727051			1709,375	1,5362446308136					1709,375	1,32413601875305	1709,375	1,01326417922974					1709,375	0,856777667999268	1709,375	0,648498833179474					1709,375	0,412034064531326	1709,375	0,265084862709045			1709,375	-0,0724194422364235			1709,375	-0,176124945282936					1709,375	-0,233279407024384	1709,375	-0,330152451992035					1709,375	-0,455745726823807	1709,375	-0,577233552932739					1709,375	-0,74414598941803	1709,375	-0,871460437774658			
1712,5	1,81284487247467			1712,5	1,5375908613205					1712,5	1,32530999183655	1712,5	1,0140608549118					1712,5	0,857142567634583	1712,5	0,64868688583374					1712,5	0,411928176879883	1712,5	0,26411384344101			1712,5	-0,0662616342306137			1712,5	-0,171877682209015					1712,5	-0,230184137821198	1712,5	-0,32749816775322					1712,5	-0,453523486852646	1712,5	-0,575858652591705					1712,5	-0,743489325046539	1712,5	-0,870789408683777			
1715,625	1,81238567829132			1715,625	1,53759241104126					1715,625	1,32531547546387	1715,625	1,01371872425079					1715,625	0,857127785682678	1715,625	0,648729503154755					1715,625	0,412255465984344	1715,625	0,264400601387024			1715,625	-0,066609300673008			1715,625	-0,168287262320518					1715,625	-0,227013498544693	1715,625	-0,322716265916824					1715,625	-0,449551552534103	1715,625	-0,572012484073639					1715,625	-0,739585518836975	1715,625	-0,86663943529129			
1718,75	1,81184077262878			1718,75	1,53924667835236					1718,75	1,32658612728119	1718,75	1,01334488391876					1718,75	0,855982482433319	1718,75	0,646447777748108					1718,75	0,408928692340851	1718,75	0,260281562805176			1718,75	-0,0627172514796257			1718,75	-0,168193593621254					1718,75	-0,225770309567451	1718,75	-0,321640431880951					1718,75	-0,449095726013184	1718,75	-0,571390390396118					1718,75	-0,738361537456512	1718,75	-0,864952623844147			
1721,875	1,8103746175766			1721,875	1,53843593597412					1721,875	1,3265655040741	1721,875	1,01251435279846					1721,875	0,855152070522308	1721,875	0,645666539669037					1721,875	0,408706575632095	1721,875	0,260588437318802			1721,875	-0,0616312101483345			1721,875	-0,166601553559303					1721,875	-0,223079949617386	1721,875	-0,317608594894409					1721,875	-0,446005165576935	1721,875	-0,567831516265869					1721,875	-0,734303057193756	1721,875	-0,860552430152893			
1725	1,81073486804962			1725	1,53641819953918					1725	1,32456088066101	1725	1,01126503944397					1725	0,855036616325378	1725	0,645758807659149					1725	0,410407871007919	1725	0,263476133346558			1725	-0,0574248880147934			1725	-0,161741271615028					1725	-0,218134358525276	1725	-0,310327112674713					1725	-0,437802940607071	1725	-0,560592234134674					1725	-0,726519882678986	1725	-0,852401793003082			
1728,125	1,80950021743774			1728,125	1,53950905799866					1728,125	1,32793831825256	1728,125	1,01235640048981					1728,125	0,856217324733734	1728,125	0,645692646503448					1728,125	0,409001380205154	1728,125	0,260746687650681			1728,125	-0,0524445958435535			1728,125	-0,156638368964195					1728,125	-0,214840710163116	1728,125	-0,308355242013931					1728,125	-0,437374442815781	1728,125	-0,56114000082016					1728,125	-0,727819085121155	1728,125	-0,854335963726044			
1731,25	1,81012725830078			1731,25	1,54200565814972					1731,25	1,33035469055176	1731,25	1,01366209983826					1731,25	0,856507241725922	1731,25	0,64567619562149					1731,25	0,407673478126526	1731,25	0,259068965911865			1731,25	-0,0487347990274429			1731,25	-0,153343945741653					1731,25	-0,211901679635048	1731,25	-0,305300682783127					1731,25	-0,435934036970139	1731,25	-0,55984103679657					1731,25	-0,726685643196106	1731,25	-0,853258550167084			
1734,375	1,81143867969513			1734,375	1,54169070720673					1734,375	1,32984066009521	1734,375	1,01274335384369					1734,375	0,854399383068085	1734,375	0,642905056476593					1734,375	0,404996663331985	1734,375	0,256689220666885			1734,375	-0,0498792305588722			1734,375	-0,154613077640533					1734,375	-0,2104232609272	1734,375	-0,302251070737839					1734,375	-0,432082951068878	1734,375	-0,556236028671265					1734,375	-0,721431732177734	1734,375	-0,84747987985611			
1737,5	1,81575298309326			1737,5	1,54033505916595					1737,5	1,33002424240112	1737,5	1,0144989490509					1737,5	0,856834948062897	1737,5	0,64571738243103					1737,5	0,409001857042313	1737,5	0,260896593332291			1737,5	-0,0492784008383751			1737,5	-0,149239867925644					1737,5	-0,205485090613365	1737,5	-0,297229379415512					1737,5	-0,427998811006546	1737,5	-0,55229663848877					1737,5	-0,718268573284149	1737,5	-0,844498336315155			
1740,625	1,81445217132568			1740,625	1,54378235340118					1740,625	1,332106590271	1740,625	1,01678788661957					1740,625	0,85821658372879	1740,625	0,646175742149353					1740,625	0,407961815595627	1740,625	0,25882750749588			1740,625	-0,0491283051669598			1740,625	-0,144311249256134					1740,625	-0,202262699604034	1740,625	-0,296634763479233					1740,625	-0,427701056003571	1740,625	-0,552576243877411					1740,625	-0,719269812107086	1740,625	-0,845199704170227			
1743,75	1,8148740530014			1743,75	1,54048836231232					1743,75	1,32922542095184	1743,75	1,01650011539459					1743,75	0,858402669429779	1743,75	0,646518111228943					1743,75	0,410609871149063	1743,75	0,262298554182053			1743,75	-0,0430833734571934			1743,75	-0,140753164887428					1743,75	-0,197215482592583	1743,75	-0,28987255692482					1743,75	-0,420066624879837	1743,75	-0,543738007545471					1743,75	-0,710216224193573	1743,75	-0,83533763885498			
1746,875	1,81967031955719			1746,875	1,54067385196686					1746,875	1,33128988742828	1746,875	1,01777100563049					1746,875	0,860028088092804	1746,875	0,648033380508423					1746,875	0,412250190973282	1746,875	0,264063537120819			1746,875	-0,0423279218375683			1746,875	-0,136823952198029					1746,875	-0,194322481751442	1746,875	-0,286631673574448					1746,875	-0,417413890361786	1746,875	-0,5421102643013					1746,875	-0,708617329597473	1746,875	-0,834402620792389			
1750	1,82156312465668			1750	1,54351484775543					1750	1,33421897888184	1750	1,01920735836029					1750	0,860303938388824	1750	0,647448718547821					1750	0,410759717226028	1750	0,261741757392883			1750	-0,0429346673190594			1750	-0,133153453469276					1750	-0,192143470048904	1750	-0,285407423973084					1750	-0,416896492242813	1750	-0,541696488857269					1750	-0,708491921424866	1750	-0,834497392177582			
1753,125	1,81739568710327			1753,125	1,54292142391205					1753,125	1,33224236965179	1753,125	1,01839673519135					1753,125	0,858739674091339	1753,125	0,645370244979858					1753,125	0,409321904182434	1753,125	0,260131239891052			1753,125	-0,0360851511359215			1753,125	-0,129882782697678					1753,125	-0,18999120593071	1753,125	-0,281967520713806					1753,125	-0,413377940654755	1753,125	-0,537291765213013					1753,125	-0,703687250614166	1753,125	-0,828463792800903			
1756,25	1,81319570541382			1756,25	1,54330730438232					1756,25	1,33218288421631	1756,25	1,01727223396301					1756,25	0,857718944549561	1756,25	0,644034743309021					1756,25	0,408083498477936	1756,25	0,2589490711689			1756,25	-0,0351192653179169			1756,25	-0,12892410159111					1756,25	-0,185901895165443	1756,25	-0,27787920832634					1756,25	-0,409221917390823	1756,25	-0,532680153846741					1756,25	-0,699208498001099	1756,25	-0,823760569095612			
1759,375	1,8168340921402			1759,375	1,54740571975708					1759,375	1,33509600162506	1759,375	1,01949167251587					1759,375	0,85944527387619	1759,375	0,645341515541077					1759,375	0,408727288246155	1759,375	0,258845120668411			1759,375	-0,0301292315125465			1759,375	-0,125045046210289					1759,375	-0,18244232237339	1759,375	-0,277012407779694					1759,375	-0,409489721059799	1759,375	-0,533923745155334					1759,375	-0,701321542263031	1759,375	-0,826344609260559			
1762,5	1,8189789056778			1762,5	1,54570078849792					1762,5	1,33355045318604	1762,5	1,01904881000519					1762,5	0,858611106872559	1762,5	0,644412040710449					1762,5	0,408185571432114	1762,5	0,258176058530808			1762,5	-0,0294396448880434			1762,5	-0,12344765663147					1762,5	-0,180671110749245	1762,5	-0,273616999387741					1762,5	-0,404831051826477	1762,5	-0,52898234128952					1762,5	-0,696060240268707	1762,5	-0,820602893829346			
1765,625	1,81814169883728			1765,625	1,54620337486267					1765,625	1,33351969718933	1765,625	1,01867938041687					1765,625	0,857681274414063	1765,625	0,643567860126495					1765,625	0,408071875572205	1765,625	0,258878827095032			1765,625	-0,0250781122595072			1765,625	-0,122367985546589					1765,625	-0,178461700677872	1765,625	-0,270280569791794					1765,625	-0,401137590408325	1765,625	-0,524863183498383					1765,625	-0,691697537899017	1765,625	-0,81539386510849			
1768,75	1,81588685512543			1768,75	1,54503548145294					1768,75	1,33415281772614	1768,75	1,01913249492645					1768,75	0,858813583850861	1768,75	0,64461213350296					1768,75	0,409274250268936	1768,75	0,260371118783951			1768,75	-0,0243655666708946			1768,75	-0,118619933724403					1768,75	-0,174500718712807	1768,75	-0,266488283872604					1768,75	-0,39664301276207	1768,75	-0,520182073116302					1768,75	-0,687131762504578	1768,75	-0,810707986354828			
1771,875	1,81656384468079			1771,875	1,5471898317337					1771,875	1,33501589298248	1771,875	1,01942956447601					1771,875	0,859012484550476	1771,875	0,644145309925079					1771,875	0,408103048801422	1771,875	0,258758276700974			1771,875	-0,0237616468220949			1771,875	-0,115572281181812					1771,875	-0,172392129898071	1771,875	-0,265312999486923					1771,875	-0,395407974720001	1771,875	-0,519313931465149					1771,875	-0,686675608158112	1771,875	-0,810214281082153			
1775	1,81372356414795			1775	1,54840993881226					1775	1,33636319637299	1775	1,02003765106201					1775	0,859898626804352	1775	0,644695281982422					1775	0,408331900835037	1775	0,259067803621292			1775	-0,0188264362514019			1775	-0,112912476062775					1775	-0,1706932336092	1775	-0,262872159481049					1775	-0,393903344869614	1775	-0,517505884170532					1775	-0,685378909111023	1775	-0,808653295040131			
1778,125	1,81241023540497			1778,125	1,54914951324463					1778,125	1,33645224571228	1778,125	1,01878893375397					1778,125	0,859290361404419	1778,125	0,64291250705719					1778,125	0,406784743070602	1778,125	0,25749084353447			1778,125	-0,0186606608331203			1778,125	-0,1109823808074					1778,125	-0,167452529072762	1778,125	-0,260080188512802					1778,125	-0,391175419092178	1778,125	-0,513644993305206					1778,125	-0,681451678276062	1778,125	-0,804259359836578			
1781,25	1,81576657295227			1781,25	1,54825520515442					1781,25	1,33605599403381	1781,25	1,01905906200409					1781,25	0,860198199748993	1781,25	0,644154191017151					1781,25	0,408076524734497	1781,25	0,258971035480499			1781,25	-0,0146483387798071			1781,25	-0,107365250587463					1781,25	-0,16238871216774	1781,25	-0,255514800548553					1781,25	-0,386392533779144	1781,25	-0,509118974208832					1781,25	-0,677170395851135	1781,25	-0,800195634365082			
1784,375	1,81884610652924			1784,375	1,54908335208893					1784,375	1,33714175224304	1784,375	1,01885044574738					1784,375	0,859735608100891	1784,375	0,64310348033905					1784,375	0,40677472949028	1784,375	0,257333219051361			1784,375	-0,0155741423368454			1784,375	-0,105915389955044					1784,375	-0,159364983439445	1784,375	-0,253271371126175					1784,375	-0,383842647075653	1784,375	-0,507149934768677					1784,375	-0,675424456596375	1784,375	-0,798511147499084			
1787,5	1,82271337509155			1787,5	1,55162179470062					1787,5	1,3396657705307	1787,5	1,01792120933533					1787,5	0,857562780380249	1787,5	0,639783918857574					1787,5	0,402964323759079	1787,5	0,253491550683975			1787,5	-0,00936422124505043			1787,5	-0,106789737939835					1787,5	-0,158414706587791	1787,5	-0,252545356750488					1787,5	-0,383423030376434	1787,5	-0,506218194961548					1787,5	-0,674174010753632	1787,5	-0,796558558940887			
1790,625	1,81315064430237			1790,625	1,54882407188416					1790,625	1,3376796245575	1790,625	1,01894724369049					1790,625	0,858632862567902	1790,625	0,642470896244049					1790,625	0,406525045633316	1790,625	0,257565647363663			1790,625	-0,00892447307705879			1790,625	-0,102030232548714					1790,625	-0,153840184211731	1790,625	-0,247250780463219					1790,625	-0,378675401210785	1790,625	-0,499779552221298					1790,625	-0,669014871120453	1790,625	-0,791405379772186			
1793,75	1,81394696235657			1793,75	1,54992210865021					1793,75	1,33829081058502	1793,75	1,01638627052307					1793,75	0,855683207511902	1793,75	0,638286471366882					1793,75	0,401547640562058	1793,75	0,252469390630722			1793,75	-0,00593682145699859			1793,75	-0,103998653590679					1793,75	-0,153237387537956	1793,75	-0,245096370577812					1793,75	-0,376408517360687	1793,75	-0,496524333953857					1793,75	-0,664718270301819	1793,75	-0,786048710346222			
1796,875	1,81281173229218			1796,875	1,55075061321259					1796,875	1,34019982814789	1796,875	1,01832973957062					1796,875	0,858031272888184	1796,875	0,64070200920105					1796,875	0,403499633073807	1796,875	0,25395256280899			1796,875	-0,000919438316486776			1796,875	-0,0986799374222755					1796,875	-0,149288445711136	1796,875	-0,24278225004673					1796,875	-0,374753028154373	1796,875	-0,495867848396301					1796,875	-0,665094614028931	1796,875	-0,787053644657135			
1800	1,81394815444946			1800	1,54859483242035					1800	1,33924782276154	1800	1,02028286457062					1800	0,860825717449188	1800	0,643942713737488					1800	0,406715244054794	1800	0,257266104221344			1800	0,000185873825103045			1800	-0,0915681347250938					1800	-0,144954606890678	1800	-0,239481940865517					1800	-0,371874094009399	1800	-0,493765980005264					1800	-0,664379775524139	1800	-0,787002503871918			
1803,125	1,80963528156281			1803,125	1,54664278030396					1803,125	1,33954966068268	1803,125	1,01785206794739					1803,125	0,85729444026947	1803,125	0,639886260032654					1803,125	0,402924925088882	1803,125	0,254023969173431			1803,125	0,00327919842675328			1803,125	-0,0947150960564613					1803,125	-0,145165309309959	1803,125	-0,23570716381073					1803,125	-0,367459088563919	1803,125	-0,486811488866806					1803,125	-0,655614495277405	1803,125	-0,776622414588928			
1806,25	1,81194162368774			1806,25	1,54902958869934					1806,25	1,34152781963348	1806,25	1,02031850814819					1806,25	0,860046744346619	1806,25	0,642839431762695					1806,25	0,405681669712067	1806,25	0,256861090660095			1806,25	0,00304242921993136			1806,25	-0,0892694592475891					1806,25	-0,140101164579391	1806,25	-0,232101991772652					1806,25	-0,364976048469543	1806,25	-0,484877020120621					1806,25	-0,655286192893982	1806,25	-0,776958584785461			
1809,375	1,81366193294525			1809,375	1,54800248146057					1809,375	1,34189736843109	1809,375	1,02003705501556					1809,375	0,860289335250854	1809,375	0,643290519714355					1809,375	0,405859142541885	1809,375	0,257055103778839			1809,375	0,00345165468752384			1809,375	-0,0861453413963318					1809,375	-0,136515021324158	1809,375	-0,227805122733116					1809,375	-0,360990285873413	1809,375	-0,480804175138474					1809,375	-0,650816142559052	1809,375	-0,77223527431488			
1812,5	1,81481850147247			1812,5	1,54994678497314					1812,5	1,34452164173126	1812,5	1,02091288566589					1812,5	0,861665070056915	1812,5	0,644231736660004					1812,5	0,405725657939911	1812,5	0,256125807762146			1812,5	0,00586549285799265			1812,5	-0,0816718339920044					1812,5	-0,134038999676704	1812,5	-0,226912617683411					1812,5	-0,361605405807495	1812,5	-0,482352077960968					1812,5	-0,653378665447235	1812,5	-0,775516450405121			
1815,625	1,81555986404419			1815,625	1,54833340644836					1815,625	1,34255278110504	1815,625	1,01882827281952					1815,625	0,85760110616684	1815,625	0,640170574188232					1815,625	0,401441782712936	1815,625	0,252349555492401			1815,625	0,0101847173646092			1815,625	-0,0835079625248909					1815,625	-0,133481353521347	1815,625	-0,222458213567734					1815,625	-0,355756849050522	1815,625	-0,474756419658661					1815,625	-0,644052803516388	1815,625	-0,765087783336639			
1818,75	1,81412816047668			1818,75	1,54720366001129					1818,75	1,34325766563416	1818,75	1,02117502689362					1818,75	0,86089414358139	1818,75	0,64478325843811					1818,75	0,406139314174652	1818,75	0,257490009069443			1818,75	0,0125712808221579			1818,75	-0,07770124822855					1818,75	-0,129107877612114	1818,75	-0,21962234377861					1818,75	-0,353020012378693	1818,75	-0,472529470920563					1818,75	-0,643028616905212	1818,75	-0,764732301235199			
1821,875	1,81119728088379			1821,875	1,54842901229858					1821,875	1,34402453899384	1821,875	1,02094447612762					1821,875	0,859860301017761	1821,875	0,64365816116333					1821,875	0,404031038284302	1821,875	0,25499027967453			1821,875	0,0149608813226223			1821,875	-0,0770677402615547					1821,875	-0,12787052989006	1821,875	-0,217670679092407					1821,875	-0,35112538933754	1821,875	-0,4698106944561					1821,875	-0,63996297121048	1821,875	-0,761259019374847			
1825	1,80996882915497			1825	1,54970216751099					1825	1,34494233131409	1825	1,02119612693787					1825	0,859219908714294	1825	0,642620325088501					1825	0,402734696865082	1825	0,253856331110001			1825	0,0166774820536375			1825	-0,0760098770260811					1825	-0,126469224691391	1825	-0,215310484170914					1825	-0,349597871303558	1825	-0,468087941408157					1825	-0,637966096401215	1825	-0,758772790431976			
1828,125	1,81264400482178			1828,125	1,5491988658905					1828,125	1,3451212644577	1828,125	1,02163648605347					1828,125	0,8589968085289	1828,125	0,642518758773804					1828,125	0,402352154254913	1828,125	0,253307998180389			1828,125	0,0195917263627052			1828,125	-0,0723699554800987					1828,125	-0,123854115605354	1828,125	-0,213661268353462					1828,125	-0,34757187962532	1828,125	-0,466203659772873					1828,125	-0,63583505153656	1828,125	-0,756647527217865			
1831,25	1,81255340576172			1831,25	1,54880750179291					1831,25	1,34593570232391	1831,25	1,02322709560394					1831,25	0,861245214939117	1831,25	0,645195066928864					1831,25	0,405226439237595	1831,25	0,256196767091751			1831,25	0,0216087363660336			1831,25	-0,0684154108166695					1831,25	-0,120060548186302	1831,25	-0,211079001426697					1831,25	-0,344457596540451	1831,25	-0,463519841432571					1831,25	-0,633353412151337	1831,25	-0,754218995571136			
1834,375	1,80981183052063			1834,375	1,54810881614685					1834,375	1,34584581851959	1834,375	1,02348554134369					1834,375	0,860865414142609	1834,375	0,644792139530182					1834,375	0,404232829809189	1834,375	0,255330264568329			1834,375	0,0215368494391441			1834,375	-0,0671457275748253					1834,375	-0,118182182312012	1834,375	-0,207656294107437					1834,375	-0,340850114822388	1834,375	-0,459080934524536					1834,375	-0,628717660903931	1834,375	-0,74916660785675			
1837,5	1,80934190750122			1837,5	1,54817092418671					1837,5	1,34671366214752	1837,5	1,02414906024933					1837,5	0,860791563987732	1837,5	0,64461350440979					1837,5	0,403393268585205	1837,5	0,254482597112656			1837,5	0,0266780443489552			1837,5	-0,0627047568559647					1837,5	-0,115006014704704	1837,5	-0,204671442508698					1837,5	-0,338385701179504	1837,5	-0,457073122262955					1837,5	-0,627276659011841	1837,5	-0,748038530349731			
1840,625	1,80818367004395			1840,625	1,54862010478973					1840,625	1,34743273258209	1840,625	1,02236294746399					1840,625	0,85778945684433	1840,625	0,640537858009338					1840,625	0,398333489894867	1840,625	0,249077528715134			1840,625	0,0254134126007557			1840,625	-0,0615696050226688					1840,625	-0,114336177706718	1840,625	-0,203045040369034					1840,625	-0,336482554674149	1840,625	-0,455244839191437					1840,625	-0,624436914920807	1840,625	-0,744782030582428			
1843,75	1,80583620071411			1843,75	1,54713129997253					1843,75	1,3464777469635	1843,75	1,02211332321167					1843,75	0,857943892478943	1843,75	0,641469299793243					1843,75	0,400358110666275	1843,75	0,251322388648987			1843,75	0,0319686830043793			1843,75	-0,0601480938494205					1843,75	-0,112376250326633	1843,75	-0,199889853596687					1843,75	-0,332989394664764	1843,75	-0,451693683862686					1843,75	-0,620762467384338	1843,75	-0,741398096084595			
1846,875	1,80735647678375			1846,875	1,5475047826767					1846,875	1,3472957611084	1846,875	1,02273809909821					1846,875	0,85683012008667	1846,875	0,640260875225067					1846,875	0,398378878831863	1846,875	0,248799458146095			1846,875	0,030278317630291			1846,875	-0,0601108595728874					1846,875	-0,110481470823288	1846,875	-0,198193773627281					1846,875	-0,33054706454277	1846,875	-0,44869127869606					1846,875	-0,617323637008667	1846,875	-0,737262308597565			
1850	1,81171667575836			1850	1,54869115352631					1850	1,34862947463989	1850	1,02319502830505					1850	0,857779800891876	1850	0,641508400440216					1850	0,399349421262741	1850	0,249730303883553			1850	0,0351095013320446			1850	-0,0572629272937775					1850	-0,109098896384239	1850	-0,196911662817001					1850	-0,329053401947021	1850	-0,447159975767136					1850	-0,615150809288025	1850	-0,735132157802582			
1853,125	1,80749034881592			1853,125	1,54913985729218					1853,125	1,34893023967743	1853,125	1,0226057767868					1853,125	0,857260048389435	1853,125	0,640876114368439					1853,125	0,398394972085953	1853,125	0,2486951649189			1853,125	0,0360127091407776			1853,125	-0,0538737997412682					1853,125	-0,106592677533627	1853,125	-0,19550047814846					1853,125	-0,327347338199615	1853,125	-0,445546329021454					1853,125	-0,613561034202576	1853,125	-0,733486890792847			
1856,25	1,80767786502838			1856,25	1,54660391807556					1856,25	1,34786152839661	1856,25	1,02430903911591					1856,25	0,8600794672966	1856,25	0,644249141216278					1856,25	0,402552932500839	1856,25	0,253528088331223			1856,25	0,0418507792055607			1856,25	-0,0474078580737114					1856,25	-0,101425096392632	1856,25	-0,19216525554657					1856,25	-0,323463827371597	1856,25	-0,442097306251526					1856,25	-0,61116623878479	1856,25	-0,731465339660645			
1859,375	1,80524802207947			1859,375	1,5481413602829					1859,375	1,3487606048584	1859,375	1,02407443523407					1859,375	0,858324527740479	1859,375	0,642907917499542					1859,375	0,400126963853836	1859,375	0,250931859016418			1859,375	0,0431608222424984			1859,375	-0,047153364866972					1859,375	-0,101363003253937	1859,375	-0,190523728728294					1859,375	-0,321313828229904	1859,375	-0,439564764499664					1859,375	-0,608336389064789	1859,375	-0,727809250354767			
1862,5	1,80530965328217			1862,5	1,54585444927216					1862,5	1,34736049175262	1862,5	1,02254700660706					1862,5	0,857058525085449	1862,5	0,641980886459351					1862,5	0,399504363536835	1862,5	0,250671714544296			1862,5	0,0446702986955643			1862,5	-0,0457501523196697					1862,5	-0,0997192561626434	1862,5	-0,1864093542099					1862,5	-0,316473573446274	1862,5	-0,433652013540268					1862,5	-0,601347506046295	1862,5	-0,720580399036407			
1865,625	1,80507826805115			1865,625	1,54766726493835					1865,625	1,34933698177338	1865,625	1,02302932739258					1865,625	0,857797622680664	1865,625	0,642355024814606					1865,625	0,399906873703003	1865,625	0,250676870346069			1865,625	0,0499879419803619			1865,625	-0,0420639775693417					1865,625	-0,0975558832287788	1865,625	-0,184751555323601					1865,625	-0,315811544656754	1865,625	-0,433601438999176					1865,625	-0,601858615875244	1865,625	-0,721493244171143			
1868,75	1,8053218126297			1868,75	1,54780101776123					1868,75	1,34953284263611	1868,75	1,02375316619873					1868,75	0,858942091464996	1868,75	0,643837094306946					1868,75	0,401666134595871	1868,75	0,252176076173782			1868,75	0,0522820688784122			1868,75	-0,0382323451340199					1868,75	-0,0948526561260223	1868,75	-0,183187961578369					1868,75	-0,313660681247711	1868,75	-0,432110130786896					1868,75	-0,600680351257324	1868,75	-0,720302283763886			
1871,875	1,80792546272278			1871,875	1,54685962200165					1871,875	1,34832334518433	1871,875	1,02310156822205					1871,875	0,857122719287872	1871,875	0,642175257205963					1871,875	0,400002330541611	1871,875	0,250806778669357			1871,875	0,0536091811954975			1871,875	-0,037253201007843					1871,875	-0,0936539992690086	1871,875	-0,181481137871742					1871,875	-0,310377031564713	1871,875	-0,428681045770645					1871,875	-0,596149504184723	1871,875	-0,715048789978027			
1875	1,80408215522766			1875	1,54974806308746					1875	1,35028421878815	1875	1,0231351852417					1875	0,857003033161163	1875	0,641288578510284					1875	0,397920727729797	1875	0,248462840914726			1875	0,0589861571788788			1875	-0,0349139720201492					1875	-0,0920562297105789	1875	-0,179917573928833					1875	-0,309495985507965	1875	-0,427662819623947					1875	-0,595808088779449	1875	-0,714651226997375			
1878,125	1,79696297645569			1878,125	1,54689919948578					1878,125	1,34939014911652	1878,125	1,02176070213318					1878,125	0,857239663600922	1878,125	0,642443716526031					1878,125	0,399944305419922	1878,125	0,251024425029755			1878,125	0,0614445395767689			1878,125	-0,0326394215226173					1878,125	-0,0896628275513649	1878,125	-0,177427902817726					1878,125	-0,305533438920975	1878,125	-0,423662394285202					1878,125	-0,591603457927704	1878,125	-0,710206568241119			
1881,25	1,79909336566925			1881,25	1,54667806625366					1881,25	1,34882986545563	1881,25	1,02072429656982					1881,25	0,856335520744324	1881,25	0,640925884246826					1881,25	0,39807516336441	1881,25	0,248561888933182			1881,25	0,0600736476480961			1881,25	-0,0303007904440165					1881,25	-0,0874795466661453	1881,25	-0,174300447106361					1881,25	-0,301960855722427	1881,25	-0,420360624790192					1881,25	-0,587077379226685	1881,25	-0,705734491348267			
1884,375	1,80176639556885			1884,375	1,54815721511841					1884,375	1,34916818141937	1884,375	1,0202602148056					1884,375	0,855991840362549	1884,375	0,64002388715744					1884,375	0,395870864391327	1884,375	0,246002376079559			1884,375	0,0657437443733215			1884,375	-0,028100673109293					1884,375	-0,0863214433193207	1884,375	-0,173235192894936					1884,375	-0,300280839204788	1884,375	-0,419165730476379					1884,375	-0,585705578327179	1884,375	-0,704674422740936			
1887,5	1,80168604850769			1887,5	1,54855406284332					1887,5	1,34970259666443	1887,5	1,0199910402298					1887,5	0,856506049633026	1887,5	0,640824317932129					1887,5	0,396203845739365	1887,5	0,246021389961243			1887,5	0,0704508498311043			1887,5	-0,0249167364090681					1887,5	-0,0845406278967857	1887,5	-0,171003296971321					1887,5	-0,297861397266388	1887,5	-0,416524946689606					1887,5	-0,582308769226074	1887,5	-0,700938165187836			
1890,625	1,80153441429138			1890,625	1,54599583148956					1890,625	1,34803116321564	1890,625	1,02028119564056					1890,625	0,857358574867249	1890,625	0,643136620521545					1890,625	0,399691700935364	1890,625	0,25008961558342			1890,625	0,0711162090301514			1890,625	-0,0210607498884201					1890,625	-0,0805982425808907	1890,625	-0,166868597269058					1890,625	-0,293275058269501	1890,625	-0,412301778793335					1890,625	-0,578076124191284	1890,625	-0,696572184562683			
1893,75	1,79990243911743			1893,75	1,54535794258118					1893,75	1,34703755378723	1893,75	1,01951158046722					1893,75	0,857706606388092	1893,75	0,643503248691559					1893,75	0,400255471467972	1893,75	0,250899344682693			1893,75	0,0756642520427704			1893,75	-0,0185017436742783					1893,75	-0,0772076323628426	1893,75	-0,164054498076439					1893,75	-0,290752679109573	1893,75	-0,410312473773956					1893,75	-0,576618790626526	1893,75	-0,694857239723206			
1896,875	1,8016597032547			1896,875	1,5452493429184					1896,875	1,34652769565582	1896,875	1,01847648620605					1896,875	0,85815703868866	1896,875	0,644248425960541					1896,875	0,401265293359756	1896,875	0,252339482307434			1896,875	0,0766416043043137			1896,875	-0,0161500852555037					1896,875	-0,0753632113337517	1896,875	-0,161718249320984					1896,875	-0,28751727938652	1896,875	-0,407377302646637					1896,875	-0,573468744754791	1896,875	-0,691389441490173			
1900	1,80087208747864			1900	1,54571485519409					1900	1,34622955322266	1900	1,01669299602509					1900	0,85675460100174	1900	0,642366647720337					1900	0,399047881364822	1900	0,249760612845421			1900	0,0778728127479553			1900	-0,0140273384749889					1900	-0,0733411014080048	1900	-0,159348905086517					1900	-0,285158783197403	1900	-0,405400961637497					1900	-0,571417629718781	1900	-0,689643979072571			
1903,125	1,80118656158447			1903,125	1,54410088062286					1903,125	1,34539568424225	1903,125	1,01665735244751					1903,125	0,857434928417206	1903,125	0,643054068088531					1903,125	0,400073736906052	1903,125	0,250949949026108			1903,125	0,0847800597548485			1903,125	-0,0101526221260428					1903,125	-0,0711073502898216	1903,125	-0,15598139166832					1903,125	-0,282158195972443	1903,125	-0,40179842710495					1903,125	-0,56829160451889	1903,125	-0,686922669410706			
1906,25	1,80164039134979			1906,25	1,54251718521118					1906,25	1,34493482112885	1906,25	1,01570928096771					1906,25	0,856541872024536	1906,25	0,641734480857849					1906,25	0,399079978466034	1906,25	0,249877467751503			1906,25	0,0874673053622246			1906,25	-0,0089216735213995					1906,25	-0,0684328377246857	1906,25	-0,152322322130203					1906,25	-0,278322964906693	1906,25	-0,397529900074005					1906,25	-0,56304931640625	1906,25	-0,681070148944855			
1909,375	1,80042016506195			1909,375	1,54427969455719					1909,375	1,34477162361145	1909,375	1,01331830024719					1909,375	0,855611860752106	1909,375	0,640841841697693					1909,375	0,398506164550781	1909,375	0,248996034264565			1909,375	0,0867427363991737			1909,375	-0,00658203987404704					1909,375	-0,0657215267419815	1909,375	-0,15026319026947					1909,375	-0,277407199144363	1909,375	-0,397235125303268					1909,375	-0,562372922897339	1909,375	-0,680154204368591			
1912,5	1,79841291904449			1912,5	1,54537951946259					1912,5	1,34506130218506	1912,5	1,01301777362823					1912,5	0,856719076633453	1912,5	0,641357958316803					1912,5	0,398779153823853	1912,5	0,249299451708794			1912,5	0,0917132198810577			1912,5	-0,0022131644655019					1912,5	-0,062879703938961	1912,5	-0,148017361760139					1912,5	-0,276133149862289	1912,5	-0,396945774555206					1912,5	-0,562196850776672	1912,5	-0,680261731147766			
1915,625	1,79717838764191			1915,625	1,54381322860718					1915,625	1,34449696540833	1915,625	1,01286900043488					1915,625	0,856800079345703	1915,625	0,641054213047028					1915,625	0,398597061634064	1915,625	0,249140188097954			1915,625	0,0949299186468124			1915,625	-0,000898817263077945					1915,625	-0,0611840523779392	1915,625	-0,143665924668312					1915,625	-0,271421730518341	1915,625	-0,392425030469894					1915,625	-0,557114899158478	1915,625	-0,674867808818817			
1918,75	1,79790091514587			1918,75	1,54305279254913					1918,75	1,34344089031219	1918,75	1,01195228099823					1918,75	0,855903565883636	1918,75	0,640324771404266					1918,75	0,398324280977249	1918,75	0,248988687992096			1918,75	0,0991919860243797			1918,75	-0,00166843994520605					1918,75	-0,0600629337131977	1918,75	-0,14000415802002					1918,75	-0,268015921115875	1918,75	-0,388075321912766					1918,75	-0,551548719406128	1918,75	-0,668259263038635			
1921,875	1,80041444301605			1921,875	1,54543495178223					1921,875	1,34468793869019	1921,875	1,01050460338593					1921,875	0,85524445772171	1921,875	0,639125108718872					1921,875	0,396232038736343	1921,875	0,246245056390762			1921,875	0,0997137874364853			1921,875	0,00269947201013565					1921,875	-0,0565934032201767	1921,875	-0,137812286615372					1921,875	-0,267856180667877	1921,875	-0,389047503471375					1921,875	-0,553413093090057	1921,875	-0,670753598213196			
1925	1,80036151409149			1925	1,54689264297485					1925	1,34498262405396	1925	1,00932419300079					1925	0,853825986385345	1925	0,637017488479614					1925	0,393144220113754	1925	0,242730259895325			1925	0,104296639561653			1925	0,00455357832834125					1925	-0,0552385896444321	1925	-0,134963795542717					1925	-0,266142934560776	1925	-0,387633681297302					1925	-0,551986873149872	1925	-0,669098913669586			
1928,125	1,7986626625061			1928,125	1,54417872428894					1928,125	1,34294736385345	1928,125	1,01021933555603					1928,125	0,85511189699173	1928,125	0,638931334018707					1928,125	0,396566063165665	1928,125	0,246789336204529			1928,125	0,105229333043098			1928,125	0,00769902067258954					1928,125	-0,0520629808306694	1928,125	-0,130024537444115					1928,125	-0,261301606893539	1928,125	-0,382257997989655					1928,125	-0,546174764633179	1928,125	-0,663434207439423			
1931,25	1,79732763767242			1931,25	1,54433488845825					1931,25	1,34402918815613	1931,25	1,01011681556702					1931,25	0,855834722518921	1931,25	0,639511585235596					1931,25	0,397066652774811	1931,25	0,247231855988503			1931,25	0,108885712921619			1931,25	0,0109027465805411					1931,25	-0,0483394600450993	1931,25	-0,126433566212654					1931,25	-0,259336799383163	1931,25	-0,380532830953598					1931,25	-0,544941186904907	1931,25	-0,662282645702362			
1934,375	1,79984509944916			1934,375	1,54535019397736					1934,375	1,34443128108978	1934,375	1,0095009803772					1934,375	0,855122327804565	1934,375	0,63829380273819					1934,375	0,39533132314682	1934,375	0,245412513613701			1934,375	0,113123565912247			1934,375	0,0125585915520787					1934,375	-0,0462883561849594	1934,375	-0,122947201132774					1934,375	-0,256530314683914	1934,375	-0,377469182014465					1934,375	-0,542032361030579	1934,375	-0,658776819705963			
1937,5	1,8029762506485			1937,5	1,54548060894012					1937,5	1,34480428695679	1937,5	1,00964641571045					1937,5	0,855191290378571	1937,5	0,63766998052597					1937,5	0,395084947347641	1937,5	0,24523663520813			1937,5	0,113529346883297			1937,5	0,0145843951031566					1937,5	-0,0438492521643639	1937,5	-0,120197482407093					1937,5	-0,254459083080292	1937,5	-0,375760704278946					1937,5	-0,540812969207764	1937,5	-0,65727025270462			
1940,625	1,80371332168579			1940,625	1,54550671577454					1940,625	1,34446966648102	1940,625	1,01009106636047					1940,625	0,854742169380188	1940,625	0,637260496616364					1940,625	0,394568800926209	1940,625	0,244888707995415			1940,625	0,116781651973724			1940,625	0,0164589174091816					1940,625	-0,0413995012640953	1940,625	-0,116523832082748					1940,625	-0,251526653766632	1940,625	-0,372659385204315					1940,625	-0,537800848484039	1940,625	-0,65396374464035			
1943,75	1,80226838588715			1943,75	1,54600441455841					1943,75	1,34418165683746	1943,75	1,01029109954834					1943,75	0,854359805583954	1943,75	0,636846005916595					1943,75	0,39427375793457	1943,75	0,244476094841957			1943,75	0,120898619294167			1943,75	0,0186690483242273					1943,75	-0,0386418104171753	1943,75	-0,112501434981823					1943,75	-0,248006284236908	1943,75	-0,368518501520157					1943,75	-0,53260862827301	1943,75	-0,648335814476013			
1946,875	1,8039984703064			1946,875	1,54438757896423					1946,875	1,34374403953552	1946,875	1,01067018508911					1946,875	0,854646980762482	1946,875	0,63716059923172					1946,875	0,395526915788651	1946,875	0,246027678251266			1946,875	0,122175939381123			1946,875	0,0210461728274822					1946,875	-0,0366185531020164	1946,875	-0,108086481690407					1946,875	-0,245689809322357	1946,875	-0,365809410810471					1946,875	-0,530309915542603	1946,875	-0,646428763866425			
1950	1,80668592453003			1950	1,54428064823151					1950	1,34457981586456	1950	1,01169228553772					1950	0,85588675737381	1950	0,637365400791168					1950	0,395161926746368	1950	0,245054095983505			1950	0,127168864011765			1950	0,0254589430987835					1950	-0,0327548943459988	1950	-0,104382045567036					1950	-0,243372097611427	1950	-0,364166140556335					1950	-0,529426574707031	1950	-0,645775079727173			
1953,125	1,80552554130554			1953,125	1,54494082927704					1953,125	1,34394919872284	1953,125	1,01134705543518					1953,125	0,853909134864807	1953,125	0,63438093662262					1953,125	0,392142474651337	1953,125	0,241505175828934			1953,125	0,123778320848942			1953,125	0,0247811190783978					1953,125	-0,0323980823159218	1953,125	-0,101211123168468					1953,125	-0,240424111485481	1953,125	-0,359564006328583					1953,125	-0,523378610610962	1953,125	-0,638540685176849			
1956,25	1,80544936656952			1956,25	1,54545068740845					1956,25	1,3445155620575	1956,25	1,01185011863708					1956,25	0,854401767253876	1956,25	0,635015189647675					1956,25	0,393146723508835	1956,25	0,242883697152138			1956,25	0,13190869987011			1956,25	0,0286048296838999					1956,25	-0,0288756340742111	1956,25	-0,0987936854362488					1956,25	-0,238903507590294	1956,25	-0,358578830957413					1956,25	-0,523049414157867	1956,25	-0,637765407562256			
1959,375	1,81122601032257			1959,375	1,54682433605194					1959,375	1,3455216884613	1959,375	1,01308739185333					1959,375	0,854087769985199	1959,375	0,634708225727081					1959,375	0,392891377210617	1959,375	0,242543369531631			1959,375	0,130629226565361			1959,375	0,029206657782197					1959,375	-0,0275457799434662	1959,375	-0,0964126139879227					1959,375	-0,236079901456833	1959,375	-0,356277257204056					1959,375	-0,520416080951691	1959,375	-0,634990394115448			
1962,5	1,80684077739716			1962,5	1,54879796504974					1962,5	1,34733831882477	1962,5	1,01311850547791					1962,5	0,853910386562347	1962,5	0,632746934890747					1962,5	0,389986097812653	1962,5	0,238938242197037			1962,5	0,134400218725204			1962,5	0,0330075174570084					1962,5	-0,0253687407821417	1962,5	-0,0941711515188217					1962,5	-0,235351026058197	1962,5	-0,356055468320847					1962,5	-0,52059942483902	1962,5	-0,636211633682251			
1965,625	1,80974113941193			1965,625	1,54657471179962					1965,625	1,34581363201141	1965,625	1,01330125331879					1965,625	0,85368812084198	1965,625	0,634471833705902					1965,625	0,392813414335251	1965,625	0,242444798350334			1965,625	0,137519910931587			1965,625	0,0354370810091496					1965,625	-0,0229760855436325	1965,625	-0,0913124084472656					1965,625	-0,232123285531998	1965,625	-0,353130280971527					1965,625	-0,518619954586029	1965,625	-0,634602904319763			
1968,75	1,80835354328156			1968,75	1,5471625328064					1968,75	1,34635269641876	1968,75	1,01574885845184					1968,75	0,854256868362427	1968,75	0,633784294128418					1968,75	0,39157372713089	1968,75	0,242391020059586			1968,75	0,135629147291183			1968,75	0,0350185073912144					1968,75	-0,0216375757008791	1968,75	-0,0888233557343483					1968,75	-0,230770483613014	1968,75	-0,350875943899155					1968,75	-0,51614773273468	1968,75	-0,631346046924591			
1971,875	1,80582773685455			1971,875	1,54449284076691					1971,875	1,34595143795013	1971,875	1,01675534248352					1971,875	0,855520009994507	1971,875	0,63527774810791					1971,875	0,393918067216873	1971,875	0,244878351688385			1971,875	0,142246678471565			1971,875	0,0383999682962894					1971,875	-0,0188748128712177	1971,875	-0,0846252590417862					1971,875	-0,22680675983429	1971,875	-0,345894306898117					1971,875	-0,510566234588623	1971,875	-0,625794589519501			
1975	1,8011714220047			1975	1,54194891452789					1975	1,34438931941986	1975	1,01599144935608					1975	0,855405211448669	1975	0,636101961135864					1975	0,39385262131691	1975	0,244412124156952			1975	0,140331879258156			1975	0,0412490926682949					1975	-0,0147844981402159	1975	-0,081914559006691					1975	-0,223045006394386	1975	-0,343123972415924					1975	-0,5081946849823	1975	-0,623884677886963			
1978,125	1,8041558265686			1978,125	1,54627740383148					1978,125	1,34625220298767	1978,125	1,01659631729126					1978,125	0,853950798511505	1978,125	0,632769405841827					1978,125	0,389708250761032	1978,125	0,239580482244492			1978,125	0,143357813358307			1978,125	0,0425459071993828					1978,125	-0,0153043325990438	1978,125	-0,0796735733747482					1978,125	-0,220691904425621	1978,125	-0,339718341827393					1978,125	-0,504974544048309	1978,125	-0,62029767036438			
1981,25	1,80387830734253			1981,25	1,54595875740051					1981,25	1,34581291675568	1981,25	1,01825881004333					1981,25	0,855201959609985	1981,25	0,635022103786469					1981,25	0,392527788877487	1981,25	0,2425786703825			1981,25	0,14982995390892			1981,25	0,0457924343645573					1981,25	-0,0131926406174898	1981,25	-0,0781713500618935					1981,25	-0,221373736858368	1981,25	-0,34121561050415					1981,25	-0,507808029651642	1981,25	-0,624540448188782			
1984,375	1,80783355236053			1984,375	1,54467940330505					1984,375	1,34599030017853	1984,375	1,01838231086731					1984,375	0,855160117149353	1984,375	0,635497152805328					1984,375	0,393375664949417	1984,375	0,244557872414589			1984,375	0,143211752176285			1984,375	0,0464896000921726					1984,375	-0,011769357137382	1984,375	-0,0748471692204475					1984,375	-0,216851368546486	1984,375	-0,335997194051743					1984,375	-0,501503765583038	1984,375	-0,615941286087036			
1987,5	1,810338139534			1987,5	1,54449927806854					1987,5	1,34679746627808	1987,5	1,01933288574219					1987,5	0,855437755584717	1987,5	0,635639190673828					1987,5	0,393155246973038	1987,5	0,24383607506752			1987,5	0,150179460644722			1987,5	0,0508144050836563					1987,5	-0,00823555607348681	1987,5	-0,0720258504152298					1987,5	-0,214512169361115	1987,5	-0,333505362272263					1987,5	-0,499617993831635	1987,5	-0,613620340824127			
1990,625	1,81212294101715			1990,625	1,54467344284058					1990,625	1,34674334526062	1990,625	1,01902508735657					1990,625	0,854612469673157	1990,625	0,633269667625427					1990,625	0,389803171157837	1990,625	0,238565757870674			1990,625	0,153387621045113			1990,625	0,0526418350636959					1990,625	-0,00683598313480616	1990,625	-0,0693568214774132					1990,625	-0,212549313902855	1990,625	-0,330568194389343					1990,625	-0,49713459610939	1990,625	-0,611995816230774			
1993,75	1,81030964851379			1993,75	1,54450845718384					1993,75	1,34748065471649	1993,75	1,02027308940887					1993,75	0,855283379554749	1993,75	0,633574903011322					1993,75	0,39153665304184	1993,75	0,240920811891556			1993,75	0,155501440167427			1993,75	0,0507736094295979					1993,75	-0,00785655342042446	1993,75	-0,0679669007658958					1993,75	-0,210417002439499	1993,75	-0,32729184627533					1993,75	-0,492495566606522	1993,75	-0,606987357139587			
1996,875	1,80530202388763			1996,875	1,54619872570038					1996,875	1,34761798381805	1996,875	1,02008306980133					1996,875	0,853976368904114	1996,875	0,632571280002594					1996,875	0,389742016792297	1996,875	0,23946338891983			1996,875	0,150300532579422			1996,875	0,0539132133126259					1996,875	-0,00553146423771977	1996,875	-0,0662204101681709					1996,875	-0,20880252122879	1996,875	-0,326254338026047					1996,875	-0,490824609994888	1996,875	-0,604630470275879			
2000	1,8074244260788			2000	1,54745483398438					2000	1,34827482700348	2000	1,02007961273193					2000	0,853456854820251	2000	0,631363987922668					2000	0,387125909328461	2000	0,23590287566185			2000	0,154534831643105			2000	0,0569794923067093					2000	-0,00279472698457539	2000	-0,0642444640398026					2000	-0,206710532307625	2000	-0,323652565479279					2000	-0,48870787024498	2000	-0,602164328098297			
2003,125	1,80670917034149			2003,125	1,54837310314178					2003,125	1,34795033931732	2003,125	1,02136504650116					2003,125	0,853297293186188	2003,125	0,631319105625153					2003,125	0,385788470506668	2003,125	0,234260499477386			2003,125	0,157949700951576			2003,125	0,0583966262638569					2003,125	-0,00092980288900435	2003,125	-0,0621944069862366					2003,125	-0,20541013777256	2003,125	-0,322196781635284					2003,125	-0,488845407962799	2003,125	-0,602796375751495			
2006,25	1,80957281589508			2006,25	1,54725670814514					2006,25	1,346635222435	2006,25	1,02157998085022					2006,25	0,853091657161713	2006,25	0,630840480327606					2006,25	0,38500252366066	2006,25	0,233070030808449			2006,25	0,158484652638435			2006,25	0,0596425868570805					2006,25	0,00122214609291404	2006,25	-0,0596136078238487					2006,25	-0,201836705207825	2006,25	-0,318295836448669					2006,25	-0,483109205961227	2006,25	-0,595913469791412			
2009,375	1,80960762500763			2009,375	1,54722940921783					2009,375	1,3468132019043	2009,375	1,0214946269989					2009,375	0,854044556617737	2009,375	0,632852256298065					2009,375	0,388596892356873	2009,375	0,238289520144463			2009,375	0,16085310280323			2009,375	0,0607135035097599					2009,375	0,00155447470024228	2009,375	-0,0565705560147762					2009,375	-0,199189111590385	2009,375	-0,315279930830002					2009,375	-0,479328334331512	2009,375	-0,59258633852005			
2012,5	1,80863106250763			2012,5	1,54423666000366					2012,5	1,34698522090912	2012,5	1,02181804180145					2012,5	0,854548871517181	2012,5	0,633428514003754					2012,5	0,390785545110703	2012,5	0,240688279271126			2012,5	0,163084447383881			2012,5	0,0635884031653404					2012,5	0,00359208416193724	2012,5	-0,0548641979694366					2012,5	-0,19718262553215	2012,5	-0,313233435153961					2012,5	-0,47825363278389	2012,5	-0,591865479946136			
2015,625	1,80644607543945			2015,625	1,54372227191925					2015,625	1,34655904769897	2015,625	1,02166938781738					2015,625	0,853627264499664	2015,625	0,632666289806366					2015,625	0,388866513967514	2015,625	0,238379955291748			2015,625	0,164276421070099			2015,625	0,0665298998355865					2015,625	0,00539732072502375	2015,625	-0,0523982979357243					2015,625	-0,195067778229713	2015,625	-0,31018391251564					2015,625	-0,474385976791382	2015,625	-0,587305784225464			
2018,75	1,80707716941833			2018,75	1,54260468482971					2018,75	1,34639370441437	2018,75	1,02243709564209					2018,75	0,854013919830322	2018,75	0,634166300296783					2018,75	0,390193253755569	2018,75	0,241251856088638			2018,75	0,170139119029045			2018,75	0,0663644224405289					2018,75	0,00592079805210233	2018,75	-0,0499617569148541					2018,75	-0,1921007335186	2018,75	-0,307503491640091					2018,75	-0,472990125417709	2018,75	-0,586494743824005			
2021,875	1,81110572814941			2021,875	1,54491651058197					2021,875	1,34754800796509	2021,875	1,02279555797577					2021,875	0,853731274604797	2021,875	0,631999790668488					2021,875	0,38680511713028	2021,875	0,236870154738426			2021,875	0,166502252221107			2021,875	0,0703486576676369					2021,875	0,00899303238838911	2021,875	-0,0483011081814766					2021,875	-0,190903276205063	2021,875	-0,307168692350388					2021,875	-0,471842259168625	2021,875	-0,584262490272522			
2025	1,81152963638306			2025	1,54533469676971					2025	1,34701645374298	2025	1,02212905883789					2025	0,853380024433136	2025	0,631437122821808					2025	0,38598507642746	2025	0,235865280032158			2025	0,169339150190353			2025	0,0723865628242493					2025	0,0101693384349346	2025	-0,0457713529467583					2025	-0,189011096954346	2025	-0,304049223661423					2025	-0,468335896730423	2025	-0,58043760061264			
2028,125	1,80551421642303			2028,125	1,54307079315186					2028,125	1,34550857543945	2028,125	1,02312564849854					2028,125	0,854213535785675	2028,125	0,633538961410522					2028,125	0,388774991035461	2028,125	0,23858243227005			2028,125	0,166014447808266			2028,125	0,0746895372867584					2028,125	0,0118877198547125	2028,125	-0,0428678691387177					2028,125	-0,186636820435524	2028,125	-0,302050203084946					2028,125	-0,46779391169548	2028,125	-0,580555319786072			
2031,25	1,80931603908539			2031,25	1,5377584695816					2031,25	1,3431636095047	2031,25	1,02384519577026					2031,25	0,855808675289154	2031,25	0,636385142803192					2031,25	0,393907874822617	2031,25	0,244022622704506			2031,25	0,171600371599197			2031,25	0,077286384999752					2031,25	0,0146243451163173	2031,25	-0,0392451658844948					2031,25	-0,183149591088295	2031,25	-0,298050671815872					2031,25	-0,46455579996109	2031,25	-0,578613758087158			
2034,375	1,81205177307129			2034,375	1,54164886474609					2034,375	1,34468340873718	2034,375	1,02304375171661					2034,375	0,852368950843811	2034,375	0,631388068199158					2034,375	0,386807441711426	2034,375	0,236369714140892			2034,375	0,169695511460304			2034,375	0,076394684612751					2034,375	0,0139037631452084	2034,375	-0,0380562990903854					2034,375	-0,181650146842003	2034,375	-0,295849531888962					2034,375	-0,459629565477371	2034,375	-0,572302341461182			
2037,5	1,81067705154419			2037,5	1,5412061214447					2037,5	1,34414100646973	2037,5	1,02302479743958					2037,5	0,85325026512146	2037,5	0,632489323616028					2037,5	0,386967152357101	2037,5	0,235815107822418			2037,5	0,174209579825401			2037,5	0,0819682329893112					2037,5	0,016970232129097	2037,5	-0,0361969657242298					2037,5	-0,180463969707489	2037,5	-0,295382499694824					2037,5	-0,460670560598373	2037,5	-0,573883295059204			
2040,625	1,80537784099579			2040,625	1,53470349311829					2040,625	1,34020292758942	2040,625	1,02421057224274					2040,625	0,854304671287537	2040,625	0,635619819164276					2040,625	0,391195178031921	2040,625	0,24252712726593			2040,625	0,175900027155876			2040,625	0,078848697245121					2040,625	0,0170317683368921	2040,625	-0,0339255630970001					2040,625	-0,175842717289925	2040,625	-0,289175033569336					2040,625	-0,453804820775986	2040,625	-0,567281007766724			
2043,75	1,8067033290863			2043,75	1,53791618347168					2043,75	1,3416885137558	2043,75	1,02531349658966					2043,75	0,854661047458649	2043,75	0,635399043560028					2043,75	0,391265124082565	2043,75	0,242121666669846			2043,75	0,175962209701538			2043,75	0,0842180773615837					2043,75	0,0202745851129293	2043,75	-0,0307455211877823					2043,75	-0,174341559410095	2043,75	-0,288682907819748					2043,75	-0,454087346792221	2043,75	-0,567266345024109			
2046,875	1,8114527463913			2046,875	1,53877758979797					2046,875	1,34192824363708	2046,875	1,02563440799713					2046,875	0,853762745857239	2046,875	0,634185194969177					2046,875	0,38994038105011	2046,875	0,240039855241776			2046,875	0,177951499819756			2046,875	0,0885355919599533					2046,875	0,022071210667491	2046,875	-0,0283302515745163					2046,875	-0,172647356987	2046,875	-0,287065297365189					2046,875	-0,452222436666489	2046,875	-0,565159320831299			
2050	1,81040585041046			2050	1,539226770401					2050	1,34147572517395	2050	1,02487170696259					2050	0,852433502674103	2050	0,632322013378143					2050	0,387908488512039	2050	0,237857937812805			2050	0,182193383574486			2050	0,0871581956744194					2050	0,0210677813738585	2050	-0,0271430909633636					2050	-0,170285910367966	2050	-0,284145802259445					2050	-0,448355078697205	2050	-0,560042560100555			
2053,125	1,809694647789			2053,125	1,54107213020325					2053,125	1,34112632274628	2053,125	1,02484524250031					2053,125	0,851998269557953	2053,125	0,631638884544373					2053,125	0,385320484638214	2053,125	0,234914347529411			2053,125	0,182435289025307			2053,125	0,0905497819185257					2053,125	0,0231732167303562	2053,125	-0,0244288481771946					2053,125	-0,168308660387993	2053,125	-0,282194465398788					2053,125	-0,446167021989822	2053,125	-0,55758148431778			
2056,25	1,80810940265656			2056,25	1,5385354757309					2056,25	1,33840537071228	2056,25	1,02542126178741					2056,25	0,852348744869232	2056,25	0,632822394371033					2056,25	0,387476056814194	2056,25	0,237541079521179			2056,25	0,177793979644775			2056,25	0,0933434292674065					2056,25	0,0258878152817488	2056,25	-0,0225662495940924					2056,25	-0,165479704737663	2056,25	-0,279678672552109					2056,25	-0,443743884563446	2056,25	-0,555248320102692			
2059,375	1,81158864498138			2059,375	1,5363734960556					2059,375	1,33761537075043	2059,375	1,02561032772064					2059,375	0,852138876914978	2059,375	0,632741451263428					2059,375	0,38747438788414	2059,375	0,237578526139259			2059,375	0,184124663472176			2059,375	0,0945176035165787					2059,375	0,0273713693022728	2059,375	-0,0209397543221712					2059,375	-0,163478791713715	2059,375	-0,277520507574081					2059,375	-0,440983325242996	2059,375	-0,552765965461731			
2062,5	1,8102810382843			2062,5	1,53564417362213					2062,5	1,33660662174225	2062,5	1,02561450004578					2062,5	0,851666629314423	2062,5	0,632945537567139					2062,5	0,387411564588547	2062,5	0,237845629453659			2062,5	0,181713089346886			2062,5	0,0961936861276627					2062,5	0,0286746080964804	2062,5	-0,0182598624378443					2062,5	-0,161661893129349	2062,5	-0,275444895029068					2062,5	-0,438879728317261	2062,5	-0,550825297832489			
2065,625	1,80745506286621			2065,625	1,53733789920807					2065,625	1,33575260639191	2065,625	1,02554714679718					2065,625	0,850497007369995	2065,625	0,632163882255554					2065,625	0,385800927877426	2065,625	0,236206024885178			2065,625	0,18823267519474			2065,625	0,0971352159976959					2065,625	0,0296676997095346	2065,625	-0,0158890169113874					2065,625	-0,159164920449257	2065,625	-0,272397130727768					2065,625	-0,435192108154297	2065,625	-0,546147704124451			
2068,75	1,80813086032867			2068,75	1,53826630115509					2068,75	1,33587074279785	2068,75	1,02597784996033					2068,75	0,850499093532562	2068,75	0,631928086280823					2068,75	0,385388880968094	2068,75	0,235248029232025			2068,75	0,188859209418297			2068,75	0,101718008518219					2068,75	0,0317302122712135	2068,75	-0,0137755097821355					2068,75	-0,157706469297409	2068,75	-0,271511971950531					2068,75	-0,43478387594223	2068,75	-0,545569658279419			
2071,875	1,80712020397186			2071,875	1,53932154178619					2071,875	1,33456599712372	2071,875	1,02664387226105					2071,875	0,850271701812744	2071,875	0,631136298179626					2071,875	0,38474178314209	2071,875	0,234086558222771			2071,875	0,190778315067291			2071,875	0,104957029223442					2071,875	0,0326454117894173	2071,875	-0,0114166028797626					2071,875	-0,155995771288872	2071,875	-0,269885718822479					2071,875	-0,433286100625992	2071,875	-0,544273376464844			
2075	1,80994963645935			2075	1,53808188438416					2075	1,33170580863953	2075	1,02690231800079					2075	0,849471986293793	2075	0,631075859069824					2075	0,385029911994934	2075	0,234472721815109			2075	0,192998051643372			2075	0,106093786656857					2075	0,0351755395531654	2075	-0,00901252496987581					2075	-0,15316379070282	2075	-0,266762793064117					2075	-0,429937958717346	2075	-0,540646135807037			
2078,125	1,80798971652985			2078,125	1,53622877597809					2078,125	1,32952582836151	2078,125	1,02724254131317					2078,125	0,850115418434143	2078,125	0,632136464118958					2078,125	0,386967688798904	2078,125	0,237146019935608			2078,125	0,192584350705147			2078,125	0,107517518103123					2078,125	0,0373993888497353	2078,125	-0,00658716913312674					2078,125	-0,150272235274315	2078,125	-0,263783246278763					2078,125	-0,427215993404388	2078,125	-0,538406193256378			
2081,25	1,80768835544586			2081,25	1,53515112400055					2081,25	1,32774102687836	2081,25	1,02751696109772					2081,25	0,850778162479401	2081,25	0,633208632469177					2081,25	0,388865262269974	2081,25	0,239456623792648			2081,25	0,194562286138535			2081,25	0,110557921230793					2081,25	0,0404214598238468	2081,25	-0,00424408540129662					2081,25	-0,147648826241493	2081,25	-0,261273860931396					2081,25	-0,42529234290123	2081,25	-0,536409616470337			
2084,375	1,80618667602539			2084,375	1,53650522232056					2084,375	1,32707750797272	2084,375	1,02726221084595					2084,375	0,849032044410706	2084,375	0,631014406681061					2084,375	0,385749667882919	2084,375	0,235983029007912			2084,375	0,199505031108856			2084,375	0,110904939472675					2084,375	0,0412350185215473	2084,375	-0,00225078593939543					2084,375	-0,145215824246407	2084,375	-0,258401781320572					2084,375	-0,420557290315628	2084,375	-0,531205832958221			
2087,5	1,80437684059143			2087,5	1,53610706329346					2087,5	1,32535421848297	2087,5	1,02730524539948					2087,5	0,848359763622284	2087,5	0,630374848842621					2087,5	0,385242283344269	2087,5	0,234889060258865			2087,5	0,19564563035965			2087,5	0,115785546600819					2087,5	0,0442840978503227	2087,5	5,3744104661746E-05					2087,5	-0,144103199243546	2087,5	-0,258184641599655					2087,5	-0,420405328273773	2087,5	-0,531644284725189			
2090,625	1,80786538124084			2090,625	1,53651905059814					2090,625	1,32357788085938	2090,625	1,02781116962433					2090,625	0,847736537456512	2090,625	0,629929065704346					2090,625	0,384778320789337	2090,625	0,23451279103756			2090,625	0,199704855680466			2090,625	0,11834954470396					2090,625	0,0472243651747704	2090,625	0,00249500921927392					2090,625	-0,141846477985382	2090,625	-0,25531542301178					2090,625	-0,418147206306458	2090,625	-0,528879821300507			
2093,75	1,81045818328857			2093,75	1,53766882419586					2093,75	1,32287442684174	2093,75	1,0282666683197					2093,75	0,84832888841629	2093,75	0,630756556987762					2093,75	0,384667336940765	2093,75	0,234036087989807			2093,75	0,198883280158043			2093,75	0,118874862790108					2093,75	0,0490765050053597	2093,75	0,00480646081268787					2093,75	-0,138733491301537	2093,75	-0,252353310585022					2093,75	-0,414255201816559	2093,75	-0,524202764034271			
2096,875	1,80544888973236			2096,875	1,53621888160706					2096,875	1,32073318958282	2096,875	1,02786505222321					2096,875	0,848252415657043	2096,875	0,631602942943573					2096,875	0,386128425598145	2096,875	0,235087335109711			2096,875	0,202978670597076			2096,875	0,122828163206577					2096,875	0,0533191598951817	2096,875	0,00688742380589247					2096,875	-0,136932015419006	2096,875	-0,25176665186882					2096,875	-0,41414886713028	2096,875	-0,524405837059021			
2100	1,80666625499725			2100	1,53492391109467					2100	1,31859052181244	2100	1,02826762199402					2100	0,846613585948944	2100	0,630728840827942					2100	0,384901314973831	2100	0,23552930355072			2100	0,207225173711777			2100	0,120198994874954					2100	0,0550768934190273	2100	0,00895885284990072					2100	-0,132395297288895	2100	-0,245815917849541					2100	-0,406893104314804	2100	-0,516933739185333			
2103,125	1,80383563041687			2103,125	1,53301727771759					2103,125	1,31775367259979	2103,125	1,02827119827271					2103,125	0,847629368305206	2103,125	0,63234007358551					2103,125	0,387424379587173	2103,125	0,237813904881477			2103,125	0,202369228005409			2103,125	0,125218659639359					2103,125	0,0595498085021973	2103,125	0,0107398126274347					2103,125	-0,131455525755882	2103,125	-0,245251223444939					2103,125	-0,407121568918228	2103,125	-0,517574012279511			
2106,25	1,80356180667877			2106,25	1,53300869464874					2106,25	1,31738173961639	2106,25	1,02886641025543					2106,25	0,847492933273315	2106,25	0,631853997707367					2106,25	0,386505544185638	2106,25	0,236265048384666			2106,25	0,206558361649513			2106,25	0,127010837197304					2106,25	0,0640313476324081	2106,25	0,0128799751400948					2106,25	-0,128444790840149	2106,25	-0,243460610508919					2106,25	-0,405484944581985	2106,25	-0,515623211860657			
2109,375	1,80013608932495			2109,375	1,53418874740601					2109,375	1,31629979610443	2109,375	1,02900612354279					2109,375	0,845936834812164	2109,375	0,630045175552368					2109,375	0,384491562843323	2109,375	0,234248206019402			2109,375	0,206765592098236			2109,375	0,126437246799469					2109,375	0,0658852085471153	2109,375	0,0147262122482061					2109,375	-0,126345634460449	2109,375	-0,240818411111832					2109,375	-0,40236884355545	2109,375	-0,51181560754776			
2112,5	1,80886280536652			2112,5	1,53649997711182					2112,5	1,31726050376892	2112,5	1,02912151813507					2112,5	0,845723092556	2112,5	0,629339516162872					2112,5	0,383725613355637	2112,5	0,233669072389603			2112,5	0,205757707357407			2112,5	0,129081547260284					2112,5	0,0690579563379288	2112,5	0,0167452041059732					2112,5	-0,124546825885773	2112,5	-0,239489689469337					2112,5	-0,401241153478622	2112,5	-0,510620653629303			
2115,625	1,80367290973663			2115,625	1,53556561470032					2115,625	1,31684267520905	2115,625	1,02992284297943					2115,625	0,846433997154236	2115,625	0,630115449428558					2115,625	0,384994596242905	2115,625	0,234971791505814			2115,625	0,209679216146469			2115,625	0,130000501871109					2115,625	0,072831965982914	2115,625	0,0185464546084404					2115,625	-0,121189661324024	2115,625	-0,23641249537468					2115,625	-0,397855460643768	2115,625	-0,507741034030914			
2118,75	1,80289566516876			2118,75	1,53609573841095					2118,75	1,31662797927856	2118,75	1,03079521656036					2118,75	0,846729934215546	2118,75	0,629794836044312					2118,75	0,384084969758987	2118,75	0,233790308237076			2118,75	0,209260851144791			2118,75	0,133869081735611					2118,75	0,0768031924962997	2118,75	0,020246610045433					2118,75	-0,119163580238819	2118,75	-0,234606042504311					2118,75	-0,396164655685425	2118,75	-0,505930364131927			
2121,875	1,79750275611877			2121,875	1,53354465961456					2121,875	1,31507933139801	2121,875	1,03044700622559					2121,875	0,847084045410156	2121,875	0,630590379238129					2121,875	0,38568177819252	2121,875	0,236004933714867			2121,875	0,212195917963982			2121,875	0,134666234254837					2121,875	0,0794553235173225	2121,875	0,0221771635115147					2121,875	-0,116540245711803	2121,875	-0,231646806001663					2121,875	-0,3934006690979	2121,875	-0,50272399187088			
2125	1,80421435832977			2125	1,53322350978851					2125	1,31573796272278	2125	1,03116714954376					2125	0,847202301025391	2125	0,630661964416504					2125	0,385937184095383	2125	0,236180260777473			2125	0,213286682963371			2125	0,136948555707932					2125	0,0821549147367477	2125	0,0244921036064625					2125	-0,113923519849777	2125	-0,229370951652527					2125	-0,391311466693878	2125	-0,50080931186676			
2128,125	1,81013870239258			2128,125	1,5359308719635					2128,125	1,31774151325226	2128,125	1,03096091747284					2128,125	0,846458494663239	2128,125	0,629625380039215					2128,125	0,383862644433975	2128,125	0,234054148197174			2128,125	0,219770088791847			2128,125	0,138073995709419					2128,125	0,0859896838665009	2128,125	0,0264811739325523					2128,125	-0,111319273710251	2128,125	-0,227430015802383					2128,125	-0,388361930847168	2128,125	-0,497408241033554			
2131,25	1,80700016021729			2131,25	1,53456878662109					2131,25	1,31718897819519	2131,25	1,03025734424591					2131,25	0,846556603908539	2131,25	0,629589796066284					2131,25	0,383911103010178	2131,25	0,234326466917992			2131,25	0,211154893040657			2131,25	0,13955645263195					2131,25	0,0891339406371117	2131,25	0,0283451210707426					2131,25	-0,109554059803486	2131,25	-0,22541244328022					2131,25	-0,386740565299988	2131,25	-0,495653867721558			
2134,375	1,80226957798004			2134,375	1,53446805477142					2134,375	1,31644535064697	2134,375	1,03078973293304					2134,375	0,846111476421356	2134,375	0,628951728343964					2134,375	0,383662283420563	2134,375	0,233753979206085			2134,375	0,215644806623459			2134,375	0,13932192325592					2134,375	0,0901206433773041	2134,375	0,0305430237203836					2134,375	-0,106948040425777	2134,375	-0,222222551703453					2134,375	-0,383107930421829	2134,375	-0,491505652666092			
2137,5	1,80272853374481			2137,5	1,53498411178589					2137,5	1,31781101226807	2137,5	1,03095257282257					2137,5	0,846186399459839	2137,5	0,628671586513519					2137,5	0,383425831794739	2137,5	0,233397051692009			2137,5	0,222204834222794			2137,5	0,142856255173683					2137,5	0,0939683020114899	2137,5	0,0325364582240582					2137,5	-0,103723138570786	2137,5	-0,220149785280228					2137,5	-0,381255328655243	2137,5	-0,489689528942108			
2140,625	1,79733395576477			2140,625	1,53248190879822					2140,625	1,31802749633789	2140,625	1,03144681453705					2140,625	0,846511781215668	2140,625	0,629727005958557					2140,625	0,384723663330078	2140,625	0,235250264406204			2140,625	0,215032607316971			2140,625	0,144839957356453					2140,625	0,0967409834265709	2140,625	0,0345614477992058					2140,625	-0,10123299062252	2140,625	-0,217908665537834					2140,625	-0,378825634717941	2140,625	-0,486926048994064			
2143,75	1,79643929004669			2143,75	1,53074979782104					2143,75	1,318119764328	2143,75	1,03175389766693					2143,75	0,846763908863068	2143,75	0,63010162115097					2143,75	0,385222434997559	2143,75	0,235179632902145			2143,75	0,218939378857613			2143,75	0,147216945886612					2143,75	0,0979509577155113	2143,75	0,0365894138813019					2143,75	-0,0991839990019798	2143,75	-0,215840116143227					2143,75	-0,376582860946655	2143,75	-0,484651327133179			
2146,875	1,79999995231628			2146,875	1,53326594829559					2146,875	1,3194967508316	2146,875	1,03139126300812					2146,875	0,846332609653473	2146,875	0,629055559635162					2146,875	0,382836848497391	2146,875	0,232458293437958			2146,875	0,224397078156471			2146,875	0,150900423526764					2146,875	0,101769179105759	2146,875	0,0386601872742176					2146,875	-0,098014235496521	2146,875	-0,215063750743866					2146,875	-0,37653785943985	2146,875	-0,485070466995239			
2150	1,79912495613098			2150	1,53583383560181					2150	1,32143259048462	2150	1,0314462184906					2150	0,846396088600159	2150	0,628136813640594					2150	0,381642311811447	2150	0,231446787714958			2150	0,227697774767876			2150	0,150544464588165					2150	0,103561073541641	2150	0,0418333001434803					2150	-0,0953325107693672	2150	-0,211705714464188					2150	-0,372680485248566	2150	-0,481014519929886			
2153,125	1,79820072650909			2153,125	1,53179156780243					2153,125	1,32049882411957	2153,125	1,03145837783813					2153,125	0,84773850440979	2153,125	0,629160821437836					2153,125	0,383405447006226	2153,125	0,233247682452202			2153,125	0,225210934877396			2153,125	0,152432709932327					2153,125	0,104586564004421	2153,125	0,042902909219265					2153,125	-0,0927843153476715	2153,125	-0,209792599081993					2153,125	-0,370554476976395	2153,125	-0,478851407766342			
2156,25	1,79851651191711			2156,25	1,53370046615601					2156,25	1,32175588607788	2156,25	1,03165674209595					2156,25	0,846604228019714	2156,25	0,628318965435028					2156,25	0,381761133670807	2156,25	0,231255188584328			2156,25	0,225877121090889			2156,25	0,153258994221687					2156,25	0,106919161975384	2156,25	0,0448590107262135					2156,25	-0,0905778855085373	2156,25	-0,208330899477005					2156,25	-0,368946969509125	2156,25	-0,477065801620483			
2159,375	1,79557847976685			2159,375	1,53117799758911					2159,375	1,32012784481049	2159,375	1,03206717967987					2159,375	0,846569418907166	2159,375	0,62851083278656					2159,375	0,382524222135544	2159,375	0,232197523117065			2159,375	0,223793298006058			2159,375	0,153677746653557					2159,375	0,107588186860085	2159,375	0,0466823391616344					2159,375	-0,0875505208969116	2159,375	-0,205146297812462					2159,375	-0,36552506685257	2159,375	-0,473289787769318			
2162,5	1,79426062107086			2162,5	1,52854752540588					2162,5	1,31885921955109	2162,5	1,03205025196075					2162,5	0,847799479961395	2162,5	0,629846751689911					2162,5	0,383999317884445	2162,5	0,233684837818146			2162,5	0,228182971477509			2162,5	0,159470766782761					2162,5	0,110913619399071	2162,5	0,0488776527345181					2162,5	-0,0862147957086563	2162,5	-0,204329967498779					2162,5	-0,365967929363251	2162,5	-0,474217623472214			
2165,625	1,79431927204132			2165,625	1,52825951576233					2165,625	1,31945610046387	2165,625	1,03245329856873					2165,625	0,848060667514801	2165,625	0,629828691482544					2165,625	0,383856207132339	2165,625	0,233668848872185			2165,625	0,230444759130478			2165,625	0,15979029238224					2165,625	0,112919457256794	2165,625	0,0513752028346062					2165,625	-0,0831509009003639	2165,625	-0,200539737939835					2165,625	-0,362500846385956	2165,625	-0,470376133918762			
2168,75	1,79001784324646			2168,75	1,53099167346954					2168,75	1,32149124145508	2168,75	1,03293979167938					2168,75	0,84776771068573	2168,75	0,628921806812286					2168,75	0,382179439067841	2168,75	0,232461795210838			2168,75	0,231081575155258			2168,75	0,158110961318016					2168,75	0,113330855965614	2168,75	0,0543408170342445					2168,75	-0,0806204825639725	2168,75	-0,197027593851089					2168,75	-0,35785448551178	2168,75	-0,465374678373337			
2171,875	1,78847634792328			2171,875	1,52945399284363					2171,875	1,32003784179688	2171,875	1,03257143497467					2171,875	0,847461640834808	2171,875	0,628342032432556					2171,875	0,382162749767303	2171,875	0,23211681842804			2171,875	0,236722767353058			2171,875	0,162959069013596					2171,875	0,115755178034306	2171,875	0,0555853620171547					2171,875	-0,0791585966944695	2171,875	-0,19631090760231					2171,875	-0,356816440820694	2171,875	-0,464288294315338			
2175	1,79250526428223			2175	1,53099048137665					2175	1,32101154327393	2175	1,03285181522369					2175	0,846359312534332	2175	0,626273393630981					2175	0,379916876554489	2175	0,229379579424858			2175	0,233577236533165			2175	0,166256576776505					2175	0,118415147066116	2175	0,0586625225841999					2175	-0,0771496370434761	2175	-0,194650486111641					2175	-0,355009853839874	2175	-0,462260127067566			
2178,125	1,78880739212036			2178,125	1,52804231643677					2178,125	1,3196656703949	2178,125	1,03316044807434					2178,125	0,846956968307495	2178,125	0,627372324466705					2178,125	0,381272435188293	2178,125	0,23113714158535			2178,125	0,233333021402359			2178,125	0,165890485048294					2178,125	0,119174234569073	2178,125	0,0599221363663673					2178,125	-0,0748137235641479	2178,125	-0,19188030064106					2178,125	-0,352110624313354	2178,125	-0,459365367889404			
2181,25	1,78619456291199			2181,25	1,52561140060425					2181,25	1,31744039058685	2181,25	1,03293943405151					2181,25	0,847630739212036	2181,25	0,628376722335815					2181,25	0,382546216249466	2181,25	0,232533574104309			2181,25	0,237353637814522			2181,25	0,169021666049957					2181,25	0,121699810028076	2181,25	0,060877088457346					2181,25	-0,0731924623250961	2181,25	-0,190486460924149					2181,25	-0,350746363401413	2181,25	-0,45834082365036			
2184,375	1,7846565246582			2184,375	1,52509152889252					2184,375	1,31585967540741	2184,375	1,03294634819031					2184,375	0,848388135433197	2184,375	0,628591597080231					2184,375	0,383084446191788	2184,375	0,233281433582306			2184,375	0,23882982134819			2184,375	0,170830339193344					2184,375	0,12341833114624	2184,375	0,0636057481169701					2184,375	-0,0703194662928581	2184,375	-0,187227562069893					2184,375	-0,347276628017426	2184,375	-0,45453268289566			
2187,5	1,78546500205994			2187,5	1,52470409870148					2187,5	1,3154479265213	2187,5	1,03346407413483					2187,5	0,848256886005402	2187,5	0,628475964069366					2187,5	0,382807463407516	2187,5	0,233023330569267			2187,5	0,237806588411331			2187,5	0,173002049326897					2187,5	0,125914752483368	2187,5	0,0652943998575211					2187,5	-0,0681016594171524	2187,5	-0,185345575213432					2187,5	-0,344961822032928	2187,5	-0,452210068702698			
2190,625	1,78525960445404			2190,625	1,52567660808563					2190,625	1,31417047977448	2190,625	1,03313088417053					2190,625	0,848152875900269	2190,625	0,628207325935364					2190,625	0,381976157426834	2190,625	0,232506275177002			2190,625	0,241561144590378			2190,625	0,176596075296402					2190,625	0,129316970705986	2190,625	0,0672006383538246					2190,625	-0,0668172463774681	2190,625	-0,184723615646362					2190,625	-0,34494948387146	2190,625	-0,452086955308914			
2193,75	1,78552842140198			2193,75	1,52818596363068					2193,75	1,31476294994354	2193,75	1,03417527675629					2193,75	0,847431302070618	2193,75	0,626399993896484					2193,75	0,379779011011124	2193,75	0,229740560054779			2193,75	0,239569470286369			2193,75	0,179925113916397					2193,75	0,130388870835304	2193,75	0,0700051859021187					2193,75	-0,0648535341024399	2193,75	-0,18168517947197					2193,75	-0,341695725917816	2193,75	-0,448093354701996			
2196,875	1,78684937953949			2196,875	1,527871966362					2196,875	1,31477177143097	2196,875	1,03471410274506					2196,875	0,847814559936523	2196,875	0,627098262310028					2196,875	0,380034625530243	2196,875	0,229910463094711			2196,875	0,245619252324104			2196,875	0,180008545517921					2196,875	0,132860332727432	2196,875	0,0723299533128738					2196,875	-0,0618778318166733	2196,875	-0,178377047181129					2196,875	-0,338094085454941	2196,875	-0,444514095783234			
2200	1,79042840003967			2200	1,52512013912201					2200	1,3127988576889	2200	1,03433406352997					2200	0,847927272319794	2200	0,627610146999359					2200	0,381613522768021	2200	0,231623336672783			2200	0,246184140443802			2200	0,182142928242683					2200	0,135362967848778	2200	0,0734243020415306					2200	-0,0604978576302528	2200	-0,177277147769928					2200	-0,336852073669434	2200	-0,443497955799103			
2203,125	1,78749597072601			2203,125	1,52489125728607					2203,125	1,31221354007721	2203,125	1,03449094295502					2203,125	0,847667157649994	2203,125	0,626820206642151					2203,125	0,381061524152756	2203,125	0,231039822101593			2203,125	0,250212252140045			2203,125	0,184259697794914					2203,125	0,138320490717888	2203,125	0,0756258070468903					2203,125	-0,0585896298289299	2203,125	-0,17551888525486					2203,125	-0,334860563278198	2203,125	-0,441369116306305			
2206,25	1,78544211387634			2206,25	1,52463257312775					2206,25	1,31205332279205	2206,25	1,03478574752808					2206,25	0,848576366901398	2206,25	0,627419769763947					2206,25	0,381722092628479	2206,25	0,23201310634613			2206,25	0,249615892767906			2206,25	0,188441231846809					2206,25	0,140240252017975	2206,25	0,0769310593605042					2206,25	-0,0567027404904366	2206,25	-0,173711434006691					2206,25	-0,332674741744995	2206,25	-0,439205467700958			
2209,375	1,78823459148407			2209,375	1,5233428478241					2209,375	1,31145870685577	2209,375	1,03529834747314					2209,375	0,849287986755371	2209,375	0,627738773822784					2209,375	0,382012188434601	2209,375	0,23246268928051			2209,375	0,249590858817101			2209,375	0,191522404551506					2209,375	0,143512293696404	2209,375	0,0786333531141281					2209,375	-0,0546604655683041	2209,375	-0,171560913324356					2209,375	-0,330779194831848	2209,375	-0,437582194805145			
2212,5	1,78721702098846			2212,5	1,52746474742889					2212,5	1,31320428848267	2212,5	1,03663730621338					2212,5	0,848463594913483	2212,5	0,624948620796204					2212,5	0,378533810377121	2212,5	0,228260055184364			2212,5	0,249163940548897			2212,5	0,192658722400665					2212,5	0,147269740700722	2212,5	0,0814114063978195					2212,5	-0,0525586158037186	2212,5	-0,169840127229691					2212,5	-0,32878777384758	2212,5	-0,435198664665222			
2215,625	1,78597486019135			2215,625	1,52833259105682					2215,625	1,31440794467926	2215,625	1,03751504421234					2215,625	0,84781277179718	2215,625	0,623797833919525					2215,625	0,377542078495026	2215,625	0,226707726716995			2215,625	0,254889994859695			2215,625	0,195212662220001					2215,625	0,150308340787888	2215,625	0,0826670005917549					2215,625	-0,0509094223380089	2215,625	-0,16764560341835					2215,625	-0,327075600624084	2215,625	-0,432782053947449			
2218,75	1,78835940361023			2218,75	1,52745926380157					2218,75	1,31305372714996	2218,75	1,03722870349884					2218,75	0,848318994045258	2218,75	0,625043928623199					2218,75	0,378739953041077	2218,75	0,228452458977699			2218,75	0,254634827375412			2218,75	0,198354661464691					2218,75	0,154675170779228	2218,75	0,0847082510590553					2218,75	-0,0488434955477715	2218,75	-0,165309816598892					2218,75	-0,324465781450272	2218,75	-0,430097281932831			
2221,875	1,78717136383057			2221,875	1,52574455738068					2221,875	1,31165623664856	2221,875	1,03687179088593					2221,875	0,848239362239838	2221,875	0,626675307750702					2221,875	0,380525529384613	2221,875	0,23047748208046			2221,875	0,257720023393631			2221,875	0,199556097388268					2221,875	0,157371237874031	2221,875	0,0862368270754814					2221,875	-0,0466715581715107	2221,875	-0,163530483841896					2221,875	-0,322719812393188	2221,875	-0,42883238196373			
2225	1,78303205966949			2225	1,52646172046661					2225	1,31244075298309	2225	1,03717482089996					2225	0,847636938095093	2225	0,625641405582428					2225	0,379282921552658	2225	0,228955939412117			2225	0,255283296108246			2225	0,198957502841949					2225	0,158760726451874	2225	0,0880204364657402					2225	-0,0443343557417393	2225	-0,160249143838882					2225	-0,31899693608284	2225	-0,424881547689438			
2228,125	1,78164935112			2228,125	1,52743220329285					2228,125	1,31314671039581	2228,125	1,03754508495331					2228,125	0,847771763801575	2228,125	0,624814033508301					2228,125	0,378335416316986	2228,125	0,22768098115921			2228,125	0,260783612728119			2228,125	0,20132777094841					2228,125	0,162190511822701	2228,125	0,0902431458234787					2228,125	-0,0423795692622662	2228,125	-0,158130154013634					2228,125	-0,317283093929291	2228,125	-0,422932386398315			
2231,25	1,78574907779694			2231,25	1,52527058124542					2231,25	1,31264400482178	2231,25	1,03786242008209					2231,25	0,848072409629822	2231,25	0,62567001581192					2231,25	0,380004644393921	2231,25	0,229837119579315			2231,25	0,257417112588882			2231,25	0,202978178858757					2231,25	0,164213642477989	2231,25	0,0910638719797134					2231,25	-0,0409044958651066	2231,25	-0,156381890177727					2231,25	-0,315531075000763	2231,25	-0,42150354385376			
2234,375	1,7817497253418			2234,375	1,5255434513092					2234,375	1,31316602230072	2234,375	1,03850388526917					2234,375	0,848348617553711	2234,375	0,625767171382904					2234,375	0,379898756742477	2234,375	0,229814201593399			2234,375	0,263554245233536			2234,375	0,203559920191765					2234,375	0,16706009209156	2234,375	0,0924898460507393					2234,375	-0,0381622426211834	2234,375	-0,153929889202118					2234,375	-0,312235802412033	2234,375	-0,41770726442337			
2237,5	1,78040456771851			2237,5	1,52574622631073					2237,5	1,3128525018692	2237,5	1,03807306289673					2237,5	0,847864091396332	2237,5	0,624719142913818					2237,5	0,378839910030365	2237,5	0,228191867470741			2237,5	0,262367635965347			2237,5	0,208360344171524					2237,5	0,171386301517487	2237,5	0,0944645777344704					2237,5	-0,0370985679328442	2237,5	-0,153331995010376					2237,5	-0,311752587556839	2237,5	-0,417333126068115			
2240,625	1,78146731853485			2240,625	1,53088748455048					2240,625	1,31737494468689	2240,625	1,03859126567841					2240,625	0,847154140472412	2240,625	0,622444987297058					2240,625	0,376460522413254	2240,625	0,226011499762535			2240,625	0,265489608049393			2240,625	0,210540100932121					2240,625	0,175094485282898	2240,625	0,0967750921845436					2240,625	-0,0344671905040741	2240,625	-0,150205254554749					2240,625	-0,308477640151978	2240,625	-0,41392770409584			
2243,75	1,77687776088715			2243,75	1,53079390525818					2243,75	1,31704318523407	2243,75	1,03864753246307					2243,75	0,846993029117584	2243,75	0,62227076292038					2243,75	0,376385301351547	2243,75	0,225890323519707			2243,75	0,263418078422546			2243,75	0,213491395115852					2243,75	0,177725717425346	2243,75	0,0989035591483116					2243,75	-0,0327541343867779	2243,75	-0,14865331351757					2243,75	-0,307501196861267	2243,75	-0,413199245929718			
2246,875	1,78133368492126			2246,875	1,52925395965576					2246,875	1,31650602817535	2246,875	1,03866183757782					2246,875	0,847197115421295	2246,875	0,622821927070618					2246,875	0,376941531896591	2246,875	0,226452142000198			2246,875	0,266082853078842			2246,875	0,215410113334656					2246,875	0,179529681801796	2246,875	0,100109584629536					2246,875	-0,0313839390873909	2246,875	-0,146938413381577					2246,875	-0,306045383214951	2246,875	-0,411704242229462			
2250	1,78072392940521			2250	1,52666091918945					2250	1,31541228294373	2250	1,0381795167923					2250	0,84719979763031	2250	0,62385755777359					2250	0,378644496202469	2250	0,228446945548058			2250	0,271189659833908			2250	0,215712159872055					2250	0,180662870407104	2250	0,100850112736225					2250	-0,02960748039186	2250	-0,144124582409859					2250	-0,302984833717346	2250	-0,408499389886856			
2253,125	1,77480244636536			2253,125	1,52700769901276					2253,125	1,31625890731812	2253,125	1,03920948505402					2253,125	0,847714066505432	2253,125	0,623453140258789					2253,125	0,378612369298935	2253,125	0,227746874094009			2253,125	0,265801668167114			2253,125	0,217572391033173					2253,125	0,1825021058321	2253,125	0,103629440069199					2253,125	-0,0269265063107014	2253,125	-0,142369344830513					2253,125	-0,300219058990479	2253,125	-0,405205219984055			
2256,25	1,76980590820313			2256,25	1,52792131900787					2256,25	1,31738615036011	2256,25	1,03986442089081					2256,25	0,848758280277252	2256,25	0,624852538108826					2256,25	0,379341930150986	2256,25	0,228675544261932			2256,25	0,266483813524246			2256,25	0,217289850115776					2256,25	0,18443475663662	2256,25	0,105571672320366					2256,25	-0,0244243685156107	2256,25	-0,139500841498375					2256,25	-0,297973990440369	2256,25	-0,402525693178177			
2259,375	1,7718300819397			2259,375	1,52976548671722					2259,375	1,31880688667297	2259,375	1,03971195220947					2259,375	0,848128437995911	2259,375	0,624006807804108					2259,375	0,378362417221069	2259,375	0,227930203080177			2259,375	0,267713665962219			2259,375	0,219415262341499					2259,375	0,187679275870323	2259,375	0,107245244085789					2259,375	-0,0225385520607233	2259,375	-0,137359365820885					2259,375	-0,295221358537674	2259,375	-0,399960249662399			
2262,5	1,77202081680298			2262,5	1,5294326543808					2262,5	1,31970953941345	2262,5	1,0390191078186					2262,5	0,848076105117798	2262,5	0,623287081718445					2262,5	0,377957850694656	2262,5	0,227732762694359			2262,5	0,270523577928543			2262,5	0,221707656979561					2262,5	0,190604165196419	2262,5	0,109017252922058					2262,5	-0,0207970831543207	2262,5	-0,135703176259995					2262,5	-0,294137209653854	2262,5	-0,399195730686188			
2265,625	1,76817297935486			2265,625	1,52889442443848					2265,625	1,32043886184692	2265,625	1,03927528858185					2265,625	0,848558187484741	2265,625	0,62314110994339					2265,625	0,377575993537903	2265,625	0,227382481098175			2265,625	0,272891372442245			2265,625	0,222827821969986					2265,625	0,192523092031479	2265,625	0,110966064035892					2265,625	-0,0185013003647327	2265,625	-0,133243709802628					2265,625	-0,292025536298752	2265,625	-0,39701521396637			
2268,75	1,76718926429749			2268,75	1,52711629867554					2268,75	1,31934189796448	2268,75	1,03932189941406					2268,75	0,849263787269592	2268,75	0,624616801738739					2268,75	0,379768639802933	2268,75	0,229505777359009			2268,75	0,276729315519333			2268,75	0,223304063081741					2268,75	0,192774146795273	2268,75	0,111753962934017					2268,75	-0,0170582514256239	2268,75	-0,130912303924561					2268,75	-0,28955402970314	2268,75	-0,394419550895691			
2271,875	1,7657105922699			2271,875	1,52891373634338					2271,875	1,32060658931732	2271,875	1,03871858119965					2271,875	0,848694086074829	2271,875	0,62341171503067					2271,875	0,378484189510345	2271,875	0,227785170078278			2271,875	0,28098326921463			2271,875	0,224941477179527					2271,875	0,195435091853142	2271,875	0,113905616104603					2271,875	-0,015215752646327	2271,875	-0,128791585564613					2271,875	-0,287515491247177	2271,875	-0,392315357923508			
2275	1,76362454891205			2275	1,53118693828583					2275	1,32332646846771	2275	1,0401417016983					2275	0,84831714630127	2275	0,622643411159515					2275	0,376422673463821	2275	0,225770354270935			2275	0,280391186475754			2275	0,22491517663002					2275	0,197486951947212	2275	0,114864282310009					2275	-0,0126817133277655	2275	-0,125903740525246					2275	-0,284493178129196	2275	-0,388595461845398			
2278,125	1,76383543014526			2278,125	1,53167676925659					2278,125	1,32331538200378	2278,125	1,03946554660797					2278,125	0,848105490207672	2278,125	0,622796714305878					2278,125	0,377071708440781	2278,125	0,226395413279533			2278,125	0,2823586165905			2278,125	0,228361517190933					2278,125	0,201016470789909	2278,125	0,117220990359783					2278,125	-0,0107629103586078	2278,125	-0,123838201165199					2278,125	-0,282723784446716	2278,125	-0,387032002210617			
2281,25	1,76312279701233			2281,25	1,53048467636108					2281,25	1,32299780845642	2281,25	1,03935062885284					2281,25	0,848198354244232	2281,25	0,622922360897064					2281,25	0,378017753362656	2281,25	0,227391332387924			2281,25	0,283803015947342			2281,25	0,231016129255295					2281,25	0,203057169914246	2281,25	0,118404395878315					2281,25	-0,00945715606212616	2281,25	-0,122783489525318					2281,25	-0,281642824411392	2281,25	-0,386067092418671			
2284,375	1,75969064235687			2284,375	1,52912390232086					2284,375	1,32293725013733	2284,375	1,03907084465027					2284,375	0,848179042339325	2284,375	0,622860670089722					2284,375	0,37794303894043	2284,375	0,227184951305389			2284,375	0,289935767650604			2284,375	0,23297056555748					2284,375	0,203761145472527	2284,375	0,120314329862595					2284,375	-0,00782021414488554	2284,375	-0,121109358966351					2284,375	-0,280483067035675	2284,375	-0,384369522333145			
2287,5	1,76122045516968			2287,5	1,53271698951721					2287,5	1,32575333118439	2287,5	1,03978455066681					2287,5	0,847138345241547	2287,5	0,621272683143616					2287,5	0,374799787998199	2287,5	0,223909094929695			2287,5	0,292098015546799			2287,5	0,234275832772255					2287,5	0,20679572224617	2287,5	0,123442202806473					2287,5	-0,00429002195596695	2287,5	-0,11785900592804					2287,5	-0,277209669351578	2287,5	-0,38056680560112			
2290,625	1,75934481620789			2290,625	1,53049457073212					2290,625	1,32500123977661	2290,625	1,03956663608551					2290,625	0,848070800304413	2290,625	0,62285715341568					2290,625	0,376602530479431	2290,625	0,226496875286102			2290,625	0,292263358831406			2290,625	0,234091192483902					2290,625	0,208230137825012	2290,625	0,124341890215874					2290,625	-0,00331864249892533	2290,625	-0,11596605181694					2290,625	-0,275021612644196	2290,625	-0,37893471121788			
2293,75	1,75531995296478			2293,75	1,52883470058441					2293,75	1,32479429244995	2293,75	1,03896152973175					2293,75	0,848365843296051	2293,75	0,624205768108368					2293,75	0,378519207239151	2293,75	0,228411391377449			2293,75	0,291859120130539			2293,75	0,236372217535973					2293,75	0,210294932126999	2293,75	0,126309752464294					2293,75	-0,00222254148684442	2293,75	-0,114685453474522					2293,75	-0,273327618837357	2293,75	-0,377395480871201			
2296,875	1,75738918781281			2296,875	1,53117632865906					2296,875	1,32630598545074	2296,875	1,0389496088028					2296,875	0,847457885742188	2296,875	0,621741414070129					2296,875	0,375829964876175	2296,875	0,225074380636215			2296,875	0,301504373550415			2296,875	0,236575320363045					2296,875	0,213028877973557	2296,875	0,128708779811859					2296,875	0,000123484991490841	2296,875	-0,112456806004047					2296,875	-0,27045527100563	2296,875	-0,374865025281906			
2300	1,75331473350525			2300	1,53101241588593					2300	1,32710742950439	2300	1,03855919837952					2300	0,84677791595459	2300	0,621705591678619					2300	0,375244438648224	2300	0,224645540118217			2300	0,300178527832031			2300	0,238847181200981					2300	0,214073225855827	2300	0,13046096265316					2300	0,00241999211721122	2300	-0,109060756862164					2300	-0,267613142728806	2300	-0,371277540922165			
2303,125	1,75632357597351			2303,125	1,53059196472168					2303,125	1,32711589336395	2303,125	1,03923201560974					2303,125	0,847594738006592	2303,125	0,622625172138214					2303,125	0,376556545495987	2303,125	0,226134017109871			2303,125	0,304451584815979			2303,125	0,239531621336937					2303,125	0,214436605572701	2303,125	0,131452530622482					2303,125	0,0039922958239913	2303,125	-0,107290558516979					2303,125	-0,265474796295166	2303,125	-0,369127333164215			
2306,25	1,75422716140747			2306,25	1,53136348724365					2306,25	1,32828950881958	2306,25	1,03991103172302					2306,25	0,847985208034515	2306,25	0,622503459453583					2306,25	0,376741349697113	2306,25	0,226045191287994			2306,25	0,308196932077408			2306,25	0,239942759275436					2306,25	0,21575191617012	2306,25	0,133447721600533					2306,25	0,00578445522114635	2306,25	-0,105240821838379					2306,25	-0,263586074113846	2306,25	-0,367350429296494			
2309,375	1,75135099887848			2309,375	1,53097021579742					2309,375	1,32832407951355	2309,375	1,03914046287537					2309,375	0,847298264503479	2309,375	0,621902167797089					2309,375	0,376649498939514	2309,375	0,225414052605629			2309,375	0,309944361448288			2309,375	0,242911353707314					2309,375	0,219094768166542	2309,375	0,135229587554932					2309,375	0,00771715771406889	2309,375	-0,104326948523521					2309,375	-0,262836217880249	2309,375	-0,36634162068367			
2312,5	1,75606691837311			2312,5	1,52945649623871					2312,5	1,32825529575348	2312,5	1,0384658575058					2312,5	0,848111033439636	2312,5	0,622832119464874					2312,5	0,377289265394211	2312,5	0,225954219698906			2312,5	0,3130764067173			2312,5	0,242923766374588					2312,5	0,22036999464035	2312,5	0,136185809969902					2312,5	0,00941882561892271	2312,5	-0,102443747222424					2312,5	-0,260695785284042	2312,5	-0,363681882619858			
2315,625	1,75320565700531			2315,625	1,52846467494965					2315,625	1,32866811752319	2315,625	1,03881192207336					2315,625	0,847981214523315	2315,625	0,623001754283905					2315,625	0,377143025398254	2315,625	0,227178335189819			2315,625	0,316413968801498			2315,625	0,242694213986397					2315,625	0,220554679632187	2315,625	0,137222692370415					2315,625	0,0114036705344915	2315,625	-0,100177645683289					2315,625	-0,258003771305084	2315,625	-0,361288517713547			
2318,75	1,75345182418823			2318,75	1,53194141387939					2318,75	1,33282685279846	2318,75	1,04013526439667					2318,75	0,848714113235474	2318,75	0,622625887393951					2318,75	0,376224160194397	2318,75	0,226161390542984			2318,75	0,321420431137085			2318,75	0,242361679673195					2318,75	0,222195237874985	2318,75	0,140785053372383					2318,75	0,0128914648666978	2318,75	-0,0967908725142479					2318,75	-0,254620879888535	2318,75	-0,357106655836105			
2321,875	1,75510144233704			2321,875	1,52752149105072					2321,875	1,32962167263031	2321,875	1,03968930244446					2321,875	0,849592089653015	2321,875	0,624673843383789					2321,875	0,37863689661026	2321,875	0,227998152375221			2321,875	0,326304048299789			2321,875	0,24307744204998					2321,875	0,222748652100563	2321,875	0,141063168644905					2321,875	0,0147312711924314	2321,875	-0,0950337126851082					2321,875	-0,252245366573334	2321,875	-0,354766845703125			
2325	1,76582455635071			2325	1,53123188018799					2325	1,33177089691162	2325	1,03974616527557					2325	0,847867786884308	2325	0,622615456581116					2325	0,376403003931046	2325	0,225378185510635			2325	0,327735960483551			2325	0,246162906289101					2325	0,225489154458046	2325	0,143844604492188					2325	0,0171255692839623	2325	-0,0930889695882797					2325	-0,250666677951813	2325	-0,353828400373459			
2328,125	1,75975012779236			2328,125	1,53035259246826					2328,125	1,33110654354095	2328,125	1,0391321182251					2328,125	0,847351372241974	2328,125	0,622414529323578					2328,125	0,376398712396622	2328,125	0,225476384162903			2328,125	0,325249463319778			2328,125	0,24922126531601					2328,125	0,227717578411102	2328,125	0,145680487155914					2328,125	0,0183244291692972	2328,125	-0,0925259813666344					2328,125	-0,250371724367142	2328,125	-0,353645384311676			
2331,25	1,75659215450287			2331,25	1,53102421760559					2331,25	1,33142483234406	2331,25	1,03893637657166					2331,25	0,847408831119537	2331,25	0,622538864612579					2331,25	0,376313179731369	2331,25	0,225817486643791			2331,25	0,329545795917511			2331,25	0,250110357999802					2331,25	0,229433253407478	2331,25	0,147668212652206					2331,25	0,0195182412862778	2331,25	-0,091100201010704					2331,25	-0,24892546236515	2331,25	-0,351909786462784			
2334,375	1,7546808719635			2334,375	1,53227436542511					2334,375	1,33355009555817	2334,375	1,03895902633667					2334,375	0,846934616565704	2334,375	0,621110677719116					2334,375	0,374844163656235	2334,375	0,223707899451256			2334,375	0,331423908472061			2334,375	0,251647621393204					2334,375	0,231680572032928	2334,375	0,14979299902916					2334,375	0,0216306503862143	2334,375	-0,0889953151345253					2334,375	-0,247080937027931	2334,375	-0,349604606628418			
2337,5	1,76033139228821			2337,5	1,5304000377655					2337,5	1,33337771892548	2337,5	1,03921949863434					2337,5	0,846706449985504	2337,5	0,621828436851501					2337,5	0,375939965248108	2337,5	0,225020989775658			2337,5	0,329538255929947			2337,5	0,252849519252777					2337,5	0,233261987566948	2337,5	0,151663541793823					2337,5	0,0239835921674967	2337,5	-0,0866160616278648					2337,5	-0,244682043790817	2337,5	-0,346872895956039			
2340,625	1,75707733631134			2340,625	1,52700233459473					2340,625	1,33215653896332	2340,625	1,03920304775238					2340,625	0,847674369812012	2340,625	0,624107241630554					2340,625	0,378525048494339	2340,625	0,227844595909119			2340,625	0,335605561733246			2340,625	0,25244602560997					2340,625	0,232738509774208	2340,625	0,152118176221848					2340,625	0,0253159161657095	2340,625	-0,0846769735217094					2340,625	-0,242118790745735	2340,625	-0,345205128192902			
2343,75	1,76222586631775			2343,75	1,53164339065552					2343,75	1,33487176895142	2343,75	1,03923332691193					2343,75	0,846848666667938	2343,75	0,621500313282013					2343,75	0,374971091747284	2343,75	0,22460313141346			2343,75	0,338315606117249			2343,75	0,254738748073578					2343,75	0,235957056283951	2343,75	0,155233010649681					2343,75	0,0277454182505608	2343,75	-0,0816881880164146					2343,75	-0,239891469478607	2343,75	-0,342622131109238			
2346,875	1,76894962787628			2346,875	1,53080427646637					2346,875	1,33443379402161	2346,875	1,03950560092926					2346,875	0,847206175327301	2346,875	0,6219602227211					2346,875	0,375427573919296	2346,875	0,225102230906487			2346,875	0,338304102420807			2346,875	0,254316300153732					2346,875	0,236331567168236	2346,875	0,156494468450546					2346,875	0,0295110940933228	2346,875	-0,0799639225006104					2346,875	-0,237511441111565	2346,875	-0,339758962392807			
2350	1,76184165477753			2350	1,53098571300507					2350	1,33403325080872	2350	1,03928899765015					2350	0,846507847309113	2350	0,621296465396881					2350	0,374868094921112	2350	0,224051669239998			2350	0,341483384370804			2350	0,258732855319977					2350	0,240062713623047	2350	0,158943176269531					2350	0,0315963961184025	2350	-0,0789707601070404					2350	-0,236338898539543	2350	-0,338930368423462			
2353,125	1,76407563686371			2353,125	1,53171122074127					2353,125	1,33480679988861	2353,125	1,03932440280914					2353,125	0,846694469451904	2353,125	0,620621204376221					2353,125	0,373680204153061	2353,125	0,222377240657806			2353,125	0,339735746383667			2353,125	0,257845044136047					2353,125	0,240766942501068	2353,125	0,160924047231674					2353,125	0,0336035750806332	2353,125	-0,0760243386030197					2353,125	-0,23414571583271	2353,125	-0,336592346429825			
2356,25	1,76531958580017			2356,25	1,52927255630493					2356,25	1,33385908603668	2356,25	1,03872740268707					2356,25	0,846279323101044	2356,25	0,621047616004944					2356,25	0,374355405569077	2356,25	0,223977267742157			2356,25	0,342684805393219			2356,25	0,259004026651382					2356,25	0,242222741246223	2356,25	0,162216901779175					2356,25	0,0346755906939507	2356,25	-0,0749702975153923					2356,25	-0,232652008533478	2356,25	-0,335084527730942			
2359,375	1,76432347297668			2359,375	1,52891373634338					2359,375	1,33402061462402	2359,375	1,03938066959381					2359,375	0,846210420131683	2359,375	0,622033059597015					2359,375	0,375152200460434	2359,375	0,225059702992439			2359,375	0,341232508420944			2359,375	0,260323405265808					2359,375	0,243294045329094	2359,375	0,163883075118065					2359,375	0,036374356597662	2359,375	-0,0739697366952896					2359,375	-0,231512412428856	2359,375	-0,334071695804596			
2362,5	1,76619029045105			2362,5	1,53010547161102					2362,5	1,33594918251038	2362,5	1,04000532627106					2362,5	0,845869421958923	2362,5	0,62060409784317					2362,5	0,374050438404083	2362,5	0,224072203040123			2362,5	0,342754513025284			2362,5	0,261792927980423					2362,5	0,245785504579544	2362,5	0,166533917188644					2362,5	0,0388279296457767	2362,5	-0,0708571672439575					2362,5	-0,228760227560997	2362,5	-0,330851048231125			
2365,625	1,76896250247955			2365,625	1,53266859054565					2365,625	1,33917891979218	2365,625	1,0413134098053					2365,625	0,847167432308197	2365,625	0,62199479341507					2365,625	0,374677896499634	2365,625	0,223567679524422			2365,625	0,34186527132988			2365,625	0,259467422962189					2365,625	0,245161473751068	2365,625	0,167536944150925					2365,625	0,0415091551840305	2365,625	-0,0676961913704872					2365,625	-0,224696561694145	2365,625	-0,326364636421204			
2368,75	1,76654028892517			2368,75	1,52909255027771					2368,75	1,33653724193573	2368,75	1,03963208198547					2368,75	0,846751153469086	2368,75	0,622186958789825					2368,75	0,375718146562576	2368,75	0,225154057145119			2368,75	0,340174645185471			2368,75	0,263651132583618					2368,75	0,247802525758743	2368,75	0,169465884566307					2368,75	0,0422899387776852	2368,75	-0,0676291882991791					2368,75	-0,225401729345322	2368,75	-0,327306181192398			
2371,875	1,76561892032623			2371,875	1,52512657642365					2371,875	1,33500123023987	2371,875	1,04044330120087					2371,875	0,848887145519257	2371,875	0,62501460313797					2371,875	0,37896254658699	2371,875	0,229383990168571			2371,875	0,346893697977066			2371,875	0,259888499975204					2371,875	0,247210010886192	2371,875	0,169035002589226					2371,875	0,0430179126560688	2371,875	-0,0671835765242577					2371,875	-0,222327813506126	2371,875	-0,3246730864048			
2375	1,76165473461151			2375	1,52822136878967					2375	1,33659648895264	2375	1,04106116294861					2375	0,848284959793091	2375	0,623837053775787					2375	0,376914918422699	2375	0,226771712303162			2375	0,341810137033463			2375	0,263938635587692					2375	0,248995989561081	2375	0,172520220279694					2375	0,0458135791122913	2375	-0,063872903585434					2375	-0,219598457217216	2375	-0,321924209594727			
2378,125	1,76423132419586			2378,125	1,52983069419861					2378,125	1,33911526203156	2378,125	1,03981101512909					2378,125	0,847201883792877	2378,125	0,622893154621124					2378,125	0,375325798988342	2378,125	0,224490255117416			2378,125	0,34414279460907			2378,125	0,262309730052948					2378,125	0,249757319688797	2378,125	0,173747077584267					2378,125	0,0483827292919159	2378,125	-0,0607535168528557					2378,125	-0,216659814119339	2378,125	-0,317594081163406			
2381,25	1,76561844348907			2381,25	1,53044188022614					2381,25	1,34003341197968	2381,25	1,04140436649323					2381,25	0,846637845039368	2381,25	0,621639430522919					2381,25	0,374277502298355	2381,25	0,223367840051651			2381,25	0,346708953380585			2381,25	0,264275312423706					2381,25	0,251348197460175	2381,25	0,175951078534126					2381,25	0,0502130500972271	2381,25	-0,0583444647490978					2381,25	-0,214188396930695	2381,25	-0,31513699889183			
2384,375	1,76360440254211			2384,375	1,53044521808624					2384,375	1,33946716785431	2384,375	1,04089117050171					2384,375	0,846295595169067	2384,375	0,620619773864746					2384,375	0,373928546905518	2384,375	0,22331228852272			2384,375	0,346904247999191			2384,375	0,269183218479156					2384,375	0,254917800426483	2384,375	0,178927600383759					2384,375	0,0520500987768173	2384,375	-0,0573624297976494					2384,375	-0,214464917778969	2384,375	-0,315734326839447			
2387,5	1,76193749904633			2387,5	1,52876210212708					2387,5	1,33884060382843	2387,5	1,04161810874939					2387,5	0,847991466522217	2387,5	0,623132467269897					2387,5	0,376559048891068	2387,5	0,226362094283104			2387,5	0,34551677107811			2387,5	0,265807449817657					2387,5	0,253301113843918	2387,5	0,179061993956566					2387,5	0,0534301213920116	2387,5	-0,055722389370203					2387,5	-0,212330996990204	2387,5	-0,313518702983856			
2390,625	1,76484549045563			2390,625	1,52780115604401					2390,625	1,3396623134613	2390,625	1,04150640964508					2390,625	0,847271323204041	2390,625	0,622457087039948					2390,625	0,375429093837738	2390,625	0,225153729319572			2390,625	0,348866641521454			2390,625	0,268439769744873					2390,625	0,255268722772598	2390,625	0,181179225444794					2390,625	0,0548155456781387	2390,625	-0,0540635474026203					2390,625	-0,211126327514648	2390,625	-0,312287896871567			
2393,75	1,76904034614563			2393,75	1,52654528617859					2393,75	1,33888483047485	2393,75	1,04128444194794					2393,75	0,846400856971741	2393,75	0,621162712574005					2393,75	0,374755054712296	2393,75	0,224207580089569			2393,75	0,349703013896942			2393,75	0,270729243755341					2393,75	0,257557779550552	2393,75	0,183197200298309					2393,75	0,056672714650631	2393,75	-0,0529729425907135					2393,75	-0,209279254078865	2393,75	-0,310583114624023			
2396,875	1,76635086536407			2396,875	1,52925825119019					2396,875	1,34056997299194	2396,875	1,04167771339417					2396,875	0,845709145069122	2396,875	0,620614349842072					2396,875	0,373302489519119	2396,875	0,221760883927345			2396,875	0,353782296180725			2396,875	0,271881997585297					2396,875	0,260418027639389	2396,875	0,186401799321175					2396,875	0,0598195493221283	2396,875	-0,0496412143111229					2396,875	-0,206103429198265	2396,875	-0,307485431432724			
2400	1,76653742790222			2400	1,52746653556824					2400	1,34001564979553	2400	1,04155850410461					2400	0,846112191677094	2400	0,621275007724762					2400	0,374574542045593	2400	0,223112672567368			2400	0,353568613529205			2400	0,272295206785202					2400	0,260956108570099	2400	0,187671765685081					2400	0,0609463229775429	2400	-0,0480534322559834					2400	-0,204168543219566	2400	-0,304983735084534			
2403,125	1,76881849765778			2403,125	1,52668392658234					2403,125	1,34060454368591	2403,125	1,04196333885193					2403,125	0,846129298210144	2403,125	0,620762348175049					2403,125	0,374217450618744	2403,125	0,223210245370865			2403,125	0,358337819576263			2403,125	0,273635357618332					2403,125	0,262445449829102	2403,125	0,189567357301712					2403,125	0,0627157613635063	2403,125	-0,0461600981652737					2403,125	-0,201719790697098	2403,125	-0,301896959543228			
2406,25	1,76952934265137			2406,25	1,52750062942505					2406,25	1,34155857563019	2406,25	1,04144585132599					2406,25	0,845705687999725	2406,25	0,620071947574615					2406,25	0,372436046600342	2406,25	0,222115054726601			2406,25	0,354538023471832			2406,25	0,273988157510757					2406,25	0,264521449804306	2406,25	0,191627740859985					2406,25	0,0649763122200966	2406,25	-0,0443740673363209					2406,25	-0,200105339288712	2406,25	-0,300763577222824			
2409,375	1,76245760917664			2409,375	1,52773725986481					2409,375	1,34197318553925	2409,375	1,04235851764679					2409,375	0,845946848392487	2409,375	0,620623826980591					2409,375	0,37349146604538	2409,375	0,222628131508827			2409,375	0,352764666080475			2409,375	0,273468852043152					2409,375	0,264468669891357	2409,375	0,193960934877396					2409,375	0,0668269991874695	2409,375	-0,0419550165534019					2409,375	-0,197381436824799	2409,375	-0,297779262065887			
2412,5	1,76253426074982			2412,5	1,52382481098175					2412,5	1,33802628517151	2412,5	1,04109477996826					2412,5	0,844979345798492	2412,5	0,621602714061737					2412,5	0,375453233718872	2412,5	0,224339365959167			2412,5	0,356411695480347			2412,5	0,27591735124588					2412,5	0,265436142683029	2412,5	0,193638131022453					2412,5	0,0667072832584381	2412,5	-0,0422386042773724					2412,5	-0,198132559657097	2412,5	-0,298664182424545			
2415,625	1,76576542854309			2415,625	1,52590429782867					2415,625	1,34186434745789	2415,625	1,04439175128937					2415,625	0,847425401210785	2415,625	0,622494697570801					2415,625	0,376749843358994	2415,625	0,225826382637024			2415,625	0,35610169172287			2415,625	0,27104064822197					2415,625	0,263174444437027	2415,625	0,19514861702919					2415,625	0,069447249174118	2415,625	-0,0380566343665123					2415,625	-0,192540049552917	2415,625	-0,293793559074402			
2418,75	1,7651379108429			2418,75	1,52488327026367					2418,75	1,34269285202026	2418,75	1,04410040378571					2418,75	0,847296357154846	2418,75	0,621618270874023					2418,75	0,375264465808868	2418,75	0,224205657839775			2418,75	0,358438014984131			2418,75	0,274245113134384					2418,75	0,266664117574692	2418,75	0,197212800383568					2418,75	0,0714616924524307	2418,75	-0,0369888469576836					2418,75	-0,191410452127457	2418,75	-0,292381584644318			
2421,875	1,76532995700836			2421,875	1,52466297149658					2421,875	1,34176456928253	2421,875	1,04308426380157					2421,875	0,845809161663055	2421,875	0,620624244213104					2421,875	0,373631238937378	2421,875	0,222453340888023			2421,875	0,358502238988876			2421,875	0,279157698154449					2421,875	0,271605551242828	2421,875	0,199973359704018					2421,875	0,073438473045826	2421,875	-0,0356319658458233					2421,875	-0,190904870629311	2421,875	-0,29197883605957			
2425	1,76500332355499			2425	1,52328455448151					2425	1,34146952629089	2425	1,04333746433258					2425	0,845944762229919	2425	0,621670067310333					2425	0,374817907810211	2425	0,223789617419243			2425	0,359840780496597			2425	0,280061572790146					2425	0,272126287221909	2425	0,201209202408791					2425	0,0751035585999489	2425	-0,0337596572935581					2425	-0,18873418867588	2425	-0,289689719676971			
2428,125	1,76264107227325			2428,125	1,5236337184906					2428,125	1,34253287315369	2428,125	1,04451704025269					2428,125	0,846501171588898	2428,125	0,621466934680939					2428,125	0,375394582748413	2428,125	0,224298119544983			2428,125	0,360298186540604			2428,125	0,277006536722183					2428,125	0,271435976028442	2428,125	0,202496737241745					2428,125	0,0769281610846519	2428,125	-0,0309514068067074					2428,125	-0,185330271720886	2428,125	-0,285377383232117			
2431,25	1,76730680465698			2431,25	1,52316999435425					2431,25	1,34293878078461	2431,25	1,04424095153809					2431,25	0,845899224281311	2431,25	0,620685815811157					2431,25	0,374453127384186	2431,25	0,223037451505661			2431,25	0,363152027130127			2431,25	0,2796910405159					2431,25	0,272556900978088	2431,25	0,204867631196976					2431,25	0,0788293853402138	2431,25	-0,0298693384975195					2431,25	-0,184254378080368	2431,25	-0,284012466669083			
2434,375	1,76501512527466			2434,375	1,52113997936249					2434,375	1,3437842130661	2434,375	1,04560780525208					2434,375	0,84669017791748	2434,375	0,622004866600037					2434,375	0,37582603096962	2434,375	0,224455252289772			2434,375	0,360222160816193			2434,375	0,279865592718124					2434,375	0,273403704166412	2434,375	0,205803528428078					2434,375	0,0809980779886246	2434,375	-0,0273376926779747					2434,375	-0,181989222764969	2434,375	-0,281674295663834			
2437,5	1,75847220420837			2437,5	1,52032935619354					2437,5	1,34293591976166	2437,5	1,04518210887909					2437,5	0,84601628780365	2437,5	0,621079206466675					2437,5	0,375637710094452	2437,5	0,22430531680584			2437,5	0,363118439912796			2437,5	0,280836045742035					2437,5	0,275934875011444	2437,5	0,208061248064041					2437,5	0,0819146186113358	2437,5	-0,0262338258326054					2437,5	-0,181090012192726	2437,5	-0,280846416950226			
2440,625	1,76302480697632			2440,625	1,5196248292923					2440,625	1,34304296970367	2440,625	1,04513096809387					2440,625	0,846114158630371	2440,625	0,621105253696442					2440,625	0,374840617179871	2440,625	0,223648905754089			2440,625	0,365191757678986			2440,625	0,281504601240158					2440,625	0,277434915304184	2440,625	0,2096828520298					2440,625	0,0836541205644608	2440,625	-0,0254355054348707					2440,625	-0,180227935314178	2440,625	-0,280132234096527			
2443,75	1,76108682155609			2443,75	1,52106750011444					2443,75	1,34460997581482	2443,75	1,0468282699585					2443,75	0,846105515956879	2443,75	0,62150514125824					2443,75	0,374874711036682	2443,75	0,223728477954865			2443,75	0,36429300904274			2443,75	0,281319290399551					2443,75	0,278151273727417	2443,75	0,211220607161522					2443,75	0,0863657221198082	2443,75	-0,0219167694449425					2443,75	-0,176137894392014	2443,75	-0,276275634765625			
2446,875	1,76078414916992			2446,875	1,51887154579163					2446,875	1,34253704547882	2446,875	1,04643416404724					2446,875	0,846217691898346	2446,875	0,621894061565399					2446,875	0,375638455152512	2446,875	0,224636107683182			2446,875	0,367724806070328			2446,875	0,282752156257629					2446,875	0,278554350137711	2446,875	0,21198733150959					2446,875	0,0877321437001228	2446,875	-0,0202867444604635					2446,875	-0,17463581264019	2446,875	-0,274538695812225			
2450	1,75883531570435			2450	1,5178884267807					2450	1,34308016300201	2450	1,04632234573364					2450	0,845141291618347	2450	0,62035197019577					2450	0,374150156974792	2450	0,223281890153885			2450	0,368241369724274			2450	0,285775989294052					2450	0,281142503023148	2450	0,214604526758194					2450	0,0900565981864929	2450	-0,0186002552509308					2450	-0,173297390341759	2450	-0,273442000150681			
2453,125	1,76534867286682			2453,125	1,51606583595276					2453,125	1,34328782558441	2453,125	1,04692220687866					2453,125	0,845776736736298	2453,125	0,62077260017395					2453,125	0,374235808849335	2453,125	0,223091274499893			2453,125	0,368859797716141			2453,125	0,285444706678391					2453,125	0,281733721494675	2453,125	0,216562315821648					2453,125	0,0916439443826675	2453,125	-0,0168544370681047					2453,125	-0,171894818544388	2453,125	-0,271106094121933			
2456,25	1,76321268081665			2456,25	1,51710820198059					2456,25	1,34399044513702	2456,25	1,04791581630707					2456,25	0,846209108829498	2456,25	0,621074974536896					2456,25	0,3747638463974	2456,25	0,222930252552032			2456,25	0,372039973735809			2456,25	0,286243826150894					2456,25	0,282212048768997	2456,25	0,217040210962296					2456,25	0,0933029055595398	2456,25	-0,0151237985119224					2456,25	-0,169907465577126	2456,25	-0,26897919178009			
2459,375	1,76446163654327			2459,375	1,51629233360291					2459,375	1,3439553976059	2459,375	1,04770171642303					2459,375	0,844939112663269	2459,375	0,620589375495911					2459,375	0,373889267444611	2459,375	0,222385168075562			2459,375	0,374737948179245			2459,375	0,288632988929749					2459,375	0,284659564495087	2459,375	0,219524756073952					2459,375	0,0954005792737007	2459,375	-0,0140216080471873					2459,375	-0,168158456683159	2459,375	-0,267898947000504			
2462,5	1,7615133523941			2462,5	1,51549518108368					2462,5	1,34544241428375	2462,5	1,04899120330811					2462,5	0,846160471439362	2462,5	0,621435821056366					2462,5	0,374634683132172	2462,5	0,223477929830551			2462,5	0,375611424446106			2462,5	0,287959158420563					2462,5	0,285384386777878	2462,5	0,221210509538651					2462,5	0,0974028259515762	2462,5	-0,0113998129963875					2462,5	-0,1648059040308	2462,5	-0,264470636844635			
2465,625	1,76228892803192			2465,625	1,51486670970917					2465,625	1,34509587287903	2465,625	1,04843437671661					2465,625	0,845942854881287	2465,625	0,621022582054138					2465,625	0,374104142189026	2465,625	0,222925260663033			2465,625	0,380420178174973			2465,625	0,290152966976166					2465,625	0,287500768899918	2465,625	0,22276346385479					2465,625	0,0990445837378502	2465,625	-0,00976495444774628					2465,625	-0,163959071040154	2465,625	-0,263422459363937			
2468,75	1,76267564296722			2468,75	1,51186263561249					2468,75	1,34299981594086	2468,75	1,04684066772461					2468,75	0,84562349319458	2468,75	0,621139585971832					2468,75	0,374818444252014	2468,75	0,223667740821838			2468,75	0,37775856256485			2468,75	0,2918501496315					2468,75	0,28768789768219	2468,75	0,222611248493195					2468,75	0,099489800632	2468,75	-0,00933537352830172					2468,75	-0,163948580622673	2468,75	-0,263208895921707			
2471,875	1,75675356388092			2471,875	1,51748764514923					2471,875	1,34767401218414	2471,875	1,05128049850464					2471,875	0,84766560792923	2471,875	0,621623933315277					2471,875	0,37498152256012	2471,875	0,223629608750343			2471,875	0,375040858983994			2471,875	0,290508270263672					2471,875	0,287690341472626	2471,875	0,225105419754982					2471,875	0,10358715057373	2471,875	-0,00535584008321166					2471,875	-0,159238934516907	2471,875	-0,259019732475281			
2475	1,75970780849457			2475	1,51272630691528					2475	1,3443740606308	2475	1,04960811138153					2475	0,846360385417938	2475	0,620502471923828					2475	0,37349870800972	2475	0,221431165933609			2475	0,375233471393585			2475	0,294876337051392					2475	0,291279524564743	2475	0,226842448115349					2475	0,105253510177135	2475	-0,00500959437340498					2475	-0,159848883748055	2475	-0,259963989257813			
2478,125	1,76109623908997			2478,125	1,51330769062042					2478,125	1,34625780582428	2478,125	1,04975080490112					2478,125	0,845837831497192	2478,125	0,6191725730896					2478,125	0,372194439172745	2478,125	0,220464125275612			2478,125	0,376173913478851			2478,125	0,297117859125137					2478,125	0,292766451835632	2478,125	0,229085102677345					2478,125	0,107767589390278	2478,125	-0,00202185404486954					2478,125	-0,156796306371689	2478,125	-0,255929559469223			
2481,25	1,75865709781647			2481,25	1,50917494297028					2481,25	1,34348142147064	2481,25	1,04905724525452					2481,25	0,845833599567413	2481,25	0,619970738887787					2481,25	0,37349671125412	2481,25	0,222110733389854			2481,25	0,381072372198105			2481,25	0,299684464931488					2481,25	0,293550670146942	2481,25	0,229943543672562					2481,25	0,107798859477043	2481,25	-0,00215360871516168					2481,25	-0,156479075551033	2481,25	-0,255943894386292			
2484,375	1,76283669471741			2484,375	1,51214182376862					2484,375	1,34578931331635	2484,375	1,05088782310486					2484,375	0,845882534980774	2484,375	0,620715022087097					2484,375	0,373445391654968	2484,375	0,222051709890366			2484,375	0,383376002311707			2484,375	0,298862487077713					2484,375	0,294894069433212	2484,375	0,231206804513931					2484,375	0,109922423958778	2484,375	0,00107437139376998					2484,375	-0,153446167707443	2484,375	-0,252957463264465			
2487,5	1,76160883903503			2487,5	1,51469445228577					2487,5	1,34867167472839	2487,5	1,05140125751495					2487,5	0,846379220485687	2487,5	0,61885792016983					2487,5	0,370983213186264	2487,5	0,219361856579781			2487,5	0,381733477115631			2487,5	0,300723552703857					2487,5	0,296808391809464	2487,5	0,234471842646599					2487,5	0,114395044744015	2487,5	0,0049118772149086					2487,5	-0,149582728743553	2487,5	-0,248818129301071			
2490,625	1,7628026008606			2490,625	1,51049292087555					2490,625	1,3455992937088	2490,625	1,05073261260986					2490,625	0,846357464790344	2490,625	0,620016634464264					2490,625	0,37347012758255	2490,625	0,221774324774742			2490,625	0,384314656257629			2490,625	0,302457183599472					2490,625	0,29647308588028	2490,625	0,234677910804749					2490,625	0,114025890827179	2490,625	0,00490495003759861					2490,625	-0,149084433913231	2490,625	-0,248401626944542			
2493,75	1,76257431507111			2493,75	1,50924301147461					2493,75	1,3447345495224	2493,75	1,05193650722504					2493,75	0,847170174121857	2493,75	0,621526658535004					2493,75	0,37481352686882	2493,75	0,223325580358505			2493,75	0,382143825292587			2493,75	0,301267236471176					2493,75	0,295986741781235	2493,75	0,234962806105614					2493,75	0,114870749413967	2493,75	0,00606439774855971					2493,75	-0,146700337529182	2493,75	-0,24619223177433			
2496,875	1,7591301202774			2496,875	1,50779616832733					2496,875	1,34535956382751	2496,875	1,05219841003418					2496,875	0,847593069076538	2496,875	0,621726214885712					2496,875	0,374794214963913	2496,875	0,223735004663467			2496,875	0,38052174448967			2496,875	0,302748262882233					2496,875	0,297359168529511	2496,875	0,236045300960541					2496,875	0,116576261818409	2496,875	0,00710458122193813					2496,875	-0,145902156829834	2496,875	-0,245307013392448			
2500	1,76025676727295			2500	1,50652015209198					2500	1,34438061714172	2500	1,05091965198517					2500	0,845750093460083	2500	0,61959445476532					2500	0,37279412150383	2500	0,221152156591415			2500	0,383095949888229			2500	0,307784140110016					2500	0,30101266503334	2500	0,238610312342644					2500	0,118518404662609	2500	0,00896544009447098					2500	-0,144910410046577	2500	-0,243841379880905			
2503,125	1,76157450675964			2503,125	1,50785970687866					2503,125	1,34496986865997	2503,125	1,05199348926544					2503,125	0,847694873809814	2503,125	0,620174944400787					2503,125	0,373108774423599	2503,125	0,221294984221458			2503,125	0,383139789104462			2503,125	0,305821090936661					2503,125	0,300734579563141	2503,125	0,240910828113556					2503,125	0,121752016246319	2503,125	0,0126174595206976					2503,125	-0,140672609210014	2503,125	-0,239595741033554			
2506,25	1,7612316608429			2506,25	1,50916349887848					2506,25	1,34465599060059	2506,25	1,05165958404541					2506,25	0,846079707145691	2506,25	0,618657469749451					2506,25	0,370917648077011	2506,25	0,218738064169884			2506,25	0,381885588169098			2506,25	0,312129765748978					2506,25	0,305877834558487	2506,25	0,244046285748482					2506,25	0,123521633446217	2506,25	0,0140760755166411					2506,25	-0,14048744738102	2506,25	-0,239749282598495			
2509,375	1,75927770137787			2509,375	1,50765240192413					2509,375	1,34420585632324	2509,375	1,05217576026917					2509,375	0,846559822559357	2509,375	0,619651973247528					2509,375	0,371573835611343	2509,375	0,219886302947998			2509,375	0,384573072195053			2509,375	0,311111509799957					2509,375	0,306944519281387	2509,375	0,244132474064827					2509,375	0,125083774328232	2509,375	0,0153428222984076					2509,375	-0,138766318559647	2509,375	-0,238110050559044			
2512,5	1,76075708866119			2512,5	1,50599825382233					2512,5	1,34267556667328	2512,5	1,05216979980469					2512,5	0,846833348274231	2512,5	0,619880080223084					2512,5	0,372296154499054	2512,5	0,220655292272568			2512,5	0,386904239654541			2512,5	0,311541527509689					2512,5	0,308538228273392	2512,5	0,244894623756409					2512,5	0,126243352890015	2512,5	0,0168435107916594					2512,5	-0,137095734477043	2512,5	-0,236508801579475			
2515,625	1,75998306274414			2515,625	1,50444877147675					2515,625	1,34252405166626	2515,625	1,05348265171051					2515,625	0,848169088363647	2515,625	0,621432721614838					2515,625	0,374208778142929	2515,625	0,22221215069294			2515,625	0,389066636562347			2515,625	0,310819000005722					2515,625	0,30848240852356	2515,625	0,244525268673897					2515,625	0,127638146281242	2515,625	0,0184196587651968					2515,625	-0,134560257196426	2515,625	-0,233873516321182			
2518,75	1,75779914855957			2518,75	1,50256383419037					2518,75	1,3422532081604	2518,75	1,05319488048553					2518,75	0,847448348999023	2518,75	0,620619833469391					2518,75	0,372974932193756	2518,75	0,221258550882339			2518,75	0,385570079088211			2518,75	0,314147740602493					2518,75	0,312080413103104	2518,75	0,247187480330467					2518,75	0,12989367544651	2518,75	0,0203128978610039					2518,75	-0,133018955588341	2518,75	-0,232613861560822			
2521,875	1,75811195373535			2521,875	1,50112450122833					2521,875	1,34208273887634	2521,875	1,0521035194397					2521,875	0,846559047698975	2521,875	0,620648860931396					2521,875	0,373130619525909	2521,875	0,221395909786224			2521,875	0,387121587991714			2521,875	0,315902769565582					2521,875	0,3148492872715	2521,875	0,248580604791641					2521,875	0,13079622387886	2521,875	0,0217981543391943					2521,875	-0,132278814911842	2521,875	-0,231762573122978			
2525	1,7584183216095			2525	1,50436615943909					2525	1,34949350357056	2525	1,05463063716888					2525	0,847949683666229	2525	0,620405316352844					2525	0,371709614992142	2525	0,219986006617546			2525	0,388997375965118			2525	0,317229092121124					2525	0,320168763399124	2525	0,252108871936798					2525	0,134651646018028	2525	0,0256788115948439					2525	-0,127260535955429	2525	-0,226368591189384			
2528,125	1,75566518306732			2528,125	1,49748039245605					2528,125	1,34670722484589	2528,125	1,0533983707428					2528,125	0,848214566707611	2528,125	0,621949732303619					2528,125	0,374029368162155	2528,125	0,222003236413002			2528,125	0,39167732000351			2528,125	0,318687260150909					2528,125	0,316769629716873	2528,125	0,251703321933746					2528,125	0,133842185139656	2528,125	0,0245514418929815					2528,125	-0,128130450844765	2528,125	-0,227080494165421			
2531,25	1,74811553955078			2531,25	1,49650073051453					2531,25	1,3498193025589	2531,25	1,0546623468399					2531,25	0,848517715930939	2531,25	0,62257182598114					2531,25	0,374382972717285	2531,25	0,222501695156097			2531,25	0,390398770570755			2531,25	0,32043069601059					2531,25	0,317201346158981	2531,25	0,253204941749573					2531,25	0,13467338681221	2531,25	0,0268484521657228					2531,25	-0,126283288002014	2531,25	-0,224996104836464			
2534,375	1,75985205173492			2534,375	1,4965934753418					2534,375	1,35093224048615	2534,375	1,0552339553833					2534,375	0,847733378410339	2534,375	0,621614396572113					2534,375	0,373508483171463	2534,375	0,221950069069862			2534,375	0,386784046888351			2534,375	0,326851576566696					2534,375	0,321384280920029	2534,375	0,255928337574005					2534,375	0,136397153139114	2534,375	0,0277011338621378					2534,375	-0,125316098332405	2534,375	-0,223964035511017			
2537,5	1,7588347196579			2537,5	1,50200486183167					2537,5	1,35400080680847	2537,5	1,05829071998596					2537,5	0,849246025085449	2537,5	0,622192621231079					2537,5	0,37338986992836	2537,5	0,220901370048523			2537,5	0,390331357717514			2537,5	0,33201676607132					2537,5	0,320959597826004	2537,5	0,258643120527267					2537,5	0,141121283173561	2537,5	0,0318891890347004					2537,5	-0,120244532823563	2537,5	-0,21899239718914			
2540,625	1,75240755081177			2540,625	1,4986652135849					2540,625	1,34992718696594	2540,625	1,05705797672272					2540,625	0,849305808544159	2540,625	0,623713195323944					2540,625	0,375846952199936	2540,625	0,22383850812912			2540,625	0,386463671922684			2540,625	0,331275045871735					2540,625	0,318416804075241	2540,625	0,25592428445816					2540,625	0,139892995357513	2540,625	0,0307598020881414					2540,625	-0,121558383107185	2540,625	-0,220046579837799			
2543,75	1,75011575222015			2543,75	1,50244510173798					2543,75	1,35174405574799	2543,75	1,05863869190216					2543,75	0,850099980831146	2543,75	0,62410980463028					2543,75	0,376076102256775	2543,75	0,223964601755142			2543,75	0,387916535139084			2543,75	0,331444084644318					2543,75	0,318369716405869	2543,75	0,257092267274857					2543,75	0,14232125878334	2543,75	0,033436480909586					2543,75	-0,118495963513851	2543,75	-0,21671037375927			
2546,875	1,74924743175507			2546,875	1,50723969936371					2546,875	1,35275077819824	2546,875	1,05817520618439					2546,875	0,848472833633423	2546,875	0,621670722961426					2546,875	0,372845411300659	2546,875	0,220663070678711			2546,875	0,38979434967041			2546,875	0,336423546075821					2546,875	0,324684292078018	2546,875	0,260764271020889					2546,875	0,14495524764061	2546,875	0,0353393964469433					2546,875	-0,116902574896812	2546,875	-0,215466320514679			
2550	1,74625408649445			2550	1,50829386711121					2550	1,35335719585419	2550	1,0578852891922					2550	0,848009824752808	2550	0,620857059955597					2550	0,372482687234879	2550	0,220103740692139			2550	0,393939524888992			2550	0,338819205760956					2550	0,326852649450302	2550	0,262502044439316					2550	0,14648149907589	2550	0,0367970578372478					2550	-0,116027116775513	2550	-0,214610233902931			
2553,125	1,74618923664093			2553,125	1,50865137577057					2553,125	1,35542988777161	2553,125	1,05908465385437					2553,125	0,848266661167145	2553,125	0,621342897415161					2553,125	0,372489899396896	2553,125	0,219855308532715			2553,125	0,393918842077255			2553,125	0,337244182825089					2553,125	0,325777798891068	2553,125	0,263910889625549					2553,125	0,149222761392593	2553,125	0,0392752438783646					2553,125	-0,113352634012699	2553,125	-0,211679607629776			
2556,25	1,74370741844177			2556,25	1,50894236564636					2556,25	1,35577178001404	2556,25	1,05947744846344					2556,25	0,848111927509308	2556,25	0,621100902557373					2556,25	0,372147798538208	2556,25	0,219466865062714			2556,25	0,397689938545227			2556,25	0,339076280593872					2556,25	0,327396214008331	2556,25	0,265408307313919					2556,25	0,151057749986649	2556,25	0,0404639840126038					2556,25	-0,111894465982914	2556,25	-0,210143953561783			
2559,375	1,74472606182098			2559,375	1,50840818881989					2559,375	1,35576021671295	2559,375	1,06029164791107					2559,375	0,849241018295288	2559,375	0,621855020523071					2559,375	0,372648358345032	2559,375	0,220217823982239			2559,375	0,397100627422333			2559,375	0,339140653610229					2559,375	0,327222466468811	2559,375	0,266201198101044					2559,375	0,152106299996376	2559,375	0,0420955829322338					2559,375	-0,110374271869659	2559,375	-0,208785459399223			
2562,5	1,74228000640869			2562,5	1,50688409805298					2562,5	1,35532188415527	2562,5	1,06056666374207					2562,5	0,849748015403748	2562,5	0,622646033763886					2562,5	0,373622268438339	2562,5	0,221477374434471			2562,5	0,395261764526367			2562,5	0,337689846754074					2562,5	0,327758759260178	2562,5	0,266563445329666					2562,5	0,153827011585236	2562,5	0,0437656715512276					2562,5	-0,108160920441151	2562,5	-0,206538200378418			
2565,625	1,74357688426971			2565,625	1,50593328475952					2565,625	1,35413122177124	2565,625	1,06002342700958					2565,625	0,849706411361694	2565,625	0,622177124023438					2565,625	0,373639434576035	2565,625	0,221418604254723			2565,625	0,404300600290298			2565,625	0,339582502841949					2565,625	0,329826593399048	2565,625	0,267138123512268					2565,625	0,154774308204651	2565,625	0,0447429120540619					2565,625	-0,107365138828754	2565,625	-0,205384522676468			
2568,75	1,74578416347504			2568,75	1,50592756271362					2568,75	1,3542867898941	2568,75	1,06028544902802					2568,75	0,84944099187851	2568,75	0,621458649635315					2568,75	0,372870326042175	2568,75	0,220231220126152			2568,75	0,407129287719727			2568,75	0,342879801988602					2568,75	0,332216262817383	2568,75	0,268555492162704					2568,75	0,156890451908112	2568,75	0,0463937446475029					2568,75	-0,105916284024715	2568,75	-0,2038943618536			
2571,875	1,74301195144653			2571,875	1,50738930702209					2571,875	1,35693788528442	2571,875	1,0606552362442					2571,875	0,8490110039711	2571,875	0,620923757553101					2571,875	0,371771246194839	2571,875	0,219064027070999			2571,875	0,410253137350082			2571,875	0,346027076244354					2571,875	0,335180938243866	2571,875	0,271675497293472					2571,875	0,159934565424919	2571,875	0,048670407384634					2571,875	-0,103698812425137	2571,875	-0,201939076185226			
2575	1,74137914180756			2575	1,50652325153351					2575	1,35682725906372	2575	1,06063580513					2575	0,849489510059357	2575	0,621633887290955					2575	0,372918128967285	2575	0,220330238342285			2575	0,408317118883133			2575	0,345630645751953					2575	0,334100425243378	2575	0,272418409585953					2575	0,160926803946495	2575	0,0501552596688271					2575	-0,10221042484045	2575	-0,200351893901825			
2578,125	1,74263668060303			2578,125	1,50603926181793					2578,125	1,35823333263397	2578,125	1,06311905384064					2578,125	0,852262556552887	2578,125	0,625123918056488					2578,125	0,3766268491745	2578,125	0,224382668733597			2578,125	0,409923374652863			2578,125	0,341884136199951					2578,125	0,330522209405899	2578,125	0,270725935697556					2578,125	0,161155194044113	2578,125	0,0519738458096981					2578,125	-0,0988596528768539	2578,125	-0,196443393826485			
2581,25	1,74600386619568			2581,25	1,50647115707397					2581,25	1,35741436481476	2581,25	1,06149196624756					2581,25	0,850261211395264	2581,25	0,622573852539063					2581,25	0,373076260089874	2581,25	0,220568612217903			2581,25	0,41203761100769			2581,25	0,348122745752335					2581,25	0,335864216089249	2581,25	0,274216532707214					2581,25	0,163637936115265	2581,25	0,0532982349395752					2581,25	-0,0988114923238754	2581,25	-0,196850880980492			
2584,375	1,74216246604919			2584,375	1,50687563419342					2584,375	1,3576887845993	2584,375	1,06196749210358					2584,375	0,852048873901367	2584,375	0,623629748821259					2584,375	0,373996704816818	2584,375	0,221295610070229			2584,375	0,413519233465195			2584,375	0,348501265048981					2584,375	0,335645079612732	2584,375	0,275090277194977					2584,375	0,165233641862869	2584,375	0,0556384883821011					2584,375	-0,0963237285614014	2584,375	-0,194295898079872			
2587,5	1,74445044994354			2587,5	1,50794756412506					2587,5	1,35829281806946	2587,5	1,06237304210663					2587,5	0,852015912532806	2587,5	0,623108804225922					2587,5	0,373624473810196	2587,5	0,220862776041031			2587,5	0,411435604095459			2587,5	0,350819259881973					2587,5	0,337569922208786	2587,5	0,276985794305801					2587,5	0,167364105582237	2587,5	0,057164628058672					2587,5	-0,0947730913758278	2587,5	-0,192668080329895			
2590,625	1,74548387527466			2590,625	1,50811970233917					2590,625	1,35867655277252	2590,625	1,0628525018692					2590,625	0,852605164051056	2590,625	0,623864829540253					2590,625	0,374666690826416	2590,625	0,221940368413925			2590,625	0,416949182748795			2590,625	0,351597905158997					2590,625	0,337404608726501	2590,625	0,277600735425949					2590,625	0,168743386864662	2590,625	0,058390885591507					2590,625	-0,0933055654168129	2590,625	-0,191252678632736			
2593,75	1,74564814567566			2593,75	1,50906085968018					2593,75	1,36049830913544	2593,75	1,06283676624298					2593,75	0,853199005126953	2593,75	0,624279320240021					2593,75	0,374804496765137	2593,75	0,222037494182587			2593,75	0,420645624399185			2593,75	0,352979928255081					2593,75	0,339249700307846	2593,75	0,279230713844299					2593,75	0,170596539974213	2593,75	0,0606507249176502					2593,75	-0,0911737307906151	2593,75	-0,18885600566864			
2596,875	1,74466812610626			2596,875	1,50881242752075					2596,875	1,36028814315796	2596,875	1,06120204925537					2596,875	0,852028071880341	2596,875	0,622507929801941					2596,875	0,372761398553848	2596,875	0,219876363873482			2596,875	0,42028346657753			2596,875	0,357558816671371					2596,875	0,342990398406982	2596,875	0,282014697790146					2596,875	0,172495022416115	2596,875	0,0620728433132172					2596,875	-0,0902116820216179	2596,875	-0,188014358282089			
2600	1,74569737911224			2600	1,50870716571808					2600	1,35924005508423	2600	1,06154775619507					2600	0,853048622608185	2600	0,623792767524719					2600	0,373867183923721	2600	0,220762506127357			2600	0,419856756925583			2600	0,357970505952835					2600	0,341868549585342	2600	0,282272428274155					2600	0,173534289002419	2600	0,0638357847929001					2600	-0,08830975741148	2600	-0,185912400484085			
2603,125	1,74634385108948			2603,125	1,51058232784271					2603,125	1,36073613166809	2603,125	1,06281888484955					2603,125	0,854345202445984	2603,125	0,624476432800293					2603,125	0,374022871255875	2603,125	0,220770120620728			2603,125	0,424309074878693			2603,125	0,357975542545319					2603,125	0,342786550521851	2603,125	0,284119009971619					2603,125	0,175876289606094	2603,125	0,0666980668902397					2603,125	-0,0856331810355186	2603,125	-0,183225601911545			
2606,25	1,75630533695221			2606,25	1,50770556926727					2606,25	1,35863423347473	2606,25	1,06302523612976					2606,25	0,854778051376343	2606,25	0,625277519226074					2606,25	0,375150948762894	2606,25	0,222059786319733			2606,25	0,421489536762238			2606,25	0,359136790037155					2606,25	0,34263688325882	2606,25	0,284719288349152					2606,25	0,17630173265934	2606,25	0,0666683837771416					2606,25	-0,0852962359786034	2606,25	-0,182971268892288			
2609,375	1,75011789798737			2609,375	1,51087069511414					2609,375	1,36084032058716	2609,375	1,06282722949982					2609,375	0,853829920291901	2609,375	0,623727381229401					2609,375	0,373099267482758	2609,375	0,220023632049561			2609,375	0,426454097032547			2609,375	0,363547563552856					2609,375	0,346986144781113	2609,375	0,288202911615372					2609,375	0,178851947188377	2609,375	0,0694206058979034					2609,375	-0,0829679816961288	2609,375	-0,180604591965675			
2612,5	1,74371135234833			2612,5	1,51211845874786					2612,5	1,36258840560913	2612,5	1,0636088848114					2612,5	0,854711294174194	2612,5	0,624166071414948					2612,5	0,373300939798355	2612,5	0,220422267913818			2612,5	0,423855125904083			2612,5	0,363214135169983					2612,5	0,348746836185455	2612,5	0,290344834327698					2612,5	0,180405274033546	2612,5	0,0713291317224503					2612,5	-0,0812657028436661	2612,5	-0,178926959633827			
2615,625	1,75766861438751			2615,625	1,5150488615036					2615,625	1,36525440216064	2615,625	1,06573235988617					2615,625	0,855899810791016	2615,625	0,625775218009949					2615,625	0,37419718503952	2615,625	0,221524208784103			2615,625	0,430630803108215			2615,625	0,36374032497406					2615,625	0,348464161157608	2615,625	0,292046278715134					2615,625	0,182196035981178	2615,625	0,0735307335853577					2615,625	-0,0785976201295853	2615,625	-0,176146745681763			
2618,75	1,75308108329773			2618,75	1,51636791229248					2618,75	1,3646354675293	2618,75	1,06484067440033					2618,75	0,855286478996277	2618,75	0,62463390827179					2618,75	0,372773706912994	2618,75	0,220024034380913			2618,75	0,431001394987106			2618,75	0,366601973772049					2618,75	0,350431889295578	2618,75	0,293885499238968					2618,75	0,183232605457306	2618,75	0,074295237660408					2618,75	-0,0781973227858543	2618,75	-0,175980225205421			
2621,875	1,75074887275696			2621,875	1,51564121246338					2621,875	1,36547386646271	2621,875	1,06678009033203					2621,875	0,856837451457977	2621,875	0,626315653324127					2621,875	0,374063193798065	2621,875	0,22140084207058			2621,875	0,436272084712982			2621,875	0,365094929933548					2621,875	0,349432617425919	2621,875	0,294926375150681					2621,875	0,184374749660492	2621,875	0,0759451761841774					2621,875	-0,0759989768266678	2621,875	-0,173635110259056			
2625	1,75783944129944			2625	1,51271998882294					2625	1,36289167404175	2625	1,06716465950012					2625	0,857325434684753	2625	0,627715647220612					2625	0,376123487949371	2625	0,223247036337852			2625	0,434213221073151			2625	0,365528404712677					2625	0,349950134754181	2625	0,294708847999573					2625	0,183883175253868	2625	0,0759965106844902					2625	-0,0750541239976883	2625	-0,172557085752487			
2628,125	1,7549010515213			2628,125	1,51630914211273					2628,125	1,36411106586456	2628,125	1,06808149814606					2628,125	0,857295513153076	2628,125	0,627512872219086					2628,125	0,375123679637909	2628,125	0,221935138106346			2628,125	0,433812648057938			2628,125	0,367032140493393					2628,125	0,35191622376442	2628,125	0,295793116092682					2628,125	0,185692742466927	2628,125	0,0780041962862015					2628,125	-0,0728514045476913	2628,125	-0,170122638344765			
2631,25	1,7532970905304			2631,25	1,51819908618927					2631,25	1,36616230010986	2631,25	1,06985807418823					2631,25	0,858907043933868	2631,25	0,628506362438202					2631,25	0,37493771314621	2631,25	0,222052603960037			2631,25	0,430154532194138			2631,25	0,366755783557892					2631,25	0,351768046617508	2631,25	0,297192186117172					2631,25	0,188201129436493	2631,25	0,0808187872171402					2631,25	-0,070114903151989	2631,25	-0,167349472641945			
2634,375	1,75310981273651			2634,375	1,51486051082611					2634,375	1,3643946647644	2634,375	1,06951642036438					2634,375	0,858213901519775	2634,375	0,629472255706787					2634,375	0,376574963331223	2634,375	0,223933160305023			2634,375	0,43386834859848			2634,375	0,366669476032257					2634,375	0,351056754589081	2634,375	0,296871453523636					2634,375	0,187600627541542	2634,375	0,0806133449077606					2634,375	-0,069742813706398	2634,375	-0,167244374752045			
2637,5	1,75762939453125			2637,5	1,51935911178589					2637,5	1,36782217025757	2637,5	1,07104563713074					2637,5	0,859791934490204	2637,5	0,629865944385529					2637,5	0,376966297626495	2637,5	0,224186554551125			2637,5	0,429581135511398			2637,5	0,366778552532196					2637,5	0,352977395057678	2637,5	0,298567026853561					2637,5	0,190061286091805	2637,5	0,083778902888298					2637,5	-0,0667521357536316	2637,5	-0,163803458213806			
2640,625	1,75890052318573			2640,625	1,5195996761322					2640,625	1,36760461330414	2640,625	1,07145571708679					2640,625	0,859384536743164	2640,625	0,628786146640778					2640,625	0,37562757730484	2640,625	0,222576797008514			2640,625	0,439094424247742			2640,625	0,368435144424438					2640,625	0,354380637407303	2640,625	0,300462007522583					2640,625	0,192047536373138	2640,625	0,0851602181792259					2640,625	-0,0655567795038223	2640,625	-0,163157492876053			
2643,75	1,75747728347778			2643,75	1,52132833003998					2643,75	1,36861729621887	2643,75	1,0713632106781					2643,75	0,85873806476593	2643,75	0,627902686595917					2643,75	0,374466091394424	2643,75	0,221355482935905			2643,75	0,439396291971207			2643,75	0,371422499418259					2643,75	0,357770353555679	2643,75	0,303049951791763					2643,75	0,194050520658493	2643,75	0,086447186768055					2643,75	-0,0640521943569183	2643,75	-0,161686569452286			
2646,875	1,75918412208557			2646,875	1,51888132095337					2646,875	1,36642122268677	2646,875	1,0696576833725					2646,875	0,856617271900177	2646,875	0,626471102237701					2646,875	0,373416155576706	2646,875	0,220486238598824			2646,875	0,43714427947998			2646,875	0,375980138778687					2646,875	0,360444068908691	2646,875	0,304773539304733					2646,875	0,194211721420288	2646,875	0,0855367556214333					2646,875	-0,065111368894577	2646,875	-0,162784144282341			
2650	1,75896751880646			2650	1,52668595314026					2650	1,37335085868835	2650	1,07433378696442					2650	0,859883606433868	2650	0,628710746765137					2650	0,374121218919754	2650	0,220562651753426			2650	0,438561707735062			2650	0,373028367757797					2650	0,360628664493561	2650	0,307806134223938					2650	0,199224948883057	2650	0,0926810428500175					2650	-0,0575091242790222	2650	-0,154972478747368			
2653,125	1,76156461238861			2653,125	1,52265775203705					2653,125	1,37054204940796	2653,125	1,07251107692719					2653,125	0,859566509723663	2653,125	0,628632605075836					2653,125	0,374628156423569	2653,125	0,221694737672806			2653,125	0,437462508678436			2653,125	0,373920172452927					2653,125	0,360829919576645	2653,125	0,306841045618057					2653,125	0,198459938168526	2653,125	0,0915436968207359					2653,125	-0,058727465569973	2653,125	-0,156195655465126			
2656,25	1,76183223724365			2656,25	1,52482390403748					2656,25	1,37137532234192	2656,25	1,07249808311462					2656,25	0,859399795532227	2656,25	0,627807080745697					2656,25	0,373157799243927	2656,25	0,219956368207932			2656,25	0,436373502016068			2656,25	0,377483069896698					2656,25	0,36465048789978	2656,25	0,308837056159973					2656,25	0,200331673026085	2656,25	0,093261606991291					2656,25	-0,0575665757060051	2656,25	-0,15499746799469			
2659,375	1,75927722454071			2659,375	1,52564120292664					2659,375	1,37233376502991	2659,375	1,07350921630859					2659,375	0,860055804252625	2659,375	0,628572940826416					2659,375	0,374524533748627	2659,375	0,221120521426201			2659,375	0,436786949634552			2659,375	0,377465903759003					2659,375	0,364291876554489	2659,375	0,310861229896545					2659,375	0,201799243688583	2659,375	0,0948468521237373					2659,375	-0,0556763559579849	2659,375	-0,153068870306015			
2662,5	1,75698566436768			2662,5	1,5237500667572					2662,5	1,37142276763916	2662,5	1,07410490512848					2662,5	0,859854459762573	2662,5	0,629229784011841					2662,5	0,374849319458008	2662,5	0,22183521091938			2662,5	0,447164386510849			2662,5	0,378181993961334					2662,5	0,364971101284027	2662,5	0,311434864997864					2662,5	0,20236799120903	2662,5	0,0953027009963989					2662,5	-0,0550509765744209	2662,5	-0,152528911828995			
2665,625	1,7649929523468			2665,625	1,52489328384399					2665,625	1,37437164783478	2665,625	1,0757110118866					2665,625	0,861539781093597	2665,625	0,630173444747925					2665,625	0,374860167503357	2665,625	0,221683815121651			2665,625	0,435735762119293			2665,625	0,378882825374603					2665,625	0,366667062044144	2665,625	0,313429325819016					2665,625	0,204217195510864	2665,625	0,0976201817393303					2665,625	-0,0521460995078087	2665,625	-0,149498045444489			
2668,75	1,76257848739624			2668,75	1,52301681041718					2668,75	1,37461233139038	2668,75	1,07716035842896					2668,75	0,863929390907288	2668,75	0,632650017738342					2668,75	0,378526151180267	2668,75	0,225297346711159			2668,75	0,440156430006027			2668,75	0,376473188400269					2668,75	0,364084988832474	2668,75	0,312190592288971					2668,75	0,204059556126595	2668,75	0,0983938574790955					2668,75	-0,0512268953025341	2668,75	-0,147744089365005			
2671,875	1,76094233989716			2671,875	1,52558434009552					2671,875	1,37487840652466	2671,875	1,07608282566071					2671,875	0,861799776554108	2671,875	0,630036592483521					2671,875	0,375848114490509	2671,875	0,22218456864357			2671,875	0,441785931587219			2671,875	0,380901724100113					2671,875	0,36806982755661	2671,875	0,315638095140457					2671,875	0,206764876842499	2671,875	0,100568532943726					2671,875	-0,0497849993407726	2671,875	-0,146768838167191			
2675	1,76453900337219			2675	1,52611470222473					2675	1,37500369548798	2675	1,07557547092438					2675	0,861116766929626	2675	0,629068672657013					2675	0,374288320541382	2675	0,220538064837456			2675	0,439924627542496			2675	0,382886320352554					2675	0,370478302240372	2675	0,317735195159912					2675	0,208704873919487	2675	0,10216873884201					2675	-0,04852644354105	2675	-0,145662665367126			
2678,125	1,76775717735291			2678,125	1,52518010139465					2678,125	1,37483143806458	2678,125	1,07580900192261					2678,125	0,861699163913727	2678,125	0,630092263221741					2678,125	0,374587148427963	2678,125	0,220709025859833			2678,125	0,438035279512405			2678,125	0,382754474878311					2678,125	0,370857387781143	2678,125	0,318440854549408					2678,125	0,209663406014442	2678,125	0,1031179651618					2678,125	-0,047087337821722	2678,125	-0,143947094678879			
2681,25	1,76360201835632			2681,25	1,52662599086761					2681,25	1,37665796279907	2681,25	1,07680022716522					2681,25	0,860559523105621	2681,25	0,629726529121399					2681,25	0,374042689800262	2681,25	0,220689862966537			2681,25	0,441450417041779			2681,25	0,385919213294983					2681,25	0,373195022344589	2681,25	0,32044929265976					2681,25	0,21139669418335	2681,25	0,10570452362299					2681,25	-0,04478819668293	2681,25	-0,142148777842522			
2684,375	1,7669894695282			2684,375	1,53087830543518					2684,375	1,38057041168213	2684,375	1,07853519916534					2684,375	0,861713230609894	2684,375	0,629848539829254					2684,375	0,373945087194443	2684,375	0,220291152596474			2684,375	0,442589581012726			2684,375	0,386457175016403					2684,375	0,375552207231522	2684,375	0,321986347436905					2684,375	0,213585317134857	2684,375	0,108363009989262					2684,375	-0,0417986586689949	2684,375	-0,139179661870003			
2687,5	1,76350057125092			2687,5	1,52961444854736					2687,5	1,3787647485733	2687,5	1,07707893848419					2687,5	0,860753774642944	2687,5	0,630121290683746					2687,5	0,373933851718903	2687,5	0,220197156071663			2687,5	0,440780639648438			2687,5	0,387222766876221					2687,5	0,375715702772141	2687,5	0,322604835033417					2687,5	0,213700875639915	2687,5	0,108116805553436					2687,5	-0,0426548607647419	2687,5	-0,139804929494858			
2690,625	1,76514208316803			2690,625	1,53292083740234					2690,625	1,38173937797546	2690,625	1,08047759532928					2690,625	0,863285720348358	2690,625	0,630928695201874					2690,625	0,374379605054855	2690,625	0,220759645104408			2690,625	0,438368320465088			2690,625	0,385920077562332					2690,625	0,374527662992477	2690,625	0,32529404759407					2690,625	0,217096611857414	2690,625	0,112328246235847					2690,625	-0,0379783473908901	2690,625	-0,134581238031387			
2693,75	1,76562368869781			2693,75	1,53008675575256					2693,75	1,38030326366425	2693,75	1,07992446422577					2693,75	0,862623751163483	2693,75	0,630366086959839					2693,75	0,374262303113937	2693,75	0,220018744468689			2693,75	0,442621171474457			2693,75	0,388737499713898					2693,75	0,376347422599792	2693,75	0,325788646936417					2693,75	0,216689556837082	2693,75	0,112566992640495					2693,75	-0,0381859466433525	2693,75	-0,135133817791939			
2696,875	1,76622521877289			2696,875	1,5293288230896					2696,875	1,3806631565094	2696,875	1,08066916465759					2696,875	0,864346444606781	2696,875	0,632839798927307					2696,875	0,376051783561707	2696,875	0,222063168883324			2696,875	0,44153293967247			2696,875	0,387991100549698					2696,875	0,37392595410347	2696,875	0,325692385435104					2696,875	0,217564076185226	2696,875	0,113823354244232					2696,875	-0,0356712192296982	2696,875	-0,13215459883213			
2700	1,76585721969604			2700	1,52978956699371					2700	1,38052260875702	2700	1,08068597316742					2700	0,864627838134766	2700	0,632968246936798					2700	0,375629991292953	2700	0,222003892064095			2700	0,439233422279358			2700	0,389433950185776					2700	0,375464707612991	2700	0,327317267656326					2700	0,219611674547195	2700	0,114907905459404					2700	-0,0350969322025776	2700	-0,132033661007881			
2703,125	1,76924395561218			2703,125	1,53074514865875					2703,125	1,3834228515625	2703,125	1,08293044567108					2703,125	0,865116536617279	2703,125	0,633478045463562					2703,125	0,375726491212845	2703,125	0,221848249435425			2703,125	0,445284724235535			2703,125	0,390094071626663					2703,125	0,377418249845505	2703,125	0,329818189144135					2703,125	0,221757099032402	2703,125	0,117975071072578					2703,125	-0,0322581417858601	2703,125	-0,128915965557098			
2706,25	1,76896333694458			2706,25	1,5312237739563					2706,25	1,38383710384369	2706,25	1,08446860313416					2706,25	0,866338133811951	2706,25	0,634707272052765					2706,25	0,377097696065903	2706,25	0,223195448517799			2706,25	0,444083213806152			2706,25	0,388934314250946					2706,25	0,377301305532455	2706,25	0,330017685890198					2706,25	0,221518665552139	2706,25	0,118773393332958					2706,25	-0,0309030804783106	2706,25	-0,127589389681816			
2709,375	1,76886367797852			2709,375	1,53276371955872					2709,375	1,38462424278259	2709,375	1,0843608379364					2709,375	0,865973174571991	2709,375	0,63391238451004					2709,375	0,376081168651581	2709,375	0,222192093729973			2709,375	0,446028202772141			2709,375	0,392203748226166					2709,375	0,379297822713852	2709,375	0,332563132047653					2709,375	0,223581284284592	2709,375	0,120610781013966					2709,375	-0,0296531040221453	2709,375	-0,126188606023788			
2712,5	1,77281177043915			2712,5	1,53289115428925					2712,5	1,38416182994843	2712,5	1,08306491374969					2712,5	0,864678621292114	2712,5	0,632405996322632					2712,5	0,374399542808533	2712,5	0,22014756500721			2712,5	0,445941030979156			2712,5	0,396088182926178					2712,5	0,382198512554169	2712,5	0,33489865064621					2712,5	0,225340083241463	2712,5	0,121909715235233					2712,5	-0,0290540680289268	2712,5	-0,125751838088036			
2715,625	1,7695437669754			2715,625	1,5352498292923					2715,625	1,38603889942169	2715,625	1,08546352386475					2715,625	0,866060733795166	2715,625	0,633964121341705					2715,625	0,374777942895889	2715,625	0,220633000135422			2715,625	0,447322547435761			2715,625	0,395006746053696					2715,625	0,382063806056976	2715,625	0,335775405168533					2715,625	0,227191716432571	2715,625	0,12449262291193					2715,625	-0,0262625738978386	2715,625	-0,123112849891186			
2718,75	1,76964867115021			2718,75	1,53528165817261					2718,75	1,38636267185211	2718,75	1,08748149871826					2718,75	0,867300748825073	2718,75	0,635744512081146					2718,75	0,376586109399796	2718,75	0,222202181816101			2718,75	0,444113075733185			2718,75	0,394260704517365					2718,75	0,380736380815506	2718,75	0,335670977830887					2718,75	0,227942779660225	2718,75	0,125730365514755					2718,75	-0,0246346313506365	2718,75	-0,121606215834618			
2721,875	1,77212238311768			2721,875	1,53424227237701					2721,875	1,38629496097565	2721,875	1,0875164270401					2721,875	0,867538452148438	2721,875	0,636523246765137					2721,875	0,377444446086884	2721,875	0,223055765032768			2721,875	0,443993300199509			2721,875	0,394672930240631					2721,875	0,380818605422974	2721,875	0,336853384971619					2721,875	0,227710500359535	2721,875	0,126485377550125					2721,875	-0,0234757345169783	2721,875	-0,120256125926971			
2725	1,7696213722229			2725	1,53599548339844					2725	1,38791131973267	2725	1,08775281906128					2725	0,867228209972382	2725	0,635636568069458					2725	0,375728368759155	2725	0,221118420362473			2725	0,445999890565872			2725	0,397931843996048					2725	0,384913772344589	2725	0,340177774429321					2725	0,230256572365761	2725	0,12901259958744					2725	-0,0211599674075842	2725	-0,117993220686913			
2728,125	1,77089631557465			2728,125	1,53935265541077					2728,125	1,39008557796478	2728,125	1,08908104896545					2728,125	0,867545485496521	2728,125	0,636211752891541					2728,125	0,375210553407669	2728,125	0,220826700329781			2728,125	0,447169870138168			2728,125	0,400764167308807					2728,125	0,387887597084045	2728,125	0,342841118574142					2728,125	0,233049303293228	2728,125	0,131452113389969					2728,125	-0,0183179117739201	2728,125	-0,114561729133129			
2731,25	1,77250182628632			2731,25	1,53965079784393					2731,25	1,38964700698853	2731,25	1,08948624134064					2731,25	0,86801290512085	2731,25	0,636388063430786					2731,25	0,375447630882263	2731,25	0,221365883946419			2731,25	0,448321431875229			2731,25	0,400974214076996					2731,25	0,387937158346176	2731,25	0,343612790107727					2731,25	0,233131170272827	2731,25	0,131791725754738					2731,25	-0,018222002312541	2731,25	-0,114793255925179			
2734,375	1,76825451850891			2734,375	1,53806579113007					2734,375	1,3879861831665	2734,375	1,09000945091248					2734,375	0,86859530210495	2734,375	0,637983024120331					2734,375	0,376995652914047	2734,375	0,223115429282188			2734,375	0,447041839361191			2734,375	0,399565368890762					2734,375	0,387070268392563	2734,375	0,342970311641693					2734,375	0,233168542385101	2734,375	0,132616356015205					2734,375	-0,0170029327273369	2734,375	-0,113467201590538			
2737,5	1,77139532566071			2737,5	1,53865301609039					2737,5	1,38883578777313	2737,5	1,09171319007874					2737,5	0,869619727134705	2737,5	0,639115631580353					2737,5	0,378093153238297	2737,5	0,224000990390778			2737,5	0,448814570903778			2737,5	0,400467753410339					2737,5	0,387380063533783	2737,5	0,343923389911652					2737,5	0,235022529959679	2737,5	0,134854093194008					2737,5	-0,0146420700475574	2737,5	-0,11110608279705			
2740,625	1,77455258369446			2740,625	1,53764390945435					2740,625	1,38821446895599	2740,625	1,09101450443268					2740,625	0,86835390329361	2740,625	0,638261497020721					2740,625	0,377166152000427	2740,625	0,223169937729836			2740,625	0,447224944829941			2740,625	0,404429733753204					2740,625	0,390945285558701	2740,625	0,346777498722076					2740,625	0,236266791820526	2740,625	0,135428696870804					2740,625	-0,0144420759752393	2740,625	-0,110888056457043			
2743,75	1,7744197845459			2743,75	1,54000973701477					2743,75	1,39042806625366	2743,75	1,09117591381073					2743,75	0,866946160793304	2743,75	0,636458516120911					2743,75	0,373907923698425	2743,75	0,219930782914162			2743,75	0,445483684539795			2743,75	0,408902436494827					2743,75	0,395365059375763	2743,75	0,350785553455353					2743,75	0,239291697740555	2743,75	0,137699708342552					2743,75	-0,0127231553196907	2743,75	-0,109407253563404			
2746,875	1,77274250984192			2746,875	1,5388514995575					2746,875	1,390664935112	2746,875	1,09271585941315					2746,875	0,868264973163605	2746,875	0,638086974620819					2746,875	0,375696539878845	2746,875	0,221531420946121			2746,875	0,44829586148262			2746,875	0,407884746789932					2746,875	0,394240647554398	2746,875	0,351129710674286					2746,875	0,239948451519012	2746,875	0,139136672019958					2746,875	-0,0103537272661924	2746,875	-0,107006065547466			
2750	1,77327191829681			2750	1,53932225704193					2750	1,39019799232483	2750	1,09574794769287					2750	0,870912313461304	2750	0,641928136348724					2750	0,380059719085693	2750	0,225684434175491			2750	0,448493033647537			2750	0,405541896820068					2750	0,392332255840302	2750	0,350191086530685					2750	0,240357428789139	2750	0,140481635928154					2750	-0,0081194369122386	2750	-0,104537606239319			
2753,125	1,77184808254242			2753,125	1,5401428937912					2753,125	1,39120471477509	2753,125	1,09472239017487					2753,125	0,870169878005981	2753,125	0,640907764434814					2753,125	0,377530515193939	2753,125	0,223917841911316			2753,125	0,449195742607117			2753,125	0,410123586654663					2753,125	0,396920919418335	2753,125	0,35266450047493					2753,125	0,241839557886124	2753,125	0,141704306006432					2753,125	-0,00745924236252904	2753,125	-0,104551084339619			
2756,25	1,77090573310852			2756,25	1,54382181167603					2756,25	1,396519780159	2756,25	1,09732806682587					2756,25	0,871184468269348	2756,25	0,641253650188446					2756,25	0,377283573150635	2756,25	0,222571477293968			2756,25	0,448662728071213			2756,25	0,410473793745041					2756,25	0,398116260766983	2756,25	0,355243474245071					2756,25	0,245092868804932	2756,25	0,145493388175964					2756,25	-0,00251846364699304	2756,25	-0,0993702039122581			
2759,375	1,77263700962067			2759,375	1,54210519790649					2759,375	1,39395952224731	2759,375	1,09682583808899					2759,375	0,87036269903183	2759,375	0,641067266464233					2759,375	0,377390474081039	2759,375	0,222715705633163			2759,375	0,446783572435379			2759,375	0,413431763648987					2759,375	0,399578839540482	2759,375	0,355373561382294					2759,375	0,245155513286591	2759,375	0,145208954811096					2759,375	-0,00341473426669836	2759,375	-0,0997127592563629			
2762,5	1,77339518070221			2762,5	1,5432116985321					2762,5	1,39467227458954	2762,5	1,09926652908325					2762,5	0,871619999408722	2762,5	0,643190324306488					2762,5	0,378803491592407	2762,5	0,224576085805893			2762,5	0,447819828987122			2762,5	0,412631034851074					2762,5	0,39965146780014	2762,5	0,355582416057587					2762,5	0,24626313149929	2762,5	0,146485894918442					2762,5	-0,00184251845348626	2762,5	-0,0984637811779976			
2765,625	1,77193546295166			2765,625	1,5428581237793					2765,625	1,39508426189423	2765,625	1,09895098209381					2765,625	0,870671033859253	2765,625	0,642181277275085					2765,625	0,377918899059296	2765,625	0,223996087908745			2765,625	0,449349343776703			2765,625	0,416608572006226					2765,625	0,403258800506592	2765,625	0,358007162809372					2765,625	0,247055232524872	2765,625	0,146896302700043					2765,625	-0,00149021728429943	2765,625	-0,0987098515033722			
2768,75	1,77241683006287			2768,75	1,54660093784332					2768,75	1,39941430091858	2768,75	1,10112118721008					2768,75	0,870709359645844	2768,75	0,641014337539673					2768,75	0,375990927219391	2768,75	0,220975667238235			2768,75	0,447760790586472			2768,75	0,421603947877884					2768,75	0,406800270080566	2768,75	0,361853659152985					2768,75	0,249903500080109	2768,75	0,149928063154221					2768,75	0,00147006462793797	2768,75	-0,095726378262043			
2771,875	1,77716147899628			2771,875	1,54757392406464					2771,875	1,40044522285461	2771,875	1,10268187522888					2771,875	0,872790098190308	2771,875	0,643882393836975					2771,875	0,37880551815033	2771,875	0,223837301135063			2771,875	0,446757316589355			2771,875	0,419333189725876					2771,875	0,405156791210175	2771,875	0,360843062400818					2771,875	0,250415444374084	2771,875	0,151011154055595					2771,875	0,00391641957685351	2771,875	-0,0926754325628281			
2775	1,77248287200928			2775	1,54960322380066					2775	1,40170645713806	2775	1,10389745235443					2775	0,8729367852211	2775	0,644727110862732					2775	0,379443347454071	2775	0,224728241562843			2775	0,450398564338684			2775	0,421440362930298					2775	0,406942874193192	2775	0,361785769462585					2775	0,251429319381714	2775	0,152906015515327					2775	0,00561951566487551	2775	-0,091421514749527			
2778,125	1,7791600227356			2778,125	1,55073297023773					2778,125	1,40215635299683	2778,125	1,10493040084839					2778,125	0,873400211334229	2778,125	0,645576059818268					2778,125	0,379912137985229	2778,125	0,22561015188694			2778,125	0,448800593614578			2778,125	0,422832131385803					2778,125	0,407604664564133	2778,125	0,362128704786301					2778,125	0,251948863267899	2778,125	0,153806582093239					2778,125	0,00644496222957969	2778,125	-0,0908214002847672			
2781,25	1,77619361877441			2781,25	1,5527845621109					2781,25	1,40403878688812	2781,25	1,1058943271637					2781,25	0,873671531677246	2781,25	0,645484745502472					2781,25	0,379234790802002	2781,25	0,225026428699493			2781,25	0,451779931783676			2781,25	0,426403254270554					2781,25	0,410169124603271	2781,25	0,364354223012924					2781,25	0,254521876573563	2781,25	0,155573934316635					2781,25	0,00879936665296555	2781,25	-0,0881957858800888			
2784,375	1,77414751052856			2784,375	1,55182492733002					2784,375	1,40404140949249	2784,375	1,10603141784668					2784,375	0,874274253845215	2784,375	0,646562576293945					2784,375	0,380858063697815	2784,375	0,2266805768013			2784,375	0,450924336910248			2784,375	0,426676720380783					2784,375	0,409960567951202	2784,375	0,364050388336182					2784,375	0,254348307847977	2784,375	0,155424267053604					2784,375	0,00911306031048298	2784,375	-0,0878098085522652			
2787,5	1,77411830425262			2787,5	1,55348575115204					2787,5	1,40392351150513	2787,5	1,10766243934631					2787,5	0,87524938583374	2787,5	0,648055970668793					2787,5	0,382516443729401	2787,5	0,228344291448593			2787,5	0,449044674634933			2787,5	0,426130950450897					2787,5	0,409533828496933	2787,5	0,363989502191544					2787,5	0,255092561244965	2787,5	0,155916914343834					2787,5	0,0101562701165676	2787,5	-0,0862986072897911			
2790,625	1,77066040039063			2790,625	1,55693006515503					2790,625	1,4082088470459	2790,625	1,10915088653564					2790,625	0,874667942523956	2790,625	0,647725343704224					2790,625	0,381319403648376	2790,625	0,22598297894001			2790,625	0,45232754945755			2790,625	0,428359061479568					2790,625	0,411698698997498	2790,625	0,366762578487396					2790,625	0,258357554674149	2790,625	0,158950358629227					2790,625	0,0129258520901203	2790,625	-0,0834813788533211			
2793,75	1,78077912330627			2793,75	1,55795240402222					2793,75	1,4097980260849	2793,75	1,109454870224					2793,75	0,874437034130096	2793,75	0,647593319416046					2793,75	0,381190001964569	2793,75	0,225872874259949			2793,75	0,447093516588211			2793,75	0,431172072887421					2793,75	0,413979291915894	2793,75	0,367920964956284					2793,75	0,258768677711487	2793,75	0,159822598099709					2793,75	0,0137909483164549	2793,75	-0,0829700976610184			
2796,875	1,77663040161133			2796,875	1,55982291698456					2796,875	1,41094040870667	2796,875	1,11010825634003					2796,875	0,874589860439301	2796,875	0,647525250911713					2796,875	0,381020754575729	2796,875	0,225824132561684			2796,875	0,451202630996704			2796,875	0,433681547641754					2796,875	0,41529181599617	2796,875	0,369004815816879					2796,875	0,259628295898438	2796,875	0,160903006792068					2796,875	0,0147556271404028	2796,875	-0,0818979442119598			
2800	1,77535092830658			2800	1,56337261199951					2800	1,41247022151947	2800	1,11163640022278					2800	0,8739333152771	2800	0,646743357181549					2800	0,380186647176743	2800	0,224028795957565			2800	0,448777973651886			2800	0,435421407222748					2800	0,416988581418991	2800	0,370484441518784					2800	0,261619597673416	2800	0,162634655833244					2800	0,0160857122391462	2800	-0,080926887691021			
2803,125	1,77595353126526			2803,125	1,56641602516174					2803,125	1,41380059719086	2803,125	1,11068785190582					2803,125	0,872289896011353	2803,125	0,645221889019012					2803,125	0,377372443675995	2803,125	0,221358299255371			2803,125	0,450199872255325			2803,125	0,43999370932579					2803,125	0,421597391366959	2803,125	0,374700784683228					2803,125	0,264361381530762	2803,125	0,16434034705162					2803,125	0,0173829644918442	2803,125	-0,0793784260749817			
2806,25	1,77548718452454			2806,25	1,56957864761353					2806,25	1,41642200946808	2806,25	1,11406517028809					2806,25	0,875546991825104	2806,25	0,649195551872253					2806,25	0,381401002407074	2806,25	0,226266473531723			2806,25	0,450403869152069			2806,25	0,435761123895645					2806,25	0,417271614074707	2806,25	0,372466325759888					2806,25	0,265076696872711	2806,25	0,165584817528725					2806,25	0,0195018891245127	2806,25	-0,0774990096688271			
2809,375	1,77711415290833			2809,375	1,56958711147308					2809,375	1,41611933708191	2809,375	1,1130530834198					2809,375	0,874229967594147	2809,375	0,647741258144379					2809,375	0,380193769931793	2809,375	0,224556744098663			2809,375	0,449848800897598			2809,375	0,438415795564651					2809,375	0,41935333609581	2809,375	0,374092936515808					2809,375	0,265532314777374	2809,375	0,16610911488533					2809,375	0,0194739140570164	2809,375	-0,0779439210891724			
2812,5	1,77638673782349			2812,5	1,57367718219757					2812,5	1,42011153697968	2812,5	1,11494672298431					2812,5	0,874665260314941	2812,5	0,647993326187134					2812,5	0,379536509513855	2812,5	0,223604381084442			2812,5	0,452435731887817			2812,5	0,439392060041428					2812,5	0,420103818178177	2812,5	0,376196086406708					2812,5	0,268309861421585	2812,5	0,168948471546173					2812,5	0,0234382506459951	2812,5	-0,0737124681472778			
2815,625	1,77713894844055			2815,625	1,57525289058685					2815,625	1,42142510414124	2815,625	1,11671841144562					2815,625	0,876058638095856	2815,625	0,649337351322174					2815,625	0,381077975034714	2815,625	0,225339621305466			2815,625	0,450638920068741			2815,625	0,439157128334045					2815,625	0,419459581375122	2815,625	0,375726968050003					2815,625	0,269259959459305	2815,625	0,169838190078735					2815,625	0,0253099799156189	2815,625	-0,0716771334409714			
2818,75	1,77677989006042			2818,75	1,5769636631012					2818,75	1,42208731174469	2818,75	1,11675751209259					2818,75	0,877048194408417	2818,75	0,650532305240631					2818,75	0,382729679346085	2818,75	0,227130323648453			2818,75	0,453165143728256			2818,75	0,437769174575806					2818,75	0,419241935014725	2818,75	0,375762403011322					2818,75	0,269444972276688	2818,75	0,170590877532959					2818,75	0,0257651954889297	2818,75	-0,0714289918541908			
2821,875	1,77256214618683			2821,875	1,58032405376434					2821,875	1,42401683330536	2821,875	1,1175936460495					2821,875	0,877113580703735	2821,875	0,650423467159271					2821,875	0,382297843694687	2821,875	0,226777896285057			2821,875	0,449812352657318			2821,875	0,437297105789185					2821,875	0,420161783695221	2821,875	0,377353221178055					2821,875	0,271044015884399	2821,875	0,172452598810196					2821,875	0,0274098105728626	2821,875	-0,0696098506450653			
2825	1,77316915988922			2825	1,57951092720032					2825	1,42330718040466	2825	1,1181834936142					2825	0,877716720104218	2825	0,6518474817276					2825	0,383862376213074	2825	0,228226035833359			2825	0,448686063289642			2825	0,436043351888657					2825	0,418887376785278	2825	0,376255989074707					2825	0,270435512065887	2825	0,171951547265053					2825	0,026528462767601	2825	-0,0704837664961815			
2828,125	1,77582085132599			2828,125	1,58150589466095					2828,125	1,42409312725067	2828,125	1,11874401569366					2828,125	0,877736032009125	2828,125	0,65169632434845					2828,125	0,383423715829849	2828,125	0,227717787027359			2828,125	0,449011474847794			2828,125	0,438844114542007					2828,125	0,420300602912903	2828,125	0,377780884504318					2828,125	0,27277797460556	2828,125	0,17363478243351					2828,125	0,0281600002199411	2828,125	-0,0689570158720016			
2831,25	1,77389848232269			2831,25	1,58791899681091					2831,25	1,4283561706543	2831,25	1,1217794418335					2831,25	0,879019141197205	2831,25	0,652602255344391					2831,25	0,384162068367004	2831,25	0,227525234222412			2831,25	0,452625155448914			2831,25	0,437727689743042					2831,25	0,420230776071548	2831,25	0,38055744767189					2831,25	0,27561143040657	2831,25	0,177814975380898					2831,25	0,0331357903778553	2831,25	-0,0635590776801109			
2834,375	1,77494132518768			2834,375	1,58588945865631					2834,375	1,42758321762085	2834,375	1,12161672115326					2834,375	0,879386246204376	2834,375	0,652965724468231					2834,375	0,384876728057861	2834,375	0,228619202971458			2834,375	0,447417825460434			2834,375	0,434967696666718					2834,375	0,419353842735291	2834,375	0,380564540624619					2834,375	0,275606900453568	2834,375	0,177674651145935					2834,375	0,0328739210963249	2834,375	-0,0636764913797379			
2837,5	1,77327823638916			2837,5	1,59090566635132					2837,5	1,43083798885345	2837,5	1,12137317657471					2837,5	0,877540290355682	2837,5	0,650103569030762					2837,5	0,381146907806396	2837,5	0,224818006157875			2837,5	0,449196547269821			2837,5	0,439613223075867					2837,5	0,4239481985569	2837,5	0,385063320398331					2837,5	0,279273003339767	2837,5	0,17992340028286					2837,5	0,034807126969099	2837,5	-0,0619160681962967			
2840,625	1,77590429782867			2840,625	1,59200096130371					2840,625	1,43142545223236	2840,625	1,12218368053436					2840,625	0,877682983875275	2840,625	0,650463342666626					2840,625	0,381312966346741	2840,625	0,224275961518288			2840,625	0,45076858997345			2840,625	0,439602702856064					2840,625	0,424489259719849	2840,625	0,385167807340622					2840,625	0,280341476202011	2840,625	0,180990144610405					2840,625	0,0358928702771664	2840,625	-0,0613542050123215			
2843,75	1,77342903614044			2843,75	1,5887199640274					2843,75	1,4302453994751	2843,75	1,12275826931					2843,75	0,879378139972687	2843,75	0,652956962585449					2843,75	0,38473105430603	2843,75	0,227891102433205			2843,75	0,450300514698029			2843,75	0,435481160879135					2843,75	0,421541273593903	2843,75	0,382933765649796					2843,75	0,279404282569885	2843,75	0,180490657687187					2843,75	0,0356896929442883	2843,75	-0,0610671043395996			
2846,875	1,77072930335999			2846,875	1,59505701065063					2846,875	1,43498003482819	2846,875	1,12607729434967					2846,875	0,880358278751373	2846,875	0,653255164623261					2846,875	0,384732246398926	2846,875	0,227884471416473			2846,875	0,448625653982162			2846,875	0,433578580617905					2846,875	0,423351258039474	2846,875	0,385378390550613					2846,875	0,282225072383881	2846,875	0,184242203831673					2846,875	0,0398652255535126	2846,875	-0,0568653345108032			
2850	1,7717764377594			2850	1,59358203411102					2850	1,43348467350006	2850	1,12495100498199					2850	0,880313873291016	2850	0,65379399061203					2850	0,384831637144089	2850	0,228074327111244			2850	0,44664940237999			2850	0,43467390537262					2850	0,423510849475861	2850	0,385656237602234					2850	0,282045781612396	2850	0,184231117367744					2850	0,039701372385025	2850	-0,0572494305670261			
2853,125	1,76975035667419			2853,125	1,59253752231598					2853,125	1,43268716335297	2853,125	1,1253445148468					2853,125	0,880956709384918	2853,125	0,655045926570892					2853,125	0,385616451501846	2853,125	0,228863298892975			2853,125	0,45184201002121			2853,125	0,433912336826324					2853,125	0,42255038022995	2853,125	0,385744571685791					2853,125	0,283186793327332	2853,125	0,185415118932724					2853,125	0,0407792218029499	2853,125	-0,055988684296608			
2856,25	1,77033627033234			2856,25	1,59435105323792					2856,25	1,43370544910431	2856,25	1,12583291530609					2856,25	0,880129873752594	2856,25	0,653501272201538					2856,25	0,384027779102325	2856,25	0,226996719837189			2856,25	0,448882430791855			2856,25	0,435178965330124					2856,25	0,425030767917633	2856,25	0,388297975063324					2856,25	0,28510457277298	2856,25	0,187014371156693					2856,25	0,041672594845295	2856,25	-0,0551907606422901			
2859,375	1,77389347553253			2859,375	1,59627830982208					2859,375	1,43552827835083	2859,375	1,12734007835388					2859,375	0,882025480270386	2859,375	0,655291855335236					2859,375	0,386673897504807	2859,375	0,229444324970245			2859,375	0,450938284397125			2859,375	0,43268233537674					2859,375	0,424488455057144	2859,375	0,388442039489746					2859,375	0,285767018795013	2859,375	0,188679218292236					2859,375	0,0440641567111015	2859,375	-0,0531639233231544			
2862,5	1,76965403556824			2862,5	1,59727072715759					2862,5	1,43767869472504	2862,5	1,12742638587952					2862,5	0,881333112716675	2862,5	0,654563009738922					2862,5	0,385427236557007	2862,5	0,228032648563385			2862,5	0,451608866453171			2862,5	0,433030158281326					2862,5	0,426147818565369	2862,5	0,388695389032364					2862,5	0,287945449352264	2862,5	0,189769610762596					2862,5	0,0454083196818829	2862,5	-0,0517454631626606			
2865,625	1,76522302627563			2865,625	1,59779036045074					2865,625	1,43909990787506	2865,625	1,12897098064423					2865,625	0,882676601409912	2865,625	0,656057178974152					2865,625	0,386139124631882	2865,625	0,22844472527504			2865,625	0,451016962528229			2865,625	0,430849850177765					2865,625	0,423965007066727	2865,625	0,390140235424042					2865,625	0,289923995733261	2865,625	0,191861599683762					2865,625	0,0476885922253132	2865,625	-0,0488053187727928			
2868,75	1,76861000061035			2868,75	1,59761476516724					2868,75	1,43819952011108	2868,75	1,12798774242401					2868,75	0,881440937519073	2868,75	0,654943943023682					2868,75	0,385053902864456	2868,75	0,227213978767395			2868,75	0,450288832187653			2868,75	0,432926505804062					2868,75	0,426644831895828	2868,75	0,391768366098404					2868,75	0,290402442216873	2868,75	0,192779555916786					2868,75	0,0477872490882874	2868,75	-0,0492288358509541			
2871,875	1,76717388629913			2871,875	1,59912967681885					2871,875	1,43986892700195	2871,875	1,12761533260345					2871,875	0,880133807659149	2871,875	0,653092622756958					2871,875	0,382931649684906	2871,875	0,225005701184273			2871,875	0,451671332120895			2871,875	0,435369253158569					2871,875	0,429883658885956	2871,875	0,394396364688873					2871,875	0,292459428310394	2871,875	0,193983256816864					2871,875	0,0489203296601772	2871,875	-0,0479855760931969			
2875	1,7635372877121			2875	1,59931921958923					2875	1,44139778614044	2875	1,12975358963013					2875	0,88257360458374	2875	0,655205607414246					2875	0,385049611330032	2875	0,22697140276432			2875	0,452613830566406			2875	0,432033330202103					2875	0,428112328052521	2875	0,394530683755875					2875	0,293581396341324	2875	0,196137085556984					2875	0,0514237955212593	2875	-0,0451475232839584			
2878,125	1,76529443264008			2878,125	1,59884071350098					2878,125	1,4421478509903	2878,125	1,13019037246704					2878,125	0,883138656616211	2878,125	0,655334651470184					2878,125	0,384928166866302	2878,125	0,227180451154709			2878,125	0,453881800174713			2878,125	0,432512909173965					2878,125	0,42917338013649	2878,125	0,395508706569672					2878,125	0,294597715139389	2878,125	0,197701349854469					2878,125	0,0527357272803783	2878,125	-0,0438585504889488			
2881,25	1,76554918289185			2881,25	1,6004045009613					2881,25	1,44344830513	2881,25	1,13131284713745					2881,25	0,883258938789368	2881,25	0,655170738697052					2881,25	0,384559005498886	2881,25	0,226637169718742			2881,25	0,452412307262421			2881,25	0,432678639888763					2881,25	0,42918998003006	2881,25	0,396695107221603					2881,25	0,296500861644745	2881,25	0,199201419949532					2881,25	0,0541081875562668	2881,25	-0,0422313809394836			
2884,375	1,76441848278046			2884,375	1,60100436210632					2884,375	1,4440678358078	2884,375	1,13205647468567					2884,375	0,884850382804871	2884,375	0,656359672546387					2884,375	0,385911196470261	2884,375	0,227348536252975			2884,375	0,454562395811081			2884,375	0,431325763463974					2884,375	0,428908795118332	2884,375	0,397046953439713					2884,375	0,297132283449173	2884,375	0,200723424553871					2884,375	0,0554886609315872	2884,375	-0,0407662093639374			
2887,5	1,76273322105408			2887,5	1,60084295272827					2887,5	1,44409394264221	2887,5	1,13173079490662					2887,5	0,883933663368225	2887,5	0,655371725559235					2887,5	0,384759038686752	2887,5	0,22617095708847			2887,5	0,459781318902969			2887,5	0,432573318481445					2887,5	0,430049955844879	2887,5	0,399250119924545					2887,5	0,298746883869171	2887,5	0,202482983469963					2887,5	0,0568655245006084	2887,5	-0,0394913591444492			
2890,625	1,76118433475494			2890,625	1,60367500782013					2890,625	1,44628024101257	2890,625	1,1324405670166					2890,625	0,883277475833893	2890,625	0,65437513589859					2890,625	0,383360862731934	2890,625	0,224250569939613			2890,625	0,457534730434418			2890,625	0,433438152074814					2890,625	0,431721270084381	2890,625	0,401876896619797					2890,625	0,301908731460571	2890,625	0,205842480063438					2890,625	0,0600697733461857	2890,625	-0,0362743884325027			
2893,75	1,76083624362946			2893,75	1,60234761238098					2893,75	1,44608438014984	2893,75	1,13236021995544					2893,75	0,88356614112854	2893,75	0,655007421970367					2893,75	0,383686572313309	2893,75	0,224473610520363			2893,75	0,456108629703522			2893,75	0,432741463184357					2893,75	0,432341992855072	2893,75	0,401793628931046					2893,75	0,302353233098984	2893,75	0,206384137272835					2893,75	0,0606934800744057	2893,75	-0,0355489999055862			
2896,875	1,76118302345276			2896,875	1,60117125511169					2896,875	1,44646716117859	2896,875	1,13336539268494					2896,875	0,88496059179306	2896,875	0,656241059303284					2896,875	0,385204046964645	2896,875	0,225932985544205			2896,875	0,460200369358063			2896,875	0,431748896837235					2896,875	0,431608945131302	2896,875	0,4017693400383					2896,875	0,302663922309875	2896,875	0,206789121031761					2896,875	0,061529528349638	2896,875	-0,0347237475216389			
2900	1,76458644866943			2900	1,60013568401337					2900	1,44546175003052	2900	1,13301777839661					2900	0,884513378143311	2900	0,655842244625092					2900	0,385146826505661	2900	0,22577315568924			2900	0,459112882614136			2900	0,43181511759758					2900	0,432229042053223	2900	0,403024613857269					2900	0,303713947534561	2900	0,207820370793343					2900	0,0626771971583366	2900	-0,033859483897686			
2903,125	1,76127207279205			2903,125	1,60075104236603					2903,125	1,44652891159058	2903,125	1,13338899612427					2903,125	0,885577499866486	2903,125	0,655983328819275					2903,125	0,38506081700325	2903,125	0,225619032979012			2903,125	0,460087716579437			2903,125	0,432388663291931					2903,125	0,433267742395401	2903,125	0,405681371688843					2903,125	0,306140214204788	2903,125	0,209755331277847					2903,125	0,0643566846847534	2903,125	-0,0314317457377911			
2906,25	1,760617852211			2906,25	1,59900796413422					2906,25	1,44895362854004	2906,25	1,13450574874878					2906,25	0,88788640499115	2906,25	0,65837424993515					2906,25	0,387127339839935	2906,25	0,227918848395348			2906,25	0,463018953800201			2906,25	0,429576307535172					2906,25	0,431959003210068	2906,25	0,405184805393219					2906,25	0,307299584150314	2906,25	0,211551025509834					2906,25	0,0668950155377388	2906,25	-0,0288209449499846			
2909,375	1,76166141033173			2909,375	1,60073006153107					2909,375	1,44877135753632	2909,375	1,1343435049057					2909,375	0,88662850856781	2909,375	0,656955122947693					2909,375	0,385653525590897	2909,375	0,226453393697739			2909,375	0,465928673744202			2909,375	0,431509494781494					2909,375	0,432427108287811	2909,375	0,406648337841034					2909,375	0,308328092098236	2909,375	0,213034376502037					2909,375	0,0678179562091827	2909,375	-0,0279259067028761			
2912,5	1,76112055778503			2912,5	1,59903109073639					2912,5	1,44759631156921	2912,5	1,13518643379211					2912,5	0,887334704399109	2912,5	0,658295392990112					2912,5	0,387492895126343	2912,5	0,228486478328705			2912,5	0,464312434196472			2912,5	0,430861383676529					2912,5	0,430722266435623	2912,5	0,407175749540329					2912,5	0,308362126350403	2912,5	0,213797211647034					2912,5	0,0684129074215889	2912,5	-0,0270437970757484			
2915,625	1,75768291950226			2915,625	1,59803521633148					2915,625	1,4494001865387	2915,625	1,13595414161682					2915,625	0,888206422328949	2915,625	0,658979296684265					2915,625	0,387302070856094	2915,625	0,227892369031906			2915,625	0,465314656496048			2915,625	0,429151266813278					2915,625	0,43193119764328	2915,625	0,409246623516083					2915,625	0,310565114021301	2915,625	0,216125145554543					2915,625	0,0716842710971832	2915,625	-0,0232879798859358			
2918,75	1,75979161262512			2918,75	1,59927332401276					2918,75	1,45094740390778	2918,75	1,13679003715515					2918,75	0,888603150844574	2918,75	0,659047782421112					2918,75	0,387155085802078	2918,75	0,227234840393066			2918,75	0,466997623443604			2918,75	0,42988258600235					2918,75	0,433908700942993	2918,75	0,410985738039017					2918,75	0,312324076890945	2918,75	0,218371450901031					2918,75	0,0734890550374985	2918,75	-0,0213183369487524			
2921,875	1,7591301202774			2921,875	1,59799945354462					2921,875	1,44982933998108	2921,875	1,13513290882111					2921,875	0,887205243110657	2921,875	0,657689154148102					2921,875	0,386098802089691	2921,875	0,226018071174622			2921,875	0,467943221330643			2921,875	0,433647334575653					2921,875	0,43651956319809	2921,875	0,412473917007446					2921,875	0,312671095132828	2921,875	0,218236699700356					2921,875	0,072471484541893	2921,875	-0,0224737748503685			
2925	1,75692760944366			2925	1,59812533855438					2925	1,45105063915253	2925	1,13428521156311					2925	0,886233329772949	2925	0,656309187412262					2925	0,383848071098328	2925	0,223752617835999			2925	0,468746781349182			2925	0,436952859163284					2925	0,438768684864044	2925	0,415620863437653					2925	0,315647900104523	2925	0,220388978719711					2925	0,074762187898159	2925	-0,0199226010590792			
2928,125	1,75304210186005			2928,125	1,5971759557724					2928,125	1,45009386539459	2928,125	1,13584232330322					2928,125	0,888495922088623	2928,125	0,65869140625					2928,125	0,387163817882538	2928,125	0,22713503241539			2928,125	0,469252854585648			2928,125	0,432698011398315					2928,125	0,436735957860947	2928,125	0,415170580148697					2928,125	0,315928339958191	2928,125	0,221924230456352					2928,125	0,0765694081783295	2928,125	-0,0182926617562771			
2931,25	1,75634384155273			2931,25	1,59825611114502					2931,25	1,45030736923218	2931,25	1,13703715801239					2931,25	0,889924883842468	2931,25	0,660040497779846					2931,25	0,388939082622528	2931,25	0,22869648039341			2931,25	0,468160420656204			2931,25	0,432447463274002					2931,25	0,436065703630447	2931,25	0,415929466485977					2931,25	0,316357672214508	2931,25	0,223635345697403					2931,25	0,0786160826683044	2931,25	-0,0158348213881254			
2934,375	1,75788068771362			2934,375	1,5980122089386					2934,375	1,45025193691254	2934,375	1,13619518280029					2934,375	0,888841092586517	2934,375	0,658285081386566					2934,375	0,386465817689896	2934,375	0,226311400532722			2934,375	0,474117547273636			2934,375	0,437219232320786					2934,375	0,438356131315231	2934,375	0,418821752071381					2934,375	0,318561196327209	2934,375	0,225500360131264					2934,375	0,0799025520682335	2934,375	-0,0146095892414451			
2937,5	1,75880908966064			2937,5	1,59757614135742					2937,5	1,45038080215454	2937,5	1,13624680042267					2937,5	0,889138162136078	2937,5	0,658683598041534					2937,5	0,386363208293915	2937,5	0,226357996463776			2937,5	0,475669473409653			2937,5	0,438192754983902					2937,5	0,439327090978622	2937,5	0,420411974191666					2937,5	0,320417821407318	2937,5	0,227520912885666					2937,5	0,0817824006080627	2937,5	-0,0125207277014852			
2940,625	1,7526798248291			2940,625	1,59581398963928					2940,625	1,44955337047577	2940,625	1,13694429397583					2940,625	0,890395164489746	2940,625	0,660437047481537					2940,625	0,388419061899185	2940,625	0,228295549750328			2940,625	0,47542941570282			2940,625	0,437367171049118					2940,625	0,439042568206787	2940,625	0,4207783639431					2940,625	0,32048511505127	2940,625	0,22791875898838					2940,625	0,0824238583445549	2940,625	-0,0117274550721049			
2943,75	1,75461876392365			2943,75	1,59509253501892					2943,75	1,44977724552155	2943,75	1,13695657253265					2943,75	0,891290307044983	2943,75	0,660858154296875					2943,75	0,389149338006973	2943,75	0,229168280959129			2943,75	0,471325695514679			2943,75	0,436845541000366					2943,75	0,439115136861801	2943,75	0,422317743301392					2943,75	0,322160840034485	2943,75	0,229953348636627					2943,75	0,0839684680104256	2943,75	-0,00965450145304203			
2946,875	1,75597679615021			2946,875	1,59652018547058					2946,875	1,45355558395386	2946,875	1,13733816146851					2946,875	0,89107084274292	2946,875	0,659610986709595					2946,875	0,3871228992939	2946,875	0,226715445518494			2946,875	0,4746033847332			2946,875	0,438619494438171					2946,875	0,440420597791672	2946,875	0,426440000534058					2946,875	0,325073927640915	2946,875	0,232905879616737					2946,875	0,0872785449028015	2946,875	-0,00636004656553268			
2950	1,7561057806015			2950	1,59548044204712					2950	1,45152032375336	2950	1,13714361190796					2950	0,890512526035309	2950	0,658972859382629					2950	0,387310653924942	2950	0,226794123649597			2950	0,480576992034912			2950	0,441108465194702					2950	0,442002445459366	2950	0,42861932516098					2950	0,325876474380493	2950	0,233461156487465					2950	0,0874633938074112	2950	-0,00652696704491973			
2953,125	1,75450170040131			2953,125	1,59487867355347					2953,125	1,45124185085297	2953,125	1,13789010047913					2953,125	0,891111552715302	2953,125	0,659250319004059					2953,125	0,388235658407211	2953,125	0,227203249931335			2953,125	0,483319014310837			2953,125	0,441508293151855					2953,125	0,442533433437347	2953,125	0,43079486489296					2953,125	0,327363878488541	2953,125	0,235874533653259					2953,125	0,0899127200245857	2953,125	-0,00374483061023057			
2956,25	1,75626766681671			2956,25	1,59482395648956					2956,25	1,45072853565216	2956,25	1,13548099994659					2956,25	0,888911724090576	2956,25	0,657136976718903					2956,25	0,385907560586929	2956,25	0,224835768342018			2956,25	0,482613533735275			2956,25	0,44608348608017					2956,25	0,446170568466187	2956,25	0,434126824140549					2956,25	0,328558087348938	2956,25	0,236661940813065					2956,25	0,0904102399945259	2956,25	-0,0035898070782423			
2959,375	1,75808298587799			2959,375	1,59697532653809					2959,375	1,4534832239151	2959,375	1,13893067836761					2959,375	0,89008504152298	2959,375	0,65815943479538					2959,375	0,385719805955887	2959,375	0,224877506494522			2959,375	0,481734156608582			2959,375	0,448023498058319					2959,375	0,446654736995697	2959,375	0,438031882047653					2959,375	0,330926030874252	2959,375	0,239922448992729					2959,375	0,0933625847101212	2959,375	-0,000499994319397956			
2962,5	1,75518488883972			2962,5	1,59314608573914					2962,5	1,45209300518036	2962,5	1,1403169631958					2962,5	0,892734110355377	2962,5	0,660699009895325					2962,5	0,38841712474823	2962,5	0,227350860834122			2962,5	0,48212531208992			2962,5	0,442795127630234					2962,5	0,445529639720917	2962,5	0,437134653329849					2962,5	0,332253605127335	2962,5	0,241143316030502					2962,5	0,0952176451683044	2962,5	0,00161226594354957			
2965,625	1,75486719608307			2965,625	1,59338200092316					2965,625	1,45190012454987	2965,625	1,13954305648804					2965,625	0,891519367694855	2965,625	0,659731566905975					2965,625	0,387554317712784	2965,625	0,226666629314423			2965,625	0,483477056026459			2965,625	0,446897506713867					2965,625	0,447973847389221	2965,625	0,439715325832367					2965,625	0,333221793174744	2965,625	0,242483600974083					2965,625	0,0961029902100563	2965,625	0,00252681202255189			
2968,75	1,7559369802475			2968,75	1,59426701068878					2968,75	1,4524245262146	2968,75	1,13978040218353					2968,75	0,890819787979126	2968,75	0,658442914485931					2968,75	0,386567264795303	2968,75	0,225667953491211			2968,75	0,487091481685638			2968,75	0,451198011636734					2968,75	0,450696378946304	2968,75	0,445643603801727					2968,75	0,33607342839241	2968,75	0,245123863220215					2968,75	0,0982078611850739	2968,75	0,00481828115880489			
2971,875	1,75328576564789			2971,875	1,5949387550354					2971,875	1,45199680328369	2971,875	1,14004242420197					2971,875	0,891048789024353	2971,875	0,658415734767914					2971,875	0,386213034391403	2971,875	0,224773660302162			2971,875	0,489250242710114			2971,875	0,452200770378113					2971,875	0,451589286327362	2971,875	0,449209570884705					2971,875	0,337399899959564	2971,875	0,2470832914114					2971,875	0,100213602185249	2971,875	0,00679584965109825			
2975	1,75413167476654			2975	1,59413278102875					2975	1,45153951644897	2975	1,14189767837524					2975	0,891541063785553	2975	0,659080386161804					2975	0,387442320585251	2975	0,226158618927002			2975	0,484393268823624			2975	0,452901691198349					2975	0,453186392784119	2975	0,451129615306854					2975	0,337958514690399	2975	0,247534796595573					2975	0,100589334964752	2975	0,00733100436627865			
2978,125	1,75539791584015			2978,125	1,59320211410522					2978,125	1,45205569267273	2978,125	1,1431782245636					2978,125	0,89096337556839	2978,125	0,658713400363922					2978,125	0,386895418167114	2978,125	0,225787132978439			2978,125	0,484032481908798			2978,125	0,454826414585114					2978,125	0,454243421554565	2978,125	0,455272495746613					2978,125	0,339507400989532	2978,125	0,249293148517609					2978,125	0,1022979170084	2978,125	0,00921759381890297			
2981,25	1,75275063514709			2981,25	1,59195017814636					2981,25	1,45128607749939	2981,25	1,14733862876892					2981,25	0,892927646636963	2981,25	0,66058349609375					2981,25	0,389373987913132	2981,25	0,228315874934196			2981,25	0,487001270055771			2981,25	0,455391108989716					2981,25	0,453738689422607	2981,25	0,456588596105576					2981,25	0,340536206960678	2981,25	0,25126376748085					2981,25	0,104164861142635	2981,25	0,0111940642818809			
2984,375	1,75253307819366			2984,375	1,59299850463867					2984,375	1,45197904109955	2984,375	1,14941704273224					2984,375	0,892218410968781	2984,375	0,659087955951691					2984,375	0,387681573629379	2984,375	0,226677343249321			2984,375	0,490472197532654			2984,375	0,459031969308853					2984,375	0,457739651203156	2984,375	0,461391031742096					2984,375	0,342957377433777	2984,375	0,253368347883224					2984,375	0,105792321264744	2984,375	0,012947591021657			
2987,5	1,75193870067596			2987,5	1,59274792671204					2987,5	1,45162904262543	2987,5	1,15307199954987					2987,5	0,892565548419952	2987,5	0,658911466598511					2987,5	0,387533217668533	2987,5	0,226503327488899			2987,5	0,490852117538452			2987,5	0,460385471582413					2987,5	0,459179311990738	2987,5	0,46414116024971					2987,5	0,344761431217194	2987,5	0,255050539970398					2987,5	0,106979660689831	2987,5	0,014509036205709			
2990,625	1,75248241424561			2990,625	1,59277153015137					2990,625	1,45202350616455	2990,625	1,15783834457397					2990,625	0,893681287765503	2990,625	0,660335719585419					2990,625	0,389732509851456	2990,625	0,22835735976696			2990,625	0,492770552635193			2990,625	0,458319276571274					2990,625	0,4599729180336	2990,625	0,463410794734955					2990,625	0,346075773239136	2990,625	0,257363051176071					2990,625	0,109274379909039	2990,625	0,0168068595230579			
2993,75	1,75460851192474			2993,75	1,59221267700195					2993,75	1,44972038269043	2993,75	1,15774571895599					2993,75	0,892671346664429	2993,75	0,659523129463196					2993,75	0,389267832040787	2993,75	0,227980837225914			2993,75	0,492495894432068			2993,75	0,459877282381058					2993,75	0,462991178035736	2993,75	0,463704854249954					2993,75	0,347088634967804	2993,75	0,257700890302658					2993,75	0,109987616539001	2993,75	0,0169896986335516			
2996,875	1,75091397762299			2996,875	1,5910758972168					2996,875	1,45223116874695	2996,875	1,16108477115631					2996,875	0,893393456935883	2996,875	0,659946858882904					2996,875	0,389491826295853	2996,875	0,227920725941658			2996,875	0,496890217065811			2996,875	0,462315171957016					2996,875	0,463915318250656	2996,875	0,46368482708931					2996,875	0,349100351333618	2996,875	0,259561419487					2996,875	0,111225225031376	2996,875	0,0183989573270082			
3000	1,75172507762909			3000	1,59567701816559					3000	1,45345318317413	3000	1,16681039333344					3000	0,895448803901672	3000	0,661528587341309					3000	0,391088277101517	3000	0,229322105646133			3000	0,497956603765488			3000	0,460963577032089					3000	0,463508188724518	3000	0,462101221084595					3000	0,352047026157379	3000	0,264955550432205					3000	0,116332441568375	3000	0,0235564559698105			
3003,125	1,75349164009094			3003,125	1,59548223018646					3003,125	1,45265555381775	3003,125	1,16469752788544					3003,125	0,892505764961243	3003,125	0,657318949699402					3003,125	0,386887550354004	3003,125	0,225181713700294			3003,125	0,497281968593597			3003,125	0,46766471862793					3003,125	0,470017284154892	3003,125	0,464448362588882					3003,125	0,354539334774017	3003,125	0,265944242477417					3003,125	0,116047449409962	3003,125	0,0231783296912909			
3006,25	1,7540477514267			3006,25	1,5949455499649					3006,25	1,45267403125763	3006,25	1,16515374183655					3006,25	0,89309298992157	3006,25	0,658053278923035					3006,25	0,388144731521606	3006,25	0,226516559720039			3006,25	0,497942566871643			3006,25	0,467874437570572					3006,25	0,470670759677887	3006,25	0,463427633047104					3006,25	0,355773240327835	3006,25	0,267480283975601					3006,25	0,117358185350895	3006,25	0,0247730873525143			
3009,375	1,75241470336914			3009,375	1,59435331821442					3009,375	1,45324444770813	3009,375	1,16641557216644					3009,375	0,895024061203003	3009,375	0,65975546836853					3009,375	0,390460103750229	3009,375	0,228654012084007			3009,375	0,501141011714935			3009,375	0,467441916465759					3009,375	0,470296680927277	3009,375	0,462597042322159					3009,375	0,356430262327194	3009,375	0,269118696451187					3009,375	0,11882309615612	3009,375	0,026491055265069			
3012,5	1,74899709224701			3012,5	1,59651339054108					3012,5	1,45493602752686	3012,5	1,16781663894653					3012,5	0,89776211977005	3012,5	0,660664141178131					3012,5	0,391341686248779	3012,5	0,229199185967445			3012,5	0,50030392408371			3012,5	0,468273639678955					3012,5	0,470916360616684	3012,5	0,463385999202728					3012,5	0,359147936105728	3012,5	0,271943986415863					3012,5	0,121444314718246	3012,5	0,0289260428398848			
3015,625	1,75307536125183			3015,625	1,5981365442276					3015,625	1,45908749103546	3015,625	1,1690286397934					3015,625	0,897225916385651	3015,625	0,659743905067444					3015,625	0,389092981815338	3015,625	0,226800560951233			3015,625	0,49912303686142			3015,625	0,47199809551239					3015,625	0,474790006875992	3015,625	0,467603504657745					3015,625	0,363227844238281	3015,625	0,275966674089432					3015,625	0,124842591583729	3015,625	0,0321666225790977			
3018,75	1,75107002258301			3018,75	1,59473145008087					3018,75	1,45658075809479	3018,75	1,16740810871124					3018,75	0,895540595054626	3018,75	0,658586978912354					3018,75	0,388227641582489	3018,75	0,225947216153145			3018,75	0,50172632932663			3018,75	0,474323719739914					3018,75	0,476746410131454	3018,75	0,468431711196899					3018,75	0,363271474838257	3018,75	0,275173097848892					3018,75	0,123934209346771	3018,75	0,0313010290265083			
3021,875	1,74993479251862			3021,875	1,59691298007965					3021,875	1,45972454547882	3021,875	1,17102098464966					3021,875	0,897348046302795	3021,875	0,659619510173798					3021,875	0,390305191278458	3021,875	0,228051230311394			3021,875	0,502052783966064			3021,875	0,475482165813446					3021,875	0,478908777236938	3021,875	0,46770179271698					3021,875	0,366569191217422	3021,875	0,278893023729324					3021,875	0,126824900507927	3021,875	0,0350614562630653			
3025	1,7540385723114			3025	1,59629285335541					3025	1,45996952056885	3025	1,17054319381714					3025	0,898373305797577	3025	0,66005265712738					3025	0,391030520200729	3025	0,228620365262032			3025	0,505725800991058			3025	0,476907730102539					3025	0,480912923812866	3025	0,468578487634659					3025	0,367676258087158	3025	0,281623780727386					3025	0,128579780459404	3025	0,0370008237659931			
3028,125	1,75175154209137			3028,125	1,59538042545319					3028,125	1,4585657119751	3028,125	1,16952550411224					3028,125	0,898434698581696	3028,125	0,659425973892212					3028,125	0,39127591252327	3028,125	0,228730082511902			3028,125	0,507577121257782			3028,125	0,479738146066666					3028,125	0,483180105686188	3028,125	0,468693673610687					3028,125	0,369405508041382	3028,125	0,282952874898911					3028,125	0,129389122128487	3028,125	0,0377149842679501			
3031,25	1,75031960010529			3031,25	1,60002660751343					3031,25	1,45978820323944	3031,25	1,17030882835388					3031,25	0,897555768489838	3031,25	0,656688332557678					3031,25	0,388337969779968	3031,25	0,225091397762299			3031,25	0,510290324687958			3031,25	0,483061045408249					3031,25	0,488840162754059	3031,25	0,472524017095566					3031,25	0,375053256750107	3031,25	0,28824320435524					3031,25	0,132626935839653	3031,25	0,0408409833908081			
3034,375	1,75322663784027			3034,375	1,59582531452179					3034,375	1,45947349071503	3034,375	1,17028224468231					3034,375	0,899838984012604	3034,375	0,660468757152557					3034,375	0,392020046710968	3034,375	0,229046732187271			3034,375	0,51097971200943			3034,375	0,481517404317856					3034,375	0,486878842115402	3034,375	0,47145402431488					3034,375	0,373302400112152	3034,375	0,287691622972488					3034,375	0,131640806794167	3034,375	0,0399290472269058			
3037,5	1,75283074378967			3037,5	1,60150742530823					3037,5	1,46505200862885	3037,5	1,17500293254852					3037,5	0,904899120330811	3037,5	0,660970211029053					3037,5	0,391175210475922	3037,5	0,227903634309769			3037,5	0,511063873767853			3037,5	0,480788439512253					3037,5	0,488467425107956	3037,5	0,475437104701996					3037,5	0,378569573163986	3037,5	0,295683294534683					3037,5	0,138187780976295	3037,5	0,0469684340059757			
3040,625	1,7539393901825			3040,625	1,60032117366791					3040,625	1,46431052684784	3040,625	1,17416036128998					3040,625	0,90555328130722	3040,625	0,661114037036896					3040,625	0,391411483287811	3040,625	0,22807565331459			3040,625	0,512729942798615			3040,625	0,481879472732544					3040,625	0,489760279655457	3040,625	0,47453910112381					3040,625	0,37820628285408	3040,625	0,297284543514252					3040,625	0,138685747981071	3040,625	0,0477680340409279			
3043,75	1,75578987598419			3043,75	1,59748756885529					3043,75	1,46409904956818	3043,75	1,17298007011414					3043,75	0,906147062778473	3043,75	0,661685824394226					3043,75	0,391717612743378	3043,75	0,228506207466125			3043,75	0,516914665699005			3043,75	0,484344631433487					3043,75	0,491575449705124	3043,75	0,475486665964127					3043,75	0,378648370504379	3043,75	0,298700600862503					3043,75	0,139097154140472	3043,75	0,0485640056431293			
3046,875	1,75503945350647			3046,875	1,60047280788422					3046,875	1,46700775623322	3046,875	1,17476439476013					3046,875	0,90569543838501	3046,875	0,660949289798737					3046,875	0,389750331640244	3046,875	0,226402282714844			3046,875	0,51618754863739			3046,875	0,488750427961349					3046,875	0,496748894453049	3046,875	0,480461597442627					3046,875	0,382000923156738	3046,875	0,302986681461334					3046,875	0,142074525356293	3046,875	0,0512623526155949			
3050	1,75200843811035			3050	1,59970605373383					3050	1,46767675876617	3050	1,17634177207947					3050	0,90898859500885	3050	0,665879130363464					3050	0,393549263477325	3050	0,230230942368507			3050	0,520467221736908			3050	0,485093981027603					3050	0,493845522403717	3050	0,480139255523682					3050	0,381897389888763	3050	0,304754823446274					3050	0,144266352057457	3050	0,0533605962991714			
3053,125	1,75094485282898			3053,125	1,60113477706909					3053,125	1,47215855121613	3053,125	1,17697477340698					3053,125	0,91050398349762	3053,125	0,667609691619873					3053,125	0,394176542758942	3053,125	0,230146408081055			3053,125	0,520158171653748			3053,125	0,487433731555939					3053,125	0,495359301567078	3053,125	0,481972575187683					3053,125	0,383749723434448	3053,125	0,309091240167618					3053,125	0,147730350494385	3053,125	0,0569083839654922			
3056,25	1,74929654598236			3056,25	1,60236191749573					3056,25	1,47294819355011	3056,25	1,17822074890137					3056,25	0,911702334880829	3056,25	0,669200956821442					3056,25	0,394074112176895	3056,25	0,230887368321419			3056,25	0,523086071014404			3056,25	0,48973885178566					3056,25	0,500066578388214	3056,25	0,483173847198486					3056,25	0,385374218225479	3056,25	0,311122387647629					3056,25	0,150163143873215	3056,25	0,0599298886954784			
3059,375	1,75172996520996			3059,375	1,60266745090485					3059,375	1,47547876834869	3059,375	1,17820978164673					3059,375	0,910825550556183	3059,375	0,668770909309387					3059,375	0,392902225255966	3059,375	0,230203419923782			3059,375	0,525883615016937			3059,375	0,492446094751358					3059,375	0,501988351345062	3059,375	0,48636782169342					3059,375	0,386842280626297	3059,375	0,314023643732071					3059,375	0,151266798377037	3059,375	0,0611548982560635			
3062,5	1,75273847579956			3062,5	1,60427212715149					3062,5	1,47605049610138	3062,5	1,17912805080414					3062,5	0,91310727596283	3062,5	0,671651661396027					3062,5	0,394486099481583	3062,5	0,231692299246788			3062,5	0,520933389663696			3062,5	0,492329925298691					3062,5	0,501226127147675	3062,5	0,486873835325241					3062,5	0,38709020614624	3062,5	0,314574003219604					3062,5	0,152610838413239	3062,5	0,0627887472510338			
3065,625	1,75078463554382			3065,625	1,60205388069153					3065,625	1,47410559654236	3065,625	1,1785660982132					3065,625	0,913307845592499	3065,625	0,673754572868347					3065,625	0,396373599767685	3065,625	0,233492076396942			3065,625	0,525956392288208			3065,625	0,493314385414124					3065,625	0,501890957355499	3065,625	0,487522661685944					3065,625	0,386499792337418	3065,625	0,313590198755264					3065,625	0,15255232155323	3065,625	0,062852069735527			
3068,75	1,75615799427032			3068,75	1,60303282737732					3068,75	1,47684347629547	3068,75	1,1799134016037					3068,75	0,914668083190918	3068,75	0,674764096736908					3068,75	0,396966129541397	3068,75	0,23443403840065			3068,75	0,527908146381378			3068,75	0,494690477848053					3068,75	0,502684593200684	3068,75	0,489074796438217					3068,75	0,388474375009537	3068,75	0,31624710559845					3068,75	0,155187591910362	3068,75	0,0653961598873138			
3071,875	1,75547063350677			3071,875	1,60155820846558					3071,875	1,47691702842712	3071,875	1,18056166172028					3071,875	0,914097785949707	3071,875	0,675554394721985					3071,875	0,397903233766556	3071,875	0,235218733549118			3071,875	0,530431628227234			3071,875	0,496827661991119					3071,875	0,503773629665375	3071,875	0,490431845188141					3071,875	0,389092832803726	3071,875	0,317756235599518					3071,875	0,155644863843918	3071,875	0,0656078979372978			
3075	1,75696539878845			3075	1,60483407974243					3075	1,480881690979	3075	1,18261241912842					3075	0,913894891738892	3075	0,676596224308014					3075	0,397935152053833	3075	0,234917476773262			3075	0,524553000926971			3075	0,496257841587067					3075	0,503995776176453	3075	0,492658048868179					3075	0,38989195227623	3075	0,319866567850113					3075	0,158060342073441	3075	0,0680052489042282			
3078,125	1,75589668750763			3078,125	1,60577428340912					3078,125	1,4832706451416	3078,125	1,18428599834442					3078,125	0,917200565338135	3078,125	0,678931355476379					3078,125	0,400280475616455	3078,125	0,236877113580704			3078,125	0,530318737030029			3078,125	0,495044708251953					3078,125	0,503321051597595	3078,125	0,491634905338287					3078,125	0,390258342027664	3078,125	0,320484608411789					3078,125	0,160286039113998	3078,125	0,0696769654750824			
3081,25	1,76203322410583			3081,25	1,60631823539734					3081,25	1,48319244384766	3081,25	1,18621730804443					3081,25	0,918646514415741	3081,25	0,68028062582016					3081,25	0,400433450937271	3081,25	0,238340109586716			3081,25	0,534494161605835			3081,25	0,494735538959503					3081,25	0,504786372184753	3081,25	0,492175161838531					3081,25	0,390887707471848	3081,25	0,321953892707825					3081,25	0,161884009838104	3081,25	0,0711451843380928			
3084,375	1,76052379608154			3084,375	1,60578978061676					3084,375	1,48291385173798	3084,375	1,18486082553864					3084,375	0,917461097240448	3084,375	0,679728150367737					3084,375	0,399823635816574	3084,375	0,237632393836975			3084,375	0,53423684835434			3084,375	0,497105151414871					3084,375	0,505420684814453	3084,375	0,494325459003448					3084,375	0,392380565404892	3084,375	0,322175055742264					3084,375	0,162339895963669	3084,375	0,0718295648694038			
3087,5	1,76057279109955			3087,5	1,60676229000092					3087,5	1,48376786708832	3087,5	1,18374514579773					3087,5	0,916603207588196	3087,5	0,680469453334808					3087,5	0,400185644626617	3087,5	0,237554922699928			3087,5	0,534587204456329			3087,5	0,501131057739258					3087,5	0,506705284118652	3087,5	0,495997190475464					3087,5	0,39369985461235	3087,5	0,321718275547028					3087,5	0,162384837865829	3087,5	0,0720107108354568			
3090,625	1,75986075401306			3090,625	1,60743761062622					3090,625	1,48452830314636	3090,625	1,18424534797668					3090,625	0,91706371307373	3090,625	0,678833544254303					3090,625	0,399381339550018	3090,625	0,235615625977516			3090,625	0,534015417098999			3090,625	0,503812551498413					3090,625	0,507859170436859	3090,625	0,499493002891541					3090,625	0,397091388702393	3090,625	0,324289619922638					3090,625	0,164584219455719	3090,625	0,0741717666387558			
3093,75	1,76309394836426			3093,75	1,61091017723083					3093,75	1,48725891113281	3093,75	1,18805861473083					3093,75	0,916931927204132	3093,75	0,678448677062988					3093,75	0,399132788181305	3093,75	0,235527604818344			3093,75	0,537735462188721			3093,75	0,502953886985779					3093,75	0,5096275806427	3093,75	0,502357840538025					3093,75	0,398020476102829	3093,75	0,327672719955444					3093,75	0,166550755500793	3093,75	0,0764886364340782			
3096,875	1,76376557350159			3096,875	1,60703706741333					3096,875	1,48747730255127	3096,875	1,18639945983887					3096,875	0,917562901973724	3096,875	0,680045545101166					3096,875	0,400276958942413	3096,875	0,237125933170319			3096,875	0,539259076118469			3096,875	0,503148019313812					3096,875	0,509561598300934	3096,875	0,5019850730896					3096,875	0,398412793874741	3096,875	0,327239543199539					3096,875	0,166695058345795	3096,875	0,0757230967283249			
3100	1,76233530044556			3100	1,60764074325562					3100	1,48890221118927	3100	1,19053101539612					3100	0,921328783035278	3100	0,684563100337982					3100	0,403314054012299	3100	0,23955325782299			3100	0,539256691932678			3100	0,501040458679199					3100	0,505642712116241	3100	0,501005947589874					3100	0,400216609239578	3100	0,33128610253334					3100	0,171125546097755	3100	0,0800887495279312			
3103,125	1,76398921012878			3103,125	1,6082409620285					3103,125	1,48774683475494	3103,125	1,19110631942749					3103,125	0,92063695192337	3103,125	0,685441195964813					3103,125	0,403313905000687	3103,125	0,239870339632034			3103,125	0,538785636425018			3103,125	0,503206253051758					3103,125	0,506901860237122	3103,125	0,503222763538361					3103,125	0,400300085544586	3103,125	0,332854688167572					3103,125	0,171284273266792	3103,125	0,0808184444904327			
3106,25	1,76807820796967			3106,25	1,60963106155396					3106,25	1,49040186405182	3106,25	1,19270944595337					3106,25	0,921287357807159	3106,25	0,685777425765991					3106,25	0,40245732665062	3106,25	0,240821182727814			3106,25	0,545756280422211			3106,25	0,502413272857666					3106,25	0,508883476257324	3106,25	0,504831194877625					3106,25	0,401976466178894	3106,25	0,333700507879257					3106,25	0,174375340342522	3106,25	0,0840137675404549			
3109,375	1,76716804504395			3109,375	1,61039936542511					3109,375	1,49113154411316	3109,375	1,19380140304565					3109,375	0,923150658607483	3109,375	0,686551809310913					3109,375	0,403621166944504	3109,375	0,240793377161026			3109,375	0,544607520103455			3109,375	0,500974714756012					3109,375	0,508957505226135	3109,375	0,505025863647461					3109,375	0,404721200466156	3109,375	0,335934489965439					3109,375	0,176236271858215	3109,375	0,0856272727251053			
3112,5	1,76818907260895			3112,5	1,60790777206421					3112,5	1,48968195915222	3112,5	1,19265377521515					3112,5	0,92097008228302	3112,5	0,684681057929993					3112,5	0,40221843123436	3112,5	0,239112079143524			3112,5	0,544630110263824			3112,5	0,506714999675751					3112,5	0,51198536157608	3112,5	0,508703351020813					3112,5	0,406944125890732	3112,5	0,337704688310623					3112,5	0,176321640610695	3112,5	0,0848973765969276			
3115,625	1,76514387130737			3115,625	1,60685002803802					3115,625	1,48821341991425	3115,625	1,19268381595612					3115,625	0,921301603317261	3115,625	0,68618506193161					3115,625	0,40398582816124	3115,625	0,241072997450829			3115,625	0,545372128486633			3115,625	0,507183790206909					3115,625	0,515564024448395	3115,625	0,509563565254211					3115,625	0,406323134899139	3115,625	0,337181568145752					3115,625	0,175990000367165	3115,625	0,08439901471138			
3118,75	1,76737248897552			3118,75	1,6096932888031					3118,75	1,49314951896667	3118,75	1,19706320762634					3118,75	0,923124372959137	3118,75	0,685474812984467					3118,75	0,402861177921295	3118,75	0,239654660224915			3118,75	0,544601678848267			3118,75	0,505454123020172					3118,75	0,515039622783661	3118,75	0,512692093849182					3118,75	0,407133042812347	3118,75	0,340111255645752					3118,75	0,177394181489944	3118,75	0,0865273624658585			
3121,875	1,76815688610077			3121,875	1,61041522026062					3121,875	1,49267649650574	3121,875	1,19669032096863					3121,875	0,918640911579132	3121,875	0,683086216449738					3121,875	0,400209069252014	3121,875	0,236773401498795			3121,875	0,542661428451538			3121,875	0,507725179195404					3121,875	0,517912566661835	3121,875	0,515702962875366					3121,875	0,408034086227417	3121,875	0,341347932815552					3121,875	0,1780816167593	3121,875	0,0860761106014252			
3125	1,76862251758575			3125	1,61189949512482					3125	1,49579834938049	3125	1,19830310344696					3125	0,920762896537781	3125	0,686598420143127					3125	0,403649568557739	3125	0,240496829152107			3125	0,544233083724976			3125	0,505526483058929					3125	0,516227900981903	3125	0,515844941139221					3125	0,41112294793129	3125	0,343706667423248					3125	0,181036069989204	3125	0,0913469567894936			
3128,125	1,76697897911072			3128,125	1,61040866374969					3128,125	1,49521660804749	3128,125	1,199587225914					3128,125	0,922406315803528	3128,125	0,6873779296875					3128,125	0,403842031955719	3128,125	0,240478217601776			3128,125	0,546118259429932			3128,125	0,511213064193726					3128,125	0,518041908740997	3128,125	0,515360355377197					3128,125	0,411572396755219	3128,125	0,343547314405441					3128,125	0,180750742554665	3128,125	0,0900372043251991			
3131,25	1,76910006999969			3131,25	1,61173951625824					3131,25	1,49576127529144	3131,25	1,20161020755768					3131,25	0,925548911094666	3131,25	0,68896496295929					3131,25	0,404385805130005	3131,25	0,240771874785423			3131,25	0,540167689323425			3131,25	0,511775195598602					3131,25	0,514833867549896	3131,25	0,515767514705658					3131,25	0,412707298994064	3131,25	0,344763576984406					3131,25	0,184076964855194	3131,25	0,0920845493674278			
3134,375	1,7740273475647			3134,375	1,60978102684021					3134,375	1,49440205097198	3134,375	1,20081090927124					3134,375	0,926095366477966	3134,375	0,690149009227753					3134,375	0,405402511358261	3134,375	0,241509318351746			3134,375	0,542007088661194			3134,375	0,512668788433075					3134,375	0,514963686466217	3134,375	0,516324579715729					3134,375	0,415055483579636	3134,375	0,347817957401276					3134,375	0,186432734131813	3134,375	0,0956930592656136			
3137,5	1,77421987056732			3137,5	1,61026537418365					3137,5	1,49502921104431	3137,5	1,2022453546524					3137,5	0,925946056842804	3137,5	0,6933513879776					3137,5	0,407289624214172	3137,5	0,243654802441597			3137,5	0,543702483177185			3137,5	0,50895494222641					3137,5	0,513485491275787	3137,5	0,516626596450806					3137,5	0,412975609302521	3137,5	0,347246766090393					3137,5	0,185567528009415	3137,5	0,0960240736603737			
3140,625	1,77162742614746			3140,625	1,6121711730957					3140,625	1,49635374546051	3140,625	1,20394885540009					3140,625	0,926261186599731	3140,625	0,693242847919464					3140,625	0,406322807073593	3140,625	0,24204258620739			3140,625	0,543507695198059			3140,625	0,507380187511444					3140,625	0,515306532382965	3140,625	0,517172038555145					3140,625	0,416782945394516	3140,625	0,35027876496315					3140,625	0,188340693712234	3140,625	0,09711904078722			
3143,75	1,76953041553497			3143,75	1,61021864414215					3143,75	1,4948433637619	3143,75	1,20217728614807					3143,75	0,923721492290497	3143,75	0,691799342632294					3143,75	0,405975908041	3143,75	0,242529422044754			3143,75	0,540261089801788			3143,75	0,510313510894775					3143,75	0,516687393188477	3143,75	0,516244113445282					3143,75	0,417449951171875	3143,75	0,349526673555374					3143,75	0,187155902385712	3143,75	0,0963212251663208			
3146,875	1,77775692939758			3146,875	1,61437654495239					3146,875	1,49647319316864	3146,875	1,20370924472809					3146,875	0,925635039806366	3146,875	0,694408655166626					3146,875	0,407715082168579	3146,875	0,243019908666611			3146,875	0,53946852684021			3146,875	0,510084331035614					3146,875	0,515162825584412	3146,875	0,518122494220734					3146,875	0,418348670005798	3146,875	0,350534230470657					3146,875	0,18957856297493	3146,875	0,0984946638345718			
3150	1,77930688858032			3150	1,60985422134399					3150	1,49629855155945	3150	1,20336902141571					3150	0,928888857364655	3150	0,695785284042358					3150	0,40742826461792	3150	0,243603363633156			3150	0,549430251121521			3150	0,507294178009033					3150	0,517700612545013	3150	0,52103054523468					3150	0,419366896152496	3150	0,351724773645401					3150	0,191329091787338	3150	0,100400894880295			
3153,125	1,77108454704285			3153,125	1,60877275466919					3153,125	1,49799418449402	3153,125	1,20407497882843					3153,125	0,927654147148132	3153,125	0,695889055728912					3153,125	0,406286150217056	3153,125	0,241679400205612			3153,125	0,547720789909363			3153,125	0,509687662124634					3153,125	0,519508957862854	3153,125	0,520509660243988					3153,125	0,421569854021072	3153,125	0,352564334869385					3153,125	0,192568734288216	3153,125	0,0999860987067223			
3156,25	1,77045488357544			3156,25	1,61067998409271					3156,25	1,49866998195648	3156,25	1,2076188325882					3156,25	0,927121102809906	3156,25	0,696509182453156					3156,25	0,408041000366211	3156,25	0,244180560112			3156,25	0,548361659049988			3156,25	0,509764850139618					3156,25	0,516872823238373	3156,25	0,520440816879272					3156,25	0,423849254846573	3156,25	0,356370031833649					3156,25	0,194722384214401	3156,25	0,102677367627621			
3159,375	1,77322328090668			3159,375	1,61150336265564					3159,375	1,49879920482635	3159,375	1,20883667469025					3159,375	0,92905068397522	3159,375	0,696437895298004					3159,375	0,408230721950531	3159,375	0,244773983955383			3159,375	0,542424142360687			3159,375	0,508325457572937					3159,375	0,519073724746704	3159,375	0,521275341510773					3159,375	0,423053294420242	3159,375	0,357012838125229					3159,375	0,195525616407394	3159,375	0,105883680284023			
3162,5	1,77170085906982			3162,5	1,61025011539459					3162,5	1,49631190299988	3162,5	1,20856213569641					3162,5	0,932629346847534	3162,5	0,700437903404236					3162,5	0,410381972789764	3162,5	0,249331951141357			3162,5	0,543855845928192			3162,5	0,507012069225311					3162,5	0,517208814620972	3162,5	0,518842995166779					3162,5	0,420174241065979	3162,5	0,355476081371307					3162,5	0,196619987487793	3162,5	0,107485488057137			
3165,625	1,77138543128967			3165,625	1,60552585124969					3165,625	1,49521005153656	3165,625	1,2106454372406					3165,625	0,92990106344223	3165,625	0,700344979763031					3165,625	0,409350633621216	3165,625	0,248507991433144			3165,625	0,542775690555573			3165,625	0,507203161716461					3165,625	0,516320884227753	3165,625	0,518678784370422					3165,625	0,424007087945938	3165,625	0,355009347200394					3165,625	0,197994455695152	3165,625	0,107346393167973			
3168,75	1,77425253391266			3168,75	1,60196042060852					3168,75	1,49414491653442	3168,75	1,20955097675323					3168,75	0,926538944244385	3168,75	0,697582244873047					3168,75	0,409163594245911	3168,75	0,244543507695198			3168,75	0,546257257461548			3168,75	0,511936008930206					3168,75	0,519269108772278	3168,75	0,519878566265106					3168,75	0,424365490674973	3168,75	0,356178015470505					3168,75	0,198063015937805	3168,75	0,106665909290314			
3171,875	1,775062084198			3171,875	1,60650646686554					3171,875	1,49569487571716	3171,875	1,21243011951447					3171,875	0,930795967578888	3171,875	0,701106071472168					3171,875	0,411660939455032	3171,875	0,246333986520767			3171,875	0,544452905654907			3171,875	0,503084897994995					3171,875	0,517125427722931	3171,875	0,519470691680908					3171,875	0,42644190788269	3171,875	0,357726365327835					3171,875	0,201586931943893	3171,875	0,108459204435349			
3175	1,78030931949615			3175	1,60714995861053					3175	1,49883615970612	3175	1,21399831771851					3175	0,933705449104309	3175	0,704944372177124					3175	0,41172793507576	3175	0,246698006987572			3175	0,543105363845825			3175	0,504294812679291					3175	0,51764988899231	3175	0,51958042383194					3175	0,428445756435394	3175	0,362026572227478					3175	0,205565840005875	3175	0,113559506833553			
3178,125	1,78475415706635			3178,125	1,60805928707123					3178,125	1,49753952026367	3178,125	1,21521365642548					3178,125	0,933522641658783	3178,125	0,705280721187592					3178,125	0,410582631826401	3178,125	0,245338454842567			3178,125	0,546216130256653			3178,125	0,502966821193695					3178,125	0,520350873470306	3178,125	0,521859586238861					3178,125	0,430445849895477	3178,125	0,364712923765183					3178,125	0,209272861480713	3178,125	0,117500506341457			
3181,25	1,77736628055573			3181,25	1,60662114620209					3181,25	1,49595522880554	3181,25	1,21138346195221					3181,25	0,931145906448364	3181,25	0,70273768901825					3181,25	0,408991426229477	3181,25	0,244163125753403			3181,25	0,541830897331238			3181,25	0,509078145027161					3181,25	0,524112820625305	3181,25	0,524878203868866					3181,25	0,431359231472015	3181,25	0,363867610692978					3181,25	0,206032186746597	3181,25	0,114279001951218			
3184,375	1,7787344455719			3184,375	1,60678255558014					3184,375	1,49372792243958	3184,375	1,21225047111511					3184,375	0,92906528711319	3184,375	0,700885772705078					3184,375	0,410200536251068	3184,375	0,244646415114403			3184,375	0,542106449604034			3184,375	0,504952013492584					3184,375	0,521407842636108	3184,375	0,522758424282074					3184,375	0,429641872644424	3184,375	0,36049747467041					3184,375	0,20216415822506	3184,375	0,111457504332066			
3187,5	1,77679002285004			3187,5	1,60370135307312					3187,5	1,49926817417145	3187,5	1,21318769454956					3187,5	0,927630364894867	3187,5	0,697750091552734					3187,5	0,406074166297913	3187,5	0,239691883325577			3187,5	0,541409432888031			3187,5	0,506087601184845					3187,5	0,524839282035828	3187,5	0,522607386112213					3187,5	0,431675165891647	3187,5	0,359821707010269					3187,5	0,203955978155136	3187,5	0,11189928650856			
3190,625	1,77495074272156			3190,625	1,60032868385315					3190,625	1,49211061000824	3190,625	1,20977389812469					3190,625	0,93081271648407	3190,625	0,701919436454773					3190,625	0,410360634326935	3190,625	0,245635807514191			3190,625	0,54450136423111			3190,625	0,503724813461304					3190,625	0,51969701051712	3190,625	0,523063123226166					3190,625	0,432992905378342	3190,625	0,359176725149155					3190,625	0,20542885363102	3190,625	0,115484170615673			
3193,75	1,77522695064545			3193,75	1,59107375144958					3193,75	1,48766386508942	3193,75	1,20928251743317					3193,75	0,92983090877533	3193,75	0,702676117420197					3193,75	0,411223202943802	3193,75	0,247834429144859			3193,75	0,544666051864624			3193,75	0,506451845169067					3193,75	0,52275025844574	3193,75	0,522641003131866					3193,75	0,433027595281601	3193,75	0,358419686555862					3193,75	0,206594571471214	3193,75	0,11325940489769			
3196,875	1,77380740642548			3196,875	1,5967755317688					3196,875	1,49125182628632	3196,875	1,21460950374603					3196,875	0,930290400981903	3196,875	0,704350888729095					3196,875	0,409936606884003	3196,875	0,245945870876312			3196,875	0,549277305603027			3196,875	0,504552900791168					3196,875	0,52347320318222	3196,875	0,523056626319885					3196,875	0,43675884604454	3196,875	0,364128202199936					3196,875	0,2117730230093	3196,875	0,119171790778637			
3200	1,77678072452545			3200	1,5974897146225					3200	1,4870091676712	3200	1,21161842346191					3200	0,927222371101379	3200	0,69894152879715					3200	0,403557747602463	3200	0,239765673875809			3200	0,5503089427948			3200	0,511557877063751					3200	0,526725471019745	3200	0,526548385620117					3200	0,439127534627914	3200	0,363449484109879					3200	0,210873648524284	3200	0,118666760623455			
3203,125	1,78337132930756			3203,125	1,5949604511261					3203,125	1,48420894145966	3203,125	1,21320378780365					3203,125	0,930143535137177	3203,125	0,70218825340271					3203,125	0,408381581306458	3203,125	0,243980064988136			3203,125	0,54179835319519			3203,125	0,511294901371002					3203,125	0,527074217796326	3203,125	0,525328814983368					3203,125	0,440640836954117	3203,125	0,364401459693909					3203,125	0,213971078395844	3203,125	0,12314160913229			
3206,25	1,771812915802			3206,25	1,5903205871582					3206,25	1,48548316955566	3206,25	1,21204435825348					3206,25	0,931146264076233	3206,25	0,700482189655304					3206,25	0,409300982952118	3206,25	0,244743272662163			3206,25	0,548585653305054			3206,25	0,510299742221832					3206,25	0,527740657329559	3206,25	0,522308051586151					3206,25	0,440691143274307	3206,25	0,364253461360931					3206,25	0,213784843683243	3206,25	0,123717255890369			
3209,375	1,77470886707306			3209,375	1,58465659618378					3209,375	1,48452258110046	3209,375	1,20918715000153					3209,375	0,929859936237335	3209,375	0,698650777339935					3209,375	0,408704906702042	3209,375	0,243831187486649			3209,375	0,544969797134399			3209,375	0,508515000343323					3209,375	0,526093900203705	3209,375	0,522887408733368					3209,375	0,441626787185669	3209,375	0,364517867565155					3209,375	0,21608068048954	3209,375	0,125703647732735			
3212,5	1,77360153198242			3212,5	1,58388090133667					3212,5	1,48406064510345	3212,5	1,20942080020905					3212,5	0,930968999862671	3212,5	0,698138296604156					3212,5	0,407528311014175	3212,5	0,242039903998375			3212,5	0,547226071357727			3212,5	0,512182533740997					3212,5	0,527885377407074	3212,5	0,527016580104828					3212,5	0,443125993013382	3212,5	0,366752833127975					3212,5	0,218762144446373	3212,5	0,126773104071617			
3215,625	1,77746188640594			3215,625	1,57779896259308					3215,625	1,48310089111328	3215,625	1,20895206928253					3215,625	0,932849943637848	3215,625	0,69752025604248					3215,625	0,40604755282402	3215,625	0,240871369838715			3215,625	0,551253616809845			3215,625	0,513467848300934					3215,625	0,529631853103638	3215,625	0,529535710811615					3215,625	0,444096088409424	3215,625	0,365106999874115					3215,625	0,217369213700294	3215,625	0,126803755760193			
3218,75	1,77761697769165			3218,75	1,58022749423981					3218,75	1,4793154001236	3218,75	1,20494103431702					3218,75	0,92797189950943	3218,75	0,695590376853943					3218,75	0,406474232673645	3218,75	0,240902036428452			3218,75	0,544244289398193			3218,75	0,516816079616547					3218,75	0,535091757774353	3218,75	0,528982043266296					3218,75	0,446583807468414	3218,75	0,364349246025085					3218,75	0,217160746455193	3218,75	0,12485471367836			
3221,875	1,77223944664001			3221,875	1,58179903030396					3221,875	1,48162841796875	3221,875	1,20464742183685					3221,875	0,929486334323883	3221,875	0,696427881717682					3221,875	0,410069078207016	3221,875	0,244408518075943			3221,875	0,536909997463226			3221,875	0,51505446434021					3221,875	0,531233727931976	3221,875	0,526436448097229					3221,875	0,447612375020981	3221,875	0,366261392831802					3221,875	0,220506221055984	3221,875	0,127172350883484			
3225	1,77372086048126			3225	1,58130884170532					3225	1,4819278717041	3225	1,20681715011597					3225	0,931920528411865	3225	0,698907017707825					3225	0,408261835575104	3225	0,243037968873978			3225	0,542857646942139			3225	0,516960978507996					3225	0,532148122787476	3225	0,527308225631714					3225	0,451708316802979	3225	0,370282739400864					3225	0,225705593824387	3225	0,133420661091805			
3228,125	1,76350724697113			3228,125	1,5807911157608					3228,125	1,48222601413727	3228,125	1,20763075351715					3228,125	0,931969583034515	3228,125	0,698478162288666					3228,125	0,40412962436676	3228,125	0,238785073161125			3228,125	0,55102676153183			3228,125	0,519975960254669					3228,125	0,533901214599609	3228,125	0,528967380523682					3228,125	0,454537123441696	3228,125	0,371431291103363					3228,125	0,226915195584297	3228,125	0,134228870272636			
3231,25	1,76711654663086			3231,25	1,58105278015137					3231,25	1,48313331604004	3231,25	1,20616900920868					3231,25	0,932365655899048	3231,25	0,694937944412231					3231,25	0,404374718666077	3231,25	0,237945228815079			3231,25	0,545217633247375			3231,25	0,519970834255219					3231,25	0,537697017192841	3231,25	0,531660377979279					3231,25	0,452581495046616	3231,25	0,373844683170319					3231,25	0,227999731898308	3231,25	0,135213851928711			
3234,375	1,76950299739838			3234,375	1,5757999420166					3234,375	1,4835444688797	3234,375	1,20661854743958					3234,375	0,929084002971649	3234,375	0,6921107172966					3234,375	0,403678894042969	3234,375	0,235472232103348			3234,375	0,545985460281372			3234,375	0,525122702121735					3234,375	0,541455507278442	3234,375	0,533019959926605					3234,375	0,455347657203674	3234,375	0,377043485641479					3234,375	0,230898648500443	3234,375	0,137896701693535			
3237,5	1,76628696918488			3237,5	1,57278144359589					3237,5	1,47848057746887	3237,5	1,20517885684967					3237,5	0,928892254829407	3237,5	0,691897213459015					3237,5	0,403884559869766	3237,5	0,235496774315834			3237,5	0,557006359100342			3237,5	0,528662502765656					3237,5	0,544805765151978	3237,5	0,53411990404129					3237,5	0,457896023988724	3237,5	0,376324146986008					3237,5	0,231217429041862	3237,5	0,136684775352478			
3240,625	1,76914322376251			3240,625	1,5726912021637					3240,625	1,4772641658783	3240,625	1,20323550701141					3240,625	0,929820656776428	3240,625	0,69137567281723					3240,625	0,402264893054962	3240,625	0,235227316617966			3240,625	0,545333862304688			3240,625	0,528012633323669					3240,625	0,545563697814941	3240,625	0,537524700164795					3240,625	0,459991574287415	3240,625	0,376452028751373					3240,625	0,231850609183311	3240,625	0,138673543930054			
3243,75	1,76781582832336			3243,75	1,5716096162796					3243,75	1,47987973690033	3243,75	1,20295786857605					3243,75	0,92820018529892	3243,75	0,689931392669678					3243,75	0,403329312801361	3243,75	0,235544577240944			3243,75	0,54617714881897			3243,75	0,530808806419373					3243,75	0,547882080078125	3243,75	0,539523661136627					3243,75	0,461608648300171	3243,75	0,377199411392212					3243,75	0,23387736082077	3243,75	0,140149518847466			
3246,875	1,76518869400024			3246,875	1,57135033607483					3246,875	1,48202121257782	3246,875	1,2049309015274					3246,875	0,926188409328461	3246,875	0,689544498920441					3246,875	0,404512584209442	3246,875	0,235671564936638			3246,875	0,547392785549164			3246,875	0,531908750534058					3246,875	0,548496842384338	3246,875	0,538194000720978					3246,875	0,462812900543213	3246,875	0,377508401870728					3246,875	0,23453514277935	3246,875	0,140132233500481			
3250	1,76557803153992			3250	1,56765162944794					3250	1,47334277629852	3250	1,20127379894257					3250	0,925418555736542	3250	0,690533876419067					3250	0,40413823723793	3250	0,238234877586365			3250	0,541914165019989			3250	0,53235936164856					3250	0,550242722034454	3250	0,5372633934021					3250	0,460650861263275	3250	0,377051085233688					3250	0,233099222183228	3250	0,139438256621361			
3253,125	1,76393043994904			3253,125	1,56914234161377					3253,125	1,47576093673706	3253,125	1,20070624351501					3253,125	0,925871133804321	3253,125	0,689985275268555					3253,125	0,402537822723389	3253,125	0,23503440618515			3253,125	0,543266773223877			3253,125	0,535525321960449					3253,125	0,548383891582489	3253,125	0,540216565132141					3253,125	0,467082738876343	3253,125	0,383474737405777					3253,125	0,238310605287552	3253,125	0,143940508365631			
3256,25	1,76110887527466			3256,25	1,56565916538239					3256,25	1,4759773015976	3256,25	1,19643974304199					3256,25	0,928645193576813	3256,25	0,688729286193848					3256,25	0,403265208005905	3256,25	0,235694900155067			3256,25	0,547562301158905			3256,25	0,536118865013123					3256,25	0,551486253738403	3256,25	0,5418381690979					3256,25	0,468042314052582	3256,25	0,382475286722183					3256,25	0,239087298512459	3256,25	0,145360484719276			
3259,375	1,75713396072388			3259,375	1,56731975078583					3259,375	1,47656226158142	3259,375	1,19717872142792					3259,375	0,929118454456329	3259,375	0,687094211578369					3259,375	0,402056485414505	3259,375	0,234336599707603			3259,375	0,548049211502075			3259,375	0,539054572582245					3259,375	0,556693136692047	3259,375	0,544982552528381					3259,375	0,468714624643326	3259,375	0,384604424238205					3259,375	0,240098416805267	3259,375	0,14665849506855			
3262,5	1,75778996944427			3262,5	1,56770277023315					3262,5	1,47543108463287	3262,5	1,20170259475708					3262,5	0,9300177693367	3262,5	0,687277257442474					3262,5	0,401838630437851	3262,5	0,23446449637413			3262,5	0,544459700584412			3262,5	0,539416253566742					3262,5	0,555731058120728	3262,5	0,546143591403961					3262,5	0,47013384103775	3262,5	0,387139916419983					3262,5	0,242145955562592	3262,5	0,149117037653923			
3265,625	1,75837528705597			3265,625	1,56528997421265					3265,625	1,47473728656769	3265,625	1,20129573345184					3265,625	0,932830333709717	3265,625	0,689045011997223					3265,625	0,404691487550735	3265,625	0,236626654863358			3265,625	0,545732736587524			3265,625	0,535746157169342					3265,625	0,555198609828949	3265,625	0,545891523361206					3265,625	0,470514386892319	3265,625	0,388548314571381					3265,625	0,245325401425362	3265,625	0,152778998017311			
3268,75	1,76020443439484			3268,75	1,56348729133606					3268,75	1,47166669368744	3268,75	1,19949913024902					3268,75	0,930856823921204	3268,75	0,686963081359863					3268,75	0,403672009706497	3268,75	0,235360637307167			3268,75	0,546308696269989			3268,75	0,542844414710999					3268,75	0,56055611371994	3268,75	0,550423800945282					3268,75	0,471665114164352	3268,75	0,391538888216019					3268,75	0,248945668339729	3268,75	0,153839319944382			
3271,875	1,76013934612274			3271,875	1,56589198112488					3271,875	1,46983408927917	3271,875	1,19924473762512					3271,875	0,930798947811127	3271,875	0,685834646224976					3271,875	0,401074916124344	3271,875	0,233232229948044			3271,875	0,547619223594666			3271,875	0,54631108045578					3271,875	0,56089174747467	3271,875	0,551936030387878					3271,875	0,474791586399078	3271,875	0,394183695316315					3271,875	0,250677019357681	3271,875	0,157619446516037			
3275	1,76326549053192			3275	1,56890451908112					3275	1,4737491607666	3275	1,19931876659393					3275	0,9316645860672	3275	0,687811315059662					3275	0,401823580265045	3275	0,234639033675194			3275	0,550104916095734			3275	0,54523491859436					3275	0,561769843101501	3275	0,551224529743195					3275	0,478690564632416	3275	0,395748764276505					3275	0,254322409629822	3275	0,160828620195389			
3278,125	1,76230311393738			3278,125	1,56399965286255					3278,125	1,47165727615356	3278,125	1,1972279548645					3278,125	0,930518507957459	3278,125	0,687669932842255					3278,125	0,402562469244003	3278,125	0,235608324408531			3278,125	0,553702771663666			3278,125	0,544961869716644					3278,125	0,56489098072052	3278,125	0,551883161067963					3278,125	0,476566791534424	3278,125	0,394022911787033					3278,125	0,252095133066177	3278,125	0,158003285527229			
3281,25	1,7645046710968			3281,25	1,56431043148041					3281,25	1,47605848312378	3281,25	1,20040428638458					3281,25	0,930608034133911	3281,25	0,685695052146912					3281,25	0,400787174701691	3281,25	0,23381020128727			3281,25	0,547312676906586			3281,25	0,546851515769959					3281,25	0,571298718452454	3281,25	0,557710230350494					3281,25	0,483443409204483	3281,25	0,398466885089874					3281,25	0,255591243505478	3281,25	0,161780774593353			
3284,375	1,76174068450928			3284,375	1,56369936466217					3284,375	1,47318482398987	3284,375	1,19789457321167					3284,375	0,931782066822052	3284,375	0,686211407184601					3284,375	0,400527477264404	3284,375	0,233282312750816			3284,375	0,548853754997253			3284,375	0,550967037677765					3284,375	0,566308856010437	3284,375	0,557028293609619					3284,375	0,483469814062119	3284,375	0,399427086114883					3284,375	0,257186114788055	3284,375	0,16238971054554			
3287,5	1,75930464267731			3287,5	1,56193840503693					3287,5	1,47092926502228	3287,5	1,1941157579422					3287,5	0,929992437362671	3287,5	0,68498033285141					3287,5	0,399971693754196	3287,5	0,232578068971634			3287,5	0,5479496717453			3287,5	0,552674531936646					3287,5	0,567107617855072	3287,5	0,55926525592804					3287,5	0,482414931058884	3287,5	0,400339305400848					3287,5	0,257445424795151	3287,5	0,162393763661385			
3290,625	1,75707447528839			3290,625	1,56290340423584					3290,625	1,47190880775452	3290,625	1,19308137893677					3290,625	0,928182780742645	3290,625	0,681779742240906					3290,625	0,398972421884537	3290,625	0,229494974017143			3290,625	0,552045941352844			3290,625	0,554817795753479					3290,625	0,573990106582642	3290,625	0,563938319683075					3290,625	0,48429200053215	3290,625	0,400482952594757					3290,625	0,257587075233459	3290,625	0,164902031421661			
3293,75	1,76038956642151			3293,75	1,56570911407471					3293,75	1,47620713710785	3293,75	1,19964838027954					3293,75	0,931992530822754	3293,75	0,683085441589355					3293,75	0,399621278047562	3293,75	0,230311259627342			3293,75	0,554991006851196			3293,75	0,551935076713562					3293,75	0,570540130138397	3293,75	0,563677906990051					3293,75	0,486392825841904	3293,75	0,406044125556946					3293,75	0,262573897838593	3293,75	0,17032553255558			
3296,875	1,75706398487091			3296,875	1,56021368503571					3296,875	1,47480487823486	3296,875	1,19858086109161					3296,875	0,933518946170807	3296,875	0,686195194721222					3296,875	0,403212249279022	3296,875	0,232942029833794			3296,875	0,550693154335022			3296,875	0,550088942050934					3296,875	0,571898519992828	3296,875	0,56130450963974					3296,875	0,487269848585129	3296,875	0,406335651874542					3296,875	0,263904988765717	3296,875	0,170860141515732			
3300	1,75645434856415			3300	1,56131768226624					3300	1,47320902347565	3300	1,19671559333801					3300	0,93117880821228	3300	0,685517489910126					3300	0,401682734489441	3300	0,23197914659977			3300	0,552242934703827			3300	0,553201973438263					3300	0,573714196681976	3300	0,565390825271606					3300	0,490024566650391	3300	0,406993716955185					3300	0,266903817653656	3300	0,172389358282089			
3303,125	1,75775444507599			3303,125	1,56028580665588					3303,125	1,47290933132172	3303,125	1,19666993618011					3303,125	0,932010293006897	3303,125	0,685336768627167					3303,125	0,403517425060272	3303,125	0,233170256018639			3303,125	0,553878903388977			3303,125	0,554093360900879					3303,125	0,574208438396454	3303,125	0,567701160907745					3303,125	0,491272509098053	3303,125	0,409246981143951					3303,125	0,268125355243683	3303,125	0,173731461167336			
3306,25	1,75553119182587			3306,25	1,55898702144623					3306,25	1,47384750843048	3306,25	1,19877398014069					3306,25	0,933666169643402	3306,25	0,683923423290253					3306,25	0,403298765420914	3306,25	0,231835439801216			3306,25	0,552349925041199			3306,25	0,555692374706268					3306,25	0,575022637844086	3306,25	0,570049941539764					3306,25	0,493036359548569	3306,25	0,41109636425972					3306,25	0,26922544836998	3306,25	0,175289288163185			
3309,375	1,75577795505524			3309,375	1,56214439868927					3309,375	1,47499001026154	3309,375	1,1998724937439					3309,375	0,932666838169098	3309,375	0,683235287666321					3309,375	0,401106238365173	3309,375	0,230628356337547			3309,375	0,55556184053421			3309,375	0,557027280330658					3309,375	0,577738463878632	3309,375	0,570630788803101					3309,375	0,496035128831863	3309,375	0,41389387845993					3309,375	0,272805124521255	3309,375	0,178368166089058			
3312,5	1,75093340873718			3312,5	1,560422539711					3312,5	1,47044372558594	3312,5	1,19757640361786					3312,5	0,93084043264389	3312,5	0,68243283033371					3312,5	0,40095728635788	3312,5	0,230467230081558			3312,5	0,551087439060211			3312,5	0,5618816614151					3312,5	0,58157205581665	3312,5	0,572167456150055					3312,5	0,497891664505005	3312,5	0,414253860712051					3312,5	0,273024141788483	3312,5	0,177521720528603			
3315,625	1,75458288192749			3315,625	1,55967009067535					3315,625	1,46911871433258	3315,625	1,19656801223755					3315,625	0,932074725627899	3315,625	0,68350875377655					3315,625	0,40252161026001	3315,625	0,23217399418354			3315,625	0,556567490100861			3315,625	0,563250124454498					3315,625	0,581490099430084	3315,625	0,572907149791718					3315,625	0,498539954423904	3315,625	0,415432155132294					3315,625	0,273662865161896	3315,625	0,179216861724854			
3318,75	1,75167322158813			3318,75	1,55735492706299					3318,75	1,47029149532318	3318,75	1,1958783864975					3318,75	0,930579900741577	3318,75	0,681837677955627					3318,75	0,399931371212006	3318,75	0,229661241173744			3318,75	0,556925058364868			3318,75	0,562847137451172					3318,75	0,583869278430939	3318,75	0,574884474277496					3318,75	0,49882173538208	3318,75	0,415891349315643					3318,75	0,274482607841492	3318,75	0,18084329366684			
3321,875	1,75095343589783			3321,875	1,55978643894196					3321,875	1,47643065452576	3321,875	1,19833731651306					3321,875	0,932565808296204	3321,875	0,682295441627502					3321,875	0,400276035070419	3321,875	0,229269355535507			3321,875	0,55410498380661			3321,875	0,563769698143005					3321,875	0,586601674556732	3321,875	0,577473044395447					3321,875	0,501960873603821	3321,875	0,419864147901535					3321,875	0,278741389513016	3321,875	0,184783279895782			
3325	1,75018715858459			3325	1,56231486797333					3325	1,47597932815552	3325	1,19797194004059					3325	0,932243764400482	3325	0,681930184364319					3325	0,399444699287415	3325	0,228904977440834			3325	0,556983172893524			3325	0,567631661891937					3325	0,586410284042358	3325	0,579645752906799					3325	0,50346440076828	3325	0,421828806400299					3325	0,280410081148148	3325	0,186697155237198			
3328,125	1,74871122837067			3328,125	1,56376194953918					3328,125	1,47485518455505	3328,125	1,19846045970917					3328,125	0,933977484703064	3328,125	0,68098771572113					3328,125	0,400832176208496	3328,125	0,229484617710114			3328,125	0,555844247341156			3328,125	0,567599177360535					3328,125	0,584981381893158	3328,125	0,579793572425842					3328,125	0,504243493080139	3328,125	0,42281499505043					3328,125	0,281747192144394	3328,125	0,187901496887207			
3331,25	1,75198698043823			3331,25	1,5592268705368					3331,25	1,47385156154633	3331,25	1,19667673110962					3331,25	0,934246897697449	3331,25	0,681454300880432					3331,25	0,401209324598312	3331,25	0,229894086718559			3331,25	0,558008134365082			3331,25	0,566283464431763					3331,25	0,587001740932465	3331,25	0,580739080905914					3331,25	0,50450724363327	3331,25	0,424733012914658					3331,25	0,282851815223694	3331,25	0,188568085432053			
3334,375	1,74566256999969			3334,375	1,55889678001404					3334,375	1,47250914573669	3334,375	1,19588327407837					3334,375	0,934522807598114	3334,375	0,68205600976944					3334,375	0,400464206933975	3334,375	0,229425594210625			3334,375	0,562679886817932			3334,375	0,571096003055573					3334,375	0,591548681259155	3334,375	0,584652125835419					3334,375	0,505896389484406	3334,375	0,427091240882874					3334,375	0,284592092037201	3334,375	0,188711032271385			
3337,5	1,75483405590057			3337,5	1,56009542942047					3337,5	1,47452831268311	3337,5	1,19954824447632					3337,5	0,935321092605591	3337,5	0,68163675069809					3337,5	0,401688009500504	3337,5	0,22945448756218			3337,5	0,55225795507431			3337,5	0,56762683391571					3337,5	0,590067386627197	3337,5	0,58561784029007					3337,5	0,509427845478058	3337,5	0,429285675287247					3337,5	0,288843214511871	3337,5	0,193896234035492			
3340,625	1,74923694133759			3340,625	1,55896294116974					3340,625	1,47329592704773	3340,625	1,1986335515976					3340,625	0,935539484024048	3340,625	0,68281877040863					3340,625	0,40384566783905	3340,625	0,232171311974525			3340,625	0,55508291721344			3340,625	0,56748241186142					3340,625	0,58835756778717	3340,625	0,584687411785126					3340,625	0,509245812892914	3340,625	0,431247353553772					3340,625	0,29001185297966	3340,625	0,195804044604301			
3343,75	1,74898815155029			3343,75	1,55868625640869					3343,75	1,47117435932159	3343,75	1,19858384132385					3343,75	0,934257209300995	3343,75	0,682036757469177					3343,75	0,402236938476563	3343,75	0,230967327952385			3343,75	0,552852630615234			3343,75	0,571311235427856					3343,75	0,591372489929199	3343,75	0,587770104408264					3343,75	0,509549200534821	3343,75	0,432030975818634					3343,75	0,290071845054626	3343,75	0,1956926882267			
3346,875	1,75062549114227			3346,875	1,56490063667297					3346,875	1,48143982887268	3346,875	1,20224797725677					3346,875	0,935723960399628	3346,875	0,682325839996338					3346,875	0,400329947471619	3346,875	0,228343948721886			3346,875	0,550899028778076			3346,875	0,571502447128296					3346,875	0,592957735061646	3346,875	0,589798450469971					3346,875	0,517583787441254	3346,875	0,43689489364624					3346,875	0,295918554067612	3346,875	0,201353490352631			
3350	1,74661648273468			3350	1,56391954421997					3350	1,4791259765625	3350	1,20163440704346					3350	0,933760225772858	3350	0,681469619274139					3350	0,400116294622421	3350	0,228195756673813			3350	0,552597045898438			3350	0,574781596660614					3350	0,594488024711609	3350	0,592477142810822					3350	0,518461883068085	3350	0,437136054039001					3350	0,295216381549835	3350	0,200898125767708			
3353,125	1,74349093437195			3353,125	1,56101357936859					3353,125	1,47659516334534	3353,125	1,20372366905212					3353,125	0,935699224472046	3353,125	0,680740237236023					3353,125	0,398254245519638	3353,125	0,226252123713493			3353,125	0,558531999588013			3353,125	0,574693560600281					3353,125	0,594697415828705	3353,125	0,592559158802032					3353,125	0,518988370895386	3353,125	0,437345683574677					3353,125	0,296897828578949	3353,125	0,203570172190666			
3356,25	1,7511773109436			3356,25	1,55500388145447					3356,25	1,47350943088531	3356,25	1,20018327236176					3356,25	0,935470819473267	3356,25	0,681635022163391					3356,25	0,400674253702164	3356,25	0,229799404740334			3356,25	0,551755726337433			3356,25	0,576344430446625					3356,25	0,595756769180298	3356,25	0,591357409954071					3356,25	0,516434669494629	3356,25	0,436766386032104					3356,25	0,295654773712158	3356,25	0,202131181955338			
3359,375	1,74621546268463			3359,375	1,5618222951889					3359,375	1,47748029232025	3359,375	1,20241546630859					3359,375	0,93490731716156	3359,375	0,680495142936707					3359,375	0,399797022342682	3359,375	0,227854907512665			3359,375	0,556384921073914			3359,375	0,57824695110321					3359,375	0,599396765232086	3359,375	0,593621850013733					3359,375	0,520949840545654	3359,375	0,439934104681015					3359,375	0,299575746059418	3359,375	0,205109089612961			
3362,5	1,74261081218719			3362,5	1,56132209300995					3362,5	1,47736167907715	3362,5	1,20277082920074					3362,5	0,93748664855957	3362,5	0,681808114051819					3362,5	0,401994287967682	3362,5	0,229467570781708			3362,5	0,556249678134918			3362,5	0,573794305324554					3362,5	0,597071528434753	3362,5	0,594087064266205					3362,5	0,52177894115448	3362,5	0,442260831594467					3362,5	0,302763283252716	3362,5	0,208671137690544			
3365,625	1,73978674411774			3365,625	1,55778384208679					3365,625	1,47351217269897	3365,625	1,20080971717834					3365,625	0,938713669776917	3365,625	0,682243525981903					3365,625	0,403306126594543	3365,625	0,231385469436646			3365,625	0,553961992263794			3365,625	0,57586807012558					3365,625	0,598564743995667	3365,625	0,594456136226654					3365,625	0,521481990814209	3365,625	0,442523419857025					3365,625	0,302606225013733	3365,625	0,208770126104355			
3368,75	1,74140679836273			3368,75	1,55713427066803					3368,75	1,47286355495453	3368,75	1,20030224323273					3368,75	0,939919114112854	3368,75	0,684039771556854					3368,75	0,403201639652252	3368,75	0,231702357530594			3368,75	0,557944297790527			3368,75	0,574919521808624					3368,75	0,598736464977264	3368,75	0,594147026538849					3368,75	0,520590960979462	3368,75	0,444103181362152					3368,75	0,304361909627914	3368,75	0,210880488157272			
3371,875	1,74092590808868			3371,875	1,55423057079315					3371,875	1,46995842456818	3371,875	1,19859290122986					3371,875	0,936864256858826	3371,875	0,682131350040436					3371,875	0,402070581912994	3371,875	0,230727463960648			3371,875	0,560293793678284			3371,875	0,577507078647614					3371,875	0,601769685745239	3371,875	0,59754091501236					3371,875	0,523057639598846	3371,875	0,445424467325211					3371,875	0,304004669189453	3371,875	0,210902258753777			
3375	1,7441098690033			3375	1,55339932441711					3375	1,46837568283081	3375	1,19768619537354					3375	0,936075091362	3375	0,680807709693909					3375	0,402044177055359	3375	0,231289446353912			3375	0,559646785259247			3375	0,579423189163208					3375	0,602648437023163	3375	0,598464906215668					3375	0,523341834545136	3375	0,446641832590103					3375	0,304290026426315	3375	0,211512312293053			
3378,125	1,7399035692215			3378,125	1,56118071079254					3378,125	1,47539746761322	3378,125	1,20373904705048					3378,125	0,939143419265747	3378,125	0,682141244411469					3378,125	0,401056587696075	3378,125	0,228628143668175			3378,125	0,564297497272491			3378,125	0,577140867710114					3378,125	0,601633131504059	3378,125	0,601745069026947					3378,125	0,528825998306274	3378,125	0,451554745435715					3378,125	0,312349230051041	3378,125	0,217730864882469			
3381,25	1,74042522907257			3381,25	1,55415320396423					3381,25	1,47090220451355	3381,25	1,20162892341614					3381,25	0,937972962856293	3381,25	0,682270228862762					3381,25	0,402245938777924	3381,25	0,230007156729698			3381,25	0,555967390537262			3381,25	0,581396698951721					3381,25	0,603020250797272	3381,25	0,601323008537292					3381,25	0,528724312782288	3381,25	0,449429303407669					3381,25	0,310969680547714	3381,25	0,216887801885605			
3384,375	1,74030447006226			3384,375	1,55599927902222					3384,375	1,46942901611328	3384,375	1,20201921463013					3384,375	0,939192831516266	3384,375	0,682051420211792					3384,375	0,402721464633942	3384,375	0,230584219098091			3384,375	0,55714350938797			3384,375	0,579331457614899					3384,375	0,604742169380188	3384,375	0,602522015571594					3384,375	0,530060946941376	3384,375	0,450542479753494					3384,375	0,311542421579361	3384,375	0,218246534466743			
3387,5	1,73902785778046			3387,5	1,55582618713379					3387,5	1,46976435184479	3387,5	1,20333814620972					3387,5	0,941383481025696	3387,5	0,683826327323914					3387,5	0,405702650547028	3387,5	0,233067914843559			3387,5	0,560870289802551			3387,5	0,574271619319916					3387,5	0,602565824985504	3387,5	0,600239396095276					3387,5	0,530634522438049	3387,5	0,45220273733139					3387,5	0,313808292150497	3387,5	0,220346972346306			
3390,625	1,73695158958435			3390,625	1,55409967899323					3390,625	1,47023630142212	3390,625	1,20352017879486					3390,625	0,938290894031525	3390,625	0,681471824645996					3390,625	0,403560519218445	3390,625	0,231051862239838			3390,625	0,560701429843903			3390,625	0,582527339458466					3390,625	0,605290055274963	3390,625	0,605699896812439					3390,625	0,533641040325165	3390,625	0,453490763902664					3390,625	0,31553241610527	3390,625	0,221938923001289			
3393,75	1,73840081691742			3393,75	1,55289459228516					3393,75	1,47145128250122	3393,75	1,20286738872528					3393,75	0,939883768558502	3393,75	0,683803677558899					3393,75	0,405641198158264	3393,75	0,23220756649971			3393,75	0,558989763259888			3393,75	0,578442215919495					3393,75	0,60396409034729	3393,75	0,604124486446381					3393,75	0,532389044761658	3393,75	0,45586222410202					3393,75	0,317599654197693	3393,75	0,224018484354019			
3396,875	1,73741269111633			3396,875	1,55207431316376					3396,875	1,47286140918732	3396,875	1,20262718200684					3396,875	0,939036130905151	3396,875	0,682852625846863					3396,875	0,403966277837753	3396,875	0,231692522764206			3396,875	0,563369810581207			3396,875	0,579751491546631					3396,875	0,606662511825562	3396,875	0,604357779026031					3396,875	0,534000217914581	3396,875	0,456332415342331					3396,875	0,317756444215775	3396,875	0,22425177693367			
3400	1,74023461341858			3400	1,55317378044128					3400	1,47520005702972	3400	1,20542502403259					3400	0,939608037471771	3400	0,682952761650085					3400	0,404651522636414	3400	0,231672450900078			3400	0,566470682621002			3400	0,581230998039246					3400	0,607444584369659	3400	0,607037901878357					3400	0,536877691745758	3400	0,458710879087448					3400	0,320626139640808	3400	0,227765664458275			
3403,125	1,74079120159149			3403,125	1,55181121826172					3403,125	1,47231018543243	3403,125	1,20370292663574					3403,125	0,939062714576721	3403,125	0,681387484073639					3403,125	0,40312659740448	3403,125	0,229947298765182			3403,125	0,56259560585022			3403,125	0,585045516490936					3403,125	0,612578332424164	3403,125	0,610062420368195					3403,125	0,538189649581909	3403,125	0,459814637899399					3403,125	0,320949763059616	3403,125	0,227727636694908			
3406,25	1,73493552207947			3406,25	1,55266451835632					3406,25	1,47345507144928	3406,25	1,20442426204681					3406,25	0,939047038555145	3406,25	0,6805619597435					3406,25	0,402046948671341	3406,25	0,228654086589813			3406,25	0,562151372432709			3406,25	0,585322797298431					3406,25	0,614295244216919	3406,25	0,612489342689514					3406,25	0,539898753166199	3406,25	0,462065428495407					3406,25	0,32236385345459	3406,25	0,229433715343475			
3409,375	1,73500490188599			3409,375	1,55271375179291					3409,375	1,47438871860504	3409,375	1,20576786994934					3409,375	0,941147446632385	3409,375	0,681962847709656					3409,375	0,403417348861694	3409,375	0,229836404323578			3409,375	0,560109257698059			3409,375	0,582176327705383					3409,375	0,610776364803314	3409,375	0,612317621707916					3409,375	0,542415678501129	3409,375	0,46428444981575					3409,375	0,325751721858978	3409,375	0,232649937272072			
3412,5	1,73220670223236			3412,5	1,55158245563507					3412,5	1,47385549545288	3412,5	1,20324683189392					3412,5	0,939550876617432	3412,5	0,680682837963104					3412,5	0,401806205511093	3412,5	0,228274673223495			3412,5	0,555656671524048			3412,5	0,587492704391479					3412,5	0,615099310874939	3412,5	0,615188777446747					3412,5	0,544084548950195	3412,5	0,46494796872139					3412,5	0,325995951890945	3412,5	0,232327118515968			
3415,625	1,73211765289307			3415,625	1,55339932441711					3415,625	1,47465324401855	3415,625	1,20383477210999					3415,625	0,939257204532623	3415,625	0,67956155538559					3415,625	0,400641083717346	3415,625	0,226626843214035			3415,625	0,556538224220276			3415,625	0,591078698635101					3415,625	0,615781307220459	3415,625	0,617890655994415					3415,625	0,54549115896225	3415,625	0,468042522668839					3415,625	0,328272044658661	3415,625	0,234496787190437			
3418,75	1,73427832126617			3418,75	1,55205357074738					3418,75	1,47285449504852	3418,75	1,20534479618073					3418,75	0,94020289182663	3418,75	0,681803703308105					3418,75	0,403233498334885	3418,75	0,229917734861374			3418,75	0,562479794025421			3418,75	0,584887564182281					3418,75	0,613802969455719	3418,75	0,615062415599823					3418,75	0,545020282268524	3418,75	0,468829035758972					3418,75	0,330412149429321	3418,75	0,237200543284416			
3421,875	1,73228657245636			3421,875	1,5485508441925					3421,875	1,47065734863281	3421,875	1,20322632789612					3421,875	0,938789188861847	3421,875	0,68102765083313					3421,875	0,403058409690857	3421,875	0,229831486940384			3421,875	0,562014698982239			3421,875	0,588185727596283					3421,875	0,617404401302338	3421,875	0,616958796977997					3421,875	0,545574843883514	3421,875	0,468940585851669					3421,875	0,329927235841751	3421,875	0,236474975943565			
3425	1,72881317138672			3425	1,54623997211456					3425	1,46855854988098	3425	1,20392870903015					3425	0,938604831695557	3425	0,680939972400665					3425	0,402856647968292	3425	0,229357093572617			3425	0,559356153011322			3425	0,589012861251831					3425	0,618992447853088	3425	0,618675351142883					3425	0,547749280929565	3425	0,470297873020172					3425	0,330835491418839	3425	0,237664878368378			
3428,125	1,72907984256744			3428,125	1,55106925964355					3428,125	1,47241687774658	3428,125	1,20807611942291					3428,125	0,941167712211609	3428,125	0,682614982128143					3428,125	0,403754770755768	3428,125	0,229914531111717			3428,125	0,559948086738586			3428,125	0,5833500623703					3428,125	0,614517569541931	3428,125	0,615790724754334					3428,125	0,549136936664581	3428,125	0,472564786672592					3428,125	0,335280746221542	3428,125	0,241990059614182			
3431,25	1,72852790355682			3431,25	1,5480762720108					3431,25	1,47023487091064	3431,25	1,20502805709839					3431,25	0,9413982629776	3431,25	0,683062851428986					3431,25	0,404419869184494	3431,25	0,230561450123787			3431,25	0,562570989131927			3431,25	0,585189819335938					3431,25	0,61473023891449	3431,25	0,616827130317688					3431,25	0,548324286937714	3431,25	0,473154932260513					3431,25	0,335058212280273	3431,25	0,242311611771584			
3434,375	1,72681975364685			3434,375	1,54726052284241					3434,375	1,46908521652222	3434,375	1,20464241504669					3434,375	0,941230714321136	3434,375	0,682520568370819					3434,375	0,404183000326157	3434,375	0,229778245091438			3434,375	0,559154689311981			3434,375	0,588239848613739					3434,375	0,618321716785431	3434,375	0,620075106620789					3434,375	0,551731407642365	3434,375	0,475519239902496					3434,375	0,336263597011566	3434,375	0,243798464536667			
3437,5	1,7289754152298			3437,5	1,55208516120911					3437,5	1,4724086523056	3437,5	1,2087949514389					3437,5	0,941512167453766	3437,5	0,68310821056366					3437,5	0,403217494487762	3437,5	0,228601604700089			3437,5	0,559784054756165			3437,5	0,58979320526123					3437,5	0,621090650558472	3437,5	0,622673869132996					3437,5	0,555419504642487	3437,5	0,478198319673538					3437,5	0,339518159627914	3437,5	0,246125385165215			
3440,625	1,72628939151764			3440,625	1,55310535430908					3440,625	1,4754958152771	3440,625	1,21038377285004					3440,625	0,942320108413696	3440,625	0,683183670043945					3440,625	0,402821987867355	3440,625	0,228448703885078			3440,625	0,560342788696289			3440,625	0,590649545192719					3440,625	0,622172594070435	3440,625	0,623657047748566					3440,625	0,556335270404816	3440,625	0,479240626096725					3440,625	0,341427564620972	3440,625	0,24782457947731			
3443,75	1,72369158267975			3443,75	1,54801368713379					3443,75	1,47274017333984	3443,75	1,20807719230652					3443,75	0,941140949726105	3443,75	0,682029724121094					3443,75	0,403395354747772	3443,75	0,228884175419807			3443,75	0,557514071464539			3443,75	0,591259598731995					3443,75	0,624224245548248	3443,75	0,623359978199005					3443,75	0,555102467536926	3443,75	0,478887289762497					3443,75	0,3417988717556	3443,75	0,247619107365608			
3446,875	1,72534871101379			3446,875	1,54734981060028					3446,875	1,47232174873352	3446,875	1,20717024803162					3446,875	0,942564427852631	3446,875	0,684353888034821					3446,875	0,405073702335358	3446,875	0,230537936091423			3446,875	0,558279514312744			3446,875	0,587587594985962					3446,875	0,620619058609009	3446,875	0,622163653373718					3446,875	0,55576092004776	3446,875	0,479856759309769					3446,875	0,343627721071243	3446,875	0,250046491622925			
3450	1,72606015205383			3450	1,54881286621094					3450	1,47359204292297	3450	1,20971274375916					3450	0,944121360778809	3450	0,685192227363586					3450	0,405082881450653	3450	0,230742603540421			3450	0,560508072376251			3450	0,585766971111298					3450	0,617974638938904	3450	0,623016119003296					3450	0,557509064674377	3450	0,481840699911118					3450	0,345265924930573	3450	0,252308517694473			
3453,125	1,72341597080231			3453,125	1,54741203784943					3453,125	1,47368788719177	3453,125	1,20948374271393					3453,125	0,942948579788208	3453,125	0,684169352054596					3453,125	0,40480449795723	3453,125	0,230551317334175			3453,125	0,56053626537323			3453,125	0,588346064090729					3453,125	0,621210157871246	3453,125	0,624176204204559					3453,125	0,558331251144409	3453,125	0,483755826950073					3453,125	0,346219778060913	3453,125	0,25304388999939			
3456,25	1,71918821334839			3456,25	1,54859602451324					3456,25	1,47446882724762	3456,25	1,20965039730072					3456,25	0,942493081092834	3456,25	0,682144045829773					3456,25	0,403557270765305	3456,25	0,22918413579464			3456,25	0,560175657272339			3456,25	0,588758766651154					3456,25	0,623144268989563	3456,25	0,627001821994781					3456,25	0,56020724773407	3456,25	0,486721932888031					3456,25	0,348559677600861	3456,25	0,255149751901627			
3459,375	1,72464084625244			3459,375	1,54656004905701					3459,375	1,47133696079254	3459,375	1,20784938335419					3459,375	0,941069900989532	3459,375	0,682746112346649					3459,375	0,403211653232574	3459,375	0,228774189949036			3459,375	0,561934888362885			3459,375	0,591293394565582					3459,375	0,625785648822784	3459,375	0,628790855407715					3459,375	0,560148119926453	3459,375	0,486955881118774					3459,375	0,348864853382111	3459,375	0,255783081054688			
3462,5	1,72292065620422			3462,5	1,545490026474					3462,5	1,47065055370331	3462,5	1,21150422096252					3462,5	0,943479359149933	3462,5	0,685786545276642					3462,5	0,405372142791748	3462,5	0,231070905923843			3462,5	0,562176585197449			3462,5	0,589907288551331					3462,5	0,621425807476044	3462,5	0,626536309719086					3462,5	0,560627937316895	3462,5	0,488743484020233					3462,5	0,351279079914093	3462,5	0,25828418135643			
3465,625	1,71736586093903			3465,625	1,54359841346741					3465,625	1,46960818767548	3465,625	1,20887088775635					3465,625	0,942363202571869	3465,625	0,684487104415894					3465,625	0,405241549015045	3465,625	0,230473831295967			3465,625	0,559194922447205			3465,625	0,591693937778473					3465,625	0,624080955982208	3465,625	0,629183828830719					3465,625	0,562875032424927	3465,625	0,488546013832092					3465,625	0,351305097341537	3465,625	0,258572965860367			
3468,75	1,71985423564911			3468,75	1,54781854152679					3468,75	1,47318375110626	3468,75	1,20932936668396					3468,75	0,942911028862	3468,75	0,682238876819611					3468,75	0,402863085269928	3468,75	0,228229522705078			3468,75	0,566034257411957			3468,75	0,595631062984467					3468,75	0,628926873207092	3468,75	0,633575737476349					3468,75	0,566019654273987	3468,75	0,490993589162827					3468,75	0,353820085525513	3468,75	0,260359168052673			
3471,875	1,71571671962738			3471,875	1,54352402687073					3471,875	1,47193670272827	3471,875	1,20915842056274					3471,875	0,943574666976929	3471,875	0,682596147060394					3471,875	0,403338611125946	3471,875	0,228713527321815			3471,875	0,559939742088318			3471,875	0,5943803191185					3471,875	0,628453433513641	3471,875	0,633667826652527					3471,875	0,565745532512665	3471,875	0,491321355104446					3471,875	0,355066686868668	3471,875	0,261771947145462			
3475	1,71230185031891			3475	1,54554069042206					3475	1,47092592716217	3475	1,21322238445282					3475	0,944310009479523	3475	0,683836281299591					3475	0,404217153787613	3475	0,228987723588943			3475	0,563067257404327			3475	0,591964721679688					3475	0,626809477806091	3475	0,631832540035248					3475	0,567918479442596	3475	0,493466019630432					3475	0,357908695936203	3475	0,265162914991379			
3478,125	1,71752452850342			3478,125	1,54164576530457					3478,125	1,46925222873688	3478,125	1,21094596385956					3478,125	0,943056225776672	3478,125	0,683115601539612					3478,125	0,404256761074066	3478,125	0,229853793978691			3478,125	0,559872925281525			3478,125	0,593956589698792					3478,125	0,628526628017426	3478,125	0,633188724517822					3478,125	0,567848742008209	3478,125	0,493457466363907					3478,125	0,356746166944504	3478,125	0,264178901910782			
3481,25	1,71357583999634			3481,25	1,5419704914093					3481,25	1,47098243236542	3481,25	1,21146774291992					3481,25	0,946315050125122	3481,25	0,686401605606079					3481,25	0,407952725887299	3481,25	0,232894748449326			3481,25	0,562247216701508			3481,25	0,587463319301605					3481,25	0,621603846549988	3481,25	0,630105018615723					3481,25	0,567995846271515	3481,25	0,494273960590363					3481,25	0,359772920608521	3481,25	0,267869263887405			
3484,375	1,71016013622284			3484,375	1,54005241394043					3484,375	1,46884191036224	3484,375	1,2115797996521					3484,375	0,944496750831604	3484,375	0,686288416385651					3484,375	0,407360136508942	3484,375	0,231882005929947			3484,375	0,559881508350372			3484,375	0,590860307216644					3484,375	0,625024199485779	3484,375	0,630762994289398					3484,375	0,568487584590912	3484,375	0,495460033416748					3484,375	0,360709995031357	3484,375	0,268049478530884			
3487,5	1,71030533313751			3487,5	1,54003250598907					3487,5	1,46953225135803	3487,5	1,21211743354797					3487,5	0,943026781082153	3487,5	0,684769034385681					3487,5	0,404996931552887	3487,5	0,229688540101051			3487,5	0,558032751083374			3487,5	0,594601035118103					3487,5	0,629143536090851	3487,5	0,635391652584076					3487,5	0,570739924907684	3487,5	0,497457385063171					3487,5	0,361540585756302	3487,5	0,268838375806808			
3490,625	1,7208194732666			3490,625	1,54007065296173					3490,625	1,47147488594055	3490,625	1,21332216262817					3490,625	0,945046484470367	3490,625	0,685410499572754					3490,625	0,405128657817841	3490,625	0,229703307151794			3490,625	0,559456348419189			3490,625	0,593546152114868					3490,625	0,628504514694214	3490,625	0,635903775691986					3490,625	0,573099911212921	3490,625	0,499688684940338					3490,625	0,364179223775864	3490,625	0,271546423435211			
3493,75	1,71491539478302			3493,75	1,54278695583344					3493,75	1,47064960002899	3493,75	1,21417689323425					3493,75	0,946454226970673	3493,75	0,684276103973389					3493,75	0,404138773679733	3493,75	0,228486135601997			3493,75	0,561715424060822			3493,75	0,595693111419678					3493,75	0,631317734718323	3493,75	0,637495636940002					3493,75	0,574967980384827	3493,75	0,501727759838104					3493,75	0,366113781929016	3493,75	0,273119211196899			
3496,875	1,71194791793823			3496,875	1,54049134254456					3496,875	1,46682476997375	3496,875	1,21269857883453					3496,875	0,946595549583435	3496,875	0,685228943824768					3496,875	0,405791521072388	3496,875	0,230980426073074			3496,875	0,561650931835175			3496,875	0,594136774539948					3496,875	0,63017076253891	3496,875	0,635171592235565					3496,875	0,574090659618378	3496,875	0,501307129859924					3496,875	0,365855783224106	3496,875	0,273530304431915			
3500	1,71204268932343			3500	1,54366040229797					3500	1,47297847270966	3500	1,21585774421692					3500	0,947385013103485	3500	0,686279654502869					3500	0,405102580785751	3500	0,229953870177269			3500	0,559761345386505			3500	0,592182099819183					3500	0,628991305828094	3500	0,637003898620605					3500	0,57641738653183	3500	0,505299150943756					3500	0,370366007089615	3500	0,277248084545136			
3503,125	1,7070255279541			3503,125	1,5423389673233					3503,125	1,47101902961731	3503,125	1,21543955802917					3503,125	0,946345925331116	3503,125	0,685525238513947					3503,125	0,405083358287811	3503,125	0,229888707399368			3503,125	0,566529154777527			3503,125	0,593307256698608					3503,125	0,631178140640259	3503,125	0,638285636901855					3503,125	0,576892912387848	3503,125	0,505120158195496					3503,125	0,370476484298706	3503,125	0,277484029531479			
3506,25	1,7140748500824			3506,25	1,54220187664032					3506,25	1,4723025560379	3506,25	1,21579468250275					3506,25	0,945942401885986	3506,25	0,683962881565094					3506,25	0,403616935014725	3506,25	0,228233739733696			3506,25	0,560241937637329			3506,25	0,597140431404114					3506,25	0,63568788766861	3506,25	0,64193069934845					3506,25	0,580885529518127	3506,25	0,507329881191254					3506,25	0,372274607419968	3506,25	0,278548270463943			
3509,375	1,70862030982971			3509,375	1,53959035873413					3509,375	1,46798956394196	3509,375	1,21479320526123					3509,375	0,945386826992035	3509,375	0,684532523155212					3509,375	0,404882699251175	3509,375	0,229090064764023			3509,375	0,560694217681885			3509,375	0,599156856536865					3509,375	0,635726153850555	3509,375	0,641406059265137					3509,375	0,580708205699921	3509,375	0,507444381713867					3509,375	0,372386783361435	3509,375	0,279046148061752			
3512,5	1,70637392997742			3512,5	1,53751027584076					3512,5	1,46809613704681	3512,5	1,21708464622498					3512,5	0,947283804416656	3512,5	0,687858045101166					3512,5	0,407488286495209	3512,5	0,231223240494728			3512,5	0,561119973659515			3512,5	0,591824233531952					3512,5	0,629561483860016	3512,5	0,637996315956116					3512,5	0,579308807849884	3512,5	0,508723676204681					3512,5	0,374879449605942	3512,5	0,282257735729218			
3515,625	1,70449149608612			3515,625	1,53646576404572					3515,625	1,46933138370514	3515,625	1,21705996990204					3515,625	0,94901567697525	3515,625	0,689278662204742					3515,625	0,407936125993729	3515,625	0,233141258358955			3515,625	0,558902263641357			3515,625	0,588440120220184					3515,625	0,628182768821716	3515,625	0,637358129024506					3515,625	0,579441428184509	3515,625	0,508655905723572					3515,625	0,376124948263168	3515,625	0,283576279878616			
3518,75	1,70331871509552			3518,75	1,53505086898804					3518,75	1,46694338321686	3518,75	1,2149897813797					3518,75	0,946510553359985	3518,75	0,687202036380768					3518,75	0,40691265463829	3518,75	0,231535136699677			3518,75	0,561242997646332			3518,75	0,594485342502594					3518,75	0,633727848529816	3518,75	0,640434801578522					3518,75	0,581126928329468	3518,75	0,509641945362091					3518,75	0,375676393508911	3518,75	0,283500373363495			
3521,875	1,69841241836548			3521,875	1,53584897518158					3521,875	1,46913301944733	3521,875	1,21642553806305					3521,875	0,947572946548462	3521,875	0,687711179256439					3521,875	0,407203286886215	3521,875	0,231193959712982			3521,875	0,566040992736816			3521,875	0,593529164791107					3521,875	0,633121132850647	3521,875	0,640457928180695					3521,875	0,581303298473358	3521,875	0,512181997299194					3521,875	0,378128111362457	3521,875	0,285562813282013			
3525	1,69654583930969			3525	1,53494191169739					3525	1,47103261947632	3525	1,21932184696198					3525	0,948373138904572	3525	0,687954306602478					3525	0,407410085201263	3525	0,231341406702995			3525	0,558072984218597			3525	0,594214379787445					3525	0,629670798778534	3525	0,640165507793427					3525	0,582733511924744	3525	0,514302730560303					3525	0,380375236272812	3525	0,288313746452332			
3528,125	1,69653499126434			3528,125	1,53771114349365					3528,125	1,47073245048523	3528,125	1,21916604042053					3528,125	0,948022603988647	3528,125	0,68740051984787					3528,125	0,405495315790176	3528,125	0,230010837316513			3528,125	0,561144769191742			3528,125	0,593875110149384					3528,125	0,631846129894257	3528,125	0,642893075942993					3528,125	0,58547443151474	3528,125	0,51566606760025					3528,125	0,382041096687317	3528,125	0,289711683988571			
3531,25	1,69917178153992			3531,25	1,5388571023941					3531,25	1,47195851802826	3531,25	1,21994268894196					3531,25	0,947394609451294	3531,25	0,68657660484314					3531,25	0,404380857944489	3531,25	0,228277251124382			3531,25	0,565125465393066			3531,25	0,595137059688568					3531,25	0,636540949344635	3531,25	0,646010458469391					3531,25	0,588087201118469	3531,25	0,518152832984924					3531,25	0,383620262145996	3531,25	0,291002810001373			
3534,375	1,69674861431122			3534,375	1,53403782844543					3534,375	1,46894288063049	3534,375	1,21889913082123					3534,375	0,947237253189087	3534,375	0,687533736228943					3534,375	0,406265318393707	3534,375	0,229917541146278			3534,375	0,562986969947815			3534,375	0,596020221710205					3534,375	0,63674783706665	3534,375	0,644161462783813					3534,375	0,587406039237976	3534,375	0,517697989940643					3534,375	0,38372802734375	3534,375	0,291499376296997			
3537,5	1,70037138462067			3537,5	1,53133010864258					3537,5	1,46664035320282	3537,5	1,21918952465057					3537,5	0,949065208435059	3537,5	0,690015435218811					3537,5	0,408612996339798	3537,5	0,232186540961266			3537,5	0,561785042285919			3537,5	0,592502415180206					3537,5	0,63270115852356	3537,5	0,641442835330963					3537,5	0,585641324520111	3537,5	0,517744481563568					3537,5	0,384900331497192	3537,5	0,293963342905045			
3540,625	1,69899833202362			3540,625	1,53252160549164					3540,625	1,46803379058838	3540,625	1,22033870220184					3540,625	0,949228405952454	3540,625	0,689852654933929					3540,625	0,407981187105179	3540,625	0,231064364314079			3540,625	0,560913145542145			3540,625	0,593083024024963					3540,625	0,634254634380341	3540,625	0,64346706867218					3540,625	0,587163209915161	3540,625	0,519667685031891					3540,625	0,386996299028397	3540,625	0,295308321714401			
3543,75	1,69854032993317			3543,75	1,53285610675812					3543,75	1,46845936775208	3543,75	1,21991813182831					3543,75	0,949039816856384	3543,75	0,689513802528381					3543,75	0,407903224229813	3543,75	0,231411099433899			3543,75	0,560465931892395			3543,75	0,594274282455444					3543,75	0,634892284870148	3543,75	0,643816709518433					3543,75	0,588599503040314	3543,75	0,521213591098785					3543,75	0,387709438800812	3543,75	0,296300321817398			
3546,875	1,69781124591827			3546,875	1,52871596813202					3546,875	1,46528422832489	3546,875	1,21749722957611					3546,875	0,947804093360901	3546,875	0,689450085163116					3546,875	0,408691197633743	3546,875	0,231685847043991			3546,875	0,563426494598389			3546,875	0,593526124954224					3546,875	0,635113716125488	3546,875	0,643923223018646					3546,875	0,588377416133881	3546,875	0,520805299282074					3546,875	0,387690991163254	3546,875	0,296461910009384			
3550	1,69191789627075			3550	1,53105103969574					3550	1,46829211711884	3550	1,22104263305664					3550	0,948993921279907	3550	0,690750241279602					3550	0,409309923648834	3550	0,231625959277153			3550	0,560030102729797			3550	0,591429352760315					3550	0,633913516998291	3550	0,644047021865845					3550	0,590614318847656	3550	0,523556530475616					3550	0,391004741191864	3550	0,299363702535629			
3553,125	1,69696581363678			3553,125	1,52747595310211					3553,125	1,46667313575745	3553,125	1,21933269500732					3553,125	0,947279453277588	3553,125	0,69003564119339					3553,125	0,409183651208878	3553,125	0,231879472732544			3553,125	0,564059257507324			3553,125	0,593340992927551					3553,125	0,63587874174118	3553,125	0,644701600074768					3553,125	0,59057092666626	3553,125	0,523937046527863					3553,125	0,391059875488281	3553,125	0,299216985702515			
3556,25	1,69821918010712			3556,25	1,52906692028046					3556,25	1,46896147727966	3556,25	1,22141981124878					3556,25	0,948740899562836	3556,25	0,690179049968719					3556,25	0,408579587936401	3556,25	0,231489881873131			3556,25	0,566243946552277			3556,25	0,593065917491913					3556,25	0,637282133102417	3556,25	0,645728886127472					3556,25	0,591984272003174	3556,25	0,525699198246002					3556,25	0,393202930688858	3556,25	0,30195677280426			
3559,375	1,70142507553101			3559,375	1,52849090099335					3559,375	1,46814966201782	3559,375	1,22166359424591					3559,375	0,949754774570465	3559,375	0,691508829593658					3559,375	0,408660352230072	3559,375	0,231699630618095			3559,375	0,566169261932373			3559,375	0,593336343765259					3559,375	0,636335790157318	3559,375	0,645419836044312					3559,375	0,593763887882233	3559,375	0,527015149593353					3559,375	0,394437849521637	3559,375	0,303631812334061			
3562,5	1,69719564914703			3562,5	1,52955687046051					3562,5	1,46911370754242	3562,5	1,22143661975861					3562,5	0,947600722312927	3562,5	0,690792798995972					3562,5	0,407319635152817	3562,5	0,229781985282898			3562,5	0,563832461833954			3562,5	0,595285952091217					3562,5	0,639561474323273	3562,5	0,648914456367493					3562,5	0,596381962299347	3562,5	0,528554141521454					3562,5	0,3958400785923	3562,5	0,304776132106781			
3565,625	1,69746506214142			3565,625	1,52866458892822					3565,625	1,46745467185974	3565,625	1,22264647483826					3565,625	0,948318421840668	3565,625	0,691648840904236					3565,625	0,408724427223206	3565,625	0,23132349550724			3565,625	0,560686707496643			3565,625	0,592410624027252					3565,625	0,638642549514771	3565,625	0,648599207401276					3565,625	0,596347630023956	3565,625	0,528632581233978					3565,625	0,396981984376907	3565,625	0,306702494621277			
3568,75	1,69224083423615			3568,75	1,52594649791718					3568,75	1,46563160419464	3568,75	1,22068667411804					3568,75	0,948789596557617	3568,75	0,692286729812622					3568,75	0,409639328718185	3568,75	0,232430934906006			3568,75	0,557336270809174			3568,75	0,593065559864044					3568,75	0,638081133365631	3568,75	0,647877156734467					3568,75	0,59689599275589	3568,75	0,529037237167358					3568,75	0,397559762001038	3568,75	0,306860446929932			
3571,875	1,69156777858734			3571,875	1,5281708240509					3571,875	1,46995508670807	3571,875	1,22380566596985					3571,875	0,950286984443665	3571,875	0,692240834236145					3571,875	0,408023148775101	3571,875	0,230406805872917			3571,875	0,558264970779419			3571,875	0,594620764255524					3571,875	0,639163553714752	3571,875	0,649878323078156					3571,875	0,599563300609589	3571,875	0,532767653465271					3571,875	0,401172041893005	3571,875	0,310064703226089			
3575	1,6867493391037			3575	1,52864122390747					3575	1,47200191020966	3575	1,22401511669159					3575	0,949344038963318	3575	0,691003680229187					3575	0,406442672014236	3575	0,229649931192398			3575	0,55846506357193			3575	0,596237182617188					3575	0,642176151275635	3575	0,651749789714813					3575	0,602642416954041	3575	0,533536970615387					3575	0,402294278144836	3575	0,311399072408676			
3578,125	1,68931460380554			3578,125	1,52642583847046					3578,125	1,47128403186798	3578,125	1,22355377674103					3578,125	0,949018061161041	3578,125	0,690976202487946					3578,125	0,406062841415405	3578,125	0,23046338558197			3578,125	0,556796133518219			3578,125	0,59718132019043					3578,125	0,642568707466125	3578,125	0,652165770530701					3578,125	0,603515267372131	3578,125	0,534017622470856					3578,125	0,403222858905792	3578,125	0,311912506818771			
3581,25	1,69226169586182			3581,25	1,52547466754913					3581,25	1,47214865684509	3581,25	1,22457301616669					3581,25	0,950078010559082	3581,25	0,691737592220306					3581,25	0,406968176364899	3581,25	0,230930432677269			3581,25	0,560127735137939			3581,25	0,598038911819458					3581,25	0,641690194606781	3581,25	0,652711808681488					3581,25	0,603642880916595	3581,25	0,535924673080444					3581,25	0,404916435480118	3581,25	0,313585609197617			
3584,375	1,68676590919495			3584,375	1,52327048778534					3584,375	1,47078049182892	3584,375	1,22428488731384					3584,375	0,950683891773224	3584,375	0,692866504192352					3584,375	0,408944964408875	3584,375	0,232182309031487			3584,375	0,559381663799286			3584,375	0,596049845218658					3584,375	0,639171361923218	3584,375	0,649743378162384					3584,375	0,602960765361786	3584,375	0,536619007587433					3584,375	0,406019270420074	3584,375	0,315091282129288			
3587,5	1,68541967868805			3587,5	1,5207930803299					3587,5	1,469078540802	3587,5	1,2230578660965					3587,5	0,95136421918869	3587,5	0,693266630172729					3587,5	0,409680515527725	3587,5	0,232850611209869			3587,5	0,557066798210144			3587,5	0,595323264598846					3587,5	0,639201283454895	3587,5	0,64847606420517					3587,5	0,603222966194153	3587,5	0,536499559879303					3587,5	0,407233595848084	3587,5	0,315771818161011			
3590,625	1,68467438220978			3590,625	1,52127623558044					3590,625	1,46960139274597	3590,625	1,22242784500122					3590,625	0,95106714963913	3590,625	0,692860305309296					3590,625	0,408250242471695	3590,625	0,231218129396439			3590,625	0,560435593128204			3590,625	0,598314225673676					3590,625	0,641614019870758	3590,625	0,651327669620514					3590,625	0,606249988079071	3590,625	0,537996888160706					3590,625	0,408778220415115	3590,625	0,316764980554581			
3593,75	1,68386840820313			3593,75	1,52212345600128					3593,75	1,4712028503418	3593,75	1,22194385528564					3593,75	0,950331807136536	3593,75	0,691890835762024					3593,75	0,407619833946228	3593,75	0,230551555752754			3593,75	0,556164503097534			3593,75	0,601609647274017					3593,75	0,644006967544556	3593,75	0,654720962047577					3593,75	0,608514308929443	3593,75	0,539765477180481					3593,75	0,409964501857758	3593,75	0,317895114421844			
3596,875	1,68381142616272			3596,875	1,52236843109131					3596,875	1,47075724601746	3596,875	1,22180902957916					3596,875	0,950083613395691	3596,875	0,691581428050995					3596,875	0,407957166433334	3596,875	0,230267509818077			3596,875	0,558296024799347			3596,875	0,602343738079071					3596,875	0,64490818977356	3596,875	0,656047701835632					3596,875	0,608870148658752	3596,875	0,540316343307495					3596,875	0,410618335008621	3596,875	0,318695366382599			
3600	1,67944145202637			3600	1,52432119846344					3600	1,47204697132111	3600	1,22369742393494					3600	0,951798319816589	3600	0,692404389381409					3600	0,408142060041428	3600	0,230056777596474			3600	0,557337820529938			3600	0,600549399852753					3600	0,644697666168213	3600	0,657296180725098					3600	0,610499024391174	3600	0,543349087238312					3600	0,413143664598465	3600	0,321290671825409			
3603,125	1,676229596138			3603,125	1,52454280853271					3603,125	1,47294008731842	3603,125	1,22547805309296					3603,125	0,95376181602478	3603,125	0,69360613822937					3603,125	0,410137057304382	3603,125	0,231470301747322			3603,125	0,559955060482025			3603,125	0,598804950714111					3603,125	0,641483664512634	3603,125	0,655709564685822					3603,125	0,610693693161011	3603,125	0,543847978115082					3603,125	0,414751887321472	3603,125	0,322778612375259			
3606,25	1,67471063137054			3606,25	1,51988089084625					3606,25	1,4692474603653	3606,25	1,22193968296051					3606,25	0,95120245218277	3606,25	0,691555798053741					3606,25	0,409005582332611	3606,25	0,230682939291			3606,25	0,554770290851593			3606,25	0,603724539279938					3606,25	0,644800364971161	3606,25	0,657676517963409					3606,25	0,611388564109802	3606,25	0,543112277984619					3606,25	0,413416981697083	3606,25	0,321316510438919			
3609,375	1,67677319049835			3609,375	1,52287018299103					3609,375	1,47278618812561	3609,375	1,22624099254608					3609,375	0,954691767692566	3609,375	0,694709777832031					3609,375	0,410928398370743	3609,375	0,231819450855255			3609,375	0,556749522686005			3609,375	0,59841001033783					3609,375	0,639772593975067	3609,375	0,656748056411743					3609,375	0,611793696880341	3609,375	0,545366942882538					3609,375	0,417284488677979	3609,375	0,325744330883026			
3612,5	1,67425858974457			3612,5	1,52172327041626					3612,5	1,47096812725067	3612,5	1,22583377361298					3612,5	0,954149186611176	3612,5	0,694495141506195					3612,5	0,411042869091034	3612,5	0,231967404484749			3612,5	0,56053227186203			3612,5	0,598289012908936					3612,5	0,640783131122589	3612,5	0,657218158245087					3612,5	0,612419009208679	3612,5	0,546249151229858					3612,5	0,417965471744537	3612,5	0,326742708683014			
3615,625	1,67659091949463			3615,625	1,52162623405457					3615,625	1,47031092643738	3615,625	1,22513234615326					3615,625	0,952546298503876	3615,625	0,692634880542755					3615,625	0,409038811922073	3615,625	0,230306252837181			3615,625	0,556355655193329			3615,625	0,602071702480316					3615,625	0,644871652126312	3615,625	0,660134077072144					3615,625	0,614578723907471	3615,625	0,548048317432404					3615,625	0,418690025806427	3615,625	0,327079296112061			
3618,75	1,67190039157867			3618,75	1,5211124420166					3618,75	1,47000277042389	3618,75	1,22621417045593					3618,75	0,954352915287018	3618,75	0,69504988193512					3618,75	0,410496681928635	3618,75	0,231669291853905			3618,75	0,559529423713684			3618,75	0,599615752696991					3618,75	0,641640067100525	3618,75	0,658479392528534					3618,75	0,614289879798889	3618,75	0,548454523086548					3618,75	0,420649439096451	3618,75	0,328944772481918			
3621,875	1,66992342472076			3621,875	1,51863324642181					3621,875	1,46777260303497	3621,875	1,22489035129547					3621,875	0,954062044620514	3621,875	0,694657683372498					3621,875	0,411052286624908	3621,875	0,232261300086975			3621,875	0,558213353157043			3621,875	0,602257370948792					3621,875	0,643126845359802	3621,875	0,658938884735107					3621,875	0,614204227924347	3621,875	0,548711121082306					3621,875	0,420787394046783	3621,875	0,329207330942154			
3625	1,66831696033478			3625	1,51740920543671					3625	1,46697008609772	3625	1,22541809082031					3625	0,955390751361847	3625	0,695323050022125					3625	0,412132889032364	3625	0,232497707009315			3625	0,55837619304657			3625	0,600427746772766					3625	0,64228218793869	3625	0,658420026302338					3625	0,615353405475616	3625	0,550134599208832					3625	0,422035604715347	3625	0,331310123205185			
3628,125	1,66947460174561			3628,125	1,51926684379578					3628,125	1,46899402141571	3628,125	1,22724235057831					3628,125	0,955609142780304	3628,125	0,69480687379837					3628,125	0,411489933729172	3628,125	0,230781152844429			3628,125	0,557629346847534			3628,125	0,600664794445038					3628,125	0,644739806652069	3628,125	0,660358905792236					3628,125	0,61809378862381	3628,125	0,552894294261932					3628,125	0,424155414104462	3628,125	0,332973659038544			
3631,25	1,66924035549164			3631,25	1,52266943454742					3631,25	1,47412836551666	3631,25	1,23094940185547					3631,25	0,957309722900391	3631,25	0,69577556848526					3631,25	0,411178261041641	3631,25	0,230939134955406			3631,25	0,555172026157379			3631,25	0,599475026130676					3631,25	0,643069624900818	3631,25	0,661390423774719					3631,25	0,619662404060364	3631,25	0,555027186870575					3631,25	0,427456557750702	3631,25	0,336032092571259			
3634,375	1,66497611999512			3634,375	1,52169930934906					3634,375	1,47205460071564	3634,375	1,22983145713806					3634,375	0,956209421157837	3634,375	0,695172727108002					3634,375	0,410232752561569	3634,375	0,229826971888542			3634,375	0,557895600795746			3634,375	0,601936519145966					3634,375	0,645526349544525	3634,375	0,663275957107544					3634,375	0,621245741844177	3634,375	0,55581933259964					3634,375	0,427479982376099	3634,375	0,336169183254242			
3637,5	1,66450607776642			3637,5	1,51821839809418					3637,5	1,4685389995575	3637,5	1,2284551858902					3637,5	0,955762982368469	3637,5	0,695330560207367					3637,5	0,411390513181686	3637,5	0,230835124850273			3637,5	0,553816914558411			3637,5	0,601273059844971					3637,5	0,644837617874146	3637,5	0,662154614925385					3637,5	0,620513319969177	3637,5	0,554961562156677					3637,5	0,427272200584412	3637,5	0,335690170526505			
3640,625	1,66667652130127			3640,625	1,51644170284271					3640,625	1,46842312812805	3640,625	1,22985792160034					3640,625	0,958004713058472	3640,625	0,69675225019455					3640,625	0,413594245910645	3640,625	0,233028411865234			3640,625	0,554853796958923			3640,625	0,596434652805328					3640,625	0,641003012657166	3640,625	0,660189688205719					3640,625	0,619107246398926	3640,625	0,555409908294678					3640,625	0,428902983665466	3640,625	0,337662130594254			
3643,75	1,6662369966507			3643,75	1,51831841468811					3643,75	1,47093069553375	3643,75	1,2302280664444					3643,75	0,958593189716339	3643,75	0,696857511997223					3643,75	0,412679374217987	3643,75	0,232276141643524			3643,75	0,555854976177216			3643,75	0,597932040691376					3643,75	0,641372084617615	3643,75	0,662387073040009					3643,75	0,621775925159454	3643,75	0,55725234746933					3643,75	0,43099457025528	3643,75	0,339944362640381			
3646,875	1,66336584091187			3646,875	1,51511251926422					3646,875	1,46848058700562	3646,875	1,22894334793091					3646,875	0,958073258399963	3646,875	0,696889162063599					3646,875	0,412814766168594	3646,875	0,232911005616188			3646,875	0,556189656257629			3646,875	0,597864985466003					3646,875	0,640700161457062	3646,875	0,661207616329193					3646,875	0,621625185012817	3646,875	0,55730265378952					3646,875	0,43124994635582	3646,875	0,340582996606827			
3650	1,6626957654953			3650	1,51656913757324					3650	1,46984279155731	3650	1,23074781894684					3650	0,959038436412811	3650	0,6966392993927					3650	0,411784529685974	3650	0,231183156371117			3650	0,557263672351837			3650	0,598938941955566					3650	0,641677558422089	3650	0,662415087223053					3650	0,623193025588989	3650	0,560012638568878					3650	0,433184564113617	3650	0,342393457889557			
3653,125	1,66225457191467			3653,125	1,51556277275085					3653,125	1,46942293643951	3653,125	1,2315171957016					3653,125	0,960147738456726	3653,125	0,697275340557098					3653,125	0,413597881793976	3653,125	0,232205167412758			3653,125	0,558682978153229			3653,125	0,597200453281403					3653,125	0,641614258289337	3653,125	0,662450790405273					3653,125	0,623615205287933	3653,125	0,561016261577606					3653,125	0,434452027082443	3653,125	0,343694180250168			
3656,25	1,66292285919189			3656,25	1,51436722278595					3656,25	1,46801578998566	3656,25	1,23100006580353					3656,25	0,959526002407074	3656,25	0,697469055652618					3656,25	0,413783699274063	3656,25	0,232049360871315			3656,25	0,557082176208496			3656,25	0,597196519374847					3656,25	0,641567468643188	3656,25	0,661944568157196					3656,25	0,624059975147247	3656,25	0,561618149280548					3656,25	0,435357928276062	3656,25	0,344662249088287			
3659,375	1,66263222694397			3659,375	1,51511180400848					3659,375	1,4689062833786	3659,375	1,23250997066498					3659,375	0,958980560302734	3659,375	0,696628987789154					3659,375	0,412506431341171	3659,375	0,230169460177422			3659,375	0,552636981010437			3659,375	0,600886940956116					3659,375	0,644189774990082	3659,375	0,664750695228577					3659,375	0,626783490180969	3659,375	0,563663363456726					3659,375	0,436766177415848	3659,375	0,345526516437531			
3662,5	1,65969395637512			3662,5	1,51591324806213					3662,5	1,47011005878448	3662,5	1,23340964317322					3662,5	0,960173070430756	3662,5	0,697151839733124					3662,5	0,412308812141418	3662,5	0,229869484901428			3662,5	0,55833911895752			3662,5	0,600428283214569					3662,5	0,643954992294312	3662,5	0,665238797664642					3662,5	0,62804913520813	3662,5	0,565209209918976					3662,5	0,438521414995193	3662,5	0,347614347934723			
3665,625	1,66131329536438			3665,625	1,5149359703064					3665,625	1,46699285507202	3665,625	1,22995269298553					3665,625	0,956879615783691	3665,625	0,694068729877472					3665,625	0,410111427307129	3665,625	0,227663263678551			3665,625	0,554630398750305			3665,625	0,606231451034546					3665,625	0,649744629859924	3665,625	0,66930615901947					3665,625	0,630151152610779	3665,625	0,56605327129364					3665,625	0,43790802359581	3665,625	0,34678640961647			
3668,75	1,65557169914246			3668,75	1,51769769191742					3668,75	1,47295451164246	3668,75	1,23604440689087					3668,75	0,9629145860672	3668,75	0,698672533035278					3668,75	0,412703484296799	3668,75	0,229463070631027			3668,75	0,553457021713257			3668,75	0,599226891994476					3668,75	0,643532752990723	3668,75	0,665979385375977					3668,75	0,630499064922333	3668,75	0,569502770900726					3668,75	0,442406594753265	3668,75	0,352938055992126			
3671,875	1,65649116039276			3671,875	1,51112103462219					3671,875	1,46723186969757	3671,875	1,23238098621368					3671,875	0,961722910404205	3671,875	0,69891357421875					3671,875	0,41407635807991	3671,875	0,231742292642593			3671,875	0,553755640983582			3671,875	0,598228454589844					3671,875	0,641866981983185	3671,875	0,663633108139038					3671,875	0,6279536485672	3671,875	0,567229807376862					3671,875	0,441398203372955	3671,875	0,352185666561127			
3675	1,65401029586792			3675	1,51300060749054					3675	1,46855580806732	3675	1,23275315761566					3675	0,961370468139648	3675	0,698412954807281					3675	0,41309580206871	3675	0,230663448572159			3675	0,552075445652008			3675	0,599633991718292					3675	0,643749356269836	3675	0,665786027908325					3675	0,630492925643921	3675	0,569595575332642					3675	0,443574666976929	3675	0,354089647531509			
3678,125	1,65318489074707			3678,125	1,51398694515228					3678,125	1,46912610530853	3678,125	1,23339486122131					3678,125	0,962278544902802	3678,125	0,698924362659454					3678,125	0,413269311189651	3678,125	0,230590313673019			3678,125	0,551751792430878			3678,125	0,599553287029266					3678,125	0,64382666349411	3678,125	0,666420936584473					3678,125	0,631704270839691	3678,125	0,570910155773163					3678,125	0,444839686155319	3678,125	0,355639308691025			
3681,25	1,65497922897339			3681,25	1,50760078430176					3681,25	1,46405625343323	3681,25	1,22828757762909					3681,25	0,958061516284943	3681,25	0,696025252342224					3681,25	0,411561161279678	3681,25	0,230012431740761			3681,25	0,551851689815521			3681,25	0,605192363262177					3681,25	0,649432063102722	3681,25	0,668221473693848					3681,25	0,632474303245544	3681,25	0,570031523704529					3681,25	0,442771255970001	3681,25	0,352839708328247			
3684,375	1,65263271331787			3684,375	1,51530539989471					3684,375	1,47143650054932	3684,375	1,23836278915405					3684,375	0,968088388442993	3684,375	0,70412015914917					3684,375	0,417269021272659	3684,375	0,234195366501808			3684,375	0,555709064006805			3684,375	0,589453756809235					3684,375	0,636307537555695	3684,375	0,661991775035858					3684,375	0,631112098693848	3684,375	0,573415696620941					3684,375	0,449475526809692	3684,375	0,361311703920364			
3687,5	1,65118372440338			3687,5	1,5094712972641					3687,5	1,46674871444702	3687,5	1,23337233066559					3687,5	0,963967621326447	3687,5	0,701115012168884					3687,5	0,414877027273178	3687,5	0,232974529266357			3687,5	0,552679657936096			3687,5	0,595719516277313					3687,5	0,641717672348022	3687,5	0,665406048297882					3687,5	0,631768405437469	3687,5	0,572493135929108					3687,5	0,447866916656494	3687,5	0,358850806951523			
3690,625	1,65260124206543			3690,625	1,50852644443512					3690,625	1,46545791625977	3690,625	1,23272144794464					3690,625	0,963184952735901	3690,625	0,700181841850281					3690,625	0,414600282907486	3690,625	0,232410818338394			3690,625	0,5500608086586			3690,625	0,597223579883575					3690,625	0,643566429615021	3690,625	0,66793292760849					3690,625	0,633025586605072	3690,625	0,573614418506622					3690,625	0,44839534163475	3690,625	0,359436988830566			
3693,75	1,64931404590607			3693,75	1,51252603530884					3693,75	1,46865141391754	3693,75	1,23636496067047					3693,75	0,965253412723541	3693,75	0,701001048088074					3693,75	0,415195792913437	3693,75	0,232257425785065			3693,75	0,551437675952911			3693,75	0,596355617046356					3693,75	0,644448757171631	3693,75	0,669205248355865					3693,75	0,635951697826386	3693,75	0,576138079166412					3693,75	0,451452821493149	3693,75	0,362106621265411			
3696,875	1,64368999004364			3696,875	1,51075780391693					3696,875	1,46746444702148	3696,875	1,23495352268219					3696,875	0,963806748390198	3696,875	0,699261784553528					3696,875	0,413613677024841	3696,875	0,230674028396606			3696,875	0,549651682376862			3696,875	0,600015103816986					3696,875	0,647162973880768	3696,875	0,671503722667694					3696,875	0,63755214214325	3696,875	0,577272474765778					3696,875	0,451857805252075	3696,875	0,362094461917877			
3700	1,64725875854492			3700	1,50755572319031					3700	1,46505641937256	3700	1,23462390899658					3700	0,964169025421143	3700	0,700995266437531					3700	0,414346486330032	3700	0,232130885124207			3700	0,551469385623932			3700	0,596915066242218					3700	0,644245386123657	3700	0,669155418872833					3700	0,635925710201263	3700	0,577031850814819					3700	0,45230308175087	3700	0,363016247749329			
3703,125	1,64383947849274			3703,125	1,50740742683411					3703,125	1,46578884124756	3703,125	1,23659718036652					3703,125	0,966940999031067	3703,125	0,70363461971283					3703,125	0,416528433561325	3703,125	0,233872517943382			3703,125	0,546768605709076			3703,125	0,593986511230469					3703,125	0,641303420066834	3703,125	0,667381107807159					3703,125	0,635530889034271	3703,125	0,578340947628021					3703,125	0,454268574714661	3703,125	0,36552232503891			
3706,25	1,6418023109436			3706,25	1,5107239484787					3706,25	1,46955454349518	3706,25	1,23925852775574					3706,25	0,967418313026428	3706,25	0,702481865882874					3706,25	0,414884120225906	3706,25	0,231340795755386			3706,25	0,548357307910919			3706,25	0,597448289394379					3706,25	0,644954562187195	3706,25	0,672138631343842					3706,25	0,6400146484375	3706,25	0,5818772315979					3706,25	0,457389682531357	3706,25	0,368507355451584			
3709,375	1,64114880561829			3709,375	1,50718188285828					3709,375	1,46537959575653	3709,375	1,23692941665649					3709,375	0,965815901756287	3709,375	0,701054036617279					3709,375	0,414858996868134	3709,375	0,231454417109489			3709,375	0,550578713417053			3709,375	0,599884927272797					3709,375	0,648140847682953	3709,375	0,673944711685181					3709,375	0,64018976688385	3709,375	0,58158665895462					3709,375	0,456943303346634	3709,375	0,367648243904114			
3712,5	1,64390122890472			3712,5	1,50567221641541					3712,5	1,46515083312988	3712,5	1,23768877983093					3712,5	0,967857658863068	3712,5	0,702678918838501					3712,5	0,417045265436172	3712,5	0,233711585402489			3712,5	0,548793435096741			3712,5	0,595672845840454					3712,5	0,644309878349304	3712,5	0,669424474239349					3712,5	0,637815058231354	3712,5	0,580879271030426					3712,5	0,458137840032578	3712,5	0,369121193885803			
3715,625	1,64431715011597			3715,625	1,50384914875031					3715,625	1,46500504016876	3715,625	1,23975479602814					3715,625	0,970415115356445	3715,625	0,705679416656494					3715,625	0,418522626161575	3715,625	0,235559821128845			3715,625	0,551915347576141			3715,625	0,590894520282745					3715,625	0,639246344566345	3715,625	0,665895700454712					3715,625	0,637620985507965	3715,625	0,581504166126251					3715,625	0,459564834833145	3715,625	0,371453553438187			
3718,75	1,6414555311203			3718,75	1,50785231590271					3718,75	1,46903812885284	3718,75	1,2413158416748					3718,75	0,969045877456665	3718,75	0,703104674816132					3718,75	0,414984285831451	3718,75	0,231350541114807			3718,75	0,548991322517395			3718,75	0,597096025943756					3718,75	0,647264897823334	3718,75	0,673632442951202					3718,75	0,643543362617493	3718,75	0,586103677749634					3718,75	0,46217679977417	3718,75	0,373444408178329			
3721,875	1,64318370819092			3721,875	1,50648498535156					3721,875	1,46834623813629	3721,875	1,24083924293518					3721,875	0,969748735427856	3721,875	0,704422891139984					3721,875	0,416496723890305	3721,875	0,23207414150238			3721,875	0,554255127906799			3721,875	0,595262348651886					3721,875	0,645175695419312	3721,875	0,672782063484192					3721,875	0,642882466316223	3721,875	0,586542963981628					3721,875	0,463525414466858	3721,875	0,374518036842346			
3725	1,63583445549011			3725	1,50469541549683					3725	1,46665227413177	3725	1,23935651779175					3725	0,967697143554688	3725	0,703032374382019					3725	0,415801882743835	3725	0,231509417295456			3725	0,549173951148987			3725	0,598217189311981					3725	0,647944450378418	3725	0,675090789794922					3725	0,644452929496765	3725	0,587277352809906					3725	0,463554948568344	3725	0,374519169330597			
3728,125	1,63749718666077			3728,125	1,50609338283539					3728,125	1,46962535381317	3728,125	1,24257028102875					3728,125	0,970962941646576	3728,125	0,705491781234741					3728,125	0,417580485343933	3728,125	0,233177930116653			3728,125	0,542773425579071			3728,125	0,593721628189087					3728,125	0,643602967262268	3728,125	0,672493994235992					3728,125	0,644336700439453	3728,125	0,58823424577713					3728,125	0,465442478656769	3728,125	0,377401620149612			
3731,25	1,63993847370148			3731,25	1,50411546230316					3731,25	1,46716380119324	3731,25	1,24023234844208					3731,25	0,970205724239349	3731,25	0,704267263412476					3731,25	0,416675359010696	3731,25	0,232694640755653			3731,25	0,545482158660889			3731,25	0,596463084220886					3731,25	0,646111488342285	3731,25	0,674274682998657					3731,25	0,644904434680939	3731,25	0,588870763778687					3731,25	0,465295314788818	3731,25	0,377190262079239			
3734,375	1,63541948795319			3734,375	1,50416922569275					3734,375	1,46842658519745	3734,375	1,24314343929291					3734,375	0,973007798194885	3734,375	0,706152856349945					3734,375	0,418081641197205	3734,375	0,23335312306881			3734,375	0,54802280664444			3734,375	0,59288078546524					3734,375	0,643952906131744	3734,375	0,673050105571747					3734,375	0,644946575164795	3734,375	0,590090274810791					3734,375	0,467705339193344	3734,375	0,379526644945145			
3737,5	1,63207650184631			3737,5	1,50111484527588					3737,5	1,46517503261566	3737,5	1,24020862579346					3737,5	0,970709145069122	3737,5	0,704532861709595					3737,5	0,417095720767975	3737,5	0,232498466968536			3737,5	0,543529152870178			3737,5	0,595834493637085					3737,5	0,646220684051514	3737,5	0,674322128295898					3737,5	0,646235227584839	3737,5	0,590343177318573					3737,5	0,467765927314758	3737,5	0,379240691661835			
3740,625	1,63236701488495			3740,625	1,5070538520813					3740,625	1,47040748596191	3740,625	1,24534368515015					3740,625	0,973714053630829	3740,625	0,706691861152649					3740,625	0,417388737201691	3740,625	0,231818184256554			3740,625	0,543187141418457			3740,625	0,594668626785278					3740,625	0,645553290843964	3740,625	0,677165567874908					3740,625	0,649316132068634	3740,625	0,594437837600708					3740,625	0,472279906272888	3740,625	0,383190780878067			
3743,75	1,63374078273773			3743,75	1,50346100330353					3743,75	1,46797919273376	3743,75	1,24453997612					3743,75	0,973095118999481	3743,75	0,706452786922455					3743,75	0,41792619228363	3743,75	0,232585057616234			3743,75	0,54423987865448			3743,75	0,594266057014465					3743,75	0,645956933498383	3743,75	0,675712823867798					3743,75	0,648793041706085	3743,75	0,593660771846771					3743,75	0,47205662727356	3743,75	0,383153051137924			
3746,875	1,63423824310303			3746,875	1,49959945678711					3746,875	1,46574103832245	3746,875	1,24156808853149					3746,875	0,970977008342743	3746,875	0,704704642295837					3746,875	0,417030453681946	3746,875	0,232327848672867			3746,875	0,54502546787262			3746,875	0,596394002437592					3746,875	0,647869408130646	3746,875	0,676211774349213					3746,875	0,649360060691834	3746,875	0,593571066856384					3746,875	0,471560835838318	3746,875	0,382895529270172			
3750	1,62964534759521			3750	1,50213003158569					3750	1,46939253807068	3750	1,24397146701813					3750	0,973336637020111	3750	0,70680969953537					3750	0,417803466320038	3750	0,232913792133331			3750	0,546447932720184			3750	0,594053268432617					3750	0,645695388317108	3750	0,675368368625641					3750	0,650564253330231	3750	0,596481800079346					3750	0,47455495595932	3750	0,386185765266418			
3753,125	1,63228011131287			3753,125	1,50013661384583					3753,125	1,46786415576935	3753,125	1,24483489990234					3753,125	0,97433865070343	3753,125	0,707554519176483					3753,125	0,418637186288834	3753,125	0,233672246336937			3753,125	0,543192744255066			3753,125	0,594053864479065					3753,125	0,645396411418915	3753,125	0,675000429153442					3753,125	0,649811506271362	3753,125	0,596181869506836					3753,125	0,474983811378479	3753,125	0,386821538209915			
3756,25	1,63033616542816			3756,25	1,50009155273438					3756,25	1,46773076057434	3756,25	1,24688124656677					3756,25	0,975901663303375	3756,25	0,708106458187103					3756,25	0,419321745634079	3756,25	0,233903586864471			3756,25	0,544098377227783			3756,25	0,591806828975677					3756,25	0,644355654716492	3756,25	0,674693405628204					3756,25	0,650427758693695	3756,25	0,597102463245392					3756,25	0,476479232311249	3756,25	0,388480305671692			
3759,375	1,62809669971466			3759,375	1,49769818782806					3759,375	1,46618330478668	3759,375	1,24603915214539					3759,375	0,976097702980042	3759,375	0,709089338779449					3759,375	0,420454621315002	3759,375	0,234923362731934			3759,375	0,540136814117432			3759,375	0,590234279632568					3759,375	0,643129467964172	3759,375	0,673774242401123					3759,375	0,650291681289673	3759,375	0,597142040729523					3759,375	0,477557063102722	3759,375	0,389240592718124			
3762,5	1,6277312040329			3762,5	1,49372911453247					3762,5	1,46192097663879	3762,5	1,24129819869995					3762,5	0,971382975578308	3762,5	0,705480098724365					3762,5	0,417369842529297	3762,5	0,232673406600952			3762,5	0,540738940238953			3762,5	0,597737967967987					3762,5	0,649716973304749	3762,5	0,678003907203674					3762,5	0,651928544044495	3762,5	0,597217261791229					3762,5	0,476412892341614	3762,5	0,387798696756363			
3765,625	1,62660098075867			3765,625	1,502445936203					3765,625	1,4735689163208	3765,625	1,2527824640274					3765,625	0,980136156082153	3765,625	0,712197721004486					3765,625	0,421563148498535	3765,625	0,234937399625778			3765,625	0,538653075695038			3765,625	0,587699174880981					3765,625	0,640947759151459	3765,625	0,674192309379578					3765,625	0,653541922569275	3765,625	0,602142453193665					3765,625	0,4832843542099	3765,625	0,395084470510483			
3768,75	1,6273090839386			3768,75	1,49538195133209					3768,75	1,46622741222382	3768,75	1,24645626544952					3768,75	0,976185977458954	3768,75	0,70937043428421					3768,75	0,420388489961624	3768,75	0,234649658203125			3768,75	0,541337192058563			3768,75	0,591721832752228					3768,75	0,644784212112427	3768,75	0,675535500049591					3768,75	0,653054177761078	3768,75	0,600496709346771					3768,75	0,480854272842407	3768,75	0,392518937587738			
3771,875	1,62566196918488			3771,875	1,49299490451813					3771,875	1,46444845199585	3771,875	1,24689531326294					3771,875	0,977753162384033	3771,875	0,710638344287872					3771,875	0,421868920326233	3771,875	0,235889211297035			3771,875	0,540759027004242			3771,875	0,588881254196167					3771,875	0,641803324222565	3771,875	0,67310094833374					3771,875	0,651877284049988	3771,875	0,600027024745941					3771,875	0,481664031744003	3771,875	0,393977791070938			
3775	1,62660145759583			3775	1,49441421031952					3775	1,46544504165649	3775	1,24709582328796					3775	0,977064788341522	3775	0,709822952747345					3775	0,42075914144516	3775	0,234576255083084			3775	0,5394287109375			3775	0,591670572757721					3775	0,64430969953537	3775	0,675475716590881					3775	0,654153883457184	3775	0,601765871047974					3775	0,483044654130936	3775	0,395340621471405			
3778,125	1,62363135814667			3778,125	1,49446618556976					3778,125	1,46615779399872	3778,125	1,24877178668976					3778,125	0,978909552097321	3778,125	0,711235642433167					3778,125	0,421958029270172	3778,125	0,235536485910416			3778,125	0,54260265827179			3778,125	0,589353740215302					3778,125	0,641619384288788	3778,125	0,675385415554047					3778,125	0,654099643230438	3778,125	0,603382706642151					3778,125	0,485189974308014	3778,125	0,397081971168518			
3781,25	1,62202537059784			3781,25	1,4962592124939					3781,25	1,46861672401428	3781,25	1,25015616416931					3781,25	0,980417847633362	3781,25	0,712225317955017					3781,25	0,421821296215057	3781,25	0,235101595520973			3781,25	0,535328030586243			3781,25	0,589051067829132					3781,25	0,641442656517029	3781,25	0,675006568431854					3781,25	0,655933797359467	3781,25	0,605954825878143					3781,25	0,487344950437546	3781,25	0,399396777153015			
3784,375	1,62007427215576			3784,375	1,49422967433929					3784,375	1,4667581319809	3784,375	1,24788737297058					3784,375	0,978026747703552	3784,375	0,710242986679077					3784,375	0,419796973466873	3784,375	0,233603850007057			3784,375	0,535390794277191			3784,375	0,593924164772034					3784,375	0,646443486213684	3784,375	0,678516924381256					3784,375	0,65824168920517	3784,375	0,60663241147995					3784,375	0,487304925918579	3784,375	0,398876905441284			
3787,5	1,61870229244232			3787,5	1,49839842319489					3787,5	1,47107136249542	3787,5	1,25288307666779					3787,5	0,980218112468719	3787,5	0,710834264755249					3787,5	0,419667333364487	3787,5	0,232525527477264			3787,5	0,532383322715759			3787,5	0,593906939029694					3787,5	0,647236764431	3787,5	0,681185960769653					3787,5	0,661282598972321	3787,5	0,609247028827667					3787,5	0,490538775920868	3787,5	0,401773452758789			
3790,625	1,61790835857391			3790,625	1,49319076538086					3790,625	1,46671450138092	3790,625	1,25026834011078					3790,625	0,979190587997437	3790,625	0,710670709609985					3790,625	0,4205442070961	3790,625	0,233475714921951			3790,625	0,533712208271027			3790,625	0,592147946357727					3790,625	0,645220756530762	3790,625	0,678984224796295					3790,625	0,659634232521057	3790,625	0,607763946056366					3790,625	0,489520251750946	3790,625	0,401146590709686			
3793,75	1,61910569667816			3793,75	1,49448394775391					3793,75	1,47140192985535	3793,75	1,25500512123108					3793,75	0,98364269733429	3793,75	0,715003728866577					3793,75	0,423438131809235	3793,75	0,23602432012558			3793,75	0,539833843708038			3793,75	0,586404025554657					3793,75	0,639487445354462	3793,75	0,675415635108948					3793,75	0,659292936325073	3793,75	0,609748184680939					3793,75	0,492771208286285	3793,75	0,404931962490082			
3796,875	1,61399674415588			3796,875	1,49024593830109					3796,875	1,46610510349274	3796,875	1,25122451782227					3796,875	0,981629848480225	3796,875	0,713526248931885					3796,875	0,423706829547882	3796,875	0,236192137002945			3796,875	0,539859354496002			3796,875	0,587670266628265					3796,875	0,641188859939575	3796,875	0,675220131874084					3796,875	0,658636033535004	3796,875	0,608450412750244					3796,875	0,491812705993652	3796,875	0,40414160490036			
3800	1,62187659740448			3800	1,48765933513641					3800	1,46345496177673	3800	1,25085163116455					3800	0,98345410823822	3800	0,715212464332581					3800	0,425494194030762	3800	0,237960979342461			3800	0,525761783123016			3800	0,584362387657166					3800	0,637616693973541	3800	0,672410786151886					3800	0,657127201557159	3800	0,607888996601105					3800	0,492749482393265	3800	0,405378520488739			
3803,125	1,61756217479706			3803,125	1,49010384082794					3803,125	1,46648132801056	3803,125	1,25226390361786					3803,125	0,983378946781158	3803,125	0,714195013046265					3803,125	0,423862308263779	3803,125	0,236299932003021			3803,125	0,531312942504883			3803,125	0,586628258228302					3803,125	0,640811145305634	3803,125	0,675906598567963					3803,125	0,660188674926758	3803,125	0,610813319683075					3803,125	0,494816482067108	3803,125	0,407068371772766			
3806,25	1,6152036190033			3806,25	1,49015116691589					3806,25	1,46697878837585	3806,25	1,25186383724213					3806,25	0,981992423534393	3806,25	0,712247252464294					3806,25	0,421848893165588	3806,25	0,234506741166115			3806,25	0,531046807765961			3806,25	0,591224014759064					3806,25	0,644717454910278	3806,25	0,679981768131256					3806,25	0,663048565387726	3806,25	0,612941145896912					3806,25	0,496051043272018	3806,25	0,408024996519089			
3809,375	1,61357045173645			3809,375	1,48812854290009					3809,375	1,46634793281555	3809,375	1,2527197599411					3809,375	0,984526574611664	3809,375	0,714710056781769					3809,375	0,423770427703857	3809,375	0,235931724309921			3809,375	0,526860654354095			3809,375	0,586942136287689					3809,375	0,640090584754944	3809,375	0,676189005374908					3809,375	0,662461936473846	3809,375	0,613123714923859					3809,375	0,497447609901428	3809,375	0,409805357456207			
3812,5	1,61210811138153			3812,5	1,48870575428009					3812,5	1,46654784679413	3812,5	1,25437307357788					3812,5	0,98654580116272	3812,5	0,716405034065247					3812,5	0,425271332263947	3812,5	0,237039223313332			3812,5	0,525497138500214			3812,5	0,584651112556458					3812,5	0,638610005378723	3812,5	0,674500107765198					3812,5	0,661687314510345	3812,5	0,613251626491547					3812,5	0,498576074838638	3812,5	0,410998165607452			
3815,625	1,6091194152832			3815,625	1,4857976436615					3815,625	1,46397483348846	3815,625	1,25333535671234					3815,625	0,98615437746048	3815,625	0,716972172260284					3815,625	0,42642530798912	3815,625	0,238338351249695			3815,625	0,526750028133392			3815,625	0,584128141403198					3815,625	0,636883616447449	3815,625	0,673583924770355					3815,625	0,661037147045136	3815,625	0,612663149833679					3815,625	0,49868181347847	3815,625	0,411410421133041			
3818,75	1,61104381084442			3818,75	1,48783755302429					3818,75	1,46643126010895	3818,75	1,25457119941711					3818,75	0,985544383525848	3818,75	0,716090381145477					3818,75	0,424691557884216	3818,75	0,23631463944912			3818,75	0,525621056556702			3818,75	0,586343467235565					3818,75	0,640744805335999	3818,75	0,677475035190582					3818,75	0,664685487747192	3818,75	0,615931153297424					3818,75	0,501179754734039	3818,75	0,413181185722351			
3821,875	1,60943567752838			3821,875	1,48474061489105					3821,875	1,46440291404724	3821,875	1,25412786006927					3821,875	0,985992252826691	3821,875	0,716771245002747					3821,875	0,426164150238037	3821,875	0,237655073404312			3821,875	0,523450255393982			3821,875	0,584340989589691					3821,875	0,639106333255768	3821,875	0,675353109836578					3821,875	0,662754237651825	3821,875	0,615354239940643					3821,875	0,501321315765381	3821,875	0,413760125637054			
3825	1,60568976402283			3825	1,48185122013092					3825	1,46245110034943	3825	1,25209212303162					3825	0,984108150005341	3825	0,71470320224762					3825	0,424872010946274	3825	0,236808866262436			3825	0,519713044166565			3825	0,587434768676758					3825	0,641505658626556	3825	0,676652491092682					3825	0,664214670658112	3825	0,615755081176758					3825	0,501419484615326	3825	0,413763135671616			
3828,125	1,60616302490234			3828,125	1,48621511459351					3828,125	1,46659481525421	3828,125	1,25731289386749					3828,125	0,98745459318161	3828,125	0,716293513774872					3828,125	0,425299853086472	3828,125	0,236489996314049			3828,125	0,523870766162872			3828,125	0,585350155830383					3828,125	0,639184415340424	3828,125	0,676798522472382					3828,125	0,667078971862793	3828,125	0,618587374687195					3828,125	0,504903137683868	3828,125	0,41740545630455			
3831,25	1,60727989673615			3831,25	1,48699295520782					3831,25	1,46655571460724	3831,25	1,25683557987213					3831,25	0,987748444080353	3831,25	0,717016398906708					3831,25	0,425410985946655	3831,25	0,236662983894348			3831,25	0,522943735122681			3831,25	0,586147248744965					3831,25	0,638288021087646	3831,25	0,677116811275482					3831,25	0,66810667514801	3831,25	0,619729518890381					3831,25	0,505833148956299	3831,25	0,418291956186295			
3834,375	1,60304355621338			3834,375	1,48751413822174					3834,375	1,46883404254913	3834,375	1,2591050863266					3834,375	0,989255487918854	3834,375	0,717461585998535					3834,375	0,425378143787384	3834,375	0,235965803265572			3834,375	0,521657824516296			3834,375	0,586261510848999					3834,375	0,639652132987976	3834,375	0,678291440010071					3834,375	0,670241117477417	3834,375	0,621906220912933					3834,375	0,508136391639709	3834,375	0,420206904411316			
3837,5	1,60405206680298			3837,5	1,48481690883636					3837,5	1,4660816192627	3837,5	1,25751113891602					3837,5	0,987022280693054	3837,5	0,715914249420166					3837,5	0,424392610788345	3837,5	0,235196620225906			3837,5	0,519519209861755			3837,5	0,588360846042633					3837,5	0,642895758152008	3837,5	0,680375218391418					3837,5	0,670731365680695	3837,5	0,622045397758484					3837,5	0,507972896099091	3837,5	0,420039862394333			
3840,625	1,60595512390137			3840,625	1,48314654827118					3840,625	1,46557056903839	3840,625	1,25759673118591					3840,625	0,989182949066162	3840,625	0,718938231468201					3840,625	0,427160531282425	3840,625	0,237305670976639			3840,625	0,519791066646576			3840,625	0,582953214645386					3840,625	0,63710880279541	3840,625	0,676244258880615					3840,625	0,669805109500885	3840,625	0,622314631938934					3840,625	0,509438812732697	3840,625	0,422210812568665			
3843,75	1,60150015354156			3843,75	1,48023223876953					3843,75	1,46354711055756	3843,75	1,25674319267273					3843,75	0,990404605865479	3843,75	0,719915926456451					3843,75	0,428543895483017	3843,75	0,23859691619873			3843,75	0,517129063606262			3843,75	0,580239951610565					3843,75	0,634552717208862	3843,75	0,673174917697906					3843,75	0,668343007564545	3843,75	0,621679604053497					3843,75	0,509619116783142	3843,75	0,422696709632874			
3846,875	1,60017478466034			3846,875	1,48462164402008					3846,875	1,46839213371277	3846,875	1,26128745079041					3846,875	0,992904543876648	3846,875	0,720608592033386					3846,875	0,428110748529434	3846,875	0,237793803215027			3846,875	0,517371118068695			3846,875	0,580634832382202					3846,875	0,635877966880798	3846,875	0,675616502761841					3846,875	0,671432077884674	3846,875	0,62441885471344					3846,875	0,512741446495056	3846,875	0,425316333770752			
3850	1,60285365581512			3850	1,48263907432556					3850	1,46567261219025	3850	1,25907325744629					3850	0,991708159446716	3850	0,719828546047211					3850	0,427954524755478	3850	0,237877607345581			3850	0,515878081321716			3850	0,581449925899506					3850	0,636508882045746	3850	0,675301492214203					3850	0,671301186084747	3850	0,62417334318161					3850	0,512631595134735	3850	0,425227910280228			
3853,125	1,60438370704651			3853,125	1,48179411888123					3853,125	1,46354222297668	3853,125	1,25878620147705					3853,125	0,990943372249603	3853,125	0,719548761844635					3853,125	0,42794206738472	3853,125	0,237497463822365			3853,125	0,518715739250183			3853,125	0,581853687763214					3853,125	0,636354327201843	3853,125	0,675724446773529					3853,125	0,67159229516983	3853,125	0,624860405921936					3853,125	0,513321816921234	3853,125	0,425955653190613			
3856,25	1,60215580463409			3856,25	1,48452389240265					3856,25	1,46711766719818	3856,25	1,26158761978149					3856,25	0,991614639759064	3856,25	0,719273924827576					3856,25	0,426741421222687	3856,25	0,236052364110947			3856,25	0,518689692020416			3856,25	0,584275662899017					3856,25	0,638798594474792	3856,25	0,679389715194702					3856,25	0,675386309623718	3856,25	0,628253757953644					3856,25	0,516076505184174	3856,25	0,42831102013588			
3859,375	1,59991490840912			3859,375	1,48120176792145					3859,375	1,46636068820953	3859,375	1,26121532917023					3859,375	0,993325412273407	3859,375	0,720790803432465					3859,375	0,428508132696152	3859,375	0,238145112991333			3859,375	0,517873167991638			3859,375	0,580657303333282					3859,375	0,636663854122162	3859,375	0,676274657249451					3859,375	0,674272656440735	3859,375	0,627087831497192					3859,375	0,516429960727692	3859,375	0,428785681724548			
3862,5	1,60045504570007			3862,5	1,48186647891998					3862,5	1,4670352935791	3862,5	1,26340126991272					3862,5	0,996262490749359	3862,5	0,723448634147644					3862,5	0,430766344070435	3862,5	0,239326030015945			3862,5	0,514286458492279			3862,5	0,576635181903839					3862,5	0,632012724876404	3862,5	0,674088656902313					3862,5	0,673562824726105	3862,5	0,628340065479279					3862,5	0,518510818481445	3862,5	0,431636154651642			
3865,625	1,59968030452728			3865,625	1,48078382015228					3865,625	1,4653981924057	3865,625	1,25984871387482					3865,625	0,99389374256134	3865,625	0,720998048782349					3865,625	0,42882964015007	3865,625	0,237592905759811			3865,625	0,516065299510956			3865,625	0,582489192485809					3865,625	0,637230157852173	3865,625	0,677021324634552					3865,625	0,676211178302765	3865,625	0,629670441150665					3865,625	0,519291996955872	3865,625	0,431809544563293			
3868,75	1,59604513645172			3868,75	1,47934532165527					3868,75	1,4639972448349	3868,75	1,26023781299591					3868,75	0,994079053401947	3868,75	0,721088707447052					3868,75	0,428740054368973	3868,75	0,237559452652931			3868,75	0,51621276140213			3868,75	0,581843137741089					3868,75	0,636959373950958	3868,75	0,677243292331696					3868,75	0,677091181278229	3868,75	0,63015615940094					3868,75	0,519970059394836	3868,75	0,432321727275848			
3871,875	1,59486484527588			3871,875	1,47779381275177					3871,875	1,4642128944397	3871,875	1,26138067245483					3871,875	0,997069120407104	3871,875	0,723650097846985					3871,875	0,430702030658722	3871,875	0,239173769950867			3871,875	0,507499277591705			3871,875	0,576915323734283					3871,875	0,633096814155579	3871,875	0,673936486244202					3871,875	0,675692856311798	3871,875	0,63017612695694					3871,875	0,521195769309998	3871,875	0,434180706739426			
3875	1,59601223468781			3875	1,47693920135498					3875	1,46317601203918	3875	1,26200520992279					3875	0,99729722738266	3875	0,724066853523254					3875	0,430753827095032	3875	0,239045411348343			3875	0,510026931762695			3875	0,576402962207794					3875	0,632026433944702	3875	0,674115240573883					3875	0,676440060138702	3875	0,63122695684433					3875	0,521875500679016	3875	0,434786885976791			
3878,125	1,59450674057007			3878,125	1,48025584220886					3878,125	1,46704566478729	3878,125	1,26440870761871					3878,125	0,997843861579895	3878,125	0,723431050777435					3878,125	0,429307222366333	3878,125	0,237143248319626			3878,125	0,51060676574707			3878,125	0,581176221370697					3878,125	0,635774672031403	3878,125	0,676773905754089					3878,125	0,679900348186493	3878,125	0,634314298629761					3878,125	0,524555265903473	3878,125	0,436779648065567			
3881,25	1,59288489818573			3881,25	1,47911977767944					3881,25	1,46476423740387	3881,25	1,26402032375336					3881,25	0,999480426311493	3881,25	0,724611401557922					3881,25	0,430672258138657	3881,25	0,238389119505882			3881,25	0,50711327791214			3881,25	0,579373955726624					3881,25	0,633345007896423	3881,25	0,674838423728943					3881,25	0,678854405879974	3881,25	0,633798956871033					3881,25	0,525109469890594	3881,25	0,438003063201904			
3884,375	1,58868503570557			3884,375	1,48308181762695					3884,375	1,47242546081543	3884,375	1,26922965049744					3884,375	1,00317060947418	3884,375	0,7259920835495					3884,375	0,431339859962463	3884,375	0,238384619355202			3884,375	0,503087639808655			3884,375	0,576378583908081					3884,375	0,631534337997437	3884,375	0,676068723201752					3884,375	0,681956708431244	3884,375	0,636890470981598					3884,375	0,528654158115387	3884,375	0,44100347161293			
3887,5	1,59308195114136			3887,5	1,47938013076782					3887,5	1,46793532371521	3887,5	1,26701021194458					3887,5	1,00104463100433	3887,5	0,724768817424774					3887,5	0,430740892887115	3887,5	0,238332092761993			3887,5	0,504442274570465			3887,5	0,577564358711243					3887,5	0,633809328079224	3887,5	0,675180733203888					3887,5	0,681916415691376	3887,5	0,636937201023102					3887,5	0,527894020080566	3887,5	0,440587162971497			
3890,625	1,58979225158691			3890,625	1,47915506362915					3890,625	1,46808815002441	3890,625	1,26690900325775					3890,625	1,00193190574646	3890,625	0,725951075553894					3890,625	0,431544899940491	3890,625	0,238705158233643			3890,625	0,50436919927597			3890,625	0,576099216938019					3890,625	0,631801247596741	3890,625	0,674506783485413					3890,625	0,6817906498909	3890,625	0,637929022312164					3890,625	0,529094636440277	3890,625	0,441927343606949			
3893,75	1,59049725532532			3893,75	1,48048937320709					3893,75	1,46938598155975	3893,75	1,26812410354614					3893,75	1,0013439655304	3893,75	0,724535226821899					3893,75	0,429825186729431	3893,75	0,236817181110382			3893,75	0,506262540817261			3893,75	0,579263865947723					3893,75	0,636192321777344	3893,75	0,67935436964035					3893,75	0,684817433357239	3893,75	0,639675140380859					3893,75	0,531371891498566	3893,75	0,443623781204224			
3896,875	1,58285093307495			3896,875	1,48002696037292					3896,875	1,46873188018799	3896,875	1,26974666118622					3896,875	1,00407242774963	3896,875	0,726838111877441					3896,875	0,431472808122635	3896,875	0,238246276974678			3896,875	0,504065752029419			3896,875	0,574965178966522					3896,875	0,632412552833557	3896,875	0,676303088665009					3896,875	0,68429833650589	3896,875	0,640294075012207					3896,875	0,53304797410965	3896,875	0,445503890514374			
3900	1,58491611480713			3900	1,47854316234589					3900	1,46767091751099	3900	1,2679557800293					3900	1,00200092792511	3900	0,725146234035492					3900	0,429933190345764	3900	0,236820057034492			3900	0,498554050922394			3900	0,578048646450043					3900	0,635116338729858	3900	0,678690612316132					3900	0,686435341835022	3900	0,641913712024689					3900	0,533655345439911	3900	0,445585459470749			
3903,125	1,58497560024261			3903,125	1,47850024700165					3903,125	1,46658658981323	3903,125	1,26804161071777					3903,125	1,00251793861389	3903,125	0,725958049297333					3903,125	0,431111007928848	3903,125	0,23755969107151			3903,125	0,504926025867462			3903,125	0,576562404632568					3903,125	0,634619355201721	3903,125	0,6783087849617					3903,125	0,686437606811523	3903,125	0,641562104225159					3903,125	0,534299433231354	3903,125	0,446568548679352			
3906,25	1,58408463001251			3906,25	1,48066627979279					3906,25	1,46934604644775	3906,25	1,27071964740753					3906,25	1,00639140605927	3906,25	0,728890359401703					3906,25	0,433018654584885	3906,25	0,238628208637238			3906,25	0,502686977386475			3906,25	0,575475454330444					3906,25	0,632708251476288	3906,25	0,677219152450562					3906,25	0,687088191509247	3906,25	0,643063366413116					3906,25	0,536440670490265	3906,25	0,449090987443924			
3909,375	1,58332228660583			3909,375	1,47785174846649					3909,375	1,46772694587708	3909,375	1,2697696685791					3909,375	1,00528001785278	3909,375	0,727780401706696					3909,375	0,43204203248024	3909,375	0,238005757331848			3909,375	0,501491069793701			3909,375	0,576305091381073					3909,375	0,632763564586639	3909,375	0,677300572395325					3909,375	0,687044680118561	3909,375	0,643632888793945					3909,375	0,536638379096985	3909,375	0,448955833911896			
3912,5	1,58230233192444			3912,5	1,4748752117157					3912,5	1,46607232093811	3912,5	1,26912367343903					3912,5	1,00436890125275	3912,5	0,726836502552032					3912,5	0,432046383619308	3912,5	0,238432466983795			3912,5	0,503357410430908			3912,5	0,576230406761169					3912,5	0,631814122200012	3912,5	0,676949799060822					3912,5	0,686790645122528	3912,5	0,644288420677185					3912,5	0,536999642848969	3912,5	0,449332773685455			
3915,625	1,57912886142731			3915,625	1,47908854484558					3915,625	1,4723459482193	3915,625	1,27481377124786					3915,625	1,00917279720306	3915,625	0,729764878749847					3915,625	0,4340780377388	3915,625	0,238798186182976			3915,625	0,50069397687912			3915,625	0,572631239891052					3915,625	0,631371378898621	3915,625	0,677730262279511					3915,625	0,690027058124542	3915,625	0,647447466850281					3915,625	0,541209697723389	3915,625	0,453945577144623			
3918,75	1,58340859413147			3918,75	1,46916437149048					3918,75	1,46223247051239	3918,75	1,26670038700104					3918,75	1,00352311134338	3918,75	0,726748883724213					3918,75	0,432951956987381	3918,75	0,238514348864555			3918,75	0,497828930616379			3918,75	0,576456665992737					3918,75	0,632954001426697	3918,75	0,677491247653961					3918,75	0,687916159629822	3918,75	0,643706858158112					3918,75	0,537447333335876	3918,75	0,450230807065964			
3921,875	1,5798887014389			3921,875	1,48021817207336					3921,875	1,47618019580841	3921,875	1,27945566177368					3921,875	1,01401627063751	3921,875	0,733774244785309					3921,875	0,435522526502609	3921,875	0,239343374967575			3921,875	0,499465972185135			3921,875	0,569186449050903					3921,875	0,627526164054871	3921,875	0,673809170722961					3921,875	0,692831218242645	3921,875	0,650318086147308					3921,875	0,545716524124146	3921,875	0,458183646202087			
3925	1,58000028133392			3925	1,47121942043304					3925	1,46694684028625	3925	1,2731306552887					3925	1,01051914691925	3925	0,731952667236328					3925	0,436645835638046	3925	0,24117811024189			3925	0,497389107942581			3925	0,566882908344269					3925	0,627185821533203	3925	0,672243177890778					3925	0,687666296958923	3925	0,646643102169037					3925	0,541885614395142	3925	0,455377757549286			
3928,125	1,57792258262634			3928,125	1,47313809394836					3928,125	1,46652770042419	3928,125	1,27395701408386					3928,125	1,011394739151	3928,125	0,733128845691681					3928,125	0,437715888023376	3928,125	0,24173067510128			3928,125	0,494752645492554			3928,125	0,567720293998718					3928,125	0,625213921070099	3928,125	0,672440528869629					3928,125	0,688737571239471	3928,125	0,647145628929138					3928,125	0,543433010578156	3928,125	0,457240015268326			
3931,25	1,5772408246994			3931,25	1,46712028980255					3931,25	1,46077561378479	3931,25	1,26822757720947					3931,25	1,00636959075928	3931,25	0,729982852935791					3931,25	0,435573071241379	3931,25	0,240304216742516			3931,25	0,494290828704834			3931,25	0,572263360023499					3931,25	0,628623783588409	3931,25	0,674597084522247					3931,25	0,689471840858459	3931,25	0,646373271942139					3931,25	0,541462481021881	3931,25	0,454932779073715			
3934,375	1,57470560073853			3934,375	1,4696718454361					3934,375	1,46346199512482	3934,375	1,27224361896515					3934,375	1,00883102416992	3934,375	0,731072306632996					3934,375	0,435735553503037	3934,375	0,23957984149456			3934,375	0,491062998771667			3934,375	0,570826649665833					3934,375	0,629817545413971	3934,375	0,674962103366852					3934,375	0,691926181316376	3934,375	0,648842036724091					3934,375	0,543742537498474	3934,375	0,457146883010864			
3937,5	1,57682085037231			3937,5	1,47236442565918					3937,5	1,46668541431427	3937,5	1,27568387985229					3937,5	1,01256346702576	3937,5	0,73282516002655					3937,5	0,437460094690323	3937,5	0,240694582462311			3937,5	0,490388125181198			3937,5	0,568652391433716					3937,5	0,628490626811981	3937,5	0,673455953598022					3937,5	0,692980170249939	3937,5	0,65107399225235					3937,5	0,546695590019226	3937,5	0,460547238588333			
3940,625	1,57555210590363			3940,625	1,47157025337219					3940,625	1,46619737148285	3940,625	1,27451062202454					3940,625	1,01090753078461	3940,625	0,731362283229828					3940,625	0,43665137887001	3940,625	0,239950180053711			3940,625	0,491581708192825			3940,625	0,569910883903503					3940,625	0,629854500293732	3940,625	0,67526239156723					3940,625	0,694580256938934	3940,625	0,652135252952576					3940,625	0,547497868537903	3940,625	0,461072325706482			
3943,75	1,57327032089233			3943,75	1,46937143802643					3943,75	1,46305048465729	3943,75	1,27290284633636					3943,75	1,00910544395447	3943,75	0,730844616889954					3943,75	0,436158448457718	3943,75	0,239757597446442			3943,75	0,493403255939484			3943,75	0,57133674621582					3943,75	0,631295263767242	3943,75	0,676197409629822					3943,75	0,695591151714325	3943,75	0,651782929897308					3943,75	0,5469691157341	3943,75	0,460351824760437			
3946,875	1,57185554504395			3946,875	1,46959066390991					3946,875	1,46407473087311	3946,875	1,27555334568024					3946,875	1,01311421394348	3946,875	0,734090209007263					3946,875	0,438229620456696	3946,875	0,240966409444809			3946,875	0,490813016891479			3946,875	0,565895915031433					3946,875	0,626149594783783	3946,875	0,6738161444664					3946,875	0,694637358188629	3946,875	0,652328610420227					3946,875	0,548999607563019	3946,875	0,462856739759445			
3950	1,57246434688568			3950	1,46894884109497					3950	1,46455931663513	3950	1,27597260475159					3950	1,01496934890747	3950	0,736377120018005					3950	0,440532714128494	3950	0,24238845705986			3950	0,492240250110626			3950	0,562655866146088					3950	0,620691001415253	3950	0,669493556022644					3950	0,692928016185761	3950	0,652114748954773					3950	0,550075173377991	3950	0,464779704809189			
3953,125	1,57346069812775			3953,125	1,46923089027405					3953,125	1,46656048297882	3953,125	1,2755343914032					3953,125	1,01556193828583	3953,125	0,736387193202972					3953,125	0,440354019403458	3953,125	0,241839677095413			3953,125	0,490477085113525			3953,125	0,563688814640045					3953,125	0,622979581356049	3953,125	0,670791327953339					3953,125	0,694880902767181	3953,125	0,654203236103058					3953,125	0,551291704177856	3953,125	0,465770363807678			
3956,25	1,57360100746155			3956,25	1,46718156337738					3956,25	1,46309518814087	3956,25	1,27358818054199					3956,25	1,01417911052704	3956,25	0,735357999801636					3956,25	0,440034806728363	3956,25	0,241768524050713			3956,25	0,486453503370285			3956,25	0,564232051372528					3956,25	0,626354098320007	3956,25	0,670883595943451					3956,25	0,695498704910278	3956,25	0,65425843000412					3956,25	0,55126017332077	3956,25	0,466042190790176			
3959,375	1,57222545146942			3959,375	1,46618759632111					3959,375	1,46114802360535	3959,375	1,27524125576019					3959,375	1,01717686653137	3959,375	0,738049983978271					3959,375	0,442748755216599	3959,375	0,243955507874489			3959,375	0,489081352949142			3959,375	0,560159623622894					3959,375	0,621761560440063	3959,375	0,667161464691162					3959,375	0,692548930644989	3959,375	0,652675747871399					3959,375	0,55185467004776	3959,375	0,46738538146019			
3962,5	1,56721699237823			3962,5	1,46886515617371					3962,5	1,46711361408234	3962,5	1,27840805053711					3962,5	1,01961290836334	3962,5	0,738566756248474					3962,5	0,44164514541626	3962,5	0,241818934679031			3962,5	0,490689247846603			3962,5	0,560176312923431					3962,5	0,6218221783638	3962,5	0,668930172920227					3962,5	0,697596192359924	3962,5	0,656515419483185					3962,5	0,554913222789764	3962,5	0,470042914152145			
3965,625	1,57167768478394			3965,625	1,46757376194					3965,625	1,46603035926819	3965,625	1,27724230289459					3965,625	1,01571953296661	3965,625	0,735010325908661					3965,625	0,438940525054932	3965,625	0,239177420735359			3965,625	0,486929208040237			3965,625	0,565627038478851					3965,625	0,627409934997559	3965,625	0,672586917877197					3965,625	0,70130980014801	3965,625	0,657886326313019					3965,625	0,554614961147308	3965,625	0,468980997800827			
3968,75	1,56809556484222			3968,75	1,46765792369843					3968,75	1,46663403511047	3968,75	1,27776885032654					3968,75	1,01708841323853	3968,75	0,735799252986908					3968,75	0,439910590648651	3968,75	0,239274114370346			3968,75	0,485787630081177			3968,75	0,565057158470154					3968,75	0,626456499099731	3968,75	0,673338532447815					3968,75	0,70241379737854	3968,75	0,659281492233276					3968,75	0,556153178215027	3968,75	0,470773786306381			
3971,875	1,56608986854553			3971,875	1,46936333179474					3971,875	1,46726179122925	3971,875	1,27866625785828					3971,875	1,02148389816284	3971,875	0,737719357013702					3971,875	0,440127819776535	3971,875	0,238807305693626			3971,875	0,485308885574341			3971,875	0,562937617301941					3971,875	0,624750375747681	3971,875	0,673455774784088					3971,875	0,703336536884308	3971,875	0,661944806575775					3971,875	0,558619201183319	3971,875	0,473601847887039			
3975	1,5672242641449			3975	1,47335302829742					3975	1,47408080101013	3975	1,28463864326477					3975	1,02426898479462	3975	0,739920079708099					3975	0,440531820058823	3975	0,238557100296021			3975	0,483937859535217			3975	0,562699019908905					3975	0,625400304794312	3975	0,674027025699615					3975	0,707205533981323	3975	0,664959967136383					3975	0,56229555606842	3975	0,477377712726593			
3978,125	1,56437122821808			3978,125	1,46956741809845					3978,125	1,46887481212616	3978,125	1,28285491466522					3978,125	1,02276575565338	3978,125	0,739984750747681					3978,125	0,442208170890808	3978,125	0,240888074040413			3978,125	0,482242852449417			3978,125	0,560763895511627					3978,125	0,623532950878143	3978,125	0,671318888664246					3978,125	0,704211056232452	3978,125	0,662273943424225					3978,125	0,560359120368958	3978,125	0,476401597261429			
3981,25	1,56434905529022			3981,25	1,46501076221466					3981,25	1,46209836006165	3981,25	1,27792024612427					3981,25	1,02129328250885	3981,25	0,73934805393219					3981,25	0,443479955196381	3981,25	0,242814153432846			3981,25	0,485953569412231			3981,25	0,559306561946869					3981,25	0,622538626194	3981,25	0,668043255805969					3981,25	0,700689256191254	3981,25	0,659658014774323					3981,25	0,557762980461121	3981,25	0,474743962287903			
3984,375	1,57010579109192			3984,375	1,46383321285248					3984,375	1,46399927139282	3984,375	1,27923238277435					3984,375	1,02374637126923	3984,375	0,741025388240814					3984,375	0,444599956274033	3984,375	0,243737503886223			3984,375	0,481729477643967			3984,375	0,556744575500488					3984,375	0,619187533855438	3984,375	0,666047990322113					3984,375	0,701225757598877	3984,375	0,659128427505493					3984,375	0,558547258377075	3984,375	0,476243168115616			
3987,5	1,56798315048218			3987,5	1,46294021606445					3987,5	1,46408903598785	3987,5	1,27829837799072					3987,5	1,02223694324493	3987,5	0,740163326263428					3987,5	0,443324357271194	3987,5	0,242511704564095			3987,5	0,480377495288849			3987,5	0,559381246566772					3987,5	0,622513055801392	3987,5	0,669583380222321					3987,5	0,704920411109924	3987,5	0,661363899707794					3987,5	0,5587038397789	3987,5	0,476374298334122			
3990,625	1,5664986371994			3990,625	1,46678125858307					3990,625	1,46855521202087	3990,625	1,28235375881195					3990,625	1,02507781982422	3990,625	0,740877032279968					3990,625	0,443165957927704	3990,625	0,242087975144386			3990,625	0,482083410024643			3990,625	0,55960601568222					3990,625	0,624611437320709	3990,625	0,67106306552887					3990,625	0,708003044128418	3990,625	0,665033280849457					3990,625	0,562007784843445	3990,625	0,480182498693466			
3993,75	1,56344556808472			3993,75	1,46472609043121					3993,75	1,4670797586441	3993,75	1,28081738948822					3993,75	1,02478957176208	3993,75	0,739911139011383					3993,75	0,442329078912735	3993,75	0,241393953561783			3993,75	0,48326188325882			3993,75	0,559717416763306					3993,75	0,623724102973938	3993,75	0,670256555080414					3993,75	0,708347678184509	3993,75	0,664848327636719					3993,75	0,562403500080109	3993,75	0,480234861373901			
3996,875	1,56236243247986			3996,875	1,46456527709961					3996,875	1,46838116645813	3996,875	1,28233075141907					3996,875	1,02543044090271	3996,875	0,739913880825043					3996,875	0,441279053688049	3996,875	0,240017011761665			3996,875	0,478969782590866			3996,875	0,559768199920654					3996,875	0,623975574970245	3996,875	0,671173572540283					3996,875	0,710433423519135	3996,875	0,666593194007874					3996,875	0,564074754714966	3996,875	0,48164227604866			
4000	1,56529998779297			4000	1,46955049037933					4000	1,47380709648132	4000	1,28686439990997					4000	1,02841460704803	4000	0,740378201007843					4000	0,439571052789688	4000	0,237384214997292			4000	0,478618502616882			4000	0,561726629734039					4000	0,629076361656189	4000	0,674902379512787					4000	0,716481626033783	4000	0,672530055046082					4000	0,568462491035461	4000	0,485372573137283			
4003,125	1,56099510192871			4003,125	1,46601819992065					4003,125	1,47244727611542	4003,125	1,28450441360474					4003,125	1,02992510795593	4003,125	0,741750359535217					4003,125	0,441315978765488	4003,125	0,23946239054203			4003,125	0,477762073278427			4003,125	0,558669090270996					4003,125	0,625886797904968	4003,125	0,671929478645325					4003,125	0,715101420879364	4003,125	0,670671403408051					4003,125	0,567917585372925	4003,125	0,486002862453461			
4006,25	1,56578803062439			4006,25	1,46461081504822					4006,25	1,47127032279968	4006,25	1,28486287593842					4006,25	1,03075075149536	4006,25	0,741379737854004					4006,25	0,442413002252579	4006,25	0,240303322672844			4006,25	0,478036165237427			4006,25	0,557156383991241					4006,25	0,62323933839798	4006,25	0,671358048915863					4006,25	0,713577091693878	4006,25	0,670201361179352					4006,25	0,567636728286743	4006,25	0,486423224210739			
4009,375	1,5646299123764			4009,375	1,46332883834839					4009,375	1,47044098377228	4009,375	1,28609311580658					4009,375	1,03280580043793	4009,375	0,742796838283539					4009,375	0,443234980106354	4009,375	0,241310000419617			4009,375	0,476109325885773			4009,375	0,555310845375061					4009,375	0,621989071369171	4009,375	0,670038878917694					4009,375	0,713220477104187	4009,375	0,670755863189697					4009,375	0,568346440792084	4009,375	0,487404227256775			
4012,5	1,56409573554993			4012,5	1,46159052848816					4012,5	1,47044086456299	4012,5	1,28463697433472					4012,5	1,03245580196381	4012,5	0,742502212524414					4012,5	0,442278206348419	4012,5	0,24053543806076			4012,5	0,477743685245514			4012,5	0,558509111404419					4012,5	0,623858213424683	4012,5	0,671805799007416					4012,5	0,715328812599182	4012,5	0,671408116817474					4012,5	0,56893926858902	4012,5	0,488108426332474			
4015,625	1,56317949295044			4015,625	1,46404540538788					4015,625	1,47159004211426	4015,625	1,28605806827545					4015,625	1,03383457660675	4015,625	0,742092907428741					4015,625	0,441999584436417	4015,625	0,240012541413307			4015,625	0,474255293607712			4015,625	0,559872984886169					4015,625	0,623923122882843	4015,625	0,671798467636108					4015,625	0,717268824577332	4015,625	0,673027575016022					4015,625	0,570600628852844	4015,625	0,489879071712494			
4018,75	1,56046164035797			4018,75	1,46470868587494					4018,75	1,47346353530884	4018,75	1,28571701049805					4018,75	1,03474640846252	4018,75	0,742188990116119					4018,75	0,44209086894989	4018,75	0,239835485816002			4018,75	0,477740556001663			4018,75	0,557024598121643					4018,75	0,622534096240997	4018,75	0,670999228954315					4018,75	0,717787027359009	4018,75	0,67537260055542					4018,75	0,57193523645401	4018,75	0,491635411977768			
4021,875	1,56325685977936			4021,875	1,46440732479095					4021,875	1,47343420982361	4021,875	1,28751611709595					4021,875	1,03652107715607	4021,875	0,744001030921936					4021,875	0,442456752061844	4021,875	0,239687561988831			4021,875	0,470837950706482			4021,875	0,55429071187973					4021,875	0,620623111724854	4021,875	0,671187877655029					4021,875	0,71861606836319	4021,875	0,67737078666687					4021,875	0,57344788312912	4021,875	0,493242532014847			
4025	1,56229722499847			4025	1,4636617898941					4025	1,47391128540039	4025	1,28850281238556					4025	1,03784549236298	4025	0,744239151477814					4025	0,442365378141403	4025	0,239634424448013			4025	0,472314953804016			4025	0,555840194225311					4025	0,621376276016235	4025	0,67155659198761					4025	0,720447063446045	4025	0,678548991680145					4025	0,575068771839142	4025	0,494559496641159			
4028,125	1,56548702716827			4028,125	1,45648789405823					4028,125	1,46857309341431	4028,125	1,28431403636932					4028,125	1,03610718250275	4028,125	0,742419183254242					4028,125	0,442646026611328	4028,125	0,240992039442062			4028,125	0,47396394610405			4028,125	0,555111765861511					4028,125	0,622262358665466	4028,125	0,669190764427185					4028,125	0,717137396335602	4028,125	0,675797581672668					4028,125	0,572675287723541	4028,125	0,492208331823349			
4031,25	1,56237149238586			4031,25	1,45982825756073					4031,25	1,47480547428131	4031,25	1,29238128662109					4031,25	1,04441797733307	4031,25	0,749808549880981					4031,25	0,447322398424149	4031,25	0,244612216949463			4031,25	0,472373008728027			4031,25	0,549348711967468					4031,25	0,614150762557983	4031,25	0,6644406914711					4031,25	0,715528726577759	4031,25	0,67716258764267					4031,25	0,575410068035126	4031,25	0,496352851390839			
4034,375	1,56189846992493			4034,375	1,4607173204422					4034,375	1,4752653837204	4034,375	1,28987228870392					4034,375	1,04312109947205	4034,375	0,749217331409454					4034,375	0,445989847183228	4034,375	0,243238851428032			4034,375	0,466598510742188			4034,375	0,550060451030731					4034,375	0,615240633487701	4034,375	0,666144728660584					4034,375	0,71851646900177	4034,375	0,678839981555939					4034,375	0,576838970184326	4034,375	0,497547268867493			
4037,5	1,55854880809784			4037,5	1,46229779720306					4037,5	1,47778344154358	4037,5	1,29127085208893					4037,5	1,04268801212311	4037,5	0,747822642326355					4037,5	0,442806959152222	4037,5	0,24001656472683			4037,5	0,468829393386841			4037,5	0,554186284542084					4037,5	0,620462000370026	4037,5	0,671877086162567					4037,5	0,72374427318573	4037,5	0,681897640228271					4037,5	0,578796744346619	4037,5	0,498821079730988			
4040,625	1,5583781003952			4040,625	1,454953789711					4040,625	1,47056555747986	4040,625	1,28895998001099					4040,625	1,04353368282318	4040,625	0,75224244594574					4040,625	0,448349684476852	4040,625	0,24620333313942			4040,625	0,46806412935257			4040,625	0,544942796230316					4040,625	0,609269440174103	4040,625	0,661628246307373					4040,625	0,714580059051514	4040,625	0,675560235977173					4040,625	0,575118899345398	4040,625	0,497515022754669			
4043,75	1,55815410614014			4043,75	1,45750761032104					4043,75	1,47479832172394	4043,75	1,29221045970917					4043,75	1,04695844650269	4043,75	0,752494156360626					4043,75	0,447583645582199	4043,75	0,244001731276512			4043,75	0,465301990509033			4043,75	0,546673774719238					4043,75	0,611985504627228	4043,75	0,663715541362762					4043,75	0,71856427192688	4043,75	0,679343461990356					4043,75	0,578786492347717	4043,75	0,500947594642639			
4046,875	1,56201219558716			4046,875	1,45782566070557					4046,875	1,47519290447235	4046,875	1,29259371757507					4046,875	1,05100619792938	4046,875	0,753932535648346					4046,875	0,447845935821533	4046,875	0,244442120194435			4046,875	0,471858948469162			4046,875	0,546786367893219					4046,875	0,609286665916443	4046,875	0,661669373512268					4046,875	0,718784391880035	4046,875	0,681250631809235					4046,875	0,579942345619202	4046,875	0,502645015716553			
4050	1,56203722953796			4050	1,45778727531433					4050	1,47690534591675	4050	1,29325783252716					4050	1,05153954029083	4050	0,755341291427612					4050	0,449402272701263	4050	0,246029064059258			4050	0,469696909189224			4050	0,545169949531555					4050	0,60706752538681	4050	0,659689545631409					4050	0,71905779838562	4050	0,681315898895264					4050	0,580916047096252	4050	0,504198610782623			
4053,125	1,56053876876831			4053,125	1,45633554458618					4053,125	1,47336184978485	4053,125	1,29035925865173					4053,125	1,04858696460724	4053,125	0,752043128013611					4053,125	0,446125239133835	4053,125	0,243704259395599			4053,125	0,470865786075592			4053,125	0,548091530799866					4053,125	0,611280739307404	4053,125	0,663717985153198					4053,125	0,720559060573578	4053,125	0,680310785770416					4053,125	0,580267369747162	4053,125	0,503341913223267			
4056,25	1,55888533592224			4056,25	1,45900082588196					4056,25	1,47743284702301	4056,25	1,29515993595123					4056,25	1,05407512187958	4056,25	0,754754543304443					4056,25	0,447242617607117	4056,25	0,243842869997025			4056,25	0,464994877576828			4056,25	0,54594361782074					4056,25	0,608013272285461	4056,25	0,663040995597839					4056,25	0,722077488899231	4056,25	0,684629321098328					4056,25	0,583949148654938	4056,25	0,506638646125793			
4059,375	1,5606609582901			4059,375	1,45453786849976					4059,375	1,47241353988647	4059,375	1,2904976606369					4059,375	1,05053532123566	4059,375	0,752579212188721					4059,375	0,446236103773117	4059,375	0,243813782930374			4059,375	0,458811312913895			4059,375	0,547630548477173					4059,375	0,609876036643982	4059,375	0,664599239826202					4059,375	0,719998478889465	4059,375	0,682602643966675					4059,375	0,582122266292572	4059,375	0,504230678081512			
4062,5	1,56276178359985			4062,5	1,45503628253937					4062,5	1,47280251979828	4062,5	1,29279363155365					4062,5	1,05641436576843	4062,5	0,757690906524658					4062,5	0,450424432754517	4062,5	0,247798472642899			4062,5	0,463596493005753			4062,5	0,541630923748016					4062,5	0,60301798582077	4062,5	0,659420132637024					4062,5	0,716395437717438	4062,5	0,681516349315643					4062,5	0,583230435848236	4062,5	0,506659626960754			
4065,625	1,55739629268646			4065,625	1,4553964138031					4065,625	1,47439432144165	4065,625	1,29555010795593					4065,625	1,05762255191803	4065,625	0,756492495536804					4065,625	0,448131591081619	4065,625	0,245124891400337			4065,625	0,461060971021652			4065,625	0,544462859630585					4065,625	0,606493711471558	4065,625	0,662409901618958					4065,625	0,721362292766571	4065,625	0,685691893100739					4065,625	0,58622819185257	4065,625	0,509617745876312			
4068,75	1,56021809577942			4068,75	1,45302832126617					4068,75	1,47372651100159	4068,75	1,29527032375336					4068,75	1,05776309967041	4068,75	0,757084310054779					4068,75	0,448006719350815	4068,75	0,245575860142708			4068,75	0,460119813680649			4068,75	0,544049143791199					4068,75	0,606764435768127	4068,75	0,660737276077271					4068,75	0,720833480358124	4068,75	0,68549120426178					4068,75	0,586095571517944	4068,75	0,509138405323029			
4071,875	1,55825853347778			4071,875	1,45093607902527					4071,875	1,47435164451599	4071,875	1,29475653171539					4071,875	1,05901718139648	4071,875	0,757922530174255					4071,875	0,449179619550705	4071,875	0,247296378016472			4071,875	0,461489707231522			4071,875	0,542566239833832					4071,875	0,604846715927124	4071,875	0,657730937004089					4071,875	0,717913925647736	4071,875	0,684784233570099					4071,875	0,586490392684937	4071,875	0,510089695453644			
4075	1,55890560150146			4075	1,45761275291443					4075	1,48036408424377	4075	1,29938995838165					4075	1,06125974655151	4075	0,756251633167267					4075	0,446348130702972	4075	0,243333980441093			4075	0,462991893291473			4075	0,547598838806152					4075	0,60979437828064	4075	0,665167927742004					4075	0,724571287631989	4075	0,690903127193451					4075	0,591696381568909	4075	0,514391005039215			
4078,125	1,55993628501892			4078,125	1,45596086978912					4078,125	1,47762227058411	4078,125	1,29833078384399					4078,125	1,0607830286026	4078,125	0,755840837955475					4078,125	0,44593745470047	4078,125	0,241766512393951			4078,125	0,458740711212158			4078,125	0,547972679138184					4078,125	0,609654903411865	4078,125	0,664781332015991					4078,125	0,724754273891449	4078,125	0,690917789936066					4078,125	0,591952264308929	4078,125	0,514219582080841			
4081,25	1,55994093418121			4081,25	1,45576167106628					4081,25	1,48109710216522	4081,25	1,30018186569214					4081,25	1,06462872028351	4081,25	0,757671535015106					4081,25	0,447305560112	4081,25	0,241535916924477			4081,25	0,457806050777435			4081,25	0,546785295009613					4081,25	0,609170734882355	4081,25	0,664493978023529					4081,25	0,72502875328064	4081,25	0,692664861679077					4081,25	0,594098687171936	4081,25	0,51680326461792			
4084,375	1,55790364742279			4084,375	1,45287811756134					4084,375	1,47986876964569	4084,375	1,30067455768585					4084,375	1,06731474399567	4084,375	0,760103642940521					4084,375	0,449478149414063	4084,375	0,244385629892349			4084,375	0,461119621992111			4084,375	0,541872143745422					4084,375	0,601480066776276	4084,375	0,659007370471954					4084,375	0,720743954181671	4084,375	0,69082123041153					4084,375	0,593409955501556	4084,375	0,516670942306519			
4087,5	1,56045246124268			4087,5	1,45541775226593					4087,5	1,48199677467346	4087,5	1,30272960662842					4087,5	1,0683878660202	4087,5	0,759152412414551					4087,5	0,447697967290878	4087,5	0,242827475070953			4087,5	0,459044486284256			4087,5	0,544349253177643					4087,5	0,605424463748932	4087,5	0,662168860435486					4087,5	0,724851846694946	4087,5	0,694703221321106					4087,5	0,596047639846802	4087,5	0,518907964229584			
4090,625	1,56008017063141			4090,625	1,44958162307739					4090,625	1,47591483592987	4090,625	1,29812622070313					4090,625	1,06643903255463	4090,625	0,759587943553925					4090,625	0,45001345872879	4090,625	0,246092364192009			4090,625	0,458060711622238			4090,625	0,540026545524597					4090,625	0,601259052753448	4090,625	0,657302916049957					4090,625	0,719341456890106	4090,625	0,689590811729431					4090,625	0,592515885829926	4090,625	0,516519606113434			
4093,75	1,55642604827881			4093,75	1,45181035995483					4093,75	1,47951197624207	4093,75	1,30185639858246					4093,75	1,07409822940826	4093,75	0,765961527824402					4093,75	0,454729318618774	4093,75	0,249872967600822			4093,75	0,456742584705353			4093,75	0,533782124519348					4093,75	0,594785451889038	4093,75	0,652026295661926					4093,75	0,716704726219177	4093,75	0,690549910068512					4093,75	0,595299899578094	4093,75	0,520261466503143			
4096,875	1,55737996101379			4096,875	1,45097291469574					4096,875	1,47869002819061	4096,875	1,29944336414337					4096,875	1,07131624221802	4096,875	0,761921286582947					4096,875	0,450734406709671	4096,875	0,245748147368431			4096,875	0,456455767154694			4096,875	0,539940655231476					4096,875	0,600879311561584	4096,875	0,658175706863403					4096,875	0,72043389081955	4096,875	0,693493485450745					4096,875	0,596274077892303	4096,875	0,520511865615845			
4100	1,55550146102905			4100	1,45378136634827					4100	1,4842883348465	4100	1,30480134487152					4100	1,07425725460052	4100	0,763219654560089					4100	0,451178431510925	4100	0,245189353823662			4100	0,453481197357178			4100	0,538713276386261					4100	0,598771333694458	4100	0,660494804382324					4100	0,722400307655334	4100	0,695727109909058					4100	0,599486172199249	4100	0,523739814758301			
4103,125	1,55542051792145			4103,125	1,4531044960022					4103,125	1,48252081871033	4103,125	1,30429816246033					4103,125	1,07511496543884	4103,125	0,764475703239441					4103,125	0,451583206653595	4103,125	0,24593560397625			4103,125	0,45546093583107			4103,125	0,538154363632202					4103,125	0,597830474376678	4103,125	0,657309591770172					4103,125	0,720895528793335	4103,125	0,696449220180511					4103,125	0,600253283977509	4103,125	0,524630069732666			
4106,25	1,55842041969299			4106,25	1,4492734670639					4106,25	1,47776758670807	4106,25	1,29996919631958					4106,25	1,07316851615906	4106,25	0,763558983802795					4106,25	0,45056289434433	4106,25	0,245186001062393			4106,25	0,453878134489059			4106,25	0,538769245147705					4106,25	0,598720550537109	4106,25	0,656629920005798					4106,25	0,718901574611664	4106,25	0,695489466190338					4106,25	0,599484860897064	4106,25	0,523626625537872			
4109,375	1,55783605575562			4109,375	1,45388042926788					4109,375	1,48195195198059	4109,375	1,30440640449524					4109,375	1,07704627513885	4109,375	0,762343466281891					4109,375	0,449181616306305	4109,375	0,242822766304016			4109,375	0,456905514001846			4109,375	0,542065143585205					4109,375	0,602247774600983	4109,375	0,661023497581482					4109,375	0,722395896911621	4109,375	0,700827717781067					4109,375	0,603317379951477	4109,375	0,527017533779144			
4112,5	1,55594229698181			4112,5	1,45277142524719					4112,5	1,48271644115448	4112,5	1,30618596076965					4112,5	1,08003354072571	4112,5	0,766191303730011					4112,5	0,454704433679581	4112,5	0,247830212116241			4112,5	0,451104134321213			4112,5	0,536339104175568					4112,5	0,597735404968262	4112,5	0,655905067920685					4112,5	0,716233193874359	4112,5	0,699588596820831					4112,5	0,603593528270721	4112,5	0,528548181056976			
4115,625	1,55881893634796			4115,625	1,45148921012878					4115,625	1,48141503334045	4115,625	1,30535638332367					4115,625	1,07963299751282	4115,625	0,766707599163055					4115,625	0,454754024744034	4115,625	0,247892990708351			4115,625	0,45546755194664			4115,625	0,534332513809204					4115,625	0,595980763435364	4115,625	0,654593586921692					4115,625	0,717226445674896	4115,625	0,699272513389587					4115,625	0,604084134101868	4115,625	0,52917218208313			
4118,75	1,55775022506714			4118,75	1,45330989360809					4118,75	1,48314821720123	4118,75	1,30558395385742					4118,75	1,07923555374146	4118,75	0,765022933483124					4118,75	0,452794283628464	4118,75	0,245265454053879			4118,75	0,455087333917618			4118,75	0,536019265651703					4118,75	0,597825050354004	4118,75	0,65643972158432					4118,75	0,719415366649628	4118,75	0,701122462749481					4118,75	0,605515718460083	4118,75	0,530809938907623			
4121,875	1,5540109872818			4121,875	1,44969689846039					4121,875	1,48102366924286	4121,875	1,30380356311798					4121,875	1,07685136795044	4121,875	0,763658821582794					4121,875	0,451588720083237	4121,875	0,244678691029549			4121,875	0,449722766876221			4121,875	0,536113739013672					4121,875	0,596331000328064	4121,875	0,655678153038025					4121,875	0,717711567878723	4121,875	0,701341271400452					4121,875	0,604801297187805	4121,875	0,530234575271606			
4125	1,55673480033875			4125	1,4504086971283					4125	1,48442935943604	4125	1,30935955047607					4125	1,0828150510788	4125	0,770740330219269					4125	0,456136763095856	4125	0,249050334095955			4125	0,449942409992218			4125	0,528909683227539					4125	0,589872241020203	4125	0,650843024253845					4125	0,714186549186707	4125	0,703344345092773					4125	0,60780930519104	4125	0,533718109130859			
4128,125	1,55750823020935			4128,125	1,45127725601196					4128,125	1,48493039608002	4128,125	1,30848658084869					4128,125	1,08266925811768	4128,125	0,770530760288239					4128,125	0,455806970596313	4128,125	0,248993158340454			4128,125	0,451028764247894			4128,125	0,529993295669556					4128,125	0,5886190533638	4128,125	0,651565372943878					4128,125	0,713745176792145	4128,125	0,702848017215729					4128,125	0,608019471168518	4128,125	0,534589409828186			
4131,25	1,55719232559204			4131,25	1,44904482364655					4131,25	1,48501002788544	4131,25	1,30618822574615					4131,25	1,07976686954498	4131,25	0,768585979938507					4131,25	0,45447501540184	4131,25	0,247787028551102			4131,25	0,453681707382202			4131,25	0,531338274478912					4131,25	0,591061472892761	4131,25	0,652522444725037					4131,25	0,714033186435699	4131,25	0,703027963638306					4131,25	0,608009696006775	4131,25	0,534473240375519			
4134,375	1,55980265140533			4134,375	1,45189797878265					4134,375	1,49160861968994	4134,375	1,30985796451569					4134,375	1,08390617370605	4134,375	0,770475029945374					4134,375	0,455436140298843	4134,375	0,247329458594322			4134,375	0,451150089502335			4134,375	0,531601846218109					4134,375	0,591691553592682	4134,375	0,651827454566956					4134,375	0,714557647705078	4134,375	0,707397222518921					4134,375	0,611826360225677	4134,375	0,538090646266937			
4137,5	1,5533549785614			4137,5	1,45099914073944					4137,5	1,48930633068085	4137,5	1,30935680866241					4137,5	1,08474278450012	4137,5	0,770385146141052					4137,5	0,455786317586899	4137,5	0,247014418244362			4137,5	0,45184063911438			4137,5	0,532846391201019					4137,5	0,589633345603943	4137,5	0,653159022331238					4137,5	0,715345501899719	4137,5	0,707649648189545					4137,5	0,611819744110107	4137,5	0,538614869117737			
4140,625	1,55852210521698			4140,625	1,44761407375336					4140,625	1,48548114299774	4140,625	1,30752062797546					4140,625	1,08247995376587	4140,625	0,770131170749664					4140,625	0,457172244787216	4140,625	0,24899722635746			4140,625	0,449971407651901			4140,625	0,530891835689545					4140,625	0,585560858249664	4140,625	0,649711191654205					4140,625	0,712823450565338	4140,625	0,704318046569824					4140,625	0,609735667705536	4140,625	0,536872327327728			
4143,75	1,55997800827026			4143,75	1,45005834102631					4143,75	1,49145698547363	4143,75	1,31337082386017					4143,75	1,08672630786896	4143,75	0,773905992507935					4143,75	0,459148973226547	4143,75	0,250158429145813			4143,75	0,449347466230392			4143,75	0,525941848754883					4143,75	0,5812908411026	4143,75	0,649672627449036					4143,75	0,712514877319336	4143,75	0,707804620265961					4143,75	0,614509165287018	4143,75	0,541394293308258			
4146,875	1,56144118309021			4146,875	1,44606995582581					4146,875	1,48657310009003	4146,875	1,30919635295868					4146,875	1,08345544338226	4146,875	0,772409498691559					4146,875	0,457540959119797	4146,875	0,249347656965256			4146,875	0,450896233320236			4146,875	0,528318047523499					4146,875	0,585118353366852	4146,875	0,651065766811371					4146,875	0,7109335064888	4146,875	0,707539200782776					4146,875	0,612899124622345	4146,875	0,539986252784729			
4150	1,55914080142975			4150	1,45011174678802					4150	1,49396955966949	4150	1,31223881244659					4150	1,08744812011719	4150	0,778743207454681					4150	0,460867702960968	4150	0,251769065856934			4150	0,45108625292778			4150	0,52405709028244					4150	0,580527663230896	4150	0,649043917655945					4150	0,709863245487213	4150	0,710583448410034					4150	0,616655290126801	4150	0,545096516609192			
4153,125	1,55366659164429			4153,125	1,45182490348816					4153,125	1,49372625350952	4153,125	1,31485438346863					4153,125	1,0873064994812	4153,125	0,774446129798889					4153,125	0,456544190645218	4153,125	0,247316524386406			4153,125	0,448532909154892			4153,125	0,529835343360901					4153,125	0,585723757743835	4153,125	0,651575565338135					4153,125	0,716599881649017	4153,125	0,715329110622406					4153,125	0,619642674922943	4153,125	0,546428859233856			
4156,25	1,55661010742188			4156,25	1,45060658454895					4156,25	1,49412357807159	4156,25	1,31586074829102					4156,25	1,08848083019257	4156,25	0,776025712490082					4156,25	0,458016037940979	4156,25	0,248200267553329			4156,25	0,445725977420807			4156,25	0,527118802070618					4156,25	0,58400171995163	4156,25	0,651585519313812					4156,25	0,714490830898285	4156,25	0,715392708778381					4156,25	0,620831072330475	4156,25	0,547934949398041			
4159,375	1,55291414260864			4159,375	1,44225478172302					4159,375	1,48846244812012	4159,375	1,30991959571838					4159,375	1,08322274684906	4159,375	0,774612665176392					4159,375	0,458973675966263	4159,375	0,249884083867073			4159,375	0,447778642177582			4159,375	0,524920105934143					4159,375	0,58015638589859	4159,375	0,6485675573349					4159,375	0,709972739219666	4159,375	0,711087584495544					4159,375	0,617213904857636	4159,375	0,545257747173309			
4162,5	1,55371618270874			4162,5	1,44701719284058					4162,5	1,49195802211761	4162,5	1,31433892250061					4162,5	1,08815765380859	4162,5	0,779069304466248					4162,5	0,462088972330093	4162,5	0,252198606729507			4162,5	0,443971306085587			4162,5	0,522075712680817					4162,5	0,574157178401947	4162,5	0,645396828651428					4162,5	0,710323214530945	4162,5	0,713712215423584					4162,5	0,619857251644135	4162,5	0,549497067928314			
4165,625	1,55368554592133			4165,625	1,44715714454651					4165,625	1,49300253391266	4165,625	1,31711900234222					4165,625	1,09001040458679	4165,625	0,781153321266174					4165,625	0,462689578533173	4165,625	0,252473771572113			4165,625	0,443078964948654			4165,625	0,522762835025787					4165,625	0,57602858543396	4165,625	0,646004319190979					4165,625	0,71124804019928	4165,625	0,715482592582703					4165,625	0,621391892433167	4165,625	0,550396382808685			
4168,75	1,55306613445282			4168,75	1,44582831859589					4168,75	1,4918977022171	4168,75	1,3172835111618					4168,75	1,0893087387085	4168,75	0,781749486923218					4168,75	0,462880700826645	4168,75	0,253052145242691			4168,75	0,447039991617203			4168,75	0,522451817989349					4168,75	0,573867321014404	4168,75	0,644299507141113					4168,75	0,709583759307861	4168,75	0,714996695518494					4168,75	0,621323525905609	4168,75	0,550595223903656			
4171,875	1,55534386634827			4171,875	1,44373691082001					4171,875	1,49070227146149	4171,875	1,31495845317841					4171,875	1,08730411529541	4171,875	0,781941592693329					4171,875	0,463032752275467	4171,875	0,253037422895432			4171,875	0,448724985122681			4171,875	0,521808803081512					4171,875	0,572280406951904	4171,875	0,644191026687622					4171,875	0,707911729812622	4171,875	0,71376234292984					4171,875	0,621019244194031	4171,875	0,550585150718689			
4175	1,55395710468292			4175	1,44375002384186					4175	1,4906884431839	4175	1,31329262256622					4175	1,08474767208099	4175	0,780648052692413					4175	0,460981130599976	4175	0,250346779823303			4175	0,448326021432877			4175	0,523350775241852					4175	0,575612008571625	4175	0,646313369274139					4175	0,711091458797455	4175	0,717811226844788					4175	0,623567223548889	4175	0,552035748958588			
4178,125	1,55578327178955			4178,125	1,44706356525421					4178,125	1,49568474292755	4178,125	1,3179224729538					4178,125	1,08830571174622	4178,125	0,782197594642639					4178,125	0,460971087217331	4178,125	0,24984946846962			4178,125	0,444566488265991			4178,125	0,521997392177582					4178,125	0,575551927089691	4178,125	0,647453486919403					4178,125	0,714684963226318	4178,125	0,722367584705353					4178,125	0,627833366394043	4178,125	0,55637514591217			
4181,25	1,55940198898315			4181,25	1,44781625270844					4181,25	1,49701797962189	4181,25	1,32083833217621					4181,25	1,09185063838959	4181,25	0,786362588405609					4181,25	0,463708639144897	4181,25	0,252505868673325			4181,25	0,444395184516907			4181,25	0,519535899162292					4181,25	0,569278538227081	4181,25	0,6452277302742					4181,25	0,711005330085754	4181,25	0,723258972167969					4181,25	0,628644466400146	4181,25	0,558575809001923			
4184,375	1,55519282817841			4184,375	1,44446396827698					4184,375	1,49254751205444	4184,375	1,31794476509094					4184,375	1,08869755268097	4184,375	0,785603165626526					4184,375	0,463365614414215	4184,375	0,252778321504593			4184,375	0,444046854972839			4184,375	0,521089732646942					4184,375	0,567786574363709	4184,375	0,644941210746765					4184,375	0,710280120372772	4184,375	0,721483945846558					4184,375	0,627247035503387	4184,375	0,557419776916504			
4187,5	1,55154883861542			4187,5	1,44589173793793					4187,5	1,49536716938019	4187,5	1,31988275051117					4187,5	1,0899760723114	4187,5	0,787677705287933					4187,5	0,464534014463425	4187,5	0,253613501787186			4187,5	0,439916729927063			4187,5	0,520203292369843					4187,5	0,567067384719849	4187,5	0,644218504428864					4187,5	0,711757659912109	4187,5	0,722600698471069					4187,5	0,629438698291779	4187,5	0,559596717357636			
4190,625	1,5545449256897			4190,625	1,44494962692261					4190,625	1,49556195735931	4190,625	1,31880915164948					4190,625	1,08965992927551	4190,625	0,787173748016357					4190,625	0,463732361793518	4190,625	0,252966344356537			4190,625	0,441891133785248			4190,625	0,520895600318909					4190,625	0,568234801292419	4190,625	0,645509362220764					4190,625	0,713221728801727	4190,625	0,723139584064484					4190,625	0,629941344261169	4190,625	0,559814751148224			
4193,75	1,55300116539001			4193,75	1,44256317615509					4193,75	1,49344265460968	4193,75	1,31839299201965					4193,75	1,0889230966568	4193,75	0,787799715995789					4193,75	0,463636845350266	4193,75	0,252806156873703			4193,75	0,442873775959015			4193,75	0,518873035907745					4193,75	0,567833781242371	4193,75	0,644108831882477					4193,75	0,71238100528717	4193,75	0,723699808120728					4193,75	0,630518674850464	4193,75	0,560325384140015			
4196,875	1,55308902263641			4196,875	1,44197165966034					4196,875	1,49300479888916	4196,875	1,32049906253815					4196,875	1,09091901779175	4196,875	0,790591895580292					4196,875	0,465747684240341	4196,875	0,254303097724915			4196,875	0,437738329172134			4196,875	0,517204642295837					4196,875	0,563681900501251	4196,875	0,642276108264923					4196,875	0,71165668964386	4196,875	0,724765598773956					4196,875	0,632572948932648	4196,875	0,561858534812927			
4200	1,54924392700195			4200	1,43835830688477					4200	1,4922262430191	4200	1,31941103935242					4200	1,08995294570923	4200	0,789949238300323					4200	0,466265320777893	4200	0,254578769207001			4200	0,439408302307129			4200	0,517305374145508					4200	0,56235545873642	4200	0,643419981002808					4200	0,71200168132782	4200	0,723691701889038					4200	0,63252192735672	4200	0,561874330043793			
4203,125	1,55129516124725			4203,125	1,43911266326904					4203,125	1,49252068996429	4203,125	1,32129776477814					4203,125	1,09284555912018	4203,125	0,793924033641815					4203,125	0,468335807323456	4203,125	0,256195276975632			4203,125	0,441721439361572			4203,125	0,515151917934418					4203,125	0,559733092784882	4203,125	0,640610694885254					4203,125	0,711808204650879	4203,125	0,725292563438416					4203,125	0,634130775928497	4203,125	0,564682304859161			
4206,25	1,55016803741455			4206,25	1,4390617609024					4206,25	1,49130046367645	4206,25	1,31935012340546					4206,25	1,09375882148743	4206,25	0,797381520271301					4206,25	0,471944659948349	4206,25	0,260326564311981			4206,25	0,44219434261322			4206,25	0,511956095695496					4206,25	0,555225849151611	4206,25	0,634723901748657					4206,25	0,706556677818298	4206,25	0,721266329288483					4206,25	0,631833791732788	4206,25	0,563831984996796			
4209,375	1,5523909330368			4209,375	1,4371577501297					4209,375	1,49135828018188	4209,375	1,32006275653839					4209,375	1,092649102211	4209,375	0,796448826789856					4209,375	0,470336884260178	4209,375	0,258039832115173			4209,375	0,443637549877167			4209,375	0,513192296028137					4209,375	0,558455348014832	4209,375	0,636403501033783					4209,375	0,709461271762848	4209,375	0,722769618034363					4209,375	0,633385121822357	4209,375	0,565327763557434			
4212,5	1,55157601833344			4212,5	1,43757331371307					4212,5	1,493088722229	4212,5	1,32202768325806					4212,5	1,09202194213867	4212,5	0,795338749885559					4212,5	0,4676713347435	4212,5	0,255476415157318			4212,5	0,442462354898453			4212,5	0,513096034526825					4212,5	0,557137489318848	4212,5	0,639029860496521					4212,5	0,712583541870117	4212,5	0,725751757621765					4212,5	0,635355472564697	4212,5	0,566239058971405			
4215,625	1,55236232280731			4215,625	1,4382551908493					4215,625	1,49308633804321	4215,625	1,32341635227203					4215,625	1,09368765354156	4215,625	0,796427428722382					4215,625	0,467475950717926	4215,625	0,25542214512825			4215,625	0,439178168773651			4215,625	0,513612389564514					4215,625	0,55599719285965	4215,625	0,639320731163025					4215,625	0,713665843009949	4215,625	0,726694703102112					4215,625	0,63747251033783	4215,625	0,568411886692047			
4218,75	1,5535409450531			4218,75	1,43752157688141					4218,75	1,49321103096008	4218,75	1,32355940341949					4218,75	1,09379947185516	4218,75	0,797032475471497					4218,75	0,468685179948807	4218,75	0,255948573350906			4218,75	0,440949022769928			4218,75	0,512955605983734					4218,75	0,555367290973663	4218,75	0,638239979743958					4218,75	0,714470744132996	4218,75	0,726254642009735					4218,75	0,638716697692871	4218,75	0,568893730640411			
4221,875	1,55018937587738			4221,875	1,4348019361496					4221,875	1,49031949043274	4221,875	1,32097733020782					4221,875	1,09353446960449	4221,875	0,797160148620605					4221,875	0,469469755887985	4221,875	0,256900638341904			4221,875	0,445755451917648			4221,875	0,510873079299927					4221,875	0,55271053314209	4221,875	0,636106431484222					4221,875	0,714342892169952	4221,875	0,725733518600464					4221,875	0,638595163822174	4221,875	0,568958044052124			
4225	1,55338060855865			4225	1,43645524978638					4225	1,48798584938049	4225	1,32348239421844					4225	1,09657120704651	4225	0,800883531570435					4225	0,471588641405106	4225	0,258219361305237			4225	0,441692411899567			4225	0,508511900901794					4225	0,548546552658081	4225	0,633746862411499					4225	0,714529156684875	4225	0,727138519287109					4225	0,641004800796509	4225	0,571426928043365			
4228,125	1,55176424980164			4228,125	1,43376207351685					4228,125	1,48813486099243	4228,125	1,32226240634918					4228,125	1,096395611763	4228,125	0,80229127407074					4228,125	0,473712891340256	4228,125	0,25998729467392			4228,125	0,439888656139374			4228,125	0,50575578212738					4228,125	0,546607255935669	4228,125	0,632349193096161					4228,125	0,711923599243164	4228,125	0,726165533065796					4228,125	0,640727758407593	4228,125	0,572140991687775			
4231,25	1,55074894428253			4231,25	1,43332719802856					4231,25	1,48761165142059	4231,25	1,3202999830246					4231,25	1,09381699562073	4231,25	0,80058890581131					4231,25	0,470966875553131	4231,25	0,257601350545883			4231,25	0,438743650913239			4231,25	0,509347677230835					4231,25	0,549373626708984	4231,25	0,63472992181778					4231,25	0,714629650115967	4231,25	0,727978110313416					4231,25	0,641432881355286	4231,25	0,571859896183014			
4234,375	1,55279624462128			4234,375	1,43270218372345					4234,375	1,48948109149933	4234,375	1,32281935214996					4234,375	1,09640491008759	4234,375	0,802449822425842					4234,375	0,472656756639481	4234,375	0,2596215903759			4234,375	0,441493630409241			4234,375	0,509031295776367					4234,375	0,548260688781738	4234,375	0,631391286849976					4234,375	0,713241755962372	4234,375	0,727806627750397					4234,375	0,642947435379028	4234,375	0,573738694190979			
4237,5	1,55622112751007			4237,5	1,43254363536835					4237,5	1,48923850059509	4237,5	1,32346200942993					4237,5	1,09897792339325	4237,5	0,804725468158722					4237,5	0,475091576576233	4237,5	0,260852992534637			4237,5	0,444215565919876			4237,5	0,507087051868439					4237,5	0,544685304164886	4237,5	0,629265904426575					4237,5	0,711994528770447	4237,5	0,726651310920715					4237,5	0,643659591674805	4237,5	0,575592279434204			
4240,625	1,55251133441925			4240,625	1,43268489837646					4240,625	1,48695909976959	4240,625	1,32214379310608					4240,625	1,09597778320313	4240,625	0,80231100320816					4240,625	0,472867846488953	4240,625	0,258573651313782			4240,625	0,444960385560989			4240,625	0,510187089443207					4240,625	0,545807063579559	4240,625	0,633523881435394					4240,625	0,71506929397583	4240,625	0,72764664888382					4240,625	0,643992722034454	4240,625	0,575347244739532			
4243,75	1,55298757553101			4243,75	1,43125236034393					4243,75	1,48451220989227	4243,75	1,32165336608887					4243,75	1,09782385826111	4243,75	0,804610431194305					4243,75	0,47620701789856	4243,75	0,261420458555222			4243,75	0,443320572376251			4243,75	0,507870972156525					4243,75	0,540582716464996	4243,75	0,631279468536377					4243,75	0,711494445800781	4243,75	0,725588500499725					4243,75	0,643734812736511	4243,75	0,575644969940186			
4246,875	1,5519415140152			4246,875	1,42962801456451					4246,875	1,4855934381485	4246,875	1,3209547996521					4246,875	1,09688687324524	4246,875	0,802278399467468					4246,875	0,472447961568832	4246,875	0,257931351661682			4246,875	0,441473484039307			4246,875	0,51080185174942					4246,875	0,543942332267761	4246,875	0,634839832782745					4246,875	0,715264320373535	4246,875	0,727593958377838					4246,875	0,64649897813797	4246,875	0,576900959014893			
4250	1,55087459087372			4250	1,42930436134338					4250	1,48648798465729	4250	1,32302868366241					4250	1,09814918041229	4250	0,803802311420441					4250	0,474860489368439	4250	0,25957652926445			4250	0,439006984233856			4250	0,506179451942444					4250	0,544288694858551	4250	0,634564638137817					4250	0,715289890766144	4250	0,730117738246918					4250	0,64868175983429	4250	0,579010963439941			
4253,125	1,54547154903412			4253,125	1,42595899105072					4253,125	1,48199057579041	4253,125	1,31793975830078					4253,125	1,09898114204407	4253,125	0,805415511131287					4253,125	0,476989656686783	4253,125	0,261531859636307			4253,125	0,439984172582626			4253,125	0,503336191177368					4253,125	0,539534449577332	4253,125	0,631567001342773					4253,125	0,711520910263062	4253,125	0,728038251399994					4253,125	0,647265195846558	4253,125	0,577944278717041			
4256,25	1,54963219165802			4256,25	1,42756462097168					4256,25	1,48407852649689	4256,25	1,3179624080658					4256,25	1,10122036933899	4256,25	0,80627429485321					4256,25	0,477055847644806	4256,25	0,260703533887863			4256,25	0,436591625213623			4256,25	0,504076719284058					4256,25	0,538885414600372	4256,25	0,633068025112152					4256,25	0,712940156459808	4256,25	0,730039596557617					4256,25	0,649247884750366	4256,25	0,580550491809845			
4259,375	1,54752600193024			4259,375	1,42538487911224					4259,375	1,48023104667664	4259,375	1,31516110897064					4259,375	1,09704065322876	4259,375	0,802308738231659					4259,375	0,474815160036087	4259,375	0,258845388889313			4259,375	0,439052432775497			4259,375	0,506529748439789					4259,375	0,541508674621582	4259,375	0,63447117805481					4259,375	0,714409053325653	4259,375	0,729204416275024					4259,375	0,647324979305267	4259,375	0,578584790229797			
4262,5	1,54539847373962			4262,5	1,42609262466431					4262,5	1,48355615139008	4262,5	1,32211875915527					4262,5	1,09976422786713	4262,5	0,803763747215271					4262,5	0,475517392158508	4262,5	0,258990615606308			4262,5	0,439229398965836			4262,5	0,505624055862427					4262,5	0,541480183601379	4262,5	0,635705649852753					4262,5	0,717806458473206	4262,5	0,73187792301178					4262,5	0,651441991329193	4262,5	0,581761658191681			
4265,625	1,54805469512939			4265,625	1,42513179779053					4265,625	1,48335194587708	4265,625	1,32321572303772					4265,625	1,10370671749115	4265,625	0,806236326694489					4265,625	0,476826041936874	4265,625	0,259358495473862			4265,625	0,438619434833527			4265,625	0,503827631473541					4265,625	0,538758397102356	4265,625	0,635065793991089					4265,625	0,71588796377182	4265,625	0,73241114616394					4265,625	0,653050184249878	4265,625	0,583822786808014			
4268,75	1,54726505279541			4268,75	1,42060697078705					4268,75	1,48049545288086	4268,75	1,31790518760681					4268,75	1,10048627853394	4268,75	0,804493546485901					4268,75	0,47584143280983	4268,75	0,258192509412766			4268,75	0,44156688451767			4268,75	0,505632221698761					4268,75	0,539415836334229	4268,75	0,63635665178299					4268,75	0,715612471103668	4268,75	0,731999278068542					4268,75	0,651561141014099	4268,75	0,582590997219086			
4271,875	1,54695200920105			4271,875	1,41776216030121					4271,875	1,47876155376434	4271,875	1,31855928897858					4271,875	1,09940767288208	4271,875	0,803577303886414					4271,875	0,477211713790894	4271,875	0,259733408689499			4271,875	0,434128791093826			4271,875	0,506444096565247					4271,875	0,537406742572784	4271,875	0,636008441448212					4271,875	0,712854564189911	4271,875	0,732453644275665					4271,875	0,65230005979538	4271,875	0,583794772624969			
4275	1,55065989494324			4275	1,42123472690582					4275	1,48031437397003	4275	1,32737815380096					4275	1,10656940937042	4275	0,807391166687012					4275	0,479296743869781	4275	0,259969830513			4275	0,438157498836517			4275	0,509491980075836					4275	0,531565010547638	4275	0,636604189872742					4275	0,719852805137634	4275	0,737245976924896					4275	0,657134056091309	4275	0,588594436645508			
4278,125	1,54818522930145			4278,125	1,41965329647064					4278,125	1,47789478302002	4278,125	1,3212958574295					4278,125	1,10506868362427	4278,125	0,805846273899078					4278,125	0,478120058774948	4278,125	0,258914619684219			4278,125	0,438954591751099			4278,125	0,508250057697296					4278,125	0,535702705383301	4278,125	0,637578427791595					4278,125	0,716713428497314	4278,125	0,73621529340744					4278,125	0,655801773071289	4278,125	0,586862802505493			
4281,25	1,55023622512817			4281,25	1,41635084152222					4281,25	1,47291874885559	4281,25	1,31779062747955					4281,25	1,10173332691193	4281,25	0,805521667003632					4281,25	0,477175712585449	4281,25	0,259043008089066			4281,25	0,440280973911285			4281,25	0,508199870586395					4281,25	0,536817729473114	4281,25	0,638148367404938					4281,25	0,714791536331177	4281,25	0,734821557998657					4281,25	0,655342102050781	4281,25	0,585954487323761			
4284,375	1,54334819316864			4284,375	1,42111814022064					4284,375	1,48086035251617	4284,375	1,32597303390503					4284,375	1,10917484760284	4284,375	0,807863116264343					4284,375	0,477570503950119	4284,375	0,258074462413788			4284,375	0,437085688114166			4284,375	0,505704581737518					4284,375	0,536891937255859	4284,375	0,640675187110901					4284,375	0,719951808452606	4284,375	0,741293847560883					4284,375	0,662400305271149	4284,375	0,592809975147247			
4287,5	1,54111969470978			4287,5	1,41734755039215					4287,5	1,48150825500488	4287,5	1,32391452789307					4287,5	1,10726571083069	4287,5	0,80623722076416					4287,5	0,477122962474823	4287,5	0,257158279418945			4287,5	0,433673918247223			4287,5	0,507629334926605					4287,5	0,538223922252655	4287,5	0,639974594116211					4287,5	0,718245208263397	4287,5	0,74045866727829					4287,5	0,661137580871582	4287,5	0,591231763362885			
4290,625	1,5457319021225			4290,625	1,41854131221771					4290,625	1,47995293140411	4290,625	1,32455635070801					4290,625	1,10627913475037	4290,625	0,806506752967834					4290,625	0,478034943342209	4290,625	0,257932186126709			4290,625	0,437815934419632			4290,625	0,508459866046906					4290,625	0,534037411212921	4290,625	0,639226615428925					4290,625	0,717317938804626	4290,625	0,740540385246277					4290,625	0,661445677280426	4290,625	0,591754138469696			
4293,75	1,55085206031799			4293,75	1,41732323169708					4293,75	1,4756795167923	4293,75	1,32415616512299					4293,75	1,10763490200043	4293,75	0,808722257614136					4293,75	0,481281042098999	4293,75	0,260535061359406			4293,75	0,43636491894722			4293,75	0,504752039909363					4293,75	0,530128538608551	4293,75	0,635368525981903					4293,75	0,713591635227203	4293,75	0,737933814525604					4293,75	0,659972906112671	4293,75	0,59120512008667			
4296,875	1,54737436771393			4296,875	1,41418099403381					4296,875	1,47240734100342	4296,875	1,32463669776917					4296,875	1,1071013212204	4296,875	0,809732615947723					4296,875	0,48322805762291	4296,875	0,261979430913925			4296,875	0,437693774700165			4296,875	0,503036201000214					4296,875	0,527887523174286	4296,875	0,63191294670105					4296,875	0,710633337497711	4296,875	0,735420882701874					4296,875	0,659364819526672	4296,875	0,591109335422516			
4300	1,54528057575226			4300	1,41784107685089					4300	1,47501420974731	4300	1,32554519176483					4300	1,10996735095978	4300	0,812062442302704					4300	0,483910888433456	4300	0,26132208108902			4300	0,435992360115051			4300	0,505875706672668					4300	0,527525365352631	4300	0,63502025604248					4300	0,71220076084137	4300	0,738970339298248					4300	0,662345826625824	4300	0,595389664173126			
4303,125	1,54604601860046			4303,125	1,4205596446991					4303,125	1,47511386871338	4303,125	1,33036541938782					4303,125	1,11305749416351	4303,125	0,812663614749908					4303,125	0,483479022979736	4303,125	0,260243445634842			4303,125	0,4380804002285			4303,125	0,507806539535522					4303,125	0,529701888561249	4303,125	0,638940036296844					4303,125	0,716626286506653	4303,125	0,743611216545105					4303,125	0,665304839611053	4303,125	0,596361875534058			
4306,25	1,54287505149841			4306,25	1,41717970371246					4306,25	1,47411596775055	4306,25	1,33231854438782					4306,25	1,11318099498749	4306,25	0,814419150352478					4306,25	0,485909849405289	4306,25	0,262181043624878			4306,25	0,441972255706787			4306,25	0,505910992622375					4306,25	0,526376128196716	4306,25	0,637588739395142					4306,25	0,71234518289566	4306,25	0,743604302406311					4306,25	0,666108846664429	4306,25	0,598015785217285			
4309,375	1,54498136043549			4309,375	1,41489410400391					4309,375	1,4730327129364	4309,375	1,33120179176331					4309,375	1,10882914066315	4309,375	0,814219295978546					4309,375	0,48515972495079	4309,375	0,262019962072372			4309,375	0,440588653087616			4309,375	0,503714799880981					4309,375	0,526125013828278	4309,375	0,638682842254639					4309,375	0,711483716964722	4309,375	0,743813455104828					4309,375	0,664658606052399	4309,375	0,596965134143829			
4312,5	1,54496085643768			4312,5	1,41838681697845					4312,5	1,47447955608368	4312,5	1,33691024780273					4312,5	1,11318123340607	4312,5	0,81471860408783					4312,5	0,483698785305023	4312,5	0,25994873046875			4312,5	0,439420968294144			4312,5	0,507227182388306					4312,5	0,527890980243683	4312,5	0,641013383865356					4312,5	0,715298891067505	4312,5	0,749999523162842					4312,5	0,669731736183167	4312,5	0,601092100143433			
4315,625	1,54203879833221			4315,625	1,41748738288879					4315,625	1,47423851490021	4315,625	1,33700013160706					4315,625	1,11647069454193	4315,625	0,81564873456955					4315,625	0,485644638538361	4315,625	0,261567711830139			4315,625	0,438255071640015			4315,625	0,50455904006958					4315,625	0,523148894309998	4315,625	0,637663543224335					4315,625	0,712680220603943	4315,625	0,747950494289398					4315,625	0,669109582901001	4315,625	0,601755797863007			
4318,75	1,54047727584839			4318,75	1,41787278652191					4318,75	1,47456586360931	4318,75	1,33565640449524					4318,75	1,11503779888153	4318,75	0,814728319644928					4318,75	0,484415173530579	4318,75	0,259842604398727			4318,75	0,439163118600845			4318,75	0,503672003746033					4318,75	0,524884641170502	4318,75	0,638684511184692					4318,75	0,711641550064087	4318,75	0,74858295917511					4318,75	0,669804751873016	4318,75	0,602221548557281			
4321,875	1,54011404514313			4321,875	1,41994118690491					4321,875	1,47582709789276	4321,875	1,33830881118774					4321,875	1,11651170253754	4321,875	0,818016707897186					4321,875	0,487157136201859	4321,875	0,260662436485291			4321,875	0,434828788042068			4321,875	0,50368195772171					4321,875	0,524252533912659	4321,875	0,636943519115448					4321,875	0,711395621299744	4321,875	0,750218987464905					4321,875	0,672024369239807	4321,875	0,604766964912415			
4325	1,54221630096436			4325	1,42008399963379					4325	1,47259306907654	4325	1,33759725093842					4325	1,11614263057709	4325	0,820277869701386					4325	0,488523691892624	4325	0,262633919715881			4325	0,437044203281403			4325	0,503496408462524					4325	0,523345947265625	4325	0,634360671043396					4325	0,709732949733734	4325	0,749741792678833					4325	0,672004103660584	4325	0,60446435213089			
4328,125	1,54135203361511			4328,125	1,42004239559174					4328,125	1,46928036212921	4328,125	1,3383561372757					4328,125	1,1124187707901	4328,125	0,817764461040497					4328,125	0,484913945198059	4328,125	0,259421825408936			4328,125	0,437476098537445			4328,125	0,507388591766357					4328,125	0,524025797843933	4328,125	0,636968612670898					4328,125	0,710931539535522	4328,125	0,752073347568512					4328,125	0,672287046909332	4328,125	0,604796171188354			
4331,25	1,53571033477783			4331,25	1,42322981357574					4331,25	1,47178876399994	4331,25	1,34256911277771					4331,25	1,11312401294708	4331,25	0,820175886154175					4331,25	0,484219133853912	4331,25	0,258214056491852			4331,25	0,435007810592651			4331,25	0,506596744060516					4331,25	0,527303755283356	4331,25	0,640468835830688					4331,25	0,714291572570801	4331,25	0,755816876888275					4331,25	0,675670683383942	4331,25	0,60782116651535			
4334,375	1,53977000713348			4334,375	1,41979002952576					4334,375	1,47112333774567	4334,375	1,34219968318939					4334,375	1,1143114566803	4334,375	0,822148144245148					4334,375	0,488530516624451	4334,375	0,261810511350632			4334,375	0,432217746973038			4334,375	0,50375497341156					4334,375	0,524485468864441	4334,375	0,636855840682983					4334,375	0,71119099855423	4334,375	0,75383734703064					4334,375	0,675297617912292	4334,375	0,60840904712677			
4337,5	1,54211091995239			4337,5	1,42314827442169					4337,5	1,47372877597809	4337,5	1,34548151493073					4337,5	1,11531341075897	4337,5	0,821679830551147					4337,5	0,486791908740997	4337,5	0,259627819061279			4337,5	0,435635596513748			4337,5	0,506427228450775					4337,5	0,526527047157288	4337,5	0,63854855298996					4337,5	0,714121580123901	4337,5	0,757862985134125					4337,5	0,678509950637817	4337,5	0,610577523708344			
4340,625	1,53804874420166			4340,625	1,42284440994263					4340,625	1,4713853597641	4340,625	1,34757328033447					4340,625	1,11586856842041	4340,625	0,823905646800995					4340,625	0,488899320363998	4340,625	0,262542515993118			4340,625	0,432853817939758			4340,625	0,502018809318542					4340,625	0,523036003112793	4340,625	0,63514906167984					4340,625	0,710389912128448	4340,625	0,755179464817047					4340,625	0,678068339824677	4340,625	0,610708177089691			
4343,75	1,53310716152191			4343,75	1,42247176170349					4343,75	1,47006392478943	4343,75	1,34746861457825					4343,75	1,1163330078125	4343,75	0,82407945394516					4343,75	0,488693535327911	4343,75	0,261128306388855			4343,75	0,437521159648895			4343,75	0,503885209560394					4343,75	0,522811830043793	4343,75	0,633787214756012					4343,75	0,710651993751526	4343,75	0,757092833518982					4343,75	0,679628431797028	4343,75	0,612631559371948			
4346,875	1,53675925731659			4346,875	1,42664301395416					4346,875	1,46945786476135	4346,875	1,35061395168304					4346,875	1,11778259277344	4346,875	0,826710045337677					4346,875	0,490479022264481	4346,875	0,263053983449936			4346,875	0,439214199781418			4346,875	0,498631179332733					4346,875	0,521696388721466	4346,875	0,633091449737549					4346,875	0,707341492176056	4346,875	0,757111549377441					4346,875	0,681776523590088	4346,875	0,614520847797394			
4350	1,53461062908173			4350	1,42888557910919					4350	1,47137999534607	4350	1,35305798053741					4350	1,1192672252655	4350	0,830409944057465					4350	0,491699546575546	4350	0,263719856739044			4350	0,4366295337677			4350	0,497762888669968					4350	0,519038915634155	4350	0,633144795894623					4350	0,708198189735413	4350	0,757283091545105					4350	0,683488070964813	4350	0,617221772670746			
4353,125	1,53912878036499			4353,125	1,4277937412262					4353,125	1,47059881687164	4353,125	1,35221517086029					4353,125	1,11699938774109	4353,125	0,829341411590576					4353,125	0,490542858839035	4353,125	0,262125253677368			4353,125	0,432594895362854			4353,125	0,500587463378906					4353,125	0,518829762935638	4353,125	0,633039057254791					4353,125	0,708608508110046	4353,125	0,758091568946838					4353,125	0,68277770280838	4353,125	0,615974724292755			
4356,25	1,53653657436371			4356,25	1,42785441875458					4356,25	1,4712450504303	4356,25	1,352743268013					4356,25	1,11693680286407	4356,25	0,830500960350037					4356,25	0,49171844124794	4356,25	0,262931853532791			4356,25	0,435690194368362			4356,25	0,498164623975754					4356,25	0,517684638500214	4356,25	0,631669878959656					4356,25	0,706617891788483	4356,25	0,759541273117065					4356,25	0,684544920921326	4356,25	0,617286622524261			
4359,375	1,53246414661407			4359,375	1,42961061000824					4359,375	1,47302865982056	4359,375	1,35351657867432					4359,375	1,11857259273529	4359,375	0,835302233695984					4359,375	0,495453298091888	4359,375	0,265707105398178			4359,375	0,436555862426758			4359,375	0,493440687656403					4359,375	0,51457542181015	4359,375	0,627667129039764					4359,375	0,703956484794617	4359,375	0,756636202335358					4359,375	0,685257434844971	4359,375	0,620039165019989			
4362,5	1,53537440299988			4362,5	1,4309276342392					4362,5	1,47311353683472	4362,5	1,35740649700165					4362,5	1,11760306358337	4362,5	0,832652628421783					4362,5	0,491674602031708	4362,5	0,261604189872742			4362,5	0,432373940944672			4362,5	0,497204959392548					4362,5	0,519005358219147	4362,5	0,636173486709595					4362,5	0,709689617156982	4362,5	0,762191772460938					4362,5	0,688482820987701	4362,5	0,623398065567017			
4365,625	1,53276598453522			4365,625	1,42708599567413					4365,625	1,46825742721558	4365,625	1,35537886619568					4365,625	1,11297917366028	4365,625	0,831840574741364					4365,625	0,489973783493042	4365,625	0,261051565408707			4365,625	0,431591480970383			4365,625	0,499032229185104					4365,625	0,516955852508545	4365,625	0,634585797786713					4365,625	0,709174633026123	4365,625	0,764067709445953					4365,625	0,689624011516571	4365,625	0,621829509735107			
4368,75	1,53427791595459			4368,75	1,42924475669861					4368,75	1,47228562831879	4368,75	1,36225509643555					4368,75	1,1156804561615	4368,75	0,837984144687653					4368,75	0,492199540138245	4368,75	0,261364996433258			4368,75	0,430620133876801			4368,75	0,497122168540955					4368,75	0,517379939556122	4368,75	0,634307563304901					4368,75	0,709531009197235	4368,75	0,76779705286026					4368,75	0,693918883800507	4368,75	0,625653564929962			
4371,875	1,52707302570343			4371,875	1,42898499965668					4371,875	1,46797382831573	4371,875	1,35922050476074					4371,875	1,11625611782074	4371,875	0,84048855304718					4371,875	0,495592206716537	4371,875	0,265251308679581			4371,875	0,430852979421616			4371,875	0,492203056812286					4371,875	0,515089571475983	4371,875	0,628689050674438					4371,875	0,705265283584595	4371,875	0,7623610496521					4371,875	0,690761208534241	4371,875	0,623598277568817			
4375	1,52937114238739			4375	1,43102693557739					4375	1,46828758716583	4375	1,36113631725311					4375	1,11523222923279	4375	0,841533601284027					4375	0,498246312141418	4375	0,267040371894836			4375	0,434494823217392			4375	0,490051209926605					4375	0,5132936835289	4375	0,62852555513382					4375	0,704868793487549	4375	0,760322630405426					4375	0,692304253578186	4375	0,626133441925049			
4378,125	1,52798879146576			4378,125	1,4355092048645					4378,125	1,47228026390076	4378,125	1,36743068695068					4378,125	1,1168806552887	4378,125	0,841894865036011					4378,125	0,495786666870117	4378,125	0,261544466018677			4378,125	0,430623024702072			4378,125	0,493430703878403					4378,125	0,517566442489624	4378,125	0,635009944438934					4378,125	0,712285816669464	4378,125	0,76898854970932					4378,125	0,699084103107452	4378,125	0,632040083408356			
4381,25	1,52836120128632			4381,25	1,43231987953186					4381,25	1,46963238716125	4381,25	1,36828565597534					4381,25	1,11721992492676	4381,25	0,843449890613556					4381,25	0,497575610876083	4381,25	0,264642328023911			4381,25	0,426754176616669			4381,25	0,487419098615646					4381,25	0,513772666454315	4381,25	0,629794001579285					4381,25	0,710063278675079	4381,25	0,767544388771057					4381,25	0,698141276836395	4381,25	0,631186664104462			
4384,375	1,53188526630402			4384,375	1,43180561065674					4384,375	1,46832013130188	4384,375	1,36863744258881					4384,375	1,117915391922	4384,375	0,844638049602509					4384,375	0,499014317989349	4384,375	0,26712292432785			4384,375	0,433081239461899			4384,375	0,484772503376007					4384,375	0,511378765106201	4384,375	0,625340759754181					4384,375	0,709412336349487	4384,375	0,764669358730316					4384,375	0,698106467723846	4384,375	0,630439698696136			
4387,5	1,52652204036713			4387,5	1,43166255950928					4387,5	1,46460735797882	4387,5	1,36748373508453					4387,5	1,11553657054901	4387,5	0,845741808414459					4387,5	0,500866889953613	4387,5	0,269304901361465			4387,5	0,431790381669998			4387,5	0,481799572706223					4387,5	0,510795652866364	4387,5	0,621771216392517					4387,5	0,708899259567261	4387,5	0,761044323444366					4387,5	0,696336984634399	4387,5	0,629098057746887			
4390,625	1,52812945842743			4390,625	1,43147039413452					4390,625	1,46493101119995	4390,625	1,37077248096466					4390,625	1,115194439888	4390,625	0,847874999046326					4390,625	0,501046240329742	4390,625	0,267827272415161			4390,625	0,43420872092247			4390,625	0,481971710920334					4390,625	0,511394381523132	4390,625	0,621771097183228					4390,625	0,712012827396393	4390,625	0,765288293361664					4390,625	0,699460685253143	4390,625	0,632626891136169			
4393,75	1,52484285831451			4393,75	1,43610942363739					4393,75	1,46869802474976	4393,75	1,37542629241943					4393,75	1,11930739879608	4393,75	0,852241396903992					4393,75	0,500478148460388	4393,75	0,267255365848541			4393,75	0,432637125253677			4393,75	0,482319504022598					4393,75	0,51290899515152	4393,75	0,621157765388489					4393,75	0,715774476528168	4393,75	0,769904494285584					4393,75	0,702474534511566	4393,75	0,636622965335846			
4396,875	1,52658069133759			4396,875	1,43537044525146					4396,875	1,46632754802704	4396,875	1,37352931499481					4396,875	1,11660361289978	4396,875	0,850498676300049					4396,875	0,498250901699066	4396,875	0,265647441148758			4396,875	0,435904920101166			4396,875	0,481183528900146					4396,875	0,513685584068298	4396,875	0,622910678386688					4396,875	0,718264520168304	4396,875	0,769896328449249					4396,875	0,70378839969635	4396,875	0,636169016361237			
4400	1,527787566185			4400	1,43556332588196					4400	1,4648802280426	4400	1,3757746219635					4400	1,11772489547729	4400	0,851703226566315					4400	0,501208066940308	4400	0,267073273658752			4400	0,430484354496002			4400	0,476779937744141					4400	0,511430680751801	4400	0,621067225933075					4400	0,717201054096222	4400	0,769372701644897					4400	0,704616367816925	4400	0,63763964176178			
4403,125	1,52043735980988			4403,125	1,43671834468842					4403,125	1,46443891525269	4403,125	1,3765504360199					4403,125	1,11841666698456	4403,125	0,855121076107025					4403,125	0,504647612571716	4403,125	0,270103275775909			4403,125	0,43116369843483			4403,125	0,473602175712585					4403,125	0,511815845966339	4403,125	0,616826474666595					4403,125	0,715716600418091	4403,125	0,766237795352936					4403,125	0,705440700054169	4403,125	0,638752639293671			
4406,25	1,52280032634735			4406,25	1,43595409393311					4406,25	1,46397626399994	4406,25	1,37906169891357					4406,25	1,12055611610413	4406,25	0,855108618736267					4406,25	0,504952669143677	4406,25	0,270087480545044			4406,25	0,430083155632019			4406,25	0,473510473966599					4406,25	0,512047588825226	4406,25	0,615114569664001					4406,25	0,717420279979706	4406,25	0,766138970851898					4406,25	0,705892443656921	4406,25	0,639269649982452			
4409,375	1,5244551897049			4409,375	1,43742656707764					4409,375	1,46829009056091	4409,375	1,3852596282959					4409,375	1,12347817420959	4409,375	0,857279241085052					4409,375	0,504770278930664	4409,375	0,268176913261414			4409,375	0,430860459804535			4409,375	0,47231912612915					4409,375	0,51301121711731	4409,375	0,615541338920593					4409,375	0,721179485321045	4409,375	0,768822014331818					4409,375	0,71111261844635	4409,375	0,643039286136627			
4412,5	1,51858484745026			4412,5	1,43436348438263					4412,5	1,46684348583221	4412,5	1,38404965400696					4412,5	1,12335813045502	4412,5	0,85807865858078					4412,5	0,50534462928772	4412,5	0,268531978130341			4412,5	0,428716689348221			4412,5	0,470643490552902					4412,5	0,512329041957855	4412,5	0,613560914993286					4412,5	0,720199763774872	4412,5	0,768626630306244					4412,5	0,711663484573364	4412,5	0,642108380794525			
4415,625	1,51674962043762			4415,625	1,43526494503021					4415,625	1,46543824672699	4415,625	1,38261663913727					4415,625	1,12390208244324	4415,625	0,85869175195694					4415,625	0,506576716899872	4415,625	0,269903928041458			4415,625	0,425713568925858			4415,625	0,469142645597458					4415,625	0,516377329826355	4415,625	0,614885032176971					4415,625	0,723463535308838	4415,625	0,770480155944824					4415,625	0,711652398109436	4415,625	0,643557012081146			
4418,75	1,5167635679245			4418,75	1,43579983711243					4418,75	1,46818792819977	4418,75	1,38844883441925					4418,75	1,12595546245575	4418,75	0,859995722770691					4418,75	0,507125854492188	4418,75	0,269727766513824			4418,75	0,423868238925934			4418,75	0,467592358589172					4418,75	0,518114566802979	4418,75	0,613782167434692					4418,75	0,726570069789886	4418,75	0,769987225532532					4418,75	0,713397324085236	4418,75	0,646186590194702			
4421,875	1,51691973209381			4421,875	1,43754935264587					4421,875	1,46877825260162	4421,875	1,38925039768219					4421,875	1,12618160247803	4421,875	0,860372602939606					4421,875	0,506618559360504	4421,875	0,269746869802475			4421,875	0,424308300018311			4421,875	0,466509491205215					4421,875	0,517933130264282	4421,875	0,613129854202271					4421,875	0,728497862815857	4421,875	0,770789921283722					4421,875	0,715705633163452	4421,875	0,646767199039459			
4425	1,51314222812653			4425	1,43445003032684					4425	1,46756911277771	4425	1,38687586784363					4425	1,12777650356293	4425	0,864523112773895					4425	0,509387671947479	4425	0,272702276706696			4425	0,422753065824509			4425	0,461896240711212					4425	0,51503586769104	4425	0,609601438045502					4425	0,726304292678833	4425	0,769128322601318					4425	0,715818464756012	4425	0,647055983543396			
4428,125	1,51469159126282			4428,125	1,43703770637512					4428,125	1,47107076644897	4428,125	1,39039468765259					4428,125	1,13092315196991	4428,125	0,865419745445251					4428,125	0,509343981742859	4428,125	0,271802753210068			4428,125	0,423606336116791			4428,125	0,461703956127167					4428,125	0,516998529434204	4428,125	0,609396040439606					4428,125	0,729641258716583	4428,125	0,771316289901733					4428,125	0,718178510665894	4428,125	0,649544477462769			
4431,25	1,51749217510223			4431,25	1,43526196479797					4431,25	1,47014784812927	4431,25	1,38928282260895					4431,25	1,1288503408432	4431,25	0,861925661563873					4431,25	0,505558907985687	4431,25	0,269031554460526			4431,25	0,421882897615433			4431,25	0,462551057338715					4431,25	0,518783807754517	4431,25	0,61014050245285					4431,25	0,730217278003693	4431,25	0,769164085388184					4431,25	0,717615783214569	4431,25	0,647119522094727			
4434,375	1,51357626914978			4434,375	1,43811535835266					4434,375	1,47226691246033	4434,375	1,39365088939667					4434,375	1,13521540164948	4434,375	0,86687046289444					4434,375	0,509532809257507	4434,375	0,270882785320282			4434,375	0,419467777013779			4434,375	0,459019243717194					4434,375	0,517490267753601	4434,375	0,603769421577454					4434,375	0,727770805358887	4434,375	0,770456075668335					4434,375	0,722651541233063	4434,375	0,651842057704926			
4437,5	1,51439237594604			4437,5	1,43482708930969					4437,5	1,47214949131012	4437,5	1,39824378490448					4437,5	1,13728260993958	4437,5	0,869055569171906					4437,5	0,511731922626495	4437,5	0,271991014480591			4437,5	0,423975646495819			4437,5	0,45781934261322					4437,5	0,51363331079483	4437,5	0,59954696893692					4437,5	0,728776693344116	4437,5	0,768613815307617					4437,5	0,722613871097565	4437,5	0,654486119747162			
4440,625	1,51315689086914			4440,625	1,43719255924225					4440,625	1,4754763841629	4440,625	1,3990478515625					4440,625	1,13830542564392	4440,625	0,87058824300766					4440,625	0,512420654296875	4440,625	0,272096544504166			4440,625	0,425177752971649			4440,625	0,454486280679703					4440,625	0,514742970466614	4440,625	0,597768545150757					4440,625	0,729083001613617	4440,625	0,770924091339111					4440,625	0,72429358959198	4440,625	0,65464049577713			
4443,75	1,51211965084076			4443,75	1,43804574012756					4443,75	1,47783493995667	4443,75	1,39979028701782					4443,75	1,14345479011536	4443,75	0,875244379043579					4443,75	0,51760870218277	4443,75	0,275379478931427			4443,75	0,42158704996109			4443,75	0,45091438293457					4443,75	0,511362910270691	4443,75	0,594741761684418					4443,75	0,725986778736115	4443,75	0,769956350326538					4443,75	0,723302185535431	4443,75	0,655190706253052			
4446,875	1,50961923599243			4446,875	1,43712902069092					4446,875	1,48070764541626	4446,875	1,40056884288788					4446,875	1,14193046092987	4446,875	0,874062478542328					4446,875	0,515234470367432	4446,875	0,273105591535568			4446,875	0,418432712554932			4446,875	0,452100813388824					4446,875	0,516354084014893	4446,875	0,597383797168732					4446,875	0,7311190366745	4446,875	0,771371483802795					4446,875	0,725224316120148	4446,875	0,65620756149292			
4450	1,50658357143402			4450	1,43629264831543					4450	1,48312127590179	4450	1,40002119541168					4450	1,1432226896286	4450	0,871066153049469					4450	0,513508021831512	4450	0,271397143602371			4450	0,419195622205734			4450	0,450497448444366					4450	0,515220463275909	4450	0,597615957260132					4450	0,732247114181519	4450	0,771745502948761					4450	0,726796984672546	4450	0,655974209308624			
4453,125	1,50874412059784			4453,125	1,43704974651337					4453,125	1,48568618297577	4453,125	1,40214061737061					4453,125	1,14793264865875	4453,125	0,874359250068665					4453,125	0,516003787517548	4453,125	0,273165702819824			4453,125	0,416850119829178			4453,125	0,448393106460571					4453,125	0,512872874736786	4453,125	0,594092130661011					4453,125	0,73037189245224	4453,125	0,771362662315369					4453,125	0,729429006576538	4453,125	0,657683074474335			
4456,25	1,50694286823273			4456,25	1,43507301807404					4456,25	1,48417341709137	4456,25	1,40076923370361					4456,25	1,1469703912735	4456,25	0,875007510185242					4456,25	0,518265664577484	4456,25	0,27528640627861			4456,25	0,422420084476471			4456,25	0,445622831583023					4456,25	0,510782182216644	4456,25	0,589135766029358					4456,25	0,727845966815948	4456,25	0,768189251422882					4456,25	0,727252125740051	4456,25	0,656952142715454			
4459,375	1,50668501853943			4459,375	1,43589448928833					4459,375	1,48590493202209	4459,375	1,40672624111176					4459,375	1,14901113510132	4459,375	0,878725051879883					4459,375	0,522232592105865	4459,375	0,2779580950737			4459,375	0,418490201234818			4459,375	0,441658645868301					4459,375	0,505790293216705	4459,375	0,586253643035889					4459,375	0,725487232208252	4459,375	0,768269598484039					4459,375	0,731391251087189	4459,375	0,660067439079285			
4462,5	1,50761246681213			4462,5	1,4400942325592					4462,5	1,49078273773193	4462,5	1,41011250019073					4462,5	1,15464818477631	4462,5	0,881128251552582					4462,5	0,519305229187012	4462,5	0,274306327104568			4462,5	0,417497009038925			4462,5	0,442629277706146					4462,5	0,51082980632782	4462,5	0,586890280246735					4462,5	0,731946349143982	4462,5	0,772578060626984					4462,5	0,739234864711761	4462,5	0,664426684379578			
4465,625	1,50420594215393			4465,625	1,4346489906311					4465,625	1,49038529396057	4465,625	1,40654420852661					4465,625	1,15561783313751	4465,625	0,879776298999786					4465,625	0,520480155944824	4465,625	0,273874253034592			4465,625	0,414862096309662			4465,625	0,439604997634888					4465,625	0,511992394924164	4465,625	0,586562275886536					4465,625	0,729244887828827	4465,625	0,770199954509735					4465,625	0,735527515411377	4465,625	0,662038743495941			
4468,75	1,50548899173737			4468,75	1,43294143676758					4468,75	1,49507105350494	4468,75	1,40997910499573					4468,75	1,15612733364105	4468,75	0,879774749279022					4468,75	0,520082592964172	4468,75	0,271994084119797			4468,75	0,412685245275497			4468,75	0,440184324979782					4468,75	0,51078474521637	4468,75	0,588383495807648					4468,75	0,730800330638886	4468,75	0,771489202976227					4468,75	0,73643696308136	4468,75	0,665059268474579			
4471,875	1,50306737422943			4471,875	1,44023597240448					4471,875	1,49723482131958	4471,875	1,41695463657379					4471,875	1,16295659542084	4471,875	0,884657084941864					4471,875	0,528547167778015	4471,875	0,276805341243744			4471,875	0,41734054684639			4471,875	0,435345202684402					4471,875	0,499977767467499	4471,875	0,581114947795868					4471,875	0,729336082935333	4471,875	0,774111449718475					4471,875	0,74054354429245	4471,875	0,670006036758423			
4475	1,50750195980072			4475	1,43542718887329					4475	1,49512183666229	4475	1,41301167011261					4475	1,16451489925385	4475	0,883836209774017					4475	0,528141438961029	4475	0,27616760134697			4475	0,4177405834198			4475	0,435997724533081					4475	0,497725665569305	4475	0,577518820762634					4475	0,725428521633148	4475	0,771170258522034					4475	0,739449918270111	4475	0,667804777622223			
4478,125	1,50260412693024			4478,125	1,43476521968842					4478,125	1,493821144104	4478,125	1,41173589229584					4478,125	1,16646683216095	4478,125	0,886206090450287					4478,125	0,527418076992035	4478,125	0,277425706386566			4478,125	0,413966089487076			4478,125	0,430762648582459					4478,125	0,499196916818619	4478,125	0,576744318008423					4478,125	0,72198760509491	4478,125	0,768979966640472					4478,125	0,737105011940002	4478,125	0,666461288928986			
4481,25	1,49973678588867			4481,25	1,44198286533356					4481,25	1,50387942790985	4481,25	1,420037150383					4481,25	1,17172336578369	4481,25	0,893397986888886					4481,25	0,530052125453949	4481,25	0,276560425758362			4481,25	0,41342893242836			4481,25	0,429473757743835					4481,25	0,497377336025238	4481,25	0,575656771659851					4481,25	0,727690517902374	4481,25	0,775504589080811					4481,25	0,74817556142807	4481,25	0,676566004753113			
4484,375	1,49753034114838			4484,375	1,44044411182404					4484,375	1,50647640228271	4484,375	1,42053163051605					4484,375	1,17112267017365	4484,375	0,89028787612915					4484,375	0,53077632188797	4484,375	0,274970173835754			4484,375	0,407298982143402			4484,375	0,430945724248886					4484,375	0,498045086860657	4484,375	0,575171947479248					4484,375	0,725863933563232	4484,375	0,775572597980499					4484,375	0,749708652496338	4484,375	0,677231132984161			
4487,5	1,50349175930023			4487,5	1,43621850013733					4487,5	1,50396931171417	4487,5	1,41749739646912					4487,5	1,17114806175232	4487,5	0,888779759407043					4487,5	0,533020794391632	4487,5	0,276975005865097			4487,5	0,410374015569687			4487,5	0,428765952587128					4487,5	0,496046036481857	4487,5	0,570421397686005					4487,5	0,721224725246429	4487,5	0,770265102386475					4487,5	0,745696425437927	4487,5	0,67368620634079			
4490,625	1,49975275993347			4490,625	1,43425643444061					4490,625	1,50123691558838	4490,625	1,41897344589233					4490,625	1,17255067825317	4490,625	0,889135181903839					4490,625	0,53299206495285	4490,625	0,277815759181976			4490,625	0,409382820129395			4490,625	0,422624111175537					4490,625	0,491587162017822	4490,625	0,569344460964203					4490,625	0,72355979681015	4490,625	0,771675586700439					4490,625	0,747320950031281	4490,625	0,674766540527344			
4493,75	1,49717700481415			4493,75	1,43690419197083					4493,75	1,5032525062561	4493,75	1,42152667045593					4493,75	1,17504823207855	4493,75	0,891497492790222					4493,75	0,535057067871094	4493,75	0,278067618608475			4493,75	0,406943947076797			4493,75	0,421280950307846					4493,75	0,487550169229507	4493,75	0,566447734832764					4493,75	0,722543001174927	4493,75	0,774367988109589					4493,75	0,750452101230621	4493,75	0,678504109382629			
4496,875	1,49737024307251			4496,875	1,4376562833786					4496,875	1,50337243080139	4496,875	1,42511546611786					4496,875	1,18306338787079	4496,875	0,895933926105499					4496,875	0,541296899318695	4496,875	0,281680911779404			4496,875	0,406402319669724			4496,875	0,416505753993988					4496,875	0,483976036310196	4496,875	0,562139391899109					4496,875	0,719496726989746	4496,875	0,774455189704895					4496,875	0,751413524150848	4496,875	0,681332886219025			
4500	1,49618232250214			4500	1,43697333335876					4500	1,50199699401855	4500	1,42407119274139					4500	1,17982840538025	4500	0,89225435256958					4500	0,536095023155212	4500	0,2777159512043			4500	0,406983256340027			4500	0,416791558265686					4500	0,484113723039627	4500	0,563896179199219					4500	0,721938729286194	4500	0,775655508041382					4500	0,75199419260025	4500	0,679290771484375			
4503,125	1,49701058864594			4503,125	1,43789982795715					4503,125	1,50474369525909	4503,125	1,42764294147491					4503,125	1,18370723724365	4503,125	0,894919753074646					4503,125	0,538898110389709	4503,125	0,278983682394028			4503,125	0,410047739744186			4503,125	0,413431406021118					4503,125	0,482483685016632	4503,125	0,561771929264069					4503,125	0,721670091152191	4503,125	0,777344882488251					4503,125	0,756274104118347	4503,125	0,681575059890747			
4506,25	1,49892067909241			4506,25	1,43838536739349					4506,25	1,508429646492	4506,25	1,43262016773224					4506,25	1,18492293357849	4506,25	0,89500218629837					4506,25	0,539803445339203	4506,25	0,276916295289993			4506,25	0,404481738805771			4506,25	0,414365828037262					4506,25	0,481573402881622	4506,25	0,561402916908264					4506,25	0,722617149353027	4506,25	0,780871033668518					4506,25	0,758217930793762	4506,25	0,685294032096863			
4509,375	1,49323809146881			4509,375	1,43820428848267					4509,375	1,5070915222168	4509,375	1,43250942230225					4509,375	1,18720591068268	4509,375	0,897845804691315					4509,375	0,540593385696411	4509,375	0,277374118566513			4509,375	0,402007013559341			4509,375	0,413866192102432					4509,375	0,478155881166458	4509,375	0,55793160200119					4509,375	0,722902357578278	4509,375	0,781139194965363					4509,375	0,758885979652405	4509,375	0,687699198722839			
4512,5	1,49157893657684			4512,5	1,43754422664642					4512,5	1,5077189207077	4512,5	1,42934060096741					4512,5	1,18785262107849	4512,5	0,901023864746094					4512,5	0,545476794242859	4512,5	0,280812442302704			4512,5	0,400836825370789			4512,5	0,410920649766922					4512,5	0,476540416479111	4512,5	0,556254029273987					4512,5	0,718652904033661	4512,5	0,775931835174561					4512,5	0,755083501338959	4512,5	0,685590863227844			
4515,625	1,49023568630219			4515,625	1,43870043754578					4515,625	1,5099356174469	4515,625	1,43323385715485					4515,625	1,18980395793915	4515,625	0,903413414955139					4515,625	0,547176778316498	4515,625	0,282080680131912			4515,625	0,400127470493317			4515,625	0,407226771116257					4515,625	0,476826786994934	4515,625	0,553565144538879					4515,625	0,71650093793869	4515,625	0,779105722904205					4515,625	0,758227467536926	4515,625	0,689865350723267			
4518,75	1,4906712770462			4518,75	1,43762910366058					4518,75	1,50915777683258	4518,75	1,4336416721344					4518,75	1,18933022022247	4518,75	0,899940490722656					4518,75	0,543063342571259	4518,75	0,277827799320221			4518,75	0,401866316795349			4518,75	0,408577650785446					4518,75	0,476843655109406	4518,75	0,554904341697693					4518,75	0,718578457832336	4518,75	0,781519532203674					4518,75	0,760549366474152	4518,75	0,690548956394196			
4521,875	1,49005806446075			4521,875	1,43863415718079					4521,875	1,51192843914032	4521,875	1,43508780002594					4521,875	1,19255220890045	4521,875	0,904283881187439					4521,875	0,545510947704315	4521,875	0,279217511415482			4521,875	0,39934766292572			4521,875	0,408234447240829					4521,875	0,470741122961044	4521,875	0,550925374031067					4521,875	0,718118190765381	4521,875	0,785562336444855					4521,875	0,761611521244049	4521,875	0,694086134433746			
4525	1,48851776123047			4525	1,43976211547852					4525	1,51239943504333	4525	1,43825030326843					4525	1,19656932353973	4525	0,910009443759918					4525	0,551031053066254	4525	0,282406985759735			4525	0,39809513092041			4525	0,404616415500641					4525	0,470958977937698	4525	0,545718193054199					4525	0,716013550758362	4525	0,783865511417389					4525	0,762138426303864	4525	0,696621358394623			
4528,125	1,48939633369446			4528,125	1,43777513504028					4528,125	1,51139378547668	4528,125	1,43761301040649					4528,125	1,19988644123077	4528,125	0,912915945053101					4528,125	0,555282950401306	4528,125	0,287821650505066			4528,125	0,393902838230133			4528,125	0,399637758731842					4528,125	0,464067161083221	4528,125	0,541048049926758					4528,125	0,711941778659821	4528,125	0,781495034694672					4528,125	0,763173639774323	4528,125	0,696748852729797			
4531,25	1,48985195159912			4531,25	1,43678081035614					4531,25	1,51329839229584	4531,25	1,43787109851837					4531,25	1,20296597480774	4531,25	0,914842247962952					4531,25	0,557255625724792	4531,25	0,288564443588257			4531,25	0,392645299434662			4531,25	0,396680474281311					4531,25	0,459911972284317	4531,25	0,540129005908966					4531,25	0,712279498577118	4531,25	0,780797004699707					4531,25	0,765121042728424	4531,25	0,698999762535095			
4534,375	1,48768758773804			4534,375	1,43613946437836					4534,375	1,51388001441956	4534,375	1,43826627731323					4534,375	1,20309376716614	4534,375	0,913857281208038					4534,375	0,555760681629181	4534,375	0,287119626998901			4534,375	0,395514398813248			4534,375	0,396565467119217					4534,375	0,461136788129807	4534,375	0,540064990520477					4534,375	0,713113129138947	4534,375	0,782148122787476					4534,375	0,765702307224274	4534,375	0,699675023555756			
4537,5	1,48754584789276			4537,5	1,43720591068268					4537,5	1,51544451713562	4537,5	1,43939709663391					4537,5	1,20678806304932	4537,5	0,91773122549057					4537,5	0,557978928089142	4537,5	0,288726478815079			4537,5	0,395105957984924			4537,5	0,393432974815369					4537,5	0,460849553346634	4537,5	0,536521852016449					4537,5	0,71116578578949	4537,5	0,783695757389069					4537,5	0,767617881298065	4537,5	0,702455699443817			
4540,625	1,48363387584686			4540,625	1,43718576431274					4540,625	1,51827609539032	4540,625	1,44380712509155					4540,625	1,20841240882874	4540,625	0,92313426733017					4540,625	0,562145590782166	4540,625	0,290553838014603			4540,625	0,394160598516464			4540,625	0,392005354166031					4540,625	0,456871956586838	4540,625	0,531564712524414					4540,625	0,710447013378143	4540,625	0,783931612968445					4540,625	0,768666684627533	4540,625	0,704982936382294			
4543,75	1,48490965366364			4543,75	1,43587124347687					4543,75	1,51910936832428	4543,75	1,44424498081207					4543,75	1,21173560619354	4543,75	0,924975156784058					4543,75	0,561623513698578	4543,75	0,290378093719482			4543,75	0,392408221960068			4543,75	0,392160326242447					4543,75	0,457421064376831	4543,75	0,532797574996948					4543,75	0,709527373313904	4543,75	0,786054730415344					4543,75	0,771422326564789	4543,75	0,707219481468201			
4546,875	1,48602938652039			4546,875	1,43530297279358					4546,875	1,5187611579895	4546,875	1,44378340244293					4546,875	1,21200966835022	4546,875	0,927017629146576					4546,875	0,562369227409363	4546,875	0,289761871099472			4546,875	0,391839355230331			4546,875	0,391044080257416					4546,875	0,454153537750244	4546,875	0,530834972858429					4546,875	0,708585739135742	4546,875	0,786091387271881					4546,875	0,772194564342499	4546,875	0,707812249660492			
4550	1,48704922199249			4550	1,43515777587891					4550	1,51902663707733	4550	1,44421720504761					4550	1,21130418777466	4550	0,92722475528717					4550	0,562494337558746	4550	0,28817892074585			4550	0,388002127408981			4550	0,389837265014648					4550	0,45197394490242	4550	0,530501663684845					4550	0,709085404872894	4550	0,786613941192627					4550	0,773135483264923	4550	0,708279728889465			
4553,125	1,48420417308807			4553,125	1,43442189693451					4553,125	1,5182865858078	4553,125	1,44713759422302					4553,125	1,21473050117493	4553,125	0,933501839637756					4553,125	0,565963208675385	4553,125	0,293230056762695			4553,125	0,386579990386963			4553,125	0,385631203651428					4553,125	0,447392076253891	4553,125	0,52293449640274					4553,125	0,706364095211029	4553,125	0,781749486923218					4553,125	0,773151338100433	4553,125	0,710066080093384			
4556,25	1,48399305343628			4556,25	1,43427121639252					4556,25	1,52080404758453	4556,25	1,44925332069397					4556,25	1,21753168106079	4556,25	0,934043169021606					4556,25	0,56861013174057	4556,25	0,294481486082077			4556,25	0,385139673948288			4556,25	0,383724302053452					4556,25	0,447768568992615	4556,25	0,524808645248413					4556,25	0,706863164901733	4556,25	0,784616887569427					4556,25	0,776476621627808	4556,25	0,713429093360901			
4559,375	1,48315727710724			4559,375	1,43321549892426					4559,375	1,51829588413239	4559,375	1,44383430480957					4559,375	1,213862657547	4559,375	0,926725327968597					4559,375	0,564074039459229	4559,375	0,291036695241928			4559,375	0,384448051452637			4559,375	0,383063524961472					4559,375	0,448336541652679	4559,375	0,526726901531219					4559,375	0,704438924789429	4559,375	0,781278014183044					4559,375	0,772796750068665	4559,375	0,709342837333679			
4562,5	1,48344373703003			4562,5	1,43803668022156					4562,5	1,5254465341568	4562,5	1,45596587657928					4562,5	1,2281140089035	4562,5	0,94125884771347					4562,5	0,572165906429291	4562,5	0,294729620218277			4562,5	0,387686282396317			4562,5	0,38329890370369					4562,5	0,446370273828506	4562,5	0,524874031543732					4562,5	0,710479617118835	4562,5	0,79191642999649					4562,5	0,785224318504334	4562,5	0,723432600498199			
4565,625	1,48512184619904			4565,625	1,43478631973267					4565,625	1,5246946811676	4565,625	1,45591700077057					4565,625	1,22443437576294	4565,625	0,940421581268311					4565,625	0,571045696735382	4565,625	0,29534038901329			4565,625	0,382841676473618			4565,625	0,382386058568954					4565,625	0,447561025619507	4565,625	0,521330773830414					4565,625	0,706325054168701	4565,625	0,790902078151703					4565,625	0,781689882278442	4565,625	0,718983113765717			
4568,75	1,48234283924103			4568,75	1,43500876426697					4568,75	1,52665364742279	4568,75	1,45614397525787					4568,75	1,22605383396149	4568,75	0,942191660404205					4568,75	0,570995688438416	4568,75	0,294687926769257			4568,75	0,381689965724945			4568,75	0,381159394979477					4568,75	0,446443825960159	4568,75	0,517724215984344					4568,75	0,705677032470703	4568,75	0,793368339538574					4568,75	0,784555912017822	4568,75	0,721057116985321			
4571,875	1,48129200935364			4571,875	1,43438708782196					4571,875	1,52377998828888	4571,875	1,45468628406525					4571,875	1,22573506832123	4571,875	0,94278746843338					4571,875	0,573252618312836	4571,875	0,296823441982269			4571,875	0,382091790437698			4571,875	0,379673480987549					4571,875	0,441317081451416	4571,875	0,515141487121582					4571,875	0,703592419624329	4571,875	0,789217472076416					4571,875	0,782496631145477	4571,875	0,71994686126709			
4575	1,48193061351776			4575	1,43634676933289					4575	1,5243136882782	4575	1,45883738994598					4575	1,23044610023499	4575	0,946703612804413					4575	0,57705694437027	4575	0,29848250746727			4575	0,378492802381516			4575	0,378980338573456					4575	0,438071697950363	4575	0,513614058494568					4575	0,702390909194946	4575	0,789462625980377					4575	0,783567011356354	4575	0,724043726921082			
4578,125	1,48091638088226			4578,125	1,43513405323029					4578,125	1,52562475204468	4578,125	1,45860075950623					4578,125	1,23286843299866	4578,125	0,951255023479462					4578,125	0,579829752445221	4578,125	0,301099866628647			4578,125	0,375900000333786			4578,125	0,376981794834137					4578,125	0,435111194849014	4578,125	0,510725259780884					4578,125	0,69754958152771	4578,125	0,786912858486176					4578,125	0,783302962779999	4578,125	0,724780976772308			
4581,25	1,48009872436523			4581,25	1,43609392642975					4581,25	1,5289181470871	4581,25	1,46250486373901					4581,25	1,23856890201569	4581,25	0,956778466701508					4581,25	0,584114372730255	4581,25	0,304891765117645			4581,25	0,374630659818649			4581,25	0,373993992805481					4581,25	0,434196203947067	4581,25	0,50792270898819					4581,25	0,696265876293182	4581,25	0,787830591201782					4581,25	0,786159217357636	4581,25	0,727452516555786			
4584,375	1,48148858547211			4584,375	1,43707239627838					4584,375	1,52935981750488	4584,375	1,46384727954865					4584,375	1,24007642269135	4584,375	0,957951664924622					4584,375	0,584873974323273	4584,375	0,304052859544754			4584,375	0,376447290182114			4584,375	0,375932484865189					4584,375	0,43177056312561	4584,375	0,508957505226135					4584,375	0,698957443237305	4584,375	0,790270209312439					4584,375	0,789493441581726	4584,375	0,730343759059906			
4587,5	1,48198628425598			4587,5	1,43651068210602					4587,5	1,52998840808868	4587,5	1,46233248710632					4587,5	1,23808372020721	4587,5	0,958141446113586					4587,5	0,583362638950348	4587,5	0,301157832145691			4587,5	0,374617010354996			4587,5	0,377402365207672					4587,5	0,430264055728912	4587,5	0,509037494659424					4587,5	0,700286149978638	4587,5	0,79195499420166					4587,5	0,790180444717407	4587,5	0,730760991573334			
4590,625	1,48245310783386			4590,625	1,43646967411041					4590,625	1,53199601173401	4590,625	1,46621739864349					4590,625	1,24396741390228	4590,625	0,961435616016388					4590,625	0,585899829864502	4590,625	0,302339255809784			4590,625	0,371331930160522			4590,625	0,37660750746727					4590,625	0,429391115903854	4590,625	0,506865739822388					4590,625	0,699781596660614	4590,625	0,792398869991302					4590,625	0,793465316295624	4590,625	0,735710203647614			
4593,75	1,48417091369629			4593,75	1,43712747097015					4593,75	1,53229689598083	4593,75	1,46872889995575					4593,75	1,24466264247894	4593,75	0,96514892578125					4593,75	0,58778989315033	4593,75	0,303505480289459			4593,75	0,371512949466705			4593,75	0,375460863113403					4593,75	0,429993659257889	4593,75	0,504662811756134					4593,75	0,699369132518768	4593,75	0,793717086315155					4593,75	0,795378446578979	4593,75	0,7358638048172			
4596,875	1,48212397098541			4596,875	1,43521165847778					4596,875	1,52950966358185	4596,875	1,46774709224701					4596,875	1,24727213382721	4596,875	0,968365669250488					4596,875	0,591355860233307	4596,875	0,307372212409973			4596,875	0,369344830513			4596,875	0,372826755046844					4596,875	0,425112992525101	4596,875	0,498648226261139					4596,875	0,694290399551392	4596,875	0,791117548942566					4596,875	0,793559312820435	4596,875	0,735864698886871			
4600	1,48059129714966			4600	1,43739175796509					4600	1,53540301322937	4600	1,47473502159119					4600	1,24947023391724	4600	0,970638155937195					4600	0,590820848941803	4600	0,30660754442215			4600	0,370643973350525			4600	0,374176770448685					4600	0,42647722363472	4600	0,499770104885101					4600	0,696363747119904	4600	0,793175935745239					4600	0,798141300678253	4600	0,739855527877808			
4603,125	1,47924304008484			4603,125	1,43982040882111					4603,125	1,53787481784821	4603,125	1,47917187213898					4603,125	1,25288081169128	4603,125	0,972634017467499					4603,125	0,592609286308289	4603,125	0,304958999156952			4603,125	0,369374513626099			4603,125	0,377080172300339					4603,125	0,425692468881607	4603,125	0,50078272819519					4603,125	0,699265956878662	4603,125	0,795686960220337					4603,125	0,802416384220123	4603,125	0,744157910346985			
4606,25	1,47594165802002			4606,25	1,43949508666992					4606,25	1,53517997264862	4606,25	1,47681856155396					4606,25	1,25193560123444	4606,25	0,973429441452026					4606,25	0,59584379196167	4606,25	0,308095127344131			4606,25	0,365994274616241			4606,25	0,373776406049728					4606,25	0,422689467668533	4606,25	0,496732264757156					4606,25	0,694656610488892	4606,25	0,792853116989136					4606,25	0,798802733421326	4606,25	0,741858243942261			
4609,375	1,47807037830353			4609,375	1,43992578983307					4609,375	1,53626716136932	4609,375	1,47729468345642					4609,375	1,25199282169342	4609,375	0,973159492015839					4609,375	0,594346880912781	4609,375	0,306493192911148			4609,375	0,367269366979599			4609,375	0,374274134635925					4609,375	0,422188431024551	4609,375	0,497189313173294					4609,375	0,695314586162567	4609,375	0,794938504695892					4609,375	0,800805449485779	4609,375	0,744380295276642			
4612,5	1,4798492193222			4612,5	1,44186842441559					4612,5	1,54009878635406	4612,5	1,48269283771515					4612,5	1,25696527957916	4612,5	0,981131434440613					4612,5	0,599380552768707	4612,5	0,309363543987274			4612,5	0,364803522825241			4612,5	0,372194021940231					4612,5	0,418260037899017	4612,5	0,494142472743988					4612,5	0,694657266139984	4612,5	0,796865403652191					4612,5	0,803833186626434	4612,5	0,748337090015411			
4615,625	1,47641003131866			4615,625	1,44105970859528					4615,625	1,53848457336426	4615,625	1,48160493373871					4615,625	1,25851476192474	4615,625	0,982914626598358					4615,625	0,602050423622131	4615,625	0,311652421951294			4615,625	0,362986415624619			4615,625	0,3702712059021					4615,625	0,417330920696259	4615,625	0,491063922643662					4615,625	0,690598607063293	4615,625	0,79316520690918					4615,625	0,802304446697235	4615,625	0,746254861354828			
4618,75	1,4757776260376			4618,75	1,44390189647675					4618,75	1,54122495651245	4618,75	1,48574542999268					4618,75	1,26219069957733	4618,75	0,983639001846313					4618,75	0,601255238056183	4618,75	0,31101980805397			4618,75	0,363174825906754			4618,75	0,37037780880928					4618,75	0,418905526399612	4618,75	0,49212184548378					4618,75	0,692004442214966	4618,75	0,796095550060272					4618,75	0,806544184684753	4618,75	0,750159502029419			
4621,875	1,47848403453827			4621,875	1,44410789012909					4621,875	1,54248881340027	4621,875	1,48648679256439					4621,875	1,26333212852478	4621,875	0,984807729721069					4621,875	0,603680312633514	4621,875	0,312603265047073			4621,875	0,358874052762985			4621,875	0,37210413813591					4621,875	0,418238073587418	4621,875	0,492778897285461					4621,875	0,692974984645844	4621,875	0,795287668704987					4621,875	0,803540706634521	4621,875	0,750283479690552			
4625	1,4776645898819			4625	1,44162583351135					4625	1,54507565498352	4625	1,48894453048706					4625	1,27000963687897	4625	0,995504200458527					4625	0,614386856555939	4625	0,319882482290268			4625	0,357276380062103			4625	0,366887420415878					4625	0,410823106765747	4625	0,483768969774246					4625	0,688568711280823	4625	0,79426246881485					4625	0,808168053627014	4625	0,755709111690521			
4628,125	1,47757685184479			4628,125	1,44630169868469					4628,125	1,54736399650574	4628,125	1,49133610725403					4628,125	1,27082943916321	4628,125	0,994494318962097					4628,125	0,612292170524597	4628,125	0,318587392568588			4628,125	0,359055429697037			4628,125	0,36855748295784					4628,125	0,41194760799408	4628,125	0,482304215431213					4628,125	0,688252449035645	4628,125	0,79676365852356					4628,125	0,811624944210052	4628,125	0,757267773151398			
4631,25	1,47631669044495			4631,25	1,44558382034302					4631,25	1,54419577121735	4631,25	1,49517703056335					4631,25	1,27475941181183	4631,25	0,999419271945953					4631,25	0,61320298910141	4631,25	0,320223182439804			4631,25	0,356429070234299			4631,25	0,36887389421463					4631,25	0,407365530729294	4631,25	0,478778034448624					4631,25	0,687455475330353	4631,25	0,797137379646301					4631,25	0,811569929122925	4631,25	0,760394155979156			
4634,375	1,47597193717957			4634,375	1,44792342185974					4634,375	1,54812550544739	4634,375	1,4997318983078					4634,375	1,27837610244751	4634,375	1,00143790245056					4634,375	0,615289270877838	4634,375	0,318138778209686			4634,375	0,355376958847046			4634,375	0,368450433015823					4634,375	0,406891673803329	4634,375	0,477586895227432					4634,375	0,691170752048492	4634,375	0,801022827625275					4634,375	0,817741692066193	4634,375	0,766015589237213			
4637,5	1,47566378116608			4637,5	1,4482741355896					4637,5	1,54656434059143	4637,5	1,49876606464386					4637,5	1,27602899074554	4637,5	1,0003787279129					4637,5	0,614618480205536	4637,5	0,317366540431976			4637,5	0,354126691818237			4637,5	0,367655485868454					4637,5	0,411563187837601	4637,5	0,479564100503922					4637,5	0,688750147819519	4637,5	0,799265503883362					4637,5	0,814498424530029	4637,5	0,763648450374603			
4640,625	1,47261917591095			4640,625	1,44758522510529					4640,625	1,54875946044922	4640,625	1,49903559684753					4640,625	1,27846705913544	4640,625	1,00315260887146					4640,625	0,615417540073395	4640,625	0,317573070526123			4640,625	0,353174030780792			4640,625	0,368302971124649					4640,625	0,409991085529327	4640,625	0,478543102741241					4640,625	0,684800684452057	4640,625	0,798135757446289					4640,625	0,81486564874649	4640,625	0,763541758060455			
4643,75	1,47459900379181			4643,75	1,45293498039246					4643,75	1,55428397655487	4643,75	1,50257647037506					4643,75	1,28391098976135	4643,75	1,01117241382599					4643,75	0,621447384357452	4643,75	0,32330796122551			4643,75	0,349709033966064			4643,75	0,365419536828995					4643,75	0,404652982950211	4643,75	0,473959386348724					4643,75	0,687558710575104	4643,75	0,798703014850616					4643,75	0,820189595222473	4643,75	0,768890261650085			
4646,875	1,47472620010376			4646,875	1,45437705516815					4646,875	1,55275285243988	4646,875	1,50457119941711					4646,875	1,28514766693115	4646,875	1,01106953620911					4646,875	0,62146133184433	4646,875	0,323032855987549			4646,875	0,35108745098114			4646,875	0,365096241235733					4646,875	0,405516088008881	4646,875	0,471892148256302					4646,875	0,689263224601746	4646,875	0,799375414848328					4646,875	0,818322539329529	4646,875	0,768956899642944			
4650	1,47861242294312			4650	1,45543026924133					4650	1,55391895771027	4650	1,50509393215179					4650	1,28899133205414	4650	1,01328682899475					4650	0,624121725559235	4650	0,324246942996979			4650	0,351571679115295			4650	0,365739315748215					4650	0,404348969459534	4650	0,46883636713028					4650	0,688355267047882	4650	0,798907876014709					4650	0,82057923078537	4650	0,772247970104218			
4653,125	1,47732126712799			4653,125	1,45568120479584					4653,125	1,55751276016235	4653,125	1,51012635231018					4653,125	1,29122257232666	4653,125	1,01655030250549					4653,125	0,626035928726196	4653,125	0,322661310434341			4653,125	0,35033330321312			4653,125	0,365099519491196					4653,125	0,404392600059509	4653,125	0,466771423816681					4653,125	0,690226435661316	4653,125	0,800633013248444					4653,125	0,825007498264313	4653,125	0,775306165218353			
4656,25	1,47587251663208			4656,25	1,45628094673157					4656,25	1,56060707569122	4656,25	1,5135897397995					4656,25	1,29266500473022	4656,25	1,01920211315155					4656,25	0,628126382827759	4656,25	0,323918342590332			4656,25	0,349860668182373			4656,25	0,366371482610703					4656,25	0,403835624456406	4656,25	0,464991927146912					4656,25	0,689974367618561	4656,25	0,803147614002228					4656,25	0,826776444911957	4656,25	0,777270197868347			
4659,375	1,47717809677124			4659,375	1,45663201808929					4659,375	1,5613694190979	4659,375	1,51428854465485					4659,375	1,29107069969177	4659,375	1,01933062076569					4659,375	0,627872049808502	4659,375	0,322558879852295			4659,375	0,349622964859009			4659,375	0,365904927253723					4659,375	0,402349054813385	4659,375	0,465281218290329					4659,375	0,690495193004608	4659,375	0,803896546363831					4659,375	0,825216770172119	4659,375	0,777008354663849			
4662,5	1,47598648071289			4662,5	1,46295034885406					4662,5	1,56389677524567	4662,5	1,52013623714447					4662,5	1,29726004600525	4662,5	1,0206561088562					4662,5	0,624647855758667	4662,5	0,320189148187637			4662,5	0,350973814725876			4662,5	0,368154615163803					4662,5	0,40546914935112	4662,5	0,467816710472107					4662,5	0,697799563407898	4662,5	0,811169028282166					4662,5	0,833254456520081	4662,5	0,78428453207016			
4665,625	1,47432017326355			4665,625	1,46371531486511					4665,625	1,56651389598846	4665,625	1,5237762928009					4665,625	1,30179607868195	4665,625	1,02798676490784					4665,625	0,634832382202148	4665,625	0,325220614671707			4665,625	0,350383102893829			4665,625	0,364454329013824					4665,625	0,40102145075798	4665,625	0,462992161512375					4665,625	0,693657636642456	4665,625	0,807598233222961					4665,625	0,834751725196838	4665,625	0,786830961704254			
4668,75	1,47574472427368			4668,75	1,46160519123077					4668,75	1,56438553333282	4668,75	1,52263474464417					4668,75	1,29842686653137	4668,75	1,02792191505432					4668,75	0,635588049888611	4668,75	0,326835632324219			4668,75	0,349636226892471			4668,75	0,363969534635544					4668,75	0,402214258909225	4668,75	0,459245920181274					4668,75	0,689619302749634	4668,75	0,803660929203033					4668,75	0,830686032772064	4668,75	0,782621324062347			
4671,875	1,47634255886078			4671,875	1,46762692928314					4671,875	1,57262146472931	4671,875	1,52666437625885					4671,875	1,30949819087982	4671,875	1,04021823406219					4671,875	0,642557561397552	4671,875	0,332283645868301			4671,875	0,347339868545532			4671,875	0,361617743968964					4671,875	0,399922788143158	4671,875	0,454533219337463					4671,875	0,687290966510773	4671,875	0,804920017719269					4671,875	0,837098181247711	4671,875	0,789956390857697			
4675	1,47606217861176			4675	1,46645569801331					4675	1,57289350032806	4675	1,52852749824524					4675	1,31223809719086	4675	1,03923785686493					4675	0,643418967723846	4675	0,332855850458145			4675	0,347883075475693			4675	0,362028211355209					4675	0,396739900112152	4675	0,450354218482971					4675	0,686985015869141	4675	0,80536276102066					4675	0,836970925331116	4675	0,790015876293182			
4678,125	1,4800865650177			4678,125	1,46822440624237					4678,125	1,57342684268951	4678,125	1,53034508228302					4678,125	1,31452059745789	4678,125	1,03952300548553					4678,125	0,642131567001343	4678,125	0,330240547657013			4678,125	0,345950901508331			4678,125	0,364210844039917					4678,125	0,396818310022354	4678,125	0,449003607034683					4678,125	0,690408229827881	4678,125	0,810294330120087					4678,125	0,840828895568848	4678,125	0,794699966907501			
4681,25	1,4801013469696			4681,25	1,46677815914154					4681,25	1,57328486442566	4681,25	1,53146827220917					4681,25	1,315101146698	4681,25	1,04302978515625					4681,25	0,648414254188538	4681,25	0,337601453065872			4681,25	0,344318091869354			4681,25	0,360304653644562					4681,25	0,393242716789246	4681,25	0,444664835929871					4681,25	0,686272740364075	4681,25	0,804207742214203					4681,25	0,837451994419098	4681,25	0,794666290283203			
4684,375	1,47879183292389			4684,375	1,46861505508423					4684,375	1,57567429542542	4684,375	1,53497326374054					4684,375	1,31983280181885	4684,375	1,04363131523132					4684,375	0,647144556045532	4684,375	0,333869427442551			4684,375	0,344647139310837			4684,375	0,361071944236755					4684,375	0,396164178848267	4684,375	0,44517320394516					4684,375	0,693661093711853	4684,375	0,810696661472321					4684,375	0,843364894390106	4684,375	0,798020422458649			
4687,5	1,47997760772705			4687,5	1,47215235233307					4687,5	1,5795396566391	4687,5	1,53614902496338					4687,5	1,32442033290863	4687,5	1,04962480068207					4687,5	0,649397671222687	4687,5	0,333970278501511			4687,5	0,344412714242935			4687,5	0,362793296575546					4687,5	0,393333911895752	4687,5	0,442302376031876					4687,5	0,694950044155121	4687,5	0,812509953975677					4687,5	0,847937166690826	4687,5	0,802142024040222			
4690,625	1,48182916641235			4690,625	1,47269296646118					4690,625	1,58072626590729	4690,625	1,53749084472656					4690,625	1,32680857181549	4690,625	1,05102145671844					4690,625	0,652324557304382	4690,625	0,336337774991989			4690,625	0,343782275915146			4690,625	0,359097123146057					4690,625	0,393916964530945	4690,625	0,439199090003967					4690,625	0,691417992115021	4690,625	0,808623194694519					4690,625	0,845321297645569	4690,625	0,801395118236542			
4693,75	1,48486948013306			4693,75	1,47598087787628					4693,75	1,58336281776428	4693,75	1,53791809082031					4693,75	1,33176481723785	4693,75	1,05176103115082					4693,75	0,654254078865051	4693,75	0,33772274851799			4693,75	0,336877226829529			4693,75	0,356842786073685					4693,75	0,393204301595688	4693,75	0,437499165534973					4693,75	0,691568553447723	4693,75	0,812732398509979					4693,75	0,845796525478363	4693,75	0,804228723049164			
4696,875	1,48775589466095			4696,875	1,47834992408752					4696,875	1,58697903156281	4696,875	1,53904938697815					4696,875	1,33466637134552	4696,875	1,05491733551025					4696,875	0,65580153465271	4696,875	0,336288958787918			4696,875	0,343391090631485			4696,875	0,360634982585907					4696,875	0,392643123865128	4696,875	0,434961676597595					4696,875	0,696366667747498	4696,875	0,816349744796753					4696,875	0,850813031196594	4696,875	0,807766735553741			
4700	1,48458588123322			4700	1,48111772537231					4700	1,59106874465942	4700	1,5441654920578					4700	1,33989262580872	4700	1,05935037136078					4700	0,654558897018433	4700	0,331866055727005			4700	0,345412760972977			4700	0,364609509706497					4700	0,391963064670563	4700	0,434809148311615					4700	0,700085878372192	4700	0,816518723964691					4700	0,853232383728027	4700	0,811305046081543			
4703,125	1,48588597774506			4703,125	1,47985625267029					4703,125	1,5906195640564	4703,125	1,54180085659027					4703,125	1,34282279014587	4703,125	1,06538319587708					4703,125	0,660881340503693	4703,125	0,338062435388565			4703,125	0,344015836715698			4703,125	0,359347879886627					4703,125	0,388919204473495	4703,125	0,429998785257339					4703,125	0,696080923080444	4703,125	0,815641820430756					4703,125	0,855416774749756	4703,125	0,815237939357758			
4706,25	1,48348784446716			4706,25	1,48221731185913					4706,25	1,59112143516541	4706,25	1,54247784614563					4706,25	1,34662592411041	4706,25	1,06793689727783					4706,25	0,662847995758057	4706,25	0,339676350355148			4706,25	0,33989429473877			4706,25	0,360698878765106					4706,25	0,390892893075943	4706,25	0,431162565946579					4706,25	0,694251716136932	4706,25	0,817166566848755					4706,25	0,857640385627747	4706,25	0,816196918487549			
4709,375	1,48767197132111			4709,375	1,48490011692047					4709,375	1,59671473503113	4709,375	1,54372382164001					4709,375	1,35288262367249	4709,375	1,0688681602478					4709,375	0,664168477058411	4709,375	0,33744552731514			4709,375	0,340443998575211			4709,375	0,360628485679626					4709,375	0,390224993228912	4709,375	0,430864334106445					4709,375	0,696184515953064	4709,375	0,820886552333832					4709,375	0,861499428749084	4709,375	0,819752991199493			
4712,5	1,48883235454559			4712,5	1,48511636257172					4712,5	1,59955823421478	4712,5	1,54560542106628					4712,5	1,35463118553162	4712,5	1,07210612297058					4712,5	0,665082633495331	4712,5	0,338291645050049			4712,5	0,341829150915146			4712,5	0,35938236117363					4712,5	0,388474375009537	4712,5	0,430783420801163					4712,5	0,697157025337219	4712,5	0,823811233043671					4712,5	0,863328158855438	4712,5	0,82232528924942			
4715,625	1,48708617687225			4715,625	1,48658311367035					4715,625	1,60135960578918	4715,625	1,54660105705261					4715,625	1,35873413085938	4715,625	1,07604694366455					4715,625	0,669462025165558	4715,625	0,341709464788437			4715,625	0,340227961540222			4715,625	0,357363045215607					4715,625	0,386821895837784	4715,625	0,429152339696884					4715,625	0,695115864276886	4715,625	0,822508752346039					4715,625	0,864586114883423	4715,625	0,825020909309387			
4718,75	1,48861753940582			4718,75	1,48777282238007					4718,75	1,60231709480286	4718,75	1,54733598232269					4718,75	1,36181104183197	4718,75	1,07961225509644					4718,75	0,67409485578537	4718,75	0,345136374235153			4718,75	0,339310079813004			4718,75	0,356751799583435					4718,75	0,386216223239899	4718,75	0,4279605448246					4718,75	0,693921506404877	4718,75	0,821533858776093					4718,75	0,86383056640625	4718,75	0,826141476631165			
4721,875	1,48991990089417			4721,875	1,48846447467804					4721,875	1,60390651226044	4721,875	1,54978919029236					4721,875	1,3637068271637	4721,875	1,08115136623383					4721,875	0,673109233379364	4721,875	0,342967629432678			4721,875	0,340341418981552			4721,875	0,358734667301178					4721,875	0,384690672159195	4721,875	0,426001131534576					4721,875	0,694528102874756	4721,875	0,824860453605652					4721,875	0,86801552772522	4721,875	0,830178499221802			
4725	1,49294769763947			4725	1,48980557918549					4725	1,6073762178421	4725	1,55199635028839					4725	1,36923599243164	4725	1,08042597770691					4725	0,672440648078918	4725	0,340980619192123			4725	0,338735371828079			4725	0,360986053943634					4725	0,384903341531754	4725	0,428623527288437					4725	0,696122527122498	4725	0,827824771404266					4725	0,869487106800079	4725	0,832334399223328			
4728,125	1,4949254989624			4728,125	1,49102139472961					4728,125	1,6119464635849	4728,125	1,55341470241547					4728,125	1,37507712841034	4728,125	1,08571588993073					4728,125	0,676287174224854	4728,125	0,34045135974884			4728,125	0,338982850313187			4728,125	0,357921451330185					4728,125	0,386143893003464	4728,125	0,428360939025879					4728,125	0,697048842906952	4728,125	0,830475032329559					4728,125	0,872017979621887	4728,125	0,837075471878052			
4731,25	1,49391543865204			4731,25	1,49396157264709					4731,25	1,61406147480011	4731,25	1,55746936798096					4731,25	1,37718260288239	4731,25	1,0874125957489					4731,25	0,676246166229248	4731,25	0,336852520704269			4731,25	0,339460819959641			4731,25	0,362957507371902					4731,25	0,39082270860672	4731,25	0,430059283971787					4731,25	0,698173344135284	4731,25	0,836529850959778					4731,25	0,877431690692902	4731,25	0,84308910369873			
4734,375	1,49509739875793			4734,375	1,49503588676453					4734,375	1,61795628070831	4734,375	1,55965268611908					4734,375	1,37888336181641	4734,375	1,09015679359436					4734,375	0,676260650157928	4734,375	0,337336212396622			4734,375	0,340153634548187			4734,375	0,364238709211349					4734,375	0,388809025287628	4734,375	0,42802220582962					4734,375	0,69729608297348	4734,375	0,835430145263672					4734,375	0,878611087799072	4734,375	0,843720674514771			
4737,5	1,49723887443542			4737,5	1,49680578708649					4737,5	1,61853647232056	4737,5	1,55874514579773					4737,5	1,3832528591156	4737,5	1,09439158439636					4737,5	0,680862545967102	4737,5	0,340905278921127			4737,5	0,338089406490326			4737,5	0,363565862178802					4737,5	0,386197119951248	4737,5	0,426786154508591					4737,5	0,697972536087036	4737,5	0,837049007415771					4737,5	0,882320106029511	4737,5	0,849074721336365			
4740,625	1,49579119682312			4740,625	1,49967896938324					4740,625	1,61799240112305	4740,625	1,56282114982605					4740,625	1,39043605327606	4740,625	1,09808039665222					4740,625	0,68480908870697	4740,625	0,344259202480316			4740,625	0,337900698184967			4740,625	0,359718650579453					4740,625	0,384467631578445	4740,625	0,426787972450256					4740,625	0,697438955307007	4740,625	0,837136328220367					4740,625	0,883585572242737	4740,625	0,8529953956604			
4743,75	1,49970734119415			4743,75	1,500936627388					4743,75	1,62293457984924	4743,75	1,56288611888885					4743,75	1,39909958839417	4743,75	1,10343217849731					4743,75	0,688628911972046	4743,75	0,344338297843933			4743,75	0,337095767259598			4743,75	0,361190378665924					4743,75	0,381309449672699	4743,75	0,426318854093552					4743,75	0,69751900434494	4743,75	0,837386071681976					4743,75	0,886192083358765	4743,75	0,85797131061554			
4746,875	1,50169670581818			4746,875	1,50043833255768					4746,875	1,62546908855438	4746,875	1,56321477890015					4746,875	1,40032434463501	4746,875	1,10530602931976					4746,875	0,689444065093994	4746,875	0,345131933689117			4746,875	0,337186545133591			4746,875	0,361861258745193					4746,875	0,382490158081055	4746,875	0,425152599811554					4746,875	0,698716461658478	4746,875	0,839274942874908					4746,875	0,886596620082855	4746,875	0,857669651508331			
4750	1,50047659873962			4750	1,5022474527359					4750	1,62882459163666	4750	1,56811797618866					4750	1,40498530864716	4750	1,10845839977264					4750	0,689749300479889	4750	0,344883412122726			4750	0,338059514760971			4750	0,362793624401093					4750	0,384214133024216	4750	0,423712730407715					4750	0,701730072498322	4750	0,845331251621246					4750	0,89052140712738	4750	0,86083459854126			
4753,125	1,50081980228424			4753,125	1,50517678260803					4753,125	1,63161945343018	4753,125	1,57361459732056					4753,125	1,4117625951767	4753,125	1,11062979698181					4753,125	0,69203120470047	4753,125	0,343535900115967			4753,125	0,337095946073532			4753,125	0,363903254270554					4753,125	0,388827383518219	4753,125	0,423331081867218					4753,125	0,70454341173172	4753,125	0,850517868995667					4753,125	0,898507654666901	4753,125	0,869589030742645			
4756,25	1,50143194198608			4756,25	1,50688219070435					4756,25	1,63194191455841	4756,25	1,57298445701599					4756,25	1,41591966152191	4756,25	1,11611819267273					4756,25	0,692975163459778	4756,25	0,34592205286026			4756,25	0,335113644599915			4756,25	0,366064578294754					4756,25	0,385555386543274	4756,25	0,422721087932587					4756,25	0,702057421207428	4756,25	0,85038161277771					4756,25	0,89829957485199	4756,25	0,871290922164917			
4759,375	1,50448131561279			4759,375	1,50610506534576					4759,375	1,63710856437683	4759,375	1,57621312141418					4759,375	1,42008352279663	4759,375	1,121213555336					4759,375	0,698803722858429	4759,375	0,349151521921158			4759,375	0,338474124670029			4759,375	0,364417225122452					4759,375	0,383081823587418	4759,375	0,421846657991409					4759,375	0,696830034255981	4759,375	0,848780274391174					4759,375	0,901695251464844	4759,375	0,875734865665436			
4762,5	1,50565886497498			4762,5	1,50815522670746					4762,5	1,64015281200409	4762,5	1,57689917087555					4762,5	1,42657291889191	4762,5	1,12295734882355					4762,5	0,700146496295929	4762,5	0,348841071128845			4762,5	0,338153094053268			4762,5	0,364923804998398					4762,5	0,384864956140518	4762,5	0,422404885292053					4762,5	0,695430994033813	4762,5	0,85207611322403					4762,5	0,904699862003326	4762,5	0,8792644739151			
4765,625	1,50693142414093			4765,625	1,51090359687805					4765,625	1,64057910442352	4765,625	1,57594871520996					4765,625	1,42750656604767	4765,625	1,1241797208786					4765,625	0,699012041091919	4765,625	0,346910744905472			4765,625	0,334927946329117			4765,625	0,367782235145569					4765,625	0,388861238956451	4765,625	0,42168253660202					4765,625	0,696163654327393	4765,625	0,855049729347229					4765,625	0,906444668769836	4765,625	0,883499324321747			
4768,75	1,50675654411316			4768,75	1,51093661785126					4768,75	1,64382016658783	4768,75	1,57769477367401					4768,75	1,43251419067383	4768,75	1,12687873840332					4768,75	0,700349688529968	4768,75	0,348036766052246			4768,75	0,337316334247589			4768,75	0,367253065109253					4768,75	0,386609196662903	4768,75	0,422874629497528					4768,75	0,696018874645233	4768,75	0,858687579631805					4768,75	0,909655690193176	4768,75	0,888499140739441			
4771,875	1,51354026794434			4771,875	1,51333332061768					4771,875	1,64695429801941	4771,875	1,58384585380554					4771,875	1,43551516532898	4771,875	1,12944912910461					4771,875	0,701024293899536	4771,875	0,346804320812225			4771,875	0,34010899066925			4771,875	0,366800427436829					4771,875	0,386341094970703	4771,875	0,42602214217186					4771,875	0,696143805980682	4771,875	0,860835552215576					4771,875	0,912330269813538	4771,875	0,889993250370026			
4775	1,51041698455811			4775	1,51388251781464					4775	1,64769721031189	4775	1,58653163909912					4775	1,44071805477142	4775	1,13989913463593					4775	0,711004078388214	4775	0,354933530092239			4775	0,339916974306107			4775	0,366242229938507					4775	0,382361710071564	4775	0,422320753335953					4775	0,688812494277954	4775	0,85974794626236					4775	0,918827831745148	4775	0,897344052791595			
4778,125	1,51202070713043			4778,125	1,51544916629791					4778,125	1,65246784687042	4778,125	1,58817863464355					4778,125	1,44587206840515	4778,125	1,14085817337036					4778,125	0,707607746124268	4778,125	0,351180016994476			4778,125	0,338657647371292			4778,125	0,372179448604584					4778,125	0,381593316793442	4778,125	0,420302659273148					4778,125	0,695468664169312	4778,125	0,865220248699188					4778,125	0,923709452152252	4778,125	0,903707921504974			
4781,25	1,51394426822662			4781,25	1,51764380931854					4781,25	1,65363323688507	4781,25	1,58639192581177					4781,25	1,44388973712921	4781,25	1,14280009269714					4781,25	0,70905464887619	4781,25	0,35409015417099			4781,25	0,340442091226578			4781,25	0,371783703565598					4781,25	0,380521953105927	4781,25	0,418921649456024					4781,25	0,693014085292816	4781,25	0,867271840572357					4781,25	0,92387193441391	4781,25	0,902554929256439			
4784,375	1,51378417015076			4784,375	1,51917600631714					4784,375	1,65744543075562	4784,375	1,5893120765686					4784,375	1,447833776474	4784,375	1,14351224899292					4784,375	0,710179805755615	4784,375	0,353327602148056			4784,375	0,338101178407669			4784,375	0,371408730745316					4784,375	0,38343757390976	4784,375	0,42064893245697					4784,375	0,692029058933258	4784,375	0,868491053581238					4784,375	0,928568959236145	4784,375	0,907115697860718			
4787,5	1,51223254203796			4787,5	1,5192985534668					4787,5	1,65992319583893	4787,5	1,59141373634338					4787,5	1,45313692092896	4787,5	1,14681267738342					4787,5	0,716687619686127	4787,5	0,355209082365036			4787,5	0,338539242744446			4787,5	0,373542338609695					4787,5	0,382974982261658	4787,5	0,421501457691193					4787,5	0,692566394805908	4787,5	0,870257437229156					4787,5	0,934056043624878	4787,5	0,915108978748322			
4790,625	1,51357805728912			4790,625	1,52025091648102					4790,625	1,66072583198547	4790,625	1,5914580821991					4790,625	1,45383203029633	4790,625	1,14902913570404					4790,625	0,719748675823212	4790,625	0,357177734375			4790,625	0,338521361351013			4790,625	0,374824553728104					4790,625	0,382874518632889	4790,625	0,423945993185043					4790,625	0,693952262401581	4790,625	0,871092617511749					4790,625	0,934806406497955	4790,625	0,917243957519531			
4793,75	1,51376581192017			4793,75	1,52298021316528					4793,75	1,66520130634308	4793,75	1,59874069690704					4793,75	1,45936179161072	4793,75	1,15370988845825					4793,75	0,720396935939789	4793,75	0,355799674987793			4793,75	0,340261042118073			4793,75	0,374268800020218					4793,75	0,384673863649368	4793,75	0,422254890203476					4793,75	0,694377064704895	4793,75	0,880678296089172					4793,75	0,943855404853821	4793,75	0,926129281520844			
4796,875	1,51507747173309			4796,875	1,52408277988434					4796,875	1,66781604290009	4796,875	1,60006940364838					4796,875	1,4633857011795	4796,875	1,15685868263245					4796,875	0,720847368240356	4796,875	0,353931725025177			4796,875	0,342803180217743			4796,875	0,379326641559601					4796,875	0,382525086402893	4796,875	0,422697573900223					4796,875	0,695552706718445	4796,875	0,884257376194					4796,875	0,944936990737915	4796,875	0,93049955368042			
4800	1,51779615879059			4800	1,52595245838165					4800	1,67103910446167	4800	1,59977853298187					4800	1,46587228775024	4800	1,16024482250214					4800	0,725892901420593	4800	0,357068300247192			4800	0,343942940235138			4800	0,380781918764114					4800	0,382934272289276	4800	0,422364562749863					4800	0,693988025188446	4800	0,884600818157196					4800	0,945412993431091	4800	0,931493699550629			
4803,125	1,5195220708847			4803,125	1,5283842086792					4803,125	1,67108070850372	4803,125	1,60423719882965					4803,125	1,47285556793213	4803,125	1,16406834125519					4803,125	0,731291353702545	4803,125	0,35824328660965			4803,125	0,344152271747589			4803,125	0,383275657892227					4803,125	0,382893651723862	4803,125	0,422173470258713					4803,125	0,694949686527252	4803,125	0,891409158706665					4803,125	0,953507423400879	4803,125	0,939250588417053			
4806,25	1,52305233478546			4806,25	1,52823424339294					4806,25	1,67296266555786	4806,25	1,60658085346222					4806,25	1,47607481479645	4806,25	1,1664844751358					4806,25	0,731373488903046	4806,25	0,359033465385437			4806,25	0,343151450157166			4806,25	0,385136067867279					4806,25	0,381993800401688	4806,25	0,423209130764008					4806,25	0,700415253639221	4806,25	0,891668438911438					4806,25	0,959516942501068	4806,25	0,94597589969635			
4809,375	1,52397108078003			4809,375	1,52708196640015					4809,375	1,67487156391144	4809,375	1,60444509983063					4809,375	1,47358107566833	4809,375	1,16940581798553					4809,375	0,730532228946686	4809,375	0,357430934906006			4809,375	0,342561036348343			4809,375	0,386810541152954					4809,375	0,381457716226578	4809,375	0,426693052053452					4809,375	0,699815452098846	4809,375	0,894232749938965					4809,375	0,960896849632263	4809,375	0,947179555892944			
4812,5	1,5209698677063			4812,5	1,52998030185699					4812,5	1,6764258146286	4812,5	1,60593700408936					4812,5	1,47909808158875	4812,5	1,17370963096619					4812,5	0,734212577342987	4812,5	0,356386661529541			4812,5	0,342409372329712			4812,5	0,38915428519249					4812,5	0,380157709121704	4812,5	0,427663385868073					4812,5	0,701655328273773	4812,5	0,904476583003998					4812,5	0,969056487083435	4812,5	0,956973910331726			
4815,625	1,52916610240936			4815,625	1,5322505235672					4815,625	1,6772073507309	4815,625	1,6064784526825					4815,625	1,4789332151413	4815,625	1,17370676994324					4815,625	0,73505687713623	4815,625	0,357616573572159			4815,625	0,344985097646713			4815,625	0,391098320484161					4815,625	0,38232421875	4815,625	0,43008416891098					4815,625	0,701895892620087	4815,625	0,903538823127747					4815,625	0,969150304794312	4815,625	0,958302021026611			
4818,75	1,52880668640137			4818,75	1,53057515621185					4818,75	1,67895698547363	4818,75	1,60812616348267					4818,75	1,48215675354004	4818,75	1,17519807815552					4818,75	0,73616886138916	4818,75	0,357772082090378			4818,75	0,346680760383606			4818,75	0,39186817407608					4818,75	0,383732438087463	4818,75	0,432149618864059					4818,75	0,7015460729599	4818,75	0,906805455684662					4818,75	0,970577657222748	4818,75	0,960556507110596			
4821,875	1,5298376083374			4821,875	1,53243732452393					4821,875	1,68191468715668	4821,875	1,60718536376953					4821,875	1,48824596405029	4821,875	1,18213498592377					4821,875	0,74171781539917	4821,875	0,358088910579681			4821,875	0,346030652523041			4821,875	0,391846776008606					4821,875	0,381137251853943	4821,875	0,432355046272278					4821,875	0,704523503780365	4821,875	0,914474487304688					4821,875	0,97799688577652	4821,875	0,968827545642853			
4825	1,53211390972137			4825	1,53164684772491					4825	1,68570184707642	4825	1,6070761680603					4825	1,48999512195587	4825	1,1826536655426					4825	0,743110239505768	4825	0,359192132949829			4825	0,348906427621841			4825	0,395306020975113					4825	0,382967412471771	4825	0,434885799884796					4825	0,708097815513611	4825	0,917229354381561					4825	0,980009019374847	4825	0,973266839981079			
4828,125	1,53481388092041			4828,125	1,53177034854889					4828,125	1,68659210205078	4828,125	1,6091867685318					4828,125	1,49441111087799	4828,125	1,18496584892273					4828,125	0,747652471065521	4828,125	0,361015915870667			4828,125	0,350526809692383			4828,125	0,397813946008682					4828,125	0,385314911603928	4828,125	0,431748658418655					4828,125	0,708114624023438	4828,125	0,919660866260529					4828,125	0,982703387737274	4828,125	0,979206621646881			
4831,25	1,53740918636322			4831,25	1,53315877914429					4831,25	1,68761312961578	4831,25	1,61161804199219					4831,25	1,49594056606293	4831,25	1,18991720676422					4831,25	0,750499367713928	4831,25	0,364025115966797			4831,25	0,346682846546173			4831,25	0,400445520877838					4831,25	0,386451363563538	4831,25	0,433632999658585					4831,25	0,707014560699463	4831,25	0,922676980495453					4831,25	0,985569953918457	4831,25	0,982152283191681			
4834,375	1,53690922260284			4834,375	1,53475034236908					4834,375	1,68685412406921	4834,375	1,61246466636658					4834,375	1,49830758571625	4834,375	1,19474983215332					4834,375	0,751331388950348	4834,375	0,362115532159805			4834,375	0,347705066204071			4834,375	0,404788374900818					4834,375	0,388525307178497	4834,375	0,436656981706619					4834,375	0,707916438579559	4834,375	0,927692174911499					4834,375	0,995198547840118	4834,375	0,993038892745972			
4837,5	1,53932321071625			4837,5	1,53618276119232					4837,5	1,68854916095734	4837,5	1,61390244960785					4837,5	1,50116789340973	4837,5	1,1938773393631					4837,5	0,753666341304779	4837,5	0,363873660564423			4837,5	0,350239932537079			4837,5	0,408917635679245					4837,5	0,389256685972214	4837,5	0,439700305461884					4837,5	0,71010023355484	4837,5	0,933144748210907					4837,5	0,998496651649475	4837,5	0,998214900493622			
4840,625	1,53900802135468			4840,625	1,53737211227417					4840,625	1,68811655044556	4840,625	1,61512660980225					4840,625	1,50492143630981	4840,625	1,20153737068176					4840,625	0,757578432559967	4840,625	0,366753607988358			4840,625	0,352064073085785			4840,625	0,412096500396729					4840,625	0,388512372970581	4840,625	0,441398590803146					4840,625	0,712849378585815	4840,625	0,938820242881775					4840,625	1,0024721622467	4840,625	1,00557219982147			
4843,75	1,53966438770294			4843,75	1,53748333454132					4843,75	1,68979585170746	4843,75	1,61608123779297					4843,75	1,50794148445129	4843,75	1,2052766084671					4843,75	0,757174968719482	4843,75	0,3658247590065			4843,75	0,351027280092239			4843,75	0,416015863418579					4843,75	0,390030920505524	4843,75	0,443010568618774					4843,75	0,716516971588135	4843,75	0,942197918891907					4843,75	1,00580668449402	4843,75	1,00910043716431			
4846,875	1,54192173480988			4846,875	1,53963112831116					4846,875	1,69199013710022	4846,875	1,61605763435364					4846,875	1,51341724395752	4846,875	1,20731163024902					4846,875	0,758577704429626	4846,875	0,364845037460327			4846,875	0,353853076696396			4846,875	0,418735891580582					4846,875	0,394916653633118	4846,875	0,446059107780457					4846,875	0,716495394706726	4846,875	0,952539503574371					4846,875	1,01174807548523	4846,875	1,0146027803421			
4850	1,54122519493103			4850	1,54296672344208					4850	1,69450712203979	4850	1,61766946315765					4850	1,51714193820953	4850	1,21610867977142					4850	0,763375818729401	4850	0,367194920778275			4850	0,355924904346466			4850	0,425501227378845					4850	0,397270709276199	4850	0,451176732778549					4850	0,720109283924103	4850	0,962096691131592					4850	1,0191478729248	4850	1,02355706691742			
4853,125	1,54114377498627			4853,125	1,54143714904785					4853,125	1,6939263343811	4853,125	1,62189567089081					4853,125	1,52042317390442	4853,125	1,22358477115631					4853,125	0,764522731304169	4853,125	0,370195835828781			4853,125	0,354997098445892			4853,125	0,428093463182449					4853,125	0,396413743495941	4853,125	0,455810546875					4853,125	0,724067151546478	4853,125	0,965127289295197					4853,125	1,02342307567596	4853,125	1,02885234355927			
4856,25	1,543492436409			4856,25	1,54114580154419					4856,25	1,69372856616974	4856,25	1,62129020690918					4856,25	1,5220091342926	4856,25	1,22756743431091					4856,25	0,767331659793854	4856,25	0,373955249786377			4856,25	0,355308949947357			4856,25	0,430163145065308					4856,25	0,39604240655899	4856,25	0,461374521255493					4856,25	0,725007891654968	4856,25	0,962146878242493					4856,25	1,02589225769043	4856,25	1,0316743850708			
4859,375	1,54547452926636			4859,375	1,54520070552826					4859,375	1,6928905248642	4859,375	1,62395238876343					4859,375	1,52753090858459	4859,375	1,23077166080475					4859,375	0,771542131900787	4859,375	0,374675184488297			4859,375	0,36027517914772			4859,375	0,43725124001503					4859,375	0,398863673210144	4859,375	0,46409672498703					4859,375	0,726528525352478	4859,375	0,964271187782288					4859,375	1,03218352794647	4859,375	1,0387487411499			
4862,5	1,54825675487518			4862,5	1,54634535312653					4862,5	1,69177067279816	4862,5	1,62504291534424					4862,5	1,52734625339508	4862,5	1,23343849182129					4862,5	0,775137901306152	4862,5	0,379603683948517			4862,5	0,364729762077332			4862,5	0,440183788537979					4862,5	0,399927526712418	4862,5	0,465891689062119					4862,5	0,723290026187897	4862,5	0,96508514881134					4862,5	1,03079450130463	4862,5	1,04002702236176			
4865,625	1,54899775981903			4865,625	1,55070126056671					4865,625	1,6923201084137	4865,625	1,6293671131134					4865,625	1,53239858150482	4865,625	1,23937213420868					4865,625	0,77817565202713	4865,625	0,378389239311218			4865,625	0,364272594451904			4865,625	0,44415545463562					4865,625	0,40274503827095	4865,625	0,469781458377838					4865,625	0,728209316730499	4865,625	0,976449489593506					4865,625	1,03727567195892	4865,625	1,04867827892303			
4868,75	1,55039966106415			4868,75	1,55211675167084					4868,75	1,69065392017365	4868,75	1,63096225261688					4868,75	1,53607249259949	4868,75	1,24303913116455					4868,75	0,778942465782166	4868,75	0,378880739212036			4868,75	0,36636883020401			4868,75	0,449562042951584					4868,75	0,406415522098541	4868,75	0,473292291164398					4868,75	0,730960011482239	4868,75	0,981689751148224					4868,75	1,04167115688324	4868,75	1,05103325843811			
4871,875	1,5508154630661			4871,875	1,54980683326721					4871,875	1,68753838539124	4871,875	1,63511836528778					4871,875	1,53787267208099	4871,875	1,24705219268799					4871,875	0,780468106269836	4871,875	0,375159472227097			4871,875	0,36869278550148			4871,875	0,456325262784958					4871,875	0,413096368312836	4871,875	0,48036453127861					4871,875	0,735130846500397	4871,875	0,987630367279053					4871,875	1,04851126670837	4871,875	1,05689787864685			
4875	1,55198800563812			4875	1,55072224140167					4875	1,68489861488342	4875	1,6388932466507					4875	1,54052412509918	4875	1,25151109695435					4875	0,783822417259216	4875	0,375415861606598			4875	0,367633700370789			4875	0,45860156416893					4875	0,420833021402359	4875	0,48733589053154					4875	0,740135192871094	4875	0,988535404205322					4875	1,04910862445831	4875	1,06269586086273			
4878,125	1,55376815795898			4878,125	1,5562287569046					4878,125	1,68842852115631	4878,125	1,64859223365784					4878,125	1,54466938972473	4878,125	1,26449644565582					4878,125	0,791071951389313	4878,125	0,382280349731445			4878,125	0,36901268362999			4878,125	0,459941238164902					4878,125	0,430167824029922	4878,125	0,494020372629166					4878,125	0,737492084503174	4878,125	0,991267323493958					4878,125	1,05798530578613	4878,125	1,07260382175446			
4881,25	1,55468475818634			4881,25	1,55753517150879					4881,25	1,69297337532043	4881,25	1,65834629535675					4881,25	1,54643380641937	4881,25	1,26641261577606					4881,25	0,790415167808533	4881,25	0,381733030080795			4881,25	0,368654549121857			4881,25	0,464222997426987					4881,25	0,434942156076431	4881,25	0,498687475919724					4881,25	0,739697694778442	4881,25	0,996526837348938					4881,25	1,06289255619049	4881,25	1,07247173786163			
4884,375	1,55479824542999			4884,375	1,56090676784515					4884,375	1,69779872894287	4884,375	1,67038488388062					4884,375	1,54802298545837	4884,375	1,27292227745056					4884,375	0,794675827026367	4884,375	0,384600311517715			4884,375	0,37045955657959			4884,375	0,469158351421356					4884,375	0,437387377023697	4884,375	0,49016147851944					4884,375	0,743971168994904	4884,375	1,00080764293671					4884,375	1,06385099887848	4884,375	1,07732605934143			
4887,5	1,55532360076904			4887,5	1,56472945213318					4887,5	1,70171761512756	4887,5	1,6796737909317					4887,5	1,54945266246796	4887,5	1,27640414237976					4887,5	0,796196579933167	4887,5	0,385252267122269			4887,5	0,374503046274185			4887,5	0,475798785686493					4887,5	0,440770417451859	4887,5	0,486415147781372					4887,5	0,74865186214447	4887,5	1,00467503070831					4887,5	1,06754350662231	4887,5	1,08354890346527			
4890,625	1,55657458305359			4890,625	1,56671166419983					4890,625	1,70382070541382	4890,625	1,67981362342834					4890,625	1,55703210830688	4890,625	1,28589296340942					4890,625	0,805978119373322	4890,625	0,395001709461212			4890,625	0,375442713499069			4890,625	0,476363927125931					4890,625	0,441897213459015	4890,625	0,477662682533264					4890,625	0,749275505542755	4890,625	1,00345838069916					4890,625	1,07195973396301	4890,625	1,09193515777588			
4893,75	1,55757403373718			4893,75	1,56794321537018					4893,75	1,70373964309692	4893,75	1,67470228672028					4893,75	1,55960071086884	4893,75	1,28948521614075					4893,75	0,810009479522705	4893,75	0,394576996564865			4893,75	0,375830590724945			4893,75	0,484939604997635					4893,75	0,44586107134819	4893,75	0,469297289848328					4893,75	0,747696816921234	4893,75	1,00606727600098					4893,75	1,07592821121216	4893,75	1,09650862216949			
4896,875	1,55618107318878			4896,875	1,56691026687622					4896,875	1,70421469211578	4896,875	1,67425668239594					4896,875	1,56326150894165	4896,875	1,28936696052551					4896,875	0,807494163513184	4896,875	0,389106303453445			4896,875	0,37795752286911			4896,875	0,489451795816422					4896,875	0,451831609010696	4896,875	0,466189205646515					4896,875	0,753782570362091	4896,875	1,01008033752441					4896,875	1,08015370368958	4896,875	1,09826576709747			
4900	1,55781126022339			4900	1,56918060779572					4900	1,70405161380768	4900	1,66729152202606					4900	1,56534171104431	4900	1,29409122467041					4900	0,809741854667664	4900	0,387097775936127			4900	0,380068004131317			4900	0,495138198137283					4900	0,458928197622299	4900	0,4682756960392					4900	0,760481894016266	4900	1,01377737522125					4900	1,08414208889008	4900	1,10309171676636			
4903,125	1,56116020679474			4903,125	1,57521951198578					4903,125	1,70504188537598	4903,125	1,66206586360931					4903,125	1,56522476673126	4903,125	1,29860496520996					4903,125	0,811380922794342	4903,125	0,390751540660858			4903,125	0,381638586521149			4903,125	0,50158953666687					4903,125	0,462388932704926	4903,125	0,474062025547028					4903,125	0,765131115913391	4903,125	1,01305842399597					4903,125	1,08354568481445	4903,125	1,10738146305084			
4906,25	1,56346774101257			4906,25	1,57763302326202					4906,25	1,70489466190338	4906,25	1,66160547733307					4906,25	1,56522798538208	4906,25	1,2988213300705					4906,25	0,816180288791656	4906,25	0,39309960603714			4906,25	0,384432733058929			4906,25	0,502938270568848					4906,25	0,465299218893051	4906,25	0,481609255075455					4906,25	0,765021622180939	4906,25	1,01251411437988					4906,25	1,08288991451263	4906,25	1,10972964763641			
4909,375	1,56362414360046			4909,375	1,58116745948792					4909,375	1,71116209030151	4909,375	1,66032075881958					4909,375	1,5760543346405	4909,375	1,30647969245911					4909,375	0,822797238826752	4909,375	0,39575982093811			4909,375	0,385872691869736			4909,375	0,504937291145325					4909,375	0,466677844524384	4909,375	0,484140485525131					4909,375	0,765744268894196	4909,375	1,01267540454865					4909,375	1,09236478805542	4909,375	1,12075531482697			
4912,5	1,56270813941956			4912,5	1,58278787136078					4912,5	1,71108663082123	4912,5	1,65801382064819					4912,5	1,57839024066925	4912,5	1,30711460113525					4912,5	0,822038531303406	4912,5	0,394990414381027			4912,5	0,387010037899017			4912,5	0,506468832492828					4912,5	0,47245854139328	4912,5	0,486000508069992					4912,5	0,77238529920578	4912,5	1,01562333106995					4912,5	1,09695589542389	4912,5	1,12462902069092			
4915,625	1,56413400173187			4915,625	1,58714687824249					4915,625	1,71092259883881	4915,625	1,65641987323761					4915,625	1,5807968378067	4915,625	1,30334365367889					4915,625	0,818921446800232	4915,625	0,388019263744354			4915,625	0,3877072930336			4915,625	0,513038039207459					4915,625	0,480531305074692	4915,625	0,491904824972153					4915,625	0,776937901973724	4915,625	1,02345216274261					4915,625	1,1006418466568	4915,625	1,12912821769714			
4918,75	1,56606912612915			4918,75	1,58996772766113					4918,75	1,71331417560577	4918,75	1,65694630146027					4918,75	1,58348679542542	4918,75	1,30715930461884					4918,75	0,822935938835144	4918,75	0,389803171157837			4918,75	0,39032170176506			4918,75	0,517315447330475					4918,75	0,485605090856552	4918,75	0,497786313295364					4918,75	0,777425706386566	4918,75	1,02603769302368					4918,75	1,10123765468597	4918,75	1,13462519645691			
4921,875	1,56642508506775			4921,875	1,593266248703					4921,875	1,71679019927979	4921,875	1,66051399707794					4921,875	1,58814477920532	4921,875	1,31208550930023					4921,875	0,824568808078766	4921,875	0,391211092472076			4921,875	0,39251184463501			4921,875	0,520873010158539					4921,875	0,492238521575928	4921,875	0,504382848739624					4921,875	0,780719399452209	4921,875	1,03156173229218					4921,875	1,1035943031311	4921,875	1,14187359809875			
4925	1,56580972671509			4925	1,59365153312683					4925	1,71798610687256	4925	1,66372179985046					4925	1,59035789966583	4925	1,31310129165649					4925	0,826123774051666	4925	0,389714539051056			4925	0,391681581735611			4925	0,526121377944946					4925	0,499363481998444	4925	0,508382260799408					4925	0,786286354064941	4925	1,04193389415741					4925	1,10882723331451	4925	1,15202271938324			
4928,125	1,56444907188416			4928,125	1,59653615951538					4928,125	1,72051870822906	4928,125	1,66585898399353					4928,125	1,59276342391968	4928,125	1,31336688995361					4928,125	0,827579259872437	4928,125	0,386979848146439			4928,125	0,392309933900833			4928,125	0,529963076114655					4928,125	0,505163073539734	4928,125	0,512201130390167					4928,125	0,790039598941803	4928,125	1,04258036613464					4928,125	1,1148362159729	4928,125	1,15957570075989			
4931,25	1,56599366664886			4931,25	1,5983282327652					4931,25	1,7240104675293	4931,25	1,66549742221832					4931,25	1,59382951259613	4931,25	1,31573712825775					4931,25	0,826895117759705	4931,25	0,386594474315643			4931,25	0,396298706531525			4931,25	0,534177184104919					4931,25	0,509544312953949	4931,25	0,516521453857422					4931,25	0,79203075170517	4931,25	1,04572117328644					4931,25	1,11634302139282	4931,25	1,16340088844299			
4934,375	1,56785023212433			4934,375	1,5973916053772					4934,375	1,72266244888306	4934,375	1,6659836769104					4934,375	1,59926724433899	4934,375	1,31898164749146					4934,375	0,829458296298981	4934,375	0,38802033662796			4934,375	0,39748814702034			4934,375	0,537471473217011					4934,375	0,515251040458679	4934,375	0,520006835460663					4934,375	0,793327927589417	4934,375	1,04943382740021					4934,375	1,1188063621521	4934,375	1,16984903812408			
4937,5	1,56756854057312			4937,5	1,59958231449127					4937,5	1,72382235527039	4937,5	1,6682767868042					4937,5	1,6016343832016	4937,5	1,3224231004715					4937,5	0,833791196346283	4937,5	0,390807718038559			4937,5	0,400931626558304			4937,5	0,539992451667786					4937,5	0,52285897731781	4937,5	0,523661255836487					4937,5	0,792856216430664	4937,5	1,05569982528687					4937,5	1,11994695663452	4937,5	1,17556428909302			
4940,625	1,56903648376465			4940,625	1,60217535495758					4940,625	1,7276496887207	4940,625	1,66836881637573					4940,625	1,6016765832901	4940,625	1,32667481899261					4940,625	0,833439588546753	4940,625	0,388750284910202			4940,625	0,404169738292694			4940,625	0,546773433685303					4940,625	0,530027687549591	4940,625	0,529014587402344					4940,625	0,796020805835724	4940,625	1,05778241157532					4940,625	1,12632071971893	4940,625	1,18351912498474			
4943,75	1,56789803504944			4943,75	1,6049565076828					4943,75	1,7278653383255	4943,75	1,6711837053299					4943,75	1,60178971290588	4943,75	1,32430946826935					4943,75	0,829147338867188	4943,75	0,383962631225586			4943,75	0,40474459528923			4943,75	0,553537428379059					4943,75	0,537922918796539	4943,75	0,535446763038635					4943,75	0,803325533866882	4943,75	1,06290757656097					4943,75	1,13059830665588	4943,75	1,19389152526855			
4946,875	1,56553268432617			4946,875	1,60844123363495					4946,875	1,72840511798859	4946,875	1,67313933372498					4946,875	1,60192024707794	4946,875	1,3289110660553					4946,875	0,831611514091492	4946,875	0,389506906270981			4946,875	0,406236797571182			4946,875	0,553334414958954					4946,875	0,543008387088776	4946,875	0,536480486392975					4946,875	0,80545848608017	4946,875	1,06725251674652					4946,875	1,13338494300842	4946,875	1,1996111869812			
4950	1,56830418109894			4950	1,61546385288239					4950	1,73319184780121	4950	1,67000091075897					4950	1,60534930229187	4950	1,33479130268097					4950	0,833525657653809	4950	0,392699390649796			4950	0,410629391670227			4950	0,558997929096222					4950	0,547933459281921	4950	0,535028755664825					4950	0,808537244796753	4950	1,07089829444885					4950	1,14070773124695	4950	1,21303987503052			
4953,125	1,56813323497772			4953,125	1,6123241186142					4953,125	1,73479115962982	4953,125	1,6719354391098					4953,125	1,60142850875854	4953,125	1,33396518230438					4953,125	0,828410029411316	4953,125	0,387196362018585			4953,125	0,411512762308121			4953,125	0,567069470882416					4953,125	0,557068705558777	4953,125	0,543057560920715					4953,125	0,818813383579254	4953,125	1,07699227333069					4953,125	1,1394819021225	4953,125	1,21709382534027			
4956,25	1,56646192073822			4956,25	1,61233127117157					4956,25	1,73519372940063	4956,25	1,67097079753876					4956,25	1,60294997692108	4956,25	1,33528590202332					4956,25	0,82742166519165	4956,25	0,386797904968262			4956,25	0,410470098257065			4956,25	0,572913825511932					4956,25	0,561128616333008	4956,25	0,548252880573273					4956,25	0,826526880264282	4956,25	1,08137857913971					4956,25	1,14299774169922	4956,25	1,22517287731171			
4959,375	1,56460964679718			4959,375	1,61442947387695					4959,375	1,73427164554596	4959,375	1,6709223985672					4959,375	1,60310554504395	4959,375	1,33283638954163					4959,375	0,824043691158295	4959,375	0,384708851575851			4959,375	0,413702189922333			4959,375	0,580700933933258					4959,375	0,569689452648163	4959,375	0,553302347660065					4959,375	0,83420604467392	4959,375	1,0865752696991					4959,375	1,14620840549469	4959,375	1,22826111316681			
4962,5	1,56732141971588			4962,5	1,61849522590637					4962,5	1,73751544952393	4962,5	1,67313599586487					4962,5	1,60727572441101	4962,5	1,33324468135834					4962,5	0,823427259922028	4962,5	0,384585648775101			4962,5	0,419053971767426			4962,5	0,586685597896576					4962,5	0,57732766866684	4962,5	0,555538177490234					4962,5	0,843205451965332	4962,5	1,09214234352112					4962,5	1,15316712856293	4962,5	1,2373811006546			
4965,625	1,56459200382233			4965,625	1,62320828437805					4965,625	1,74405825138092	4965,625	1,67446780204773					4965,625	1,61572206020355	4965,625	1,34106194972992					4965,625	0,830228865146637	4965,625	0,392107486724854			4965,625	0,421001851558685			4965,625	0,589589655399323					4965,625	0,583289206027985	4965,625	0,559542119503021					4965,625	0,84796279668808	4965,625	1,0967675447464					4965,625	1,15843427181244	4965,625	1,24701535701752			
4968,75	1,56369495391846			4968,75	1,62304759025574					4968,75	1,74561488628387	4968,75	1,67538917064667					4968,75	1,62186467647552	4968,75	1,34239220619202					4968,75	0,827952206134796	4968,75	0,388386100530624			4968,75	0,420435875654221			4968,75	0,592397570610046					4968,75	0,592222452163696	4968,75	0,562666416168213					4968,75	0,85748678445816	4968,75	1,10673403739929					4968,75	1,16440272331238	4968,75	1,26176655292511			
4971,875	1,56745743751526			4971,875	1,62280309200287					4971,875	1,74457716941833	4971,875	1,67100071907043					4971,875	1,62257790565491	4971,875	1,34245955944061					4971,875	0,8274245262146	4971,875	0,390115112066269			4971,875	0,419874131679535			4971,875	0,597822368144989					4971,875	0,601710259914398	4971,875	0,568075299263					4971,875	0,865011215209961	4971,875	1,11212265491486					4971,875	1,16977429389954	4971,875	1,26647865772247			
				4975	1,62296569347382					4975	1,74610948562622	4975	1,66943550109863					4975	1,62519228458405	4975	1,34171891212463					4975	0,824486672878265	4975	0,391110926866531							4975	0,604035675525665					4975	0,60737669467926	4975	0,572463572025299					4975	0,867054343223572	4975	1,11139762401581					4975	1,17065382003784	4975	1,26812326908112			
																																																																
