Frequency in Hz	Wool_92_HF_1 Sound Reflection Factor continuous Re	Frequency in Hz	Wool_92_LF_1 Sound Reflection Factor continuous Re	Frequency in Hz	Wool_93_HF Sound Reflection Factor continuous Re	Frequency in Hz	Wool_93_LF Sound Reflection Factor continuous Re	Frequency in Hz	Wool_94_LF Sound Reflection Factor continuous Re	Frequency in Hz	Wool_94_HF Sound Reflection Factor continuous Re	Frequency in Hz	Wool_95_HF Sound Reflection Factor continuous Re	Frequency in Hz	Wool_95_LF Sound Reflection Factor continuous Re	Frequency in Hz	Wool_96_LF Sound Reflection Factor continuous Re	Frequency in Hz	Wool_96_HF Sound Reflection Factor continuous Re	Frequency in Hz	Wool_97_HF Sound Reflection Factor continuous Re	Frequency in Hz	Wool_97_LF Sound Reflection Factor continuous Re	Frequency in Hz	Wool_98_LF Sound Reflection Factor continuous Re	Frequency in Hz	Wool_98_HF Sound Reflection Factor continuous Re	Frequency in Hz	Wool_99_HF Sound Reflection Factor continuous Re	Frequency in Hz	Wool_99_LF Sound Reflection Factor continuous Re	Frequency in Hz	Wool_92_HF_1 Sound Reflection Factor continuous Im	Frequency in Hz	Wool_92_LF_1 Sound Reflection Factor continuous Im	Frequency in Hz	Wool_93_HF Sound Reflection Factor continuous Im	Frequency in Hz	Wool_93_LF Sound Reflection Factor continuous Im	Frequency in Hz	Wool_94_LF Sound Reflection Factor continuous Im	Frequency in Hz	Wool_94_HF Sound Reflection Factor continuous Im	Frequency in Hz	Wool_95_HF Sound Reflection Factor continuous Im	Frequency in Hz	Wool_95_LF Sound Reflection Factor continuous Im	Frequency in Hz	Wool_96_LF Sound Reflection Factor continuous Im	Frequency in Hz	Wool_96_HF Sound Reflection Factor continuous Im	Frequency in Hz	Wool_97_HF Sound Reflection Factor continuous Im	Frequency in Hz	Wool_97_LF Sound Reflection Factor continuous Im	Frequency in Hz	Wool_98_LF Sound Reflection Factor continuous Im	Frequency in Hz	Wool_98_HF Sound Reflection Factor continuous Im	Frequency in Hz	Wool_99_HF Sound Reflection Factor continuous Im	Frequency in Hz	Wool_99_LF Sound Reflection Factor continuous Im	
556,25	0,634416401386261	100	0,97239476442337	556,25	0,658758163452148	100	0,963505566120148	100	0,9638951420784	556,25	0,651875197887421	556,25	0,664340138435364	100	0,964748322963715	100	0,963897526264191	556,25	0,692911803722382	556,25	0,721938192844391	100	0,965521156787872	100	0,963396012783051	556,25	0,75738936662674	556,25	0,800680458545685	100	0,961548268795013	556,25	-0,351943701505661	100	-0,130754768848419	556,25	-0,378512650728226	100	-0,123963296413422	100	-0,128813594579697	556,25	-0,411686569452286	556,25	-0,457188725471497	100	-0,128739401698112	100	-0,131858766078949	556,25	-0,455687791109085	556,25	-0,468203246593475	100	-0,128692895174026	100	-0,126121520996094	556,25	-0,467237174510956	556,25	-0,449048846960068	100	-0,119457080960274	
559,375	0,630607724189758	103,125	0,9579918384552	559,375	0,652271747589111	103,125	0,956470727920532	103,125	0,956332087516785	559,375	0,645060241222382	559,375	0,657287299633026	103,125	0,957401096820831	103,125	0,957250714302063	559,375	0,685709536075592	559,375	0,715058147907257	103,125	0,9596146941185	103,125	0,956542372703552	559,375	0,750691652297974	559,375	0,794410884380341	103,125	0,954750180244446	559,375	-0,349228709936142	103,125	-0,135231703519821	559,375	-0,377316474914551	103,125	-0,114228501915932	103,125	-0,119636915624142	559,375	-0,41042885184288	559,375	-0,456032812595367	103,125	-0,119420699775219	103,125	-0,122643731534481	559,375	-0,454866737127304	559,375	-0,46778005361557	103,125	-0,119195774197578	103,125	-0,11655992269516	559,375	-0,467010259628296	559,375	-0,449154138565063	103,125	-0,109596572816372	
562,5	0,629542708396912	106,25	0,965169727802277	562,5	0,650894820690155	106,25	0,958320915699005	106,25	0,95850020647049	562,5	0,6430783867836	562,5	0,655463933944702	106,25	0,960232198238373	106,25	0,958105206489563	562,5	0,68405669927597	562,5	0,713723838329315	106,25	0,961106777191162	106,25	0,95801717042923	562,5	0,749714434146881	562,5	0,793949067592621	106,25	0,957107841968536	562,5	-0,351114749908447	106,25	-0,132552579045296	562,5	-0,377474516630173	106,25	-0,14843487739563	106,25	-0,153142660856247	562,5	-0,410786420106888	562,5	-0,456813484430313	106,25	-0,153269648551941	106,25	-0,155936777591705	562,5	-0,45577609539032	562,5	-0,469137847423553	106,25	-0,151120260357857	106,25	-0,149985328316689	562,5	-0,468325853347778	562,5	-0,450808525085449	106,25	-0,142347633838654	
565,625	0,630617558956146	109,375	0,962114155292511	565,625	0,648930668830872	109,375	0,97011935710907	109,375	0,969573676586151	565,625	0,640671968460083	565,625	0,653155207633972	109,375	0,972029507160187	109,375	0,96980208158493	565,625	0,681805014610291	565,625	0,711779594421387	109,375	0,972271084785461	109,375	0,969937145709991	565,625	0,748347222805023	565,625	0,793096780776978	109,375	0,968398571014404	565,625	-0,355540841817856	109,375	-0,137628495693207	565,625	-0,379788935184479	109,375	-0,133500158786774	109,375	-0,138611450791359	565,625	-0,413198709487915	565,625	-0,459679991006851	109,375	-0,138279154896736	109,375	-0,141388282179832	565,625	-0,458710789680481	565,625	-0,472669571638107	109,375	-0,136929422616959	109,375	-0,13505057990551	565,625	-0,471991002559662	565,625	-0,455100417137146	109,375	-0,127366855740547	
568,75	0,624127984046936	112,5	0,96454519033432	568,75	0,645391404628754	112,5	0,95741879940033	112,5	0,957062900066376	568,75	0,63700407743454	568,75	0,649486184120178	112,5	0,959437668323517	112,5	0,957764804363251	568,75	0,678200483322144	568,75	0,708330035209656	112,5	0,959719598293304	112,5	0,957885324954987	568,75	0,745334088802338	568,75	0,790361762046814	112,5	0,956404685974121	568,75	-0,354591280221939	112,5	-0,140833929181099	568,75	-0,379072546958923	112,5	-0,138307437300682	112,5	-0,144053310155869	568,75	-0,412269085645676	568,75	-0,459142088890076	112,5	-0,143615454435349	112,5	-0,146590664982796	568,75	-0,458291113376617	568,75	-0,47280490398407	112,5	-0,1422518491745	112,5	-0,140425756573677	568,75	-0,472244709730148	568,75	-0,455934107303619	112,5	-0,132273271679878	
571,875	0,619614005088806	115,625	0,962808430194855	571,875	0,643276929855347	115,625	0,956462144851685	115,625	0,956424474716187	571,875	0,63476574420929	571,875	0,647298157215118	115,625	0,957832217216492	115,625	0,956398367881775	571,875	0,676183521747589	571,875	0,706440210342407	115,625	0,958665311336517	115,625	0,956543147563934	571,875	0,743876576423645	571,875	0,789138197898865	115,625	0,954946219921112	571,875	-0,349655628204346	115,625	-0,144464060664177	571,875	-0,378186792135239	115,625	-0,149642705917358	115,625	-0,155758425593376	571,875	-0,411150723695755	571,875	-0,458397328853607	115,625	-0,155761405825615	115,625	-0,158097341656685	571,875	-0,457538723945618	571,875	-0,472488552331924	115,625	-0,153845757246017	115,625	-0,151528894901276	571,875	-0,47203129529953	571,875	-0,456102728843689	115,625	-0,143294408917427	
575	0,61815744638443	118,75	0,957715272903442	575	0,641772031784058	118,75	0,961384057998657	118,75	0,961308419704437	575	0,633002579212189	575	0,64552229642868	118,75	0,962734758853912	118,75	0,961250483989716	575	0,674780309200287	575	0,705337822437286	118,75	0,963797986507416	118,75	0,961541533470154	575	0,743468642234802	575	0,789078116416931	118,75	0,959935426712036	575	-0,349232912063599	118,75	-0,141592264175415	575	-0,380344420671463	118,75	-0,141433268785477	118,75	-0,147816136479378	575	-0,413301110267639	575	-0,461268663406372	118,75	-0,148186311125755	118,75	-0,150284752249718	575	-0,460559219121933	575	-0,476027458906174	118,75	-0,145842969417572	118,75	-0,143608823418617	575	-0,47582146525383	575	-0,460374474525452	118,75	-0,134903937578201	
578,125	0,616424798965454	121,875	0,962393999099731	578,125	0,638164818286896	121,875	0,947511911392212	121,875	0,94734525680542	578,125	0,629501700401306	578,125	0,641866505146027	121,875	0,94972026348114	121,875	0,948410868644714	578,125	0,671312987804413	578,125	0,701879441738129	121,875	0,950682580471039	121,875	0,94833105802536	578,125	0,740281999111176	578,125	0,785888254642487	121,875	0,946967661380768	578,125	-0,349755495786667	121,875	-0,156625509262085	578,125	-0,377397835254669	121,875	-0,149374052882195	121,875	-0,155615925788879	578,125	-0,410287350416183	578,125	-0,458649128675461	121,875	-0,156914368271828	121,875	-0,158079922199249	578,125	-0,45807746052742	578,125	-0,473707020282745	121,875	-0,154141753911972	121,875	-0,151437297463417	578,125	-0,47370257973671	578,125	-0,458477675914764	121,875	-0,142754957079887	
581,25	0,611925303936005	125	0,955330848693848	581,25	0,637669861316681	125	0,959621846675873	125	0,959559142589569	581,25	0,628858149051666	581,25	0,641175389289856	125	0,961992502212524	125	0,960141777992249	581,25	0,671083986759186	581,25	0,701858818531036	125	0,963228046894073	125	0,960543751716614	581,25	0,74111145734787	581,25	0,787248373031616	125	0,959366202354431	581,25	-0,34869584441185	125	-0,157697081565857	581,25	-0,380391508340836	125	-0,151903882622719	125	-0,158365666866302	581,25	-0,41335192322731	581,25	-0,462423533201218	125	-0,159170776605606	125	-0,160712271928787	581,25	-0,462062209844589	581,25	-0,478282511234283	125	-0,156706497073174	125	-0,15354198217392	581,25	-0,478491306304932	581,25	-0,463724166154861	125	-0,144230872392654	
584,375	0,611579596996307	128,125	0,944910705089569	584,375	0,635143756866455	128,125	0,958535611629486	128,125	0,957874834537506	584,375	0,626250565052032	584,375	0,638335824012756	128,125	0,960538268089294	128,125	0,958773851394653	584,375	0,668665409088135	584,375	0,699481725692749	128,125	0,961836814880371	128,125	0,959465444087982	584,375	0,739437639713287	584,375	0,7856724858284	128,125	0,958455920219421	584,375	-0,350695937871933	128,125	-0,157115399837494	584,375	-0,382781744003296	128,125	-0,163760140538216	128,125	-0,170022442936897	584,375	-0,415771871805191	584,375	-0,465378314256668	128,125	-0,171299234032631	128,125	-0,172151178121567	584,375	-0,465278029441834	584,375	-0,482034146785736	128,125	-0,167834132909775	128,125	-0,165045812726021	584,375	-0,482672452926636	584,375	-0,468506962060928	128,125	-0,155761405825615	
587,5	0,610775768756866	131,25	0,942230224609375	587,5	0,633502185344696	131,25	0,958937048912048	131,25	0,958321630954742	587,5	0,62455940246582	587,5	0,636665284633636	131,25	0,960950076580048	131,25	0,959154307842255	587,5	0,66732394695282	587,5	0,698309540748596	131,25	0,962317585945129	131,25	0,959854066371918	587,5	0,738799273967743	587,5	0,785246610641479	131,25	0,958628237247467	587,5	-0,348586171865463	131,25	-0,161668449640274	587,5	-0,382126420736313	131,25	-0,161836698651314	131,25	-0,168135672807693	587,5	-0,415287643671036	587,5	-0,465301901102066	131,25	-0,169832676649094	131,25	-0,170195415616035	587,5	-0,465274065732956	587,5	-0,482308804988861	131,25	-0,166352361440659	131,25	-0,163204938173294	587,5	-0,483089685440063	587,5	-0,468996912240982	131,25	-0,153762891888618	
590,625	0,607398688793182	134,375	0,947681725025177	590,625	0,629483461380005	134,375	0,967265427112579	134,375	0,967218339443207	590,625	0,620486199855804	590,625	0,632422924041748	134,375	0,969902276992798	134,375	0,967567324638367	590,625	0,663253545761108	590,625	0,694194912910461	134,375	0,970991611480713	134,375	0,968658149242401	590,625	0,735113143920898	590,625	0,781504154205322	134,375	0,967541217803955	590,625	-0,348306268453598	134,375	-0,162700831890106	590,625	-0,381522864103317	134,375	-0,16242079436779	134,375	-0,168871492147446	590,625	-0,414662450551987	590,625	-0,465060621500015	134,375	-0,170605108141899	134,375	-0,170823857188225	590,625	-0,465297728776932	590,625	-0,482629925012589	134,375	-0,166852921247482	134,375	-0,163659155368805	590,625	-0,483823239803314	590,625	-0,470059424638748	134,375	-0,153708174824715	
593,75	0,604360222816467	137,5	0,945018947124481	593,75	0,626300692558289	137,5	0,942172944545746	137,5	0,94204181432724	593,75	0,617168784141541	593,75	0,629000008106232	137,5	0,944650232791901	137,5	0,942636132240295	593,75	0,660106062889099	593,75	0,691168487071991	137,5	0,946177244186401	137,5	0,943906426429749	593,75	0,732677459716797	593,75	0,779066205024719	137,5	0,943350076675415	593,75	-0,347304970026016	137,5	-0,170856714248657	593,75	-0,381843030452728	137,5	-0,178399488329887	137,5	-0,184807315468788	593,75	-0,415082782506943	593,75	-0,465966582298279	137,5	-0,186850175261497	137,5	-0,186688393354416	593,75	-0,466569155454636	593,75	-0,484269857406616	137,5	-0,183082565665245	137,5	-0,179503902792931	593,75	-0,485918432474136	593,75	-0,472473382949829	137,5	-0,169344574213028	
596,875	0,602742910385132	140,625	0,949282586574554	596,875	0,625441133975983	140,625	0,941174983978271	140,625	0,940469563007355	596,875	0,616410493850708	596,875	0,62823885679245	140,625	0,943239986896515	140,625	0,941690802574158	596,875	0,659668624401093	596,875	0,690970420837402	140,625	0,945358455181122	140,625	0,942935883998871	596,875	0,733006179332733	596,875	0,779316425323486	140,625	0,942128658294678	596,875	-0,346603780984879	140,625	-0,168576091527939	596,875	-0,381317585706711	140,625	-0,167082607746124	140,625	-0,173675835132599	596,875	-0,414711803197861	596,875	-0,465951353311539	140,625	-0,175907999277115	140,625	-0,175383791327477	596,875	-0,46674308180809	596,875	-0,48464247584343	140,625	-0,171808883547783	140,625	-0,168408110737801	596,875	-0,486587315797806	596,875	-0,473221898078918	140,625	-0,157999381422997	
600	0,601113259792328	143,75	0,94733589887619	600	0,621223628520966	143,75	0,937819480895996	143,75	0,937158226966858	600	0,612057387828827	600	0,623395025730133	143,75	0,939997792243958	143,75	0,938367009162903	600	0,655220448970795	600	0,686521947383881	143,75	0,942066431045532	143,75	0,940052151679993	600	0,729273676872253	600	0,77553528547287	143,75	0,939392864704132	600	-0,346772700548172	143,75	-0,175168395042419	600	-0,383859753608704	143,75	-0,178571864962578	143,75	-0,185267701745033	600	-0,4173264503479	600	-0,469159781932831	143,75	-0,187877759337425	143,75	-0,186968743801117	600	-0,470379859209061	600	-0,488923072814941	143,75	-0,183557540178299	143,75	-0,179763421416283	600	-0,491622298955917	600	-0,478521525859833	143,75	-0,169305816292763	
603,125	0,598074793815613	146,875	0,939387798309326	603,125	0,620164513587952	146,875	0,955477058887482	146,875	0,955056548118591	603,125	0,611107647418976	603,125	0,622553288936615	146,875	0,957943379878998	146,875	0,956107676029205	603,125	0,654687166213989	603,125	0,686195015907288	146,875	0,959692060947418	146,875	0,957570374011993	603,125	0,729622006416321	603,125	0,77591073513031	146,875	0,957009553909302	603,125	-0,349079072475433	146,875	-0,175577566027641	603,125	-0,382212430238724	146,875	-0,168102696537971	146,875	-0,174855172634125	603,125	-0,415855348110199	603,125	-0,46800434589386	146,875	-0,17755338549614	146,875	-0,176508441567421	603,125	-0,469441115856171	603,125	-0,488055408000946	146,875	-0,172889187932014	146,875	-0,168952569365501	603,125	-0,491101652383804	603,125	-0,478055328130722	146,875	-0,15834940969944	
606,25	0,59822404384613	150	0,948727309703827	606,25	0,616190910339355	150	0,942116498947144	150	0,94180303812027	606,25	0,607025682926178	606,25	0,61812835931778	150	0,944575428962708	150	0,942980885505676	606,25	0,650448977947235	606,25	0,681924104690552	150	0,946786105632782	150	0,944766044616699	606,25	0,725926637649536	606,25	0,772119402885437	150	0,944439589977264	606,25	-0,345366597175598	150	-0,183938905596733	606,25	-0,382960975170136	150	-0,179317325353622	150	-0,186439469456673	606,25	-0,416683912277222	606,25	-0,469270437955856	150	-0,18906868994236	150	-0,187892690300941	606,25	-0,471099466085434	606,25	-0,490166574716568	150	-0,184644028544426	150	-0,180449739098549	606,25	-0,494140714406967	606,25	-0,481192976236343	150	-0,169341400265694	
609,375	0,592574238777161	153,125	0,951810657978058	609,375	0,616199612617493	153,125	0,941930770874023	153,125	0,94128280878067	609,375	0,607100248336792	609,375	0,61830198764801	153,125	0,944429934024811	153,125	0,943132162094116	609,375	0,650933146476746	609,375	0,682753086090088	153,125	0,947194457054138	153,125	0,945102155208588	609,375	0,72742748260498	609,375	0,773822546005249	153,125	0,944989144802094	609,375	-0,348487436771393	153,125	-0,189223930239677	609,375	-0,382519096136093	153,125	-0,193154320120811	153,125	-0,200426131486893	609,375	-0,416430801153183	609,375	-0,469532907009125	153,125	-0,203655645251274	153,125	-0,201982110738754	609,375	-0,47149595618248	609,375	-0,49079155921936	153,125	-0,198529168963432	153,125	-0,194311171770096	609,375	-0,495181947946548	609,375	-0,481992721557617	153,125	-0,182957321405411	
612,5	0,592982351779938	156,25	0,939046800136566	612,5	0,613086819648743	156,25	0,942593455314636	156,25	0,942078828811646	612,5	0,603966295719147	612,5	0,615057706832886	156,25	0,945304930210114	156,25	0,943839848041534	612,5	0,647936403751373	612,5	0,67987197637558	156,25	0,947903454303741	156,25	0,945963263511658	612,5	0,725069582462311	612,5	0,77170741558075	156,25	0,945960521697998	612,5	-0,347290545701981	156,25	-0,188862204551697	612,5	-0,382764250040054	156,25	-0,188296154141426	156,25	-0,195461452007294	612,5	-0,416877210140228	612,5	-0,47044250369072	156,25	-0,198922231793404	156,25	-0,197123751044273	612,5	-0,472751200199127	612,5	-0,492409288883209	156,25	-0,193679809570313	156,25	-0,189234986901283	612,5	-0,497625946998596	612,5	-0,484257638454437	156,25	-0,177682414650917	
615,625	0,592955768108368	159,375	0,939220607280731	615,625	0,609374284744263	159,375	0,941905200481415	159,375	0,941542983055115	615,625	0,60030472278595	615,625	0,611029207706451	159,375	0,944834053516388	159,375	0,943393886089325	615,625	0,644203424453735	615,625	0,676270604133606	159,375	0,947656631469727	159,375	0,945855259895325	615,625	0,721724331378937	615,625	0,768795132637024	159,375	0,945960164070129	615,625	-0,346884518861771	159,375	-0,18728318810463	615,625	-0,384123891592026	159,375	-0,193991273641586	159,375	-0,201257556676865	615,625	-0,418399631977081	615,625	-0,472447246313095	159,375	-0,204823940992355	159,375	-0,202758863568306	615,625	-0,475137442350388	615,625	-0,495206356048584	159,375	-0,199334770441055	159,375	-0,194837614893913	615,625	-0,501463353633881	615,625	-0,488053888082504	159,375	-0,18296991288662	
618,75	0,58802729845047	162,5	0,945657730102539	618,75	0,607794463634491	162,5	0,943353474140167	162,5	0,942969262599945	618,75	0,598765969276428	618,75	0,609381556510925	162,5	0,946328520774841	162,5	0,944951772689819	618,75	0,642835199832916	618,75	0,674991250038147	162,5	0,949300229549408	162,5	0,947589635848999	618,75	0,72070986032486	618,75	0,76817387342453	162,5	0,947734296321869	618,75	-0,346803247928619	162,5	-0,201138958334923	618,75	-0,383309245109558	162,5	-0,19388347864151	162,5	-0,201309844851494	618,75	-0,417709857225418	618,75	-0,472137331962585	162,5	-0,205077022314072	162,5	-0,202825784683228	618,75	-0,475067287683487	618,75	-0,495402425527573	162,5	-0,19955475628376	162,5	-0,194760337471962	618,75	-0,502336025238037	618,75	-0,48877277970314	162,5	-0,182552218437195	
621,875	0,585552871227264	165,625	0,938860476016998	621,875	0,607200443744659	165,625	0,938165128231049	165,625	0,93772554397583	621,875	0,598253965377808	621,875	0,608848810195923	165,625	0,941148281097412	165,625	0,939905345439911	621,875	0,642636299133301	621,875	0,674961149692535	165,625	0,944281220436096	165,625	0,942700922489166	621,875	0,720888376235962	621,875	0,768914341926575	165,625	0,943166613578796	621,875	-0,343418926000595	165,625	-0,200087755918503	621,875	-0,382366418838501	165,625	-0,193674728274345	165,625	-0,201117023825645	621,875	-0,417004555463791	621,875	-0,471820384263992	165,625	-0,205160930752754	165,625	-0,20267228782177	621,875	-0,475018829107285	621,875	-0,495666116476059	165,625	-0,199262961745262	165,625	-0,194537818431854	621,875	-0,503180265426636	621,875	-0,489466339349747	165,625	-0,182181656360626	
625	0,582148611545563	168,75	0,928585350513458	625	0,603020250797272	168,75	0,935532808303833	168,75	0,93495786190033	625	0,594096422195435	625	0,604389250278473	168,75	0,938484370708466	168,75	0,93723452091217	625	0,638309299945831	625	0,670627355575562	168,75	0,941931426525116	168,75	0,940417230129242	625	0,716320931911469	625	0,764805793762207	168,75	0,941197276115417	625	-0,346297293901443	168,75	-0,194818302989006	625	-0,38128674030304	168,75	-0,211248964071274	168,75	-0,218908563256264	625	-0,416135519742966	625	-0,471259087324142	168,75	-0,223206251859665	168,75	-0,220369845628738	625	-0,474754422903061	625	-0,495811611413956	168,75	-0,217145591974258	168,75	-0,212180837988853	625	-0,503933608531952	625	-0,490476995706558	168,75	-0,199333295226097	
628,125	0,582698822021484	171,875	0,923322319984436	628,125	0,599505603313446	171,875	0,930648922920227	171,875	0,930209159851074	628,125	0,590536952018738	628,125	0,60048645734787	171,875	0,933779358863831	171,875	0,932578325271606	628,125	0,634685575962067	628,125	0,667092442512512	171,875	0,937491714954376	171,875	0,935852348804474	628,125	0,712928414344788	628,125	0,762186288833618	171,875	0,936571180820465	628,125	-0,34521147608757	171,875	-0,208533883094788	628,125	-0,38350373506546	171,875	-0,201680064201355	171,875	-0,20935545861721	628,125	-0,418704152107239	628,125	-0,474327623844147	171,875	-0,213737562298775	171,875	-0,210756868124008	628,125	-0,478243201971054	628,125	-0,499831676483154	171,875	-0,207706645131111	171,875	-0,202604308724403	628,125	-0,508726000785828	628,125	-0,495549827814102	171,875	-0,189657241106033	
631,25	0,579911231994629	175	0,930499196052551	631,25	0,595024049282074	175	0,923986315727234	175	0,923517227172852	631,25	0,586034774780273	631,25	0,595757067203522	175	0,927184879779816	175	0,926140606403351	631,25	0,630132496356964	631,25	0,662486910820007	175	0,930956244468689	175	0,92975378036499	631,25	0,708279132843018	631,25	0,75801146030426	175	0,930754899978638	631,25	-0,345253944396973	175	-0,20650751888752	631,25	-0,381646811962128	175	-0,209697872400284	175	-0,217516630887985	631,25	-0,417109429836273	631,25	-0,472926676273346	175	-0,22222301363945	175	-0,218884199857712	631,25	-0,477330476045609	631,25	-0,499142020940781	175	-0,215738534927368	175	-0,210641801357269	631,25	-0,508407175540924	631,25	-0,495576590299606	175	-0,197499990463257	
634,375	0,57767915725708	178,125	0,927617073059082	634,375	0,592771470546722	178,125	0,931401371955872	178,125	0,930923640727997	634,375	0,583732724189758	634,375	0,593374371528625	178,125	0,93474668264389	178,125	0,933830380439758	634,375	0,628096520900726	634,375	0,660560071468353	178,125	0,938761353492737	178,125	0,937595367431641	634,375	0,706543922424316	634,375	0,756912767887115	178,125	0,93881630897522	634,375	-0,344182670116425	178,125	-0,216191083192825	634,375	-0,381417840719223	178,125	-0,214124083518982	178,125	-0,222136035561562	634,375	-0,41722759604454	634,375	-0,473463326692581	178,125	-0,227074906229973	178,125	-0,223501056432724	634,375	-0,478244185447693	634,375	-0,500341951847076	178,125	-0,22050629556179	178,125	-0,214990183711052	634,375	-0,51002711057663	634,375	-0,497439980506897	178,125	-0,20149102807045	
637,5	0,573521614074707	181,25	0,927600622177124	637,5	0,591664433479309	181,25	0,931101202964783	181,25	0,930672943592072	637,5	0,582527875900269	637,5	0,592055678367615	181,25	0,934605836868286	181,25	0,933726251125336	637,5	0,627205431461334	637,5	0,659775018692017	181,25	0,938670933246613	181,25	0,937667489051819	637,5	0,706089973449707	637,5	0,757100462913513	181,25	0,938988864421844	637,5	-0,343988090753555	181,25	-0,213158160448074	637,5	-0,381903827190399	181,25	-0,211567476391792	181,25	-0,219711914658546	637,5	-0,418195068836212	637,5	-0,474877446889877	181,25	-0,224776074290276	181,25	-0,221024289727211	637,5	-0,47994390130043	637,5	-0,502387166023254	181,25	-0,218070238828659	181,25	-0,212408870458603	637,5	-0,512461066246033	637,5	-0,500130474567413	181,25	-0,198751270771027	
640,625	0,572799026966095	184,375	0,919543325901031	640,625	0,591204762458801	184,375	0,92462831735611	184,375	0,924216449260712	640,625	0,582098662853241	640,625	0,591620743274689	184,375	0,928301393985748	184,375	0,927430868148804	640,625	0,627040922641754	640,625	0,659739136695862	184,375	0,932499647140503	184,375	0,931543707847595	640,625	0,706287264823914	640,625	0,757600486278534	184,375	0,932991087436676	640,625	-0,342571765184402	184,375	-0,220675945281982	640,625	-0,379438817501068	184,375	-0,212489560246468	184,375	-0,220706284046173	640,625	-0,416149824857712	640,625	-0,473091661930084	184,375	-0,225995600223541	184,375	-0,221973836421967	640,625	-0,478355169296265	640,625	-0,500996828079224	184,375	-0,219254106283188	184,375	-0,213352486491203	640,625	-0,511309623718262	640,625	-0,499089807271957	184,375	-0,199564218521118	
643,75	0,569880664348602	187,5	0,918760061264038	643,75	0,587237179279327	187,5	0,915731549263	187,5	0,915181457996368	643,75	0,577634215354919	643,75	0,586576282978058	187,5	0,919356942176819	187,5	0,918726801872253	643,75	0,622478604316711	643,75	0,655187964439392	187,5	0,92385721206665	187,5	0,923109710216522	643,75	0,702056884765625	643,75	0,75411581993103	187,5	0,925072371959686	643,75	-0,340838491916656	187,5	-0,216772273182869	643,75	-0,38243556022644	187,5	-0,222651675343513	187,5	-0,23093444108963	643,75	-0,419513463973999	643,75	-0,477064192295074	187,5	-0,236567154526711	187,5	-0,232259914278984	643,75	-0,483239650726318	643,75	-0,506368398666382	187,5	-0,229477867484093	187,5	-0,223667740821838	643,75	-0,517514586448669	643,75	-0,506096243858337	187,5	-0,209662601351738	
646,875	0,567235112190247	190,625	0,917179882526398	646,875	0,584233403205872	190,625	0,915453255176544	190,625	0,914933860301971	646,875	0,574384391307831	646,875	0,583258748054504	190,625	0,919225871562958	190,625	0,918701767921448	646,875	0,619247198104858	646,875	0,651897430419922	190,625	0,924259424209595	190,625	0,923227369785309	646,875	0,698838591575623	646,875	0,751161754131317	190,625	0,925256073474884	646,875	-0,339649170637131	190,625	-0,220707163214684	646,875	-0,380438834428787	190,625	-0,21840201318264	190,625	-0,22673125565052	646,875	-0,41772535443306	646,875	-0,475433856248856	190,625	-0,232492342591286	190,625	-0,227990016341209	646,875	-0,48193883895874	646,875	-0,505165457725525	190,625	-0,225814938545227	190,625	-0,219333201646805	646,875	-0,516562104225159	646,875	-0,505514085292816	190,625	-0,205230623483658	
650	0,566308259963989	193,75	0,910086333751678	650	0,583748340606689	193,75	0,910351991653442	193,75	0,909818470478058	650	0,573625385761261	650	0,582418441772461	193,75	0,914153635501862	193,75	0,913820266723633	650	0,618848264217377	650	0,651803016662598	193,75	0,919570028781891	193,75	0,918787479400635	650	0,699177920818329	650	0,752231776714325	193,75	0,921203315258026	650	-0,341718316078186	193,75	-0,227464824914932	650	-0,382109493017197	193,75	-0,231480076909065	193,75	-0,239955440163612	650	-0,419890612363815	650	-0,478124737739563	193,75	-0,246020376682281	193,75	-0,241272121667862	650	-0,485201627016068	650	-0,508756875991821	193,75	-0,238358929753304	193,75	-0,232650831341743	650	-0,520672678947449	650	-0,510065674781799	193,75	-0,218360021710396	
653,125	0,562552452087402	196,875	0,912735283374786	653,125	0,580623626708984	196,875	0,913864254951477	196,875	0,913374543190002	653,125	0,570317327976227	653,125	0,578971266746521	196,875	0,917906880378723	196,875	0,917619228363037	653,125	0,615410268306732	653,125	0,64848393201828	196,875	0,92326021194458	196,875	0,922730565071106	653,125	0,695936679840088	653,125	0,749129176139832	196,875	0,925183117389679	653,125	-0,338636428117752	196,875	-0,225452989339828	653,125	-0,379935264587402	196,875	-0,22687454521656	196,875	-0,235459566116333	653,125	-0,417794048786163	653,125	-0,476193696260452	196,875	-0,241633594036102	196,875	-0,236689433455467	653,125	-0,483789265155792	653,125	-0,507517158985138	196,875	-0,234389185905457	196,875	-0,227818861603737	653,125	-0,519678354263306	653,125	-0,509450972080231	196,875	-0,213222160935402	
656,25	0,563717186450958	200	0,918227314949036	656,25	0,577723860740662	200	0,9209024310112	200	0,920394361019135	656,25	0,567219078540802	656,25	0,57570618391037	200	0,92511385679245	200	0,924901843070984	656,25	0,612076640129089	656,25	0,645273089408875	200	0,93065083026886	200	0,93023669719696	656,25	0,692753434181213	656,25	0,746019959449768	200	0,932838082313538	656,25	-0,339013904333115	200	-0,234199926257133	656,25	-0,378675997257233	200	-0,227924734354019	200	-0,236586436629295	656,25	-0,416654706001282	656,25	-0,475215762853622	200	-0,242925330996513	200	-0,237797141075134	656,25	-0,483261704444885	656,25	-0,507266342639923	200	-0,235211163759232	200	-0,228819161653519	656,25	-0,519748270511627	656,25	-0,510041952133179	200	-0,213941320776939	
659,375	0,561696946620941	203,125	0,910513997077942	659,375	0,574493885040283	203,125	0,924611032009125	203,125	0,924166619777679	659,375	0,563599586486816	659,375	0,571741461753845	203,125	0,929129719734192	203,125	0,92892050743103	659,375	0,608309507369995	659,375	0,641498923301697	203,125	0,935030519962311	203,125	0,934531569480896	659,375	0,689352452754974	659,375	0,743014931678772	203,125	0,937287151813507	659,375	-0,341438591480255	203,125	-0,231356650590897	659,375	-0,380114793777466	203,125	-0,227937549352646	203,125	-0,236736088991165	659,375	-0,418313533067703	659,375	-0,477286994457245	203,125	-0,243250653147697	203,125	-0,237890839576721	659,375	-0,486011147499084	659,375	-0,510322391986847	203,125	-0,235484853386879	203,125	-0,228745326399803	659,375	-0,523469805717468	659,375	-0,51438182592392	203,125	-0,213626831769943	
662,5	0,558191239833832	206,25	0,915588140487671	662,5	0,575311183929443	206,25	0,911183178424835	206,25	0,910654425621033	662,5	0,564346373081207	662,5	0,572662234306335	206,25	0,91562157869339	206,25	0,915721118450165	662,5	0,609554052352905	662,5	0,643109500408173	206,25	0,921657264232636	206,25	0,92184841632843	662,5	0,691510617733002	662,5	0,745687544345856	206,25	0,925133943557739	662,5	-0,340464919805527	206,25	-0,230806246399879	662,5	-0,379518568515778	206,25	-0,246830657124519	206,25	-0,255906611680985	662,5	-0,418061137199402	662,5	-0,477515608072281	206,25	-0,26287516951561	206,25	-0,257096737623215	662,5	-0,486549377441406	662,5	-0,511070311069489	206,25	-0,25470158457756	206,25	-0,247921764850616	662,5	-0,52443653345108	662,5	-0,515511214733124	206,25	-0,232542902231216	
665,625	0,55583256483078	209,375	0,902487993240356	665,625	0,57355922460556	209,375	0,9100461602211	209,375	0,909561336040497	665,625	0,562316536903381	665,625	0,570564329624176	209,375	0,914623618125916	209,375	0,914816558361053	665,625	0,60768324136734	665,625	0,641481339931488	209,375	0,920909106731415	209,375	0,921111106872559	665,625	0,690290510654449	665,625	0,744894623756409	209,375	0,92453408241272	665,625	-0,338626980781555	209,375	-0,247655436396599	665,625	-0,380551904439926	209,375	-0,241068482398987	209,375	-0,250224262475967	665,625	-0,419419318437576	665,625	-0,479440212249756	209,375	-0,257317095994949	209,375	-0,251417815685272	665,625	-0,488968640565872	665,625	-0,513725876808167	209,375	-0,24912440776825	209,375	-0,242122054100037	665,625	-0,52759325504303	665,625	-0,519176959991455	209,375	-0,226640492677689	
668,75	0,55677342414856	212,5	0,902131497859955	668,75	0,569819450378418	212,5	0,918068110942841	212,5	0,917689621448517	668,75	0,558298349380493	668,75	0,566301345825195	212,5	0,922971427440643	212,5	0,923224687576294	668,75	0,603353142738342	668,75	0,63719916343689	212,5	0,929786860942841	212,5	0,929667711257935	668,75	0,686067819595337	668,75	0,74068546295166	212,5	0,933126866817474	668,75	-0,337443560361862	212,5	-0,232530176639557	668,75	-0,379492342472076	212,5	-0,236010640859604	212,5	-0,245319530367851	668,75	-0,418302416801453	668,75	-0,47855544090271	212,5	-0,252571493387222	212,5	-0,246459439396858	668,75	-0,48862424492836	668,75	-0,513580024242401	212,5	-0,244094476103783	212,5	-0,236874505877495	668,75	-0,528048932552338	668,75	-0,520248651504517	212,5	-0,221030667424202	
671,875	0,551678419113159	215,625	0,899131298065186	671,875	0,56829035282135	215,625	0,902532756328583	215,625	0,902001142501831	671,875	0,556648910045624	671,875	0,56467604637146	215,625	0,907286882400513	215,625	0,907917082309723	671,875	0,601671099662781	671,875	0,635749995708466	215,625	0,914283394813538	215,625	0,914966225624084	671,875	0,684801518917084	671,875	0,739539384841919	215,625	0,919025540351868	671,875	-0,33631494641304	215,625	-0,243205323815346	671,875	-0,377014130353928	215,625	-0,250981867313385	215,625	-0,260420203208923	671,875	-0,415927052497864	671,875	-0,476300209760666	215,625	-0,268069714307785	215,625	-0,261717736721039	671,875	-0,486723780632019	671,875	-0,511791467666626	215,625	-0,259565532207489	215,625	-0,252224534749985	671,875	-0,526499688625336	671,875	-0,51895946264267	215,625	-0,23622789978981	
675	0,547776758670807	218,75	0,894488513469696	675	0,563639342784882	218,75	0,906909286975861	218,75	0,906417906284332	675	0,551742255687714	675	0,559367775917053	218,75	0,911875426769257	218,75	0,912558734416962	675	0,59638512134552	675	0,63056868314743	218,75	0,919005751609802	218,75	0,919703006744385	675	0,679903984069824	675	0,734768569469452	218,75	0,923769056797028	675	-0,33467498421669	218,75	-0,241132780909538	675	-0,377430558204651	218,75	-0,243553638458252	218,75	-0,253135681152344	675	-0,416499018669128	675	-0,477248936891556	218,75	-0,260946124792099	218,75	-0,254364460706711	675	-0,488365769386292	675	-0,513736963272095	218,75	-0,252124309539795	218,75	-0,244754180312157	675	-0,529110610485077	675	-0,522345542907715	218,75	-0,228512898087502	
678,125	0,546583235263824	221,875	0,896369338035584	678,125	0,560624659061432	221,875	0,90175199508667	221,875	0,901174306869507	678,125	0,548501372337341	678,125	0,55581921339035	221,875	0,906788766384125	221,875	0,907655894756317	678,125	0,592802405357361	678,125	0,627131462097168	221,875	0,914528429508209	221,875	0,915240943431854	678,125	0,676660001277924	678,125	0,731537461280823	221,875	0,919762194156647	678,125	-0,336489379405975	221,875	-0,252435743808746	678,125	-0,377601653337479	221,875	-0,252835839986801	221,875	-0,262597411870956	678,125	-0,416744291782379	678,125	-0,477882117033005	221,875	-0,270713806152344	221,875	-0,26394122838974	678,125	-0,489603191614151	678,125	-0,515433251857758	221,875	-0,261630088090897	221,875	-0,254239231348038	678,125	-0,531264364719391	678,125	-0,525079846382141	221,875	-0,23773655295372	
681,25	0,54728090763092	225	0,89042991399765	681,25	0,560154139995575	225	0,896703839302063	225	0,896157205104828	681,25	0,547810554504395	681,25	0,555164396762848	225	0,901834666728973	225	0,902862727642059	681,25	0,592270314693451	681,25	0,626887321472168	225	0,909799098968506	225	0,910686492919922	681,25	0,676641881465912	681,25	0,73190701007843	225	0,91541975736618	681,25	-0,333858519792557	225	-0,253283470869064	681,25	-0,377268046140671	225	-0,252123653888702	225	-0,261947304010391	681,25	-0,416573196649551	681,25	-0,47803521156311	225	-0,270347148180008	225	-0,263415694236755	681,25	-0,490228265523911	681,25	-0,516133964061737	225	-0,261414229869843	225	-0,253630846738815	681,25	-0,532508850097656	681,25	-0,526593327522278	225	-0,237044647336006	
684,375	0,547109007835388	228,125	0,8932785987854	684,375	0,558615505695343	228,125	0,89377349615097	228,125	0,893236994743347	684,375	0,546174347400665	684,375	0,553497731685638	228,125	0,899035334587097	228,125	0,900235295295715	684,375	0,590601146221161	684,375	0,625614523887634	228,125	0,907194375991821	228,125	0,908387422561646	684,375	0,675721764564514	684,375	0,73101818561554	228,125	0,913372933864594	684,375	-0,335758209228516	228,125	-0,25590792298317	684,375	-0,376848042011261	228,125	-0,255435645580292	228,125	-0,265403509140015	684,375	-0,416329473257065	684,375	-0,478221535682678	228,125	-0,274081349372864	228,125	-0,266957938671112	684,375	-0,490724414587021	684,375	-0,516716003417969	228,125	-0,264812797307968	228,125	-0,257138669490814	684,375	-0,533439815044403	684,375	-0,527759492397308	228,125	-0,240359768271446	
687,5	0,543316960334778	231,25	0,882608830928802	687,5	0,559473216533661	231,25	0,893570244312286	231,25	0,893021941184998	687,5	0,546988666057587	687,5	0,554363429546356	231,25	0,898962497711182	231,25	0,90034031867981	687,5	0,591796219348907	687,5	0,627309799194336	231,25	0,907517075538635	231,25	0,908849537372589	687,5	0,678047001361847	687,5	0,733937084674835	231,25	0,914027631282806	687,5	-0,33530181646347	231,25	-0,25238099694252	687,5	-0,376887381076813	231,25	-0,256814688444138	231,25	-0,266964167356491	687,5	-0,416565805673599	687,5	-0,479290872812271	231,25	-0,275876194238663	231,25	-0,268589854240417	687,5	-0,492262840270996	687,5	-0,518340647220612	231,25	-0,266630440950394	231,25	-0,258640587329865	687,5	-0,535319447517395	687,5	-0,529776751995087	231,25	-0,241600871086121	
690,625	0,540503263473511	234,375	0,886815965175629	690,625	0,552557349205017	234,375	0,88883364200592	234,375	0,888248920440674	690,625	0,539516746997833	690,625	0,546032667160034	234,375	0,894278466701508	234,375	0,895870745182037	690,625	0,583122134208679	690,625	0,618730485439301	234,375	0,903293430805206	234,375	0,904701590538025	690,625	0,669779598712921	690,625	0,725645840167999	234,375	0,910272061824799	690,625	-0,333208620548248	234,375	-0,261599898338318	690,625	-0,3804891705513	234,375	-0,260512918233871	234,375	-0,270725756883621	690,625	-0,420418202877045	690,625	-0,48327112197876	234,375	-0,279907494783401	234,375	-0,272412091493607	690,625	-0,497274130582809	690,625	-0,524287939071655	234,375	-0,270552307367325	234,375	-0,26248961687088	690,625	-0,542412579059601	690,625	-0,538334548473358	234,375	-0,245395958423615	
693,75	0,539601445198059	237,5	0,892079949378967	693,75	0,553461074829102	237,5	0,895695209503174	237,5	0,895207166671753	693,75	0,540647387504578	693,75	0,547492206096649	237,5	0,901496410369873	237,5	0,90313583612442	693,75	0,584719896316528	693,75	0,620649874210358	237,5	0,910696566104889	237,5	0,912316024303436	693,75	0,672037243843079	693,75	0,728047370910645	237,5	0,918006420135498	693,75	-0,333148688077927	237,5	-0,266137540340424	693,75	-0,376744508743286	237,5	-0,260499358177185	237,5	-0,270955115556717	693,75	-0,41690868139267	693,75	-0,479834318161011	237,5	-0,280401229858398	237,5	-0,272591173648834	693,75	-0,493772506713867	693,75	-0,520675241947174	237,5	-0,270845800638199	237,5	-0,26243668794632	693,75	-0,538798928260803	693,75	-0,53466808795929	237,5	-0,244893297553062	
696,875	0,537979423999786	240,625	0,885761260986328	696,875	0,551757097244263	240,625	0,893471360206604	240,625	0,892881453037262	696,875	0,538813948631287	696,875	0,545513808727264	240,625	0,899180114269257	240,625	0,901191592216492	696,875	0,582707047462463	696,875	0,618967652320862	240,625	0,908480823040009	240,625	0,911030650138855	696,875	0,670604526996613	696,875	0,72687178850174	240,625	0,917400658130646	696,875	-0,333554178476334	240,625	-0,271326452493668	696,875	-0,376182466745377	240,625	-0,276597082614899	240,625	-0,287307053804398	696,875	-0,416515052318573	696,875	-0,479773133993149	240,625	-0,297133654356003	240,625	-0,289185494184494	696,875	-0,494124293327332	696,875	-0,52131199836731	240,625	-0,287459999322891	240,625	-0,278916329145432	696,875	-0,540055930614471	696,875	-0,536381483078003	240,625	-0,261127471923828	
700	0,537016987800598	243,75	0,875375151634216	700	0,547632336616516	243,75	0,891001641750336	243,75	0,890398740768433	700	0,534282326698303	700	0,540793001651764	243,75	0,896897375583649	243,75	0,898979365825653	700	0,577842533588409	700	0,614104509353638	243,75	0,906771004199982	243,75	0,909023344516754	700	0,666040122509003	700	0,722105503082275	243,75	0,915472865104675	700	-0,332308501005173	243,75	-0,267994940280914	700	-0,376124233007431	243,75	-0,271418869495392	243,75	-0,28217476606369	700	-0,416445523500443	700	-0,480070054531097	243,75	-0,292219907045364	243,75	-0,284161478281021	700	-0,494784355163574	700	-0,522424519062042	243,75	-0,282599568367004	243,75	-0,273787915706635	700	-0,541923224925995	700	-0,539106845855713	243,75	-0,255862832069397	
703,125	0,534853398799896	246,875	0,879839301109314	703,125	0,546234846115112	246,875	0,880673110485077	246,875	0,880029737949371	703,125	0,532664954662323	703,125	0,539045095443726	246,875	0,886563301086426	246,875	0,888854086399078	703,125	0,576119482517242	703,125	0,612778842449188	246,875	0,897160947322845	246,875	0,899184465408325	703,125	0,665363311767578	703,125	0,72123658657074	246,875	0,905921399593353	703,125	-0,332219481468201	246,875	-0,269958823919296	703,125	-0,376813501119614	246,875	-0,272161930799484	246,875	-0,282905459403992	703,125	-0,4173963367939	703,125	-0,481435656547546	246,875	-0,293190628290176	246,875	-0,285072892904282	703,125	-0,49657279253006	703,125	-0,524520993232727	246,875	-0,283108621835709	246,875	-0,274820446968079	703,125	-0,544521033763886	703,125	-0,542400538921356	246,875	-0,256977647542953	
706,25	0,531079232692719	250	0,87784868478775	706,25	0,546016097068787	250	0,878229200839996	250	0,8775994181633	706,25	0,532505333423615	706,25	0,538925528526306	250	0,884212136268616	250	0,88666820526123	706,25	0,576242983341217	706,25	0,613279581069946	250	0,894656717777252	250	0,897344768047333	706,25	0,666251540184021	706,25	0,722160696983337	250	0,904382646083832	706,25	-0,329487264156342	250	-0,277971655130386	706,25	-0,375009149312973	250	-0,273526191711426	250	-0,284462183713913	706,25	-0,415933638811111	706,25	-0,480317324399948	250	-0,294990599155426	250	-0,286667495965958	706,25	-0,495661824941635	706,25	-0,523630857467651	250	-0,28507599234581	250	-0,276424795389175	706,25	-0,544122815132141	706,25	-0,542060732841492	250	-0,258431434631348	
709,375	0,530408620834351	253,125	0,875781655311584	709,375	0,543348729610443	253,125	0,881445705890656	253,125	0,880859792232513	709,375	0,529559195041656	709,375	0,535690426826477	253,125	0,887703835964203	253,125	0,890297472476959	709,375	0,573036968708038	709,375	0,610414326190948	253,125	0,898676455020905	253,125	0,901517450809479	709,375	0,663598895072937	709,375	0,719024062156677	253,125	0,908927738666534	709,375	-0,329934388399124	253,125	-0,280135542154312	709,375	-0,372926741838455	253,125	-0,278001636266708	253,125	-0,289118736982346	709,375	-0,413922935724258	709,375	-0,478284567594528	253,125	-0,299873322248459	253,125	-0,291408270597458	709,375	-0,494214534759521	709,375	-0,522332847118378	253,125	-0,290274739265442	253,125	-0,281121075153351	709,375	-0,543355882167816	709,375	-0,541814506053925	253,125	-0,262854635715485	
712,5	0,528634905815125	256,25	0,869765043258667	712,5	0,537101328372955	256,25	0,876311957836151	256,25	0,875681817531586	712,5	0,522806763648987	712,5	0,528481662273407	256,25	0,882476449012756	256,25	0,885497212409973	712,5	0,565243721008301	712,5	0,603273034095764	256,25	0,893932402133942	256,25	0,897050082683563	712,5	0,656305849552155	712,5	0,711021721363068	256,25	0,904863834381104	712,5	-0,330522209405899	256,25	-0,280064076185226	712,5	-0,376846164464951	256,25	-0,284855395555496	256,25	-0,296164482831955	712,5	-0,418176859617233	712,5	-0,482918173074722	256,25	-0,307374954223633	256,25	-0,298680543899536	712,5	-0,499734133481979	712,5	-0,528132319450378	256,25	-0,297125369310379	256,25	-0,288366734981537	712,5	-0,551102936267853	712,5	-0,550565898418427	256,25	-0,269911378622055	
715,625	0,524762213230133	259,375	0,869771599769592	715,625	0,538773894309998	259,375	0,870910227298737	259,375	0,870269596576691	715,625	0,524595737457275	715,625	0,530573725700378	259,375	0,877175807952881	259,375	0,880333602428436	715,625	0,567550778388977	715,625	0,606203854084015	259,375	0,888986110687256	259,375	0,892171204090118	715,625	0,660086095333099	715,625	0,714768528938293	259,375	0,900164663791656	715,625	-0,328691244125366	259,375	-0,278737664222717	715,625	-0,374622583389282	259,375	-0,280507624149323	259,375	-0,291871577501297	715,625	-0,416164964437485	715,625	-0,481266736984253	259,375	-0,303207278251648	259,375	-0,294426470994949	715,625	-0,49833869934082	715,625	-0,52687805891037	259,375	-0,29316058754921	259,375	-0,284140527248383	715,625	-0,550085246562958	715,625	-0,549455106258392	259,375	-0,265716403722763	
718,75	0,524044513702393	262,5	0,872710227966309	718,75	0,537775576114655	262,5	0,872845649719238	262,5	0,872230470180511	718,75	0,523351848125458	718,75	0,529377102851868	262,5	0,879273891448975	262,5	0,882628083229065	718,75	0,566274642944336	718,75	0,606024086475372	262,5	0,891506373882294	262,5	0,895066320896149	718,75	0,66045743227005	718,75	0,714334428310394	262,5	0,903490126132965	718,75	-0,330415368080139	262,5	-0,283075004816055	718,75	-0,375278532505035	262,5	-0,288433998823166	262,5	-0,300013393163681	718,75	-0,417078971862793	718,75	-0,48263281583786	262,5	-0,311710625886917	262,5	-0,302628308534622	718,75	-0,500019431114197	718,75	-0,528929233551025	262,5	-0,301484405994415	262,5	-0,292236536741257	718,75	-0,552673697471619	718,75	-0,55219566822052	262,5	-0,273506700992584	
721,875	0,525717079639435	265,625	0,851794838905334	721,875	0,534571349620819	265,625	0,873442888259888	265,625	0,872755229473114	721,875	0,51992005109787	721,875	0,52590137720108	265,625	0,880012273788452	265,625	0,88360059261322	721,875	0,562388598918915	721,875	0,602404892444611	265,625	0,892578065395355	265,625	0,896616339683533	721,875	0,656965732574463	721,875	0,709908545017242	265,625	0,90547114610672	721,875	-0,328634709119797	265,625	-0,296405971050262	721,875	-0,374032527208328	265,625	-0,295456528663635	265,625	-0,307224482297897	721,875	-0,415755420923233	721,875	-0,481465846300125	265,625	-0,319276183843613	265,625	-0,309988856315613	721,875	-0,499190837144852	721,875	-0,528430104255676	265,625	-0,308872491121292	265,625	-0,299597650766373	721,875	-0,553287267684937	721,875	-0,552849292755127	265,625	-0,280597597360611	
725	0,518960297107697	268,75	0,85500168800354	725	0,534154653549194	268,75	0,870142698287964	268,75	0,869481801986694	725	0,519240736961365	725	0,525103569030762	268,75	0,876879632472992	268,75	0,88064569234848	725	0,56157648563385	725	0,602428734302521	268,75	0,889810621738434	268,75	0,893871307373047	725	0,65801328420639	725	0,710628390312195	268,75	0,902835726737976	725	-0,327960848808289	268,75	-0,294141113758087	725	-0,374537378549576	268,75	-0,291087299585342	268,75	-0,303013056516647	725	-0,416851133108139	725	-0,483064651489258	268,75	-0,315261214971542	268,75	-0,305924415588379	725	-0,501239955425262	725	-0,531146168708801	268,75	-0,304806232452393	268,75	-0,295467019081116	725	-0,557392835617065	725	-0,556811988353729	268,75	-0,276380091905594	
728,125	0,519140362739563	271,875	0,856616020202637	728,125	0,530199944972992	271,875	0,864326536655426	271,875	0,863600730895996	728,125	0,515209436416626	728,125	0,520821750164032	271,875	0,871078193187714	271,875	0,87519496679306	728,125	0,556926488876343	728,125	0,598267614841461	271,875	0,88456803560257	271,875	0,888910591602325	728,125	0,653717160224915	728,125	0,705319702625275	271,875	0,898362100124359	728,125	-0,324955463409424	271,875	-0,289710372686386	728,125	-0,373153030872345	271,875	-0,298750102519989	271,875	-0,310850828886032	728,125	-0,415568113327026	728,125	-0,481665730476379	271,875	-0,323436498641968	271,875	-0,313973039388657	728,125	-0,500032186508179	728,125	-0,530523598194122	271,875	-0,312892496585846	271,875	-0,303557485342026	728,125	-0,558186113834381	728,125	-0,557183802127838	271,875	-0,284407109022141	
731,25	0,518527030944824	275	0,854354202747345	731,25	0,52973484992981	275	0,867184340953827	275	0,866468012332916	731,25	0,514536261558533	731,25	0,5203577876091	275	0,874157786369324	275	0,87846314907074	731,25	0,5566326379776	731,25	0,59872955083847	275	0,888050317764282	275	0,892735302448273	731,25	0,654638707637787	731,25	0,706024289131165	275	0,902479231357574	731,25	-0,327076584100723	275	-0,296205371618271	731,25	-0,373351752758026	275	-0,300646334886551	275	-0,312863856554031	731,25	-0,41585111618042	731,25	-0,482262253761292	275	-0,32574537396431	275	-0,316068410873413	731,25	-0,500931143760681	731,25	-0,532077133655548	275	-0,315115004777908	275	-0,305525153875351	731,25	-0,561029434204102	731,25	-0,559279561042786	275	-0,286151230335236	
734,375	0,514563620090485	278,125	0,843511283397675	734,375	0,527633488178253	278,125	0,859112083911896	278,125	0,85830944776535	734,375	0,512112736701965	734,375	0,518019139766693	278,125	0,865939140319824	278,125	0,87055104970932	734,375	0,554432332515717	734,375	0,596935212612152	278,125	0,88032329082489	278,125	0,885333240032196	734,375	0,652920663356781	734,375	0,704095721244812	278,125	0,895561635494232	734,375	-0,325281351804733	278,125	-0,29810756444931	734,375	-0,372842341661453	278,125	-0,305039703845978	278,125	-0,317320019006729	734,375	-0,415395200252533	734,375	-0,482183009386063	278,125	-0,330537974834442	278,125	-0,320832967758179	734,375	-0,501184284687042	734,375	-0,533005893230438	278,125	-0,319988697767258	278,125	-0,31047847867012	734,375	-0,563667178153992	734,375	-0,560581862926483	278,125	-0,291221499443054	
737,5	0,51326322555542	281,25	0,847438275814056	737,5	0,527208089828491	281,25	0,858424782752991	281,25	0,857642471790314	737,5	0,51144140958786	737,5	0,517628610134125	281,25	0,865374088287354	281,25	0,870181620121002	737,5	0,554390907287598	737,5	0,597691774368286	281,25	0,880141079425812	281,25	0,885328650474548	737,5	0,653897762298584	737,5	0,704940795898438	281,25	0,895772755146027	737,5	-0,32503467798233	281,25	-0,305202782154083	737,5	-0,373160481452942	281,25	-0,304532408714294	281,25	-0,316961526870728	737,5	-0,415808528661728	737,5	-0,483144581317902	281,25	-0,33032962679863	281,25	-0,320552319288254	737,5	-0,502177476882935	737,5	-0,534345865249634	281,25	-0,31974321603775	281,25	-0,310118228197098	737,5	-0,567047238349915	737,5	-0,562088906764984	281,25	-0,290678441524506	
740,625	0,511178255081177	284,375	0,845662474632263	740,625	0,52256977558136	284,375	0,85694694519043	284,375	0,856128334999084	740,625	0,506128966808319	740,625	0,511917948722839	284,375	0,863975763320923	284,375	0,868986129760742	740,625	0,548278748989105	740,625	0,591771185398102	284,375	0,8790562748909	284,375	0,884702861309052	740,625	0,646828353404999	740,625	0,69789046049118	284,375	0,895485043525696	740,625	-0,321990817785263	284,375	-0,301326960325241	740,625	-0,371443063020706	284,375	-0,306841999292374	284,375	-0,319418519735336	740,625	-0,413966447114944	740,625	-0,481128424406052	284,375	-0,332993030548096	284,375	-0,323109328746796	740,625	-0,500420570373535	740,625	-0,533533573150635	284,375	-0,322297722101212	284,375	-0,312609881162643	740,625	-0,568912088871002	740,625	-0,563103318214417	284,375	-0,293056070804596	
743,75	0,510143876075745	287,5	0,84430456161499	743,75	0,518863439559937	287,5	0,86472624540329	287,5	0,863330841064453	743,75	0,502098798751831	743,75	0,507567942142487	287,5	0,871112763881683	287,5	0,877106070518494	743,75	0,54378467798233	743,75	0,587239027023315	287,5	0,888126075267792	287,5	0,89482843875885	743,75	0,640598952770233	743,75	0,692371129989624	287,5	0,906921982765198	743,75	-0,322054177522659	287,5	-0,312381416559219	743,75	-0,370462864637375	287,5	-0,306552082300186	287,5	-0,318743050098419	743,75	-0,413031876087189	743,75	-0,480050444602966	287,5	-0,331453949213028	287,5	-0,321706414222717	743,75	-0,500036537647247	743,75	-0,533953070640564	287,5	-0,320144653320313	287,5	-0,311055779457092	743,75	-0,571620643138886	743,75	-0,565250813961029	287,5	-0,292005062103271	
746,875	0,50765073299408	290,625	0,84312504529953	746,875	0,517597734928131	290,625	0,849265396595001	290,625	0,847933888435364	746,875	0,50039541721344	746,875	0,505910456180573	290,625	0,855175852775574	290,625	0,861182689666748	746,875	0,542353630065918	746,875	0,587625503540039	290,625	0,871450126171112	290,625	0,878427088260651	746,875	0,639842092990875	746,875	0,693607091903687	290,625	0,891232013702393	746,875	-0,320056825876236	290,625	-0,309857189655304	746,875	-0,374014586210251	290,625	-0,324131101369858	290,625	-0,337241858243942	746,875	-0,416965663433075	746,875	-0,485630571842194	290,625	-0,351732701063156	290,625	-0,341251611709595	746,875	-0,506185352802277	746,875	-0,540883421897888	290,625	-0,340275794267654	290,625	-0,330158710479736	746,875	-0,581193923950195	746,875	-0,573558747768402	290,625	-0,310341119766235	
750	0,502252578735352	293,75	0,835032284259796	750	0,515669226646423	293,75	0,851094186306	293,75	0,849968612194061	750	0,498269230127335	750	0,504196763038635	293,75	0,857770085334778	293,75	0,86342316865921	750	0,540531873703003	750	0,587056279182434	293,75	0,874158799648285	293,75	0,880606055259705	750	0,637409269809723	750	0,692894458770752	293,75	0,893435835838318	750	-0,318666607141495	293,75	-0,31656351685524	750	-0,373427957296371	293,75	-0,323368489742279	293,75	-0,3369120657444	750	-0,416575461626053	750	-0,485708266496658	293,75	-0,3520168364048	293,75	-0,341297477483749	750	-0,506540596485138	750	-0,542078793048859	293,75	-0,340429425239563	293,75	-0,330033779144287	750	-0,583204984664917	750	-0,574448823928833	293,75	-0,309421122074127	
753,125	0,502333283424377	296,875	0,827944278717041	753,125	0,514442980289459	296,875	0,845705568790436	296,875	0,844769716262817	753,125	0,497139602899551	753,125	0,503725528717041	296,875	0,852977812290192	296,875	0,858646988868713	753,125	0,539805471897125	753,125	0,587407231330872	296,875	0,869596779346466	296,875	0,875937223434448	753,125	0,63523656129837	753,125	0,692001819610596	296,875	0,888295710086823	753,125	-0,321164727210999	296,875	-0,315059572458267	753,125	-0,37140765786171	296,875	-0,324531376361847	296,875	-0,338160634040833	753,125	-0,414569646120071	753,125	-0,483854830265045	296,875	-0,353559643030167	296,875	-0,342965394258499	753,125	-0,505031108856201	753,125	-0,540611386299133	296,875	-0,342602282762527	296,875	-0,33238896727562	753,125	-0,582259476184845	753,125	-0,573109865188599	296,875	-0,311593621969223	
756,25	0,501457452774048	300	0,830397427082062	756,25	0,512772262096405	300	0,84129536151886	300	0,840518116950989	756,25	0,495331048965454	756,25	0,502013802528381	300	0,848910570144653	300	0,854378461837769	756,25	0,538136184215546	756,25	0,586650490760803	300	0,864997446537018	300	0,870927155017853	756,25	0,631662547588348	756,25	0,689424812793732	300	0,881816625595093	756,25	-0,321814239025116	300	-0,321325212717056	756,25	-0,370031863451004	300	-0,326677143573761	300	-0,340771377086639	756,25	-0,413220047950745	756,25	-0,48218759894371	300	-0,357006430625916	300	-0,346212714910507	756,25	-0,503707349300385	756,25	-0,539831459522247	300	-0,346162706613541	300	-0,335937887430191	756,25	-0,582910299301147	756,25	-0,5734041929245	300	-0,313979297876358	
759,375	0,502651453018188	303,125	0,810389339923859	759,375	0,510801255702972	303,125	0,836621224880219	303,125	0,835578799247742	759,375	0,493770122528076	759,375	0,501021444797516	303,125	0,844041347503662	303,125	0,850154042243958	759,375	0,53675389289856	759,375	0,587301254272461	303,125	0,861599743366241	303,125	0,868430197238922	759,375	0,629017949104309	759,375	0,688316643238068	303,125	0,88129848241806	759,375	-0,321131944656372	303,125	-0,321348041296005	759,375	-0,367693543434143	303,125	-0,334272384643555	303,125	-0,348140448331833	759,375	-0,410931378602982	759,375	-0,480409324169159	303,125	-0,36425906419754	303,125	-0,353661626577377	759,375	-0,501977682113647	759,375	-0,539332509040833	303,125	-0,35349377989769	303,125	-0,343553900718689	759,375	-0,580989122390747	759,375	-0,570935070514679	303,125	-0,323196738958359	
762,5	0,499400436878204	306,25	0,806674659252167	762,5	0,511451423168182	306,25	0,830433070659637	306,25	0,829182147979736	762,5	0,494276970624924	762,5	0,50164258480072	306,25	0,837650179862976	306,25	0,84393835067749	762,5	0,537428617477417	762,5	0,589743375778198	306,25	0,855991363525391	306,25	0,863007247447968	762,5	0,629585444927216	762,5	0,690288066864014	306,25	0,876551508903503	762,5	-0,31856095790863	306,25	-0,332498222589493	762,5	-0,367973804473877	306,25	-0,335972964763641	306,25	-0,349883317947388	762,5	-0,411416888237	762,5	-0,481515824794769	306,25	-0,366404831409454	306,25	-0,35566183924675	762,5	-0,503507256507874	762,5	-0,541829943656921	306,25	-0,3558229804039	306,25	-0,345694720745087	762,5	-0,583850741386414	762,5	-0,574112772941589	306,25	-0,325389295816422	
765,625	0,497943967580795	309,375	0,807706296443939	765,625	0,508106231689453	309,375	0,824283361434937	309,375	0,823008477687836	765,625	0,490652799606323	765,625	0,497974097728729	309,375	0,831629037857056	309,375	0,837755858898163	765,625	0,533814370632172	765,625	0,587046384811401	309,375	0,850365400314331	309,375	0,85736757516861	765,625	0,624277591705322	765,625	0,685862958431244	309,375	0,871207177639008	765,625	-0,315982222557068	309,375	-0,337599635124207	765,625	-0,366831690073013	309,375	-0,335812956094742	309,375	-0,349759161472321	765,625	-0,410382509231567	765,625	-0,480597853660584	309,375	-0,366486936807632	309,375	-0,355396628379822	765,625	-0,502968013286591	765,625	-0,54295140504837	309,375	-0,355907201766968	309,375	-0,345556378364563	765,625	-0,58398699760437	765,625	-0,575045883655548	309,375	-0,325379520654678	
768,75	0,497429549694061	312,5	0,805872559547424	768,75	0,50349086523056	312,5	0,812419712543488	312,5	0,811140954494476	768,75	0,485784620046616	768,75	0,492748886346817	312,5	0,819531083106995	312,5	0,825915634632111	768,75	0,528770804405212	768,75	0,583747804164886	312,5	0,838611721992493	312,5	0,846120595932007	768,75	0,617756247520447	768,75	0,681241393089294	312,5	0,860354602336884	768,75	-0,317204505205154	312,5	-0,330580145120621	768,75	-0,369597554206848	312,5	-0,341319262981415	312,5	-0,355307161808014	768,75	-0,413223624229431	768,75	-0,484509438276291	312,5	-0,372418969869614	312,5	-0,360528141260147	768,75	-0,507606565952301	768,75	-0,551176488399506	312,5	-0,362698078155518	312,5	-0,351472139358521	768,75	-0,590106189250946	768,75	-0,582706093788147	312,5	-0,332139521837235	
771,875	0,495275139808655	315,625	0,79182106256485	771,875	0,499775886535645	315,625	0,802844405174255	315,625	0,801864802837372	771,875	0,481483161449432	771,875	0,487836301326752	315,625	0,810177505016327	315,625	0,817274034023285	771,875	0,523475050926209	771,875	0,578918993473053	315,625	0,829520225524902	315,625	0,837233781814575	771,875	0,610962152481079	771,875	0,675383746623993	315,625	0,851036965847015	771,875	-0,317641228437424	315,625	-0,334410071372986	771,875	-0,368084728717804	315,625	-0,326483249664307	315,625	-0,340131282806396	771,875	-0,411188155412674	771,875	-0,482293099164963	315,625	-0,357093721628189	315,625	-0,345137000083923	771,875	-0,506430327892303	771,875	-0,552410781383514	315,625	-0,347436308860779	315,625	-0,336377650499344	771,875	-0,589757323265076	771,875	-0,58392733335495	315,625	-0,317022919654846	
775	0,493741184473038	318,75	0,790382027626038	775	0,501034438610077	318,75	0,799669921398163	318,75	0,798885345458984	775	0,482959002256393	775	0,489547789096832	318,75	0,807147979736328	318,75	0,815478980541229	775	0,525566220283508	775	0,582255303859711	318,75	0,826639652252197	318,75	0,835545361042023	775	0,612865030765533	775	0,678009212017059	318,75	0,849643647670746	775	-0,314746230840683	318,75	-0,332361787557602	775	-0,367004007101059	318,75	-0,329089939594269	318,75	-0,342779755592346	775	-0,41055616736412	775	-0,482328772544861	318,75	-0,360326886177063	318,75	-0,348078638315201	775	-0,506602942943573	775	-0,55550342798233	318,75	-0,350936770439148	318,75	-0,339926213026047	775	-0,590345323085785	775	-0,584894835948944	318,75	-0,319956809282303	
778,125	0,492475360631943	321,875	0,789316058158875	778,125	0,499100476503372	321,875	0,807570517063141	321,875	0,807173073291779	778,125	0,481382340192795	778,125	0,488890469074249	321,875	0,815473556518555	321,875	0,824760496616364	778,125	0,524358510971069	778,125	0,581897437572479	321,875	0,835162878036499	321,875	0,84460324048996	778,125	0,610306620597839	778,125	0,67610114812851	321,875	0,859618425369263	778,125	-0,311734110116959	321,875	-0,316419571638107	778,125	-0,36525160074234	321,875	-0,322223901748657	321,875	-0,336389660835266	778,125	-0,409249097108841	778,125	-0,481089115142822	321,875	-0,354111909866333	321,875	-0,341620951890945	778,125	-0,50505518913269	778,125	-0,558908045291901	321,875	-0,344194859266281	321,875	-0,333081066608429	778,125	-0,589494407176971	778,125	-0,584229588508606	321,875	-0,312689214944839	
781,25	0,492731750011444	325	0,794066667556763	781,25	0,496135175228119	325	0,809866189956665	325	0,809484422206879	781,25	0,477763712406158	781,25	0,485443860292435	325	0,817882120609283	325	0,827705144882202	781,25	0,520909249782562	781,25	0,578369975090027	325	0,837746500968933	325	0,84776097536087	781,25	0,60583359003067	781,25	0,67241758108139	325	0,862622439861298	781,25	-0,312248557806015	325	-0,311670273542404	781,25	-0,366037905216217	325	-0,317879021167755	325	-0,332421898841858	781,25	-0,409855723381042	781,25	-0,482093751430511	325	-0,349826127290726	325	-0,338290303945541	781,25	-0,507149875164032	781,25	-0,565252482891083	325	-0,33965739607811	325	-0,328911989927292	781,25	-0,592505812644959	781,25	-0,588143587112427	325	-0,308984577655792	
784,375	0,487527370452881	328,125	0,789097011089325	784,375	0,492619603872299	328,125	0,806852996349335	328,125	0,806231498718262	784,375	0,473934143781662	784,375	0,481545448303223	328,125	0,815121293067932	328,125	0,82429051399231	784,375	0,516871273517609	784,375	0,573039829730988	328,125	0,83532726764679	328,125	0,845075666904449	784,375	0,60033106803894	784,375	0,667314052581787	328,125	0,859700500965118	784,375	-0,314324170351028	328,125	-0,309119045734406	784,375	-0,365107208490372	328,125	-0,31426465511322	328,125	-0,328908026218414	784,375	-0,408917367458344	784,375	-0,481332778930664	328,125	-0,346454232931137	328,125	-0,33541738986969	784,375	-0,507114827632904	784,375	-0,569361746311188	328,125	-0,336217671632767	328,125	-0,325892239809036	784,375	-0,592970848083496	784,375	-0,589901685714722	328,125	-0,305733382701874	
787,5	0,484571248292923	331,25	0,79604697227478	787,5	0,48938524723053	331,25	0,814356565475464	331,25	0,813616275787354	787,5	0,470592677593231	787,5	0,477716684341431	331,25	0,82299530506134	331,25	0,832005739212036	787,5	0,512796819210052	787,5	0,566875398159027	331,25	0,844064950942993	331,25	0,85413134098053	787,5	0,595025956630707	787,5	0,662792026996613	331,25	0,869153618812561	787,5	-0,313875794410706	331,25	-0,321571677923203	787,5	-0,365348786115646	331,25	-0,328822642564774	331,25	-0,343851298093796	787,5	-0,409275740385056	787,5	-0,481701195240021	331,25	-0,362126886844635	331,25	-0,351031541824341	787,5	-0,508592307567596	787,5	-0,575778484344482	331,25	-0,351804345846176	331,25	-0,341223299503326	787,5	-0,596028983592987	787,5	-0,594385385513306	331,25	-0,320450037717819	
790,625	0,484920382499695	334,375	0,804250776767731	790,625	0,488384068012238	334,375	0,814379692077637	334,375	0,81353086233139	790,625	0,469158232212067	790,625	0,477469891309738	334,375	0,822934150695801	334,375	0,832229375839233	790,625	0,511816918849945	790,625	0,563275337219238	334,375	0,844757795333862	334,375	0,855061292648315	790,625	0,593847870826721	790,625	0,662250280380249	334,375	0,870802462100983	790,625	-0,309362709522247	334,375	-0,323670834302902	790,625	-0,365343272686005	334,375	-0,33095970749855	334,375	-0,346202105283737	790,625	-0,409641563892365	790,625	-0,481989651918411	334,375	-0,36489537358284	334,375	-0,353748828172684	790,625	-0,509552955627441	790,625	-0,581010699272156	334,375	-0,354291379451752	334,375	-0,343987107276917	790,625	-0,597027242183685	790,625	-0,59583842754364	334,375	-0,322926253080368	
793,75	0,481780290603638	337,5	0,801575779914856	793,75	0,48782616853714	337,5	0,811308205127716	337,5	0,81054562330246	793,75	0,46858075261116	793,75	0,47760283946991	337,5	0,820003211498261	337,5	0,829453945159912	793,75	0,511736810207367	793,75	0,559264779090881	337,5	0,842121839523315	337,5	0,852628648281097	793,75	0,594118893146515	793,75	0,663142263889313	337,5	0,868683874607086	793,75	-0,310248255729675	337,5	-0,327105343341827	793,75	-0,363443970680237	337,5	-0,328209638595581	337,5	-0,343521744012833	793,75	-0,407957196235657	793,75	-0,481352746486664	337,5	-0,362477958202362	337,5	-0,351218611001968	793,75	-0,508963286876678	793,75	-0,581893622875214	337,5	-0,351964712142944	337,5	-0,341571509838104	793,75	-0,595980584621429	793,75	-0,595078527927399	337,5	-0,320521682500839	
796,875	0,481221497058868	340,625	0,793345272541046	796,875	0,488102376461029	340,625	0,812854647636414	340,625	0,812002062797546	796,875	0,468649327754974	796,875	0,478866964578629	340,625	0,821686506271362	340,625	0,831289350986481	796,875	0,512244939804077	796,875	0,555874228477478	340,625	0,844451487064362	340,625	0,855204105377197	796,875	0,595327496528625	796,875	0,664930880069733	340,625	0,871843039989471	796,875	-0,311533004045486	340,625	-0,334619373083115	796,875	-0,362852990627289	340,625	-0,333984285593033	340,625	-0,349606782197952	796,875	-0,407709509134293	796,875	-0,481979787349701	340,625	-0,369098901748657	340,625	-0,357546955347061	796,875	-0,509754657745361	796,875	-0,586063146591187	340,625	-0,358635038137436	340,625	-0,347906291484833	796,875	-0,597490191459656	796,875	-0,597120642662048	340,625	-0,326539754867554	
800	0,477659702301025	343,75	0,792912662029266	800	0,485114216804504	343,75	0,806084334850311	343,75	0,805037081241608	800	0,465344816446304	800	0,475686460733414	343,75	0,814766466617584	343,75	0,824611842632294	800	0,508375823497772	800	0,547895848751068	343,75	0,838191866874695	343,75	0,849084675312042	800	0,590515613555908	800	0,661161959171295	343,75	0,866122305393219	800	-0,306082278490067	343,75	-0,33314636349678	800	-0,361861437559128	343,75	-0,341092765331268	343,75	-0,357061922550201	800	-0,407046943902969	800	-0,481611013412476	343,75	-0,376965761184692	343,75	-0,365319460630417	800	-0,510126292705536	800	-0,587768495082855	343,75	-0,366757333278656	343,75	-0,356130868196487	800	-0,598827183246613	800	-0,600357413291931	343,75	-0,334721863269806	
803,125	0,474264025688171	346,875	0,78933984041214	803,125	0,485430896282196	346,875	0,806306183338165	346,875	0,805484771728516	803,125	0,465656161308289	803,125	0,477160722017288	346,875	0,815421462059021	346,875	0,825555086135864	803,125	0,510397851467133	803,125	0,545577764511108	346,875	0,838913857936859	346,875	0,850285470485687	803,125	0,59328430891037	803,125	0,664793372154236	346,875	0,867451429367065	803,125	-0,306586921215057	346,875	-0,340374320745468	803,125	-0,361642450094223	346,875	-0,342355132102966	346,875	-0,358411192893982	803,125	-0,406970947980881	803,125	-0,482747316360474	346,875	-0,378550320863724	346,875	-0,366889446973801	803,125	-0,511961162090302	803,125	-0,589399993419647	346,875	-0,36873385310173	346,875	-0,357970714569092	803,125	-0,600948989391327	803,125	-0,601440131664276	346,875	-0,33667403459549	
806,25	0,476279467344284	350	0,785962104797363	806,25	0,481573194265366	350	0,803349554538727	350	0,802451074123383	806,25	0,461337864398956	806,25	0,473156243562698	350	0,812425851821899	350	0,822927415370941	806,25	0,505448758602142	806,25	0,536359071731567	350	0,836494743824005	350	0,848160862922668	806,25	0,586052477359772	806,25	0,657043695449829	350	0,865873634815216	806,25	-0,307450294494629	350	-0,336169898509979	806,25	-0,362129479646683	350	-0,341235101222992	350	-0,357410609722137	806,25	-0,406824141740799	806,25	-0,482296377420425	350	-0,377937406301498	350	-0,366058260202408	806,25	-0,51155287027359	806,25	-0,590646266937256	350	-0,368098229169846	350	-0,357280313968658	806,25	-0,601122438907623	806,25	-0,603029251098633	350	-0,335897296667099	
809,375	0,474440097808838	353,125	0,780649781227112	809,375	0,475501358509064	353,125	0,803775191307068	353,125	0,802794933319092	809,375	0,454326182603836	809,375	0,466046154499054	353,125	0,812881290912628	353,125	0,823737919330597	809,375	0,49646782875061	809,375	0,52133846282959	353,125	0,837625861167908	353,125	0,849438905715942	809,375	0,574573159217834	809,375	0,645310044288635	353,125	0,867488265037537	809,375	-0,305319547653198	353,125	-0,338532418012619	809,375	-0,36335489153862	353,125	-0,343095123767853	353,125	-0,359381943941116	809,375	-0,408042222261429	809,375	-0,484358042478561	353,125	-0,380042016506195	353,125	-0,368208259344101	809,375	-0,513818085193634	809,375	-0,591841816902161	353,125	-0,370165586471558	353,125	-0,359603673219681	809,375	-0,605782091617584	809,375	-0,610372483730316	353,125	-0,338509261608124	
812,5	0,472253501415253	356,25	0,78346461057663	812,5	0,478328227996826	356,25	0,804778099060059	356,25	0,80381441116333	812,5	0,457818865776062	812,5	0,47151380777359	356,25	0,814088404178619	356,25	0,825395166873932	812,5	0,50198096036911	812,5	0,526004731655121	356,25	0,839570045471191	356,25	0,852008879184723	812,5	0,581151485443115	812,5	0,651758432388306	356,25	0,870602548122406	812,5	-0,302685976028442	356,25	-0,345695406198502	812,5	-0,359339088201523	356,25	-0,352028548717499	356,25	-0,368730187416077	812,5	-0,404447764158249	812,5	-0,481208562850952	356,25	-0,390184342861176	356,25	-0,378122121095657	812,5	-0,510301530361176	812,5	-0,587990522384644	356,25	-0,380226641893387	356,25	-0,369403898715973	812,5	-0,601754367351532	812,5	-0,605252742767334	356,25	-0,347767531871796	
815,625	0,470954895019531	359,375	0,784468293190002	815,625	0,478446781635284	359,375	0,798022389411926	359,375	0,796546518802643	815,625	0,457576245069504	815,625	0,473029047250748	359,375	0,806676626205444	359,375	0,818583071231842	815,625	0,503702640533447	815,625	0,525800168514252	359,375	0,833224236965179	359,375	0,846293210983276	815,625	0,583321630954742	815,625	0,654512763023376	359,375	0,865795195102692	815,625	-0,303270518779755	359,375	-0,342231929302216	815,625	-0,357984721660614	359,375	-0,360875099897385	359,375	-0,377895534038544	815,625	-0,403342455625534	815,625	-0,480503976345062	359,375	-0,400124788284302	359,375	-0,387980669736862	815,625	-0,510107755661011	815,625	-0,586022973060608	359,375	-0,390553712844849	359,375	-0,37962344288826	815,625	-0,601156651973724	815,625	-0,604064464569092	359,375	-0,357640534639359	
818,75	0,46952959895134	362,5	0,781023263931274	818,75	0,472485542297363	362,5	0,793705523014069	362,5	0,792099356651306	818,75	0,451242029666901	818,75	0,467304855585098	362,5	0,8022381067276	362,5	0,814374089241028	818,75	0,496337026357651	818,75	0,515222191810608	362,5	0,829393446445465	362,5	0,84249609708786	818,75	0,573327124118805	818,75	0,644412398338318	362,5	0,862397313117981	818,75	-0,301427662372589	362,5	-0,3507299721241	818,75	-0,358639538288116	362,5	-0,359324157238007	362,5	-0,376524060964584	818,75	-0,403579443693161	818,75	-0,481417804956436	362,5	-0,399104416370392	362,5	-0,386935532093048	818,75	-0,51152104139328	818,75	-0,585736811161041	362,5	-0,389372587203979	362,5	-0,378623574972153	818,75	-0,603949546813965	818,75	-0,609257161617279	362,5	-0,356306672096252	
821,875	0,472478628158569	365,625	0,773593723773956	821,875	0,471589684486389	365,625	0,785578608512878	365,625	0,784165978431702	821,875	0,450595527887344	821,875	0,468123733997345	365,625	0,794507682323456	365,625	0,806532442569733	821,875	0,496708780527115	821,875	0,513410329818726	365,625	0,820961356163025	365,625	0,834346115589142	821,875	0,572859406471252	821,875	0,644097924232483	365,625	0,853817880153656	821,875	-0,301792740821838	365,625	-0,355513989925385	821,875	-0,355881989002228	365,625	-0,355448871850967	365,625	-0,372449100017548	821,875	-0,400858908891678	821,875	-0,480265259742737	365,625	-0,394932925701141	365,625	-0,383098512887955	821,875	-0,509700059890747	821,875	-0,582771897315979	365,625	-0,385730743408203	365,625	-0,375438988208771	821,875	-0,602460324764252	821,875	-0,608143746852875	365,625	-0,354186415672302	
825	0,469561755657196	368,75	0,779385447502136	825	0,475250959396362	368,75	0,791857838630676	368,75	0,790459811687469	825	0,454639256000519	825	0,473757892847061	368,75	0,801059246063232	368,75	0,813753545284271	825	0,502626597881317	825	0,518709123134613	368,75	0,829103171825409	368,75	0,842818915843964	825	0,579995274543762	825	0,651958107948303	368,75	0,863245487213135	825	-0,297725558280945	368,75	-0,351381331682205	825	-0,352526098489761	368,75	-0,360707700252533	368,75	-0,378335207700729	825	-0,398345202207565	825	-0,47930982708931	368,75	-0,401766538619995	368,75	-0,389449536800385	825	-0,508263409137726	825	-0,580404043197632	368,75	-0,392301172018051	368,75	-0,381425350904465	825	-0,600955188274384	825	-0,605812668800354	368,75	-0,358980178833008	
828,125	0,469570904970169	371,875	0,769814133644104	828,125	0,471759229898453	371,875	0,800448298454285	371,875	0,798871994018555	828,125	0,451366156339645	828,125	0,471847832202911	371,875	0,809783220291138	371,875	0,823009192943573	828,125	0,500157952308655	828,125	0,513252377510071	371,875	0,838879704475403	371,875	0,85343736410141	828,125	0,57612806558609	828,125	0,648380041122437	371,875	0,874813914299011	828,125	-0,301046967506409	371,875	-0,357256591320038	828,125	-0,352922886610031	371,875	-0,369661659002304	371,875	-0,387722730636597	828,125	-0,398927599191666	828,125	-0,480775356292725	371,875	-0,412030637264252	371,875	-0,399448931217194	828,125	-0,510422348976135	828,125	-0,581054627895355	371,875	-0,403022527694702	371,875	-0,391235291957855	828,125	-0,603398084640503	828,125	-0,608600556850433	371,875	-0,368097335100174	
831,25	0,465811342000961	375	0,76378858089447	831,25	0,465400040149689	375	0,769249439239502	375	0,767193615436554	831,25	0,445101886987686	831,25	0,467103183269501	375	0,776692748069763	375	0,790001511573792	831,25	0,495201855897903	831,25	0,507489502429962	375	0,804837465286255	375	0,819503843784332	831,25	0,569361746311188	831,25	0,639731049537659	375	0,84162962436676	831,25	-0,300273060798645	375	-0,353325456380844	831,25	-0,345300644636154	375	-0,360547125339508	375	-0,377192884683609	831,25	-0,390140920877457	831,25	-0,473078042268753	375	-0,400698244571686	375	-0,389505803585052	831,25	-0,500554919242859	831,25	-0,568073332309723	375	-0,393848389387131	375	-0,383429348468781	831,25	-0,590088427066803	831,25	-0,593896150588989	375	-0,363289028406143	
834,375	0,463528364896774	378,125	0,765577256679535	834,375	0,461744099855423	378,125	0,771262586116791	378,125	0,769646286964417	834,375	0,439927011728287	834,375	0,463812381029129	378,125	0,7793949842453	378,125	0,792981684207916	834,375	0,489448636770248	834,375	0,49760428071022	378,125	0,8080033659935	378,125	0,823276042938232	834,375	0,558755278587341	834,375	0,629854679107666	378,125	0,844997227191925	834,375	-0,295802503824234	378,125	-0,359864592552185	834,375	-0,352691888809204	378,125	-0,368179559707642	378,125	-0,38549929857254	834,375	-0,397556990385056	834,375	-0,48138040304184	378,125	-0,409538358449936	378,125	-0,398138463497162	834,375	-0,510598123073578	834,375	-0,577940881252289	378,125	-0,401740193367004	378,125	-0,391949981451035	834,375	-0,602748036384583	834,375	-0,609506070613861	378,125	-0,371351361274719	
837,5	0,462483733892441	381,25	0,764660716056824	837,5	0,462061285972595	381,25	0,784106314182281	381,25	0,783011615276337	837,5	0,440552204847336	837,5	0,466766744852066	381,25	0,793924450874329	381,25	0,807617485523224	837,5	0,491133600473404	837,5	0,496960073709488	381,25	0,823153495788574	381,25	0,838554978370667	837,5	0,560236215591431	837,5	0,632430851459503	381,25	0,8597412109375	837,5	-0,29529020190239	381,25	-0,357065707445145	837,5	-0,353817820549011	381,25	-0,364194303750992	381,25	-0,382347345352173	837,5	-0,399464994668961	837,5	-0,48572188615799	381,25	-0,407268345355988	381,25	-0,394827634096146	837,5	-0,515902757644653	837,5	-0,582734048366547	381,25	-0,398187279701233	381,25	-0,387313723564148	837,5	-0,609125137329102	837,5	-0,617238700389862	381,25	-0,365110158920288	
840,625	0,464439243078232	384,375	0,757979512214661	840,625	0,461103081703186	384,375	0,76505434513092	384,375	0,763299107551575	840,625	0,439504235982895	840,625	0,467536062002182	384,375	0,773701190948486	384,375	0,787895679473877	840,625	0,491148293018341	840,625	0,494943052530289	384,375	0,803038358688354	384,375	0,818863809108734	840,625	0,55842798948288	840,625	0,630968511104584	384,375	0,84118527173996	840,625	-0,29422053694725	384,375	-0,358070611953735	840,625	-0,352980673313141	384,375	-0,365599721670151	384,375	-0,383248597383499	840,625	-0,398750603199005	840,625	-0,488900601863861	384,375	-0,407827019691467	384,375	-0,396319985389709	840,625	-0,518328309059143	840,625	-0,583139657974243	384,375	-0,400034427642822	384,375	-0,39006182551384	840,625	-0,611727058887482	840,625	-0,620583355426788	384,375	-0,369292765855789	
843,75	0,463222503662109	387,5	0,747792363166809	843,75	0,457915902137756	387,5	0,761606931686401	387,5	0,75930380821228	843,75	0,435900956392288	843,75	0,465708613395691	387,5	0,769162654876709	387,5	0,783997476100922	843,75	0,488176822662354	843,75	0,490251779556274	387,5	0,800296247005463	387,5	0,81633323431015	843,75	0,552702724933624	843,75	0,624994933605194	387,5	0,840159595012665	843,75	-0,295772612094879	387,5	-0,360429465770721	843,75	-0,35267385840416	387,5	-0,379988163709641	387,5	-0,398220181465149	843,75	-0,397893697023392	843,75	-0,491498678922653	387,5	-0,423690855503082	387,5	-0,412358105182648	843,75	-0,520128488540649	843,75	-0,582212626934052	387,5	-0,416615605354309	387,5	-0,406609684228897	843,75	-0,611781060695648	843,75	-0,621051251888275	387,5	-0,385321587324142	
846,875	0,459312528371811	390,625	0,744816899299622	846,875	0,458640217781067	390,625	0,763596534729004	390,625	0,760903120040894	846,875	0,436281383037567	846,875	0,468109279870987	390,625	0,770727694034576	390,625	0,786262035369873	846,875	0,490000933408737	846,875	0,490379512310028	390,625	0,802651524543762	390,625	0,819565713405609	846,875	0,553803741931915	846,875	0,626376807689667	390,625	0,844618201255798	846,875	-0,293400287628174	390,625	-0,358609437942505	846,875	-0,35336235165596	390,625	-0,386987000703812	390,625	-0,405642002820969	846,875	-0,398751556873322	846,875	-0,495059669017792	390,625	-0,432020097970963	390,625	-0,420475691556931	846,875	-0,523900091648102	846,875	-0,584708750247955	390,625	-0,425293862819672	390,625	-0,414981186389923	846,875	-0,615878224372864	846,875	-0,625892877578735	390,625	-0,393206983804703	
850	0,460328131914139	393,75	0,743295669555664	850	0,458279520273209	393,75	0,774125933647156	393,75	0,772646069526672	850	0,436003386974335	850	0,46982753276825	393,75	0,783927917480469	393,75	0,798891723155975	850	0,490573018789291	850	0,489552050828934	393,75	0,815548658370972	393,75	0,832062244415283	850	0,55349326133728	850	0,626702010631561	393,75	0,855516374111176	850	-0,293625593185425	393,75	-0,366042196750641	850	-0,353680342435837	393,75	-0,37420991063118	393,75	-0,393355846405029	850	-0,399616032838821	850	-0,501725494861603	393,75	-0,419343620538712	393,75	-0,407485604286194	850	-0,530101835727692	850	-0,587242305278778	393,75	-0,411461383104324	393,75	-0,400816708803177	850	-0,620455801486969	850	-0,630803287029266	393,75	-0,378420114517212	
853,125	0,462154418230057	396,875	0,746130287647247	853,125	0,458724141120911	396,875	0,772192180156708	396,875	0,770777583122253	853,125	0,43629202246666	853,125	0,472402215003967	396,875	0,78222930431366	396,875	0,797533869743347	853,125	0,491531878709793	853,125	0,490701079368591	396,875	0,814414501190186	396,875	0,831279814243317	853,125	0,554999768733978	853,125	0,629623770713806	396,875	0,854987859725952	853,125	-0,294225931167603	396,875	-0,364723265171051	853,125	-0,350937783718109	396,875	-0,373569041490555	396,875	-0,392926394939423	853,125	-0,397420287132263	853,125	-0,505065739154816	396,875	-0,419450342655182	396,875	-0,407519817352295	853,125	-0,532329559326172	853,125	-0,585668683052063	396,875	-0,411568403244019	396,875	-0,400939553976059	853,125	-0,619738876819611	853,125	-0,630535483360291	396,875	-0,378357231616974	
856,25	0,456891030073166	400	0,74731320142746	856,25	0,456212848424912	400	0,769512057304382	400	0,767925381660461	856,25	0,434193015098572	856,25	0,473486453294754	400	0,779428780078888	400	0,795087099075317	856,25	0,491071552038193	856,25	0,488887369632721	400	0,812413215637207	400	0,829636454582214	856,25	0,553981065750122	856,25	0,627729535102844	400	0,853740453720093	856,25	-0,292269706726074	400	-0,36440122127533	856,25	-0,345978975296021	400	-0,371962934732437	400	-0,391665190458298	856,25	-0,392209351062775	856,25	-0,504235446453094	400	-0,418690353631973	400	-0,406705439090729	856,25	-0,529539525508881	856,25	-0,57877391576767	400	-0,410442680120468	400	-0,400194406509399	856,25	-0,611793220043182	856,25	-0,621164977550507	400	-0,377184242010117	
859,375	0,455118626356125	403,125	0,739421546459198	859,375	0,451851695775986	403,125	0,767304599285126	403,125	0,765769243240356	859,375	0,429522395133972	859,375	0,467657387256622	403,125	0,777323424816132	403,125	0,793160974979401	859,375	0,484149932861328	859,375	0,483152359724045	403,125	0,810633301734924	403,125	0,828360319137573	859,375	0,547333240509033	859,375	0,620844602584839	403,125	0,853088140487671	859,375	-0,289807558059692	403,125	-0,361097246408463	859,375	-0,344800680875778	403,125	-0,372624069452286	403,125	-0,392636448144913	859,375	-0,390630841255188	859,375	-0,50964218378067	403,125	-0,420227974653244	403,125	-0,4081130027771	859,375	-0,532599031925201	859,375	-0,576692044734955	403,125	-0,412098228931427	403,125	-0,401897072792053	859,375	-0,610633730888367	859,375	-0,621221363544464	403,125	-0,378589510917664	
862,5	0,454490631818771	406,25	0,734796941280365	862,5	0,450671255588531	406,25	0,755991339683533	406,25	0,754723489284515	862,5	0,427778482437134	862,5	0,465210676193237	406,25	0,766334354877472	406,25	0,782184302806854	862,5	0,480596393346787	862,5	0,480735391378403	406,25	0,799173295497894	406,25	0,816896259784698	862,5	0,544460594654083	862,5	0,618283987045288	406,25	0,841717123985291	862,5	-0,287747651338577	406,25	-0,366208046674728	862,5	-0,345563679933548	406,25	-0,377553552389145	406,25	-0,397350132465363	862,5	-0,392081290483475	862,5	-0,519057989120483	406,25	-0,424634844064713	406,25	-0,413155764341354	862,5	-0,540414392948151	862,5	-0,57957798242569	406,25	-0,417588979005814	406,25	-0,407391965389252	862,5	-0,61534970998764	862,5	-0,62715095281601	406,25	-0,385189235210419	
865,625	0,451557517051697	409,375	0,731243848800659	865,625	0,450131207704544	409,375	0,741045653820038	409,375	0,738653421401978	865,625	0,427494496107101	865,625	0,463370621204376	409,375	0,748942077159882	409,375	0,765511095523834	865,625	0,477874606847763	865,625	0,479904055595398	409,375	0,782607197761536	409,375	0,801053822040558	865,625	0,54372102022171	865,625	0,617974936962128	409,375	0,827650487422943	865,625	-0,283440351486206	409,375	-0,374557912349701	865,625	-0,34506818652153	409,375	-0,383721858263016	409,375	-0,403115510940552	865,625	-0,39173948764801	865,625	-0,526781320571899	409,375	-0,430610477924347	409,375	-0,420025050640106	865,625	-0,545392513275146	865,625	-0,580549836158752	409,375	-0,425503462553024	409,375	-0,415747493505478	865,625	-0,617500722408295	865,625	-0,629462957382202	409,375	-0,395336747169495	
868,75	0,451996147632599	412,5	0,724539637565613	868,75	0,449780851602554	412,5	0,734827160835266	412,5	0,732394337654114	868,75	0,427115499973297	868,75	0,461233675479889	412,5	0,742043316364288	412,5	0,759188711643219	868,75	0,474796563386917	868,75	0,478974133729935	412,5	0,775742292404175	412,5	0,795514225959778	868,75	0,543050050735474	868,75	0,61781120300293	412,5	0,823208570480347	868,75	-0,286346346139908	412,5	-0,372548013925552	868,75	-0,344998478889465	412,5	-0,392825156450272	412,5	-0,412067979574203	868,75	-0,391762614250183	868,75	-0,534549951553345	412,5	-0,44036328792572	412,5	-0,430018454790115	868,75	-0,550058484077454	868,75	-0,582123100757599	412,5	-0,435584187507629	412,5	-0,426836133003235	868,75	-0,62010133266449	868,75	-0,632366478443146	412,5	-0,407174348831177	
871,875	0,452286839485168	415,625	0,725045800209045	871,875	0,447219282388687	415,625	0,748379588127136	415,625	0,745881199836731	871,875	0,424225389957428	871,875	0,452989250421524	415,625	0,75636625289917	415,625	0,774019539356232	871,875	0,466170877218246	871,875	0,474669069051743	415,625	0,791493237018585	415,625	0,811846077442169	871,875	0,538094758987427	871,875	0,613143742084503	415,625	0,840229451656342	871,875	-0,286744087934494	415,625	-0,36946576833725	871,875	-0,34555321931839	415,625	-0,394629627466202	415,625	-0,414704442024231	871,875	-0,392126113176346	871,875	-0,545647263526917	415,625	-0,444326430559158	415,625	-0,433188825845718	871,875	-0,55659693479538	871,875	-0,584066092967987	415,625	-0,439080208539963	415,625	-0,429464042186737	871,875	-0,622649788856506	871,875	-0,635997235774994	415,625	-0,408594399690628	
875	0,448685735464096	418,75	0,71740847826004	875	0,444741666316986	418,75	0,735305964946747	418,75	0,732922613620758	875	0,421602040529251	875	0,441656470298767	418,75	0,742968559265137	418,75	0,760652005672455	875	0,457994401454926	875	0,472093433141708	418,75	0,777789115905762	418,75	0,798135817050934	875	0,534618616104126	875	0,60954350233078	418,75	0,826370358467102	875	-0,284401774406433	418,75	-0,37014240026474	875	-0,343084394931793	418,75	-0,391742467880249	418,75	-0,411342680454254	875	-0,389482438564301	875	-0,546846807003021	418,75	-0,440387725830078	418,75	-0,429916888475418	875	-0,554463446140289	875	-0,581782877445221	418,75	-0,436084002256393	418,75	-0,427179276943207	875	-0,620421707630157	875	-0,633762061595917	418,75	-0,407936066389084	
878,125	0,448215514421463	421,875	0,724455595016479	878,125	0,4438117146492	421,875	0,733272671699524	421,875	0,73007720708847	878,125	0,420604437589645	878,125	0,433566987514496	421,875	0,739567935466766	421,875	0,758175611495972	878,125	0,451893210411072	878,125	0,471064746379852	421,875	0,775940895080566	421,875	0,796852648258209	878,125	0,533063173294067	878,125	0,608470618724823	421,875	0,827071189880371	878,125	-0,285295486450195	421,875	-0,373747318983078	878,125	-0,343074470758438	421,875	-0,402718394994736	421,875	-0,422603935003281	878,125	-0,389855265617371	878,125	-0,556086957454681	421,875	-0,452539503574371	421,875	-0,442278385162354	878,125	-0,558850705623627	878,125	-0,584141433238983	421,875	-0,448828458786011	421,875	-0,440510451793671	878,125	-0,623239934444427	878,125	-0,636776268482208	421,875	-0,421704262495041	
881,25	0,448665052652359	425	0,723221659660339	881,25	0,440734386444092	425	0,732796728610992	425	0,730095863342285	881,25	0,417631894350052	881,25	0,419817715883255	425	0,740242063999176	425	0,758760392665863	881,25	0,441881060600281	881,25	0,466689079999924	425	0,776897549629211	425	0,797500491142273	881,25	0,527934074401855	881,25	0,603061139583588	425	0,827021181583405	881,25	-0,28405499458313	425	-0,380879670381546	881,25	-0,342169433832169	425	-0,397812843322754	425	-0,41818630695343	881,25	-0,389025449752808	881,25	-0,558454930782318	425	-0,448655337095261	425	-0,437890857458115	881,25	-0,558809518814087	881,25	-0,58448737859726	425	-0,444162666797638	425	-0,435348957777023	881,25	-0,623493552207947	881,25	-0,637861847877502	425	-0,416337639093399	
884,375	0,44768700003624	428,125	0,72502076625824	884,375	0,440464466810226	428,125	0,736869692802429	428,125	0,735545337200165	884,375	0,41693526506424	884,375	0,409247636795044	428,125	0,747140288352966	428,125	0,764978229999542	884,375	0,436406284570694	884,375	0,466415673494339	428,125	0,78340083360672	428,125	0,803604185581207	884,375	0,527339935302734	884,375	0,602964341640472	428,125	0,831224262714386	884,375	-0,284738093614578	428,125	-0,379986345767975	884,375	-0,340565174818039	428,125	-0,383776515722275	428,125	-0,404810667037964	884,375	-0,38758784532547	884,375	-0,559759914875031	428,125	-0,434991061687469	428,125	-0,423969924449921	884,375	-0,558204233646393	884,375	-0,585230469703674	428,125	-0,429371267557144	428,125	-0,419880092144012	884,375	-0,62388288974762	884,375	-0,638765394687653	428,125	-0,399975538253784	
887,5	0,445478469133377	431,25	0,717174470424652	887,5	0,437855839729309	431,25	0,730772852897644	431,25	0,728101670742035	887,5	0,414531230926514	887,5	0,39838045835495	431,25	0,738807916641235	431,25	0,757730424404144	887,5	0,430314004421234	887,5	0,463109880685806	431,25	0,776443958282471	431,25	0,798115253448486	887,5	0,523861289024353	887,5	0,599888622760773	431,25	0,827571034431458	887,5	-0,281433194875717	431,25	-0,383421093225479	887,5	-0,337228685617447	431,25	-0,400876045227051	431,25	-0,422111719846725	887,5	-0,384527564048767	887,5	-0,5539231300354	431,25	-0,453104913234711	431,25	-0,44270595908165	887,5	-0,551929533481598	887,5	-0,582153856754303	431,25	-0,449525564908981	431,25	-0,440560162067413	887,5	-0,62048614025116	887,5	-0,63586163520813	431,25	-0,421366751194	
890,625	0,442480236291885	434,375	0,717759966850281	890,625	0,435676127672195	434,375	0,729921996593475	434,375	0,727220356464386	890,625	0,412553757429123	890,625	0,386612057685852	434,375	0,738200068473816	434,375	0,757396638393402	890,625	0,422821372747421	890,625	0,459822416305542	434,375	0,776253819465637	434,375	0,797999799251556	890,625	0,520458221435547	890,625	0,596530377864838	434,375	0,827544748783112	890,625	-0,278425604104996	434,375	-0,377101808786392	890,625	-0,338020622730255	434,375	-0,396086484193802	434,375	-0,417310953140259	890,625	-0,385249257087708	890,625	-0,556388556957245	434,375	-0,448741525411606	434,375	-0,438082128763199	890,625	-0,552784442901611	890,625	-0,585143268108368	434,375	-0,444876164197922	434,375	-0,435876160860062	890,625	-0,623567223548889	890,625	-0,639244675636292	434,375	-0,416506588459015	
893,75	0,440936118364334	437,5	0,718304097652435	893,75	0,436590224504471	437,5	0,728762984275818	437,5	0,726041197776794	893,75	0,413026571273804	893,75	0,376990526914597	437,5	0,736933767795563	437,5	0,756547033786774	893,75	0,418230891227722	893,75	0,459357559680939	437,5	0,775738954544067	437,5	0,79797625541687	893,75	0,520458996295929	893,75	0,59721714258194	437,5	0,828153431415558	893,75	-0,27917093038559	437,5	-0,384320288896561	893,75	-0,340705007314682	437,5	-0,395788669586182	437,5	-0,417293548583984	893,75	-0,387882739305496	893,75	-0,561060667037964	437,5	-0,449502855539322	437,5	-0,438714981079102	893,75	-0,557724893093109	893,75	-0,592538297176361	437,5	-0,445722252130508	437,5	-0,436554074287415	893,75	-0,630300581455231	893,75	-0,647477805614471	437,5	-0,416979253292084	
896,875	0,441031396389008	440,625	0,723041772842407	896,875	0,433789700269699	440,625	0,725744903087616	440,625	0,723043262958527	896,875	0,410028666257858	896,875	0,365150690078735	440,625	0,734141111373901	440,625	0,753806829452515	896,875	0,410740315914154	896,875	0,454123497009277	440,625	0,773234248161316	440,625	0,795387446880341	896,875	0,515973806381226	896,875	0,593144834041595	440,625	0,825117409229279	896,875	-0,277963936328888	440,625	-0,397196471691132	896,875	-0,339476644992828	440,625	-0,393291264772415	440,625	-0,415033906698227	896,875	-0,38690510392189	896,875	-0,555215835571289	440,625	-0,447327554225922	440,625	-0,436648339033127	896,875	-0,55415266752243	896,875	-0,593155205249786	440,625	-0,443396359682083	440,625	-0,43448194861412	896,875	-0,630226612091064	896,875	-0,64769583940506	440,625	-0,41481825709343	
900	0,439250409603119	443,75	0,708954513072968	900	0,433977872133255	443,75	0,718930900096893	443,75	0,715930163860321	900	0,410059362649918	900	0,361745297908783	443,75	0,726370513439178	443,75	0,746588051319122	900	0,410074681043625	900	0,45386728644371	443,75	0,76575493812561	443,75	0,788754463195801	900	0,516688466072083	900	0,593838810920715	443,75	0,819376349449158	900	-0,276517301797867	443,75	-0,389050751924515	900	-0,336904734373093	443,75	-0,399933665990829	443,75	-0,421849519014359	900	-0,384741634130478	900	-0,549333155155182	443,75	-0,454637259244919	443,75	-0,444470196962357	900	-0,550401270389557	900	-0,592363715171814	443,75	-0,451248943805695	443,75	-0,443617582321167	900	-0,629312694072723	900	-0,64714390039444	443,75	-0,424654453992844	
903,125	0,440371096134186	446,875	0,704321920871735	903,125	0,430911481380463	446,875	0,71539568901062	446,875	0,712947368621826	903,125	0,407442331314087	903,125	0,353082299232483	446,875	0,723741233348846	446,875	0,744084298610687	903,125	0,404650270938873	903,125	0,448311358690262	446,875	0,763385534286499	446,875	0,786579072475433	903,125	0,512935996055603	903,125	0,589408695697784	446,875	0,816720128059387	903,125	-0,275146692991257	446,875	-0,382817983627319	903,125	-0,33525162935257	446,875	-0,396937102079391	446,875	-0,419007688760757	903,125	-0,38287353515625	903,125	-0,541786730289459	446,875	-0,45195472240448	446,875	-0,441858261823654	903,125	-0,545843541622162	903,125	-0,591835498809814	446,875	-0,448736697435379	446,875	-0,440737217664719	903,125	-0,628489017486572	903,125	-0,646710634231567	446,875	-0,422014743089676	
906,25	0,438643425703049	450	0,699123322963715	906,25	0,43027451634407	450	0,725456476211548	450	0,7229323387146	906,25	0,406593233346939	906,25	0,349009484052658	450	0,734285652637482	450	0,755247175693512	906,25	0,401716113090515	906,25	0,444704562425613	450	0,775431036949158	450	0,799319267272949	906,25	0,510752260684967	906,25	0,587648034095764	450	0,830279111862183	906,25	-0,274673461914063	450	-0,382397145032883	906,25	-0,334629118442535	450	-0,398205786943436	450	-0,421076983213425	906,25	-0,382454514503479	906,25	-0,536144137382507	450	-0,455030709505081	450	-0,444620221853256	906,25	-0,543558239936829	906,25	-0,592665195465088	450	-0,45197257399559	450	-0,443163961172104	906,25	-0,630063235759735	906,25	-0,649199485778809	450	-0,423597931861877	
909,375	0,436774909496307	453,125	0,69645881652832	909,375	0,43127778172493	453,125	0,723374545574188	453,125	0,720491647720337	909,375	0,407330602407455	909,375	0,34519225358963	453,125	0,731859683990479	453,125	0,753150403499603	909,375	0,400035381317139	909,375	0,443817496299744	453,125	0,773801207542419	453,125	0,798119843006134	909,375	0,511494815349579	909,375	0,588772177696228	453,125	0,830001711845398	909,375	-0,274898320436478	453,125	-0,383589804172516	909,375	-0,335031270980835	453,125	-0,398741453886032	453,125	-0,421947509050369	909,375	-0,383696168661118	909,375	-0,535301148891449	453,125	-0,456519693136215	453,125	-0,446234107017517	909,375	-0,544931650161743	909,375	-0,596603512763977	453,125	-0,454012483358383	453,125	-0,445349395275116	909,375	-0,634359359741211	909,375	-0,653731167316437	453,125	-0,42541778087616	
912,5	0,436293035745621	456,25	0,69619882106781	912,5	0,4285609126091	456,25	0,725913465023041	456,25	0,722887992858887	912,5	0,404420256614685	912,5	0,337405264377594	456,25	0,73418128490448	456,25	0,75614196062088	912,5	0,394278407096863	912,5	0,437474459409714	456,25	0,777468085289001	456,25	0,8023801445961	912,5	0,506135106086731	912,5	0,583248376846313	456,25	0,835295557975769	912,5	-0,273924469947815	456,25	-0,38686603307724	912,5	-0,336443483829498	456,25	-0,402927160263062	456,25	-0,426385283470154	912,5	-0,385243475437164	912,5	-0,532701909542084	456,25	-0,462172031402588	456,25	-0,451756626367569	912,5	-0,544865906238556	912,5	-0,599410235881805	456,25	-0,459821939468384	456,25	-0,451116025447845	912,5	-0,63731461763382	912,5	-0,657654643058777	456,25	-0,430586069822311	
915,625	0,435597121715546	459,375	0,696905970573425	915,625	0,426629662513733	459,375	0,715497851371765	459,375	0,712076008319855	915,625	0,40272381901741	915,625	0,33381649851799	459,375	0,723061501979828	459,375	0,745051860809326	915,625	0,391216307878494	915,625	0,433046728372574	459,375	0,766008675098419	459,375	0,791236460208893	915,625	0,502856969833374	915,625	0,580110371112823	459,375	0,824007868766785	915,625	-0,273992598056793	459,375	-0,386031299829483	915,625	-0,335503071546555	459,375	-0,407047510147095	459,375	-0,430174231529236	915,625	-0,38338366150856	915,625	-0,526053965091705	459,375	-0,466053068637848	459,375	-0,45637521147728	915,625	-0,541248857975006	915,625	-0,598116278648376	459,375	-0,464470624923706	459,375	-0,456855416297913	915,625	-0,637155771255493	915,625	-0,658362507820129	459,375	-0,437460243701935	
918,75	0,435746848583221	462,5	0,692396759986877	918,75	0,425198584794998	462,5	0,706225216388702	462,5	0,702698707580566	918,75	0,40139040350914	918,75	0,331861883401871	462,5	0,712986290454865	462,5	0,735036075115204	918,75	0,389486193656921	918,75	0,429939270019531	462,5	0,755581557750702	462,5	0,781316459178925	918,75	0,500170707702637	918,75	0,57752788066864	462,5	0,814151525497437	918,75	-0,272340387105942	462,5	-0,391228288412094	918,75	-0,33319503068924	462,5	-0,414073139429092	462,5	-0,437133848667145	918,75	-0,381302535533905	918,75	-0,520329833030701	462,5	-0,472768843173981	462,5	-0,463757514953613	918,75	-0,537646591663361	918,75	-0,595176696777344	462,5	-0,47298726439476	462,5	-0,465561598539352	918,75	-0,635235011577606	918,75	-0,656840026378632	462,5	-0,447459667921066	
921,875	0,43411311507225	465,625	0,686808526515961	921,875	0,423518478870392	465,625	0,705818772315979	465,625	0,702145397663116	921,875	0,399825483560562	921,875	0,329209208488464	465,625	0,712298572063446	465,625	0,735066175460815	921,875	0,38744729757309	921,875	0,426615744829178	465,625	0,755639374256134	465,625	0,781961560249329	921,875	0,497695028781891	921,875	0,575295805931091	465,625	0,815501093864441	921,875	-0,272844851016998	465,625	-0,391047179698944	921,875	-0,329906344413757	465,625	-0,41596457362175	465,625	-0,4392911195755	921,875	-0,378620892763138	921,875	-0,513538360595703	465,625	-0,475473016500473	465,625	-0,466527491807938	921,875	-0,533455967903137	921,875	-0,592060744762421	465,625	-0,475853145122528	465,625	-0,468649655580521	921,875	-0,633578240871429	921,875	-0,655500471591949	465,625	-0,450730353593826	
925	0,432737052440643	468,75	0,67976438999176	925	0,422496825456619	468,75	0,704475879669189	468,75	0,70077508687973	925	0,399127215147018	925	0,32734027504921	468,75	0,710946142673492	468,75	0,733932256698608	925	0,385667204856873	925	0,424488544464111	468,75	0,755162954330444	468,75	0,781439006328583	925	0,496168494224548	925	0,574028849601746	468,75	0,815198481082916	925	-0,271836489439011	468,75	-0,39101842045784	925	-0,329029411077499	468,75	-0,413933008909225	468,75	-0,437454998493195	925	-0,377995222806931	925	-0,510386168956757	468,75	-0,473899602890015	468,75	-0,465135872364044	925	-0,532258272171021	925	-0,592260420322418	468,75	-0,474680483341217	468,75	-0,467491447925568	925	-0,634823739528656	925	-0,656866908073425	468,75	-0,44950258731842	
928,125	0,431411623954773	471,875	0,679170310497284	928,125	0,42401385307312	471,875	0,693921983242035	471,875	0,689998865127563	928,125	0,400855869054794	928,125	0,327460467815399	471,875	0,69957035779953	471,875	0,722937643527985	928,125	0,386496245861053	928,125	0,425108760595322	471,875	0,744029939174652	471,875	0,770820736885071	928,125	0,498199731111526	928,125	0,576201915740967	471,875	0,804778218269348	928,125	-0,269931733608246	471,875	-0,393517673015594	928,125	-0,329026103019714	471,875	-0,423676043748856	471,875	-0,447266489267349	928,125	-0,378565400838852	928,125	-0,509669065475464	471,875	-0,484034419059753	471,875	-0,475960254669189	928,125	-0,532834708690643	928,125	-0,594167530536652	471,875	-0,486146748065948	471,875	-0,479725629091263	928,125	-0,637445986270905	928,125	-0,659927904605865	471,875	-0,462452113628387	
931,25	0,431192010641098	475	0,675377428531647	931,25	0,418900012969971	475	0,690690219402313	475	0,686612725257874	931,25	0,395911902189255	931,25	0,320702642202377	475	0,696441769599915	475	0,720080971717834	931,25	0,379070401191711	931,25	0,416265308856964	475	0,741159439086914	475	0,768125116825104	931,25	0,490023761987686	931,25	0,567699790000916	475	0,802322864532471	931,25	-0,269278436899185	475	-0,393766671419144	931,25	-0,328912675380707	475	-0,42120173573494	475	-0,444837987422943	931,25	-0,378798574209213	931,25	-0,504906117916107	475	-0,482094615697861	475	-0,474194765090942	931,25	-0,53141188621521	931,25	-0,592849493026733	475	-0,484309017658234	475	-0,477841109037399	931,25	-0,638603746891022	931,25	-0,662137925624847	475	-0,460785567760468	
934,375	0,43031033873558	478,125	0,672396183013916	934,375	0,418940156698227	478,125	0,689542353153229	478,125	0,685822486877441	934,375	0,39587014913559	934,375	0,320363879203796	478,125	0,696313679218292	478,125	0,720035493373871	934,375	0,37838277220726	934,375	0,414953231811523	478,125	0,741349995136261	478,125	0,768401086330414	934,375	0,488758385181427	934,375	0,566861212253571	478,125	0,802152872085571	934,375	-0,267611891031265	478,125	-0,393128752708435	934,375	-0,32788360118866	478,125	-0,411921471357346	478,125	-0,436031401157379	934,375	-0,377550184726715	934,375	-0,502101361751556	478,125	-0,473551243543625	478,125	-0,465262174606323	934,375	-0,529993951320648	934,375	-0,592241764068604	478,125	-0,475104779005051	478,125	-0,468386471271515	934,375	-0,638949453830719	934,375	-0,663419544696808	478,125	-0,450612753629684	
937,5	0,429177343845367	481,25	0,669617831707001	937,5	0,417224109172821	481,25	0,695087313652039	481,25	0,691655874252319	937,5	0,394032955169678	937,5	0,318133741617203	481,25	0,702164590358734	481,25	0,726220488548279	937,5	0,375802606344223	937,5	0,411703824996948	481,25	0,748258769512177	481,25	0,776062428951263	937,5	0,485585570335388	937,5	0,564124286174774	481,25	0,810725927352905	937,5	-0,266848981380463	481,25	-0,396158397197723	937,5	-0,327307373285294	481,25	-0,413427025079727	481,25	-0,438046544790268	937,5	-0,376653373241425	937,5	-0,498880714178085	481,25	-0,476238310337067	481,25	-0,467582017183304	937,5	-0,528473496437073	937,5	-0,591636598110199	481,25	-0,477704912424088	481,25	-0,47102165222168	937,5	-0,639293372631073	937,5	-0,663891017436981	481,25	-0,452832609415054	
940,625	0,429675906896591	484,375	0,669344305992126	940,625	0,416839778423309	484,375	0,684403777122498	484,375	0,680426597595215	940,625	0,39361983537674	940,625	0,317215949296951	484,375	0,69056499004364	484,375	0,714729189872742	940,625	0,374921143054962	940,625	0,410671830177307	484,375	0,736341655254364	484,375	0,764733970165253	940,625	0,484802722930908	940,625	0,563372552394867	484,375	0,799847424030304	940,625	-0,265461295843124	484,375	-0,397225767374039	940,625	-0,326051443815231	484,375	-0,418524324893951	484,375	-0,442797869443893	940,625	-0,375884979963303	940,625	-0,49631941318512	484,375	-0,481500744819641	484,375	-0,473435968160629	940,625	-0,527206420898438	940,625	-0,591002285480499	484,375	-0,484169691801071	484,375	-0,478346645832062	940,625	-0,639747142791748	940,625	-0,664112508296967	484,375	-0,460741400718689	
943,75	0,427937895059586	487,5	0,66378515958786	943,75	0,414565145969391	487,5	0,684192180633545	487,5	0,680329084396362	943,75	0,391792505979538	943,75	0,313323557376862	487,5	0,690859913825989	487,5	0,715113282203674	943,75	0,370502591133118	943,75	0,40509170293808	487,5	0,737178146839142	487,5	0,765788197517395	943,75	0,480049699544907	943,75	0,55872368812561	487,5	0,800777733325958	943,75	-0,266114950180054	487,5	-0,396426200866699	943,75	-0,326814442873001	487,5	-0,414337277412415	487,5	-0,438884288072586	943,75	-0,377466231584549	943,75	-0,49505278468132	487,5	-0,477854818105698	487,5	-0,469884604215622	943,75	-0,52842515707016	943,75	-0,593385100364685	487,5	-0,480586409568787	487,5	-0,474623173475266	943,75	-0,643552541732788	943,75	-0,669161558151245	487,5	-0,456869035959244	
946,875	0,42791759967804	490,625	0,661677420139313	946,875	0,413413107395172	490,625	0,680186450481415	490,625	0,676248073577881	946,875	0,390975922346115	946,875	0,31175222992897	490,625	0,686449825763702	490,625	0,711097002029419	946,875	0,368486344814301	946,875	0,403055340051651	490,625	0,73316901922226	490,625	0,762237131595612	946,875	0,478703230619431	946,875	0,557681560516357	490,625	0,797577142715454	946,875	-0,264641433954239	490,625	-0,401358008384705	946,875	-0,325783252716064	490,625	-0,417252659797668	490,625	-0,442057639360428	946,875	-0,376676023006439	946,875	-0,49273943901062	490,625	-0,481456905603409	490,625	-0,473901331424713	946,875	-0,527150571346283	946,875	-0,593061208724976	490,625	-0,484765112400055	490,625	-0,479208916425705	946,875	-0,64367151260376	946,875	-0,669699132442474	490,625	-0,461809128522873	
950	0,426259607076645	493,75	0,659292876720428	950	0,412405699491501	493,75	0,67406690120697	493,75	0,670044779777527	950	0,390249758958817	950	0,311002612113953	493,75	0,679803192615509	493,75	0,704812705516815	950	0,367016941308975	950	0,400982797145844	493,75	0,726981163024902	493,75	0,756113231182098	950	0,47668132185936	950	0,555681049823761	493,75	0,791698157787323	950	-0,262929767370224	493,75	-0,400542467832565	950	-0,323876351118088	493,75	-0,417257964611053	493,75	-0,442117810249329	950	-0,375067412853241	950	-0,489529937505722	493,75	-0,481630325317383	493,75	-0,474360525608063	950	-0,524986922740936	950	-0,591325700283051	493,75	-0,485442817211151	493,75	-0,480242848396301	950	-0,643083274364471	950	-0,669861137866974	493,75	-0,463221549987793	
953,125	0,426372289657593	496,875	0,657338798046112	953,125	0,412238299846649	496,875	0,672262191772461	496,875	0,667959153652191	953,125	0,390381932258606	953,125	0,310422629117966	496,875	0,677692115306854	496,875	0,703036844730377	953,125	0,366574496030808	953,125	0,400335788726807	496,875	0,725756406784058	496,875	0,755018651485443	953,125	0,476676017045975	953,125	0,555860817432404	496,875	0,791529178619385	953,125	-0,262206226587296	496,875	-0,39892989397049	953,125	-0,322089731693268	496,875	-0,417770236730576	496,875	-0,442823886871338	953,125	-0,373684942722321	953,125	-0,486961185932159	496,875	-0,483003079891205	496,875	-0,475883692502975	953,125	-0,523337960243225	953,125	-0,590652525424957	496,875	-0,487135320901871	496,875	-0,482158839702606	953,125	-0,643352270126343	953,125	-0,670053780078888	496,875	-0,465125560760498	
956,25	0,425868093967438	500	0,656883358955383	956,25	0,410513609647751	500	0,674734652042389	500	0,669813990592957	956,25	0,38864141702652	956,25	0,30887895822525	500	0,679440915584564	500	0,70529842376709	956,25	0,364081591367722	956,25	0,396927058696747	500	0,728422522544861	500	0,758438289165497	956,25	0,472572952508926	956,25	0,551482558250427	500	0,796074390411377	956,25	-0,2612544298172	500	-0,402279108762741	956,25	-0,320986539125443	500	-0,424892902374268	500	-0,450127273797989	956,25	-0,372590363025665	956,25	-0,484166443347931	500	-0,491267800331116	500	-0,484440684318542	956,25	-0,521084547042847	956,25	-0,588781654834747	500	-0,496463656425476	500	-0,49171444773674	956,25	-0,642708003520966	956,25	-0,669658601284027	500	-0,475003629922867	
959,375	0,424635112285614	503,125	0,650217294692993	959,375	0,408549457788467	503,125	0,670735418796539	503,125	0,665819823741913	959,375	0,386545807123184	959,375	0,306554794311523	503,125	0,674929678440094	503,125	0,701099097728729	959,375	0,360755443572998	959,375	0,392502427101135	503,125	0,723897397518158	503,125	0,754710137844086	959,375	0,467947721481323	959,375	0,546541810035706	503,125	0,792149841785431	959,375	-0,260318249464035	503,125	-0,402838885784149	959,375	-0,320651113986969	503,125	-0,425903111696243	503,125	-0,451421678066254	959,375	-0,373090416193008	959,375	-0,482291877269745	503,125	-0,492761343717575	503,125	-0,486470252275467	959,375	-0,520355999469757	959,375	-0,588580191135406	503,125	-0,498732030391693	503,125	-0,494747549295425	959,375	-0,643808543682098	959,375	-0,671803057193756	503,125	-0,47835174202919	
962,5	0,424011588096619	506,25	0,649968922138214	962,5	0,407694518566132	506,25	0,669462919235229	506,25	0,664710879325867	962,5	0,386410504579544	962,5	0,304284393787384	506,25	0,673836588859558	506,25	0,700479328632355	962,5	0,358639627695084	962,5	0,390269875526428	506,25	0,723574876785278	506,25	0,754615366458893	962,5	0,466240376234055	962,5	0,545232534408569	506,25	0,792410373687744	962,5	-0,259703397750854	506,25	-0,399764090776443	962,5	-0,320755988359451	506,25	-0,425004869699478	506,25	-0,45082214474678	962,5	-0,373855203390121	962,5	-0,481665104627609	506,25	-0,492431104183197	506,25	-0,486246138811111	962,5	-0,521637618541718	962,5	-0,590299606323242	506,25	-0,498514950275421	506,25	-0,494787931442261	962,5	-0,646813452243805	962,5	-0,675426125526428	506,25	-0,478510230779648	
965,625	0,42327892780304	509,375	0,643841862678528	965,625	0,407018899917603	509,375	0,667154490947723	509,375	0,661885023117065	965,625	0,386177569627762	965,625	0,303050428628922	509,375	0,670874834060669	509,375	0,697770059108734	965,625	0,357211887836456	965,625	0,38810122013092	509,375	0,721225202083588	509,375	0,752653121948242	965,625	0,464284360408783	965,625	0,543619751930237	509,375	0,791094064712524	965,625	-0,258839875459671	509,375	-0,401408910751343	965,625	-0,319689512252808	509,375	-0,429597198963165	509,375	-0,455635756254196	965,625	-0,373064666986465	965,625	-0,479697704315186	509,375	-0,497953921556473	509,375	-0,492255508899689	965,625	-0,520439386367798	965,625	-0,589605510234833	509,375	-0,504865825176239	509,375	-0,501493394374847	965,625	-0,64699912071228	965,625	-0,675903081893921	509,375	-0,485460698604584	
968,75	0,422181040048599	512,5	0,638819754123688	968,75	0,407621294260025	512,5	0,659382402896881	512,5	0,653763890266418	968,75	0,386951416730881	968,75	0,303207486867905	512,5	0,662832796573639	512,5	0,689676463603973	968,75	0,357494056224823	968,75	0,388103127479553	512,5	0,713336706161499	512,5	0,744645655155182	968,75	0,464692831039429	968,75	0,544670164585114	512,5	0,783227384090424	968,75	-0,259506046772003	512,5	-0,402985006570816	968,75	-0,31908255815506	512,5	-0,429726809263229	512,5	-0,455857694149017	968,75	-0,37312063574791	968,75	-0,479105025529861	512,5	-0,498474627733231	512,5	-0,492862582206726	968,75	-0,520815849304199	968,75	-0,590473115444183	512,5	-0,505918025970459	512,5	-0,50262188911438	968,75	-0,648550689220428	968,75	-0,677805423736572	512,5	-0,486996561288834	
971,875	0,422338455915451	515,625	0,637668192386627	971,875	0,404906898736954	515,625	0,658720016479492	515,625	0,653698801994324	971,875	0,384256303310394	971,875	0,299842029809952	515,625	0,662727236747742	515,625	0,689775049686432	971,875	0,353006571531296	971,875	0,382751077413559	515,625	0,713548421859741	515,625	0,745401978492737	971,875	0,458601921796799	971,875	0,53850132226944	515,625	0,784305393695831	971,875	-0,257899254560471	515,625	-0,404479891061783	971,875	-0,318338394165039	515,625	-0,424449771642685	515,625	-0,451122134923935	971,875	-0,373298436403275	971,875	-0,476437002420425	515,625	-0,49397736787796	515,625	-0,48852750658989	971,875	-0,519197583198547	971,875	-0,589015185832977	515,625	-0,501624226570129	515,625	-0,498318582773209	971,875	-0,648740172386169	971,875	-0,678808867931366	515,625	-0,482402950525284	
975	0,42109352350235	518,75	0,636961221694946	975	0,40430736541748	518,75	0,656886577606201	518,75	0,65216863155365	975	0,384302645921707	975	0,299317806959152	518,75	0,661322891712189	518,75	0,688470900058746	975	0,352127581834793	975	0,381510615348816	518,75	0,712460994720459	518,75	0,744847357273102	975	0,457399994134903	975	0,537316858768463	518,75	0,783677339553833	975	-0,257474690675735	518,75	-0,404112875461578	975	-0,316895574331284	518,75	-0,422879785299301	518,75	-0,449610859155655	975	-0,372511386871338	975	-0,47444412112236	518,75	-0,492831587791443	518,75	-0,487521708011627	975	-0,517748177051544	975	-0,587793588638306	518,75	-0,500790059566498	518,75	-0,497334271669388	975	-0,647895514965057	975	-0,678493440151215	518,75	-0,481292068958282	
978,125	0,420221775770187	521,875	0,63707560300827	978,125	0,4034743309021	521,875	0,651592612266541	521,875	0,646120309829712	978,125	0,3839011490345	978,125	0,297926336526871	521,875	0,654684245586395	521,875	0,682450294494629	978,125	0,350405305624008	978,125	0,379300564527512	521,875	0,706311643123627	521,875	0,739244818687439	978,125	0,45534160733223	978,125	0,535373091697693	521,875	0,778685629367828	978,125	-0,255997776985168	521,875	-0,404875963926315	978,125	-0,315974056720734	521,875	-0,432058453559875	521,875	-0,458692044019699	978,125	-0,372442066669464	978,125	-0,472965568304062	521,875	-0,502627313137054	521,875	-0,497918874025345	978,125	-0,517143189907074	978,125	-0,587505578994751	521,875	-0,511822104454041	521,875	-0,509315729141235	978,125	-0,648352026939392	978,125	-0,679479658603668	521,875	-0,493974775075912	
981,25	0,419511616230011	525	0,634950578212738	981,25	0,401455342769623	525	0,647455453872681	525	0,641996145248413	981,25	0,382082730531693	981,25	0,295533239841461	525	0,65030562877655	525	0,678327620029449	981,25	0,347316116094589	981,25	0,375593096017838	525	0,702143549919128	525	0,735335469245911	981,25	0,451568752527237	981,25	0,53115701675415	525	0,77515572309494	981,25	-0,255240917205811	525	-0,40699902176857	981,25	-0,314918994903564	525	-0,430653154850006	525	-0,457310765981674	981,25	-0,372229427099228	981,25	-0,470571726560593	525	-0,501688420772552	525	-0,49702924489975	981,25	-0,515417158603668	981,25	-0,585986256599426	525	-0,511157214641571	525	-0,508929193019867	981,25	-0,647617280483246	981,25	-0,679349839687347	525	-0,493784725666046	
984,375	0,419677138328552	528,125	0,627614080905914	984,375	0,401403933763504	528,125	0,650769829750061	528,125	0,645398199558258	984,375	0,382830381393433	984,375	0,294543921947479	528,125	0,653803527355194	528,125	0,682344734668732	984,375	0,346005529165268	984,375	0,374113202095032	528,125	0,706661760807037	528,125	0,740485906600952	984,375	0,450338006019592	984,375	0,530325293540955	528,125	0,781035959720612	984,375	-0,25432363152504	528,125	-0,404237031936646	984,375	-0,314930647611618	528,125	-0,430881679058075	528,125	-0,458005607128143	984,375	-0,373336970806122	984,375	-0,470569759607315	528,125	-0,503188252449036	528,125	-0,498609006404877	984,375	-0,516580104827881	984,375	-0,587468028068542	528,125	-0,512878954410553	528,125	-0,510669827461243	984,375	-0,650216102600098	984,375	-0,682329058647156	528,125	-0,49543508887291	
987,5	0,418290853500366	531,25	0,622389197349548	987,5	0,400460004806519	531,25	0,64426451921463	531,25	0,638720273971558	987,5	0,382443249225616	987,5	0,293396979570389	531,25	0,646704733371735	531,25	0,675207853317261	987,5	0,343950778245926	987,5	0,37170547246933	531,25	0,699592113494873	531,25	0,73325103521347	987,5	0,447922170162201	987,5	0,52803373336792	531,25	0,774080157279968	987,5	-0,253665089607239	531,25	-0,400981277227402	987,5	-0,313771575689316	531,25	-0,431910246610641	531,25	-0,459212601184845	987,5	-0,373634964227676	987,5	-0,469202935695648	531,25	-0,504423499107361	531,25	-0,500742614269257	987,5	-0,516154110431671	987,5	-0,58714771270752	531,25	-0,515541791915894	531,25	-0,513469457626343	987,5	-0,650891661643982	987,5	-0,683572888374329	531,25	-0,499044507741928	
990,625	0,417710304260254	534,375	0,623354911804199	990,625	0,39965832233429	534,375	0,641349494457245	534,375	0,635562419891357	990,625	0,38202828168869	990,625	0,292558819055557	534,375	0,643837630748749	534,375	0,672386646270752	990,625	0,342412203550339	990,625	0,369998037815094	534,375	0,697589933872223	534,375	0,731312036514282	990,625	0,446194261312485	990,625	0,526181995868683	534,375	0,77217423915863	990,625	-0,252687126398087	534,375	-0,40680980682373	990,625	-0,31268498301506	534,375	-0,431644380092621	534,375	-0,459193885326386	990,625	-0,373639702796936	990,625	-0,467421412467957	534,375	-0,504951894283295	534,375	-0,50147420167923	990,625	-0,514812707901001	990,625	-0,586004316806793	534,375	-0,516202390193939	534,375	-0,514474272727966	990,625	-0,650481462478638	990,625	-0,683349311351776	534,375	-0,500240504741669	
993,75	0,41699343919754	537,5	0,622057795524597	993,75	0,398725152015686	537,5	0,638439059257507	537,5	0,632546305656433	993,75	0,381701111793518	993,75	0,290218144655228	537,5	0,640740811824799	537,5	0,669479846954346	993,75	0,339451938867569	993,75	0,366572260856628	537,5	0,694654285907745	537,5	0,729019224643707	993,75	0,442839622497559	993,75	0,523208677768707	537,5	0,770234644412994	993,75	-0,251981765031815	537,5	-0,407647520303726	993,75	-0,313871055841446	537,5	-0,433056592941284	537,5	-0,460670232772827	993,75	-0,376715779304504	993,75	-0,468189388513565	537,5	-0,506960988044739	537,5	-0,503538310527802	993,75	-0,516818821430206	993,75	-0,588232636451721	537,5	-0,518486440181732	537,5	-0,517219841480255	993,75	-0,654033124446869	993,75	-0,687819361686707	537,5	-0,502927184104919	
996,875	0,417183667421341	540,625	0,61601322889328	996,875	0,398151129484177	540,625	0,636861145496368	540,625	0,630599021911621	996,875	0,381556898355484	996,875	0,289606511592865	540,625	0,63840115070343	540,625	0,667284786701202	996,875	0,337861269712448	996,875	0,364851772785187	540,625	0,692591965198517	540,625	0,727351367473602	996,875	0,441411197185516	996,875	0,522052347660065	540,625	0,76924866437912	996,875	-0,252252012491226	540,625	-0,406682729721069	996,875	-0,312521636486053	540,625	-0,433950424194336	540,625	-0,461820691823959	996,875	-0,377097547054291	996,875	-0,466825187206268	540,625	-0,508649706840515	540,625	-0,505601227283478	996,875	-0,516093969345093	996,875	-0,587611079216003	540,625	-0,520993649959564	540,625	-0,520243108272552	996,875	-0,654268503189087	996,875	-0,688403606414795	540,625	-0,506252527236938	
1000	0,416915714740753	543,75	0,61388373374939	1000	0,397003442049026	543,75	0,635031282901764	543,75	0,628706097602844	1000	0,380667418241501	1000	0,287471830844879	543,75	0,636680781841278	543,75	0,665483117103577	1000	0,334510684013367	1000	0,361310243606567	543,75	0,691331326961517	543,75	0,726093411445618	1000	0,437756389379501	1000	0,518638849258423	543,75	0,768188059329987	1000	-0,251076281070709	543,75	-0,408691078424454	1000	-0,312634289264679	543,75	-0,429555207490921	543,75	-0,457909733057022	1000	-0,379563361406326	1000	-0,46669614315033	543,75	-0,504989326000214	543,75	-0,501937568187714	1000	-0,516509115695953	1000	-0,588306903839111	543,75	-0,517368495464325	543,75	-0,51689875125885	1000	-0,655942976474762	1000	-0,691200792789459	543,75	-0,502618193626404	
1003,125	0,415481597185135	546,875	0,613391876220703	1003,125	0,3966024518013	546,875	0,63080769777298	546,875	0,624283194541931	1003,125	0,380420386791229	1003,125	0,286752969026566	546,875	0,631490468978882	546,875	0,660869061946869	1003,125	0,33284318447113	1003,125	0,360000193119049	546,875	0,68693995475769	546,875	0,722219586372375	1003,125	0,436279624700546	1003,125	0,51714414358139	546,875	0,765199303627014	1003,125	-0,25004318356514	546,875	-0,410467833280563	1003,125	-0,310931354761124	546,875	-0,438179671764374	546,875	-0,466930687427521	1003,125	-0,379554599523544	1003,125	-0,46481055021286	546,875	-0,51465892791748	546,875	-0,512442648410797	1003,125	-0,514430224895477	1003,125	-0,586503803730011	546,875	-0,528437554836273	546,875	-0,528609156608582	1003,125	-0,654564023017883	1003,125	-0,690159857273102	546,875	-0,515122413635254	
1006,25	0,414984583854675	550	0,611090302467346	1006,25	0,395563393831253	550	0,628476202487946	550	0,621790826320648	1006,25	0,379667222499847	1006,25	0,285307168960571	550	0,628972172737122	550	0,658468663692474	1006,25	0,330320507287979	1006,25	0,357340067625046	550	0,684775054454803	550	0,720068693161011	1006,25	0,433952033519745	1006,25	0,51476114988327	550	0,76321941614151	1006,25	-0,249096021056175	550	-0,405961394309998	1006,25	-0,310011774301529	550	-0,435705244541168	550	-0,464467018842697	1006,25	-0,381082236766815	1006,25	-0,463747918605804	550	-0,512482404708862	550	-0,5102698802948	1006,25	-0,513665378093719	1006,25	-0,586095094680786	550	-0,526652872562408	550	-0,526584386825562	1006,25	-0,654963850975037	1006,25	-0,690955758094788	550	-0,513329744338989	
1009,375	0,4142145216465	553,125	0,605575680732727	1009,375	0,394144982099533	553,125	0,623698949813843	553,125	0,616744577884674	1009,375	0,378163903951645	1009,375	0,282992720603943	553,125	0,623625516891479	553,125	0,653125524520874	1009,375	0,326931804418564	1009,375	0,353763669729233	553,125	0,679485023021698	553,125	0,714967608451843	1009,375	0,430273205041885	1009,375	0,511059939861298	553,125	0,758160531520844	1009,375	-0,248882412910461	553,125	-0,409525185823441	1009,375	-0,309806972742081	553,125	-0,436206310987473	553,125	-0,465021699666977	1009,375	-0,38411957025528	1009,375	-0,463423728942871	553,125	-0,513277471065521	553,125	-0,511235415935516	1009,375	-0,513310015201569	1009,375	-0,586047410964966	553,125	-0,52807480096817	553,125	-0,528150677680969	1009,375	-0,656102776527405	1009,375	-0,692585527896881	553,125	-0,515381813049316	
1012,5	0,414987415075302	556,25	0,602679431438446	1012,5	0,394146740436554	556,25	0,623239517211914	556,25	0,616209387779236	1012,5	0,378271996974945	1012,5	0,282553285360336	556,25	0,622927367687225	556,25	0,652746856212616	1012,5	0,325894474983215	1012,5	0,353056579828262	556,25	0,679569780826569	556,25	0,71557605266571	1012,5	0,429476022720337	1012,5	0,510367274284363	556,25	0,75943386554718	1012,5	-0,247986450791359	556,25	-0,407701522111893	1012,5	-0,308679163455963	556,25	-0,437987178564072	556,25	-0,467083424329758	1012,5	-0,385689198970795	1012,5	-0,462676793336868	556,25	-0,516093671321869	556,25	-0,514181196689606	1012,5	-0,511828601360321	1012,5	-0,585169553756714	556,25	-0,531412184238434	556,25	-0,531448304653168	1012,5	-0,655866920948029	1012,5	-0,692716300487518	556,25	-0,518848657608032	
1015,625	0,414289444684982	559,375	0,598880767822266	1015,625	0,394351601600647	559,375	0,61727249622345	559,375	0,609879076480865	1015,625	0,378889083862305	1015,625	0,281781226396561	559,375	0,616383373737335	559,375	0,646426558494568	1015,625	0,324099391698837	1015,625	0,352072685956955	559,375	0,673135697841644	559,375	0,7097247838974	1015,625	0,42866113781929	1015,625	0,509893238544464	559,375	0,753545105457306	1015,625	-0,248117491602898	559,375	-0,405439645051956	1015,625	-0,308381229639053	559,375	-0,4361212849617	559,375	-0,465309470891953	1015,625	-0,389140397310257	1015,625	-0,463115870952606	559,375	-0,514446556568146	559,375	-0,512737274169922	1015,625	-0,512135446071625	1015,625	-0,586017906665802	559,375	-0,530600786209106	559,375	-0,530680179595947	1015,625	-0,657713174819946	1015,625	-0,69535893201828	559,375	-0,51867401599884	
1018,75	0,413470208644867	562,5	0,597267270088196	1018,75	0,39173549413681	562,5	0,616073787212372	562,5	0,608240365982056	1018,75	0,37456551194191	1018,75	0,277195274829865	562,5	0,61463075876236	562,5	0,644833505153656	1018,75	0,31895986199379	1018,75	0,346176862716675	562,5	0,671666204929352	562,5	0,708955585956573	1018,75	0,422664046287537	1018,75	0,503538191318512	562,5	0,753347158432007	1018,75	-0,24792942404747	562,5	-0,407089531421661	1018,75	-0,308853894472122	562,5	-0,436761349439621	562,5	-0,465953767299652	1018,75	-0,394390285015106	1018,75	-0,463179707527161	562,5	-0,515655636787415	562,5	-0,513966977596283	1018,75	-0,511319637298584	1018,75	-0,58609414100647	562,5	-0,532305240631104	562,5	-0,532675981521606	1018,75	-0,659382939338684	1018,75	-0,697932124137878	562,5	-0,521054804325104	
1021,875	0,413368701934814	565,625	0,597130835056305	1021,875	0,392211496829987	565,625	0,613514006137848	565,625	0,605437755584717	1021,875	0,374137729406357	1021,875	0,277100563049316	565,625	0,611572623252869	565,625	0,642033100128174	1021,875	0,31877389550209	1021,875	0,345731794834137	565,625	0,668951272964478	565,625	0,706946671009064	1021,875	0,422308713197708	1021,875	0,50325471162796	565,625	0,751839339733124	1021,875	-0,247295454144478	565,625	-0,410834699869156	1021,875	-0,307535976171494	565,625	-0,438854187726974	565,625	-0,467998921871185	1021,875	-0,396593481302261	1021,875	-0,462304502725601	565,625	-0,518131017684937	565,625	-0,516724705696106	1021,875	-0,509742259979248	1021,875	-0,584832668304443	565,625	-0,53560733795166	565,625	-0,536272406578064	1021,875	-0,658467292785645	1021,875	-0,697160959243774	565,625	-0,525004386901855	
1025	0,413552016019821	568,75	0,591290473937988	1025	0,390658468008041	568,75	0,609928607940674	568,75	0,60186094045639	1025	0,369129955768585	1025	0,273711174726486	568,75	0,607753932476044	568,75	0,638561546802521	1025	0,315302491188049	1025	0,341587692499161	568,75	0,665366649627686	568,75	0,703956067562103	1025	0,417870879173279	1025	0,498280733823776	568,75	0,748944520950317	1025	-0,246472671627998	568,75	-0,409871280193329	1025	-0,307342201471329	568,75	-0,437879145145416	568,75	-0,467079401016235	1025	-0,401209712028503	1025	-0,461782813072205	568,75	-0,517465114593506	568,75	-0,516378283500671	1025	-0,507880389690399	1025	-0,584057569503784	568,75	-0,535664975643158	568,75	-0,536608278751373	1025	-0,65863299369812	1025	-0,698163568973541	568,75	-0,525605082511902	
1028,125	0,413352340459824	571,875	0,587461352348328	1028,125	0,390700191259384	571,875	0,607267260551453	571,875	0,599227845668793	1028,125	0,366924941539764	1028,125	0,272284239530563	571,875	0,60504424571991	571,875	0,636072933673859	1028,125	0,313896775245667	1028,125	0,340119868516922	571,875	0,662765026092529	571,875	0,701849222183228	1028,125	0,41659340262413	1028,125	0,497025281190872	571,875	0,746845364570618	1028,125	-0,246189787983894	571,875	-0,405717313289642	1028,125	-0,306416213512421	571,875	-0,437824875116348	571,875	-0,46707746386528	1028,125	-0,405213505029678	1028,125	-0,461761981248856	571,875	-0,517594754695892	571,875	-0,516760110855103	1028,125	-0,506708860397339	1028,125	-0,583802580833435	571,875	-0,536321640014648	571,875	-0,537578105926514	1028,125	-0,659102976322174	1028,125	-0,699213683605194	571,875	-0,526929557323456	
1031,25	0,412492007017136	575	0,585819065570831	1031,25	0,391176134347916	575	0,605444192886353	575	0,597145736217499	1031,25	0,365488529205322	1031,25	0,271170645952225	575	0,602714478969574	575	0,634166836738586	1031,25	0,313250720500946	1031,25	0,339471966028214	575	0,66109710931778	575	0,700782358646393	1031,25	0,416272580623627	1031,25	0,497071444988251	575	0,746252179145813	1031,25	-0,24580742418766	575	-0,405336737632751	1031,25	-0,30613899230957	575	-0,439736396074295	575	-0,469024986028671	1031,25	-0,410457521677017	1031,25	-0,463030874729156	575	-0,520119607448578	575	-0,519608914852142	1031,25	-0,507268071174622	1031,25	-0,584949374198914	575	-0,539625346660614	575	-0,541395366191864	1031,25	-0,660996377468109	1031,25	-0,701453685760498	575	-0,531216084957123	
1034,375	0,411947906017303	578,125	0,584030091762543	1034,375	0,390086889266968	578,125	0,602148473262787	578,125	0,593915820121765	1034,375	0,358047872781754	1034,375	0,267275601625443	578,125	0,599384784698486	578,125	0,630985975265503	1034,375	0,310560971498489	1034,375	0,336135804653168	578,125	0,657871246337891	578,125	0,697876632213593	1034,375	0,412605822086334	1034,375	0,493153959512711	578,125	0,743350982666016	1034,375	-0,245711147785187	578,125	-0,405584186315537	1034,375	-0,306097775697708	578,125	-0,437174528837204	578,125	-0,466501355171204	1034,375	-0,414904236793518	1034,375	-0,462665617465973	578,125	-0,517943739891052	578,125	-0,517545878887177	1034,375	-0,506091773509979	1034,375	-0,584414660930634	578,125	-0,537769079208374	578,125	-0,539886891841888	1034,375	-0,661304295063019	1034,375	-0,702170491218567	578,125	-0,52985030412674	
1037,5	0,412305802106857	581,25	0,580137372016907	1037,5	0,389378070831299	581,25	0,601040542125702	581,25	0,592684209346771	1037,5	0,351154267787933	1037,5	0,264363884925842	581,25	0,597960650920868	581,25	0,629892706871033	1037,5	0,30864691734314	1037,5	0,333830922842026	581,25	0,657180786132813	581,25	0,697896122932434	1037,5	0,409988850355148	1037,5	0,490410149097443	581,25	0,743801295757294	1037,5	-0,244376659393311	581,25	-0,404853671789169	1037,5	-0,305514752864838	581,25	-0,439485311508179	581,25	-0,469115942716599	1037,5	-0,418352007865906	1037,5	-0,461829304695129	581,25	-0,521193027496338	581,25	-0,521177232265472	1037,5	-0,504558920860291	1037,5	-0,583393275737762	581,25	-0,541919708251953	581,25	-0,544503569602966	1037,5	-0,661219537258148	1037,5	-0,702358901500702	581,25	-0,534972786903381	
1040,625	0,41232767701149	584,375	0,57889848947525	1040,625	0,38887682557106	584,375	0,597994923591614	584,375	0,589503526687622	1040,625	0,343571454286575	1040,625	0,260639607906342	584,375	0,594610333442688	584,375	0,62675005197525	1040,625	0,306360810995102	1040,625	0,331149727106094	584,375	0,654350697994232	584,375	0,695482313632965	1040,625	0,407431364059448	1040,625	0,48792576789856	584,375	0,741562783718109	1040,625	-0,245244920253754	584,375	-0,406456589698792	1040,625	-0,305633425712585	584,375	-0,441399097442627	584,375	-0,471067667007446	1040,625	-0,423406094312668	1040,625	-0,46208468079567	584,375	-0,523589551448822	584,375	-0,524021804332733	1040,625	-0,504511415958405	1040,625	-0,583805918693542	584,375	-0,545136570930481	584,375	-0,548373103141785	1040,625	-0,662845432758331	1040,625	-0,704727053642273	584,375	-0,539373457431793	
1043,75	0,412003457546234	587,5	0,577619969844818	1043,75	0,388873606920242	587,5	0,595992982387543	587,5	0,587494611740112	1043,75	0,33629184961319	1043,75	0,25835520029068	587,5	0,592560231685638	587,5	0,624969303607941	1043,75	0,305499285459518	1043,75	0,329801172018051	587,5	0,652588248252869	587,5	0,694213449954987	1043,75	0,405830413103104	1043,75	0,486446350812912	587,5	0,740484774112701	1043,75	-0,244786232709885	587,5	-0,40522027015686	1043,75	-0,304844409227371	587,5	-0,441485852003098	587,5	-0,471352189779282	1043,75	-0,424817383289337	1043,75	-0,461016863584518	587,5	-0,524160385131836	587,5	-0,524862349033356	1043,75	-0,503145396709442	1043,75	-0,582783937454224	587,5	-0,546313583850861	587,5	-0,549723744392395	1043,75	-0,662453413009644	1043,75	-0,704713106155396	587,5	-0,540984392166138	
1046,875	0,411883294582367	590,625	0,57454788684845	1046,875	0,388590395450592	590,625	0,59266585111618	590,625	0,583961606025696	1046,875	0,326966017484665	1046,875	0,255352586507797	590,625	0,588720083236694	590,625	0,621299922466278	1046,875	0,303924530744553	1046,875	0,328126311302185	590,625	0,648791253566742	590,625	0,690926611423492	1046,875	0,403840959072113	1046,875	0,484352886676788	590,625	0,73713892698288	1046,875	-0,244548380374908	590,625	-0,404980480670929	1046,875	-0,304192990064621	590,625	-0,440719813108444	590,625	-0,470693081617355	1046,875	-0,424902528524399	1046,875	-0,459125906229019	590,625	-0,523870468139648	590,625	-0,524818360805511	1046,875	-0,501659274101257	1046,875	-0,581269443035126	590,625	-0,546603679656982	590,625	-0,550616919994354	1046,875	-0,661629855632782	1046,875	-0,704362511634827	590,625	-0,542185485363007	
1050	0,41267266869545	593,75	0,571906089782715	1050	0,387844890356064	593,75	0,58922952413559	593,75	0,580462038516998	1050	0,31441929936409	1050	0,249774485826492	593,75	0,58491176366806	593,75	0,617904126644135	1050	0,300771176815033	1050	0,324084430932999	593,75	0,645309686660767	593,75	0,688139915466309	1050	0,400111943483353	1050	0,480660617351532	593,75	0,734482169151306	1050	-0,244767189025879	593,75	-0,404252409934998	1050	-0,305149614810944	593,75	-0,44108447432518	593,75	-0,471174776554108	1050	-0,427161782979965	1050	-0,458826512098312	593,75	-0,524755477905273	593,75	-0,526189565658569	1050	-0,502188205718994	1050	-0,582619428634644	593,75	-0,54814350605011	593,75	-0,552810072898865	1050	-0,665364742279053	1050	-0,708172261714935	593,75	-0,544776022434235	
1053,125	0,411824524402618	596,875	0,569891333580017	1053,125	0,388711482286453	596,875	0,58824098110199	596,875	0,579369902610779	1053,125	0,304912626743317	1053,125	0,247026666998863	596,875	0,583846092224121	596,875	0,617074728012085	1053,125	0,300260275602341	1053,125	0,323056071996689	596,875	0,644689977169037	596,875	0,687836110591888	1053,125	0,398896217346191	1053,125	0,479648590087891	596,875	0,734302341938019	1053,125	-0,243553593754768	596,875	-0,40381646156311	1053,125	-0,305768370628357	596,875	-0,441127181053162	596,875	-0,471384733915329	1053,125	-0,427552968263626	1053,125	-0,458645284175873	596,875	-0,525250673294067	596,875	-0,526952803134918	1053,125	-0,502621054649353	1053,125	-0,583768844604492	596,875	-0,549076855182648	596,875	-0,554126799106598	1053,125	-0,667375087738037	1053,125	-0,710620641708374	596,875	-0,546148300170898	
1056,25	0,413103401660919	600	0,568015694618225	1056,25	0,387422919273376	600	0,584012985229492	600	0,574873328208923	1056,25	0,293460071086884	1056,25	0,242771044373512	600	0,579137206077576	600	0,612459123134613	1056,25	0,297316640615463	1056,25	0,319213062524796	600	0,640193283557892	600	0,684012591838837	1056,25	0,394581884145737	1056,25	0,475459486246109	600	0,730627357959747	1056,25	-0,244886815547943	600	-0,404168277978897	1056,25	-0,305865705013275	600	-0,442759126424789	600	-0,473183035850525	1056,25	-0,422047704458237	1056,25	-0,45530104637146	600	-0,52747905254364	600	-0,529881834983826	1056,25	-0,501573085784912	1056,25	-0,582617163658142	600	-0,552622318267822	600	-0,558549046516418	1056,25	-0,667297005653381	1056,25	-0,711168467998505	600	-0,550943374633789	
1059,375	0,412321239709854	603,125	0,564936280250549	1059,375	0,388166069984436	603,125	0,582346737384796	603,125	0,573235332965851	1059,375	0,287273585796356	1059,375	0,241604939103127	603,125	0,577479124069214	603,125	0,610967755317688	1059,375	0,297093898057938	1059,375	0,319034427404404	603,125	0,63886833190918	603,125	0,683106422424316	1059,375	0,394405543804169	1059,375	0,475612342357636	603,125	0,729699432849884	1059,375	-0,244651481509209	603,125	-0,405666351318359	1059,375	-0,30547821521759	603,125	-0,441888689994812	603,125	-0,472411125898361	1059,375	-0,418410420417786	1059,375	-0,45385867357254	603,125	-0,527164399623871	603,125	-0,529684901237488	1059,375	-0,50119686126709	1059,375	-0,582232594490051	603,125	-0,552554786205292	603,125	-0,558744966983795	1059,375	-0,667271494865417	1059,375	-0,711544990539551	603,125	-0,550987064838409	
1062,5	0,410585224628448	606,25	0,5647252202034	1062,5	0,387999892234802	606,25	0,578825414180756	606,25	0,569527387619019	1062,5	0,280122131109238	1062,5	0,238820418715477	606,25	0,573354125022888	606,25	0,607014358043671	1062,5	0,295647829771042	1062,5	0,31724026799202	606,25	0,634906470775604	606,25	0,679582536220551	1062,5	0,392657518386841	1062,5	0,473700791597366	606,25	0,726165771484375	1062,5	-0,245300561189651	606,25	-0,403230309486389	1062,5	-0,306021332740784	606,25	-0,44201985001564	606,25	-0,472726941108704	1062,5	-0,412673115730286	1062,5	-0,452416747808456	606,25	-0,527859330177307	606,25	-0,530848503112793	1062,5	-0,50119936466217	1062,5	-0,583140075206757	606,25	-0,554184794425964	606,25	-0,561475455760956	1062,5	-0,668570339679718	1062,5	-0,713311314582825	606,25	-0,553862988948822	
1065,625	0,411733508110046	609,375	0,559841692447662	1065,625	0,386916071176529	609,375	0,578082799911499	609,375	0,568743407726288	1065,625	0,270518034696579	1065,625	0,23377051949501	609,375	0,572559833526611	609,375	0,606551706790924	1065,625	0,291221022605896	1065,625	0,31228494644165	609,375	0,634597420692444	609,375	0,679950296878815	1065,625	0,38725358247757	1065,625	0,468323171138763	609,375	0,726759970188141	1065,625	-0,245067596435547	609,375	-0,405131787061691	1065,625	-0,307237774133682	609,375	-0,442218363285065	609,375	-0,473136872053146	1065,625	-0,404454946517944	1065,625	-0,449661642313004	609,375	-0,528731346130371	609,375	-0,531849801540375	1065,625	-0,500810086727142	1065,625	-0,582923591136932	609,375	-0,555510699748993	609,375	-0,563312947750092	1065,625	-0,670592308044434	1065,625	-0,715279757976532	609,375	-0,555497467517853	
1068,75	0,41120320558548	612,5	0,559414923191071	1068,75	0,386753797531128	612,5	0,575077533721924	612,5	0,565661430358887	1068,75	0,268637925386429	1068,75	0,233681261539459	612,5	0,569185376167297	612,5	0,603448331356049	1068,75	0,291091054677963	1068,75	0,311979502439499	612,5	0,631688714027405	612,5	0,677235126495361	1068,75	0,386540800333023	1068,75	0,46765860915184	612,5	0,724457263946533	1068,75	-0,245013773441315	612,5	-0,404414385557175	1068,75	-0,306186676025391	612,5	-0,442611426115036	612,5	-0,473575621843338	1068,75	-0,397156417369843	1068,75	-0,445904105901718	612,5	-0,529638946056366	612,5	-0,533181190490723	1068,75	-0,498408287763596	1068,75	-0,580183267593384	612,5	-0,557147860527039	612,5	-0,565912485122681	1068,75	-0,667565524578094	1068,75	-0,712551653385162	612,5	-0,557964444160461	
1071,875	0,413136035203934	615,625	0,558813989162445	1071,875	0,38669365644455	615,625	0,571564912796021	615,625	0,56207001209259	1071,875	0,263554573059082	1071,875	0,231452286243439	615,625	0,565235257148743	615,625	0,599658787250519	1071,875	0,2891646027565	1071,875	0,309069156646729	615,625	0,627917408943176	615,625	0,673592150211334	1071,875	0,383240789175034	1071,875	0,464253842830658	615,625	0,721258163452148	1071,875	-0,246009483933449	615,625	-0,404301226139069	1071,875	-0,306588560342789	615,625	-0,443819671869278	615,625	-0,474881052970886	1071,875	-0,390509873628616	1071,875	-0,443258911371231	615,625	-0,531392276287079	615,625	-0,535351812839508	1071,875	-0,497736364603043	1071,875	-0,57975971698761	615,625	-0,559845209121704	615,625	-0,569523632526398	1071,875	-0,66771525144577	1071,875	-0,713822662830353	615,625	-0,561592936515808	
1075	0,412908256053925	618,75	0,554452359676361	1075	0,387603849172592	618,75	0,570019423961639	618,75	0,560461282730103	1075	0,260263621807098	1075	0,229809626936913	618,75	0,563481092453003	618,75	0,598118424415588	1075	0,287533760070801	1075	0,307763695716858	618,75	0,626361846923828	618,75	0,672146797180176	1075	0,380977511405945	1075	0,462957441806793	618,75	0,720271408557892	1075	-0,246950954198837	618,75	-0,404091507196426	1075	-0,307464838027954	618,75	-0,443283349275589	618,75	-0,474480479955673	1075	-0,384834855794907	1075	-0,442075312137604	618,75	-0,531299650669098	618,75	-0,535579442977905	1075	-0,497618049383163	1075	-0,580077826976776	618,75	-0,560266256332397	618,75	-0,570691823959351	1075	-0,669283032417297	1075	-0,715375602245331	618,75	-0,562715291976929	
1078,125	0,411564618349075	621,875	0,5527064204216	1078,125	0,387849241495132	621,875	0,56885826587677	621,875	0,559344708919525	1078,125	0,257174104452133	1078,125	0,227176010608673	621,875	0,562266767024994	621,875	0,597132682800293	1078,125	0,285376638174057	1078,125	0,304556727409363	621,875	0,625614941120148	621,875	0,671350479125977	1078,125	0,37941712141037	1078,125	0,46161761879921	621,875	0,720101892948151	1078,125	-0,246353060007095	621,875	-0,401894181966782	1078,125	-0,30977725982666	621,875	-0,442579925060272	621,875	-0,474004089832306	1078,125	-0,37978184223175	1078,125	-0,441540032625198	621,875	-0,531171500682831	621,875	-0,535693526268005	1078,125	-0,49903079867363	1078,125	-0,582058072090149	621,875	-0,560807943344116	621,875	-0,571767926216125	1078,125	-0,672181665897369	1078,125	-0,71937096118927	621,875	-0,563768029212952	
1081,25	0,411684721708298	625	0,549255847930908	1081,25	0,384658455848694	625	0,565476894378662	625	0,555788040161133	1081,25	0,255528897047043	1081,25	0,224085628986359	625	0,558444380760193	625	0,593335330486298	1081,25	0,280350059270859	1081,25	0,298992812633514	625	0,621984720230103	625	0,667366981506348	1081,25	0,371516644954681	1081,25	0,452948451042175	625	0,716649889945984	1081,25	-0,247603371739388	625	-0,403538882732391	1081,25	-0,311415374279022	625	-0,441616892814636	625	-0,473200291395187	1081,25	-0,369590103626251	1081,25	-0,435567557811737	625	-0,53058135509491	625	-0,535458147525787	1081,25	-0,495151579380035	1081,25	-0,57843554019928	625	-0,560959935188293	625	-0,572490811347961	1081,25	-0,669650256633759	1081,25	-0,717180848121643	625	-0,564820110797882	
1084,375	0,411452859640121	628,125	0,54893559217453	1084,375	0,385655671358109	628,125	0,561979532241821	628,125	0,552043497562408	1084,375	0,254391968250275	1084,375	0,223462879657745	628,125	0,554378986358643	628,125	0,589497268199921	1084,375	0,280312329530716	1084,375	0,298963785171509	628,125	0,618122518062592	628,125	0,663556098937988	1084,375	0,371610045433044	1084,375	0,453281611204147	628,125	0,713530540466309	1084,375	-0,247600749135017	628,125	-0,403119385242462	1084,375	-0,312122106552124	628,125	-0,443211376667023	628,125	-0,47508704662323	1084,375	-0,365820020437241	1084,375	-0,435000479221344	628,125	-0,53300142288208	628,125	-0,538409471511841	1084,375	-0,495377749204636	1084,375	-0,57937890291214	628,125	-0,564456462860107	628,125	-0,576601445674896	1084,375	-0,671402215957642	1084,375	-0,719244003295898	628,125	-0,569351732730865	
1087,5	0,413621485233307	631,25	0,546111941337585	1087,5	0,385579884052277	631,25	0,557850778102875	631,25	0,54789400100708	1087,5	0,253955900669098	1087,5	0,221985310316086	631,25	0,549970746040344	631,25	0,585123240947723	1087,5	0,278706163167953	1087,5	0,297514587640762	631,25	0,613690316677094	631,25	0,658984541893005	1087,5	0,36955514550209	1087,5	0,451389014720917	631,25	0,709258079528809	1087,5	-0,250112980604172	631,25	-0,403292894363403	1087,5	-0,313760250806808	631,25	-0,441752403974533	631,25	-0,473697751760483	1087,5	-0,360637575387955	1087,5	-0,433091044425964	631,25	-0,531918823719025	631,25	-0,537605345249176	1087,5	-0,494907826185226	1087,5	-0,579381048679352	631,25	-0,564033150672913	631,25	-0,576620399951935	1087,5	-0,671878933906555	1087,5	-0,720430731773376	631,25	-0,569883584976196	
1090,625	0,413618236780167	634,375	0,543792963027954	1090,625	0,385445058345795	634,375	0,555334568023682	634,375	0,545285165309906	1090,625	0,253979712724686	1090,625	0,221255287528038	634,375	0,547142744064331	634,375	0,582546234130859	1090,625	0,277294993400574	1090,625	0,2967289686203	634,375	0,611107587814331	634,375	0,656715989112854	1090,625	0,368224561214447	1090,625	0,449780285358429	634,375	0,707426369190216	1090,625	-0,251254558563232	634,375	-0,402370303869247	1090,625	-0,314663380384445	634,375	-0,442150682210922	634,375	-0,474301695823669	1090,625	-0,356079816818237	1090,625	-0,43083643913269	634,375	-0,532832562923431	634,375	-0,539009809494019	1090,625	-0,494026303291321	1090,625	-0,578167021274567	634,375	-0,565747797489166	634,375	-0,578732490539551	1090,625	-0,671335756778717	1090,625	-0,720636963844299	634,375	-0,572331547737122	
1093,75	0,414436161518097	637,5	0,540196716785431	1093,75	0,385375499725342	637,5	0,553863048553467	637,5	0,543652415275574	1093,75	0,252975761890411	1093,75	0,219214707612991	637,5	0,545273244380951	637,5	0,581074357032776	1093,75	0,275247186422348	1093,75	0,294523119926453	637,5	0,609622299671173	637,5	0,655460238456726	1093,75	0,366257101297379	1093,75	0,447450816631317	637,5	0,706751942634583	1093,75	-0,252908825874329	637,5	-0,40164390206337	1093,75	-0,31779271364212	637,5	-0,442730993032455	637,5	-0,475161880254745	1093,75	-0,351754367351532	1093,75	-0,429435163736343	637,5	-0,534124135971069	637,5	-0,540696084499359	1093,75	-0,493720263242722	1093,75	-0,578697204589844	637,5	-0,567861258983612	637,5	-0,581141829490662	1093,75	-0,672409951686859	1093,75	-0,722161412239075	637,5	-0,575191259384155	
1096,875	0,412905007600784	640,625	0,539194226264954	1096,875	0,38352507352829	640,625	0,55327320098877	640,625	0,543104231357574	1096,875	0,252838432788849	1096,875	0,217013940215111	640,625	0,544632434844971	640,625	0,580693006515503	1096,875	0,272306829690933	1096,875	0,290257573127747	640,625	0,6093869805336	640,625	0,655266106128693	1096,875	0,361723214387894	1096,875	0,442909628152847	640,625	0,70696097612381	1096,875	-0,254095554351807	640,625	-0,400915026664734	1096,875	-0,320174723863602	640,625	-0,441145390272141	640,625	-0,473860204219818	1096,875	-0,347231686115265	1096,875	-0,42632007598877	640,625	-0,533152937889099	640,625	-0,539852619171143	1096,875	-0,491699010133743	1096,875	-0,577345311641693	640,625	-0,567214667797089	640,625	-0,580630540847778	1096,875	-0,672203004360199	1096,875	-0,72249835729599	640,625	-0,574919044971466	
1100	0,413258135318756	643,75	0,53673267364502	1100	0,382335305213928	643,75	0,548595547676086	643,75	0,53797858953476	1100	0,253097116947174	1100	0,215262696146965	643,75	0,539046943187714	643,75	0,575417995452881	1100	0,270222783088684	1100	0,287496238946915	643,75	0,604129195213318	643,75	0,65035742521286	1100	0,358276754617691	1100	0,439444661140442	643,75	0,702703297138214	1100	-0,255446195602417	643,75	-0,399546593427658	1100	-0,32269698381424	643,75	-0,442949712276459	643,75	-0,475863456726074	1100	-0,343561589717865	1100	-0,424452841281891	643,75	-0,535888493061066	643,75	-0,543386936187744	1100	-0,490752398967743	1100	-0,577052712440491	643,75	-0,57127171754837	643,75	-0,585499584674835	1100	-0,672430038452148	1100	-0,723513662815094	643,75	-0,580621898174286	
1103,125	0,41241255402565	646,875	0,534314692020416	1103,125	0,380694687366486	646,875	0,546144723892212	646,875	0,535428702831268	1103,125	0,252831667661667	1103,125	0,213361382484436	646,875	0,536174714565277	646,875	0,57258927822113	1103,125	0,268343865871429	1103,125	0,285068601369858	646,875	0,601151645183563	646,875	0,647380411624908	1103,125	0,355299979448318	1103,125	0,436174601316452	646,875	0,699940145015717	1103,125	-0,259073138237	646,875	-0,398567616939545	1103,125	-0,326251178979874	646,875	-0,441618084907532	646,875	-0,474569350481033	1103,125	-0,340138971805573	1103,125	-0,42323312163353	646,875	-0,534795463085175	646,875	-0,542698621749878	1103,125	-0,490476667881012	1103,125	-0,577267169952393	646,875	-0,570771872997284	646,875	-0,585316598415375	1103,125	-0,673115670681	1103,125	-0,724963903427124	646,875	-0,581058859825134	
1106,25	0,411433756351471	650	0,532447993755341	1106,25	0,379499822854996	650	0,544391334056854	650	0,533547639846802	1106,25	0,253899872303009	1106,25	0,213976681232452	650	0,534145355224609	650	0,571013510227203	1106,25	0,268434286117554	1106,25	0,284171909093857	650	0,599591910839081	650	0,646381139755249	1106,25	0,354473054409027	1106,25	0,435029894113541	650	0,699469983577728	1106,25	-0,260151445865631	650	-0,399979650974274	1106,25	-0,327034294605255	650	-0,443065166473389	650	-0,476403504610062	1106,25	-0,336608707904816	1106,25	-0,420161157846451	650	-0,537268936634064	650	-0,545674562454224	1106,25	-0,487650960683823	1106,25	-0,574568748474121	650	-0,574175655841827	650	-0,589029669761658	1106,25	-0,670456528663635	1106,25	-0,722294628620148	650	-0,585382223129272	
1109,375	0,412829101085663	653,125	0,529722988605499	1109,375	0,376822680234909	653,125	0,541711628437042	653,125	0,530708968639374	1109,375	0,252512872219086	1109,375	0,210364863276482	653,125	0,53107213973999	653,125	0,567891120910645	1109,375	0,264841854572296	1109,375	0,2804936170578	653,125	0,596459925174713	653,125	0,643371284008026	1109,375	0,349555283784866	1109,375	0,431458860635757	653,125	0,696362376213074	1109,375	-0,263461291790009	653,125	-0,397447794675827	1109,375	-0,334790796041489	653,125	-0,441387861967087	653,125	-0,474815517663956	1109,375	-0,334083825349808	1109,375	-0,420008569955826	653,125	-0,535789668560028	653,125	-0,544673144817352	1109,375	-0,489465534687042	1109,375	-0,577075660228729	653,125	-0,573358535766602	653,125	-0,588656067848206	1109,375	-0,675373792648315	1109,375	-0,727691829204559	653,125	-0,585478603839874	
1112,5	0,415270060300827	656,25	0,529288411140442	1112,5	0,376411199569702	656,25	0,539786696434021	656,25	0,528513252735138	1112,5	0,253143072128296	1112,5	0,210613906383514	656,25	0,528548836708069	656,25	0,565258622169495	1112,5	0,265647858381271	1112,5	0,280837833881378	656,25	0,593982696533203	656,25	0,640985131263733	1112,5	0,350018203258514	1112,5	0,432472467422485	656,25	0,694041788578033	1112,5	-0,266763180494308	656,25	-0,398699730634689	1112,5	-0,338051378726959	656,25	-0,440397948026657	656,25	-0,473842144012451	1112,5	-0,331465601921082	1112,5	-0,419281929731369	656,25	-0,535104334354401	656,25	-0,544360280036926	1112,5	-0,489117652177811	1112,5	-0,577319860458374	656,25	-0,573366105556488	656,25	-0,588875949382782	1112,5	-0,675772666931152	1112,5	-0,72774213552475	656,25	-0,586291670799255	
1115,625	0,413341403007507	659,375	0,527242720127106	1115,625	0,369965255260468	659,375	0,5364089012146	659,375	0,524771332740784	1115,625	0,253480017185211	1115,625	0,209306061267853	659,375	0,524242103099823	659,375	0,561154067516327	1115,625	0,263565212488174	1115,625	0,2778260409832	659,375	0,589861154556274	659,375	0,637076079845428	1115,625	0,346243172883987	1115,625	0,427447944879532	659,375	0,690388143062592	1115,625	-0,270302772521973	659,375	-0,399774730205536	1115,625	-0,339933395385742	659,375	-0,440704822540283	659,375	-0,474430024623871	1115,625	-0,327831387519836	1115,625	-0,415068507194519	659,375	-0,536027550697327	659,375	-0,546202778816223	1115,625	-0,485931813716888	1115,625	-0,573033154010773	659,375	-0,575348436832428	659,375	-0,591838002204895	1115,625	-0,671127557754517	1115,625	-0,723720192909241	659,375	-0,589906215667725	
1118,75	0,41302627325058	662,5	0,524394333362579	1118,75	0,368833184242249	662,5	0,535837650299072	662,5	0,524279892444611	1118,75	0,253216922283173	1118,75	0,207203447818756	662,5	0,523851692676544	662,5	0,561112105846405	1118,75	0,262644201517105	1118,75	0,27509605884552	662,5	0,590076744556427	662,5	0,637702941894531	1118,75	0,344393134117126	1118,75	0,426535248756409	662,5	0,691409051418304	1118,75	-0,272275239229202	662,5	-0,398632854223251	1118,75	-0,349216014146805	662,5	-0,441220760345459	662,5	-0,475216597318649	1118,75	-0,327158063650131	1118,75	-0,416391998529434	662,5	-0,537184298038483	662,5	-0,547659337520599	1118,75	-0,489043474197388	1118,75	-0,577788352966309	662,5	-0,576997578144073	662,5	-0,593832492828369	1118,75	-0,676836967468262	1118,75	-0,730368196964264	662,5	-0,591991305351257	
1121,875	0,41206157207489	665,625	0,522261321544647	1121,875	0,364695519208908	665,625	0,533555209636688	665,625	0,521865427494049	1121,875	0,253989785909653	1121,875	0,207570746541023	665,625	0,521144688129425	665,625	0,55877423286438	1121,875	0,262762308120728	1121,875	0,274330735206604	665,625	0,587706685066223	665,625	0,635862708091736	1121,875	0,343648731708527	1121,875	0,425739765167236	665,625	0,689946889877319	1121,875	-0,278423964977264	665,625	-0,397031724452972	1121,875	-0,349173873662949	665,625	-0,442016214132309	665,625	-0,476267278194427	1121,875	-0,324634999036789	1121,875	-0,414155930280685	665,625	-0,538726150989532	665,625	-0,549777448177338	1121,875	-0,486499518156052	1121,875	-0,57583874464035	665,625	-0,579547882080078	665,625	-0,59678453207016	1121,875	-0,67402458190918	1121,875	-0,727869808673859	665,625	-0,595441699028015	
1125	0,408437430858612	668,75	0,522087872028351	1125	0,359154373407364	668,75	0,530237436294556	668,75	0,518196821212769	1125	0,254115283489227	1125	0,205443575978279	668,75	0,517089486122131	668,75	0,554649949073792	1125	0,260680705308914	1125	0,271567761898041	668,75	0,583599627017975	668,75	0,631771862506866	1125	0,340338200330734	1125	0,42367547750473	668,75	0,685717701911926	1125	-0,280825942754745	668,75	-0,396931529045105	1125	-0,357603520154953	668,75	-0,440647274255753	668,75	-0,474922657012939	1125	-0,322797894477844	1125	-0,413504838943481	668,75	-0,53750205039978	668,75	-0,549231886863709	1125	-0,487728744745255	1125	-0,577008366584778	668,75	-0,579180955886841	668,75	-0,597010016441345	1125	-0,676369071006775	1125	-0,72992992401123	668,75	-0,596426963806152	
1128,125	0,409558534622192	671,875	0,518638491630554	1128,125	0,355650007724762	671,875	0,529086053371429	671,875	0,516939520835876	1128,125	0,253548949956894	1128,125	0,203464776277542	671,875	0,515731453895569	671,875	0,553247690200806	1128,125	0,260010927915573	1128,125	0,270087450742722	671,875	0,582251131534576	671,875	0,630631983280182	1128,125	0,338277608156204	1128,125	0,422504514455795	671,875	0,684494137763977	1128,125	-0,286988973617554	671,875	-0,395435929298401	1128,125	-0,361577302217484	671,875	-0,43908828496933	671,875	-0,47337082028389	1128,125	-0,320505619049072	1128,125	-0,412608027458191	671,875	-0,536160230636597	671,875	-0,548258602619171	1128,125	-0,488091111183167	1128,125	-0,577263236045837	671,875	-0,578260660171509	671,875	-0,596369504928589	1128,125	-0,679017186164856	1128,125	-0,732706069946289	671,875	-0,596108973026276	
1131,25	0,407706022262573	675	0,515995025634766	1131,25	0,339611142873764	675	0,525063097476959	675	0,512593805789948	1131,25	0,252719163894653	1131,25	0,200498342514038	675	0,510781168937683	675	0,548152029514313	1131,25	0,255922138690948	1131,25	0,263774812221527	675	0,577071309089661	675	0,62577098608017	1131,25	0,330289006233215	1131,25	0,412780106067657	675	0,679753839969635	1131,25	-0,293875902891159	675	-0,393921256065369	1131,25	-0,366570651531219	675	-0,43924942612648	675	-0,47350949048996	1131,25	-0,318036675453186	1131,25	-0,408511698246002	675	-0,53662234544754	675	-0,549467623233795	1131,25	-0,486182272434235	1131,25	-0,575025498867035	675	-0,580049633979797	675	-0,598698556423187	1131,25	-0,677500665187836	1131,25	-0,732806503772736	675	-0,599130094051361	
1134,375	0,403510391712189	678,125	0,513650834560394	1134,375	0,334718316793442	678,125	0,521833419799805	678,125	0,508989334106445	1134,375	0,253672748804092	1134,375	0,201058819890022	678,125	0,507092177867889	678,125	0,544254124164581	1134,375	0,256831079721451	1134,375	0,264081597328186	678,125	0,573537290096283	678,125	0,622320353984833	1134,375	0,331598192453384	1134,375	0,414302736520767	678,125	0,676045000553131	1134,375	-0,297273844480515	678,125	-0,394791066646576	1134,375	-0,366970032453537	678,125	-0,438638955354691	678,125	-0,472944021224976	1134,375	-0,316328078508377	1134,375	-0,40752637386322	678,125	-0,536556601524353	678,125	-0,549779772758484	1134,375	-0,486061006784439	1134,375	-0,574349105358124	678,125	-0,580550849437714	678,125	-0,600167393684387	1134,375	-0,676070928573608	1134,375	-0,731164574623108	678,125	-0,601142346858978	
1137,5	0,398358106613159	681,25	0,513842761516571	1137,5	0,326226562261581	681,25	0,520362317562103	681,25	0,507511615753174	1137,5	0,25359970331192	1137,5	0,200272530317307	681,25	0,505311906337738	681,25	0,542748272418976	1137,5	0,256830662488937	1137,5	0,263046026229858	681,25	0,572094798088074	681,25	0,6211998462677	1137,5	0,33222508430481	1137,5	0,416547983884811	681,25	0,675270795822144	1137,5	-0,30506095290184	681,25	-0,393633812665939	1137,5	-0,372125566005707	681,25	-0,438322812318802	681,25	-0,47287991642952	1137,5	-0,316054582595825	1137,5	-0,40818378329277	681,25	-0,536655247211456	681,25	-0,550517499446869	1137,5	-0,488991767168045	1137,5	-0,57702249288559	681,25	-0,581332147121429	681,25	-0,601446330547333	1137,5	-0,679881930351257	1137,5	-0,734794318675995	681,25	-0,602826833724976	
1140,625	0,393225401639938	684,375	0,511969685554504	1140,625	0,309182435274124	684,375	0,519299268722534	684,375	0,506410241127014	1140,625	0,251726776361465	1140,625	0,196403861045837	684,375	0,503841519355774	684,375	0,541459739208221	1140,625	0,25126975774765	1140,625	0,256117910146713	684,375	0,570742666721344	684,375	0,62022453546524	1140,625	0,32394477725029	1140,625	0,407525658607483	684,375	0,674447774887085	1140,625	-0,311487764120102	684,375	-0,395287960767746	1140,625	-0,371847063302994	684,375	-0,438114434480667	684,375	-0,472927093505859	1140,625	-0,314522713422775	1140,625	-0,405959665775299	684,375	-0,536937057971954	684,375	-0,55126816034317	1140,625	-0,490204274654388	1140,625	-0,577138900756836	684,375	-0,582405507564545	684,375	-0,602841198444366	1140,625	-0,682171702384949	1140,625	-0,738731443881989	684,375	-0,604372620582581	
1143,75	0,387539148330688	687,5	0,508933126926422	1143,75	0,302722036838531	687,5	0,519570410251617	687,5	0,506646156311035	1143,75	0,252985507249832	1143,75	0,196884676814079	687,5	0,503979325294495	687,5	0,541887700557709	1143,75	0,252510845661163	1143,75	0,256490379571915	687,5	0,571600437164307	687,5	0,621614098548889	1143,75	0,324305921792984	1143,75	0,408147394657135	687,5	0,676217019557953	1143,75	-0,317486315965652	687,5	-0,394208550453186	1143,75	-0,367732167243958	687,5	-0,439327239990234	687,5	-0,474434077739716	1143,75	-0,312585294246674	1143,75	-0,404136419296265	687,5	-0,538887679576874	687,5	-0,553616106510162	1143,75	-0,489435315132141	1143,75	-0,575363278388977	687,5	-0,584911167621613	687,5	-0,605470836162567	1143,75	-0,679837882518768	1143,75	-0,736946761608124	687,5	-0,607443809509277	
1146,875	0,380036443471909	690,625	0,507192552089691	1146,875	0,292468011379242	690,625	0,512665927410126	690,625	0,499240100383759	1146,875	0,252628773450851	1146,875	0,194817334413528	690,625	0,495485156774521	690,625	0,532910704612732	1146,875	0,249889269471169	1146,875	0,253334939479828	690,625	0,563199937343597	690,625	0,613342761993408	1146,875	0,321936964988709	1146,875	0,405739456415176	690,625	0,668218493461609	1146,875	-0,326159179210663	690,625	-0,392626792192459	1146,875	-0,363082766532898	690,625	-0,439902573823929	690,625	-0,47522822022438	1146,875	-0,310808122158051	1146,875	-0,402529925107956	690,625	-0,540087521076202	690,625	-0,556031942367554	1146,875	-0,489842772483826	1146,875	-0,57463127374649	690,625	-0,588158667087555	690,625	-0,609983503818512	1146,875	-0,680161952972412	1146,875	-0,739004254341125	690,625	-0,613424122333527	
1150	0,37193688750267	693,75	0,505789697170258	1150	0,280375450849533	693,75	0,513559103012085	693,75	0,500301241874695	1150	0,250751256942749	1150	0,19243098795414	693,75	0,497109770774841	693,75	0,534425675868988	1150	0,245122149586678	1150	0,247450903058052	693,75	0,564742922782898	693,75	0,615101635456085	1150	0,314850598573685	1150	0,396873593330383	693,75	0,669650018215179	1150	-0,332026273012161	693,75	-0,39271754026413	1150	-0,355669111013412	693,75	-0,438308626413345	693,75	-0,47375762462616	1150	-0,30805030465126	1150	-0,39907318353653	693,75	-0,538543164730072	693,75	-0,554346680641174	1150	-0,489089876413345	1150	-0,571765720844269	693,75	-0,586518228054047	693,75	-0,608516871929169	1150	-0,677706480026245	1150	-0,73773992061615	693,75	-0,611691117286682	
1153,125	0,362220674753189	696,875	0,503873467445374	1153,125	0,275200933218002	696,875	0,511565685272217	696,875	0,498179733753204	1153,125	0,251620680093765	1153,125	0,192878797650337	696,875	0,494792938232422	696,875	0,532191395759583	1153,125	0,243939757347107	1153,125	0,247970521450043	696,875	0,562647938728333	696,875	0,613329589366913	1153,125	0,31499382853508	1153,125	0,397807240486145	696,875	0,667791485786438	1153,125	-0,336327075958252	696,875	-0,392547070980072	1153,125	-0,347087621688843	696,875	-0,437983006238937	696,875	-0,473753035068512	1153,125	-0,306623607873917	1153,125	-0,397988557815552	696,875	-0,538731455802917	696,875	-0,554778814315796	1153,125	-0,489219129085541	1153,125	-0,571348488330841	696,875	-0,587293267250061	696,875	-0,609851539134979	1153,125	-0,67593240737915	1153,125	-0,73646354675293	696,875	-0,613582909107208	
1156,25	0,349313229322433	700	0,502979040145874	1156,25	0,266723424196243	700	0,508153080940247	700	0,49453341960907	1156,25	0,252389669418335	1156,25	0,19256204366684	700	0,490568310022354	700	0,527829587459564	1156,25	0,244465634226799	1156,25	0,248476251959801	700	0,558187961578369	700	0,609033763408661	1156,25	0,316655218601227	1156,25	0,400833576917648	700	0,663166165351868	1156,25	-0,343549817800522	700	-0,392330825328827	1156,25	-0,344431012868881	700	-0,437790304422379	700	-0,473546981811523	1156,25	-0,306507915258408	1156,25	-0,399188935756683	700	-0,53863400220871	700	-0,555141866207123	1156,25	-0,49371799826622	1156,25	-0,573629856109619	700	-0,588109254837036	700	-0,6114741563797	1156,25	-0,678880155086517	1156,25	-0,738411009311676	700	-0,616090059280396	
1159,375	0,336692869663239	703,125	0,500853776931763	1159,375	0,255892753601074	703,125	0,50647097826004	703,125	0,492534875869751	1159,375	0,250808328390121	1159,375	0,189304515719414	703,125	0,488532990217209	703,125	0,525884807109833	1159,375	0,239467069506645	1159,375	0,242450773715973	703,125	0,556369185447693	703,125	0,607968091964722	1159,375	0,309698075056076	1159,375	0,394420683383942	703,125	0,661909520626068	1159,375	-0,347407281398773	703,125	-0,39214214682579	1159,375	-0,33636212348938	703,125	-0,437730759382248	703,125	-0,473796874284744	1159,375	-0,306060642004013	1159,375	-0,397517681121826	703,125	-0,53932923078537	703,125	-0,556464016437531	1159,375	-0,495739847421646	1159,375	-0,574008107185364	703,125	-0,589834034442902	703,125	-0,613965630531311	1159,375	-0,681857705116272	1159,375	-0,743027329444885	703,125	-0,618963897228241	
1162,5	0,321054458618164	706,25	0,49862402677536	1162,5	0,256078034639359	706,25	0,505679428577423	706,25	0,491709142923355	1162,5	0,252055436372757	1162,5	0,190332219004631	706,25	0,487949728965759	706,25	0,525221824645996	1162,5	0,239431515336037	1162,5	0,244615241885185	706,25	0,556012511253357	706,25	0,608123898506165	1162,5	0,311521232128143	1162,5	0,39537513256073	706,25	0,661836683750153	1162,5	-0,343060493469238	706,25	-0,388813734054565	1162,5	-0,32867220044136	706,25	-0,437076151371002	706,25	-0,47334948182106	1162,5	-0,304400861263275	1162,5	-0,395190268754959	706,25	-0,539030075073242	706,25	-0,556679904460907	1162,5	-0,494318693876266	1162,5	-0,572147965431213	706,25	-0,589654743671417	706,25	-0,614387810230255	1162,5	-0,679271399974823	1162,5	-0,738752543926239	706,25	-0,619540333747864	
1165,625	0,302563190460205	709,375	0,497483611106873	1165,625	0,250690370798111	709,375	0,502912878990173	709,375	0,488868206739426	1165,625	0,250836730003357	1165,625	0,187690868973732	709,375	0,484786421060562	709,375	0,522040724754334	1165,625	0,23299153149128	1165,625	0,239597976207733	709,375	0,552853405475616	709,375	0,60516768693924	1165,625	0,305953592061996	1165,625	0,390581101179123	709,375	0,658076882362366	1165,625	-0,342700332403183	709,375	-0,389692455530167	1165,625	-0,316773176193237	709,375	-0,435510396957397	709,375	-0,471937537193298	1165,625	-0,302179276943207	1165,625	-0,39321768283844	709,375	-0,537724614143372	709,375	-0,555834650993347	1165,625	-0,493697762489319	1165,625	-0,570080459117889	709,375	-0,588651776313782	709,375	-0,614304065704346	1165,625	-0,677948117256165	1165,625	-0,7388676404953	709,375	-0,619767606258392	
1168,75	0,287477642297745	712,5	0,49474573135376	1168,75	0,249474406242371	712,5	0,498132109642029	712,5	0,482920587062836	1168,75	0,250466734170914	1168,75	0,186825051903725	712,5	0,47834986448288	712,5	0,514685928821564	1168,75	0,230709940195084	1168,75	0,238417118787766	712,5	0,546156466007233	712,5	0,599079430103302	1168,75	0,304546535015106	1168,75	0,389748007059097	712,5	0,651345312595367	1168,75	-0,346911370754242	712,5	-0,389347463846207	1168,75	-0,310509502887726	712,5	-0,436164349317551	712,5	-0,472793489694595	1168,75	-0,301653921604156	1168,75	-0,392406731843948	712,5	-0,538954555988312	712,5	-0,558097720146179	1168,75	-0,493705034255981	1168,75	-0,569188833236694	712,5	-0,591678857803345	712,5	-0,619634509086609	1168,75	-0,678238213062286	1168,75	-0,740149796009064	712,5	-0,625908613204956	
1171,875	0,272924244403839	715,625	0,493455141782761	1171,875	0,249857187271118	715,625	0,499231517314911	715,625	0,484218239784241	1171,875	0,250247627496719	1171,875	0,18520699441433	715,625	0,480122774839401	715,625	0,516169846057892	1171,875	0,226499080657959	1171,875	0,236307665705681	715,625	0,548433721065521	715,625	0,601506769657135	1171,875	0,303904801607132	1171,875	0,389047771692276	715,625	0,653942167758942	1171,875	-0,328646838665009	715,625	-0,38839516043663	1171,875	-0,302854150533676	715,625	-0,435829639434814	715,625	-0,472650736570358	1171,875	-0,301534026861191	1171,875	-0,392166167497635	715,625	-0,539073348045349	715,625	-0,55843710899353	1171,875	-0,494513124227524	1171,875	-0,570522546768188	715,625	-0,592117071151733	715,625	-0,620254695415497	1171,875	-0,680079638957977	1171,875	-0,742541253566742	715,625	-0,626441597938538	
1175	0,261678367853165	718,75	0,491028398275375	1175	0,248455211520195	718,75	0,497659146785736	718,75	0,48249414563179	1175	0,24793653190136	1175	0,18319770693779	718,75	0,478455483913422	718,75	0,514445722103119	1175	0,220223858952522	1175	0,231179609894753	718,75	0,547708094120026	718,75	0,601128101348877	1175	0,297866851091385	1175	0,381465762853622	718,75	0,652947843074799	1175	-0,31861212849617	718,75	-0,388872563838959	1175	-0,294633746147156	718,75	-0,436197221279144	718,75	-0,473158895969391	1175	-0,299658745527267	1175	-0,390110939741135	718,75	-0,540383100509644	718,75	-0,560023725032806	1175	-0,492762237787247	1175	-0,5688756108284	718,75	-0,594061434268951	718,75	-0,623304307460785	1175	-0,679559469223022	1175	-0,744570851325989	718,75	-0,62921804189682	
1178,125	0,247421726584435	721,875	0,492170512676239	1178,125	0,247825488448143	721,875	0,4951231777668	721,875	0,479608029127121	1178,125	0,246720016002655	1178,125	0,182247072458267	721,875	0,475355088710785	721,875	0,51099568605423	1178,125	0,216977566480637	1178,125	0,229919895529747	721,875	0,544578790664673	721,875	0,597789108753204	1178,125	0,296328127384186	1178,125	0,380067735910416	721,875	0,648587286472321	1178,125	-0,306329011917114	721,875	-0,389582961797714	1178,125	-0,289781719446182	721,875	-0,434798896312714	721,875	-0,471892654895782	1178,125	-0,298621773719788	1178,125	-0,388730764389038	721,875	-0,538745045661926	721,875	-0,558704257011414	1178,125	-0,491936326026917	1178,125	-0,568986296653748	721,875	-0,59330940246582	721,875	-0,623962342739105	1178,125	-0,679791688919067	1178,125	-0,745340168476105	721,875	-0,629401922225952	
1181,25	0,237179979681969	725	0,486552447080612	1181,25	0,248689413070679	725	0,49360865354538	725	0,477756887674332	1181,25	0,247031271457672	1181,25	0,182288408279419	725	0,473390698432922	725	0,509145319461823	1181,25	0,215347930788994	1181,25	0,230239078402519	725	0,543566226959229	725	0,597505688667297	1181,25	0,296229332685471	1181,25	0,3807073533535	725	0,647937893867493	1181,25	-0,299094825983047	725	-0,386752188205719	1181,25	-0,284595459699631	725	-0,436056017875671	725	-0,47343710064888	1181,25	-0,297230273485184	1181,25	-0,387639731168747	725	-0,540744245052338	725	-0,560838162899017	1181,25	-0,490780144929886	1181,25	-0,568027019500732	725	-0,596240520477295	725	-0,628208339214325	1181,25	-0,679796695709229	1181,25	-0,745328903198242	725	-0,633367478847504	
1184,375	0,233553022146225	728,125	0,487074941396713	1184,375	0,24983786046505	728,125	0,490592211484909	728,125	0,474300891160965	1184,375	0,245505064725876	1184,375	0,179833978414536	728,125	0,469708532094955	728,125	0,504974722862244	1184,375	0,209292113780975	1184,375	0,225355833768845	728,125	0,539732098579407	728,125	0,592996895313263	1184,375	0,291363805532455	1184,375	0,375628620386124	728,125	0,642840445041656	1184,375	-0,284956127405167	728,125	-0,385953575372696	1184,375	-0,278579473495483	728,125	-0,434027791023254	728,125	-0,471101254224777	1184,375	-0,29566764831543	1184,375	-0,385176151990891	728,125	-0,538620948791504	728,125	-0,558845818042755	1184,375	-0,488938093185425	1184,375	-0,566236138343811	728,125	-0,594912528991699	728,125	-0,628516376018524	1184,375	-0,679921090602875	1184,375	-0,74610823392868	728,125	-0,633367836475372	
1187,5	0,227512314915657	731,25	0,484075754880905	1187,5	0,249454379081726	731,25	0,490271210670471	731,25	0,473650902509689	1187,5	0,244062870740891	1187,5	0,177432000637054	731,25	0,469204276800156	731,25	0,504480361938477	1187,5	0,204387709498405	1187,5	0,221386566758156	731,25	0,539856791496277	731,25	0,593119144439697	1187,5	0,28574475646019	1187,5	0,369254857301712	731,25	0,643120646476746	1187,5	-0,271582782268524	731,25	-0,387533158063889	1187,5	-0,274917393922806	731,25	-0,434640318155289	731,25	-0,471797615289688	1187,5	-0,294476717710495	1187,5	-0,383692681789398	731,25	-0,539886355400085	731,25	-0,560247719287872	1187,5	-0,488001346588135	1187,5	-0,566468358039856	731,25	-0,596862971782684	731,25	-0,631948709487915	1187,5	-0,681094408035278	1187,5	-0,747804880142212	731,25	-0,635871469974518	
1190,625	0,218416392803192	734,375	0,481518179178238	1190,625	0,252036035060883	734,375	0,488234221935272	734,375	0,471581697463989	1190,625	0,244028940796852	1190,625	0,17706935107708	734,375	0,466887354850769	734,375	0,502190768718719	1190,625	0,202609419822693	1190,625	0,221033468842506	734,375	0,537970244884491	734,375	0,591030597686768	1190,625	0,284391015768051	1190,625	0,369195163249969	734,375	0,641226172447205	1190,625	-0,258223354816437	734,375	-0,385613679885864	1190,625	-0,269919067621231	734,375	-0,433579206466675	734,375	-0,470565974712372	1190,625	-0,292788624763489	1190,625	-0,382162183523178	734,375	-0,539332151412964	734,375	-0,559881031513214	1190,625	-0,48498398065567	1190,625	-0,565241158008575	734,375	-0,597425282001495	734,375	-0,634224891662598	1190,625	-0,680541098117828	1190,625	-0,746883630752563	734,375	-0,63670027256012	
1193,75	0,224608480930328	737,5	0,480395942926407	1193,75	0,25510036945343	737,5	0,487230569124222	737,5	0,470559537410736	1193,75	0,244942247867584	1193,75	0,177372917532921	737,5	0,466206163167953	737,5	0,501882553100586	1193,75	0,202858194708824	1193,75	0,222981080412865	737,5	0,538306951522827	737,5	0,591087400913239	1193,75	0,288360089063644	1193,75	0,374001652002335	737,5	0,641294121742249	1193,75	-0,246372237801552	737,5	-0,384883463382721	1193,75	-0,266058951616287	737,5	-0,434196174144745	737,5	-0,471368491649628	1193,75	-0,291071176528931	1193,75	-0,381534904241562	737,5	-0,540780425071716	737,5	-0,561181426048279	1193,75	-0,483583360910416	1193,75	-0,565420866012573	737,5	-0,599311590194702	737,5	-0,637911021709442	1193,75	-0,680860936641693	1193,75	-0,746115624904633	737,5	-0,638792812824249	
1196,875	0,224987164139748	740,625	0,479544222354889	1196,875	0,25599130988121	740,625	0,482581913471222	740,625	0,465567857027054	1196,875	0,243833839893341	1196,875	0,17596398293972	740,625	0,460887104272842	740,625	0,496124118566513	1196,875	0,200416252017021	1196,875	0,219993680715561	740,625	0,532200574874878	740,625	0,583232045173645	1196,875	0,285162299871445	1196,875	0,369313985109329	740,625	0,634199023246765	1196,875	-0,234888672828674	740,625	-0,382481098175049	1196,875	-0,261809349060059	740,625	-0,432251662015915	740,625	-0,469224750995636	1196,875	-0,288026094436646	1196,875	-0,379157572984695	740,625	-0,538224875926971	740,625	-0,559102714061737	1196,875	-0,480110675096512	1196,875	-0,562025904655457	740,625	-0,598049581050873	740,625	-0,638762772083282	1196,875	-0,677056729793549	1196,875	-0,743318200111389	740,625	-0,639214396476746	
1200	0,226571440696716	743,75	0,47751322388649	1200	0,256040155887604	743,75	0,478646904230118	743,75	0,461629331111908	1200	0,241454094648361	1200	0,172448769211769	743,75	0,456423223018646	743,75	0,491594433784485	1200	0,19401490688324	1200	0,213030308485031	743,75	0,527467548847198	743,75	0,576782047748566	1200	0,276430070400238	1200	0,360112518072128	743,75	0,628128945827484	1200	-0,222130358219147	743,75	-0,382683575153351	1200	-0,259356677532196	743,75	-0,431097328662872	743,75	-0,468032628297806	1200	-0,288374781608582	1200	-0,378223836421967	743,75	-0,537097990512848	743,75	-0,558301210403442	1200	-0,478144317865372	1200	-0,562617182731628	743,75	-0,598074495792389	743,75	-0,640666127204895	1200	-0,678917706012726	1200	-0,747490763664246	743,75	-0,640649557113647	
1203,125	0,22942753136158	746,875	0,475653469562531	1203,125	0,25787541270256	746,875	0,476653277873993	746,875	0,459034085273743	1203,125	0,241485297679901	1203,125	0,172448843717575	746,875	0,453458666801453	746,875	0,489171713590622	1203,125	0,193608358502388	1203,125	0,212674736976624	746,875	0,526044011116028	746,875	0,573959529399872	1203,125	0,275775671005249	1203,125	0,358773320913315	746,875	0,627467036247253	1203,125	-0,215773299336433	746,875	-0,380763828754425	1203,125	-0,257253557443619	746,875	-0,434669971466064	746,875	-0,471777021884918	1203,125	-0,286586225032806	1203,125	-0,37601774930954	746,875	-0,542277574539185	746,875	-0,564074218273163	1203,125	-0,476041913032532	1203,125	-0,561173141002655	746,875	-0,60501629114151	746,875	-0,649594604969025	1203,125	-0,678874731063843	1203,125	-0,748729050159454	746,875	-0,648910343647003	
1206,25	0,229861587285995	750	0,47239363193512	1206,25	0,25983464717865	750	0,475690901279449	750	0,457966089248657	1206,25	0,242021679878235	1206,25	0,173007041215897	750	0,452253222465515	750	0,488105654716492	1206,25	0,194411754608154	1206,25	0,212932556867599	750	0,525717794895172	750	0,571622490882874	1206,25	0,275588601827621	1206,25	0,358524084091187	750	0,627058267593384	1206,25	-0,206816673278809	750	-0,377826541662216	1206,25	-0,254031836986542	750	-0,43450602889061	750	-0,471740752458572	1206,25	-0,283954322338104	1206,25	-0,372724711894989	750	-0,542345702648163	750	-0,564734220504761	1206,25	-0,471764266490936	1206,25	-0,557439208030701	750	-0,606496810913086	750	-0,651199460029602	1206,25	-0,673873245716095	1206,25	-0,742670357227325	750	-0,650625646114349	
1209,375	0,232252687215805	753,125	0,470524072647095	1209,375	0,260703057050705	753,125	0,475383967161179	753,125	0,457453817129135	1209,375	0,23943655192852	1209,375	0,168683856725693	753,125	0,452027261257172	753,125	0,487850099802017	1209,375	0,18856480717659	1209,375	0,205449610948563	753,125	0,526452422142029	753,125	0,569991409778595	1209,375	0,265543878078461	1209,375	0,347231954336166	753,125	0,626491844654083	1209,375	-0,200134545564651	753,125	-0,379963606595993	1209,375	-0,253444820642471	753,125	-0,432521939277649	753,125	-0,469960331916809	1209,375	-0,284062653779984	1209,375	-0,3735471367836	753,125	-0,540505766868591	753,125	-0,562777101993561	1209,375	-0,472370028495789	1209,375	-0,560208261013031	753,125	-0,604884684085846	753,125	-0,649954378604889	1209,375	-0,67915016412735	1209,375	-0,749041438102722	753,125	-0,649348616600037	
1212,5	0,235612720251083	756,25	0,469240307807922	1212,5	0,260702967643738	756,25	0,472724944353104	756,25	0,45459121465683	1212,5	0,238521680235863	1212,5	0,165482401847839	756,25	0,449536293745041	756,25	0,485260188579559	1212,5	0,184259787201881	1212,5	0,200613349676132	756,25	0,524650692939758	756,25	0,565548598766327	1212,5	0,260986626148224	1212,5	0,341909348964691	756,25	0,622880280017853	1212,5	-0,19426928460598	756,25	-0,380917876958847	1212,5	-0,252842247486115	756,25	-0,4313904941082	756,25	-0,468769907951355	1212,5	-0,283419579267502	1212,5	-0,371828258037567	756,25	-0,539174556732178	756,25	-0,561767578125	1212,5	-0,471517652273178	1212,5	-0,560212016105652	756,25	-0,604305267333984	756,25	-0,649850428104401	1212,5	-0,680526971817017	1212,5	-0,753727197647095	756,25	-0,649031937122345	
1215,625	0,240449085831642	759,375	0,470373779535294	1215,625	0,262320220470428	759,375	0,470261514186859	759,375	0,452641069889069	1215,625	0,239596471190453	1215,625	0,166939154267311	759,375	0,447674632072449	759,375	0,483818382024765	1215,625	0,18546487390995	1215,625	0,203278064727783	759,375	0,524428427219391	759,375	0,562767326831818	1215,625	0,265373647212982	1215,625	0,347577184438705	759,375	0,621727883815765	1215,625	-0,189054846763611	759,375	-0,380651295185089	1215,625	-0,250699520111084	759,375	-0,428070992231369	759,375	-0,465451180934906	1215,625	-0,281310796737671	1215,625	-0,370667964220047	759,375	-0,537073969841003	759,375	-0,559924483299255	1215,625	-0,469634413719177	1215,625	-0,558577477931976	759,375	-0,603238701820374	759,375	-0,647432267665863	1215,625	-0,678782045841217	1215,625	-0,750808477401733	759,375	-0,646359503269196	
1218,75	0,245026260614395	762,5	0,466820180416107	1218,75	0,262438833713531	762,5	0,470238894224167	762,5	0,452597498893738	1218,75	0,237281769514084	1218,75	0,164414271712303	762,5	0,447720289230347	762,5	0,483975797891617	1218,75	0,180798441171646	1218,75	0,198222905397415	762,5	0,526305437088013	762,5	0,562905430793762	1218,75	0,259000420570374	1218,75	0,342819809913635	762,5	0,62317430973053	1218,75	-0,183352470397949	762,5	-0,37742206454277	1218,75	-0,249089285731316	762,5	-0,429491639137268	762,5	-0,466952383518219	1218,75	-0,279938638210297	1218,75	-0,369426757097244	762,5	-0,538955867290497	762,5	-0,562392830848694	1218,75	-0,467910528182983	1218,75	-0,557543635368347	762,5	-0,606289505958557	762,5	-0,651191830635071	1218,75	-0,679452240467072	1218,75	-0,751685917377472	762,5	-0,650213181972504	
1221,875	0,248137608170509	765,625	0,466284185647964	1221,875	0,264457434415817	765,625	0,468700140714645	765,625	0,450867474079132	1221,875	0,238570734858513	1221,875	0,165019631385803	765,625	0,445863515138626	765,625	0,481667548418045	1221,875	0,181515663862228	1221,875	0,198238953948021	765,625	0,524310708045959	765,625	0,558441817760468	1221,875	0,259575217962265	1221,875	0,341057598590851	765,625	0,61928778886795	1221,875	-0,179591536521912	765,625	-0,376505464315414	1221,875	-0,247777879238129	765,625	-0,428393751382828	765,625	-0,465532332658768	1221,875	-0,278312087059021	1221,875	-0,367473542690277	765,625	-0,537428677082062	765,625	-0,561241567134857	1221,875	-0,465781956911087	1221,875	-0,555631279945374	765,625	-0,606796503067017	765,625	-0,650574326515198	1221,875	-0,677149057388306	1221,875	-0,750334739685059	765,625	-0,651020526885986	
1225	0,25193265080452	768,75	0,465347588062286	1225	0,266022145748138	768,75	0,464855134487152	768,75	0,446650475263596	1225	0,239093855023384	1225	0,165042012929916	768,75	0,440841138362885	768,75	0,476778954267502	1225	0,182262986898422	1225	0,198808804154396	768,75	0,520487666130066	768,75	0,552224338054657	1225	0,261154681444168	1225	0,342461884021759	768,75	0,614392638206482	1225	-0,177202254533768	768,75	-0,378238052129745	1225	-0,247738510370255	768,75	-0,429711371660233	768,75	-0,467038244009018	1225	-0,277966767549515	1225	-0,367109537124634	768,75	-0,539311647415161	768,75	-0,56397944688797	1225	-0,465512335300446	1225	-0,556789994239807	768,75	-0,612814843654633	768,75	-0,654923558235168	1225	-0,677684783935547	1225	-0,75177401304245	768,75	-0,656802654266357	
1228,125	0,255430400371552	771,875	0,462664246559143	1228,125	0,26417064666748	771,875	0,461945444345474	771,875	0,443340092897415	1228,125	0,236810639500618	1228,125	0,160849839448929	771,875	0,43689027428627	771,875	0,472391963005066	1228,125	0,175843849778175	1228,125	0,19035030901432	771,875	0,516422390937805	771,875	0,546029031276703	1228,125	0,251579791307449	1228,125	0,332314252853394	771,875	0,608516931533813	1228,125	-0,173746451735497	771,875	-0,376165986061096	1228,125	-0,24888126552105	771,875	-0,428454220294952	771,875	-0,465457886457443	1228,125	-0,27669695019722	1228,125	-0,365705788135529	771,875	-0,537374317646027	771,875	-0,56242173910141	1228,125	-0,463622689247131	1228,125	-0,556265830993652	771,875	-0,613354384899139	771,875	-0,653999745845795	1228,125	-0,67952698469162	1228,125	-0,755330383777618	771,875	-0,657653748989105	
1231,25	0,25659254193306	775	0,461939305067062	1231,25	0,26496547460556	775	0,462252795696259	775	0,443343818187714	1231,25	0,237352579832077	1231,25	0,161267161369324	775	0,437566429376602	775	0,473154097795486	1231,25	0,176727011799812	1231,25	0,191245004534721	775	0,518703043460846	775	0,546573638916016	1231,25	0,252863854169846	1231,25	0,334270805120468	775	0,609891831874847	1231,25	-0,170165985822678	775	-0,374208837747574	1231,25	-0,247733429074287	775	-0,427100479602814	775	-0,464516788721085	1231,25	-0,275597840547562	1231,25	-0,364555776119232	775	-0,537165522575378	775	-0,56273478269577	1231,25	-0,463501811027527	1231,25	-0,555578529834747	775	-0,615992188453674	775	-0,654640734195709	1231,25	-0,67860996723175	1231,25	-0,754352211952209	775	-0,658573031425476	
1234,375	0,258767455816269	778,125	0,460445195436478	1234,375	0,266369044780731	778,125	0,459100216627121	778,125	0,440543562173843	1234,375	0,237624317407608	1234,375	0,161410063505173	778,125	0,435036152601242	778,125	0,47104287147522	1234,375	0,177107527852058	1234,375	0,192734330892563	778,125	0,517639815807343	778,125	0,543745577335358	1234,375	0,254936128854752	1234,375	0,336972832679749	778,125	0,607315003871918	1234,375	-0,167642503976822	778,125	-0,372909992933273	1234,375	-0,246766731142998	778,125	-0,424774080514908	778,125	-0,462575674057007	1234,375	-0,274255782365799	1234,375	-0,36367654800415	778,125	-0,535570383071899	778,125	-0,561695992946625	1234,375	-0,462797492742538	1234,375	-0,555545508861542	778,125	-0,61813348531723	778,125	-0,653841257095337	1234,375	-0,678946912288666	1234,375	-0,754180431365967	778,125	-0,658145606517792	
1237,5	0,2619309425354	781,25	0,460202276706696	1237,5	0,265687823295593	781,25	0,456255227327347	781,25	0,437583535909653	1237,5	0,236153185367584	1237,5	0,158769816160202	781,25	0,431703686714172	781,25	0,467537492513657	1237,5	0,172998234629631	1237,5	0,187253162264824	781,25	0,514583826065063	781,25	0,539378583431244	1237,5	0,248014733195305	1237,5	0,32940736413002	781,25	0,603354275226593	1237,5	-0,166544318199158	781,25	-0,37300568819046	1237,5	-0,248914241790771	781,25	-0,425776958465576	781,25	-0,463671684265137	1237,5	-0,273553103208542	1237,5	-0,363776832818985	781,25	-0,536899030208588	781,25	-0,563970565795898	1237,5	-0,463213920593262	1237,5	-0,556873977184296	781,25	-0,62420529127121	781,25	-0,656481623649597	1237,5	-0,683140933513641	1237,5	-0,757253646850586	781,25	-0,662007808685303	
1240,625	0,264774322509766	784,375	0,457803279161453	1240,625	0,264687985181808	784,375	0,453009754419327	784,375	0,434347838163376	1240,625	0,236303508281708	1240,625	0,158287137746811	784,375	0,428300380706787	784,375	0,463850080966949	1240,625	0,172055765986443	1240,625	0,18623748421669	784,375	0,510031640529633	784,375	0,534311294555664	1240,625	0,246077626943588	1240,625	0,326454430818558	784,375	0,598486542701721	1240,625	-0,164951428771019	784,375	-0,37214732170105	1240,625	-0,248778462409973	784,375	-0,425372213125229	784,375	-0,463038295507431	1240,625	-0,27165761590004	1240,625	-0,361014425754547	784,375	-0,536493718624115	784,375	-0,564152777194977	1240,625	-0,461462140083313	1240,625	-0,553196251392365	784,375	-0,628119289875031	784,375	-0,65675675868988	1240,625	-0,679192185401917	1240,625	-0,753856360912323	784,375	-0,663325250148773	
1243,75	0,267172902822495	787,5	0,455517023801804	1243,75	0,263549834489822	787,5	0,450423151254654	787,5	0,43147873878479	1243,75	0,236386820673943	1243,75	0,155912324786186	787,5	0,425381392240524	787,5	0,460288763046265	1243,75	0,169617086648941	1243,75	0,183318421244621	787,5	0,504797637462616	787,5	0,529236555099487	1243,75	0,242274284362793	1243,75	0,323876291513443	787,5	0,593679010868073	1243,75	-0,162401348352432	787,5	-0,370806515216827	1243,75	-0,250089168548584	787,5	-0,425890982151031	787,5	-0,463626682758331	1243,75	-0,270910382270813	1243,75	-0,360142558813095	787,5	-0,536903738975525	787,5	-0,565644383430481	1243,75	-0,460683345794678	1243,75	-0,55391925573349	787,5	-0,634116768836975	787,5	-0,659313023090363	1243,75	-0,680742621421814	1243,75	-0,75802356004715	787,5	-0,667424201965332	
1246,875	0,268820941448212	790,625	0,455860078334808	1246,875	0,261330038309097	790,625	0,449107021093369	790,625	0,429660499095917	1246,875	0,236708074808121	1246,875	0,155785977840424	790,625	0,42445832490921	790,625	0,458711087703705	1246,875	0,167617335915565	1246,875	0,181794703006744	790,625	0,501074731349945	790,625	0,527513265609741	1246,875	0,24075248837471	1246,875	0,322411060333252	790,625	0,592760324478149	1246,875	-0,161249160766602	790,625	-0,370026379823685	1246,875	-0,249841034412384	790,625	-0,424389570951462	790,625	-0,462393581867218	1246,875	-0,269634485244751	1246,875	-0,35801488161087	790,625	-0,535905003547668	790,625	-0,565324187278748	1246,875	-0,459261357784271	1246,875	-0,552049994468689	790,625	-0,638592004776001	790,625	-0,659506976604462	1246,875	-0,680091977119446	1246,875	-0,757828414440155	790,625	-0,668133616447449	
1250	0,269951373338699	793,75	0,452184319496155	1250	0,258669972419739	793,75	0,450154423713684	793,75	0,430625915527344	1250	0,235066324472427	1250	0,154012426733971	793,75	0,425629705190659	793,75	0,459681332111359	1250	0,16456213593483	1250	0,178553089499474	793,75	0,49804612994194	793,75	0,528493940830231	1250	0,236204072833061	1250	0,317129105329514	793,75	0,594131886959076	1250	-0,161094576120377	793,75	-0,368640661239624	1250	-0,249161764979362	793,75	-0,422037243843079	793,75	-0,46014815568924	1250	-0,267904847860336	1250	-0,355239987373352	793,75	-0,534377574920654	793,75	-0,563988327980042	1250	-0,456673830747604	1250	-0,549026668071747	793,75	-0,639592111110687	793,75	-0,657782733440399	1250	-0,677124261856079	1250	-0,754975080490112	793,75	-0,666858017444611	
1253,125	0,271328389644623	796,875	0,451257616281509	1253,125	0,256939738988876	796,875	0,449045151472092	796,875	0,429727137088776	1253,125	0,234417349100113	1253,125	0,152402058243752	796,875	0,425214886665344	796,875	0,459233552217484	1253,125	0,161887511610985	1253,125	0,175779193639755	796,875	0,494244605302811	796,875	0,528804481029511	1253,125	0,233780667185783	1253,125	0,313457936048508	796,875	0,594985365867615	1253,125	-0,161041349172592	796,875	-0,369731664657593	1253,125	-0,250243216753006	796,875	-0,421834021806717	796,875	-0,460381686687469	1253,125	-0,268402576446533	1253,125	-0,355899661779404	796,875	-0,53559672832489	796,875	-0,565682947635651	1253,125	-0,458131104707718	1253,125	-0,550682842731476	796,875	-0,645042717456818	796,875	-0,659886717796326	1253,125	-0,68073296546936	1253,125	-0,760591089725494	796,875	-0,669393241405487	
1256,25	0,272098243236542	800	0,451503723859787	1256,25	0,2518649995327	800	0,447163820266724	800	0,427752584218979	1256,25	0,232857421040535	1256,25	0,149862065911293	800	0,423150986433029	800	0,456573128700256	1256,25	0,157074466347694	1256,25	0,170658677816391	800	0,487567633390427	800	0,524890780448914	1256,25	0,227285817265511	1256,25	0,306216925382614	800	0,590835213661194	1256,25	-0,159826517105103	800	-0,362928986549377	1256,25	-0,250351101160049	800	-0,422214597463608	800	-0,460601001977921	1256,25	-0,267245829105377	1256,25	-0,354322761297226	800	-0,535522639751434	800	-0,566082000732422	1256,25	-0,456232100725174	1256,25	-0,548974633216858	800	-0,64682811498642	800	-0,660895705223084	1256,25	-0,680110275745392	1256,25	-0,760183811187744	800	-0,672016382217407	
1259,375	0,272589802742004	803,125	0,447220921516418	1259,375	0,250538766384125	803,125	0,447328060865402	803,125	0,428049117326736	1259,375	0,233712717890739	1259,375	0,149824589490891	803,125	0,423825591802597	803,125	0,457801163196564	1259,375	0,156245097517967	1259,375	0,170625180006027	803,125	0,483862042427063	803,125	0,526436626911163	1259,375	0,227124392986298	1259,375	0,307155817747116	803,125	0,593688011169434	1259,375	-0,158411830663681	803,125	-0,362660050392151	1259,375	-0,248872831463814	803,125	-0,420231521129608	803,125	-0,459188520908356	1259,375	-0,266320198774338	1259,375	-0,352800935506821	803,125	-0,535370707511902	803,125	-0,566132068634033	1259,375	-0,454334706068039	1259,375	-0,548239409923553	803,125	-0,648030042648315	803,125	-0,662383675575256	1259,375	-0,67974066734314	1259,375	-0,759796619415283	803,125	-0,67349910736084	
1262,5	0,272426724433899	806,25	0,447404652833939	1262,5	0,248597353696823	806,25	0,444222241640091	806,25	0,424229830503464	1262,5	0,234759017825127	1262,5	0,150780498981476	806,25	0,421305179595947	806,25	0,454463541507721	1262,5	0,15558497607708	1262,5	0,171296417713165	806,25	0,475918412208557	806,25	0,521318912506104	1262,5	0,228416636586189	1262,5	0,307815194129944	806,25	0,587469577789307	1262,5	-0,158346816897392	806,25	-0,36635884642601	1262,5	-0,246460855007172	806,25	-0,421269208192825	806,25	-0,459437489509583	1262,5	-0,265253126621246	1262,5	-0,352129459381104	806,25	-0,535719931125641	806,25	-0,566925823688507	1262,5	-0,452537417411804	1262,5	-0,546927750110626	806,25	-0,649986803531647	806,25	-0,662412703037262	1262,5	-0,678743064403534	1262,5	-0,758831024169922	806,25	-0,674228608608246	
1265,625	0,273102849721909	809,375	0,445301502943039	1265,625	0,245967715978622	809,375	0,436369478702545	809,375	0,415833026170731	1265,625	0,235045582056046	1265,625	0,149755463004112	809,375	0,411591589450836	809,375	0,443596601486206	1265,625	0,153433725237846	1265,625	0,169511064887047	809,375	0,457539349794388	809,375	0,507112145423889	1265,625	0,22600631415844	1265,625	0,304872155189514	809,375	0,573417901992798	1265,625	-0,157677546143532	809,375	-0,365632653236389	1265,625	-0,244824230670929	809,375	-0,420559197664261	809,375	-0,45843505859375	1265,625	-0,264651387929916	1265,625	-0,351006060838699	809,375	-0,534939050674438	809,375	-0,566950798034668	1265,625	-0,451477408409119	1265,625	-0,546265542507172	809,375	-0,648691773414612	809,375	-0,665277123451233	1265,625	-0,677960515022278	1265,625	-0,759432852268219	809,375	-0,680023312568665	
1268,75	0,272726118564606	812,5	0,444031625986099	1268,75	0,242159217596054	812,5	0,440752506256104	812,5	0,420787751674652	1268,75	0,234295174479485	1268,75	0,148203328251839	812,5	0,418506115674973	812,5	0,450919210910797	1268,75	0,150283202528954	1268,75	0,166598185896873	812,5	0,463906764984131	812,5	0,515608668327332	1268,75	0,221528366208076	1268,75	0,300823390483856	812,5	0,58173668384552	1268,75	-0,157749086618423	812,5	-0,363944232463837	1268,75	-0,242671355605125	812,5	-0,419166684150696	812,5	-0,457483649253845	1268,75	-0,26467102766037	1268,75	-0,350364804267883	812,5	-0,534437358379364	812,5	-0,565899670124054	1268,75	-0,45032274723053	1268,75	-0,546197772026062	812,5	-0,646728217601776	812,5	-0,662866234779358	1268,75	-0,679282605648041	1268,75	-0,761802613735199	812,5	-0,676583528518677	
1271,875	0,27181276679039	815,625	0,442226856946945	1271,875	0,239808335900307	815,625	0,439276307821274	815,625	0,419596374034882	1271,875	0,233284816145897	1271,875	0,147253841161728	815,625	0,418453574180603	815,625	0,451415985822678	1271,875	0,148064762353897	1271,875	0,164922341704369	815,625	0,461403280496597	815,625	0,516899466514587	1271,875	0,218813061714172	1271,875	0,297820597887039	815,625	0,583545088768005	1271,875	-0,156364217400551	815,625	-0,362755328416824	1271,875	-0,239478886127472	815,625	-0,416762739419937	815,625	-0,455518364906311	1271,875	-0,263446420431137	1271,875	-0,348238438367844	815,625	-0,5337975025177	815,625	-0,565839827060699	1271,875	-0,446976065635681	1271,875	-0,543364822864532	815,625	-0,645416736602783	815,625	-0,662513256072998	1271,875	-0,676848471164703	1271,875	-0,758995771408081	815,625	-0,675752341747284	
1275	0,271985858678818	818,75	0,443874388933182	1275	0,236984208226204	818,75	0,434386849403381	818,75	0,414508819580078	1275	0,233100816607475	1275	0,146219104528427	818,75	0,413071513175964	818,75	0,445175051689148	1275	0,145742401480675	1275	0,163314029574394	818,75	0,451383799314499	818,75	0,507572531700134	1275	0,217218026518822	1275	0,296761244535446	818,75	0,573588609695435	1275	-0,15482035279274	818,75	-0,359091758728027	1275	-0,23740465939045	818,75	-0,416321963071823	818,75	-0,454431563615799	1275	-0,263104945421219	1275	-0,347971141338348	818,75	-0,533143639564514	818,75	-0,565885543823242	1275	-0,445998698472977	1275	-0,543765544891357	818,75	-0,643201410770416	818,75	-0,663717448711395	1275	-0,677921116352081	1275	-0,75979745388031	818,75	-0,67851334810257	
1278,125	0,272490739822388	821,875	0,444149225950241	1278,125	0,235685929656029	821,875	0,434510380029678	821,875	0,414463579654694	1278,125	0,233264371752739	1278,125	0,145001173019409	821,875	0,414328932762146	821,875	0,446009695529938	1278,125	0,143506124615669	1278,125	0,160957917571068	821,875	0,450078934431076	821,875	0,507085084915161	1278,125	0,213641241192818	1278,125	0,292971581220627	821,875	0,573130130767822	1278,125	-0,152969032526016	821,875	-0,358872920274735	1278,125	-0,23295222222805	821,875	-0,414362907409668	821,875	-0,452805280685425	1278,125	-0,262633442878723	1278,125	-0,346300333738327	821,875	-0,531925618648529	821,875	-0,564764201641083	1278,125	-0,443423449993134	1278,125	-0,542701423168182	821,875	-0,639917194843292	821,875	-0,662903487682343	1278,125	-0,676868557929993	1278,125	-0,760321974754334	821,875	-0,677919507026672	
1281,25	0,269408971071243	825	0,443042516708374	1281,25	0,234066739678383	825	0,438301771879196	825	0,418158292770386	1281,25	0,233081206679344	1281,25	0,143542557954788	825	0,419753730297089	825	0,451738178730011	1281,25	0,141720935702324	1281,25	0,158673763275146	825	0,454974293708801	825	0,513658285140991	1281,25	0,210952043533325	1281,25	0,290205419063568	825	0,580662965774536	1281,25	-0,152875348925591	825	-0,35683485865593	1281,25	-0,230410501360893	825	-0,411409020423889	825	-0,450730562210083	1281,25	-0,26269856095314	1281,25	-0,346264094114304	825	-0,530912101268768	825	-0,563953936100006	1281,25	-0,442966043949127	1281,25	-0,542966067790985	825	-0,637789905071259	825	-0,6618332862854	1281,25	-0,678684592247009	1281,25	-0,763302743434906	825	-0,676413118839264	
1284,375	0,268267780542374	828,125	0,442757546901703	1284,375	0,233863353729248	828,125	0,435318559408188	828,125	0,415038168430328	1284,375	0,233780071139336	1284,375	0,143693014979362	828,125	0,417187362909317	828,125	0,448581099510193	1284,375	0,141794309020042	1284,375	0,158732786774635	828,125	0,449597001075745	828,125	0,509248077869415	1284,375	0,210851684212685	1284,375	0,290665864944458	828,125	0,576978981494904	1284,375	-0,150568768382072	828,125	-0,355580627918243	1284,375	-0,227140322327614	828,125	-0,410323947668076	828,125	-0,449312269687653	1284,375	-0,261683076620102	1284,375	-0,345197945833206	828,125	-0,531152188777924	828,125	-0,564866423606873	1284,375	-0,440661549568176	1284,375	-0,541501402854919	828,125	-0,636360228061676	828,125	-0,662512362003326	1284,375	-0,677814483642578	1284,375	-0,762227118015289	828,125	-0,677771806716919	
1287,5	0,26710644364357	831,25	0,438894122838974	1287,5	0,233260050415993	831,25	0,434925466775894	831,25	0,41427755355835	1287,5	0,233750775456429	1287,5	0,142384767532349	831,25	0,417944490909576	831,25	0,447576463222504	1287,5	0,140348792076111	1287,5	0,157123178243637	831,25	0,448230743408203	831,25	0,505886137485504	1287,5	0,208897098898888	1287,5	0,288826197385788	831,25	0,571874856948853	1287,5	-0,149384677410126	831,25	-0,354649156332016	1287,5	-0,224640697240829	831,25	-0,396948307752609	831,25	-0,434831529855728	1287,5	-0,26204127073288	1287,5	-0,345340222120285	831,25	-0,517004311084747	831,25	-0,55095773935318	1287,5	-0,440135776996613	1287,5	-0,542114794254303	831,25	-0,616485834121704	831,25	-0,643708646297455	1287,5	-0,679412364959717	1287,5	-0,764783203601837	831,25	-0,658170878887177	
1290,625	0,266619890928268	834,375	0,439412415027618	1290,625	0,231511652469635	834,375	0,42612361907959	834,375	0,405244708061218	1290,625	0,232981368899345	1290,625	0,13984152674675	834,375	0,409734219312668	834,375	0,439084619283676	1290,625	0,136794656515121	1290,625	0,153022453188896	834,375	0,434674054384232	834,375	0,493561655282974	1290,625	0,204383373260498	1290,625	0,28372523188591	834,375	0,55891752243042	1290,625	-0,146643191576004	834,375	-0,353620648384094	1290,625	-0,221539154648781	834,375	-0,406334608793259	834,375	-0,444403797388077	1290,625	-0,262352377176285	1290,625	-0,344244211912155	834,375	-0,527280449867249	834,375	-0,563304781913757	1290,625	-0,438040345907211	1290,625	-0,542088747024536	834,375	-0,628681123256683	834,375	-0,658155977725983	1290,625	-0,679669857025146	1290,625	-0,765688598155975	834,375	-0,674872875213623	
1293,75	0,265751123428345	837,5	0,439141094684601	1293,75	0,23136305809021	837,5	0,427017718553543	837,5	0,406175822019577	1293,75	0,232577279210091	1293,75	0,139470010995865	837,5	0,411909431219101	837,5	0,44131463766098	1293,75	0,136642321944237	1293,75	0,153062880039215	837,5	0,435118138790131	837,5	0,495387375354767	1293,75	0,203913629055023	1293,75	0,282359451055527	837,5	0,561522305011749	1293,75	-0,143053770065308	837,5	-0,353583455085754	1293,75	-0,218367964029312	837,5	-0,411074727773666	837,5	-0,449900954961777	1293,75	-0,260895311832428	1293,75	-0,34232622385025	837,5	-0,534194111824036	837,5	-0,571247220039368	1293,75	-0,435100704431534	1293,75	-0,539435386657715	837,5	-0,635740995407104	837,5	-0,666821360588074	1293,75	-0,676788032054901	1293,75	-0,763246774673462	837,5	-0,684228956699371	
1296,875	0,264718145132065	840,625	0,439043760299683	1296,875	0,231121763586998	840,625	0,425250768661499	840,625	0,404388666152954	1296,875	0,231491044163704	1296,875	0,136981800198555	840,625	0,411200195550919	840,625	0,439682990312576	1296,875	0,134084492921829	1296,875	0,149575382471085	840,625	0,431605577468872	840,625	0,492115408182144	1296,875	0,199018448591232	1296,875	0,27754545211792	840,625	0,558737814426422	1296,875	-0,141402587294579	840,625	-0,354181677103043	1296,875	-0,215532287955284	840,625	-0,410841584205627	840,625	-0,450453996658325	1296,875	-0,261195749044418	1296,875	-0,340481758117676	840,625	-0,536787569522858	840,625	-0,575056195259094	1296,875	-0,432416617870331	1296,875	-0,537788867950439	840,625	-0,637349963188171	840,625	-0,670035302639008	1296,875	-0,676130771636963	1296,875	-0,763678371906281	840,625	-0,68866091966629	
1300	0,264686822891235	843,75	0,437311470508575	1300	0,230546981096268	843,75	0,422023087739944	843,75	0,400748074054718	1300	0,232501864433289	1300	0,135909512639046	843,75	0,409379959106445	843,75	0,435458391904831	1300	0,132970824837685	1300	0,148521423339844	843,75	0,425752401351929	843,75	0,485105365514755	1300	0,198123678565025	1300	0,277416616678238	843,75	0,551202178001404	1300	-0,138116464018822	843,75	-0,353190034627914	1300	-0,214433252811432	843,75	-0,407219856977463	843,75	-0,446408927440643	1300	-0,262924015522003	1300	-0,342318564653397	843,75	-0,535521328449249	843,75	-0,574981272220612	1300	-0,43369933962822	1300	-0,541614711284637	843,75	-0,632938921451569	843,75	-0,667083203792572	1300	-0,68124520778656	1300	-0,769680917263031	843,75	-0,686577260494232	
1303,125	0,265422463417053	846,875	0,435947835445404	1303,125	0,229597985744476	846,875	0,424784868955612	846,875	0,40353798866272	1303,125	0,231770023703575	1303,125	0,133454918861389	846,875	0,413994967937469	846,875	0,439390629529953	1303,125	0,130800619721413	1303,125	0,14597561955452	846,875	0,428619921207428	846,875	0,488222628831863	1303,125	0,195155993103981	1303,125	0,274098962545395	846,875	0,554403245449066	1303,125	-0,135487243533134	846,875	-0,348582178354263	1303,125	-0,211696863174438	846,875	-0,409402132034302	846,875	-0,448538690805435	1303,125	-0,26324737071991	1303,125	-0,341634422540665	846,875	-0,539396405220032	846,875	-0,579759657382965	1303,125	-0,43283748626709	1303,125	-0,54164069890976	846,875	-0,635573506355286	846,875	-0,67073655128479	1303,125	-0,682233870029449	1303,125	-0,770491302013397	846,875	-0,690695822238922	
1306,25	0,265606671571732	850	0,43693146109581	1306,25	0,230427235364914	850	0,4243443608284	850	0,402466118335724	1306,25	0,231546953320503	1306,25	0,133030816912651	850	0,414246827363968	850	0,437765002250671	1306,25	0,130533397197723	1306,25	0,145253777503967	850	0,426313757896423	850	0,486507773399353	1306,25	0,19421760737896	1306,25	0,273479759693146	850	0,55325186252594	1306,25	-0,133143872022629	850	-0,346839934587479	1306,25	-0,209083452820778	850	-0,408449560403824	850	-0,447971969842911	1306,25	-0,262637406587601	1306,25	-0,339383333921433	850	-0,543190479278564	850	-0,584811866283417	1306,25	-0,429509550333023	1306,25	-0,538461685180664	850	-0,636573374271393	850	-0,673984527587891	1306,25	-0,6796595454216	1306,25	-0,767798781394959	850	-0,694695770740509	
1309,375	0,266088664531708	853,125	0,437388688325882	1309,375	0,230195984244347	853,125	0,425923436880112	853,125	0,404010772705078	1309,375	0,230607390403748	1309,375	0,130827888846397	853,125	0,417509764432907	853,125	0,438187599182129	1309,375	0,128801688551903	1309,375	0,142321690917015	853,125	0,428254395723343	853,125	0,488146185874939	1309,375	0,190458208322525	1309,375	0,268034130334854	853,125	0,555866241455078	1309,375	-0,129699110984802	853,125	-0,349389374256134	1309,375	-0,206785440444946	853,125	-0,404106885194778	853,125	-0,443907499313354	1309,375	-0,263262361288071	1309,375	-0,337344229221344	853,125	-0,543443858623505	853,125	-0,585629105567932	1309,375	-0,426649749279022	1309,375	-0,5370192527771	853,125	-0,632762491703033	853,125	-0,671287596225739	1309,375	-0,678258240222931	1309,375	-0,767410099506378	853,125	-0,692249596118927	
1312,5	0,267604559659958	856,25	0,434415549039841	1312,5	0,229428708553314	856,25	0,42403918504715	856,25	0,402977496385574	1312,5	0,229920387268066	1312,5	0,128707513213158	856,25	0,41987133026123	856,25	0,437467247247696	1312,5	0,127076596021652	1312,5	0,139986753463745	856,25	0,429251372814178	856,25	0,489027172327042	1312,5	0,187958315014839	1312,5	0,265823215246201	856,25	0,556220173835754	1312,5	-0,127387896180153	856,25	-0,347084492444992	1312,5	-0,205137223005295	856,25	-0,400264292955399	856,25	-0,439720064401627	1312,5	-0,264615565538406	1312,5	-0,336149543523788	856,25	-0,542473793029785	856,25	-0,584315180778503	1312,5	-0,426088273525238	1312,5	-0,536955296993256	856,25	-0,626842737197876	856,25	-0,6643345952034	1312,5	-0,678610980510712	1312,5	-0,768656432628632	856,25	-0,684205889701843	
1315,625	0,267292052507401	859,375	0,4328633248806	1315,625	0,228907376527786	859,375	0,421037018299103	859,375	0,399782955646515	1315,625	0,229953929781914	1315,625	0,127626523375511	859,375	0,416249573230743	859,375	0,429666668176651	1315,625	0,126385241746902	1315,625	0,139358043670654	859,375	0,423591405153275	859,375	0,482958376407623	1315,625	0,187039270997047	1315,625	0,265583336353302	859,375	0,549154758453369	1315,625	-0,123922616243362	859,375	-0,345564931631088	1315,625	-0,203622326254845	859,375	-0,396480709314346	859,375	-0,435741007328033	1315,625	-0,265753328800201	1315,625	-0,33563506603241	859,375	-0,543248653411865	859,375	-0,584017395973206	1315,625	-0,425894558429718	1315,625	-0,537399172782898	859,375	-0,62190568447113	859,375	-0,660591900348663	1315,625	-0,679482698440552	1315,625	-0,769690275192261	859,375	-0,681123495101929	
1318,75	0,267641335725784	862,5	0,433372765779495	1318,75	0,228031799197197	862,5	0,419607430696487	862,5	0,397903352975845	1318,75	0,227623969316483	1318,75	0,125627651810646	862,5	0,414775818586349	862,5	0,423943996429443	1318,75	0,12441972643137	1318,75	0,136271148920059	862,5	0,419893383979797	862,5	0,4792200922966	1318,75	0,183134749531746	1318,75	0,260821849107742	862,5	0,545807421207428	1318,75	-0,121788546442986	862,5	-0,343451708555222	1318,75	-0,20010732114315	862,5	-0,39792612195015	862,5	-0,437252432107925	1318,75	-0,265918999910355	1318,75	-0,332188874483109	862,5	-0,551000773906708	862,5	-0,590900599956512	1318,75	-0,422144830226898	1318,75	-0,534208655357361	862,5	-0,625053346157074	862,5	-0,665200531482697	1318,75	-0,676423132419586	1318,75	-0,767578661441803	862,5	-0,686968743801117	
1321,875	0,269645720720291	865,625	0,434957057237625	1321,875	0,227777644991875	865,625	0,420158088207245	865,625	0,398418426513672	1321,875	0,226790577173233	1321,875	0,12555593252182	865,625	0,415414750576019	865,625	0,420516133308411	1321,875	0,12457100301981	1321,875	0,136076480150223	865,625	0,420170396566391	865,625	0,479070156812668	1321,875	0,182583764195442	1321,875	0,260157287120819	865,625	0,545770645141602	1321,875	-0,120162636041641	865,625	-0,337721079587936	1321,875	-0,198275074362755	865,625	-0,398312032222748	865,625	-0,437721192836761	1321,875	-0,266047805547714	1321,875	-0,33078408241272	865,625	-0,55795681476593	865,625	-0,594987154006958	1321,875	-0,420453280210495	1321,875	-0,532983601093292	865,625	-0,626093685626984	865,625	-0,667112588882446	1321,875	-0,675570785999298	1321,875	-0,767131686210632	865,625	-0,688982903957367	
1325	0,270448178052902	868,75	0,431308537721634	1325	0,227868974208832	868,75	0,421716392040253	868,75	0,399738162755966	1325	0,224898234009743	1325	0,124019354581833	868,75	0,416766881942749	868,75	0,418190389871597	1325	0,124073311686516	1325	0,134582161903381	868,75	0,421829640865326	868,75	0,480298429727554	1325	0,180136322975159	1325	0,258050918579102	868,75	0,546997547149658	1325	-0,11851866543293	868,75	-0,340620189905167	1325	-0,196144387125969	868,75	-0,398194342851639	868,75	-0,437720894813538	1325	-0,26792123913765	1325	-0,329469442367554	868,75	-0,563898742198944	868,75	-0,597809731960297	1325	-0,419535398483276	1325	-0,532982051372528	868,75	-0,626307427883148	868,75	-0,668037950992584	1325	-0,676551401615143	1325	-0,768551290035248	868,75	-0,690003037452698	
1328,125	0,271331161260605	871,875	0,431939154863358	1328,125	0,227086022496223	871,875	0,417658388614655	871,875	0,39584481716156	1328,125	0,222517475485802	1328,125	0,122000977396965	871,875	0,41029417514801	871,875	0,407324582338333	1328,125	0,121466562151909	1328,125	0,131771802902222	871,875	0,416131883859634	871,875	0,47464582324028	1328,125	0,176594376564026	1328,125	0,253862202167511	871,875	0,541391730308533	1328,125	-0,116701044142246	871,875	-0,34253403544426	1328,125	-0,193668693304062	871,875	-0,398961395025253	871,875	-0,438396245241165	1328,125	-0,270997107028961	1328,125	-0,328244239091873	871,875	-0,574052155017853	871,875	-0,601997137069702	1328,125	-0,418753027915955	1328,125	-0,533210515975952	871,875	-0,628087282180786	871,875	-0,670884251594543	1328,125	-0,676815330982208	1328,125	-0,770437777042389	871,875	-0,693824350833893	
1331,25	0,272564589977264	875	0,433664560317993	1331,25	0,226481273770332	875	0,418715804815292	875	0,396957874298096	1331,25	0,21986711025238	1331,25	0,120869606733322	875	0,403754770755768	875	0,402196288108826	1331,25	0,120228178799152	1331,25	0,129418268799782	875	0,415313422679901	875	0,472433596849442	1331,25	0,174378782510757	1331,25	0,250732153654099	875	0,5381760597229	1331,25	-0,114864878356457	875	-0,339674055576324	1331,25	-0,190805450081825	875	-0,392704576253891	875	-0,431981563568115	1331,25	-0,271186977624893	1331,25	-0,325825423002243	875	-0,572058081626892	875	-0,593201339244843	1331,25	-0,416297018527985	1331,25	-0,531102180480957	875	-0,620615243911743	875	-0,663256227970123	1331,25	-0,67498105764389	1331,25	-0,768553793430328	875	-0,686687290668488	
1334,375	0,273456543684006	878,125	0,432045429944992	1334,375	0,225027784705162	878,125	0,41548565030098	878,125	0,393482267856598	1334,375	0,215435922145844	1334,375	0,118104048073292	878,125	0,397028148174286	878,125	0,39416515827179	1334,375	0,117170430719852	1334,375	0,12512780725956	878,125	0,412968635559082	878,125	0,470414996147156	1334,375	0,169522359967232	1334,375	0,245306357741356	878,125	0,53720635175705	1334,375	-0,113325893878937	878,125	-0,339421987533569	1334,375	-0,188616871833801	878,125	-0,393665134906769	878,125	-0,433671146631241	1334,375	-0,273944318294525	1334,375	-0,32485619187355	878,125	-0,583391785621643	878,125	-0,597236394882202	1334,375	-0,41619074344635	1334,375	-0,532280325889587	878,125	-0,624744355678558	878,125	-0,667707860469818	1334,375	-0,677199363708496	1334,375	-0,771531879901886	878,125	-0,691302716732025	
1337,5	0,274199187755585	881,25	0,431375920772552	1337,5	0,226118832826614	881,25	0,413658499717712	881,25	0,39156973361969	1337,5	0,213570088148117	1337,5	0,118396237492561	881,25	0,385755479335785	881,25	0,385699093341827	1337,5	0,117525324225426	1337,5	0,12540291249752	881,25	0,408858209848404	881,25	0,465329855680466	1337,5	0,16955640912056	1337,5	0,245886385440826	881,25	0,531805634498596	1337,5	-0,111556470394135	881,25	-0,33793106675148	1337,5	-0,185567706823349	881,25	-0,391577363014221	881,25	-0,431008994579315	1337,5	-0,273688048124313	1337,5	-0,322992473840714	881,25	-0,586987972259521	881,25	-0,593565702438354	1337,5	-0,414309173822403	1337,5	-0,530844569206238	881,25	-0,623181641101837	881,25	-0,666629016399384	1337,5	-0,67565780878067	1337,5	-0,770276188850403	881,25	-0,69125097990036	
1340,625	0,275334119796753			1340,625	0,226781591773033					1340,625	0,209074765443802	1340,625	0,117580376565456					1340,625	0,116324126720428	1340,625	0,123091526329517					1340,625	0,16648380458355	1340,625	0,242054492235184			1340,625	-0,109986446797848			1340,625	-0,182541891932487					1340,625	-0,272865176200867	1340,625	-0,320171982049942					1340,625	-0,411713510751724	1340,625	-0,528487324714661					1340,625	-0,673250615596771	1340,625	-0,76828932762146			
1343,75	0,277000159025192			1343,75	0,228064179420471					1343,75	0,206055670976639	1343,75	0,117206439375877					1343,75	0,116370096802711	1343,75	0,122809626162052					1343,75	0,166189983487129	1343,75	0,241529360413551			1343,75	-0,108578994870186			1343,75	-0,180237963795662					1343,75	-0,273231565952301	1343,75	-0,319358885288239					1343,75	-0,411132484674454	1343,75	-0,529016435146332					1343,75	-0,674183428287506	1343,75	-0,769873321056366			
1346,875	0,277613669633865			1346,875	0,228381484746933					1346,875	0,200851619243622	1346,875	0,115585133433342					1346,875	0,114396296441555	1346,875	0,1200250685215					1346,875	0,162678584456444	1346,875	0,23732103407383			1346,875	-0,107451692223549			1346,875	-0,177355155348778					1346,875	-0,271805286407471	1346,875	-0,316772222518921					1346,875	-0,408524304628372	1346,875	-0,527100265026093					1346,875	-0,67242830991745	1346,875	-0,768793284893036			
1350	0,278201311826706			1350	0,228932574391365					1350	0,195842266082764	1350	0,114238426089287					1350	0,112670831382275	1350	0,1178839802742					1350	0,160139590501785	1350	0,235193341970444			1350	-0,106390990316868			1350	-0,175911739468575					1350	-0,271965086460114	1350	-0,31604540348053					1350	-0,408342093229294	1350	-0,527589082717896					1350	-0,673551201820374	1350	-0,771151304244995			
1353,125	0,278988659381866			1353,125	0,230397507548332					1353,125	0,192615866661072	1353,125	0,114534981548786					1353,125	0,112825833261013	1353,125	0,117707386612892					1353,125	0,159827128052711	1353,125	0,23492993414402			1353,125	-0,105007834732533			1353,125	-0,174442976713181					1353,125	-0,271094053983688	1353,125	-0,315224587917328					1353,125	-0,407857894897461	1353,125	-0,527588248252869					1353,125	-0,67366361618042	1353,125	-0,77173238992691			
1356,25	0,279888182878494			1356,25	0,231128811836243					1356,25	0,185394495725632	1356,25	0,111644849181175					1356,25	0,108892194926739	1356,25	0,112346678972244					1356,25	0,153591305017471	1356,25	0,227931931614876			1356,25	-0,103417746722698			1356,25	-0,173337087035179					1356,25	-0,270213812589645	1356,25	-0,314447671175003					1356,25	-0,407546550035477	1356,25	-0,529276311397552					1356,25	-0,676628887653351	1356,25	-0,775815963745117			
1359,375	0,280555993318558			1359,375	0,231497064232826					1359,375	0,183077961206436	1359,375	0,111521638929844					1359,375	0,109262846410275	1359,375	0,111733362078667					1359,375	0,152995869517326	1359,375	0,226743400096893			1359,375	-0,102784112095833			1359,375	-0,171670243144035					1359,375	-0,265043973922729	1359,375	-0,311345040798187					1359,375	-0,404295146465302	1359,375	-0,525535404682159					1359,375	-0,672337472438812	1359,375	-0,771518111228943			
1362,5	0,281255096197128			1362,5	0,231681540608406					1362,5	0,17902484536171	1362,5	0,110243178904057					1362,5	0,107687719166279	1362,5	0,109309516847134					1362,5	0,150279656052589	1362,5	0,223491474986076			1362,5	-0,101569354534149			1362,5	-0,170069605112076					1362,5	-0,26124182343483	1362,5	-0,309831023216248					1362,5	-0,402581512928009	1362,5	-0,524472057819366					1362,5	-0,671608567237854	1362,5	-0,771259725093842			
1365,625	0,281553775072098			1365,625	0,232167854905128					1365,625	0,175717040896416	1365,625	0,109343618154526					1365,625	0,106505066156387	1365,625	0,107369765639305					1365,625	0,148662924766541	1365,625	0,221930861473083			1365,625	-0,100407376885414			1365,625	-0,168864905834198					1365,625	-0,25835320353508	1365,625	-0,309140503406525					1365,625	-0,402379482984543	1365,625	-0,524801313877106					1365,625	-0,672461986541748	1365,625	-0,772401869297028			
1368,75	0,282185971736908			1368,75	0,233124405145645					1368,75	0,17386919260025	1368,75	0,109021008014679					1368,75	0,106287956237793	1368,75	0,106207884848118					1368,75	0,147603660821915	1368,75	0,220603004097939			1368,75	-0,0986188277602196			1368,75	-0,167511180043221					1368,75	-0,254490941762924	1368,75	-0,307286322116852					1368,75	-0,401066362857819	1368,75	-0,52337521314621					1368,75	-0,671296238899231	1368,75	-0,771409392356873			
1371,875	0,283498764038086			1371,875	0,233211368322372					1371,875	0,169923022389412	1371,875	0,106949716806412					1371,875	0,104125872254372	1371,875	0,102724634110928					1371,875	0,14348928630352	1371,875	0,216206267476082			1371,875	-0,0975343436002731			1371,875	-0,1663888245821					1371,875	-0,250180751085281	1371,875	-0,305692106485367					1371,875	-0,399827063083649	1371,875	-0,5230393409729					1371,875	-0,671657681465149	1371,875	-0,772698104381561			
1375	0,283868730068207			1375	0,233582675457001					1375	0,167158678174019	1375	0,105217486619949					1375	0,102690197527409	1375	0,100597411394119					1375	0,141558781266212	1375	0,214344099164009			1375	-0,0963824242353439			1375	-0,165836498141289					1375	-0,247682526707649	1375	-0,305727005004883					1375	-0,400632202625275	1375	-0,524611592292786					1375	-0,67411071062088	1375	-0,776048123836517			
1378,125	0,284780979156494			1378,125	0,234170615673065					1378,125	0,166390910744667	1378,125	0,105111166834831					1378,125	0,102334342896938	1378,125	0,100252635776997					1378,125	0,141972944140434	1378,125	0,214584916830063			1378,125	-0,0953571125864983			1378,125	-0,164932072162628					1378,125	-0,244655147194862	1378,125	-0,304541975259781					1378,125	-0,400257080793381	1378,125	-0,52439934015274					1378,125	-0,674558997154236	1378,125	-0,776609182357788			
1381,25	0,285216867923737			1381,25	0,233236089348793					1381,25	0,163152918219566	1381,25	0,101767003536224					1381,25	0,0979055091738701	1381,25	0,0938116759061813					1381,25	0,134336873888969	1381,25	0,20594584941864			1381,25	-0,0936149880290031			1381,25	-0,164088815450668					1381,25	-0,239192485809326	1381,25	-0,301781535148621					1381,25	-0,398264646530151	1381,25	-0,523327887058258					1381,25	-0,674858450889587	1381,25	-0,77737557888031			
1384,375	0,286080032587051			1384,375	0,234138205647469					1384,375	0,162642613053322	1384,375	0,101753830909729					1384,375	0,0972671061754227	1384,375	0,0929803475737572					1384,375	0,133219927549362	1384,375	0,205192551016808			1384,375	-0,0928177163004875			1384,375	-0,162739470601082					1384,375	-0,235797479748726	1384,375	-0,300780326128006					1384,375	-0,397811889648438	1384,375	-0,522816181182861					1384,375	-0,675009667873383	1384,375	-0,778020918369293			
1387,5	0,286762267351151			1387,5	0,234535470604897					1387,5	0,163224756717682	1387,5	0,102090708911419					1387,5	0,0974306836724281	1387,5	0,0929021015763283					1387,5	0,133449703454971	1387,5	0,205647751688957			1387,5	-0,0921240895986557			1387,5	-0,16105605661869					1387,5	-0,231792643666267	1387,5	-0,298558980226517					1387,5	-0,395970463752747	1387,5	-0,520879030227661					1387,5	-0,673472285270691	1387,5	-0,776649475097656			
1390,625	0,288265287876129			1390,625	0,234492719173431					1390,625	0,16356472671032	1390,625	0,101666525006294					1390,625	0,095949612557888	1390,625	0,0906371176242828					1390,625	0,130746200680733	1390,625	0,202382251620293			1390,625	-0,0915320441126823			1390,625	-0,159632354974747					1390,625	-0,227816522121429	1390,625	-0,295817464590073					1390,625	-0,393367856740952	1390,625	-0,517974436283112					1390,625	-0,670846223831177	1390,625	-0,77433568239212			
1393,75	0,289072543382645			1393,75	0,234337896108627					1393,75	0,163102209568024	1393,75	0,100714482367039					1393,75	0,0939745381474495	1393,75	0,0878068655729294					1393,75	0,127514138817787	1393,75	0,198544770479202			1393,75	-0,0901228711009026			1393,75	-0,158574357628822					1393,75	-0,224314585328102	1393,75	-0,294085830450058					1393,75	-0,391583025455475	1393,75	-0,516389667987823					1393,75	-0,66970282793045	1393,75	-0,773329257965088			
1396,875	0,289859563112259			1396,875	0,234369397163391					1396,875	0,162661537528038	1396,875	0,0992922559380531					1396,875	0,0925778299570084	1396,875	0,0854814797639847					1396,875	0,124881498515606	1396,875	0,196027755737305			1396,875	-0,0902388319373131			1396,875	-0,157751113176346					1396,875	-0,221437811851501	1396,875	-0,292859196662903					1396,875	-0,39102891087532	1396,875	-0,516007423400879					1396,875	-0,670368254184723	1396,875	-0,77466231584549			
1400	0,289703756570816			1400	0,235013619065285					1400	0,163369476795197	1400	0,099379189312458					1400	0,0919415056705475	1400	0,0840527638792992					1400	0,122493498027325	1400	0,193277463316917			1400	-0,0897559002041817			1400	-0,156101047992706					1400	-0,217647761106491	1400	-0,290631592273712					1400	-0,388676941394806	1400	-0,513503968715668					1400	-0,668314397335052	1400	-0,773139774799347			
1403,125	0,290777236223221			1403,125	0,235197275876999					1403,125	0,163003087043762	1403,125	0,0984071716666222					1403,125	0,0900635719299316	1403,125	0,081958219408989					1403,125	0,119926817715168	1403,125	0,19086192548275			1403,125	-0,0888670533895493			1403,125	-0,155362486839294					1403,125	-0,215307265520096	1403,125	-0,289760172367096					1403,125	-0,388220638036728	1403,125	-0,514117658138275					1403,125	-0,669820427894592	1403,125	-0,775254368782043			
1406,25	0,291068613529205			1406,25	0,234997242689133					1406,25	0,162427946925163	1406,25	0,0971549153327942					1406,25	0,0884145498275757	1406,25	0,0796507894992828					1406,25	0,117495395243168	1406,25	0,188895881175995			1406,25	-0,0882677733898163			1406,25	-0,15472711622715					1406,25	-0,213161766529083	1406,25	-0,288948833942413					1406,25	-0,387910187244415	1406,25	-0,514482080936432					1406,25	-0,670736193656921	1406,25	-0,776902139186859			
1409,375	0,291410446166992			1409,375	0,234781429171562					1409,375	0,162213534116745	1409,375	0,095814548432827					1409,375	0,0861298441886902	1409,375	0,0762861296534538					1409,375	0,113952226936817	1409,375	0,184708759188652			1409,375	-0,0875837057828903			1409,375	-0,153838321566582					1409,375	-0,210306629538536	1409,375	-0,287004768848419					1409,375	-0,385996490716934	1409,375	-0,512788772583008					1409,375	-0,669646263122559	1409,375	-0,776793479919434			
1412,5	0,292326360940933			1412,5	0,235073864459991					1412,5	0,163262560963631	1412,5	0,0961903482675552					1412,5	0,0861359611153603	1412,5	0,0756586790084839					1412,5	0,113579891622066	1412,5	0,183849781751633			1412,5	-0,0863037034869194			1412,5	-0,152566164731979					1412,5	-0,208037406206131	1412,5	-0,285152345895767					1412,5	-0,383788764476776	1412,5	-0,510666847229004					1412,5	-0,667846918106079	1412,5	-0,775098502635956			
1415,625	0,292761653661728			1415,625	0,234717577695847					1415,625	0,163043916225433	1415,625	0,0946942120790482					1415,625	0,0838362500071526	1415,625	0,072531521320343					1415,625	0,109659671783447	1415,625	0,179681688547134			1415,625	-0,0858641117811203			1415,625	-0,151576414704323					1415,625	-0,205967530608177	1415,625	-0,283847630023956					1415,625	-0,382729917764664	1415,625	-0,510062158107758					1415,625	-0,668487370014191	1415,625	-0,776553094387054			
1418,75	0,29287052154541			1418,75	0,235215067863464					1418,75	0,163453817367554	1418,75	0,0941359251737595					1418,75	0,0829207971692085	1418,75	0,0711341425776482					1418,75	0,107896976172924	1418,75	0,17765474319458			1418,75	-0,0856009647250175			1418,75	-0,150644198060036					1418,75	-0,203826144337654	1418,75	-0,282859712839127					1418,75	-0,382016241550446	1418,75	-0,50968599319458					1418,75	-0,66892272233963	1418,75	-0,777298212051392			
1421,875	0,29365611076355			1421,875	0,235656693577766					1421,875	0,164104640483856	1421,875	0,0941663533449173					1421,875	0,0824607536196709	1421,875	0,0701222270727158					1421,875	0,106916591525078	1421,875	0,176294729113579			1421,875	-0,0842384472489357			1421,875	-0,14920599758625					1421,875	-0,201359197497368	1421,875	-0,280938118696213					1421,875	-0,379714608192444	1421,875	-0,507763683795929					1421,875	-0,666988849639893	1421,875	-0,775786876678467			
1425	0,294073671102524			1425	0,236120268702507					1425	0,164359897375107	1425	0,0940903797745705					1425	0,081820160150528	1425	0,0689807385206223					1425	0,105610921978951	1425	0,175118520855904			1425	-0,0837204605340958			1425	-0,148136585950851					1425	-0,199585899710655	1425	-0,279869586229324					1425	-0,378874480724335	1425	-0,507179319858551					1425	-0,6671062707901	1425	-0,776231646537781			
1428,125	0,294422596693039			1428,125	0,235852509737015					1428,125	0,163664862513542	1428,125	0,0914703384041786					1428,125	0,0777758955955505	1428,125	0,0636438056826591					1428,125	0,0989930629730225	1428,125	0,168350175023079			1428,125	-0,0827419832348824			1428,125	-0,147737234830856					1428,125	-0,197556689381599	1428,125	-0,278952479362488					1428,125	-0,378340601921082	1428,125	-0,506767272949219					1428,125	-0,668819010257721	1428,125	-0,779446482658386			
1431,25	0,295078039169312			1431,25	0,236425250768661					1431,25	0,164544925093651	1431,25	0,0920417234301567					1431,25	0,0781175345182419	1431,25	0,0641699731349945					1431,25	0,0993698090314865	1431,25	0,16850583255291			1431,25	-0,0823943540453911			1431,25	-0,146380215883255					1431,25	-0,195879548788071	1431,25	-0,277161687612534					1431,25	-0,376379400491714	1431,25	-0,50502222776413					1431,25	-0,666784703731537	1431,25	-0,777578353881836			
1434,375	0,295851171016693			1434,375	0,236507371068001					1434,375	0,164802879095078	1434,375	0,0914356410503387					1434,375	0,077138178050518	1434,375	0,0622109994292259					1434,375	0,097124956548214	1434,375	0,165830865502357			1434,375	-0,0819046646356583			1434,375	-0,145718634128571					1434,375	-0,193960979580879	1434,375	-0,275418549776077					1434,375	-0,3745137155056	1434,375	-0,503269553184509					1434,375	-0,66534548997879	1434,375	-0,776725053787231			
1437,5	0,29680135846138			1437,5	0,23607961833477					1437,5	0,16473576426506	1437,5	0,0903381481766701					1437,5	0,0756755471229553	1437,5	0,0593203455209732					1437,5	0,0932884737849236	1437,5	0,160598561167717			1437,5	-0,0815599113702774			1437,5	-0,144535109400749					1437,5	-0,191413700580597	1437,5	-0,27267062664032					1437,5	-0,371345072984695	1437,5	-0,499715149402618					1437,5	-0,661936938762665	1437,5	-0,77396148443222			
1440,625	0,296523362398148			1440,625	0,237801611423492					1440,625	0,1664077937603	1440,625	0,0914744883775711					1440,625	0,0773503929376602	1440,625	0,061228197067976					1440,625	0,0959035828709602	1440,625	0,163538634777069			1440,625	-0,0808565840125084			1440,625	-0,144085302948952					1440,625	-0,190382063388824	1440,625	-0,27302297949791					1440,625	-0,371486663818359	1440,625	-0,500709354877472					1440,625	-0,663488924503326	1440,625	-0,775396227836609			
1443,75	0,29654136300087			1443,75	0,235869109630585					1443,75	0,164397448301315	1443,75	0,0877397283911705					1443,75	0,0713152661919594	1443,75	0,053345050662756					1443,75	0,0863394513726234	1443,75	0,152770906686783			1443,75	-0,0798215791583061			1443,75	-0,144155904650688					1443,75	-0,188687741756439	1443,75	-0,271298944950104					1443,75	-0,370340764522552	1443,75	-0,499825835227966					1443,75	-0,664621233940125	1443,75	-0,778323292732239			
1446,875	0,297064632177353			1446,875	0,236556157469749					1446,875	0,165512889623642	1446,875	0,0891156047582626					1446,875	0,0728032439947128	1446,875	0,0550024323165417					1446,875	0,0884302034974098	1446,875	0,154722720384598			1446,875	-0,0796216353774071			1446,875	-0,142383977770805					1446,875	-0,186733707785606	1446,875	-0,269275456666946					1446,875	-0,368135452270508	1446,875	-0,497659534215927					1446,875	-0,662001252174377	1446,875	-0,775008261203766			
1450	0,298338770866394			1450	0,23639503121376					1450	0,165467843413353	1450	0,0882109254598618					1450	0,0717568174004555	1450	0,0527303032577038					1450	0,0855424553155899	1450	0,151228219270706			1450	-0,0796455815434456			1450	-0,141693115234375					1450	-0,18471671640873	1450	-0,267735719680786					1450	-0,366466850042343	1450	-0,496170282363892					1450	-0,661057889461517	1450	-0,77447497844696			
1453,125	0,298505902290344			1453,125	0,236435413360596					1453,125	0,165560439229012	1453,125	0,0877244472503662					1453,125	0,0707513764500618	1453,125	0,0513032712042332					1453,125	0,0834848880767822	1453,125	0,149109691381454			1453,125	-0,0799617320299149			1453,125	-0,141042783856392					1453,125	-0,183254718780518	1453,125	-0,266284316778183					1453,125	-0,365128010511398	1453,125	-0,49501046538353					1453,125	-0,660599648952484	1453,125	-0,774612307548523			
1456,25	0,299138337373734			1456,25	0,236319005489349					1456,25	0,165424421429634	1456,25	0,0864385291934013					1456,25	0,0684672594070435	1456,25	0,0479909889400005					1456,25	0,0795001834630966	1456,25	0,144737780094147			1456,25	-0,0791507661342621			1456,25	-0,14068004488945					1456,25	-0,182070896029472	1456,25	-0,265102952718735					1456,25	-0,363976627588272	1456,25	-0,494017362594604					1456,25	-0,6610067486763	1456,25	-0,775147140026093			
1459,375	0,299300104379654			1459,375	0,236410230398178					1459,375	0,165966436266899	1459,375	0,0866755917668343					1459,375	0,0681171864271164	1459,375	0,0474555343389511					1459,375	0,0787671506404877	1459,375	0,14363107085228			1459,375	-0,0789240077137947			1459,375	-0,139924824237823					1459,375	-0,180427700281143	1459,375	-0,263613551855087					1459,375	-0,36237621307373	1459,375	-0,492501735687256					1459,375	-0,659565687179565	1459,375	-0,773775398731232			
1462,5	0,299563676118851			1462,5	0,236043184995651					1462,5	0,166196063160896	1462,5	0,0865876376628876					1462,5	0,0676398277282715	1462,5	0,0467792674899101					1462,5	0,0773927047848701	1462,5	0,142035633325577			1462,5	-0,0778471603989601			1462,5	-0,138710290193558					1462,5	-0,178288891911507	1462,5	-0,261341840028763					1462,5	-0,359856694936752	1462,5	-0,49002668261528					1462,5	-0,657378196716309	1462,5	-0,771458029747009			
1465,625	0,299750924110413			1465,625	0,236013889312744					1465,625	0,166123151779175	1465,625	0,0857736989855766					1465,625	0,066109411418438	1465,625	0,0447838753461838					1465,625	0,0749947056174278	1465,625	0,139273330569267			1465,625	-0,0784761235117912			1465,625	-0,138941287994385					1465,625	-0,177373066544533	1465,625	-0,260971486568451					1465,625	-0,359991610050201	1465,625	-0,490665018558502					1465,625	-0,659500479698181	1465,625	-0,774120330810547			
1468,75	0,300252884626389			1468,75	0,235265552997589					1468,75	0,165572956204414	1468,75	0,0846668630838394					1468,75	0,0638985633850098	1468,75	0,0410535112023354					1468,75	0,0705541372299194	1468,75	0,133675783872604			1468,75	-0,0778712555766106			1468,75	-0,138862565159798					1468,75	-0,175627827644348	1468,75	-0,259123712778091					1468,75	-0,35769385099411	1468,75	-0,488157898187637					1468,75	-0,657284319400787	1468,75	-0,772490978240967			
1471,875	0,30083954334259			1471,875	0,234695091843605					1471,875	0,165616452693939	1471,875	0,0836868360638618					1471,875	0,0628357082605362	1471,875	0,038875874131918					1471,875	0,0679663047194481	1471,875	0,131193071603775			1471,875	-0,0775077268481255			1471,875	-0,138383761048317					1471,875	-0,174605086445808	1471,875	-0,258055597543716					1471,875	-0,356697171926498	1471,875	-0,487811744213104					1471,875	-0,657506883144379	1471,875	-0,773386538028717			
1475	0,299910187721252			1475	0,234990999102592					1475	0,166444107890129	1475	0,0838714465498924					1475	0,0630263164639473	1475	0,0386852510273457					1475	0,0675191506743431	1475	0,130737856030464			1475	-0,0780332311987877			1475	-0,137917801737785					1475	-0,173706293106079	1475	-0,257470995187759					1475	-0,356241673231125	1475	-0,487927734851837					1475	-0,65777999162674	1475	-0,774252831935883			
1478,125	0,300765246152878			1478,125	0,234039023518562					1478,125	0,166043505072594	1478,125	0,0829836204648018					1478,125	0,0612994693219662	1478,125	0,0362967513501644					1478,125	0,0645560026168823	1478,125	0,126972630620003			1478,125	-0,0776706114411354			1478,125	-0,137433066964149					1478,125	-0,172345235943794	1478,125	-0,255936682224274					1478,125	-0,354357570409775	1478,125	-0,486088335514069					1478,125	-0,65620094537735	1478,125	-0,772921681404114			
1481,25	0,30145987868309			1481,25	0,233668997883797					1481,25	0,166574835777283	1481,25	0,0833251103758812					1481,25	0,0612261071801186	1481,25	0,0360607318580151					1481,25	0,0635795816779137	1481,25	0,126041546463966			1481,25	-0,0786296352744102			1481,25	-0,136373028159142					1481,25	-0,17050214111805	1481,25	-0,254150122404099					1481,25	-0,351982772350311	1481,25	-0,483451545238495					1481,25	-0,653902292251587	1481,25	-0,770384252071381			
1484,375	0,30018550157547			1484,375	0,232146143913269					1484,375	0,165750369429588	1484,375	0,0813769474625587					1484,375	0,0585304498672485	1484,375	0,0317420773208141					1484,375	0,0580456517636776	1484,375	0,120339795947075			1484,375	-0,0781729593873024			1484,375	-0,136024475097656					1484,375	-0,168806806206703	1484,375	-0,252825140953064					1484,375	-0,350327014923096	1484,375	-0,482025861740112					1484,375	-0,653635859489441	1484,375	-0,770286500453949			
1487,5	0,299542337656021			1487,5	0,232165515422821					1487,5	0,165961980819702	1487,5	0,080587662756443					1487,5	0,0574770271778107	1487,5	0,0301043018698692					1487,5	0,0568634010851383	1487,5	0,119739584624767			1487,5	-0,0784441903233528			1487,5	-0,136232301592827					1487,5	-0,168633088469505	1487,5	-0,253579586744308					1487,5	-0,351608127355576	1487,5	-0,484465062618256					1487,5	-0,65744423866272	1487,5	-0,775041103363037			
1490,625	0,300461977720261			1490,625	0,231115236878395					1490,625	0,166009217500687	1490,625	0,0799938142299652					1490,625	0,0566751919686794	1490,625	0,028307294473052					1490,625	0,0545245744287968	1490,625	0,117335498332977			1490,625	-0,078169047832489			1490,625	-0,135255992412567					1490,625	-0,167257040739059	1490,625	-0,252029299736023					1490,625	-0,349605321884155	1490,625	-0,482561558485031					1490,625	-0,655878245830536	1490,625	-0,773577153682709			
1493,75	0,299137443304062			1493,75	0,230256736278534					1493,75	0,166003480553627	1493,75	0,0794443041086197					1493,75	0,0555528104305267	1493,75	0,0260594971477985					1493,75	0,0517962090671062	1493,75	0,113970518112183			1493,75	-0,0789316743612289			1493,75	-0,135188460350037					1493,75	-0,166328921914101	1493,75	-0,251517742872238					1493,75	-0,348958522081375	1493,75	-0,481973230838776					1493,75	-0,656206369400024	1493,75	-0,774720311164856			
1496,875	0,297498166561127			1496,875	0,23039223253727					1496,875	0,166933313012123	1496,875	0,0802547857165337					1496,875	0,0563242919743061	1496,875	0,0268087033182383					1496,875	0,0531348250806332	1496,875	0,115479841828346			1496,875	-0,0795021653175354			1496,875	-0,134279131889343					1496,875	-0,165102586150169	1496,875	-0,251103639602661					1496,875	-0,348303020000458	1496,875	-0,481474488973618					1496,875	-0,655942320823669	1496,875	-0,774552702903748			
1500	0,297606110572815			1500	0,227904051542282					1500	0,165896415710449	1500	0,0771384537220001					1500	0,0529796704649925	1500	0,0209481064230204					1500	0,0462766289710999	1500	0,108845666050911			1500	-0,0780161991715431			1500	-0,133387729525566					1500	-0,163478687405586	1500	-0,249381840229034					1500	-0,346062541007996	1500	-0,479443818330765					1500	-0,655057847499847	1500	-0,774351239204407			
1503,125	0,295752435922623			1503,125	0,226985797286034					1503,125	0,165759399533272	1503,125	0,0767429918050766					1503,125	0,0522674471139908	1503,125	0,0197065006941557					1503,125	0,0439394637942314	1503,125	0,106011301279068			1503,125	-0,0773670598864555			1503,125	-0,131546407938004					1503,125	-0,161740213632584	1503,125	-0,24762250483036					1503,125	-0,343752652406693	1503,125	-0,476663649082184					1503,125	-0,652416884899139	1503,125	-0,772211313247681			
1506,25	0,295363694429398			1506,25	0,227063432335854					1506,25	0,166323781013489	1506,25	0,0773017108440399					1506,25	0,052672665566206	1506,25	0,020008372142911					1506,25	0,0442423820495605	1506,25	0,105913907289505			1506,25	-0,0776122957468033			1506,25	-0,129840299487114					1506,25	-0,160279706120491	1506,25	-0,246132731437683					1506,25	-0,342045366764069	1506,25	-0,474348485469818					1506,25	-0,650331377983093	1506,25	-0,770632028579712			
1509,375	0,295255988836288			1509,375	0,224981084465981					1509,375	0,165383204817772	1509,375	0,0746207758784294					1509,375	0,0491749234497547	1509,375	0,0146409915760159					1509,375	0,0382723324000835	1509,375	0,0990521758794785			1509,375	-0,0774245634675026			1509,375	-0,129643738269806					1509,375	-0,159804075956345	1509,375	-0,246103331446648					1509,375	-0,341801553964615	1509,375	-0,474236637353897					1509,375	-0,652571737766266	1509,375	-0,773820817470551			
1512,5	0,293939381837845			1512,5	0,224261328577995					1512,5	0,165617048740387	1512,5	0,0737500414252281					1512,5	0,0482703037559986	1512,5	0,0130818225443363					1512,5	0,0358878560364246	1512,5	0,0971878543496132			1512,5	-0,0767008289694786			1512,5	-0,128027692437172					1512,5	-0,158498629927635	1512,5	-0,244693502783775					1512,5	-0,34053760766983	1512,5	-0,472832351922989					1512,5	-0,651344656944275	1512,5	-0,773366451263428			
1515,625	0,29326930642128			1515,625	0,223813205957413					1515,625	0,16552409529686	1515,625	0,0727473720908165					1515,625	0,0473374240100384	1515,625	0,0110614188015461					1515,625	0,0339124388992786	1515,625	0,0960138216614723			1515,625	-0,0763836205005646			1515,625	-0,127017974853516					1515,625	-0,157550737261772	1515,625	-0,243502721190453					1515,625	-0,340025037527084	1515,625	-0,472907572984695					1515,625	-0,652563512325287	1515,625	-0,775807082653046			
1518,75	0,292310059070587			1518,75	0,22302882373333					1518,75	0,165689885616302	1518,75	0,0724828392267227					1518,75	0,0475291311740875	1518,75	0,0106958327814937					1518,75	0,0330137833952904	1518,75	0,0935225859284401			1518,75	-0,0753077641129494			1518,75	-0,125039905309677					1518,75	-0,155848443508148	1518,75	-0,241259962320328					1518,75	-0,337188184261322	1518,75	-0,468599110841751					1518,75	-0,648121178150177	1518,75	-0,770325064659119			
1521,875	0,291795909404755			1521,875	0,223257288336754					1521,875	0,166584447026253	1521,875	0,0723325684666634					1521,875	0,0474953874945641	1521,875	0,0112023251131177					1521,875	0,0336637645959854	1521,875	0,0942107066512108			1521,875	-0,0744575336575508			1521,875	-0,123740620911121					1521,875	-0,155034944415092	1521,875	-0,240822240710258					1521,875	-0,336605429649353	1521,875	-0,46776419878006					1521,875	-0,647863686084747	1521,875	-0,76983255147934			
1525	0,29024949669838			1525	0,221654996275902					1525	0,164694905281067	1525	0,0684100463986397					1525	0,043116819113493	1525	0,00449549779295921					1525	0,0255483705550432	1525	0,0866090282797813			1525	-0,073267012834549			1525	-0,123109057545662					1525	-0,154688462615013	1525	-0,24018383026123					1525	-0,336705237627029	1525	-0,468349486589432					1525	-0,651147365570068	1525	-0,776027858257294			
1528,125	0,289727777242661			1528,125	0,221456736326218					1528,125	0,165154933929443	1528,125	0,069149985909462					1528,125	0,0437789298593998	1528,125	0,0051532220095396					1528,125	0,025620099157095	1528,125	0,0850354954600334			1528,125	-0,0718220174312592			1528,125	-0,120647244155407					1528,125	-0,152271330356598	1528,125	-0,236933365464211					1528,125	-0,33330225944519	1528,125	-0,463258236646652					1528,125	-0,644887804985046	1528,125	-0,76897805929184			
1531,25	0,290246337652206			1531,25	0,220926597714424					1531,25	0,165629357099533	1531,25	0,0681041181087494					1531,25	0,0431153327226639	1531,25	0,00390867656096816					1531,25	0,0236973315477371	1531,25	0,0827355906367302			1531,25	-0,0707712173461914			1531,25	-0,119225792586803					1531,25	-0,151482239365578	1531,25	-0,236075833439827					1531,25	-0,332702666521072	1531,25	-0,462406784296036					1531,25	-0,645003616809845	1531,25	-0,769376516342163			
1534,375	0,28901532292366			1534,375	0,220588549971581					1534,375	0,165325090289116	1534,375	0,0674539878964424					1534,375	0,0419885851442814	1534,375	0,00253907102160156					1534,375	0,0214783046394587	1534,375	0,0804257988929749			1534,375	-0,0701085552573204			1534,375	-0,116937957704067					1534,375	-0,149918600916862	1534,375	-0,233680859208107					1534,375	-0,330078780651093	1534,375	-0,459390878677368					1534,375	-0,643029510974884	1534,375	-0,767573237419128			
1537,5	0,288354903459549			1537,5	0,219991415739059					1537,5	0,164785072207451	1537,5	0,0656984969973564					1537,5	0,03959646448493	1537,5	-0,000497964327223599					1537,5	0,0177478548139334	1537,5	0,076487198472023			1537,5	-0,0680713877081871			1537,5	-0,116355270147324					1537,5	-0,149801641702652	1537,5	-0,233195975422859					1537,5	-0,330741763114929	1537,5	-0,460257083177567					1537,5	-0,64589786529541	1537,5	-0,771991610527039			
1540,625	0,287656426429749			1540,625	0,220219045877457					1540,625	0,165100067853928	1540,625	0,0657662227749825					1540,625	0,0399657115340233	1540,625	0,000167391175637022					1540,625	0,0184694677591324	1540,625	0,0774124339222908			1540,625	-0,0671854466199875			1540,625	-0,114717438817024					1540,625	-0,148364081978798	1540,625	-0,231720507144928					1540,625	-0,329687863588333	1540,625	-0,459023833274841					1540,625	-0,644878327846527	1540,625	-0,771058022975922			
1543,75	0,288199365139008			1543,75	0,218925595283508					1543,75	0,164056062698364	1543,75	0,0629186406731606					1543,75	0,0359880328178406	1543,75	-0,00530584575608373					1543,75	0,0097591420635581	1543,75	0,0671315416693687			1543,75	-0,0658449828624725			1543,75	-0,113526076078415					1543,75	-0,147379457950592	1543,75	-0,229682952165604					1543,75	-0,327578276395798	1543,75	-0,456072509288788					1543,75	-0,643242418766022	1543,75	-0,770290851593018			
1546,875	0,287401527166367			1546,875	0,219324424862862					1546,875	0,164651811122894	1546,875	0,0638879090547562					1546,875	0,0367617458105087	1546,875	-0,00402987329289317					1546,875	0,0109585300087929	1546,875	0,0686357393860817			1546,875	-0,0642533600330353			1546,875	-0,11163055896759					1546,875	-0,14574134349823	1546,875	-0,227580696344376					1546,875	-0,325682789087296	1546,875	-0,454409301280975					1546,875	-0,641107499599457	1546,875	-0,768404185771942			
1550	0,286868959665298			1550	0,218891248106956					1550	0,164055734872818	1550	0,0624633878469467					1550	0,0342871844768524	1550	-0,00711378827691078					1550	0,00656808260828257	1550	0,0642915517091751			1550	-0,0632583126425743			1550	-0,11046975851059					1550	-0,144606322050095	1550	-0,226011797785759					1550	-0,324543416500092	1550	-0,453185975551605					1550	-0,641593217849731	1550	-0,770122110843658			
1553,125	0,286825686693192			1553,125	0,218944117426872					1553,125	0,164269626140594	1553,125	0,0625567808747292					1553,125	0,0340797863900661	1553,125	-0,00733334617689252					1553,125	0,00664339354261756	1553,125	0,0645804107189178			1553,125	-0,0623749978840351			1553,125	-0,109221674501896					1553,125	-0,143759220838547	1553,125	-0,225081577897072					1553,125	-0,323927670717239	1553,125	-0,452812254428864					1553,125	-0,641797363758087	1553,125	-0,77106386423111			
1556,25	0,286459237337112			1556,25	0,218472048640251					1556,25	0,163912892341614	1556,25	0,0612983182072639					1556,25	0,0324115231633186	1556,25	-0,00937241408973932					1556,25	0,00270626973360777	1556,25	0,0596040599048138			1556,25	-0,0607956685125828			1556,25	-0,107564598321915					1556,25	-0,142574608325958	1556,25	-0,222809180617332					1556,25	-0,321320623159409	1556,25	-0,449778079986572					1556,25	-0,639047920703888	1556,25	-0,769468307495117			
1559,375	0,28690704703331			1559,375	0,218404501676559					1559,375	0,164342612028122	1559,375	0,0608583651483059					1559,375	0,0315429009497166	1559,375	-0,0104013849049807					1559,375	0,000921177677810192	1559,375	0,0579315796494484			1559,375	-0,0593986921012402			1559,375	-0,106413178145885					1559,375	-0,141714066267014	1559,375	-0,221587061882019					1559,375	-0,320479273796082	1559,375	-0,448739856481552					1559,375	-0,638690531253815	1559,375	-0,769193112850189			
1562,5	0,28711211681366			1562,5	0,218364506959915					1562,5	0,164383545517921	1562,5	0,0603734217584133					1562,5	0,0305178072303534	1562,5	-0,0118092503398657					1562,5	-0,00183812703471631	1562,5	0,0541130490601063			1562,5	-0,0581124573945999			1562,5	-0,105154886841774					1562,5	-0,140843540430069	1562,5	-0,21995647251606					1562,5	-0,31970801949501	1562,5	-0,447773724794388					1562,5	-0,638015747070313	1562,5	-0,768511056900024			
1565,625	0,286691755056381			1565,625	0,217799097299576					1565,625	0,163442462682724	1565,625	0,0599080547690392					1565,625	0,0292850062251091	1565,625	-0,0136303342878819					1565,625	-0,00471260398626328	1565,625	0,050577986985445			1565,625	-0,0573999881744385			1565,625	-0,103190816938877					1565,625	-0,139000698924065	1565,625	-0,216785416007042					1565,625	-0,315997421741486	1565,625	-0,443633943796158					1565,625	-0,6339350938797	1565,625	-0,76452773809433			
1568,75	0,286271512508392			1568,75	0,218014791607857					1568,75	0,163603216409683	1568,75	0,0589965954422951					1568,75	0,0277945026755333	1568,75	-0,0153438374400139					1568,75	-0,00660127261653543	1568,75	0,0501325055956841			1568,75	-0,0561877749860287			1568,75	-0,102675162255764					1568,75	-0,138938784599304	1568,75	-0,216818943619728					1568,75	-0,317085713148117	1568,75	-0,445960402488709					1568,75	-0,638306379318237	1568,75	-0,770051121711731			
1571,875	0,286400496959686			1571,875	0,217528715729713					1571,875	0,163016468286514	1571,875	0,0585111752152443					1571,875	0,0262849442660809	1571,875	-0,0165337435901165					1571,875	-0,00821227580308914	1571,875	0,0474484637379646			1571,875	-0,055275671184063			1571,875	-0,101024761795998					1571,875	-0,137514308094978	1571,875	-0,214971393346786					1571,875	-0,314224183559418	1571,875	-0,442722946405411					1571,875	-0,635039865970612	1571,875	-0,766639113426209			
1575	0,286651581525803			1575	0,218040958046913					1575	0,163461804389954	1575	0,0589119642972946					1575	0,0265573151409626	1575	-0,0160962920635939					1575	-0,0079677626490593	1575	0,0480340383946896			1575	-0,0540730021893978			1575	-0,0996391996741295					1575	-0,136766240000725	1575	-0,213904872536659					1575	-0,313270449638367	1575	-0,442509829998016					1575	-0,634776771068573	1575	-0,766774237155914			
1578,125	0,286068230867386			1578,125	0,217677548527718					1578,125	0,163239568471909	1578,125	0,0583837367594242					1578,125	0,0255449265241623	1578,125	-0,0172574184834957					1578,125	-0,0101468469947577	1578,125	0,0446276478469372			1578,125	-0,0519146099686623			1578,125	-0,098484568297863					1578,125	-0,135912045836449	1578,125	-0,211859211325645					1578,125	-0,311349660158157	1578,125	-0,440380036830902					1578,125	-0,63110089302063	1578,125	-0,762739777565002			
1581,25	0,286166489124298			1581,25	0,2175622433424					1581,25	0,162751838564873	1581,25	0,0571249686181545					1581,25	0,0234662722796202	1581,25	-0,0206994842737913					1581,25	-0,0148726608604193	1581,25	0,038921695202589			1581,25	-0,0518920570611954			1581,25	-0,0973599702119827					1581,25	-0,135050728917122	1581,25	-0,210646495223045					1581,25	-0,310125797986984	1581,25	-0,439648389816284					1581,25	-0,632342040538788	1581,25	-0,766435623168945			
1584,375	0,287067025899887			1584,375	0,217827156186104					1584,375	0,163039907813072	1584,375	0,0580361522734165					1584,375	0,0245787631720304	1584,375	-0,01935457251966					1584,375	-0,0137665728107095	1584,375	0,0398705862462521			1584,375	-0,0508831143379211			1584,375	-0,0951095819473267					1584,375	-0,13325522840023	1584,375	-0,208609744906425					1584,375	-0,307798326015472	1584,375	-0,437210589647293					1584,375	-0,629918158054352	1584,375	-0,763396143913269			
1587,5	0,287086486816406			1587,5	0,217445641756058					1587,5	0,162223294377327	1587,5	0,0564028508961201					1587,5	0,0221197940409184	1587,5	-0,0230665635317564					1587,5	-0,019747544080019	1587,5	0,0325342379510403			1587,5	-0,049798846244812			1587,5	-0,0942404344677925					1587,5	-0,132597953081131	1587,5	-0,20728325843811					1587,5	-0,306011646986008	1587,5	-0,436126261949539					1587,5	-0,629918813705444	1587,5	-0,765091598033905			
1590,625	0,286658227443695			1590,625	0,217271149158478					1590,625	0,161700814962387	1590,625	0,0551384836435318					1590,625	0,0200258959084749	1590,625	-0,0266612228006125					1590,625	-0,025070933625102	1590,625	0,027769397944212			1590,625	-0,0494146570563316			1590,625	-0,0932388305664063					1590,625	-0,131896987557411	1590,625	-0,206350773572922					1590,625	-0,305681586265564	1590,625	-0,436423480510712					1590,625	-0,632537841796875	1590,625	-0,770720064640045			
1593,75	0,287309914827347			1593,75	0,21714574098587					1593,75	0,161313980817795	1593,75	0,0547777563333511					1593,75	0,0194405727088451	1593,75	-0,0279961228370667					1593,75	-0,0273237377405167	1593,75	0,024310540407896			1593,75	-0,0476221740245819			1593,75	-0,0920378267765045					1593,75	-0,131170481443405	1593,75	-0,204471409320831					1593,75	-0,304254949092865	1593,75	-0,434532850980759					1593,75	-0,629894614219666	1593,75	-0,768271207809448			
1596,875	0,287582129240036			1596,875	0,217377230525017					1596,875	0,161543071269989	1596,875	0,0551768839359283					1596,875	0,0192934349179268	1596,875	-0,0284231789410114					1596,875	-0,0276639852672815	1596,875	0,0237092636525631			1596,875	-0,0475626476109028			1596,875	-0,0902224704623222					1596,875	-0,129714757204056	1596,875	-0,202620103955269					1596,875	-0,302327126264572	1596,875	-0,432602494955063					1596,875	-0,628125488758087	1596,875	-0,765388607978821			
1600	0,28799968957901			1600	0,217671155929565					1600	0,161528691649437	1600	0,0547187030315399					1600	0,0182304158806801	1600	-0,0292985755950212					1600	-0,0288603007793427	1600	0,0225761346518993			1600	-0,0458116717636585			1600	-0,08958500623703					1600	-0,129474937915802	1600	-0,202263623476028					1600	-0,302099287509918	1600	-0,43279305100441					1600	-0,629440903663635	1600	-0,766590893268585			
1603,125	0,28729784488678			1603,125	0,217699393630028					1603,125	0,161181628704071	1603,125	0,0542246699333191					1603,125	0,0171852204948664	1603,125	-0,0307173430919647					1603,125	-0,0304834600538015	1603,125	0,021341398358345			1603,125	-0,0445842631161213			1603,125	-0,088471308350563					1603,125	-0,128732427954674	1603,125	-0,201111942529678					1603,125	-0,301105737686157	1603,125	-0,432360827922821					1603,125	-0,629478335380554	1603,125	-0,767638444900513			
1606,25	0,287515044212341			1606,25	0,218089923262596					1606,25	0,160754472017288	1606,25	0,0538985580205917					1606,25	0,0164812188595533	1606,25	-0,0329410508275032					1606,25	-0,0344805344939232	1606,25	0,0157911442220211			1606,25	-0,0437902510166168			1606,25	-0,0872897207736969					1606,25	-0,127308294177055	1606,25	-0,199636176228523					1606,25	-0,299280971288681	1606,25	-0,430722206830978					1606,25	-0,627849876880646	1606,25	-0,767257511615753			
1609,375	0,286677628755569			1609,375	0,217756792902946					1609,375	0,160291418433189	1609,375	0,0547502636909485					1609,375	0,0170874744653702	1609,375	-0,0318390317261219					1609,375	-0,0335864573717117	1609,375	0,0164443198591471			1609,375	-0,0426844097673893			1609,375	-0,0848757028579712					1609,375	-0,124829076230526	1609,375	-0,196434006094933					1609,375	-0,295110791921616	1609,375	-0,425356954336166					1609,375	-0,620738327503204	1609,375	-0,758671343326569			
1612,5	0,287555605173111			1612,5	0,217064708471298					1612,5	0,159082815051079	1612,5	0,0538093112409115					1612,5	0,0150351831689477	1612,5	-0,0344994515180588					1612,5	-0,0376459769904613	1612,5	0,0117512429133058			1612,5	-0,0427456088364124			1612,5	-0,0839668214321136					1612,5	-0,12353090941906	1612,5	-0,194364756345749					1612,5	-0,292387545108795	1612,5	-0,421584099531174					1612,5	-0,616247296333313	1612,5	-0,754216015338898			
1615,625	0,287916570901871			1615,625	0,217556104063988					1615,625	0,158953458070755	1615,625	0,0533472150564194					1615,625	0,0137208830565214	1615,625	-0,036469928920269					1615,625	-0,04116066172719	1615,625	0,00755179719999433			1615,625	-0,0412393622100353			1615,625	-0,0830398127436638					1615,625	-0,123256906867027	1615,625	-0,194034159183502					1615,625	-0,292677223682404	1615,625	-0,422321140766144					1615,625	-0,618689596652985	1615,625	-0,757990717887878			
1618,75	0,288074523210526			1618,75	0,218147978186607					1618,75	0,158887937664986	1618,75	0,0527654550969601					1618,75	0,0128912692889571	1618,75	-0,0383034124970436					1618,75	-0,0433660335838795	1618,75	0,0050523430109024			1618,75	-0,0407127737998962			1618,75	-0,0824964940547943					1618,75	-0,123091392219067	1618,75	-0,193762809038162					1618,75	-0,293237507343292	1618,75	-0,423478752374649					1618,75	-0,621145904064178	1618,75	-0,761365532875061			
1621,875	0,287890493869781			1621,875	0,218189358711243					1621,875	0,158587276935577	1621,875	0,0528431162238121					1621,875	0,0127990245819092	1621,875	-0,0387462191283703					1621,875	-0,0437860004603863	1621,875	0,00504846824333072			1621,875	-0,0395980030298233			1621,875	-0,081048458814621					1621,875	-0,121523655951023	1621,875	-0,19205017387867					1621,875	-0,291537225246429	1621,875	-0,421274423599243					1621,875	-0,619312226772308	1621,875	-0,759259462356567			
1625	0,289211511611938			1625	0,217734023928642					1625	0,157687559723854	1625	0,0519503839313984					1625	0,0110299177467823	1625	-0,0411887429654598					1625	-0,0474791564047337	1625	0,00130917923524976			1625	-0,0387944206595421			1625	-0,0804150700569153					1625	-0,120798043906689	1625	-0,190943330526352					1625	-0,290116369724274	1625	-0,419815242290497					1625	-0,618487656116486	1625	-0,758559286594391			
1628,125	0,289031535387039			1628,125	0,218344464898109					1628,125	0,157779574394226	1628,125	0,0528766475617886					1628,125	0,0115287015214562	1628,125	-0,0406897068023682					1628,125	-0,0468821339309216	1628,125	0,00161483732517809			1628,125	-0,0381915643811226			1628,125	-0,0791699588298798					1628,125	-0,119580149650574	1628,125	-0,189712300896645					1628,125	-0,288834363222122	1628,125	-0,41855177283287					1628,125	-0,617255330085754	1628,125	-0,757921695709229			
1631,25	0,288199871778488			1631,25	0,218096271157265					1631,25	0,156455650925636	1631,25	0,0513517037034035					1631,25	0,00878206081688404	1631,25	-0,0445365980267525					1631,25	-0,0524460263550282	1631,25	-0,00559407100081444			1631,25	-0,0380552895367146			1631,25	-0,078413687646389					1631,25	-0,118579186499119	1631,25	-0,188085496425629					1631,25	-0,286805361509323	1631,25	-0,416701436042786					1631,25	-0,615322768688202	1631,25	-0,757397770881653			
1634,375	0,288363367319107			1634,375	0,218670144677162					1634,375	0,156959906220436	1634,375	0,0513028614223003					1634,375	0,00811920780688524	1634,375	-0,0455038473010063					1634,375	-0,0541695542633533	1634,375	-0,00818557571619749			1634,375	-0,036123976111412			1634,375	-0,0777290984988213					1634,375	-0,118025958538055	1634,375	-0,188353478908539					1634,375	-0,286915898323059	1634,375	-0,4173943400383					1634,375	-0,616624891757965	1634,375	-0,759601771831512			
1637,5	0,288557887077332			1637,5	0,218562245368958					1637,5	0,155827686190605	1637,5	0,0509823635220528					1637,5	0,00694276345893741	1637,5	-0,0477012284100056					1637,5	-0,0569765008985996	1637,5	-0,00994772650301456			1637,5	-0,0358276106417179			1637,5	-0,0766160637140274					1637,5	-0,117305167019367	1637,5	-0,18758787214756					1637,5	-0,285973638296127	1637,5	-0,416680693626404					1637,5	-0,61755383014679	1637,5	-0,761182487010956			
1640,625	0,288974791765213			1640,625	0,218602031469345					1640,625	0,156047597527504	1640,625	0,052206739783287					1640,625	0,00884868204593658	1640,625	-0,0442602187395096					1640,625	-0,0525398142635822	1640,625	-0,00384916923940182			1640,625	-0,0345072969794273			1640,625	-0,0740035623311996					1640,625	-0,114662304520607	1640,625	-0,184282258152962					1640,625	-0,282352864742279	1640,625	-0,411717265844345					1640,625	-0,610832095146179	1640,625	-0,7523432970047			
1643,75	0,289128839969635			1643,75	0,216905549168587					1643,75	0,153589099645615	1643,75	0,0484694465994835					1643,75	0,00302646704949439	1643,75	-0,0532076433300972					1643,75	-0,0655468329787254	1643,75	-0,0210926067084074			1643,75	-0,0341772921383381			1643,75	-0,0751771256327629					1643,75	-0,113895751535892	1643,75	-0,182812139391899					1643,75	-0,280132591724396	1643,75	-0,408974587917328					1643,75	-0,607778131961823	1643,75	-0,750147998332977			
1646,875	0,288606584072113			1646,875	0,218247801065445					1646,875	0,15461277961731	1646,875	0,0497789308428764					1646,875	0,00452414760366082	1646,875	-0,0513340272009373					1646,875	-0,0623922981321812	1646,875	-0,0166438855230808			1646,875	-0,0335056595504284			1646,875	-0,0737498253583908					1646,875	-0,113218799233437	1646,875	-0,182832181453705					1646,875	-0,280836343765259	1646,875	-0,410682559013367					1646,875	-0,610816776752472	1646,875	-0,754710853099823			
1650	0,288369804620743			1650	0,218864411115646					1650	0,153983399271965	1650	0,0492234751582146					1650	0,00309235695749521	1650	-0,0531484521925449					1650	-0,0652759075164795	1650	-0,0193497184664011			1650	-0,0324310064315796			1650	-0,0732469484210014					1650	-0,112862847745419	1650	-0,182825103402138					1650	-0,28080826997757	1650	-0,411199510097504					1650	-0,612941026687622	1650	-0,757802248001099			
1653,125	0,289081692695618			1653,125	0,218207865953445					1653,125	0,152961328625679	1653,125	0,0488677769899368					1653,125	0,00196385406889021	1653,125	-0,0544456765055656					1653,125	-0,0671527832746506	1653,125	-0,0220453608781099			1653,125	-0,0321155041456223			1653,125	-0,0718619823455811					1653,125	-0,110805124044418	1653,125	-0,181071475148201					1653,125	-0,278145909309387	1653,125	-0,407950907945633					1653,125	-0,609135210514069	1653,125	-0,754215598106384			
1656,25	0,288527309894562			1656,25	0,217847630381584					1656,25	0,152770236134529	1656,25	0,0481955334544182					1656,25	0,00105823716148734	1656,25	-0,0555847436189651					1656,25	-0,0686537548899651	1656,25	-0,0230390876531601			1656,25	-0,0305486340075731			1656,25	-0,0711507499217987					1656,25	-0,109364971518517	1656,25	-0,180041685700417					1656,25	-0,276646375656128	1656,25	-0,406818062067032					1656,25	-0,608265280723572	1656,25	-0,754135131835938			
1659,375	0,287921607494354			1659,375	0,218225747346878					1659,375	0,153000935912132	1659,375	0,0484546944499016					1659,375	0,0011819313513115	1659,375	-0,0559628084301949					1659,375	-0,069072350859642	1659,375	-0,0229337140917778			1659,375	-0,0310355816036463			1659,375	-0,069869764149189					1659,375	-0,107517160475254	1659,375	-0,179066434502602					1659,375	-0,275452524423599	1659,375	-0,406018823385239					1659,375	-0,607803702354431	1659,375	-0,754654943943024			
1662,5	0,288702666759491			1662,5	0,218158796429634					1662,5	0,152744188904762	1662,5	0,0480419583618641					1662,5	0,000842768989969045	1662,5	-0,0570724569261074					1662,5	-0,0708784461021423	1662,5	-0,0257395785301924			1662,5	-0,030149444937706			1662,5	-0,0688562244176865					1662,5	-0,106365941464901	1662,5	-0,177974447607994					1662,5	-0,273759663105011	1662,5	-0,404181391000748					1662,5	-0,606732130050659	1662,5	-0,753339827060699			
1665,625	0,288443207740784			1665,625	0,217790499329567					1665,625	0,151886314153671	1665,625	0,0464279167354107					1665,625	-0,00205790554173291	1665,625	-0,0615620464086533					1665,625	-0,0773080289363861	1665,625	-0,0335860848426819			1665,625	-0,0280928686261177			1665,625	-0,068731963634491					1665,625	-0,105558857321739	1665,625	-0,177877247333527					1665,625	-0,27309787273407	1665,625	-0,403556615114212					1665,625	-0,607692837715149	1665,625	-0,755211293697357			
1668,75	0,289112567901611			1668,75	0,218038156628609					1668,75	0,152118563652039	1668,75	0,0464836768805981					1668,75	-0,00237938668578863	1668,75	-0,0619243532419205					1668,75	-0,0772546231746674	1668,75	-0,0336067415773869			1668,75	-0,028596255928278			1668,75	-0,0673328042030334					1668,75	-0,103823080658913	1668,75	-0,177175521850586					1668,75	-0,272150963544846	1668,75	-0,402433663606644					1668,75	-0,607088446617126	1668,75	-0,755160093307495			
1671,875	0,288856148719788			1671,875	0,21797451376915					1671,875	0,151703149080276	1671,875	0,0456181615591049					1671,875	-0,00379154062829912	1671,875	-0,0636486485600472					1671,875	-0,0801064744591713	1671,875	-0,0370997041463852			1671,875	-0,0286267772316933			1671,875	-0,0665307119488716					1671,875	-0,103076368570328	1671,875	-0,176457718014717					1671,875	-0,271121889352798	1671,875	-0,401480853557587					1671,875	-0,606183350086212	1671,875	-0,755000114440918			
1675	0,289332419633865			1675	0,217192530632019					1675	0,150830551981926	1675	0,0444053411483765					1675	-0,00475615449249744	1675	-0,0651549994945526					1675	-0,0832705348730087	1675	-0,0413435511291027			1675	-0,0278426110744476			1675	-0,0654895901679993					1675	-0,100979544222355	1675	-0,174369230866432					1675	-0,268116801977158	1675	-0,397679626941681					1675	-0,601200461387634	1675	-0,749812424182892			
1678,125	0,288814395666122			1678,125	0,217368066310883					1678,125	0,150332733988762	1678,125	0,0425452403724194					1678,125	-0,00697797443717718	1678,125	-0,0679617375135422					1678,125	-0,0876445844769478	1678,125	-0,0458835698664188			1678,125	-0,027014484629035			1678,125	-0,0657913759350777					1678,125	-0,100204385817051	1678,125	-0,173857882618904					1678,125	-0,267286479473114	1678,125	-0,396229028701782					1678,125	-0,601107180118561	1678,125	-0,750791668891907			
1681,25	0,288078159093857			1681,25	0,218015685677528					1681,25	0,150884479284286	1681,25	0,0433219335973263					1681,25	-0,00620820233598351	1681,25	-0,0669437274336815					1681,25	-0,0865150168538094	1681,25	-0,0447713658213615			1681,25	-0,0264692716300488			1681,25	-0,0640691816806793					1681,25	-0,0988018661737442	1681,25	-0,173389419913292					1681,25	-0,266277611255646	1681,25	-0,396188497543335					1681,25	-0,601639568805695	1681,25	-0,751723825931549			
1684,375	0,288482159376144			1684,375	0,216417744755745					1684,375	0,14978089928627	1684,375	0,0413388572633266					1684,375	-0,00825467705726624	1684,375	-0,0698523968458176					1684,375	-0,0917529538273811	1684,375	-0,0516628883779049			1684,375	-0,0253924243152142			1684,375	-0,062358595430851					1684,375	-0,0964972749352455	1684,375	-0,170178145170212					1684,375	-0,261589974164963	1684,375	-0,390204817056656					1684,375	-0,593855142593384	1684,375	-0,744042754173279			
1687,5	0,289388060569763			1687,5	0,216179445385933					1687,5	0,149479612708092	1687,5	0,0402699448168278					1687,5	-0,00909457728266716	1687,5	-0,0711726918816566					1687,5	-0,0931138247251511	1687,5	-0,0527034662663937			1687,5	-0,0239782147109509			1687,5	-0,0616449750959873					1687,5	-0,0959553122520447	1687,5	-0,169348374009132					1687,5	-0,260868012905121	1687,5	-0,389788955450058					1687,5	-0,594362318515778	1687,5	-0,744734406471252			
1690,625	0,288332760334015			1690,625	0,216066747903824					1690,625	0,149656370282173	1690,625	0,0396686866879463					1690,625	-0,00965547002851963	1690,625	-0,0717841610312462					1690,625	-0,0936162248253822	1690,625	-0,0538092367351055			1690,625	-0,023492731153965			1690,625	-0,0607757680118084					1690,625	-0,0942842215299606	1690,625	-0,168076232075691					1690,625	-0,259235352277756	1690,625	-0,388182640075684					1690,625	-0,592917740345001	1690,625	-0,743683338165283			
1693,75	0,288020819425583			1693,75	0,216081023216248					1693,75	0,149691939353943	1693,75	0,0396524481475353					1693,75	-0,00933464709669352	1693,75	-0,0712047144770622					1693,75	-0,0927106365561485	1693,75	-0,0525369942188263			1693,75	-0,0226993802934885			1693,75	-0,0589008778333664					1693,75	-0,0917970463633537	1693,75	-0,165949523448944					1693,75	-0,256807833909988	1693,75	-0,385384321212769					1693,75	-0,58949613571167	1693,75	-0,740434646606445			
1696,875	0,288189768791199			1696,875	0,216118723154068					1696,875	0,148985356092453	1696,875	0,0368060320615768					1696,875	-0,0124562662094831	1696,875	-0,0753687769174576					1696,875	-0,0996350944042206	1696,875	-0,061458270996809			1696,875	-0,0219974294304848			1696,875	-0,0585353709757328					1696,875	-0,091184675693512	1696,875	-0,165897309780121					1696,875	-0,25642928481102	1696,875	-0,38554111123085					1696,875	-0,590498566627502	1696,875	-0,743476450443268			
1700	0,287691533565521			1700	0,216157332062721					1700	0,14878223836422	1700	0,0364688448607922					1700	-0,0123881278559566	1700	-0,0759548097848892					1700	-0,100652188062668	1700	-0,0626080483198166			1700	-0,0206653531640768			1700	-0,0575336217880249					1700	-0,0898947566747665	1700	-0,164364919066429					1700	-0,254797875881195	1700	-0,384029000997543					1700	-0,589200139045715	1700	-0,742455303668976			
1703,125	0,288246184587479			1703,125	0,216086164116859					1703,125	0,148729160428047	1703,125	0,035468801856041					1703,125	-0,0135117461904883	1703,125	-0,0773216560482979					1703,125	-0,102650195360184	1703,125	-0,0646882206201553			1703,125	-0,0194602459669113			1703,125	-0,0566744841635227					1703,125	-0,0891024172306061	1703,125	-0,163749217987061					1703,125	-0,254499465227127	1703,125	-0,384043991565704					1703,125	-0,590246737003326	1703,125	-0,74484920501709			
1706,25	0,287674367427826			1706,25	0,216132029891014					1706,25	0,148775443434715	1706,25	0,0343172922730446					1706,25	-0,0146233662962914	1706,25	-0,0787711590528488					1706,25	-0,105403937399387	1706,25	-0,0680745616555214			1706,25	-0,018908416852355			1706,25	-0,0557643175125122					1706,25	-0,0875505656003952	1706,25	-0,1614590883255					1706,25	-0,252720236778259	1706,25	-0,381851255893707					1706,25	-0,58822226524353	1706,25	-0,743095576763153			
1709,375	0,288118571043015			1709,375	0,215217024087906					1709,375	0,148048296570778	1709,375	0,0326038785278797					1709,375	-0,0159296207129955	1709,375	-0,0807181671261787					1709,375	-0,108523830771446	1709,375	-0,0721589773893356			1709,375	-0,0183623973280191			1709,375	-0,0544978380203247					1709,375	-0,0855125486850739	1709,375	-0,15864197909832					1709,375	-0,249359726905823	1709,375	-0,378421127796173					1709,375	-0,584195256233215	1709,375	-0,738562405109406			
1712,5	0,28937041759491			1712,5	0,215450152754784					1712,5	0,148246124386787	1712,5	0,032561082392931					1712,5	-0,0163142327219248	1712,5	-0,0811835825443268					1712,5	-0,108996175229549	1712,5	-0,0729842409491539			1712,5	-0,0167401619255543			1712,5	-0,0531396195292473					1712,5	-0,0843157395720482	1712,5	-0,157311275601387					1712,5	-0,248189017176628	1712,5	-0,377639263868332					1712,5	-0,583972156047821	1712,5	-0,739129066467285			
1715,625	0,289258658885956			1715,625	0,215302497148514					1715,625	0,14802186191082	1715,625	0,0316818505525589					1715,625	-0,0173199381679296	1715,625	-0,0827290341258049					1715,625	-0,111376762390137	1715,625	-0,0761896520853043			1715,625	-0,0168333891779184			1715,625	-0,0520393289625645					1715,625	-0,0831760391592979	1715,625	-0,15518157184124					1715,625	-0,246260792016983	1715,625	-0,375643461942673					1715,625	-0,58201801776886	1715,625	-0,737636804580688			
1718,75	0,28907585144043			1718,75	0,215805411338806					1718,75	0,148390665650368	1718,75	0,0313495136797428					1718,75	-0,0179924871772528	1718,75	-0,0841603726148605					1718,75	-0,113664105534554	1718,75	-0,0787991508841515			1718,75	-0,015856945887208			1718,75	-0,0519431643188					1718,75	-0,0826395824551582	1718,75	-0,154746040701866					1718,75	-0,246325641870499	1718,75	-0,376251697540283					1718,75	-0,583625555038452	1718,75	-0,740398168563843			
1721,875	0,288693189620972			1721,875	0,215492531657219					1721,875	0,148195028305054	1721,875	0,0303680524230003					1721,875	-0,019171591848135	1721,875	-0,0860152021050453					1721,875	-0,116401791572571	1721,875	-0,0822202637791634			1721,875	-0,0155988810583949			1721,875	-0,0514884628355503					1721,875	-0,081674300134182	1721,875	-0,153024226427078					1721,875	-0,245023474097252	1721,875	-0,374725788831711					1721,875	-0,581936120986938	1721,875	-0,738787770271301			
1725	0,288739204406738			1725	0,214679852128029					1725	0,147132590413094	1725	0,0287239756435156					1725	-0,0212619267404079	1725	-0,0889020785689354					1725	-0,120669193565845	1725	-0,0878152921795845			1725	-0,0145314568653703			1725	-0,0500779747962952					1725	-0,0800321847200394	1725	-0,149862542748451					1725	-0,241025686264038	1725	-0,370911002159119					1725	-0,577271640300751	1725	-0,733892560005188			
1728,125	0,288377612829208			1728,125	0,215431109070778					1728,125	0,148126155138016	1728,125	0,028940461575985					1728,125	-0,0207860320806503	1728,125	-0,0887154117226601					1728,125	-0,120475769042969	1728,125	-0,0871447920799255			1728,125	-0,0132837686687708			1728,125	-0,0483926571905613					1728,125	-0,0786177068948746	1728,125	-0,148796364665031					1728,125	-0,240524500608444	1728,125	-0,371224701404572					1728,125	-0,578781306743622	1728,125	-0,736695885658264			
1731,25	0,28850245475769			1731,25	0,216072410345078					1731,25	0,148799628019333	1731,25	0,0291027370840311					1731,25	-0,020996430888772	1731,25	-0,0892486944794655					1731,25	-0,121823504567146	1731,25	-0,0885456874966621			1731,25	-0,0123391887173057			1731,25	-0,0472896471619606					1731,25	-0,0774005725979805	1731,25	-0,147202253341675					1731,25	-0,239744335412979	1731,25	-0,370550483465195					1731,25	-0,579120814800262	1731,25	-0,737696588039398			
1734,375	0,2888443171978			1734,375	0,216023221611977					1734,375	0,148517802357674	1734,375	0,0282450336962938					1734,375	-0,0229778680950403	1734,375	-0,0921626165509224					1734,375	-0,126484915614128	1734,375	-0,0939671099185944			1734,375	-0,0126169919967651			1734,375	-0,0476899333298206					1734,375	-0,0769029706716537	1734,375	-0,14592719078064					1734,375	-0,238358199596405	1734,375	-0,369771957397461					1734,375	-0,578422665596008	1734,375	-0,737744152545929			
1737,5	0,289927870035172			1737,5	0,215410158038139					1737,5	0,148264199495316	1737,5	0,0283496677875519					1737,5	-0,0227624475955963	1737,5	-0,0922598540782928					1737,5	-0,126662477850914	1737,5	-0,0949856638908386			1737,5	-0,0124269491061568			1737,5	-0,0460931658744812					1737,5	-0,0751146748661995	1737,5	-0,143362209200859					1737,5	-0,235745832324028	1737,5	-0,366558343172073					1737,5	-0,574340105056763	1737,5	-0,733377754688263			
1740,625	0,28959858417511			1740,625	0,216291487216949					1740,625	0,14880895614624	1740,625	0,0293230246752501					1740,625	-0,0221502427011728	1740,625	-0,091905415058136					1740,625	-0,126502156257629	1740,625	-0,0951043367385864			1740,625	-0,0124005721881986			1740,625	-0,0444605499505997					1740,625	-0,0738234668970108	1740,625	-0,142769858241081					1740,625	-0,235265761613846	1740,625	-0,366522818803787					1740,625	-0,575483620166779	1740,625	-0,735273003578186			
1743,75	0,289655059576035			1743,75	0,215158924460411					1743,75	0,147457346320152	1743,75	0,0282626897096634					1743,75	-0,0238804742693901	1743,75	-0,0952425897121429					1743,75	-0,131099686026573	1743,75	-0,101873219013214			1743,75	-0,0108722653239965			1743,75	-0,0434833168983459					1743,75	-0,0721847712993622	1743,75	-0,139687553048134					1743,75	-0,231434255838394	1743,75	-0,361687511205673					1743,75	-0,569487988948822	1743,75	-0,729174673557281			
1746,875	0,290857017040253			1746,875	0,215083673596382					1746,875	0,148025259375572	1746,875	0,0284131411463022					1746,875	-0,0236980523914099	1746,875	-0,0950760319828987					1746,875	-0,131343692541122	1746,875	-0,102020092308521			1746,875	-0,010645410977304			1746,875	-0,0422704219818115					1746,875	-0,0710155516862869	1746,875	-0,138017430901527					1746,875	-0,229730829596519	1746,875	-0,360218435525894					1746,875	-0,567668378353119	1746,875	-0,727438509464264			
1750	0,291337162256241			1750	0,215835556387901					1750	0,148949027061462	1750	0,0289134122431278					1750	-0,0236824136227369	1750	-0,0955520793795586					1750	-0,132138311862946	1750	-0,10273889452219			1750	-0,0107834571972489			1750	-0,0410511456429958					1750	-0,0700550749897957	1750	-0,137259468436241					1750	-0,229408532381058	1750	-0,360227733850479					1750	-0,568566620349884	1750	-0,729335188865662			
1753,125	0,290240973234177			1753,125	0,215549498796463					1753,125	0,148109525442123	1753,125	0,0280822105705738					1753,125	-0,0252868458628654	1753,125	-0,0984052568674088					1753,125	-0,135925158858299	1753,125	-0,108156934380531			1753,125	-0,00909058004617691			1753,125	-0,0400667600333691					1753,125	-0,0693974643945694	1753,125	-0,135775715112686					1753,125	-0,22802060842514	1753,125	-0,358681619167328					1753,125	-0,567177772521973	1753,125	-0,728549420833588			
1756,25	0,289175510406494			1756,25	0,215637862682343					1756,25	0,147848844528198	1756,25	0,0270244609564543					1756,25	-0,0267661679536104	1756,25	-0,100941278040409					1756,25	-0,139414340257645	1756,25	-0,112374663352966			1756,25	-0,00887376349419355			1756,25	-0,0397605076432228					1756,25	-0,0679262802004814	1756,25	-0,134027361869812					1756,25	-0,226178035140038	1756,25	-0,356713622808456					1756,25	-0,565796136856079	1756,25	-0,727853417396545			
1759,375	0,290064245462418			1759,375	0,216774731874466					1759,375	0,148700803518295	1759,375	0,0279414672404528					1759,375	-0,0258390251547098	1759,375	-0,0997451320290565					1759,375	-0,137738272547722	1759,375	-0,110319636762142			1759,375	-0,00759356655180454			1759,375	-0,038446344435215					1759,375	-0,0665124654769897	1759,375	-0,133336663246155					1759,375	-0,225911736488342	1759,375	-0,356874257326126					1759,375	-0,566412210464478	1759,375	-0,728847920894623			
1762,5	0,290600627660751			1762,5	0,216204836964607					1762,5	0,14804382622242	1762,5	0,0272982697933912					1762,5	-0,0273327808827162	1762,5	-0,102184861898422					1762,5	-0,141392737627029	1762,5	-0,115208461880684			1762,5	-0,00740852206945419			1762,5	-0,0380082689225674					1762,5	-0,0659612342715263	1762,5	-0,131818369030952					1762,5	-0,223767206072807	1762,5	-0,354556113481522					1762,5	-0,564185678958893	1762,5	-0,727357149124146			
1765,625	0,29036870598793			1765,625	0,216326832771301					1765,625	0,147909298539162	1765,625	0,0267010740935802					1765,625	-0,0286474619060755	1765,625	-0,104252696037292					1765,625	-0,144256696105003	1765,625	-0,119180925190449			1765,625	-0,00631487555801868			1765,625	-0,0376625470817089					1765,625	-0,065165750682354	1765,625	-0,13031479716301					1765,625	-0,222120523452759	1765,625	-0,352636218070984					1765,625	-0,562101662158966	1765,625	-0,724909543991089			
1768,75	0,289797395467758			1768,75	0,215859770774841					1768,75	0,147920370101929	1768,75	0,0264342594891787					1768,75	-0,0290970299392939	1768,75	-0,105495862662792					1768,75	-0,146588549017906	1768,75	-0,122433692216873			1768,75	-0,00614530732855201			1768,75	-0,036547489464283					1768,75	-0,0637012720108032	1768,75	-0,128492742776871					1768,75	-0,219593927264214	1768,75	-0,349662452936172					1768,75	-0,559051871299744	1768,75	-0,721982538700104			
1771,875	0,28996542096138			1771,875	0,216434076428413					1771,875	0,148118168115616	1771,875	0,0264259167015553					1771,875	-0,0292752031236887	1771,875	-0,106088273227215					1771,875	-0,147468492388725	1771,875	-0,123430103063583			1771,875	-0,00599013222381473			1771,875	-0,0355523191392422					1771,875	-0,0628936737775803	1771,875	-0,127908334136009					1771,875	-0,218924626708031	1771,875	-0,34936511516571					1771,875	-0,559574484825134	1771,875	-0,723108768463135			
1775	0,289229929447174			1775	0,216734558343887					1775	0,148513674736023	1775	0,0264066886156797					1775	-0,0291653200984001	1775	-0,106482796370983					1775	-0,148185759782791	1775	-0,124583430588245			1775	-0,00475571490824223			1775	-0,0347041673958302					1775	-0,0622090585529804	1775	-0,126695945858955					1775	-0,217964380979538	1775	-0,348156481981277					1775	-0,558776140213013	1775	-0,722278892993927			
1778,125	0,288897514343262			1778,125	0,2169089615345					1778,125	0,148375734686852	1778,125	0,0254811961203814					1778,125	-0,0300838239490986	1778,125	-0,108954831957817					1778,125	-0,151488393545151	1778,125	-0,128747925162315			1778,125	-0,00471824547275901			1778,125	-0,0340934544801712					1778,125	-0,061035543680191	1778,125	-0,12554706633091					1778,125	-0,216718956828117	1778,125	-0,34670689702034					1778,125	-0,557785212993622	1778,125	-0,721918642520905			
1781,25	0,289733082056046			1781,25	0,216540053486824					1781,25	0,14797331392765	1781,25	0,0250536296516657					1781,25	-0,0306845046579838	1781,25	-0,109998054802418					1781,25	-0,153575196862221	1781,25	-0,131496027112007			1781,25	-0,00369499064981937			1781,25	-0,0330093987286091					1781,25	-0,0592278279364109	1781,25	-0,123380847275257					1781,25	-0,214089423418045	1781,25	-0,343715369701386					1781,25	-0,554775953292847	1781,25	-0,719173192977905			
1784,375	0,29051148891449			1784,375	0,216756448149681					1784,375	0,148214340209961	1784,375	0,0246871933341026					1784,375	-0,0314811430871487	1784,375	-0,111335098743439					1784,375	-0,155360594391823	1784,375	-0,133495017886162			1784,375	-0,00391992833465338			1784,375	-0,0325440689921379					1784,375	-0,0580815486609936	1784,375	-0,122356176376343					1784,375	-0,212893947958946	1784,375	-0,34301769733429					1784,375	-0,554714798927307	1784,375	-0,719863533973694			
1787,5	0,291469693183899			1787,5	0,217555299401283					1787,5	0,149078026413918	1787,5	0,0241653639823198					1787,5	-0,0326813496649265	1787,5	-0,113549336791039					1787,5	-0,158125340938568	1787,5	-0,136568933725357			1787,5	-0,00235051661729813			1787,5	-0,0327466502785683					1787,5	-0,0576144494116306	1787,5	-0,122126922011375					1787,5	-0,213157698512077	1787,5	-0,343764156103134					1787,5	-0,556520223617554	1787,5	-0,722257554531097			
1790,625	0,2890605032444			1790,625	0,216579765081406					1790,625	0,148140013217926	1790,625	0,0240221843123436					1790,625	-0,0331732891499996	1790,625	-0,114487774670124					1790,625	-0,159593358635902	1790,625	-0,139205664396286			1790,625	-0,00225539295934141			1790,625	-0,0313605591654778					1790,625	-0,0560599938035011	1790,625	-0,119523324072361					1790,625	-0,210497364401817	1790,625	-0,339122116565704					1790,625	-0,551561594009399	1790,625	-0,716919660568237			
1793,75	0,289257705211639			1793,75	0,216964840888977					1793,75	0,148332089185715	1793,75	0,0225680563598871					1793,75	-0,0351783335208893	1793,75	-0,118086248636246					1793,75	-0,164953634142876	1793,75	-0,145611241459846			1793,75	-0,00149951304774731			1793,75	-0,0319361127912998					1793,75	-0,0558131448924541	1793,75	-0,118809096515179					1793,75	-0,209976524114609	1793,75	-0,338864415884018					1793,75	-0,552507758140564	1793,75	-0,718984663486481			
1796,875	0,288967788219452			1796,875	0,217088848352432					1796,875	0,148835986852646	1796,875	0,0232150945812464					1796,875	-0,0343312583863735	1796,875	-0,116964168846607					1796,875	-0,163685992360115	1796,875	-0,144195348024368			1796,875	-0,000232418766245246			1796,875	-0,0302881933748722					1796,875	-0,0542983375489712	1796,875	-0,117496177554131					1796,875	-0,208617985248566	1796,875	-0,337579071521759					1796,875	-0,551451027393341	1796,875	-0,7181636095047			
1800	0,28925484418869			1800	0,216265559196472					1800	0,148294717073441	1800	0,0237572137266397					1800	-0,0335156917572021	1800	-0,115917220711708					1800	-0,162455305457115	1800	-0,142921909689903			1800	4,69478873128537E-05			1800	-0,0281586926430464					1800	-0,0527770482003689	1800	-0,115722671151161					1800	-0,206541493535042	1800	-0,335171014070511					1800	-0,549017906188965	1800	-0,715427219867706			
1803,125	0,28816482424736			1803,125	0,2157371789217					1803,125	0,148413240909576	1803,125	0,0221890676766634					1803,125	-0,0362721793353558	1803,125	-0,120825171470642					1803,125	-0,17006516456604	1803,125	-0,152744695544243			1803,125	0,000830801378469914			1803,125	-0,0291684120893478					1803,125	-0,0528395958244801	1803,125	-0,114219002425671					1803,125	-0,205022767186165	1803,125	-0,332724630832672					1803,125	-0,546794533729553	1803,125	-0,713899731636047			
1806,25	0,288748502731323			1806,25	0,216348811984062					1806,25	0,148903772234917	1806,25	0,0229524224996567					1806,25	-0,0353779010474682	1806,25	-0,11985294520855					1806,25	-0,168800368905067	1806,25	-0,151306748390198			1806,25	0,000769550970289856			1806,25	-0,0274442154914141					1806,25	-0,0509238317608833	1806,25	-0,112246997654438					1806,25	-0,203160539269447	1806,25	-0,330519795417786					1806,25	-0,544859290122986	1806,25	-0,711707651615143			
1809,375	0,289183616638184			1809,375	0,215967580676079					1809,375	0,14888371527195	1809,375	0,0223525799810886					1809,375	-0,036087054759264	1809,375	-0,121096849441528					1809,375	-0,171548545360565	1809,375	-0,155097633600235			1809,375	0,00087199272820726			1809,375	-0,0265073291957378					1809,375	-0,0496136881411076	1809,375	-0,110251985490322					1809,375	-0,201053321361542	1809,375	-0,328017503023148					1809,375	-0,5423464179039	1809,375	-0,709600627422333			
1812,5	0,289477705955505			1812,5	0,216473698616028					1812,5	0,149726688861847	1812,5	0,0226697362959385					1812,5	-0,0352489463984966	1812,5	-0,119987241923809					1812,5	-0,169990986585617	1812,5	-0,15279084444046			1812,5	0,00148057984188199			1812,5	-0,0250954367220402					1812,5	-0,0486111007630825	1812,5	-0,109736829996109					1812,5	-0,201084315776825	1812,5	-0,328559637069702					1812,5	-0,543809652328491	1812,5	-0,711718797683716			
1815,625	0,289671003818512			1815,625	0,216015219688416					1815,625	0,148993641138077	1815,625	0,021211039274931					1815,625	-0,0385652780532837	1815,625	-0,125117927789688					1815,625	-0,178254902362823	1815,625	-0,162954017519951			1815,625	0,00256947125308216			1815,625	-0,0256908964365721					1815,625	-0,0484913215041161	1815,625	-0,107854463160038					1815,625	-0,198899909853935	1815,625	-0,325671583414078					1815,625	-0,54148405790329	1815,625	-0,710474073886871			
1818,75	0,289314478635788			1818,75	0,2155552059412					1818,75	0,149070590734482	1818,75	0,0220236890017986					1818,75	-0,0374177880585194	1818,75	-0,123257182538509					1818,75	-0,176334396004677	1818,75	-0,161065459251404			1818,75	0,00317477621138096			1818,75	-0,0239291191101074					1818,75	-0,0468841716647148	1818,75	-0,106267616152763					1818,75	-0,196802824735641	1818,75	-0,322700321674347					1818,75	-0,53793865442276	1818,75	-0,706092536449432			
1821,875	0,288579523563385			1821,875	0,215919852256775					1821,875	0,149298220872879	1821,875	0,0217127129435539					1821,875	-0,0383408702909946	1821,875	-0,124894052743912					1821,875	-0,179433897137642	1821,875	-0,16498589515686			1821,875	0,00378610100597143			1821,875	-0,0237115826457739					1821,875	-0,0464072301983833	1821,875	-0,10536877810955					1821,875	-0,196029707789421	1821,875	-0,321531116962433					1821,875	-0,537590742111206	1821,875	-0,706663608551025			
1825	0,288273394107819			1825	0,216291159391403					1825	0,149574220180511	1825	0,0215897690504789					1825	-0,0389845557510853	1825	-0,126120671629906					1825	-0,181416720151901	1825	-0,167522758245468			1825	0,00422417791560292			1825	-0,0233633611351252					1825	-0,0458658151328564	1825	-0,104226395487785					1825	-0,195365145802498	1825	-0,320904046297073					1825	-0,537310302257538	1825	-0,706527948379517			
1828,125	0,288959801197052			1828,125	0,216071590781212					1828,125	0,149537786841393	1828,125	0,0216306187212467					1828,125	-0,0395110733807087	1828,125	-0,126859918236732					1828,125	-0,182981416583061	1828,125	-0,169514372944832			1828,125	0,00495281489565969			1828,125	-0,0222551729530096					1828,125	-0,0449159033596516	1828,125	-0,103401198983192					1828,125	-0,194354727864265	1828,125	-0,319841831922531					1828,125	-0,536370992660522	1828,125	-0,706059634685516			
1831,25	0,288944363594055			1831,25	0,215884253382683					1831,25	0,149688854813576	1831,25	0,0221237130463123					1831,25	-0,0389645807445049	1831,25	-0,126260668039322					1831,25	-0,182951152324677	1831,25	-0,170255199074745			1831,25	0,00546301202848554			1831,25	-0,0210473332554102					1831,25	-0,0435173176229	1831,25	-0,102019771933556					1831,25	-0,192279487848282	1831,25	-0,317314445972443					1831,25	-0,533171117305756	1831,25	-0,702619791030884			
1834,375	0,288250356912613			1834,375	0,215648800134659					1834,375	0,149587467312813	1834,375	0,0219072811305523					1834,375	-0,0398803986608982	1834,375	-0,128078028559685					1834,375	-0,18643045425415	1834,375	-0,174795284867287			1834,375	0,0054554701782763			1834,375	-0,0206685960292816					1834,375	-0,0428432300686836	1834,375	-0,10037487000227					1834,375	-0,190472319722176	1834,375	-0,31485989689827					1834,375	-0,53120094537735	1834,375	-0,701104283332825			
1837,5	0,288153678178787			1837,5	0,21559827029705					1837,5	0,149786293506622	1837,5	0,0219304729253054					1837,5	-0,0404056534171104	1837,5	-0,128895074129105					1837,5	-0,187812060117722	1837,5	-0,176102265715599			1837,5	0,00675982749089599			1837,5	-0,0193023625761271					1837,5	-0,0416666492819786	1837,5	-0,0988973155617714					1837,5	-0,189198181033134	1837,5	-0,313743978738785					1837,5	-0,530918061733246	1837,5	-0,701300978660584			
1840,625	0,287854224443436			1840,625	0,215719312429428					1840,625	0,150021865963936	1840,625	0,020926995202899					1840,625	-0,0423544347286224	1840,625	-0,131947085261345					1840,625	-0,19247730076313	1840,625	-0,181219428777695			1840,625	0,00644475454464555			1840,625	-0,0189466644078493					1840,625	-0,0413998030126095	1840,625	-0,0982988327741623					1840,625	-0,18879109621048	1840,625	-0,31411224603653					1840,625	-0,532510221004486	1840,625	-0,70432060956955			
1843,75	0,287292510271072			1843,75	0,215240553021431					1843,75	0,149609103798866	1843,75	0,0205070916563272					1843,75	-0,0429574139416218	1843,75	-0,132653713226318					1843,75	-0,193648666143417	1843,75	-0,183015733957291			1843,75	0,00812033098191023			1843,75	-0,0185313522815704					1843,75	-0,0407264642417431	1843,75	-0,0968247875571251					1843,75	-0,186923712491989	1843,75	-0,311679631471634					1843,75	-0,529130578041077	1843,75	-0,700926959514618			
1846,875	0,287668913602829			1846,875	0,215354934334755					1846,875	0,149839103221893	1846,875	0,0206437055021524					1846,875	-0,0440194755792618	1846,875	-0,134430080652237					1846,875	-0,196959361433983	1846,875	-0,187604680657387			1846,875	0,00768273882567883			1846,875	-0,0185144655406475					1846,875	-0,0400149933993816	1846,875	-0,0959601849317551					1846,875	-0,185853064060211	1846,875	-0,310321897268295					1846,875	-0,528405666351318	1846,875	-0,701134324073792			
1850	0,288801670074463			1850	0,215679407119751					1850	0,150273054838181	1850	0,0207406170666218					1850	-0,0438073314726353	1850	-0,134225159883499					1850	-0,197771012783051	1850	-0,188948258757591			1850	0,00888063106685877			1850	-0,0176217872649431					1850	-0,0394716449081898	1850	-0,0953084528446198					1850	-0,184881091117859	1850	-0,308971971273422					1850	-0,526537358760834	1850	-0,699378132820129			
1853,125	0,287737160921097			1853,125	0,215771913528442					1853,125	0,150298357009888	1853,125	0,0203293785452843					1853,125	-0,0444104187190533	1853,125	-0,135167106986046					1853,125	-0,199327275156975	1853,125	-0,190797060728073			1853,125	0,00913645606487989			1853,125	-0,0165739618241787					1853,125	-0,0385588183999062	1853,125	-0,09469273686409					1853,125	-0,184080302715302	1853,125	-0,30823141336441					1853,125	-0,526217877864838	1853,125	-0,69947737455368			
1856,25	0,287825793027878			1856,25	0,214912414550781					1856,25	0,14974769949913	1856,25	0,0208323113620281					1856,25	-0,0436620563268662	1856,25	-0,134354040026665					1856,25	-0,198415473103523	1856,25	-0,190223544836044			1856,25	0,0106155499815941			1856,25	-0,0146152768284082					1856,25	-0,036729983985424	1856,25	-0,0929512307047844					1856,25	-0,181490585207939	1856,25	-0,30499929189682					1856,25	-0,5222128033638	1856,25	-0,694525539875031			
1859,375	0,287219256162643			1859,375	0,215382844209671					1859,375	0,150070026516914	1859,375	0,0205720085650682					1859,375	-0,0449968911707401	1859,375	-0,13603138923645					1859,375	-0,201604664325714	1859,375	-0,194471091032028			1859,375	0,0109666604548693			1859,375	-0,0145193422213197					1859,375	-0,0366795398294926	1859,375	-0,0921923965215683					1859,375	-0,180685311555862	1859,375	-0,303948491811752					1859,375	-0,522081077098846	1859,375	-0,69495964050293			
1862,5	0,287246972322464			1862,5	0,214662745594978					1862,5	0,149514019489288	1862,5	0,0194769073277712					1862,5	-0,046577475965023	1862,5	-0,13862170279026					1862,5	-0,206349045038223	1862,5	-0,200597286224365			1862,5	0,0113495104014874			1862,5	-0,0141128646209836					1862,5	-0,0361298695206642	1862,5	-0,0903705507516861					1862,5	-0,178354158997536	1862,5	-0,300713360309601					1862,5	-0,518351316452026	1862,5	-0,691729784011841			
1865,625	0,287233769893646			1865,625	0,215182051062584					1865,625	0,150161370635033	1865,625	0,0195605829358101					1865,625	-0,0463079214096069	1865,625	-0,138413444161415					1865,625	-0,205790817737579	1865,625	-0,199836686253548			1865,625	0,0127018615603447			1865,625	-0,012957957573235					1865,625	-0,0352894254028797	1865,625	-0,0895378515124321					1865,625	-0,1778644323349	1865,625	-0,300554811954498					1865,625	-0,518402755260468	1865,625	-0,692164480686188			
1868,75	0,287316828966141			1868,75	0,215186074376106					1868,75	0,150152012705803	1868,75	0,0197688974440098					1868,75	-0,0460982583463192	1868,75	-0,138028994202614					1868,75	-0,20548290014267	1868,75	-0,200103402137756			1868,75	0,0132820941507816			1868,75	-0,0117769306525588					1868,75	-0,0343090929090977	1868,75	-0,0887294635176659					1868,75	-0,17650893330574	1868,75	-0,299149990081787					1868,75	-0,516606569290161	1868,75	-0,690347969532013			
1871,875	0,287989914417267			1871,875	0,214887142181396					1871,875	0,149680987000465	1871,875	0,0193103589117527					1871,875	-0,0476714856922627	1871,875	-0,140198767185211					1871,875	-0,20929591357708	1871,875	-0,205125063657761			1871,875	0,013593764975667			1871,875	-0,0114839337766171					1871,875	-0,0339117608964443	1871,875	-0,0879721939563751					1871,875	-0,175095126032829	1871,875	-0,297642767429352					1871,875	-0,514942824840546	1871,875	-0,688933968544006			
1875	0,287069618701935			1875	0,215755790472031					1875	0,150342598557472	1875	0,0191921163350344					1875	-0,0478967949748039	1875	-0,141081839799881					1875	-0,210756212472916	1875	-0,206602275371552			1875	0,0149970725178719			1875	-0,0107387397438288					1875	-0,0332794897258282	1875	-0,0872233211994171					1875	-0,174646899104118	1875	-0,297326296567917					1875	-0,516036629676819	1875	-0,690689206123352			
1878,125	0,285283625125885			1878,125	0,214860320091248					1878,125	0,149953350424767	1878,125	0,0183237865567207					1878,125	-0,0484912805259228	1878,125	-0,141731142997742					1878,125	-0,212157621979713	1878,125	-0,209037289023399			1878,125	0,0157011076807976			1878,125	-0,0100618451833725					1878,125	-0,032441433519125	1878,125	-0,0861510187387466					1878,125	-0,172486692667007	1878,125	-0,294505387544632					1878,125	-0,512246549129486	1878,125	-0,686370491981506			
1881,25	0,285811901092529			1881,25	0,214774385094643					1881,25	0,14969165623188	1881,25	0,0175653584301472					1881,25	-0,0496186427772045	1881,25	-0,143765047192574					1881,25	-0,216101363301277	1881,25	-0,213982790708542			1881,25	0,0153277786448598			1881,25	-0,00934274215251207					1881,25	-0,0316687859594822	1881,25	-0,0847412943840027					1881,25	-0,170736223459244	1881,25	-0,293001532554626					1881,25	-0,510663270950317	1881,25	-0,686189115047455			
1884,375	0,28655743598938			1884,375	0,215214520692825					1884,375	0,149782806634903	1884,375	0,0172545500099659					1884,375	-0,0501034408807755	1884,375	-0,144717201590538					1884,375	-0,218299686908722	1884,375	-0,216153129935265			1884,375	0,0167410057038069			1884,375	-0,00865449011325836					1884,375	-0,0312416851520538	1884,375	-0,0842693895101547					1884,375	-0,169896185398102	1884,375	-0,29257270693779					1884,375	-0,511196970939636	1884,375	-0,687793254852295			
1887,5	0,286595225334167			1887,5	0,215316295623779					1887,5	0,149928838014603	1887,5	0,0169417094439268					1887,5	-0,0502571575343609	1887,5	-0,145108357071877					1887,5	-0,22020797431469	1887,5	-0,219268426299095			1887,5	0,0179391875863075			1887,5	-0,00767170591279864					1887,5	-0,030584953725338	1887,5	-0,0832212641835213					1887,5	-0,168505281209946	1887,5	-0,290686935186386					1887,5	-0,508906900882721	1887,5	-0,685888528823853			
1890,625	0,286565244197845			1890,625	0,2145064920187					1890,625	0,149225026369095	1890,625	0,0167467426508665					1890,625	-0,050604272633791	1890,625	-0,145086571574211					1890,625	-0,220674410462379	1890,625	-0,220828264951706			1890,625	0,0181103516370058			1890,625	-0,00649768626317382					1890,625	-0,0292036011815071	1890,625	-0,0812134966254234					1890,625	-0,165889352560043	1890,625	-0,287329256534576					1890,625	-0,504141509532928	1890,625	-0,68026727437973			
1893,75	0,286210685968399			1893,75	0,21429742872715					1893,75	0,148783102631569	1893,75	0,0161540023982525					1893,75	-0,0508546307682991	1893,75	-0,145514279603958					1893,75	-0,221221596002579	1893,75	-0,221834495663643			1893,75	0,0192893631756306			1893,75	-0,00571112893521786					1893,75	-0,028001444414258	1893,75	-0,0799224749207497					1893,75	-0,164470970630646	1893,75	-0,285985916852951					1893,75	-0,502893447875977	1893,75	-0,678712129592896			
1896,875	0,286671251058578			1896,875	0,214254006743431					1896,875	0,148555055260658	1896,875	0,0154734244570136					1896,875	-0,0511680655181408	1896,875	-0,146013736724854					1896,875	-0,222525432705879	1896,875	-0,223959818482399			1896,875	0,0195136703550816			1896,875	-0,00498570594936609					1896,875	-0,0273457784205675	1896,875	-0,078879252076149					1896,875	-0,162649869918823	1896,875	-0,283935189247131					1896,875	-0,500319361686707	1896,875	-0,675721645355225			
1900	0,286488234996796			1900	0,214389905333519					1900	0,148400619626045	1900	0,0144306644797325					1900	-0,0523274801671505	1900	-0,147818595170975					1900	-0,225164487957954	1900	-0,226752638816833			1900	0,0198378097265959			1900	-0,00432885019108653					1900	-0,0266202595084906	1900	-0,0778747200965881					1900	-0,161615565419197	1900	-0,283326953649521					1900	-0,500397920608521	1900	-0,67694765329361			
1903,125	0,286670297384262			1903,125	0,213880196213722					1903,125	0,148048520088196	1903,125	0,0141576491296291					1903,125	-0,0524671599268913	1903,125	-0,148559734225273					1903,125	-0,22643406689167	1903,125	-0,228385418653488			1903,125	0,0215894710272551			1903,125	-0,00313713098876178					1903,125	-0,0258293356746435	1903,125	-0,0762514621019363					1903,125	-0,159877583384514	1903,125	-0,280872970819473					1903,125	-0,497811079025269	1903,125	-0,674531996250153			
1906,25	0,286827623844147			1906,25	0,213387668132782					1906,25	0,147823601961136	1906,25	0,0134271727874875					1906,25	-0,0535928159952164	1906,25	-0,150752976536751					1906,25	-0,230258196592331	1906,25	-0,233807027339935			1906,25	0,0222652647644281			1906,25	-0,00276021682657301					1906,25	-0,0248692836612463	1906,25	-0,074552945792675					1906,25	-0,157949075102806	1906,25	-0,278643548488617					1906,25	-0,495108276605606	1906,25	-0,672313153743744			
1909,375	0,286505997180939			1909,375	0,213928177952766					1909,375	0,147708043456078	1909,375	0,0121179474517703					1909,375	-0,0542499832808971	1909,375	-0,151404216885567					1909,375	-0,231034517288208	1909,375	-0,235039532184601			1909,375	0,02210040576756			1909,375	-0,00203356426209211					1909,375	-0,0238888617604971	1909,375	-0,0737301707267761					1909,375	-0,157606527209282	1909,375	-0,278746068477631					1909,375	-0,495028525590897	1909,375	-0,672554075717926			
1912,5	0,286076039075851			1912,5	0,214263170957565					1912,5	0,147756591439247	1912,5	0,0118096023797989					1912,5	-0,0538596585392952	1912,5	-0,151175066828728					1912,5	-0,230968356132507	1912,5	-0,23478752374649			1912,5	0,0233976431190968			1912,5	-0,000683184887748212					1912,5	-0,0228517763316631	1912,5	-0,0726617276668549					1912,5	-0,156731098890305	1912,5	-0,278400003910065					1912,5	-0,494750410318375	1912,5	-0,672359764575958			
1915,625	0,285816341638565			1915,625	0,21377882361412					1915,625	0,147519111633301	1915,625	0,0114293480291963					1915,625	-0,0545877031981945	1915,625	-0,152807682752609					1915,625	-0,234173834323883	1915,625	-0,239350721240044			1915,625	0,0242377817630768			1915,625	-0,000277799146715552					1915,625	-0,0222470909357071	1915,625	-0,0705579519271851					1915,625	-0,154156625270844	1915,625	-0,275670737028122					1915,625	-0,491618782281876	1915,625	-0,669578850269318			
1918,75	0,286075711250305			1918,75	0,213543996214867					1918,75	0,147114366292953	1918,75	0,0107309073209763					1918,75	-0,0556270517408848	1918,75	-0,154642835259438					1918,75	-0,237719759345055	1918,75	-0,244915843009949			1918,75	0,0253102481365204			1918,75	-0,000515976164024323					1918,75	-0,0218596551567316	1918,75	-0,0688394978642464					1918,75	-0,152445897459984	1918,75	-0,273170530796051					1918,75	-0,488200575113297	1918,75	-0,666080117225647			
1921,875	0,286724328994751			1921,875	0,214280545711517					1921,875	0,147504702210426	1921,875	0,00987703446298838					1921,875	-0,0560124926269054	1921,875	-0,155090659856796					1921,875	-0,237942531704903	1921,875	-0,244355425238609			1921,875	0,0253974609076977			1921,875	0,000833267287816852					1921,875	-0,0205765590071678	1921,875	-0,0678690895438194					1921,875	-0,152464792132378	1921,875	-0,274161577224731					1921,875	-0,490673184394836	1921,875	-0,669736564159393			
1925	0,286795765161514			1925	0,214731857180595					1925	0,147588193416595	1925	0,00911101419478655					1925	-0,0570631548762321	1925	-0,156867638230324					1925	-0,240809813141823	1925	-0,247676149010658			1925	0,0265625715255737			1925	0,00140397751238197					1925	-0,0200794786214828	1925	-0,0665567815303802					1925	-0,1517563611269	1925	-0,273937731981277					1925	-0,491629421710968	1925	-0,671761810779572			
1928,125	0,286381840705872			1928,125	0,213898882269859					1928,125	0,146795600652695	1928,125	0,00922885537147522					1928,125	-0,0571285486221313	1928,125	-0,157348677515984					1928,125	-0,242107689380646	1928,125	-0,250146865844727			1928,125	0,0268319454044104			1928,125	0,00237884582020342					1928,125	-0,0189591813832521	1928,125	-0,0640848278999329					1928,125	-0,148901745676994	1928,125	-0,269935518503189					1928,125	-0,485768556594849	1928,125	-0,66522079706192			
1931,25	0,286113560199738			1931,25	0,213954403996468					1931,25	0,147131040692329	1931,25	0,00895372685045004					1931,25	-0,0570406429469585	1931,25	-0,157518744468689					1931,25	-0,242523893713951	1931,25	-0,250855833292007			1931,25	0,0277879610657692			1931,25	0,00336828920990229					1931,25	-0,0175881870090961	1931,25	-0,0623354390263557					1931,25	-0,147712260484695	1931,25	-0,268661648035049					1931,25	-0,484660118818283	1931,25	-0,664206981658936			
1934,375	0,286838948726654			1934,375	0,214272603392601					1934,375	0,147247061133385	1934,375	0,00843978114426136					1934,375	-0,0578675381839275	1934,375	-0,159242793917656					1934,375	-0,245415315032005	1934,375	-0,254798948764801			1934,375	0,0288142096251249			1934,375	0,00387672754004598					1934,375	-0,0168367195874453	1934,375	-0,0606665797531605					1934,375	-0,146284207701683	1934,375	-0,267093986272812					1934,375	-0,483795791864395	1934,375	-0,663741827011108			
1937,5	0,28764134645462			1937,5	0,214319556951523					1937,5	0,147348538041115	1937,5	0,00834743771702051					1937,5	-0,0581489615142345	1937,5	-0,160168439149857					1937,5	-0,246312215924263	1937,5	-0,256153583526611			1937,5	0,0288527645170689			1937,5	0,00450157606974244					1937,5	-0,0159450955688953	1937,5	-0,0593110024929047					1937,5	-0,145136311650276	1937,5	-0,266198754310608					1937,5	-0,483140349388123	1937,5	-0,663032531738281			
1940,625	0,287895768880844			1940,625	0,214334636926651					1940,625	0,147194534540176	1940,625	0,00835255160927773					1940,625	-0,0588439851999283	1940,625	-0,161384850740433					1940,625	-0,248465925455093	1940,625	-0,25910621881485			1940,625	0,0296609196811914			1940,625	0,00508001074194908					1940,625	-0,0150591507554054	1940,625	-0,0574852377176285					1940,625	-0,143592715263367	1940,625	-0,264344602823257					1940,625	-0,481457769870758	1940,625	-0,661432504653931			
1943,75	0,287618428468704			1943,75	0,214497640728951					1943,75	0,147055551409721	1943,75	0,00822523981332779					1943,75	-0,0595865026116371	1943,75	-0,162916466593742					1943,75	-0,251776963472366	1943,75	-0,264030605554581			1943,75	0,0307343676686287			1943,75	0,00575984129682183					1943,75	-0,0140600530430675	1943,75	-0,0555024519562721					1943,75	-0,141711503267288	1943,75	-0,261818289756775					1943,75	-0,478175222873688	1943,75	-0,658523142337799			
1946,875	0,288084447383881			1946,875	0,214010030031204					1946,875	0,146872788667679	1946,875	0,00817292369902134					1946,875	-0,059774361550808	1946,875	-0,163536474108696					1946,875	-0,252310216426849	1946,875	-0,264710575342178			1946,875	0,0310196131467819			1946,875	0,0065013999119401					1946,875	-0,0133292218670249	1946,875	-0,0533170960843563					1946,875	-0,140391007065773	1946,875	-0,259982168674469					1946,875	-0,475886583328247	1946,875	-0,656121253967285			
1950	0,288875728845596			1950	0,214001879096031					1950	0,147135108709335	1950	0,00848167389631271					1950	-0,0594334751367569	1950	-0,163900792598724					1950	-0,253081679344177	1950	-0,265823006629944			1950	0,0322205163538456			1950	0,00786496605724096					1950	-0,0119149275124073	1950	-0,0514475852251053					1950	-0,138929024338722	1950	-0,258862942457199					1950	-0,475510954856873	1950	-0,65654730796814			
1953,125	0,288506060838699			1953,125	0,214201599359512					1953,125	0,146902158856392	1953,125	0,00815300457179546					1953,125	-0,0609581135213375	1953,125	-0,167211830615997					1953,125	-0,258726388216019	1953,125	-0,273946702480316			1953,125	0,0313907414674759			1953,125	0,00765163684263825					1953,125	-0,011791524477303	1953,125	-0,049909807741642					1953,125	-0,137590304017067	1953,125	-0,256786733865738					1953,125	-0,473220586776733	1953,125	-0,655226230621338			
1956,25	0,288674294948578			1956,25	0,214383736252785					1956,25	0,147074714303017	1956,25	0,00828160811215639					1956,25	-0,060906708240509	1956,25	-0,167095452547073					1956,25	-0,258239269256592	1956,25	-0,273769676685333			1956,25	0,0334456413984299			1956,25	0,00882846396416426					1956,25	-0,0105048390105367	1956,25	-0,0486992113292217					1956,25	-0,136677145957947	1956,25	-0,255958288908005					1956,25	-0,472399115562439	1956,25	-0,653614044189453			
1959,375	0,290099412202835			1959,375	0,214811533689499					1959,375	0,147428780794144	1959,375	0,0087747760117054					1959,375	-0,0614879056811333	1959,375	-0,167980596423149					1959,375	-0,259976863861084	1959,375	-0,276283979415894			1959,375	0,0329869464039803			1959,375	0,00900444108992815					1959,375	-0,0100125866010785	1959,375	-0,0474726594984531					1959,375	-0,135158628225327	1959,375	-0,254556059837341					1959,375	-0,47075617313385	1959,375	-0,652233183383942			
1962,5	0,289085119962692			1962,5	0,215447947382927					1962,5	0,148070648312569	1962,5	0,00868575088679791					1962,5	-0,0616907030344009	1962,5	-0,169322311878204					1962,5	-0,261854201555252	1962,5	-0,277431607246399			1962,5	0,034040804952383			1962,5	0,0101601285859942					1962,5	-0,00920718349516392	1962,5	-0,0463724322617054					1962,5	-0,13477997481823	1962,5	-0,254995793104172					1962,5	-0,472609430551529	1962,5	-0,655978500843048			
1965,625	0,289891749620438			1965,625	0,214783385396004					1965,625	0,147499158978462	1965,625	0,00864595081657171					1965,625	-0,0622729808092117	1965,625	-0,169066831469536					1965,625	-0,261094689369202	1965,625	-0,276665896177292			1965,625	0,0347555242478848			1965,625	0,0109267495572567					1965,625	-0,00834982469677925	1965,625	-0,0449624322354794					1965,625	-0,133020386099815	1965,625	-0,252578765153885					1965,625	-0,46957391500473	1965,625	-0,652081966400146			
1968,75	0,289496093988419			1968,75	0,214960932731628					1968,75	0,147685691714287	1968,75	0,00973570812493563					1968,75	-0,0621477067470551	1968,75	-0,170179590582848					1968,75	-0,263409703969955	1968,75	-0,279408633708954			1968,75	0,0343137122690678			1968,75	0,0107927536591887					1968,75	-0,00785986520349979	1968,75	-0,0436356924474239					1968,75	-0,132188990712166	1968,75	-0,25131094455719					1968,75	-0,468610495328903	1968,75	-0,650157272815704			
1971,875	0,289025157690048			1971,875	0,21416774392128					1971,875	0,147522643208504	1971,875	0,0100511098280549					1971,875	-0,06199761480093	1971,875	-0,17065766453743					1971,875	-0,265078961849213	1971,875	-0,282493233680725			1971,875	0,0360441990196705			1971,875	0,0118593126535416					1971,875	-0,00685877399519086	1971,875	-0,0415393374860287					1971,875	-0,129811719059944	1971,875	-0,247617766261101					1971,875	-0,463374882936478	1971,875	-0,644703447818756			
1975	0,287800461053848			1975	0,213409245014191					1975	0,146933317184448	1975	0,00956751313060522					1975	-0,0625760108232498	1975	-0,17091765999794					1975	-0,266512989997864	1975	-0,284359812736511			1975	0,035679467022419			1975	0,0127642834559083					1975	-0,00537972198799253	1975	-0,0402436442673206					1975	-0,127736136317253	1975	-0,245565339922905					1975	-0,461767017841339	1975	-0,643912374973297			
1978,125	0,288632124662399			1978,125	0,21475887298584					1978,125	0,147612988948822	1978,125	0,00977558735758066					1978,125	-0,0637043714523315	1978,125	-0,174086406826973					1978,125	-0,271294593811035	1978,125	-0,290336519479752			1978,125	0,0363675020635128			1978,125	0,0131206419318914					1978,125	-0,00556002231314778	1978,125	-0,039122711867094					1978,125	-0,12662199139595	1978,125	-0,24428354203701					1978,125	-0,461946904659271	1978,125	-0,645696461200714			
1981,25	0,288733303546906			1981,25	0,214695379137993					1981,25	0,147444039583206	1981,25	0,0105311805382371					1981,25	-0,0629152283072472	1981,25	-0,172174230217934					1981,25	-0,267661452293396	1981,25	-0,284948170185089			1981,25	0,0380077324807644			1981,25	0,0141247417777777					1981,25	-0,00479469774290919	1981,25	-0,0383241809904575					1981,25	-0,126833364367485	1981,25	-0,244623079895973					1981,25	-0,462273508310318	1981,25	-0,645836114883423			
1984,375	0,289555281400681			1984,375	0,214308649301529					1984,375	0,147503048181534	1984,375	0,0104681812226772					1984,375	-0,0635423734784126	1984,375	-0,173347726464272					1984,375	-0,270747393369675	1984,375	-0,290828943252563			1984,375	0,0362357795238495			1984,375	0,0143540585413575					1984,375	-0,00427680416032672	1984,375	-0,036694560199976					1984,375	-0,124318443238735	1984,375	-0,241053014993668					1984,375	-0,457367420196533	1984,375	-0,638841211795807			
1987,5	0,290368318557739			1987,5	0,214304089546204					1987,5	0,147785261273384	1987,5	0,0108323432505131					1987,5	-0,063695065677166	1987,5	-0,173956513404846					1987,5	-0,271997660398483	1987,5	-0,293198674917221			1987,5	0,0379214510321617			1987,5	0,0156905800104141					1987,5	-0,00299065536819398	1987,5	-0,0352817699313164					1987,5	-0,122976660728455	1987,5	-0,239368677139282					1987,5	-0,456168085336685	1987,5	-0,637972354888916			
1990,625	0,290903240442276			1990,625	0,214380756020546					1990,625	0,14776237308979	1990,625	0,0105904582887888					1990,625	-0,0644118934869766	1990,625	-0,176349103450775					1990,625	-0,275812089443207	1990,625	-0,297889649868011			1990,625	0,0386777780950069			1990,625	0,0162521600723267					1990,625	-0,00248253904283047	1990,625	-0,0339878425002098					1990,625	-0,121987752616405	1990,625	-0,238089039921761					1990,625	-0,456359833478928	1990,625	-0,641308784484863			
1993,75	0,290506899356842			1993,75	0,214306429028511					1993,75	0,148032337427139	1993,75	0,0111540323123336					1993,75	-0,0643122121691704	1993,75	-0,177059918642044					1993,75	-0,277268320322037	1993,75	-0,300538718700409			1993,75	0,0392580218613148			1993,75	0,0156778804957867					1993,75	-0,00285136746242642	1993,75	-0,0332671813666821					1993,75	-0,120708994567394	1993,75	-0,235827624797821					1993,75	-0,45205345749855	1993,75	-0,636149048805237			
1996,875	0,28910493850708			1996,875	0,214867383241653					1996,875	0,148077353835106	1996,875	0,0110044777393341					1996,875	-0,0652505606412888	1996,875	-0,178015738725662					1996,875	-0,279516965150833	1996,875	-0,3034308552742			1996,875	0,0380878448486328			1996,875	0,0166243985295296					1996,875	-0,00200730259530246	1996,875	-0,0324202962219715					1996,875	-0,119972936809063	1996,875	-0,23541559278965					1996,875	-0,45189568400383	1996,875	-0,635834872722626			
2000	0,289755284786224			2000	0,215295240283012					2000	0,148312136530876	2000	0,0109403738752007					2000	-0,0658079832792282	2000	-0,179541081190109					2000	-0,282621920108795	2000	-0,307793706655502			2000	0,0390954576432705			2000	0,0175516661256552					2000	-0,00101361004635692	2000	-0,0314550027251244					2000	-0,118866391479969	2000	-0,234013691544533					2000	-0,451889365911484	2000	-0,637191474437714			
2003,125	0,289671301841736			2003,125	0,215597480535507					2003,125	0,148193374276161	2003,125	0,0115054054185748					2003,125	-0,066061794757843	2003,125	-0,179972186684608					2003,125	-0,283506155014038	2003,125	-0,308336943387985			2003,125	0,0399742908775806			2003,125	0,0179747864603996					2003,125	-0,000337320700054988	2003,125	-0,0304145142436028					2003,125	-0,118156917393208	2003,125	-0,233052641153336					2003,125	-0,452764689922333	2003,125	-0,63897430896759			
2006,25	0,29040589928627			2006,25	0,215271830558777					2006,25	0,147716090083122	2006,25	0,0115343276411295					2006,25	-0,0666237473487854	2006,25	-0,181360587477684					2006,25	-0,287400513887405	2006,25	-0,314871788024902			2006,25	0,0400273539125919			2006,25	0,0183739699423313					2006,25	0,00044387616799213	2006,25	-0,0291484910994768					2006,25	-0,116175480186939	2006,25	-0,230569541454315					2006,25	-0,449064165353775	2006,25	-0,635446310043335			
2009,375	0,290482372045517			2009,375	0,21527898311615					2009,375	0,147780865430832	2009,375	0,0114072533324361					2009,375	-0,0664139240980148	2009,375	-0,180827006697655					2009,375	-0,286955118179321	2009,375	-0,314170002937317			2009,375	0,0406206585466862			2009,375	0,0187039151787758					2009,375	0,000564490212127566	2009,375	-0,0276652928441763					2009,375	-0,114570081233978	2009,375	-0,228000447154045					2009,375	-0,444242715835571	2009,375	-0,628899157047272			
2012,5	0,290302127599716			2012,5	0,214400351047516					2012,5	0,147844940423965	2012,5	0,0115191796794534					2012,5	-0,0663743019104004	2012,5	-0,180989235639572					2012,5	-0,285971820354462	2012,5	-0,313167095184326			2012,5	0,0412089303135872			2012,5	0,0196345839649439					2012,5	0,00130423170048743	2012,5	-0,0268234852701426					2012,5	-0,113380931317806	2012,5	-0,226471692323685					2012,5	-0,442211002111435	2012,5	-0,626441240310669			
2015,625	0,289788395166397			2015,625	0,214288100600243					2015,625	0,147692680358887	2015,625	0,0113826617598534					2015,625	-0,0671473816037178	2015,625	-0,182314738631248					2015,625	-0,289574295282364	2015,625	-0,318468362092972			2015,625	0,0415725149214268			2015,625	0,0205499362200499					2015,625	0,00196039211004972	2015,625	-0,0256233122199774					2015,625	-0,112302012741566	2015,625	-0,224623382091522					2015,625	-0,44047138094902	2015,625	-0,62528795003891			
2018,75	0,290122956037521			2018,75	0,21394057571888					2018,75	0,147633567452431	2018,75	0,0116972494870424					2018,75	-0,0672824904322624	2018,75	-0,182012379169464					2018,75	-0,289390653371811	2018,75	-0,317200124263763			2018,75	0,0430261939764023			2018,75	0,0205169059336185					2018,75	0,00215082801878452	2018,75	-0,0244147721678019					2018,75	-0,110584788024426	2018,75	-0,222421005368233					2018,75	-0,438693732023239	2018,75	-0,622380495071411			
2021,875	0,291023403406143			2021,875	0,214719638228416					2021,875	0,148059740662575	2021,875	0,0118327829986811					2021,875	-0,0675827264785767	2021,875	-0,183562263846397					2021,875	-0,292538017034531	2021,875	-0,322000086307526			2021,875	0,0419927984476089			2021,875	0,021707359701395					2021,875	0,00326362950727344	2021,875	-0,0235958453267813					2021,875	-0,109943144023418	2021,875	-0,222765520215034					2021,875	-0,439769119024277	2021,875	-0,624475419521332			
2025	0,29121470451355			2025	0,214883700013161					2025	0,147870287299156	2025	0,0114499274641275					2025	-0,0680019333958626	2025	-0,184762209653854					2025	-0,295135736465454	2025	-0,325843125581741			2025	0,0426903180778027			2025	0,022327858954668					2025	0,00369217502884567	2025	-0,0223760567605495					2025	-0,10891680419445	2025	-0,220802903175354					2025	-0,437637150287628	2025	-0,6226966381073			
2028,125	0,289605706930161			2028,125	0,214227020740509					2028,125	0,147328361868858	2028,125	0,0118742901831865					2028,125	-0,0678059458732605	2028,125	-0,183859512209892					2028,125	-0,293371289968491	2028,125	-0,323886454105377			2028,125	0,0420371107757092			2028,125	0,0230780132114887					2028,125	0,00432158773764968	2028,125	-0,0209373254328966					2028,125	-0,107480555772781	2028,125	-0,2189020216465					2028,125	-0,43565821647644	2028,125	-0,620539486408234			
2031,25	0,290729284286499			2031,25	0,212633222341537					2031,25	0,1464863717556	2031,25	0,012153540737927					2031,25	-0,0673020705580711	2031,25	-0,182961568236351					2031,25	-0,291378110647202	2031,25	-0,321750730276108			2031,25	0,0433241091668606			2031,25	0,0239789318293333					2031,25	0,00532701937481761	2031,25	-0,0191557127982378					2031,25	-0,10533194988966	2031,25	-0,215464249253273					2031,25	-0,430385112762451	2031,25	-0,614766240119934			
2034,375	0,291356116533279			2034,375	0,213819533586502					2034,375	0,147036403417587	2034,375	0,0117403157055378					2034,375	-0,0694145336747169	2034,375	-0,186915501952171					2034,375	-0,299424886703491	2034,375	-0,332194447517395			2034,375	0,0427636802196503			2034,375	0,0236303340643644					2034,375	0,00505799800157547	2034,375	-0,0185905545949936					2034,375	-0,104870736598969	2034,375	-0,215245172381401					2034,375	-0,430668383836746	2034,375	-0,616658568382263			
2037,5	0,291150867938995			2037,5	0,213790133595467					2037,5	0,146853730082512	2037,5	0,0116977402940392					2037,5	-0,0690480470657349	2037,5	-0,186284765601158					2037,5	-0,298722088336945	2037,5	-0,331280529499054			2037,5	0,0439354330301285			2037,5	0,0253597050905228					2037,5	0,00617628777399659	2037,5	-0,017683194950223					2037,5	-0,104100704193115	2037,5	-0,214646264910698					2037,5	-0,431360632181168	2037,5	-0,618215203285217			
2040,625	0,289875358343124			2040,625	0,211715891957283					2040,625	0,145418539643288	2040,625	0,0122379576787353					2040,625	-0,0689586773514748	2040,625	-0,185715362429619					2040,625	-0,299354940652847	2040,625	-0,331982135772705			2040,625	0,0445255376398563			2040,625	0,0245216749608517					2040,625	0,00621956028044224	2040,625	-0,0165547914803028					2040,625	-0,101368777453899	2040,625	-0,209632620215416					2040,625	-0,42384672164917	2040,625	-0,608122050762177			
2043,75	0,290210038423538			2043,75	0,212818741798401					2043,75	0,145979464054108	2043,75	0,0127260498702526					2043,75	-0,0689188241958618	2043,75	-0,185987964272499					2043,75	-0,299146562814713	2043,75	-0,332278728485107			2043,75	0,0444992519915104			2043,75	0,0261217821389437					2043,75	0,00739419972524047	2043,75	-0,0149874333292246					2043,75	-0,1004803404212	2043,75	-0,209352239966393					2043,75	-0,424021273851395	2043,75	-0,608440339565277			
2046,875	0,291462600231171			2046,875	0,213176220655441					2046,875	0,146078735589981	2046,875	0,0128480587154627					2046,875	-0,0696091055870056	2046,875	-0,187217101454735					2046,875	-0,301174640655518	2046,875	-0,335455566644669			2046,875	0,0448470264673233			2046,875	0,0274391546845436					2046,875	0,00804767478257418	2046,875	-0,0138061745092273					2046,875	-0,0996164008975029	2046,875	-0,208549693226814					2046,875	-0,423342138528824	2046,875	-0,608645856380463			
2050	0,29133728146553			2050	0,213285550475121					2050	0,145906999707222	2050	0,0124605242162943					2050	-0,0706139206886292	2050	-0,1892129778862					2050	-0,304847002029419	2050	-0,341168195009232			2050	0,0459412820637226			2050	0,0270037353038788					2050	0,00768483057618141	2050	-0,013237813487649					2050	-0,0984167382121086	2050	-0,20701177418232					2050	-0,421522587537766	2050	-0,606783032417297			
2053,125	0,291167289018631			2053,125	0,21392884850502					2053,125	0,145794063806534	2053,125	0,0124139366671443					2053,125	-0,0710685849189758	2053,125	-0,190161034464836					2053,125	-0,308030396699905	2053,125	-0,345288157463074			2053,125	0,046024963259697			2053,125	0,0280112363398075					2053,125	0,00845520384609699	2053,125	-0,0119147831574082					2053,125	-0,0973381623625755	2053,125	-0,205840185284615					2053,125	-0,421274363994598	2053,125	-0,607416808605194			
2056,25	0,290620774030685			2056,25	0,213207945227623					2056,25	0,14482107758522	2056,25	0,0126736517995596					2056,25	-0,0711615905165672	2056,25	-0,189961060881615					2056,25	-0,307706952095032	2056,25	-0,345293253660202			2056,25	0,0449139773845673			2056,25	0,028930801898241					2056,25	0,00946744065731764	2056,25	-0,0110003054141998					2056,25	-0,0956922993063927	2056,25	-0,203822985291481					2056,25	-0,418232053518295	2056,25	-0,603593587875366			
2059,375	0,291696041822433			2059,375	0,212566077709198					2059,375	0,144544541835785	2059,375	0,0127487713471055					2059,375	-0,0714850202202797	2059,375	-0,190538436174393					2059,375	-0,309215098619461	2059,375	-0,347280263900757			2059,375	0,0463852435350418			2059,375	0,0293436143547297					2059,375	0,0100166127085686	2059,375	-0,0102057131007314					2059,375	-0,0945744886994362	2059,375	-0,202358320355415					2059,375	-0,416110038757324	2059,375	-0,601764380931854			
2062,5	0,291290462017059			2062,5	0,212379366159439					2062,5	0,144186779856682	2062,5	0,0127255031839013					2062,5	-0,0719373151659966	2062,5	-0,190896183252335					2062,5	-0,310407906770706	2062,5	-0,34865790605545			2062,5	0,0458252392709255			2062,5	0,0298796389251947					2062,5	0,0105024557560682	2062,5	-0,00889976695179939					2062,5	-0,093586727976799	2062,5	-0,200880095362663					2062,5	-0,414521157741547	2062,5	-0,600135326385498			
2065,625	0,290799170732498			2065,625	0,212925806641579					2065,625	0,14388307929039	2065,625	0,0126732205972075					2065,625	-0,0728536918759346	2065,625	-0,192161455750465					2065,625	-0,313657224178314	2065,625	-0,353646606206894			2065,625	0,0475501008331776			2065,625	0,0301310382783413					2065,625	0,0108740199357271	2065,625	-0,00774489575996995					2065,625	-0,0922782719135284	2065,625	-0,198963686823845					2065,625	-0,412536352872849	2065,625	-0,598032176494598			
2068,75	0,290989428758621			2068,75	0,213323935866356					2068,75	0,143946200609207	2068,75	0,0128680355846882					2068,75	-0,0729962289333344	2068,75	-0,192534103989601					2068,75	-0,314199149608612	2068,75	-0,35482195019722			2068,75	0,0476840920746326			2068,75	0,0315251089632511					2068,75	0,0116285402327776	2068,75	-0,00671194167807698					2068,75	-0,0914447605609894	2068,75	-0,19840781390667					2068,75	-0,412442028522491	2068,75	-0,598381638526917			
2071,875	0,290801733732224			2071,875	0,213731288909912					2071,875	0,14347717165947	2071,875	0,0131781045347452					2071,875	-0,0732932463288307	2071,875	-0,193466082215309					2071,875	-0,315515011548996	2071,875	-0,356733083724976			2071,875	0,0481987372040749			2071,875	0,0324986129999161					2071,875	0,0119771901518106	2071,875	-0,00555901974439621					2071,875	-0,0904889777302742	2071,875	-0,197469368577003					2071,875	-0,411625027656555	2071,875	-0,598364591598511			
2075	0,291585385799408			2075	0,213377848267555					2075	0,142454013228416	2075	0,013292140327394					2075	-0,0740237757563591	2075	-0,194240212440491					2075	-0,317097634077072	2075	-0,359385907649994			2075	0,0486566163599491			2075	0,0328814163804054					2075	0,0129367271438241	2075	-0,00438734982162714					2075	-0,0889451429247856	2075	-0,19531823694706					2075	-0,408850580453873	2075	-0,59535276889801			
2078,125	0,291081309318542			2078,125	0,212842240929604					2078,125	0,141677409410477	2078,125	0,013448653742671					2078,125	-0,0739286839962006	2078,125	-0,194194763898849					2078,125	-0,317037642002106	2078,125	-0,359193831682205			2078,125	0,0486207790672779			2078,125	0,0333697237074375					2078,125	0,0137799456715584	2078,125	-0,00320562557317317					2078,125	-0,087227888405323	2078,125	-0,193003833293915					2078,125	-0,405676066875458	2078,125	-0,591521382331848			
2081,25	0,291074484586716			2081,25	0,212589919567108					2081,25	0,141056910157204	2081,25	0,0135760894045234					2081,25	-0,0737925916910172	2081,25	-0,194025456905365					2081,25	-0,316572099924088	2081,25	-0,359062254428864			2081,25	0,0491258837282658			2081,25	0,0343389473855495					2081,25	0,0149156348779798	2081,25	-0,00206482480280101					2081,25	-0,0856635421514511	2081,25	-0,191015183925629					2081,25	-0,403155028820038	2081,25	-0,588172316551209			
2084,375	0,290873259305954			2084,375	0,213018089532852					2084,375	0,140822663903236	2084,375	0,0134490327909589					2084,375	-0,0750164091587067	2084,375	-0,196205839514732					2084,375	-0,321542173624039	2084,375	-0,36585259437561			2084,375	0,0504151582717896			2084,375	0,0344096198678017					2084,375	0,0152243301272392	2084,375	-0,00109532696660608					2084,375	-0,0844276323914528	2084,375	-0,189515024423599					2084,375	-0,401071131229401	2084,375	-0,587021708488464			
2087,5	0,290283352136612			2087,5	0,213030099868774					2087,5	0,140227824449539	2087,5	0,0134687563404441					2087,5	-0,0755033046007156	2087,5	-0,196701377630234					2087,5	-0,322025150060654	2087,5	-0,366332560777664			2087,5	0,0495129488408566			2087,5	0,0359289795160294					2087,5	0,0163735207170248	2087,5	2,61530603893334E-05					2087,5	-0,0838491916656494	2087,5	-0,189508512616158					2087,5	-0,401219636201859	2087,5	-0,588233292102814			
2090,625	0,291300117969513			2090,625	0,213230639696121					2090,625	0,139613896608353	2090,625	0,0137163763865829					2090,625	-0,076063834130764	2090,625	-0,197660624980927					2090,625	-0,323590010404587	2090,625	-0,368840038776398			2090,625	0,0504051260650158			2090,625	0,0367092862725258					2090,625	0,0174864754080772	2090,625	0,00121351855341345					2090,625	-0,0826069414615631	2090,625	-0,187603995203972					2090,625	-0,39967080950737	2090,625	-0,58642715215683			
2093,75	0,291918158531189			2093,75	0,213600769639015					2093,75	0,139381930232048	2093,75	0,0139419045299292					2093,75	-0,0759965106844902	2093,75	-0,197743013501167					2093,75	-0,325731307268143	2093,75	-0,372956216335297			2093,75	0,0501077137887478			2093,75	0,0368381813168526					2093,75	0,0181826986372471	2093,75	0,00233669951558113					2093,75	-0,0807630866765976	2093,75	-0,185346141457558					2093,75	-0,396623134613037	2093,75	-0,583214223384857			
2096,875	0,290814012289047			2096,875	0,213269755244255					2096,875	0,138658031821251	2096,875	0,0137524893507361					2096,875	-0,0761961340904236	2096,875	-0,197280630469322					2096,875	-0,324618875980377	2096,875	-0,371982216835022			2096,875	0,0513107255101204			2096,875	0,0381010584533215					2096,875	0,0197894480079412	2096,875	0,00334968278184533					2096,875	-0,0797324478626251	2096,875	-0,184747979044914					2096,875	-0,395770996809006	2096,875	-0,58253002166748			
2100	0,291274338960648			2100	0,212791636586189					2100	0,137893438339233	2100	0,0139560541138053					2100	-0,0775247365236282	2100	-0,199196726083755					2100	-0,329390227794647	2100	-0,377591252326965			2100	0,0523274913430214			2100	0,0373272188007832					2100	0,0204788856208324	2100	0,00435535376891494					2100	-0,0772545039653778	2100	-0,180766806006432					2100	-0,390583544969559	2100	-0,576371073722839			
2103,125	0,29038804769516			2103,125	0,212352648377419					2103,125	0,137664765119553	2103,125	0,0139661878347397					2103,125	-0,0770162492990494	2103,125	-0,198187440633774					2103,125	-0,327237874269485	2103,125	-0,375298291444778			2103,125	0,0512168481945992			2103,125	0,0389370210468769					2103,125	0,0221558902412653	2103,125	0,00522110564634204					2103,125	-0,0766277760267258	2103,125	-0,18002188205719					2103,125	-0,389460623264313	2103,125	-0,575061082839966			
2106,25	0,290473312139511			2106,25	0,2124053388834					2106,25	0,137615472078323	2106,25	0,0142675722017884					2106,25	-0,0773407146334648	2106,25	-0,198913872241974					2106,25	-0,328824162483215	2106,25	-0,378054022789001			2106,25	0,0522758848965168			2106,25	0,0394917950034142					2106,25	0,0238284636288881	2106,25	0,00625778501853347					2106,25	-0,0749008506536484	2106,25	-0,178869143128395					2106,25	-0,388615965843201	2106,25	-0,574760735034943			
2109,375	0,289622366428375			2109,375	0,212752461433411					2109,375	0,137251913547516	2109,375	0,0143476575613022					2109,375	-0,0784085914492607	2109,375	-0,200751915574074					2109,375	-0,332063168287277	2109,375	-0,382660299539566			2109,375	0,0524551831185818			2109,375	0,0392778217792511					2109,375	0,0245401486754417	2109,375	0,00715371174737811					2109,375	-0,0738119557499886	2109,375	-0,177395805716515					2109,375	-0,387131810188293	2109,375	-0,573358833789825			
2112,5	0,291768431663513			2112,5	0,213548630475998					2112,5	0,137677729129791	2112,5	0,0144188906997442					2112,5	-0,0786745622754097	2112,5	-0,201532393693924					2112,5	-0,333267420530319	2112,5	-0,384066730737686			2112,5	0,0518801063299179			2112,5	0,0400222167372704					2112,5	0,0256985407322645	2112,5	0,00813344959169626					2112,5	-0,0727874562144279	2112,5	-0,176608130335808					2112,5	-0,386609703302383	2112,5	-0,572870850563049			
2115,625	0,290617734193802			2115,625	0,213289365172386					2115,625	0,137608483433723	2115,625	0,0148231321945786					2115,625	-0,0785228386521339	2115,625	-0,201632857322693					2115,625	-0,333970844745636	2115,625	-0,385307967662811			2115,625	0,0530528090894222			2115,625	0,0403352901339531					2115,625	0,0271100271493196	2115,625	0,00900109950453043					2115,625	-0,0707882419228554	2115,625	-0,174270495772362					2115,625	-0,383198320865631	2115,625	-0,56954962015152			
2118,75	0,290407449007034			2118,75	0,213577479124069					2118,75	0,137624084949493	2118,75	0,0152620077133179					2118,75	-0,0785048380494118	2118,75	-0,20223668217659					2118,75	-0,335578352212906	2118,75	-0,3876813352108			2118,75	0,0529773384332657			2118,75	0,041511707007885					2118,75	0,0285903569310904	2118,75	0,0098176347091794					2118,75	-0,0695924684405327	2118,75	-0,173059806227684					2118,75	-0,382280647754669	2118,75	-0,569035232067108			
2121,875	0,289166420698166			2121,875	0,212816148996353					2121,875	0,137115120887756	2121,875	0,015112703666091					2121,875	-0,0784944221377373	2121,875	-0,202285200357437					2121,875	-0,3356753885746	2121,875	-0,388426661491394			2121,875	0,0539180785417557			2121,875	0,0418414101004601					2121,875	0,0296148806810379	2121,875	0,0107572404667735					2121,875	-0,0680467188358307	2121,875	-0,170800417661667					2121,875	-0,379203647375107	2121,875	-0,564718961715698			
2125	0,290889948606491			2125	0,21279276907444					2125	0,137430086731911	2125	0,015487615019083					2125	-0,0786157920956612	2125	-0,202699646353722					2125	-0,336521625518799	2125	-0,389785140752792			2125	0,0539344362914562			2125	0,0425571985542774					2125	0,0306011978536844	2125	0,0118713909760118					2125	-0,0665220618247986	2125	-0,169173240661621					2125	-0,3773592710495	2125	-0,56303870677948			
2128,125	0,292617857456207			2128,125	0,213666051626205					2128,125	0,138277113437653	2128,125	0,0154118612408638					2128,125	-0,0792319476604462	2128,125	-0,20382909476757					2128,125	-0,339718401432037	2128,125	-0,394171535968781			2128,125	0,0553216226398945			2128,125	0,0428135804831982					2128,125	0,0319704674184322	2128,125	0,012837789952755					2128,125	-0,0650647282600403	2128,125	-0,168006017804146					2128,125	-0,375973433256149	2128,125	-0,561946511268616			
2131,25	0,291504770517349			2131,25	0,213296219706535					2131,25	0,138160482048988	2131,25	0,0150951789692044					2131,25	-0,0792980268597603	2131,25	-0,204260751605034					2131,25	-0,340493708848953	2131,25	-0,395322561264038			2131,25	0,0532961301505566			2131,25	0,0433168672025204					2131,25	0,0331518724560738	2131,25	0,0137505950406194					2131,25	-0,0640335008502007	2131,25	-0,166578948497772					2131,25	-0,374607354402542	2131,25	-0,560303151607513			
2134,375	0,290494412183762			2134,375	0,213257148861885					2134,375	0,137913018465042	2134,375	0,0153841841965914					2134,375	-0,0797345265746117	2134,375	-0,205351173877716					2134,375	-0,342518746852875	2134,375	-0,399030804634094			2134,375	0,0545990318059921			2134,375	0,0432479456067085					2134,375	0,0335392504930496	2134,375	0,0148085951805115					2134,375	-0,0625506639480591	2134,375	-0,164434731006622					2134,375	-0,371716141700745	2134,375	-0,557348966598511			
2137,5	0,29086697101593			2137,5	0,21353805065155					2137,5	0,1385328322649	2137,5	0,0154931079596281					2137,5	-0,0799055695533752	2137,5	-0,20596019923687					2137,5	-0,343638896942139	2137,5	-0,400740683078766			2137,5	0,0562212094664574			2137,5	0,0443202033638954					2137,5	0,0349254570901394	2137,5	0,0157720893621445					2137,5	-0,0606716573238373	2137,5	-0,16301129758358					2137,5	-0,370290517807007	2137,5	-0,556129097938538			
2140,625	0,289233505725861			2140,625	0,212835744023323					2140,625	0,138697624206543	2140,625	0,0157648846507072					2140,625	-0,079877570271492	2140,625	-0,205644905567169					2140,625	-0,343760162591934	2140,625	-0,40135246515274			2140,625	0,0546370111405849			2140,625	0,0450201965868473					2140,625	0,035945750772953	2140,625	0,0167450066655874					2140,625	-0,0592031106352806	2140,625	-0,16120520234108					2140,625	-0,367619037628174	2140,625	-0,552402198314667			
2143,75	0,28916198015213			2143,75	0,212385594844818					2143,75	0,138769492506981	2143,75	0,0159479323774576					2143,75	-0,0798606723546982	2143,75	-0,205777481198311					2143,75	-0,344448149204254	2143,75	-0,403170228004456			2143,75	0,0556530728936195			2143,75	0,0458165369927883					2143,75	0,0363908484578133	2143,75	0,0177215803414583					2143,75	-0,0579959899187088	2143,75	-0,159655794501305					2143,75	-0,365498065948486	2143,75	-0,55056631565094			
2146,875	0,290272682905197			2146,875	0,213296756148338					2146,875	0,139400705695152	2146,875	0,0158095229417086					2146,875	-0,0801843777298927	2146,875	-0,206674546003342					2146,875	-0,346469700336456	2146,875	-0,405113875865936			2146,875	0,0568788386881351			2146,875	0,0468619801104069					2146,875	0,0377592593431473	2146,875	0,0187305081635714					2146,875	-0,0573425628244877	2146,875	-0,159302085638046					2146,875	-0,366635322570801	2146,875	-0,553024232387543			
2150	0,290187954902649			2150	0,214074715971947					2150	0,140174210071564	2150	0,0158970355987549					2150	-0,0803112834692001	2150	-0,207973971962929					2150	-0,349374562501907	2150	-0,409110099077225			2150	0,0577404089272022			2150	0,0466579087078571					2150	0,0383575558662415	2150	0,0202655009925365					2150	-0,0557782761752605	2150	-0,157072171568871					2150	-0,363976657390594	2150	-0,550411462783813			
2153,125	0,289855092763901			2153,125	0,212898746132851					2153,125	0,139863610267639	2153,125	0,0159245189279318					2153,125	-0,0796817988157272	2153,125	-0,207600727677345					2153,125	-0,348926037549973	2153,125	-0,40926605463028			2153,125	0,0571554377675056			2153,125	0,0473893620073795					2153,125	0,0387669689953327	2153,125	0,0207829531282187					2153,125	-0,0542162917554379	2153,125	-0,155506864190102					2153,125	-0,361318945884705	2153,125	-0,547196686267853			
2156,25	0,289961278438568			2156,25	0,213518336415291					2156,25	0,140405938029289	2156,25	0,0160614233464003					2156,25	-0,0804694965481758	2156,25	-0,208478718996048					2156,25	-0,35110080242157	2156,25	-0,412329107522964			2156,25	0,0573094710707664			2156,25	0,0475728623569012					2156,25	0,0395851582288742	2156,25	0,0217253789305687					2156,25	-0,0529981702566147	2156,25	-0,154615566134453					2156,25	-0,360760271549225	2156,25	-0,5472252368927			
2159,375	0,289140045642853			2159,375	0,212755963206291					2159,375	0,139828190207481	2159,375	0,016299718990922					2159,375	-0,0806602761149406	2159,375	-0,208931490778923					2159,375	-0,352113962173462	2159,375	-0,414437979459763			2159,375	0,0569061823189259			2159,375	0,0477966740727425					2159,375	0,0398875959217548	2159,375	0,0225983820855618					2159,375	-0,0512368306517601	2159,375	-0,152291163802147					2159,375	-0,357484936714172	2159,375	-0,543288767337799			
2162,5	0,288988590240479			2162,5	0,212165743112564					2162,5	0,139475643634796	2162,5	0,016341483220458					2162,5	-0,0800173804163933	2162,5	-0,208121120929718					2162,5	-0,350647389888763	2162,5	-0,412459373474121			2162,5	0,0580621212720871			2162,5	0,0496872328221798					2162,5	0,0411598384380341	2162,5	0,0236602984368801					2162,5	-0,0503915473818779	2162,5	-0,151459246873856					2162,5	-0,357148736715317	2162,5	-0,542936980724335			
2165,625	0,289097130298615			2165,625	0,212089255452156					2165,625	0,139767691493034	2165,625	0,0165958888828754					2165,625	-0,080029122531414	2165,625	-0,208821624517441					2165,625	-0,352435827255249	2165,625	-0,415413200855255			2165,625	0,0586274564266205			2165,625	0,0497972965240479					2165,625	0,0418791994452477	2165,625	0,0248579308390617					2165,625	-0,0485943965613842	2165,625	-0,148737579584122					2165,625	-0,354270279407501	2165,625	-0,539672017097473			
2168,75	0,288042664527893			2168,75	0,2128676623106					2168,75	0,140533119440079	2168,75	0,0169054642319679					2168,75	-0,0803305506706238	2168,75	-0,210101827979088					2168,75	-0,356088399887085	2168,75	-0,42026674747467			2168,75	0,0589674450457096			2168,75	0,0491721294820309					2168,75	0,0419575646519661	2168,75	0,0262782778590918					2168,75	-0,0471362099051476	2168,75	-0,146368876099586					2168,75	-0,351099342107773	2168,75	-0,536289393901825			
2171,875	0,287894487380981			2171,875	0,212583735585213					2171,875	0,140085771679878	2171,875	0,0167601015418768					2171,875	-0,0805826708674431	2171,875	-0,210647165775299					2171,875	-0,356596440076828	2171,875	-0,4213927090168			2171,875	0,060452938079834			2171,875	0,0507289804518223					2171,875	0,0429042689502239	2171,875	0,0268889646977186					2171,875	-0,0462999641895294	2171,875	-0,145954117178917					2171,875	-0,350216299295425	2171,875	-0,535611510276794			
2175	0,288773208856583			2175	0,213190570473671					2175	0,140543803572655	2175	0,0169790759682655					2175	-0,0813248082995415	2175	-0,212436214089394					2175	-0,35938835144043	2175	-0,425319254398346			2175	0,0594900883734226			2175	0,0516842119395733					2175	0,0438483953475952	2175	0,0283672846853733					2175	-0,0451828725636005	2175	-0,145117849111557					2175	-0,349728524684906	2175	-0,535935580730438			
2178,125	0,287832945585251			2178,125	0,212265983223915					2178,125	0,140076547861099	2178,125	0,0171635299921036					2178,125	-0,0810884609818459	2178,125	-0,21212375164032					2178,125	-0,359590113162994	2178,125	-0,425987482070923			2178,125	0,0595853626728058			2178,125	0,0516912154853344					2178,125	0,0441790893673897	2178,125	0,0289665590971708					2178,125	-0,0437910854816437	2178,125	-0,142919152975082					2178,125	-0,346583396196365	2178,125	-0,532068490982056			
2181,25	0,287346869707108			2181,25	0,211643353104591					2181,25	0,139352366328239	2181,25	0,0170842353254557					2181,25	-0,0807713344693184	2181,25	-0,211636781692505					2181,25	-0,359130412340164	2181,25	-0,425540864467621			2181,25	0,0607103370130062			2181,25	0,0527592487633228					2181,25	0,0451966971158981	2181,25	0,029433760792017					2181,25	-0,0428139194846153	2181,25	-0,14173649251461					2181,25	-0,344805866479874	2181,25	-0,530114233493805			
2184,375	0,287023097276688			2184,375	0,211558148264885					2184,375	0,13883563876152	2184,375	0,0171683114022017					2184,375	-0,0804600417613983	2184,375	-0,2120361328125					2184,375	-0,360283613204956	2184,375	-0,427753537893295			2184,375	0,0611494220793247			2184,375	0,0533405542373657					2184,375	0,0458937436342239	2184,375	0,0307503193616867					2184,375	-0,0411046668887138	2184,375	-0,13933914899826					2184,375	-0,341551601886749	2184,375	-0,526206493377686			
2187,5	0,287182599306107			2187,5	0,211530238389969					2187,5	0,138783052563667	2187,5	0,0174697134643793					2187,5	-0,0806335210800171	2187,5	-0,212436348199844					2187,5	-0,361597120761871	2187,5	-0,429724514484406			2187,5	0,0608561523258686			2187,5	0,0540288612246513					2187,5	0,0468332357704639	2187,5	0,031548984348774					2187,5	-0,0398174822330475	2187,5	-0,13799387216568					2187,5	-0,339670568704605	2187,5	-0,524349987506866			
2190,625	0,287294924259186			2190,625	0,21198545396328					2190,625	0,138449743390083	2190,625	0,0173690412193537					2190,625	-0,080748938024044	2190,625	-0,212735235691071					2190,625	-0,362325817346573	2190,625	-0,430274367332459			2190,625	0,0618117786943913			2190,625	0,0550982169806957					2190,625	0,0481438487768173	2190,625	0,0324786901473999					2190,625	-0,0390728861093521	2190,625	-0,137587413191795					2190,625	-0,340044617652893	2190,625	-0,524628877639771			
2193,75	0,287275314331055			2193,75	0,212905466556549					2193,75	0,138713493943214	2193,75	0,0179636366665363					2193,75	-0,0812518000602722	2193,75	-0,214553207159042					2193,75	-0,365748584270477	2193,75	-0,435732662677765			2193,75	0,0612979121506214			2193,75	0,0560156889259815					2193,75	0,0485156252980232	2193,75	0,0337963216006756					2193,75	-0,0379570238292217	2193,75	-0,135677769780159					2193,75	-0,338221162557602	2193,75	-0,523152828216553			
2196,875	0,287875324487686			2196,875	0,212812393903732					2196,875	0,138820990920067	2196,875	0,0183014739304781					2196,875	-0,0811473205685616	2196,875	-0,214584559202194					2196,875	-0,367180973291397	2196,875	-0,438262522220612			2196,875	0,0627631768584251			2196,875	0,0560552515089512					2196,875	0,0494288578629494	2196,875	0,0348973870277405					2196,875	-0,036204420030117	2196,875	-0,13315361738205					2196,875	-0,33494508266449	2196,875	-0,519816696643829			
2200	0,288799852132797			2200	0,212058201432228					2200	0,138198986649513	2200	0,0181563198566437					2200	-0,0811349526047707	2200	-0,214388877153397					2200	-0,366361349821091	2200	-0,437480241060257			2200	0,0627452805638313			2200	0,0568361207842827					2200	0,0504392944276333	2200	0,0354372411966324					2200	-0,0353944376111031	2200	-0,132269635796547					2200	-0,333133429288864	2200	-0,517625391483307			
2203,125	0,288244992494583			2203,125	0,212082877755165					2203,125	0,138112396001816	2203,125	0,0183095671236515					2203,125	-0,0813587084412575	2203,125	-0,215246185660362					2203,125	-0,367751568555832	2203,125	-0,439588934183121			2203,125	0,0638888254761696			2203,125	0,0575000531971455					2203,125	0,0515595637261868	2203,125	0,0364912524819374					2203,125	-0,0342899449169636	2203,125	-0,131113857030869					2203,125	-0,331633359193802	2203,125	-0,516140997409821			
2206,25	0,287701398134232			2206,25	0,212194591760635					2206,25	0,138138979673386	2206,25	0,018498545512557					2206,25	-0,0808966755867004	2206,25	-0,215095043182373					2206,25	-0,368157893419266	2206,25	-0,440312772989273			2206,25	0,0638322532176971			2206,25	0,0588026233017445					2206,25	0,0522771663963795	2206,25	0,0371085479855537					2206,25	-0,0331551358103752	2206,25	-0,129699736833572					2206,25	-0,329408913850784	2206,25	-0,513463079929352			
2209,375	0,288402289152145			2209,375	0,211940512061119					2209,375	0,138068154454231	2209,375	0,0188076365739107					2209,375	-0,0805532932281494	2209,375	-0,215198963880539					2209,375	-0,368754088878632	2209,375	-0,441103935241699			2209,375	0,0636991858482361			2209,375	0,0598139241337776					2209,375	0,0535150468349457	2209,375	0,037908174097538					2209,375	-0,0319385342299938	2209,375	-0,128079921007156					2209,375	-0,327605903148651	2209,375	-0,511659681797028			
2212,5	0,288127273321152			2212,5	0,21326445043087					2212,5	0,138888716697693	2212,5	0,0195557400584221					2212,5	-0,0811056047677994	2212,5	-0,217507511377335					2212,5	-0,372729331254959	2212,5	-0,446696251630783			2212,5	0,0636380314826965			2212,5	0,0599697642028332					2212,5	0,0548224970698357	2212,5	0,0391917340457439					2212,5	-0,0307398065924644	2212,5	-0,127254262566566					2212,5	-0,327403366565704	2212,5	-0,512595236301422			
2215,625	0,288077563047409			2215,625	0,213652566075325					2215,625	0,139477625489235	2215,625	0,0200253184884787					2215,625	-0,0815397799015045	2215,625	-0,218690276145935					2215,625	-0,374380558729172	2215,625	-0,449913054704666			2215,625	0,0651340782642365			2215,625	0,060713917016983					2215,625	0,055886298418045	2215,625	0,039759986102581					2215,625	-0,0297976974397898	2215,625	-0,125821128487587					2215,625	-0,326324969530106	2215,625	-0,511528789997101			
2218,75	0,288664519786835			2218,75	0,213535413146019					2218,75	0,139191418886185	2218,75	0,0199685655534267					2218,75	-0,0813091620802879	2218,75	-0,218130439519882					2218,75	-0,374477803707123	2218,75	-0,450289338827133			2218,75	0,0649596229195595			2218,75	0,0617216341197491					2218,75	0,0575627386569977	2218,75	0,0407498441636562					2218,75	-0,0285745691508055	2218,75	-0,123915992677212					2218,75	-0,323462724685669	2218,75	-0,507765293121338			
2221,875	0,288509905338287			2221,875	0,213066637516022					2221,875	0,138810649514198	2221,875	0,0198590643703938					2221,875	-0,0814213454723358	2221,875	-0,21720016002655					2221,875	-0,373658061027527	2221,875	-0,449349522590637			2221,875	0,0657890066504478			2221,875	0,0621746778488159					2221,875	0,0586274154484272	2221,875	0,0414970852434635					2221,875	-0,0273079462349415	2221,875	-0,122365742921829					2221,875	-0,321114420890808	2221,875	-0,505111217498779			
2225	0,287355601787567			2225	0,213258013129234					2225	0,139170527458191	2225	0,0200776048004627					2225	-0,0818408727645874	2225	-0,218443766236305					2225	-0,37640592455864	2225	-0,453648567199707			2225	0,0653697848320007			2225	0,0619555078446865					2225	0,0591002888977528	2225	0,0423396155238152					2225	-0,0259589515626431	2225	-0,120109252631664					2225	-0,318331569433212	2225	-0,502563536167145			
2228,125	0,287266552448273			2228,125	0,21367247402668					2228,125	0,139606952667236	2228,125	0,020348334684968					2228,125	-0,081815667450428	2228,125	-0,219360858201981					2228,125	-0,378006726503372	2228,125	-0,456261307001114			2228,125	0,0668197870254517			2228,125	0,062636524438858					2228,125	0,0603280290961266	2228,125	0,043388906866312					2228,125	-0,0248119849711657	2228,125	-0,118670634925365					2228,125	-0,317207425832748	2228,125	-0,501677572727203			
2231,25	0,288138598203659			2231,25	0,21308970451355					2231,25	0,13952748477459	2231,25	0,0205353032797575					2231,25	-0,0816787555813789	2231,25	-0,218982055783272					2231,25	-0,377268940210342	2231,25	-0,455286830663681			2231,25	0,0657795444130898			2231,25	0,0632508918642998					2231,25	0,0610994696617126	2231,25	0,043768335133791					2231,25	-0,0239414442330599	2231,25	-0,117260411381721					2231,25	-0,314905554056168	2231,25	-0,498772203922272			
2234,375	0,287424445152283			2234,375	0,213202580809593					2234,375	0,139870509505272	2234,375	0,0209038443863392					2234,375	-0,0815858989953995	2234,375	-0,219258323311806					2234,375	-0,378787606954575	2234,375	-0,458056718111038			2234,375	0,0675122961401939			2234,375	0,0634162202477455					2234,375	0,0621197558939457	2234,375	0,0444229990243912					2234,375	-0,0223311465233564	2234,375	-0,115441061556339					2234,375	-0,31198439002037	2234,375	-0,495229989290237			
2237,5	0,287028789520264			2237,5	0,213507190346718					2237,5	0,139989301562309	2237,5	0,0207845456898212					2237,5	-0,0818946063518524	2237,5	-0,220115005970001					2237,5	-0,379951357841492	2237,5	-0,459854543209076			2237,5	0,0672781839966774			2237,5	0,0648813843727112					2237,5	0,0637282580137253	2237,5	0,0453865863382816					2237,5	-0,021720614284277	2237,5	-0,115147687494755					2237,5	-0,312003880739212	2237,5	-0,496050924062729			
2240,625	0,287446826696396			2240,625	0,215194433927536					2240,625	0,141853585839272	2240,625	0,0211362913250923					2240,625	-0,0823697969317436	2240,625	-0,222231715917587					2240,625	-0,383515059947968	2240,625	-0,464383631944656			2240,625	0,0680128261446953			2240,625	0,0652865990996361					2240,625	0,0648391842842102	2240,625	0,0464681796729565					2240,625	-0,0201966073364019	2240,625	-0,113153681159019					2240,625	-0,310058623552322	2240,625	-0,494407206773758			
2243,75	0,28618997335434			2243,75	0,215318068861961					2243,75	0,141879633069038	2243,75	0,0212610475718975					2243,75	-0,0825007110834122	2243,75	-0,222574397921562					2243,75	-0,384001821279526	2243,75	-0,465025991201401			2243,75	0,0677129030227661			2243,75	0,0661937892436981					2243,75	0,0658209845423698	2243,75	0,0474828369915485					2243,75	-0,0191968083381653	2243,75	-0,112027987837791					2243,75	-0,30920284986496	2243,75	-0,493802458047867			
2246,875	0,287442028522491			2246,875	0,214947357773781					2246,875	0,141785457730293	2246,875	0,0213242620229721					2246,875	-0,0824090614914894	2246,875	-0,222399398684502					2246,875	-0,384116977453232	2246,875	-0,465570867061615			2246,875	0,0681685358285904			2246,875	0,0668609365820885					2246,875	0,0665118023753166	2246,875	0,0480583943426609					2246,875	-0,0183901656419039	2246,875	-0,110682152211666					2246,875	-0,307640224695206	2246,875	-0,491973280906677			
2250	0,287539094686508			2250	0,214169219136238					2250	0,141449868679047	2250	0,0211287885904312					2250	-0,0824418589472771	2250	-0,222008928656578					2250	-0,383861362934113	2250	-0,465967684984207			2250	0,0694826319813728			2250	0,0670898333191872					2250	0,0669894218444824	2250	0,0484350211918354					2250	-0,0173497069627047	2250	-0,10845872759819					2250	-0,304131329059601	2250	-0,487482935190201			
2253,125	0,285781592130661			2253,125	0,214373961091042					2253,125	0,141866073012352	2253,125	0,0217541512101889					2253,125	-0,0821887403726578	2253,125	-0,222539991140366					2253,125	-0,385050356388092	2253,125	-0,46898889541626			2253,125	0,0684158354997635			2253,125	0,067641481757164					2253,125	0,0676138773560524	2253,125	0,0497129261493683					2253,125	-0,0157706011086702	2253,125	-0,107211120426655					2253,125	-0,301621079444885	2253,125	-0,484824657440186			
2256,25	0,284550249576569			2256,25	0,214638695120811					2256,25	0,142390891909599	2256,25	0,0221618600189686					2256,25	-0,0816183835268021	2256,25	-0,221874505281448					2256,25	-0,385317742824554	2256,25	-0,469997227191925			2256,25	0,068833626806736			2256,25	0,0675064697861671					2256,25	0,0682548880577087	2256,25	0,0506072863936424					2256,25	-0,0142895085737109	2256,25	-0,104903377592564					2256,25	-0,299264907836914	2256,25	-0,481584966182709			
2259,375	0,285123705863953			2259,375	0,215315818786621					2259,375	0,143100947141647	2259,375	0,0221726074814796					2259,375	-0,0820149406790733	2259,375	-0,222774341702461					2259,375	-0,387353420257568	2259,375	-0,472531914710999			2259,375	0,0690454095602036			2259,375	0,0680583566427231					2259,375	0,0693555772304535	2259,375	0,0514128133654594					2259,375	-0,0131955379620194	2259,375	-0,103422917425632					2259,375	-0,297147065401077	2259,375	-0,479631662368774			
2262,5	0,285311341285706			2262,5	0,215337187051773					2262,5	0,143604978919029	2262,5	0,0219320748001337					2262,5	-0,0820694863796234	2262,5	-0,223517328500748					2262,5	-0,388171643018723	2262,5	-0,473263114690781			2262,5	0,0697470009326935			2262,5	0,0687765851616859					2262,5	0,0703676268458366	2262,5	0,0522929280996323					2262,5	-0,0121769281104207	2262,5	-0,10228331387043					2262,5	-0,296317458152771	2262,5	-0,479029625654221			
2265,625	0,284455716609955			2265,625	0,215233400464058					2265,625	0,14398667216301	2265,625	0,0221547838300467					2265,625	-0,0818159058690071	2265,625	-0,223930940032005					2265,625	-0,389389604330063	2265,625	-0,475140571594238			2265,625	0,070539616048336			2265,625	0,0691479369997978					2265,625	0,071022056043148	2265,625	0,0532089173793793					2265,625	-0,0108273588120937	2265,625	-0,100472532212734					2265,625	-0,29452982544899	2265,625	-0,477156281471252			
2268,75	0,284401446580887			2268,75	0,214715644717216					2268,75	0,143602639436722	2268,75	0,0222181174904108					2268,75	-0,081419438123703	2268,75	-0,223117560148239					2268,75	-0,388374447822571	2268,75	-0,474889606237412			2268,75	0,0715625435113907			2268,75	0,0693902298808098					2268,75	0,0711802244186401	2268,75	0,053582027554512					2268,75	-0,00997538864612579	2268,75	-0,0985593274235725					2268,75	-0,291360020637512	2268,75	-0,473137527704239			
2271,875	0,284246236085892			2271,875	0,215354517102242					2271,875	0,144225984811783	2271,875	0,0220444146543741					2271,875	-0,0817714482545853	2271,875	-0,224267974495888					2271,875	-0,390383213758469	2271,875	-0,478041380643845			2271,875	0,0727172344923019			2271,875	0,0697925388813019					2271,875	0,0720709338784218	2271,875	0,054639533162117					2271,875	-0,00890356488525867	2271,875	-0,0971259549260139					2271,875	-0,289997309446335	2271,875	-0,472279965877533			
2275	0,283686220645905			2275	0,216046676039696					2275	0,145340472459793	2275	0,022773664444685					2275	-0,0820144712924957	2275	-0,225180551409721					2275	-0,393510073423386	2275	-0,482619851827621			2275	0,0726756006479263			2275	0,0696602016687393					2275	0,0726476013660431	2275	0,0550199039280415					2275	-0,00742394104599953	2275	-0,0950639024376869					2275	-0,288024991750717	2275	-0,470022261142731			
2278,125	0,283842474222183			2278,125	0,216385468840599					2278,125	0,14555749297142	2278,125	0,0225798636674881					2278,125	-0,0821525827050209	2278,125	-0,225304767489433					2278,125	-0,39361447095871	2278,125	-0,483088821172714			2278,125	0,0731639936566353			2278,125	0,0706833526492119					2278,125	0,0739275515079498	2278,125	0,0561785213649273					2278,125	-0,00630218954756856	2278,125	-0,0935049578547478					2278,125	-0,286120146512985	2278,125	-0,468040585517883			
2281,25	0,283737540245056			2281,25	0,216170355677605					2281,25	0,145572066307068	2281,25	0,0225904770195484					2281,25	-0,0821066051721573	2281,25	-0,225331261754036					2281,25	-0,3931645154953	2281,25	-0,482770979404449			2281,25	0,0735680088400841			2281,25	0,071558341383934					2281,25	0,0746869891881943	2281,25	0,0567482523620129					2281,25	-0,00553709547966719	2281,25	-0,0927034243941307					2281,25	-0,284738570451736	2281,25	-0,466394931077957			
2284,375	0,283193051815033			2284,375	0,215865850448608					2284,375	0,145595103502274	2284,375	0,0225640665739775					2284,375	-0,0821268707513809	2284,375	-0,225566238164902					2284,375	-0,393693327903748	2284,375	-0,484148293733597			2284,375	0,0753084346652031			2284,375	0,0722306147217751					2284,375	0,0749458521604538	2284,375	0,0576731078326702					2284,375	-0,00457881158217788	2284,375	-0,0914604365825653					2284,375	-0,283689081668854	2284,375	-0,46485361456871			
2287,5	0,283698499202728			2287,5	0,217033430933952					2287,5	0,14680889248848	2287,5	0,0230821091681719					2287,5	-0,082750104367733	2287,5	-0,227113977074623					2287,5	-0,397921651601791	2287,5	-0,490042120218277			2287,5	0,0757745504379272			2287,5	0,0724242553114891					2287,5	0,0758619904518127	2287,5	0,0591204054653645					2287,5	-0,00251471227966249	2287,5	-0,0892054960131645					2287,5	-0,281871885061264	2287,5	-0,463319182395935			
2290,625	0,283231377601624			2290,625	0,216346979141235					2290,625	0,146630451083183	2290,625	0,0230306144803762					2290,625	-0,0822061076760292	2290,625	-0,226133421063423					2290,625	-0,397089868783951	2290,625	-0,488569974899292			2290,625	0,0759184584021568			2290,625	0,072494238615036					2290,625	0,0764288902282715	2290,625	0,0595607981085777					2290,625	-0,00194335367996246	2290,625	-0,0876169875264168					2290,625	-0,279114633798599	2290,625	-0,459903985261917			
2293,75	0,282185554504395			2293,75	0,215971797704697					2293,75	0,14669106900692	2293,75	0,0228583831340075					2293,75	-0,0820352882146835	2293,75	-0,225262179970741					2293,75	-0,395952433347702	2293,75	-0,48770147562027			2293,75	0,0760349780321121			2293,75	0,0732837542891502					2293,75	0,0771881341934204	2293,75	0,0605320483446121					2293,75	-0,00130107812583447	2293,75	-0,0865159779787064					2293,75	-0,276784241199493	2293,75	-0,457055181264877			
2296,875	0,283245801925659			2296,875	0,216696232557297					2296,875	0,147417411208153	2296,875	0,0229959338903427					2296,875	-0,0825686678290367	2296,875	-0,22734060883522					2296,875	-0,399585008621216	2296,875	-0,492781609296799			2296,875	0,0783728808164597			2296,875	0,0732111558318138					2296,875	0,0780742987990379	2296,875	0,0616734176874161					2296,875	7,2359420300927E-05	2296,875	-0,0851077735424042					2296,875	-0,275124967098236	2296,875	-0,45678174495697			
2300	0,282135635614395			2300	0,21677727997303					2300	0,147775769233704	2300	0,0229166373610497					2300	-0,0829653739929199	2300	-0,227716982364655					2300	-0,401227355003357	2300	-0,495655566453934			2300	0,0782647430896759			2300	0,0739113464951515					2300	0,0783970654010773	2300	0,0625300705432892					2300	0,00141910277307034	2300	-0,0825647637248039					2300	-0,27266925573349	2300	-0,453440010547638			
2303,125	0,283141821622849			2303,125	0,216689109802246					2303,125	0,147803112864494	2303,125	0,0232971403747797					2303,125	-0,0824834108352661	2303,125	-0,227205112576485					2303,125	-0,400801062583923	2303,125	-0,495595782995224			2303,125	0,0791810601949692			2303,125	0,0741438120603561					2303,125	0,0785273313522339	2303,125	0,0629600062966347					2303,125	0,00233903783373535	2303,125	-0,0811447575688362					2303,125	-0,270150452852249	2303,125	-0,450248748064041			
2306,25	0,282823622226715			2306,25	0,21694752573967					2306,25	0,148313611745834	2306,25	0,0237430483102798					2306,25	-0,0822491347789764	2306,25	-0,22749862074852					2306,25	-0,401338785886765	2306,25	-0,496880978345871			2306,25	0,0802517533302307			2306,25	0,0742239430546761					2306,25	0,0789218693971634	2306,25	0,0638651698827744					2306,25	0,00338759319856763	2306,25	-0,0796195343136787					2306,25	-0,268295437097549	2306,25	-0,448498874902725			
2309,375	0,282193630933762			2309,375	0,217001646757126					2309,375	0,148552432656288	2309,375	0,0234892517328262					2309,375	-0,0826433226466179	2309,375	-0,228038921952248					2309,375	-0,401707321405411	2309,375	-0,498202413320541			2309,375	0,0808620974421501			2309,375	0,075148731470108					2309,375	0,0801210254430771	2309,375	0,0647592172026634					2309,375	0,00452278275042772	2309,375	-0,0789921581745148					2309,375	-0,267620354890823	2309,375	-0,447892606258392			
2312,5	0,283572942018509			2312,5	0,216542392969131					2312,5	0,148614913225174	2312,5	0,0232296418398619					2312,5	-0,0821579471230507	2312,5	-0,22752171754837					2312,5	-0,401901066303253	2312,5	-0,49942883849144			2312,5	0,0813827887177467			2312,5	0,0752416476607323					2312,5	0,0805838257074356	2312,5	0,0652560591697693					2312,5	0,00551517587155104	2312,5	-0,0774891823530197					2312,5	-0,265354335308075	2312,5	-0,444808721542358			
2315,625	0,283043563365936			2315,625	0,216227114200592					2315,625	0,148775860667229	2315,625	0,0234602391719818					2315,625	-0,0822208672761917	2315,625	-0,227607622742653					2315,625	-0,403036892414093	2315,625	-0,499763280153275			2315,625	0,0823966860771179			2315,625	0,0752302929759026					2315,625	0,0806218236684799	2315,625	0,0657262206077576					2315,625	0,00667825574055314	2315,625	-0,0757724642753601					2315,625	-0,262854903936386	2315,625	-0,441539108753204			
2318,75	0,283403843641281			2318,75	0,217264220118523					2318,75	0,150378808379173	2318,75	0,0243190936744213					2318,75	-0,0817804411053658	2318,75	-0,228199794888496					2318,75	-0,405152946710587	2318,75	-0,503572881221771			2318,75	0,0836508721113205			2318,75	0,0749247819185257					2318,75	0,0809240415692329	2318,75	0,067329503595829					2318,75	0,00754347816109657	2318,75	-0,073263056576252					2318,75	-0,259973108768463	2318,75	-0,437899857759476			
2321,875	0,284115731716156			2321,875	0,215962633490562					2321,875	0,149269223213196	2321,875	0,0241261050105095					2321,875	-0,0812509208917618	2321,875	-0,226818680763245					2321,875	-0,403716117143631	2321,875	-0,503205835819244			2321,875	0,0847866907715797			2321,875	0,0754026398062706					2321,875	0,0813433080911636	2321,875	0,0674906000494957					2321,875	0,00861173681914806	2321,875	-0,0717615634202957					2321,875	-0,25683405995369	2321,875	-0,434273928403854			
2325	0,286900967359543			2325	0,217273607850075					2325	0,150229394435883	2325	0,0243379957973957					2325	-0,0822355672717094	2325	-0,228534489870071					2325	-0,406416594982147	2325	-0,506538808345795			2325	0,0844985544681549			2325	0,0761203318834305					2325	0,0821753367781639	2325	0,0688045024871826					2325	0,0100298849865794	2325	-0,0704806596040726					2325	-0,256132692098618	2325	-0,435013622045517			
2328,125	0,285224735736847			2328,125	0,217190191149712					2328,125	0,150148183107376	2328,125	0,0241712257266045					2328,125	-0,0825245752930641	2328,125	-0,228734254837036					2328,125	-0,406526923179626	2328,125	-0,506556570529938			2328,125	0,0842396095395088			2328,125	0,0771010518074036					2328,125	0,0830190256237984	2328,125	0,0697155445814133					2328,125	0,0107378838583827	2328,125	-0,0700744763016701					2328,125	-0,255852162837982	2328,125	-0,434758901596069			
2331,25	0,284689515829086			2331,25	0,217447653412819					2331,25	0,150383457541466	2331,25	0,0242146886885166					2331,25	-0,0824765563011169	2331,25	-0,228762492537498					2331,25	-0,407127976417542	2331,25	-0,507335782051086			2331,25	0,0855141207575798			2331,25	0,0773301348090172					2331,25	0,083609938621521	2331,25	0,070670410990715					2331,25	0,0114365806803107	2331,25	-0,0689909607172012					2331,25	-0,25449874997139	2331,25	-0,432728558778763			
2334,375	0,284322679042816			2334,375	0,217919707298279					2334,375	0,151302397251129	2334,375	0,0243729613721371					2334,375	-0,0827268958091736	2334,375	-0,230015084147453					2334,375	-0,409196525812149	2334,375	-0,511044859886169			2334,375	0,0861052796244621			2334,375	0,0777201056480408					2334,375	0,0842607766389847	2334,375	0,0716748610138893					2334,375	0,0126805175095797	2334,375	-0,0675250440835953					2334,375	-0,253254592418671	2334,375	-0,431694716215134			
2337,5	0,285630822181702			2337,5	0,217425122857094					2337,5	0,151354372501373	2337,5	0,0246277749538422					2337,5	-0,0828265249729156	2337,5	-0,229668736457825					2337,5	-0,408994942903519	2337,5	-0,511441171169281			2337,5	0,085283949971199			2337,5	0,0781985744833946					2337,5	0,0848370045423508	2337,5	0,0725416764616966					2337,5	0,014062911272049	2337,5	-0,0656722113490105					2337,5	-0,250560164451599	2337,5	-0,427974700927734			
2340,625	0,285185605287552			2340,625	0,216368958353996					2340,625	0,150881081819534	2340,625	0,0246521849185228					2340,625	-0,0822386518120766	2340,625	-0,228107392787933					2340,625	-0,407410144805908	2340,625	-0,509550094604492			2340,625	0,0870108678936958			2340,625	0,0782842710614204					2340,625	0,084738165140152	2340,625	0,0727578997612					2340,625	0,0148282973095775	2340,625	-0,0640305057168007					2340,625	-0,247192054986954	2340,625	-0,424405843019485			
2343,75	0,286647349596024			2343,75	0,21791772544384					2343,75	0,152081429958344	2343,75	0,0248897764831781					2343,75	-0,0826813876628876	2343,75	-0,23030312359333					2343,75	-0,411606967449188	2343,75	-0,51462060213089			2343,75	0,0873709619045258			2343,75	0,0786945968866348					2343,75	0,0856888070702553	2343,75	0,0742285326123238					2343,75	0,0162652470171452	2343,75	-0,0619804002344608					2343,75	-0,246283322572708	2343,75	-0,42376384139061			
2346,875	0,288327872753143			2346,875	0,217637583613396					2346,875	0,151952818036079	2346,875	0,025110051035881					2346,875	-0,0824398919939995	2346,875	-0,23008605837822					2346,875	-0,411989152431488	2346,875	-0,515923321247101			2346,875	0,0869505181908607			2346,875	0,0786182954907417					2346,875	0,0858539342880249	2346,875	0,0748048350214958					2346,875	0,0172931347042322	2346,875	-0,0606442205607891					2346,875	-0,243824943900108	2346,875	-0,420412689447403			
2350	0,286749452352524			2350	0,217966452240944					2350	0,152084097266197	2350	0,025187723338604					2350	-0,0828085839748383	2350	-0,230660960078239					2350	-0,412933707237244	2350	-0,517567157745361			2350	0,0881886929273605			2350	0,0799442604184151					2350	0,0872108340263367	2350	0,0759773403406143					2350	0,0185284074395895	2350	-0,0599435269832611					2350	-0,242882341146469	2350	-0,420202523469925			
2353,125	0,287199169397354			2353,125	0,218130543828011					2353,125	0,152411252260208	2353,125	0,0253520514816046					2353,125	-0,08265770226717	2353,125	-0,231384873390198					2353,125	-0,414836704730988	2353,125	-0,520842134952545			2353,125	0,0876111760735512			2353,125	0,0796303972601891					2353,125	0,0874039605259895	2353,125	0,0769099295139313					2353,125	0,0197006985545158	2353,125	-0,0577650219202042					2353,125	-0,241160914301872	2353,125	-0,418777257204056			
2356,25	0,287694990634918			2356,25	0,217464715242386					2356,25	0,152182564139366	2356,25	0,0251675583422184					2356,25	-0,0828777179121971	2356,25	-0,23113676905632					2356,25	-0,414688348770142	2356,25	-0,520089089870453			2356,25	0,0882704854011536			2356,25	0,0801336318254471					2356,25	0,0879918858408928	2356,25	0,0775652006268501					2356,25	0,0203378908336163	2356,25	-0,0569376796483994					2356,25	-0,239479601383209	2356,25	-0,41615018248558			
2359,375	0,287354826927185			2359,375	0,217438921332359					2359,375	0,152320101857185	2359,375	0,0256024152040482					2359,375	-0,0828798189759254	2359,375	-0,230461582541466					2359,375	-0,414298892021179	2359,375	-0,519571542739868			2359,375	0,0879700630903244			2359,375	0,0805559158325195					2359,375	0,088360607624054	2359,375	0,0783018469810486					2359,375	0,0213350839912891	2359,375	-0,0561128668487072					2359,375	-0,238102912902832	2359,375	-0,414384573698044			
2362,5	0,287916779518127			2362,5	0,217892602086067					2362,5	0,153191953897476	2362,5	0,0261005740612745					2362,5	-0,0830210596323013	2362,5	-0,231752976775169					2362,5	-0,41629433631897	2362,5	-0,522652864456177			2362,5	0,0882331728935242			2362,5	0,0809255540370941					2362,5	0,0891000255942345	2362,5	0,0795033648610115					2362,5	0,0227813869714737	2362,5	-0,053855549544096					2362,5	-0,235793247818947	2362,5	-0,411553591489792			
2365,625	0,288552522659302			2365,625	0,21852120757103					2365,625	0,154288783669472	2365,625	0,0267941523343325					2365,625	-0,0821923762559891	2365,625	-0,230905443429947					2365,625	-0,41702726483345	2365,625	-0,525995850563049			2365,625	0,0878376588225365			2365,625	0,0800611227750778					2365,625	0,08863615244627	2365,625	0,0798740312457085					2365,625	0,0243187993764877	2365,625	-0,0513735339045525					2365,625	-0,231618732213974	2365,625	-0,407031893730164			
2368,75	0,287842690944672			2368,75	0,217704132199287					2368,75	0,15355309844017	2368,75	0,0261537991464138					2368,75	-0,082415334880352	2368,75	-0,230764374136925					2368,75	-0,41578021645546	2368,75	-0,523698568344116			2368,75	0,0875670835375786			2368,75	0,0815522596240044					2368,75	0,0897703096270561	2368,75	0,0809134691953659					2368,75	0,0247869230806828	2368,75	-0,0513107292354107					2368,75	-0,231965616345406	2368,75	-0,407063871622086			
2371,875	0,288035809993744			2371,875	0,216262429952621					2371,875	0,152963653206825	2371,875	0,0265018306672573					2371,875	-0,0811465233564377	2371,875	-0,228658080101013					2371,875	-0,41361927986145	2371,875	-0,520764231681824			2371,875	0,0893022119998932			2371,875	0,0806630402803421					2371,875	0,0896769836544991	2371,875	0,0806468203663826					2371,875	0,0251549500972033	2371,875	-0,0507968664169312					2371,875	-0,227915465831757	2371,875	-0,401624888181686			
2375	0,2867231965065			2375	0,217458695173264					2375	0,153664976358414	2375	0,0270686373114586					2375	-0,0814197883009911	2375	-0,229747965931892					2375	-0,416492998600006	2375	-0,525262534618378			2375	0,0882823020219803			2375	0,0816949307918549					2375	0,0901884511113167	2375	0,0822367966175079					2375	0,0268052350729704	2375	-0,0483715869486332					2375	-0,225910604000092	2375	-0,400252878665924			
2378,125	0,287514984607697			2378,125	0,217842176556587					2378,125	0,154613882303238	2378,125	0,026579461991787					2378,125	-0,0819763988256454	2378,125	-0,230642378330231					2378,125	-0,418986201286316	2378,125	-0,53038102388382			2378,125	0,0887033492326736			2378,125	0,081099346280098					2378,125	0,0902654826641083	2378,125	0,0829140469431877					2378,125	0,0283396039158106	2378,125	-0,0460694879293442					2378,125	-0,223537787795067	2378,125	-0,396932452917099			
2381,25	0,288023948669434			2381,25	0,21815213561058					2381,25	0,155059739947319	2381,25	0,0275068935006857					2381,25	-0,0822492092847824	2381,25	-0,231725364923477					2381,25	-0,420797765254974	2381,25	-0,533099830150604			2381,25	0,0892561599612236			2381,25	0,0816549435257912					2381,25	0,0907569155097008	2381,25	0,0838203430175781					2381,25	0,0294280927628279	2381,25	-0,0443158634006977					2381,25	-0,221438825130463	2381,25	-0,394923329353333			
2384,375	0,287533611059189			2384,375	0,218469232320786					2384,375	0,155135706067085	2384,375	0,0275107491761446					2384,375	-0,0823898985981941	2384,375	-0,232551604509354					2384,375	-0,421054363250732	2384,375	-0,532798826694489			2384,375	0,0894330739974976			2384,375	0,0831375271081924					2384,375	0,0920598283410072	2384,375	0,0852594003081322					2384,375	0,0305143464356661	2384,375	-0,0436266139149666					2384,375	-0,221821069717407	2384,375	-0,395612150430679			
2387,5	0,287028580904007			2387,5	0,217742279171944					2387,5	0,154789194464684	2387,5	0,0278628710657358					2387,5	-0,081352174282074	2387,5	-0,230734840035439					2387,5	-0,419133603572845	2387,5	-0,53079229593277			2387,5	0,089192308485508			2387,5	0,0822259783744812					2387,5	0,0915380194783211	2387,5	0,0852621793746948					2387,5	0,0312646329402924	2387,5	-0,042251318693161					2387,5	-0,218898013234138	2387,5	-0,391346126794815			
2390,625	0,287968695163727			2390,625	0,217621684074402					2390,625	0,155231803655624	2390,625	0,0279870014637709					2390,625	-0,0817255228757858	2390,625	-0,231331035494804					2390,625	-0,420619338750839	2390,625	-0,532854855060577			2390,625	0,089843712747097			2390,625	0,0830846428871155					2390,625	0,0921683758497238	2390,625	0,0862640291452408					2390,625	0,0320988968014717	2390,625	-0,0410304367542267					2390,625	-0,218062967061996	2390,625	-0,39071998000145			
2393,75	0,289066970348358			2393,75	0,217391163110733					2393,75	0,155136749148369	2393,75	0,0280531197786331					2393,75	-0,082168884575367	2393,75	-0,232366651296616					2393,75	-0,42185452580452	2393,75	-0,53491598367691			2393,75	0,0897839665412903			2393,75	0,0838596075773239					2393,75	0,0930362641811371	2393,75	0,087228387594223					2393,75	0,0332156755030155	2393,75	-0,0402686856687069					2393,75	-0,216449216008186	2393,75	-0,389410227537155			
2396,875	0,288660049438477			2396,875	0,218287125229836					2396,875	0,155956044793129	2396,875	0,0285111982375383					2396,875	-0,0824573561549187	2396,875	-0,232943087816238					2396,875	-0,424263805150986	2396,875	-0,539471685886383			2396,875	0,0909716412425041			2396,875	0,0840300396084785					2396,875	0,0939105674624443	2396,875	0,0886953175067902					2396,875	0,0350825078785419	2396,875	-0,0377664119005203					2396,875	-0,213751643896103	2396,875	-0,387444972991943			
2400	0,288692653179169			2400	0,217772871255875					2400	0,155803695321083	2400	0,0285652317106724					2400	-0,0821783095598221	2400	-0,232514277100563					2400	-0,42358872294426	2400	-0,539455652236938			2400	0,0909063965082169			2400	0,0842728093266487					2400	0,0941438898444176	2400	0,0892998576164246					2400	0,0357263162732124	2400	-0,0365308411419392					2400	-0,211448729038239	2400	-0,383864015340805			
2403,125	0,289569437503815			2403,125	0,21762478351593					2403,125	0,156129464507103	2403,125	0,0289197452366352					2403,125	-0,0820989236235619	2403,125	-0,232987090945244					2403,125	-0,424676299095154	2403,125	-0,541163861751556			2403,125	0,0919432416558266			2403,125	0,0847298353910446					2403,125	0,0946208387613297	2403,125	0,0901510342955589					2403,125	0,0367605164647102	2403,125	-0,0351160690188408					2403,125	-0,209126576781273	2403,125	-0,380370140075684			
2406,25	0,289499014616013			2406,25	0,217895090579987					2406,25	0,15663093328476	2406,25	0,0288592632859945					2406,25	-0,0822550728917122	2406,25	-0,233587607741356					2406,25	-0,42692843079567	2406,25	-0,543051242828369			2406,25	0,0909539461135864			2406,25	0,0847823694348335					2406,25	0,0952738150954247	2406,25	0,0911596566438675					2406,25	0,0380997620522976	2406,25	-0,0337881930172443					2406,25	-0,208050489425659	2406,25	-0,37974625825882			
2409,375	0,287623822689056			2409,375	0,217932224273682					2409,375	0,156772255897522	2409,375	0,0294931251555681					2409,375	-0,0820366814732552	2409,375	-0,233266174793243					2409,375	-0,426679313182831	2409,375	-0,544217586517334			2409,375	0,0909701362252235			2409,375	0,0846097320318222					2409,375	0,0952219739556313	2409,375	0,0921681523323059					2409,375	0,0391719117760658	2409,375	-0,0319270268082619					2409,375	-0,20502495765686	2409,375	-0,376104533672333			
2412,5	0,287880420684814			2412,5	0,216911405324936					2412,5	0,155462920665741	2412,5	0,0288740769028664					2412,5	-0,0826076939702034	2412,5	-0,232511460781097					2412,5	-0,424507468938828	2412,5	-0,541787981987			2412,5	0,091874971985817			2412,5	0,0856112241744995					2412,5	0,0958802998065948	2412,5	0,0921304598450661					2412,5	0,0391428880393505	2412,5	-0,0321037732064724					2412,5	-0,205198779702187	2412,5	-0,376102298498154			
2415,625	0,288664996623993			2415,625	0,217217490077019					2415,625	0,156630352139473	2415,625	0,0305473376065493					2415,625	-0,081060029566288	2415,625	-0,23199188709259					2415,625	-0,424829423427582	2415,625	-0,542924344539642			2415,625	0,0915867984294891			2415,625	0,0839960128068924					2415,625	0,0947763472795486	2415,625	0,0925396755337715					2415,625	0,0406385250389576	2415,625	-0,0288971439003944					2415,625	-0,199264034628868	2415,625	-0,369792371988297			
2418,75	0,288661628961563			2418,75	0,217120289802551					2418,75	0,157201603055	2418,75	0,0305978916585445					2418,75	-0,0810455456376076	2418,75	-0,232694521546364					2418,75	-0,426630079746246	2418,75	-0,545551776885986			2418,75	0,0922090411186218			2418,75	0,085034005343914					2418,75	0,095934085547924	2418,75	0,0935269668698311					2418,75	0,0418196804821491	2418,75	-0,0281175579875708					2418,75	-0,198559552431107	2418,75	-0,369129866361618			
2421,875	0,288713574409485			2421,875	0,217383533716202					2421,875	0,157279521226883	2421,875	0,0303769931197166					2421,875	-0,0818231403827667	2421,875	-0,233496055006981					2421,875	-0,428405255079269	2421,875	-0,547758221626282			2421,875	0,0922124236822128			2421,875	0,086535669863224					2421,875	0,0977414920926094	2421,875	0,0949049293994904					2421,875	0,0430420637130737	2421,875	-0,0271203462034464					2421,875	-0,198517262935638	2421,875	-0,369676798582077			
2425	0,288720279932022			2425	0,217027693986893					2425	0,157219141721725	2425	0,0306088794022799					2425	-0,0816655606031418	2425	-0,232762262225151					2425	-0,427829742431641	2425	-0,547552108764648			2425	0,0925667732954025			2425	0,0869027823209763					2425	0,0979482531547546	2425	0,0954567790031433					2425	0,0440083220601082	2425	-0,0256634373217821					2425	-0,196011617779732	2425	-0,366329252719879			
2428,125	0,288162618875504			2428,125	0,216926708817482					2428,125	0,157534658908844	2428,125	0,0312767177820206					2428,125	-0,0812528729438782	2428,125	-0,233001753687859					2428,125	-0,428196728229523	2428,125	-0,549405038356781			2428,125	0,092836432158947			2428,125	0,0859540104866028					2428,125	0,0976188629865646	2428,125	0,0959460362792015					2428,125	0,0450467020273209	2428,125	-0,0235361810773611					2428,125	-0,192445203661919	2428,125	-0,361158072948456			
2431,25	0,28951108455658			2431,25	0,216967806220055					2431,25	0,157769083976746	2431,25	0,0313700959086418					2431,25	-0,0815103799104691	2431,25	-0,233626440167427					2431,25	-0,429435580968857	2431,25	-0,551601767539978			2431,25	0,093237042427063			2431,25	0,0867983922362328					2431,25	0,0979777351021767	2431,25	0,0970731526613235					2431,25	0,0461860522627831	2431,25	-0,0227358117699623					2431,25	-0,191625133156776	2431,25	-0,360311329364777			
2434,375	0,288748353719711			2434,375	0,216364562511444					2434,375	0,158134698867798	2434,375	0,0320925302803516					2434,375	-0,0809391811490059	2434,375	-0,232691764831543					2434,375	-0,428674608469009	2434,375	-0,551287412643433			2434,375	0,0926608294248581			2434,375	0,0869894549250603					2434,375	0,0982040464878082	2434,375	0,0973787680268288					2434,375	0,0474113076925278	2434,375	-0,0207761079072952					2434,375	-0,188979834318161	2434,375	-0,356858909130096			
2437,5	0,287310779094696			2437,5	0,216184958815575					2437,5	0,158048450946808	2437,5	0,0321091450750828					2437,5	-0,0812849700450897	2437,5	-0,233422994613647					2437,5	-0,429105758666992	2437,5	-0,551916182041168			2437,5	0,0938166379928589			2437,5	0,0873391851782799					2437,5	0,099159263074398	2437,5	0,0984658449888229					2437,5	0,0479806438088417	2437,5	-0,0199604090303183					2437,5	-0,188128590583801	2437,5	-0,355997890233994			
2440,625	0,288583487272263			2440,625	0,216017067432404					2440,625	0,158211410045624	2440,625	0,032240554690361					2440,625	-0,0811366960406303	2440,625	-0,233422562479973					2440,625	-0,430137723684311	2440,625	-0,553060173988342			2440,625	0,0940286368131638			2440,625	0,0875903442502022					2440,625	0,0996744558215141	2440,625	0,0992222800850868					2440,625	0,0489902198314667	2440,625	-0,0193526763468981					2440,625	-0,187476843595505	2440,625	-0,355544984340668			
2443,75	0,288041114807129			2443,75	0,216441959142685					2443,75	0,158818557858467	2443,75	0,0331742092967033					2443,75	-0,0809958428144455	2443,75	-0,233196660876274					2443,75	-0,431188374757767	2443,75	-0,555086672306061			2443,75	0,0939346253871918			2443,75	0,0874351784586906					2443,75	0,099793016910553	2443,75	0,0997707173228264					2443,75	0,0505718551576138	2443,75	-0,0166682712733746					2443,75	-0,18335235118866	2443,75	-0,351084858179092			
2446,875	0,288196295499802			2446,875	0,215874299407005					2446,875	0,158128812909126	2446,875	0,0330660678446293					2446,875	-0,080855131149292	2446,875	-0,232933282852173					2446,875	-0,430811375379562	2446,875	-0,554989755153656			2446,875	0,0948092490434647			2446,875	0,0880208536982536					2446,875	0,100108079612255	2446,875	0,100163362920284					2446,875	0,0513621643185616	2446,875	-0,0154216010123491					2446,875	-0,181639954447746	2446,875	-0,348597288131714			
2450	0,287745982408524			2450	0,215785771608353					2450	0,158537447452545	2450	0,0332693792879581					2450	-0,0813518986105919	2450	-0,23413710296154					2450	-0,432659506797791	2450	-0,557141482830048			2450	0,0950696021318436			2450	0,0890069678425789					2450	0,100965768098831	2450	0,101384200155735					2450	0,0527780018746853	2450	-0,0141668375581503					2450	-0,180676147341728	2450	-0,34807014465332			
2453,125	0,289406716823578			2453,125	0,215208992362022					2453,125	0,158660143613815	2453,125	0,0337390750646591					2453,125	-0,080890104174614	2453,125	-0,233846008777618					2453,125	-0,432934612035751	2453,125	-0,558623313903809			2453,125	0,0947834551334381			2453,125	0,0890336111187935					2453,125	0,101154364645481	2453,125	0,102229431271553					2453,125	0,053666852414608	2453,125	-0,0128307808190584					2453,125	-0,179237097501755	2453,125	-0,345478922128677			
2456,25	0,289092153310776			2456,25	0,215581595897675					2456,25	0,158945873379707	2456,25	0,0342447236180305					2456,25	-0,0805411636829376	2456,25	-0,233641818165779					2456,25	-0,432908236980438	2456,25	-0,559951364994049			2456,25	0,0957168936729431			2456,25	0,0892035216093063					2456,25	0,101261340081692	2456,25	0,102351732552052					2456,25	0,0546079128980637	2456,25	-0,0115092461928725					2456,25	-0,177093550562859	2456,25	-0,343105763196945			
2459,375	0,289585888385773			2459,375	0,215501755475998					2459,375	0,159142971038818	2459,375	0,0343929454684258					2459,375	-0,0811557620763779	2459,375	-0,234026536345482					2459,375	-0,434235453605652	2459,375	-0,561160683631897			2459,375	0,0963005349040031			2459,375	0,0899863988161087					2459,375	0,102117128670216	2459,375	0,103518329560757					2459,375	0,0559058487415314	2459,375	-0,0106770023703575					2459,375	-0,175544589757919	2459,375	-0,342145264148712			
2462,5	0,288914859294891			2462,5	0,215212017297745					2462,5	0,159722790122032	2462,5	0,0351556316018105					2462,5	-0,080322302877903	2462,5	-0,23341366648674					2462,5	-0,434315472841263	2462,5	-0,561711013317108			2462,5	0,0967193245887756			2462,5	0,0898379310965538					2462,5	0,102241680026054	2462,5	0,104165270924568					2462,5	0,0569974519312382	2462,5	-0,00867174938321114					2462,5	-0,171961069107056	2462,5	-0,33758407831192			
2465,625	0,289439678192139			2465,625	0,215176343917847					2465,625	0,15978479385376	2465,625	0,0350561887025833					2465,625	-0,0803469642996788	2465,625	-0,233744323253632					2465,625	-0,435062140226364	2465,625	-0,562906086444855			2465,625	0,0978577882051468			2465,625	0,0905490964651108					2465,625	0,103007517755032	2465,625	0,104935862123966					2465,625	0,0579663217067719	2465,625	-0,00743201142176986					2465,625	-0,171232625842094	2465,625	-0,336655557155609			
2468,75	0,289351016283035			2468,75	0,214383780956268					2468,75	0,159071639180183	2468,75	0,0343069769442081					2468,75	-0,0805048421025276	2468,75	-0,233659133315086					2468,75	-0,434340059757233	2468,75	-0,562153995037079			2468,75	0,0971716418862343			2468,75	0,0912797600030899					2468,75	0,103254348039627	2468,75	0,105027288198471					2468,75	0,0582454763352871	2468,75	-0,0071040578186512					2468,75	-0,171046584844589	2468,75	-0,336016714572906			
2471,875	0,28769239783287			2471,875	0,215997189283371					2471,875	0,160696566104889	2471,875	0,0366011038422585					2471,875	-0,0790553167462349	2471,875	-0,233318150043488					2471,875	-0,43531408905983	2471,875	-0,564383029937744			2471,875	0,0969054475426674			2471,875	0,0904708728194237					2471,875	0,102850511670113	2471,875	0,105722405016422					2471,875	0,0604959391057491	2471,875	-0,00407335767522454					2471,875	-0,166226148605347	2471,875	-0,33115091919899			
2475	0,288440495729446			2475	0,214864492416382					2475	0,159863114356995	2475	0,0360117293894291					2475	-0,0797034353017807	2475	-0,234173327684402					2475	-0,436676293611526	2475	-0,566464185714722			2475	0,0967497080564499			2475	0,0921381264925003					2475	0,104383796453476	2475	0,106690376996994					2475	0,0615495108067989	2475	-0,00381530285812914					2475	-0,167201533913612	2475	-0,333399295806885			
2478,125	0,288850039243698			2478,125	0,215203806757927					2478,125	0,160647556185722	2478,125	0,0363089293241501					2478,125	-0,0798379629850388	2478,125	-0,235196858644485					2478,125	-0,438733965158463	2478,125	-0,569695830345154			2478,125	0,0968876257538795			2478,125	0,0927769243717194					2478,125	0,104734539985657	2478,125	0,107704438269138					2478,125	0,0630453675985336	2478,125	-0,00154238508548588					2478,125	-0,164399564266205	2478,125	-0,329162955284119			
2481,25	0,288584649562836			2481,25	0,214135482907295					2481,25	0,159752950072289	2481,25	0,0360801443457603					2481,25	-0,0798383057117462	2481,25	-0,234587997198105					2481,25	-0,437479704618454	2481,25	-0,567751348018646			2481,25	0,0982727184891701			2481,25	0,0938600897789001					2481,25	0,105251558125019	2481,25	0,108170308172703					2481,25	0,0630638301372528	2481,25	-0,00164127629250288					2481,25	-0,163768500089645	2481,25	-0,328330665826797			
2484,375	0,289781451225281			2484,375	0,214977189898491					2484,375	0,160672843456268	2484,375	0,0370508879423141					2484,375	-0,0796638429164886	2484,375	-0,234022676944733					2484,375	-0,438239514827728	2484,375	-0,56935065984726			2484,375	0,0985511541366577			2484,375	0,0933919697999954					2484,375	0,105513572692871	2484,375	0,108558051288128					2484,375	0,0642940551042557	2484,375	0,000818033237010241					2484,375	-0,160685196518898	2484,375	-0,32484632730484			
2487,5	0,289362728595734			2487,5	0,215888261795044					2487,5	0,161840304732323	2487,5	0,0376291908323765					2487,5	-0,0790590420365334	2487,5	-0,235427469015121					2487,5	-0,441645503044128	2487,5	-0,574636161327362			2487,5	0,0982304364442825			2487,5	0,0937691926956177					2487,5	0,105920650064945	2487,5	0,109997421503067					2487,5	0,0668546333909035	2487,5	0,00374848721548915					2487,5	-0,157292425632477	2487,5	-0,321313977241516			
2490,625	0,289838820695877			2490,625	0,21474152803421					2490,625	0,160747170448303	2490,625	0,037345364689827					2490,625	-0,079098217189312	2490,625	-0,234543889760971					2490,625	-0,439208596944809	2490,625	-0,571984231472015			2490,625	0,0987856909632683			2490,625	0,0946057513356209					2490,625	0,106077745556831	2490,625	0,110162474215031					2490,625	0,0666420981287956	2490,625	0,00373784825205803					2490,625	-0,156220078468323	2490,625	-0,319603562355042			
2493,75	0,28963041305542			2493,75	0,214273184537888					2493,75	0,160404101014137	2493,75	0,0379257090389729					2493,75	-0,0785661637783051	2493,75	-0,233388319611549					2493,75	-0,438365399837494	2493,75	-0,571250677108765			2493,75	0,0982646346092224			2493,75	0,0943367183208466					2493,75	0,105986095964909	2493,75	0,110165044665337					2493,75	0,0670732483267784	2493,75	0,00461278716102242					2493,75	-0,153481677174568	2493,75	-0,316211581230164			
2496,875	0,288663595914841			2496,875	0,213943034410477					2496,875	0,160743102431297	2496,875	0,0381602868437767					2496,875	-0,0781969800591469	2496,875	-0,233230084180832					2496,875	-0,438560903072357	2496,875	-0,571204662322998			2496,875	0,0981030017137527			2496,875	0,094895027577877					2496,875	0,106406167149544	2496,875	0,110631480813026					2496,875	0,0680302307009697	2496,875	0,00540262786671519					2496,875	-0,152669489383698	2496,875	-0,314959943294525			
2500	0,289123088121414			2500	0,213933512568474					2500	0,160732313990593	2500	0,0378510802984238					2500	-0,079120971262455	2500	-0,23483918607235					2500	-0,440828025341034	2500	-0,574998199939728			2500	0,0986625775694847			2500	0,0965237766504288					2500	0,107759885489941	2500	0,111939370632172					2500	0,0692919939756393	2500	0,0068355854600668					2500	-0,15209199488163	2500	-0,314497828483582			
2503,125	0,289452582597733			2503,125	0,214192658662796					2503,125	0,160911247134209	2503,125	0,0385896563529968					2503,125	-0,0777501985430717	2503,125	-0,234359756112099					2503,125	-0,4414202272892	2503,125	-0,576914846897125			2503,125	0,0985810831189156			2503,125	0,0958253219723701					2503,125	0,107610337436199	2503,125	0,112872757017612					2503,125	0,0710172802209854	2503,125	0,00961284060031176					2503,125	-0,14767099916935	2503,125	-0,30936187505722			
2506,25	0,289279907941818			2506,25	0,215067923069					2506,25	0,1612708568573	2506,25	0,0387799628078938					2506,25	-0,0785482004284859	2506,25	-0,235498413443565					2506,25	-0,443715631961823	2506,25	-0,579901874065399			2506,25	0,0982944518327713			2506,25	0,0976423695683479					2506,25	0,109418459236622	2506,25	0,114337772130966					2506,25	0,0721659138798714	2506,25	0,0107440697029233					2506,25	-0,147947564721107	2506,25	-0,310797184705734			
2509,375	0,288984268903732			2509,375	0,214531287550926					2509,375	0,161213308572769	2509,375	0,0390244573354721					2509,375	-0,0781480446457863	2509,375	-0,234722405672073					2509,375	-0,443404227495193	2509,375	-0,57932585477829			2509,375	0,0990974903106689			2509,375	0,0974490568041801					2509,375	0,109828658401966	2509,375	0,114320293068886					2509,375	0,0730324685573578	2509,375	0,0116964178159833					2509,375	-0,146033614873886	2509,375	-0,308269202709198			
2512,5	0,289515256881714			2512,5	0,214061543345451					2512,5	0,160831302404404	2512,5	0,039105586707592					2512,5	-0,0778981074690819	2512,5	-0,234525844454765					2512,5	-0,443009406328201	2512,5	-0,57917982339859			2512,5	0,0995703488588333			2512,5	0,0977065563201904					2512,5	0,110521331429482	2512,5	0,114667840301991					2512,5	0,0736815109848976	2512,5	0,0128365978598595					2512,5	-0,144160151481628	2512,5	-0,305974930524826			
2515,625	0,289477199316025			2515,625	0,213534608483315					2515,625	0,160773724317551	2515,625	0,0396621003746986					2515,625	-0,077015221118927	2515,625	-0,233317837119102					2515,625	-0,441561251878738	2515,625	-0,578576266765594			2515,625	0,100160300731659			2515,625	0,0976056680083275					2515,625	0,110516056418419	2515,625	0,1143554225564					2515,625	0,0743807628750801	2515,625	0,0140106296166778					2515,625	-0,141155287623405	2515,625	-0,302064716815948			
2518,75	0,288688063621521			2518,75	0,213217601180077					2518,75	0,161015644669533	2518,75	0,039825264364481					2518,75	-0,0772489085793495	2518,75	-0,233901873230934					2518,75	-0,443144828081131	2518,75	-0,580322265625			2518,75	0,0994490832090378			2518,75	0,0987650752067566					2518,75	0,111785769462585	2518,75	0,115597002208233					2518,75	0,0757411271333694	2518,75	0,0154657624661922					2518,75	-0,139817267656326	2518,75	-0,301004946231842			
2521,875	0,288875550031662			2521,875	0,21291583776474					2521,875	0,161217510700226	2521,875	0,0394844822585583					2521,875	-0,0776886120438576	2521,875	-0,233850404620171					2521,875	-0,443133145570755	2521,875	-0,58056116104126			2521,875	0,0998116210103035			2521,875	0,0994121134281158					2521,875	0,11275864392519	2521,875	0,116351597011089					2521,875	0,0763352811336517	2521,875	0,0165956132113934					2521,875	-0,139022424817085	2521,875	-0,299914985895157			
2525	0,289084911346436			2525	0,214006289839745					2525	0,16427206993103	2525	0,0410273149609566					2525	-0,0765646547079086	2525	-0,233949199318886					2525	-0,445591986179352	2525	-0,584800183773041			2525	0,100254595279694			2525	0,0995621457695961					2525	0,113885812461376	2525	0,117668606340885					2525	0,0784443467855453	2525	0,0195545814931393					2525	-0,134114995598793	2525	-0,294059932231903			
2528,125	0,288594573736191			2528,125	0,212023243308067					2528,125	0,162993028759956	2528,125	0,0404230765998363					2528,125	-0,0764801353216171	2528,125	-0,232801362872124					2528,125	-0,443024635314941	2528,125	-0,582027137279511			2528,125	0,101115837693214			2528,125	0,100548602640629					2528,125	0,112983159720898	2528,125	0,117623887956142					2528,125	0,0779554769396782	2528,125	0,0186609048396349					2528,125	-0,134564384818077	2528,125	-0,293982475996017			
2531,25	0,286625325679779			2531,25	0,211862623691559					2531,25	0,164102628827095	2531,25	0,0411656014621258					2531,25	-0,0762355178594589	2531,25	-0,232273697853088					2531,25	-0,443015664815903	2531,25	-0,58238959312439			2531,25	0,101342387497425			2531,25	0,101158954203129					2531,25	0,112837515771389	2531,25	0,11816131323576					2531,25	0,0784089267253876	2531,25	0,020390247926116					2531,25	-0,132589504122734	2531,25	-0,291231900453568			
2534,375	0,289282739162445			2534,375	0,21240758895874					2534,375	0,164880588650703	2534,375	0,0417341366410255					2534,375	-0,0765409618616104	2534,375	-0,232979014515877					2534,375	-0,444103717803955	2534,375	-0,583532392978668			2534,375	0,0996046513319016			2534,375	0,103110827505589					2534,375	0,114165037870407	2534,375	0,119328208267689					2534,375	0,0794687867164612	2534,375	0,0210622921586037					2534,375	-0,131757065653801	2534,375	-0,290236324071884			
2537,5	0,289283186197281			2537,5	0,214473649859428					2537,5	0,165889039635658	2537,5	0,0434245131909847					2537,5	-0,0752598866820335	2537,5	-0,232422977685928					2537,5	-0,445172697305679	2537,5	-0,587072432041168			2537,5	0,100555151700974			2537,5	0,104239575564861					2537,5	0,113728053867817	2537,5	0,120202496647835					2537,5	0,0820561796426773	2537,5	0,0242270659655333					2537,5	-0,126529335975647	2537,5	-0,284672290086746			
2540,625	0,287411957979202			2540,625	0,21339924633503					2540,625	0,164254456758499	2540,625	0,0425574593245983					2540,625	-0,0753334388136864	2540,625	-0,231302738189697					2540,625	-0,442390739917755	2540,625	-0,583026230335236			2540,625	0,100054010748863			2540,625	0,104288168251514					2540,625	0,113244108855724	2540,625	0,119118079543114					2540,625	0,081344909965992	2540,625	0,0233259350061417					2540,625	-0,127437636256218	2540,625	-0,284628659486771			
2543,75	0,286945104598999			2543,75	0,214560240507126					2543,75	0,164872422814369	2543,75	0,0434034541249275					2543,75	-0,0746632143855095	2543,75	-0,230922147631645					2543,75	-0,442710041999817	2543,75	-0,584366142749786			2543,75	0,100579686462879			2543,75	0,10402999818325					2543,75	0,113056242465973	2543,75	0,119464173913002					2543,75	0,08266980946064	2543,75	0,0253417007625103					2543,75	-0,124233908951283	2543,75	-0,280521661043167			
2546,875	0,286863803863525			2546,875	0,216417998075485					2546,875	0,165817841887474	2546,875	0,0436173528432846					2546,875	-0,0753612890839577	2546,875	-0,232710584998131					2546,875	-0,446340709924698	2546,875	-0,588945686817169			2546,875	0,101110018789768			2546,875	0,105141691863537					2546,875	0,1151187941432	2546,875	0,121170647442341					2546,875	0,0843286663293839	2546,875	0,0268631912767887					2546,875	-0,12316095083952	2546,875	-0,280474007129669			
2550	0,286418497562408			2550	0,216933459043503					2550	0,166233479976654	2550	0,0436890013515949					2550	-0,0754882022738457	2550	-0,233279511332512					2550	-0,446872919797897	2550	-0,590011417865753			2550	0,102360509335995			2550	0,105776272714138					2550	0,115800008177757	2550	0,121986195445061					2550	0,0852479934692383	2550	0,0279981847852468					2550	-0,122315935790539	2550	-0,279675155878067			
2553,125	0,28640079498291			2553,125	0,2169109582901					2553,125	0,166836053133011	2553,125	0,0443926714360714					2553,125	-0,0750871002674103	2553,125	-0,23282191157341					2553,125	-0,447333425283432	2553,125	-0,591611921787262			2553,125	0,102360092103481			2553,125	0,105272591114044					2553,125	0,115234300494194	2553,125	0,122479267418385					2553,125	0,0867988765239716	2553,125	0,0298637524247169					2553,125	-0,119533896446228	2553,125	-0,27618995308876			
2556,25	0,286058783531189			2556,25	0,217149898409843					2556,25	0,167108103632927	2556,25	0,0447446517646313					2556,25	-0,0750036537647247	2556,25	-0,232961297035217					2556,25	-0,44794026017189	2556,25	-0,59276270866394			2556,25	0,103483058512211			2556,25	0,105799920856953					2556,25	0,115752145648003	2556,25	0,123105354607105					2556,25	0,0878667682409287	2556,25	0,0307757072150707					2556,25	-0,118075102567673	2556,25	-0,274471968412399			
2559,375	0,286269396543503			2559,375	0,216994524002075					2559,375	0,16708742082119	2559,375	0,0452031046152115					2559,375	-0,0742567777633667	2559,375	-0,23232564330101					2559,375	-0,447677135467529	2559,375	-0,592430114746094			2559,375	0,103260897099972			2559,375	0,10586354136467					2559,375	0,115694157779217	2559,375	0,123365096747875					2559,375	0,0883612334728241	2559,375	0,031985267996788					2559,375	-0,116407312452793	2559,375	-0,272472888231277			
2562,5	0,285523325204849			2562,5	0,21641531586647					2562,5	0,166990026831627	2562,5	0,045369029045105					2562,5	-0,073802188038826	2562,5	-0,231658712029457					2562,5	-0,447032451629639	2562,5	-0,591848850250244			2562,5	0,102981939911842			2562,5	0,105552785098553					2562,5	0,115918897092342	2562,5	0,123495012521744					2562,5	0,0892985314130783	2562,5	0,0332200415432453					2562,5	-0,113941341638565	2562,5	-0,269163876771927			
2565,625	0,286518394947052			2565,625	0,216285780072212					2565,625	0,166785269975662	2565,625	0,045193437486887					2565,625	-0,0737349167466164	2565,625	-0,231973737478256					2565,625	-0,447145313024521	2565,625	-0,592414379119873			2565,625	0,105140499770641			2565,625	0,106202207505703					2565,625	0,11673791706562	2565,625	0,123816668987274					2565,625	0,0898448377847672	2565,625	0,0339803174138069					2565,625	-0,113110437989235	2565,625	-0,267768353223801			
2568,75	0,287279963493347			2568,75	0,2165597230196					2568,75	0,167071402072906	2568,75	0,0454787649214268					2568,75	-0,0736812949180603	2568,75	-0,232448309659958					2568,75	-0,448182165622711	2568,75	-0,594513714313507			2568,75	0,105678081512451			2568,75	0,107196174561977					2568,75	0,117535568773746	2568,75	0,124420590698719					2568,75	0,0910817533731461	2568,75	0,0352632440626621					2568,75	-0,111726567149162	2568,75	-0,266435027122498			
2571,875	0,286827504634857			2571,875	0,217264652252197					2571,875	0,168262273073196	2571,875	0,0460166931152344					2571,875	-0,0736266821622849	2571,875	-0,232752859592438					2571,875	-0,449684679508209	2571,875	-0,596786737442017			2571,875	0,106664232909679			2571,875	0,108019776642323					2571,875	0,118281714618206	2571,875	0,125772565603256					2571,875	0,0928658694028854	2571,875	0,0370150581002235					2571,875	-0,109588667750359	2571,875	-0,264509171247482			
2575	0,286274135112762			2575	0,216970771551132					2575	0,168118625879288	2575	0,0460972599685192					2575	-0,0732538998126984	2575	-0,232145369052887					2575	-0,448721647262573	2575	-0,595884263515472			2575	0,106306523084641			2575	0,107973821461201					2575	0,117926299571991	2575	0,126107022166252					2575	0,0933853983879089	2575	0,038108829408884					2575	-0,107853814959526	2575	-0,262009769678116			
2578,125	0,286709129810333			2578,125	0,216509878635406					2578,125	0,168246403336525	2578,125	0,0470037460327148					2578,125	-0,0716483816504478	2578,125	-0,229417890310287					2578,125	-0,445372581481934	2578,125	-0,59248274564743			2578,125	0,106610760092735			2578,125	0,106886930763721					2578,125	0,116575844585896	2578,125	0,125053763389587					2578,125	0,0932382419705391	2578,125	0,0393185876309872					2578,125	-0,103796489536762	2578,125	-0,255502372980118			
2581,25	0,287706196308136			2581,25	0,217166557908058					2581,25	0,168490946292877	2581,25	0,0466965138912201					2581,25	-0,0725393667817116	2581,25	-0,231280982494354					2581,25	-0,449078917503357	2581,25	-0,597040593624115			2581,25	0,106879614293575			2581,25	0,108727417886257					2581,25	0,118466287851334	2581,25	0,126806974411011					2581,25	0,094855859875679	2581,25	0,0404450669884682					2581,25	-0,104280911386013	2581,25	-0,257567524909973			
2584,375	0,286865830421448			2584,375	0,217320263385773					2584,375	0,168562322854996	2584,375	0,0470144636929035					2584,375	-0,0713575109839439	2584,375	-0,230363145470619					2584,375	-0,448488682508469	2584,375	-0,597181081771851			2584,375	0,107540927827358			2584,375	0,10880670696497					2584,375	0,118365056812763	2584,375	0,127139270305634					2584,375	0,0955829471349716	2584,375	0,0421620421111584					2584,375	-0,101545974612236	2584,375	-0,254095524549484			
2587,5	0,287274897098541			2587,5	0,217839911580086					2587,5	0,168956577777863	2587,5	0,0474255606532097					2587,5	-0,0711567476391792	2587,5	-0,230676770210266					2587,5	-0,449103832244873	2587,5	-0,59837818145752			2587,5	0,106848530471325			2587,5	0,109410911798477					2587,5	0,118956930935383	2587,5	0,127934947609901					2587,5	0,0967989414930344	2587,5	0,0433434769511223					2587,5	-0,0999807789921761	2587,5	-0,25224494934082			
2590,625	0,28795337677002			2590,625	0,217958211898804					2590,625	0,169070020318031	2590,625	0,0477140992879868					2590,625	-0,0706781223416328	2590,625	-0,230039179325104					2590,625	-0,448226124048233	2590,625	-0,597604393959045			2590,625	0,108136586844921			2590,625	0,109629638493061					2590,625	0,118863105773926	2590,625	0,128150343894958					2590,625	0,0975220501422882	2590,625	0,0442297160625458					2590,625	-0,0982984155416489	2590,625	-0,250049948692322			
2593,75	0,288279801607132			2593,75	0,218358799815178					2593,75	0,169867902994156	2593,75	0,0479065291583538					2593,75	-0,0701463297009468	2593,75	-0,229600936174393					2593,75	-0,448382288217545	2593,75	-0,59843522310257			2593,75	0,109038732945919			2593,75	0,109962917864323					2593,75	0,119306199252605	2593,75	0,128877744078636					2593,75	0,0985124930739403	2593,75	0,0459134019911289					2593,75	-0,0960532277822495	2593,75	-0,247025236487389			
2596,875	0,288009166717529			2596,875	0,21868047118187					2596,875	0,170169427990913	2596,875	0,0475226528942585					2596,875	-0,0706099346280098	2596,875	-0,230858117341995					2596,875	-0,450652778148651	2596,875	-0,601467967033386			2596,875	0,109025195240974			2596,875	0,111354559659958					2596,875	0,120588630437851	2596,875	0,13031841814518					2596,875	0,0997149497270584	2596,875	0,0470893606543541					2596,875	-0,0953303501009941	2596,875	-0,246827438473701			
2600	0,288230776786804			2600	0,218684822320938					2600	0,169703796505928	2600	0,0477084964513779					2600	-0,0699193403124809	2600	-0,229783654212952					2600	-0,449754893779755	2600	-0,601184248924255			2600	0,10883978754282			2600	0,111486829817295					2600	0,120315082371235	2600	0,130390197038651					2600	0,100195795297623	2600	0,0483461990952492					2600	-0,0931876823306084	2600	-0,243847608566284			
2603,125	0,288737028837204			2603,125	0,219245538115501					2603,125	0,170299991965294	2603,125	0,0485032759606838					2603,125	-0,0689320787787437	2603,125	-0,229093953967094					2603,125	-0,449948012828827	2603,125	-0,602216839790344			2603,125	0,10988986492157			2603,125	0,111325167119503					2603,125	0,120475135743618	2603,125	0,131052851676941					2603,125	0,10138338804245	2603,125	0,0504643768072128					2603,125	-0,0903650671243668	2603,125	-0,240476995706558			
2606,25	0,290970921516418			2606,25	0,218487098813057					2606,25	0,169576197862625	2606,25	0,0486698262393475					2606,25	-0,0686409249901772	2606,25	-0,228491991758347					2606,25	-0,448811739683151	2606,25	-0,600697994232178			2606,25	0,10842352360487			2606,25	0,111923046410084					2606,25	0,120634980499744	2606,25	0,131293624639511					2606,25	0,101577244699001	2606,25	0,0503923632204533					2606,25	-0,0898651853203774	2606,25	-0,239662364125252			
2609,375	0,289835065603256			2609,375	0,219819277524948					2609,375	0,170757189393044	2609,375	0,0490196235477924					2609,375	-0,068898506462574	2609,375	-0,229486495256424					2609,375	-0,451260298490524	2609,375	-0,60415905714035			2609,375	0,110123552381992			2609,375	0,112961933016777					2609,375	0,121878542006016	2609,375	0,13286392390728					2609,375	0,103124126791954	2609,375	0,0525652840733528					2609,375	-0,0876907706260681	2609,375	-0,23746956884861			
2612,5	0,288050889968872			2612,5	0,220161527395248					2612,5	0,171522825956345	2612,5	0,0496373102068901					2612,5	-0,0682282075285912	2612,5	-0,229030698537827					2612,5	-0,451263099908829	2612,5	-0,604293286800385			2612,5	0,10998360812664			2612,5	0,11275278031826					2612,5	0,122293330729008	2612,5	0,133713752031326					2612,5	0,103905126452446	2612,5	0,0539758205413818					2612,5	-0,0858791470527649	2612,5	-0,235206544399261			
2615,625	0,292014062404633			2615,625	0,221079170703888					2615,625	0,172388330101967	2615,625	0,0507924854755402					2615,625	-0,06735759973526	2615,625	-0,227671071887016					2615,625	-0,450649678707123	2615,625	-0,603945732116699			2615,625	0,110557354986668			2615,625	0,112651847302914					2615,625	0,121928967535496	2615,625	0,134195759892464					2615,625	0,104783855378628	2615,625	0,0555252358317375					2615,625	-0,0829703435301781	2615,625	-0,231292858719826			
2618,75	0,290919780731201			2618,75	0,221722349524498					2618,75	0,17238013446331	2618,75	0,0506339110434055					2618,75	-0,0675873607397079	2618,75	-0,228477463126183					2618,75	-0,452192336320877	2618,75	-0,605899453163147			2618,75	0,111008197069168			2618,75	0,113384895026684					2618,75	0,122650787234306	2618,75	0,135121777653694					2618,75	0,105437524616718	2618,75	0,0561788268387318					2618,75	-0,0827212482690811	2618,75	-0,23164014518261			
2621,875	0,290765583515167			2621,875	0,221374034881592					2621,875	0,172559648752213	2621,875	0,0516228601336479					2621,875	-0,0665841996669769	2621,875	-0,227097690105438					2621,875	-0,451097995042801	2621,875	-0,60502701997757			2621,875	0,112485431134701			2621,875	0,113001964986324					2621,875	0,122231170535088	2621,875	0,135331973433495					2621,875	0,105906523764133	2621,875	0,0573026202619076					2621,875	-0,0802597403526306	2621,875	-0,228171646595001			
2625	0,292337238788605			2625	0,220544517040253					2625	0,171746656298637	2625	0,051764328032732					2625	-0,0663648620247841	2625	-0,226043209433556					2625	-0,449047535657883	2625	-0,60309237241745			2625	0,111419297754765			2625	0,113388329744339					2625	0,122666381299496	2625	0,135186836123466					2625	0,105574697256088	2625	0,0572428032755852					2625	-0,0790314227342606	2625	-0,22613987326622			
2628,125	0,291587322950363			2628,125	0,221742913126945					2628,125	0,17235554754734	2628,125	0,052307017147541					2628,125	-0,0661770477890968	2628,125	-0,226052522659302					2628,125	-0,450343996286392	2628,125	-0,605625748634338			2628,125	0,111553326249123			2628,125	0,113517589867115					2628,125	0,123201280832291	2628,125	0,135546430945396					2628,125	0,106596574187279	2628,125	0,0587628148496151					2628,125	-0,0768364295363426	2628,125	-0,223541557788849			
2631,25	0,29090616106987			2631,25	0,222278356552124					2631,25	0,173026874661446	2631,25	0,0532675534486771					2631,25	-0,0649847909808159	2631,25	-0,225101947784424					2631,25	-0,450838476419449	2631,25	-0,606464862823486			2631,25	0,110783509910107			2631,25	0,113269001245499					2631,25	0,122942849993706	2631,25	0,135932743549347					2631,25	0,107822142541409	2631,25	0,0607988126575947					2631,25	-0,0739854574203491	2631,25	-0,219991385936737			
2634,375	0,291153162717819			2634,375	0,221281245350838					2634,375	0,172362968325615	2634,375	0,0530762895941734					2634,375	-0,0654429048299789	2634,375	-0,224394544959068					2634,375	-0,449161499738693	2634,375	-0,604124188423157			2634,375	0,111708655953407			2634,375	0,113538064062595					2634,375	0,122884549200535	2634,375	0,135835900902748					2634,375	0,107564456760883	2634,375	0,0605733171105385					2634,375	-0,0734203457832336	2634,375	-0,219195574522018			
2637,5	0,291922390460968			2637,5	0,222623571753502					2637,5	0,173704475164413	2637,5	0,0539655275642872					2637,5	-0,0642740428447723	2637,5	-0,22386109828949					2637,5	-0,449062943458557	2637,5	-0,605001926422119			2637,5	0,110303722321987			2637,5	0,113173618912697					2637,5	0,123178020119667	2637,5	0,136382654309273					2637,5	0,10876340419054	2637,5	0,0629093125462532					2637,5	-0,0702472180128098	2637,5	-0,214758813381195			
2640,625	0,292982637882233			2640,625	0,22284072637558					2640,625	0,173774942755699	2640,625	0,0543902181088924					2640,625	-0,0642711818218231	2640,625	-0,224560752511024					2640,625	-0,450587451457977	2640,625	-0,607263803482056			2640,625	0,112525761127472			2640,625	0,113642178475857					2640,625	0,123668521642685	2640,625	0,137159496545792					2640,625	0,109923824667931	2640,625	0,0640255063772202					2640,625	-0,0691290646791458	2640,625	-0,214495420455933			
2643,75	0,292659789323807			2643,75	0,223615556955338					2643,75	0,174460157752037	2643,75	0,0546867735683918					2643,75	-0,0643977597355843	2643,75	-0,225119858980179					2643,75	-0,451957255601883	2643,75	-0,609321177005768			2643,75	0,112712681293488			2643,75	0,114370912313461					2643,75	0,124694555997849	2643,75	0,1383036673069					2643,75	0,111122138798237	2643,75	0,0650580450892448					2643,75	-0,0676634013652802	2643,75	-0,213046580553055			
2646,875	0,292896956205368			2646,875	0,223301529884338					2646,875	0,174005165696144	2646,875	0,0541668832302094					2646,875	-0,0655682608485222	2646,875	-0,226264476776123					2646,875	-0,45295724272728	2646,875	-0,610049545764923			2646,875	0,112028062343597			2646,875	0,115933686494827					2646,875	0,125812321901321	2646,875	0,139281436800957					2646,875	0,11146391928196	2646,875	0,0644897297024727					2646,875	-0,0688822790980339	2646,875	-0,214742720127106			
2650	0,292956590652466			2650	0,225334122776985					2650	0,176327005028725	2650	0,0566075406968594					2650	-0,0631376132369041	2650	-0,224001690745354					2650	-0,452930778264999	2650	-0,612592160701752			2650	0,112390659749508			2650	0,114368133246899					2650	0,125156417489052	2650	0,13998806476593					2650	0,113880001008511	2650	0,0696512535214424					2650	-0,060807429254055	2650	-0,204747691750526			
2653,125	0,293501764535904			2653,125	0,224229469895363					2653,125	0,175416007637978	2653,125	0,055686067789793					2653,125	-0,0634073242545128	2653,125	-0,224156439304352					2653,125	-0,452288210391998	2653,125	-0,610740959644318			2653,125	0,111917167901993			2653,125	0,11498835682869					2653,125	0,125513315200806	2653,125	0,139808312058449					2653,125	0,113490827381611	2653,125	0,0688085183501244					2653,125	-0,0620452873408794	2653,125	-0,205935835838318			
2656,25	0,293480902910233			2656,25	0,225184842944145					2656,25	0,17608954012394	2656,25	0,0559447146952152					2656,25	-0,0632735341787338	2656,25	-0,224627017974854					2656,25	-0,453941524028778	2656,25	-0,613359868526459			2656,25	0,111631035804749			2656,25	0,115841582417488					2656,25	0,126694142818451	2656,25	0,140680104494095					2656,25	0,114557057619095	2656,25	0,070162296295166					2656,25	-0,0609532482922077	2656,25	-0,2049800157547			
2659,375	0,292891293764114			2659,375	0,225423082709312					2659,375	0,176369667053223	2659,375	0,0566543266177177					2659,375	-0,0627279654145241	2659,375	-0,223917782306671					2659,375	-0,452665150165558	2659,375	-0,612502872943878			2659,375	0,11193360388279			2659,375	0,11576322466135					2659,375	0,126475393772125	2659,375	0,141426712274551					2659,375	0,115296378731728	2659,375	0,0712800398468971					2659,375	-0,0588415153324604	2659,375	-0,20212909579277			
2662,5	0,293164521455765			2662,5	0,224932476878166					2662,5	0,176138758659363	2662,5	0,0569898784160614					2662,5	-0,0627705156803131	2662,5	-0,22338779270649					2662,5	-0,452376246452332	2662,5	-0,611764192581177			2662,5	0,114643931388855			2662,5	0,116143263876438					2662,5	0,126795411109924	2662,5	0,141596600413322					2662,5	0,115638472139835	2662,5	0,0715627521276474					2662,5	-0,0581552684307098	2662,5	-0,201206043362617			
2665,625	0,294199198484421			2665,625	0,225331053137779					2665,625	0,177291572093964	2665,625	0,0579539202153683					2665,625	-0,061603207141161	2665,625	-0,222479492425919					2665,625	-0,452603757381439	2665,625	-0,612931907176971			2665,625	0,111227288842201			2665,625	0,11624600738287					2665,625	0,127048388123512	2665,625	0,142247587442398					2665,625	0,116461455821991	2665,625	0,0732061192393303					2665,625	-0,0550947785377502	2665,625	-0,197375252842903			
2668,75	0,293961733579636			2668,75	0,224563464522362					2668,75	0,177102163434029	2668,75	0,0584166161715984					2668,75	-0,0602939054369926	2668,75	-0,220569148659706					2668,75	-0,448824137449265	2668,75	-0,608865439891815			2668,75	0,112491741776466			2668,75	0,115707144141197					2668,75	0,126169964671135	2668,75	0,141516983509064					2668,75	0,116079024970531	2668,75	0,0735592469573021					2668,75	-0,0538392104208469	2668,75	-0,193994015455246			
2671,875	0,29369392991066			2671,875	0,225715801119804					2671,875	0,177605763077736	2671,875	0,0584118701517582					2671,875	-0,0611417777836323	2671,875	-0,222313538193703					2671,875	-0,451747983694077	2671,875	-0,613150894641876			2671,875	0,113017961382866			2671,875	0,116775423288345					2671,875	0,127458527684212	2671,875	0,143154725432396					2671,875	0,117846637964249	2671,875	0,0754131972789764					2671,875	-0,0525314323604107	2671,875	-0,193718925118446			
2675	0,294419318437576			2675	0,22605088353157					2675	0,177900239825249	2675	0,0584758594632149					2675	-0,0612777359783649	2675	-0,222885325551033					2675	-0,453486502170563	2675	-0,615610837936401			2675	0,112279951572418			2675	0,117308415472507					2675	0,12823985517025	2675	0,144131287932396					2675	0,119011253118515	2675	0,0766945332288742					2675	-0,0513229481875896	2675	-0,192811831831932			
2678,125	0,295050412416458			2678,125	0,225765332579613					2678,125	0,177883446216583	2678,125	0,0586727447807789					2678,125	-0,0608327686786652	2678,125	-0,22203417122364					2678,125	-0,453276991844177	2678,125	-0,615922152996063			2678,125	0,111567884683609			2678,125	0,117354713380337					2678,125	0,128383010625839	2678,125	0,14440493285656					2678,125	0,119470328092575	2678,125	0,0773046314716339					2678,125	-0,0497829094529152	2678,125	-0,190550968050957			
2681,25	0,294313102960587			2681,25	0,226476669311523					2681,25	0,178732112050056	2681,25	0,0593748204410076					2681,25	-0,0612453110516071	2681,25	-0,222058728337288					2681,25	-0,454013973474503	2681,25	-0,616497278213501			2681,25	0,112724535167217			2681,25	0,118148677051067					2681,25	0,128959700465202	2681,25	0,145138025283813					2681,25	0,120578646659851	2681,25	0,0792630761861801					2681,25	-0,047394935041666	2681,25	-0,188240364193916			
2684,375	0,295224547386169			2684,375	0,227766185998917					2684,375	0,180266201496124	2684,375	0,0603332296013832					2684,375	-0,0603234805166721	2684,375	-0,221707388758659					2684,375	-0,454316258430481	2684,375	-0,61790668964386			2684,375	0,112731277942657			2684,375	0,117917686700821					2684,375	0,129318937659264	2684,375	0,145563989877701					2684,375	0,121645763516426	2684,375	0,081227108836174					2684,375	-0,0442437380552292	2684,375	-0,184529483318329			
2687,5	0,29423525929451			2687,5	0,227467805147171					2687,5	0,17969161272049	2687,5	0,059790201485157					2687,5	-0,0608410462737083	2687,5	-0,22152915596962					2687,5	-0,454272478818893	2687,5	-0,617841005325317			2687,5	0,112570069730282			2687,5	0,118255980312824					2687,5	0,129564195871353	2687,5	0,146030187606812					2687,5	0,121833778917789	2687,5	0,0810171738266945					2687,5	-0,0451490394771099	2687,5	-0,185365244746208			
2690,625	0,294442594051361			2690,625	0,228311762213707					2690,625	0,180540695786476	2690,625	0,0616227760910988					2690,625	-0,0589965544641018	2690,625	-0,220505610108376					2690,625	-0,45409169793129	2690,625	-0,618651509284973			2690,625	0,111854657530785			2690,625	0,117575719952583					2690,625	0,128859683871269	2690,625	0,146720409393311					2690,625	0,123386643826962	2690,625	0,0840608552098274					2690,625	-0,0401810370385647	2690,625	-0,178446367383003			
2693,75	0,294896364212036			2693,75	0,227743983268738					2693,75	0,180263102054596	2693,75	0,0614533685147762					2693,75	-0,0594160035252571	2693,75	-0,220898225903511					2693,75	-0,454203486442566	2693,75	-0,619450688362122			2693,75	0,112847529351711			2693,75	0,118653982877731					2693,75	0,129607796669006	2693,75	0,147009119391441					2693,75	0,123247861862183	2693,75	0,0842956975102425					2693,75	-0,040407232940197	2693,75	-0,179376393556595			
2696,875	0,294955611228943			2696,875	0,227454856038094					2696,875	0,180124565958977	2696,875	0,0617599301040173					2696,875	-0,0583491548895836	2696,875	-0,21893672645092					2696,875	-0,452457636594772	2696,875	-0,617659091949463			2696,875	0,112536147236824			2696,875	0,118505999445915					2696,875	0,128776177763939	2696,875	0,146865084767342					2696,875	0,123506419360638	2696,875	0,0849706530570984					2696,875	-0,0376518778502941	2696,875	-0,174934566020966			
2700	0,294684380292892			2700	0,227721348404884					2700	0,180241271853447	2700	0,0619915798306465					2700	-0,057924959808588	2700	-0,21872889995575					2700	-0,452933549880981	2700	-0,617769956588745			2700	0,112008027732372			2700	0,118884012103081					2700	0,129295334219933	2700	0,14756016433239					2700	0,124600030481815	2700	0,0857589095830917					2700	-0,0370692051947117	2700	-0,174794942140579			
2703,125	0,29598394036293			2703,125	0,228060036897659					2703,125	0,181397259235382	2703,125	0,063299834728241					2703,125	-0,0573714673519135	2703,125	-0,218027874827385					2703,125	-0,452978491783142	2703,125	-0,618843257427216			2703,125	0,113203316926956			2703,125	0,118988357484341					2703,125	0,129626855254173	2703,125	0,148320242762566					2703,125	0,125718489289284	2703,125	0,0879699140787125					2703,125	-0,0340695530176163	2703,125	-0,170802503824234			
2706,25	0,295820504426956			2706,25	0,228092908859253					2706,25	0,181520164012909	2706,25	0,0639849156141281					2706,25	-0,0567302852869034	2706,25	-0,217035800218582					2706,25	-0,451598763465881	2706,25	-0,617463350296021			2706,25	0,112935520708561			2706,25	0,118607111275196					2706,25	0,129544720053673	2706,25	0,148191973567009					2706,25	0,125425010919571	2706,25	0,0884265154600143					2706,25	-0,0325749404728413	2706,25	-0,16871477663517			
2709,375	0,295951426029205			2709,375	0,228840500116348					2709,375	0,181989163160324	2709,375	0,0642932429909706					2709,375	-0,0566564798355103	2709,375	-0,217422142624855					2709,375	-0,452728033065796	2709,375	-0,619143724441528			2709,375	0,113413140177727			2709,375	0,119415655732155					2709,375	0,130112633109093	2709,375	0,149293512105942					2709,375	0,126608788967133	2709,375	0,0898666530847549					2709,375	-0,0313047617673874	2709,375	-0,167172983288765			
2712,5	0,29689633846283			2712,5	0,229236781597137					2712,5	0,182148292660713	2712,5	0,0640679895877838					2712,5	-0,0571326240897179	2712,5	-0,21839015185833					2712,5	-0,45453092455864	2712,5	-0,621918082237244			2712,5	0,11307755112648			2712,5	0,12053032964468					2712,5	0,131107583642006	2712,5	0,150471732020378					2712,5	0,127750888466835	2712,5	0,0909905955195427					2712,5	-0,0307480022311211	2712,5	-0,16715943813324			
2715,625	0,29621896147728			2715,625	0,229819595813751					2715,625	0,182745039463043	2715,625	0,0652134791016579					2715,625	-0,0561216697096825	2715,625	-0,216952696442604					2715,625	-0,454249709844589	2715,625	-0,621994078159332			2715,625	0,113671109080315			2715,625	0,1199986115098					2715,625	0,130862727761269	2715,625	0,150507688522339					2715,625	0,128582149744034	2715,625	0,0927202925086021					2715,625	-0,0277807340025902	2715,625	-0,16359406709671			
2718,75	0,295988410711288			2718,75	0,229759931564331					2718,75	0,182708710432053	2718,75	0,0660568997263908					2718,75	-0,0553388372063637	2718,75	-0,215503484010696					2718,75	-0,452404409646988	2718,75	-0,6203493475914			2718,75	0,112888239324093			2718,75	0,119779743254185					2718,75	0,130396172404289	2718,75	0,150179818272591					2718,75	0,12882599234581	2718,75	0,0934288278222084					2718,75	-0,0259914323687553	2718,75	-0,161220923066139			
2721,875	0,296575665473938			2721,875	0,229497030377388					2721,875	0,18269544839859	2721,875	0,0662377923727036					2721,875	-0,0552400574088097	2721,875	-0,214845985174179					2721,875	-0,451542556285858	2721,875	-0,619590759277344			2721,875	0,112663023173809			2721,875	0,119995109736919					2721,875	0,13043013215065	2721,875	0,150677114725113					2721,875	0,128666281700134	2721,875	0,093894325196743					2721,875	-0,0247385874390602	2721,875	-0,159245163202286			
2725	0,296131998300552			2725	0,230306342244148					2725	0,183659002184868	2725	0,0668077915906906					2725	-0,0550625659525394	2725	-0,215205192565918					2725	-0,453431516885757	2725	-0,622692048549652			2725	0,113345831632614			2725	0,120775304734707					2725	0,13158817589283	2725	0,152054041624069					2725	0,130104660987854	2725	0,0958506241440773					2725	-0,0223551131784916	2725	-0,156796142458916			
2728,125	0,296532839536667			2728,125	0,231538251042366					2728,125	0,184683784842491	2728,125	0,0677490308880806					2728,125	-0,0545033514499664	2728,125	-0,214496806263924					2728,125	-0,454064786434174	2728,125	-0,623934030532837			2728,125	0,113526195287704			2728,125	0,121279701590538					2728,125	0,132317870855331	2728,125	0,152992606163025					2728,125	0,131590515375137	2728,125	0,0975718274712563					2728,125	-0,0193682555109262	2728,125	-0,152389109134674			
2731,25	0,297011464834213			2731,25	0,231643617153168					2731,25	0,184547170996666	2731,25	0,0680304393172264					2731,25	-0,0542362257838249	2731,25	-0,214327365159988					2731,25	-0,453816920518875	2731,25	-0,623172342777252			2731,25	0,113675244152546			2731,25	0,121312387287617					2731,25	0,132381245493889	2731,25	0,153260961174965					2731,25	0,13157045841217	2731,25	0,0977997183799744					2731,25	-0,0192602425813675	2731,25	-0,152558088302612			
2734,375	0,295885413885117			2734,375	0,231055781245232					2734,375	0,183915510773659	2734,375	0,0681598484516144					2734,375	-0,0539124757051468	2734,375	-0,213062226772308					2734,375	-0,452215999364853	2734,375	-0,621216297149658			2734,375	0,113706558942795			2734,375	0,12105417996645					2734,375	0,132279679179192	2734,375	0,152914866805077					2734,375	0,131510153412819	2734,375	0,098213404417038					2734,375	-0,0179317425936461	2734,375	-0,150398626923561			
2737,5	0,296784579753876			2737,5	0,231309115886688					2737,5	0,184224337339401	2737,5	0,0690147280693054					2737,5	-0,0530952252447605	2737,5	-0,211966663599014					2737,5	-0,451116859912872	2737,5	-0,62063205242157			2737,5	0,113882467150688			2737,5	0,121259547770023					2737,5	0,13228839635849	2737,5	0,153074339032173					2737,5	0,132380455732346	2737,5	0,0997114852070808					2737,5	-0,0154179381206632	2737,5	-0,147109419107437			
2740,625	0,297417312860489			2740,625	0,231389656662941					2740,625	0,184409633278847	2740,625	0,0691286772489548					2740,625	-0,0536122359335423	2740,625	-0,212520331144333					2740,625	-0,45209789276123	2740,625	-0,621767163276672			2740,625	0,113247990608215			2740,625	0,122495077550411					2740,625	0,133510291576385	2740,625	0,154377326369286					2740,625	0,133236840367317	2740,625	0,100234337151051					2740,625	-0,0152278710156679	2740,625	-0,147023409605026			
2743,75	0,297247052192688			2743,75	0,232492193579674					2743,75	0,185607895255089	2743,75	0,0697755068540573					2743,75	-0,0539535544812679	2743,75	-0,213558882474899					2743,75	-0,455576807260513	2743,75	-0,626356363296509			2743,75	0,112839803099632			2743,75	0,123556934297085					2743,75	0,134696453809738	2743,75	0,15604105591774					2743,75	0,135088160634041	2743,75	0,102114848792553					2743,75	-0,0134794544428587	2743,75	-0,145856782793999			
2746,875	0,297067373991013			2746,875	0,232063233852386					2746,875	0,185561135411263	2746,875	0,0704725012183189					2746,875	-0,0531401485204697	2746,875	-0,212191015481949					2746,875	-0,45372661948204	2746,875	-0,624820590019226			2746,875	0,113649860024452			2746,875	0,123374566435814					2746,875	0,134307786822319	2746,875	0,155962273478508					2746,875	0,135258838534355	2746,875	0,102961696684361					2746,875	-0,010940995067358	2746,875	-0,142334163188934			
2750	0,297210454940796			2750	0,23197714984417					2750	0,185202032327652	2750	0,0716084465384483					2750	-0,0516401864588261	2750	-0,20922814309597					2750	-0,449162483215332	2750	-0,619957387447357			2750	0,113654993474483			2750	0,122656911611557					2750	0,133742690086365	2750	0,15513052046299					2750	0,135104954242706	2750	0,103460282087326					2750	-0,00852599553763866	2750	-0,138164818286896			
2753,125	0,296924114227295			2753,125	0,232646360993385					2753,125	0,186029151082039	2753,125	0,0715364888310432					2753,125	-0,0518326386809349	2753,125	-0,209815219044685					2753,125	-0,451830893754959	2753,125	-0,62225878238678			2753,125	0,113937951624393			2753,125	0,123894535005093					2753,125	0,135112673044205	2753,125	0,156314805150032					2753,125	0,136016920208931	2753,125	0,10447634011507					2753,125	-0,00786157418042421	2753,125	-0,138578683137894			
2756,25	0,296654522418976			2756,25	0,233732983469963					2756,25	0,187868669629097	2756,25	0,0730006545782089					2756,25	-0,050813440233469	2756,25	-0,209079220890999					2756,25	-0,452128916978836	2756,25	-0,625159740447998			2756,25	0,1138851121068			2756,25	0,123645663261414					2756,25	0,134913429617882	2756,25	0,157014280557632					2756,25	0,137638419866562	2756,25	0,107182115316391					2756,25	-0,00265532382763922	2756,25	-0,132092446088791			
2759,375	0,296921342611313			2759,375	0,233523562550545					2759,375	0,187207892537117	2759,375	0,0728100091218948					2759,375	-0,0512504875659943	2759,375	-0,209251269698143					2759,375	-0,452012151479721	2759,375	-0,624896943569183			2759,375	0,113294318318367			2759,375	0,124654836952686					2759,375	0,135664165019989	2759,375	0,157141715288162					2759,375	0,137791365385056	2759,375	0,106999948620796					2759,375	-0,00359973148442805	2759,375	-0,132510736584663			
2762,5	0,297186344861984			2762,5	0,23376353085041					2762,5	0,187444671988487	2762,5	0,0738581866025925					2762,5	-0,0504076518118382	2762,5	-0,207547783851624					2762,5	-0,450530469417572	2762,5	-0,62272697687149			2762,5	0,113483242690563			2762,5	0,124320343136787					2762,5	0,135608926415443	2762,5	0,156873717904091					2762,5	0,138210043311119	2762,5	0,107649564743042					2762,5	-0,00193836831022054	2762,5	-0,13047768175602			
2765,625	0,296957463026047			2765,625	0,234043136239052					2765,625	0,187975779175758	2765,625	0,0740802437067032					2765,625	-0,0508070513606071	2765,625	-0,208224564790726					2765,625	-0,451462537050247	2765,625	-0,623433828353882			2765,625	0,113967917859554			2765,625	0,125490367412567					2765,625	0,13672000169754	2765,625	0,157929331064224					2765,625	0,138777673244476	2765,625	0,10807803273201					2765,625	-0,00156975456047803	2765,625	-0,130922734737396			
2768,75	0,296946257352829			2768,75	0,23559083044529					2768,75	0,189753219485283	2768,75	0,0755460858345032					2768,75	-0,0503686890006065	2768,75	-0,208669394254684					2768,75	-0,453496307134628	2768,75	-0,628027141094208			2768,75	0,11354710906744			2768,75	0,126552194356918					2768,75	0,137370437383652	2768,75	0,159208819270134					2768,75	0,140316188335419	2768,75	0,110427722334862					2768,75	0,00155286898370832	2768,75	-0,127639830112457			
2771,875	0,298006802797318			2771,875	0,235648319125175					2771,875	0,189899399876595	2771,875	0,0760445296764374					2771,875	-0,049167238175869	2771,875	-0,206451132893562					2771,875	-0,450519204139709	2771,875	-0,624886512756348			2771,875	0,112928465008736			2771,875	0,125813037157059					2771,875	0,136732041835785	2771,875	0,158560797572136					2771,875	0,140286788344383	2771,875	0,110827632248402					2771,875	0,00412011845037341	2771,875	-0,12304499745369			
2775	0,297173231840134			2775	0,236427262425423					2775	0,19049921631813	2775	0,0766858831048012					2775	-0,0489384792745113	2775	-0,205587357282639					2775	-0,449836134910584	2775	-0,623966455459595			2775	0,114176414906979			2775	0,126215860247612					2775	0,137161061167717	2775	0,158772900700569					2775	0,140813022851944	2775	0,112080328166485					2775	0,00590627873316407	2775	-0,121223196387291			
2778,125	0,298648208379745			2778,125	0,236881598830223					2778,125	0,190715834498405	2778,125	0,0771631821990013					2778,125	-0,0486114509403706	2778,125	-0,204854235053062					2778,125	-0,449336022138596	2778,125	-0,622928321361542			2778,125	0,113259799778461			2778,125	0,126501277089119					2778,125	0,137321621179581	2778,125	0,158763319253922					2778,125	0,141025096178055	2778,125	0,112613767385483					2778,125	0,00676921056583524	2778,125	-0,120263874530792			
2781,25	0,298175036907196			2781,25	0,237807378172874					2781,25	0,191599249839783	2781,25	0,0778878256678581					2781,25	-0,0480828806757927	2781,25	-0,204678773880005					2781,25	-0,450020432472229	2781,25	-0,624199151992798			2781,25	0,114210493862629			2781,25	0,127312511205673					2781,25	0,137926653027534	2781,25	0,159540519118309					2781,25	0,142372876405716	2781,25	0,113897509872913					2781,25	0,00925097148865461	2781,25	-0,116934232413769			
2784,375	0,297615438699722			2784,375	0,237562879920006					2784,375	0,191576838493347	2784,375	0,0778997093439102					2784,375	-0,0477838851511478	2784,375	-0,203924641013145					2784,375	-0,44831171631813	2784,375	-0,622104346752167			2784,375	0,114169225096703			2784,375	0,127482950687408					2784,375	0,13786019384861	2784,375	0,159395039081573					2784,375	0,142189458012581	2784,375	0,113642267882824					2784,375	0,00955822505056858	2784,375	-0,116115540266037			
2787,5	0,297457963228226			2787,5	0,237978935241699					2787,5	0,191491886973381	2787,5	0,0785629749298096					2787,5	-0,0471478439867496	2787,5	-0,202785596251488					2787,5	-0,446559339761734	2787,5	-0,620210766792297			2787,5	0,113720007240772			2787,5	0,127167642116547					2787,5	0,137737914919853	2787,5	0,15913051366806					2787,5	0,142444863915443	2787,5	0,113791413605213					2787,5	0,0106267426162958	2787,5	-0,113829597830772			
2790,625	0,296890109777451			2790,625	0,239165470004082					2790,625	0,193090066313744	2790,625	0,0795828029513359					2790,625	-0,046970508992672	2790,625	-0,202603369951248					2790,625	-0,447764277458191	2790,625	-0,623814880847931			2790,625	0,114787057042122			2790,625	0,127461582422256					2790,625	0,137946411967278	2790,625	0,160052359104156					2790,625	0,144288346171379	2790,625	0,11601097881794					2790,625	0,0135476179420948	2790,625	-0,11057110875845			
2793,75	0,298900634050369			2793,75	0,23972624540329					2793,75	0,193846002221107	2793,75	0,0798784717917442					2793,75	-0,0470324642956257	2793,75	-0,202575892210007					2793,75	-0,447882354259491	2793,75	-0,624050915241241			2793,75	0,112722709774971			2793,75	0,128152817487717					2793,75	0,138489231467247	2793,75	0,160483166575432					2793,75	0,144544303417206	2793,75	0,116654276847839					2793,75	0,0144568588584661	2793,75	-0,109919771552086			
2796,875	0,298233538866043			2796,875	0,240495756268501					2796,875	0,194352656602859	2796,875	0,0803066343069077					2796,875	-0,0468200668692589	2796,875	-0,202472597360611					2796,875	-0,448038846254349	2796,875	-0,624305069446564			2796,875	0,114037103950977			2796,875	0,128674134612083					2796,875	0,138775214552879	2796,875	0,160831227898598					2796,875	0,144983246922493	2796,875	0,1174376308918					2796,875	0,0154716866090894	2796,875	-0,108520664274693			
2800	0,297732830047607			2800	0,241658568382263					2800	0,195023790001869	2800	0,0811515524983406					2800	-0,0468694120645523	2800	-0,202786594629288					2800	-0,448882550001144	2800	-0,626837253570557			2800	0,113557547330856			2800	0,128813922405243					2800	0,139137834310532	2800	0,161211013793945					2800	0,146153315901756	2800	0,118788868188858					2800	0,0168863441795111	2800	-0,107558637857437			
2803,125	0,29799097776413			2803,125	0,242954686284065					2803,125	0,195959627628326	2803,125	0,0813918188214302					2803,125	-0,0473304912447929	2803,125	-0,203631773591042					2803,125	-0,451808840036392	2803,125	-0,630633413791656			2803,125	0,113850742578506			2803,125	0,129790022969246					2803,125	0,140434682369232	2803,125	0,163076311349869					2803,125	0,147879734635353	2803,125	0,120230138301849					2803,125	0,0183223802596331	2803,125	-0,1059779971838			
2806,25	0,297895401716232			2806,25	0,243420705199242					2806,25	0,196295604109764	2806,25	0,0824375301599503					2806,25	-0,0454722307622433	2806,25	-0,200609296560287					2806,25	-0,447517037391663	2806,25	-0,62447851896286			2806,25	0,113936983048916			2806,25	0,128304243087769					2806,25	0,1387849599123	2806,25	0,161660641431808					2806,25	0,147759735584259	2806,25	0,120545245707035					2806,25	0,0204352792352438	2806,25	-0,102665677666664			
2809,375	0,298241317272186			2809,375	0,243681445717812					2809,375	0,196433573961258	2809,375	0,0822666138410568					2809,375	-0,0461075007915497	2809,375	-0,201571583747864					2809,375	-0,448783487081528	2809,375	-0,626653790473938			2809,375	0,113673865795135			2809,375	0,129040971398354					2809,375	0,139470875263214	2809,375	0,162474647164345					2809,375	0,148207724094391	2809,375	0,121130667626858					2809,375	0,020441684871912	2809,375	-0,103537693619728			
2812,5	0,298273950815201			2812,5	0,244910508394241					2812,5	0,197765544056892	2812,5	0,0833519771695137					2812,5	-0,0454417802393436	2812,5	-0,200975060462952					2812,5	-0,449343919754028	2812,5	-0,628604829311371			2812,5	0,114352203905582			2812,5	0,128912955522537					2812,5	0,139258772134781	2812,5	0,16304874420166					2812,5	0,149627953767776	2812,5	0,123121194541454					2812,5	0,0246242750436068	2812,5	-0,0981105342507362			
2815,625	0,298310339450836			2815,625	0,245323523879051					2815,625	0,198103502392769	2815,625	0,0840023159980774					2815,625	-0,0445478856563568	2815,625	-0,199885159730911					2815,625	-0,447657972574234	2815,625	-0,62663459777832			2815,625	0,113861307501793			2815,625	0,128694757819176					2815,625	0,138911247253418	2815,625	0,162593677639961					2815,625	0,149917989969254	2815,625	0,123556479811668					2815,625	0,0265301410108805	2815,625	-0,0951511710882187			
2818,75	0,298426687717438			2818,75	0,24566188454628					2818,75	0,19828574359417	2818,75	0,0840234458446503					2818,75	-0,0439904630184174	2818,75	-0,19892306625843					2818,75	-0,445912301540375	2818,75	-0,62431526184082			2818,75	0,114495411515236			2818,75	0,12814536690712					2818,75	0,138769656419754	2818,75	0,162602260708809					2818,75	0,149861887097359	2818,75	0,123914785683155					2818,75	0,0269425120204687	2818,75	-0,0945483967661858			
2821,875	0,297145277261734			2821,875	0,246543824672699					2821,875	0,198989048600197	2821,875	0,0846001580357552					2821,875	-0,0437047481536865	2821,875	-0,198722392320633					2821,875	-0,446297466754913	2821,875	-0,625054836273193			2821,875	0,114029087126255			2821,875	0,127691015601158					2821,875	0,138841524720192	2821,875	0,163123399019241					2821,875	0,150704756379128	2821,875	0,125254392623901					2821,875	0,028678871691227	2821,875	-0,0922088846564293			
2825	0,297201156616211			2825	0,246198996901512					2825	0,198626488447189	2825	0,0846758931875229					2825	-0,0434786975383759	2825	-0,197786211967468					2825	-0,44469952583313	2825	-0,623019814491272			2825	0,113709636032581			2825	0,127423346042633					2825	0,138523608446121	2825	0,162590339779854					2825	0,150285556912422	2825	0,124685354530811					2825	0,0276947021484375	2825	-0,0931396558880806			
2828,125	0,29786428809166			2828,125	0,247018411755562					2828,125	0,199028193950653	2828,125	0,085130400955677					2828,125	-0,0430996417999268	2828,125	-0,197640880942345					2828,125	-0,445089936256409	2828,125	-0,62391585111618			2828,125	0,113576136529446			2828,125	0,128003403544426					2828,125	0,138876244425774	2828,125	0,163125067949295					2828,125	0,151530668139458	2828,125	0,125902146100998					2828,125	0,0294152349233627	2828,125	-0,0912102088332176			
2831,25	0,29769229888916			2831,25	0,248673170804977					2831,25	0,200344741344452	2831,25	0,0867727547883987					2831,25	-0,0419676750898361	2831,25	-0,196362137794495					2831,25	-0,44408991932869	2831,25	-0,624937951564789			2831,25	0,114597611129284			2831,25	0,127081468701363					2831,25	0,138381570577621	2831,25	0,163794323801994					2831,25	0,152834102511406	2831,25	0,128724917769432					2831,25	0,0345704182982445	2831,25	-0,0841364040970802			
2834,375	0,297526091337204			2834,375	0,247852981090546					2834,375	0,200007900595665	2834,375	0,0867081135511398					2834,375	-0,0417734012007713	2834,375	-0,196126669645309					2834,375	-0,443358570337296	2834,375	-0,623482823371887			2834,375	0,113263428211212			2834,375	0,12651726603508					2834,375	0,13819494843483	2834,375	0,163821533322334					2834,375	0,15277324616909	2834,375	0,128569751977921					2834,375	0,0342621505260468	2834,375	-0,0841413587331772			
2837,5	0,297268182039261			2837,5	0,249670967459679					2837,5	0,201525494456291	2837,5	0,0872865617275238					2837,5	-0,0421658009290695	2837,5	-0,197804182767868					2837,5	-0,44715279340744	2837,5	-0,628733515739441			2837,5	0,113823659718037			2837,5	0,127312451601028					2837,5	0,139257252216339	2837,5	0,165672153234482					2837,5	0,155015990138054	2837,5	0,13060574233532					2837,5	0,0364705808460712	2837,5	-0,0823344960808754			
2840,625	0,298024654388428			2840,625	0,249969288706779					2840,625	0,201767191290855	2840,625	0,0876287370920181					2840,625	-0,0419171340763569	2840,625	-0,197381988167763					2840,625	-0,446920841932297	2840,625	-0,629526078701019			2840,625	0,113991118967533			2840,625	0,127205014228821					2840,625	0,139359086751938	2840,625	0,165591716766357					2840,625	0,155560120940208	2840,625	0,131305143237114					2840,625	0,0375976637005806	2840,625	-0,081663191318512			
2843,75	0,297392845153809			2843,75	0,248678922653198					2843,75	0,201075151562691	2843,75	0,087523564696312					2843,75	-0,0411695539951324	2843,75	-0,195696532726288					2843,75	-0,443365007638931	2843,75	-0,624790191650391			2843,75	0,114076964557171			2843,75	0,126389175653458					2843,75	0,138578519225121	2843,75	0,164605662226677					2843,75	0,154789090156555	2843,75	0,130561217665672					2843,75	0,0372009091079235	2843,75	-0,0808062180876732			
2846,875	0,296609044075012			2846,875	0,250233978033066					2846,875	0,202737733721733	2846,875	0,0892249867320061					2846,875	-0,040194284170866	2846,875	-0,194894790649414					2846,875	-0,44312646985054	2846,875	-0,62533175945282			2846,875	0,113890312612057			2846,875	0,125269889831543					2846,875	0,138613864779472	2846,875	0,16508948802948					2846,875	0,156123921275139	2846,875	0,133161559700966					2846,875	0,0415463410317898	2846,875	-0,0752717703580856			
2850	0,296703368425369			2850	0,249933868646622					2850	0,202294275164604	2850	0,0888148471713066					2850	-0,0402468778192997	2850	-0,194516807794571					2850	-0,443032830953598	2850	-0,62503445148468			2850	0,113330572843552			2850	0,125708058476448					2850	0,138828501105309	2850	0,165370509028435					2850	0,156036302447319	2850	0,133068054914474					2850	0,0413699261844158	2850	-0,0757546126842499			
2853,125	0,296631902456284			2853,125	0,249576389789581					2853,125	0,201941817998886	2853,125	0,0889860764145851					2853,125	-0,0397216379642487	2853,125	-0,193447023630142					2853,125	-0,442151784896851	2853,125	-0,624148845672607			2853,125	0,114743642508984			2853,125	0,125598207116127					2853,125	0,138620287179947	2853,125	0,165346682071686					2853,125	0,156534925103188	2853,125	0,133702099323273					2853,125	0,0424430780112743	2853,125	-0,0739984288811684			
2856,25	0,296534955501556			2856,25	0,25019171833992					2856,25	0,202530935406685	2856,25	0,0895675495266914					2856,25	-0,0398451164364815	2856,25	-0,194277241826057					2856,25	-0,44374880194664	2856,25	-0,6267049908638			2856,25	0,113983675837517			2856,25	0,125773578882217					2856,25	0,139272764325142	2856,25	0,166296735405922					2856,25	0,157683044672012	2856,25	0,135075196623802					2856,25	0,043470773845911	2856,25	-0,0731697902083397			
2859,375	0,297555565834045			2859,375	0,250483512878418					2859,375	0,203032404184341	2859,375	0,0901926979422569					2859,375	-0,0387363769114017	2859,375	-0,192749112844467					2859,375	-0,440845251083374	2859,375	-0,623714983463287			2859,375	0,114192955195904			2859,375	0,124910548329353					2859,375	0,138903558254242	2859,375	0,166126430034637					2859,375	0,157721877098083	2859,375	0,135956063866615					2859,375	0,045785553753376	2859,375	-0,0702130720019341			
2862,5	0,296589910984039			2862,5	0,250786989927292					2862,5	0,203877612948418	2862,5	0,0902655124664307					2862,5	-0,0387428663671017	2862,5	-0,193083494901657					2862,5	-0,442048877477646	2862,5	-0,625734686851501			2862,5	0,114695273339748			2862,5	0,124912604689598					2862,5	0,139175772666931	2862,5	0,166214734315872					2862,5	0,158983707427979	2862,5	0,136840358376503					2862,5	0,0472641326487064	2862,5	-0,0685033872723579			
2865,625	0,295473337173462			2865,625	0,250725239515305					2865,625	0,20407310128212	2865,625	0,0911013707518578					2865,625	-0,0377084463834763	2865,625	-0,19169257581234					2865,625	-0,441150844097137	2865,625	-0,625509142875671			2865,625	0,114910610020161			2865,625	0,124269038438797					2865,625	0,13834822177887	2865,625	0,166558369994164					2865,625	0,159802570939064	2865,625	0,13806289434433					2865,625	0,0495812073349953	2865,625	-0,0645804330706596			
2868,75	0,296231895685196			2868,75	0,250871151685715					2868,75	0,204092666506767	2868,75	0,0909559205174446					2868,75	-0,0382787995040417	2868,75	-0,192321270704269					2868,75	-0,442270249128342	2868,75	-0,627089440822601			2868,75	0,114461377263069			2868,75	0,124852135777473					2868,75	0,139270693063736	2868,75	0,167357504367828					2868,75	0,160259455442429	2868,75	0,138889998197556					2868,75	0,0497613362967968	2868,75	-0,0652695596218109			
2871,875	0,295997202396393			2871,875	0,251512855291367					2871,875	0,20496441423893	2871,875	0,0912084430456162					2871,875	-0,0386229678988457	2871,875	-0,193420141935349					2871,875	-0,444395631551743	2871,875	-0,630144119262695			2871,875	0,114910699427128			2871,875	0,125375926494598					2871,875	0,140078350901604	2871,875	0,168462812900543					2871,875	0,161560356616974	2871,875	0,140042692422867					2871,875	0,0510945804417133	2871,875	-0,0638555437326431			
2875	0,295195579528809			2875	0,25125253200531					2875	0,205235779285431	2875	0,0920808538794518					2875	-0,0371525213122368	2875	-0,19157749414444					2875	-0,442003846168518	2875	-0,627825856208801			2875	0,115433298051357			2875	0,124449454247952					2875	0,139366209506989	2875	0,168189391493797					2875	0,161740660667419	2875	0,141198486089706					2875	0,0535383783280849	2875	-0,0598973259329796			
2878,125	0,295723170042038			2878,125	0,251166790723801					2878,125	0,205582857131958	2878,125	0,0924040526151657					2878,125	-0,0366854630410671	2878,125	-0,191223070025444					2878,125	-0,44202733039856	2878,125	-0,627673149108887			2878,125	0,115596532821655			2878,125	0,1246248036623					2878,125	0,139607727527618	2878,125	0,168511748313904					2878,125	0,162178799510002	2878,125	0,142271175980568					2878,125	0,0549099668860435	2878,125	-0,0581718757748604			
2881,25	0,295665234327316			2881,25	0,251608341932297					2881,25	0,205982178449631	2881,25	0,093031644821167					2881,25	-0,0363015718758106	2881,25	-0,191082492470741					2881,25	-0,44230055809021	2881,25	-0,628543615341187			2881,25	0,115221135318279			2881,25	0,124524131417274					2881,25	0,139468669891357	2881,25	0,168811395764351					2881,25	0,163155645132065	2881,25	0,143347948789597					2881,25	0,0563647150993347	2881,25	-0,0560684502124786			
2884,375	0,295567184686661			2884,375	0,251645773649216					2884,375	0,20614030957222	2884,375	0,0933806523680687					2884,375	-0,035362284630537	2884,375	-0,189991667866707					2884,375	-0,440784275531769	2884,375	-0,627733170986176			2884,375	0,115832194685936			2884,375	0,124099925160408					2884,375	0,139314219355583	2884,375	0,168837204575539					2884,375	0,163216963410378	2884,375	0,144207343459129					2884,375	0,0576856546103954	2884,375	-0,0540649332106113			
2887,5	0,295588940382004			2887,5	0,251717895269394					2887,5	0,206274628639221	2887,5	0,0935895815491676					2887,5	-0,0355677045881748	2887,5	-0,190377563238144					2887,5	-0,441863089799881	2887,5	-0,62940376996994			2887,5	0,117229945957661			2887,5	0,124454610049725					2887,5	0,139659762382507	2887,5	0,1697608679533					2887,5	0,164216309785843	2887,5	0,145605489611626					2887,5	0,059210516512394	2887,5	-0,052478302270174			
2890,625	0,295029729604721			2890,625	0,252568423748016					2890,625	0,207126557826996	2890,625	0,0942758396267891					2890,625	-0,0353700444102287	2890,625	-0,190485611557961					2890,625	-0,443033427000046	2890,625	-0,63221949338913			2890,625	0,116815231740475			2890,625	0,124426186084747					2890,625	0,139926865696907	2890,625	0,170691564679146					2890,625	0,165980443358421	2890,625	0,148123905062675					2890,625	0,0626609399914742	2890,625	-0,0483624562621117			
2893,75	0,294828236103058			2893,75	0,252142935991287					2893,75	0,20713584125042	2893,75	0,0942311584949493					2893,75	-0,0351428836584091	2893,75	-0,18994913995266					2893,75	-0,442638397216797	2893,75	-0,631979405879974			2893,75	0,116499096155167			2893,75	0,12436031550169					2893,75	0,140137627720833	2893,75	0,170671060681343					2893,75	0,166162893176079	2893,75	0,148390054702759					2893,75	0,063279315829277	2893,75	-0,047379732131958			
2896,875	0,295249462127686			2896,875	0,251730531454086					2896,875	0,207171037793159	2896,875	0,094624936580658					2896,875	-0,0343622118234634	2896,875	-0,189018502831459					2896,875	-0,440987467765808	2896,875	-0,630102753639221			2896,875	0,117459245026112			2896,875	0,124199628829956					2896,875	0,139871925115585	2896,875	0,170506149530411					2896,875	0,166085228323936	2896,875	0,148454293608665					2896,875	0,0640073791146278	2896,875	-0,0461715906858444			
2900	0,295980632305145			2900	0,251454710960388					2900	0,20693364739418	2900	0,0946815982460976					2900	-0,0344145260751247	2900	-0,189113527536392					2900	-0,4409399330616	2900	-0,630379259586334			2900	0,116915993392467			2900	0,124313957989216					2900	0,14017242193222	2900	0,171056047081947					2900	0,166709408164024	2900	0,149242490530014					2900	0,0652018114924431	2900	-0,0450359024107456			
2903,125	0,295261651277542			2903,125	0,251675665378571					2903,125	0,207374081015587	2903,125	0,0952406749129295					2903,125	-0,0334411151707172	2903,125	-0,18867053091526					2903,125	-0,440869092941284	2903,125	-0,63075590133667			2903,125	0,117424674332142			2903,125	0,124412894248962					2903,125	0,140369981527328	2903,125	0,172047391533852					2903,125	0,167788311839104	2903,125	0,150563091039658					2903,125	0,0669498071074486	2903,125	-0,041821725666523			
2906,25	0,295347064733505			2906,25	0,250939220190048					2906,25	0,207966223359108	2906,25	0,095603883266449					2906,25	-0,0320413075387478	2906,25	-0,186689496040344					2906,25	-0,43848317861557	2906,25	-0,627875328063965			2906,25	0,118186458945274			2906,25	0,123808301985264					2906,25	0,139702975749969	2906,25	0,171677947044373					2906,25	0,167989909648895	2906,25	0,151380404829979					2906,25	0,069371685385704	2906,25	-0,0382084734737873			
2909,375	0,29584151506424			2909,375	0,251588195562363					2909,375	0,207962647080421	2909,375	0,0957675874233246					2909,375	-0,0325149409472942	2909,375	-0,187405288219452					2909,375	-0,439913094043732	2909,375	-0,629873275756836			2909,375	0,118800818920135			2909,375	0,124175444245338					2909,375	0,139865413308144	2909,375	0,172279953956604					2909,375	0,168741941452026	2909,375	0,152664437890053					2909,375	0,0704735741019249	2909,375	-0,0371116325259209			
2912,5	0,295576125383377			2912,5	0,251064866781235					2912,5	0,207416608929634	2912,5	0,0961816608905792					2912,5	-0,0321427583694458	2912,5	-0,186338543891907					2912,5	-0,437952935695648	2912,5	-0,627231001853943			2912,5	0,118456527590752			2912,5	0,12415673583746					2912,5	0,139476969838142	2912,5	0,172356337308884					2912,5	0,168636605143547	2912,5	0,152949750423431					2912,5	0,0709009319543839	2912,5	-0,0358217246830463			
2915,625	0,294830441474915			2915,625	0,250634282827377					2915,625	0,20809879899025	2915,625	0,0968066975474358					2915,625	-0,0313068702816963	2915,625	-0,185441434383392					2915,625	-0,437808185815811	2915,625	-0,628221571445465			2915,625	0,118986025452614			2915,625	0,123782485723495					2915,625	0,139645129442215	2915,625	0,173050910234451					2915,625	0,169625490903854	2915,625	0,15443454682827					2915,625	0,0742940083146095	2915,625	-0,0308805517852306			
2918,75	0,29548054933548			2918,75	0,251040041446686					2918,75	0,208787351846695	2918,75	0,0974070131778717					2918,75	-0,0307933632284403	2918,75	-0,18498095870018					2918,75	-0,437764495611191	2918,75	-0,629188358783722			2918,75	0,119215130805969			2918,75	0,123867250978947					2918,75	0,140074029564857	2918,75	0,17360283434391					2918,75	0,170465439558029	2918,75	0,155972614884377					2918,75	0,0761702582240105	2918,75	-0,0283006820827723			
2921,875	0,295400619506836			2921,875	0,25104346871376					2921,875	0,208738669753075	2921,875	0,0969906076788902					2921,875	-0,0314550586044788	2921,875	-0,185944005846977					2921,875	-0,438964903354645	2921,875	-0,630749404430389			2921,875	0,119498714804649			2921,875	0,12501272559166					2921,875	0,14098984003067	2921,875	0,174447134137154					2921,875	0,170890897512436	2921,875	0,156130895018578					2921,875	0,0752355679869652	2921,875	-0,0298927836120129			
2925	0,294937074184418			2925	0,251388341188431					2925	0,20935982465744	2925	0,0971556752920151					2925	-0,0314303822815418	2925	-0,186497032642365					2925	-0,441039383411407	2925	-0,633884191513062			2925	0,119878366589546			2925	0,12590155005455					2925	0,141534462571144	2925	0,175815731287003					2925	0,172602623701096	2925	0,157875642180443					2925	0,0778519436717033	2925	-0,0265995115041733			
2928,125	0,294041007757187			2928,125	0,250730037689209					2928,125	0,208842977881432	2928,125	0,097694531083107					2928,125	-0,0302120801061392	2928,125	-0,184564858675003					2928,125	-0,437411159276962	2928,125	-0,629450380802155			2928,125	0,120329901576042			2928,125	0,124830827116966					2928,125	0,14102591574192	2928,125	0,175392493605614					2928,125	0,172345191240311	2928,125	0,158488571643829					2928,125	0,0793429911136627	2928,125	-0,0242898985743523			
2931,25	0,294746607542038			2931,25	0,251001268625259					2931,25	0,208832979202271	2931,25	0,0982823222875595					2931,25	-0,0293993856757879	2931,25	-0,183314368128777					2931,25	-0,435349494218826	2931,25	-0,627470970153809			2931,25	0,119786120951176			2931,25	0,124661535024643					2931,25	0,140798985958099	2931,25	0,175500437617302					2931,25	0,172312885522842	2931,25	0,159412324428558					2931,25	0,0812429860234261	2931,25	-0,0209740251302719			
2934,375	0,295622855424881			2934,375	0,251382648944855					2934,375	0,209071934223175	2934,375	0,0984124541282654					2934,375	-0,0295651108026505	2934,375	-0,184167996048927					2934,375	-0,43774151802063	2934,375	-0,630675673484802			2934,375	0,121092095971107			2934,375	0,125984743237495					2934,375	0,141498982906342	2934,375	0,176764965057373					2934,375	0,173640593886375	2934,375	0,161027982831001					2934,375	0,0828575938940048	2934,375	-0,0194269586354494			
2937,5	0,29597869515419			2937,5	0,251355826854706					2937,5	0,209219709038734	2937,5	0,0986864641308784					2937,5	-0,0290795061737299	2937,5	-0,183507218956947					2937,5	-0,437620639801025	2937,5	-0,630675196647644			2937,5	0,121386229991913			2937,5	0,126290991902351					2937,5	0,141778454184532	2937,5	0,177377909421921					2937,5	0,174542784690857	2937,5	0,162341177463531					2937,5	0,0848061069846153	2937,5	-0,0166486781090498			
2940,625	0,294481247663498			2940,625	0,250797629356384					2940,625	0,20893731713295	2940,625	0,0990172699093819					2940,625	-0,0284214224666357	2940,625	-0,182227209210396					2940,625	-0,435428500175476	2940,625	-0,628124177455902			2940,625	0,12185375392437			2940,625	0,126232668757439					2940,625	0,141785115003586	2940,625	0,177409410476685					2940,625	0,174351781606674	2940,625	0,162277609109879					2940,625	0,0852145850658417	2940,625	-0,0155449183657765			
2943,75	0,294598400592804			2943,75	0,250551491975784					2943,75	0,209013238549232	2943,75	0,0992685034871101					2943,75	-0,0276610553264618	2943,75	-0,181546896696091					2943,75	-0,43448880314827	2943,75	-0,627016127109528			2943,75	0,120696887373924			2943,75	0,126158595085144					2943,75	0,141781985759735	2943,75	0,178007781505585					2943,75	0,17505094408989	2943,75	0,163590535521507					2943,75	0,086709052324295	2943,75	-0,0127793978899717			
2946,875	0,295205771923065			2946,875	0,2511086165905					2946,875	0,210301607847214	2946,875	0,100080564618111					2946,875	-0,0272472687065601	2946,875	-0,181826025247574					2946,875	-0,436147600412369	2946,875	-0,630326092243195			2946,875	0,121371746063232			2946,875	0,126507148146629					2946,875	0,141753241419792	2946,875	0,17955119907856					2946,875	0,176583185791969	2946,875	0,165854662656784					2946,875	0,0903632044792175	2946,875	-0,00845261197537184			
2950	0,295750617980957			2950	0,251061975955963					2950	0,209864750504494	2950	0,100357905030251					2950	-0,0273873992264271	2950	-0,182153970003128					2950	-0,435930788516998	2950	-0,630219280719757			2950	0,122798644006252			2950	0,127283915877342					2950	0,142459243535995	2950	0,180429607629776					2950	0,17709556221962	2950	0,166360184550285					2950	0,0905286595225334	2950	-0,00867332797497511			
2953,125	0,295602828264236			2953,125	0,250936180353165					2953,125	0,209840446710587	2953,125	0,101001292467117					2953,125	-0,0268097631633282	2953,125	-0,181487292051315					2953,125	-0,434659421443939	2953,125	-0,629706680774689			2953,125	0,123597137629986			2953,125	0,127450227737427					2953,125	0,142650976777077	2953,125	0,18115246295929					2953,125	0,177747547626495	2953,125	0,167957037687302					2953,125	0,0929194688796997	2953,125	-0,00497307628393173			
2956,25	0,295965969562531			2956,25	0,251360088586807					2956,25	0,210097059607506	2956,25	0,10061252117157					2956,25	-0,0277169104665518	2956,25	-0,182777166366577					2956,25	-0,436982363462448	2956,25	-0,632857918739319			2956,25	0,123274073004723			2956,25	0,128700792789459					2956,25	0,143806800246239	2956,25	0,182838544249535					2956,25	0,178761497139931	2956,25	0,168916836380959					2956,25	0,0937421247363091	2956,25	-0,00478565786033869			
2959,375	0,296325713396072			2959,375	0,252131581306458					2959,375	0,210981979966164	2959,375	0,102589808404446					2959,375	-0,0266807097941637	2959,375	-0,181422635912895					2959,375	-0,436771214008331	2959,375	-0,632816076278687			2959,375	0,122905641794205			2959,375	0,1290203332901					2959,375	0,143640130758286	2959,375	0,183780759572983					2959,375	0,179756656289101	2959,375	0,170942425727844					2959,375	0,0968021601438522	2959,375	-0,000666514621116221			
2962,5	0,295663326978683			2962,5	0,250587165355682					2962,5	0,210435822606087	2962,5	0,102976724505425					2962,5	-0,0250846445560455	2962,5	-0,179443880915642					2962,5	-0,433746069669724	2962,5	-0,629523098468781			2962,5	0,123250715434551			2962,5	0,127966701984406					2962,5	0,143458768725395	2962,5	0,183206483721733					2962,5	0,179945006966591	2962,5	0,171262219548225					2962,5	0,0983263105154037	2962,5	0,0021405650768429			
2965,625	0,295704483985901			2965,625	0,251046389341354					2965,625	0,210655227303505	2965,625	0,103103868663311					2965,625	-0,025524377822876	2965,625	-0,17983104288578					2965,625	-0,434503644704819	2965,625	-0,630427896976471			2965,625	0,123603314161301			2965,625	0,129061385989189					2965,625	0,144217059016228	2965,625	0,184328600764275					2965,625	0,180662736296654	2965,625	0,172371044754982					2965,625	0,0993547365069389	2965,625	0,00335852056741714			
2968,75	0,296276867389679			2968,75	0,25170424580574					2968,75	0,211123675107956	2968,75	0,104180581867695					2968,75	-0,0253500454127789	2968,75	-0,180168598890305					2968,75	-0,435211211442947	2968,75	-0,631738066673279			2968,75	0,124377861618996			2968,75	0,130144491791725					2968,75	0,144976422190666	2968,75	0,186568766832352					2968,75	0,18224523961544	2968,75	0,174433201551437					2968,75	0,101653210818768	2968,75	0,00641460251063108			
2971,875	0,295830219984055			2971,875	0,251984238624573					2971,875	0,211097314953804	2971,875	0,104878880083561					2971,875	-0,0249852798879147	2971,875	-0,179782226681709					2971,875	-0,435278505086899	2971,875	-0,632904529571533			2971,875	0,125128760933876			2971,875	0,130351170897484					2971,875	0,145293831825256	2971,875	0,18789204955101					2971,875	0,182877317070961	2971,875	0,175772860646248					2971,875	0,103760696947575	2971,875	0,00906042847782373			
2975	0,295607507228851			2975	0,251834005117416					2975	0,211143255233765	2975	0,105911582708359					2975	-0,0246302969753742	2975	-0,179236516356468					2975	-0,433964133262634	2975	-0,631052017211914			2975	0,123887680470943			2975	0,130620017647743					2975	0,145826384425163	2975	0,188314199447632					2975	0,183069005608559	2975	0,175942093133926					2975	0,103962160646915	2975	0,00975179672241211			
2978,125	0,295880377292633			2978,125	0,25177001953125					2978,125	0,211419984698296	2978,125	0,107099458575249					2978,125	-0,0246325731277466	2978,125	-0,17911984026432					2978,125	-0,434266537427902	2978,125	-0,631512403488159			2978,125	0,123690582811832			2978,125	0,131233409047127					2978,125	0,146084472537041	2978,125	0,18967767059803					2978,125	0,183964610099792	2978,125	0,177213549613953					2978,125	0,105792030692101	2978,125	0,0122685395181179			
2981,25	0,295503824949265			2981,25	0,251485764980316					2981,25	0,211130663752556	2981,25	0,108902402222157					2981,25	-0,0234420336782932	2981,25	-0,177438616752625					2981,25	-0,431451231241226	2981,25	-0,628110468387604			2981,25	0,12463553249836			2981,25	0,131509751081467					2981,25	0,146021530032158	2981,25	0,189474076032639					2981,25	0,184116423130035	2981,25	0,178158864378929					2981,25	0,107319496572018	2981,25	0,0148375295102596			
2984,375	0,295757293701172			2984,375	0,252129465341568					2984,375	0,211801126599312	2984,375	0,110501788556576					2984,375	-0,0233434047549963	2984,375	-0,17800809442997					2984,375	-0,432924628257751	2984,375	-0,630238950252533			2984,375	0,125488579273224			2984,375	0,132393628358841					2984,375	0,147142320871353	2984,375	0,190938517451286					2984,375	0,18547710776329	2984,375	0,179900035262108					2984,375	0,109241507947445	2984,375	0,0172071885317564			
2987,5	0,295648187398911			2987,5	0,252195835113525					2987,5	0,211863443255425	2987,5	0,112345017492771					2987,5	-0,0228246264159679	2987,5	-0,177770018577576					2987,5	-0,432889103889465	2987,5	-0,630423724651337			2987,5	0,125632375478745			2987,5	0,132785052061081					2987,5	0,147614493966103	2987,5	0,191353186964989					2987,5	0,186324059963226	2987,5	0,181077092885971					2987,5	0,1104766279459	2987,5	0,0192872509360313			
2990,625	0,295948684215546			2990,625	0,251997470855713					2990,625	0,212073981761932	2990,625	0,114008881151676					2990,625	-0,022010201588273	2990,625	-0,17631234228611					2990,625	-0,430282920598984	2990,625	-0,627885937690735			2990,625	0,126044675707817			2990,625	0,132222980260849					2990,625	0,147806346416473	2990,625	0,190272748470306					2990,625	0,186775341629982	2990,625	0,182336211204529					2990,625	0,112462848424911	2990,625	0,022273363545537			
2993,75	0,296434074640274			2993,75	0,252000421285629					2993,75	0,211737081408501	2993,75	0,114023789763451					2993,75	-0,022326385602355	2993,75	-0,176788628101349					2993,75	-0,430640250444412	2993,75	-0,628378212451935			2993,75	0,125790417194366			2993,75	0,132700547575951					2993,75	0,148979768157005	2993,75	0,190398469567299					2993,75	0,187479913234711	2993,75	0,182738944888115					2993,75	0,113263048231602	2993,75	0,0225293841212988			
2996,875	0,295939743518829			2996,875	0,251935124397278					2996,875	0,212596923112869	2996,875	0,115268789231777					2996,875	-0,0215757098048925	2996,875	-0,176101312041283					2996,875	-0,430210947990417	2996,875	-0,628404021263123			2996,875	0,127172514796257			2996,875	0,133474186062813					2996,875	0,148961633443832	2996,875	0,18982894718647					2996,875	0,188356220722198	2996,875	0,18390379846096					2996,875	0,114484682679176	2996,875	0,024399733170867			
3000	0,296229660511017			3000	0,253045469522476					3000	0,212914332747459	3000	0,117137990891933					3000	-0,01997334882617	3000	-0,173860669136047					3000	-0,427738428115845	3000	-0,626315772533417			3000	0,12735541164875			3000	0,132650882005692					3000	0,148696810007095	3000	0,18828210234642					3000	0,18944251537323	3000	0,187189608812332					3000	0,119397379457951	3000	0,0311637073755264			
3003,125	0,296592235565186			3003,125	0,253661155700684					3003,125	0,213443130254745	3003,125	0,116743378341198					3003,125	-0,0209682863205671	3003,125	-0,176474690437317					3003,125	-0,432051509618759	3003,125	-0,631826877593994			3003,125	0,127035796642303			3003,125	0,13447842001915					3003,125	0,150732666254044	3003,125	0,189507812261581					3003,125	0,191266760230064	3003,125	0,188784822821617					3003,125	0,119826532900333	3003,125	0,0308713559061289			
3006,25	0,296784341335297			3006,25	0,253537595272064					3006,25	0,213526174426079	3006,25	0,116742506623268					3006,25	-0,0204319711774588	3006,25	-0,175638154149055					3006,25	-0,430547058582306	3006,25	-0,629969358444214			3006,25	0,127144128084183			3006,25	0,134588822722435					3006,25	0,150925159454346	3006,25	0,189051672816277					3006,25	0,19177208840847	3006,25	0,189656168222427					3006,25	0,120943002402782	3006,25	0,0329219959676266			
3009,375	0,296680837869644			3009,375	0,25333446264267					3009,375	0,213651686906815	3009,375	0,117073573172092					3009,375	-0,0193346999585629	3009,375	-0,174128293991089					3009,375	-0,427944928407669	3009,375	-0,627041161060333			3009,375	0,128055587410927			3009,375	0,134531706571579					3009,375	0,150746077299118	3009,375	0,188532218337059					3009,375	0,191724076867104	3009,375	0,190377369523048					3009,375	0,122026391327381	3009,375	0,0350806973874569			
3012,5	0,295787036418915			3012,5	0,253999978303909					3012,5	0,214228495955467	3012,5	0,117725655436516					3012,5	-0,017433624714613	3012,5	-0,172885239124298					3012,5	-0,426592499017715	3012,5	-0,626175045967102			3012,5	0,128163293004036			3012,5	0,134538933634758					3012,5	0,150730058550835	3012,5	0,188592329621315					3012,5	0,192547425627708	3012,5	0,192067191004753					3012,5	0,1245212033391	3012,5	0,0382678508758545			
3015,625	0,29665744304657			3015,625	0,254811197519302					3015,625	0,215919330716133	3015,625	0,118878915905952					3015,625	-0,0168974734842777	3015,625	-0,172587931156158					3015,625	-0,428252100944519	3015,625	-0,629136860370636			3015,625	0,127513572573662			3015,625	0,135376915335655					3015,625	0,151386916637421	3015,625	0,189953833818436					3015,625	0,194687128067017	3015,625	0,194966927170753					3015,625	0,128361955285072	3015,625	0,0427158512175083			
3018,75	0,296411901712418			3018,75	0,254131883382797					3018,75	0,215410143136978	3018,75	0,118417650461197					3018,75	-0,0177289098501205	3018,75	-0,173543319106102					3018,75	-0,429294377565384	3018,75	-0,630328834056854			3018,75	0,1283168643713			3018,75	0,136346653103828					3018,75	0,152264654636383	3018,75	0,190532237291336					3018,75	0,195042982697487	3018,75	0,19470040500164					3018,75	0,127600446343422	3018,75	0,0416257455945015			
3021,875	0,296169728040695			3021,875	0,254835575819016					3021,875	0,216598153114319	3021,875	0,119632199406624					3021,875	-0,0161726418882608	3021,875	-0,171998783946037					3021,875	-0,426661461591721	3021,875	-0,627270102500916			3021,875	0,128497570753098			3021,875	0,136435985565186					3021,875	0,152528464794159	3021,875	0,189657121896744					3021,875	0,196325391530991	3021,875	0,196950122714043					3021,875	0,130141347646713	3021,875	0,0464593470096588			
3025	0,297482758760452			3025	0,254814386367798					3025	0,216910287737846	3025	0,119602158665657					3025	-0,0154424756765366	3025	-0,171077102422714					3025	-0,425602316856384	3025	-0,626367092132568			3025	0,129003673791885			3025	0,136881619691849					3025	0,153090491890907	3025	0,190060943365097					3025	0,196670532226563	3025	0,19867031276226					3025	0,131775423884392	3025	0,0489792637526989			
3028,125	0,297105491161346			3028,125	0,254859268665314					3028,125	0,216768890619278	3028,125	0,119245283305645					3028,125	-0,0150660313665867	3028,125	-0,171184435486794					3028,125	-0,42520272731781	3028,125	-0,626164734363556			3028,125	0,129653126001358			3028,125	0,137734115123749					3028,125	0,153927817940712	3028,125	0,190273940563202					3028,125	0,197515875101089	3028,125	0,199701577425003					3028,125	0,132544323801994	3028,125	0,0499139539897442			
3031,25	0,297011822462082			3031,25	0,256443351507187					3031,25	0,21781399846077	3031,25	0,120178230106831					3031,25	-0,0143606504425406	3031,25	-0,171756654977798					3031,25	-0,427543878555298	3031,25	-0,630718946456909			3031,25	0,130431398749352			3031,25	0,138145983219147					3031,25	0,155445873737335	3031,25	0,191556572914124					3031,25	0,200489118695259	3031,25	0,203871116042137					3031,25	0,136372253298759	3031,25	0,0543634258210659			
3034,375	0,297767817974091			3034,375	0,255161345005035					3034,375	0,217483401298523	3034,375	0,119988232851028					3034,375	-0,0135872913524508	3034,375	-0,169375941157341					3034,375	-0,424025684595108	3034,375	-0,625561714172363			3034,375	0,13032940030098			3034,375	0,138165220618248					3034,375	0,154907450079918	3034,375	0,191166415810585					3034,375	0,199161380529404	3034,375	0,202605232596397					3034,375	0,134667530655861	3034,375	0,0528109557926655			
3037,5	0,297681242227554			3037,5	0,256605803966522					3037,5	0,219312742352486	3037,5	0,122394926846027					3037,5	-0,0100326435640454	3037,5	-0,167128562927246					3037,5	-0,423587203025818	3037,5	-0,626412689685822			3037,5	0,130385681986809			3037,5	0,137387782335281					3037,5	0,154698684811592	3037,5	0,191836997866631					3037,5	0,200728550553322	3037,5	0,207770377397537					3037,5	0,141407310962677	3037,5	0,0622117668390274			
3040,625	0,298097759485245			3040,625	0,256400763988495					3040,625	0,219252035021782	3040,625	0,121934622526169					3040,625	-0,00978582724928856	3040,625	-0,166644617915154					3040,625	-0,423249840736389	3040,625	-0,626103937625885			3040,625	0,130680531263351			3040,625	0,137800365686417					3040,625	0,155166864395142	3040,625	0,191649317741394					3040,625	0,200418084859848	3040,625	0,208790838718414					3040,625	0,141859158873558	3040,625	0,0632500052452087			
3043,75	0,298922002315521			3043,75	0,255897462368011					3043,75	0,219410419464111	3043,75	0,121660955250263					3043,75	-0,00940563436597586	3043,75	-0,165922746062279					3043,75	-0,422859787940979	3043,75	-0,625453293323517			3043,75	0,131504043936729			3043,75	0,13875025510788					3043,75	0,155723720788956	3043,75	0,192196190357208					3043,75	0,200514316558838	3043,75	0,209583431482315					3043,75	0,142209693789482	3043,75	0,0642556995153427			
3046,875	0,298676997423172			3046,875	0,257149517536163					3046,875	0,22088997066021	3046,875	0,123157262802124					3046,875	-0,00894509814679623	3046,875	-0,165352135896683					3046,875	-0,42422279715538	3046,875	-0,627942025661469			3046,875	0,131400734186172			3046,875	0,139616340398788					3046,875	0,156879127025604	3046,875	0,193717196583748					3046,875	0,202245309948921	3046,875	0,212580934166908					3046,875	0,145598649978638	3046,875	0,0680462941527367			
3050	0,298354119062424			3050	0,256567060947418					3050	0,220731049776077	3050	0,12367907166481					3050	-0,00735977338626981	3050	-0,161689251661301					3050	-0,419966071844101	3050	-0,622658252716064			3050	0,132697150111198			3050	0,138721391558647					3050	0,155951738357544	3050	0,19333179295063					3050	0,201524540781975	3050	0,212518662214279					3050	0,147001132369041	3050	0,0703819170594215			
3053,125	0,298072785139084			3053,125	0,257189393043518					3053,125	0,222218498587608	3053,125	0,124221101403236					3053,125	-0,00624619983136654	3053,125	-0,159487694501877					3053,125	-0,418610334396362	3053,125	-0,622350692749023			3053,125	0,132722824811935			3053,125	0,139197304844856					3053,125	0,155848130583763	3053,125	0,193893566727638					3053,125	0,202117711305618	3053,125	0,214910894632339					3053,125	0,150319412350655	3053,125	0,0750523284077644			
3056,25	0,297954916954041			3056,25	0,257754415273666					3056,25	0,223020076751709	3056,25	0,124879106879234					3056,25	-0,00533393444493413	3056,25	-0,15794949233532					3056,25	-0,418189287185669	3056,25	-0,621001362800598			3056,25	0,133572354912758			3056,25	0,139683306217194					3056,25	0,157116800546646	3056,25	0,194119691848755					3056,25	0,20266218483448	3056,25	0,215830221772194					3056,25	0,152760714292526	3056,25	0,0789239034056664			
3059,375	0,298794656991959			3059,375	0,258116841316223					3059,375	0,22398629784584	3059,375	0,125419199466705					3059,375	-0,00545921688899398	3059,375	-0,157499313354492					3059,375	-0,419114530086517	3059,375	-0,621739745140076			3059,375	0,134007468819618			3059,375	0,140370398759842					3059,375	0,157363429665565	3059,375	0,195283278822899					3059,375	0,203552916646004	3059,375	0,217814296483994					3059,375	0,15411339700222	3059,375	0,080618642270565			
3062,5	0,298570692539215			3062,5	0,25853031873703					3062,5	0,224058374762535	3062,5	0,125839099287987					3062,5	-0,00430368166416883	3062,5	-0,155502513051033					3062,5	-0,417245984077454	3062,5	-0,619573354721069			3062,5	0,132739797234535			3062,5	0,140172645449638					3062,5	0,157073616981506	3062,5	0,195310264825821					3062,5	0,203206643462181	3062,5	0,217444255948067					3062,5	0,155101656913757	3062,5	0,0825620070099831			
3065,625	0,298577517271042			3065,625	0,258044570684433					3065,625	0,22357776761055	3065,625	0,125745967030525					3065,625	-0,00432710070163012	3065,625	-0,154395833611488					3065,625	-0,415388315916061	3065,625	-0,617214024066925			3065,625	0,134113594889641			3065,625	0,140664771199226					3065,625	0,157503113150597	3065,625	0,195641830563545					3065,625	0,202880159020424	3065,625	0,216284528374672					3065,625	0,154629662632942	3065,625	0,0824044644832611			
3068,75	0,300031691789627			3068,75	0,258447855710983					3068,75	0,224465101957321	3068,75	0,126500189304352					3068,75	-0,00326707540079951	3068,75	-0,153082460165024					3068,75	-0,414221346378326	3068,75	-0,615641355514526			3068,75	0,134070307016373			3068,75	0,140927448868752					3068,75	0,15739768743515	3068,75	0,195974171161652					3068,75	0,203556701540947	3068,75	0,217737525701523					3068,75	0,157104462385178	3068,75	0,0855912417173386			
3071,875	0,300106942653656			3071,875	0,258280992507935					3071,875	0,224619343876839	3071,875	0,12696735560894					3071,875	-0,00341585860587657	3071,875	-0,152196899056435					3071,875	-0,413194864988327	3071,875	-0,614591419696808			3071,875	0,134730309247971			3071,875	0,141648381948471					3071,875	0,157702624797821	3071,875	0,196354448795319					3071,875	0,20397175848484	3071,875	0,218505427241325					3071,875	0,157347470521927	3071,875	0,0857580527663231			
3075	0,299908488988876			3075	0,259088665246964					3075	0,225787281990051	3075	0,128090083599091					3075	-0,00335001316852868	3075	-0,150998711585999					3075	-0,412622362375259	3075	-0,614644944667816			3075	0,133202657103539			3075	0,141154125332832					3075	0,157282769680023	3075	0,196807011961937					3075	0,204398944973946	3075	0,219591334462166					3075	0,159720972180367	3075	0,0889163240790367			
3078,125	0,300196796655655			3078,125	0,259210675954819					3078,125	0,226391240954399	3078,125	0,128518357872963					3078,125	-0,00168279127683491	3078,125	-0,149354338645935					3078,125	-0,409812897443771	3078,125	-0,611860454082489			3078,125	0,1346635222435			3078,125	0,140735074877739					3078,125	0,15679869055748	3078,125	0,196151420474052					3078,125	0,203898891806602	3078,125	0,219395726919174					3078,125	0,161377191543579	3078,125	0,0908008888363838			
3081,25	0,30203315615654			3081,25	0,259322255849838					3081,25	0,22654677927494	3081,25	0,12930628657341					3081,25	-0,000859515799675137	3081,25	-0,148125842213631					3081,25	-0,409297734498978	3081,25	-0,60975182056427			3081,25	0,135066866874695			3081,25	0,140596643090248					3081,25	0,157228514552116	3081,25	0,196016117930412					3081,25	0,203906059265137	3081,25	0,219989195466042					3081,25	0,162908673286438	3081,25	0,0924835503101349			
3084,375	0,301654815673828			3084,375	0,259429931640625					3084,375	0,226544097065926	3084,375	0,129186138510704					3084,375	-0,00112322519998997	3084,375	-0,148420780897141					3084,375	-0,409790545701981	3084,375	-0,610563695430756			3084,375	0,135148897767067			3084,375	0,14127816259861					3084,375	0,157444298267365	3084,375	0,197021916508675					3084,375	0,204865321516991	3084,375	0,220269292593002					3084,375	0,163495779037476	3084,375	0,0934737175703049			
3087,5	0,301699370145798			3087,5	0,260109037160873					3087,5	0,226945340633392	3087,5	0,129072248935699					3087,5	-0,00126396468840539	3087,5	-0,148065462708473					3087,5	-0,409425377845764	3087,5	-0,610636532306671			3087,5	0,135226488113403			3087,5	0,142238646745682					3087,5	0,157708331942558	3087,5	0,197815075516701					3087,5	0,205675065517426	3087,5	0,219791933894157					3087,5	0,16345639526844	3087,5	0,0937195420265198			
3090,625	0,301478266716003			3090,625	0,260569661855698					3090,625	0,227303743362427	3090,625	0,129855707287788					3090,625	-0,000342448300216347	3090,625	-0,148452058434486					3090,625	-0,409703105688095	3090,625	-0,612814724445343			3090,625	0,135159492492676			3090,625	0,142873704433441					3090,625	0,157945826649666	3090,625	0,198984503746033					3090,625	0,207206144928932	3090,625	0,221839189529419					3090,625	0,165798187255859	3090,625	0,0968143492937088			
3093,75	0,302587807178497			3093,75	0,261392176151276					3093,75	0,228299543261528	3093,75	0,131716519594193					3093,75	-0,000212743645533919	3093,75	-0,1478301435709					3093,75	-0,40948423743248	3093,75	-0,612561404705048			3093,75	0,13572584092617			3093,75	0,142282053828239					3093,75	0,158117771148682	3093,75	0,199349790811539					3093,75	0,20767830312252	3093,75	0,224083483219147					3093,75	0,167782977223396	3093,75	0,0998299270868301			
3096,875	0,302889227867126			3096,875	0,260394066572189					3096,875	0,228353813290596	3096,875	0,131059065461159					3096,875	0,000170615123352036	3096,875	-0,146930158138275					3096,875	-0,408330619335175	3096,875	-0,610616087913513			3096,875	0,136018514633179			3096,875	0,142741084098816					3096,875	0,158072307705879	3096,875	0,199503988027573					3096,875	0,207734957337379	3096,875	0,223399266600609					3096,875	0,167653813958168	3096,875	0,0985840111970901			
3100	0,302554547786713			3100	0,260331064462662					3100	0,228284314274788	3100	0,132365569472313					3100	0,00234185857698321	3100	-0,143044054508209					3100	-0,404315143823624	3100	-0,606776893138886			3100	0,136153683066368			3100	0,142122372984886					3100	0,156780943274498	3100	0,198440477252007					3100	0,207814171910286	3100	0,224791005253792					3100	0,171247616410255	3100	0,10381543636322			
3103,125	0,302896648645401			3103,125	0,26071709394455					3103,125	0,228107050061226	3103,125	0,132952824234962					3103,125	0,00202974327839911	3103,125	-0,142089664936066					3103,125	-0,404277086257935	3103,125	-0,606247246265411			3103,125	0,135886669158936			3103,125	0,142629370093346					3103,125	0,157280460000038	3103,125	0,199131324887276					3103,125	0,20799745619297	3103,125	0,225549176335335					3103,125	0,171401843428612	3103,125	0,104699976742268			
3106,25	0,304512292146683			3106,25	0,260999232530594					3106,25	0,229104682803154	3106,25	0,133800745010376					3106,25	0,00268766470253468	3106,25	-0,141660928726196					3106,25	-0,404357880353928	3106,25	-0,6044802069664			3106,25	0,137122839689255			3106,25	0,142274439334869					3106,25	0,15752312541008	3106,25	0,199426516890526					3106,25	0,208660140633583	3106,25	0,225992381572723					3106,25	0,174611642956734	3106,25	0,108636476099491			
3109,375	0,304191112518311			3109,375	0,261050224304199					3109,375	0,229321405291557	3109,375	0,134222075343132					3109,375	0,00414423504844308	3109,375	-0,140598967671394					3109,375	-0,402771383523941	3109,375	-0,604231894016266			3109,375	0,136942446231842			3109,375	0,141815528273582					3109,375	0,157455623149872	3109,375	0,19930711388588					3109,375	0,209574803709984	3109,375	0,227189317345619					3109,375	0,176129564642906	3109,375	0,110708199441433			
3112,5	0,304430782794952			3112,5	0,261000633239746					3112,5	0,229277595877647	3112,5	0,134451940655708					3112,5	0,00357632106170058	3112,5	-0,141307532787323					3112,5	-0,40410989522934	3112,5	-0,606517612934113			3112,5	0,136850461363792			3112,5	0,143587157130241					3112,5	0,158493563532829	3112,5	0,200810194015503					3112,5	0,21108540892601	3112,5	0,228782132267952					3112,5	0,17655947804451	3112,5	0,110070049762726			
3115,625	0,303792834281921			3115,625	0,260772407054901					3115,625	0,22929884493351	3115,625	0,134612202644348					3115,625	0,00360302440822124	3115,625	-0,140504285693169					3115,625	-0,402479082345963	3115,625	-0,604090392589569			3115,625	0,137313649058342			3115,625	0,143822714686394					3115,625	0,159691214561462	3115,625	0,201109752058983					3115,625	0,210721284151077	3115,625	0,228063344955444					3115,625	0,175801128149033	3115,625	0,109085962176323			
3118,75	0,304238140583038			3118,75	0,261336117982864					3118,75	0,230635285377502	3118,75	0,136703655123711					3118,75	0,00463642599061131	3118,75	-0,140182137489319					3118,75	-0,403220266103745	3118,75	-0,605530440807343			3118,75	0,136921599507332			3118,75	0,143066897988319					3118,75	0,158936843276024	3118,75	0,201453104615211					3118,75	0,210722416639328	3118,75	0,230076864361763					3118,75	0,177439600229263	3118,75	0,112065330147743			
3121,875	0,304236173629761			3121,875	0,261765867471695					3121,875	0,230853542685509	3121,875	0,137097343802452					3121,875	0,00270108319818974	3121,875	-0,141347154974937					3121,875	-0,405621767044067	3121,875	-0,609315931797028			3121,875	0,136395514011383			3121,875	0,143586367368698					3121,875	0,15980838239193	3121,875	0,202578142285347					3121,875	0,212093859910965	3121,875	0,231477439403534					3121,875	0,178770020604134	3121,875	0,112004064023495			
3125	0,304493814706802			3125	0,261922568082809					3125	0,231530115008354	3125	0,137689143419266					3125	0,00436104647815228	3125	-0,138536348938942					3125	-0,401542961597443	3125	-0,603561997413635			3125	0,136716902256012			3125	0,142853006720543					3125	0,158949375152588	3125	0,202346384525299					3125	0,213108047842979	3125	0,232018783688545					3125	0,180764362215996	3125	0,118082128465176			
3128,125	0,304291278123856			3128,125	0,262134999036789					3128,125	0,231587707996368	3128,125	0,138055697083473					3128,125	0,00523288268595934	3128,125	-0,13809435069561					3128,125	-0,401429265737534	3128,125	-0,603832066059113			3128,125	0,137311950325966			3128,125	0,144500836730003					3128,125	0,159533143043518	3128,125	0,201952397823334					3128,125	0,212971985340118	3128,125	0,231714099645615					3128,125	0,180440083146095	3128,125	0,11641038954258			
3131,25	0,304219633340836			3131,25	0,262543052434921					3131,25	0,231349512934685	3131,25	0,138836085796356					3131,25	0,0069539868272841	3131,25	-0,136789605021477					3131,25	-0,400056958198547	3131,25	-0,603070259094238			3131,25	0,13572570681572			3131,25	0,144506052136421					3131,25	0,158559754490852	3131,25	0,201743423938751					3131,25	0,212841808795929	3131,25	0,232049599289894					3131,25	0,183509573340416	3131,25	0,118972711265087			
3134,375	0,305538207292557			3134,375	0,262126117944717					3134,375	0,230980753898621	3134,375	0,138652786612511					3134,375	0,00770809827372432	3134,375	-0,135249719023705					3134,375	-0,398470729589462	3134,375	-0,601428270339966			3134,375	0,135688349604607			3134,375	0,144948899745941					3134,375	0,158762291073799	3134,375	0,202077656984329					3134,375	0,213829606771469	3134,375	0,233624517917633					3134,375	0,185513213276863	3134,375	0,123434893786907			
3137,5	0,305742800235748			3137,5	0,261857092380524					3137,5	0,230978161096573	3137,5	0,139207854866982					3137,5	0,00719747971743345	3137,5	-0,133427336812019					3137,5	-0,396883279085159	3137,5	-0,59863293170929			3137,5	0,136063247919083			3137,5	0,14392463862896					3137,5	0,158267304301262	3137,5	0,201933965086937					3137,5	0,212884068489075	3137,5	0,232426047325134					3137,5	0,184195324778557	3137,5	0,123432360589504			
3140,625	0,305123090744019			3140,625	0,262189507484436					3140,625	0,231574639678001	3140,625	0,139898493885994					3140,625	0,00815300177782774	3140,625	-0,132692366838455					3140,625	-0,397090792655945	3140,625	-0,60046523809433			3140,625	0,136263251304626			3140,625	0,143310070037842					3140,625	0,158621191978455	3140,625	0,201828852295876					3140,625	0,214604794979095	3140,625	0,234318464994431					3140,625	0,187104299664497	3140,625	0,125145182013512			
3143,75	0,304328709840775			3143,75	0,261989384889603					3143,75	0,231316313147545	3143,75	0,139117568731308					3143,75	0,00710349110886455	3143,75	-0,133779302239418					3143,75	-0,397732377052307	3143,75	-0,60000479221344			3143,75	0,135706812143326			3143,75	0,144285544753075					3143,75	0,15919603407383	3143,75	0,201811850070953					3143,75	0,215459778904915	3143,75	0,234239414334297					3143,75	0,186058565974236	3143,75	0,124032817780972			
3146,875	0,306164413690567			3146,875	0,263052582740784					3146,875	0,231590911746025	3146,875	0,139979898929596					3146,875	0,00819343980401754	3146,875	-0,131909221410751					3146,875	-0,395434021949768	3146,875	-0,598945438861847			3146,875	0,13474990427494			3146,875	0,143783926963806					3146,875	0,158565998077393	3146,875	0,20220260322094					3146,875	0,215472280979156	3146,875	0,234166026115417					3146,875	0,187924653291702	3146,875	0,126697555184364			
3150	0,307460427284241			3150	0,261573076248169					3150	0,2318514585495	3150	0,140368059277534					3150	0,00993282813578844	3150	-0,130750417709351					3150	-0,395246952772141	3150	-0,597815334796906			3150	0,136905416846275			3150	0,143532797694206					3150	0,159304246306419	3150	0,203277111053467					3150	0,215254187583923	3150	0,234530240297318					3150	0,189673140645027	3150	0,128997787833214			
3153,125	0,305397480726242			3153,125	0,261543750762939					3153,125	0,232551097869873	3153,125	0,140523314476013					3153,125	0,00982729624956846	3153,125	-0,130464121699333					3153,125	-0,396009117364883	3153,125	-0,600344657897949			3153,125	0,137292176485062			3153,125	0,144275516271591					3153,125	0,15960668027401	3153,125	0,202972188591957					3153,125	0,216546595096588	3153,125	0,235016152262688					3153,125	0,191161453723907	3153,125	0,128867581486702			
3156,25	0,305312693119049			3156,25	0,262051790952683					3156,25	0,232419520616531	3156,25	0,141745641827583					3156,25	0,0100686624646187	3156,25	-0,12907050549984					3156,25	-0,393757581710815	3156,25	-0,596609950065613			3156,25	0,13750085234642			3156,25	0,144092738628387					3156,25	0,158781066536903	3156,25	0,202331393957138					3156,25	0,217724591493607	3156,25	0,237173423171043					3156,25	0,192747086286545	3156,25	0,131761997938156			
3159,375	0,305391043424606			3159,375	0,262114644050598					3159,375	0,232724606990814	3159,375	0,142313823103905					3159,375	0,0107966717332602	3159,375	-0,128941684961319					3159,375	-0,393360733985901	3159,375	-0,595175266265869			3159,375	0,135860919952393			3159,375	0,143628343939781					3159,375	0,159385547041893	3159,375	0,202409997582436					3159,375	0,216938689351082	3159,375	0,237584099173546					3159,375	0,193460986018181	3159,375	0,135689720511436			
3162,5	0,305173128843308			3162,5	0,261647015810013					3162,5	0,231795072555542	3162,5	0,141796827316284					3162,5	0,0118478229269385	3162,5	-0,126919224858284					3162,5	-0,391021221876144	3162,5	-0,589093208312988			3162,5	0,136337101459503			3162,5	0,143416851758957					3162,5	0,159163743257523	3162,5	0,201612025499344					3162,5	0,214834824204445	3162,5	0,235582172870636					3162,5	0,19392092525959	3162,5	0,13671663403511			
3165,625	0,304997652769089			3165,625	0,260426223278046					3165,625	0,231375187635422	3165,625	0,142492741346359					3165,625	0,0113971633836627	3165,625	-0,127099558711052					3165,625	-0,391627550125122	3165,625	-0,59015679359436			3165,625	0,136116176843643			3165,625	0,143968686461449					3165,625	0,159047558903694	3165,625	0,201195001602173					3165,625	0,217200055718422	3165,625	0,235323339700699					3165,625	0,195504605770111	3165,625	0,136721268296242			
3168,75	0,305992215871811			3168,75	0,259994834661484					3168,75	0,231435611844063	3168,75	0,142319872975349					3168,75	0,00990853831171989	3168,75	-0,128468409180641					3168,75	-0,391786426305771	3168,75	-0,595296442508698			3168,75	0,136651873588562			3168,75	0,145596086978912					3168,75	0,160011455416679	3168,75	0,201800972223282					3168,75	0,218090921640396	3168,75	0,236769452691078					3168,75	0,195620596408844	3168,75	0,136727839708328			
3171,875	0,306008785963058			3171,875	0,260247647762299					3171,875	0,231610581278801	3171,875	0,143248796463013					3171,875	0,0123365567997098	3171,875	-0,125915348529816					3171,875	-0,388457119464874	3171,875	-0,592645287513733			3171,875	0,136157497763634			3171,875	0,142780467867851					3171,875	0,159215658903122	3171,875	0,201162114739418					3171,875	0,218138575553894	3171,875	0,23676922917366					3171,875	0,19827339053154	3171,875	0,13859611749649			
3175	0,307095229625702			3175	0,260544985532761					3175	0,232561096549034	3175	0,143811136484146					3175	0,0141154117882252	3175	-0,122449822723866					3175	-0,387288719415665	3175	-0,591036796569824			3175	0,135351955890656			3175	0,143031030893326					3175	0,158979877829552	3175	0,200930118560791					3175	0,218439728021622	3175	0,238340139389038					3175	0,202007174491882	3175	0,144924715161324			
3178,125	0,308411210775375			3178,125	0,260644018650055					3178,125	0,232526227831841	3178,125	0,144624069333076					3178,125	0,0144625622779131	3178,125	-0,121527060866356					3178,125	-0,387318342924118	3178,125	-0,591818153858185			3178,125	0,135651826858521			3178,125	0,142585530877113					3178,125	0,15989962220192	3178,125	0,201509281992912					3178,125	0,21940290927887	3178,125	0,239863976836205					3178,125	0,205821394920349	3178,125	0,150191649794579			
3181,25	0,306295275688171			3181,25	0,260913997888565					3181,25	0,232543513178825	3181,25	0,143822729587555					3181,25	0,0135627323761582	3181,25	-0,123283348977566					3181,25	-0,38973930478096	3181,25	-0,594057500362396			3181,25	0,135333478450775			3181,25	0,144344910979271					3181,25	0,161154240369797	3181,25	0,203216135501862					3181,25	0,220340073108673	3181,25	0,240040749311447					3181,25	0,203217014670372	3181,25	0,146417528390884			
3184,375	0,306637614965439			3184,375	0,260517835617065					3184,375	0,2315813601017	3184,375	0,143754661083221					3184,375	0,0122262556105852	3184,375	-0,12530742585659					3184,375	-0,389677822589874	3184,375	-0,594098806381226			3184,375	0,135268852114677			3184,375	0,143242865800858					3184,375	0,160666897892952	3184,375	0,20233216881752					3184,375	0,219997197389603	3184,375	0,238505437970161					3184,375	0,199222072958946	3184,375	0,142750799655914			
3187,5	0,306122273206711			3187,5	0,259826928377151					3187,5	0,233564630150795	3187,5	0,144052818417549					3187,5	0,012004166841507	3187,5	-0,127388820052147					3187,5	-0,393088757991791	3187,5	-0,600265860557556			3187,5	0,135289996862411			3187,5	0,143869191408157					3187,5	0,160949274897575	3187,5	0,202117666602135					3187,5	0,221252605319023	3187,5	0,23893915116787					3187,5	0,202072411775589	3187,5	0,144446060061455			
3190,625	0,305987626314163			3190,625	0,258684933185577					3190,625	0,230913192033768	3190,625	0,142949670553207					3190,625	0,0137645034119487	3190,625	-0,125036060810089					3190,625	-0,388616174459457	3190,625	-0,591922640800476			3190,625	0,136179238557816			3190,625	0,143604457378387					3190,625	0,160382986068726	3190,625	0,202867567539215					3190,625	0,221167474985123	3190,625	0,237430021166801					3190,625	0,202261626720428	3190,625	0,147588774561882			
3193,75	0,306067109107971			3193,75	0,25652351975441					3193,75	0,230032727122307	3193,75	0,142705842852592					3193,75	0,0133184008300304	3193,75	-0,12478045374155					3193,75	-0,387474983930588	3193,75	-0,589680552482605			3193,75	0,13619127869606			3193,75	0,145320072770119					3193,75	0,161798626184464	3193,75	0,202806606888771					3193,75	0,221397817134857	3193,75	0,236770480871201					3193,75	0,203117981553078	3193,75	0,14428699016571			
3196,875	0,306176334619522			3196,875	0,257832676172256					3196,875	0,231137782335281	3196,875	0,144621923565865					3196,875	0,0143481558188796	3196,875	-0,122242778539658					3196,875	-0,387207895517349	3196,875	-0,590654134750366			3196,875	0,137392953038216			3196,875	0,144202947616577					3196,875	0,161556825041771	3196,875	0,20202711224556					3196,875	0,223019376397133	3196,875	0,239762991666794					3196,875	0,208359152078629	3196,875	0,152142331004143			
3200	0,306961417198181			3200	0,258775413036346					3200	0,230344340205193	3200	0,144194856286049					3200	0,0134563762694597	3200	-0,125686720013618					3200	-0,393495261669159	3200	-0,59856241941452			3200	0,137348026037216			3200	0,1459791213274					3200	0,16300593316555	3200	0,203752517700195					3200	0,224789038300514	3200	0,240814805030823					3200	0,209361851215363	3200	0,153009742498398			
3203,125	0,307679444551468			3203,125	0,258078426122665					3203,125	0,229595303535461	3203,125	0,144530117511749					3203,125	0,0151370009407401	3203,125	-0,123470120131969					3203,125	-0,388031423091888	3203,125	-0,592141389846802			3203,125	0,134763956069946			3203,125	0,146183609962463					3203,125	0,163456648588181	3203,125	0,203055411577225					3203,125	0,224838644266129	3203,125	0,240510493516922					3203,125	0,210879355669022	3203,125	0,157606109976768			
3206,25	0,305648803710938			3206,25	0,256740689277649					3206,25	0,230040118098259	3206,25	0,143605306744576					3206,25	0,0156088983640075	3206,25	-0,124538473784924					3206,25	-0,387221127748489	3206,25	-0,591039597988129			3206,25	0,137423098087311			3206,25	0,14642396569252					3206,25	0,163484960794449	3206,25	0,202211976051331					3206,25	0,224639862775803	3206,25	0,240882858633995					3206,25	0,210435420274734	3206,25	0,158136263489723			
3209,375	0,305975884199142			3209,375	0,2550388276577					3209,375	0,229560881853104	3209,375	0,142715618014336					3209,375	0,0152252512052655	3209,375	-0,125572443008423					3209,375	-0,387107372283936	3209,375	-0,59167867898941			3209,375	0,136310577392578			3209,375	0,146566450595856					3209,375	0,163139328360558	3209,375	0,202908664941788					3209,375	0,22535465657711	3209,375	0,241539508104324					3209,375	0,212767854332924	3209,375	0,160857692360878			
3212,5	0,305933475494385			3212,5	0,255233913660049					3212,5	0,229655474424362	3212,5	0,143516957759857					3212,5	0,0160672347992659	3212,5	-0,125272557139397					3212,5	-0,387415766716003	3212,5	-0,593651592731476			3212,5	0,136937946081161			3212,5	0,147629171609879					3212,5	0,163705185055733	3212,5	0,204298228025436					3212,5	0,225796580314636	3212,5	0,2430290132761					3212,5	0,215636193752289	3212,5	0,16266156733036			
3215,625	0,307208478450775			3215,625	0,253752470016479					3215,625	0,229604288935661	3215,625	0,143796652555466					3215,625	0,0171442143619061	3215,625	-0,126095429062843					3215,625	-0,389224678277969	3215,625	-0,595113396644592			3215,625	0,137501016259193			3215,625	0,148643910884857					3215,625	0,164321184158325	3215,625	0,205251276493073					3215,625	0,225823223590851	3215,625	0,242203488945961					3215,625	0,214768454432487	3215,625	0,163003489375114			
3218,75	0,306580245494843			3218,75	0,2547727227211					3218,75	0,229227721691132	3218,75	0,142311066389084					3218,75	0,0154650155454874	3218,75	-0,127470761537552					3218,75	-0,388885021209717	3218,75	-0,595577776432037			3218,75	0,135868161916733			3218,75	0,149268016219139					3218,75	0,166349917650223	3218,75	0,205766052007675					3218,75	0,228051751852036	3218,75	0,242271438241005					3218,75	0,21444496512413	3218,75	0,16054080426693			
3221,875	0,304644048213959			3221,875	0,254996061325073					3221,875	0,229390352964401	3221,875	0,141760736703873					3221,875	0,0163898095488548	3221,875	-0,126440584659576					3221,875	-0,384512484073639	3221,875	-0,59057754278183			3221,875	0,134672194719315			3221,875	0,148624122142792					3221,875	0,164961770176888	3221,875	0,204934567213058					3221,875	0,228183060884476	3221,875	0,243200242519379					3221,875	0,216509699821472	3221,875	0,16254910826683			
3225	0,305547386407852			3225	0,255076915025711					3225	0,229591503739357	3225	0,142666637897491					3225	0,0184221863746643	3225	-0,123840846121311					3225	-0,384623259305954	3225	-0,590636134147644			3225	0,135914519429207			3225	0,149186387658119					3225	0,165182650089264	3225	0,204855635762215					3225	0,229505732655525	3225	0,244945034384727					3225	0,221916988492012	3225	0,170729875564575			
3228,125	0,303955286741257			3228,125	0,255275100469589					3228,125	0,22989921271801	3228,125	0,143239974975586					3228,125	0,0190833173692226	3228,125	-0,123782061040401					3228,125	-0,388117372989655	3228,125	-0,595749616622925			3228,125	0,138787135481834			3228,125	0,150046646595001					3228,125	0,165640726685524	3228,125	0,205287083983421					3228,125	0,230781614780426	3228,125	0,24575400352478					3228,125	0,224327519536018	3228,125	0,17290785908699			
3231,25	0,304237276315689			3231,25	0,255344182252884					3231,25	0,230640843510628	3231,25	0,1432094424963					3231,25	0,0188215710222721	3231,25	-0,125242188572884					3231,25	-0,387549161911011	3231,25	-0,59653377532959			3231,25	0,137089297175407			3231,25	0,150016039609909					3231,25	0,166596829891205	3231,25	0,206476286053658					3231,25	0,229802876710892	3231,25	0,248189508914948					3231,25	0,225268110632896	3231,25	0,174380466341972			
3234,375	0,304865181446075			3234,375	0,254525691270828					3234,375	0,231239676475525	3234,375	0,143605500459671					3234,375	0,0179546624422073	3234,375	-0,126046746969223					3234,375	-0,387289047241211	3234,375	-0,598895490169525			3234,375	0,137040287256241			3234,375	0,151978224515915					3234,375	0,167603000998497	3234,375	0,206866458058357					3234,375	0,231805384159088	3234,375	0,250910639762878					3234,375	0,228202596306801	3234,375	0,178460031747818			
3237,5	0,305179923772812			3237,5	0,254124462604523					3237,5	0,230247184634209	3237,5	0,143303468823433					3237,5	0,0184489116072655	3237,5	-0,12637859582901					3237,5	-0,386995583772659	3237,5	-0,599208831787109			3237,5	0,139905646443367			3237,5	0,15326464176178					3237,5	0,169202759861946	3237,5	0,207501843571663					3237,5	0,233008533716202	3237,5	0,250537365674973					3237,5	0,228435829281807	3237,5	0,176922753453255			
3240,625	0,304719567298889			3240,625	0,25402620434761					3240,625	0,230002969503403	3240,625	0,143239915370941					3240,625	0,0193502567708492	3240,625	-0,126656994223595					3240,625	-0,388311326503754	3240,625	-0,598982274532318			3240,625	0,136923208832741			3240,625	0,153101786971092					3240,625	0,16957513988018	3240,625	0,209024280309677					3240,625	0,233747437596321	3240,625	0,250761747360229					3240,625	0,229543522000313	3240,625	0,179510727524757			
3243,75	0,304491460323334			3243,75	0,254058241844177					3243,75	0,231042429804802	3243,75	0,143502652645111					3243,75	0,0189868621528149	3243,75	-0,127317041158676					3243,75	-0,386667281389236	3243,75	-0,598156452178955			3243,75	0,137245714664459			3243,75	0,153970673680305					3243,75	0,169886484742165	3243,75	0,209763690829277					3243,75	0,234853282570839	3243,75	0,251621663570404					3243,75	0,231100469827652	3243,75	0,181281089782715			
3246,875	0,30399677157402			3246,875	0,254115670919418					3246,875	0,231724366545677	3246,875	0,14394436776638					3246,875	0,0183520559221506	3246,875	-0,127462953329086					3246,875	-0,385351538658142	3246,875	-0,598001420497894			3246,875	0,137779802083969			3246,875	0,154293403029442					3246,875	0,169779673218727	3246,875	0,208951681852341					3246,875	0,235864445567131	3246,875	0,25191804766655					3246,875	0,231335505843163	3246,875	0,181222513318062			
3250	0,30356439948082			3250	0,253181636333466					3250	0,229511231184006	3250	0,14251534640789					3250	0,0175022110342979	3250	-0,126995414495468					3250	-0,386160165071487	3250	-0,594976365566254			3250	0,136466339230537			3250	0,154840216040611					3250	0,171410068869591	3250	0,209285706281662					3250	0,235059767961502	3250	0,251361340284348					3250	0,230114698410034	3250	0,179611101746559			
3253,125	0,30330890417099			3253,125	0,253945708274841					3253,125	0,229948416352272	3253,125	0,142850577831268					3253,125	0,0192006062716246	3253,125	-0,125492662191391					3253,125	-0,38597247004509	3253,125	-0,597686111927032			3253,125	0,136938720941544			3253,125	0,155511409044266					3253,125	0,170567318797112	3253,125	0,210408061742783					3253,125	0,237873896956444	3253,125	0,255385667085648					3253,125	0,235495924949646	3253,125	0,186206743121147			
3256,25	0,303062379360199			3256,25	0,253086507320404					3256,25	0,230417743325233	3256,25	0,141669720411301					3256,25	0,0206780768930912	3256,25	-0,126535266637802					3256,25	-0,38504084944725	3256,25	-0,596431255340576			3256,25	0,138211414217949			3256,25	0,156074672937393					3256,25	0,171412736177444	3256,25	0,211740881204605					3256,25	0,237661182880402	3256,25	0,255145639181137					3256,25	0,23598225414753	3256,25	0,18779556453228			
3259,375	0,302180916070938			3259,375	0,253871619701386					3259,375	0,231271371245384	3259,375	0,142497524619102					3259,375	0,021048067137599	3259,375	-0,126905381679535					3259,375	-0,385835528373718	3259,375	-0,597747921943665			3259,375	0,13870894908905			3259,375	0,156662955880165					3259,375	0,172798380255699	3259,375	0,212692692875862					3259,375	0,237854287028313	3259,375	0,25689896941185					3259,375	0,237320616841316	3259,375	0,189837440848351			
3262,5	0,301988035440445			3262,5	0,254015803337097					3262,5	0,230825990438461	3262,5	0,14426651597023					3262,5	0,0217838305979967	3262,5	-0,12605944275856					3262,5	-0,385362356901169	3262,5	-0,596835613250732			3262,5	0,13780577480793			3262,5	0,156714394688606					3262,5	0,172678560018539	3262,5	0,212269067764282					3262,5	0,238284081220627	3262,5	0,25837042927742					3262,5	0,239299938082695	3262,5	0,192889615893364			
3265,625	0,302247583866119			3265,625	0,252944558858871					3265,625	0,230560347437859	3265,625	0,1440809071064					3265,625	0,0231365188956261	3265,625	-0,124589487910271					3265,625	-0,381657361984253	3265,625	-0,592988669872284			3265,625	0,138047322630882			3265,625	0,156018257141113					3265,625	0,172621071338654	3265,625	0,212256342172623					3265,625	0,237800657749176	3265,625	0,25870081782341					3265,625	0,24130254983902	3265,625	0,196805730462074			
3268,75	0,302730560302734			3268,75	0,253296762704849					3268,75	0,23041307926178	3268,75	0,14429073035717					3268,75	0,0225182641297579	3268,75	-0,124961875379086					3268,75	-0,381384044885635	3268,75	-0,594237506389618			3268,75	0,13800585269928			3268,75	0,1581219881773					3268,75	0,174536749720573	3268,75	0,21414090692997					3268,75	0,238776907324791	3268,75	0,261100143194199					3268,75	0,244992822408676	3268,75	0,198530212044716			
3271,875	0,302841573953629			3271,875	0,254345834255219					3271,875	0,229943141341209	3271,875	0,144480928778648					3271,875	0,0232239160686731	3271,875	-0,124857433140278					3271,875	-0,38319718837738	3271,875	-0,595688343048096			3271,875	0,138318136334419			3271,875	0,158759266138077					3271,875	0,174877554178238	3271,875	0,21470633149147					3271,875	0,240193337202072	3271,875	0,263015389442444					3271,875	0,247478380799294	3271,875	0,203944981098175			
3275	0,303810060024261			3275	0,255017668008804					3275	0,231160387396812	3275	0,144375681877136					3275	0,0245282649993896	3275	-0,123214177787304					3275	-0,381250381469727	3275	-0,592877686023712			3275	0,13859598338604			3275	0,15811812877655					3275	0,174597695469856	3275	0,214448720216751					3275	0,241734057664871	3275	0,263365089893341					3275	0,250589966773987	3275	0,207494109869003			
3278,125	0,303934454917908			3278,125	0,253683418035507					3278,125	0,230994522571564	3278,125	0,143779128789902					3278,125	0,0235154815018177	3278,125	-0,123808212578297					3278,125	-0,381335884332657	3278,125	-0,592593848705292			3278,125	0,13952611386776			3278,125	0,158624857664108					3278,125	0,175754234194756	3278,125	0,215059101581573					3278,125	0,241054460406303	3278,125	0,262377262115479					3278,125	0,248279884457588	3278,125	0,203652754426003			
3281,25	0,303829848766327			3281,25	0,253989964723587					3281,25	0,233091711997986	3281,25	0,145941659808159					3281,25	0,0251829549670219	3281,25	-0,123667970299721					3281,25	-0,381766051054001	3281,25	-0,593595802783966			3281,25	0,137826770544052			3281,25	0,159090220928192					3281,25	0,176948055624962	3281,25	0,216467976570129					3281,25	0,244103863835335	3281,25	0,265614151954651					3281,25	0,252120584249496	3281,25	0,20895691215992			
3284,375	0,303334206342697			3284,375	0,254317969083786					3284,375	0,231613844633102	3284,375	0,144957944750786					3284,375	0,0257118064910173	3284,375	-0,123073659837246					3284,375	-0,381448358297348	3284,375	-0,594051480293274			3284,375	0,138451680541039			3284,375	0,160255238413811					3284,375	0,175944745540619	3284,375	0,216699495911598					3284,375	0,243836477398872	3284,375	0,266031920909882					3284,375	0,253682523965836	3284,375	0,209893196821213			
3287,5	0,302678614854813			3287,5	0,254055380821228					3287,5	0,231090754270554	3287,5	0,144080609083176					3287,5	0,0246639959514141	3287,5	-0,123533561825752					3287,5	-0,381869971752167	3287,5	-0,594929873943329			3287,5	0,138475850224495			3287,5	0,160919010639191					3287,5	0,176473811268806	3287,5	0,218168064951897					3287,5	0,243791967630386	3287,5	0,266943573951721					3287,5	0,254116624593735	3287,5	0,210134074091911			
3290,625	0,302555114030838			3290,625	0,254568696022034					3290,625	0,232302352786064	3290,625	0,144602686166763					3290,625	0,0243045594543219	3290,625	-0,125399351119995					3290,625	-0,382742494344711	3290,625	-0,597939372062683			3290,625	0,139648616313934			3290,625	0,161371111869812					3290,625	0,178263396024704	3290,625	0,219960510730743					3290,625	0,245060533285141	3290,625	0,267991840839386					3290,625	0,254598736763	3290,625	0,214318454265594			
3293,75	0,303614765405655			3293,75	0,254966020584106					3293,75	0,233030200004578	3293,75	0,146792411804199					3293,75	0,0265012569725513	3293,75	-0,122937195003033					3293,75	-0,380375564098358	3293,75	-0,595034599304199			3293,75	0,140011951327324			3293,75	0,160271629691124					3293,75	0,176716655492783	3293,75	0,218641445040703					3293,75	0,245085224509239	3293,75	0,270908445119858					3293,75	0,258963316679001	3293,75	0,2208182066679			
3296,875	0,302421003580093			3296,875	0,253287255764008					3296,875	0,232824072241783	3296,875	0,145986616611481					3296,875	0,0273871943354607	3296,875	-0,121005155146122					3296,875	-0,376608937978745	3296,875	-0,591571390628815			3296,875	0,139333710074425			3296,875	0,160439118742943					3296,875	0,177285403013229	3296,875	0,218032255768776					3296,875	0,245110034942627	3296,875	0,270137399435043					3296,875	0,258901655673981	3296,875	0,220558732748032			
3300	0,302429497241974			3300	0,253954082727432					3300	0,232626974582672	3300	0,146115064620972					3300	0,0270099602639675	3300	-0,121206760406494					3300	-0,376930922269821	3300	-0,592228174209595			3300	0,139755040407181			3300	0,161133497953415					3300	0,178008735179901	3300	0,219772979617119					3300	0,246890142560005	3300	0,270732343196869					3300	0,262190669775009	3300	0,222798556089401			
3303,125	0,302892476320267			3303,125	0,25378754734993					3303,125	0,232611045241356	3303,125	0,146533757448196					3303,125	0,0276778023689985	3303,125	-0,120628125965595					3303,125	-0,374816477298737	3303,125	-0,590272784233093			3303,125	0,140009984374046			3303,125	0,161494210362434					3303,125	0,178187355399132	3303,125	0,220567405223846					3303,125	0,247242569923401	3303,125	0,272119909524918					3303,125	0,262642383575439	3303,125	0,224040776491165			
3306,25	0,302224278450012			3306,25	0,253635942935944					3306,25	0,232983604073524	3306,25	0,147689998149872					3306,25	0,028833007439971	3306,25	-0,120897553861141					3306,25	-0,374617516994476	3306,25	-0,591369688510895			3306,25	0,139870077371597			3306,25	0,162075400352478					3306,25	0,178285762667656	3306,25	0,220968261361122					3306,25	0,247623205184937	3306,25	0,273644804954529					3306,25	0,26372292637825	3306,25	0,226450756192207			
3309,375	0,302596062421799			3309,375	0,254634112119675					3309,375	0,233672946691513	3309,375	0,148171320557594					3309,375	0,0291160549968481	3309,375	-0,120442904531956					3309,375	-0,375304609537125	3309,375	-0,591746866703033			3309,375	0,140595868229866			3309,375	0,162047520279884					3309,375	0,178884193301201	3309,375	0,220958113670349					3309,375	0,249185502529144	3309,375	0,275507807731628					3309,375	0,267781376838684	3309,375	0,230708956718445			
3312,5	0,301024705171585			3312,5	0,254767686128616					3312,5	0,232938453555107	3312,5	0,147684022784233					3312,5	0,0287622883915901	3312,5	-0,120804972946644					3312,5	-0,375359416007996	3312,5	-0,592257022857666			3312,5	0,140023931860924			3312,5	0,163540348410606					3312,5	0,180575475096703	3312,5	0,221911489963531					3312,5	0,250445961952209	3312,5	0,275968104600906					3312,5	0,268035531044006	3312,5	0,229717776179314			
3315,625	0,30241596698761			3315,625	0,254735827445984					3315,625	0,232558757066727	3315,625	0,147482618689537					3315,625	0,0294629577547312	3315,625	-0,119806341826916					3315,625	-0,373702555894852	3315,625	-0,589520990848541			3315,625	0,140947878360748			3315,625	0,16399385035038					3315,625	0,180736348032951	3315,625	0,222352907061577					3315,625	0,250431060791016	3315,625	0,276329725980759					3315,625	0,268039643764496	3315,625	0,231192171573639			
3318,75	0,301771581172943			3318,75	0,254074186086655					3318,75	0,233214929699898	3318,75	0,147624596953392					3318,75	0,0288740321993828	3318,75	-0,120648503303528					3318,75	-0,375753492116928	3318,75	-0,59203040599823			3318,75	0,14131797850132			3318,75	0,164170488715172					3318,75	0,181234583258629	3318,75	0,223153248429298					3318,75	0,25091877579689	3318,75	0,277118295431137					3318,75	0,269742071628571	3318,75	0,234136044979095			
3321,875	0,301325410604477			3321,875	0,254830062389374					3321,875	0,235293135046959	3321,875	0,148947581648827					3321,875	0,0305117964744568	3321,875	-0,11914137750864					3321,875	-0,373850166797638	3321,875	-0,591031789779663			3321,875	0,140729054808617			3321,875	0,164116904139519					3321,875	0,181139066815376	3321,875	0,22355979681015					3321,875	0,251812964677811	3321,875	0,279313206672668					3321,875	0,273481041193008	3321,875	0,239163264632225			
3325	0,301429718732834			3325	0,255969732999802					3325	0,235142037272453	3325	0,149238556623459					3325	0,0307382866740227	3325	-0,118740275502205					3325	-0,373974442481995	3325	-0,590750336647034			3325	0,141478329896927			3325	0,164825618267059					3325	0,181148737668991	3325	0,22436149418354					3325	0,252550303936005	3325	0,280580550432205					3325	0,275306552648544	3325	0,241669267416			
3328,125	0,30097159743309			3328,125	0,256346493959427					3328,125	0,234633535146713	3328,125	0,149431198835373					3328,125	0,0316871963441372	3328,125	-0,118982918560505					3328,125	-0,372213095426559	3328,125	-0,58957052230835			3328,125	0,141357496380806			3328,125	0,164639756083488					3328,125	0,180909633636475	3328,125	0,224318012595177					3328,125	0,252466976642609	3328,125	0,281455218791962					3328,125	0,275991082191467	3328,125	0,242933243513107			
3331,25	0,301951825618744			3331,25	0,25499039888382					3331,25	0,234636306762695	3331,25	0,149011388421059					3331,25	0,031869363039732	3331,25	-0,118104711174965					3331,25	-0,371453791856766	3331,25	-0,588807880878448			3331,25	0,141540125012398			3331,25	0,164849236607552					3331,25	0,18160742521286	3331,25	0,224977269768715					3331,25	0,252516329288483	3331,25	0,282431691884995					3331,25	0,276845276355743	3331,25	0,243596941232681			
3334,375	0,300937592983246			3334,375	0,255496561527252					3334,375	0,23489998281002	3334,375	0,149495840072632					3334,375	0,0323296822607517	3334,375	-0,117007158696651					3334,375	-0,371462792158127	3334,375	-0,589330077171326			3334,375	0,143261715769768			3334,375	0,166158691048622					3334,375	0,183050438761711	3334,375	0,22644604742527					3334,375	0,25305512547493	3334,375	0,283619552850723					3334,375	0,278698652982712	3334,375	0,243954673409462			
3337,5	0,302052348852158			3337,5	0,255384534597397					3337,5	0,235250011086464	3337,5	0,150911048054695					3337,5	0,0335437916219234	3337,5	-0,116554819047451					3337,5	-0,368729203939438	3337,5	-0,587259113788605			3337,5	0,139916628599167			3337,5	0,165096864104271					3337,5	0,182359620928764	3337,5	0,22606535255909					3337,5	0,254396915435791	3337,5	0,285032421350479					3337,5	0,282051473855972	3337,5	0,250325322151184			
3340,625	0,301019608974457			3340,625	0,255068153142929					3340,625	0,234671473503113	3340,625	0,150425925850868					3340,625	0,0335939265787601	3340,625	-0,115242302417755					3340,625	-0,366346597671509	3340,625	-0,583172142505646			3340,625	0,141127184033394			3340,625	0,1651980727911					3340,625	0,182059422135353	3340,625	0,225929096341133					3340,625	0,254264116287231	3340,625	0,285797417163849					3340,625	0,282265156507492	3340,625	0,251581519842148			
3343,75	0,300741612911224			3343,75	0,255467742681503					3343,75	0,234506815671921	3343,75	0,151002138853073					3343,75	0,0331110395491123	3343,75	-0,115446552634239					3343,75	-0,367762416601181	3343,75	-0,584688723087311			3343,75	0,140628784894943			3343,75	0,166241407394409					3343,75	0,183188870549202	3343,75	0,226971358060837					3343,75	0,254711478948593	3343,75	0,286502331495285					3343,75	0,282940328121185	3343,75	0,251925438642502			
3346,875	0,300934016704559			3346,875	0,257124423980713					3346,875	0,237552478909492	3346,875	0,152616262435913					3346,875	0,035734761506319	3346,875	-0,113718390464783					3346,875	-0,367181450128555	3346,875	-0,585602283477783			3346,875	0,140009894967079			3346,875	0,165525019168854					3346,875	0,182192280888557	3346,875	0,226943373680115					3346,875	0,257830172777176	3346,875	0,289229273796082					3346,875	0,288913577795029	3346,875	0,259916245937347			
3350	0,300159633159637			3350	0,257271647453308					3350	0,237131178379059	3350	0,152928113937378					3350	0,0351054854691029	3350	-0,11413598805666					3350	-0,367649406194687	3350	-0,585971117019653			3350	0,14080223441124			3350	0,166505455970764					3350	0,18293397128582	3350	0,227953717112541					3350	0,258698582649231	3350	0,289644837379456					3350	0,288370698690414	3350	0,259420067071915			
3353,125	0,300013840198517			3353,125	0,256498783826828					3353,125	0,236465811729431	3353,125	0,153638631105423					3353,125	0,0360736697912216	3353,125	-0,11449046432972					3353,125	-0,368648111820221	3353,125	-0,587242603302002			3353,125	0,142506271600723			3353,125	0,166842296719551					3353,125	0,183345183730125	3353,125	0,227578058838844					3353,125	0,258442282676697	3353,125	0,290001749992371					3353,125	0,290611445903778	3353,125	0,263498216867447			
3356,25	0,301147282123566			3356,25	0,255124539136887					3356,25	0,235766261816025	3356,25	0,152228474617004					3356,25	0,035339929163456	3356,25	-0,114159502089024					3356,25	-0,366978168487549	3356,25	-0,583503782749176			3356,25	0,140156716108322			3356,25	0,168025106191635					3356,25	0,184069409966469	3356,25	0,227861016988754					3356,25	0,257396757602692	3356,25	0,28937754034996					3356,25	0,288542211055756	3356,25	0,260266423225403			
3359,375	0,300439864397049			3359,375	0,25715246796608					3359,375	0,237368136644363	3359,375	0,153408974409103					3359,375	0,0362219586968422	3359,375	-0,113793663680553					3359,375	-0,366203874349594	3359,375	-0,584638297557831			3359,375	0,141731306910515			3359,375	0,167673349380493					3359,375	0,184509679675102	3359,375	0,228183537721634					3359,375	0,259485304355621	3359,375	0,291578233242035					3359,375	0,2923863530159	3359,375	0,264708548784256			
3362,5	0,299579620361328			3362,5	0,256468266248703					3362,5	0,237008899450302	3362,5	0,153616860508919					3362,5	0,0375386141240597	3362,5	-0,112280070781708					3362,5	-0,362976610660553	3362,5	-0,581172347068787			3362,5	0,142057567834854			3362,5	0,166567981243134					3362,5	0,183889299631119	3362,5	0,228269442915916					3362,5	0,25919771194458	3362,5	0,292493462562561					3362,5	0,29433736205101	3362,5	0,268364161252975			
3365,625	0,298686891794205			3365,625	0,255796432495117					3365,625	0,236162722110748	3365,625	0,153036549687386					3365,625	0,0379915088415146	3365,625	-0,111943989992142					3365,625	-0,361878722906113	3365,625	-0,578805446624756			3365,625	0,141799658536911			3365,625	0,16755248606205					3365,625	0,184840843081474	3365,625	0,228771537542343					3365,625	0,258764415979385	3365,625	0,292502969503403					3365,625	0,293672889471054	3365,625	0,267672002315521			
3368,75	0,299465328454971			3368,75	0,255507379770279					3368,75	0,236008822917938	3368,75	0,152807876467705					3368,75	0,0382873974740505	3368,75	-0,110398255288601					3368,75	-0,361267149448395	3368,75	-0,577526748180389			3368,75	0,142576172947884			3368,75	0,167383998632431					3368,75	0,184979632496834	3368,75	0,228767067193985					3368,75	0,258082360029221	3368,75	0,292826473712921					3368,75	0,295266062021255	3368,75	0,27008929848671			
3371,875	0,299587428569794			3371,875	0,255066603422165					3371,875	0,235640823841095	3371,875	0,152899369597435					3371,875	0,0375907383859158	3371,875	-0,111062496900558					3371,875	-0,362410336732864	3371,875	-0,578695833683014			3371,875	0,143176734447479			3371,875	0,168428137898445					3371,875	0,186225071549416	3371,875	0,230227828025818					3371,875	0,259902328252792	3371,875	0,294206768274307					3371,875	0,295405298471451	3371,875	0,270531475543976			
3375	0,30027037858963			3375	0,255088657140732					3375	0,235331073403358	3375	0,152778491377831					3375	0,0373229756951332	3375	-0,111423514783382					3375	-0,362318754196167	3375	-0,577755808830261			3375	0,142706170678139			3375	0,169036969542503					3375	0,186692222952843	3375	0,230711877346039					3375	0,260221898555756	3375	0,295339107513428					3375	0,295668303966522	3375	0,271028697490692			
3378,125	0,299750179052353			3378,125	0,25684666633606					3378,125	0,237113326787949	3378,125	0,155423030257225					3378,125	0,0400123707950115	3378,125	-0,109042882919312					3378,125	-0,359904795885086	3378,125	-0,578266322612762			3378,125	0,144220113754272			3378,125	0,167463451623917					3378,125	0,185415834188461	3378,125	0,23061715066433					3378,125	0,261799305677414	3378,125	0,297711968421936					3378,125	0,303174912929535	3378,125	0,279691874980927			
3381,25	0,29903706908226			3381,25	0,255535662174225					3381,25	0,236078009009361	3381,25	0,154643625020981					3381,25	0,0394873060286045	3381,25	-0,109669663012028					3381,25	-0,359426856040955	3381,25	-0,576974809169769			3381,25	0,142208784818649			3381,25	0,169460907578468					3381,25	0,186434090137482	3381,25	0,230889141559601					3381,25	0,262050300836563	3381,25	0,296455383300781					3381,25	0,301473885774612	3381,25	0,278068780899048			
3384,375	0,299125969409943			3384,375	0,255760759115219					3384,375	0,235919490456581	3384,375	0,155006766319275					3384,375	0,0403440408408642	3384,375	-0,109428122639656					3384,375	-0,358774483203888	3384,375	-0,575683236122131			3384,375	0,142497822642326			3384,375	0,168685957789421					3384,375	0,1871168166399	3384,375	0,2312091588974					3384,375	0,262313336133957	3384,375	0,297163635492325					3384,375	0,301781862974167	3384,375	0,279450535774231			
3387,5	0,299198985099792			3387,5	0,255082190036774					3387,5	0,235700905323029	3387,5	0,154997527599335					3387,5	0,0414205975830555	3387,5	-0,107868500053883					3387,5	-0,355236619710922	3387,5	-0,571779012680054			3387,5	0,143502905964851			3387,5	0,167376458644867					3387,5	0,186471432447433	3387,5	0,230197876691818					3387,5	0,262006640434265	3387,5	0,297525465488434					3387,5	0,302542299032211	3387,5	0,280874013900757			
3390,625	0,298693180084229			3390,625	0,255664348602295					3390,625	0,236219257116318	3390,625	0,156123086810112					3390,625	0,0408641956746578	3390,625	-0,108784087002277					3390,625	-0,356396675109863	3390,625	-0,573485016822815			3390,625	0,143672153353691			3390,625	0,169764667749405					3390,625	0,187151700258255	3390,625	0,231963455677032					3390,625	0,264064729213715	3390,625	0,299037605524063					3390,625	0,304929584264755	3390,625	0,283674120903015			
3393,75	0,298862457275391			3393,75	0,254832357168198					3393,75	0,236363112926483	3393,75	0,155599847435951					3393,75	0,0412247553467751	3393,75	-0,10667160898447					3393,75	-0,353727966547012	3393,75	-0,571172535419464			3393,75	0,143123209476471			3393,75	0,168842241168022					3393,75	0,186614736914635	3393,75	0,231572180986404					3393,75	0,263129889965057	3393,75	0,299613177776337					3393,75	0,305870026350021	3393,75	0,28564316034317			
3396,875	0,299071073532104			3396,875	0,25478121638298					3396,875	0,237134099006653	3396,875	0,155566290020943					3396,875	0,0412717908620834	3396,875	-0,107055336236954					3396,875	-0,355120629072189	3396,875	-0,571682572364807			3396,875	0,144253805279732			3396,875	0,169290393590927					3396,875	0,187152475118637	3396,875	0,231696084141731					3396,875	0,264028638601303	3396,875	0,300195753574371					3396,875	0,306701332330704	3396,875	0,286153078079224			
3400	0,300047636032104			3400	0,255257308483124					3400	0,237884566187859	3400	0,157011196017265					3400	0,0422438159584999	3400	-0,106206685304642					3400	-0,35332852602005	3400	-0,570115327835083			3400	0,144696548581123			3400	0,169540956616402					3400	0,187032505869865	3400	0,232030630111694					3400	0,265104025602341	3400	0,301511168479919					3400	0,308911144733429	3400	0,290351837873459			
3403,125	0,299787014722824			3403,125	0,255382478237152					3403,125	0,23783166706562	3403,125	0,157039254903793					3403,125	0,0423464961349964	3403,125	-0,106724470853806					3403,125	-0,354517698287964	3403,125	-0,572189092636108			3403,125	0,143731027841568			3403,125	0,170716047286987					3403,125	0,188846781849861	3403,125	0,233361169695854					3403,125	0,26579812169075	3403,125	0,302659630775452					3403,125	0,309830993413925	3403,125	0,29109451174736			
3406,25	0,298364490270615			3406,25	0,255641758441925					3406,25	0,238390728831291	3406,25	0,157753452658653					3406,25	0,0427753962576389	3406,25	-0,106436125934124					3406,25	-0,35486114025116	3406,25	-0,572948336601257			3406,25	0,144217431545258			3406,25	0,170680418610573					3406,25	0,189149558544159	3406,25	0,234014391899109					3406,25	0,266524940729141	3406,25	0,304211258888245					3406,25	0,31151470541954	3406,25	0,293725788593292			
3409,375	0,298174530267715			3409,375	0,255255818367004					3409,375	0,238139435648918	3409,375	0,158159285783768					3409,375	0,0443036369979382	3409,375	-0,104897499084473					3409,375	-0,352238863706589	3409,375	-0,570047080516815			3409,375	0,143728792667389			3409,375	0,169847652316093					3409,375	0,188057124614716	3409,375	0,233693644404411					3409,375	0,267050623893738	3409,375	0,304992884397507					3409,375	0,313872545957565	3409,375	0,297008097171783			
3412,5	0,29706472158432			3412,5	0,255634069442749					3412,5	0,238615497946739	3412,5	0,157901585102081					3412,5	0,0440583601593971	3412,5	-0,105395525693893					3412,5	-0,353529870510101	3412,5	-0,572056233882904			3412,5	0,142957955598831			3412,5	0,171387583017349					3412,5	0,189310610294342	3412,5	0,235130041837692					3412,5	0,268161594867706	3412,5	0,305799186229706					3412,5	0,314769089221954	3412,5	0,297353088855743			
3415,625	0,297132283449173			3415,625	0,256568163633347					3415,625	0,238930657505989	3415,625	0,158629179000854					3415,625	0,0442957952618599	3415,625	-0,104978039860725					3415,625	-0,353565454483032	3415,625	-0,572999656200409			3415,625	0,143175661563873			3415,625	0,172094792127609					3415,625	0,189380988478661	3415,625	0,235895723104477					3415,625	0,268828809261322	3415,625	0,307923644781113					3415,625	0,317238807678223	3415,625	0,30071359872818			
3418,75	0,298242747783661			3418,75	0,255426049232483					3418,75	0,238156288862228	3418,75	0,158562019467354					3418,75	0,0445725619792938	3418,75	-0,103450015187263					3418,75	-0,350407928228378	3418,75	-0,567811012268066			3418,75	0,144361406564713			3418,75	0,170643776655197					3418,75	0,189102068543434	3418,75	0,234673917293549					3418,75	0,26838806271553	3418,75	0,307603925466537					3418,75	0,317973583936691	3418,75	0,302366256713867			
3421,875	0,297725588083267			3421,875	0,254926651716232					3421,875	0,238078847527504	3421,875	0,158245757222176					3421,875	0,044120442122221	3421,875	-0,103848040103912					3421,875	-0,35076692700386	3421,875	-0,568256616592407			3421,875	0,144453570246696			3421,875	0,171957120299339					3421,875	0,190400138497353	3421,875	0,235712364315987					3421,875	0,268984287977219	3421,875	0,307930171489716					3421,875	0,317630976438522	3421,875	0,301548182964325			
3425	0,29663422703743			3425	0,254425257444382					3425	0,237738445401192	3425	0,158815622329712					3425	0,0446029007434845	3425	-0,103435374796391					3425	-0,350550562143326	3425	-0,568254113197327			3425	0,144176945090294			3425	0,172471225261688					3425	0,19113752245903	3425	0,236132889986038					3425	0,269945710897446	3425	0,308722108602524					3425	0,318500131368637	3425	0,303181976079941			
3428,125	0,296757489442825			3428,125	0,254972130060196					3428,125	0,238140195608139	3428,125	0,159596234560013					3428,125	0,0460350252687931	3428,125	-0,101724743843079					3428,125	-0,347858637571335	3428,125	-0,565524697303772			3428,125	0,144290149211884			3428,125	0,170364677906036					3428,125	0,189359754323959	3428,125	0,234372720122337					3428,125	0,269867151975632	3428,125	0,309420943260193					3428,125	0,321930199861526	3428,125	0,308022558689117			
3431,25	0,296893537044525			3431,25	0,254418671131134					3431,25	0,237576365470886	3431,25	0,158807560801506					3431,25	0,045922514051199	3431,25	-0,101273268461227					3431,25	-0,347385585308075	3431,25	-0,564608097076416			3431,25	0,144967287778854			3431,25	0,171229809522629					3431,25	0,189732909202576	3431,25	0,235312342643738					3431,25	0,269467562437058	3431,25	0,309597998857498					3431,25	0,321451306343079	3431,25	0,308089226484299			
3434,375	0,296141117811203			3434,375	0,254594385623932					3434,375	0,237784162163734	3434,375	0,159326195716858					3434,375	0,0467303767800331	3434,375	-0,100767999887466					3434,375	-0,347065359354019	3434,375	-0,564810216426849			3434,375	0,144331514835358			3434,375	0,172136813402176					3434,375	0,190878227353096	3434,375	0,236446902155876					3434,375	0,270935744047165	3434,375	0,311102509498596					3434,375	0,322585463523865	3434,375	0,310217142105103			
3437,5	0,296716094017029			3437,5	0,256059736013412					3437,5	0,239090085029602	3437,5	0,161190211772919					3437,5	0,0478022992610931	3437,5	-0,0995220765471458					3437,5	-0,34646925330162	3437,5	-0,56505811214447			3437,5	0,144261881709099			3437,5	0,171926438808441					3437,5	0,191147223114967	3437,5	0,236466020345688					3437,5	0,27240064740181	3437,5	0,312392055988312					3437,5	0,325787514448166	3437,5	0,31352761387825			
3440,625	0,296136111021042			3440,625	0,256436318159103					3440,625	0,240083485841751	3440,625	0,1618991792202					3440,625	0,0483759306371212	3440,625	-0,0991218835115433					3440,625	-0,345966786146164	3440,625	-0,564401388168335			3440,625	0,144667357206345			3440,625	0,172020137310028					3440,625	0,19099172949791	3440,625	0,236469104886055					3440,625	0,272571980953217	3440,625	0,312944978475571					3440,625	0,327589809894562	3440,625	0,31559893488884			
3443,75	0,29523104429245			3443,75	0,255180329084396					3443,75	0,239636480808258	3443,75	0,161093980073929					3443,75	0,0475655272603035	3443,75	-0,099884495139122					3443,75	-0,345314741134644	3443,75	-0,563991606235504			3443,75	0,144259586930275			3443,75	0,172833353281021					3443,75	0,191947922110558	3443,75	0,236830681562424					3443,75	0,272364944219589	3443,75	0,313145905733109					3443,75	0,327653259038925	3443,75	0,31514298915863			
3446,875	0,295702874660492			3446,875	0,254534214735031					3446,875	0,23899795114994	3446,875	0,1605623960495					3446,875	0,0483285821974278	3446,875	-0,0982610732316971					3446,875	-0,343082338571548	3446,875	-0,560856699943542			3446,875	0,144273146986961			3446,875	0,171953782439232					3446,875	0,191031917929649	3446,875	0,236623153090477					3446,875	0,272269904613495	3446,875	0,312884390354156					3446,875	0,328466981649399	3446,875	0,317167580127716			
3450	0,296098530292511			3450	0,254686236381531					3450	0,238959163427353	3450	0,16155518591404					3450	0,0494280084967613	3450	-0,0971148908138275					3450	-0,342350512742996	3450	-0,559494137763977			3450	0,144729912281036			3450	0,171287655830383					3450	0,190129950642586	3450	0,236394822597504					3450	0,272592306137085	3450	0,313693970441818					3450	0,329850912094116	3450	0,31970426440239			
3453,125	0,295473545789719			3453,125	0,254647880792618					3453,125	0,239454254508018	3453,125	0,161711245775223					3453,125	0,0491550117731094	3453,125	-0,097019299864769					3453,125	-0,342163175344467	3453,125	-0,559349775314331			3453,125	0,145006358623505			3453,125	0,172145292162895					3453,125	0,190993666648865	3453,125	0,236815467476845					3453,125	0,273237526416779	3453,125	0,315104573965073					3453,125	0,330781579017639	3453,125	0,32065623998642			
3456,25	0,294430375099182			3456,25	0,255011975765228					3456,25	0,239946857094765	3456,25	0,162326812744141					3456,25	0,0494543127715588	3456,25	-0,0971076563000679					3456,25	-0,342174977064133	3456,25	-0,559883296489716			3456,25	0,145353272557259			3456,25	0,17210191488266					3456,25	0,191403821110725	3456,25	0,237694904208183					3456,25	0,274133563041687	3456,25	0,317443907260895					3456,25	0,333315998315811	3456,25	0,323795109987259			
3459,375	0,295907348394394			3459,375	0,254803031682968					3459,375	0,239484965801239	3459,375	0,162102788686752					3459,375	0,0488490909337997	3459,375	-0,09669429063797					3459,375	-0,342330515384674	3459,375	-0,56004011631012			3459,375	0,145213335752487			3459,375	0,173029497265816					3459,375	0,192575678229332	3459,375	0,238631352782249					3459,375	0,274480253458023	3459,375	0,317363232374191					3459,375	0,333728641271591	3459,375	0,324739784002304			
3462,5	0,295523643493652			3462,5	0,254343092441559					3462,5	0,238661855459213	3462,5	0,162832006812096					3462,5	0,0499721951782703	3462,5	-0,0944013223052025					3462,5	-0,339426904916763	3462,5	-0,556105256080627			3462,5	0,145446807146072			3462,5	0,172803059220314					3462,5	0,191494166851044	3462,5	0,237176179885864					3462,5	0,274050831794739	3462,5	0,317288994789124					3462,5	0,334795773029327	3462,5	0,326477855443954			
3465,625	0,293895035982132			3465,625	0,254076093435287					3465,625	0,238766923546791	3465,625	0,162510707974434					3465,625	0,050096970051527	3465,625	-0,0951832458376884					3465,625	-0,339525043964386	3465,625	-0,556649684906006			3465,625	0,145306274294853			3465,625	0,173517420887947					3465,625	0,192366987466812	3465,625	0,238553881645203					3465,625	0,275271236896515	3465,625	0,317632228136063					3465,625	0,334876239299774	3465,625	0,32711586356163			
3468,75	0,295192122459412			3468,75	0,255693644285202					3468,75	0,240444466471672	3468,75	0,163537502288818					3468,75	0,0511465333402157	3468,75	-0,0955633595585823					3468,75	-0,340391784906387	3468,75	-0,558335959911346			3468,75	0,14667896926403			3468,75	0,174004524946213					3468,75	0,193153828382492	3468,75	0,239874750375748					3468,75	0,276425272226334	3468,75	0,319761127233505					3468,75	0,338064014911652	3468,75	0,330334901809692			
3471,875	0,293577700853348			3471,875	0,254404872655869					3471,875	0,240038350224495	3471,875	0,163501068949699					3471,875	0,0513480305671692	3471,875	-0,0952524766325951					3471,875	-0,339426785707474	3471,875	-0,557046830654144			3471,875	0,145653605461121			3471,875	0,174233496189117					3471,875	0,193209037184715	3471,875	0,239938631653786					3471,875	0,27613839507103	3471,875	0,319815874099731					3471,875	0,338895976543427	3471,875	0,331721901893616			
3475	0,293084681034088			3475	0,254621863365173					3475	0,239523813128471	3475	0,164437979459763					3475	0,0522201843559742	3475	-0,0938216224312782					3475	-0,337397783994675	3475	-0,554969906806946			3475	0,146753892302513			3475	0,173337459564209					3475	0,192912966012955	3475	0,238536939024925					3475	0,276839435100555	3475	0,320555984973907					3475	0,340877681970596	3475	0,335495918989182			
3478,125	0,294002532958984			3478,125	0,253855884075165					3478,125	0,239323392510414	3478,125	0,163978770375252					3478,125	0,0516865104436874	3478,125	-0,0942188426852226					3478,125	-0,337893933057785	3478,125	-0,554483711719513			3478,125	0,145451813936234			3478,125	0,174366235733032					3478,125	0,193623602390289	3478,125	0,239426583051682					3478,125	0,277139991521835	3478,125	0,32080414891243					3478,125	0,33988693356514	3478,125	0,333911091089249			
3481,25	0,293304234743118			3481,25	0,253100484609604					3481,25	0,238777875900269	3481,25	0,163530290126801					3481,25	0,0530635081231594	3481,25	-0,0921380892395973					3481,25	-0,333435386419296	3481,25	-0,54907351732254			3481,25	0,146425873041153			3481,25	0,172612562775612					3481,25	0,191494107246399	3481,25	0,238332107663155					3481,25	0,276345819234848	3481,25	0,320098966360092					3481,25	0,340731590986252	3481,25	0,336564958095551			
3484,375	0,292241781949997			3484,375	0,253033667802811					3484,375	0,238697320222855	3484,375	0,163697555661201					3484,375	0,0524462275207043	3484,375	-0,09178476780653					3484,375	-0,33350133895874	3484,375	-0,550137877464294			3484,375	0,14621302485466			3484,375	0,17375735938549					3484,375	0,192735135555267	3484,375	0,238521188497543					3484,375	0,277024149894714	3484,375	0,3207848072052					3484,375	0,341779798269272	3484,375	0,337299853563309			
3487,5	0,292085587978363			3487,5	0,253515154123306					3487,5	0,239490002393723	3487,5	0,16479529440403					3487,5	0,0524356290698051	3487,5	-0,0919105112552643					3487,5	-0,335086494684219	3487,5	-0,552237212657928			3487,5	0,145754590630531			3487,5	0,174746066331863					3487,5	0,193749219179153	3487,5	0,239897787570953					3487,5	0,278335243463516	3487,5	0,322405576705933					3487,5	0,343550890684128	3487,5	0,339355021715164			
3490,625	0,294745355844498			3490,625	0,253387719392776					3490,625	0,239921092987061	3490,625	0,165283113718033					3490,625	0,0538850612938404	3490,625	-0,0907756015658379					3490,625	-0,333763629198074	3490,625	-0,55078798532486			3490,625	0,145014822483063			3490,625	0,174463197588921					3490,625	0,193290665745735	3490,625	0,239820301532745					3490,625	0,278768867254257	3490,625	0,323391973972321					3490,625	0,345682919025421	3490,625	0,342449218034744			
3493,75	0,293569326400757			3493,75	0,254382014274597					3493,75	0,240112438797951	3493,75	0,165874823927879					3493,75	0,0549523532390594	3493,75	-0,0906698629260063					3493,75	-0,33368992805481	3493,75	-0,551341891288757			3493,75	0,146160364151001			3493,75	0,174674287438393					3493,75	0,194171816110611	3493,75	0,24015748500824					3493,75	0,279159963130951	3493,75	0,324898838996887					3493,75	0,347745031118393	3493,75	0,34489706158638			
3496,875	0,292853236198425			3496,875	0,253575474023819					3496,875	0,238909095525742	3496,875	0,164937153458595					3496,875	0,0547786690294743	3496,875	-0,0903024673461914					3496,875	-0,33244052529335	3496,875	-0,548274874687195			3496,875	0,146451786160469			3496,875	0,174563974142075					3496,875	0,194426953792572	3496,875	0,239711001515388					3496,875	0,278764992952347	3496,875	0,324333608150482					3496,875	0,346766263246536	3496,875	0,344034820795059			
3500	0,292680531740189			3500	0,25415563583374					3500	0,240398555994034	3500	0,166312515735626					3500	0,055713839828968	3500	-0,0883203521370888					3500	-0,330914556980133	3500	-0,547449469566345			3500	0,145989641547203			3500	0,173637837171555					3500	0,193201318383217	3500	0,239664375782013					3500	0,279504537582397	3500	0,32611870765686					3500	0,350811064243317	3500	0,348815858364105			
3503,125	0,292183071374893			3503,125	0,253953874111176					3503,125	0,240191534161568	3503,125	0,166435614228249					3503,125	0,0554167330265045	3503,125	-0,0887907668948174					3503,125	-0,33087882399559	3503,125	-0,547396123409271			3503,125	0,148132681846619			3503,125	0,174105256795883					3503,125	0,194079652428627	3503,125	0,24015648663044					3503,125	0,279972523450851	3503,125	0,326290100812912					3503,125	0,35091108083725	3503,125	0,349119156599045			
3506,25	0,293216407299042			3506,25	0,254417061805725					3506,25	0,241203561425209	3506,25	0,167279526591301					3506,25	0,0563114061951637	3506,25	-0,0888461321592331					3506,25	-0,331244558095932	3506,25	-0,548700749874115			3506,25	0,145894944667816			3506,25	0,175130754709244					3506,25	0,195104643702507	3506,25	0,241244748234749					3506,25	0,281701564788818	3506,25	0,328038185834885					3506,25	0,353079617023468	3506,25	0,3512262403965			
3509,375	0,291956692934036			3509,375	0,253995031118393					3509,375	0,240048065781593	3509,375	0,166855841875076					3509,375	0,0560388453304768	3509,375	-0,0884982943534851					3509,375	-0,330150008201599	3509,375	-0,547456741333008			3509,375	0,146567523479462			3509,375	0,176002398133278					3509,375	0,195755019783974	3509,375	0,241279274225235					3509,375	0,281777381896973	3509,375	0,327896505594254					3509,375	0,352577686309814	3509,375	0,351326435804367			
3512,5	0,291461676359177			3512,5	0,252487808465958					3512,5	0,239163175225258	3512,5	0,16690157353878					3512,5	0,0564372166991234	3512,5	-0,0862549692392349					3512,5	-0,326844125986099	3512,5	-0,543292343616486			3512,5	0,146903216838837			3512,5	0,174342483282089					3512,5	0,194074109196663	3512,5	0,239735409617424					3512,5	0,280706018209457	3512,5	0,327399343252182					3512,5	0,35340017080307	3512,5	0,353799521923065			
3515,625	0,290778279304504			3515,625	0,251771211624146					3515,625	0,239294201135635	3515,625	0,166766330599785					3515,625	0,057174526154995	3515,625	-0,0855174958705902					3515,625	-0,325893700122833	3515,625	-0,540412902832031			3515,625	0,146565675735474			3515,625	0,173583194613457					3515,625	0,193518906831741	3515,625	0,239537164568901					3515,625	0,280301570892334	3515,625	0,326858401298523					3515,625	0,354207634925842	3515,625	0,354237228631973			
3518,75	0,290739864110947			3518,75	0,252185881137848					3518,75	0,239468663930893	3518,75	0,166723251342773					3518,75	0,0566059462726116	3518,75	-0,0862798318266869					3518,75	-0,326940596103668	3518,75	-0,542261242866516			3518,75	0,147251337766647			3518,75	0,175367102026939					3518,75	0,19537128508091	3518,75	0,240930885076523					3518,75	0,281648457050323	3518,75	0,328125357627869					3518,75	0,354322105646133	3518,75	0,355029791593552			
3521,875	0,290062576532364			3521,875	0,252271503210068					3521,875	0,239969775080681	3521,875	0,167184472084045					3521,875	0,0570831671357155	3521,875	-0,0851007550954819					3521,875	-0,325548231601715	3521,875	-0,541512191295624			3521,875	0,148922249674797			3521,875	0,175009876489639					3521,875	0,194882661104202	3521,875	0,240650221705437					3521,875	0,281437814235687	3521,875	0,329303443431854					3521,875	0,356186658143997	3521,875	0,357537925243378			
3525	0,288773536682129			3525	0,252121537923813					3525	0,239973127841949	3525	0,168045729398727					3525	0,0577865578234196	3525	-0,0842122733592987					3525	-0,324316829442978	3525	-0,539824962615967			3525	0,147194340825081			3525	0,175309792160988					3525	0,193670749664307	3525	0,23997800052166					3525	0,281803995370865	3525	0,330348610877991					3525	0,357917934656143	3525	0,360543966293335			
3528,125	0,289093196392059			3528,125	0,252808481454849					3528,125	0,240212798118591	3528,125	0,168541699647903					3528,125	0,0583741292357445	3528,125	-0,0840184912085533					3528,125	-0,325081139802933	3528,125	-0,540537297725677			3528,125	0,14793860912323			3528,125	0,174857750535011					3528,125	0,194302141666412	3528,125	0,240873724222183					3528,125	0,283003836870193	3528,125	0,331273764371872					3528,125	0,36018294095993	3528,125	0,362851828336716			
3531,25	0,290148824453354			3531,25	0,253275513648987					3531,25	0,241237446665764	3531,25	0,169412389397621					3531,25	0,0588187165558338	3531,25	-0,0835619494318962					3531,25	-0,325231373310089	3531,25	-0,541756749153137			3531,25	0,148621499538422			3531,25	0,175040736794472					3531,25	0,195384919643402	3531,25	0,241703674197197					3531,25	0,284224182367325	3531,25	0,332893639802933					3531,25	0,361999809741974	3531,25	0,36527219414711			
3534,375	0,289338827133179			3534,375	0,252119839191437					3534,375	0,240456908941269	3534,375	0,168711453676224					3534,375	0,0585731714963913	3534,375	-0,0832170844078064					3534,375	-0,323650151491165	3534,375	-0,539639949798584			3534,375	0,148361250758171			3534,375	0,175905704498291					3534,375	0,195888459682465	3534,375	0,241328686475754					3534,375	0,283991992473602	3534,375	0,332307010889053					3534,375	0,361184775829315	3534,375	0,364905834197998			
3537,5	0,290086597204208			3537,5	0,25094074010849					3537,5	0,239234268665314	3537,5	0,168258965015411					3537,5	0,0588388331234455	3537,5	-0,0818828493356705					3537,5	-0,321190565824509	3537,5	-0,535723805427551			3537,5	0,147690325975418			3537,5	0,175330519676208					3537,5	0,195138856768608	3537,5	0,240409523248672					3537,5	0,282793462276459	3537,5	0,331440091133118					3537,5	0,361012369394302	3537,5	0,366378366947174			
3540,625	0,289664000272751			3540,625	0,251332759857178					3540,625	0,239841297268867	3540,625	0,169027760624886					3540,625	0,0593099296092987	3540,625	-0,0812785550951958					3540,625	-0,320698112249374	3540,625	-0,536212682723999			3540,625	0,147623956203461			3540,625	0,175327956676483					3540,625	0,195351541042328	3540,625	0,240820586681366					3540,625	0,283362686634064	3540,625	0,332517474889755					3540,625	0,363005787134171	3540,625	0,368507444858551			
3543,75	0,28950646519661			3543,75	0,251577794551849					3543,75	0,240050807595253	3543,75	0,168964713811874					3543,75	0,0596173070371151	3543,75	-0,080901250243187					3543,75	-0,320418804883957	3543,75	-0,535265326499939			3543,75	0,147564008831978			3543,75	0,175599426031113					3543,75	0,195460334420204	3543,75	0,241015374660492					3543,75	0,283990502357483	3543,75	0,333457142114639					3543,75	0,363617926836014	3543,75	0,369413256645203			
3546,875	0,289641678333282			3546,875	0,250381886959076					3546,875	0,239226683974266	3546,875	0,168219834566116					3546,875	0,0590611137449741	3546,875	-0,0810820832848549					3546,875	-0,319793105125427	3546,875	-0,534868717193604			3546,875	0,148355334997177			3546,875	0,175946176052094					3546,875	0,195992633700371	3546,875	0,24153470993042					3546,875	0,284231454133987	3546,875	0,333264231681824					3546,875	0,363225042819977	3546,875	0,369436800479889			
3550	0,287857681512833			3550	0,250725895166397					3550	0,239860326051712	3550	0,16936631500721					3550	0,0601375922560692	3550	-0,0794039964675903					3550	-0,317703694105148	3550	-0,533283233642578			3550	0,148155018687248			3550	0,175082489848137					3550	0,195221140980721	3550	0,240863084793091					3550	0,284811675548553	3550	0,334247469902039					3550	0,365589141845703	3550	0,372685670852661			
3553,125	0,289504379034042			3553,125	0,250028073787689					3553,125	0,239715740084648	3553,125	0,168956980109215					3553,125	0,059437807649374	3553,125	-0,0796430036425591					3553,125	-0,317778348922729	3553,125	-0,533086657524109			3553,125	0,148597210645676			3553,125	0,176060661673546					3553,125	0,195992156863213	3553,125	0,241412535309792					3553,125	0,285253703594208	3553,125	0,334705919027328					3553,125	0,365694165229797	3553,125	0,372378617525101			
3556,25	0,290037542581558			3556,25	0,250414371490479					3556,25	0,240541473031044	3556,25	0,169822081923485					3556,25	0,0604032054543495	3556,25	-0,0789301320910454					3556,25	-0,317226648330688	3556,25	-0,53194659948349			3556,25	0,148991584777832			3556,25	0,175777748227119					3556,25	0,196029528975487	3556,25	0,241318583488464					3556,25	0,285428673028946	3556,25	0,335581451654434					3556,25	0,367701888084412	3556,25	0,375627636909485			
3559,375	0,290801197290421			3559,375	0,250297069549561					3559,375	0,240181937813759	3559,375	0,169837132096291					3559,375	0,0612863712012768	3559,375	-0,0777555257081985					3559,375	-0,316563308238983	3559,375	-0,5307497382164			3559,375	0,14863508939743			3559,375	0,175925493240356					3559,375	0,195895507931709	3559,375	0,241172254085541					3559,375	0,285868883132935	3559,375	0,335791051387787					3559,375	0,368649840354919	3559,375	0,377351999282837			
3562,5	0,289535909891129			3562,5	0,250837206840515					3562,5	0,240922152996063	3562,5	0,170466691255569					3562,5	0,0611302889883518	3562,5	-0,0775730088353157					3562,5	-0,316951751708984	3562,5	-0,532197833061218			3562,5	0,148518219590187			3562,5	0,176302060484886					3562,5	0,196619927883148	3562,5	0,242318943142891					3562,5	0,287494748830795	3562,5	0,336857199668884					3562,5	0,370422095060349	3562,5	0,37972366809845			
3565,625	0,289269894361496			3565,625	0,250221163034439					3565,625	0,240338683128357	3565,625	0,170784011483192					3565,625	0,0614075995981693	3565,625	-0,0770963579416275					3565,625	-0,315274685621262	3565,625	-0,529381632804871			3565,625	0,147730156779289			3565,625	0,175656720995903					3565,625	0,19662044942379	3565,625	0,241976782679558					3565,625	0,287287414073944	3565,625	0,336587697267532					3565,625	0,370647609233856	3565,625	0,380943894386292			
3568,75	0,287652432918549			3568,75	0,249585032463074					3568,75	0,239763602614403	3568,75	0,170022040605545					3568,75	0,061743501573801	3568,75	-0,0766159668564796					3568,75	-0,314265191555023	3568,75	-0,528075933456421			3568,75	0,14746718108654			3568,75	0,176189512014389					3568,75	0,196741670370102	3568,75	0,242143020033836					3568,75	0,287379175424576	3568,75	0,336568206548691					3568,75	0,370661467313766	3568,75	0,380472511053085			
3571,875	0,287586659193039			3571,875	0,250381678342819					3571,875	0,241088911890984	3571,875	0,171404927968979					3571,875	0,0630591958761215	3571,875	-0,075285017490387					3571,875	-0,313780307769775	3571,875	-0,528416693210602			3571,875	0,14776349067688			3571,875	0,176308736205101					3571,875	0,196387499570847	3571,875	0,242146164178848					3571,875	0,288037270307541	3571,875	0,338531672954559					3571,875	0,374320507049561	3571,875	0,385163754224777			
3575	0,286435842514038			3575	0,250720292329788					3575	0,24208727478981	3575	0,171846449375153					3575	0,0635177418589592	3575	-0,0756489709019661					3575	-0,314480483531952	3575	-0,52845686674118			3575	0,148320749402046			3575	0,176675289869308					3575	0,196890398859978	3575	0,242691203951836					3575	0,289514780044556	3575	0,339383363723755					3575	0,375989735126495	3575	0,387069582939148			
3578,125	0,286884218454361			3578,125	0,250257909297943					3578,125	0,241953611373901	3578,125	0,171785473823547					3578,125	0,0636253282427788	3578,125	-0,0754877924919128					3578,125	-0,314322233200073	3578,125	-0,527264714241028			3578,125	0,147643610835075			3578,125	0,17721951007843					3578,125	0,197102755308151	3578,125	0,242914363741875					3578,125	0,289949297904968	3578,125	0,339643716812134					3578,125	0,376913994550705	3578,125	0,38714924454689			
3581,25	0,287951320409775			3581,25	0,250119566917419					3581,25	0,242054104804993	3581,25	0,172214612364769					3581,25	0,0640799030661583	3581,25	-0,0743948817253113					3581,25	-0,312766194343567	3581,25	-0,525764942169189			3581,25	0,148142442107201			3581,25	0,177573621273041					3581,25	0,196738347411156	3581,25	0,242880448698997					3581,25	0,289712280035019	3581,25	0,340357005596161					3581,25	0,377805709838867	3581,25	0,388696163892746			
3584,375	0,2865369617939			3584,375	0,249268993735313					3584,375	0,241311803460121	3584,375	0,171528294682503					3584,375	0,0641350224614143	3584,375	-0,0735554471611977					3584,375	-0,310660153627396	3584,375	-0,523511350154877			3584,375	0,14854222536087			3584,375	0,177338525652885					3584,375	0,196266636252403	3584,375	0,242007687687874					3584,375	0,289277940988541	3584,375	0,340304583311081					3584,375	0,37769627571106	3584,375	0,38958939909935			
3587,5	0,285963773727417			3587,5	0,248512327671051					3587,5	0,240858972072601	3587,5	0,170888647437096					3587,5	0,0644753649830818	3587,5	-0,0733916833996773					3587,5	-0,309480130672455	3587,5	-0,522383153438568			3587,5	0,148120567202568			3587,5	0,177475139498711					3587,5	0,196528345346451	3587,5	0,241855531930923					3587,5	0,289197653532028	3587,5	0,340096563100815					3587,5	0,378287374973297	3587,5	0,389930218458176			
3590,625	0,286139369010925			3590,625	0,249040603637695					3590,625	0,241359770298004	3590,625	0,171263605356216					3590,625	0,0651784017682076	3590,625	-0,0730548650026321					3590,625	-0,309836715459824	3590,625	-0,523560285568237			3590,625	0,14902101457119			3590,625	0,178207248449326					3590,625	0,197098284959793	3590,625	0,242878049612045					3590,625	0,290474683046341	3590,625	0,341020584106445					3590,625	0,380211353302002	3590,625	0,391978085041046			
3593,75	0,285489618778229			3593,75	0,249707534909248					3593,75	0,242146968841553	3593,75	0,171796277165413					3593,75	0,0655042380094528	3593,75	-0,072907991707325					3593,75	-0,309740006923676	3593,75	-0,523606240749359			3593,75	0,148064374923706			3593,75	0,178969502449036					3593,75	0,19750003516674	3593,75	0,244039624929428					3593,75	0,291567862033844	3593,75	0,342290848493576					3593,75	0,381457358598709	3593,75	0,393601506948471			
3596,875	0,28570157289505			3596,875	0,249871149659157					3596,875	0,242162719368935	3596,875	0,172022446990013					3596,875	0,0655034109950066	3596,875	-0,0728655457496643					3596,875	-0,309148639440537	3596,875	-0,523433268070221			3596,875	0,148590907454491			3596,875	0,179131418466568					3596,875	0,197807967662811	3596,875	0,244482189416885					3596,875	0,291775733232498	3596,875	0,342689245939255					3596,875	0,381801694631577	3596,875	0,394638657569885			
3600	0,284531354904175			3600	0,250148594379425					3600	0,242476150393486	3600	0,172865241765976					3600	0,0666221752762794	3600	-0,0713248029351234					3600	-0,307739228010178	3600	-0,522095680236816			3600	0,148821219801903			3600	0,178393632173538					3600	0,197558492422104	3600	0,244490325450897					3600	0,291949331760406	3600	0,343950510025024					3600	0,383685857057571	3600	0,397571176290512			
3603,125	0,284024208784103			3603,125	0,249974325299263					3603,125	0,24223530292511	3603,125	0,173100873827934					3603,125	0,067446194589138	3603,125	-0,0705230236053467					3603,125	-0,30537685751915	3603,125	-0,519672214984894			3603,125	0,149805620312691			3603,125	0,177901163697243					3603,125	0,196565091609955	3603,125	0,243635594844818					3603,125	0,291491389274597	3603,125	0,343764573335648					3603,125	0,383939653635025	3603,125	0,398318737745285			
3606,25	0,283096879720688			3606,25	0,249396875500679					3606,25	0,24174228310585	3606,25	0,172393232584					3606,25	0,0666306987404823	3606,25	-0,0718491077423096					3606,25	-0,306927770376205	3606,25	-0,521404445171356			3606,25	0,148695155978203			3606,25	0,179832920432091					3606,25	0,198005601763725	3606,25	0,244965046644211					3606,25	0,292461365461349	3606,25	0,34414142370224					3606,25	0,383466303348541	3606,25	0,397220432758331			
3609,375	0,283814638853073			3609,375	0,249477311968803					3609,375	0,241939410567284	3609,375	0,173548176884651					3609,375	0,0681097358465195	3609,375	-0,0693975165486336					3609,375	-0,303491204977036	3609,375	-0,517496943473816			3609,375	0,148961395025253			3609,375	0,17801958322525					3609,375	0,196129530668259	3609,375	0,24380587041378					3609,375	0,291669815778732	3609,375	0,344138026237488					3609,375	0,385509759187698	3609,375	0,401289343833923			
3612,5	0,283602893352509			3612,5	0,249156177043915					3612,5	0,241602331399918	3612,5	0,173515990376472					3612,5	0,0680673271417618	3612,5	-0,0691826269030571					3612,5	-0,303060114383698	3612,5	-0,516730070114136			3612,5	0,150158897042274			3612,5	0,178140714764595					3612,5	0,196671262383461	3612,5	0,2440345287323					3612,5	0,292062312364578	3612,5	0,344669103622437					3612,5	0,385979890823364	3612,5	0,402267545461655			
3615,625	0,28372785449028			3615,625	0,249637618660927					3615,625	0,242037773132324	3615,625	0,173886731266975					3615,625	0,0680290311574936	3615,625	-0,069470539689064					3615,625	-0,304247885942459	3615,625	-0,518302083015442			3615,625	0,148884177207947			3615,625	0,179158970713615					3615,625	0,19786511361599	3615,625	0,245084539055824					3615,625	0,293344914913177	3615,625	0,346277594566345					3615,625	0,387551844120026	3615,625	0,403643548488617			
3618,75	0,28291580080986			3618,75	0,249171391129494					3618,75	0,241471335291862	3618,75	0,173888966441154					3618,75	0,0686566531658173	3618,75	-0,0680855959653854					3618,75	-0,302129060029984	3618,75	-0,515701115131378			3618,75	0,150166407227516			3618,75	0,178575396537781					3618,75	0,197045281529427	3618,75	0,244350746273994					3618,75	0,292738735675812	3618,75	0,345592379570007					3618,75	0,388331174850464	3618,75	0,404801845550537			
3621,875	0,282287627458572			3621,875	0,248867332935333					3621,875	0,241095617413521	3621,875	0,173569485545158					3621,875	0,068519614636898	3621,875	-0,0681910961866379					3621,875	-0,301630318164825	3621,875	-0,514908909797668			3621,875	0,150055468082428			3621,875	0,179611369967461					3621,875	0,197778269648552	3621,875	0,244761362671852					3621,875	0,292784571647644	3621,875	0,345868289470673					3621,875	0,388156890869141	3621,875	0,404718667268753			
3625	0,281909346580505			3625	0,248294785618782					3625	0,240753307938576	3625	0,173629030585289					3625	0,0693518817424774	3625	-0,0673255696892738					3625	-0,300166845321655	3625	-0,513365507125854			3625	0,150268778204918			3625	0,179289355874062					3625	0,197671890258789	3625	0,244493022561073					3625	0,29287114739418	3625	0,34634855389595					3625	0,388572990894318	3625	0,406810730695724			
3628,125	0,282114207744598			3628,125	0,248821333050728					3628,125	0,241665318608284	3628,125	0,174588307738304					3628,125	0,0701848492026329	3628,125	-0,0665661245584488					3628,125	-0,299587845802307	3628,125	-0,514161169528961			3628,125	0,149959921836853			3628,125	0,179102346301079					3628,125	0,198027431964874	3628,125	0,244727715849876					3628,125	0,293879270553589	3628,125	0,347944259643555					3628,125	0,390528619289398	3628,125	0,409638851881027			
3631,25	0,281792372465134			3631,25	0,24956639111042					3631,25	0,242789536714554	3631,25	0,175946235656738					3631,25	0,0712741166353226	3631,25	-0,0652827024459839					3631,25	-0,298146545886993	3631,25	-0,512090682983398			3631,25	0,149379134178162			3631,25	0,178329437971115					3631,25	0,196812376379967	3631,25	0,24430014193058					3631,25	0,294024258852005	3631,25	0,348666936159134					3631,25	0,3932184278965	3631,25	0,412783175706863			
3634,375	0,281032770872116			3634,375	0,249638855457306					3634,375	0,242602273821831	3634,375	0,175980389118195					3634,375	0,0712803304195404	3634,375	-0,0652935579419136					3634,375	-0,298858523368835	3634,375	-0,513182401657104			3634,375	0,150511160492897			3634,375	0,179113253951073					3634,375	0,197778880596161	3634,375	0,245109289884567					3634,375	0,294939368963242	3634,375	0,349292278289795					3634,375	0,393719404935837	3634,375	0,413623452186584			
3637,5	0,280476361513138			3637,5	0,248624175786972					3637,5	0,241558060050011	3637,5	0,175327554345131					3637,5	0,0709065124392509	3637,5	-0,0655325874686241					3637,5	-0,298078209161758	3637,5	-0,512414157390594			3637,5	0,149552807211876			3637,5	0,1794054210186					3637,5	0,198122009634972	3637,5	0,245039999485016					3637,5	0,294777482748032	3637,5	0,348799020051956					3637,5	0,392968982458115	3637,5	0,412486225366592			
3640,625	0,281124949455261			3640,625	0,24749955534935					3640,625	0,240952000021935	3640,625	0,175366207957268					3640,625	0,0713923126459122	3640,625	-0,0646461024880409					3640,625	-0,295564144849777	3640,625	-0,508868634700775			3640,625	0,149575904011726			3640,625	0,17835396528244					3640,625	0,19711047410965	3640,625	0,244147717952728					3640,625	0,293619185686111	3640,625	0,34849813580513					3640,625	0,393091112375259	3640,625	0,413200378417969			
3643,75	0,28112405538559			3643,75	0,248201459646225					3643,75	0,241680219769478	3643,75	0,175923690199852					3643,75	0,0723486691713333	3643,75	-0,0639086440205574					3643,75	-0,295192897319794	3643,75	-0,508232414722443			3643,75	0,149870693683624			3643,75	0,178501829504967					3643,75	0,196834787726402	3643,75	0,244754105806351					3643,75	0,29449263215065	3643,75	0,349390357732773					3643,75	0,395150572061539	3643,75	0,416071593761444			
3646,875	0,28044992685318			3646,875	0,247336640954018					3646,875	0,240922167897224	3646,875	0,175287693738937					3646,875	0,0721062645316124	3646,875	-0,0638739615678787					3646,875	-0,294959187507629	3646,875	-0,507165014743805			3646,875	0,150263369083405			3646,875	0,17891488969326					3646,875	0,197020515799522	3646,875	0,244647786021233					3646,875	0,294576376676559	3646,875	0,349403977394104					3646,875	0,395275503396988	3646,875	0,416343778371811			
3650	0,280400276184082			3650	0,247870191931725					3650	0,241434022784233	3650	0,176090240478516					3650	0,0729081183671951	3650	-0,0629909038543701					3650	-0,294749289751053	3650	-0,507837176322937			3650	0,150601804256439			3650	0,179005548357964					3650	0,197079241275787	3650	0,244657978415489					3650	0,294918775558472	3650	0,350863218307495					3650	0,397274076938629	3650	0,419331252574921			
3653,125	0,280445128679276			3653,125	0,247367531061172					3653,125	0,241311877965927	3653,125	0,176335498690605					3653,125	0,0734516754746437	3653,125	-0,0622966624796391					3653,125	-0,29272335767746	3653,125	-0,505944192409515			3653,125	0,151000991463661			3653,125	0,178676694631577					3653,125	0,197125047445297	3653,125	0,244513988494873					3653,125	0,29477858543396	3653,125	0,351130813360214					3653,125	0,397302746772766	3653,125	0,420047134160995			
3656,25	0,280436843633652			3656,25	0,2470473498106					3656,25	0,240927085280418	3656,25	0,176073521375656					3656,25	0,0733333677053452	3656,25	-0,0619747787714005					3656,25	-0,292117387056351	3656,25	-0,505493938922882			3656,25	0,150532260537148			3656,25	0,178836524486542					3656,25	0,197323083877563	3656,25	0,24446152150631					3656,25	0,295120120048523	3656,25	0,35136091709137					3656,25	0,397892206907272	3656,25	0,421157598495483			
3659,375	0,279884874820709			3659,375	0,247744232416153					3659,375	0,241559222340584	3659,375	0,177105665206909					3659,375	0,0738692879676819	3659,375	-0,0616317987442017					3659,375	-0,292356610298157	3659,375	-0,506909191608429			3659,375	0,149461969733238			3659,375	0,179721906781197					3659,375	0,197893217206001	3659,375	0,245024472475052					3659,375	0,296319156885147	3659,375	0,352701127529144					3659,375	0,399614214897156	3659,375	0,423256397247314			
3662,5	0,279773384332657			3662,5	0,247896045446396					3662,5	0,241846546530724	3662,5	0,177481517195702					3662,5	0,0746751725673676	3662,5	-0,0607908703386784					3662,5	-0,291597902774811	3662,5	-0,505887627601624			3662,5	0,151194348931313			3662,5	0,179491296410561					3662,5	0,197649776935577	3662,5	0,244993656873703					3662,5	0,296478658914566	3662,5	0,353279411792755					3662,5	0,401040703058243	3662,5	0,425629019737244			
3665,625	0,279772639274597			3665,625	0,248422488570213					3665,625	0,241884216666222	3665,625	0,177239388227463					3665,625	0,0739882811903954	3665,625	-0,0620171166956425					3665,625	-0,293574780225754	3665,625	-0,50872528553009			3665,625	0,150098830461502			3665,625	0,181169584393501					3665,625	0,199668854475021	3665,625	0,246946394443512					3665,625	0,298192769289017	3665,625	0,354860603809357					3665,625	0,401717752218246	3665,625	0,42617991566658			
3668,75	0,278217971324921			3668,75	0,248209938406944					3668,75	0,2425447255373	3668,75	0,17844183743					3668,75	0,0763978064060211	3668,75	-0,0584217011928558					3668,75	-0,289283722639084	3668,75	-0,502878129482269			3668,75	0,150429129600525			3668,75	0,178930461406708					3668,75	0,197111308574677	3668,75	0,244691386818886					3668,75	0,296666175127029	3668,75	0,354850113391876					3668,75	0,403756082057953	3668,75	0,431426435709			
3671,875	0,278479397296906			3671,875	0,246317714452744					3671,875	0,240761369466782	3671,875	0,176840618252754					3671,875	0,0752440765500069	3671,875	-0,0591542162001133					3671,875	-0,288778513669968	3671,875	-0,501004636287689			3671,875	0,150403693318367			3671,875	0,179550960659981					3671,875	0,197521060705185	3671,875	0,244705483317375					3671,875	0,29601725935936	3671,875	0,353628277778625					3671,875	0,402286976575851	3671,875	0,429174482822418			
3675	0,277678579092026			3675	0,24701090157032					3675	0,241399139165878	3675	0,177389487624168					3675	0,0758051499724388	3675	-0,0585159324109554					3675	-0,288381606340408	3675	-0,500889599323273			3675	0,150254100561142			3675	0,179672807455063					3675	0,197827741503716	3675	0,245294734835625					3675	0,297087341547012	3675	0,354993760585785					3675	0,404426515102386	3675	0,431839823722839			
3678,125	0,277437418699265			3678,125	0,247263595461845					3678,125	0,24156366288662	3678,125	0,177715331315994					3678,125	0,0764851421117783	3678,125	-0,057767741382122					3678,125	-0,287592262029648	3678,125	-0,499959111213684			3678,125	0,150262892246246			3678,125	0,179517865180969					3678,125	0,1977628916502	3678,125	0,245360881090164					3678,125	0,297301471233368	3678,125	0,355454534292221					3678,125	0,405281692743301	3678,125	0,433486580848694			
3681,25	0,277896106243134			3681,25	0,246323898434639					3681,25	0,24105067551136	3681,25	0,176505550742149					3681,25	0,0750834718346596	3681,25	-0,0595397464931011					3681,25	-0,289950281381607	3681,25	-0,502372741699219			3681,25	0,150093168020248			3681,25	0,181894600391388					3681,25	0,200030341744423	3681,25	0,246950477361679					3681,25	0,298757672309875	3681,25	0,356109738349915					3681,25	0,404624968767166	3681,25	0,430968642234802			
3684,375	0,277730673551559			3684,375	0,246262013912201					3684,375	0,241062507033348	3684,375	0,178356468677521					3684,375	0,078540064394474	3684,375	-0,054258719086647					3684,375	-0,282202035188675	3684,375	-0,492571115493774			3684,375	0,151310667395592			3684,375	0,176636084914207					3684,375	0,195399582386017	3684,375	0,242999598383904					3684,375	0,295486986637115	3684,375	0,354745239019394					3684,375	0,406640082597733	3684,375	0,43695142865181			
3687,5	0,277038305997849			3687,5	0,245535910129547					3687,5	0,240609094500542	3687,5	0,177503734827042					3687,5	0,0771479532122612	3687,5	-0,0560878776013851					3687,5	-0,284814178943634	3687,5	-0,495420813560486			3687,5	0,150712385773659			3687,5	0,179101064801216					3687,5	0,197553381323814	3687,5	0,245052739977837					3687,5	0,296862721443176	3687,5	0,355415731668472					3687,5	0,406696647405624	3687,5	0,435234427452087			
3690,625	0,277108132839203			3690,625	0,245485723018646					3690,625	0,240539997816086	3690,625	0,17781338095665					3690,625	0,0771940872073174	3690,625	-0,0561277754604816					3690,625	-0,284743338823318	3690,625	-0,495615720748901			3690,625	0,14990359544754			3690,625	0,17963282763958					3690,625	0,198244288563728	3690,625	0,245962381362915					3690,625	0,297557175159454	3690,625	0,356320768594742					3690,625	0,407233715057373	3690,625	0,436201632022858			
3693,75	0,276435136795044			3693,75	0,246441185474396					3693,75	0,241529777646065	3693,75	0,179189682006836					3693,75	0,0787850767374039	3693,75	-0,0547732748091221					3693,75	-0,282700061798096	3693,75	-0,494026064872742			3693,75	0,150605365633965			3693,75	0,178859442472458					3693,75	0,198000892996788	3693,75	0,245617598295212					3693,75	0,298103123903275	3693,75	0,357257306575775					3693,75	0,409186184406281	3693,75	0,439028978347778			
3696,875	0,27482858300209			3696,875	0,246462538838387					3696,875	0,241620272397995	3696,875	0,179221302270889					3696,875	0,0786759033799171	3696,875	-0,0552015416324139					3696,875	-0,28365683555603	3696,875	-0,495650202035904			3696,875	0,150770962238312			3696,875	0,180078640580177					3696,875	0,198906719684601	3696,875	0,24660736322403					3696,875	0,299108922481537	3696,875	0,358472585678101					3696,875	0,410317450761795	3696,875	0,440056920051575			
3700	0,275923520326614			3700	0,245183125138283					3700	0,240534424781799	3700	0,178645342588425					3700	0,0783658176660538	3700	-0,0544391572475433					3700	-0,28288072347641	3700	-0,493557751178741			3700	0,150837540626526			3700	0,179681584239006					3700	0,19848720729351	3700	0,245953664183617					3700	0,298391252756119	3700	0,357699424028397					3700	0,410260766744614	3700	0,440039098262787			
3703,125	0,274551689624786			3703,125	0,244746789336205					3703,125	0,24028879404068	3703,125	0,178893581032753					3703,125	0,0793104842305183	3703,125	-0,0526499859988689					3703,125	-0,28023886680603	3703,125	-0,490141034126282			3703,125	0,150028899312019			3703,125	0,178913965821266					3703,125	0,197586014866829	3703,125	0,245011001825333					3703,125	0,297480523586273	3703,125	0,357348084449768					3703,125	0,410561680793762	3703,125	0,441439300775528			
3706,25	0,274211674928665			3706,25	0,246105715632439					3706,25	0,241847708821297	3706,25	0,180666506290436					3706,25	0,0807215869426727	3706,25	-0,0518804006278515					3706,25	-0,279799729585648	3706,25	-0,490729302167892			3706,25	0,150651440024376			3706,25	0,179395601153374					3706,25	0,198000803589821	3706,25	0,245932161808014					3706,25	0,299047559499741	3706,25	0,359513521194458					3706,25	0,413720935583115	3706,25	0,446135431528091			
3709,375	0,274290442466736			3709,375	0,2454863935709					3709,375	0,241209551692009	3709,375	0,180319905281067					3709,375	0,0801640748977661	3709,375	-0,0526885353028774					3709,375	-0,280054420232773	3709,375	-0,491185158491135			3709,375	0,151282742619514			3709,375	0,180529922246933					3709,375	0,199483722448349	3709,375	0,246954172849655					3709,375	0,299554765224457	3709,375	0,359911888837814					3709,375	0,413406789302826	3709,375	0,445190340280533			
3712,5	0,274787932634354			3712,5	0,244507983326912					3712,5	0,24056950211525	3712,5	0,179639667272568					3712,5	0,0802838802337646	3712,5	-0,0521611720323563					3712,5	-0,277821749448776	3712,5	-0,487927973270416			3712,5	0,150531947612762			3712,5	0,179602935910225					3712,5	0,1984903216362	3712,5	0,245418101549149					3712,5	0,298095136880875	3712,5	0,358951181173325					3712,5	0,413126170635223	3712,5	0,445181667804718			
3715,625	0,275234043598175			3715,625	0,243369147181511					3715,625	0,23976919054985	3715,625	0,179564774036407					3715,625	0,0811980068683624	3715,625	-0,0504603609442711					3715,625	-0,27599048614502	3715,625	-0,484525233507156			3715,625	0,151271358132362			3715,625	0,178560689091682					3715,625	0,197149619460106	3715,625	0,243921473622322					3715,625	0,297321856021881	3715,625	0,358125358819962					3715,625	0,413388103246689	3715,625	0,446301490068436			
3718,75	0,274193674325943			3718,75	0,245287328958511					3718,75	0,242056846618652	3718,75	0,181594923138618					3718,75	0,082305796444416	3718,75	-0,049975972622633					3718,75	-0,277183830738068	3718,75	-0,487421363592148			3718,75	0,150849163532257			3718,75	0,179689973592758					3718,75	0,198696821928024	3718,75	0,245973467826843					3718,75	0,299930036067963	3718,75	0,361337035894394					3718,75	0,417167007923126	3718,75	0,451105654239655			
3721,875	0,275206506252289			3721,875	0,244671106338501					3721,875	0,241557225584984	3721,875	0,181278482079506					3721,875	0,0823884010314941	3721,875	-0,0491693913936615					3721,875	-0,27536553144455	3721,875	-0,485974907875061			3721,875	0,151983574032784			3721,875	0,179382219910622					3721,875	0,19824156165123	3721,875	0,245810225605965					3721,875	0,29948815703392	3721,875	0,361050605773926					3721,875	0,41734254360199	3721,875	0,451697170734406			
3725	0,272794544696808			3725	0,24459108710289					3725	0,241520792245865	3725	0,181292131543159					3725	0,0820491835474968	3725	-0,0495655350387096					3725	-0,275854557752609	3725	-0,486540228128433			3725	0,151512667536736			3725	0,180420592427254					3725	0,199238613247871	3725	0,246812924742699					3725	0,300643861293793	3725	0,361934453248978					3725	0,417734086513519	3725	0,452077567577362			
3728,125	0,272514343261719			3728,125	0,244357064366341					3728,125	0,241663947701454	3728,125	0,181748196482658					3728,125	0,0832442119717598	3728,125	-0,0480108037590981					3728,125	-0,273559302091599	3728,125	-0,482933789491653			3728,125	0,149710059165955			3728,125	0,179020285606384					3728,125	0,197628080844879	3728,125	0,245374426245689					3728,125	0,299700915813446	3728,125	0,361465156078339					3728,125	0,418155193328857	3728,125	0,453836888074875			
3731,25	0,273427367210388			3731,25	0,244196072220802					3731,25	0,241381242871284	3731,25	0,181394204497337					3731,25	0,0831161141395569	3731,25	-0,0483618825674057					3731,25	-0,274293005466461	3731,25	-0,483557909727097			3731,25	0,150129407644272			3731,25	0,180027306079865					3731,25	0,198670357465744	3731,25	0,246387451887131					3731,25	0,300122201442719	3731,25	0,362237602472305					3731,25	0,418531000614166	3731,25	0,4539515376091			
3734,375	0,272562801837921			3734,375	0,243724301457405					3734,375	0,241395071148872	3734,375	0,182034403085709					3734,375	0,0841782838106155	3734,375	-0,0469879880547524					3734,375	-0,271991044282913	3734,375	-0,481326967477798			3734,375	0,151267066597939			3734,375	0,17905393242836					3734,375	0,197901725769043	3734,375	0,245428740978241					3734,375	0,299368351697922	3734,375	0,362111419439316					3734,375	0,419522374868393	3734,375	0,455832988023758			
3737,5	0,271221041679382			3737,5	0,243301063776016					3737,5	0,240864351391792	3737,5	0,181396558880806					3737,5	0,0836711972951889	3737,5	-0,0476740226149559					3737,5	-0,272669821977615	3737,5	-0,482369691133499			3737,5	0,150494337081909			3737,5	0,180266544222832					3737,5	0,198999732732773	3737,5	0,246406689286232					3737,5	0,300482660531998	3737,5	0,362848520278931					3737,5	0,420092701911926	3737,5	0,456126242876053			
3740,625	0,271257430315018			3740,625	0,244743853807449					3740,625	0,242165833711624	3740,625	0,183529436588287					3740,625	0,0856420695781708	3740,625	-0,045077558606863					3740,625	-0,270039290189743	3740,625	-0,480362832546234			3740,625	0,150375530123711			3740,625	0,179145395755768					3740,625	0,198033049702644	3740,625	0,246236577630043					3740,625	0,300807148218155	3740,625	0,363998740911484					3740,625	0,423182457685471	3740,625	0,460507363080978			
3743,75	0,27172178030014			3743,75	0,243720948696136					3743,75	0,24157640337944	3743,75	0,182993724942207					3743,75	0,0852673947811127	3743,75	-0,045487929135561					3743,75	-0,269773960113525	3743,75	-0,479629814624786			3743,75	0,150492429733276			3743,75	0,179523855447769					3743,75	0,198506116867065	3743,75	0,245957583189011					3743,75	0,300782352685928	3743,75	0,363716572523117					3743,75	0,422733724117279	3743,75	0,459947735071182			
3746,875	0,271934181451797			3746,875	0,242968082427979					3746,875	0,241265326738358	3746,875	0,182191506028175					3746,875	0,0846329405903816	3746,875	-0,046362429857254					3746,875	-0,270682752132416	3746,875	-0,480059564113617			3746,875	0,150637269020081			3746,875	0,180624663829803					3746,875	0,199356272816658	3746,875	0,246707528829575					3746,875	0,301577746868134	3746,875	0,364339023828506					3746,875	0,422859132289886	3746,875	0,459868013858795			
3750	0,270924180746078			3750	0,24333268404007					3750	0,241915568709373	3750	0,18275186419487					3750	0,085845023393631	3750	-0,044242899864912					3750	-0,268518477678299	3750	-0,477237105369568			3750	0,151504069566727			3750	0,179647207260132					3750	0,198223486542702	3750	0,245967254042625					3750	0,301376104354858	3750	0,364933371543884					3750	0,424587547779083	3750	0,462715178728104			
3753,125	0,271235942840576			3753,125	0,242793932557106					3753,125	0,241461247205734	3753,125	0,182940125465393					3753,125	0,086011029779911	3753,125	-0,0440006665885448					3753,125	-0,267692387104034	3753,125	-0,476056963205338			3753,125	0,150386482477188			3753,125	0,179918646812439					3753,125	0,1983732432127	3753,125	0,24568210542202					3753,125	0,300819993019104	3753,125	0,364506214857101					3753,125	0,424444913864136	3753,125	0,462821960449219			
3756,25	0,270840913057327			3756,25	0,24247607588768					3756,25	0,241268932819366	3756,25	0,183499574661255					3756,25	0,0867620334029198	3756,25	-0,0433863773941994					3756,25	-0,266399770975113	3756,25	-0,474695563316345			3756,25	0,150830253958702			3756,25	0,179316565394402					3756,25	0,198114261031151	3756,25	0,245178714394569					3756,25	0,300619900226593	3756,25	0,364736378192902					3756,25	0,425141930580139	3756,25	0,464290887117386			
3759,375	0,269835233688354			3759,375	0,24161334335804					3759,375	0,240669190883636	3759,375	0,183060005307198					3759,375	0,0867975428700447	3759,375	-0,0429018922150135					3759,375	-0,265014618635178	3759,375	-0,473177462816238			3759,375	0,150066345930099			3759,375	0,179215341806412					3759,375	0,198017731308937	3759,375	0,245068356394768					3759,375	0,300515472888947	3759,375	0,364381492137909					3759,375	0,425298124551773	3759,375	0,46433687210083			
3762,5	0,269807904958725			3762,5	0,241563752293587					3762,5	0,240521401166916	3762,5	0,182471454143524					3762,5	0,0854940563440323	3762,5	-0,0445986613631248					3762,5	-0,267825663089752	3762,5	-0,476369142532349			3762,5	0,150260150432587			3762,5	0,181794464588165					3762,5	0,200431361794472	3762,5	0,247306481003761					3762,5	0,302423506975174	3762,5	0,365792810916901					3762,5	0,426147431135178	3762,5	0,464465290307999			
3765,625	0,269290506839752			3765,625	0,242558225989342					3765,625	0,242323905229568	3765,625	0,185186237096786					3765,625	0,0891855880618095	3765,625	-0,0395237170159817					3765,625	-0,261142313480377	3765,625	-0,469147324562073			3765,625	0,149851053953171			3765,625	0,177885115146637					3765,625	0,196327969431877	3765,625	0,243850082159042					3765,625	0,30061337351799	3765,625	0,365577727556229					3765,625	0,428746610879898	3765,625	0,470013529062271			
3768,75	0,269765883684158			3768,75	0,241186872124672					3768,75	0,240930050611496	3768,75	0,183539375662804					3768,75	0,0875893831253052	3768,75	-0,0414914004504681					3768,75	-0,263283789157867	3768,75	-0,471195101737976			3768,75	0,150459229946136			3768,75	0,179934903979301					3768,75	0,198455452919006	3768,75	0,245519191026688					3768,75	0,301516950130463	3768,75	0,365872800350189					3768,75	0,427668511867523	3768,75	0,467721313238144			
3771,875	0,269281506538391			3771,875	0,240149632096291					3771,875	0,240003153681755	3771,875	0,183185309171677					3771,875	0,0878472030162811	3771,875	-0,0410674773156643					3771,875	-0,261802077293396	3771,875	-0,468987703323364			3771,875	0,150492563843727			3771,875	0,179487586021423					3771,875	0,197921976447105	3771,875	0,244692638516426					3771,875	0,300650089979172	3771,875	0,365166991949081					3771,875	0,427440732717514	3771,875	0,468285113573074			
3775	0,269375622272491			3775	0,240916818380356					3775	0,240648522973061	3775	0,183721244335175					3775	0,0882174670696259	3775	-0,0407927446067333					3775	-0,261837810277939	3775	-0,469320178031921			3775	0,150049313902855			3775	0,180053159594536					3775	0,198445931077003	3775	0,24537293612957					3775	0,301682621240616	3775	0,366303145885468					3775	0,429012924432755	3775	0,470511227846146			
3778,125	0,268965482711792			3778,125	0,240614801645279					3778,125	0,240435495972633	3778,125	0,184210851788521					3778,125	0,088885024189949	3778,125	-0,0395070910453796					3778,125	-0,259833812713623	3778,125	-0,467187404632568			3778,125	0,151187881827354			3778,125	0,179415732622147					3778,125	0,197615623474121	3778,125	0,245010226964951					3778,125	0,301155745983124	3778,125	0,36653083562851					3778,125	0,429871171712875	3778,125	0,471530944108963			
3781,25	0,267753601074219			3781,25	0,241061493754387					3781,25	0,241069808602333	3781,25	0,184554189443588					3781,25	0,0899450555443764	3781,25	-0,0380593165755272					3781,25	-0,258760869503021	3781,25	-0,46600142121315			3781,25	0,149499699473381			3781,25	0,17908938229084					3781,25	0,19719959795475	3781,25	0,244619160890579					3781,25	0,301419109106064	3781,25	0,367368161678314					3781,25	0,43145415186882	3781,25	0,474063217639923			
3784,375	0,267258882522583			3784,375	0,241175189614296					3784,375	0,241322547197342	3784,375	0,184570536017418					3784,375	0,0896985828876495	3784,375	-0,0387350730597973					3784,375	-0,260199338197708	3784,375	-0,467806071043015			3784,375	0,149729669094086			3784,375	0,180690810084343					3784,375	0,198820501565933	3784,375	0,246134519577026					3784,375	0,30292734503746	3784,375	0,368444919586182					3784,375	0,43252757191658	3784,375	0,474604517221451			
3787,5	0,266576111316681			3787,5	0,242303416132927					3787,5	0,242596179246902	3787,5	0,186610907316208					3787,5	0,0913426429033279	3787,5	-0,0374552756547928					3787,5	-0,258523672819138	3787,5	-0,466819882392883			3787,5	0,149105399847031			3787,5	0,180115893483162					3787,5	0,198383420705795	3787,5	0,245937868952751					3787,5	0,30344095826149	3787,5	0,369449347257614					3787,5	0,434858679771423	3787,5	0,478147715330124			
3790,625	0,266516983509064			3790,625	0,240649402141571					3790,625	0,241126522421837	3790,625	0,185383021831512					3790,625	0,0905108526349068	3790,625	-0,038100391626358					3790,625	-0,258468598127365	3790,625	-0,466345369815826			3790,625	0,149534970521927			3790,625	0,180350378155708					3790,625	0,198499217629433	3790,625	0,245798274874687					3790,625	0,303118973970413	3790,625	0,368814378976822					3790,625	0,433668911457062	3790,625	0,476879596710205			
3793,75	0,267499297857285			3793,75	0,240218579769135					3793,75	0,241525709629059	3793,75	0,186100050806999					3793,75	0,0920516550540924	3793,75	-0,0353080779314041					3793,75	-0,254683434963226	3793,75	-0,461258262395859			3793,75	0,15097850561142			3793,75	0,178609639406204					3793,75	0,196258962154388	3793,75	0,243778049945831					3793,75	0,301770031452179	3793,75	0,368090897798538					3793,75	0,434351086616516	3793,75	0,478720515966415			
3796,875	0,266187518835068			3796,875	0,239234089851379					3796,875	0,240356668829918	3796,875	0,184919834136963					3796,875	0,0911326855421066	3796,875	-0,0364955924451351					3796,875	-0,255019158124924	3796,875	-0,46165069937706			3796,875	0,151551648974419			3796,875	0,179532274603844					3796,875	0,197507739067078	3796,875	0,24447076022625					3796,875	0,302081018686295	3796,875	0,368045806884766					3796,875	0,433540374040604	3796,875	0,477849572896957			
3800	0,266675889492035			3800	0,23807455599308					3800	0,239106729626656	3800	0,184247866272926					3800	0,0913895145058632	3800	-0,0359180867671967					3800	-0,253272205591202	3800	-0,459103316068649			3800	0,147052600979805			3800	0,178979724645615					3800	0,196942210197449	3800	0,243694677948952					3800	0,301026701927185	3800	0,367140054702759					3800	0,433217614889145	3800	0,477793037891388			
3803,125	0,26616495847702			3803,125	0,239053040742874					3803,125	0,24040125310421	3803,125	0,185370624065399					3803,125	0,0922005325555801	3803,125	-0,0352802537381649					3803,125	-0,253274589776993	3803,125	-0,459499627351761			3803,125	0,148953884840012			3803,125	0,179266810417175					3803,125	0,197349682450294	3803,125	0,244471073150635					3803,125	0,302170664072037	3803,125	0,368897914886475					3803,125	0,435534328222275	3803,125	0,480559855699539			
3806,25	0,265526413917542			3806,25	0,239694774150848					3806,25	0,241121664643288	3806,25	0,186063423752785					3806,25	0,0924792066216469	3806,25	-0,0353763811290264					3806,25	-0,253989309072495	3806,25	-0,460530132055283			3806,25	0,149143204092979			3806,25	0,180515438318253					3806,25	0,198324412107468	3806,25	0,245779529213905					3806,25	0,303598701953888	3806,25	0,370638519525528					3806,25	0,437488615512848	3806,25	0,482729494571686			
3809,375	0,264646023511887			3809,375	0,238555461168289					3809,375	0,240257367491722	3809,375	0,185564458370209					3809,375	0,0932441353797913	3809,375	-0,0341567285358906					3809,375	-0,251899421215057	3809,375	-0,457924276590347			3809,375	0,148237481713295			3809,375	0,179622516036034					3809,375	0,197175800800323	3809,375	0,244465544819832					3809,375	0,302687436342239	3809,375	0,369780302047729					3809,375	0,437398046255112	3809,375	0,483412772417068			
3812,5	0,264117777347565			3812,5	0,238400772213936					3812,5	0,240089640021324	3812,5	0,185727789998055					3812,5	0,0937692746520042	3812,5	-0,0333179049193859					3812,5	-0,250250905752182	3812,5	-0,456037819385529			3812,5	0,148042872548103			3812,5	0,178916215896606					3812,5	0,196747183799744	3812,5	0,24362725019455					3812,5	0,301851272583008	3812,5	0,369192540645599					3812,5	0,437351942062378	3812,5	0,483759045600891			
3815,625	0,263477623462677			3815,625	0,237531647086143					3815,625	0,239137351512909	3815,625	0,185232535004616					3815,625	0,0934484824538231	3815,625	-0,0332780964672565					3815,625	-0,249402105808258	3815,625	-0,454523950815201			3815,625	0,148695066571236			3815,625	0,179169535636902					3815,625	0,196666359901428	3815,625	0,243556424975395					3815,625	0,301720857620239	3815,625	0,368702203035355					3815,625	0,43679404258728	3815,625	0,483233273029327			
3818,75	0,263854712247849			3818,75	0,238393887877464					3818,75	0,240377828478813	3818,75	0,186378464102745					3818,75	0,0942259132862091	3818,75	-0,0324405916035175					3818,75	-0,249221414327621	3818,75	-0,455178916454315			3818,75	0,14819110929966			3818,75	0,179498359560966					3818,75	0,197339355945587	3818,75	0,24448473751545					3818,75	0,303219050168991	3818,75	0,370558738708496					3818,75	0,439452648162842	3818,75	0,486326515674591			
3821,875	0,263199597597122			3821,875	0,237270370125771					3821,875	0,239585846662521	3821,875	0,18582309782505					3821,875	0,0938593596220016	3821,875	-0,0323449708521366					3821,875	-0,248137772083282	3821,875	-0,45351043343544			3821,875	0,147801443934441			3821,875	0,179372519254684					3821,875	0,197202131152153	3821,875	0,243933334946632					3821,875	0,302392184734344	3821,875	0,370030552148819					3821,875	0,43874192237854	3821,875	0,485922664403915			
3825	0,261815041303635			3825	0,236901164054871					3825	0,239420205354691	3825	0,18546736240387					3825	0,0935729742050171	3825	-0,0331524945795536					3825	-0,248966485261917	3825	-0,454302668571472			3825	0,147233307361603			3825	0,180619522929192					3825	0,198142498731613	3825	0,244730457663536					3825	0,30344220995903	3825	0,371008157730103					3825	0,439517468214035	3825	0,486523687839508			
3828,125	0,262392044067383			3828,125	0,237813279032707					3828,125	0,240188211202621	3828,125	0,187069162726402					3828,125	0,095577634871006	3828,125	-0,0313291475176811					3828,125	-0,246759608387947	3828,125	-0,452016562223434			3828,125	0,14826825261116			3828,125	0,179447919130325					3828,125	0,196894869208336	3828,125	0,243736878037453					3828,125	0,303564727306366	3828,125	0,371712177991867					3828,125	0,441656410694122	3828,125	0,490161389112473			
3831,25	0,262582272291183			3831,25	0,238135635852814					3831,25	0,240043625235558	3831,25	0,186988711357117					3831,25	0,0959664583206177	3831,25	-0,0305571369826794					3831,25	-0,246171817183495	3831,25	-0,451223909854889			3831,25	0,147904321551323			3831,25	0,179560095071793					3831,25	0,196659252047539	3831,25	0,243927225470543					3831,25	0,303856790065765	3831,25	0,371963053941727					3831,25	0,442226856946945	3831,25	0,490865558385849			
3834,375	0,261334449052811			3834,375	0,238294079899788					3834,375	0,240860551595688	3834,375	0,187903225421906					3834,375	0,0970981940627098	3834,375	-0,0295169204473495					3834,375	-0,244923159480095	3834,375	-0,45050635933876			3834,375	0,148030802607536			3834,375	0,179520130157471					3834,375	0,196686029434204	3834,375	0,243830308318138					3834,375	0,304215282201767	3834,375	0,372796088457108					3834,375	0,443805575370789	3834,375	0,493146955966949			
3837,5	0,26136526465416			3837,5	0,237842723727226					3837,5	0,240606725215912	3837,5	0,187838539481163					3837,5	0,0964256823062897	3837,5	-0,0301762856543064					3837,5	-0,245680525898933	3837,5	-0,451341927051544			3837,5	0,147360697388649			3837,5	0,180465400218964					3837,5	0,19797021150589	3837,5	0,24477156996727					3837,5	0,305006951093674	3837,5	0,373454809188843					3837,5	0,444239884614944	3837,5	0,493542045354843			
3840,625	0,261892974376678			3840,625	0,236642092466354					3840,625	0,239601820707321	3840,625	0,187044754624367					3840,625	0,0969522073864937	3840,625	-0,0286809299141169					3840,625	-0,243000611662865	3840,625	-0,447829246520996			3840,625	0,147224888205528			3840,625	0,179208904504776					3840,625	0,196488544344902	3840,625	0,243513971567154					3840,625	0,304077625274658	3840,625	0,372417807579041					3840,625	0,443701148033142	3840,625	0,494048595428467			
3843,75	0,260435909032822			3843,75	0,235467255115509					3843,75	0,238673314452171	3843,75	0,186180621385574					3843,75	0,0969930961728096	3843,75	-0,0284744147211313					3843,75	-0,241969481110573	3843,75	-0,446287542581558			3843,75	0,147011369466782			3843,75	0,178859233856201					3843,75	0,196100130677223	3843,75	0,242758139967918					3843,75	0,30321392416954	3843,75	0,371751666069031					3843,75	0,443060487508774	3843,75	0,493575423955917			
3846,875	0,260113954544067			3846,875	0,236731812357903					3846,875	0,240179181098938	3846,875	0,188029870390892					3846,875	0,0987408608198166	3846,875	-0,027108570560813					3846,875	-0,240538731217384	3846,875	-0,445153474807739			3846,875	0,147219210863113			3846,875	0,178369238972664					3846,875	0,195736035704613	3846,875	0,242596492171288					3846,875	0,303644388914108	3846,875	0,372743666172028					3846,875	0,445396572351456	3846,875	0,496566861867905			
3850	0,260655581951141			3850	0,236296787858009					3850	0,239539757370949	3850	0,187302470207214					3850	0,0982740893959999	3850	-0,0275600515305996					3850	-0,24070417881012	3850	-0,445139735937119			3850	0,146535933017731			3850	0,178864181041718					3850	0,196311429142952	3850	0,242938488721848					3850	0,303924888372421	3850	0,372929930686951					3850	0,445409268140793	3850	0,496425300836563			
3853,125	0,261364728212357			3853,125	0,23611906170845					3853,125	0,238941252231598	3853,125	0,187299653887749					3853,125	0,0980782806873322	3853,125	-0,0274248141795397					3853,125	-0,240330964326859	3853,125	-0,444967150688171			3853,125	0,147114157676697			3853,125	0,179090991616249					3853,125	0,196588084101677	3853,125	0,243122383952141					3853,125	0,304239541292191	3853,125	0,373352080583572					3853,125	0,445878684520721	3853,125	0,497368216514587			
3856,25	0,260777860879898			3856,25	0,237201884388924					3856,25	0,240271285176277	3856,25	0,188864380121231					3856,25	0,0993620827794075	3856,25	-0,0262466780841351					3856,25	-0,239606648683548	3856,25	-0,444597542285919			3856,25	0,147349715232849			3856,25	0,179384216666222					3856,25	0,196712806820869	3856,25	0,243668287992477					3856,25	0,305419772863388	3856,25	0,375009089708328					3856,25	0,448386698961258	3856,25	0,500575065612793			
3859,375	0,260100334882736			3859,375	0,235792055726051					3859,375	0,239748522639275	3859,375	0,188137948513031					3859,375	0,0996703058481216	3859,375	-0,0260023940354586					3859,375	-0,238231897354126	3859,375	-0,442336291074753			3859,375	0,147379502654076			3859,375	0,178841933608055					3859,375	0,196250542998314	3859,375	0,242808252573013					3859,375	0,304550230503082	3859,375	0,373894155025482					3859,375	0,447641879320145	3859,375	0,4994997382164			
3862,5	0,259852588176727			3862,5	0,235427662730217					3862,5	0,239238917827606	3862,5	0,188364118337631					3862,5	0,100529581308365	3862,5	-0,0243116747587919					3862,5	-0,235578432679176	3862,5	-0,439203500747681			3862,5	0,146377369761467			3862,5	0,177640214562416					3862,5	0,194894134998322	3862,5	0,241722300648689					3862,5	0,303492069244385	3862,5	0,373446613550186					3862,5	0,447774559259415	3862,5	0,501250088214874			
3865,625	0,259841769933701			3865,625	0,23592746257782					3865,625	0,239573419094086	3865,625	0,187875136733055					3865,625	0,100405819714069	3865,625	-0,0249163433909416					3865,625	-0,236429840326309	3865,625	-0,440656572580338			3865,625	0,14692959189415			3865,625	0,179404586553574					3865,625	0,19654706120491	3865,625	0,243302047252655					3865,625	0,305089294910431	3865,625	0,374991416931152					3865,625	0,449366480112076	3865,625	0,502660632133484			
3868,75	0,258900225162506			3868,75	0,235441863536835					3868,75	0,239154726266861	3868,75	0,188035756349564					3868,75	0,100713722407818	3868,75	-0,0246884003281593					3868,75	-0,236112356185913	3868,75	-0,440316021442413			3868,75	0,147364601492882			3868,75	0,179423525929451					3868,75	0,196683466434479	3868,75	0,243291795253754					3868,75	0,305353403091431	3868,75	0,375177472829819					3868,75	0,449865877628326	3868,75	0,503151476383209			
3871,875	0,257642775774002			3871,875	0,234338253736496					3871,875	0,238636434078217	3871,875	0,18772728741169					3871,875	0,101400077342987	3871,875	-0,0235173478722572					3871,875	-0,234133377671242	3871,875	-0,437502801418304			3871,875	0,145188972353935			3871,875	0,178272306919098					3871,875	0,195606827735901	3871,875	0,242073446512222					3871,875	0,304034322500229	3871,875	0,374203681945801					3871,875	0,449587047100067	3871,875	0,503671050071716			
3875	0,258219391107559			3875	0,234031289815903					3875	0,238196134567261	3875	0,187950074672699					3875	0,101685762405396	3875	-0,022925853729248					3875	-0,233721926808357	3875	-0,437179952859879			3875	0,145734325051308			3875	0,17824687063694					3875	0,195471286773682	3875	0,242004409432411					3875	0,30423903465271	3875	0,374520510435104					3875	0,450006991624832	3875	0,504313230514526			
3878,125	0,257883787155151			3878,125	0,235601887106895					3878,125	0,239800751209259	3878,125	0,189193293452263					3878,125	0,102827414870262	3878,125	-0,0220285933464766					3878,125	-0,233183369040489	3878,125	-0,43745231628418			3878,125	0,146050721406937			3878,125	0,179114580154419					3878,125	0,195908591151237	3878,125	0,242329403758049					3878,125	0,305323123931885	3878,125	0,376160860061646					3878,125	0,452577859163284	3878,125	0,507499754428864			
3881,25	0,257076054811478			3881,25	0,235041320323944					3881,25	0,238822609186172	3881,25	0,188696950674057					3881,25	0,103123724460602	3881,25	-0,0216935593634844					3881,25	-0,231977134943008	3881,25	-0,435435444116592			3881,25	0,145300164818764			3881,25	0,178771987557411					3881,25	0,195591911673546	3881,25	0,241825774312019					3881,25	0,304503321647644	3881,25	0,37547492980957					3881,25	0,45218101143837	3881,25	0,507695913314819			
3884,375	0,255524605512619			3884,375	0,235728815197945					3884,375	0,240623295307159	3884,375	0,190496414899826					3884,375	0,105279520153999	3884,375	-0,0198854822665453					3884,375	-0,229563057422638	3884,375	-0,433248728513718			3884,375	0,144682079553604			3884,375	0,17740435898304					3884,375	0,193968415260315	3884,375	0,241174399852753					3884,375	0,304597437381744	3884,375	0,376337379217148					3884,375	0,454129427671433	3884,375	0,510396897792816			
3887,5	0,25684067606926			3887,5	0,234866246581078					3887,5	0,239748626947403	3887,5	0,189659535884857					3887,5	0,104515701532364	3887,5	-0,0204173382371664					3887,5	-0,230378851294518	3887,5	-0,433600336313248			3887,5	0,144569650292397			3887,5	0,178235664963722					3887,5	0,195245966315269	3887,5	0,241342663764954					3887,5	0,305163323879242	3887,5	0,376828342676163					3887,5	0,453967332839966	3887,5	0,510061800479889			
3890,625	0,255957782268524			3890,625	0,23460428416729					3890,625	0,239492192864418	3890,625	0,189497485756874					3890,625	0,104795709252357	3890,625	-0,0195051003247499					3890,625	-0,22918327152729	3890,625	-0,43228554725647			3890,625	0,144904285669327			3890,625	0,177860543131828					3890,625	0,194680973887444	3890,625	0,241160735487938					3890,625	0,304876446723938	3890,625	0,376819431781769					3890,625	0,454302400350571	3890,625	0,510990142822266			
3893,75	0,256349802017212			3893,75	0,235404953360558					3893,75	0,240493640303612	3893,75	0,190809532999992					3893,75	0,105415187776089	3893,75	-0,0194680392742157					3893,75	-0,229028835892677	3893,75	-0,432729452848434			3893,75	0,145332023501396			3893,75	0,178554385900497					3893,75	0,19567297399044	3893,75	0,242370799183846					3893,75	0,306107968091965	3893,75	0,378147333860397					3893,75	0,456749081611633	3893,75	0,513893961906433			
3896,875	0,254071980714798			3896,875	0,234691694378853					3896,875	0,23975658416748	3896,875	0,190696507692337					3896,875	0,106236636638641	3896,875	-0,018198948353529					3896,875	-0,227018132805824	3896,875	-0,430070549249649			3896,875	0,145574316382408			3896,875	0,177427768707275					3896,875	0,194750785827637	3896,875	0,241143405437469					3896,875	0,305178970098495	3896,875	0,377537846565247					3896,875	0,456913679838181	3896,875	0,514519572257996			
3900	0,254029870033264			3900	0,234700605273247					3900	0,239871427416801	3900	0,190629228949547					3900	0,106090188026428	3900	-0,0183312781155109					3900	-0,227675512433052	3900	-0,431280851364136			3900	0,143875628709793			3900	0,178483992815018					3900	0,195637956261635	3900	0,242205917835236					3900	0,306499004364014	3900	0,378913253545761					3900	0,458172172307968	3900	0,515643239021301			
3903,125	0,25473341345787			3903,125	0,234485894441605					3903,125	0,239504858851433	3903,125	0,190579980611801					3903,125	0,106273055076599	3903,125	-0,0181042496114969					3903,125	-0,226550281047821	3903,125	-0,429896920919418			3903,125	0,14557372033596			3903,125	0,17807811498642					3903,125	0,19566510617733	3903,125	0,242075219750404					3903,125	0,306358188390732	3903,125	0,37844318151474					3903,125	0,457927525043488	3903,125	0,51597273349762			
3906,25	0,254252582788467			3906,25	0,234938070178032					3906,25	0,239966168999672	3906,25	0,191165372729301					3906,25	0,107813827693462	3906,25	-0,0162195097655058					3906,25	-0,224116399884224	3906,25	-0,42708757519722			3906,25	0,145071685314178			3906,25	0,177482306957245					3906,25	0,194739684462547	3906,25	0,241226747632027					3906,25	0,305528908967972	3906,25	0,377984374761581					3906,25	0,458239555358887	3906,25	0,517420947551727			
3909,375	0,253919214010239			3909,375	0,234271034598351					3909,375	0,239537164568901	3909,375	0,190898105502129					3909,375	0,107411354780197	3909,375	-0,0164943356066942					3909,375	-0,224634766578674	3909,375	-0,427738159894943			3909,375	0,144833967089653			3909,375	0,178095191717148					3909,375	0,194994494318962	3909,375	0,241436466574669					3909,375	0,305816799402237	3909,375	0,378664553165436					3909,375	0,458915293216705	3909,375	0,51776123046875			
3912,5	0,253848195075989			3912,5	0,233434587717056					3912,5	0,238949000835419	3912,5	0,190636873245239					3912,5	0,107021480798721	3912,5	-0,0166617128998041					3912,5	-0,224428877234459	3912,5	-0,427082091569901			3912,5	0,145444259047508			3912,5	0,178481057286263					3912,5	0,1949832290411	3912,5	0,2414580732584					3912,5	0,305976271629334	3912,5	0,379319876432419					3912,5	0,459145665168762	3912,5	0,517779350280762			
3915,625	0,252708047628403			3915,625	0,234114840626717					3915,625	0,240577876567841	3915,625	0,192483127117157					3915,625	0,109589323401451	3915,625	-0,0141457440331578					3915,625	-0,220758050680161	3915,625	-0,423343539237976			3915,625	0,145074024796486			3915,625	0,176907673478127					3915,625	0,193936198949814	3915,625	0,240581721067429					3915,625	0,305801212787628	3915,625	0,379592686891556					3915,625	0,460704416036606	3915,625	0,521570444107056			
3918,75	0,253547877073288			3918,75	0,231875687837601					3918,75	0,23807866871357	3918,75	0,190019384026527					3918,75	0,107031770050526	3918,75	-0,0169249400496483					3918,75	-0,223594397306442	3918,75	-0,426345854997635			3918,75	0,143843084573746			3918,75	0,179328009486198					3918,75	0,195863381028175	3918,75	0,242094099521637					3918,75	0,30660355091095	3918,75	0,379094839096069					3918,75	0,458925038576126	3918,75	0,51851224899292			
3921,875	0,252779245376587			3921,875	0,233963325619698					3921,875	0,241047486662865	3921,875	0,19310399889946					3921,875	0,112039916217327	3921,875	-0,0112753240391612					3921,875	-0,21730200946331	3921,875	-0,419715166091919			3921,875	0,144661799073219			3921,875	0,175798133015633					3921,875	0,192337602376938	3921,875	0,238519191741943					3921,875	0,305462509393692	3921,875	0,379317343235016					3921,875	0,462759584188461	3921,875	0,524866878986359			
3925	0,252585172653198			3925	0,231141522526741					3925	0,238501310348511	3925	0,19091759622097					3925	0,109418816864491	3925	-0,0134876128286123					3925	-0,218740403652191	3925	-0,420200020074844			3925	0,144091457128525			3925	0,176371529698372					3925	0,193600118160248	3925	0,239273592829704					3925	0,304609209299088	3925	0,378396451473236					3925	0,459694266319275	3925	0,521059334278107			
3928,125	0,25174206495285			3928,125	0,231791809201241					3928,125	0,238097131252289	3928,125	0,191202506422997					3928,125	0,110015720129013	3928,125	-0,012775513343513					3928,125	-0,217193067073822	3928,125	-0,418339878320694			3928,125	0,143605008721352			3928,125	0,176345750689507					3928,125	0,193126663565636	3928,125	0,239172592759132					3928,125	0,30474653840065	3928,125	0,378167659044266					3928,125	0,460079044103622	3928,125	0,52227246761322			
3931,25	0,25150853395462			3931,25	0,230727866292					3931,25	0,23703795671463	3931,25	0,189909711480141					3931,25	0,108456589281559	3931,25	-0,0144625790417194					3931,25	-0,219661504030228	3931,25	-0,421292811632156			3931,25	0,143553704023361			3931,25	0,178437307476997					3931,25	0,194904431700706	3931,25	0,240930199623108					3931,25	0,306371301412582	3931,25	0,379033535718918					3931,25	0,46002596616745	3931,25	0,521317780017853			
3934,375	0,250477075576782			3934,375	0,231245160102844					3934,375	0,237945273518562	3934,375	0,191180244088173					3934,375	0,109987571835518	3934,375	-0,0130317071452737					3934,375	-0,218277558684349	3934,375	-0,420281201601028			3934,375	0,142953425645828			3934,375	0,177685856819153					3934,375	0,194829657673836	3934,375	0,240257114171982					3934,375	0,306557863950729	3934,375	0,379705458879471					3934,375	0,461386740207672	3934,375	0,523788034915924			
3937,5	0,250977098941803			3937,5	0,231701955199242					3937,5	0,238622978329659	3937,5	0,191913813352585					3937,5	0,111575208604336	3937,5	-0,0114020220935345					3937,5	-0,215524926781654	3937,5	-0,416781544685364			3937,5	0,142544612288475			3937,5	0,176711201667786					3937,5	0,193992435932159	3937,5	0,239141508936882					3937,5	0,305908739566803	3937,5	0,380013823509216					3937,5	0,462289094924927	3937,5	0,525910913944244			
3940,625	0,250761687755585			3940,625	0,231651067733765					3940,625	0,238692402839661	3940,625	0,19191400706768					3940,625	0,111434951424599	3940,625	-0,0116359628736973					3940,625	-0,21558453142643	3940,625	-0,417033970355988			3940,625	0,143003061413765			3940,625	0,177170947194099					3940,625	0,19443416595459	3940,625	0,239906579256058					3940,625	0,306916028261185	3940,625	0,381043016910553					3940,625	0,463250815868378	3940,625	0,52692049741745			
3943,75	0,250340074300766			3943,75	0,231230884790421					3943,75	0,238053262233734	3943,75	0,19161681830883					3943,75	0,111084468662739	3943,75	-0,0119992606341839					3943,75	-0,216193810105324	3943,75	-0,417738616466522			3943,75	0,143741086125374			3943,75	0,177869588136673					3943,75	0,195291727781296	3943,75	0,240497127175331					3943,75	0,30775973200798	3943,75	0,381087839603424					3943,75	0,463194310665131	3943,75	0,526440441608429			
3946,875	0,249678015708923			3946,875	0,230551213026047					3946,875	0,237568482756615	3946,875	0,191944539546967					3946,875	0,112217120826244	3946,875	-0,0103649962693453					3946,875	-0,213744565844536	3946,875	-0,414824277162552			3946,875	0,1431914716959			3946,875	0,17631584405899					3946,875	0,193742573261261	3946,875	0,23927403986454					3946,875	0,306334912776947	3946,875	0,380078285932541					3946,875	0,463309347629547	3946,875	0,527702391147614			
3950	0,249996572732925			3950	0,229932248592377					3950	0,236897021532059	3950	0,19123587012291					3950	0,112397342920303	3950	-0,00944556016474962					3950	-0,211693912744522	3950	-0,412166744470596			3950	0,143512919545174			3950	0,175492957234383					3950	0,192184925079346	3950	0,237903714179993					3950	0,305237799882889	3950	0,379107922315598					3950	0,462691843509674	3950	0,528294026851654			
3953,125	0,250077128410339			3953,125	0,230151176452637					3953,125	0,23777773976326	3953,125	0,19135494530201					3953,125	0,113132260739803	3953,125	-0,00864123925566673					3953,125	-0,211123362183571	3953,125	-0,4118971824646			3953,125	0,142928153276443			3953,125	0,175745069980621					3953,125	0,19251461327076	3953,125	0,238375708460808					3953,125	0,305754661560059	3953,125	0,380016833543777					3953,125	0,463554233312607	3953,125	0,529552936553955			
3956,25	0,24968546628952			3956,25	0,229648858308792					3956,25	0,237332344055176	3956,25	0,190791383385658					3956,25	0,112820699810982	3956,25	-0,00906943716108799					3956,25	-0,211340889334679	3956,25	-0,411754846572876			3956,25	0,141821965575218			3956,25	0,176175460219383					3956,25	0,193942978978157	3956,25	0,238778859376907					3956,25	0,30634418129921	3956,25	0,380435705184937					3956,25	0,463713794946671	3956,25	0,529838919639587			
3959,375	0,249592646956444			3959,375	0,228817522525787					3959,375	0,236123442649841	3959,375	0,190568774938583					3959,375	0,113061100244522	3959,375	-0,00849966332316399					3959,375	-0,209310933947563	3959,375	-0,408883363008499			3959,375	0,142681986093521			3959,375	0,175163194537163					3959,375	0,192978665232658	3959,375	0,237346857786179					3959,375	0,304509043693542	3959,375	0,378713637590408					3959,375	0,462564140558243	3959,375	0,529352903366089			
3962,5	0,248404458165169			3962,5	0,229574233293533					3962,5	0,237758547067642	3962,5	0,191854849457741					3962,5	0,115267440676689	3962,5	-0,00680634519085288					3962,5	-0,208283647894859	3962,5	-0,408712953329086			3962,5	0,143657460808754			3962,5	0,174806743860245					3962,5	0,192118704319	3962,5	0,237267717719078					3962,5	0,305596202611923	3962,5	0,380189001560211					3962,5	0,465088486671448	3962,5	0,533214271068573			
3965,625	0,249213844537735			3965,625	0,229948550462723					3965,625	0,238285779953003	3965,625	0,192210271954536					3965,625	0,114934355020523	3965,625	-0,00782597158104181					3965,625	-0,210135579109192	3965,625	-0,411762684583664			3965,625	0,14215612411499			3965,625	0,176514253020287					3965,625	0,193796098232269	3965,625	0,238581910729408					3965,625	0,307932317256927	3965,625	0,382150411605835					3965,625	0,46642604470253	3965,625	0,53429788351059			
3968,75	0,248116999864578			3968,75	0,229894742369652					3968,75	0,238308966159821	3968,75	0,192511886358261					3968,75	0,11570592969656	3968,75	-0,00694600911810994					3968,75	-0,208663687109947	3968,75	-0,410326808691025			3968,75	0,14222814142704			3968,75	0,176342710852623					3968,75	0,19344836473465	3968,75	0,238704144954681					3968,75	0,307939112186432	3968,75	0,382452547550201					3968,75	0,466836035251617	3968,75	0,535753071308136			
3971,875	0,247518688440323			3971,875	0,230086803436279					3971,875	0,238228321075439	3971,875	0,192801386117935					3971,875	0,117463938891888	3971,875	-0,00508967554196715					3971,875	-0,207136288285255	3971,875	-0,408582150936127			3971,875	0,142312183976173			3971,875	0,175516128540039					3971,875	0,192892849445343	3971,875	0,238566130399704					3971,875	0,307061493396759	3971,875	0,382866144180298					3971,875	0,468242824077606	3971,875	0,538507521152496			
3975	0,247681796550751			3975	0,231174200773239					3975	0,240170672535896	3975	0,194682955741882					3975	0,119462817907333	3975	-0,00298217451199889					3975	-0,204806491732597	3975	-0,40592297911644			3975	0,141816690564156			3975	0,174911350011826					3975	0,192070320248604	3975	0,237589180469513					3975	0,307627499103546	3975	0,383318156003952					3975	0,470282793045044	3975	0,541885614395142			
3978,125	0,246721178293228			3978,125	0,229850947856903					3978,125	0,238487660884857	3978,125	0,193636059761047					3978,125	0,118139214813709	3978,125	-0,00398593721911311					3978,125	-0,204869017004967	3978,125	-0,404703408479691			3978,125	0,141657844185829			3978,125	0,174877509474754					3978,125	0,192325681447983	3978,125	0,237127348780632					3978,125	0,307013362646103	3978,125	0,382137656211853					3978,125	0,468142777681351	3978,125	0,539293527603149			
3981,25	0,247112408280373			3981,25	0,228370204567909					3981,25	0,236497431993484	3981,25	0,191539168357849					3981,25	0,116681903600693	3981,25	-0,00526396697387099					3981,25	-0,205545157194138	3981,25	-0,404334485530853			3981,25	0,142674967646599			3981,25	0,175081431865692					3981,25	0,193050712347031	3981,25	0,237096443772316					3981,25	0,306205689907074	3981,25	0,381252259016037					3981,25	0,465824604034424	3981,25	0,536443293094635			
3984,375	0,248233079910278			3984,375	0,22769159078598					3984,375	0,236523851752281	3984,375	0,191549435257912					3984,375	0,11766792088747	3984,375	-0,00474114529788494					3984,375	-0,204413369297981	3984,375	-0,402429014444351			3984,375	0,140907928347588			3984,375	0,174516081809998					3984,375	0,191856756806374	3984,375	0,236249223351479					3984,375	0,305727034807205	3984,375	0,380381286144257					3984,375	0,465680330991745	3984,375	0,537008166313171			
3987,5	0,24751053750515			3987,5	0,227795198559761					3987,5	0,237036406993866	3987,5	0,191947430372238					3987,5	0,118150718510151	3987,5	-0,00425788201391697					3987,5	-0,205112650990486	3987,5	-0,403359264135361			3987,5	0,140763774514198			3987,5	0,175382614135742					3987,5	0,192750662565231	3987,5	0,237483635544777					3987,5	0,307398974895477	3987,5	0,38167679309845					3987,5	0,466493248939514	3987,5	0,538042664527893			
3990,625	0,247286021709442			3990,625	0,228910207748413					3990,625	0,238559022545815	3990,625	0,19343826174736					3990,625	0,119953893125057	3990,625	-0,00254305475391448					3990,625	-0,203349903225899	3990,625	-0,400831758975983			3990,625	0,141387537121773			3990,625	0,174926936626434					3990,625	0,192665234208107	3990,625	0,237147212028503					3990,625	0,307679712772369	3990,625	0,382981985807419					3990,625	0,468616962432861	3990,625	0,541551768779755			
3993,75	0,246576696634293			3993,75	0,228345334529877					3993,75	0,238028153777122	3993,75	0,192827016115189					3993,75	0,119949288666248	3993,75	-0,00302891782484949					3993,75	-0,20364060997963	3993,75	-0,401371419429779			3993,75	0,142035692930222			3993,75	0,17523592710495					3993,75	0,192640796303749	3993,75	0,237201377749443					3993,75	0,307874888181686	3993,75	0,383273631334305					3993,75	0,469332337379456	3993,75	0,542122304439545			
3996,875	0,245822042226791			3996,875	0,228306770324707					3996,875	0,238418504595757	3996,875	0,193452507257462					3996,875	0,120732165873051	3996,875	-0,00235647801309824					3996,875	-0,203339353203773	3996,875	-0,401448905467987			3996,875	0,140974774956703			3996,875	0,175272017717361					3996,875	0,192518189549446	3996,875	0,237184450030327					3996,875	0,308409124612808	3996,875	0,384021311998367					3996,875	0,470952093601227	3996,875	0,544344961643219			
4000	0,246590167284012			4000	0,229975953698158					4000	0,240634545683861	4000	0,195508509874344					4000	0,123380683362484	4000	0,000131130786030553					4000	-0,201888874173164	4000	-0,400780975818634			4000	0,140566751360893			4000	0,175150498747826					4000	0,193102702498436	4000	0,237422555685043					4000	0,309641659259796	4000	0,386376857757568					4000	0,474605768918991	4000	0,549466073513031			
4003,125	0,245318114757538			4003,125	0,228568583726883					4003,125	0,23980014026165	4003,125	0,194242224097252					4003,125	0,123514652252197	4003,125	-1,84327132046747E-06					4003,125	-0,201135620474815	4003,125	-0,398574084043503			4003,125	0,140788391232491			4003,125	0,17476549744606					4003,125	0,192440524697304	4003,125	0,236993357539177					4003,125	0,308768004179001	4003,125	0,385056674480438					4003,125	0,473280012607574	4003,125	0,548391819000244			
4006,25	0,246662244200706			4006,25	0,22796705365181					4006,25	0,239094585180283	4006,25	0,194239482283592					4006,25	0,123380534350872	4006,25	-0,000340728089213371					4006,25	-0,200626775622368	4006,25	-0,397556483745575			4006,25	0,140355587005615			4006,25	0,174527779221535					4006,25	0,191895723342896	4006,25	0,236755475401878					4006,25	0,308031678199768	4006,25	0,384999126195908					4006,25	0,472485899925232	4006,25	0,548094868659973			
4009,375	0,246141284704208			4009,375	0,227355644106865					4009,375	0,238687127828598	4009,375	0,194353088736534					4009,375	0,123976156115532	4009,375	0,000476189015898854					4009,375	-0,199724033474922	4009,375	-0,395974636077881			4009,375	0,139949694275856			4009,375	0,174178034067154					4009,375	0,191677644848824	4009,375	0,236129805445671					4009,375	0,307357519865036	4009,375	0,384689956903458					4009,375	0,472451776266098	4009,375	0,548133790493011			
4012,5	0,246167495846748			4012,5	0,227295145392418					4012,5	0,238960146903992	4012,5	0,19425792992115					4012,5	0,124426774680614	4012,5	0,000601755280513316					4012,5	-0,199969366192818	4012,5	-0,396073371171951			4012,5	0,140454471111298			4012,5	0,175318643450737					4012,5	0,192184701561928	4012,5	0,236931398510933					4012,5	0,308160573244095	4012,5	0,385080754756927					4012,5	0,473355084657669	4012,5	0,549307286739349			
4015,625	0,24554754793644			4015,625	0,228174149990082					4015,625	0,239281073212624	4015,625	0,194677770137787					4015,625	0,125412553548813	4015,625	0,00105164956767112					4015,625	-0,199194028973579	4015,625	-0,39514371752739			4015,625	0,139593452215195			4015,625	0,175371944904327					4015,625	0,192034333944321	4015,625	0,23665814101696					4015,625	0,308439195156097	4015,625	0,385926485061646					4015,625	0,474522233009338	4015,625	0,551165163516998			
4018,75	0,245169132947922			4018,75	0,227977007627487					4018,75	0,239585995674133	4018,75	0,194424390792847					4018,75	0,125857472419739	4018,75	0,00199710647575557					4018,75	-0,198378950357437	4018,75	-0,393937051296234			4018,75	0,140839174389839			4018,75	0,174477338790894					4018,75	0,191384926438332	4018,75	0,236486241221428					4018,75	0,308366775512695	4018,75	0,386883288621902					4018,75	0,475278735160828	4018,75	0,552741706371307			
4021,875	0,245210081338882			4021,875	0,227524116635323					4021,875	0,239300265908241	4021,875	0,194993391633034					4021,875	0,126673847436905	4021,875	0,00353355496190488					4021,875	-0,197296068072319	4021,875	-0,392818599939346			4021,875	0,138645395636559			4021,875	0,173744082450867					4021,875	0,190871402621269	4021,875	0,236199721693993					4021,875	0,308165818452835	4021,875	0,387028008699417					4021,875	0,475984364748001	4021,875	0,554169774055481			
4025	0,245100781321526			4025	0,227521255612373					4025	0,239538922905922	4025	0,195355534553528					4025	0,127608150243759	4025	0,00408834870904684					4025	-0,196426704525948	4025	-0,391844779253006			4025	0,13915254175663			4025	0,174283146858215					4025	0,191006228327751	4025	0,236121311783791					4025	0,308419913053513	4025	0,387432456016541					4025	0,477013438940048	4025	0,555284678936005			
4028,125	0,246150642633438			4028,125	0,225385904312134					4028,125	0,238219752907753	4028,125	0,193663388490677					4028,125	0,126137718558311	4028,125	0,00225857808254659					4028,125	-0,197621867060661	4028,125	-0,392550021409988			4028,125	0,139270797371864			4028,125	0,175045594573021					4028,125	0,192024767398834	4028,125	0,236216634511948					4028,125	0,30778306722641	4028,125	0,386974185705185					4028,125	0,475410044193268	4028,125	0,552320003509521			
4031,25	0,245127320289612			4031,25	0,225560635328293					4031,25	0,238737255334854	4031,25	0,195160552859306					4031,25	0,128482148051262	4031,25	0,00589766493067145					4031,25	-0,193255171179771	4031,25	-0,386425733566284			4031,25	0,139160722494125			4031,25	0,172954067587852					4031,25	0,188915893435478	4031,25	0,233280599117279					4031,25	0,3050237596035	4031,25	0,384710043668747					4031,25	0,474400907754898	4031,25	0,55290824174881			
4034,375	0,244393393397331			4034,375	0,225909143686295					4034,375	0,239019066095352	4034,375	0,194736763834953					4034,375	0,128846257925034	4034,375	0,00629167584702373					4034,375	-0,193243131041527	4034,375	-0,386617809534073			4034,375	0,137618616223335			4034,375	0,17303766310215					4034,375	0,189145937561989	4034,375	0,234258413314819					4034,375	0,306363761425018	4034,375	0,385640442371368					4034,375	0,47601243853569	4034,375	0,554927885532379			
4037,5	0,243701130151749			4037,5	0,226912066340446					4037,5	0,240454450249672	4037,5	0,196234434843063					4037,5	0,130101069808006	4037,5	0,00688180606812239					4037,5	-0,194031849503517	4037,5	-0,388236105442047			4037,5	0,138584464788437			4037,5	0,173997938632965					4037,5	0,190197870135307	4037,5	0,235690891742706					4037,5	0,308213651180267	4037,5	0,387456297874451					4037,5	0,478998064994812	4037,5	0,558445274829865			
4040,625	0,243573799729347			4040,625	0,223577901721001					4040,625	0,236879572272301	4040,625	0,19361500442028					4040,625	0,127934977412224	4040,625	0,00630902219563723					4040,625	-0,192804172635078	4040,625	-0,384252071380615			4040,625	0,1383907943964			4040,625	0,172347694635391					4040,625	0,188194125890732	4040,625	0,233087107539177					4040,625	0,304942488670349	4040,625	0,383107990026474					4040,625	0,473645448684692	4040,625	0,552627444267273			
4043,75	0,24322335422039			4043,75	0,22454035282135					4043,75	0,238424345850945	4043,75	0,194973737001419					4043,75	0,130133420228958	4043,75	0,00785646867007017					4043,75	-0,191185563802719	4043,75	-0,383385568857193			4043,75	0,137649908661842			4043,75	0,172501385211945					4043,75	0,188327774405479	4043,75	0,233097448945045					4043,75	0,305357933044434	4043,75	0,384598255157471					4043,75	0,476271033287048	4043,75	0,557076156139374			
4046,875	0,244974434375763			4046,875	0,224646270275116					4046,875	0,238145515322685	4046,875	0,194704130291939					4046,875	0,131532594561577	4046,875	0,00918452348560095					4046,875	-0,190373510122299	4046,875	-0,381724625825882			4046,875	0,13905693590641			4046,875	0,172491014003754					4046,875	0,187536001205444	4046,875	0,232417821884155					4046,875	0,304358333349228	4046,875	0,384845852851868					4046,875	0,476810425519943	4046,875	0,558095037937164			
4050	0,244754776358604			4050	0,224419385194778					4050	0,238296121358871	4050	0,194531619548798					4050	0,131781250238419	4050	0,00979626271873713					4050	-0,188896894454956	4050	-0,37926259636879			4050	0,138458698987961			4050	0,172034114599228					4050	0,186686873435974	4050	0,231704890727997					4050	0,304307818412781	4050	0,38433638215065					4050	0,476506263017654	4050	0,55811083316803			
4053,125	0,244464129209518			4053,125	0,224395349621773					4053,125	0,237931862473488	4053,125	0,194424331188202					4053,125	0,131202578544617	4053,125	0,00803731754422188					4053,125	-0,191212624311447	4053,125	-0,381775885820389			4053,125	0,138937935233116			4053,125	0,17306362092495					4053,125	0,188341870903969	4053,125	0,233445927500725					4053,125	0,305586189031601	4053,125	0,385174840688705					4053,125	0,477981984615326	4053,125	0,559221148490906			
4056,25	0,24339385330677			4056,25	0,224869415163994					4056,25	0,238574400544167	4056,25	0,195722371339798					4056,25	0,133415088057518	4056,25	0,0108154024928808					4056,25	-0,188452437520027	4056,25	-0,379114836454391			4056,25	0,137488767504692			4056,25	0,17209330201149					4056,25	0,186869606375694	4056,25	0,232345044612885					4056,25	0,304634153842926	4056,25	0,385937064886093					4056,25	0,479529708623886	4056,25	0,561737298965454			
4059,375	0,243246749043465			4059,375	0,223819255828857					4059,375	0,237471610307693	4059,375	0,194631218910217					4059,375	0,131698057055473	4059,375	0,00913698319345713					4059,375	-0,190089955925941	4059,375	-0,381001532077789			4059,375	0,135592713952065			4059,375	0,173173233866692					4059,375	0,188094675540924	4059,375	0,233681738376617					4059,375	0,304884314537048	4059,375	0,38592591881752					4059,375	0,479021281003952	4059,375	0,559845387935638			
4062,5	0,244320601224899			4062,5	0,223159506917					4062,5	0,23659884929657	4062,5	0,194343149662018					4062,5	0,132691964507103	4062,5	0,010849948041141					4062,5	-0,186980739235878	4062,5	-0,375966280698776			4062,5	0,136700302362442			4062,5	0,171386823058128					4062,5	0,186163127422333	4062,5	0,231711372733116					4062,5	0,302145093679428	4062,5	0,383527010679245					4062,5	0,47729703783989	4062,5	0,558701276779175			
4065,625	0,242573097348213			4065,625	0,22364054620266					4065,625	0,237529024481773	4065,625	0,195720210671425					4065,625	0,134393274784088	4065,625	0,0119406497105956					4065,625	-0,186629056930542	4065,625	-0,37579345703125			4065,625	0,136552944779396			4065,625	0,17215096950531					4065,625	0,186887696385384	4065,625	0,232085078954697					4065,625	0,303464829921722	4065,625	0,385714292526245					4065,625	0,480367511510849	4065,625	0,563099145889282			
4068,75	0,243258446455002			4068,75	0,22290600836277					4068,75	0,237385138869286	4068,75	0,195325210690498					4068,75	0,13430055975914	4068,75	0,0121090561151505					4068,75	-0,186778172850609	4068,75	-0,375809133052826			4068,75	0,136000826954842			4068,75	0,172349140048027					4068,75	0,187056884169579	4068,75	0,231640979647636					4068,75	0,303254097700119	4068,75	0,385405838489532					4068,75	0,480360627174377	4068,75	0,562372267246246			
4071,875	0,24285663664341			4071,875	0,222106069326401					4071,875	0,237282902002335	4071,875	0,194612801074982					4071,875	0,133948311209679	4071,875	0,0121869258582592					4071,875	-0,185863122344017	4071,875	-0,373719990253448			4071,875	0,1365827023983			4071,875	0,172203183174133					4071,875	0,18644355237484	4071,875	0,23084282875061					4071,875	0,301964730024338	4071,875	0,384794414043427					4071,875	0,479924857616425	4071,875	0,56179141998291			
4075	0,243191465735435			4075	0,224694162607193					4075	0,2396250218153	4075	0,197370529174805					4075	0,136427268385887	4075	0,0138312568888068					4075	-0,184546917676926	4075	-0,37348735332489			4075	0,13693206012249			4075	0,172751605510712					4075	0,186937227845192	4075	0,232184797525406					4075	0,303561925888062	4075	0,387955278158188					4075	0,484594374895096	4075	0,568237960338593			
4078,125	0,243038609623909			4078,125	0,224272295832634					4078,125	0,23885977268219	4078,125	0,196985691785812					4078,125	0,13631945848465	4078,125	0,0136679783463478					4078,125	-0,184639886021614	4078,125	-0,374847739934921			4078,125	0,135647520422935			4078,125	0,173079952597618					4078,125	0,187289595603943	4078,125	0,232268095016479					4078,125	0,30374675989151	4078,125	0,388118505477905					4078,125	0,484979659318924	4078,125	0,569328963756561			
4081,25	0,242943987250328			4081,25	0,224056005477905					4081,25	0,239735543727875	4081,25	0,197478786110878					4081,25	0,137646570801735	4081,25	0,0150876520201564					4081,25	-0,182609885931015	4081,25	-0,373002976179123			4081,25	0,135387822985649			4081,25	0,172767072916031					4081,25	0,18666373193264	4081,25	0,231838405132294					4081,25	0,302829772233963	4081,25	0,388135194778442					4081,25	0,485444813966751	4081,25	0,571527898311615			
4084,375	0,242719918489456			4084,375	0,222571700811386					4084,375	0,238314256072044	4084,375	0,196606889367104					4084,375	0,137408033013344	4084,375	0,0153813939541578					4084,375	-0,181741416454315	4084,375	-0,370888143777847			4084,375	0,136516749858856			4084,375	0,171743839979172					4084,375	0,184743151068687	4084,375	0,230124667286873					4084,375	0,300732135772705	4084,375	0,386451929807663					4084,375	0,483799755573273	4084,375	0,569194972515106			
4087,5	0,243212878704071			4087,5	0,223631501197815					4087,5	0,239449962973595	4087,5	0,197799324989319					4087,5	0,138824537396431	4087,5	0,0164722166955471					4087,5	-0,181262850761414	4087,5	-0,370348244905472			4087,5	0,135678738355637			4087,5	0,172115564346313					4087,5	0,185518205165863	4087,5	0,230679407715797					4087,5	0,301792830228806	4087,5	0,388402909040451					4087,5	0,486350685358047	4087,5	0,572150707244873			
4090,625	0,243008702993393			4090,625	0,221376046538353					4090,625	0,23720209300518	4090,625	0,195535525679588					4090,625	0,136757716536522	4090,625	0,0147015396505594					4090,625	-0,18194092810154	4090,625	-0,369679480791092			4090,625	0,135444179177284			4090,625	0,1716528236866					4090,625	0,185240283608437	4090,625	0,230090424418449					4090,625	0,300500512123108	4090,625	0,386143088340759					4090,625	0,482973992824554	4090,625	0,567747831344604			
4093,75	0,241858452558517			4093,75	0,221189796924591					4093,75	0,237278535962105	4093,75	0,195672765374184					4093,75	0,138582855463028	4093,75	0,0176766868680716					4093,75	-0,177623182535172	4093,75	-0,363854020833969			4093,75	0,13545298576355			4093,75	0,169554278254509					4093,75	0,182961657643318	4093,75	0,227834597229958					4093,75	0,297662705183029	4093,75	0,384121179580688					4093,75	0,481903374195099	4093,75	0,567706286907196			
4096,875	0,242094323039055			4096,875	0,221765607595444					4096,875	0,237907737493515	4096,875	0,196088060736656					4096,875	0,138634100556374	4096,875	0,017141442745924					4096,875	-0,179375872015953	4096,875	-0,366835385560989			4096,875	0,135275319218636			4096,875	0,171442285180092					4096,875	0,184744954109192	4096,875	0,230105817317963					4096,875	0,299595564603806	4096,875	0,386853814125061					4096,875	0,484741598367691	4096,875	0,57110583782196			
4100	0,241266891360283			4100	0,222410961985588					4100	0,239140495657921	4100	0,198101609945297					4100	0,140098258852959	4100	0,0185196083039045					4100	-0,177282243967056	4100	-0,364740669727325			4100	0,134639397263527			4100	0,170715108513832					4100	0,183384850621223	4100	0,229802757501602					4100	0,299477458000183	4100	0,387270271778107					4100	0,486338824033737	4100	0,574024379253387			
4103,125	0,241446956992149			4103,125	0,222141936421394					4103,125	0,238526865839958	4103,125	0,197366774082184					4103,125	0,139989972114563	4103,125	0,0193041935563087					4103,125	-0,176610618829727	4103,125	-0,363472163677216			4103,125	0,135199382901192			4103,125	0,17064405977726					4103,125	0,183374837040901	4103,125	0,22895410656929					4103,125	0,298767745494843	4103,125	0,387086540460587					4103,125	0,486547619104385	4103,125	0,574121594429016			
4106,25	0,242120191454887			4106,25	0,221119195222855					4106,25	0,237351685762405	4106,25	0,195958510041237					4106,25	0,138843506574631	4106,25	0,0185672733932734					4106,25	-0,177636831998825	4106,25	-0,364831954240799			4106,25	0,134452134370804			4106,25	0,171331226825714					4106,25	0,184284135699272	4106,25	0,229549899697304					4106,25	0,298618644475937	4106,25	0,387044697999954					4106,25	0,486690700054169	4106,25	0,573940217494965			
4109,375	0,242267221212387			4109,375	0,222885474562645					4109,375	0,23899045586586	4109,375	0,19808255136013					4109,375	0,141002416610718	4109,375	0,0201075319200754					4109,375	-0,176226869225502	4109,375	-0,363973706960678			4109,375	0,135353580117226			4109,375	0,171665534377098					4109,375	0,184659630060196	4109,375	0,230031579732895					4109,375	0,298759043216705	4109,375	0,389671951532364					4109,375	0,489681959152222	4109,375	0,578391432762146			
4112,5	0,241147622466087			4112,5	0,221805244684219					4112,5	0,238567009568214	4112,5	0,197667688131332					4112,5	0,140398472547531	4112,5	0,0211904775351286					4112,5	-0,172916918992996	4112,5	-0,358963936567307			4112,5	0,133931592106819			4112,5	0,170165166258812					4112,5	0,183321565389633	4112,5	0,228192299604416					4112,5	0,295992910861969	4112,5	0,387706577777863					4112,5	0,486672788858414	4112,5	0,575621545314789			
4115,625	0,242393180727959			4115,625	0,221169739961624					4115,625	0,237966448068619	4115,625	0,197182029485703					4115,625	0,140520945191383	4115,625	0,0212790723890066					4115,625	-0,172608628869057	4115,625	-0,358428239822388			4115,625	0,134853348135948			4115,625	0,169755727052689					4115,625	0,183023527264595	4115,625	0,227955862879753					4115,625	0,296418219804764	4115,625	0,387383073568344					4115,625	0,486923724412918	4115,625	0,576044917106628			
4118,75	0,242057174444199			4118,75	0,221918195486069					4118,75	0,238697379827499	4118,75	0,197587519884109					4118,75	0,140950009226799	4118,75	0,0213017351925373					4118,75	-0,172903925180435	4118,75	-0,359129816293716			4118,75	0,13485686480999			4118,75	0,170001700520515					4118,75	0,183285772800446	4118,75	0,228460744023323					4118,75	0,2972312271595	4118,75	0,388769656419754					4118,75	0,48885914683342	4118,75	0,579346001148224			
4121,875	0,240467995405197			4121,875	0,220887959003448					4121,875	0,237908259034157	4121,875	0,196920707821846					4121,875	0,139738976955414	4121,875	0,0208346992731094					4121,875	-0,173999756574631	4121,875	-0,360026806592941			4121,875	0,133742123842239			4121,875	0,17050789296627					4121,875	0,183173954486847	4121,875	0,228561833500862					4121,875	0,297286212444305	4121,875	0,389377474784851					4121,875	0,489144444465637	4121,875	0,579373002052307			
4125	0,241250798106194			4125	0,220142617821693					4125	0,237944662570953	4125	0,197684705257416					4125	0,140784934163094	4125	0,0244431644678116					4125	-0,169697463512421	4125	-0,353997498750687			4125	0,133527114987373			4125	0,168328702449799					4125	0,180933013558388	4125	0,226115211844444					4125	0,294620424509048	4125	0,387494653463364					4125	0,48824605345726	4125	0,578561961650848			
4128,125	0,241576537489891			4128,125	0,220536574721336					4128,125	0,237909361720085	4128,125	0,19755719602108					4128,125	0,140625700354576	4128,125	0,024171506986022					4128,125	-0,169763699173927	4128,125	-0,353357493877411			4128,125	0,133751586079597			4128,125	0,168528616428375					4128,125	0,180520579218864	4128,125	0,226487755775452					4128,125	0,294513523578644	4128,125	0,387374848127365					4128,125	0,488553166389465	4128,125	0,579259037971497			
4131,25	0,241758421063423			4131,25	0,220066905021667					4131,25	0,238267734646797	4131,25	0,197050154209137					4131,25	0,139752149581909	4131,25	0,023459242656827					4131,25	-0,170521944761276	4131,25	-0,354351341724396			4131,25	0,134522676467896			4131,25	0,169212222099304					4131,25	0,181178584694862	4131,25	0,227189958095551					4131,25	0,295343428850174	4131,25	0,388183265924454					4131,25	0,489309698343277	4131,25	0,580118715763092			
4134,375	0,242227673530579			4134,375	0,220927715301514					4134,375	0,240156143903732	4134,375	0,198010936379433					4134,375	0,141234070062637	4134,375	0,025871466845274					4134,375	-0,16779351234436	4134,375	-0,351845860481262			4134,375	0,133552893996239			4134,375	0,168912515044212					4134,375	0,180442929267883	4134,375	0,226316303014755					4134,375	0,294465184211731	4134,375	0,38921520113945					4134,375	0,490909099578857	4134,375	0,583178400993347			
4137,5	0,240500345826149			4137,5	0,220831766724586					4137,5	0,239245980978012	4137,5	0,198104560375214					4137,5	0,141705304384232	4137,5	0,0259313806891441					4137,5	-0,167600736021996	4137,5	-0,351666569709778			4137,5	0,134400740265846			4137,5	0,169390916824341					4137,5	0,180197164416313	4137,5	0,226801350712776					4137,5	0,29450985789299	4137,5	0,389349937438965					4137,5	0,4907046854496	4137,5	0,583816587924957			
4140,625	0,241751983761787			4140,625	0,219593033194542					4140,625	0,237640708684921	4140,625	0,196933850646019					4140,625	0,140330776572227	4140,625	0,0245674569159746					4140,625	-0,168013766407967	4140,625	-0,351563334465027			4140,625	0,133354306221008			4140,625	0,169271647930145					4140,625	0,179606184363365	4140,625	0,226113274693489					4140,625	0,294260859489441	4140,625	0,388115137815475					4140,625	0,488740891218185	4140,625	0,580959618091583			
4143,75	0,2420943826437			4143,75	0,219652205705643					4143,75	0,238698482513428	4143,75	0,198660433292389					4143,75	0,141636520624161	4143,75	0,0273918174207211					4143,75	-0,16418182849884	4143,75	-0,347150653600693			4143,75	0,13303354382515			4143,75	0,167513385415077					4143,75	0,177622020244598	4143,75	0,225043192505836					4143,75	0,293089091777802	4143,75	0,388079524040222					4143,75	0,49028605222702	4143,75	0,583397805690765			
4146,875	0,242657572031021			4146,875	0,218804761767387					4146,875	0,237879827618599	4146,875	0,197676777839661					4146,875	0,140171766281128	4146,875	0,0266960076987743					4146,875	-0,165999665856361	4146,875	-0,34885635972023			4146,875	0,133316680788994			4146,875	0,168727606534958					4146,875	0,179335370659828	4146,875	0,226210802793503					4146,875	0,293397545814514	4146,875	0,388539284467697					4146,875	0,490305364131927	4146,875	0,582995355129242			
4150	0,242037028074265			4150	0,219421684741974					4150	0,239283531904221	4150	0,198212027549744					4150	0,141205608844757	4150	0,0303554553538561					4150	-0,16200190782547	4150	-0,343059509992599			4150	0,133602127432823			4150	0,166958764195442					4150	0,177073910832405	4150	0,225061342120171					4150	0,292043924331665	4150	0,387359648942947					4150	0,490499287843704	4150	0,584849953651428			
4153,125	0,240250945091248			4153,125	0,220674410462379					4153,125	0,239919573068619	4153,125	0,199441879987717					4153,125	0,142853975296021	4153,125	0,0304512679576874					4153,125	-0,162687689065933	4153,125	-0,345263123512268			4153,125	0,133444383740425			4153,125	0,168410986661911					4153,125	0,178526878356934	4153,125	0,225337758660316					4153,125	0,294269561767578	4153,125	0,390852332115173					4153,125	0,49463027715683	4153,125	0,589337646961212			
4156,25	0,24079056084156			4156,25	0,219965294003487					4156,25	0,239794701337814	4156,25	0,199740514159203					4156,25	0,142703652381897	4156,25	0,0310968048870564					4156,25	-0,161191195249557	4156,25	-0,343424469232559			4156,25	0,132362529635429			4156,25	0,167783349752426					4156,25	0,178002893924713	4156,25	0,225159257650375					4156,25	0,293289929628372	4156,25	0,390279412269592					4156,25	0,494441449642181	4156,25	0,589736461639404			
4159,375	0,239963948726654			4159,375	0,217244789004326					4159,375	0,23772332072258	4159,375	0,197438582777977					4159,375	0,139853402972221	4159,375	0,0289120022207499					4159,375	-0,16273395717144	4159,375	-0,344311028718948			4159,375	0,133309572935104			4159,375	0,168239578604698					4159,375	0,177716046571732	4159,375	0,225339144468307					4159,375	0,293142259120941	4159,375	0,389115124940872					4159,375	0,491890698671341	4159,375	0,586451172828674			
4162,5	0,239804431796074			4162,5	0,21826234459877					4162,5	0,237876385450363	4162,5	0,198178246617317					4162,5	0,141552209854126	4162,5	0,0316600725054741					4162,5	-0,15950134396553	4162,5	-0,339286834001541			4162,5	0,132162302732468			4162,5	0,166785210371017					4162,5	0,175596356391907	4162,5	0,223603039979935					4162,5	0,292015969753265	4162,5	0,388470560312271					4162,5	0,491574257612228	4162,5	0,587713599205017			
4165,625	0,239706292748451			4165,625	0,218392789363861					4165,625	0,238413959741592	4165,625	0,19911028444767					4165,625	0,142386943101883	4165,625	0,0331438444554806					4165,625	-0,158295959234238	4165,625	-0,338379889726639			4165,625	0,131915286183357			4165,625	0,166967287659645					4165,625	0,175970658659935	4165,625	0,223285123705864					4165,625	0,29185289144516	4165,625	0,388382494449615					4165,625	0,492076873779297	4165,625	0,588147580623627			
4168,75	0,239931672811508			4168,75	0,217964559793472					4168,75	0,237820982933044	4168,75	0,19885441660881					4168,75	0,141742140054703	4168,75	0,0331951715052128					4168,75	-0,158229872584343	4168,75	-0,337805658578873			4168,75	0,133087396621704			4168,75	0,167050078511238					4168,75	0,175524711608887	4168,75	0,222751215100288					4168,75	0,291486769914627	4168,75	0,387968271970749					4168,75	0,491930365562439	4168,75	0,587836146354675			
4171,875	0,24073925614357			4171,875	0,217269629240036					4171,875	0,237279713153839	4171,875	0,198145970702171					4171,875	0,140669479966164	4171,875	0,0328078009188175					4171,875	-0,158319562673569	4171,875	-0,337824165821075			4171,875	0,133328154683113			4171,875	0,167135685682297					4171,875	0,175247713923454	4171,875	0,223134532570839					4171,875	0,29144299030304	4171,875	0,387411892414093					4171,875	0,491676449775696	4171,875	0,587840497493744			
4175	0,240311205387115			4175	0,217475429177284					4175	0,237722247838974	4175	0,198032557964325					4175	0,140633389353752	4175	0,0338214039802551					4175	-0,15799155831337	4175	-0,338621824979782			4175	0,13335707783699			4175	0,167584598064423					4175	0,176166638731956	4175	0,224062576889992					4175	0,293123364448547	4175	0,389483958482742					4175	0,494246989488602	4175	0,591009736061096			
4178,125	0,240442916750908			4178,125	0,218265622854233					4178,125	0,239085957407951	4178,125	0,199606969952583					4178,125	0,142695650458336	4178,125	0,0361402034759521					4178,125	-0,155552163720131	4178,125	-0,335539668798447			4178,125	0,132121384143829			4178,125	0,166756302118301					4178,125	0,175481110811234	4178,125	0,223569720983505					4178,125	0,293396949768066	4178,125	0,390675574541092					4178,125	0,496583521366119	4178,125	0,594520509243011			
4181,25	0,241436809301376			4181,25	0,218165144324303					4181,25	0,238618522882462	4181,25	0,200070798397064					4181,25	0,142924338579178	4181,25	0,0380889214575291					4181,25	-0,153599768877029	4181,25	-0,33190193772316			4181,25	0,131711170077324			4181,25	0,165940254926682					4181,25	0,173582300543785	4181,25	0,222392275929451					4181,25	0,291314005851746	4181,25	0,389456689357758					4181,25	0,495456606149673	4181,25	0,593983829021454			
4184,375	0,240225568413734			4184,375	0,217388182878494					4184,375	0,237190216779709	4184,375	0,199164599180222					4184,375	0,141717314720154	4184,375	0,0371297970414162					4184,375	-0,154584750533104	4184,375	-0,332622140645981			4184,375	0,132035225629807			4184,375	0,166830435395241					4184,375	0,173763245344162	4184,375	0,222823143005371					4184,375	0,291866630315781	4184,375	0,389053612947464					4184,375	0,494893312454224	4184,375	0,59294605255127			
4187,5	0,238789916038513			4187,5	0,217689856886864					4187,5	0,237872287631035	4187,5	0,199608996510506					4187,5	0,14250336587429	4187,5	0,0383512787520885					4187,5	-0,152698576450348	4187,5	-0,330308943986893			4187,5	0,131241485476494			4187,5	0,166385248303413					4187,5	0,173192054033279	4187,5	0,222264111042023					4187,5	0,292027175426483	4187,5	0,388709902763367					4187,5	0,49541562795639	4187,5	0,593832552433014			
4190,625	0,2398282289505			4190,625	0,217504799365997					4190,625	0,238080143928528	4190,625	0,199521601200104					4190,625	0,142767578363419	4190,625	0,0383579172194004					4190,625	-0,152845427393913	4190,625	-0,330595105886459			4190,625	0,131496280431747			4190,625	0,166710317134857					4190,625	0,173487722873688	4190,625	0,222836926579475					4190,625	0,29258194565773	4190,625	0,389106810092926					4190,625	0,496145993471146	4190,625	0,594498634338379			
4193,75	0,239493772387505			4193,75	0,216542616486549					4193,75	0,23744335770607	4193,75	0,199148803949356					4193,75	0,142317354679108	4193,75	0,0388094075024128					4193,75	-0,152566805481911	4193,75	-0,330304503440857			4193,75	0,131926402449608			4193,75	0,16642963886261					4193,75	0,173657670617104	4193,75	0,222496911883354					4193,75	0,29249370098114	4193,75	0,38908913731575					4193,75	0,496513098478317	4193,75	0,594987034797668			
4196,875	0,239005878567696			4196,875	0,216151833534241					4196,875	0,236774146556854	4196,875	0,199446186423302					4196,875	0,142784491181374	4196,875	0,0402842313051224					4196,875	-0,150253415107727	4196,875	-0,32803475856781			4196,875	0,130475789308548			4196,875	0,166017442941666					4196,875	0,172569498419762	4196,875	0,221580177545547					4196,875	0,291758388280869	4196,875	0,38845756649971					4196,875	0,496415048837662	4196,875	0,594886243343353			
4200	0,238090544939041			4200	0,215103417634964					4200	0,236384227871895	4200	0,199327439069748					4200	0,142556980252266	4200	0,0396361202001572					4200	-0,150003880262375	4200	-0,327827960252762			4200	0,131328865885735			4200	0,166518285870552					4200	0,172305181622505	4200	0,222111880779266					4200	0,2921122610569	4200	0,388283282518387					4200	0,496092140674591	4200	0,594679653644562			
4203,125	0,238899275660515			4203,125	0,215044498443604					4203,125	0,236121445894241	4203,125	0,199387609958649					4203,125	0,143447726964951	4203,125	0,0417617037892342					4203,125	-0,147975042462349	4203,125	-0,324476927518845			4203,125	0,131774052977562			4203,125	0,165786251425743					4203,125	0,171540454030037	4203,125	0,220945745706558					4203,125	0,291326284408569	4203,125	0,38742059469223					4203,125	0,495776474475861	4203,125	0,595376133918762			
4206,25	0,23862998187542			4206,25	0,214614704251289					4206,25	0,235193729400635	4206,25	0,197770297527313					4206,25	0,14243783056736	4206,25	0,0416023805737495					4206,25	-0,147341638803482	4206,25	-0,322254627943039			4206,25	0,132020130753517			4206,25	0,164851427078247					4206,25	0,17044922709465	4206,25	0,219541817903519					4206,25	0,28939163684845	4206,25	0,384592771530151					4206,25	0,492497593164444	4206,25	0,5915367603302			
4209,375	0,239399343729019			4209,375	0,214213490486145					4209,375	0,235631763935089	4209,375	0,198278233408928					4209,375	0,142798781394958	4209,375	0,0417979620397091					4209,375	-0,147326037287712	4209,375	-0,322679370641708			4209,375	0,132201939821243			4209,375	0,16546306014061					4209,375	0,171338483691216	4209,375	0,219915837049484					4209,375	0,290613025426865	4209,375	0,385515749454498					4209,375	0,494239956140518	4209,375	0,59437495470047			
4212,5	0,239052504301071			4212,5	0,214323580265045					4212,5	0,235939517617226	4212,5	0,199324518442154					4212,5	0,143374219536781	4212,5	0,0424749851226807					4212,5	-0,147633269429207	4212,5	-0,323750376701355			4212,5	0,131953984498978			4212,5	0,165380656719208					4212,5	0,170746728777885	4212,5	0,220348611474037					4212,5	0,291783481836319	4212,5	0,387072056531906					4212,5	0,496810883283615	4212,5	0,597031652927399			
4215,625	0,238944873213768			4215,625	0,21459174156189					4215,625	0,235790193080902	4215,625	0,199786975979805					4215,625	0,144184291362762	4215,625	0,0432414598762989					4215,625	-0,146529719233513	4215,625	-0,322069764137268			4215,625	0,130952715873718			4215,625	0,165444284677505					4215,625	0,170430719852448	4215,625	0,220189884305					4215,625	0,291718035936356	4215,625	0,387030035257339					4215,625	0,498053222894669	4215,625	0,59858763217926			
4218,75	0,23945252597332			4218,75	0,214290082454681					4218,75	0,235742807388306	4218,75	0,199639037251472					4218,75	0,144421428442001	4218,75	0,043310210108757					4218,75	-0,145175769925117	4218,75	-0,321323096752167			4218,75	0,131332397460938			4218,75	0,165345937013626					4218,75	0,170239686965942	4218,75	0,219844773411751					4218,75	0,291950523853302	4218,75	0,386637657880783					4218,75	0,49802565574646	4218,75	0,598505735397339			
4221,875	0,238995224237442			4221,875	0,213216036558151					4221,875	0,234593346714973	4221,875	0,198497638106346					4221,875	0,144303813576698	4221,875	0,0431664064526558					4221,875	-0,14482793211937	4221,875	-0,320611953735352			4221,875	0,133018374443054			4221,875	0,165083959698677					4221,875	0,169877126812935	4221,875	0,219666436314583					4221,875	0,291975378990173	4221,875	0,386390835046768					4221,875	0,497513890266418	4221,875	0,597798049449921			
4225	0,239481866359711			4225	0,213399484753609					4225	0,233401700854301	4225	0,1988275796175					4225	0,145331531763077	4225	0,0451084077358246					4225	-0,142333656549454	4225	-0,317752331495285			4225	0,131557002663612			4225	0,164171174168587					4225	0,169018179178238	4225	0,218525648117065					4225	0,291278213262558	4225	0,38555434346199					4225	0,497585624456406	4225	0,598464131355286			
4228,125	0,238847643136978			4228,125	0,212245583534241					4228,125	0,23319248855114	4228,125	0,198220163583755					4228,125	0,144626796245575	4228,125	0,0452879071235657					4228,125	-0,141368329524994	4228,125	-0,315973192453384			4228,125	0,131212070584297			4228,125	0,163701847195625					4228,125	0,168456524610519	4228,125	0,218323677778244					4228,125	0,290479689836502	4228,125	0,384665369987488					4228,125	0,496233910322189	4228,125	0,597563326358795			
4231,25	0,238447815179825			4231,25	0,212581247091293					4231,25	0,233404383063316	4231,25	0,198054045438766					4231,25	0,144466802477837	4231,25	0,0453052669763565					4231,25	-0,142418816685677	4231,25	-0,317836463451386			4231,25	0,130991399288177			4231,25	0,164823666214943					4231,25	0,169297888875008	4231,25	0,219376429915428					4231,25	0,291997522115707	4231,25	0,385983109474182					4231,25	0,498165547847748	4231,25	0,599250137805939			
4234,375	0,239297956228256			4234,375	0,212354853749275					4234,375	0,233782529830933	4234,375	0,198218375444412					4234,375	0,144957482814789	4234,375	0,0459512807428837					4234,375	-0,140666201710701	4234,375	-0,314966827630997			4234,375	0,131559699773788			4234,375	0,164810985326767					4234,375	0,168744772672653	4234,375	0,217941135168076					4234,375	0,290903747081757	4234,375	0,385232895612717					4234,375	0,498003661632538	4234,375	0,598947584629059			
4237,5	0,240530207753181			4237,5	0,212055802345276					4237,5	0,233253598213196	4237,5	0,198038995265961					4237,5	0,145479410886765	4237,5	0,0463943593204021					4237,5	-0,13898204267025	4237,5	-0,312666088342667			4237,5	0,131979316473007			4237,5	0,164254516363144					4237,5	0,16777640581131	4237,5	0,2171960324049					4237,5	0,289862006902695	4237,5	0,383958011865616					4237,5	0,496997445821762	4237,5	0,599245429039001			
4240,625	0,239566251635551			4240,625	0,212499886751175					4240,625	0,232759937644005	4240,625	0,198390647768974					4240,625	0,145274594426155	4240,625	0,0458396077156067					4240,625	-0,139961317181587	4240,625	-0,3144151866436			4240,625	0,132560774683952			4240,625	0,165155947208405					4240,625	0,168384373188019	4240,625	0,218693897128105					4240,625	0,291600376367569	4240,625	0,385222971439362					4240,625	0,498433589935303	4240,625	0,600874781608582			
4243,75	0,239534825086594			4243,75	0,211773887276649					4243,75	0,231399700045586	4243,75	0,197851613163948					4243,75	0,144982367753983	4243,75	0,0459614507853985					4243,75	-0,138353988528252	4243,75	-0,312237739562988			4243,75	0,132053077220917			4243,75	0,164654716849327					4243,75	0,167232841253281	4243,75	0,218111708760262					4243,75	0,289986342191696	4243,75	0,383594930171967					4243,75	0,496406048536301	4243,75	0,598835229873657			
4246,875	0,239056006073952			4246,875	0,211673006415367					4246,875	0,232136219739914	4246,875	0,198268085718155					4246,875	0,145616456866264	4246,875	0,0458078011870384					4246,875	-0,138756066560745	4246,875	-0,31362509727478			4246,875	0,131639614701271			4246,875	0,165736839175224					4246,875	0,168037787079811	4246,875	0,21929395198822					4246,875	0,291436821222305	4246,875	0,385214895009995					4246,875	0,499986827373505	4246,875	0,602442741394043			
4250	0,238509505987167			4250	0,210974976420403					4250	0,232431888580322	4250	0,198836088180542					4250	0,146029740571976	4250	0,047314677387476					4250	-0,136255502700806	4250	-0,310839027166367			4250	0,131052955985069			4250	0,16440437734127					4250	0,168019577860832	4250	0,218848049640656					4250	0,291131019592285	4250	0,385614544153214					4250	0,499754548072815	4250	0,602575659751892			
4253,125	0,23708464205265			4253,125	0,209608271718025					4253,125	0,230554506182671	4253,125	0,196794301271439					4253,125	0,145363181829453	4253,125	0,0471647381782532					4253,125	-0,135948970913887	4253,125	-0,310354173183441			4253,125	0,131869748234749			4253,125	0,163989901542664					4253,125	0,167261853814125	4253,125	0,21884873509407					4253,125	0,289708167314529	4253,125	0,384233146905899					4253,125	0,497810006141663	4253,125	0,60031121969223			
4256,25	0,237918987870216			4256,25	0,210183799266815					4256,25	0,231059685349464	4256,25	0,197065144777298					4256,25	0,146437123417854	4256,25	0,0482234284281731					4256,25	-0,134792819619179	4256,25	-0,308861583471298			4256,25	0,130496546626091			4256,25	0,164003029465675					4256,25	0,166810646653175	4256,25	0,219292759895325					4256,25	0,289612293243408	4256,25	0,384678333997726					4256,25	0,498804301023483	4256,25	0,602727174758911			
4259,375	0,237570777535439			4259,375	0,209851920604706					4259,375	0,230312913656235	4259,375	0,196476817131042					4259,375	0,145453214645386	4259,375	0,0464115962386131					4259,375	-0,137049317359924	4259,375	-0,311671584844589			4259,375	0,131400585174561			4259,375	0,165018558502197					4259,375	0,168045714497566	4259,375	0,22020597755909					4259,375	0,291122615337372	4259,375	0,385816752910614					4259,375	0,499072998762131	4259,375	0,602864563465118			
4262,5	0,236988097429276			4262,5	0,209945246577263					4262,5	0,231246158480644	4262,5	0,198766186833382					4262,5	0,147175028920174	4262,5	0,0479470379650593					4262,5	-0,134346634149551	4262,5	-0,309059530496597			4262,5	0,131663963198662			4262,5	0,16465599834919					4262,5	0,167608439922333	4262,5	0,219346612691879					4262,5	0,291539072990417	4262,5	0,386295884847641					4262,5	0,500814855098724	4262,5	0,604897797107697			
4265,625	0,23767651617527			4265,625	0,209424719214439					4265,625	0,230838596820831	4265,625	0,198979526758194					4265,625	0,147965282201767	4265,625	0,0490779839456081					4265,625	-0,132756948471069	4265,625	-0,307179808616638			4265,625	0,131225556135178			4265,625	0,164244130253792					4265,625	0,166868075728416	4265,625	0,218964040279388					4265,625	0,289946019649506	4265,625	0,385589569807053					4265,625	0,500903367996216	4265,625	0,605992138385773			
4268,75	0,23774978518486			4268,75	0,208305448293686					4268,75	0,230117335915565	4268,75	0,197628244757652					4268,75	0,146862357854843	4268,75	0,048267874866724					4268,75	-0,134111180901527	4268,75	-0,308939635753632			4268,75	0,132135614752769			4268,75	0,165374338626862					4268,75	0,167420938611031	4268,75	0,220282778143883					4268,75	0,290654569864273	4268,75	0,386073529720306					4268,75	0,500692486763	4268,75	0,606088876724243			
4271,875	0,236917749047279			4271,875	0,207558616995811					4271,875	0,229368403553963	4271,875	0,197761431336403					4271,875	0,145831242203712	4271,875	0,0480882897973061					4271,875	-0,132983148097992	4271,875	-0,306950509548187			4271,875	0,130067616701126			4271,875	0,165991201996803					4271,875	0,16707643866539	4271,875	0,220063611865044					4271,875	0,290033310651779	4271,875	0,386582344770432					4271,875	0,50029730796814	4271,875	0,605676472187042			
4275	0,238364353775978			4275	0,20900009572506					4275	0,229060098528862	4275	0,200482130050659					4275	0,149860873818398	4275	0,0512866489589214					4275	-0,129172071814537	4275	-0,30298975110054			4275	0,130835309624672			4275	0,166447341442108					4275	0,165222868323326	4275	0,218690901994705					4275	0,290507912635803	4275	0,386986017227173					4275	0,501601457595825	4275	0,608691155910492			
4278,125	0,237746864557266			4278,125	0,208363339304924					4278,125	0,228903740644455	4278,125	0,1988515406847					4278,125	0,148605898022652	4278,125	0,0503277778625488					4278,125	-0,130530178546906	4278,125	-0,3050656914711			4278,125	0,131306990981102			4278,125	0,166283890604973					4278,125	0,166705369949341	4278,125	0,22004733979702					4278,125	0,28987443447113	4278,125	0,387166529893875					4278,125	0,50158554315567	4278,125	0,608376860618591			
4281,25	0,238457232713699			4281,25	0,20736637711525					4281,25	0,227635353803635	4281,25	0,197911202907562					4281,25	0,14706015586853	4281,25	0,0496932379901409					4281,25	-0,13127601146698	4281,25	-0,305700957775116			4281,25	0,131475195288658			4281,25	0,166704401373863					4281,25	0,167663842439651	4281,25	0,220836028456688					4281,25	0,29008162021637	4281,25	0,38676130771637					4281,25	0,501885294914246	4281,25	0,607668936252594			
4284,375	0,236193209886551			4284,375	0,208468094468117					4284,375	0,229895785450935	4284,375	0,200781062245369					4284,375	0,15071614086628	4284,375	0,0529506020247936					4284,375	-0,127060920000076	4284,375	-0,300889998674393			4284,375	0,131263583898544			4284,375	0,165329098701477					4284,375	0,166661038994789	4284,375	0,220140025019646					4284,375	0,289896994829178	4284,375	0,388326913118362					4284,375	0,505265533924103	4284,375	0,612984836101532			
4287,5	0,23522013425827			4287,5	0,207590281963348					4287,5	0,230249851942062	4287,5	0,200049564242363					4287,5	0,149686649441719	4287,5	0,0520360469818115					4287,5	-0,128007426857948	4287,5	-0,302753418684006			4287,5	0,130519270896912			4287,5	0,166401565074921					4287,5	0,166954070329666	4287,5	0,220295518636703					4287,5	0,289822727441788	4287,5	0,38861346244812					4287,5	0,5048788189888	4287,5	0,61267477273941			
4290,625	0,236940503120422			4290,625	0,208057835698128					4290,625	0,229273274540901	4290,625	0,200107634067535					4290,625	0,14914259314537	4290,625	0,0521668866276741					4290,625	-0,127368316054344	4290,625	-0,301825612783432			4290,625	0,131231263279915			4290,625	0,166493266820908					4290,625	0,165969640016556	4290,625	0,219961315393448					4290,625	0,289769411087036	4290,625	0,388544738292694					4290,625	0,504516422748566	4290,625	0,612402379512787			
4293,75	0,238240152597427			4293,75	0,207204475998878					4293,75	0,227560147643089	4293,75	0,199311628937721					4293,75	0,148660436272621	4293,75	0,0520379468798637					4293,75	-0,126553222537041	4293,75	-0,300544917583466			4293,75	0,130311459302902			4293,75	0,165540620684624					4293,75	0,165406063199043	4293,75	0,218888983130455					4293,75	0,2882419526577	4293,75	0,386755496263504					4293,75	0,501926779747009	4293,75	0,609970211982727			
4296,875	0,237392082810402			4296,875	0,206033289432526					4296,875	0,226340755820274	4296,875	0,198850020766258					4296,875	0,147763699293137	4296,875	0,0514968670904636					4296,875	-0,125906273722649	4296,875	-0,299668312072754			4296,875	0,131032466888428			4296,875	0,165436640381813					4296,875	0,165185183286667	4296,875	0,217778980731964					4296,875	0,287422120571136	4296,875	0,385443150997162					4296,875	0,500518441200256	4296,875	0,608762741088867			
4300	0,236630618572235			4300	0,207507610321045					4300	0,227038532495499	4300	0,19966247677803					4300	0,149068102240562	4300	0,0536661967635155					4300	-0,123879671096802	4300	-0,296707808971405			4300	0,130760923027992			4300	0,165810167789459					4300	0,164749264717102	4300	0,218542516231537					4300	0,287224531173706	4300	0,385920822620392					4300	0,501645386219025	4300	0,612092971801758			
4303,125	0,237055733799934			4303,125	0,208576411008835					4303,125	0,227344572544098	4303,125	0,201772108674049					4303,125	0,151137977838516	4303,125	0,0555863752961159					4303,125	-0,122427500784397	4303,125	-0,29663947224617			4303,125	0,131274506449699			4303,125	0,166031882166862					4303,125	0,16535684466362	4303,125	0,218858271837234					4303,125	0,287884682416916	4303,125	0,38742795586586					4303,125	0,503381848335266	4303,125	0,613584876060486			
4306,25	0,236551910638809			4306,25	0,20731358230114					4306,25	0,226635962724686	4306,25	0,202111855149269					4306,25	0,150133147835732	4306,25	0,0562346614897251					4306,25	-0,120752401649952	4306,25	-0,294064253568649			4306,25	0,132693454623222			4306,25	0,165907710790634					4306,25	0,164535701274872	4306,25	0,218119636178017					4306,25	0,286486864089966	4306,25	0,386783808469772					4306,25	0,50241482257843	4306,25	0,613121926784515			
4309,375	0,237007066607475			4309,375	0,206337362527847					4309,375	0,226294562220573	4309,375	0,201973557472229					4309,375	0,148527398705482	4309,375	0,0562370046973228					4309,375	-0,121946170926094	4309,375	-0,295002549886703			4309,375	0,132089778780937			4309,375	0,165547475218773					4309,375	0,164601862430573	4309,375	0,218636497855186					4309,375	0,28727263212204	4309,375	0,386934280395508					4309,375	0,502108454704285	4309,375	0,612566649913788			
4312,5	0,236883759498596			4312,5	0,207849115133286					4312,5	0,226932659745216	4312,5	0,204056099057198					4312,5	0,150853276252747	4312,5	0,0586833767592907					4312,5	-0,119813807308674	4312,5	-0,293062448501587			4312,5	0,131762057542801			4312,5	0,166143998503685					4312,5	0,164921656250954	4312,5	0,218327045440674					4312,5	0,287430971860886	4312,5	0,389033854007721					4312,5	0,505476474761963	4312,5	0,616889894008636			
4315,625	0,235939934849739			4315,625	0,207228466868401					4315,625	0,226261362433434	4315,625	0,203501477837563					4315,625	0,151266351342201	4315,625	0,0582759752869606					4315,625	-0,119193874299526	4315,625	-0,291489541530609			4315,625	0,131726235151291			4315,625	0,165461078286171					4315,625	0,163598015904427	4315,625	0,217329069972038					4315,625	0,285794526338577	4315,625	0,387940108776093					4315,625	0,504066288471222	4315,625	0,616028189659119			
4318,75	0,235589072108269			4318,75	0,207228094339371					4318,75	0,226574927568436	4318,75	0,203283920884132					4318,75	0,150556296110153	4318,75	0,0581684112548828					4318,75	-0,119414940476418	4318,75	-0,292229622602463			4318,75	0,132140949368477			4318,75	0,165143936872482					4318,75	0,164052605628967	4318,75	0,217861756682396					4318,75	0,285810232162476	4318,75	0,388509452342987					4318,75	0,505107641220093	4318,75	0,617703020572662			
4321,875	0,235050022602081			4321,875	0,207850679755211					4321,875	0,22685495018959	4321,875	0,203761100769043					4321,875	0,150968000292778	4321,875	0,059973917901516					4321,875	-0,116797432303429	4321,875	-0,289671778678894			4321,875	0,130947768688202			4321,875	0,164876446127892					4321,875	0,163712248206139	4321,875	0,216891452670097					4321,875	0,285374104976654	4321,875	0,387909233570099					4321,875	0,504664301872253	4321,875	0,618683338165283			
4325	0,235868498682976			4325	0,207869365811348					4325	0,22581559419632	4325	0,203106462955475					4325	0,150447264313698	4325	0,0606288574635983					4325	-0,11613092571497	4325	-0,288650751113892			4325	0,131365388631821			4325	0,164802104234695					4325	0,163862898945808	4325	0,216255351901054					4325	0,28493145108223	4325	0,386911183595657					4325	0,503884851932526	4325	0,616919457912445			
4328,125	0,235667005181313			4328,125	0,208366632461548					4328,125	0,224952831864357	4328,125	0,203779339790344					4328,125	0,149544790387154	4328,125	0,0605581812560558					4328,125	-0,117762804031372	4328,125	-0,29044297337532			4328,125	0,131574615836143			4328,125	0,165974676609039					4328,125	0,164478987455368	4328,125	0,216890648007393					4328,125	0,286219507455826	4328,125	0,388680249452591					4328,125	0,506061255931854	4328,125	0,619693040847778			
4331,25	0,233815416693687			4331,25	0,209216773509979					4331,25	0,226089403033257	4331,25	0,205616638064384					4331,25	0,150589257478714	4331,25	0,0628035217523575					4331,25	-0,116190373897552	4331,25	-0,288791120052338			4331,25	0,131440982222557			4331,25	0,165319949388504					4331,25	0,165097415447235	4331,25	0,217187941074371					4331,25	0,287123203277588	4331,25	0,389165103435516					4331,25	0,508130550384521	4331,25	0,622592449188232			
4334,375	0,234691381454468			4334,375	0,207814887166023					4334,375	0,225539565086365	4334,375	0,204886436462402					4334,375	0,15021438896656	4334,375	0,062800221145153					4334,375	-0,114273816347122	4334,375	-0,286034733057022			4334,375	0,130240127444267			4334,375	0,16491810977459					4334,375	0,164375945925713	4334,375	0,216195374727249					4334,375	0,285842418670654	4334,375	0,387727081775665					4334,375	0,505509614944458	4334,375	0,6200892329216			
4337,5	0,23569743335247			4337,5	0,209170252084732					4337,5	0,226544618606567	4337,5	0,206136256456375					4337,5	0,151246950030327	4337,5	0,0640950947999954					4337,5	-0,113315731287003	4337,5	-0,285684049129486			4337,5	0,130976736545563			4337,5	0,165279924869537					4337,5	0,164628058671951	4337,5	0,216126427054405					4337,5	0,286535739898682	4337,5	0,389359146356583					4337,5	0,508070945739746	4337,5	0,623207688331604			
4340,625	0,234265148639679			4340,625	0,208505034446716					4340,625	0,225430384278297	4340,625	0,206165373325348					4340,625	0,150518581271172	4340,625	0,0639263764023781					4340,625	-0,112531200051308	4340,625	-0,283738285303116			4340,625	0,130592942237854			4340,625	0,163999542593956					4340,625	0,163927406072617	4340,625	0,214776381850243					4340,625	0,285208195447922	4340,625	0,387576818466187					4340,625	0,506664335727692	4340,625	0,620960831642151			
4343,75	0,233327642083168			4343,75	0,208636045455933					4343,75	0,225023001432419	4343,75	0,205902740359306					4343,75	0,150730714201927	4343,75	0,0646838545799255					4343,75	-0,111752204596996	4343,75	-0,283093571662903			4343,75	0,132420524954796			4343,75	0,164607316255569					4343,75	0,164031028747559	4343,75	0,214396342635155					4343,75	0,285179555416107	4343,75	0,388207405805588					4343,75	0,507544577121735	4343,75	0,623301863670349			
4346,875	0,234539046883583			4346,875	0,20920567214489					4346,875	0,224707394838333	4346,875	0,206703215837479					4346,875	0,150395080447197	4346,875	0,0656423717737198					4346,875	-0,109669759869576	4346,875	-0,280376702547073			4346,875	0,132531821727753			4346,875	0,162493914365768					4346,875	0,163787916302681	4346,875	0,213658824563026					4346,875	0,283768892288208	4346,875	0,387260675430298					4346,875	0,507586359977722	4346,875	0,622948944568634			
4350	0,23366579413414			4350	0,209765523672104					4350	0,22492291033268	4350	0,207424938678741					4350	0,151077121496201	4350	0,0670403987169266					4350	-0,108113139867783	4350	-0,277807325124741			4350	0,132014021277428			4350	0,161946445703506					4350	0,162781596183777	4350	0,213260680437088					4350	0,283685624599457	4350	0,385987043380737					4350	0,507731020450592	4350	0,624102294445038			
4353,125	0,23454661667347			4353,125	0,209801614284515					4353,125	0,224672138690948	4353,125	0,207161456346512					4353,125	0,150449827313423	4353,125	0,0669464692473412					4353,125	-0,109074704349041	4353,125	-0,279796004295349			4353,125	0,130411356687546			4353,125	0,162931218743324					4353,125	0,162820100784302	4353,125	0,213372394442558					4353,125	0,28436404466629	4353,125	0,386663764715195					4353,125	0,508037388324738	4353,125	0,624598860740662			
4356,25	0,234119445085526			4356,25	0,209508493542671					4356,25	0,224713429808617	4356,25	0,20708404481411					4356,25	0,149949252605438	4356,25	0,0678868070244789					4356,25	-0,107509262859821	4356,25	-0,278245478868485			4356,25	0,131552085280418			4356,25	0,16219873726368					4356,25	0,162409603595734	4356,25	0,212883874773979					4356,25	0,283740669488907	4356,25	0,386767566204071					4356,25	0,508232533931732	4356,25	0,624771475791931			
4359,375	0,233046293258667			4359,375	0,209431707859039					4359,375	0,22483591735363	4359,375	0,206636056303978					4359,375	0,149834200739861	4359,375	0,0685713067650795					4359,375	-0,105304032564163	4359,375	-0,274332404136658			4359,375	0,132210418581963			4359,375	0,160560116171837					4359,375	0,161292254924774	4359,375	0,211584851145744					4359,375	0,282491952180862	4359,375	0,38399812579155					4359,375	0,506480395793915	4359,375	0,624264478683472			
4362,5	0,233455076813698			4362,5	0,210304707288742					4362,5	0,225416108965874	4362,5	0,209200292825699					4362,5	0,150904282927513	4362,5	0,0696136802434921					4362,5	-0,105311900377274	4362,5	-0,274173736572266			4362,5	0,130723908543587			4362,5	0,161518752574921					4362,5	0,162553459405899	4362,5	0,21340648829937					4362,5	0,28456437587738	4362,5	0,386943370103836					4362,5	0,510156989097595	4362,5	0,629609048366547			
4365,625	0,232631757855415			4365,625	0,209389865398407					4365,625	0,223762005567551	4365,625	0,208343699574471					4365,625	0,149297386407852	4365,625	0,0699993595480919					4365,625	-0,105484522879124	4365,625	-0,27577206492424			4365,625	0,130762025713921			4365,625	0,162557050585747					4365,625	0,162576541304588	4365,625	0,21328791975975					4365,625	0,285519480705261	4365,625	0,387906849384308					4365,625	0,511665821075439	4365,625	0,629088282585144			
4368,75	0,232966512441635			4368,75	0,20979106426239					4368,75	0,224974006414413	4368,75	0,210290834307671					4368,75	0,150250285863876	4368,75	0,0735261961817741					4368,75	-0,101993173360825	4368,75	-0,272509634494781			4368,75	0,130333006381989			4368,75	0,161708846688271					4368,75	0,162191167473793	4368,75	0,212050959467888					4368,75	0,284978657960892	4368,75	0,38702392578125					4368,75	0,512460887432098	4368,75	0,631181418895721			
4371,875	0,230926364660263			4371,875	0,209087163209915					4371,875	0,22344508767128	4371,875	0,208470851182938					4371,875	0,14940433204174	4371,875	0,0724728927016258					4371,875	-0,102152787148952	4371,875	-0,271778255701065			4371,875	0,131123095750809			4371,875	0,160268470644951					4371,875	0,162074387073517	4371,875	0,210928022861481					4371,875	0,283470213413239	4371,875	0,384197205305099					4371,875	0,509045481681824	4371,875	0,62681519985199			
4375	0,231953397393227			4375	0,209427565336227					4375	0,223309963941574	4375	0,209000796079636					4375	0,148979231715202	4375	0,0721202194690704					4375	-0,100023001432419	4375	-0,268667817115784			4375	0,131934881210327			4375	0,15936516225338					4375	0,16151687502861	4375	0,210560992360115					4375	0,283589661121368	4375	0,383098095655441					4375	0,508294701576233	4375	0,626937687397003			
4378,125	0,231166079640388			4378,125	0,211193963885307					4378,125	0,224995940923691	4378,125	0,211902722716331					4378,125	0,151301637291908	4378,125	0,0753354355692863					4378,125	-0,097383588552475	4378,125	-0,267266780138016			4378,125	0,130964815616608			4378,125	0,159810975193977					4378,125	0,162245392799377	4378,125	0,21138933300972					4378,125	0,285569161176682	4378,125	0,386046171188354					4378,125	0,512882888317108	4378,125	0,634906947612762			
4381,25	0,230885103344917			4381,25	0,2094846367836					4381,25	0,2237578779459	4381,25	0,211283579468727					4381,25	0,150872051715851	4381,25	0,0753698274493217					4381,25	-0,0970711708068848	4381,25	-0,266087651252747			4381,25	0,129816502332687			4381,25	0,158413484692574					4381,25	0,161486387252808	4381,25	0,209741964936256					4381,25	0,284776538610458	4381,25	0,3849818110466					4381,25	0,511433720588684	4381,25	0,631908059120178			
4384,375	0,232529744505882			4384,375	0,208999514579773					4384,375	0,22307950258255	4384,375	0,210650816559792					4384,375	0,150937288999557	4384,375	0,074768528342247					4384,375	-0,0964132472872734	4384,375	-0,26519051194191			4384,375	0,131276473402977			4384,375	0,157683357596397					4384,375	0,16095994412899	4384,375	0,208395019173622					4384,375	0,284400194883347	4384,375	0,383542001247406					4384,375	0,510610997676849	4384,375	0,629478275775909			
4387,5	0,230862811207771			4387,5	0,208586633205414					4387,5	0,221932455897331	4387,5	0,209729552268982					4387,5	0,150051236152649	4387,5	0,0738764032721519					4387,5	-0,0965290814638138	4387,5	-0,264941304922104			4387,5	0,131447911262512			4387,5	0,156807377934456					4387,5	0,161256313323975	4387,5	0,207548379898071					4387,5	0,284810990095139	4387,5	0,381863325834274					4387,5	0,508741855621338	4387,5	0,626935362815857			
4390,625	0,23156875371933			4390,625	0,208550184965134					4390,625	0,22210131585598	4390,625	0,210684597492218					4390,625	0,15069654583931	4390,625	0,0761336609721184					4390,625	-0,0947013348340988	4390,625	-0,263026028871536			4390,625	0,131978824734688			4390,625	0,156883031129837					4390,625	0,161389097571373	4390,625	0,207009956240654					4390,625	0,285890966653824	4390,625	0,38261467218399					4390,625	0,510111212730408	4390,625	0,630231142044067			
4393,75	0,230466187000275			4393,75	0,209986597299576					4393,75	0,223380133509636	4393,75	0,211932867765427					4393,75	0,152920320630074	4393,75	0,0793001800775528					4393,75	-0,0932823568582535	4393,75	-0,260182619094849			4393,75	0,131861239671707			4393,75	0,156412869691849					4393,75	0,161354407668114	4393,75	0,206074178218842					4393,75	0,286092519760132	4393,75	0,382699012756348					4393,75	0,511838853359222	4393,75	0,63306987285614			
4396,875	0,231297373771667			4396,875	0,209624633193016					4396,875	0,222793236374855	4396,875	0,21166929602623					4396,875	0,152666240930557	4396,875	0,078685998916626					4396,875	-0,0935843214392662	4396,875	-0,261500597000122			4396,875	0,132622420787811			4396,875	0,156163349747658					4396,875	0,161876276135445	4396,875	0,206890046596527					4396,875	0,28754073381424	4396,875	0,383310884237289					4396,875	0,513700306415558	4396,875	0,634084641933441			
4400	0,231094390153885			4400	0,209141254425049					4400	0,222091168165207	4400	0,21201890707016					4400	0,152763664722443	4400	0,0789239779114723					4400	-0,0917440801858902	4400	-0,259479254484177			4400	0,130945280194283			4400	0,154816582798958					4400	0,161405980587006	4400	0,205991446971893					4400	0,286929994821548	4400	0,382702112197876					4400	0,512427806854248	4400	0,633818030357361			
4403,125	0,229047998785973			4403,125	0,209101036190987					4403,125	0,22201181948185	4403,125	0,211557269096375					4403,125	0,15262308716774	4403,125	0,0790231823921204					4403,125	-0,0896883234381676	4403,125	-0,256801754236221			4403,125	0,131884455680847			4403,125	0,153719648718834					4403,125	0,161572948098183	4403,125	0,204637929797173					4403,125	0,286290109157562	4403,125	0,38039955496788					4403,125	0,510890662670136	4403,125	0,632063090801239			
4406,25	0,229619666934013			4406,25	0,208859801292419					4406,25	0,221906960010529	4406,25	0,212009519338608					4406,25	0,153715565800667	4406,25	0,0789842009544373					4406,25	-0,0892955884337425	4406,25	-0,256400316953659			4406,25	0,131333261728287			4406,25	0,153784990310669					4406,25	0,161698251962662	4406,25	0,203737646341324					4406,25	0,286312460899353	4406,25	0,380369156599045					4406,25	0,510930061340332	4406,25	0,632380545139313			
4409,375	0,230174705386162			4409,375	0,209158420562744					4409,375	0,223275244235992	4409,375	0,213869407773018					4409,375	0,155550360679626	4409,375	0,0806853249669075					4409,375	-0,0864709466695786	4409,375	-0,254520088434219			4409,375	0,131389647722244			4409,375	0,153247535228729					4409,375	0,161435037851334	4409,375	0,202869281172752					4409,375	0,286793500185013	4409,375	0,38055095076561					4409,375	0,513435959815979	4409,375	0,636114478111267			
4412,5	0,2282644957304			4412,5	0,208031997084618					4412,5	0,222771897912025	4412,5	0,213204383850098					4412,5	0,155275285243988	4412,5	0,0808968842029572					4412,5	-0,085900641977787	4412,5	-0,255054861307144			4412,5	0,131365790963173			4412,5	0,153113767504692					4412,5	0,161419451236725	4412,5	0,202490344643593					4412,5	0,286513388156891	4412,5	0,380203008651733					4412,5	0,51336807012558	4412,5	0,635286509990692			
4415,625	0,227429315447807			4415,625	0,208122476935387					4415,625	0,222875967621803	4415,625	0,213001474738121					4415,625	0,156237438321114	4415,625	0,0817590430378914					4415,625	-0,0853429064154625	4415,625	-0,253098845481873			4415,625	0,130681976675987			4415,625	0,152551576495171					4415,625	0,162765890359879	4415,625	0,203101739287376					4415,625	0,287410348653793	4415,625	0,380636781454086					4415,625	0,512676775455475	4415,625	0,635040640830994			
4418,75	0,227247431874275			4418,75	0,208097040653229					4418,75	0,223888382315636	4418,75	0,214509025216103					4418,75	0,15763558447361	4418,75	0,0820421651005745					4418,75	-0,0841211900115013	4418,75	-0,251107722520828			4418,75	0,13014543056488			4418,75	0,152018964290619					4418,75	0,162919014692307	4418,75	0,201855003833771					4418,75	0,287887871265411	4418,75	0,380009382963181					4418,75	0,513168275356293	4418,75	0,636710524559021			
4421,875	0,227337032556534			4421,875	0,2084950953722					4421,875	0,224035382270813	4421,875	0,214636623859406					4421,875	0,158174186944962	4421,875	0,0824536830186844					4421,875	-0,0830668434500694	4421,875	-0,250634133815765			4421,875	0,130257368087769			4421,875	0,151481881737709					4421,875	0,162792176008224	4421,875	0,2015400826931					4421,875	0,288436472415924	4421,875	0,380157977342606					4421,875	0,51450115442276	4421,875	0,63703179359436			
4425	0,226082995533943			4425	0,207005962729454					4425	0,223321586847305	4425	0,213393196463585					4425	0,158141523599625	4425	0,0833230763673782					4425	-0,0817473903298378	4425	-0,248694539070129			4425	0,130185946822166			4425	0,150457382202148					4425	0,162109836935997	4425	0,200897186994553					4425	0,287363559007645	4425	0,378135412931442					4425	0,513012528419495	4425	0,634850203990936			
4428,125	0,226619511842728			4428,125	0,207766696810722					4428,125	0,224577009677887	4428,125	0,214377284049988					4428,125	0,159931004047394	4428,125	0,0843935832381248					4428,125	-0,0804568529129028	4428,125	-0,247238233685493			4428,125	0,130277961492538			4428,125	0,150090917944908					4428,125	0,162234351038933	4428,125	0,200282990932465					4428,125	0,28764483332634	4428,125	0,378586202859879					4428,125	0,514104723930359	4428,125	0,63699871301651			
4431,25	0,227259680628777			4431,25	0,207330122590065					4431,25	0,224536746740341	4431,25	0,214173689484596					4431,25	0,159424498677254	4431,25	0,0824292376637459					4431,25	-0,082481749355793	4431,25	-0,250767350196838			4431,25	0,129496291279793			4431,25	0,15055887401104					4431,25	0,162863835692406	4431,25	0,200672969222069					4431,25	0,288325935602188	4431,25	0,379049748182297					4431,25	0,515958547592163	4431,25	0,637806057929993			
4434,375	0,225879579782486			4434,375	0,207774594426155					4434,375	0,224982544779778	4434,375	0,214436873793602					4434,375	0,160816937685013	4434,375	0,0845999717712402					4434,375	-0,0778856799006462	4434,375	-0,245938390493393			4434,375	0,129185885190964			4434,375	0,149150744080544					4434,375	0,16222520172596	4434,375	0,198148772120476					4434,375	0,286028742790222	4434,375	0,377784937620163					4434,375	0,516011118888855	4434,375	0,639047980308533			
4437,5	0,226569786667824			4437,5	0,206635892391205					4437,5	0,224465325474739	4437,5	0,215109780430794					4437,5	0,161700770258904	4437,5	0,0847241058945656					4437,5	-0,0769222602248192	4437,5	-0,243202641606331			4437,5	0,130415439605713			4437,5	0,149175867438316					4437,5	0,161131218075752	4437,5	0,196217983961105					4437,5	0,285845637321472	4437,5	0,376389920711517					4437,5	0,51477313041687	4437,5	0,639673471450806			
4440,625	0,226332172751427			4440,625	0,206961259245872					4440,625	0,225559800863266	4440,625	0,215068578720093					4440,625	0,162091583013535	4440,625	0,0860521346330643					4440,625	-0,0756837129592896	4440,625	-0,243019968271255			4440,625	0,130889698863029			4440,625	0,147885411977768					4440,625	0,161034718155861	4440,625	0,195580646395683					4440,625	0,285695731639862	4440,625	0,376664638519287					4440,625	0,515141606330872	4440,625	0,639677226543427			
4443,75	0,225667864084244			4443,75	0,206803068518639					4443,75	0,225816681981087	4443,75	0,21481965482235					4443,75	0,162950873374939	4443,75	0,0873333662748337					4443,75	-0,0739182010293007	4443,75	-0,240721374750137			4443,75	0,129949390888214			4443,75	0,146701067686081					4443,75	0,159771993756294	4443,75	0,194591820240021					4443,75	0,283508032560349	4443,75	0,374731659889221					4443,75	0,511836409568787	4443,75	0,637386083602905			
4446,875	0,224621400237083			4446,875	0,206662848591805					4446,875	0,227257907390594	4446,875	0,21544885635376					4446,875	0,163700610399246	4446,875	0,0874089226126671					4446,875	-0,0739162340760231	4446,875	-0,241202786564827			4446,875	0,12928007543087			4446,875	0,147168397903442					4446,875	0,160844638943672	4446,875	0,195236295461655					4446,875	0,285459488630295	4446,875	0,375626087188721					4446,875	0,513999760150909	4446,875	0,639763653278351			
4450	0,223810061812401			4450	0,206221491098404					4450	0,227806344628334	4450	0,215326324105263					4450	0,164368703961372	4450	0,0865004807710648					4450	-0,073813408613205	4450	-0,242355301976204			4450	0,129808321595192			4450	0,146778419613838					4450	0,160221725702286	4450	0,195387229323387					4450	0,285499334335327	4450	0,37678474187851					4450	0,515652596950531	4450	0,640990138053894			
4453,125	0,224207043647766			4453,125	0,20620733499527					4453,125	0,228248417377472	4453,125	0,215400159358978					4453,125	0,165374606847763	4453,125	0,0875085145235062					4453,125	-0,0712542906403542	4453,125	-0,239997029304504			4453,125	0,128904893994331			4453,125	0,146050021052361					4453,125	0,159235894680023	4453,125	0,194045498967171					4453,125	0,283801704645157	4453,125	0,375521302223206					4453,125	0,51543664932251	4453,125	0,640549063682556			
4456,25	0,224241107702255			4456,25	0,205284163355827					4456,25	0,227559939026833	4456,25	0,214250341057777					4456,25	0,164479672908783	4456,25	0,0866470709443092					4456,25	-0,0714548826217651	4456,25	-0,239380568265915			4456,25	0,130715429782867			4456,25	0,145434454083443					4456,25	0,158824920654297	4456,25	0,192818716168404					4456,25	0,283250361680985	4456,25	0,374200046062469					4456,25	0,513228952884674	4456,25	0,638455629348755			
4459,375	0,22376874089241			4459,375	0,205078825354576					4459,375	0,227445662021637	4459,375	0,215542167425156					4459,375	0,164553418755531	4459,375	0,0879634395241737					4459,375	-0,0674374178051949	4459,375	-0,235418975353241			4459,375	0,129591539502144			4459,375	0,144129320979118					4459,375	0,157186403870583	4459,375	0,191085815429688					4459,375	0,282039403915405	4459,375	0,372960329055786					4459,375	0,51287454366684	4459,375	0,638095915317535			
4462,5	0,22394061088562			4462,5	0,206470906734467					4462,5	0,22944974899292	4462,5	0,216616243124008					4462,5	0,167809039354324	4462,5	0,090258002281189					4462,5	-0,0644026398658752	4462,5	-0,234004095196724			4462,5	0,12920755147934			4462,5	0,143944934010506					4462,5	0,158030658960342	4462,5	0,190763026475906					4462,5	0,282700031995773	4462,5	0,373630404472351					4462,5	0,517896950244904	4462,5	0,643413007259369			
4465,625	0,222677499055862			4465,625	0,204462945461273					4465,625	0,229478478431702	4465,625	0,215535745024681					4465,625	0,167471840977669	4465,625	0,0889835208654404					4465,625	-0,0659336745738983	4465,625	-0,236140489578247			4465,625	0,128776013851166			4465,625	0,143643721938133					4465,625	0,15840969979763	4465,625	0,191202431917191					4465,625	0,28164404630661	4465,625	0,373270392417908					4465,625	0,515642106533051	4465,625	0,642428338527679			
4468,75	0,222837179899216			4468,75	0,204006254673004					4468,75	0,230662003159523	4468,75	0,216801092028618					4468,75	0,167992904782295	4468,75	0,0894215553998947					4468,75	-0,0656064748764038	4468,75	-0,234782204031944			4468,75	0,128008395433426			4468,75	0,144016608595848					4468,75	0,157496958971024	4468,75	0,191213816404343					4468,75	0,282001465559006	4468,75	0,373715728521347					4468,75	0,516256153583527	4468,75	0,645603120326996			
4471,875	0,222591862082481			4471,875	0,205688163638115					4471,875	0,229980438947678	4471,875	0,217733532190323					4471,875	0,169740155339241	4471,875	0,0919898897409439					4471,875	-0,0597024410963058	4471,875	-0,228205278515816			4471,875	0,129618540406227			4471,875	0,141707539558411					4471,875	0,154167577624321	4471,875	0,188082441687584					4471,875	0,279958695173264	4471,875	0,372959643602371					4471,875	0,5133997797966	4471,875	0,644503057003021			
4475	0,223932668566704			4475	0,204290732741356					4475	0,229111209511757	4475	0,216065093874931					4475	0,169310823082924	4475	0,0907122194766998					4475	-0,0604720003902912	4475	-0,230297774076462			4475	0,129289954900742			4475	0,142450332641602					4475	0,15377651154995	4475	0,187623277306557					4475	0,278402179479599	4475	0,372227489948273					4475	0,513150095939636	4475	0,643801629543304			
4478,125	0,22211679816246			4478,125	0,203497141599655					4478,125	0,228914812207222	4478,125	0,215581372380257					4478,125	0,169115483760834	4478,125	0,0907886326313019					4478,125	-0,0620604977011681	4478,125	-0,230668261647224			4478,125	0,128672882914543			4478,125	0,140918597579002					4478,125	0,154350832104683	4478,125	0,187586456537247					4478,125	0,276897072792053	4478,125	0,370672821998596					4478,125	0,512531638145447	4478,125	0,642066895961761			
4481,25	0,221218168735504			4481,25	0,205565765500069					4481,25	0,231561258435249	4481,25	0,21782398223877					4481,25	0,172032728791237	4481,25	0,0954449623823166					4481,25	-0,0549078397452831	4481,25	-0,223140895366669			4481,25	0,128801941871643			4481,25	0,139717876911163					4481,25	0,152644738554955	4481,25	0,186057031154633					4481,25	0,27743124961853	4481,25	0,370490819215775					4481,25	0,515836179256439	4481,25	0,648254156112671			
4484,375	0,219954520463943			4484,375	0,205258831381798					4484,375	0,232375219464302	4484,375	0,217896148562431					4484,375	0,171430364251137	4484,375	0,0944080501794815					4484,375	-0,0537677370011806	4484,375	-0,22346767783165			4484,375	0,127210363745689			4484,375	0,140339329838753					4484,375	0,152529567480087	4484,375	0,185845196247101					4484,375	0,277012825012207	4484,375	0,371558398008347					4484,375	0,516090273857117	4484,375	0,6498743891716			
4487,5	0,222020119428635			4487,5	0,203720152378082					4487,5	0,231430783867836	4487,5	0,216328993439674					4487,5	0,17037533223629	4487,5	0,092106819152832					4487,5	-0,0549944192171097	4487,5	-0,225199148058891			4487,5	0,127526983618736			4487,5	0,140142470598221					4487,5	0,152256548404694	4487,5	0,184911355376244					4487,5	0,27558958530426	4487,5	0,370248794555664					4487,5	0,513173460960388	4487,5	0,646371126174927			
4490,625	0,220818802714348			4490,625	0,202434316277504					4490,625	0,230133295059204	4490,625	0,216601103544235					4490,625	0,171338096261024	4490,625	0,0927030220627785					4490,625	-0,0541269071400166	4490,625	-0,223889380693436			4490,625	0,127605974674225			4490,625	0,138469591736794					4490,625	0,15130777657032	4490,625	0,18438558280468					4490,625	0,275982737541199	4490,625	0,3706134557724					4490,625	0,513878107070923	4490,625	0,646290004253387			
4493,75	0,219814598560333			4493,75	0,203102588653564					4493,75	0,230239585042	4493,75	0,216924205422401					4493,75	0,171868175268173	4493,75	0,0944158509373665					4493,75	-0,051560714840889	4493,75	-0,220797181129456			4493,75	0,127140253782272			4493,75	0,137764006853104					4493,75	0,14992368221283	4493,75	0,183178454637527					4493,75	0,275102347135544	4493,75	0,370740860700607					4493,75	0,514082491397858	4493,75	0,648100197315216			
4496,875	0,219818145036697			4496,875	0,202813059091568					4496,875	0,229862615466118	4496,875	0,217349424958229					4496,875	0,173620656132698	4496,875	0,0959573686122894					4496,875	-0,0484233573079109	4496,875	-0,21663910150528			4496,875	0,126960635185242			4496,875	0,136209920048714					4496,875	0,148890361189842	4496,875	0,181417644023895					4496,875	0,272359132766724	4496,875	0,36928528547287					4496,875	0,511127710342407	4496,875	0,646757125854492			
4500	0,219523727893829			4500	0,202633395791054					4500	0,229485616087914	4500	0,217296704649925					4500	0,173187360167503	4500	0,0951061323285103					4500	-0,0502915196120739	4500	-0,220362544059753			4500	0,127250626683235			4500	0,136372312903404					4500	0,149087533354759	4500	0,182075262069702					4500	0,273832589387894	4500	0,370925784111023					4500	0,514169454574585	4500	0,648799180984497			
4503,125	0,220074281096458			4503,125	0,202555537223816					4503,125	0,230083286762238	4503,125	0,218029290437698					4503,125	0,174305826425552	4503,125	0,0965787395834923					4503,125	-0,0468132682144642	4503,125	-0,217880293726921			4503,125	0,12807585299015			4503,125	0,135234668850899					4503,125	0,148307487368584	4503,125	0,180952981114388					4503,125	0,272874861955643	4503,125	0,370606660842896					4503,125	0,514444530010223	4503,125	0,649012863636017			
4506,25	0,220087751746178			4506,25	0,202806249260902					4506,25	0,231030404567719	4506,25	0,219415128231049					4506,25	0,174887970089912	4506,25	0,0977883040904999					4506,25	-0,0453913472592831	4506,25	-0,216027870774269			4506,25	0,126238599419594			4506,25	0,135470733046532					4506,25	0,147628337144852	4506,25	0,180144280195236					4506,25	0,272888392210007	4506,25	0,371773153543472					4506,25	0,514763355255127	4506,25	0,652616500854492			
4509,375	0,218156680464745			4509,375	0,202696457505226					4509,375	0,230261817574501	4509,375	0,218896180391312					4509,375	0,175643682479858	4509,375	0,0988380312919617					4509,375	-0,0447052754461765	4509,375	-0,213879197835922			4509,375	0,126063570380211			4509,375	0,135336071252823					4509,375	0,146805509924889	4509,375	0,179157570004463					4509,375	0,272461384534836	4509,375	0,370911538600922					4509,375	0,514614820480347	4509,375	0,653515517711639			
4512,5	0,217547044157982			4512,5	0,202175572514534					4512,5	0,230258733034134	4512,5	0,217744052410126					4512,5	0,174887359142303	4512,5	0,0981778800487518					4512,5	-0,0447176620364189	4512,5	-0,213743761181831			4512,5	0,125878393650055			4512,5	0,134497061371803					4512,5	0,146273508667946	4512,5	0,179115697741508					4512,5	0,271028131246567	4512,5	0,36809241771698					4512,5	0,510424435138702	4512,5	0,649690508842468			
4515,625	0,217076361179352			4515,625	0,202138632535934					4515,625	0,230923384428024	4515,625	0,218496888875961					4515,625	0,174999862909317	4515,625	0,100038453936577					4515,625	-0,0423384606838226	4515,625	-0,209712594747543			4515,625	0,125799044966698			4515,625	0,133230999112129					4515,625	0,146105885505676	4515,625	0,177793368697166					4515,625	0,269938945770264	4515,625	0,36837249994278					4515,625	0,510820508003235	4515,625	0,65092533826828			
4518,75	0,217377930879593			4518,75	0,201951056718826					4518,75	0,230703443288803	4518,75	0,218801140785217					4518,75	0,175319224596024	4518,75	0,099670872092247					4518,75	-0,0427936278283596	4518,75	-0,211382403969765			4518,75	0,126274973154068			4518,75	0,133763164281845					4518,75	0,146198123693466	4518,75	0,178124263882637					4518,75	0,270675390958786	4518,75	0,370340436697006					4518,75	0,513975024223328	4518,75	0,654641330242157			
4521,875	0,216946601867676			4521,875	0,202225387096405					4521,875	0,230812564492226	4521,875	0,218668088316917					4521,875	0,176193565130234	4521,875	0,102473728358746					4521,875	-0,0412192195653915	4521,875	-0,207861289381981			4521,875	0,125583633780479			4521,875	0,13354979455471					4521,875	0,144147485494614	4521,875	0,176772087812424					4521,875	0,269818156957626	4521,875	0,370250910520554					4521,875	0,513101875782013	4521,875	0,655369222164154			
4525	0,216362997889519			4525	0,202190667390823					4525	0,230971068143845	4525	0,218869134783745					4525	0,176943734288216	4525	0,103824950754642					4525	-0,0386766344308853	4525	-0,204223349690437			4525	0,12536059319973			4525	0,132310748100281					4525	0,144157439470291	4525	0,174829199910164					4525	0,268290847539902	4525	0,36778911948204					4525	0,51038008928299	4525	0,65415096282959			
4528,125	0,21621635556221			4528,125	0,201051399111748					4528,125	0,229924023151398	4528,125	0,218048423528671					4528,125	0,177052885293961	4528,125	0,104016825556755					4528,125	-0,0363927260041237	4528,125	-0,201357781887054			4528,125	0,124019868671894			4528,125	0,130975991487503					4528,125	0,142298266291618	4528,125	0,17356051504612					4528,125	0,26632758975029	4528,125	0,366041362285614					4528,125	0,50855541229248	4528,125	0,649969398975372			
4531,25	0,216230735182762			4531,25	0,200433656573296					4531,25	0,230016514658928	4531,25	0,217998802661896					4531,25	0,178059250116348	4531,25	0,104432322084904					4531,25	-0,0345648489892483	4531,25	-0,199222907423973			4531,25	0,123599037528038			4531,25	0,130160391330719					4531,25	0,14090034365654	4531,25	0,173258349299431					4531,25	0,265756040811539	4531,25	0,365177094936371					4531,25	0,508309185504913	4531,25	0,650535225868225			
4534,375	0,215861529111862			4534,375	0,200222060084343					4534,375	0,230316072702408	4534,375	0,218105003237724					4534,375	0,17828007042408	4534,375	0,104545511305332					4534,375	-0,034865565598011	4534,375	-0,199428141117096			4534,375	0,124669209122658			4534,375	0,13019135594368					4534,375	0,141187950968742	4534,375	0,173186212778091					4534,375	0,265980184078217	4534,375	0,365951031446457					4534,375	0,509332180023193	4534,375	0,652006208896637			
4537,5	0,215779110789299			4537,5	0,200229361653328					4537,5	0,23073248565197	4537,5	0,217955738306046					4537,5	0,17897193133831	4537,5	0,106342799961567					4537,5	-0,0329591110348701	4537,5	-0,196444734930992			4537,5	0,124560654163361			4537,5	0,129105284810066					4537,5	0,140935957431793	4537,5	0,172003090381622					4537,5	0,264586836099625	4537,5	0,365199953317642					4537,5	0,508940041065216	4537,5	0,652154982089996			
4540,625	0,214512199163437			4540,625	0,200075909495354					4540,625	0,231113135814667	4540,625	0,218576163053513					4540,625	0,179306507110596	4540,625	0,108213849365711					4540,625	-0,0307289138436317	4540,625	-0,193559199571609			4540,625	0,124659411609173			4540,625	0,128662541508675					4540,625	0,139493376016617	4540,625	0,169971406459808					4540,625	0,264017373323441	4540,625	0,363520830869675					4540,625	0,507178723812103	4540,625	0,651998221874237			
4543,75	0,214724645018578			4543,75	0,199681982398033					4543,75	0,231410130858421	4543,75	0,218867316842079					4543,75	0,180110394954681	4543,75	0,109510987997055					4543,75	-0,0294969547539949	4543,75	-0,191905796527863			4543,75	0,124007932841778			4543,75	0,128846287727356					4543,75	0,139560908079147	4543,75	0,170271635055542					4543,75	0,263021558523178	4543,75	0,363627076148987					4543,75	0,508558511734009	4543,75	0,653249621391296			
4546,875	0,215005844831467			4546,875	0,199389651417732					4546,875	0,230961129069328	4546,875	0,218472361564636					4546,875	0,179990112781525	4546,875	0,110197223722935					4546,875	-0,0287943128496408	4546,875	-0,191750034689903			4546,875	0,123728066682816			4546,875	0,128556460142136					4546,875	0,138664081692696	4546,875	0,169762253761292					4546,875	0,262678474187851	4546,875	0,362978667020798					4546,875	0,508477330207825	4546,875	0,654024064540863			
4550	0,214941546320915			4550	0,199220269918442					4550	0,230805233120918	4550	0,218554377555847					4550	0,179884970188141	4550	0,110434353351593					4550	-0,0282520689070225	4550	-0,192170381546021			4550	0,122476205229759			4550	0,128194481134415					4550	0,138012036681175	4550	0,169607758522034					4550	0,26298126578331	4550	0,363084137439728					4550	0,508787870407104	4550	0,655491352081299			
4553,125	0,213948294520378			4553,125	0,198560237884521					4553,125	0,230108648538589	4553,125	0,218409463763237					4553,125	0,180333778262138	4553,125	0,110944032669067					4553,125	-0,0268598217517138	4553,125	-0,18828222155571			4553,125	0,122321613132954			4553,125	0,12695424258709					4553,125	0,136776849627495	4553,125	0,167019888758659					4553,125	0,261423587799072	4553,125	0,359461277723312					4553,125	0,506983876228333	4553,125	0,652443051338196			
4556,25	0,213746353983879			4556,25	0,198319435119629					4556,25	0,23087003827095	4556,25	0,219270154833794					4556,25	0,18128490447998	4556,25	0,11203945428133					4556,25	-0,0240795258432627	4556,25	-0,185062676668167			4556,25	0,121907532215118			4556,25	0,126372247934341					4556,25	0,136619985103607	4556,25	0,167289257049561					4556,25	0,260974645614624	4556,25	0,360234379768372					4556,25	0,50692892074585	4556,25	0,653124928474426			
4559,375	0,213427871465683			4559,375	0,197921514511108					4559,375	0,230210840702057	4559,375	0,217943906784058					4559,375	0,179659232497215	4559,375	0,108547627925873					4559,375	-0,0277984440326691	4559,375	-0,189926832914352			4559,375	0,121778890490532			4559,375	0,12627200782299					4559,375	0,13704688847065	4559,375	0,168558895587921					4559,375	0,261027932167053	4559,375	0,361479729413986					4559,375	0,507827162742615	4559,375	0,653789341449738			
4562,5	0,213825583457947			4562,5	0,199454829096794					4562,5	0,232051745057106	4562,5	0,221225872635841					4562,5	0,185224816203117	4562,5	0,116729877889156					4562,5	-0,0181488730013371	4562,5	-0,177198424935341			4562,5	0,122728392481804			4562,5	0,125858679413795					4562,5	0,135734125971794	4562,5	0,166434854269028					4562,5	0,259807676076889	4562,5	0,360320895910263					4562,5	0,508518397808075	4562,5	0,657761812210083			
4565,625	0,213867351412773			4565,625	0,198345541954041					4565,625	0,231961265206337	4565,625	0,220753744244576					4565,625	0,183244705200195	4565,625	0,116134464740753					4565,625	-0,0204167570918798	4565,625	-0,180348798632622			4565,625	0,121106468141079			4565,625	0,125900775194168					4565,625	0,136152788996696	4565,625	0,165414810180664					4565,625	0,259344458580017	4565,625	0,36025732755661					4565,625	0,507718801498413	4565,625	0,65515661239624			
4568,75	0,212918296456337			4568,75	0,198291674256325					4568,75	0,23240402340889	4568,75	0,220356091856956					4568,75	0,183593213558197	4568,75	0,117494843900204					4568,75	-0,0189508758485317	4568,75	-0,179057657718658			4568,75	0,121023245155811			4568,75	0,125493869185448					4568,75	0,135629385709763	4568,75	0,164339125156403					4568,75	0,25880753993988	4568,75	0,360495656728745					4568,75	0,508864462375641	4568,75	0,656658530235291			
4571,875	0,212638705968857			4571,875	0,19794736802578					4571,875	0,23105026781559	4571,875	0,219601735472679					4571,875	0,183057427406311	4571,875	0,116370007395744					4571,875	-0,0191358327865601	4571,875	-0,178890481591225			4571,875	0,121245011687279			4571,875	0,125090256333351					4571,875	0,134461268782616	4571,875	0,163774698972702					4571,875	0,258249342441559	4571,875	0,358956515789032					4571,875	0,506892740726471	4571,875	0,654474973678589			
4575	0,212490066885948			4575	0,19849257171154					4575	0,230868965387344	4575	0,220614328980446					4575	0,184218347072601	4575	0,117722652852535					4575	-0,0170998238027096	4575	-0,174939870834351			4575	0,120094746351242			4575	0,124676644802094					4575	0,133475705981255	4575	0,162801921367645					4575	0,25689822435379	4575	0,357797145843506					4575	0,505350112915039	4575	0,6551553606987			
4578,125	0,211938008666039			4578,125	0,197912782430649					4578,125	0,230942279100418	4578,125	0,220179781317711					4578,125	0,183934390544891	4578,125	0,118401169776917					4578,125	-0,016155369579792	4578,125	-0,173129975795746			4578,125	0,119404464960098			4578,125	0,124170698225498					4578,125	0,132492214441299	4578,125	0,161992087960243					4578,125	0,254939436912537	4578,125	0,355536013841629					4578,125	0,503824889659882	4578,125	0,653495013713837			
4581,25	0,211570516228676			4581,25	0,197917848825455					4581,25	0,231793433427811	4581,25	0,220962449908257					4581,25	0,185379073023796	4581,25	0,120481595396996					4581,25	-0,0130342617630959	4581,25	-0,169294714927673			4581,25	0,119096010923386			4581,25	0,12313724309206					4581,25	0,131895288825035	4581,25	0,160686314105988					4581,25	0,253372937440872	4581,25	0,354108303785324					4581,25	0,502745389938354	4581,25	0,651859700679779			
4584,375	0,212163120508194			4584,375	0,198416754603386					4584,375	0,231674835085869	4584,375	0,221481755375862					4584,375	0,186385899782181	4584,375	0,121620900928974					4584,375	-0,0110434126108885	4584,375	-0,167483106255531			4584,375	0,119516596198082			4584,375	0,123648844659328					4584,375	0,131155788898468	4584,375	0,160818696022034					4584,375	0,25386705994606	4584,375	0,354532152414322					4584,375	0,503643929958344	4584,375	0,653856933116913			
4587,5	0,212142124772072			4587,5	0,198386579751968					4587,5	0,231703445315361	4587,5	0,221052050590515					4587,5	0,186065450310707	4587,5	0,122206963598728					4587,5	-0,0112737221643329	4587,5	-0,168517500162125			4587,5	0,118914820253849			4587,5	0,124165587127209					4587,5	0,130660831928253	4587,5	0,161031752824783					4587,5	0,254676401615143	4587,5	0,355016529560089					4587,5	0,504678308963776	4587,5	0,656266987323761			
4590,625	0,211977317929268			4590,625	0,198294684290886					4590,625	0,232191100716591	4590,625	0,221908003091812					4590,625	0,187716469168663	4590,625	0,12340534478426					4590,625	-0,00862866267561913	4590,625	-0,164176508784294			4590,625	0,117874525487423			4590,625	0,123920373618603					4590,625	0,130209654569626	4590,625	0,15991622209549					4590,625	0,253310739994049	4590,625	0,354134798049927					4590,625	0,504642128944397	4590,625	0,657660067081451			
4593,75	0,21251517534256			4593,75	0,198387339711189					4593,75	0,232337459921837	4593,75	0,222362726926804					4593,75	0,187838703393936	4593,75	0,125005468726158					4593,75	-0,0069366586394608	4593,75	-0,163521066308022			4593,75	0,117769993841648			4593,75	0,12349545955658					4593,75	0,130352020263672	4593,75	0,158966273069382					4593,75	0,253044962882996	4593,75	0,353407353162766					4593,75	0,50440913438797	4593,75	0,656838834285736			
4596,875	0,211693167686462			4596,875	0,197525411844254					4596,875	0,231051594018936	4596,875	0,221337541937828					4596,875	0,18757700920105	4596,875	0,125235050916672					4596,875	-0,00650247279554605	4596,875	-0,161737456917763			4596,875	0,11730157583952			4596,875	0,122857488691807					4596,875	0,129230558872223	4596,875	0,157341346144676					4596,875	0,250996530056	4596,875	0,351581990718842					4596,875	0,501911282539368	4596,875	0,653892993927002			
4600	0,211347743868828			4600	0,198343321681023					4600	0,23287595808506	4600	0,223500907421112					4600	0,188654854893684	4600	0,126595243811607					4600	-0,00438837660476565	4600	-0,159054443240166			4600	0,117838516831398			4600	0,123066507279873					4600	0,12903705239296	4600	0,15681317448616					4600	0,25116640329361	4600	0,351542770862579					4600	0,503918349742889	4600	0,656304776668549			
4603,125	0,210819661617279			4603,125	0,199391230940819					4603,125	0,23350465297699	4603,125	0,224904716014862					4603,125	0,19025856256485	4603,125	0,12800244987011					4603,125	-0,00155397946946323	4603,125	-0,15652534365654			4603,125	0,117577463388443			4603,125	0,123736031353474					4603,125	0,128568708896637	4603,125	0,156566128134727					4603,125	0,251333594322205	4603,125	0,351731270551682					4603,125	0,504620552062988	4603,125	0,659513056278229			
4606,25	0,209499597549438			4606,25	0,198963314294815					4606,25	0,232438594102859	4606,25	0,223734900355339					4606,25	0,189041331410408	4606,25	0,127387970685959					4606,25	-0,00216163485310972	4606,25	-0,156855642795563			4606,25	0,116851955652237			4606,25	0,12273383885622					4606,25	0,127975180745125	4606,25	0,155681937932968					4606,25	0,25015714764595	4606,25	0,350584179162979					4606,25	0,501633942127228	4606,25	0,656085968017578			
4609,375	0,210267335176468			4609,375	0,199147194623947					4609,375	0,23270072042942	4609,375	0,223927810788155					4609,375	0,189191862940788	4609,375	0,127940356731415					4609,375	-0,00171598338056356	4609,375	-0,155663758516312			4609,375	0,117044538259506			4609,375	0,122847370803356					4609,375	0,127725064754486	4609,375	0,155756518244743					4609,375	0,250341266393662	4609,375	0,351331859827042					4609,375	0,503139972686768	4609,375	0,658444583415985			
4612,5	0,210582748055458			4612,5	0,199551403522491					4612,5	0,233414173126221	4612,5	0,225119903683662					4612,5	0,190535590052605	4612,5	0,131059125065804					4612,5	0,00168680853676051	4612,5	-0,151371598243713			4612,5	0,116128921508789			4612,5	0,122005827724934					4612,5	0,126228243112564	4612,5	0,154228165745735					4612,5	0,249139994382858	4612,5	0,349511861801147					4612,5	0,501742541790009	4612,5	0,658040344715118			
4615,625	0,209366053342819			4615,625	0,199110746383667					4615,625	0,232862457633018	4615,625	0,224438697099686					4615,625	0,190179437398911	4615,625	0,130503013730049					4615,625	0,00191798759624362	4615,625	-0,151922106742859			4615,625	0,115889273583889			4615,625	0,121482580900192					4615,625	0,126118630170822	4615,625	0,153469309210777					4615,625	0,247623309493065	4615,625	0,347798526287079					4615,625	0,4998379945755	4615,625	0,655377447605133			
4618,75	0,209189891815186			4618,75	0,200010657310486					4618,75	0,233798399567604	4618,75	0,225758835673332					4618,75	0,191551700234413	4618,75	0,131619065999985					4618,75	0,00373969646170735	4618,75	-0,149255141615868			4618,75	0,116004899144173			4618,75	0,121239848434925					4618,75	0,126303687691689	4618,75	0,153282389044762					4618,75	0,247304454445839	4618,75	0,348508059978485					4618,75	0,501811265945435	4618,75	0,657598495483398			
4621,875	0,209625944495201			4621,875	0,200242832303047					4621,875	0,234094649553299	4621,875	0,2260502576828					4621,875	0,192083552479744	4621,875	0,131744548678398					4621,875	0,00314148026518524	4621,875	-0,14845834672451			4621,875	0,114442832767963			4621,875	0,121759332716465					4621,875	0,125991016626358	4621,875	0,153383523225784					4621,875	0,247363567352295	4621,875	0,347899109125137					4621,875	0,499486327171326	4621,875	0,65645831823349			
4625	0,209230944514275			4625	0,198960453271866					4625	0,234124407172203	4625	0,225698545575142					4625	0,193182453513145	4625	0,134813845157623					4625	0,00939036346971989	4625	-0,141181424260139			4625	0,114027984440327			4625	0,120367057621479					4625	0,123626731336117	4625	0,150498747825623					4625	0,244734331965446	4625	0,344366550445557					4625	0,495902866125107	4625	0,653392434120178			
4628,125	0,209364861249924			4628,125	0,200584590435028					4628,125	0,234883859753609	4628,125	0,226217806339264					4628,125	0,193362295627594	4628,125	0,135242328047752					4628,125	0,0103236548602581	4628,125	-0,140583753585815			4628,125	0,114580430090427			4628,125	0,120439164340496					4628,125	0,123730950057507	4628,125	0,14979849755764					4628,125	0,244479104876518	4628,125	0,345454722642899					4628,125	0,498201280832291	4628,125	0,65503990650177			
4631,25	0,208741635084152			4631,25	0,200390860438347					4631,25	0,233546540141106	4631,25	0,22691735625267					4631,25	0,194365531206131	4631,25	0,136898845434189					4631,25	0,0106295607984066	4631,25	-0,137540638446808			4631,25	0,113889917731285			4631,25	0,120607160031796					4631,25	0,122721187770367	4631,25	0,148340165615082					4631,25	0,243470937013626	4631,25	0,344105005264282					4631,25	0,497732371091843	4631,25	0,65517657995224			
4634,375	0,208541214466095			4634,375	0,201080456376076					4634,375	0,234625250101089	4634,375	0,228090509772301					4634,375	0,196157768368721	4634,375	0,138683274388313					4634,375	0,0144247645512223	4634,375	-0,134239092469215			4634,375	0,113598302006721			4634,375	0,120249778032303					4634,375	0,122217133641243	4634,375	0,147477358579636					4634,375	0,243854492902756	4634,375	0,344719350337982					4634,375	0,498948395252228	4634,375	0,659145176410675			
4637,5	0,208334401249886			4637,5	0,201113536953926					4637,5	0,234619438648224	4637,5	0,228038921952248					4637,5	0,194993510842323	4637,5	0,137831032276154					4637,5	0,0125866960734129	4637,5	-0,136339873075485			4637,5	0,113242320716381			4637,5	0,119968183338642					4637,5	0,123697035014629	4637,5	0,148155063390732					4637,5	0,243603363633156	4637,5	0,344485729932785					4637,5	0,498103141784668	4637,5	0,658711314201355			
4640,625	0,207313150167465			4640,625	0,200960770249367					4640,625	0,235096901655197	4640,625	0,227999627590179					4640,625	0,194939762353897	4640,625	0,138362482190132					4640,625	0,0130574963986874	4640,625	-0,136331170797348			4640,625	0,113222621381283			4640,625	0,120236277580261					4640,625	0,123041614890099	4640,625	0,147831216454506					4640,625	0,241963475942612	4640,625	0,343310713768005					4640,625	0,497843772172928	4640,625	0,658510982990265			
4643,75	0,207613155245781			4643,75	0,202352225780487					4643,75	0,236171722412109	4643,75	0,228495985269547					4643,75	0,197076335549355	4643,75	0,141027718782425					4643,75	0,0178411025553942	4643,75	-0,129904374480247			4643,75	0,111979693174362			4643,75	0,118827477097511					4643,75	0,121006667613983	4643,75	0,14611405134201					4643,75	0,241715714335442	4643,75	0,341126263141632					4643,75	0,496813207864761	4643,75	0,656515717506409			
4646,875	0,207774803042412			4646,875	0,202769979834557					4646,875	0,235816046595573	4646,875	0,228835836052895					4646,875	0,19776925444603	4646,875	0,141192808747292					4646,875	0,0169352795928717	4646,875	-0,129971265792847			4646,875	0,112392358481884			4646,875	0,118590444326401					4646,875	0,121394000947475	4646,875	0,145296856760979					4646,875	0,241974800825119	4646,875	0,341365307569504					4646,875	0,496135175228119	4646,875	0,656747996807098			
4650	0,209010973572731			4650	0,203157901763916					4650	0,23603980243206	4650	0,228644475340843					4650	0,198716834187508	4650	0,141744211316109					4650	0,0189900025725365	4650	-0,127020165324211			4650	0,112195581197739			4650	0,118690595030785					4650	0,120953924953938	4650	0,144361659884453					4650	0,240965306758881	4650	0,340571105480194					4650	0,495650291442871	4650	0,65723317861557			
4653,125	0,208505094051361			4653,125	0,203175351023674					4653,125	0,237064957618713	4653,125	0,2298583984375					4653,125	0,199728548526764	4653,125	0,14325849711895					4653,125	0,021824499592185	4653,125	-0,125414192676544			4653,125	0,111930184066296			4653,125	0,118468269705772					4653,125	0,120634891092777	4653,125	0,14321194589138					4653,125	0,241080239415169	4653,125	0,340152949094772					4653,125	0,496300309896469	4653,125	0,659685492515564			
4656,25	0,208018243312836			4656,25	0,203481659293175					4656,25	0,237890973687172	4656,25	0,230653569102287					4656,25	0,200099781155586	4656,25	0,144808694720268					4656,25	0,0234234221279621	4656,25	-0,123436264693737			4656,25	0,11191338300705			4656,25	0,118806280195713					4656,25	0,120192892849445	4656,25	0,142322301864624					4656,25	0,240728870034218	4656,25	0,340156555175781					4656,25	0,49591389298439	4656,25	0,659567475318909			
4659,375	0,208398252725601			4659,375	0,203546449542046					4659,375	0,237970963120461	4659,375	0,230884939432144					4659,375	0,199736207723618	4659,375	0,145066127181053					4659,375	0,0225779451429844	4659,375	-0,124192804098129			4659,375	0,111724764108658			4659,375	0,11862837523222					4659,375	0,119702242314816	4659,375	0,142328456044197					4659,375	0,241187810897827	4659,375	0,340349614620209					4659,375	0,495484322309494	4659,375	0,660467565059662			
4662,5	0,208152040839195			4662,5	0,205712854862213					4662,5	0,238970756530762	4662,5	0,23282815515995					4662,5	0,20293915271759	4662,5	0,147590607404709					4662,5	0,0253458917140961	4662,5	-0,119752556085587			4662,5	0,112245321273804			4662,5	0,118727713823318					4662,5	0,120353475213051	4662,5	0,142411276698112					4662,5	0,24210961163044	4662,5	0,342189878225327					4662,5	0,499883651733398	4662,5	0,665211200714111			
4665,625	0,207587257027626			4665,625	0,205601647496223					4665,625	0,239304825663567	4665,625	0,233338490128517					4665,625	0,203451663255692	4665,625	0,148789048194885					4665,625	0,0296254642307758	4665,625	-0,115828335285187			4665,625	0,112211845815182			4665,625	0,117514364421368					4665,625	0,118859700858593	4665,625	0,140645697712898					4665,625	0,240043759346008	4665,625	0,338974833488464					4665,625	0,495476990938187	4665,625	0,662507295608521			
4668,75	0,207959026098251			4668,75	0,204904556274414					4668,75	0,238811865448952	4668,75	0,232611104846001					4668,75	0,201705172657967	4668,75	0,147634401917458					4668,75	0,0279364585876465	4668,75	-0,118282191455364			4668,75	0,111855715513229			4668,75	0,11756170541048					4668,75	0,11938951164484	4668,75	0,13970322906971					4668,75	0,239520147442818	4668,75	0,337790578603745					4668,75	0,493693739175797	4668,75	0,659608066082001			
4671,875	0,207940086722374			4671,875	0,206544443964958					4671,875	0,240926444530487	4671,875	0,233255967497826					4671,875	0,204464957118034	4671,875	0,151744604110718					4671,875	0,0334282405674458	4671,875	-0,110694140195847			4671,875	0,111096903681755			4671,875	0,116276733577251					4671,875	0,118000574409962	4671,875	0,13793309032917					4671,875	0,236745804548264	4671,875	0,334659188985825					4671,875	0,492594867944717	4671,875	0,658568441867828			
4675	0,207901731133461			4675	0,206221476197243					4675	0,240718960762024	4675	0,233346283435822					4675	0,205197051167488	4675	0,151572570204735					4675	0,0336656048893929	4675	-0,110421791672707			4675	0,111288636922836			4675	0,116511411964893					4675	0,117081053555012	4675	0,136548146605492					4675	0,236142516136169	4675	0,335072159767151					4675	0,492140978574753	4675	0,658173859119415			
4678,125	0,208968311548233			4678,125	0,206968322396278					4678,125	0,240875989198685	4678,125	0,233722269535065					4678,125	0,206495746970177	4678,125	0,153062641620636					4678,125	0,0350589156150818	4678,125	-0,108031533658504			4678,125	0,110342167317867			4678,125	0,117019638419151					4678,125	0,117055714130402	4678,125	0,135974124073982					4678,125	0,236697763204575	4678,125	0,33648481965065					4678,125	0,494083613157272	4678,125	0,661949872970581			
4681,25	0,208830669522285			4681,25	0,206161886453629					4681,25	0,240519553422928	4681,25	0,233591914176941					4681,25	0,205887615680695	4681,25	0,152396559715271					4681,25	0,0356189757585526	4681,25	-0,105148732662201			4681,25	0,109839834272861			4681,25	0,115950264036655					4681,25	0,116061821579933	4681,25	0,134623348712921					4681,25	0,23540124297142	4681,25	0,333646267652512					4681,25	0,489939242601395	4681,25	0,656566679477692			
4684,375	0,208457186818123			4684,375	0,206798449158669					4684,375	0,24144971370697	4684,375	0,234640568494797					4684,375	0,208624944090843	4684,375	0,154416248202324					4684,375	0,0379810556769371	4684,375	-0,104176335036755			4684,375	0,110054805874825			4684,375	0,116017617285252					4684,375	0,116672538220882	4684,375	0,134406760334969					4684,375	0,236631736159325	4684,375	0,335438162088394					4684,375	0,492569416761398	4684,375	0,66060084104538			
4687,5	0,208800882101059			4687,5	0,208044037222862					4687,5	0,24228535592556	4687,5	0,234680071473122					4687,5	0,210171386599541	4687,5	0,156729817390442					4687,5	0,0409112758934498	4687,5	-0,101131357252598			4687,5	0,10987962782383			4687,5	0,116221122443676					4687,5	0,115538001060486	4687,5	0,133471190929413					4687,5	0,236141219735146	4687,5	0,334288209676743					4687,5	0,493056952953339	4687,5	0,662131488323212			
4690,625	0,209314227104187			4690,625	0,20787151157856					4690,625	0,242668941617012	4690,625	0,234745383262634					4690,625	0,210193365812302	4690,625	0,156055584549904					4690,625	0,040669322013855	4690,625	-0,100757583975792			4690,625	0,109525568783283			4690,625	0,115036956965923					4690,625	0,115597523748875	4690,625	0,132453337311745					4690,625	0,234693348407745	4690,625	0,332728356122971					4690,625	0,490788966417313	4690,625	0,660118877887726			
4693,75	0,209654971957207			4693,75	0,208675995469093					4693,75	0,24334454536438	4693,75	0,234694749116898					4693,75	0,211628258228302	4693,75	0,157432183623314					4693,75	0,041547853499651	4693,75	-0,0981656089425087			4693,75	0,107148177921772			4693,75	0,114047028124332					4693,75	0,115167789161205	4693,75	0,131927192211151					4693,75	0,233819931745529	4693,75	0,333753377199173					4693,75	0,490042924880981	4693,75	0,660208821296692			
4696,875	0,211093604564667			4696,875	0,209744617342949					4696,875	0,244305774569511	4696,875	0,234760865569115					4696,875	0,213333457708359	4696,875	0,159390404820442					4696,875	0,0444252714514732	4696,875	-0,0961475595831871			4696,875	0,108894698321819			4696,875	0,114993333816528					4696,875	0,114696770906448	4696,875	0,131092250347137					4696,875	0,234640955924988	4696,875	0,333946019411087					4696,875	0,491010218858719	4696,875	0,662604808807373			
4700	0,210299581289291			4700	0,2109514772892					4700	0,245386332273483	4700	0,236197024583817					4700	0,21548792719841	4700	0,16075511276722					4700	0,045144896954298	4700	-0,0952471792697906			4700	0,109785944223404			4700	0,115953624248505					4700	0,114153929054737	4700	0,130537316203117					4700	0,234722644090652	4700	0,332754999399185					4700	0,492405116558075	4700	0,667168855667114			
4703,125	0,210576251149178			4703,125	0,210088178515434					4703,125	0,244999945163727	4703,125	0,235048294067383					4703,125	0,215574577450752	4703,125	0,162299782037735					4703,125	0,0482777245342731	4703,125	-0,0900605469942093			4703,125	0,109246470034122			4703,125	0,114463545382023					4703,125	0,113345094025135	4703,125	0,129407584667206					4703,125	0,233062252402306	4703,125	0,330816745758057					4703,125	0,490173012018204	4703,125	0,664138495922089			
4706,25	0,20948813855648			4706,25	0,210930734872818					4706,25	0,245308920741081	4706,25	0,235355898737907					4706,25	0,216307431459427	4706,25	0,163476958870888					4706,25	0,0499668456614017	4706,25	-0,088764950633049			4706,25	0,108190774917603			4706,25	0,114662162959576					4706,25	0,113851621747017	4706,25	0,129671096801758					4706,25	0,231856271624565	4706,25	0,330560714006424					4706,25	0,489994764328003	4706,25	0,663329303264618			
4709,375	0,21081580221653			4709,375	0,211741089820862					4709,375	0,246805429458618	4709,375	0,235679984092712					4709,375	0,218406170606613	4709,375	0,164780452847481					4709,375	0,0521981418132782	4709,375	-0,0870202258229256			4709,375	0,108001790940762			4709,375	0,114398404955864					4709,375	0,11318738758564	4709,375	0,129463046789169					4709,375	0,231262505054474	4709,375	0,331398844718933					4709,375	0,490653902292252	4709,375	0,666261255741119			
4712,5	0,211288332939148			4712,5	0,211694672703743					4712,5	0,247444525361061	4712,5	0,236205473542213					4712,5	0,219068706035614	4712,5	0,166538298130035					4712,5	0,0533482693135738	4712,5	-0,0848476514220238			4712,5	0,108325749635696			4712,5	0,113999910652637					4712,5	0,112460851669312	4712,5	0,129254132509232					4712,5	0,231217414140701	4712,5	0,331360965967178					4712,5	0,490829169750214	4712,5	0,666594386100769			
4715,625	0,210618317127228			4715,625	0,211959943175316					4715,625	0,247803568840027	4715,625	0,236326918005943					4715,625	0,219842180609703	4715,625	0,167331606149673					4715,625	0,0553635098040104	4715,625	-0,0816557258367538			4715,625	0,107985690236092			4715,625	0,113254368305206					4715,625	0,111851528286934	4715,625	0,128693923354149					4715,625	0,229911476373672	4715,625	0,329894751310349					4715,625	0,489211231470108	4715,625	0,665113151073456			
4718,75	0,211008235812187			4718,75	0,212267130613327					4718,75	0,248017504811287	4718,75	0,236418187618256					4718,75	0,220483064651489	4718,75	0,168106034398079					4718,75	0,0565282069146633	4718,75	-0,0796063244342804			4718,75	0,107574924826622			4718,75	0,112962529063225					4718,75	0,111603558063507	4718,75	0,12828417122364					4718,75	0,229029148817062	4718,75	0,328632920980453					4718,75	0,486830115318298	4718,75	0,663061082363129			
4721,875	0,211493387818336			4721,875	0,212653994560242					4721,875	0,248329162597656	4721,875	0,236921548843384					4721,875	0,221117094159126	4721,875	0,169463932514191					4721,875	0,0581316389143467	4721,875	-0,0774952098727226			4721,875	0,107779160141945			4721,875	0,11350305378437					4721,875	0,111048825085163	4721,875	0,127489864826202					4721,875	0,228859215974808	4721,875	0,329181432723999					4721,875	0,488644927740097	4721,875	0,666072189807892			
4725	0,212280288338661			4725	0,213262334465981					4725	0,249304473400116	4725	0,237800911068916					4725	0,222929418087006	4725	0,170064836740494					4725	0,0585928708314896	4725	-0,0766563564538956			4725	0,107033349573612			4725	0,114065662026405					4725	0,110818386077881	4725	0,128016039729118					4725	0,228316783905029	4725	0,330240488052368					4725	0,489429265260696	4725	0,668270707130432			
4728,125	0,212902948260307			4728,125	0,2133569419384					4728,125	0,250664979219437	4728,125	0,238175496459007					4728,125	0,224701121449471	4728,125	0,172318458557129					4728,125	0,0609966740012169	4728,125	-0,0734322667121887			4728,125	0,106942027807236			4728,125	0,11302849650383					4728,125	0,110779888927937	4728,125	0,127803698182106					4728,125	0,227538377046585	4728,125	0,329560160636902					4728,125	0,488477021455765	4728,125	0,670329332351685			
4731,25	0,212636053562164			4731,25	0,214695975184441					4731,25	0,251634955406189	4731,25	0,239482223987579					4731,25	0,225477054715157	4731,25	0,174458295106888					4731,25	0,063467912375927	4731,25	-0,0703495070338249			4731,25	0,107172526419163			4731,25	0,114288851618767					4731,25	0,111886449158192	4731,25	0,12788724899292					4731,25	0,227475702762604	4731,25	0,330835551023483					4731,25	0,490228086709976	4731,25	0,675018310546875			
4734,375	0,213053911924362			4734,375	0,215135172009468					4734,375	0,25253227353096	4734,375	0,239898100495338					4734,375	0,225788712501526	4734,375	0,174943372607231					4734,375	0,0640140250325203	4734,375	-0,0697266235947609			4734,375	0,107283420860767			4734,375	0,114578776061535					4734,375	0,11101109534502	4734,375	0,127103373408318					4734,375	0,226936087012291	4734,375	0,32977294921875					4734,375	0,490596532821655	4734,375	0,674886703491211			
4737,5	0,213530793786049			4737,5	0,215607970952988					4737,5	0,252474814653397	4737,5	0,239523783326149					4737,5	0,227102428674698	4737,5	0,176591604948044					4737,5	0,0671689510345459	4737,5	-0,0646520704030991			4737,5	0,106476366519928			4737,5	0,114217199385166					4737,5	0,110249407589436	4737,5	0,126843705773354					4737,5	0,226355031132698	4737,5	0,329085141420364					4737,5	0,489662647247314	4737,5	0,674148440361023			
4740,625	0,213075220584869			4740,625	0,216130346059799					4740,625	0,252183765172958	4740,625	0,240668132901192					4740,625	0,228966906666756	4740,625	0,177664935588837					4740,625	0,0689875259995461	4740,625	-0,0607126988470554			4740,625	0,106540337204933			4740,625	0,112803488969803					4740,625	0,109821230173111	4740,625	0,126451939344406					4740,625	0,224958345293999	4740,625	0,328112572431564					4740,625	0,488262534141541	4740,625	0,67307186126709			
4743,75	0,214196681976318			4743,75	0,216638758778572					4743,75	0,253276497125626	4743,75	0,240641295909882					4743,75	0,231330245733261	4743,75	0,179251298308372					4743,75	0,0713665336370468	4743,75	-0,0571355372667313			4743,75	0,105968795716763			4743,75	0,113134630024433					4743,75	0,108555033802986	4743,75	0,126314207911491					4743,75	0,223484575748444	4743,75	0,326743841171265					4743,75	0,487346619367599	4743,75	0,674675464630127			
4746,875	0,214806780219078			4746,875	0,216548547148705					4746,875	0,254063099622726	4746,875	0,240621760487556					4746,875	0,231866911053658	4746,875	0,1802878677845					4746,875	0,0718040987849236	4746,875	-0,057087603956461			4746,875	0,105830803513527			4746,875	0,113380409777164					4746,875	0,108671441674232	4746,875	0,125955745577812					4746,875	0,223597809672356	4746,875	0,326776176691055					4746,875	0,48710423707962	4746,875	0,674009740352631			
4750	0,214510053396225			4750	0,217174544930458					4750	0,255115270614624	4750	0,241857394576073					4750	0,233639284968376	4750	0,182796865701675					4750	0,0736736953258514	4750	-0,054914940148592			4750	0,106196686625481			4750	0,113499596714973					4750	0,108868137001991	4750	0,125085636973381					4750	0,223609820008278	4750	0,327636241912842					4750	0,488186836242676	4750	0,675231218338013			
4753,125	0,214533761143684			4753,125	0,218150645494461					4753,125	0,256248295307159	4753,125	0,243355110287666					4753,125	0,23593533039093	4753,125	0,18479211628437					4753,125	0,0779839158058167	4753,125	-0,0491153970360756			4753,125	0,10587627440691			4753,125	0,113571830093861					4753,125	0,109890900552273	4753,125	0,124459706246853					4753,125	0,22320468723774	4753,125	0,328503310680389					4753,125	0,489611834287643	4753,125	0,679028570652008			
4756,25	0,214554831385612			4756,25	0,218852609395981					4756,25	0,256069213151932	4756,25	0,243122115731239					4756,25	0,236622288823128	4756,25	0,186281323432922					4756,25	0,0781781449913979	4756,25	-0,0471436455845833			4756,25	0,105225078761578			4756,25	0,114066146314144					4756,25	0,108979046344757	4756,25	0,12434908002615					4756,25	0,221834778785706	4756,25	0,327000349760056					4756,25	0,489122450351715	4756,25	0,67787492275238			
4759,375	0,215755522251129			4759,375	0,218473941087723					4759,375	0,257266849279404	4759,375	0,243938997387886					4759,375	0,236852735280991	4759,375	0,18727058172226					4759,375	0,081476591527462	4759,375	-0,0429750494658947			4759,375	0,105988599359989			4759,375	0,113643109798431					4759,375	0,107893764972687	4759,375	0,123802572488785					4759,375	0,219737842679024	4759,375	0,325204730033875					4759,375	0,487536132335663	4759,375	0,676995575428009			
4762,5	0,216084256768227			4762,5	0,219131246209145					4762,5	0,258230656385422	4762,5	0,244182020425797					4762,5	0,238349497318268	4762,5	0,188624188303947					4762,5	0,0832269191741943	4762,5	-0,0405804477632046			4762,5	0,105793952941895			4762,5	0,113612428307533					4762,5	0,108130484819412	4762,5	0,123893566429615					4762,5	0,218281254172325	4762,5	0,325656056404114					4762,5	0,487842947244644	4762,5	0,67831963300705			
4765,625	0,216202065348625			4765,625	0,22020423412323					4765,625	0,258667349815369	4765,625	0,243850067257881					4765,625	0,23871973156929	4765,625	0,189746826887131					4765,625	0,0836666971445084	4765,625	-0,0381856746971607			4765,625	0,104715995490551			4765,625	0,114219844341278					4765,625	0,109171330928802	4765,625	0,12378167361021					4765,625	0,21832101047039	4765,625	0,326152592897415					4765,625	0,488875567913055	4765,625	0,680992662906647			
4768,75	0,216345995664597			4768,75	0,220166981220245					4768,75	0,259356498718262	4768,75	0,244447067379951					4768,75	0,240025460720062	4768,75	0,19144806265831					4768,75	0,0855046957731247	4768,75	-0,0343123190104961			4768,75	0,105450719594955			4768,75	0,114059455692768					4768,75	0,108305245637894	4768,75	0,123949572443962					4768,75	0,217452630400658	4768,75	0,326437741518021					4768,75	0,489238083362579	4768,75	0,68172150850296			
4771,875	0,218615889549255			4771,875	0,220839366316795					4771,875	0,260175377130508	4771,875	0,24644547700882					4771,875	0,240840971469879	4771,875	0,192716434597969					4771,875	0,0869018584489822	4771,875	-0,0336300134658813			4771,875	0,105729661881924			4771,875	0,11371211707592					4771,875	0,107982464134693	4771,875	0,124245382845402					4771,875	0,21699059009552	4771,875	0,326346546411514					4771,875	0,489732623100281	4771,875	0,683041870594025			
4775	0,21766285598278			4775	0,220953121781349					4775	0,260058164596558	4775	0,246842429041862					4775	0,241019204258919	4775	0,195274755358696					4775	0,092733770608902	4775	-0,0260484647005796			4775	0,105930477380753			4775	0,113497696816921					4775	0,106857165694237	4775	0,122973196208477					4775	0,214197397232056	4775	0,323314696550369					4775	0,48721182346344	4775	0,679530382156372			
4778,125	0,218040376901627			4778,125	0,22194604575634					4778,125	0,261274397373199	4778,125	0,247110649943352					4778,125	0,243462845683098	4778,125	0,19695933163166					4778,125	0,0939062088727951	4778,125	-0,0227010250091553			4778,125	0,105419762432575			4778,125	0,115118883550167					4778,125	0,106275655329227	4778,125	0,122264124453068					4778,125	0,215116664767265	4778,125	0,324546039104462					4778,125	0,490140318870544	4778,125	0,68401175737381			
4781,25	0,21876448392868			4781,25	0,222559913992882					4781,25	0,261501789093018	4781,25	0,246490120887756					4781,25	0,242541253566742	4781,25	0,198016747832298					4781,25	0,0943983495235443	4781,25	-0,0226627793163061			4781,25	0,105796083807945			4781,25	0,114805579185486					4781,25	0,10589811950922	4781,25	0,122047089040279					4781,25	0,214792668819427	4781,25	0,324592798948288					4781,25	0,489545434713364	4781,25	0,681645393371582			
4784,375	0,218523591756821			4784,375	0,222979232668877					4784,375	0,262746453285217	4784,375	0,247455164790154					4784,375	0,24342092871666	4784,375	0,198525413870811					4784,375	0,0968048721551895	4784,375	-0,0197037551552057			4784,375	0,105107702314854			4784,375	0,114558205008507					4784,375	0,106376864016056	4784,375	0,122255317866802					4784,375	0,213893070816994	4784,375	0,324735015630722					4784,375	0,490403980016708	4784,375	0,683492481708527			
4787,5	0,218094184994698			4787,5	0,223205789923668					4787,5	0,263369053602219	4787,5	0,248112469911575					4787,5	0,244901567697525	4787,5	0,199868977069855					4787,5	0,101087637245655	4787,5	-0,0136132398620248			4787,5	0,105366759002209			4787,5	0,115177109837532					4787,5	0,106059908866882	4787,5	0,122296839952469					4787,5	0,213178381323814	4787,5	0,324350595474243					4787,5	0,489101529121399	4787,5	0,684445381164551			
4790,625	0,218496352434158			4790,625	0,223601505160332					4790,625	0,26357439160347	4790,625	0,248350024223328					4790,625	0,245306968688965	4790,625	0,200677797198296					4790,625	0,102286718785763	4790,625	-0,0115856975317001			4790,625	0,105250626802444			4790,625	0,115469932556152					4790,625	0,105970554053783	4790,625	0,122965134680271					4790,625	0,213429823517799	4790,625	0,323999166488647					4790,625	0,487971365451813	4790,625	0,683676779270172			
4793,75	0,218696057796478			4793,75	0,224355429410934					4793,75	0,264901012182236	4793,75	0,250192314386368					4793,75	0,246821343898773	4793,75	0,204401269555092					4793,75	0,106433212757111	4793,75	-0,00582036003470421			4793,75	0,105756588280201			4793,75	0,115062162280083					4793,75	0,106098309159279	4793,75	0,121832072734833					4793,75	0,21265272796154	4793,75	0,325330048799515					4793,75	0,490234464406967	4793,75	0,687062919139862			
4796,875	0,219299301505089			4796,875	0,225133270025253					4796,875	0,265425473451614	4796,875	0,250596195459366					4796,875	0,248057976365089	4796,875	0,206154465675354					4796,875	0,107032477855682	4796,875	-0,00329866982065141			4796,875	0,106408916413784			4796,875	0,116449266672134					4796,875	0,105327054858208	4796,875	0,121831819415092					4796,875	0,212315648794174	4796,875	0,325456529855728					4796,875	0,490338683128357	4796,875	0,689524352550507			
4800	0,220206171274185			4800	0,225812807679176					4800	0,266307771205902	4800	0,250486224889755					4800	0,248455494642258	4800	0,207129791378975					4800	0,108644269406796	4800	-0,00177972519304603			4800	0,106523551046848			4800	0,116707056760788					4800	0,105185985565186	4800	0,121767304837704					4800	0,211512535810471	4800	0,32467320561409					4800	0,488268584012985	4800	0,687623023986816			
4803,125	0,220738127827644			4803,125	0,226749703288078					4803,125	0,26631560921669	4803,125	0,251686275005341					4803,125	0,250419229269028	4803,125	0,209877118468285					4803,125	0,113646037876606	4803,125	0,00386134372092783			4803,125	0,106442712247372			4803,125	0,117216363549232					4803,125	0,105172082781792	4803,125	0,12130931019783					4803,125	0,210655614733696	4803,125	0,325462341308594					4803,125	0,488158792257309	4803,125	0,688848495483398			
4806,25	0,221706047654152			4806,25	0,226874947547913					4806,25	0,266742169857025	4806,25	0,252418547868729					4806,25	0,25211375951767	4806,25	0,210569515824318					4806,25	0,116268984973431	4806,25	0,00867131631821394			4806,25	0,105853013694286			4806,25	0,117773242294788					4806,25	0,104790069162846	4806,25	0,121378652751446					4806,25	0,211556985974312	4806,25	0,324908971786499					4806,25	0,489758491516113	4806,25	0,690029382705688			
4809,375	0,221930488944054			4809,375	0,226691395044327					4809,375	0,267203450202942	4809,375	0,252155095338821					4809,375	0,251376539468765	4809,375	0,211981058120728					4809,375	0,116639226675034	4809,375	0,00909053254872561			4809,375	0,105601958930492			4809,375	0,118367321789265					4809,375	0,10450255125761	4809,375	0,122521378099918					4809,375	0,211797505617142	4809,375	0,324822723865509					4809,375	0,490495651960373	4809,375	0,691430509090424			
4812,5	0,221025288105011			4812,5	0,227751210331917					4812,5	0,267512798309326	4812,5	0,252649754285812					4812,5	0,253086566925049	4812,5	0,215704932808876					4812,5	0,121153146028519	4812,5	0,0155359134078026			4812,5	0,105803817510605			4812,5	0,118785083293915					4812,5	0,104041986167431	4812,5	0,122648537158966					4812,5	0,211397767066956	4812,5	0,32634374499321					4812,5	0,49108874797821	4812,5	0,69457072019577			
4815,625	0,223669692873955			4815,625	0,228589832782745					4815,625	0,267883598804474	4815,625	0,253019154071808					4815,625	0,253082275390625	4815,625	0,215464249253273					4815,625	0,121417842805386	4815,625	0,016741992905736			4815,625	0,105893552303314			4815,625	0,119141928851604					4815,625	0,104551419615746	4815,625	0,123256199061871					4815,625	0,211485520005226	4815,625	0,326105862855911					4815,625	0,490749448537827	4815,625	0,69405323266983			
4818,75	0,223703145980835			4818,75	0,228173896670341					4818,75	0,268450409173965	4818,75	0,253656327724457					4818,75	0,253853470087051	4818,75	0,216678753495216					4818,75	0,122327730059624	4818,75	0,018317312002182			4818,75	0,106424577534199			4818,75	0,119519889354706					4818,75	0,104786798357964	4818,75	0,123664312064648					4818,75	0,210887625813484	4818,75	0,326554149389267					4818,75	0,490648746490479	4818,75	0,694491863250732			
4821,875	0,223954230546951			4821,875	0,228712931275368					4821,875	0,269027143716812	4821,875	0,253420382738113					4821,875	0,255876302719116	4821,875	0,220384418964386					4821,875	0,126971334218979	4821,875	0,0240221861749887			4821,875	0,10614737123251			4821,875	0,119342088699341					4821,875	0,103881381452084	4821,875	0,12380687892437					4821,875	0,210691645741463	4821,875	0,326716065406799					4821,875	0,490216761827469	4821,875	0,696238815784454			
4825	0,224863469600677			4825	0,228803351521492					4825	0,270155817270279	4825	0,253625333309174					4825	0,256881803274155	4825	0,221216052770615					4825	0,128194451332092	4825	0,027290465310216			4825	0,106808036565781			4825	0,12041911482811					4825	0,104072064161301	4825	0,124502591788769					4825	0,211325854063034	4825	0,327272951602936					4825	0,490145295858383	4825	0,696521043777466			
4828,125	0,225792437791824			4828,125	0,229072704911232					4828,125	0,270566672086716	4828,125	0,253906518220901					4828,125	0,258003622293472	4828,125	0,222411602735519					4828,125	0,130520090460777	4828,125	0,031722292304039			4828,125	0,107061319053173			4828,125	0,121134854853153					4828,125	0,10461637377739	4828,125	0,123457945883274					4828,125	0,210638284683228	4828,125	0,327290087938309					4828,125	0,488907754421234	4828,125	0,696644246578217			
4831,25	0,226238563656807			4831,25	0,229720994830132					4831,25	0,270919382572174	4831,25	0,254737585783005					4831,25	0,258219033479691	4831,25	0,224405899643898					4831,25	0,132470488548279	4831,25	0,0343826301395893			4831,25	0,105718001723289			4831,25	0,121766850352287					4831,25	0,104834362864494	4831,25	0,123743362724781					4831,25	0,210121169686317	4831,25	0,326780766248703					4831,25	0,488438338041306	4831,25	0,695282876491547			
4834,375	0,226175427436829			4834,375	0,230589672923088					4834,375	0,270880818367004	4834,375	0,255245625972748					4834,375	0,258957803249359	4834,375	0,226865872740746					4834,375	0,136761039495468	4834,375	0,0412650033831596			4834,375	0,106059268116951			4834,375	0,122871413826942					4834,375	0,105432316660881	4834,375	0,124480992555618					4834,375	0,20998053252697	4834,375	0,326793730258942					4834,375	0,490537792444229	4834,375	0,698957681655884			
4837,5	0,227092146873474			4837,5	0,231394186615944					4837,5	0,271377861499786	4837,5	0,255915582180023					4837,5	0,260018587112427	4837,5	0,228032156825066					4837,5	0,138742953538895	4837,5	0,0451017655432224			4837,5	0,106604464352131			4837,5	0,123925007879734					4837,5	0,105492226779461	4837,5	0,125166937708855					4837,5	0,210086241364479	4837,5	0,328349143266678					4837,5	0,49037966132164	4837,5	0,698887050151825			
4840,625	0,227150470018387			4840,625	0,232039600610733					4840,625	0,271208226680756	4840,625	0,256402969360352					4840,625	0,261388599872589	4840,625	0,231326967477798					4840,625	0,141395002603531	4840,625	0,0505988262593746			4840,625	0,107164904475212			4840,625	0,124725013971329					4840,625	0,105331972241402	4840,625	0,125509291887283					4840,625	0,210193678736687	4840,625	0,327791780233383					4840,625	0,48972362279892	4840,625	0,6985102891922			
4843,75	0,2272569835186			4843,75	0,232448503375053					4843,75	0,271761178970337	4843,75	0,256809830665588					4843,75	0,262713551521301	4843,75	0,233078211545944					4843,75	0,142697393894196	4843,75	0,0527475699782372			4843,75	0,106806971132755			4843,75	0,125838696956635					4843,75	0,105597481131554	4843,75	0,125852778553963					4843,75	0,210642173886299	4843,75	0,327665060758591					4843,75	0,490719884634018	4843,75	0,699850261211395			
4846,875	0,22815103828907			4846,875	0,23332653939724					4846,875	0,272707372903824	4846,875	0,257089495658875					4846,875	0,264074742794037	4846,875	0,236165672540665					4846,875	0,145539596676826	4846,875	0,0561958588659763			4846,875	0,10744671523571			4846,875	0,126409575343132					4846,875	0,106694296002388	4846,875	0,12667228281498					4846,875	0,209788903594017	4846,875	0,329623758792877					4846,875	0,491589725017548	4846,875	0,701608121395111			
4850	0,228119939565659			4850	0,234936967492104					4850	0,273540794849396	4850	0,258004307746887					4850	0,265557050704956	4850	0,240638390183449					4850	0,149802669882774	4850	0,0625669658184052			4850	0,108109787106514			4850	0,128013968467712					4850	0,107107147574425	4850	0,127889022231102					4850	0,210110992193222	4850	0,329667627811432					4850	0,491373836994171	4850	0,701813697814941			
4853,125	0,228018820285797			4853,125	0,234756603837013					4853,125	0,273324191570282	4853,125	0,259571135044098					4853,125	0,266978561878204	4853,125	0,243138030171394					4853,125	0,151862442493439	4853,125	0,0666157752275467			4853,125	0,107845567166805			4853,125	0,128901749849319					4853,125	0,106931015849113	4853,125	0,128721863031387					4853,125	0,210582405328751	4853,125	0,328509241342545					4853,125	0,491919726133347	4853,125	0,700859367847443			
4856,25	0,228730320930481			4856,25	0,234878376126289					4856,25	0,273244261741638	4856,25	0,259943664073944					4856,25	0,267514318227768	4856,25	0,243325605988503					4856,25	0,153559774160385	4856,25	0,0691691264510155			4856,25	0,107741236686707			4856,25	0,129519179463387					4856,25	0,106850445270538	4856,25	0,130257666110992					4856,25	0,210569366812706	4856,25	0,326828241348267					4856,25	0,491337567567825	4856,25	0,69894152879715			
4859,375	0,2297223508358			4859,375	0,236733853816986					4859,375	0,273247629404068	4859,375	0,260911732912064					4859,375	0,269104331731796	4859,375	0,24459508061409					4859,375	0,157163947820663	4859,375	0,0738970935344696			4859,375	0,109021686017513			4859,375	0,13112485408783					4859,375	0,107644595205784	4859,375	0,130722045898438					4859,375	0,210093006491661	4859,375	0,326530605554581					4859,375	0,491075843572617	4859,375	0,6997931599617			
4862,5	0,230905368924141			4862,5	0,237351283431053					4862,5	0,273041695356369	4862,5	0,261373698711395					4862,5	0,268562465906143	4862,5	0,245413675904274					4862,5	0,157434925436974	4862,5	0,075630821287632			4862,5	0,110079847276211			4862,5	0,131838202476501					4862,5	0,108007207512856	4862,5	0,131091132760048					4862,5	0,209326878190041	4862,5	0,32606229186058					4862,5	0,489264190196991	4862,5	0,696844279766083			
4865,625	0,231081292033195			4865,625	0,238977268338203					4865,625	0,273405492305756	4865,625	0,262890636920929					4865,625	0,270552307367325	4865,625	0,249570474028587					4865,625	0,160812273621559	4865,625	0,0809767097234726			4865,625	0,109884761273861			4865,625	0,132517442107201					4865,625	0,10869150608778	4865,625	0,131697207689285					4865,625	0,209757909178734	4865,625	0,327215164899826					4865,625	0,48952928185463	4865,625	0,699192702770233			
4868,75	0,231664374470711			4868,75	0,239921808242798					4868,75	0,273266822099686	4868,75	0,263651251792908					4868,75	0,271867692470551	4868,75	0,25168913602829					4868,75	0,162794470787048	4868,75	0,0825757756829262			4868,75	0,110372595489025			4868,75	0,133889764547348					4868,75	0,109770953655243	4868,75	0,132464155554771					4868,75	0,209866091609001	4868,75	0,32750615477562					4868,75	0,490231037139893	4868,75	0,699294209480286			
4871,875	0,231982111930847			4871,875	0,23996938765049					4871,875	0,273000776767731	4871,875	0,26543116569519					4871,875	0,272942423820496	4871,875	0,254048138856888					4871,875	0,165948197245598	4871,875	0,0856946110725403			4871,875	0,111008673906326			4871,875	0,136018604040146					4871,875	0,111745655536652	4871,875	0,133907005190849					4871,875	0,210602551698685	4871,875	0,327862769365311					4871,875	0,491170108318329	4871,875	0,702702045440674			
4875	0,232230499386787			4875	0,240460827946663					4875	0,272954732179642	4875	0,267101734876633					4875	0,274349808692932	4875	0,255268514156342					4875	0,166954174637794	4875	0,0894575640559196			4875	0,110603168606758			4875	0,136559695005417					4875	0,11395762860775	4875	0,13534751534462					4875	0,211404904723167	4875	0,326977491378784					4875	0,489934176206589	4875	0,703517854213715			
4878,125	0,232861012220383			4878,125	0,242133110761642					4878,125	0,274641811847687	4878,125	0,270269483327866					4878,125	0,27494415640831	4878,125	0,258824616670609					4878,125	0,17219340801239	4878,125	0,0968963950872421			4878,125	0,110849529504776			4878,125	0,136362701654434					4878,125	0,116062507033348	4878,125	0,136110693216324					4878,125	0,21013455092907	4878,125	0,324444264173508					4878,125	0,488984912633896	4878,125	0,700778484344482			
4881,25	0,233094602823257			4881,25	0,242939576506615					4881,25	0,276207000017166	4881,25	0,273228526115417					4881,25	0,27570453286171	4881,25	0,260513365268707					4881,25	0,174034550786018	4881,25	0,0967240557074547			4881,25	0,110668517649174			4881,25	0,137415453791618					4881,25	0,116899818181992	4881,25	0,136337324976921					4881,25	0,210396096110344	4881,25	0,325147449970245					4881,25	0,490340203046799	4881,25	0,701103568077087			
4884,375	0,233280792832375			4884,375	0,244386717677116					4884,375	0,277642250061035	4884,375	0,275455862283707					4884,375	0,276737421751022	4884,375	0,262970417737961					4884,375	0,175362214446068	4884,375	0,100251413881779			4884,375	0,111178435385227			4884,375	0,138428419828415					4884,375	0,117114059627056	4884,375	0,132993429899216					4884,375	0,211178034543991	4884,375	0,324527055025101					4884,375	0,488830178976059	4884,375	0,700073897838593			
4887,5	0,233778104186058			4887,5	0,246135830879211					4887,5	0,278922468423843	4887,5	0,277448296546936					4887,5	0,277794748544693	4887,5	0,264654636383057					4887,5	0,177183493971825	4887,5	0,104266852140427			4887,5	0,112295925617218			4887,5	0,139853999018669					4887,5	0,1176398396492	4887,5	0,131157785654068					4887,5	0,212077021598816	4887,5	0,324539542198181					4887,5	0,489029079675674	4887,5	0,700645446777344			
4890,625	0,234218120574951			4890,625	0,24673880636692					4890,625	0,279549777507782	4890,625	0,276660770177841					4890,625	0,279691696166992	4890,625	0,26642918586731					4890,625	0,181083858013153	4890,625	0,110997326672077			4890,625	0,112457983195782			4890,625	0,139800071716309					4890,625	0,117746323347092	4890,625	0,128931403160095					4890,625	0,211068674921989	4890,625	0,322021991014481					4890,625	0,486077398061752	4890,625	0,695865273475647			
4893,75	0,234538152813911			4893,75	0,247984856367111					4893,75	0,279866933822632	4893,75	0,274585396051407					4893,75	0,280061185359955	4893,75	0,267823249101639					4893,75	0,183532208204269	4893,75	0,11375980079174			4893,75	0,112483151257038			4893,75	0,142013221979141					4893,75	0,118753783404827	4893,75	0,127279624342918					4893,75	0,210304662585258	4893,75	0,321740061044693					4893,75	0,485334903001785	4893,75	0,696820616722107			
4896,875	0,234322562813759			4896,875	0,248187467455864					4896,875	0,280500143766403	4896,875	0,274185508489609					4896,875	0,281848460435867	4896,875	0,268743813037872					4896,875	0,184668883681297	4896,875	0,114034973084927			4896,875	0,113213241100311			4896,875	0,143353655934334					4896,875	0,120217077434063	4896,875	0,126527458429337					4896,875	0,21118800342083	4896,875	0,32263395190239					4896,875	0,487239718437195	4896,875	0,700468361377716			
4900	0,234972760081291			4900	0,249419644474983					4900	0,281077325344086	4900	0,272595822811127					4900	0,283355116844177	4900	0,270628660917282					4900	0,186729654669762	4900	0,116737805306911			4900	0,113676242530346			4900	0,144653514027596					4900	0,12201464176178	4900	0,127704709768295					4900	0,212445557117462	4900	0,322315037250519					4900	0,487196862697601	4900	0,702415704727173			
4903,125	0,236066251993179			4903,125	0,251753747463226					4903,125	0,281630009412766	4903,125	0,271797031164169					4903,125	0,284037113189697	4903,125	0,271425813436508					4903,125	0,18684133887291	4903,125	0,119912147521973			4903,125	0,113833799958229			4903,125	0,145740002393723					4903,125	0,122795261442661	4903,125	0,12967874109745					4903,125	0,213550671935081	4903,125	0,321102678775787					4903,125	0,486421465873718	4903,125	0,70076709985733			
4906,25	0,236967280507088			4906,25	0,252550065517426					4906,25	0,281850606203079	4906,25	0,272396892309189					4906,25	0,284021139144897	4906,25	0,271344810724258					4906,25	0,187602460384369	4906,25	0,121689684689045			4906,25	0,114428885281086			4906,25	0,145839676260948					4906,25	0,123536914587021	4906,25	0,131657525897026					4906,25	0,213524609804153	4906,25	0,320935606956482					4906,25	0,484388649463654	4906,25	0,699653506278992			
4909,375	0,237137690186501			4909,375	0,253716051578522					4909,375	0,283537358045578	4909,375	0,272311180830002					4909,375	0,286650687456131	4909,375	0,273018479347229					4909,375	0,192711487412453	4909,375	0,128803893923759			4909,375	0,114824846386909			4909,375	0,145990759134293					4909,375	0,123326174914837	4909,375	0,132429003715515					4909,375	0,212046444416046	4909,375	0,319186121225357					4909,375	0,483791381120682	4909,375	0,699545621871948			
4912,5	0,236976966261864			4912,5	0,254316568374634					4912,5	0,284032136201859	4912,5	0,271900117397308					4912,5	0,288197189569473	4912,5	0,273837894201279					4912,5	0,194347336888313	4912,5	0,131060585379601			4912,5	0,115228720009327			4912,5	0,146223947405815					4912,5	0,124771043658257	4912,5	0,133128315210342					4912,5	0,213228404521942	4912,5	0,319666504859924					4912,5	0,485042124986649	4912,5	0,700531303882599			
4915,625	0,237443640828133			4915,625	0,256196916103363					4915,625	0,284718096256256	4915,625	0,272067815065384					4915,625	0,289442360401154	4915,625	0,274862468242645					4915,625	0,195147514343262	4915,625	0,132902041077614			4915,625	0,115301564335823			4915,625	0,147498115897179					4915,625	0,126789063215256	4915,625	0,13479545712471					4915,625	0,213910356163979	4915,625	0,32220271229744					4915,625	0,487021774053574	4915,625	0,705368340015411			
4918,75	0,238223060965538			4918,75	0,257415264844894					4918,75	0,285771280527115	4918,75	0,272782266139984					4918,75	0,290133386850357	4918,75	0,276269018650055					4918,75	0,19620443880558	4918,75	0,136480495333672			4918,75	0,115872971713543			4918,75	0,148322522640228					4918,75	0,127826362848282	4918,75	0,136246278882027					4918,75	0,213613852858543	4918,75	0,321856945753098					4918,75	0,485573828220367	4918,75	0,704971015453339			
4921,875	0,238517686724663			4921,875	0,258679002523422					4921,875	0,287235498428345	4921,875	0,274346262216568					4921,875	0,291697025299072	4921,875	0,278584599494934					4921,875	0,19745759665966	4921,875	0,141053751111031			4921,875	0,116461932659149			4921,875	0,148898750543594					4921,875	0,129141420125961	4921,875	0,137570157647133					4921,875	0,213661104440689	4921,875	0,321867227554321					4921,875	0,485419481992722	4921,875	0,705003082752228			
4925	0,238269820809364			4925	0,259362161159515					4925	0,288188308477402	4925	0,275558829307556					4925	0,293043881654739	4925	0,281206250190735					4925	0,199810087680817	4925	0,147012174129486			4925	0,116281300783157			4925	0,150238141417503					4925	0,130777984857559	4925	0,138262569904327					4925	0,214591935276985	4925	0,323779851198196					4925	0,485877454280853	4925	0,707095801830292			
4928,125	0,237939864397049			4928,125	0,260547488927841					4928,125	0,289348900318146	4928,125	0,276481717824936					4928,125	0,294158160686493	4928,125	0,281411349773407					4928,125	0,202436417341232	4928,125	0,151260539889336			4928,125	0,116580121219158			4928,125	0,150925129652023					4928,125	0,131958171725273	4928,125	0,139012187719345					4928,125	0,215076699852943	4928,125	0,323851108551025					4928,125	0,486519366502762	4928,125	0,709583222866058			
4931,25	0,238732993602753			4931,25	0,261487692594528					4931,25	0,290610134601593	4931,25	0,276826769113541					4931,25	0,294701188802719	4931,25	0,282628357410431					4931,25	0,202884927392006	4931,25	0,153520926833153			4931,25	0,117572046816349			4931,25	0,151827022433281					4931,25	0,132696107029915	4931,25	0,140136882662773					4931,25	0,215364322066307	4931,25	0,323944687843323					4931,25	0,487085372209549	4931,25	0,710225343704224			
4934,375	0,23936416208744			4934,375	0,261613667011261					4934,375	0,290823221206665	4934,375	0,277303218841553					4934,375	0,296121776103973	4934,375	0,284153044223785					4934,375	0,20434907078743	4934,375	0,157536655664444			4934,375	0,117741964757442			4934,375	0,152792364358902					4934,375	0,134208366274834	4934,375	0,140963822603226					4934,375	0,214832171797752	4934,375	0,323949962854385					4934,375	0,486580848693848	4934,375	0,710043549537659			
4937,5	0,239594295620918			4937,5	0,2624691426754					4937,5	0,2918321788311	4937,5	0,278251320123672					4937,5	0,296582013368607	4937,5	0,286303251981735					4937,5	0,205647468566895	4937,5	0,161228612065315			4937,5	0,118739075958729			4937,5	0,153201952576637					4937,5	0,135938346385956	4937,5	0,141646414995193					4937,5	0,214368835091591	4937,5	0,324423879384995					4937,5	0,485133051872253	4937,5	0,70896190404892			
4940,625	0,240301042795181			4940,625	0,263911426067352					4940,625	0,293446719646454	4940,625	0,278823971748352					4940,625	0,297069281339645	4940,625	0,287642031908035					4940,625	0,20803439617157	4940,625	0,16575163602829			4940,625	0,119518473744392			4940,625	0,154668152332306					4940,625	0,137295052409172	4940,625	0,142975986003876					4940,625	0,215071871876717	4940,625	0,323861211538315					4940,625	0,48652121424675	4940,625	0,710962176322937			
4943,75	0,240032866597176			4943,75	0,265402615070343					4943,75	0,294269114732742	4943,75	0,280191212892532					4943,75	0,298202186822891	4943,75	0,288351833820343					4943,75	0,208851888775826	4943,75	0,171460852026939			4943,75	0,11978380382061			4943,75	0,156097486615181					4943,75	0,139166995882988	4943,75	0,144287824630737					4943,75	0,216686278581619	4943,75	0,325436979532242					4943,75	0,4890096783638	4943,75	0,714748978614807			
4946,875	0,239502608776093			4946,875	0,266276150941849					4946,875	0,294899463653564	4946,875	0,280784368515015					4946,875	0,298555850982666	4946,875	0,290275007486343					4946,875	0,210403755307198	4946,875	0,175316989421844			4946,875	0,120420224964619			4946,875	0,155646458268166					4946,875	0,140329420566559	4946,875	0,144341573119164					4946,875	0,217141211032867	4946,875	0,325240343809128					4946,875	0,48859515786171	4946,875	0,711978435516357			
4950	0,240686193108559			4950	0,26872181892395					4950	0,296527177095413	4950	0,27985355257988					4950	0,299785763025284	4950	0,292280912399292					4950	0,213590547442436	4950	0,183425515890121			4950	0,121401734650135			4950	0,156294643878937					4950	0,141027897596359	4950	0,144306719303131					4950	0,217302650213242	4950	0,324609369039536					4950	0,489255964756012	4950	0,711235642433167			
4953,125	0,240719646215439			4953,125	0,268851011991501					4953,125	0,297818005084991	4953,125	0,281172633171082					4953,125	0,300492465496063	4953,125	0,293519854545593					4953,125	0,212147280573845	4953,125	0,185351371765137			4953,125	0,121665626764297			4953,125	0,158713951706886					4953,125	0,143032357096672	4953,125	0,146098077297211					4953,125	0,220173701643944	4953,125	0,326000422239304					4953,125	0,490997016429901	4953,125	0,714753746986389			
4956,25	0,240153625607491			4956,25	0,26953387260437					4956,25	0,298321932554245	4956,25	0,281481981277466					4956,25	0,302017420530319	4956,25	0,294788718223572					4956,25	0,213320896029472	4956,25	0,190015241503716			4956,25	0,121526919305325			4956,25	0,160199493169785					4956,25	0,143950179219246	4956,25	0,147485539317131					4956,25	0,221633672714233	4956,25	0,326555460691452					4956,25	0,49204432964325	4956,25	0,715584635734558			
4959,375	0,239932358264923			4959,375	0,270980626344681					4959,375	0,298975467681885	4959,375	0,282007187604904					4959,375	0,303242713212967	4959,375	0,295510530471802					4959,375	0,213931679725647	4959,375	0,191657274961472			4959,375	0,122607998549938			4959,375	0,161925286054611					4959,375	0,146059468388557	4959,375	0,148737788200378					4959,375	0,22328682243824	4959,375	0,328133076429367					4959,375	0,493956446647644	4959,375	0,717014193534851			
4962,5	0,241194635629654			4962,5	0,272712647914886					4962,5	0,300520956516266	4962,5	0,282791525125504					4962,5	0,305548876523972	4962,5	0,296877205371857					4962,5	0,216518983244896	4962,5	0,196920245885849			4962,5	0,123856879770756			4962,5	0,162951990962029					4962,5	0,147516474127769	4962,5	0,149052172899246					4962,5	0,224588811397552	4962,5	0,329116851091385					4962,5	0,495487034320831	4962,5	0,71769905090332			
4965,625	0,240613043308258			4965,625	0,274237841367722					4965,625	0,30266085267067	4965,625	0,283547818660736					4965,625	0,308105498552322	4965,625	0,299447178840637					4965,625	0,219802677631378	4965,625	0,202918216586113			4965,625	0,12466049939394			4965,625	0,163121566176414					4965,625	0,148229509592056	4965,625	0,149893432855606					4965,625	0,22429783642292	4965,625	0,328203022480011					4965,625	0,493822008371353	4965,625	0,714006066322327			
4968,75	0,240307703614235			4968,75	0,274530798196793					4968,75	0,303949773311615	4968,75	0,284109860658646					4968,75	0,310893207788467	4968,75	0,30199334025383					4968,75	0,22169141471386	4968,75	0,211070463061333			4968,75	0,124586544930935			4968,75	0,163842305541039					4968,75	0,150136336684227	4968,75	0,150560289621353					4968,75	0,225373938679695	4968,75	0,329794347286224					4968,75	0,49578133225441	4968,75	0,71697986125946			
4971,875	0,241309866309166			4971,875	0,275117069482803					4971,875	0,304709047079086	4971,875	0,283621549606323					4971,875	0,312215268611908	4971,875	0,303247272968292					4971,875	0,223669558763504	4971,875	0,213822111487389			4971,875	0,12407386302948			4971,875	0,165224462747574					4971,875	0,152432844042778	4971,875	0,152361214160919					4971,875	0,22685369849205	4971,875	0,330795258283615					4971,875	0,496946036815643	4971,875	0,71625542640686			
				4975	0,275904715061188					4975	0,305663406848907	4975	0,283719182014465					4975	0,313084214925766	4975	0,302940756082535					4975	0,223487555980682	4975	0,214799404144287							4975	0,166749954223633					4975	0,153571397066116	4975	0,15360726416111					4975	0,226876080036163	4975	0,330829620361328					4975	0,498237282037735	4975	0,715781271457672			
																																																																
