Frequency in Hz	Wool_92_HF_1 Sound Absorption Coefficient continuous	Frequency in Hz	Wool_92_LF_1 Sound Absorption Coefficient continuous	Frequency in Hz	Wool_93_HF Sound Absorption Coefficient continuous	Frequency in Hz	Wool_93_LF Sound Absorption Coefficient continuous	Frequency in Hz	Wool_94_LF Sound Absorption Coefficient continuous	Frequency in Hz	Wool_94_HF Sound Absorption Coefficient continuous	Frequency in Hz	Wool_95_HF Sound Absorption Coefficient continuous	Frequency in Hz	Wool_95_LF Sound Absorption Coefficient continuous	Frequency in Hz	Wool_96_LF Sound Absorption Coefficient continuous	Frequency in Hz	Wool_96_HF Sound Absorption Coefficient continuous	Frequency in Hz	Wool_97_HF Sound Absorption Coefficient continuous	Frequency in Hz	Wool_97_LF Sound Absorption Coefficient continuous	Frequency in Hz	Wool_98_LF Sound Absorption Coefficient continuous	Frequency in Hz	Wool_98_HF Sound Absorption Coefficient continuous	Frequency in Hz	Wool_99_HF Sound Absorption Coefficient continuous	Frequency in Hz	Wool_99_LF Sound Absorption Coefficient continuous	Frequency in Hz	Wool_92_HF_1 Sound Absorption Coefficient 1/3-octave	Frequency in Hz	Wool_92_LF_1 Sound Absorption Coefficient 1/3-octave	Frequency in Hz	Wool_93_HF Sound Absorption Coefficient 1/3-octave	Frequency in Hz	Wool_93_LF Sound Absorption Coefficient 1/3-octave	Frequency in Hz	Wool_94_LF Sound Absorption Coefficient 1/3-octave	Frequency in Hz	Wool_94_HF Sound Absorption Coefficient 1/3-octave	Frequency in Hz	Wool_95_HF Sound Absorption Coefficient 1/3-octave	Frequency in Hz	Wool_95_LF Sound Absorption Coefficient 1/3-octave	Frequency in Hz	Wool_96_LF Sound Absorption Coefficient 1/3-octave	Frequency in Hz	Wool_96_HF Sound Absorption Coefficient 1/3-octave	Frequency in Hz	Wool_97_HF Sound Absorption Coefficient 1/3-octave	Frequency in Hz	Wool_97_LF Sound Absorption Coefficient 1/3-octave	Frequency in Hz	Wool_98_LF Sound Absorption Coefficient 1/3-octave	Frequency in Hz	Wool_98_HF Sound Absorption Coefficient 1/3-octave	Frequency in Hz	Wool_99_HF Sound Absorption Coefficient 1/3-octave	Frequency in Hz	Wool_99_LF Sound Absorption Coefficient 1/3-octave	
556,25	0,47365144031998	100	0,0373516232229983	556,25	0,4227658307954	100	0,0562901616112662	100	0,0543132538321821	556,25	0,405572933406869	556,25	0,349630627788606	100	0,0526868516826463	100	0,053514816505946	556,25	0,31222182480057	556,25	0,259590932603973	100	0,0512070820980952	100	0,0559615038061365	556,25	0,208050816809243	556,25	0,157265943371429	100	0,0611549183756945	630	0,547468423843384	125	0,0668565928936005	630	0,499215215444565	125	0,0632119253277779	125	0,0617440938949585	630	0,482262164354324	630	0,42101389169693	125	0,0568992644548416	125	0,0598593316972256	630	0,373852431774139	630	0,3104048371315	125	0,0556213520467281	125	0,0609607174992561	630	0,238847941160202	630	0,175745412707329	125	0,0660920664668083	
559,375	0,480373188643424	103,125	0,0639640378263316	559,375	0,432173854451244	103,125	0,0721155467425365	103,125	0,0711159150390367	559,375	0,415445469103066	559,375	0,360007442430465	103,125	0,0691218009178134	103,125	0,068629625268709	559,375	0,322898644942531	559,375	0,269873693532107	103,125	0,0649320171882295	103,125	0,0714404878938054	559,375	0,218363502480929	559,375	0,167171902571546	103,125	0,0764406784484539	800	0,671923696994781	160	0,0806645750999451	800	0,63209331035614	160	0,0804410353302956	160	0,0784693881869316	800	0,616410911083221	800	0,522644698619843	160	0,0709086060523987	160	0,0743906646966934	800	0,471086174249649	800	0,38478022813797	160	0,0677273571491241	160	0,0728770792484283	800	0,292291194200516	800	0,207174211740494	160	0,0770701691508293	
562,5	0,480394394257081	106,25	0,0508771705491636	562,5	0,433848941838171	106,25	0,0595880772779832	106,25	0,0578247181198337	562,5	0,417704742556974	562,5	0,361688450135641	106,25	0,0544624988817984	106,25	0,0577181054547327	562,5	0,324334601424523	562,5	0,270507979210023	106,25	0,0534363873914712	106,25	0,0597075108766557	562,5	0,218599171827553	562,5	0,16641658198542	106,25	0,0636816799224861	1000	0,757104933261871	200	0,115920051932335	1000	0,737798511981964	200	0,107510924339294	200	0,104257188737392	1000	0,731959104537964	1000	0,697368264198303	200	0,0924750715494156	200	0,0953002348542213	1000	0,624308109283447	1000	0,525172173976898	200	0,0857779681682587	200	0,0894582942128181	1000	0,381639420986176	1000	0,257577866315842	200	0,0911096632480621	
565,625	0,475912181890237	109,375	0,0553947801666069	565,625	0,434649321995948	109,375	0,0410461819619153	109,375	0,0407137384164231	565,625	0,418806244951586	565,625	0,362082556419321	109,375	0,036037570726154	109,375	0,0394932853572703	565,625	0,324726319269772	565,625	0,269953280970173	109,375	0,0359392420797581	109,375	0,0409832208898891	565,625	0,217200882733737	565,625	0,163881104026099	109,375	0,0459818367816055	1250	0,879155218601227	250	0,162620842456818	1250	0,875569105148315	250	0,148455932736397	250	0,143186494708061	1250	0,87472403049469	1250	0,853245139122009	250	0,124783366918564	250	0,124939627945423	1250	0,771617233753204	1250	0,669040381908417	250	0,110892862081528	250	0,110690653324127	1250	0,487088918685913	1250	0,327740520238876	250	0,107191406190395	
568,75	0,484729247310687	112,5	0,0498184164876867	568,75	0,439773916581142	112,5	0,0642203527421097	112,5	0,0632792064682931	568,75	0,424259968550769	568,75	0,367356264043268	112,5	0,0588540183552619	112,5	0,0611977145095843	568,75	0,330013382051699	568,75	0,274724111973458	112,5	0,0587027237466554	112,5	0,0627363418876019	568,75	0,221462025569768	568,75	0,16745239229688	112,5	0,0677938801382154	1600	0,912288963794708	315	0,243451043963432	1600	0,940524220466614	315	0,215376153588295	315	0,207215204834938	1600	0,956415474414825	1600	0,951695442199707	315	0,180594012141228	315	0,17547944188118	1600	0,904624044895172	1600	0,807383835315704	315	0,154953092336655	315	0,147387623786926	1600	0,604516327381134	1600	0,415158212184906	315	0,135929256677628	
571,875	0,493819425747858	115,625	0,0521300718262065	571,875	0,443169541860626	115,625	0,0627872632149931	115,625	0,0609915547748612	571,875	0,42802754545707	571,875	0,370876958388874	115,625	0,0582958741740632	115,625	0,0603073888576311	571,875	0,33343419475879	571,875	0,277696777024023	115,625	0,0572922803642101	115,625	0,0620641635077093	571,875	0,223834098868886	571,875	0,16923118201209	115,625	0,0675444717593919	2000	0,91474574804306	400	0,312680542469025	2000	0,953050911426544	400	0,280513823032379	400	0,268508046865463	2000	0,977840721607208	2000	0,996034383773804	400	0,229844957590103	400	0,214772894978523	2000	0,978936374187469	2000	0,911571145057678	400	0,184158623218536	400	0,163544207811356	2000	0,718169808387756	2000	0,506393015384674	400	0,138566195964813	
575	0,495917741781495	118,75	0,0627330490359004	575	0,443466772879197	118,75	0,0557372783587654	118,75	0,0540365320455027	575	0,428489958123407	575	0,370532201665539	118,75	0,0511825733341016	118,75	0,0534120527233753	575	0,332556763380249	575	0,275896430588412	118,75	0,0498232213924492	118,75	0,0548143662999169	575	0,220848335499031	575	0,165411029761027	118,75	0,0603249253797937	2500	0,905820965766907	500	0,416877657175064	2500	0,940689861774445	500	0,371974557638168	500	0,355831295251846	2500	0,959913492202759	2500	0,983725309371948	500	0,304287940263748	500	0,274669468402863	2500	0,986892342567444	2500	0,944188833236694	500	0,229523032903671	500	0,188614845275879	2500	0,782962262630463	2500	0,573002755641937	500	0,146312713623047	
578,125	0,497691584847842	121,875	0,0492661934958233	578,125	0,450316519473257	121,875	0,0799085685932872	121,875	0,0783206357373675	578,125	0,435391934961987	578,125	0,377648348208938	121,875	0,0734093240859646	121,875	0,075527549478652	578,125	0,33950395146778	578,125	0,282966910981532	121,875	0,0724429848414059	121,875	0,0777349289522218	578,125	0,227588454217985	578,125	0,172177851867608	121,875	0,0828732364432476	3150	0,892478823661804	630	0,541831016540527	3150	0,912441372871399	630	0,493500858545303	630	0,475478678941727	3150	0,920958042144775	3150	0,938517034053802	630	0,414963781833649	630	0,367850780487061	3150	0,947860598564148	3150	0,919159948825836	630	0,304678618907928	630	0,232792183756828	3150	0,793080270290375	3150	0,60193532705307	630	0,169361263513565	
581,25	0,503958631971724	125	0,0624746032379827	581,25	0,448679441818219	125	0,0560511351440098	125	0,0541665839428856	581,25	0,433677603786349	581,25	0,375058584894693	125	0,0492351027321245	125	0,0522993376346662	581,25	0,336144792467496	581,25	0,27864005075194	125	0,0476348392936662	125	0,0537805145752001	581,25	0,221799908284213	581,25	0,165199893854645	125	0,0588139278597961	4000	0,916215837001801			4000	0,918578803539276					4000	0,91001957654953	4000	0,909199297428131					4000	0,897405385971069	4000	0,856860995292664					4000	0,739943861961365	4000	0,547755718231201			
584,375	0,502982721462096	128,125	0,0824585106665461	584,375	0,450070551006232	128,125	0,0543921102661526	128,125	0,0535681683852572	584,375	0,434943987306479	584,375	0,375950413353343	128,125	0,0480227793343593	128,125	0,051116628203666	584,375	0,33640295615746	584,375	0,278368399981115	128,125	0,0467016742121191	128,125	0,0521859180474665	584,375	0,220259242018099	584,375	0,163219995958319	128,125	0,0571006444815286																																	
587,5	0,505440682275714	131,25	0,0860654903978902	587,5	0,45265435167818	131,25	0,0542486375787588	131,25	0,0533500099811555	587,5	0,437461744050677	587,5	0,378151457134054	131,25	0,0477318143386999	131,25	0,0510565266711817	587,5	0,338198825735085	587,5	0,279741988261001	131,25	0,0462718092018358	131,25	0,0520442661135985	587,5	0,22080000400329	587,5	0,163429645054613	131,25	0,0573889308356089																																	
590,625	0,509749576484421	134,375	0,0754277311096546	590,625	0,458190834886221	134,375	0,0380170817518425	134,375	0,0359710686175437	590,625	0,443051960028645	590,625	0,383759884347034	134,375	0,030183526733023	134,375	0,0346326958055286	590,625	0,343592791216309	590,625	0,285161762700322	134,375	0,02933543949678	134,375	0,0349170872093759	590,625	0,225523767828225	590,625	0,168295399356696	134,375	0,0402378222295195																																	
593,75	0,514127995824138	137,5	0,0777472145758007	593,75	0,461943347602405	137,5	0,0804837243723031	137,5	0,0784034481424095	593,75	0,446808954035423	593,75	0,387234139820333	137,5	0,0727229204176993	137,5	0,0765845239475323	593,75	0,346573199549183	593,75	0,287768845258161	137,5	0,0712293952447313	137,5	0,0768189791136843	593,75	0,227066995093038	593,75	0,169824788626594	137,5	0,0814130969655167																																	
596,875	0,516566807894119	140,625	0,0704446483232118	596,875	0,463420307486315	140,625	0,0862730782964164	140,625	0,0853537307235601	596,875	0,448052228608344	596,875	0,388205267248505	140,625	0,0793546996549992	140,625	0,0824589100941538	596,875	0,346988163009817	596,875	0,287681551967887	140,625	0,0767791505693025	140,625	0,0825106032686074	596,875	0,225934734496204	596,875	0,168726973040652	140,625	0,0874297519650481																																	
600	0,518411521082508	143,75	0,0718707278654461	600	0,466732913088197	143,75	0,0886067221612711	143,75	0,0874102902751406	600	0,451224347391737	600	0,391267750009048	143,75	0,0811061318019581	143,75	0,08451007635668	600	0,349428954428975	600	0,289641829211877	143,75	0,0788174206662619	143,75	0,083987051342014	600	0,226467459779217	600	0,169562135665643	143,75	0,0888766387738053																																	
603,125	0,52045034338507	146,875	0,0867230903884006	603,125	0,469309627554517	146,875	0,0588050547007897	146,875	0,0572926106253914	603,125	0,453611788759321	603,125	0,393399355476522	146,875	0,0508192920127961	146,875	0,0547028893810758	603,125	0,35100971143796	603,125	0,29093831955884	146,875	0,0491005292360114	146,875	0,0545140083453695	603,125	0,226470949770028	603,125	0,169425674212799	146,875	0,0590581871780088																																	
606,25	0,522849898630938	150	0,0660829949148115	606,25	0,473649673900492	150	0,0802618506176298	150	0,078247368596958	606,25	0,457894308282618	606,25	0,397702575611526	150	0,0720302681682884	150	0,0754833956481266	606,25	0,354981429591248	606,25	0,294716246736187	150	0,0695026826295384	150	0,074855043572328	606,25	0,228855513628113	606,25	0,172284928165811	150	0,0793573278700017																																	
609,375	0,527412269828417	153,125	0,0582507716427179	609,375	0,473977165544162	153,125	0,0754578186975179	153,125	0,0738159940442524	609,375	0,458014713552962	609,375	0,397241521971117	153,125	0,066576464545871	153,125	0,0697049059919641	609,375	0,353977573755559	609,375	0,292971879978097	153,125	0,0634088013234467	153,125	0,0690250293728116	609,375	0,225644102793477	609,375	0,168881678061044	153,125	0,0735221003568713																																	
612,5	0,527761200711653	156,25	0,0825221663583553	612,5	0,477616112286712	156,25	0,0760621010749596	156,25	0,0742823324595493	612,5	0,461438141616133	612,5	0,400387838235047	156,25	0,0668285802520382	156,25	0,070308532601964	612,5	0,35668474504214	612,5	0,295307144811391	156,25	0,0639671706047062	156,25	0,0693436562203847	612,5	0,22664254155468	612,5	0,16996217698489	156,25	0,073587662116337																																	
615,625	0,528074563830193	159,375	0,0827896595341199	615,625	0,481111843557002	159,375	0,0751820149152443	159,375	0,072992260852533	615,625	0,464575963169878	615,625	0,403436942219397	159,375	0,0653357963134711	159,375	0,0688967876022187	615,625	0,359246335788523	615,625	0,297428748633404	159,375	0,0622125867787851	159,375	0,0673960906372122	615,625	0,22764844215883	615,625	0,170757437208352	159,375	0,0716814331099418																																	
618,75	0,53395140087205	162,5	0,0652745684456334	618,75	0,48365990112906	162,5	0,0724934644312344	162,5	0,0702833433246043	618,75	0,466997750444019	618,75	0,405740448913677	162,5	0,0624057959695052	162,5	0,0659278295079113	618,75	0,361074006384684	618,75	0,298963223155477	162,5	0,0590069201634486	162,5	0,0641422709937852	618,75	0,228235844553167	618,75	0,171010093267306	162,5	0,0684744457560955																																	
621,875	0,53919126020637	165,625	0,0785059291799405	621,875	0,485103574286064	165,625	0,0823362551266754	165,625	0,0802227279750926	621,875	0,468199384544433	621,875	0,406688618938537	165,625	0,0721488747963418	165,625	0,0755018551459687	621,875	0,361375664447541	621,875	0,298742540135173	165,625	0,0686272712901125	165,625	0,0734700243305301	621,875	0,227129555189143	621,875	0,169193456776253	165,625	0,0772465931591224																																	
625	0,541181161103518	168,75	0,0997750345315475	625	0,490986991148347	168,75	0,0801521864034499	168,75	0,0779327863330331	625	0,47388065774682	625	0,412628513416667	168,75	0,0694260354246332	168,75	0,0730285772995958	625	0,367169507036043	625	0,304429792855952	168,75	0,0656129665738596	168,75	0,0705947748096915	625	0,232935252868424	625	0,174504370012814	168,75	0,0744138719263414																																	
628,125	0,541291130527165	171,875	0,103989496906769	628,125	0,493517903992987	171,875	0,0932177902270287	171,875	0,0908811581839954	628,125	0,475952908399034	628,125	0,414429299521252	171,875	0,0823723224416466	171,875	0,0858792099490346	628,125	0,368457650069197	628,125	0,305155940712998	171,875	0,0779672141740381	171,875	0,083131911979197	628,125	0,232930938785253	628,125	0,173502425736176	171,875	0,0868645319015874																																	
631,25	0,544502672153501	175	0,0915258824326236	631,25	0,50029211298305	175	0,102276122030592	175	0,0998024136240494	631,25	0,482582937903478	631,25	0,421413830138801	175	0,0909450873897967	175	0,0943532799189913	631,25	0,375088637505316	631,25	0,311968350758922	175	0,0867773906515106	175	0,0911879834972408	631,25	0,239862833760867	631,25	0,179822435226357	175	0,094689040481212																																	
634,375	0,547825065948226	178,125	0,0927880236620495	634,375	0,503142407298582	178,125	0,086642334806417	178,125	0,0840367258673584	634,375	0,485177249952564	634,375	0,42373928713773	178,125	0,0746856609776786	178,125	0,0780081544350647	634,375	0,376777262198009	634,375	0,313318298332234	178,125	0,0701041185799924	178,125	0,0746941005340359	634,375	0,240668006308222	634,375	0,179636513127954	178,125	0,07802526019596																																	
637,5	0,552745133537034	181,25	0,0941207059556324	637,5	0,504082684486433	181,25	0,0882897415581965	181,25	0,0855745144469381	637,5	0,485774144701739	637,5	0,423961474124403	181,25	0,0759876714648483	181,25	0,0793035219696875	637,5	0,376267194839753	637,5	0,312304034893545	181,25	0,0713422476901961	181,25	0,0756621734862556	637,5	0,23882062396838	637,5	0,176668350990608	181,25	0,07879779076251																																	
640,625	0,554545827110357	184,375	0,105742240928087	640,625	0,506503071140567	184,375	0,0999106803417752	184,375	0,0971126696132119	640,625	0,487980457497147	640,625	0,42616920044459	184,375	0,0871825392601142	184,375	0,0905996034913343	640,625	0,377996018693307	640,625	0,313746475877551	184,375	0,0823720144836182	184,375	0,0867070833997758	640,625	0,23972078165858	640,625	0,176950829886899	184,375	0,0897017781108418																																	
643,75	0,559065168582391	187,5	0,108889784371947	643,75	0,508895544392038	187,5	0,111861966374455	187,5	0,109112145646898	643,75	0,490347200394287	643,75	0,428338007945126	187,5	0,0988187762162408	187,5	0,101996398329115	643,75	0,378999815159892	643,75	0,314319797295906	187,5	0,0938277340339674	187,5	0,0978412343029702	643,75	0,239294769475271	643,75	0,17517594588515	187,5	0,100282700168373																																	
646,875	0,562882748999563	190,625	0,110069458879403	646,875	0,513937601153584	190,625	0,114245844913688	190,625	0,111488923794409	646,875	0,495588123651344	646,875	0,433771853287509	190,625	0,100971111911286	190,625	0,104007595669377	646,875	0,38426786441745	646,875	0,319837601615964	190,625	0,0947521026082656	190,625	0,0995441961446988	646,875	0,244788227189631	646,875	0,180211518896632	190,625	0,10178163912032																																	
650	0,56252353910269	193,75	0,120002658114851	650	0,51323023762011	193,75	0,117676229689639	193,75	0,114651720013808	650	0,494645813470818	650	0,43218551085295	193,75	0,103797115865666	193,75	0,106720332744781	650	0,381606186576504	650	0,316319305367675	193,75	0,097575944904407	193,75	0,101703149924586	650	0,240050182409548	650	0,173980396907896	193,75	0,103703363372496																																	
653,125	0,568860122656121	196,875	0,116085291841696	653,125	0,518525413231331	196,875	0,113380040922419	196,875	0,110305785563229	653,125	0,500186277806399	653,125	0,43803184471354	196,875	0,0990601133689842	196,875	0,101953012119857	653,125	0,387218134348901	653,125	0,321894973724502	196,875	0,0926523180723992	196,875	0,0966669239863882	653,125	0,245606510701735	653,125	0,179265131749758	196,875	0,0985724886714209																																	
656,25	0,56729253959318	200	0,102009018124372	656,25	0,52283963680249	200	0,0999890780516038	200	0,0969011089838208	656,25	0,50466138180729	656,25	0,442732347443178	200	0,08515160005433	200	0,0880091390897396	656,25	0,391820293007127	656,25	0,326303446907658	200	0,078564746679706	200	0,0823014459693969	656,25	0,249954416474196	656,25	0,183311450819188	200	0,0840421863689764																																	
659,375	0,567916229287091	203,125	0,117438385343892	659,375	0,525469538565573	203,125	0,0931388775360532	203,125	0,0898721065090843	659,375	0,507369290825577	659,375	0,445308843779169	203,125	0,0775471002126278	203,125	0,0805146160818589	659,375	0,39375269401071	659,375	0,328050184243704	203,125	0,0702647966056758	203,125	0,0743263333283943	659,375	0,250772593549168	659,375	0,183340139912711	203,125	0,0758563634664775																																	
662,5	0,572506157494095	206,25	0,108426883719764	662,5	0,524982705154099	206,25	0,108819883442603	206,25	0,105220315290261	662,5	0,506738034454874	662,5	0,444036787045903	206,25	0,0925338189537439	206,25	0,0953561247939619	662,5	0,391713556525009	662,5	0,325217292424258	206,25	0,0856749980900632	206,25	0,0887303150716517	662,5	0,246779422357249	662,5	0,178198284393167	206,25	0,090050996499533																																	
665,625	0,576381951854549	209,375	0,124182160014351	665,625	0,526210069846187	209,375	0,113701935909907	209,375	0,110085973589066	665,625	0,507887536753019	665,625	0,444593460400594	209,375	0,0972514993998594	209,375	0,0998997110308422	665,625	0,391630736912537	665,625	0,324587431657191	209,375	0,0898634012024193	209,375	0,0929312511081629	665,625	0,245144353147345	665,625	0,175587332096697	209,375	0,0938707795955001																																	
668,75	0,576135157754358	212,5	0,132088510497804	668,75	0,531291336628202	212,5	0,101449919264891	212,5	0,0976641396386041	668,75	0,51332601633872	668,75	0,450287475805608	212,5	0,0843314042634755	212,5	0,0869138638761124	668,75	0,397211347531764	668,75	0,330212751600389	212,5	0,0759142974133322	212,5	0,0796083588295924	668,75	0,250475320386633	668,75	0,18072640390225	212,5	0,080419715681468																																	
671,875	0,582543195543931	215,625	0,132414123402072	671,875	0,534906413728961	215,625	0,122442705852416	215,625	0,118575317205057	671,875	0,517146704683088	671,875	0,45427903994853	215,625	0,104969162371651	215,625	0,10719040822593	671,875	0,401091847345633	671,875	0,333891429583134	215,625	0,0967116042745422	215,625	0,0992196340495719	671,875	0,253844985741899	671,875	0,183762601437076	215,625	0,0995884108754924																																	
675	0,587933292232688	218,75	0,141745292203814	675	0,539856839799747	218,75	0,118197216548199	218,75	0,114328913118338	675	0,522109057877261	675	0,459341133297372	218,75	0,100390354237295	218,75	0,102535234704317	675	0,405823673469061	675	0,33845743147958	218,75	0,0918617590286358	218,75	0,0942417742662947	675	0,257772551052095	675	0,187270318254594	218,75	0,0944326003749414																																	
678,125	0,588021630447307	221,875	0,132798212762184	678,125	0,543116945100875	221,875	0,122917414680642	221,875	0,11892751621419	678,125	0,525470415900262	678,125	0,462693723538318	221,875	0,104448168834441	221,875	0,106495772197492	678,125	0,408874024882339	678,125	0,341034649772157	221,875	0,0951874386413415	221,875	0,0976964556428093	678,125	0,259889438938894	678,125	0,189144099019975	221,875	0,0975188910059509																																	
681,25	0,589022111519835	225	0,142982108994093	681,25	0,543896148756992	225	0,132355852432042	225	0,12828592225207	681,25	0,526370409493459	681,25	0,463274859360378	225	0,113606607262046	225	0,115451090364336	681,25	0,408892112226791	681,25	0,340618058697371	225	0,103928201154371	225	0,106321519541093	681,25	0,258590067882916	681,25	0,187011660245083	225	0,105816469890292																																	
684,375	0,587938151983023	228,125	0,136564496808701	684,375	0,545934292066012	228,125	0,135921571815164	228,125	0,131688592150788	684,375	0,52836335189429	684,375	0,464944414496995	228,125	0,1166148825878	228,125	0,118309910721585	684,375	0,410379811989792	684,375	0,341610986265625	228,125	0,106872501517748	228,125	0,108711970876187	684,375	0,258842022603618	684,375	0,187082307669024	228,125	0,107977038147592																																	
687,5	0,592379333521675	231,25	0,157305522630745	687,5	0,544945587082129	231,25	0,135578475958977	231,25	0,131241939987544	687,5	0,527276349964242	687,5	0,462961442815743	231,25	0,115758709627009	231,25	0,117246831670341	687,5	0,40745452143362	687,5	0,337805381253258	231,25	0,105320958358793	231,25	0,107097572379306	687,5	0,253685362147803	687,5	0,18067289395541	231,25	0,106182488188258																																	
690,625	0,596828220820937	234,375	0,145122979934812	690,625	0,549908382084523	234,375	0,142107783336622	234,375	0,137721452810874	690,625	0,53217023045571	690,625	0,468297341418969	234,375	0,12191778186267	234,375	0,123207205557087	690,625	0,41268698116431	690,625	0,342294746402237	234,375	0,110862474208984	234,375	0,112614212673203	690,625	0,257183943924013	690,625	0,183634025018314	234,375	0,111185622614231																																	
693,75	0,597842212918846	237,5	0,133364181539456	693,75	0,551744395310996	237,5	0,129870160604398	237,5	0,125187467285045	693,75	0,533887574342234	693,75	0,470011320992985	237,5	0,108679320607593	237,5	0,110039735545933	693,75	0,414291326490107	693,75	0,343690999418941	237,5	0,0972743197730115	237,5	0,0988064364801545	693,75	0,258061611470847	693,75	0,184077071431026	237,5	0,0972914501348636																																	
696,875	0,599319757853773	240,625	0,141808974864326	696,875	0,554050882826916	240,625	0,125203005143907	240,625	0,120217349771635	696,875	0,536194766232991	696,875	0,472232442759664	240,625	0,103186712837495	240,625	0,104225434364363	696,875	0,416293649886093	696,875	0,345112841289948	240,625	0,0920293146388045	240,625	0,0922287914249862	696,875	0,258629160012428	696,875	0,183952318128833	240,625	0,0901884582420691																																	
700	0,601183785646212	243,75	0,161897081466646	700	0,558629387463032	243,75	0,132447858179662	243,75	0,127567473355287	700	0,541115484971819	700	0,477075654258204	243,75	0,110182628704766	243,75	0,111088376905175	700	0,421286472828843	700	0,349948222024784	243,75	0,0979038191709128	243,75	0,0987167819404788	700	0,262709823449995	700	0,187927431083802	243,75	0,0964435974858137																																	
703,125	0,603562042935604	246,875	0,153005075248725	703,125	0,559639061312101	246,875	0,150342807084448	246,875	0,145512149000763	703,125	0,542048340972183	703,125	0,477650069817513	246,875	0,128044783630724	246,875	0,128671826683992	703,125	0,421501812717008	703,125	0,349379768971734	246,875	0,1149517196562	246,875	0,115940990980903	703,125	0,260788517360349	703,125	0,185619416638682	246,875	0,113268896950807																																	
706,25	0,609393010857227	250	0,152113455130066	706,25	0,561234527309563	250	0,153896861967303	250	0,148900514075648	706,25	0,54343727412785	706,25	0,478854502398187	250	0,131149447061577	250	0,131641286073406	706,25	0,422263382762584	706,25	0,349698875913125	250	0,118321066375512	250	0,118361707138275	706,25	0,260039255534098	706,25	0,184654137312508	250	0,115305239736706																																	
709,375	0,609810009005575	253,125	0,154530568431563	709,375	0,565697796419599	253,125	0,145768511559708	253,125	0,140496326156142	709,375	0,54823484421041	709,375	0,484279677541704	253,125	0,122057844638729	253,125	0,122451631709936	709,375	0,427380617174015	709,375	0,35456273291902	253,125	0,108121226375226	253,125	0,108237257207458	709,375	0,264400856179662	709,375	0,189441435393007	253,125	0,104757821991266																																	
712,5	0,611300184712004	256,25	0,16507288965639	712,5	0,569509122689152	256,25	0,150934725010826	256,25	0,145467950322748	712,5	0,551801221477166	712,5	0,487497160656273	256,25	0,126755945911442	256,25	0,126684644994088	712,5	0,430765332735961	712,5	0,35713790086725	256,25	0,112601423892537	256,25	0,112145740557146	712,5	0,265548129568549	712,5	0,191325361015906	256,25	0,108369276061738																																	
715,625	0,616586672040393	259,375	0,16580269009191	715,625	0,569380578330415	259,375	0,162830889778174	259,375	0,15744179462758	715,625	0,551606055690882	715,625	0,486873846596839	259,375	0,138627927584233	259,375	0,138325796273801	715,625	0,429544621394038	715,625	0,354916359453725	259,375	0,123760610364808	259,375	0,123294645474185	715,625	0,261692511516238	715,625	0,187205024016209	259,375	0,11909839975761																																	
718,75	0,616203013004046	262,5	0,158245361657463	718,75	0,569963449193618	262,5	0,154946258953245	262,5	0,14920601336694	718,75	0,55214798628294	718,75	0,486825407432024	262,5	0,129713872920177	262,5	0,129383740534726	718,75	0,429313611961335	718,75	0,352968677318005	262,5	0,114323528444477	262,5	0,113454071776568	718,75	0,258347812477389	718,75	0,184806309030196	262,5	0,108899713145993																																	
721,875	0,615620770248816	265,625	0,186589016314506	721,875	0,574333130291199	265,625	0,149802912326088	265,625	0,143911457179708	721,875	0,556830585976028	721,875	0,491618383113706	265,625	0,123641155423951	265,625	0,123156948983655	721,875	0,434527560402436	721,875	0,357869998894586	265,625	0,107902182065959	265,625	0,106320393745431	721,875	0,262269285927849	721,875	0,190387524066721	265,625	0,101386969199685																																	
725	0,623121874059825	268,75	0,182453151286211	725	0,574400581975866	268,75	0,158119850719941	268,75	0,152184495359726	725	0,556624208627079	725	0,4909148159416	268,75	0,131692499486861	268,75	0,130873357004642	725	0,433390334448039	725	0,354963385741271	268,75	0,115330203605869	268,75	0,113693336958866	725	0,256331752592875	725	0,184967694106308	268,75	0,108501724717732																																	
728,125	0,624897247547757	271,875	0,182276918572791	728,125	0,579644797637537	271,875	0,163688031320546	271,875	0,15756552279664	728,125	0,561862379505943	728,125	0,496742811375142	271,875	0,136611606059342	271,875	0,135454685806338	728,125	0,439800708491845	728,125	0,360620564490064	271,875	0,119637624749073	271,875	0,117690787910458	728,125	0,261082153655635	728,125	0,192070343762933	271,875	0,11205813905942																																	
731,25	0,624150650921932	275	0,182341256169455	731,25	0,57998945126649	275	0,157603051527856	275	0,151349392698938	731,25	0,5623202893649	731,25	0,496650878064346	275	0,129738138467554	275	0,128403291472527	731,25	0,439228087907926	731,25	0,358416848076039	275	0,11206912155835	275	0,109678096411285	731,25	0,25669408109996	731,25	0,188736091273853	275	0,103648738889716																																	
734,375	0,629416305600598	278,125	0,199620633702938	734,375	0,582591466936561	278,125	0,168877166606649	278,125	0,162612940097611	734,375	0,565187350689165	734,375	0,499155726900396	278,125	0,140894072910186	278,125	0,139207063392817	734,375	0,441419102847375	734,375	0,359573037987807	278,125	0,122638124569582	278,125	0,119788195878575	734,375	0,255973899346883	734,375	0,189997139146519	278,125	0,113159366267717																																	
737,5	0,630913296887525	281,25	0,188699600560564	737,5	0,582802861642234	281,25	0,170366914557188	281,25	0,163984781821716	737,5	0,56553093618329	737,5	0,49863191492189	281,25	0,142010007414074	281,25	0,140030142818384	737,5	0,440468505541462	737,5	0,357239073332715	281,25	0,123115945384709	281,25	0,120019878462456	737,5	0,250875132090911	737,5	0,187114551321893	281,25	0,113097238351233																																	
740,625	0,635018725313983	284,375	0,194057098466956	740,625	0,588950895906192	284,375	0,171489901751215	284,375	0,165016123275331	740,625	0,572465238462832	740,625	0,506455458334907	284,375	0,142661501230104	284,375	0,140463455455351	740,625	0,4489696809203	740,625	0,3651487849526	284,375	0,123384247857487	284,375	0,119575888929778	740,625	0,257952107657109	740,625	0,195863518845406	284,375	0,112224683258312																																	
743,75	0,636034355119556	287,5	0,189567642527938	743,75	0,593538007466687	287,5	0,158274369361829	287,5	0,153062758167449	743,75	0,57730143279069	743,75	0,511926338505549	287,5	0,131300780157585	287,5	0,127189882926726	743,75	0,454261668085845	743,75	0,370044442012824	287,5	0,108739467010478	287,5	0,102526351594658	743,75	0,262882848636311	743,75	0,201113737535209	287,5	0,0922255999315175																																	
746,875	0,639854354860473	290,625	0,193128630320609	746,875	0,592205714954393	290,625	0,173687308624692	290,625	0,167276038463906	746,875	0,575744041655499	746,875	0,508217529369202	290,625	0,144958334691418	290,625	0,141911671502981	746,875	0,449628920705955	746,875	0,362141427012077	290,625	0,124787097812045	290,625	0,119361052157814	746,875	0,252815703689485	746,875	0,189939525069193	290,625	0,109393916736178																																	
750	0,646193971267213	293,75	0,202508627390211	750	0,594636820651159	293,75	0,171071531134448	293,75	0,164043636800157	750	0,578192649882046	750	0,509873107734522	293,75	0,14031458442874	293,75	0,138016512348534	750	0,451241887009249	750	0,361515515441221	293,75	0,119954185658373	293,75	0,115610736370778	750	0,253581374637966	750	0,189905824066695	293,75	0,106030934849677																																	
753,125	0,64451449075338	296,875	0,215245700226431	753,125	0,597404799903304	296,875	0,179461498407063	296,875	0,172011543471183	753,125	0,580984214817668	753,125	0,512145086448096	296,875	0,147424414378628	296,875	0,145100138777828	753,125	0,453553597604375	753,125	0,362692027588337	296,875	0,126425128719417	296,875	0,122251541669249	753,125	0,257448448677414	753,125	0,192678581859558	296,875	0,113840185531765																																	
756,25	0,644976009531717	300	0,20719022987356	756,25	0,60014103155074	300	0,185504136217016	300	0,177404173957179	756,25	0,583896352888002	756,25	0,515477253293225	300	0,151897220786545	300	0,150174183107803	756,25	0,456688347473984	756,25	0,364423200773903	300	0,131950791525392	300	0,128631664465063	756,25	0,261217989621309	756,25	0,195901032173477	300	0,123816488159792																																	
759,375	0,644215794739256	303,125	0,240004552925922	759,375	0,603883571173209	303,125	0,18832691867009	303,125	0,180606282121069	759,375	0,58732647609806	759,375	0,518184405175771	303,125	0,154909574410512	303,125	0,15216157541603	759,375	0,45991365303562	759,375	0,36419770057237	303,125	0,132688017364784	303,125	0,127799729085435	759,375	0,266788037136289	759,375	0,200253379571001	303,125	0,118856856425549																																	
762,5	0,649118116424529	306,25	0,238720885101627	762,5	0,603012722805748	306,25	0,197503057340094	306,25	0,190038629864259	762,5	0,586426401905654	762,5	0,516497229467785	306,25	0,164089712593168	306,25	0,161272770162378	762,5	0,457650951686363	762,5	0,35862303603257	306,25	0,140668808952435	306,25	0,1357137007013	762,5	0,262740452565814	762,5	0,193896886575788	306,25	0,125779275195375																																	
765,625	0,652207053185682	309,375	0,233637042076617	765,625	0,607262585288155	309,375	0,207786629369541	309,375	0,200325555379102	765,625	0,590846011824069	765,625	0,521047508053889	309,375	0,174080487371816	309,375	0,171858379808989	765,625	0,462065413549678	765,625	0,360580322445048	309,375	0,15020878524768	309,375	0,145511598880271	765,625	0,269236672330672	765,625	0,198914210567091	309,375	0,135126251050153																																	
768,75	0,651945148852803	312,5	0,241286147429012	768,75	0,609894579979368	312,5	0,223475396337269	312,5	0,21580718103431	768,75	0,593259536707773	768,75	0,522449142014184	312,5	0,189672917356436	312,5	0,187882771156291	768,75	0,462736972240968	768,75	0,355442944499028	312,5	0,165180520316176	312,5	0,160547232114247	768,75	0,270151918140435	768,75	0,196363730277009	312,5	0,149473342323924																																	
771,875	0,653806583124761	315,625	0,261189325029851	771,875	0,61473770397452	315,625	0,248849572784995	315,625	0,241323586644864	771,875	0,59909826642816	771,875	0,529409102636936	315,625	0,216096441145348	315,625	0,212943652311168	771,875	0,46950219208678	771,875	0,359695119616346	315,625	0,191184182303375	315,625	0,185889654227269	771,875	0,278911503297427	771,875	0,20288568902546	315,625	0,175232537516077																																	
775	0,657154459693309	318,75	0,26483193159327	775	0,61427251463681	318,75	0,252227868281769	318,75	0,244284210806748	775	0,598194231498567	775	0,52770191936822	318,75	0,21867671384477	318,75	0,213835344670133	775	0,46713360736959	775	0,352394696329904	318,75	0,193510217798032	318,75	0,186314133057939	775	0,275888855503425	775	0,198201588969147	318,75	0,175733331158478																																	
778,125	0,660289850772846	321,875	0,276858816757653	778,125	0,617489981926713	321,875	0,244001636111156	321,875	0,23531364233573	778,125	0,600786234951701	778,125	0,529539371173947	321,875	0,209607654030145	321,875	0,203065208277434	778,125	0,46996740986026	778,125	0,349017170037164	321,875	0,184032817516048	321,875	0,175702349290157	778,125	0,280022179412901	778,125	0,201563012788678	321,875	0,163281585240671																																	
781,25	0,659716256882492	325	0,272319782912521	781,25	0,619866136323752	325	0,243069658033922	325	0,234230604680856	781,25	0,603760122567883	781,25	0,531929866542887	325	0,208690474451728	325	0,200463870582496	781,25	0,471452523957749	781,25	0,345977815368709	325	0,182813628034021	325	0,173118275043496	781,25	0,281902485020288	781,25	0,201941777815226	325	0,160411084902844																																	
784,375	0,663517392912131	328,125	0,281771355360759	784,375	0,624022644195858	328,125	0,25022597892735	328,125	0,241810265144417	784,375	0,608173030218414	784,375	0,536432729273672	328,125	0,21554674060795	328,125	0,208040280308423	784,375	0,47567864785254	784,375	0,347452556380885	328,125	0,189186001790893	328,125	0,17964134917707	784,375	0,287988185879561	784,375	0,206707954682311	328,125	0,167442094845055																																	
787,5	0,666672684117265	331,25	0,262900831062063	787,5	0,627022330892382	331,25	0,228699083654671	331,25	0,219794892081385	787,5	0,611035882666341	787,5	0,539750741652724	331,25	0,191542871709149	331,25	0,184543337956112	787,5	0,478373272912567	787,5	0,347131434708112	331,25	0,163788113461369	331,25	0,154026367672151	787,5	0,290693541305064	787,5	0,207412711940013	331,25	0,141883789841623																																	
790,625	0,669146918551484	334,375	0,248417888149652	790,625	0,628005292990966	334,375	0,22725142938249	334,375	0,218311616008722	790,625	0,612084331439784	790,625	0,539708470914155	334,375	0,18963073596404	334,375	0,182256069193158	790,625	0,478399209186687	790,625	0,345147480450127	334,375	0,160861834314131	334,375	0,150543033232809	790,625	0,290903129351633	790,625	0,206401162400731	334,375	0,137421710302335																																	
793,75	0,671633771644584	337,5	0,250478388349778	793,75	0,62993411515807	337,5	0,234057475281039	337,5	0,225008634019351	793,75	0,614003024727832	793,75	0,540195063738207	337,5	0,196204475455421	337,5	0,188651621168829	793,75	0,479081785627402	793,75	0,348622701021783	337,5	0,166951678185383	337,5	0,15635327526742	793,75	0,291829886825834	793,75	0,206123833657011	337,5	0,142654180026783																																	
796,875	0,67137304747651	340,625	0,258633120173931	796,875	0,630093787417162	340,625	0,227721843491005	340,625	0,21842770155253	796,875	0,614140748567972	796,875	0,538381897591664	340,625	0,18859727263244	340,625	0,181118157043104	796,875	0,477755269351727	796,875	0,347533834250422	340,625	0,158282635598378	340,625	0,147587095741336	796,875	0,28859062361589	796,875	0,201313873032267	340,625	0,133261508886475																																	
800	0,678154844276365	343,75	0,260303051505942	800	0,633720481984414	343,75	0,233883800985513	343,75	0,224422068071907	800	0,617766991080774	800	0,541773225740733	343,75	0,194052433591783	343,75	0,186557001851975	800	0,48132519385205	800	0,354338324965318	343,75	0,162923406804152	343,75	0,152226059101661	800	0,292697285714299	800	0,202435881966702	343,75	0,137793383823554																																	
803,125	0,681078082099728	346,875	0,261087900214979	803,125	0,633571561107987	346,875	0,232663312353321	346,875	0,222735696435068	803,125	0,61753898470585	803,125	0,53927266378334	346,875	0,191787497032048	346,875	0,183850952941844	803,125	0,477389824434345	803,125	0,354952586168937	346,875	0,16025888986852	346,875	0,148871539541515	803,125	0,286874074519712	803,125	0,196319553860927	346,875	0,134178590779928																																	
806,25	0,678632186501015	350	0,269253364466782	806,25	0,636949508979228	350	0,23818807761951	350	0,228329964075037	806,25	0,621661498056086	806,25	0,543513372569976	350	0,19712757104325	350	0,188791791679539	806,25	0,482835222365383	806,25	0,36345587369921	350	0,164780288828522	350	0,152973953502463	806,25	0,295194271220441	806,25	0,204649246496971	350	0,13743587976643																																	
809,375	0,681686554579009	353,125	0,275981721391547	809,375	0,641871694618102	353,125	0,236231148022526	353,125	0,226364926723842	809,375	0,627089280146252	809,375	0,54819827817741	353,125	0,194792030944545	353,125	0,18587847834794	809,375	0,489510700053289	809,375	0,377929441021285	353,125	0,16136037053096	353,125	0,149138711254622	809,375	0,302893723900054	809,375	0,211020371028885	353,125	0,13287558801693																																	
812,5	0,685357833060654	356,25	0,266677861285713	812,5	0,642077541136136	356,25	0,22840808073159	356,25	0,217920419299176	812,5	0,626823896534883	812,5	0,546113047334742	356,25	0,185016212170944	356,25	0,175746465144355	812,5	0,487607445810962	812,5	0,377586140141197	356,25	0,15054989347748	356,25	0,13762163111993	812,5	0,300154601814556	812,5	0,208880046230383	356,25	0,121108926293607																																	
815,625	0,686228487017995	359,375	0,267486809686422	815,625	0,642935616362021	359,375	0,232929440899144	359,375	0,222708563447731	815,625	0,627938844432124	815,625	0,545359443107241	359,375	0,189172992089758	359,375	0,179392761089701	815,625	0,486073702892574	815,625	0,380111259720808	359,375	0,153205142225539	359,375	0,139673795868181	815,625	0,298346570134886	815,625	0,206719131737193	359,375	0,122491921423846																																	
818,75	0,688683310954925	362,5	0,266991196994165	818,75	0,648135108546622	362,5	0,240917672647405	362,5	0,230808235754725	818,75	0,633504276722239	818,75	0,549863067853134	362,5	0,197129656625333	362,5	0,187075781314914	818,75	0,491995751174707	818,75	0,391458486499982	362,5	0,160495534606786	362,5	0,14684447423726	818,75	0,30654099722376	818,75	0,213538401778835	362,5	0,12931645504172																																	
821,875	0,685685089301508	365,625	0,275162527576021	821,875	0,65095117114517	365,625	0,256522360224031	365,625	0,246365386224698	821,875	0,63627579651928	821,875	0,550205452030306	365,625	0,21278555124597	365,625	0,202740924537583	821,875	0,49348624078922	821,875	0,396786730922461	365,625	0,177234210008502	365,625	0,162912133997694	821,875	0,308873681811497	821,875	0,215299043343337	365,625	0,145546997174123																																	
825	0,690871249195655	368,75	0,269089499510472	825	0,649861868175702	368,75	0,24285116201413	368,75	0,232035751869345	825	0,634624241893451	825	0,545815528604754	368,75	0,19688771995404	368,75	0,186134213199469	825	0,489034787292638	825	0,394071947619612	368,75	0,158687733135811	368,75	0,144170992344254	825	0,302458355652509	825	0,207941655075651	368,75	0,12594046763909																																	
828,125	0,688873895698274	371,875	0,279753948029941	828,125	0,652888662871443	371,875	0,222632787656746	371,875	0,211474584853135	828,125	0,637125387887369	828,125	0,546214694617955	371,875	0,174481859047775	371,875	0,163096443587054	828,125	0,489311022398657	828,125	0,398947512064786	371,875	0,133853672476991	371,875	0,118579568745767	828,125	0,303987180929399	828,125	0,209208705101395	371,875	0,0992049890386215																																	
831,25	0,692855878674336	375	0,291788146270397	831,25	0,664170270159103	375	0,278261054074951	375	0,269139514038421	831,25	0,649674376124882	831,25	0,558011782573218	375	0,236189266217958	375	0,224182807986203	831,25	0,50421990613373	831,25	0,419747087022535	375	0,197120085991268	375	0,181395335993488	831,25	0,327622793098074	831,25	0,23803154604046	375	0,159680611889811																																	
834,375	0,697642321487381	378,125	0,284388960155593	834,375	0,662400829367724	378,125	0,269597849406607	378,125	0,259034852774068	834,375	0,648412663398361	834,375	0,553150963531521	378,125	0,224821801033656	378,125	0,21266578028593	834,375	0,49972960572068	834,375	0,41837428454772	378,125	0,18573537778631	378,125	0,168591735140007	834,375	0,32448730211319	834,375	0,231785436722162	378,125	0,148077884082928																																	
837,5	0,698912476796115	381,25	0,287798064102945	837,5	0,661312315481184	381,25	0,252539786754201	381,25	0,240703304729723	837,5	0,646341489604592	837,5	0,54620306253826	381,25	0,203816479460671	381,25	0,191865108578329	837,5	0,492632107114242	837,5	0,413451693677777	381,25	0,163865173818254	381,25	0,146813685285183	837,5	0,315101951727885	837,5	0,219047646759702	381,25	0,127539636881388																																	
840,625	0,697730471638417	384,375	0,297252491438795	840,625	0,662788593655107	384,375	0,281028655848602	384,375	0,270494946387776	840,625	0,647833995463148	840,625	0,542386242308364	384,375	0,235063595306742	384,375	0,222150850722768	840,625	0,490109132628871	840,625	0,414979517195871	384,375	0,195101840637981	384,375	0,177313874628303	840,625	0,31394815773843	840,625	0,216755054019445	384,375	0,15603021789638																																	
843,75	0,697943460307689	387,5	0,3108972103246	843,75	0,665934167969418	387,5	0,275563880576497	387,5	0,26487844050109	843,75	0,651670945471563	843,75	0,541544533088821	387,5	0,228874845234942	387,5	0,215308752737708	843,75	0,491149766678423	843,75	0,420681631189798	387,5	0,185957370577125	387,5	0,168268656565889	843,75	0,320243582247621	843,75	0,2236766781266	387,5	0,145659114604988																																	
846,875	0,702948280118098	390,625	0,316647071982714	846,875	0,664784193026845	390,625	0,267161425497057	390,625	0,256480990276426	846,875	0,650655738680392	846,875	0,535789649797482	390,625	0,219337426738881	390,625	0,204992175947669	846,875	0,485427790046786	846,875	0,417643623789421	390,625	0,174875652744831	390,625	0,156102680233457	846,875	0,313995467828009	846,875	0,215910151885818	390,625	0,132008378695906																																	
850	0,701882033096676	393,75	0,313524610331081	850	0,664890114124157	393,75	0,260696000463512	393,75	0,248289216898817	850	0,650208070490429	850	0,527533607220009	393,75	0,209607933535496	393,75	0,195727504729669	850	0,478330169114333	850	0,415485230883452	393,75	0,165579952803421	393,75	0,147018390887394	850	0,308679822452895	850	0,209331776139516	393,75	0,12488995747014																																	
853,125	0,699844410185404	396,875	0,310266564320928	853,125	0,666414837115621	396,875	0,26416543200111	396,875	0,25151077913501	853,125	0,651706375674272	853,125	0,521744786159041	396,875	0,212178705000057	396,875	0,197867284993974	853,125	0,475021661932858	853,125	0,416204642288155	396,875	0,167340522022524	396,875	0,148221371903184	853,125	0,307898994131034	853,125	0,205998958385783	396,875	0,125841568412174																																	
856,25	0,70582900780869	400	0,308734704392966	856,25	0,672168386881133	400	0,269494743356919	400	0,256889022379489	856,25	0,657648255363943	856,25	0,521557171237026	400	0,217189163238071	400	0,20242720810616	856,25	0,478436634016658	856,25	0,426009927751575	400	0,171521560037471	400	0,151547766583638	856,25	0,318814067447528	856,25	0,220109721809344	400	0,128859281382091																																	
859,375	0,708878622737338	403,125	0,322864541463039	859,375	0,676942520597369	403,125	0,272394984770411	403,125	0,259434129531786	859,375	0,662918049511731	859,375	0,521561441329058	403,125	0,219176727059824	403,125	0,204339459924882	859,375	0,481937092366248	859,375	0,433990110088355	403,125	0,173048696929418	403,125	0,152297945049989	859,375	0,327552791191246	859,375	0,228635986467672	403,125	0,128910637725624																																	
862,5	0,710639546476996	406,25	0,325965153873695	862,5	0,677481153548409	406,25	0,285930372418499	406,25	0,272505339382197	862,5	0,663277818614869	862,5	0,514157859004148	406,25	0,232416879281029	406,25	0,217490057017579	862,5	0,476979396524968	862,5	0,432982827438603	406,25	0,186941523018159	406,25	0,16671226920777	862,5	0,324907385155443	862,5	0,224406586336271	406,25	0,143141553050443																																	
865,625	0,715757382307005	409,375	0,324988775118734	865,625	0,678309855369416	409,375	0,303608903595898	409,375	0,291888991314861	865,625	0,663788632659972	865,625	0,507789097562432	409,375	0,253660410330297	409,375	0,23757170631146	865,625	0,474182872639114	865,625	0,432654004408466	409,375	0,206472762815944	409,375	0,185466835183564	865,625	0,323060317549119	865,625	0,221883350074791	409,375	0,158703546157018																																	
868,75	0,713705247108938	412,5	0,336250342089919	868,75	0,678673218977198	412,5	0,305717485692513	412,5	0,293798530714583	868,75	0,664094391477863	868,75	0,501519813341734	412,5	0,255451896968561	412,5	0,238716648515124	868,75	0,472003874455459	868,75	0,431716451064942	412,5	0,20849032657529	412,5	0,184968020953719	868,75	0,320570993934057	868,75	0,218421938857694	412,5	0,156536655609181																																	
871,875	0,713214445044962	415,625	0,337803619648245	871,875	0,680587874331945	415,625	0,284195418619774	415,625	0,271681465449949	871,875	0,666269944942719	871,875	0,497069802473248	415,625	0,230484110769838	415,625	0,213241206917597	871,875	0,472884562072561	871,875	0,433556064264703	415,625	0,180747062992023	415,625	0,156466598014758	871,875	0,322761279379	871,875	0,21956224143295	415,625	0,127065059427544																																	
875	0,717796725311791	418,75	0,348319716401376	875	0,684497939959834	418,75	0,305862951000915	418,75	0,293621658144832	875	0,670555145771246	875	0,5058981451698	418,75	0,254056384740794	418,75	0,236579951080962	875	0,482811381885353	875	0,438656439601283	418,75	0,204874801704295	418,75	0,180497074629345	875	0,329259851893715	875	0,226802354217335	418,75	0,150700179187145																																	
878,125	0,717709338732755	421,875	0,335476999542482	878,125	0,685331061824665	421,875	0,300129083280077	421,875	0,288393140270994	878,125	0,671104777822061	878,125	0,50278694463761	421,875	0,248247237015238	421,875	0,229559563786011	878,125	0,483478419921464	878,125	0,436876750924192	421,875	0,196468742736526	421,875	0,170976377240511	878,125	0,327415608186706	878,125	0,22427944917787	421,875	0,138118757346756																																	
881,25	0,718012435013374	425	0,331881101375184	881,25	0,688673286836848	425	0,304753899674334	425	0,292080225053245	881,25	0,674242792537689	881,25	0,511881208964767	425	0,25075007514186	425	0,232534275774788	881,25	0,492473058852273	881,25	0,440575793707934	425	0,199149730910057	425	0,174464201502761	881,25	0,332541417561487	881,25	0,229449569197048	425	0,142698942467803																																	
884,375	0,718500572029808	428,125	0,329955256703128	884,375	0,690006419996104	428,125	0,309738644350641	428,125	0,295101351265586	884,375	0,675940645841046	884,375	0,519185189902512	428,125	0,252564197298224	428,125	0,235057759692984	884,375	0,497957572607079	884,375	0,439961740691625	428,125	0,201923404869578	428,125	0,177921015237299	884,375	0,332682711457718	884,375	0,228412733926778	428,125	0,149085830612311																																	
887,5	0,72234427462207	431,25	0,338649048805718	887,5	0,694559086241413	431,25	0,305269463611469	431,25	0,291689672100964	887,5	0,680302400266996	887,5	0,534462168606248	431,25	0,248858797817211	431,25	0,22985602478526	887,5	0,510203629243149	887,5	0,446626162767504	431,25	0,19506158137182	431,25	0,168918824091582	887,5	0,340566274629181	887,5	0,235813651008356	431,25	0,137576283197273																																	
890,625	0,726690418281009	434,375	0,342614855640105	890,625	0,695928388140204	434,375	0,310329358863545	434,375	0,29700213107213	890,625	0,681382415001557	890,625	0,540962893599837	434,375	0,253691745277189	434,375	0,234434361011593	890,625	0,51565145477204	890,625	0,446170684907614	434,375	0,199515212645304	434,375	0,173208344594697	890,625	0,340287210658146	890,625	0,235517736019885	434,375	0,141691970723797																																	
893,75	0,727638916846109	437,5	0,336337188158159	893,75	0,693309072670342	437,5	0,312255831408856	437,5	0,298730226216055	893,75	0,678956029156568	893,75	0,543089077564997	437,5	0,254875762225386	437,5	0,235165758956794	893,75	0,514025892825295	893,75	0,437889002370272	437,5	0,199560772724466	437,5	0,172654457213591	893,75	0,331843629543251	893,75	0,224104161409527	437,5	0,140290227674637																																	
896,875	0,728227366398408	440,625	0,319445555566728	896,875	0,696582100792963	440,625	0,318616356542638	440,625	0,304955273027145	896,875	0,68218095302917	896,875	0,558400368318067	440,625	0,260934915044999	440,625	0,241113461050885	896,875	0,524207212181367	896,875	0,441938763696863	440,625	0,205508494358678	440,625	0,178584292461407	896,875	0,336585451375146	896,875	0,228669278856188	440,625	0,147107102973418																																	
900	0,730597245087938	443,75	0,346023051577371	900	0,698158413040517	443,75	0,323191410116628	443,75	0,309486966345246	900	0,683825207469539	900	0,567373408716878	443,75	0,265690854245211	443,75	0,245052489714778	900	0,528897196166239	900	0,443109692237661	443,75	0,209993773243974	443,75	0,181069841998114	900	0,33699855510765	900	0,228560310642664	443,75	0,148290988513824																																	
903,125	0,730367595515106	446,875	0,357380985405341	903,125	0,701921632430094	446,875	0,33064995206714	446,875	0,316138597114963	903,125	0,687398594968074	903,125	0,581800013944677	446,875	0,271935574796509	446,875	0,251099855647648	903,125	0,538312996102991	903,125	0,448747636676857	446,875	0,215877908805749	446,875	0,187044045460097	903,125	0,341898244877078	903,125	0,234362779161504	446,875	0,154871734895002																																	
906,25	0,732146439418015	450	0,364998957877931	906,25	0,702887207380724	450	0,315145090433607	450	0,300063031091221	906,25	0,688410466666457	906,25	0,590741841495438	450	0,253771618386182	450	0,231914557216422	906,25	0,54316857241102	906,25	0,450985802057097	450	0,194427499209879	450	0,164694447818926	906,25	0,342152498239824	906,25	0,233209843990174	450	0,131201425742001																																	
909,375	0,733658596831198	453,125	0,367803986461755	909,375	0,701753536662467	453,125	0,31773453716829	453,125	0,302852064424164	909,375	0,686859030478882	909,375	0,594294989913564	453,125	0,255971145173886	453,125	0,233639636339655	909,375	0,543021195752111	909,375	0,447090318130635	453,125	0,195104363139655	453,125	0,164668631413266	909,375	0,335961275518523	909,375	0,225982902499557	453,125	0,130116885164604																																	
912,5	0,734613773641062	456,25	0,365641877783029	912,5	0,703141316779495	456,25	0,310699314808384	456,25	0,295628535397667	912,5	0,688031717347037	912,5	0,602386373991666	456,25	0,247374895856022	456,25	0,224165317761237	912,5	0,547665718498173	912,5	0,449323478525872	456,25	0,184107159837317	456,25	0,152680422947586	912,5	0,337657318859287	912,5	0,227311738232002	456,25	0,116876964797064																																	
915,625	0,735183220962563	459,375	0,365301938936754	915,625	0,705424827274561	459,375	0,322375142827283	459,375	0,30789785033248	915,625	0,690830496781111	915,625	0,611833757316706	459,375	0,259976622443827	459,375	0,236619372925517	915,625	0,553999502120894	915,625	0,454727446286474	459,375	0,19749775568937	459,375	0,165227946335458	915,625	0,341167346488443	915,625	0,230030758662101	459,375	0,129639605481239																																	
918,75	0,735955398198659	462,5	0,367527130818708	918,75	0,708187244043434	462,5	0,329789385799466	462,5	0,315128525739413	918,75	0,693494101075777	918,75	0,619124571160544	462,5	0,268140156289762	462,5	0,24465095022762	918,75	0,559236639854219	918,75	0,460916942208101	462,5	0,205379591584858	462,5	0,172797016229492	918,75	0,346305767184782	918,75	0,235022693766662	462,5	0,136937144313406																																	
921,875	0,737101505154532	465,625	0,375376118540671	921,875	0,711793882626929	465,625	0,328793324090093	465,625	0,31401516713976	921,875	0,696785804610444	921,875	0,627899678822921	465,625	0,266556202472223	465,625	0,242029818506308	921,875	0,565309299376181	921,875	0,467463103250817	465,625	0,202572921966113	465,625	0,168903618845646	921,875	0,350878280108538	921,875	0,239353800092273	465,625	0,131800139343256																																	
925	0,738843566452715	468,75	0,385024948902194	925	0,713236066483256	468,75	0,332373209508279	468,75	0,317547405088935	925	0,697817083079931	925	0,632354303965533	468,75	0,269974706787047	468,75	0,244992068095634	925	0,567961926056655	925	0,469037054604195	468,75	0,204407350031254	468,75	0,170804874053698	925	0,350815625491455	925	0,239016746301941	468,75	0,133398914908714																																	
928,125	0,741020874406107	471,875	0,383871491014334	928,125	0,711954061683651	471,875	0,338970878310038	471,875	0,323854264919197	928,125	0,696002807116719	928,125	0,633007072593079	471,875	0,276311961482013	471,875	0,25082299878427	928,125	0,56670780160851	928,125	0,466247475080513	471,875	0,210080780391275	471,875	0,175698718856724	928,125	0,34545966930484	928,125	0,232486516072743	471,875	0,138470092728128																																	
931,25	0,741562583207728	475	0,388813163041615	931,25	0,71633924363884	475	0,345536129929107	475	0,330682173093715	931,25	0,699765392207448	931,25	0,642219650062098	475	0,282553673482053	475	0,256622732817611	931,25	0,573907058411849	931,25	0,475252669602237	475	0,216127483916053	475	0,181651644232909	931,25	0,352061972971066	931,25	0,239290322229721	475	0,14395472934996																																	
934,375	0,743216885158821	478,125	0,393333158701483	934,375	0,716981489106029	478,125	0,354852023272898	478,125	0,339524104535951	934,375	0,700742684739207	934,375	0,645261219857954	478,125	0,290896425486036	478,125	0,265079967783877	934,375	0,575932917390646	934,375	0,477063536443229	478,125	0,224675622485848	478,125	0,190173890513452	934,375	0,352858822175885	934,375	0,238542830704585	478,125	0,153498956064111																																	
937,5	0,744598443137487	481,25	0,394670504334522	937,5	0,718793938243668	481,25	0,34593173887997	481,25	0,329727357236328	937,5	0,702870261090624	937,5	0,649908964024822	481,25	0,280161968849289	481,25	0,253970855958727	937,5	0,579488153030996	937,5	0,480466079484508	481,25	0,211906866172448	481,25	0,175865714731696	937,5	0,355510633290371	937,5	0,241012451928169	481,25	0,137666092213736																																	
940,625	0,744908909242099	484,375	0,394189862837197	940,625	0,719935050960001	484,375	0,356428843730321	484,375	0,34094973700268	940,625	0,703773918113981	940,625	0,653041073567633	484,375	0,291277072465923	484,375	0,265020592641162	940,625	0,581487550941604	940,625	0,482064938840501	484,375	0,223380689600192	484,375	0,186366462634803	940,625	0,355689918290322	940,625	0,241565943441659	484,375	0,147961450740169																																	
943,75	0,746051984141424	487,5	0,402235541147918	943,75	0,721328056189934	487,5	0,360205659032584	487,5	0,3445329540358	943,75	0,70401787342521	943,75	0,656751086019334	487,5	0,294367313191653	487,5	0,267821492162469	943,75	0,583494653904693	943,75	0,483794824388459	487,5	0,225605095561713	487,5	0,188301306665707	943,75	0,35539242240425	943,75	0,240050615430642	487,5	0,150025732614206																																	
946,875	0,746851444767751	490,625	0,4010947397667	946,875	0,722954872696573	490,625	0,363246583434826	490,625	0,347273554516002	946,875	0,705253008101991	946,875	0,66001838918769	490,625	0,296985851647784	490,625	0,269758574059615	946,875	0,586330122492661	946,875	0,485824775564284	490,625	0,227465953878734	490,625	0,189353369713879	946,875	0,356530232505625	946,875	0,240494334997701	490,625	0,150603049578686																																	
950	0,749170673634511	493,75	0,40489860188507	950	0,725025642276301	493,75	0,3715296281222	493,75	0,355571808288272	950	0,70702955568492	950	0,663637813493727	493,75	0,305899896938739	493,75	0,278221166759221	950	0,589687260090239	950	0,489546712091267	493,75	0,235843633019654	493,75	0,197659591888073	950	0,359218834535798	950	0,242504611485478	493,75	0,158639804553997																																	
953,125	0,749454569851589	496,875	0,408760607315111	953,125	0,726317806056502	496,875	0,373531549911939	496,875	0,357737601775438	953,125	0,707961508378219	953,125	0,666506614227691	496,875	0,307441455225286	496,875	0,279273871556615	953,125	0,591740498232018	953,125	0,490860820003231	496,875	0,235976767413986	496,875	0,19746968861443	953,125	0,358877870332344	953,125	0,242046682408068	496,875	0,157139770714816																																	
956,25	0,750382487923102	500	0,406675767227765	956,25	0,728446224579977	500	0,364199147939383	500	0,348734658930517	956,25	0,710134282951443	956,25	0,67017664572875	500	0,297016028469017	500	0,2678713987712	956,25	0,595915494560454	956,25	0,495785064200415	500	0,222924485150425	500	0,182988248297692	956,25	0,363601242146485	956,25	0,247424396517696	500	0,140637115853254																																	
959,375	0,751919417708469	503,125	0,414938310263625	959,375	0,730270209102375	503,125	0,368720572090284	503,125	0,352902388431265	959,375	0,711385892507022	959,375	0,673418694488601	503,125	0,301656181525343	503,125	0,271806717500347	959,375	0,599085133575655	959,375	0,499515186542602	503,125	0,227238955306173	503,125	0,185637475130061	959,375	0,366535479659747	959,375	0,249972637659299	503,125	0,143678218129331																																	
962,5	0,752768322622598	506,25	0,417729111989152	962,5	0,730900771182699	506,25	0,371190295503413	506,25	0,354918810106246	962,5	0,710919205521108	962,5	0,675409741629222	506,25	0,30345581194554	506,25	0,272893398526841	962,5	0,599271789815325	962,5	0,499235837414572	506,25	0,227922228900994	506,25	0,185740540868391	962,5	0,364252301646339	962,5	0,246521028130809	506,25	0,143113720808792																																	
965,625	0,753836864817867	509,375	0,424338533271202	965,625	0,732134226059072	509,375	0,370351112144656	509,375	0,354304232015793	965,625	0,711689636360898	965,625	0,678050545041853	509,375	0,301968840141358	509,375	0,270801438941654	965,625	0,601542504789113	965,625	0,501742772103808	509,375	0,224944677316365	509,375	0,18201764950165	965,625	0,365832153236459	965,625	0,247632631207764	509,375	0,138498144007105																																	
968,75	0,754419781576329	512,5	0,429512426449979	968,75	0,732031198519035	512,5	0,380549740589813	512,5	0,364786497366543	968,75	0,711049590399438	968,75	0,678523596980139	512,5	0,312175737032045	512,5	0,281432835184379	968,75	0,600948838027287	968,75	0,500717445670451	512,5	0,235197673265146	512,5	0,192874096549773	968,75	0,363442582772564	968,75	0,24391422986928	512,5	0,149389176665363																																	
971,875	0,755118200825842	515,625	0,429775294778056	971,875	0,734711052497259	515,625	0,385930352067848	515,625	0,369166657207397	971,875	0,71299538589178	971,875	0,683102532516762	515,625	0,31677899050352	515,625	0,285551239408355	971,875	0,605820217112786	971,875	0,506562683108281	515,625	0,239221802878429	515,625	0,196054509801219	971,875	0,368820424561025	971,875	0,249234795332138	515,625	0,152152463407235																																	
975	0,756387014068462	518,75	0,430973148046406	975	0,736112759208844	518,75	0,389672695338717	518,75	0,372526151703232	975	0,713546744582512	975	0,685311613426715	518,75	0,319769049278672	518,75	0,288330380100133	975	0,607943014492225	975	0,508948362493077	518,75	0,241608588047811	518,75	0,197861075012042	975	0,371016672484208	975	0,250937217636458	518,75	0,154207791707573																																	
978,125	0,757878798861409	521,875	0,430210146569988	978,125	0,737368856884304	521,875	0,388752596241241	521,875	0,37213013942815	978,125	0,713906823633285	978,125	0,68754346612798	521,875	0,318754328625758	521,875	0,286338397890629	978,125	0,609779034675438	978,125	0,510968284670862	521,875	0,239161976789681	521,875	0,194114577371653	978,125	0,372303658350465	978,125	0,251683043369482	521,875	0,149637645919137																																	
981,25	0,758862094196517	525	0,431189538288996	981,25	0,739659630863803	525	0,395339264444679	525	0,378707837263428	981,25	0,715458045369648	981,25	0,691222363315942	525	0,325411329532392	525	0,292833616801094	981,25	0,613716650971799	981,25	0,515549919400091	525	0,245712757237231	525	0,200272843296049	981,25	0,376677499278792	981,25	0,256356031227096	525	0,155310223897227																																	
984,375	0,759190583733394	528,125	0,442692976770131	984,375	0,739693554653341	528,125	0,390839584210462	528,125	0,373692041671363	984,375	0,714060402467104	984,375	0,691807987333817	528,125	0,319342570539259	528,125	0,28579475488701	984,375	0,613425185911697	984,375	0,514920631255761	528,125	0,237584348785508	528,125	0,19089700000346	984,375	0,374414686407757	984,375	0,253182139164607	528,125	0,144526927793918																																	
987,5	0,760686799546816	531,25	0,451845708571094	987,5	0,741179167690914	531,25	0,398376776245291	531,25	0,381160229128296	987,5	0,714134066064183	987,5	0,693766827919424	531,25	0,327329972874766	531,25	0,293351196367048	987,5	0,615282789258038	987,5	0,517092624628452	531,25	0,244787542152794	531,25	0,198692059225133	987,5	0,375705781479561	987,5	0,253908464850267	531,25	0,151754496513381																																	
990,625	0,761667310986679	534,375	0,4459344254948	990,625	0,742501326743776	534,375	0,402353925735905	534,375	0,385201413988278	990,625	0,714447768766729	990,625	0,695926564433138	534,375	0,330496659475403	534,375	0,296419825618656	990,625	0,617721742789404	990,625	0,519700388559607	534,375	0,246903394036453	534,375	0,200498970113684	990,625	0,377784580745515	990,625	0,25616619058682	534,375	0,153506394556421																																	
993,75	0,762621666183804	537,5	0,446867591268869	993,75	0,742503207314369	537,5	0,404857539506934	537,5	0,387668126658315	993,75	0,712389490687223	993,75	0,696572106348739	537,5	0,332441774288711	537,5	0,298245890914904	993,75	0,61767067113696	993,75	0,519607138532413	537,5	0,248627236229323	537,5	0,201014550531491	993,75	0,376133756710374	993,75	0,25315718004331	537,5	0,15380285722579																																	
996,875	0,76232672280404	540,625	0,4551368571895	996,875	0,743805908483774	540,625	0,406094920692926	540,625	0,389066532845739	996,875	0,712211764244486	996,875	0,698202321884569	540,625	0,333719453373429	540,625	0,299098413986479	996,875	0,619496807750936	996,875	0,521596390965794	540,625	0,248881958855389	540,625	0,200307064446007	996,875	0,377088905311458	996,875	0,253561837644342	540,625	0,151964825393036																																	
1000	0,763141991583475	543,75	0,456118394334182	1000	0,744648068924125	543,75	0,412217609627271	543,75	0,39504732284563	1000	0,711023972146368	1000	0,69955465458294	543,75	0,339623393586397	543,75	0,305190904523468	1000	0,621320904807931	1000	0,523349863063816	543,75	0,254390820605533	543,75	0,205604005079784	1000	0,378108144407399	1000	0,253255173974272	543,75	0,157262000299119																																	
1003,125	0,764853442302612	546,875	0,455266560329189	1003,125	0,74602818594573	546,875	0,410080206492678	546,875	0,392246242381679	1003,125	0,711218636006527	1003,125	0,701723895754091	546,875	0,336346009921902	546,875	0,300654599265205	1003,125	0,624576945062748	1003,125	0,526413155760783	546,875	0,248867257670243	546,875	0,198971204016788	1003,125	0,381205991157085	1003,125	0,256241253513339	546,875	0,149118926336117																																	
1006,25	0,765738971472231	550	0,461763971338715	1006,25	0,747422310794509	550	0,415178581949041	550	0,397646543448139	1006,25	0,710629133942364	1006,25	0,703537689475804	550	0,341755735319063	550	0,306043665435704	1006,25	0,627036220149267	1006,25	0,528800624381543	550	0,253719897424017	550	0,204209979331286	1006,25	0,382708008096641	1006,25	0,257601056380445	550	0,153988703709772																																	
1009,375	0,766483866441455	553,125	0,46556719178108	1009,375	0,748669372689213	553,125	0,420723705684307	553,125	0,40338093432602	1009,375	0,709444221206675	1009,375	0,705153556234763	553,125	0,34763749944561	553,125	0,312065380820296	1009,375	0,629628392159399	1009,375	0,531399701632827	553,125	0,259437053248581	553,125	0,209878216573773	1009,375	0,384394081517049	1009,375	0,259143049596007	553,125	0,159574160699147																																	
1012,5	0,766288161656902	556,25	0,470556997999217	1012,5	0,749365532061884	556,25	0,419739754791775	556,25	0,402119101017067	1012,5	0,708154138516016	1012,5	0,706093828637369	556,25	0,345608824124828	556,25	0,309539237871267	1012,5	0,631824298891134	1012,5	0,532927607876581	556,25	0,255786018983059	556,25	0,205513626165426	1012,5	0,385388931605404	1012,5	0,259669359873128	556,25	0,154056274931792																																	
1015,625	0,766801973113607	559,375	0,476960501844038	1015,625	0,749387843131606	559,375	0,42877288693756	559,375	0,411534599397108	1015,625	0,70501281302198	1015,625	0,706123029661236	559,375	0,35541629942087	559,375	0,319233168821591	1015,625	0,632676852744447	1015,625	0,532627826651865	559,375	0,265351167768099	559,375	0,214669298233209	1015,625	0,383663038298044	1015,625	0,25648483553213	559,375	0,163146991677001																																	
1018,75	0,767573385640938	562,5	0,477549907578412	1018,75	0,751152583296748	562,5	0,429692636743679	562,5	0,412930759229478	1018,75	0,704156973978303	1018,75	0,70862733336636	562,5	0,356328313605187	562,5	0,320027662340549	1018,75	0,636816832850197	1018,75	0,536655248834665	562,5	0,265515686704176	562,5	0,21363831868335	1018,75	0,386569271944963	1018,75	0,259340087469266	562,5	0,160969993670566																																	
1021,875	0,767971279766218	565,625	0,47464959384752	1021,875	0,751591771694571	565,625	0,431007530399652	565,625	0,414422145016315	1021,875	0,702734575177613	1021,875	0,709489822118566	565,625	0,35751920780447	565,625	0,320789052730417	1021,875	0,638546001207232	1021,875	0,538440245064848	565,625	0,265628941331955	565,625	0,212638299692937	1021,875	0,388076157567117	1021,875	0,260701238068529	565,625	0,159108014189985																																	
1025	0,768225952370918	568,75	0,482381137372146	1025	0,752926743775062	568,75	0,436248951301891	568,75	0,41960028115564	1025	0,702773823606437	1025	0,711838810799671	568,75	0,362865016487384	568,75	0,325592606641505	1025	0,642641865212279	1025	0,542194576347974	568,75	0,270350223226459	568,75	0,216497447304907	1025	0,391586499447409	1025	0,26428392789961	568,75	0,162821469803526																																	
1028,125	0,768530438775961	571,875	0,490282623756098	1028,125	0,753462471594697	571,875	0,439535831504332	571,875	0,422764654639829	1028,125	0,701168104048972	1028,125	0,712637160036813	571,875	0,366017097338765	571,875	0,328370274682904	1028,125	0,644714958008196	1028,125	0,543493005839489	571,875	0,273101610827201	571,875	0,218417490039672	1028,125	0,392033225496959	1028,125	0,26406607195588	571,875	0,16456728023252																																	
1031,25	0,76942904944623	575	0,492518167018131	1031,25	0,753260155604629	575	0,440069253943999	575	0,423432530434222	1031,25	0,697942771406434	1031,25	0,712068903246063	575	0,366210858462631	575	0,327839011838085	1031,25	0,644553083517494	1031,25	0,542593030525994	575	0,271755089428455	575	0,21579511787513	1031,25	0,389800924402641	1031,25	0,260882714709698	575	0,160917181207835																																	
1034,375	0,769924941127098	578,125	0,494410304707364	1034,375	0,754136373972034	578,125	0,446295678214659	578,125	0,429640511449567	1034,375	0,699656176318512	1034,375	0,714504295282312	578,125	0,372472158016712	578,125	0,334002917013361	1034,375	0,647423012083156	1034,375	0,545472197892584	578,125	0,278009801643095	578,125	0,221490377087777	1034,375	0,392433050780422	1034,375	0,263755760818414	578,125	0,166688001453956																																	
1037,5	0,770283969310987	581,25	0,499534158777512	1037,5	0,755045451910721	581,25	0,445602950898354	581,25	0,428655672898515	1037,5	0,701672263514956	1037,5	0,716825418869471	581,25	0,370800898747632	581,25	0,331609432538064	1037,5	0,650157381946555	1037,5	0,548209236210545	581,25	0,274436429792393	581,25	0,216456872185238	1037,5	0,394697863149225	1037,5	0,26618983390191	581,25	0,160563743269295																																	
1040,625	0,76984081269725	584,375	0,499669564026216	1040,625	0,75536303674535	584,375	0,447568916670507	584,375	0,430580859778757	1040,625	0,702685937312948	1040,625	0,718544739491601	584,375	0,372292521985659	584,375	0,332585520514168	1040,625	0,651611280117508	1040,625	0,549510495769986	584,375	0,274651333468167	584,375	0,215591343467937	1040,625	0,394635600946737	1040,625	0,265288250205747	584,375	0,159160926471977																																	
1043,75	0,770332853777108	587,5	0,502151692908108	1043,75	0,755847199421583	587,5	0,449882620439555	587,5	0,432677173219153	1043,75	0,706437997744925	1043,75	0,720716027817483	587,5	0,374128303892354	587,5	0,33393285080796	1043,75	0,65351488488764	1043,75	0,551594048350315	587,5	0,275670057539449	587,5	0,2158714886431	1043,75	0,396457155056716	1043,75	0,266749361370046	587,5	0,159018180107698																																	
1046,875	0,770548253587428	590,625	0,505885510455128	1046,875	0,756464121346766	590,625	0,45451324344774	590,625	0,43743684422808	1046,875	0,712551058196081	1046,875	0,723998468617416	590,625	0,378968387281606	590,625	0,338552077208645	1046,875	0,655967835402684	1046,875	0,554458989633584	590,625	0,280294293153554	590,625	0,219441461100553	1046,875	0,399158405415097	1046,875	0,269275741373525	590,625	0,162661111109666																																	
1050	0,769790281317503	593,75	0,509503434184041	1050	0,756460052900964	593,75	0,45825306041422	593,75	0,441058163405719	1050	0,718673298322364	1050	0,727090942623392	593,75	0,38250995901728	593,75	0,341319010873364	1050	0,657343680355265	1050	0,555523848622685	593,75	0,283114060009334	593,75	0,220864527834752	1050	0,397200166368236	1050	0,267457408738967	593,75	0,163755089070326																																	
1053,125	0,771082208930302	596,875	0,512156167768688	1053,125	0,755409076021006	596,875	0,459379356636932	596,875	0,44212694324876	1053,125	0,724226766633753	1053,125	0,728622340141713	596,875	0,383235431617336	596,875	0,341539521875843	1053,125	0,657215821998796	1053,125	0,554848719819153	596,875	0,282889437675941	596,875	0,219824981469321	1053,125	0,395492267581278	1053,125	0,264955547737127	596,875	0,162522084310325																																	
1056,25	0,76937603763083	600	0,514006167349252	1056,25	0,756349662536678	600	0,462893167765558	600	0,445618455435566	1056,25	0,73575692670413	1056,25	0,733763181707289	600	0,386365968454745	600	0,344119038142532	1056,25	0,660027264882882	1056,25	0,558660270102098	600	0,284761120262985	600	0,220149763863392	1056,25	0,399019855525075	1056,25	0,268177722457515	600	0,162645005682785																																	
1059,375	0,770136851475148	603,125	0,516281797144801	1059,375	0,756010166789521	603,125	0,465606651298661	603,125	0,448228988739285	1059,375	0,742406606898775	1059,375	0,735639360327313	603,125	0,388615554157403	603,125	0,34615235191089	1059,375	0,660536939273173	1059,375	0,559222228178154	603,125	0,286530454095832	603,125	0,22116967281534	1059,375	0,399193001255428	1059,375	0,267496635825852	603,125	0,163951992072593																																	
1062,5	0,771247402919595	606,25	0,518490732594247	1062,5	0,755807026995205	606,25	0,469579569599815	606,25	0,452167799469442	1062,5	0,751232492081033	1062,5	0,738283880602523	606,25	0,392629517664735	606,25	0,349733450559808	1062,5	0,661391564379948	1062,5	0,559306248220425	606,25	0,289772992630972	606,25	0,222912865004956	1062,5	0,398833775206178	1062,5	0,266794541611684	606,25	0,165919063459718																																	
1065,625	0,770417389546143	609,375	0,522445489847585	1065,625	0,755900911889616	609,375	0,47026323336877	609,375	0,452672426375037	1065,625	0,763236185092506	1065,625	0,743155747501756	609,375	0,392618435484195	609,375	0,349230812287397	1065,625	0,664379555586059	1065,625	0,562678194761756	609,375	0,288693949273357	609,375	0,220346114247078	1065,625	0,400340647910361	1065,625	0,269048286071968	609,375	0,163242495797999																																	
1068,75	0,770880175223958	612,5	0,523503944292829	1068,75	0,756671218477617	612,5	0,473380950534625	612,5	0,455753252745791	1068,75	0,770100444477795	1068,75	0,746562591948023	612,5	0,395510605782256	612,5	0,351567892087166	1068,75	0,666855177724657	1068,75	0,56605618219658	612,5	0,290555644002297	612,5	0,221095647939346	1068,75	0,404942459807603	1068,75	0,273565594068839	612,5	0,163837334748707																																	
1071,875	0,768797952859176	615,625	0,524267456184905	1071,875	0,756471460339341	615,625	0,476337640813145	615,625	0,45856526602479	1071,875	0,778041018620168	1071,875	0,749951382898417	615,625	0,398131334378328	615,625	0,35380775983684	1071,875	0,668642350279357	1071,875	0,568354931867814	615,625	0,292293087192006	615,625	0,221916441115277	1071,875	0,407282798045213	1071,875	0,274925610596182	615,625	0,164400070112881																																	
1075	0,768522010975786	618,75	0,529292634200964	1075	0,755228622528141	618,75	0,478577699610535	618,75	0,460751397332056	1075	0,78416496908196	1075	0,751756958539025	618,75	0,400209734063995	618,75	0,355408994855462	1075	0,66970061076489	1075	0,568791204625583	618,75	0,293772563547347	618,75	0,222529544125685	1075	0,406916393835198	1075	0,273908182273656	618,75	0,164560655745597																																	
1078,125	0,769924733122289	621,875	0,532996655021997	1078,125	0,753611020816925	621,875	0,480523279254189	621,875	0,462453645464982	1078,125	0,789627226982583	1078,125	0,753433463731389	621,875	0,40171292308484	621,875	0,35646500227264	1078,125	0,669528441644784	1078,125	0,568453618674292	621,875	0,294100406681514	621,875	0,222369988355278	1078,125	0,404214471431119	1078,125	0,269414626592797	621,875	0,16361884905604																																	
1081,25	0,769208257835763	625	0,53547434646861	1081,25	0,755058335299686	625	0,485210396297703	625	0,467181149851807	1081,25	0,798108149413133	1081,25	0,760066542176145	625	0,40662325915665	625	0,361237799626349	1081,25	0,676228772835444	1081,25	0,576015639077273	625	0,298458975700681	625	0,22687552731501	1081,25	0,413543939164917	1081,25	0,280489349185202	625	0,167391213088803																																	
1084,375	0,769400412197651	628,125	0,536164489949123	1084,375	0,753849490777051	628,125	0,487742662079597	628,125	0,469540265333303	1084,375	0,801460445224838	1084,375	0,760838911184149	628,125	0,408573406289744	628,125	0,36260818422111	1084,375	0,676025867841648	1084,375	0,57494071997955	628,125	0,299313410006058	628,125	0,227224077433917	1084,375	0,411125032461072	1084,375	0,277223866752246	628,125	0,166712757954146																																	
1087,5	0,7663607671328	631,25	0,539116599501325	1087,5	0,75288267332704	631,25	0,493657355568803	631,25	0,47542258467244	1087,5	0,805446932218215	1087,5	0,763154662078815	631,25	0,414594542813201	631,25	0,368611331572996	1087,5	0,677389106588405	1087,5	0,575802647310219	631,25	0,305250822909047	631,25	0,233248287283072	1087,5	0,412007715102552	1087,5	0,27722750508803	631,25	0,172185686722328																																	
1090,625	0,765791110707233	634,375	0,542387345050453	1090,625	0,752419052339803	634,375	0,496106316063472	634,375	0,477701999069139	1090,625	0,808701466027798	1090,625	0,765426068983879	634,375	0,416724269095606	634,375	0,370108329285332	1090,625	0,679045514457266	1090,625	0,577674846424449	634,375	0,306476937646438	634,375	0,233792761287077	1090,625	0,413718989959191	1090,625	0,278380078209929	634,375	0,171984457523594																																	
1093,75	0,76427979956368	637,5	0,546869688003603	1093,75	0,750493514008397	637,5	0,497224963372409	637,5	0,47866326033622	1093,75	0,812272120269829	1093,75	0,767530357524265	637,5	0,417388551128044	637,5	0,370000374695846	1093,75	0,680479281866501	1093,75	0,57836570223921	637,5	0,305894197972375	637,5	0,232646054306362	1093,75	0,413720617596132	1093,75	0,278270646120133	637,5	0,169656705064608																																	
1096,875	0,764944897523461	640,625	0,548536759367621	1096,875	0,750396670100626	640,625	0,499279516560939	640,625	0,480494334123491	1096,875	0,815502889582652	1096,875	0,771156155541925	640,625	0,41912345857287	640,625	0,37135479040899	1096,875	0,684081086095262	1096,875	0,582422927606977	640,625	0,306915010952951	640,625	0,233494499299221	1096,875	0,417299414915207	1096,875	0,281827212372162	640,625	0,169674312693198																																	
1100	0,763964937981821	643,75	0,552280535560858	1100	0,74968637541049	643,75	0,502838453041448	643,75	0,4841330035599	1100	0,817907296476412	1100	0,773501744236309	643,75	0,422251889090056	643,75	0,373624724738789	1100	0,686141741149211	1100	0,58435605653564	643,75	0,308676587047374	643,75	0,234225503229381	1100	0,419475589685583	1100	0,2834163925289	643,75	0,169086278951864																																	
1103,125	0,762796983821078	646,875	0,555651659119151	1103,125	0,74863171902348	646,875	0,506699430762277	646,875	0,488100018498243	1103,125	0,820381636410918	1103,125	0,775350637793354	646,875	0,426510499505319	646,875	0,377619760157595	1103,125	0,687424203902043	1103,125	0,585498527668	646,875	0,312836183520081	646,875	0,23830310079358	1103,125	0,420677179041559	1103,125	0,284179095824302	646,875	0,172454411553714																																	
1106,25	0,763043473907511	650	0,556515395427604	1106,25	0,74902844848476	650	0,507331348647684	650	0,488366619707674	1106,25	0,822229441511081	1106,25	0,77767859448024	650	0,426030834008347	650	0,376182826030194	1106,25	0,690139577354822	1106,25	0,589117050553939	650	0,310811878344941	650	0,235235468586347	1106,25	0,424836941728409	1106,25	0,289039498605323	650	0,168069408364306																																	
1109,375	0,760160282459123	653,125	0,561428789609592	1109,375	0,745919788506038	653,125	0,511725248814435	653,125	0,492898250907575	1109,375	0,824625254976662	1109,375	0,779339421720838	653,125	0,430891830845323	653,125	0,380830784919416	1109,375	0,690282280968355	1109,375	0,588307016453537	653,125	0,315495527967375	653,125	0,23955741327639	1109,375	0,421681362092214	1109,375	0,284307844823391	653,125	0,172294256221528																																	
1112,5	0,756388175591372	656,25	0,560892284384993	1112,5	0,744035866405459	656,25	0,514679950339537	656,25	0,496147383234683	1112,5	0,826049141303331	1112,5	0,779844440547649	656,25	0,4342994616484	656,25	0,384154577693403	1112,5	0,690195134273156	1112,5	0,587831870760607	656,25	0,318435836429982	656,25	0,242363161218695	1112,5	0,420818573408172	1112,5	0,283358997010872	656,25	0,174568074807589																																	
1115,625	0,756085296641257	659,375	0,562195281481306	1115,625	0,747571007951593	659,375	0,518044737545116	659,375	0,49953121488667	1115,625	0,828274472545072	1115,625	0,783909103225102	659,375	0,437844703616849	659,375	0,386768677533642	1115,625	0,694403662203646	1115,625	0,594445664547999	659,375	0,321037942134838	659,375	0,243861857417794	1115,625	0,429703454822793	1115,625	0,29351731804481	659,375	0,175374856695703																																	
1118,75	0,75527548855294	662,5	0,566102436914273	1118,75	0,742010252796981	662,5	0,518202262975022	662,5	0,499299772961743	1118,75	0,828848780350905	1118,75	0,783684425402369	662,5	0,437012437111965	662,5	0,385222436372671	1118,75	0,69185448565221	1118,75	0,590482742287511	662,5	0,318883239943056	662,5	0,240697952768388	1118,75	0,423285061325723	1118,75	0,284629964366862	662,5	0,171499829950435																																	
1121,875	0,752685357994952	665,625	0,569608922435993	1121,875	0,745074786595766	665,625	0,51994050406577	665,625	0,500825982723486	1121,875	0,830101315585379	1121,875	0,785389262568643	665,625	0,438182359162086	665,625	0,385516132502518	1121,875	0,694274178596368	1121,875	0,593152412220188	665,625	0,31872515176905	665,625	0,239526832113314	1121,875	0,42759644545026	1121,875	0,288951167426788	665,625	0,169422465620644																																	
1125	0,754315645550146	668,75	0,569869611982047	1125	0,743127856991512	668,75	0,524678265635299	668,75	0,505920524643567	1125	0,831226939985999	1125	0,786806684812092	668,75	0,443710039727944	668,75	0,390707768036497	1125	0,694166248015893	1125	0,59331230686464	668,75	0,323960926633582	668,75	0,244443334515358	1125	0,426694779867446	1125	0,287701430498967	668,75	0,174066149648591																																	
1128,125	0,749899136731607	671,875	0,574644508714436	1128,125	0,742774918945242	671,875	0,527269422547503	671,875	0,508693641801724	1128,125	0,832989061370631	1128,125	0,788356706440776	671,875	0,446553282425147	671,875	0,393329507565407	1128,125	0,694161394730648	1128,125	0,593819949289485	671,875	0,326598177784987	671,875	0,246646693548796	1128,125	0,424503898039576	1128,125	0,284631758607589	671,875	0,176121904110151																																	
1131,25	0,747412742451478	675	0,57857518127015	1131,25	0,750290216081861	675	0,531368701530789	675	0,513036357618429	1131,25	0,834985689439156	1131,25	0,792918620585789	675	0,451139060606337	675	0,397614698452953	1131,25	0,698130661543259	1131,25	0,599768527074389	675	0,330531126271979	675	0,249970702136719	1131,25	0,431902013709174	1131,25	0,29260718701362	675	0,178977841058606																																	
1134,375	0,748807632402217	678,125	0,580302840816099	1134,375	0,753296655978531	678,125	0,535285718518819	678,125	0,517253819583942	1134,375	0,835586686604424	1134,375	0,793497592497743	678,125	0,45496453020628	678,125	0,401529646863008	1134,375	0,697782502743412	1134,375	0,600383994276864	678,125	0,334015704854977	678,125	0,252516472793627	1134,375	0,432970763536268	1134,375	0,293751608712513	678,125	0,18159105301408																																	
1137,5	0,748248652462757	681,25	0,581018064536609	1137,5	0,755098805168471	681,25	0,537096165340746	681,25	0,518816522793108	1137,5	0,835796688735839	1137,5	0,793276900941065	681,25	0,456660995236101	681,25	0,402354815258668	1137,5	0,694925066359742	1137,5	0,597851803243299	681,25	0,334760448459004	681,25	0,252373080589251	1137,5	0,427387080980311	1137,5	0,286565101412907	681,25	0,1806091929754																																	
1140,625	0,748349152318384	684,375	0,58163444401445	1140,625	0,766135989620897	684,375	0,538384002010448	684,375	0,519888664514855	1140,625	0,837709096200641	1140,625	0,796622276791651	684,375	0,457842300299751	684,375	0,40292476661355	1140,625	0,696563267843071	1140,625	0,60131428021956	684,375	0,33505664585333	684,375	0,25190402464458	1140,625	0,429701522524419	1140,625	0,288198712011535	684,375	0,179853908227701																																	
1143,75	0,749015862622492	687,5	0,585586722780413	1143,75	0,773132431074165	687,5	0,537038179709089	687,5	0,518221965958563	1143,75	0,838288780689088	1143,75	0,797910171297247	687,5	0,455604910023762	687,5	0,399866936681366	1143,75	0,696691344269797	1143,75	0,603169758454992	687,5	0,331151859533395	687,5	0,247000981425723	1143,75	0,432646146295665	1143,75	0,290325215987054	687,5	0,173742570650398																																	
1146,875	0,749192490797901	690,625	0,588599918377898	1146,875	0,782633375346281	690,625	0,543659386104457	690,625	0,524917463343547	1146,875	0,839577006763161	1146,875	0,800015869380651	690,625	0,462799926941411	690,625	0,406834678468792	1146,875	0,697609412366003	1146,875	0,605620312893066	690,625	0,33687519375081	690,625	0,251730778388926	1146,875	0,433736283995405	1146,875	0,289248230975751	690,625	0,1771949025625																																	
1150	0,751421510166771	693,75	0,589949677159135	1150	0,794889078609494	693,75	0,544142582708853	693,75	0,525252388007638	1150	0,842228811913569	1150	0,80371090331264	693,75	0,46285312098626	693,75	0,407088990556246	1150	0,70070622815568	1150	0,611852016615722	693,75	0,337061820119216	693,75	0,251357177156655	1150	0,441583017687406	1150	0,298231141740712	693,75	0,177402860702978																																	
1153,125	0,75568027935466	696,875	0,592018310136316	1153,125	0,803794621920314	696,875	0,54647142904126	696,875	0,527375039021113	1153,125	0,842669002936584	1153,125	0,80440288890565	696,875	0,464948373178928	696,875	0,408992737176459	1153,125	0,701158024664027	1153,125	0,612071553993131	696,875	0,33851387722027	696,875	0,251907925058287	1153,125	0,443894230142339	1153,125	0,299370828082543	696,875	0,177570607274671																																	
1156,25	0,759953794104402	700	0,593088618019261	1156,25	0,810225893831911	700	0,550120123320275	700	0,531189938186772	1156,25	0,842352353036514	1156,25	0,803568045384475	700	0,469216158139689	700	0,4132134656385	1156,25	0,696479089917705	1156,25	0,609208374064312	700	0,342553760833395	700	0,2551772100007	1156,25	0,438851234862925	1156,25	0,294081627258644	700	0,180643609277683																																	
1159,375	0,765946087514556	703,125	0,595370025821432	1159,375	0,821379422455423	703,125	0,551878937022653	703,125	0,532925939822689	1159,375	0,843422059837179	1159,375	0,806143484265912	703,125	0,47045953036349	703,125	0,413792951915084	1159,375	0,696897532626443	1159,375	0,611732294907971	703,125	0,342549202221171	703,125	0,253421017869352	1159,375	0,439157155670836	1159,375	0,292342698748541	703,125	0,178759472651521																																	
1162,5	0,779233537285002	706,25	0,600197969535584	1162,5	0,82639862532324	706,25	0,553252739046317	706,25	0,53416238178752	1162,5	0,843808177362851	1162,5	0,807598295263873	706,25	0,4713516261557	706,25	0,414249541360829	1162,5	0,698321589599729	1162,5	0,612810096753244	706,25	0,343157379601111	706,25	0,252712932553706	1162,5	0,441544871634475	1162,5	0,297923194192247	706,25	0,17814197756527																																	
1165,625	0,79101200648047	709,375	0,600649846452199	1165,625	0,836809081566814	709,375	0,557409316543372	709,375	0,53828281931998	1165,625	0,845768618910904	1165,625	0,810152004775162	709,375	0,475834367803392	709,375	0,418521284991129	1165,625	0,701977473515329	1165,625	0,617601067892293	709,375	0,347842181389591	709,375	0,256402580962968	1165,625	0,446778780542661	1165,625	0,301521039518183	709,375	0,182822996585452																																	
1168,75	0,797009109673413	712,5	0,603635190509251	1168,75	0,841346372784251	712,5	0,56162504152672	712,5	0,543254027719069	1168,75	0,846271330374143	1168,75	0,811113345579216	712,5	0,480709411461823	712,5	0,423625366310198	1168,75	0,703028266335697	1168,75	0,61918132530724	712,5	0,351629279234434	712,5	0,25715689477163	1168,75	0,447244312902154	1168,75	0,300274736256211	712,5	0,183987702109078																																	
1171,875	0,817503609268911	715,625	0,605651212526525	1171,875	0,845850742266276	715,625	0,560820441219044	715,625	0,542133971469878	1171,875	0,846453350956132	1171,875	0,811904067455606	715,625	0,478882029629524	715,625	0,42171670932995	1171,875	0,704154929860026	1171,875	0,618662719319105	715,625	0,348617861829908	715,625	0,253473683398332	1171,875	0,445133533899567	1171,875	0,297274371952538	715,625	0,179930511796583																																	
1175	0,830010752063413	718,75	0,607669238762981	1175	0,851460964710838	718,75	0,562067357959723	718,75	0,543320052342941	1175	0,848732119475299	1175	0,814252043745828	718,75	0,479066450228953	718,75	0,421719023996751	1175	0,708686813405816	1175	0,622936529445487	718,75	0,347106865972793	718,75	0,250136750593843	1175	0,449474278958513	1175	0,300098135175514	718,75	0,177743774270587																																	
1178,125	0,844945026460779	721,875	0,605993300128421	1178,125	0,854609090355929	721,875	0,565802953832141	721,875	0,547293481063317	1178,125	0,849954274272113	1178,125	0,815674393826756	721,875	0,483791322313568	721,875	0,426733009749807	1178,125	0,710919375369532	1178,125	0,623391409035822	721,875	0,351417863588469	721,875	0,253319155791501	1178,125	0,450072886178267	1178,125	0,300016528591716	721,875	0,183187747278657																																	
1181,25	0,854287940697096	725	0,613689476887717	1181,25	0,857159006895356	725	0,566205642202689	725	0,547605646670341	1181,25	0,850629706057733	1181,25	0,816506382172879	725	0,483496885069138	725	0,426231582184762	1181,25	0,712760113438373	1181,25	0,624335278109479	725	0,349033051449655	725	0,248341223384597	1181,25	0,450124629258086	1181,25	0,299546765163719	725	0,179022149464641																																	
1184,375	0,864252986278276	728,125	0,613797832248651	1184,375	0,859974527042145	728,125	0,570939154524132	728,125	0,553102276637021	1184,375	0,852307906448847	1184,375	0,819299059883684	728,125	0,489261402343798	728,125	0,432691913730725	1184,375	0,717136359872841	1184,375	0,628591382235806	728,125	0,354768380892102	728,125	0,25332183179666	1184,375	0,452814443923695	1184,375	0,302225623469433	728,125	0,185601394391196																																	
1187,5	0,874480933169988	731,25	0,615488727240262	1187,5	0,862192937100734	731,25	0,57072192865991	731,25	0,55306180969003	1187,5	0,853716777182248	1187,5	0,821297807196598	731,25	0,488370078612694	731,25	0,431622072966536	1187,5	0,720080340702625	1187,5	0,630101571704821	731,25	0,352309272009676	731,25	0,248850489624002	1187,5	0,454460335062964	1187,5	0,304438689830795	731,25	0,182063240550988																																	
1190,625	0,885614981676644	734,375	0,619442330175724	1190,625	0,863621535475173	734,375	0,573636434813747	734,375	0,556178346564824	1190,625	0,85472470095852	1190,625	0,822598508732188	734,375	0,491137048389946	734,375	0,434337665098123	1190,625	0,723739963516858	1190,625	0,631646641717088	734,375	0,353671039359798	734,375	0,248441596962698	1190,625	0,45598553488437	1190,625	0,30585979531491	734,375	0,183441779665519																																	
1193,75	0,88885174696531	737,5	0,621084482343359	1193,75	0,864136428457716	737,5	0,57408006657176	737,5	0,556385460955897	1193,75	0,855280858243824	1193,75	0,822969967080523	737,5	0,490208339464355	737,5	0,43318931374873	1193,75	0,724995696440754	1193,75	0,630578697308558	737,5	0,351051269617711	737,5	0,243685190831222	1193,75	0,453276864735594	1193,75	0,303434270513806	737,5	0,180685564731951																																	
1196,875	0,894208086051379	740,625	0,623745543679353	1196,875	0,86592431864788	740,625	0,580273206338577	740,625	0,56307471020726	1196,875	0,857586034604918	1196,875	0,825276218895795	740,625	0,497897083627939	740,625	0,441265016687039	1196,875	0,729327069708043	1196,875	0,635729691356971	740,625	0,359099235250554	740,625	0,251822531512322	1196,875	0,460276679350459	1196,875	0,311085230157218	740,625	0,189196565901954																																	
1200	0,899323489583828	743,75	0,625534418362567	1200	0,867177555389648	743,75	0,585052250636393	743,75	0,567843837194837	1200	0,858539910110072	1200	0,827208149538487	743,75	0,503203592466603	743,75	0,446634658960932	1200	0,733736220404106	1200	0,638079986576572	743,75	0,364084883073442	743,75	0,25686934054398	1200	0,462657175508381	1200	0,311576520610621	743,75	0,195022122552258																																	
1203,125	0,900804894815372	746,875	0,628772693483849	1203,125	0,867320871766163	746,875	0,583863673148239	746,875	0,566714152036806	1203,125	0,859553177295562	1203,125	0,828872052303092	746,875	0,500310298978082	746,875	0,442531310970604	1203,125	0,735899908406901	1203,125	0,639854183944836	746,875	0,35723295475209	746,875	0,248597246513722	1203,125	0,463076902562437	1203,125	0,310686476084274	746,875	0,185200486102858																																	
1206,25	0,904390515690634	750	0,634091353885504	1206,25	0,867953784291509	750	0,584922695915078	750	0,567727734808622	1206,25	0,860795437750844	1206,25	0,831144851251133	750	0,50132815873595	750	0,442828134460002	1206,25	0,739642541394679	1206,25	0,643921230172316	750	0,355782417407263	750	0,249187013800046	1206,25	0,469945760054617	1206,25	0,319901194149036	750	0,183484243236248																																	
1209,375	0,906004857753106	753,125	0,634234757871043	1209,375	0,86779963699686	753,125	0,586934873767529	753,125	0,569873293442438	1209,375	0,861978554225018	1209,375	0,832008299656281	753,125	0,503524898013395	753,125	0,445284243452425	1209,375	0,741309864394081	1209,375	0,643957160418846	753,125	0,356962412139863	753,125	0,252669109156729	1209,375	0,468241525054913	1209,375	0,318366866445668	753,125	0,185854313768888																																	
1212,5	0,906746094434446	756,25	0,634715104940713	1212,5	0,868104766884878	756,25	0,590433359155924	756,25	0,573601593329496	1212,5	0,862780754307852	1212,5	0,834359319419257	756,25	0,507207895005275	756,25	0,448939739166516	1212,5	0,74371942753636	1212,5	0,645916804662483	756,25	0,35955680666197	756,25	0,25784924117579	1212,5	0,468769000426575	1212,5	0,314993284500612	756,25	0,190777708458383																																	
1215,625	0,906442506098781	759,375	0,633853079177922	1215,625	0,868337853985164	759,375	0,595609334408035	759,375	0,578471257721104	1215,625	0,863457771414236	1215,625	0,834736573379036	759,375	0,511138991786683	759,375	0,452404353213259	1215,625	0,745046301501871	1215,625	0,646669260161222	759,375	0,361077941122629	759,375	0,264124331940122	1215,625	0,468831745311678	1215,625	0,315476720460139	759,375	0,195673897718047																																	
1218,75	0,90634400427298	762,5	0,639631514505693	1218,75	0,869080382485315	762,5	0,594412302996344	762,5	0,577110977931213	1218,75	0,865331725647786	1218,75	0,836491821063252	762,5	0,50907311657476	762,5	0,449481760049014	1218,75	0,748371668250167	1218,75	0,649852788580802	762,5	0,355415597171431	762,5	0,259086629331738	1218,75	0,4712634640235	1218,75	0,31744286924299	762,5	0,188876585949779																																	
1221,875	0,906174609396298	765,625	0,640822705133029	1221,875	0,868668390917965	765,625	0,596798974911231	765,625	0,579998163774256	1221,875	0,865626377539431	1221,875	0,837731720151953	765,625	0,512376130168428	765,625	0,453004267719017	1221,875	0,75009923141661	1221,875	0,651975170028697	765,625	0,356896259508645	765,625	0,264895749324354	1221,875	0,474089825462991	1221,875	0,320677452389436	765,625	0,192654901046156																																	
1225	0,905129293351663	768,75	0,640387582652785	1225	0,867857847475763	768,75	0,599257829707452	768,75	0,582378634325639	1225	0,865568598119988	1225	0,837991730836109	768,75	0,514802028449574	768,75	0,454609026167327	1225	0,750078464326455	1225	0,650459985055945	768,75	0,353550538806249	768,75	0,266123395296437	1225	0,472541571256458	1225	0,317555671020356	768,75	0,191131969561152																																	
1228,125	0,90456748502623	771,875	0,644440947452602	1228,125	0,868271982287765	771,875	0,603033367241457	771,875	0,586798513911916	1228,125	0,867359514821829	1228,125	0,840386593523757	771,875	0,520355740690869	771,875	0,4605276231594	1228,125	0,754132944859379	1228,125	0,654335066736268	771,875	0,357104277560841	771,875	0,2741366029741	1228,125	0,474950696234138	1228,125	0,319043269703246	771,875	0,197198645528949																																	
1231,25	0,905203810040188	775	0,646579824868578	1231,25	0,868421449334604	775	0,603907552508249	775	0,587670403320033	1231,25	0,867709583381483	1231,25	0,841091993962112	775	0,519988834671256	775	0,45945480061175	1231,25	0,753933634013595	1231,25	0,654757874724394	775	0,351500774238507	775	0,272702785633542	1231,25	0,475548419968383	1231,25	0,319215732476187	775	0,194313579972572																																	
1234,375	0,904935390855234	778,125	0,648928348513611	1234,375	0,868153713211143	778,125	0,608793970145219	778,125	0,591945101824191	1234,375	0,868318442880862	1234,375	0,841686151814343	778,125	0,523907915834056	778,125	0,462616211415675	1234,375	0,754451391588424	1234,375	0,654222684496648	778,125	0,34996007155954	778,125	0,27683236773468	1234,375	0,474038633957218	1234,375	0,317661201941041	778,125	0,19801285561956																																	
1237,5	0,903655168653609	781,25	0,649080617870674	1237,5	0,867451675124304	781,25	0,610545165239107	781,25	0,593529208510246	1237,5	0,869400366776133	1237,5	0,842458565308901	781,25	0,525371338553895	781,25	0,463345892947767	1237,5	0,755504466472221	1237,5	0,654827619068173	781,25	0,345571241525883	781,25	0,278102653680451	1237,5	0,471807149182062	1237,5	0,31805772992493	781,25	0,197709272274711																																	
1240,625	0,902685582150345	784,375	0,651922526735168	1240,625	0,868049544744798	784,375	0,613840647770561	784,375	0,596937482239473	1240,625	0,870362785626682	1240,625	0,844613765787268	784,375	0,528733244037612	784,375	0,466574738107639	1240,625	0,757449520392746	1240,625	0,659289507759128	784,375	0,345333892750216	784,375	0,283181968653241	1240,625	0,478143811965496	1240,625	0,325128050258406	784,375	0,201813478053381																																	
1243,75	0,902244437759	787,5	0,655006758770582	1243,75	0,867996892133672	787,5	0,6157358485599	787,5	0,598876396826883	1243,75	0,87072883578465	1243,75	0,845988690818858	787,5	0,530785072055285	787,5	0,468180681660084	1243,75	0,759000898661485	1243,75	0,659567803798957	787,5	0,343075238677571	787,5	0,285214972311375	1243,75	0,477892674329182	1243,75	0,320504419784347	787,5	0,202090206648687																																	
1246,875	0,901734008393488	790,625	0,655272075468028	1246,875	0,869286070001591	790,625	0,618196358758879	790,625	0,601584034949857	1246,875	0,871266534134596	1246,875	0,847556082548947	790,625	0,532640983325887	790,625	0,469992729616316	1246,875	0,760983431766986	1246,875	0,662191505938728	790,625	0,341124343321883	790,625	0,286780305059385	1246,875	0,479513140761547	1246,875	0,32174719130696	790,625	0,20223263259144																																	
1250	0,901174787983254	793,75	0,659633412448505	1250	0,871008262728208	793,75	0,619245549942141	793,75	0,60282497918316	1250	0,87297081225778	1250	0,85008472995981	793,75	0,533279947666947	793,75	0,470610229280737	1250	0,764368305270925	1250	0,666688533265763	793,75	0,342872020495655	793,75	0,288016066885396	1250	0,485710401865731	1250	0,329441749389182	793,75	0,202307692003702																																	
1253,125	0,900446590170792	796,875	0,659665041362473	1253,125	0,871360304020945	796,875	0,620414504900235	796,875	0,603383307884362	1253,125	0,873008556607918	1253,125	0,850109037337601	796,875	0,532328411711767	796,875	0,46910737366645	1253,125	0,763908336812211	1253,125	0,665850057879426	796,875	0,339642153217947	796,875	0,284915306726024	1253,125	0,481949229774577	1253,125	0,323245309481518	796,875	0,197905091539738																																	
1256,25	0,900418033558801	800	0,664426946872829	1256,25	0,873888348735528	800	0,621779355900342	800	0,604874447960989	1256,25	0,874357087677213	1256,25	0,851996736625713	800	0,53415872832754	800	0,471092127297066	1256,25	0,767179879027049	1256,25	0,669502485390096	800	0,343891172497088	800	0,287706516025463	1256,25	0,485791191963593	1256,25	0,328351727661072	800	0,199307788924884																																	
1259,375	0,900600488162799	803,125	0,668471135641083	1259,375	0,875292638825256	803,125	0,623303056740874	803,125	0,605919858791305	1259,375	0,874451912613185	1259,375	0,853084097095901	803,125	0,533750053730027	803,125	0,469912552151179	1259,375	0,769167435065841	1259,375	0,670320597640303	803,125	0,345934600223993	803,125	0,284112353798674	1259,375	0,486367109810238	1259,375	0,328364420655268	803,125	0,193933459377948																																	
1262,5	0,900709964569957	806,25	0,665610269270908	1262,5	0,877456399660132	806,25	0,625198863918502	806,25	0,608946249480959	1262,5	0,874528989551507	1262,5	0,853270095354144	806,25	0,535506089595945	806,25	0,47205798640502	1262,5	0,771003192947565	1262,5	0,67152757515042	806,25	0,351018797298463	806,25	0,289436007823564	1262,5	0,487133655783884	1262,5	0,329425297735039	806,25	0,20029531908347																																	
1265,625	0,900552631557533	809,375	0,66801933374131	1265,625	0,879560979150067	809,375	0,632711646206532	809,375	0,616920177426056	1265,625	0,874713212730683	1265,625	0,854368045089356	809,375	0,54443257477476	809,375	0,481788847805402	1265,625	0,772626245323227	1265,625	0,672859980131865	809,375	0,369856689735693	809,375	0,300243652764059	1265,625	0,489290686676137	1265,625	0,330314743123847	809,375	0,208760242280684																																	
1268,75	0,900735683272924	812,5	0,670380513829196	1268,75	0,88246952409571	812,5	0,630036530335377	812,5	0,613646388830913	1268,75	0,875055021103748	1268,75	0,855280279934486	812,5	0,539229346137386	812,5	0,476429404927864	1268,75	0,774624390427756	1268,75	0,673913024615218	812,5	0,366533110827686	812,5	0,294756065221003	1268,75	0,489500295353896	1268,75	0,329162052680234	812,5	0,203817197759102																																	
1271,875	0,90166804995888	815,625	0,672843987686837	1271,875	0,885141824271921	815,625	0,633345126821876	815,625	0,616441905111654	1271,875	0,876174170915067	1271,875	0,857046293311172	815,625	0,539956834063104	815,625	0,476048902349584	1271,875	0,778289233066843	1271,875	0,677555264245747	815,625	0,370544220008258	815,625	0,293891093802364	1271,875	0,493996996959375	1271,875	0,33522831148114	815,625	0,202833908274906																																	
1275	0,902054350488733	818,75	0,674028633895408	1275	0,887477511026198	818,75	0,637984073407657	818,75	0,621674390591925	1275	0,876439799978989	1275	0,857536064891424	818,75	0,545129803927598	818,75	0,481592758325814	1275	0,779844306972305	1275	0,677647559540573	818,75	0,382544629553477	818,75	0,301849246915554	1275	0,493239309476859	1275	0,334640597370057	818,75	0,210615758453969																																	
1278,125	0,902349266853856	821,875	0,673941696945302	1278,125	0,890185399661921	821,875	0,639504116781128	821,875	0,623187340699432	1278,125	0,876611405428983	1278,125	0,85905072890853	821,875	0,545386662109236	821,875	0,482116727862497	1278,125	0,782781631681973	1278,125	0,679567735998661	821,875	0,387934950084371	821,875	0,303423725895767	1278,125	0,496206338927892	1278,125	0,336078158677984	821,875	0,21194701957446																																	
1281,25	0,904047928935182	825	0,676382216262599	1281,25	0,892123758345193	825	0,638634161282868	825	0,621985599239106	1281,25	0,876662623484248	1281,25	0,859496713251465	825	0,541939139674678	825	0,477888558073379	1281,25	0,783696261366654	1281,25	0,680010486517992	825	0,386222410942675	825	0,29813182543902	1281,25	0,494886483788483	1281,25	0,333149691557457	825	0,205295862480616																																	
1284,375	0,905361441234727	828,125	0,677528155076335	1284,375	0,893715202936582	828,125	0,642131997462121	828,125	0,625861801978043	1284,375	0,876868855418541	1284,375	0,860190696053397	828,125	0,543832084024294	828,125	0,479700956740421	1284,375	0,785711770773496	1284,375	0,681580113993101	828,125	0,392908187966805	828,125	0,301743733475184	1284,375	0,496109110516077	1284,375	0,334523142888031	828,125	0,207720583295877																																	
1287,5	0,906338372510317	831,25	0,681595939466599	1287,5	0,895126306446135	831,25	0,653271873846523	831,25	0,63929565812978	1287,5	0,876694951141529	1287,5	0,8604667110539	831,25	0,558028935801303	831,25	0,496120851816682	1287,5	0,78658271169202	1287,5	0,681423881651301	831,25	0,419034452462403	831,25	0,329718411123036	1287,5	0,4947608189941	1287,5	0,331686111378466	831,25	0,239770234644082																																	
1290,625	0,907409606933255	834,375	0,681869144192841	1290,625	0,897322757770158	834,375	0,653310851273709	834,375	0,638281992874528	1290,625	0,876890908550703	1290,625	0,861940262081097	834,375	0,554093166211713	834,375	0,489892393923393	1290,625	0,789407875578932	1290,625	0,682723941669301	834,375	0,415818498464347	834,375	0,323227595364213	1290,625	0,49627631294691	1290,625	0,333221004851701	834,375	0,232157788144185																																	
1293,75	0,908911967617694	837,5	0,682133848413064	1293,75	0,898786565544348	837,5	0,648673440272454	837,5	0,632610326152229	1293,75	0,877841453745982	1293,75	0,863360867588506	837,5	0,544967283876232	837,5	0,478917988153643	1293,75	0,792016261656436	1293,75	0,685581202660975	837,5	0,406505599579853	837,5	0,309940619901706	1293,75	0,500377224842411	1293,75	0,337727476673303	837,5	0,216523386086665																																	
1296,875	0,909929608936406	840,625	0,681795910474712	1296,875	0,900128562815589	840,625	0,650370981836442	840,625	0,63356099810181	1296,875	0,87818868006471	1296,875	0,865308148233215	840,625	0,542773482628901	840,625	0,475989249310871	1296,875	0,795037231658357	1296,875	0,688410348880852	840,625	0,40750165644646	840,625	0,308875074836293	1296,875	0,503238873275076	1296,875	0,339763915302516	840,625	0,213558190026049																																	
1300	0,910864729220906	843,75	0,684015496210013	1300	0,90086647162765	843,75	0,656068512132038	843,75	0,640120051353953	1300	0,87681384410943	1300	0,864346603432908	843,75	0,545624965231602	843,75	0,479772539084283	1300	0,794223644724597	1300	0,684594903169675	843,75	0,418123218555577	843,75	0,319672745153899	1300	0,496651982793815	1300	0,330631268241191	843,75	0,22478780007653																																	
1303,125	0,911194123313176	846,875	0,688439948993911	1303,125	0,902469206072936	846,875	0,651947713303634	846,875	0,635970150219856	1303,125	0,876983476015158	1303,125	0,865475701175545	846,875	0,537659699825328	846,875	0,470814651042964	1303,125	0,795542911104808	1303,125	0,685316491383853	846,875	0,412331326312462	846,875	0,311751162378033	1303,125	0,496471103554472	1303,125	0,331212878079076	846,875	0,215576264045322																																	
1306,25	0,911725806319242	850	0,688792961414833	1306,25	0,903187397207611	850	0,653100824941765	850	0,637342131650409	1306,25	0,877407605319549	1306,25	0,867121759696161	850	0,53334364899505	850	0,466356911821003	1306,25	0,79848256809019	1306,25	0,688960366458277	850	0,41303092170186	850	0,309055040210196	1306,25	0,500342430214703	1306,25	0,335693863250546	850	0,211310108789522																																	
1309,375	0,912374968169701	853,125	0,686618190278805	1309,375	0,904249590945856	853,125	0,655286847968395	853,125	0,639721445120355	1309,375	0,877513168084824	1309,375	0,869082933210748	853,125	0,530354409904737	853,125	0,465030209262169	1309,375	0,801380118230841	1309,375	0,691354871068494	853,125	0,416209788534794	853,125	0,311086252300027	1309,375	0,503691412846246	1309,375	0,339239447416854	853,125	0,211803236257365																																	
1312,5	0,912160117467066	856,25	0,690815490623337	1312,5	0,905281183033739	856,25	0,659979260570227	856,25	0,644255406324528	1312,5	0,877115221148904	1312,5	0,870437858150626	856,25	0,529430244550413	856,25	0,467198141547505	1312,5	0,80230030910892	1312,5	0,692082705529975	856,25	0,42281142157488	856,25	0,319511979789904	1312,5	0,504158819484047	1312,5	0,338505326935038	856,25	0,22248140948559																																	
1315,625	0,91319814991554	859,375	0,693214238612051	1315,625	0,906139360230439	859,375	0,665530883692932	859,375	0,650303361455208	1315,625	0,876496364122616	1315,625	0,87106058289737	859,375	0,531617207978893	859,375	0,474310219667037	1315,625	0,802640608748852	1315,625	0,691781474516647	859,375	0,433803659246147	859,375	0,330369544314228	1315,625	0,503319602541966	1315,625	0,337042348432964	859,375	0,234499819923536																																	
1318,75	0,913535659124662	862,5	0,694228978889469	1318,75	0,907958554424644	862,5	0,665584390011763	862,5	0,650483239890652	1318,75	0,877474416769083	1318,75	0,873868249235476	862,5	0,52435917577012	862,5	0,471107935925595	1318,75	0,806313472938435	1318,75	0,696051278254034	862,5	0,432997833564011	862,5	0,327856382853331	1318,75	0,50891343036834	1318,75	0,342794954820854	862,5	0,230168229682952																																	
1321,875	0,912852117849777	865,625	0,696756840086016	1321,875	0,908804339495459	865,625	0,664814691743758	865,625	0,649662904181168	1321,875	0,877784604429302	1321,875	0,874817593481228	865,625	0,516114754130947	865,625	0,469156465859411	1321,875	0,807701111123889	1321,875	0,697411688391516	865,625	0,431463509880524	865,625	0,325452572788067	1321,875	0,510267252510976	1321,875	0,343827157953867	865,625	0,227437014492088																																	
1325	0,91281111546303	868,75	0,697950840859958	1325	0,909603111307689	868,75	0,663596540489997	868,75	0,648609817706479	1325	0,877638998823709	1325	0,876069096675383	868,75	0,50832357958599	868,75	0,467740318191369	1325	0,808595861550162	1325	0,697817760207079	868,75	0,429798763471046	868,75	0,323038690111745	1325	0,50982912938809	1325	0,342738610514481	868,75	0,224689459985365																																	
1328,125	0,912760261283283	871,875	0,696099001021929	1328,125	0,910924376528507	871,875	0,666391262554131	871,875	0,651115619821108	1328,125	0,877046547476427	1328,125	0,877371478739932	871,875	0,502122804739817	871,875	0,471686118018942	1328,125	0,809891771462481	1328,125	0,698322757470691	871,875	0,432340604927838	871,875	0,324625678027636	1328,125	0,510735422096881	1328,125	0,341979575845712	871,875	0,225502699259583																																	
1331,25	0,91251460562291	875	0,696556587572368	1331,25	0,912299512037237	875	0,670460179243061	875	0,655816388629552	1331,25	0,878116079524064	1331,25	0,879228322937471	875	0,509731603081288	875	0,486350317837004	1331,25	0,812241982368157	1331,25	0,701181368937108	875	0,442351440169591	875	0,33689769281585	1331,25	0,513992593393696	1331,25	0,346458435993476	875	0,238827055008359																																	
1334,375	0,912378761013619	878,125	0,698129465503036	1334,375	0,913786170289997	878,125	0,672399444600856	878,125	0,657101041554776	1334,375	0,87854187583504	1334,375	0,880519896553772	878,125	0,502022662953266	878,125	0,487942550658836	1334,375	0,813056359947641	1334,375	0,701020694568093	878,125	0,439151366463297	878,125	0,332875973078605	1334,375	0,512663195955292	1334,375	0,344563392826308	878,125	0,233509890935295																																	
1337,5	0,91236995754155	881,25	0,699717413837496	1337,5	0,914434902658153	881,25	0,675553827700911	881,25	0,660904389958067	1337,5	0,879482665258817	1337,5	0,881658202026684	881,25	0,506637861525236	881,25	0,498915963512899	1337,5	0,814535704909774	1337,5	0,702478184534825	881,25	0,444479597971498	881,25	0,339073849433145	1337,5	0,514737110257182	1337,5	0,346214472216041	881,25	0,239354830911917																																	
1340,625	0,912094108143357			1340,625	0,915248564089336					1340,625	0,881832341955028	1340,625	0,883664763519109					1340,625	0,816960680224112	1340,625	0,705549629124384					1340,625	0,519016729497208	1340,625	0,351141158952494																																			
1343,75	0,911481506735222			1343,75	0,915501005166748					1343,75	0,882885567600053	1343,75	0,884272543089359					1343,75	0,817428074205686	1343,75	0,705059389338107					1343,75	0,517857621919361	1343,75	0,348958645623358																																			
1346,875	0,911384785115633			1346,875	0,916387050938546					1346,875	0,885780523059544	1346,875	0,886295428797311					1346,875	0,820021389380389	1346,875	0,707759281245112					1346,875	0,521375845505171	1346,875	0,352635634101602																																			
1350	0,911284981755381			1350	0,916644934855169					1350	0,887680806117672	1350	0,887064879302698					1350	0,820562013093373	1350	0,707753141149					1350	0,520684113956848	1350	0,350009730372911																																			
1353,125	0,911138689756645			1353,125	0,916486636656359					1353,125	0,889407137402285	1353,125	0,887515196051765					1353,125	0,820922272695757	1353,125	0,70779560295969					1353,125	0,520632658176692	1353,125	0,349237087254429																																			
1356,25	0,910967378007741			1356,25	0,916533723803727					1356,25	0,892613377875571	1356,25	0,888658090516762					1356,25	0,822048297003422	1356,25	0,707244787716563					1356,25	0,518583062612396	1356,25	0,346156664531607																																			
1359,375	0,910723768351916			1359,375	0,916938438896998					1359,375	0,896234154844536	1359,375	0,890627182959176					1359,375	0,824607074786377	1359,375	0,711328177175379					1359,375	0,524554614721451	1359,375	0,353347240673727																																			
1362,5	0,910579235792996			1362,5	0,917399991748271					1362,5	0,899702814568605	1362,5	0,891851178208632					1362,5	0,826331490574176	1362,5	0,712980512099259					1362,5	0,526357995650437	1362,5	0,355209965323297																																			
1365,625	0,910645838329305			1365,625	0,917582733784054					1365,625	0,902377141278765	1365,625	0,892476125335749					1365,625	0,826747421851691	1365,625	0,713055330776473					1365,625	0,5256941928098	1365,625	0,354142023609672																																			
1368,75	0,910645401476656			1368,75	0,9175930135399					1368,75	0,905003871685923	1368,75	0,893689529127276					1368,75	0,82784865051545	1368,75	0,714798267756381					1368,75	0,527574493908638	1368,75	0,356261823033713																																			
1371,875	0,910115496131276			1371,875	0,917927219723987					1371,875	0,908535760308001	1371,875	0,895114086078517					1371,875	0,829296110823212	1371,875	0,715877512475947					1371,875	0,528286819057855	1371,875	0,356192519880257																																			
1375	0,910128966365893			1375	0,917937389408855					1375	0,910711340025623	1375	0,895460285847196					1375	0,828948556416038	1375	0,714662866611633					1375	0,525535830816355	1375	0,351805873976066																																			
1378,125	0,909806817822622			1378,125	0,917961530996878					1378,125	0,91245791955598	1378,125	0,896205832931651					1378,125	0,82932195435617	1378,125	0,714954761632106					1378,125	0,524813848710824	1378,125	0,350831465371315																																			
1381,25	0,909887577371921			1381,25	0,918675787659452					1381,25	0,916168080220109	1381,25	0,898571384439467					1381,25	0,83179977465668	1381,25	0,717327278575301					1381,25	0,526519674816869	1381,25	0,353273545468563																																			
1384,375	0,909543085592749			1384,375	0,918695164538562					1384,375	0,917946928838281	1384,375	0,899177355609774					1384,375	0,832284799788952	1384,375	0,718017899838452					1384,375	0,526614362855205	1384,375	0,352579487920153																																			
1387,5	0,90928055863844			1387,5	0,919054064717275					1387,5	0,919629851044298	1387,5	0,900440018140233					1387,5	0,833714648940048	1387,5	0,720054217688319					1387,5	0,528626245818912	1387,5	0,354524622517002																																			
1390,625	0,90852500787855			1390,625	0,919530677838298					1390,625	0,921346214801999	1390,625	0,902155947792612					1390,625	0,836055391794009	1390,625	0,723487407901547					1390,625	0,532870791118628	1390,625	0,359445672521188																																			
1393,75	0,908314936837129			1393,75	0,919939924770702					1393,75	0,923080638242782	1393,75	0,903370126479856					1393,75	0,837831526190193	1393,75	0,725631654255794					1393,75	0,535238246071853	1393,75	0,362541794091614																																			
1396,875	0,907838383390718			1396,875	0,920185571991346					1396,875	0,92450651965356	1396,875	0,904374532077526					1396,875	0,838525733256509	1396,875	0,726429279225878					1396,875	0,535011040789622	1396,875	0,361471416515724																																			
1400	0,908015618689492			1400	0,920401062420613					1400	0,9259398669292	1400	0,905657060616072					1400	0,84047699299353	1400	0,729248811451412					1400	0,538351181742531	1400	0,364898729898851																																			
1403,125	0,907551246203474			1403,125	0,92054474160142					1403,125	0,927072774044645	1403,125	0,906355072040503					1403,125	0,841173286535471	1403,125	0,728965864184719					1403,125	0,536958142856593	1403,125	0,362552371264958																																			
1406,25	0,907487861154884			1406,25	0,920835816237174					1406,25	0,92817921976121	1406,25	0,907069490761744					1406,25	0,841708562859727	1406,25	0,728963936492168					1406,25	0,5363077834032	1406,25	0,360741380376044																																			
1409,375	0,907409039872409			1409,375	0,921211454660435					1409,375	0,929457890817411	1409,375	0,90844783603906					1409,375	0,843588354907083	1409,375	0,731228089494714					1409,375	0,538588766200189	1409,375	0,362474565659167																																			
1412,5	0,907096975338289			1412,5	0,921463843646369					1412,5	0,930065771783132	1412,5	0,909435556024979					1412,5	0,845286770157532	1412,5	0,733495108205794					1412,5	0,541080107113494	1412,5	0,365421532713375																																			
1415,625	0,906917975761747			1415,625	0,921932245678418					1415,625	0,930994059022553	1415,625	0,910463529410123					1415,625	0,846489303902917	1415,625	0,734575788420433					1415,625	0,541099356718664	1415,625	0,364679738708697																																			
1418,75	0,906899328905078			1418,75	0,92198019914405					1418,75	0,931737754975288	1418,75	0,911128808660605					1418,75	0,847187741029785	1418,75	0,735160108732303					1418,75	0,540900619773081	1418,75	0,364246276544002																																			
1421,875	0,90666996934804			1421,875	0,922203492025406					1421,875	0,932524141129512	1421,875	0,912206472944411					1421,875	0,849017049419341	1421,875	0,737258890922594					1421,875	0,543694726541462	1421,875	0,367074909385969																																			
1425	0,906511562947617			1425	0,922302769702939					1425	0,933151292668493	1425	0,912820008228294					1425	0,849759584784424	1425	0,738010790633038					1425	0,543815518780926	1425	0,366797962366173																																			
1428,125	0,906469103195167			1428,125	0,922547303456701					1428,125	0,934185164559969	1428,125	0,913818696361474					1428,125	0,850809309507907	1428,125	0,739136409646941					1428,125	0,542881501921516	1428,125	0,364121359350212																																			
1431,25	0,906140127689591			1431,25	0,922675934033203					1431,25	0,934556168910755	1431,25	0,914709721658879					1431,25	0,852236193275486	1431,25	0,740834757043066					1431,25	0,545523802078774	1431,25	0,366977656999541																																			
1434,375	0,905763710165366			1434,375	0,922830344048349					1434,375	0,935219150913527	1434,375	0,915784141644382					1434,375	0,853789179422786	1434,375	0,74284954814182					1434,375	0,547882149078009	1434,375	0,369198312231986																																			
1437,5	0,90525693744289			1437,5	0,923376013710701					1437,5	0,936222922307073	1437,5	0,91748974973145					1437,5	0,856376057041475	1437,5	0,746765854283459					1437,5	0,553136781515423	1437,5	0,375191695089444																																			
1440,625	0,905536102437913			1440,625	0,922689816459611					1440,625	0,936063115289242	1440,625	0,917090864785608					1440,625	0,856014566337403	1440,625	0,745541264845673					1440,625	0,550584976289225	1440,625	0,372015760048498																																			
1443,75	0,90569173159468			1443,75	0,923584835311078					1443,75	0,93737041673043	1443,75	0,918698617404139					1443,75	0,857761845074538	1443,75	0,74732845133917					1443,75	0,550824076870643	1443,75	0,37087393657532																																			
1446,875	0,905412996030762			1446,875	0,923767987103296					1446,875	0,93773600717095	1446,875	0,919549130222905					1446,875	0,859175971309837	1446,875	0,749309720688038					1446,875	0,553934463827225	1446,875	0,375423105318577																																			
1450	0,904650565503797			1450	0,924040451498635					1450	0,93850012758501	1450	0,920536415149492					1450	0,860553004709123	1450	0,75103456662448					1450	0,555684946344903	1450	0,377318561279314																																			
1453,125	0,904500354551074			1453,125	0,92420523188707					1453,125	0,939007448916358	1453,125	0,92139708302295					1453,125	0,86167578026036	1453,125	0,752332613540745					1453,125	0,556638410150881	1453,125	0,377742101029899																																			
1456,25	0,90425141129304			1456,25	0,92436245345131					1456,25	0,939484954540945	1456,25	0,922248798304944					1456,25	0,862833250300685	1456,25	0,75364370076764					1456,25	0,556749798681735	1456,25	0,378197846551891																																			
1459,375	0,904190445175555			1459,375	0,924531246392468					1459,375	0,939900985309684	1459,375	0,922995238445653					1459,375	0,864043520401753	1459,375	0,75519001918542					1459,375	0,558768836078221	1459,375	0,38064175690977																																			
1462,5	0,904201418791736			1462,5	0,925043066567872					1462,5	0,940591936540812	1462,5	0,924203025957253					1462,5	0,8659280162016	1462,5	0,757685561537365					1462,5	0,561864307034054	1462,5	0,384678359467615																																			
1465,625	0,90399088589118			1465,625	0,924992765330239					1465,625	0,940941891596566	1465,625	0,924536752606514					1465,625	0,866035589796493	1465,625	0,757242255146021					1465,625	0,559434883589344	1465,625	0,381340620305441																																			
1468,75	0,903784277786731			1468,75	0,925367306185813					1468,75	0,941740463288901	1468,75	0,925686430544567					1468,75	0,867972081696879	1468,75	0,760016462555074					1468,75	0,562999398629447	1468,75	0,385388511893829																																			
1471,875	0,903488128983016			1471,875	0,925768149073426					1471,875	0,942084254241015	1471,875	0,926403816760445					1471,875	0,868818794234092	1471,875	0,76052836914326					1471,875	0,563065269233592	1471,875	0,384661639014133																																			
1475	0,903964695564882			1475	0,925757909173306					1475	0,942122480515843	1475	0,92667427201641					1475	0,869119561676744	1475	0,760429985516581					1475	0,56276662819847	1475	0,383440208564563																																			
1478,125	0,903507537472982			1478,125	0,926337886827463					1478,125	0,942726674072312	1478,125	0,927610131664174					1478,125	0,870673090512359	1478,125	0,762400665880205					1478,125	0,56523286251836	1478,125	0,38647002006258																																			
1481,25	0,902939319410824			1481,25	0,926801195927949					1481,25	0,943181846011102	1481,25	0,928464637958762					1481,25	0,872359487153659	1481,25	0,764974218111861					1481,25	0,568369425466472	1481,25	0,390621665731396																																			
1484,375	0,903777652539421			1484,375	0,927605510839377					1484,375	0,944031079268418	1484,375	0,929457238631311					1484,375	0,873845164022407	1484,375	0,766643504400993					1484,375	0,569390832368587	1484,375	0,392177076525758																																			
1487,5	0,904120906066			1487,5	0,927539933460452					1487,5	0,944019500564284	1487,5	0,929203023663589					1487,5	0,873068118007463	1487,5	0,764387329806158					1487,5	0,564533652436145	1487,5	0,384973746822668																																			
1490,625	0,903612194556179			1490,625	0,928291565281657					1490,625	0,944466022976516	1490,625	0,930082226788817					1490,625	0,874564039501572	1490,625	0,766333029557844					1490,625	0,566850824435589	1490,625	0,387810760071751																																			
1493,75	0,904286586043286			1493,75	0,928705911078054					1493,75	0,944777532957374	1493,75	0,930427423201202					1493,75	0,875141843297865	1493,75	0,767022704937644					1493,75	0,566710321560697	1493,75	0,386819125646543																																			
1496,875	0,905174241926615			1496,875	0,928888530284993					1496,875	0,944874405327797	1496,875	0,930506124822136					1496,875	0,875512583648916	1496,875	0,767463601468527					1496,875	0,566916350380851	1496,875	0,386732557112424																																			
1500	0,905344067308285			1500	0,930267455829554					1500	0,94575309831983	1500	0,931858358988244					1500	0,877433875852839	1500	0,769694803156398					1500	0,56875772040413	1500	0,388532744636212																																			
1503,125	0,906544838614256			1503,125	0,931172992147509					1503,125	0,946363924121518	1503,125	0,93279360775245					1503,125	0,879102233162353	1503,125	0,772403420502054					1503,125	0,572421543382031	1503,125	0,392451247497347																																			
1506,25	0,906736624753138			1506,25	0,931583695879358					1506,25	0,946646817903673	1506,25	0,933443126657073					1506,25	0,880230566397055	1506,25	0,774593177531979					1506,25	0,575111673686568	1506,25	0,394908529509506																																			
1509,375	0,906829347100829			1509,375	0,932576013287295					1509,375	0,947111052960492	1509,375	0,933864892466145					1509,375	0,880753530560495	1509,375	0,774885240047927					1509,375	0,572685365107709	1509,375	0,391390044960935																																			
1512,5	0,907716616299485			1512,5	0,933315764300216					1512,5	0,947449175631064	1512,5	0,934686021548082					1512,5	0,88170412561309	1512,5	0,776258424452691					1512,5	0,574462190072913	1512,5	0,392458897203275																																			
1515,625	0,908158647820973			1515,625	0,933774087860966					1515,625	0,947779538278575	1515,625	0,935414245238002					1515,625	0,882142133130219	1515,625	0,776236071787372					1515,625	0,57301084745739	1515,625	0,38890472193731																																			
1518,75	0,908883569154636			1518,75	0,93462316951732					1518,75	0,948258124074874	1518,75	0,936539866516181					1518,75	0,884045108078209	1518,75	0,780300482822437					1518,75	0,578849047632501	1518,75	0,397852864946923																																			
1521,875	0,909311230067983			1521,875	0,934844438916815					1521,875	0,94821378632717	1521,875	0,936772645926722					1521,875	0,884440964206285	1521,875	0,781071169254693					1521,875	0,579139424891455	1521,875	0,39848220782954																																			
1525	0,910387169990609			1525	0,935713220705785					1525	0,948947068403462	1525	0,9376317926766					1525	0,884770531482046	1525	0,780628538402244					1525	0,575354391230198	1525	0,390279605853199																																			
1528,125	0,910899406336241			1528,125	0,9364011548426					1528,125	0,949537288066282	1528,125	0,939080857473867					1528,125	0,886993002682111	1528,125	0,785365238180265					1528,125	0,583463364471001	1528,125	0,40144174867934																																			
1531,25	0,91074850102628			1531,25	0,936976651778877					1531,25	0,949620046769892	1531,25	0,939630031142519					1531,25	0,887450006058304	1531,25	0,786164699107407					1531,25	0,583408768088352	1531,25	0,401214614010231																																			
1534,375	0,911554932322476			1534,375	0,937666209071535					1534,375	0,950192026999914	1534,375	0,940843216764081					1534,375	0,889284952576324	1534,375	0,788953582284691					1534,375	0,586051749058683	1534,375	0,404363020130155																																			
1537,5	0,912217744645385			1537,5	0,938065228950101					1537,5	0,950405350317632	1537,5	0,94130334094311					1537,5	0,889042004448667	1537,5	0,788163181942705					1537,5	0,582500948444866	1537,5	0,398178696300818																																			
1540,625	0,912739889252657			1540,625	0,938343477759836					1540,625	0,950730067717426	1540,625	0,941980412415681					1540,625	0,889708657617087	1540,625	0,78929710190571					1540,625	0,583790846935109	1540,625	0,399476843018859																																			
1543,75	0,912605557025426			1543,75	0,939183415787526					1543,75	0,951364905849788	1543,75	0,943286988165646					1543,75	0,89139733590835	1543,75	0,791969707255775					1543,75	0,586143962721232	1543,75	0,402145385135149																																			
1546,875	0,913271873769026			1546,875	0,939435414193789					1546,875	0,951649242504389	1546,875	0,94412536268207					1546,875	0,892579297035684	1546,875	0,793495953204971					1546,875	0,588861105837276	1546,875	0,404844181236289																																			
1550	0,913704585428194			1550	0,939883055650127					1550	0,9521747272053	1550	0,94501698931676					1550	0,893495967428852	1550	0,79457185696172					1550	0,588315033025031	1550	0,402778550188832																																			
1553,125	0,913840390088978			1553,125	0,940134099860562					1553,125	0,952348776863902	1553,125	0,945424932005475					1553,125	0,893909429965076	1553,125	0,794907278821609					1553,125	0,588052030969143	1553,125	0,40128989073741																																			
1556,25	0,914244983856998			1556,25	0,940699824044432					1556,25	0,952805045557148	1556,25	0,946598584576311					1556,25	0,895702547925035	1556,25	0,797611848193232					1556,25	0,591610421409288	1556,25	0,404365884907483																																			
1559,375	0,914156148653868			1559,375	0,940975709384803					1559,375	0,952908630695296	1559,375	0,947195436463637					1559,375	0,896298083138708	1559,375	0,798524340486126					1559,375	0,59207356402972	1559,375	0,404985924740888																																			
1562,5	0,914189570729328			1562,5	0,941259392995975					1562,5	0,953141148938805	1562,5	0,947974201169816					1562,5	0,896855447677261	1562,5	0,799359243446573					1562,5	0,592932500440248	1562,5	0,406462578905073																																			
1565,625	0,914513077414996			1565,625	0,941915207307308					1565,625	0,953965365156958	1565,625	0,949415105305401					1565,625	0,899288008698492	1565,625	0,803003147824292					1565,625	0,598104116411041	1565,625	0,412939163755024																																			
1568,75	0,914891557225476			1568,75	0,941927361060903					1568,75	0,953929998987653	1568,75	0,949508949315726					1568,75	0,898684124118446	1568,75	0,800883896474248					1568,75	0,592521372699673	1568,75	0,404507991784929																																			
1571,875	0,914919357959426			1571,875	0,942475254653628					1571,875	0,954515449541025	1571,875	0,950363743514655					1571,875	0,900572269265247	1571,875	0,803723027156962					1571,875	0,596656948152028	1571,875	0,410013094992104																																			
1575	0,914906985211123			1575	0,942530171335398					1575	0,954575235147115	1575	0,950774086295876					1575	0,901156325647683	1575	0,803925953211558					1575	0,596994969000136	1575	0,409749959663419																																			
1578,125	0,915469835608849			1578,125	0,942917276537524					1578,125	0,954880757903535	1578,125	0,951707012831035					1578,125	0,90240885173774	1578,125	0,805767614306098					1578,125	0,601608711930932	1578,125	0,416236417212478																																			
1581,25	0,915415953099602			1581,25	0,943187703083432					1581,25	0,95527314015735	1581,25	0,952364793469659					1581,25	0,903271315271828	1581,25	0,806280824705942					1581,25	0,599922378896786	1581,25	0,411061536896726																																			
1584,375	0,915003423997698			1584,375	0,943505495872006					1584,375	0,955661032543683	1584,375	0,953113777926278					1584,375	0,904656075601786	1584,375	0,808472309092701					1584,375	0,603013570220625	1584,375	0,415636666311378																																			
1587,5	0,915101419357254			1587,5	0,943836134178465					1587,5	0,956101383892283	1587,5	0,953852368771345					1587,5	0,905867578908369	1587,5	0,809261818980029					1587,5	0,602812311897098	1587,5	0,413576397185953																																			
1590,625	0,915385251192597			1590,625	0,944099768274811					1590,625	0,956456031489271	1590,625	0,954379103002532					1590,625	0,906157733399223	1590,625	0,808823718787611					1590,625	0,599267337598125	1590,625	0,40521945477423																																			
1593,75	0,915185134202921			1593,75	0,944376766562434					1593,75	0,956772106101482	1593,75	0,955190839944275					1593,75	0,907050985676391	1593,75	0,810397413358046					1593,75	0,602486195320508	1593,75	0,409168364507756																																			
1596,875	0,915034310906736			1596,875	0,944607042651791					1596,875	0,957077917931183	1596,875	0,955900602529929					1596,875	0,908226066078172	1596,875	0,812047214657915					1596,875	0,604693063381559	1596,875	0,413618148079272																																			
1600	0,914957469120069			1600	0,94459379506278					1600	0,957144722672959	1600	0,956095288892028					1600	0,908403664121777	1600	0,811831775249476					1600	0,602971248487916	1600	0,411828716624975																																			
1603,125	0,915472183999628			1603,125	0,94477980383297					1603,125	0,957448444729811	1603,125	0,956613671651034					1603,125	0,909040010446204	1603,125	0,812120551921579					1603,125	0,602827772136686	1603,125	0,410275788349923																																			
1606,25	0,91541750669891			1606,25	0,944817290109175					1606,25	0,957950596508636	1606,25	0,957240340887878					1606,25	0,910159270306237	1606,25	0,813393257352562					1606,25	0,604615603791516	1606,25	0,41106653495959																																			
1609,375	0,915993975302824			1609,375	0,945378096260246					1609,375	0,95872436355927	1609,375	0,958416091900433					1609,375	0,912617643619165	1609,375	0,818057726246087					1609,375	0,61355586741336	1609,375	0,424147378646914																																			
1612,5	0,915484582670352			1612,5	0,945832483169545					1612,5	0,959432772717079	1612,5	0,959326896890844					1612,5	0,914283471294675	1612,5	0,821076647351704					1612,5	0,618822067543389	1612,5	0,431020135585943																																			
1615,625	0,915403368836721			1615,625	0,945773730223737					1615,625	0,959541534571839	1615,625	0,959504820771956					1615,625	0,914151779359119	1615,625	0,820314808101382					1615,625	0,615528986347083	1615,625	0,425393087118173																																			
1618,75	0,915355540397875			1618,75	0,945605787327694					1618,75	0,959603134568676	1618,75	0,959671780202655					1618,75	0,913845571110173	1618,75	0,819198588886695					1618,75	0,612297179273854	1618,75	0,420296956826754																																			
1621,875	0,915551068870135			1621,875	0,945824548619091					1621,875	0,960082077962088	1621,875	0,960324337327645					1621,875	0,914842235292511	1621,875	0,821026578183789					1621,875	0,61453515475743	1621,875	0,423499617105605																																			
1625	0,914851687615724			1625	0,946125311456407					1625	0,960542464486764	1625	0,960841800858768					1625	0,915710835076184	1625	0,822058642077988					1625	0,615218752802875	1625	0,424586128483004																																			
1628,125	0,915002173511384			1628,125	0,94605781203858					1628,125	0,960806193028472	1628,125	0,961213302938244					1628,125	0,916441791785725	1628,125	0,823158757402558					1628,125	0,616797917228011	1628,125	0,425552063576906																																			
1631,25	0,915492636445921			1631,25	0,946285309397023					1631,25	0,961460608423997	1631,25	0,961986847418796					1631,25	0,917665559065355	1631,25	0,824376401581685					1631,25	0,618627269236237	1631,25	0,426317332973501																																			
1634,375	0,915541624920877			1634,375	0,946141556882307					1634,375	0,96143346091148	1634,375	0,961890984796633					1634,375	0,917613350063322	1634,375	0,823711360175402					1634,375	0,616839424662984	1634,375	0,422938149062092																																			
1637,5	0,915450720774045			1637,5	0,946360524762206					1637,5	0,961957231497535	1637,5	0,962211589555275					1637,5	0,918170871032229	1637,5	0,824101803534825					1637,5	0,615380930923051	1637,5	0,420502282129398																																			
1640,625	0,915302815396498			1640,625	0,9467366231656					1640,625	0,96250170201812	1640,625	0,96331450835352					1640,625	0,920198557267571	1640,625	0,828529915086931					1640,625	0,624123692011886	1640,625	0,433964766875416																																			
1643,75	0,915236423431573			1643,75	0,94730038382337					1643,75	0,963438146280765	1643,75	0,964230433367163					1643,75	0,92151657693684	1643,75	0,829908725760948					1643,75	0,626309357959721	1643,75	0,436833044160564																																			
1646,875	0,915583612495681			1646,875	0,946928859105224					1646,875	0,963276392129508	1646,875	0,96409445110399					1646,875	0,921110474571782	1646,875	0,828704647910482					1646,875	0,623010066728846	1646,875	0,430134512116958																																			
1650	0,915791089511917			1650	0,946733256216497					1650	0,963551091080023	1650	0,964152030545234					1650	0,921137150844184	1650	0,82809021011137					1650	0,620042363466429	1650	0,425361305010392																																			
1653,125	0,915400377017682			1653,125	0,947221179363427					1653,125	0,964325056603592	1653,125	0,964825060000308					1653,125	0,922630991264292	1653,125	0,830611727977577					1653,125	0,624444763128705	1653,125	0,430672846869291																																			
1656,25	0,915818766876531			1656,25	0,947479980707778					1656,25	0,964700559560803	1656,25	0,965262180060995					1656,25	0,923465663531599	1656,25	0,831409397856454					1656,25	0,625300027915355	1656,25	0,430749395912014																																			
1659,375	0,916137937743462			1659,375	0,947495740524548					1659,375	0,965030772773442	1659,375	0,965587353784164					1659,375	0,924124512111673	1659,375	0,832016887914924					1659,375	0,625803697065451	1659,375	0,429969946794318																																			
1662,5	0,915741786641072			1662,5	0,947665560375965					1662,5	0,965355500310652	1662,5	0,966017067678296					1662,5	0,925054943961106	1662,5	0,833380126523385					1662,5	0,626852392279439	1662,5	0,431816562735561																																			
1665,625	0,916011306452751			1665,625	0,947843214147328					1665,625	0,965787874797972	1665,625	0,966204134930894					1665,625	0,925413312368576	1665,625	0,83335216720777					1665,625	0,624732889626788	1665,625	0,428527844589284																																			
1668,75	0,915596174011891			1668,75	0,947925655842614					1668,75	0,966080708053167	1668,75	0,966448101726982					1668,75	0,925928185391925	1668,75	0,834212513262826					1668,75	0,625475355243212	1668,75	0,428603829751867																																			
1671,875	0,915742638940711			1671,875	0,948060775748057					1671,875	0,966361419403658	1671,875	0,966781654878846					1671,875	0,926478544717942	1671,875	0,834761964012951					1671,875	0,626124672778993	1671,875	0,428598483649008																																			
1675	0,915511540837344			1675	0,948538520429756					1675	0,967053274299631	1675	0,967623537349297					1675	0,928090755096939	1675	0,837605737195089					1675	0,631624036758462	1675	0,436072034807194																																			
1678,125	0,915856457117249			1678,125	0,948422617824366					1678,125	0,967359151783064	1678,125	0,967963341005723					1678,125	0,928509240981223	1678,125	0,83838375150184					1678,125	0,630988604949777	1678,125	0,434206602012971																																			
1681,25	0,916310356722855			1681,25	0,948364299337973					1681,25	0,967472067055101	1681,25	0,968059319833526					1681,25	0,929057696141695	1681,25	0,838553217541839					1681,25	0,630544953645855	1681,25	0,432906785268291																																			
1684,375	0,916133263504456			1684,375	0,949274765387806					1684,375	0,96825395676408	1684,375	0,969330499745294					1684,375	0,931502551121781	1684,375	0,842860839670436					1684,375	0,638917479162354	1684,375	0,443731325163273																																			
1687,5	0,915679595554728			1687,5	0,949466342262881					1687,5	0,968448424212801	1687,5	0,969699458305881					1687,5	0,931865173558479	1687,5	0,842999013916948					1687,5	0,638063233357354	1687,5	0,442592967092148																																			
1690,625	0,916312305982976			1690,625	0,949621466919009					1690,625	0,968713454857302	1690,625	0,970176775445171					1690,625	0,932703801880077	1690,625	0,84416127100182					1690,625	0,639684543190565	1690,625	0,444039618645063																																			
1693,75	0,916528740039839			1693,75	0,94983967698772					1693,75	0,969165626773456	1693,75	0,970888439190813					1693,75	0,933962597706805	1693,75	0,846408823968097					1693,75	0,643899064268995	1693,75	0,448996361654051																																			
1696,875	0,916462774701691			1696,875	0,949866306152282					1696,875	0,969488719751388	1696,875	0,971123399989679					1696,875	0,934088856359013	1696,875	0,84567759020747					1696,875	0,641384271471265	1696,875	0,443465672011326																																			
1700	0,916806532918944			1700	0,949965888672112					1700	0,969782777196786	1700	0,971654195589571					1700	0,934924570343817	1700	0,846752587446717					1700	0,642712360719974	1700	0,44484037918044																																			
1703,125	0,916535428098237			1703,125	0,950094774758307					1703,125	0,969940397389082	1703,125	0,971928159084116					1703,125	0,935047458412932	1703,125	0,846531568657803					1703,125	0,641071710806795	1703,125	0,44101505403035																																			
1706,25	0,916885934816598			1706,25	0,950177286175053					1706,25	0,970200765270234	1706,25	0,972753285797124					1706,25	0,935918632131069	1706,25	0,847984717375893					1706,25	0,642884612094199	1706,25	0,443174857509606																																			
1709,375	0,916650513891967			1709,375	0,950711618096835					1709,375	0,9707693070723	1709,375	0,973769708464653					1709,375	0,9375659718643	1709,375	0,850282023132856					1709,375	0,646938490676557	1709,375	0,449318660078921																																			
1712,5	0,91598453674708			1712,5	0,950757414701277					1712,5	0,970913940925072	1712,5	0,974192936330718					1712,5	0,938136054689542	1712,5	0,850797801814522					1712,5	0,647096322762517	1712,5	0,448361535240622																																			
1715,625	0,916046057384805			1715,625	0,950936745159824					1715,625	0,971171275679471	1715,625	0,974914940313912					1715,625	0,93905564161353	1715,625	0,852047886949109					1715,625	0,648850225006008	1715,625	0,45008710022934																																			
1718,75	0,916183701091113			1718,75	0,950729934239943					1718,75	0,971150909052452	1718,75	0,975070870958577					1718,75	0,938999950935029	1718,75	0,85135168665738					1718,75	0,646461712905578	1718,75	0,44560127965965																																			
1721,875	0,916412922423353			1721,875	0,950911909937921					1721,875	0,971367540661392	1721,875	0,975661367923201					1721,875	0,939595948876718	1721,875	0,852181962877324					1721,875	0,64780096603855	1721,875	0,447432439695593																																			
1725	0,916418516027697			1725	0,951404754557673					1725	0,971946849661516	1725	0,976716151558151					1725	0,941454550663911	1725	0,854521442988166					1725	0,652196394542607	1725	0,453690213982844																																			
1728,125	0,916661898275901			1728,125	0,95124758532331					1728,125	0,971877896968914	1728,125	0,97702209050102					1728,125	0,941715906401146	1728,125	0,854321798141478					1728,125	0,650497768193767	1728,125	0,449684915183724																																			
1731,25	0,916614080091753			1731,25	0,951076403764909					1731,25	0,971867821360847	1731,25	0,977484526604597					1731,25	0,942081803847125	1731,25	0,854727015618517					1731,25	0,649778088027268	1731,25	0,447963389682516																																			
1734,375	0,916409778029991			1734,375	0,951059639487203					1734,375	0,972028395854665	1734,375	0,977907473926521					1734,375	0,942657388220664	1734,375	0,854774759017632					1734,375	0,649428805000123	1734,375	0,446903783283858																																			
1737,5	0,915787392875581			1737,5	0,951473884440767					1737,5	0,972375512865635	1737,5	0,978643574005969					1737,5	0,943905771967596	1737,5	0,857123110391695					1737,5	0,654090068530367	1737,5	0,453134755709262																																			
1740,625	0,915978880861942			1740,625	0,95124125112625					1740,625	0,972405989747223	1740,625	0,978756925973508					1740,625	0,944159391491742	1740,625	0,857214414671531					1740,625	0,652815805925435	1740,625	0,450328757756687																																			
1743,75	0,915981740383172			1743,75	0,951815836975358					1743,75	0,973045692059953	1743,75	0,979688605909145					1743,75	0,945867910981243	1743,75	0,860110990383194					1743,75	0,658496312889415	1743,75	0,457926168964887																																			
1746,875	0,915288867620241			1746,875	0,951952224709704					1746,875	0,973045313038771	1746,875	0,98014388058034					1746,875	0,946662146572618	1746,875	0,861203230306726					1746,875	0,66050143388822	1746,875	0,460425139998801																																			
1750	0,915006379867463			1750	0,951729816307171					1750	0,97290647600979	1750	0,980323854288324					1750	0,946810871365175	1750	0,86110577754702					1750	0,659271439864029	1750	0,457514895293741																																			
1753,125	0,915677536005203			1753,125	0,951933068509582					1753,125	0,973247560992694	1753,125	0,980776343675132					1753,125	0,947367177286788	1753,125	0,861663906925374					1753,125	0,659833707138515	1753,125	0,457517778644681																																			
1756,25	0,916298776209617			1756,25	0,951919413559481					1756,25	0,973526740200418	1756,25	0,981306345122526					1756,25	0,948127065493823	1756,25	0,862566258895435					1756,25	0,660438403995458	1756,25	0,457601321121641																																			
1759,375	0,915805069290732			1759,375	0,95153059119713					1759,375	0,97346416287629	1759,375	0,981440609376306					1759,375	0,948296235125022	1759,375	0,862691665282049					1759,375	0,660205382571933	1759,375	0,45661029756038																																			
1762,5	0,915496391456738			1762,5	0,951810839296926					1762,5	0,973732140509796	1762,5	0,98187872325695					1762,5	0,949181159645831	1762,5	0,863848221086025					1762,5	0,661702639904182	1762,5	0,457678575058136																																			
1765,625	0,915646141972898			1765,625	0,951784234612466					1765,625	0,973876264713475	1765,625	0,982305107961793					1765,625	0,94984179740519	1765,625	0,864779074901762					1765,625	0,663231746364371	1765,625	0,460302068234902																																			
1768,75	0,915979708565596			1768,75	0,952068840814125					1768,75	0,974061710503546	1768,75	0,982790844290566					1768,75	0,950931869541873	1768,75	0,866606786584583					1768,75	0,665972802782447	1768,75	0,463751242643728																																			
1771,875	0,915884171090042			1771,875	0,951892319912666					1771,875	0,97410539447705	1771,875	0,982941128418471					1771,875	0,951214971534688	1771,875	0,866689288114777					1771,875	0,665129408105169	1771,875	0,461878757360491																																			
1775	0,916323433794763			1775	0,951821752591435					1775	0,974073720463934	1775	0,983250824829799					1775	0,95164091009534	1775	0,867448477946042					1775	0,665810189551603	1775	0,462792166864013																																			
1778,125	0,91651597031197			1778,125	0,951788140575614					1778,125	0,974259305670012	1778,125	0,983588644258321					1778,125	0,952127857394662	1778,125	0,867923181154219					1778,125	0,66592693030936	1778,125	0,462257473104935																																			
1781,25	0,916041096071269			1781,25	0,952020787075696					1781,25	0,974595962331363	1781,25	0,984149482622917					1781,25	0,95322417725474	1781,25	0,869760164479352					1781,25	0,668638305884768	1781,25	0,465498672718482																																			
1784,375	0,915587706789311			1784,375	0,951957528000981					1784,375	0,974659043152109	1784,375	0,984419508593166					1784,375	0,953685107688707	1784,375	0,869943357580468					1784,375	0,668154573176938	1784,375	0,46397553117318																																			
1787,5	0,915039900784116			1787,5	0,951597348526545					1787,5	0,974456317148269	1787,5	0,984501049243565					1787,5	0,953495722675841	1787,5	0,868932742580446					1787,5	0,665281643047406	1787,5	0,459692975097904																																			
1790,625	0,916438935054335			1790,625	0,952109718937945					1790,625	0,974911814018227	1790,625	0,985137109912681					1790,625	0,954590393838942	1790,625	0,871888748278485					1790,625	0,670309768403821	1790,625	0,466648014623267																																			
1793,75	0,916327737594615			1793,75	0,951906339907505					1793,75	0,974882485209437	1793,75	0,985375082199449					1793,75	0,954672342987463	1793,75	0,871226541674749					1793,75	0,667525472456112	1793,75	0,461858384593175																																			
1796,875	0,916497564055099			1796,875	0,951955058862245					1796,875	0,974899540074019	1796,875	0,985655708409938					1796,875	0,955299903711626	1796,875	0,872359754686282					1796,875	0,669108633172792	1796,875	0,463448724183632																																			
1800	0,916331629724881			1800	0,952436294736398					1800	0,975223258923554	1800	0,986043858538348					1800	0,956217308346953	1800	0,874223594078127					1800	0,67218763766376	1800	0,467737231833974																																			
1803,125	0,916960347425875			1803,125	0,95260667042673					1803,125	0,975181488783099	1803,125	0,986461664952185					1803,125	0,956649996542513	1803,125	0,874695594291582					1803,125	0,672093602987052	1803,125	0,467016269385743																																			
1806,25	0,916623715344307			1806,25	0,952440009763878					1806,25	0,975234428358976	1806,25	0,986873798132669					1806,25	0,95747419772373	1806,25	0,876391941902441					1806,25	0,674634786280338	1806,25	0,470578501307277																																			
1809,375	0,916372080013996			1809,375	0,952655366128879					1809,375	0,975372122853225	1809,375	0,987344862636936					1809,375	0,958275285560757	1809,375	0,877740077283464					1809,375	0,676431487266499	1809,375	0,472411690909289																																			
1812,5	0,916200466963673			1812,5	0,952509358348173					1812,5	0,975218879581489	1812,5	0,987443911765189					1812,5	0,958322611905463	1812,5	0,877651621127404					1812,5	0,675374153606473	1812,5	0,470111324656719																																			
1815,625	0,91608411120088			1815,625	0,952677401915569					1815,625	0,975449486705011	1815,625	0,987917506819953					1815,625	0,958951542318742	1815,625	0,878283521085468					1815,625	0,675020206477693	1815,625	0,46867256884193																																			
1818,75	0,916287048994423			1818,75	0,952963352303845					1818,75	0,975579835184622	1818,75	0,98822215032247					1818,75	0,959868558640032	1818,75	0,880672162136475					1818,75	0,679528201385706	1818,75	0,475491276331244																																			
1821,875	0,916707529216715			1821,875	0,952816380286035					1821,875	0,975556411934619	1821,875	0,988425978066405					1821,875	0,960102333525585	1821,875	0,88101922266604					1821,875	0,678799693114139	1821,875	0,4734061588154																																			
1825	0,916880601769471			1825	0,952672290761962					1825	0,975523879343332	1825	0,988670740245206					1825	0,960312664916093	1825	0,881114163874998					1825	0,678385621905776	1825	0,472754393060338																																			
1828,125	0,916477711429311			1828,125	0,952817775477097					1828,125	0,975621010089307	1828,125	0,98884030802122					1828,125	0,960665116336819	1828,125	0,881607775022705					1828,125	0,67882395173033	1828,125	0,472744631786005																																			
1831,25	0,916481304119959			1831,25	0,95295099606598					1831,25	0,97569949152367	1831,25	0,989102507854706					1831,25	0,961510360572312	1831,25	0,88336979515709					1831,25	0,682257419366771	1831,25	0,477338607127036																																			
1834,375	0,916881966294376			1834,375	0,953068403662159					1834,375	0,975788047306905	1834,375	0,98944495590776					1834,375	0,962129849618512	1834,375	0,884459260679683					1834,375	0,683069243020316	1834,375	0,477899394413203																																			
1837,5	0,916921759728197			1837,5	0,953144801598593					1837,5	0,975827958274526	1837,5	0,989738375040188					1837,5	0,962571429849907	1837,5	0,884950772578053					1837,5	0,682852662769741	1837,5	0,477164952356609																																			
1840,625	0,917098418748981			1840,625	0,953106201097636					1840,625	0,97577949785323	1840,625	0,989899399969					1840,625	0,962564025805691	1840,625	0,883923454267857					1840,625	0,679385342310245	1840,625	0,47109199592783																																			
1843,75	0,917397069138617			1843,75	0,953328092981293					1843,75	0,97595847135708	1843,75	0,990204420252188					1843,75	0,963214186266822	1843,75	0,885258796706094					1843,75	0,682521031903176	1843,75	0,475206625476283																																			
1846,875	0,917187573354893			1846,875	0,95327946810056					1846,875	0,975947045169183	1846,875	0,990365480365502					1846,875	0,963520923771689	1846,875	0,885628879882349					1846,875	0,68199448120502	1846,875	0,47321511821275																																			
1850	0,91651473789509			1850	0,953171863567951					1850	0,975859997675175	1850	0,990486124925532					1850	0,963899901040246	1850	0,886519932754833					1850	0,683645041102075	1850	0,475168744304308																																			
1853,125	0,91712384346656			1853,125	0,953167782189782					1853,125	0,97592362238746	1853,125	0,990620002347314					1853,125	0,964142154791456	1853,125	0,886723256887481					1853,125	0,68336338886077	1853,125	0,474327864351457																																			
1856,25	0,917043616554289			1856,25	0,953599046114895					1856,25	0,976226533587746	1856,25	0,990926083495735					1856,25	0,965154790053856	1856,25	0,888924419794994					1856,25	0,687925079271934	1856,25	0,481449300987678																																			
1859,375	0,917384824983522			1859,375	0,953399416046701					1859,375	0,976133600200575	1859,375	0,991077354060873					1859,375	0,965328097431981	1859,375	0,889110783852598					1859,375	0,686786894907541	1859,375	0,47921212271874																																			
1862,5	0,917360369592939			1862,5	0,953720733379007					1862,5	0,976340188378118	1862,5	0,991453814011358					1862,5	0,966020334049434	1862,5	0,89035550432687					1862,5	0,688731976772697	1862,5	0,481270613693549																																			
1865,625	0,917335432293724			1865,625	0,953528774004414					1865,625	0,976206219839956	1865,625	0,991600356852516					1865,625	0,966219821605886	1865,625	0,890508517612585					1865,625	0,688908738278825	1865,625	0,480973668761256																																			
1868,75	0,917272621654188			1868,75	0,953556255278239					1868,75	0,976277257826194	1868,75	0,991736272797237					1868,75	0,966719545740033	1868,75	0,891457290881535					1868,75	0,690894444705893	1868,75	0,48337832071262																																			
1871,875	0,916877014318728			1871,875	0,953691633517969					1871,875	0,976445595466755	1871,875	0,991888003611191					1871,875	0,967069123885657	1871,875	0,891753093917614					1871,875	0,691029099069031	1871,875	0,483293732871745																																			
1875	0,917366128682947			1875	0,953334118273932					1875	0,976289580596781	1875	0,99202375523331					1875	0,967204358172598	1875	0,891692984217269					1875	0,689287994347555	1875	0,480263918506651																																			
1878,125	0,9183667208211			1878,125	0,953733804201087					1878,125	0,976461544858237	1878,125	0,99224224061992					1878,125	0,967896938486102	1878,125	0,893178850464761					1878,125	0,692592583500945	1878,125	0,485198979405804																																			
1881,25	0,918076616806971			1881,25	0,953784678291099					1881,25	0,976589495383605	1881,25	0,992510371245982					1881,25	0,968387129726672	1881,25	0,893481709448923					1881,25	0,692523241399848	1881,25	0,483355879238611																																			
1884,375	0,917604583135616			1884,375	0,953607813055499					1884,375	0,976589066917259	1884,375	0,992600950223395					1884,375	0,968624931932492	1884,375	0,89345813242931					1884,375	0,691022898769141	1884,375	0,480218293544024																																			
1887,5	0,917541364876658			1887,5	0,953580039432436					1887,5	0,976585901956657	1887,5	0,992787199974054					1887,5	0,969080190599846	1887,5	0,894444671275889					1887,5	0,692522218137148	1887,5	0,481478255757332																																			
1890,625	0,917552381756865			1890,625	0,953944745612023					1890,625	0,976879042356942	1890,625	0,993123914781214					1890,625	0,969919928253217	1890,625	0,896391788451523					1890,625	0,697144117265978	1890,625	0,48847130551075																																			
1893,75	0,917711371949108			1893,75	0,95404399614172					1893,75	0,977079508956863	1893,75	0,993351445638686					1893,75	0,970363104307962	1893,75	0,897037644539615					1893,75	0,698159192943446	1893,75	0,490139305580318																																			
1896,875	0,917438817083461			1896,875	0,95407036089121					1896,875	0,977183604737635	1896,875	0,993538636966709					1896,875	0,970926850467029	1896,875	0,898060797096315					1896,875	0,700162938734721	1896,875	0,493242250627583																																			
1900	0,917530957678574			1900	0,954018231903972					1900	0,977268617257474	1900	0,993727284469468					1900	0,971142244934421	1900	0,897875498589233					1900	0,698902899344751	1900	0,490325088700054																																			
1903,125	0,917354042942988			1903,125	0,954245421177131					1903,125	0,977414481150354	1903,125	0,993985275621588					1903,125	0,971686354118331	1903,125	0,899040380710089					1903,125	0,70091173050736	1903,125	0,492846661384299																																			
1906,25	0,917234172779469			1906,25	0,954458085113096					1906,25	0,977529702587801	1906,25	0,994261569494922					1906,25	0,972179900285049	1906,25	0,899631310639443					1906,25	0,701848970948142	1906,25	0,493329280963523																																			
1909,375	0,917425878676754			1909,375	0,954230601170316					1909,375	0,977611655514092	1909,375	0,994417016853118					1909,375	0,972217119828113	1909,375	0,899377383522981					1909,375	0,70156980359179	1909,375	0,492427404437808																																			
1912,5	0,917613058014812			1912,5	0,954090827556954					1912,5	0,977645787135417	1912,5	0,994580806979445					1912,5	0,972534501684599	1912,5	0,899639543428403					1912,5	0,701875661927772	1912,5	0,49280714636853																																			
1915,625	0,917721549230608			1915,625	0,954298534893701					1915,625	0,977743179800756	1915,625	0,994890945882935					1915,625	0,973255916661039	1915,625	0,900655457486652					1915,625	0,703473601995338	1915,625	0,494375360932184																																			
1918,75	0,917520084664115			1918,75	0,954398693699247					1918,75	0,977879517394202	1918,75	0,995145970655608					1918,75	0,973665880257905	1918,75	0,901463449368006					1918,75	0,705149504924382	1918,75	0,496353506863613																																			
1921,875	0,917144132030261			1921,875	0,954083151434472					1921,875	0,97781896742944	1921,875	0,995296230862461					1921,875	0,973617086348431	1921,875	0,900782314169115					1921,875	0,702623180901969	1921,875	0,491743379694598																																			
1925	0,917042618053334			1925	0,953888261433044					1925	0,977814539593393	1925	0,995487184560226					1925	0,973713802187408	1925	0,900350670436361					1925	0,700311147342737	1925	0,487392574616807																																			
1928,125	0,917265491718678			1928,125	0,954241609776996					1928,125	0,978091600313818	1928,125	0,995807963262462					1928,125	0,974564599275129	1928,125	0,902376210388527					1928,125	0,705412770019926	1928,125	0,494907838713234																																			
1931,25	0,917366857350812			1931,25	0,95421216960814					1931,25	0,978043111916383	1931,25	0,996034123960077					1931,25	0,974927451911159	1931,25	0,903008766003297					1931,25	0,706286737710975	1931,25	0,495900428921425																																			
1934,375	0,916893157292746			1934,375	0,954072219666369					1934,375	0,978034828685669	1934,375	0,996248336160491					1934,375	0,975252277894432	1934,375	0,903302540843291					1934,375	0,705712955852683	1934,375	0,494524248344905																																			
1937,5	0,916429980879498			1937,5	0,954046864153342					1937,5	0,978034162603674	1937,5	0,996412525348398					1937,5	0,975554147341702	1937,5	0,903484297407364					1937,5	0,705905686370283	1937,5	0,494773238928548																																			
1940,625	0,916236259161612			1940,625	0,954034855121656					1940,625	0,978106992434896	1940,625	0,996625682321154					1940,625	0,975918516718992	1940,625	0,904076859693252					1940,625	0,706463105695099	1940,625	0,495371022748727																																			
1943,75	0,916331031933973			1943,75	0,953957587250672					1943,75	0,978176981056837	1943,75	0,99685182338209					1943,75	0,976367300146125	1943,75	0,90490940724591					1943,75	0,707956803812761	1943,75	0,496635127992932																																			
1946,875	0,91604512769563			1946,875	0,954157439825215					1946,875	0,978250716208063	1946,875	0,997090490662985					1946,875	0,976717389171759	1946,875	0,905665090033536					1946,875	0,709871510546425	1946,875	0,499433210376422																																			
1950	0,915512652534123			1950	0,954141336286909					1950	0,978209293797262	1950	0,997281207046974					1950	0,977166386392126	1950	0,906126503853926					1950	0,709839007685876	1950	0,498283733821727																																			
1953,125	0,915778875082084			1953,125	0,954059126908145					1953,125	0,978280713765351	1953,125	0,997442539682456					1953,125	0,977353018483631	1953,125	0,906100777721375					1953,125	0,709122929827643	1953,125	0,49563181221669																																			
1956,25	0,915548534262264			1956,25	0,953961671608524					1956,25	0,978258678781562	1956,25	0,997559801686851					1956,25	0,977609730969586	1956,25	0,906564462670019					1956,25	0,7101515456621	1956,25	0,497838840439569																																			
1959,375	0,914754186455779			1959,375	0,953774923650062					1959,375	0,978164502664176	1959,375	0,997669349845939					1959,375	0,977951381697871	1959,375	0,906983725463324					1959,375	0,710800647608045	1959,375	0,498259013854447																																			
1962,5	0,915271017058745			1962,5	0,953478950996617					1962,5	0,977990310417686	1962,5	0,997774155426466					1962,5	0,978028614313055	1962,5	0,906307107354995					1962,5	0,708072707502223	1962,5	0,492723941929889																																			
1965,625	0,914754828510561			1965,625	0,953748703356813					1965,625	0,978174277160665	1965,625	0,997903627181864					1965,625	0,97842765372669	1965,625	0,907620376434813					1965,625	0,711329903604246	1965,625	0,498245054829592																																			
1968,75	0,91501457533583			1968,75	0,9536753144487					1968,75	0,978127160848287	1968,75	0,998001142220428					1968,75	0,978663732800449	1968,75	0,907881713648094					1968,75	0,711019522100746	1968,75	0,499226335805964																																			
1971,875	0,915165270075824			1971,875	0,953991536559805					1971,875	0,978190026714124	1971,875	0,998173458762107					1971,875	0,979305211720227	1971,875	0,909561401299099					1971,875	0,715016866886673	1971,875	0,504555047444256																																			
1975	0,915897874903203			1975	0,954293566576401					1975	0,978381658045662	1975	0,998288911808529					1975	0,979767724190839	1975	0,910484820223583					1975	0,71574204913395	1975	0,504516310955303																																			
1978,125	0,915368908276179			1978,125	0,953706476390379					1978,125	0,978179493373934	1978,125	0,998373851204898					1978,125	0,979908622893195	1978,125	0,910019477290533					1978,125	0,713004311687962	1978,125	0,498780743479886																																			
1981,25	0,915188495797957			1981,25	0,953706383172135					1981,25	0,978237264781027	1981,25	0,99842035143035					1981,25	0,979954972992524	1981,25	0,910515585881119					1981,25	0,714660554895647	1981,25	0,501700268309427																																			
1984,375	0,914844710312161			1984,375	0,953865765551225					1984,375	0,978224560004228	1984,375	0,998543926315106					1984,375	0,980507292104568	1984,375	0,911844007924634					1984,375	0,717510900556902	1984,375	0,507300448816398																																			
1987,5	0,914248195527642			1987,5	0,953827561471073					1987,5	0,978150574100135	1987,5	0,998637857173984					1987,5	0,980819680303602	1987,5	0,912441770788194					1987,5	0,717927970293518	1987,5	0,507025778910272																																			
1990,625	0,913879340040834			1990,625	0,953776760463204					1990,625	0,978160117835493	1990,625	0,998732668844637					1990,625	0,980970096084283	1990,625	0,912214600734036					1990,625	0,715663382245637	1990,625	0,499984795554568																																			
1993,75	0,914064552640214			1993,75	0,953826955971897					1993,75	0,978078297039978	1993,75	0,998768882137399					1993,75	0,981293279129971	1993,75	0,913035116664061					1993,75	0,718769956720224	1993,75	0,504990879331538																																			
1996,875	0,914967647824511			1996,875	0,953555639980964					1996,875	0,978069067147378	1996,875	0,998827825800566					1996,875	0,981348859754698	1996,875	0,912889896879568					1996,875	0,717660564752282	1996,875	0,503643704950956																																			
2000	0,914513419672993			2000	0,953339898010563					2000	0,978002484945598	2000	0,998890891070544					2000	0,98154009125546	2000	0,913002594218814					2000	0,715920842531657	2000	0,499250073355216																																			
2003,125	0,91449259434555			2003,125	0,953194635589254					2003,125	0,978038611901625	2003,125	0,998942582995145					2003,125	0,981674782708249	2003,125	0,913296479017623					2003,125	0,714628379955968	2003,125	0,496640147678832																																			
2006,25	0,914062223998598			2006,25	0,953320433526688					2006,25	0,978179758574859	2006,25	0,999017324725536					2006,25	0,982064533515318	2006,25	0,913946024711985					2006,25	0,715742307750312	2006,25	0,497063748490781																																			
2009,375	0,91396994691053			2009,375	0,953305120918686					2009,375	0,97816049747247	2009,375	0,999104506180522					2009,375	0,982462887961438	2009,375	0,915317384626078					2009,375	0,720305172853443	2009,375	0,505783092936205																																			
2012,5	0,914026492876171			2012,5	0,953646971012238					2012,5	0,978140170658241	2012,5	0,999147809119164					2012,5	0,982739216366041	2012,5	0,915953466668527					2012,5	0,72266955616152	2012,5	0,509497738954248																																			
2015,625	0,914294417547214			2015,625	0,95365830755877					2015,625	0,978183027576752	2015,625	0,999213880845048					2015,625	0,982879487056418	2015,625	0,916305672847488					2015,625	0,722131704631652	2015,625	0,507592903907147																																			
2018,75	0,913977415452746			2018,75	0,953808488443289					2018,75	0,978199705832313	2018,75	0,999267093228305					2018,75	0,983244070130337	2018,75	0,917400390923165					2018,75	0,723800865479867	2018,75	0,512026591921103																																			
2021,875	0,913541979515376			2021,875	0,953424265834877					2021,875	0,978067661675717	2021,875	0,999303221356742					2021,875	0,983345080662089	2021,875	0,916680418910936					2021,875	0,72102463085607	2021,875	0,50634638084459																																			
2025	0,913371529791474			2025	0,953326461227106					2025	0,978120745377863	2025	0,999368211226502					2025	0,983512867701251	2025	0,91710900204541					2025	0,721368614840758	2025	0,506075170594685																																			
2028,125	0,914361411139479			2028,125	0,953574189461418					2028,125	0,978275679860639	2028,125	0,999420629626924					2028,125	0,983850283170585	2028,125	0,918277585361012					2028,125	0,724135209473227	2028,125	0,510028294490552																																			
2031,25	0,913599505881766			2031,25	0,95421212553045					2031,25	0,97851336624726	2031,25	0,999485350113612					2031,25	0,984375611653013	2031,25	0,920100220616419					2031,25	0,729867454096971	2031,25	0,518538913498503																																			
2034,375	0,913282875572296			2034,375	0,953722816084586					2034,375	0,978354713913022	2034,375	0,999516556254921					2034,375	0,984183751848305	2034,375	0,918732111376318					2034,375	0,724869498963591	2034,375	0,509379031079783																																			
2037,5	0,913300856431731			2037,5	0,953650662151798					2037,5	0,978395836329366	2037,5	0,999550467484306					2037,5	0,984395410172709	2037,5	0,919224964466282					2037,5	0,724693125341355	2037,5	0,508063160597002																																			
2040,625	0,913989755598262			2040,625	0,954575069029534					2040,625	0,97881476684837	2040,625	0,999576171266849					2040,625	0,984969071620825	2040,625	0,921563971530458					2040,625	0,730740580433184	2040,625	0,519975444679641																																			
2043,75	0,913797946239825			2043,75	0,95402583571317					2043,75	0,978635322925999	2043,75	0,999613424479563					2043,75	0,985153896214831	2043,75	0,921580119953716					2043,75	0,730717293362237	2043,75	0,519391243361765																																			
2046,875	0,913038288327446			2046,875	0,953802994505787					2046,875	0,978596239486813	2046,875	0,999644316937011					2046,875	0,985231145637999	2046,875	0,921456785818044					2046,875	0,730075259351801	2046,875	0,517019756908927																																			
2050	0,913011982916654			2050	0,953780073196366					2050	0,97865209232117	2050	0,999669495631233					2050	0,985327819787717	2050	0,921344576497322					2050	0,729387025818531	2050	0,515418574599224																																			
2053,125	0,91310330962488			2053,125	0,953449821562143					2053,125	0,978672601495784	2053,125	0,999703932138149					2053,125	0,985474538587212	2053,125	0,921468596213093					2053,125	0,727645184506481	2053,125	0,511820889125671																																			
2056,25	0,913522308640295			2056,25	0,953705379371765					2056,25	0,978937221622775	2056,25	0,999718371814251					2056,25	0,985779012900919	2056,25	0,922370987959358					2056,25	0,73039838808778	2056,25	0,516447371570817																																			
2059,375	0,91276182372113			2059,375	0,953954611999925					2059,375	0,979006542560626	2059,375	0,999733312261572					2059,375	0,985945558257129	2059,375	0,922746213212358					2059,375	0,731238470319673	2059,375	0,517276026716722																																			
2062,5	0,913049909287286			2062,5	0,954002213674694					2062,5	0,979099870905095	2062,5	0,999758855723322					2062,5	0,986066547028018	2062,5	0,923205832724121					2062,5	0,731819130738571	2062,5	0,518275267863597																																			
2065,625	0,913174832817922			2065,625	0,953754720417148					2065,625	0,979179415392175	2065,625	0,999779406067332					2065,625	0,986177059748968	2065,625	0,923487422469034					2065,625	0,731432891068718	2065,625	0,517291573172625																																			
2068,75	0,913051377409679			2068,75	0,953499065875301					2068,75	0,979144268286225	2068,75	0,999789363494446					2068,75	0,986309406386061	2068,75	0,923564957615739					2068,75	0,73117048063834	2068,75	0,516040788878233																																			
2071,875	0,913111225800762			2071,875	0,953262774293855					2071,875	0,979270846367749	2071,875	0,999795434851553					2071,875	0,986439844339305	2071,875	0,923576725430224					2071,875	0,731015125620855	2071,875	0,514701294477908																																			
2075	0,912610503806395			2075	0,953388704755468					2075	0,979539493542319	2075	0,999804070179091					2075	0,986609241941853	2075	0,924121531451632					2075	0,732290293998029	2075	0,516396825244839																																			
2078,125	0,912907687251612			2078,125	0,95358464501355					2078,125	0,979737623962132	2078,125	0,999808857676603					2078,125	0,986925845184499	2078,125	0,925037911824516					2078,125	0,73491407179692	2078,125	0,521082240789211																																			
2081,25	0,91286229346513			2081,25	0,953626363214297					2081,25	0,979880471352063	2081,25	0,999811426292148					2081,25	0,987216410707974	2081,25	0,925867322348803					2081,25	0,737248127238301	2081,25	0,525127624519911																																			
2084,375	0,912851052434301			2084,375	0,953439271566836					2084,375	0,979937197284349	2084,375	0,999817923768588					2084,375	0,987244513937352	2084,375	0,925587326148159					2084,375	0,735752592239796	2084,375	0,521557363835481																																			
2087,5	0,91328404974415			2087,5	0,953327284564327					2087,5	0,980068066643574	2087,5	0,999818591913824					2087,5	0,987268563505852	2087,5	0,925395089611372					2087,5	0,735322607861883	2087,5	0,519782018183769																																			
2090,625	0,91260356644097			2090,625	0,953185122888193					2090,625	0,980202184378484	2090,625	0,999810388386745					2090,625	0,987390386270025	2090,625	0,925735017676102					2090,625	0,73555274799976	2090,625	0,520060229360542																																			
2093,75	0,912273002654058			2093,75	0,953017660780586					2093,75	0,980242065720526	2093,75	0,999800163120578					2093,75	0,987701853297907	2093,75	0,926544507964311					2093,75	0,736589214263149	2093,75	0,52076485403762																																			
2096,875	0,912794415612729			2096,875	0,953064322516982					2096,875	0,980382326686978	2096,875	0,999799648649155					2096,875	0,987836885968557	2096,875	0,926948540201552					2096,875	0,73798790454037	2096,875	0,522287987253716																																			
2100	0,912421097235013			2100	0,953326398092055					2100	0,980566016128484	2100	0,999786259448071					2100	0,988021656693485	2100	0,927644021867501					2100	0,738946564853735	2100	0,525221222168432																																			
2103,125	0,913051609192042			2103,125	0,95339026320581					2103,125	0,980557527384335	2103,125	0,999777685640705					2103,125	0,988196680736067	2103,125	0,928313858620935					2103,125	0,741235812955636	2103,125	0,528455948272641																																			
2106,25	0,912892490998889			2106,25	0,953324368851162					2106,25	0,980494186353926	2106,25	0,999757276511551					2106,25	0,9884082765774	2106,25	0,928439099613439					2106,25	0,740852312248618	2106,25	0,526725250201192																																			
2109,375	0,913367343708877			2109,375	0,953193640876024					2109,375	0,980559693495848	2109,375	0,999742969140276					2109,375	0,988403887274061	2109,375	0,928229397817405					2109,375	0,739863024854871	2109,375	0,524830756076486																																			
2112,5	0,912179633080578			2112,5	0,952795201438555					2112,5	0,980384428588209	2112,5	0,999725942582856					2112,5	0,988512299510941	2112,5	0,928194257634819					2112,5	0,739465764860299	2112,5	0,524311765559605																																			
2115,625	0,912726737461939			2115,625	0,952880709119072					2115,625	0,980328950741103	2115,625	0,999699254958768					2115,625	0,988823188436356	2115,625	0,928973983381771					2115,625	0,741622509762119	2115,625	0,527150979981339																																			
2118,75	0,912856923307874			2118,75	0,952661439141127					2118,75	0,980242202833639	2118,75	0,999670685163701					2118,75	0,988993878800602	2118,75	0,929150627727442					2118,75	0,741248668166008	2118,75	0,525902074837638																																			
2121,875	0,913475617897437			2121,875	0,952958580073192					2121,875	0,980322402695291	2121,875	0,999655887981059					2121,875	0,989208269358277	2121,875	0,929907914893692					2121,875	0,743526643093664	2121,875	0,530217229809586																																			
2125	0,912474109982496			2125	0,952908123184621					2125	0,980176538760434	2125	0,999619203857912					2125	0,989394372971372	2125	0,930293264559756					2125	0,744353193650927	2125	0,531054930925781																																			
2128,125	0,911314311169188			2128,125	0,95251381730778					2128,125	0,979857329753193	2128,125	0,999597665668008					2128,125	0,989488879894075	2128,125	0,930227676900256					2128,125	0,743235384325254	2128,125	0,528844899690201																																			
2131,25	0,912184492210679			2131,25	0,952628369913968					2131,25	0,979812635696461	2131,25	0,999583056709068					2131,25	0,989611533456862	2131,25	0,930528999280422					2131,25	0,743733356344594	2131,25	0,529780446828621																																			
2134,375	0,912631948085038			2134,375	0,952651006741702					2134,375	0,979855118669848	2134,375	0,999544032392703					2134,375	0,989729819846877	2134,375	0,930792113321374					2134,375	0,744507998367077	2134,375	0,530136509328867																																			
2137,5	0,912235588662135			2137,5	0,952437222304098					2137,5	0,979588868278793	2137,5	0,999511204790001					2137,5	0,989934050122043	2137,5	0,931007710733998					2137,5	0,74479723954175	2137,5	0,5301273175926																																			
2140,625	0,913358778387888			2140,625	0,95267412638311					2140,625	0,979470870719602	2140,625	0,999471073180987					2140,625	0,99011456535191	2140,625	0,931723058956918					2140,625	0,746685199232594	2140,625	0,533768002711405																																			
2143,75	0,91328808732255			2143,75	0,952793205328357					2143,75	0,979418732168734	2143,75	0,999431609033771					2143,75	0,990258737640686	2143,75	0,932165657023955					2143,75	0,747766638940407	2143,75	0,534330466586181																																			
2146,875	0,912506574328936			2146,875	0,952308449286596					2146,875	0,979141679717247	2146,875	0,999399227044582					2146,875	0,990282296027336	2146,875	0,931908479093823					2146,875	0,74553728398179	2146,875	0,530046950865513																																			
2150	0,912456990269319			2150	0,951995055864959					2150	0,97887988950515	2150	0,999336593705555					2150	0,990438881430387	2150	0,932075156910385					2150	0,745458398559	2150	0,529676189689055																																			
2153,125	0,912717278197358			2153,125	0,952428374954998					2153,125	0,978935292816843	2153,125	0,999314478561353					2153,125	0,99071140510741	2153,125	0,93271955007472					2153,125	0,747699247460139	2153,125	0,533077083013995																																			
2156,25	0,912638075788459			2156,25	0,952146745537343					2156,25	0,978719186292895	2156,25	0,999270038588765					2156,25	0,990715853945306	2156,25	0,932630648798206					2156,25	0,74658024947741	2156,25	0,53052924152516																																			
2159,375	0,913159718473085			2159,375	0,952450374970226					2159,375	0,978857057377658	2159,375	0,999223632314784					2159,375	0,990868706691989	2159,375	0,93315503520384					2159,375	0,748220286180262	2159,375	0,533078487299925																																			
2162,5	0,91311437945083			2162,5	0,952516874320276					2162,5	0,978852413579157	2162,5	0,999173146179138					2162,5	0,99105791025012	2162,5	0,933745690772207					2162,5	0,749491205517006	2162,5	0,535096702793109																																			
2165,625	0,912985662450407			2165,625	0,952538379810255					2165,625	0,978711123871451	2165,625	0,999106659764292					2165,625	0,991233923606922	2165,625	0,934270659960186					2165,625	0,750281561690043	2165,625	0,536185992849953																																			
2168,75	0,913554264710974			2168,75	0,95226945963139					2168,75	0,978490007103535	2168,75	0,999023657346855					2168,75	0,991325180686719	2168,75	0,93443337504663					2168,75	0,749930293700889	2168,75	0,535769562871316																																			
2171,875	0,913462212282969			2171,875	0,952234729120567					2171,875	0,978535200191499	2171,875	0,998996082552808					2171,875	0,991362746166359	2171,875	0,934325167889935					2171,875	0,750187528411383	2171,875	0,53554847330543																																			
2175	0,913070955203484			2175	0,951878520816203					2175	0,978324757289574	2175	0,998907008188438					2175	0,991344783270609	2175	0,933811665731374					2175	0,748529972373101	2175	0,531876620581343																																			
2178,125	0,913601785553117			2178,125	0,952271172515954					2178,125	0,978426768878811	2178,125	0,99886635169604					2178,125	0,991507002613416	2178,125	0,934577630712837					2178,125	0,750574903999233	2178,125	0,535437795352305																																			
2181,25	0,91374602660554			2181,25	0,952423553787961					2181,25	0,978538174859083	2181,25	0,998841782692945					2181,25	0,991642960070973	2181,25	0,935120643357338					2181,25	0,752134266405782	2181,25	0,537893867872424																																			
2184,375	0,913878484108028			2184,375	0,952397933690434					2184,375	0,978618429656904	2184,375	0,998759666976766					2184,375	0,991836588615412	2184,375	0,935625277169636					2184,375	0,75353822771503	2184,375	0,540133646915314																																			
2187,5	0,913822689422843			2187,5	0,952335842492543					2187,5	0,978545914507511	2187,5	0,998699470748921					2187,5	0,9919128037997	2187,5	0,935828491960387					2187,5	0,753871440054905	2187,5	0,540393939108625																																			
2190,625	0,913640932539934			2190,625	0,952026353609528					2190,625	0,978513839114	2190,625	0,998643450984473					2190,625	0,991952918622014	2190,625	0,935813426632674					2190,625	0,753089651221317	2190,625	0,539628525582434																																			
2193,75	0,913715466415622			2193,75	0,951533502281129					2193,75	0,978404800673332	2193,75	0,998535116509934					2193,75	0,991957409418284	2193,75	0,935558468430813					2193,75	0,751834407530515	2193,75	0,536448133595536																																			
2196,875	0,913188573697647			2196,875	0,951568694490933					2196,875	0,978285522091592	2196,875	0,998447228522681					2196,875	0,992104352079181	2196,875	0,936223580335025					2196,875	0,752989941683008	2196,875	0,537716547180477																																			
2200	0,912657677032526			2200	0,951800977467618					2200	0,978356915761526	2200	0,99841454993933					2200	0,992164353433072	2200	0,936542154330686					2200	0,754801479628623	2200	0,540674980997516																																			
2203,125	0,912833045252993			2203,125	0,951714597756382					2203,125	0,978266578835982	2203,125	0,998333148113172					2203,125	0,992204959969626	2203,125	0,936478237147799					2203,125	0,75477811429621	2203,125	0,540360061002749																																			
2206,25	0,913153343295176			2206,25	0,95151570453102					2206,25	0,978184719451359	2206,25	0,998280759516261					2206,25	0,992356465479477	2206,25	0,936912099272056					2206,25	0,755949533879886	2206,25	0,5424803407975																																			
2209,375	0,912766531161206			2209,375	0,951503513210852					2209,375	0,97807332572387	2209,375	0,998209243082686					2209,375	0,992491097291202	2209,375	0,937284944175916					2209,375	0,756694812801152	2209,375	0,543631715561948																																			
2212,5	0,912932867329583			2212,5	0,950921898217604					2212,5	0,977704419216612	2212,5	0,998081580907551					2212,5	0,992476945596215	2212,5	0,936496833393402					2212,5	0,753879890079163	2212,5	0,537708545974234																																			
2215,625	0,912768862942978			2215,625	0,950666402587175					2215,625	0,977422713251641	2215,625	0,998018129993787					2215,625	0,99246336156383	2215,625	0,936343604704334					2215,625	0,753351214244047	2215,625	0,535916524611916																																			
2218,75	0,912453045565204			2218,75	0,950593067931543					2218,75	0,977312278903253	2218,75	0,9979407066261					2218,75	0,992572313607545	2218,75	0,937063940611875					2218,75	0,75513824301687	2218,75	0,53941391110997																																			
2221,875	0,912433840919072			2221,875	0,950736918616014					2221,875	0,97729442922474	2221,875	0,997883609501597					2221,875	0,992624840515787	2221,875	0,937850718985743					2221,875	0,757265177693997	2221,875	0,542947651909769																																			
2225	0,913153543534107			2225	0,950682533441495					2225	0,977138720102047	2225	0,997804246721234					2225	0,992628204310891	2225	0,937856086318421					2225	0,756983590260367	2225	0,541632861283317																																			
2228,125	0,913013042038199			2228,125	0,950420737193124					2228,125	0,976870427114757	2228,125	0,997703348046683					2228,125	0,992690561582148	2228,125	0,937798093167753					2228,125	0,756490369550154	2228,125	0,54014520528868																																			
2231,25	0,912649196694284			2231,25	0,950592102497667					2231,25	0,976798937705154	2231,25	0,997662634046444					2231,25	0,992755388478614	2231,25	0,938296858290634					2231,25	0,758502633181662	2231,25	0,543940203986109																																			
2234,375	0,912829276104883			2234,375	0,950523041012606					2234,375	0,976577375654565	2234,375	0,997589626340059					2234,375	0,992845060973521	2234,375	0,938599146097394					2234,375	0,759185693305739	2234,375	0,54493130484004																																			
2237,5	0,913088117177023			2237,5	0,950205088275363					2237,5	0,976341703034386	2237,5	0,997508060447564					2237,5	0,992821488329349	2237,5	0,938290396820763					2237,5	0,758290543314057	2237,5	0,542467276125838																																			
2240,625	0,912748568898014			2240,625	0,949429014546182					2240,625	0,975673441853047	2240,625	0,997393965610698					2240,625	0,992807313708027	2240,625	0,93780930699014					2240,625	0,756779860748446	2240,625	0,539909361654157																																			
2243,75	0,913510262411315			2243,75	0,949256508228385					2243,75	0,975537765739725	2243,75	0,99729334796694					2243,75	0,992825115646518	2243,75	0,937910368316711					2243,75	0,756936209998655	2243,75	0,539909952268175																																			
2246,875	0,91273012902938			2246,875	0,949327246801227					2246,875	0,975473063529079	2246,875	0,997235666437607					2246,875	0,992870548489224	2246,875	0,938287970612229					2246,875	0,757811650080376	2246,875	0,541206047166081																																			
2250	0,912493430605883			2250	0,949630497931063					2250	0,975504352639935	2250	0,997207623028992					2250	0,992902327820427	2250	0,938948742174511					2250	0,760154591468786	2250	0,545234513800075																																			
2253,125	0,913648149623605			2253,125	0,94946843662734					2253,125	0,975302378709945	2253,125	0,997055382066601					2253,125	0,992996299509597	2253,125	0,938981727700954					2253,125	0,760760942715905	2253,125	0,544994463383599																																			
2256,25	0,914293093953176			2256,25	0,949373110081548					2256,25	0,975066103311771	2256,25	0,996947754492504					2256,25	0,993134249780703	2256,25	0,939766983494036					2256,25	0,761970748819289	2256,25	0,547178504932233																																			
2259,375	0,913937198062064			2259,375	0,949007157291857					2259,375	0,974711921401368	2259,375	0,996865098038157					2259,375	0,993099427554965	2259,375	0,939675290234624					2259,375	0,761660942562421	2259,375	0,54666705511996																																			
2262,5	0,913732789325246			2262,5	0,948899674982104					2262,5	0,9744260075018	2262,5	0,996784433616918					2262,5	0,993116321856611	2262,5	0,93957812810675					2262,5	0,761518749210173	2262,5	0,546552622938634																																			
2265,625	0,91410909990864			2265,625	0,948893144673421					2265,625	0,974223706656051	2265,625	0,996677976571289					2265,625	0,993188925595291	2265,625	0,939760202182472					2265,625	0,761627921027896	2265,625	0,546563337468434																																			
2268,75	0,91399461265501			2268,75	0,949082186006219					2268,75	0,974311657929469	2268,75	0,996635321613948					2268,75	0,99327136673354	2268,75	0,940504613510868					2268,75	0,764274627509267	2268,75	0,550620735755243																																			
2271,875	0,913916276231413			2271,875	0,948751432767323					2271,875	0,974004645965216	2271,875	0,996528565075766					2271,875	0,993234156866216	2271,875	0,940270422436857					2271,875	0,763502512615766	2271,875	0,548428065741863																																			
2275	0,914240394055286			2275	0,948471287939254					2275	0,97359847141595	2275	0,996454170530175					2275	0,993218511829691	2275	0,940256573338009					2275	0,76219143755897	2275	0,546157144370946																																			
2278,125	0,914080479086924			2278,125	0,948181189974775					2278,125	0,973347733404454	2278,125	0,9963341233862					2278,125	0,99321123607388	2278,125	0,94049458231605					2278,125	0,763202916131795	2278,125	0,547563207247168																																			
2281,25	0,914080765011644			2281,25	0,948149779532438					2281,25	0,973230629071845	2281,25	0,996269306396203					2281,25	0,993227846449831	2281,25	0,940631894894511					2281,25	0,764345615272148	2281,25	0,549407946491011																																			
2284,375	0,914130334311333			2284,375	0,9481846737461					2284,375	0,973185185077754	2284,375	0,996164675759767					2284,375	0,993234211392206	2284,375	0,940754863563976					2284,375	0,764526074058788	2284,375	0,549511551087318																																			
2287,5	0,913773386442576			2287,5	0,947651219536067					2287,5	0,972692108678395	2287,5	0,995971993993413					2287,5	0,993146095968188	2287,5	0,940461621655146					2287,5	0,762206609383545	2287,5	0,545194066614734																																			
2290,625	0,914016371284464			2290,625	0,947938572094816					2290,625	0,972658134116656	2290,625	0,995922101957193					2290,625	0,993238379796453	2290,625	0,941186942164					2290,625	0,764414667968345	2290,625	0,549787694135273																																			
2293,75	0,914589999194996			2293,75	0,947985676539885					2293,75	0,972523721498084	2293,75	0,995813365441211					2293,75	0,993268518991731	2293,75	0,941771936757448					2293,75	0,766612170319328	2293,75	0,55324782190821																																			
2296,875	0,913629500043651			2296,875	0,94768287127108					2296,875	0,972172511224134	2296,875	0,995667576425834					2296,875	0,993182409929016	2296,875	0,941072914196293					2296,875	0,764638082484872	2296,875	0,548516714208474																																			
2300	0,914274114908192			2300	0,947544724975013					2300	0,972016219911908	2300	0,995564818345933					2300	0,993114732473702	2300	0,94132803623899					2300	0,764668075672223	2300	0,548717711172226																																			
2303,125	0,913561073956489			2303,125	0,94754852805542					2303,125	0,971987697068038	2303,125	0,995493280557831					2303,125	0,993191015444654	2303,125	0,941793367436051					2303,125	0,766377251997143	2303,125	0,551660887382069																																			
2306,25	0,913570458085982			2306,25	0,947424580621271					2306,25	0,971774409574058	2306,25	0,995357508080172					2306,25	0,993223604121508	2306,25	0,941905106343675					2306,25	0,76694473642177	2306,25	0,55195804791303																																			
2309,375	0,913828072859956			2309,375	0,947262955694491					2309,375	0,971512795281215	2309,375	0,99525449897603					2309,375	0,993149625118688	2309,375	0,941758489104615					2309,375	0,767010568987004	2309,375	0,551186576947015																																			
2312,5	0,912963234091991			2312,5	0,947448088497544					2312,5	0,971419853317477	2312,5	0,995202030249051					2312,5	0,993219654628157	2312,5	0,942229293408742					2312,5	0,768062621485677	2312,5	0,552716031486987																																			
2315,625	0,913097127685974			2315,625	0,947586237481563					2315,625	0,971365866295206	2315,625	0,995129680835019					2315,625	0,993195129504594	2315,625	0,942453301641999					2315,625	0,768468560111784	2315,625	0,555279883087603																																			
2318,75	0,912684792911508			2318,75	0,947182535343125					2318,75	0,970837511754544	2318,75	0,994875319957009					2318,75	0,993255054853789	2318,75	0,942557377871967					2318,75	0,768265075468965	2318,75	0,554658058779679																																			
2321,875	0,912089466426095			2321,875	0,947674584479024					2321,875	0,971101966805058	2321,875	0,994862949617501					2321,875	0,99332412626984	2321,875	0,943403562363592					2321,875	0,771049579154582	2321,875	0,558190007746341																																			
2325	0,910547826845584			2325	0,946997871613278					2325	0,970678341582329	2325	0,994673602777971					2325	0,993136713065674	2325	0,942804462195998					2325	0,769221590743587	2325	0,554181557511536																																			
2328,125	0,911550541001971			2328,125	0,946883848157915					2328,125	0,970563364292716	2328,125	0,994555495064577					2328,125	0,993074392335857	2328,125	0,942770210035092					2328,125	0,769275535525064	2328,125	0,554385116978487																																			
2331,25	0,91163921379697			2331,25	0,946736569915553					2331,25	0,970394194145298	2331,25	0,994419341567446					2331,25	0,993066821679669	2331,25	0,942907968784948					2331,25	0,769477200272207	2331,25	0,55535639308515																																			
2334,375	0,911746498198163			2334,375	0,94647058585819					2334,375	0,970007705468777	2334,375	0,994268672782217					2334,375	0,992995465496649	2334,375	0,942533431018353					2334,375	0,76842031920625	2334,375	0,552472813604649																																			
2337,5	0,911141678620153			2337,5	0,946611299088993					2337,5	0,969894537949875	2337,5	0,994131178089551					2337,5	0,992942000717201	2337,5	0,942939429573556					2337,5	0,76994273658912	2337,5	0,555265573934156																																			
2340,625	0,911098286579106			2340,625	0,947056044973602					2340,625	0,970054342712818	2340,625	0,994098557886381					2340,625	0,993016926305643	2340,625	0,94386711293759					2340,625	0,772913052746464	2340,625	0,560238372305285																																			
2343,75	0,910199604775911			2343,75	0,946319025296021					2343,75	0,969528668714796	2343,75	0,993870623478511					2343,75	0,992899230069656	2343,75	0,943118898607455					2343,75	0,769924231201505	2343,75	0,55558984075422																																			
2346,875	0,909306649576942			2346,875	0,94645304608926					2346,875	0,969539442496471	2346,875	0,993773721599657					2346,875	0,992904611155534	2346,875	0,943382681846794					2346,875	0,770814339525482	2346,875	0,557076308378697																																			
2350	0,909997500180606			2350	0,946099543057532					2350	0,969264698811643	2350	0,993593021831675					2350	0,992799436062992	2350	0,943202297346735					2350	0,770493929960672	2350	0,555554098765884																																			
2353,125	0,909840913488489			2353,125	0,94607806554052					2353,125	0,969131360618079	2353,125	0,993442136718523					2353,125	0,992779587028027	2353,125	0,943124241109277					2353,125	0,769751921340547	2353,125	0,553349095207481																																			
2356,25	0,909439921669629			2356,25	0,946287699458991					2356,25	0,969097894427097	2356,25	0,993350233898525					2356,25	0,992717654354582	2356,25	0,943333891855856					2356,25	0,77068310414774	2356,25	0,556326347941713																																			
2359,375	0,909688473673776			2359,375	0,946231061065125					2359,375	0,968990989555026	2359,375	0,993213337588462					2359,375	0,992675750209683	2359,375	0,943738802112289					2359,375	0,77166343850045	2359,375	0,558330852373717																																			
2362,5	0,909318841086532			2362,5	0,945973867706413					2362,5	0,968593408761638	2362,5	0,992997974853605					2362,5	0,992588512294563	2362,5	0,943390134512549					2362,5	0,771100558263513	2362,5	0,557457626167651																																			
2365,625	0,909021989377543			2365,625	0,945838695952947					2365,625	0,968338604984413	2365,625	0,992902212406054					2365,625	0,99265300904367	2365,625	0,944043439670683					2365,625	0,772441016135736	2365,625	0,557653417322313																																			
2368,75	0,90947858333213			2368,75	0,94595414082274					2368,75	0,968362736362351	2368,75	0,992768988785593					2368,75	0,992593321581133	2368,75	0,94411501020213					2368,75	0,773318760797711	2368,75	0,560038826813584																																			
2371,875	0,909060494752703			2371,875	0,946724035399632					2371,875	0,968560157620287	2371,875	0,99279374306219					2371,875	0,99278247070897	2371,875	0,945135161955137					2371,875	0,776973627327821	2371,875	0,56750204582249																																			
2375	0,909996039693514			2375	0,946037651524292					2375	0,968253116741786	2375	0,992504398252897					2375	0,992652297989998	2375	0,944876062396848					2375	0,77549797473217	2375	0,563896906041368																																			
2378,125	0,909466850776227			2378,125	0,945967681056709					2378,125	0,967946688052744	2378,125	0,992418793413039					2378,125	0,992476736984522	2378,125	0,94468169379148					2378,125	0,774481416151956	2378,125	0,561140623332518																																			
2381,25	0,909075534706834			2381,25	0,945742116866004					2381,25	0,96771966063774	2381,25	0,992217520983454					2381,25	0,992369055293269	2381,25	0,944339460325814					2381,25	0,773894094734574	2381,25	0,559840133557551																																			
2384,375	0,909326151528305			2384,375	0,945359345945922					2384,375	0,967457902047753	2384,375	0,991973993181215					2384,375	0,992280778811552	2384,375	0,944016468664169					2384,375	0,773508621223557	2384,375	0,559616410116662																																			
2387,5	0,909659330198607			2387,5	0,945827191036767					2387,5	0,967661094918682	2387,5	0,991954020963225					2387,5	0,992404346942632	2387,5	0,944976262600509					2387,5	0,776410686714857	2387,5	0,565107738322837																																			
2390,625	0,909002146194777			2390,625	0,945737744593175					2390,625	0,967408075072061	2390,625	0,991775244937165					2390,625	0,992290599449377	2390,625	0,944802456781339					2390,625	0,775527908971114	2390,625	0,563403582711289																																			
2393,75	0,908379125621418			2393,75	0,94570864932846					2393,75	0,967276844606846	2393,75	0,991604230909724					2393,75	0,992144993879769	2393,75	0,944384172081285					2393,75	0,775188492926629	2393,75	0,562224568948933																																			
2396,875	0,908399530797274			2396,875	0,945289686611948					2396,875	0,966858517262209	2396,875	0,99132025266609					2396,875	0,991970001469577	2396,875	0,944311219202253					2396,875	0,774310463774963	2396,875	0,558856677484418																																			
2400	0,90839257638961			2400	0,945473071955077					2400	0,966862134557121	2400	0,991209563274809					2400	0,991970355798264	2400	0,944602611524677					2400	0,775862029884933	2400	0,561636018383256																																			
2403,125	0,907695980228382			2403,125	0,945460305491732					2403,125	0,966670486070935	2403,125	0,991036439382717					2403,125	0,991908431072411	2403,125	0,944483878364141					2403,125	0,775916122705211	2403,125	0,562460239212602																																			
2406,25	0,907917700928719			2406,25	0,945333682093783					2406,25	0,966389653409303	2406,25	0,990857059503464					2406,25	0,991782511075435	2406,25	0,944295188655976					2406,25	0,774447114607515	2406,25	0,560888132295634																																			
2409,375	0,908996969802832			2409,375	0,945346739600845					2409,375	0,966355233985805	2409,375	0,990635187393629					2409,375	0,991735543876459	2409,375	0,944567559544322					2409,375	0,775909527764973	2409,375	0,562372602531099																																			
2412,5	0,90868384508969			2412,5	0,945620159824395					2412,5	0,966638250606618	2412,5	0,990678266045291					2412,5	0,991643803581955	2412,5	0,944907767089555					2412,5	0,777686865815204	2412,5	0,565012855184214																																			
2415,625	0,908284376251975			2415,625	0,945761231741109					2415,625	0,966484378644226	2415,625	0,990503269133757					2415,625	0,991777782137238	2415,625	0,945344721675091					2415,625	0,779813802360941	2415,625	0,568486758367369																																			
2418,75	0,9081719609346			2418,75	0,945627995897795					2418,75	0,966084308408066	2418,75	0,990316475390985					2418,75	0,9916827338395	2418,75	0,945062662680561					2418,75	0,778560883267281	2418,75	0,566116405642977																																			
2421,875	0,908141334321304			2421,875	0,945255977082665					2421,875	0,965709752558459	2421,875	0,990070292870529					2421,875	0,991452353879209	2421,875	0,944744080616817					2421,875	0,777059837989628	2421,875	0,563300011792219																																			
2425	0,908071991567528			2425	0,945346884966925					2425	0,965688283311728	2425	0,989951100314167					2425	0,991394004184125	2425	0,945163116974155					2425	0,778541164727869	2425	0,565989572643327																																			
2428,125	0,908343703996165			2428,125	0,9455547133011					2428,125	0,96565338675064	2428,125	0,989816124980771					2428,125	0,991368765584118	2428,125	0,945156232658482					2428,125	0,779612405332984	2428,125	0,567718954221127																																			
2431,25	0,907490186386849			2431,25	0,945391007255276					2431,25	0,965509278061629	2431,25	0,989592720225825					2431,25	0,991222906737323	2431,25	0,944901766084157					2431,25	0,778864883019309	2431,25	0,565911200129391																																			
2434,375	0,908038351382842			2434,375	0,945619210810328					2434,375	0,965349382983013	2434,375	0,989487444684515					2434,375	0,991201017210356	2434,375	0,945422899351047					2434,375	0,780524699180902	2434,375	0,568733892812678																																			
2437,5	0,908650956247582			2437,5	0,9456359315961					2437,5	0,965188129119463	2437,5	0,989273480053674					2437,5	0,991090611237701	2437,5	0,945115288701479					2437,5	0,780475881866211	2437,5	0,568654000140391																																			
2440,625	0,907878190081417			2440,625	0,945664560444524					2440,625	0,965034151742009	2440,625	0,989115485926082					2440,625	0,991016794962391	2440,625	0,945139382854699					2440,625	0,779833977980394	2440,625	0,567712197608509																																			
2443,75	0,908208599778098			2443,75	0,945507969395259					2443,75	0,964818019419538	2443,75	0,988945276639896					2443,75	0,990882160733557	2443,75	0,945341487678985					2443,75	0,780458504367576	2443,75	0,568618225532167																																			
2446,875	0,907954099442263			2446,875	0,945650613229427					2446,875	0,964973650520516	2446,875	0,988873935341413					2446,875	0,990824376329874	2446,875	0,945504262380196					2446,875	0,78140848826686	2446,875	0,57046632887855																																			
2450	0,908164015574359			2450	0,945514261591881					2450	0,96467179442391	2450	0,988614391693237					2450	0,990596350457679	2450	0,944979114414218					2450	0,7801618817123	2450	0,568440542206828																																			
2453,125	0,907259849668272			2453,125	0,945758107578804					2453,125	0,964594752231363	2453,125	0,9884108178884					2453,125	0,990576660360346	2453,125	0,945151416209879					2453,125	0,780441676247534	2453,125	0,568584324272398																																			
2456,25	0,90726400068721			2456,25	0,94556730723487					2456,25	0,964482350132244	2456,25	0,98835142216401					2456,25	0,990531097025883	2456,25	0,945279036079378					2456,25	0,78122832934119	2456,25	0,568732901624123																																			
2459,375	0,906866221332184			2459,375	0,945461442898482					2459,375	0,964245608303827	2459,375	0,988101080758709					2459,375	0,990288278002083	2459,375	0,945117580810416					2459,375	0,78062365817895	2459,375	0,568035317648645																																			
2462,5	0,907173576667154			2462,5	0,945612933463997					2462,5	0,964035267583344	2462,5	0,987913678751279					2462,5	0,990299618390674	2462,5	0,945442863851116					2462,5	0,781799461574088	2462,5	0,570517745085855																																			
2465,625	0,906648526250684			2465,625	0,945500004904024					2465,625	0,963858270567218	2465,625	0,987759528492141					2465,625	0,990184270746601	2465,625	0,9453083548465					2465,625	0,781400319969276	2465,625	0,569799749045265																																			
2468,75	0,906833653996968			2468,75	0,945707597627861					2468,75	0,964034754517507	2468,75	0,987792300702239					2468,75	0,990126434740456	2468,75	0,945352938551692					2468,75	0,782091783448023	2468,75	0,57107567418678																																			
2471,875	0,907842418733596			2471,875	0,945160237547816					2471,875	0,963598385744091	2471,875	0,987483131888714					2471,875	0,990090498712685	2471,875	0,945546050137407					2471,875	0,78287050863835	2471,875	0,571810871519147																																			
2475	0,907441571241137			2475	0,94534381716273					2475	0,96354780676821	2475	0,987320318899225					2475	0,989859019578699	2475	0,945148295422406					2475	0,781357470966954	2475	0,567963218261509																																			
2478,125	0,907178436556039			2478,125	0,94507976379807					2478,125	0,963223038055904	2478,125	0,987081414899147					2478,125	0,989651181600388	2478,125	0,944680058710156					2478,125	0,78048528733354	2478,125	0,567098405941728																																			
2481,25	0,907061367994662			2481,25	0,945336277170428					2481,25	0,963401104307914	2481,25	0,98699740796933					2481,25	0,989648798422773	2481,25	0,944965775049833					2481,25	0,781791391454926	2481,25	0,56985738598395																																			
2484,375	0,906314375445133			2484,375	0,945062749813353					2484,375	0,963051121797013	2484,375	0,986842381641023					2484,375	0,989519946955574	2484,375	0,945232716169039					2484,375	0,782126388039347	2484,375	0,570314676218629																																			
2487,5	0,906619996687117			2487,5	0,944599596978819					2487,5	0,962588529684634	2487,5	0,986484611127251					2487,5	0,989280125719568	2487,5	0,944559858058599					2487,5	0,780208337985546	2487,5	0,566550621425459																																			
2490,625	0,906234851541738			2490,625	0,9449358272559					2490,625	0,96290785793432	2490,625	0,98646955341876					2490,625	0,989302302511323	2490,625	0,944975192364161					2490,625	0,78269110337085	2490,625	0,570687610792769																																			
2493,75	0,906458282236554			2493,75	0,945187585907501					2493,75	0,96303747081749	2493,75	0,986425303949959					2493,75	0,989328536901571	2493,75	0,945508612277293					2493,75	0,784279156375232	2493,75	0,573682883704451																																			
2496,875	0,907049122657182			2496,875	0,945223311631858					2496,875	0,962839383178432	2496,875	0,986304468688846					2496,875	0,989257120717684	2496,875	0,945574537176806					2496,875	0,784356360254094	2496,875	0,574525489224869																																			
2500	0,906673534482407			2500	0,944915611429419					2500	0,962552930194672	2500	0,986036873622263					2500	0,98893849213733	2500	0,94480383067141					2500	0,782538668734298	2500	0,570468207624721																																			
2503,125	0,906498981349801			2503,125	0,944939014480104					2503,125	0,962527584962563	2503,125	0,985770579834897					2503,125	0,988911452665221	2503,125	0,944983099032602					2503,125	0,783341453552187	2503,125	0,571464489450133																																			
2506,25	0,906655333203924			2506,25	0,944211755404071					2506,25	0,962019310781027	2506,25	0,985422989074144					2506,25	0,988622260397338	2506,25	0,94442506336961					2506,25	0,781227968728759	2506,25	0,567118901917921																																			
2509,375	0,906667770881064			2509,375	0,944480010097724					2509,375	0,961947935773036	2509,375	0,985407961764107					2509,375	0,988559141372523	2509,375	0,944768582973675					2509,375	0,782066886630527	2509,375	0,569351623542225																																			
2512,5	0,906266652367171			2512,5	0,944631083862425					2512,5	0,961918325749159	2512,5	0,985322038841928					2512,5	0,988502919151105	2512,5	0,944832848623195					2512,5	0,78296052174501	2512,5	0,570930044416289																																			
2515,625	0,906170873193334			2515,625	0,944876106967358					2515,625	0,961938008821153	2515,625	0,985349754543588					2515,625	0,98853615800257	2515,625	0,945366489610492					2515,625	0,785098841680864	2515,625	0,574006432284916																																			
2518,75	0,906769073921732			2518,75	0,944783715333475					2518,75	0,961577906771898	2518,75	0,98505128159377					2518,75	0,988295887925261	2518,75	0,945050721698185					2518,75	0,784073784802963	2518,75	0,57262210409085																																			
2521,875	0,906588556362036			2521,875	0,94478407671638					2521,875	0,961294404078182	2521,875	0,984903282147804					2521,875	0,988137404050848	2521,875	0,94503857214123					2521,875	0,784305784807603	2521,875	0,572999758117973																																			
2525	0,906378929536368			2525	0,944288689662959					2525	0,960044707238113	2525	0,984470858436026					2525	0,987984338400022	2525	0,944885390736865					2525	0,783460945995887	2525	0,571537489261938																																			
2528,125	0,906488765065041			2528,125	0,944936124614713					2528,125	0,960668078158072	2528,125	0,984530595777284					2528,125	0,988073731729357	2528,125	0,945455294379614					2528,125	0,785621605029861	2528,125	0,574818711814922																																			
2531,25	0,907575648344396			2531,25	0,944881096845327					2531,25	0,960338023549732	2531,25	0,984343298303848					2531,25	0,988040185909287	2531,25	0,945633167393146					2531,25	0,786157150835568	2531,25	0,576006342738581																																			
2534,375	0,906394414246163			2534,375	0,944251175402515					2534,375	0,959780736126811	2534,375	0,984019040932077					2534,375	0,987826193084483	2534,375	0,945277159894068					2534,375	0,78541197227737	2534,375	0,575252834519572																																			
2537,5	0,906203899715378			2537,5	0,943135162359115					2537,5	0,959546753210893	2537,5	0,9836656723312					2537,5	0,987602733140132	2537,5	0,945392606769498					2537,5	0,785811586030253	2537,5	0,574307634834124																																			
2540,625	0,907383562316603			2540,625	0,943584740727617					2540,625	0,960196245038147	2540,625	0,983999745660939					2540,625	0,987707879413123	2540,625	0,945954942967347					2540,625	0,788050083798051	2540,625	0,57906696624397																																			
2543,75	0,9075462374638			2543,75	0,943141660286671					2543,75	0,960035369327747	2543,75	0,983844452106379					2543,75	0,987591106691927	2543,75	0,94603276091332					2543,75	0,788573765593126	2543,75	0,579823831572928																																			
2546,875	0,907485927858609			2546,875	0,942108473999587					2546,875	0,959252103799583	2546,875	0,983415200280317					2546,875	0,987209351770631	2546,875	0,945124150519735					2546,875	0,785611360286312	2546,875	0,574477311541308																																			
2550	0,907486771545972			2550	0,94175125341645					2550	0,958956785789736	2550	0,983210639404685					2550	0,987034311606786	2550	0,944796769754057					2550	0,785343403073786	2550	0,573668353864701																																			
2553,125	0,90749699577293			2553,125	0,941867321508448					2553,125	0,958886786544703	2553,125	0,983028119877671					2553,125	0,986827882746394	2553,125	0,944902114391479					2553,125	0,785604454251789	2553,125	0,573714464057243																																			
2556,25	0,907461634764332			2556,25	0,941652301032642					2556,25	0,958676319922739	2556,25	0,982842988250248					2556,25	0,986653883142746	2556,25	0,944781888619688					2556,25	0,78540779219555	2556,25	0,573297495003471																																			
2559,375	0,907387019802318			2559,375	0,941706286273879					2559,375	0,958696654082335	2559,375	0,982737732827521					2559,375	0,986678222836926	2559,375	0,945001737979358					2559,375	0,786034532426181	2559,375	0,574785082271436																																			
2562,5	0,907871152964976			2562,5	0,942023020503752					2562,5	0,958677138551886	2562,5	0,982690632450583					2562,5	0,986579008933295	2562,5	0,945230671272693					2562,5	0,787179355805618	2562,5	0,577265712092505																																			
2565,625	0,90685268751599			2565,625	0,941941553023819					2565,625	0,95855492993875	2565,625	0,982626985880168					2565,625	0,986491067970059	2565,625	0,945033526235024					2565,625	0,78726709297302	2565,625	0,577345328078098																																			
2568,75	0,906302371118641			2568,75	0,941610868582906					2568,75	0,95827253631473	2568,75	0,982451198364829					2568,75	0,986275180719098	2568,75	0,944724290275115					2568,75	0,786649912754024	2568,75	0,575565834297396																																			
2571,875	0,906352730686897			2571,875	0,941127798530585					2571,875	0,957697245622146	2571,875	0,982063724740835					2571,875	0,985955042194401	2571,875	0,9444559911688					2571,875	0,785774006364392	2571,875	0,573880475479458																																			
2575	0,906746047223097			2575	0,941265337010705					2575	0,95782951605502	2575	0,98197206044061					2575	0,9859130344434	2575	0,94465624714984					2575	0,787016438138518	2575	0,576272800508929																																			
2578,125	0,906432027891081			2578,125	0,941698658672745					2578,125	0,958103220759878	2578,125	0,982152202754155					2578,125	0,986173139992512	2578,125	0,945821482482878					2578,125	0,790869545635318	2578,125	0,583682744038903																																			
2581,25	0,905801892841318			2581,25	0,941017035514438					2581,25	0,957576540816918	2581,25	0,981739425848848					2581,25	0,985740405695855	2581,25	0,944873300224653					2581,25	0,78745361849169	2581,25	0,577201513704229																																			
2584,375	0,906142939741531			2584,375	0,940933006545583					2584,375	0,957576457257703	2584,375	0,981625245120373					2584,375	0,985772005675391	2584,375	0,945155186159345					2584,375	0,788546309601375	2584,375	0,578810192960246																																			
2587,5	0,906056529454192			2587,5	0,940575023503921					2587,5	0,957302925077974	2587,5	0,98138346646613					2587,5	0,985566682003893	2587,5	0,944909573843125					2587,5	0,788309587770428	2587,5	0,578316012461841																																			
2590,625	0,905389325655073			2590,625	0,940475560721455					2590,625	0,957286889383418	2590,625	0,981300855104548					2590,625	0,985494053413751	2590,625	0,945125706907692					2590,625	0,789430772260293	2590,625	0,580344045298424																																			
2593,75	0,905005314600459			2593,75	0,940227593525566					2593,75	0,956910926592699	2593,75	0,981095492962363					2593,75	0,985374781429587	2593,75	0,945175372320428					2593,75	0,789727112324945	2593,75	0,580853790081069																																			
2596,875	0,905164220424854			2596,875	0,939779016448547					2596,875	0,956500747773914	2596,875	0,980758707673966					2596,875	0,985071166588617	2596,875	0,944487119523164					2596,875	0,787824210926761	2596,875	0,577312520127626																																			
2600	0,905076925104301			2600	0,939747638825328					2600	0,956724904050848	2600	0,980722294780611					2600	0,985072087644582	2600	0,944862118654773					2600	0,789036604519587	2600	0,579115840035662																																			
2603,125	0,904555149295389			2603,125	0,939538100688759					2603,125	0,956483656285099	2603,125	0,980472582706393					2603,125	0,984969777434854	2603,125	0,944969303514741					2603,125	0,789380929911289	2603,125	0,57950567676659																																			
2606,25	0,903580267625567			2606,25	0,939736622491317					2606,25	0,956691113791975	2606,25	0,980393232557073					2606,25	0,984970487211348	2606,25	0,945252016259454					2606,25	0,790492280487661	2606,25	0,581723842256272																																			
2609,375	0,903868445604681			2609,375	0,938919088906244					2609,375	0,955987602154781	2609,375	0,979944254595556					2609,375	0,98461840980443	2609,375	0,944572842503513					2609,375	0,788674481057498	2609,375	0,578600074746768																																			
2612,5	0,904930293461052			2612,5	0,938815710050979					2612,5	0,955624262260029	2612,5	0,979656770333794					2612,5	0,984548635494031	2612,5	0,944631551980439					2612,5	0,788986394452107	2612,5	0,579507533185468																																			
2615,625	0,902504850277455			2615,625	0,938433561604741					2615,625	0,955415589081341	2615,625	0,979411620857567					2615,625	0,984483297964454	2615,625	0,945082830121924					2615,625	0,790030778870266	2615,625	0,581753194613687																																			
2618,75	0,903042869507665			2618,75	0,937983067703844					2618,75	0,955241875233114	2618,75	0,979178311148708					2618,75	0,984314876904063	2618,75	0,944641991236172					2618,75	0,788679291347329	2618,75	0,579228700935166																																			
2621,875	0,902802405637905			2621,875	0,938224091846088					2621,875	0,95528270797477	2621,875	0,979020338758041					2621,875	0,984350352142035	2621,875	0,945143049572179					2621,875	0,790068982697489	2621,875	0,581879975486088																																			
2625	0,902124679568233			2625	0,938503203479008					2625	0,955456045065929	2625	0,979044975332332					2625	0,984449689405074	2625	0,945627729439738					2625	0,792110353352521	2625	0,58514037374058																																			
2628,125	0,902532683162014			2628,125	0,937943836736246					2628,125	0,955115008619656	2628,125	0,978891142600308					2628,125	0,984257768427654	2628,125	0,945447187033211					2628,125	0,791286455989335	2628,125	0,583246620268304																																			
2631,25	0,903100611892805			2631,25	0,937762462593112					2631,25	0,954946757626248	2631,25	0,978684855400712					2631,25	0,984151362901295	2631,25	0,94563261530808					2631,25	0,791270811020032	2631,25	0,583804172834363																																			
2634,375	0,902751004510175			2634,375	0,938143716375054					2634,375	0,955190393916641	2634,375	0,978731515236239					2634,375	0,984147114517848	2634,375	0,945977959802539					2634,375	0,792863391267181	2634,375	0,586987272112806																																			
2637,5	0,902614413729093			2637,5	0,937630475021121					2637,5	0,954653930404324	2637,5	0,978487492736844					2637,5	0,984039368916203	2637,5	0,945928626453365					2637,5	0,793407798467481	2637,5	0,587851324239283																																			
2640,625	0,901499121508613			2640,625	0,937427466565203					2640,625	0,954508367378988	2640,625	0,978228976811467					2640,625	0,983785967310192	2640,625	0,945473200086296					2640,625	0,792192110725499	2640,625	0,585222358889204																																			
2643,75	0,901646096975272			2643,75	0,936915374680391					2643,75	0,954014923471901	2643,75	0,97788145317592					2643,75	0,983504798727361	2643,75	0,945088500655241					2643,75	0,791156308472313	2643,75	0,583338869989963																																			
2646,875	0,901661091385837			2646,875	0,936695810195132					2646,875	0,95389346088152	2646,875	0,977666628469199					2646,875	0,98327659811615	2646,875	0,944645459077043					2646,875	0,790084960545221	2646,875	0,58172512748547																																			
2650	0,901544768674354			2650	0,936144464379686					2650	0,953244658095682	2650	0,977198926367391					2650	0,983044987080534	2650	0,944971948189025					2650	0,791156155876059	2650	0,582809241387286																																			
2653,125	0,901331259438354			2653,125	0,936498821130592					2653,125	0,953475629974133	2653,125	0,977352697590458					2653,125	0,983099342916929	2653,125	0,945019280230595					2653,125	0,791585763616746	2653,125	0,5845859329784																																			
2656,25	0,901407467679416			2656,25	0,935872514814651					2656,25	0,952941070247538	2656,25	0,977079295309144					2656,25	0,982873140453581	2656,25	0,944619952132167					2656,25	0,790221798070456	2656,25	0,581772881141784																																			
2659,375	0,901685550360527			2659,375	0,935783309815102					2659,375	0,952897716498667	2659,375	0,976788773362005					2659,375	0,982771946396947	2659,375	0,944779982531034					2659,375	0,791631937261904	2659,375	0,583984062684252																																			
2662,5	0,900911336940092			2662,5	0,935916119999542					2662,5	0,952898061400922	2662,5	0,976702554448564					2662,5	0,982687605572476	2662,5	0,944976665262831					2662,5	0,791973697427214	2662,5	0,585260666078608																																			
2665,625	0,901075325155307			2665,625	0,935712784081153					2665,625	0,952426404847922	2665,625	0,976406967004718					2665,625	0,982641774040758	2665,625	0,945143742510979					2665,625	0,792114404333257	2665,625	0,58535750172913																																			
2668,75	0,90093210504897			2668,75	0,936183107909914					2668,75	0,952715966436011	2668,75	0,976560442397489					2668,75	0,982890305547149	2668,75	0,945938285026608					2668,75	0,795658233795892	2668,75	0,591649204304891																																			
2671,875	0,900970814893788			2671,875	0,935415876253504					2671,875	0,952210517713197	2671,875	0,976094776144084					2671,875	0,982373852772981	2671,875	0,94488954035842					2671,875	0,793164217477989	2671,875	0,586518981179712																																			
2675	0,900710471870867			2675	0,935139730233898					2675	0,951906043442965	2675	0,975806743446415					2675	0,982081359957855	2675	0,944440081748095					2675	0,791715949919369	2675	0,583846903199608																																			
2678,125	0,900497868637888			2678,125	0,935257887779416					2678,125	0,951875281395985	2678,125	0,97570472503485					2678,125	0,982026215540124	2678,125	0,944724820177243					2678,125	0,792061633598259	2678,125	0,584330239996277																																			
2681,25	0,900672976019476			2681,25	0,934749211112356					2681,25	0,951424225535588	2681,25	0,975409583727092					2681,25	0,981709801795918	2681,25	0,94440728576037					2681,25	0,791625023129448	2681,25	0,584496642143103																																			
2684,375	0,900134133675769			2684,375	0,934217986015812					2684,375	0,950780708328373	2684,375	0,97517102470676					2684,375	0,981563385922751	2684,375	0,944247988201105					2684,375	0,791639223145384	2684,375	0,584140156698457																																			
2687,5	0,900753592851529			2687,5	0,934273920145753					2687,5	0,950924044528629	2687,5	0,975100317622263					2687,5	0,981454896899199	2687,5	0,944361053021173					2687,5	0,79159809174576	2687,5	0,583912186181393																																			
2690,625	0,900792099119153			2690,625	0,934049687963977					2690,625	0,950800236723742	2690,625	0,974675756598526					2690,625	0,981295143202752	2690,625	0,944311050710198					2690,625	0,7921862040398	2690,625	0,585427172534478																																			
2693,75	0,900301563877415			2693,75	0,934053911441497					2693,75	0,950707034104671	2693,75	0,974611804142922					2693,75	0,981279703111367	2693,75	0,944098210339075					2693,75	0,792066454768035	2693,75	0,58410498021504																																			
2696,875	0,900336806632286			2696,875	0,934220619480476					2696,875	0,950971836411512	2696,875	0,974616357778685					2696,875	0,981341540510324	2696,875	0,944846696121427					2696,875	0,793864422480792	2696,875	0,587895147360635																																			
2700	0,900615323745721			2700	0,934009581090311					2700	0,950795798230098	2700	0,974383042271333					2700	0,981119532120743	2700	0,944803078285112					2700	0,793477070871549	2700	0,587807017533075																																			
2703,125	0,899578523835164			2703,125	0,933830393486803					2703,125	0,950291911718632	2703,125	0,973994236389671					2703,125	0,980903375153039	2703,125	0,94472513686082					2703,125	0,793649753978068	2703,125	0,587859497672458																																			
2706,25	0,899735802557372			2706,25	0,933905977374942					2706,25	0,950268597871835	2706,25	0,97394506699013					2706,25	0,981050242404823	2706,25	0,945076209856529					2706,25	0,79499742524245	2706,25	0,590274349297305																																			
2709,375	0,899550214187384			2709,375	0,933371924560247					2709,375	0,94995064839255	2709,375	0,97357782499829					2709,375	0,980760256990751	2709,375	0,944651599708746					2709,375	0,79405733185911	2709,375	0,588714217994897																																			
2712,5	0,899066023569376			2712,5	0,932922940264442					2712,5	0,949632801015617	2712,5	0,973253551810523					2712,5	0,980415575144284	2712,5	0,944026452097411					2712,5	0,792456190165809	2712,5	0,585275637210295																																			
2715,625	0,899333199133186			2715,625	0,932783282892087					2715,625	0,949479196812097	2715,625	0,973094638473655					2715,625	0,980316987784176	2715,625	0,944334473185739					2715,625	0,792885445111763	2715,625	0,586360374862698																																			
2718,75	0,899647107914906			2718,75	0,932863186382047					2718,75	0,949614368009817	2718,75	0,97308250757593					2718,75	0,980341475489155	2718,75	0,944829303057776					2718,75	0,794654705011135	2718,75	0,589174493449126																																			
2721,875	0,899349925850685			2721,875	0,932932284474815					2721,875	0,949610352170376	2721,875	0,972908962727643					2721,875	0,980393522014953	2721,875	0,945025058183755					2721,875	0,795497316668317	2721,875	0,590748300613257																																			
2725	0,899458554603708			2725	0,932372316316608					2725	0,94895391970313	2725	0,972416286745869					2725	0,980040892165875	2725	0,944499383344152					2725	0,793900106038061	2725	0,587669612533814																																			
2728,125	0,899180070325674			2728,125	0,93168127225903					2728,125	0,948383880535794	2728,125	0,972003329112175					2728,125	0,979713320890987	2728,125	0,944470860925433					2728,125	0,793450051661118	2728,125	0,587483861002552																																			
2731,25	0,898862120474481			2731,25	0,931624539123586					2731,25	0,94841754550798	2731,25	0,971882935458112					2731,25	0,979747646166769	2731,25	0,944498995948171					2731,25	0,793679235963635	2731,25	0,588382236332216																																			
2734,375	0,899522647924067			2734,375	0,931959109693856					2734,375	0,948677170852721	2734,375	0,971971276603086					2734,375	0,979798525500828	2734,375	0,944958616447162					2734,375	0,795179155282191	2734,375	0,591470531883124																																			
2737,5	0,898949689571325			2737,5	0,931792216911213					2737,5	0,948561176607365	2737,5	0,971805216426658					2737,5	0,979656313645972	2737,5	0,945127755412374					2737,5	0,796255857222681	2737,5	0,593174660371781																																			
2740,625	0,89871784219638			2740,625	0,931453785214852					2740,625	0,948168087906654	2740,625	0,971388865037521					2740,625	0,97937367100046	2740,625	0,944788185530225					2740,625	0,79537560577584	2740,625	0,591789687372756																																			
2743,75	0,898911377374649			2743,75	0,930681061808332					2743,75	0,947406574159473	2743,75	0,970782565186067					2743,75	0,978840203524282	2743,75	0,943965163801131					2743,75	0,792268068501504	2743,75	0,586403496735631																																			
2746,875	0,898834691752836			2746,875	0,930925372464113					2746,875	0,947528483792246	2746,875	0,970709394011594					2746,875	0,978881171511457	2746,875	0,944373865086613					2746,875	0,794012439098323	2746,875	0,589340241904996																																			
2750	0,898748488564912			2750	0,931141884328021					2750	0,947813099343852	2750	0,970806754025315					2750	0,97907994291169	2750	0,945519555292012					2750	0,798180361198718	2750	0,596563306832995																																			
2753,125	0,898854221222754			2753,125	0,930525812784789					2753,125	0,947137721598302	2753,125	0,970448213677299					2753,125	0,978812774904547	2753,125	0,945062267788428					2753,125	0,795787048472568	2753,125	0,593589978473717																																			
2756,25	0,899026283772957			2756,25	0,93008064460396					2756,25	0,946503727988795	2756,25	0,970017418954183					2756,25	0,978473659088717	2756,25	0,944797874235855					2756,25	0,795572385701705	2756,25	0,59172687276022																																			
2759,375	0,899002118436309			2759,375	0,929927918073906					2759,375	0,946548439240379	2759,375	0,970005181724008					2759,375	0,978386925497369	2759,375	0,944764917625508					2759,375	0,795672050958921	2759,375	0,591944718133448																																			
2762,5	0,898801821207667			2762,5	0,929899066536398					2762,5	0,946474715969235	2762,5	0,969935605010346					2762,5	0,978357054159375	2762,5	0,945335491480733					2762,5	0,797018544484976	2762,5	0,595186671264009																																			
2765,625	0,898827584878243			2765,625	0,929475977947543					2765,625	0,945972747388179	2765,625	0,969570446189312					2765,625	0,978159403011309	2765,625	0,944961672034745					2765,625	0,796179122254016	2765,625	0,594189525058524																																			
2768,75	0,898929974478769			2768,75	0,928481504108885					2768,75	0,945123075150598	2768,75	0,968945342320349					2768,75	0,977774361830129	2768,75	0,944262804893601					2768,75	0,794338698739905	2768,75	0,589290000040106																																			
2771,875	0,898439106207006			2771,875	0,92864094838634					2771,875	0,945242565158647	2771,875	0,969075705095152					2771,875	0,977902201154111	2771,875	0,945095162971918					2771,875	0,797015474050407	2771,875	0,594376737623394																																			
2775	0,898651814405353			2775	0,928171702952502					2775	0,944896895736364	2775	0,968910441286665					2775	0,977776719446222	2775	0,945171837626079					2775	0,79761255662894	2775	0,59597078208703																																			
2778,125	0,897981467049058			2778,125	0,927884531405956					2778,125	0,94477024209575	2778,125	0,968840053161728					2778,125	0,977748847157788	2778,125	0,945352881300472					2778,125	0,798051321692194	2778,125	0,5974968809647																																			
2781,25	0,898047610916823			2781,25	0,927239173355061					2781,25	0,94426596827774	2781,25	0,968480308407948					2781,25	0,977418001959387	2781,25	0,945133956904722					2781,25	0,797396038132566	2781,25	0,596701797231367																																			
2784,375	0,898390432063484			2784,375	0,927311973802413					2784,375	0,944292882770108	2784,375	0,968524854849317					2784,375	0,977498859086938	2784,375	0,945500178957281					2784,375	0,798925243537813	2784,375	0,599503339531393																																			
2787,5	0,898586519590463			2787,5	0,927194418229924					2787,5	0,944359124045753	2787,5	0,968505340980227					2787,5	0,97748654151666	2787,5	0,945929514466829					2787,5	0,800471834644973	2787,5	0,60238141239102																																			
2790,625	0,898680187770067			2790,625	0,92655342294419					2790,625	0,943687012208779	2790,625	0,968049817893367					2790,625	0,976974643558139	2790,625	0,945493326323293					2790,625	0,799323624261895	2790,625	0,598629037166096																																			
2793,75	0,897951994764466			2793,75	0,926108182202245					2793,75	0,943244459433075	2793,75	0,967864580706073					2793,75	0,976894891152785	2793,75	0,945354788067871					2793,75	0,799192397863156	2793,75	0,598478119307257																																			
2796,875	0,898052298749905			2796,875	0,925604762991634					2796,875	0,942968488094774	2796,875	0,967684162389086					2796,875	0,976787740340556	2796,875	0,945213250546279					2796,875	0,799021814122688	2796,875	0,598466440932147																																			
2800	0,898459849471453			2800	0,925008107544862					2800	0,942606379982176	2800	0,967425433926932					2800	0,976442467570049	2800	0,944766801687746					2800	0,798219314438421	2800	0,595506233514802																																			
2803,125	0,898239381762277			2803,125	0,924127567593465					2803,125	0,941877923927809	2803,125	0,966781488099717					2803,125	0,975891406735857	2803,125	0,944078812615966					2803,125	0,795533053859719	2803,125	0,591070180710124																																			
2806,25	0,898276700456378			2806,25	0,924284383562592					2806,25	0,942206770757704	2806,25	0,967069892460516					2806,25	0,976099337674424	2806,25	0,945224754108636					2806,25	0,799310909783804	2806,25	0,599486353008155																																			
2809,375	0,898130368192911			2809,375	0,923967782010788					2809,375	0,941961727277402	2809,375	0,966834192618086					2809,375	0,975908568748451	2809,375	0,944696259162201					2809,375	0,798175530970343	2809,375	0,596584991491533																																			
2812,5	0,897956228719859			2812,5	0,923400291902976					2812,5	0,941495784430931	2812,5	0,966467556778636					2812,5	0,975546518815559	2812,5	0,944450196010039					2812,5	0,797483695937078	2812,5	0,59523028226898																																			
2815,625	0,898046539639048			2815,625	0,923254029334872					2815,625	0,941458668320307	2815,625	0,966506906238794					2815,625	0,975540083036031	2815,625	0,944779720936772					2815,625	0,798898484111098	2815,625	0,598275324569279																																			
2818,75	0,897832310822871			2818,75	0,923229004530435					2818,75	0,941425746588238	2818,75	0,96650056433624					2818,75	0,975606253879217	2818,75	0,945074737611686					2818,75	0,800436329425022	2818,75	0,601291074877957																																			
2821,875	0,898702044373922			2821,875	0,922911143815247					2821,875	0,941126391786513	2821,875	0,966233568144392					2821,875	0,975377973261709	2821,875	0,944820745014807					2821,875	0,799996082396043	2821,875	0,600803971296452																																			
2825	0,898741597242215			2825	0,923149343311797					2825	0,94135873045142	2825	0,966394377005426					2825	0,975523854615625	2825	0,94533417757126					2825	0,801475341202104	2825	0,603171346504076																																			
2828,125	0,898377333353396			2828,125	0,922597032914988					2828,125	0,941101168134309	2828,125	0,966143026223416					2828,125	0,975180875136046	2828,125	0,945086734394239					2828,125	0,801029696367174	2828,125	0,602409689098036																																			
2831,25	0,898246684059787			2831,25	0,922011954032907					2831,25	0,940712524475848	2831,25	0,965641909085794					2831,25	0,974880453381809	2831,25	0,944871803316208					2831,25	0,801589020946776	2831,25	0,602373613600565																																			
2834,375	0,898649620812335			2834,375	0,922562284104804					2834,375	0,940898993860655	2834,375	0,965644208304469					2834,375	0,974915319282525	2834,375	0,945004150551498					2834,375	0,802259287662685	2834,375	0,604189405445805																																			
2837,5	0,898675798707523			2837,5	0,921455948386628					2837,5	0,939994896243292	2837,5	0,96493379403867					2837,5	0,974192087799875	2837,5	0,943815643212967					2837,5	0,798724283804913	2837,5	0,597915164610194																																			
2840,625	0,898187337125656			2840,625	0,921334242457877					2840,625	0,939869040760096	2840,625	0,96490058863175					2840,625	0,974044004436967	2840,625	0,943799311068503					2840,625	0,798848189417167	2840,625	0,597028034349259																																			
2843,75	0,898543939318714			2843,75	0,922184571684813					2843,75	0,940364781594061	2843,75	0,96524460045563					2843,75	0,974345407322838	2843,75	0,944656634509253					2843,75	0,802043573924513	2843,75	0,603107587525221																																			
2846,875	0,899052067018671			2846,875	0,921690413650371					2846,875	0,939683610778538	2846,875	0,964784365442579					2846,875	0,974009741708929	2846,875	0,944284016923683					2846,875	0,801912824332103	2846,875	0,603294328919056																																			
2850	0,899123291114329			2850	0,921730542169037					2850	0,939803673002838	2850	0,964764518556984					2850	0,974032859571484	2850	0,944456105144838					2850	0,802010429314806	2850	0,603593163106773																																			
2853,125	0,89884340895925			2853,125	0,921936715738451					2853,125	0,940003917635776	2853,125	0,964741950652206					2853,125	0,973919007197873	2853,125	0,944701997035105					2853,125	0,802700395720339	2853,125	0,604962441906684																																			
2856,25	0,899074745533936			2856,25	0,921585115041574					2856,25	0,939584312663018	2856,25	0,96432305096856					2856,25	0,973548422481869	2856,25	0,944011044741152					2856,25	0,80119730382026	2856,25	0,601887022910639																																			
2859,375	0,898420653239341			2859,375	0,921655364192856					2859,375	0,939483642503711	2859,375	0,964267287750052					2859,375	0,973623304274614	2859,375	0,944363728607226					2859,375	0,80355915975126	2859,375	0,606049736135882																																			
2862,5	0,898879424339163			2862,5	0,921502732920762					2862,5	0,939064022068201	2862,5	0,964224801203619					2862,5	0,973223173260032	2862,5	0,943993478428178					2862,5	0,802358897069445	2862,5	0,603763406828727																																			
2865,625	0,899491063558271			2865,625	0,921694053429048					2865,625	0,939213938388957	2865,625	0,963958851426405					2865,625	0,973041213410542	2865,625	0,944192594710929					2865,625	0,802927639732532	2865,625	0,604567681163567																																			
2868,75	0,89914525690742			2868,75	0,921475614500451					2868,75	0,93894985758263	2868,75	0,963718485357865					2868,75	0,972851641399259	2868,75	0,943722098562212					2868,75	0,801920825298378	2868,75	0,602498749652948																																			
2871,875	0,899181179649361			2871,875	0,921022165433406					2871,875	0,938367642500513	2871,875	0,963301301231045					2871,875	0,972406515674944	2871,875	0,942976697047981					2871,875	0,799901861007461	2871,875	0,598840842358257																																			
2875	0,899534716515628			2875	0,921384497369614					2875	0,938455333216825	2875	0,963233442960933					2875	0,972459646746029	2875	0,943361052780878					2875	0,80176623952092	2875	0,602246990931387																																			
2878,125	0,899185253370878			2878,125	0,92138389789145					2878,125	0,938245372013341	2878,125	0,963065283407963					2878,125	0,972352215670353	2878,125	0,943192652641495					2878,125	0,801596733077792	2878,125	0,602642462022627																																			
2881,25	0,899306166317304			2881,25	0,921186984925754					2881,25	0,93811983059843	2881,25	0,962847823831105					2881,25	0,972062431140798	2881,25	0,942938845217203					2881,25	0,801193243663527	2881,25	0,60178921903989																																			
2884,375	0,899222933201049			2884,375	0,921273607613262					2884,375	0,938097721575734	2884,375	0,962774052889793					2884,375	0,972109731678704	2884,375	0,94310741221026					2884,375	0,802381577810514	2884,375	0,603028014457124																																			
2887,5	0,898884319080176			2887,5	0,921149159149424					2887,5	0,937945928776844	2887,5	0,962422235296829					2887,5	0,971767941182354	2887,5	0,942555426640974					2887,5	0,801251111861911	2887,5	0,601096941159501																																			
2890,625	0,899311669816658			2890,625	0,920727322962855					2890,625	0,937519060273042	2890,625	0,961976455645617					2890,625	0,971199452023862	2890,625	0,941774542389994					2890,625	0,799794998794349	2890,625	0,597959563748063																																			
2893,75	0,899504272790761			2893,75	0,920958458642214					2893,75	0,937456184679466	2893,75	0,961991878775385					2893,75	0,971154873055246	2893,75	0,941899715323251					2893,75	0,800066984036915	2893,75	0,598357198599067																																			
2896,875	0,899031083054517			2896,875	0,921206188787297					2896,875	0,937516003182074	2896,875	0,961973772064891					2896,875	0,971234937110793	2896,875	0,942233330914802					2896,875	0,801433114782904	2896,875	0,600838671609709																																			
2900	0,898726111243474			2900	0,921316575270243					2900	0,937530155460785	2900	0,961775221606663					2900	0,971023613085104	2900	0,941962754225717					2900	0,801320708987307	2900	0,600593779594305																																			
2903,125	0,899032004686296			2903,125	0,921180794243301					2903,125	0,937292255854802	2903,125	0,961328910800633					2903,125	0,970728772082009	2903,125	0,941734185349004					2903,125	0,80115216840457	2903,125	0,600397939138134																																			
2906,25	0,898802066565139			2906,25	0,921701008763621					2906,25	0,937233129562282	2906,25	0,96138657816213					2906,25	0,970752744418198	2906,25	0,942231005539358					2906,25	0,802920061913209	2906,25	0,604312695529269																																			
2909,375	0,898364166274215			2909,375	0,921283840134863					2909,375	0,937189202879479	2909,375	0,961148187108696					2909,375	0,970468935471388	2909,375	0,941572826707767					2909,375	0,8015099483945	2909,375	0,601882374051872																																			
2912,5	0,898602800486833			2912,5	0,921551531142654					2912,5	0,937524525793729	2912,5	0,961042381832943					2912,5	0,97052853788277	2912,5	0,941884321703119					2912,5	0,803170294312517	2912,5	0,605298109720758																																			
2915,625	0,89891734324284			2915,625	0,921860353324531					2915,625	0,937194123423477	2915,625	0,960681845113763					2915,625	0,9702470744593	2915,625	0,941761445510296					2915,625	0,802804381321903	2915,625	0,604384047810896																																			
2918,75	0,898478990152424			2918,75	0,921635799834241					2918,75	0,936787110368581	2918,75	0,96037392786078					2918,75	0,969993303473517	2918,75	0,941454585452436					2918,75	0,802560341008822	2918,75	0,6033211096805																																			
2921,875	0,898458523856907			2921,875	0,921348989607764					2921,875	0,936550036462676	2921,875	0,960161019345506					2921,875	0,969806881087404	2921,875	0,941047967529945					2921,875	0,801649413873565	2921,875	0,601261646257661																																			
2925	0,89864129467871			2925	0,920952707378821					2925	0,936136458931827	2925	0,959649601278351					2925	0,969220462809247	2925	0,940294135051277					2925	0,799423332841907	2925	0,597483295024791																																			
2928,125	0,899060605915987			2928,125	0,921551715454642					2928,125	0,936496300580069	2928,125	0,959693253787948					2928,125	0,969384366575442	2928,125	0,94081718683367					2928,125	0,802376171808003	2928,125	0,603202199076004																																			
2931,25	0,898775726880188			2931,25	0,921457860524308					2931,25	0,936564432025624	2931,25	0,959540183331549					2931,25	0,969443944841531	2931,25	0,94098355495846					2931,25	0,803870387570351	2931,25	0,605840248365016																																			
2934,375	0,897943831396685			2934,375	0,920934604347642					2934,375	0,936266962492209	2934,375	0,959069135282295					2934,375	0,968974847230213	2934,375	0,940152134129962					2934,375	0,801516994186324	2934,375	0,601870775181266																																			
2937,5	0,897661988796684			2937,5	0,920870829131408					2937,5	0,936125987149478	2937,5	0,958798056197537					2937,5	0,968689198254838	2937,5	0,939970444703595					2937,5	0,801296108780897	2937,5	0,601971640602281																																			
2940,625	0,898432451317985			2940,625	0,921165864883035					2940,625	0,936242180998796	2940,625	0,958721482223529					2940,625	0,968793680846596	2940,625	0,940459222061101					2940,625	0,803140484673676	2940,625	0,605218361314183																																			
2943,75	0,898644041754399			2943,75	0,921307957732802					2943,75	0,93621133700421	2943,75	0,958458994288244					2943,75	0,96859203152744	2943,75	0,940278861545629					2943,75	0,803701016071608	2943,75	0,6066874608723																																			
2946,875	0,898122454532018			2946,875	0,92094039922678					2946,875	0,935679255260022	2946,875	0,957745245654211					2946,875	0,968075962266319	2946,875	0,939431526446582					2946,875	0,801609761165104	2946,875	0,602617539702249																																			
2950	0,897452059380714			2950	0,920766690499279					2950	0,935662153029967	2950	0,957373446536591					2950	0,967887092555037	2950	0,939144223591129					2950	0,801768916238967	2950	0,602748457411742																																			
2953,125	0,89734271264235			2953,125	0,920787470104942					2953,125	0,935617687489138	2953,125	0,956982525179538					2953,125	0,967687047875103	2953,125	0,938852794432277					2953,125	0,8024371637431	2953,125	0,603444737805553																																			
2956,25	0,897207646467876			2956,25	0,920254204876523					2956,25	0,935178826122985	2956,25	0,95644718627977					2956,25	0,967276101443996	2956,25	0,938059608744597					2956,25	0,800258828473835	2956,25	0,599467920070848																																			
2959,375	0,897085280008229			2959,375	0,919783411821489					2959,375	0,934854120620489	2959,375	0,955699962591332					2959,375	0,96697568556897	2959,375	0,937864515981286					2959,375	0,799860256647167	2959,375	0,599543378722563																																			
2962,5	0,89739245665359			2962,5	0,920830591468917					2962,5	0,935136348367592	2962,5	0,955831176827501					2962,5	0,966990553265012	2962,5	0,938469148866242					2962,5	0,802196293984243	2962,5	0,603696092314373																																			
2965,625	0,897281072894656			2965,625	0,920318862367232					2965,625	0,934825812776361	2965,625	0,955392560455456					2965,625	0,966709484046225	2965,625	0,937949017472197					2965,625	0,801335226962475	2965,625	0,602549376570634																																			
2968,75	0,896750165569703			2968,75	0,919707383514312					2968,75	0,934408633235895	2968,75	0,954338502577579					2968,75	0,966144046365737	2968,75	0,937112338867994					2968,75	0,800257824583813	2968,75	0,60086583078329																																			
2971,875	0,896827279204208			2971,875	0,919512517807772					2971,875	0,93432762133122	2971,875	0,953696996158999					2971,875	0,965931620035874	2971,875	0,936782252223368					2971,875	0,799766340777574	2971,875	0,599349790301834																																			
2975	0,897268037687938			2975	0,91951805260608					2975	0,934153196106798	2975	0,953320497645929					2975	0,965879086646632	2975	0,936918653198842					2975	0,800867010154451	2975	0,601678228298489																																			
2978,125	0,897155437986649			2978,125	0,919389649695458					2978,125	0,933960917700114	2978,125	0,952552089514904					2978,125	0,965550259970506	2978,125	0,93651143908832					2978,125	0,800220620690147	2978,125	0,601041552441445																																			
2981,25	0,897143476031959			2981,25	0,919460100304476					2981,25	0,934101552255977	2981,25	0,952239840753413					2981,25	0,965551614870967	2981,25	0,936774956037575					2981,25	0,802332372794341	2981,25	0,605257092306629																																			
2984,375	0,89678024147779			2984,375	0,918902659254629					2984,375	0,933489420718028	2984,375	0,951331839337449					2984,375	0,965053327398568	2984,375	0,935949098420743					2984,375	0,800642569454577	2984,375	0,602502757749091																																			
2987,5	0,896808658866751			2987,5	0,91876539470012					2987,5	0,933323842564263	2987,5	0,950762556505297					2987,5	0,964762379604167	2987,5	0,93560890598998					2987,5	0,800401932888719	2987,5	0,602193908510683																																			
2990,625	0,89652711504443			2990,625	0,919014360811382					2990,625	0,933177908845988	2990,625	0,950798255705721					2990,625	0,96463052001766	2990,625	0,935667467426517					2990,625	0,802208713966024	2990,625	0,605263154519287																																			
2993,75	0,896303610380141			2993,75	0,918886360292024					2993,75	0,932972437344495	2993,75	0,950746996882732					2993,75	0,964352811829824	2993,75	0,935352259227952					2993,75	0,801720453817195	2993,75	0,604633251719085																																			
2996,875	0,896246814578197			2996,875	0,918713328281003					2996,875	0,932612982111298	2996,875	0,950678079392733					2996,875	0,964056424526624	2996,875	0,935167718789734					2996,875	0,801811801361135	2996,875	0,604513005515507																																			
3000	0,896028594883153			3000	0,918371733272363					3000	0,932556747273169	3000	0,950828544632183					3000	0,963712596723932	3000	0,934732519272884					3000	0,80278409264912	3000	0,606757398757529																																			
3003,125	0,895894942783657			3003,125	0,917571569436617					3003,125	0,931721692091525	3003,125	0,950457775685286					3003,125	0,962977359375608	3003,125	0,933216973880643					3003,125	0,798973086162664	3003,125	0,599841766387366																																			
3006,25	0,89575342445874			3006,25	0,917604534712819					3006,25	0,93162816608379	3006,25	0,950630651566649					3006,25	0,962805997838658	3006,25	0,93318177712725					3006,25	0,800002029180194	3006,25	0,602054740733991																																			
3009,375	0,895582250026206			3009,375	0,917722872629493					3009,375	0,93162857616996	3009,375	0,950749378967161					3009,375	0,962868048058231	3009,375	0,933435792702008					3009,375	0,801972687929114	3009,375	0,605588707225734																																			
3012,5	0,896084197422006			3012,5	0,917383286373988					3012,5	0,931386600572796	3012,5	0,950573602220739					3012,5	0,962621557477159	3012,5	0,933220883936999					3012,5	0,802513317628755	3012,5	0,606440351882873																																			
3015,625	0,895734646625635			3015,625	0,916744349571924					3015,625	0,930460843093783	3015,625	0,949785342657561					3015,625	0,961811395653706	3015,625	0,932201306562817					3015,625	0,800123357547743	3015,625	0,602362198425633																																			
3018,75	0,895674759955466			3018,75	0,916826582524794					3018,75	0,930413947781726	3018,75	0,949674727202296					3018,75	0,961643919395494	3018,75	0,931974470068974					3018,75	0,799424459664219	3018,75	0,600952875325608																																			
3021,875	0,895771867610755			3021,875	0,916444052650471					3021,875	0,929820310110569	3021,875	0,949718311012423					3021,875	0,961194785260732	3021,875	0,931627067645605					3021,875	0,801023225659197	3021,875	0,604373742246709																																			
3025	0,894862053402281			3025	0,916333045536246					3025	0,929513225876876	3025	0,949572160077324					3025	0,96108223197312	3025	0,931262731186599					3025	0,801497895308692	3025	0,605265313530725																																			
3028,125	0,894918394091215			3028,125	0,916076059525891					3028,125	0,929317473252794	3028,125	0,949576388493966					3028,125	0,960760495929085	3028,125	0,930815168079353					3028,125	0,80163464151218	3028,125	0,605426353287929																																			
3031,25	0,894771625360386			3031,25	0,915152492880896					3031,25	0,928393639311322	3031,25	0,948863269312856					3031,25	0,959597884036738	3031,25	0,928936218428735					3031,25	0,798608838929226	3031,25	0,59923824828004																																			
3034,375	0,894348564004867			3034,375	0,915803058533152					3034,375	0,928704652884522	3034,375	0,949058224787345					3034,375	0,960150128695895	3034,375	0,930262907970708					3034,375	0,802066885152539	3034,375	0,605883543178432																																			
3037,5	0,894385447296219			3037,5	0,915278056268915					3037,5	0,927970236979652	3037,5	0,948218050884772					3037,5	0,95960739254661	3037,5	0,92889951572043					3037,5	0,800577844817674	3037,5	0,603736860118443																																			
3040,625	0,894060319716349			3040,625	0,915269704868115					3040,625	0,927851788180442	3040,625	0,948402485403934					3040,625	0,959736829100857	3040,625	0,928635957892725					3040,625	0,800735560271255	3040,625	0,603993284106255																																			
3043,75	0,893352320345525			3043,75	0,915264849084975					3043,75	0,927609189984965	3043,75	0,948259237145327					3043,75	0,95970554042788	3043,75	0,928544425519412					3043,75	0,800966004895624	3043,75	0,604679364983114																																			
3046,875	0,893525904855273			3046,875	0,914381397989151					3046,875	0,926596560871935	3046,875	0,947305933601215					3046,875	0,959016820049208	3046,875	0,927468022436818					3046,875	0,798836042623609	3046,875	0,601058527682691																																			
3050	0,893376290698796			3050	0,914929717854899					3050	0,926956857901337	3050	0,94732630508977					3050	0,959333694001959	3050	0,928692402293895					3050	0,802019157431746	3050	0,607343100089713																																			
3053,125	0,893537275100223			3053,125	0,914477725229284					3053,125	0,926330300727634	3053,125	0,946974400303043					3053,125	0,959109415362819	3053,125	0,92837698267604					3053,125	0,802169453175775	3053,125	0,607046743120483																																			
3056,25	0,893381296540868			3056,25	0,914051239704499					3056,25	0,925576358595532	3056,25	0,946722754034076					3056,25	0,958899585990797	3056,25	0,92846927542465					3056,25	0,80178187057621	3056,25	0,608128327132587																																			
3059,375	0,892763744357938			3059,375	0,913671848719625					3059,375	0,925066887987029	3059,375	0,946134468411377					3059,375	0,958536405061119	3059,375	0,927750897653204					3059,375	0,800592079027964	3059,375	0,60694031953838																																			
3062,5	0,893235690088325			3062,5	0,9135136985695					3062,5	0,92512572441373	3062,5	0,946018423651242					3062,5	0,958688538029047	3062,5	0,928536963462232					3062,5	0,801849268803373	3062,5	0,609312379210489																																			
3065,625	0,892865006672868			3065,625	0,913626424998329					3065,625	0,925205752581901	3065,625	0,945912225004507					3065,625	0,958820914699405	3065,625	0,929382928943208					3065,625	0,8035422034136	3065,625	0,612256350144851																																			
3068,75	0,892006132859675			3068,75	0,913344155325057					3068,75	0,924841388648774	3068,75	0,945591824101463					3068,75	0,95855399258524	3068,75	0,929156127422475					3068,75	0,803738857620175	3068,75	0,613659875305597																																			
3071,875	0,891783564788117			3071,875	0,913226664823187					3071,875	0,924676035429133	3071,875	0,945324220229694					3071,875	0,958383851298168	3071,875	0,929091481173826					3071,875	0,804511771338348	3071,875	0,614922933012862																																			
3075	0,892311958154173			3075	0,912948578779548					3075	0,924282234419195	3075	0,94485993093773					3075	0,95820984955151	3075	0,928979033246362					3075	0,804232007138181	3075	0,614305509021803																																			
3078,125	0,891747619787955			3078,125	0,91300347239642					3078,125	0,924161178084344	3078,125	0,945007651546011					3078,125	0,958422409963493	3078,125	0,929558793812989					3078,125	0,806010784084222	3078,125	0,617382001772711																																			
3081,25	0,890532909651618			3081,25	0,912984548980552					3081,25	0,923955754170162	3081,25	0,944857567792171					3081,25	0,95842157788693	3081,25	0,929663485317515					3081,25	0,805936131532736	3081,25	0,619649509108663																																			
3084,375	0,890739149767485			3084,375	0,912736590032854					3084,375	0,923889060077935	3084,375	0,944493306856931					3084,375	0,958028941304592	3084,375	0,929452709523037					3084,375	0,805340851344309	3084,375	0,61847462399642																																			
3087,5	0,890691285241887			3087,5	0,912111450824753					3087,5	0,923623895695594	3087,5	0,944209554290706					3087,5	0,957696170799239	3087,5	0,929768124862037					3087,5	0,805652872719855	3087,5	0,618339659092427																																			
3090,625	0,890842775420551			3090,625	0,911690554914574					3090,625	0,923386122418002	3090,625	0,943542659535445					3090,625	0,957065497387681	3090,625	0,928749358575902					3090,625	0,80465432962477	3090,625	0,615085079371561																																			
3093,75	0,890019106406666			3093,75	0,911429943488459					3093,75	0,922878087572022	3093,75	0,94291041673466					3093,75	0,956869678618197	3093,75	0,927932842418923					3093,75	0,804171526349607	3093,75	0,61480250239604																																			
3096,875	0,889757073710796			3096,875	0,91181991619361					3096,875	0,922867685126816	3096,875	0,943021680586935					3096,875	0,956846158945605	3096,875	0,928504298144055					3096,875	0,805158292460214	3096,875	0,617429195634417																																			
3100	0,889922921533672			3100	0,912028974803338					3100	0,923306012352916	3100	0,943100733562992					3100	0,956807787731363	3100	0,929007399539917					3100	0,807203505354333	3100	0,621044156825766																																			
3103,125	0,889788443160916			3103,125	0,91168346512728					3103,125	0,923230034022432	3103,125	0,942670263626754					3103,125	0,956732940577173	3103,125	0,928938094150164					3103,125	0,807181444660439	3103,125	0,621502195930153																																			
3106,25	0,888469589239362			3106,25	0,911637383646447					3106,25	0,922697509524744	3106,25	0,942326423047157					3106,25	0,956453721676536	3106,25	0,928859626757166					3106,25	0,806005468847753	3106,25	0,622801790345676																																			
3109,375	0,888714538694498			3109,375	0,911741135885228					3109,375	0,922619423953611	3109,375	0,942261108309367					3109,375	0,956061225381417	3109,375	0,928616945561846					3109,375	0,806753588642789	3109,375	0,622647481255616																																			
3112,5	0,888593853848916			3112,5	0,911261398989559					3112,5	0,922311573181652	3112,5	0,94159794138737					3112,5	0,955430160081917	3112,5	0,927690917149031					3112,5	0,805521953521587	3112,5	0,620020998120595																																			
3115,625	0,888854871334696			3115,625	0,911312775157049					3115,625	0,92192075744255	3115,625	0,94143441892617					3115,625	0,955583560563037	3115,625	0,928245656794954					3115,625	0,807104545527147	3115,625	0,623175054066724																																			
3118,75	0,888691632628742			3118,75	0,911235300815313					3118,75	0,921546443543932	3118,75	0,940728756370269					3118,75	0,955574564178024	3118,75	0,927413600523971					3118,75	0,805928617020656	3118,75	0,620774248538385																																			
3121,875	0,888836617282732			3121,875	0,910861581593397					3121,875	0,92116792142755	3121,875	0,940166414186369					3121,875	0,955008899886711	3121,875	0,926439179932056					3121,875	0,803512269273711	3121,875	0,61618918467696																																			
3125	0,888592012454857			3125	0,910989581631574					3125	0,921128904815245	3125	0,940097638342557					3125	0,954565939293743	3125	0,926974961717118					3125	0,806087501190457	3125	0,621769558152144																																			
3128,125	0,888552249813688			3128,125	0,910404750893849					3128,125	0,920916312549763	3128,125	0,940155853889522					3128,125	0,954615547950184	3128,125	0,927238528520331					3128,125	0,806295911102358	3128,125	0,621835462482668																																			
3131,25	0,889028942663297			3131,25	0,910189144548818					3131,25	0,921336202489711	3131,25	0,940024130551356					3131,25	0,95465000572263	3131,25	0,927441589202951					3131,25	0,806278671148726	3131,25	0,622151791111698																																			
3134,375	0,888235069125295			3134,375	0,910279714343315					3134,375	0,92144243062976	3134,375	0,939940026342175					3134,375	0,954217481729075	3134,375	0,927127101167873					3134,375	0,806805932444015	3134,375	0,623047838171291																																			
3137,5	0,888008124328375			3137,5	0,910716562631982					3137,5	0,921600551625637	3137,5	0,939843849992488					3137,5	0,954628572434457	3137,5	0,928175275156298					3137,5	0,808555754689352	3137,5	0,626403063255644																																			
3140,625	0,888332227922116			3140,625	0,910718881499478					3140,625	0,921212503969071	3140,625	0,939693527513694					3140,625	0,953878309545877	3140,625	0,927487590475166					3140,625	0,807310892619167	3140,625	0,623780150591481																																			
3143,75	0,888967704708736			3143,75	0,910543247749738					3143,75	0,921149387412782	3143,75	0,939918278380881					3143,75	0,953526624654269	3143,75	0,927234994054079					3143,75	0,807191168571186	3143,75	0,624610122332439																																			
3146,875	0,888105819768955			3146,875	0,910129522395179					3146,875	0,921222471153549	3146,875	0,939519735437499					3146,875	0,953504563365325	3146,875	0,927766226385485					3146,875	0,808316254364294	3146,875	0,625212125386428																																			
3150	0,886724998892577			3150	0,910977867067774					3150	0,920867061018468	3150	0,938975222687637					3150	0,953566971403209	3150	0,927899896609309					3150	0,80780395675252	3150	0,625976409465174																																			
3153,125	0,887883231062437			3153,125	0,910779449405075					3153,125	0,920445693400619	3153,125	0,939055488961707					3153,125	0,953010993850356	3153,125	0,927746523108488					3153,125	0,806634082436539	3153,125	0,622979405001232																																			
3156,25	0,887877667529934			3156,25	0,910566136453476					3156,25	0,920769741842018	3156,25	0,938970179925974					3156,25	0,952494623728196	3156,25	0,927089571655134					3156,25	0,807803516056035	3156,25	0,626695378715868																																			
3159,375	0,888278122850444			3159,375	0,910666807973851					3159,375	0,920435502026253	3159,375	0,938776965259333					3159,375	0,952821037796387	3159,375	0,926927836605299					3159,375	0,807840167143572	3159,375	0,627354709419197																																			
3162,5	0,888281564288668			3162,5	0,910972442303813					3162,5	0,920937949387391	3162,5	0,939246250703914					3162,5	0,953705625270783	3162,5	0,928392548667436					3162,5	0,809497070915326	3162,5	0,634277721314439																																			
3165,625	0,888448822888173			3165,625	0,911451200974153					3165,625	0,921169397978027	3165,625	0,939216390912626					3165,625	0,952694241470099	3165,625	0,928468627082891					3165,625	0,808405798075785	3165,625	0,633022266433226																																			
3168,75	0,887695033984321			3168,75	0,911204462297198					3168,75	0,920833893344073	3168,75	0,93902142445963					3168,75	0,952338171762047	3168,75	0,927436093147609					3168,75	0,808235977365105	3168,75	0,626927654405999																																			
3171,875	0,887819753773835			3171,875	0,911884894331899					3171,875	0,921006918142889	3171,875	0,939013583957603					3171,875	0,952263368119398	3171,875	0,928085658940581					3171,875	0,809788728834994	3171,875	0,629562658050317																																			
3175	0,887372367765568			3175	0,91165844325779					3175	0,92064073591015	3175	0,938945446411155					3175	0,952084842562529	3175	0,92820002053985					3175	0,809200551641656	3175	0,629672319649496																																			
3178,125	0,886481110297955			3178,125	0,911734066850891					3178,125	0,920363660579285	3178,125	0,938477885858025					3178,125	0,951653199556922	3178,125	0,927696449153618					3178,125	0,807622043515833	3178,125	0,627193713430938																																			
3181,25	0,887868056222733			3181,25	0,911088425679697					3181,25	0,919952824909642	3181,25	0,938018226717545					3181,25	0,951266302841874	3181,25	0,927181656759742					3181,25	0,806806120095681	3181,25	0,6256576021536																																			
3184,375	0,887675705873563			3184,375	0,911611940087875					3184,375	0,920556223861282	3184,375	0,938396288602689					3184,375	0,951451752297506	3184,375	0,927413206718452					3184,375	0,808461754799769	3184,375	0,626668821601659																																			
3187,5	0,887985771435631			3187,5	0,911791617234176					3187,5	0,919542888689784	3187,5	0,93839723905765					3187,5	0,950903185244485	3187,5	0,926680166423198					3187,5	0,804647968697543	3187,5	0,618816233218199																																			
3190,625	0,887826789364419			3190,625	0,912459865455616					3190,625	0,920956397460554	3190,625	0,938410143588636					3190,625	0,950895484671542	3190,625	0,927992972531473					3190,625	0,808067699302532	3190,625	0,627845166064039																																			
3193,75	0,887774868750222			3193,75	0,913077756048649					3193,75	0,920906149674826	3193,75	0,938504526241299					3193,75	0,950805629160348	3193,75	0,928369580292703					3193,75	0,808606218718367	3193,75	0,631458102452599																																			
3196,875	0,88737922708567			3196,875	0,912727822992556					3196,875	0,920474714943078	3196,875	0,938269541687779					3196,875	0,950056488348696	3196,875	0,927570412358861					3196,875	0,806656518370055	3196,875	0,627980432165409																																			
3200	0,886910206666003			3200	0,911725383462964					3200	0,920370553902842	3200	0,937692757804939					3200	0,94928881649295	3200	0,926211077552184					3200	0,801329092026426	3200	0,618311042062773																																			
3203,125	0,887172027849859			3203,125	0,912025871599858					3203,125	0,920567917372968	3203,125	0,937879547259353					3203,125	0,949218454934999	3203,125	0,926909828551598					3203,125	0,804961508859133	3203,125	0,624528903714988																																			
3206,25	0,88769370750253			3206,25	0,912644241697145					3206,25	0,920354210779839	3206,25	0,938487830950208					3206,25	0,949293293481947	3206,25	0,926465615220408					3206,25	0,805776730276167	3206,25	0,625665116620416																																			
3209,375	0,887798183251405			3209,375	0,913473473241369					3209,375	0,920687362026704	3209,375	0,938460326428052					3209,375	0,948983468437752	3209,375	0,925890228942829					3209,375	0,804877715976561	3209,375	0,624041140696477																																			
3212,5	0,887652698802512			3212,5	0,913061284433019					3212,5	0,920458972082478	3212,5	0,937665119617598					3212,5	0,948757750742187	3212,5	0,925243686445106					3212,5	0,803410056306055	3212,5	0,621118989047098																																			
3215,625	0,886716419717806			3215,625	0,913514677412809					3215,625	0,920280416548446	3215,625	0,937194434634012					3215,625	0,948709944664754	3215,625	0,925437415320214					3215,625	0,80237866625131	3215,625	0,619269901726402																																			
3218,75	0,887548401273141			3218,75	0,912809921700566					3218,75	0,919782351971999	3218,75	0,937407891392392					3218,75	0,947753231743068	3218,75	0,925055755673677					3218,75	0,8027818059229	3218,75	0,619513750542628																																			
3221,875	0,889055395145921			3221,875	0,912887877608398					3221,875	0,920167681848339	3221,875	0,937905719517812					3221,875	0,947663867018909	3221,875	0,924866423281724					3221,875	0,805273688074539	3221,875	0,624795950880397																																			
3225	0,888168044531052			3225	0,912679187079043					3225	0,920002435909241	3225	0,93768039748568					3225	0,94698773898277	3225	0,924665370959453					3225	0,802817804507943	3225	0,622000269435334																																			
3228,125	0,888349311895336			3228,125	0,912320627277182					3228,125	0,919709499296235	3228,125	0,937339521363494					3228,125	0,946375673936121	3228,125	0,924282969697734					3228,125	0,799042080239313	3228,125	0,615185300828247																																			
3231,25	0,888646202492068			3231,25	0,912294536056133					3231,25	0,919050297348832	3231,25	0,936858598266018					3231,25	0,946836385085333	3231,25	0,922716360831169					3231,25	0,799059934408542	3231,25	0,613738929379021																																			
3234,375	0,88827717678001			3234,375	0,912119299071628					3234,375	0,918437445263738	3234,375	0,936583731989405					3234,375	0,945943891664576	3234,375	0,921156065253815					3234,375	0,797930774524967	3234,375	0,609476234783285																																			
3237,5	0,887291619520517			3237,5	0,911930714643339					3237,5	0,918356661286395	3237,5	0,936407099807911					3237,5	0,945366660539793	3237,5	0,921259486666655					3237,5	0,798051495306612	3237,5	0,609647111401804																																			
3240,625	0,888398020325711			3240,625	0,912030538323154					3240,625	0,918342904557553	3240,625	0,9357911738416					3240,625	0,944987705323473	3240,625	0,921076546932998					3240,625	0,796524085168292	3240,625	0,608996126105108																																			
3243,75	0,888448558773764			3243,75	0,911747438744565					3243,75	0,917757977564376	3243,75	0,935406182922554					3243,75	0,944483436478579	3243,75	0,920476911656402					3243,75	0,797080979908445	3243,75	0,609346010675646																																			
3246,875	0,888602695157387			3246,875	0,91161877711248					3246,875	0,91747867976695	3246,875	0,935619213602238					3246,875	0,944031168719076	3246,875	0,920290497390484					3246,875	0,797988064300203	3246,875	0,60955272203239																																			
3250	0,889225587669082			3250	0,911923568028349					3250	0,917943183341574	3250	0,935888870606713					3250	0,944440575606629	3250	0,920689643323827					3250	0,797927562547879	3250	0,613742993513687																																			
3253,125	0,889251487469304			3253,125	0,911327781270884					3253,125	0,918030515512673	3253,125	0,935322157451242					3253,125	0,943047347606898	3253,125	0,919029758592329					3253,125	0,795566915597977	3253,125	0,608098360469465																																			
3256,25	0,889050804499043			3256,25	0,911587924454251					3256,25	0,917525341096896	3256,25	0,935095487396774					3256,25	0,943089579720404	3256,25	0,918889529636514					3256,25	0,796055913883984	3256,25	0,609002598381363																																			
3259,375	0,889446520486062			3259,375	0,911005918455063					3259,375	0,916654271587576	3259,375	0,934456273098639					3259,375	0,942982318070981	3259,375	0,917897950332811					3259,375	0,794809865698581	3259,375	0,606659178457827																																			
3262,5	0,889812785238208			3262,5	0,910916563828068					3262,5	0,916901475432229	3262,5	0,93412901196346					3262,5	0,942746159125115	3262,5	0,917353745563059					3262,5	0,794231399867559	3262,5	0,606580843653753																																			
3265,625	0,889589335875398			3265,625	0,911677346091594					3265,625	0,917043892129011	3265,625	0,934187938451863					3265,625	0,942915548706594	3265,625	0,917551344693269					3265,625	0,796110729442937	3265,625	0,609631957716946																																			
3268,75	0,889308600599348			3268,75	0,910838193125681					3268,75	0,916446739835171	3268,75	0,933323859850883					3268,75	0,942478515273469	3268,75	0,916211243407087					3268,75	0,794524728393533	3268,75	0,607467552714423																																			
3271,875	0,889155073144683			3271,875	0,910103684464423					3271,875	0,916543991072643	3271,875	0,933026450063192					3271,875	0,941767812110001	3271,875	0,915233530585701					3271,875	0,7919143714012	3271,875	0,60356184399708																																			
3275	0,888490602330894			3275	0,909964645255891					3275	0,916080521769444	3275	0,93316740944913					3275	0,940963006758419	3275	0,91545709087119					3275	0,791852821926793	3275	0,60544222252598																																			
3278,125	0,888156309497187			3278,125	0,910482881874008					3278,125	0,915751980809914	3278,125	0,933077146813674					3278,125	0,941339768652937	3278,125	0,915829701713544					3278,125	0,792940047768068	3278,125	0,607358100287871																																			
3281,25	0,888691209454728			3281,25	0,910179393219862					3281,25	0,914357639338404	3281,25	0,931842651576862					3281,25	0,939779124255378	3281,25	0,914155349970963					3281,25	0,79068989290036	3281,25	0,603981022240709																																			
3284,375	0,888819491251184			3284,375	0,909640635987074					3284,375	0,91539847388469	3284,375	0,932028524519139					3284,375	0,93988267651988	3284,375	0,914079889111489					3284,375	0,790142324854348	3284,375	0,603047683388791																																			
3287,5	0,889210099415879			3287,5	0,909560940561587					3287,5	0,915454060764701	3287,5	0,931643473597443					3287,5	0,939957166152853	3287,5	0,913480589116867					3287,5	0,789600064882306	3287,5	0,6019021435363																																			
3290,625	0,888958671527453			3290,625	0,909154141520412					3290,625	0,914257774737373	3290,625	0,9307074346203					3290,625	0,939354622778692	3290,625	0,912455376124887					3290,625	0,788687663602689	3290,625	0,596536081712923																																			
3293,75	0,888214730409647			3293,75	0,909305337928517					3293,75	0,914468148294906	3293,75	0,930647907941312					3293,75	0,939230919497106	3293,75	0,911495056995371					3293,75	0,788252442388201	3293,75	0,597173149346093																																			
3296,875	0,889127648126168			3296,875	0,91010485792663					3296,875	0,914362837075437	3296,875	0,931149842375296					3296,875	0,939171015233911	3296,875	0,912383542674473					3296,875	0,791135626530895	3296,875	0,601397102918887																																			
3300	0,889004933886327			3300	0,909543322490964					3300	0,914197581916835	3300	0,930350229894683					3300	0,93831571778613	3300	0,912012914240103					3300	0,78917913588483	3300	0,599626604758772																																			
3303,125	0,888653356729549			3303,125	0,909511497287859					3303,125	0,914141364475313	3303,125	0,929877882324482					3303,125	0,938105050005849	3303,125	0,911399616176923					3303,125	0,79053157991811	3303,125	0,601383800750233																																			
3306,25	0,889096844597195			3306,25	0,909400380018564					3306,25	0,913932830518305	3306,25	0,929360696452647					3306,25	0,937851409222287	3306,25	0,910502301215135					3306,25	0,790111937088394	3306,25	0,599001927688831																																			
3309,375	0,888668418916262			3309,375	0,908902075831765					3309,375	0,913397400633121	3309,375	0,929222769921684					3309,375	0,937058840918237	3309,375	0,90958895677436					3309,375	0,787439596275168	3309,375	0,596609006349335																																			
3312,5	0,889777428679475			3312,5	0,908347986025616					3312,5	0,913132174049483	3312,5	0,928944718629266					3312,5	0,936449557506166	3312,5	0,909247760451212					3312,5	0,787262251676676	3312,5	0,596461332728303																																			
3315,625	0,888678270779263			3315,625	0,908215681616345					3315,625	0,913250801486083	3315,625	0,928808061671848					3315,625	0,936416223653586	3315,625	0,909288316280015					3315,625	0,78850115216722	3315,625	0,599015147056751																																			
3318,75	0,888963140481252			3318,75	0,908494364136725					3318,75	0,912764826706962	3318,75	0,928409606943381					3318,75	0,936206058745485	3318,75	0,908649383521002					3318,75	0,786048530839856	3318,75	0,594680326744985																																			
3321,875	0,889398337724449			3321,875	0,908127273403454					3321,875	0,91182578402935	3321,875	0,927835638165038					3321,875	0,935659260873318	3321,875	0,907789462589803					3321,875	0,785444176121043	3321,875	0,593482359252748																																			
3325	0,889123999071394			3325	0,907312010839986					3325	0,911893354652625	3325	0,92738977305864					3325	0,935273495479449	3325	0,907175304640018					3325	0,78434941781463	3325	0,592609967569377																																			
3328,125	0,889434160802454			3328,125	0,9071802274628					3328,125	0,912218812801225	3328,125	0,927351745026384					3328,125	0,935256346736525	3328,125	0,906626019535406					3328,125	0,785286332174139	3328,125	0,59339005841465																																			
3331,25	0,888791491988922			3331,25	0,907804631208136					3331,25	0,91196454641042	3331,25	0,927180832972512					3331,25	0,935219849348868	3331,25	0,906283616870245					3331,25	0,785378774287403	3331,25	0,593965816369899																																			
3334,375	0,888912644401666			3334,375	0,907112789427543					3334,375	0,91131453497669	3334,375	0,926373184290963					3334,375	0,934917894310245	3334,375	0,905869274133606					3334,375	0,784342466736589	3334,375	0,593176183744153																																			
3337,5	0,88918771320954			3337,5	0,907521764651025					3337,5	0,911402399349276	3337,5	0,926120311498239					3337,5	0,934157028237518	3337,5	0,905171489438797					3337,5	0,78448573664526	3337,5	0,592463962453761																																			
3340,625	0,889470312347514			3340,625	0,90764984059208					3340,625	0,911783663978112	3340,625	0,92632808408019					3340,625	0,934221206258912	3340,625	0,905039043463079					3340,625	0,786116546166942	3340,625	0,59661698037447																																			
3343,75	0,889778037232747			3343,75	0,907100021839922					3343,75	0,911448391499195	3343,75	0,925682359143866					3343,75	0,934025728696318	3343,75	0,904588507837263					3343,75	0,784695574668539	3343,75	0,594672673238105																																			
3346,875	0,889835952176652			3346,875	0,906488496978177					3346,875	0,91037479459091	3346,875	0,925204983878496					3346,875	0,932246628755979	3346,875	0,903414555502178					3346,875	0,781706710166687	3346,875	0,589513523204123																																			
3350	0,890078932738337			3350	0,906087237700031					3350	0,910303966597397	3350	0,924650096381455					3350	0,931842646283071	3350	0,903078843045691					3350	0,781676258820112	3350	0,589339082670176																																			
3353,125	0,889683666128679			3353,125	0,906372024192295					3353,125	0,910468465366503	3353,125	0,924603395095731					3353,125	0,931906272454152	3353,125	0,902790917212457					3353,125	0,77964355213961	3353,125	0,585714799215356																																			
3356,25	0,889666409988012			3356,25	0,906679031268353					3356,25	0,910532722202765	3356,25	0,92490584949074					3356,25	0,932497999882009	3356,25	0,903228249926918					3356,25	0,782070421970032	3356,25	0,591784693461932																																			
3359,375	0,889648124163963			3359,375	0,905758255824846					3359,375	0,909612546955419	3359,375	0,924397960323068					3359,375	0,93135534721079	3359,375	0,902033144136979					3359,375	0,780404934181395	3359,375	0,588127463435548																																			
3362,5	0,890071692846165			3362,5	0,906479132875466					3362,5	0,910011508895529	3362,5	0,924294923514162					3362,5	0,931407404811377	3362,5	0,901840762448706					3362,5	0,781613499339519	3362,5	0,590219368094799																																			
3365,625	0,890679001035277			3365,625	0,906494346585108					3365,625	0,910061028709114	3365,625	0,924243398900246					3365,625	0,931597621492612	3365,625	0,901910558415974					3365,625	0,782800009760438	3365,625	0,59333597586903																																			
3368,75	0,889992544687999			3368,75	0,906698581889893					3368,75	0,910082370628592	3368,75	0,924315384458398					3368,75	0,931927572021695	3368,75	0,902064882518688					3368,75	0,782303999132551	3368,75	0,593514606183087																																			
3371,875	0,88974780025036			3371,875	0,906572981932692					3371,875	0,909793622728425	3371,875	0,923616928130671					3371,875	0,93103771545812	3371,875	0,901107494612638					3371,875	0,781394467252849	3371,875	0,591923874290524																																			
3375	0,889472654047476			3375	0,906356282033925					3375	0,909765301918807	3375	0,923430762424562					3375	0,930891565680153	3375	0,900359617817282					3375	0,781305380437679	3375	0,592741653240146																																			
3378,125	0,889350386982132			3378,125	0,905985785657373					3378,125	0,909398240087538	3378,125	0,922659411698889					3378,125	0,929860134744028	3378,125	0,8994772333327					3378,125	0,778553500768031	3378,125	0,587380513159234																																			
3381,25	0,890353493885663			3381,25	0,90598453289419					3381,25	0,909509502243054	3381,25	0,92277555004043					3381,25	0,929770386187628	3381,25	0,900086771418343					3381,25	0,779925843073112	3381,25	0,589777846695706																																			
3384,375	0,890218016232623			3384,375	0,906131478374901					3384,375	0,90932928688638	3384,375	0,922515226508426					3384,375	0,929564065518642	3384,375	0,899719255414446					3384,375	0,78020856848213	3384,375	0,59049624803338																																			
3387,5	0,889886877168409			3387,5	0,90691819356048					3387,5	0,909673492749953	3387,5	0,92298470035292					3387,5	0,92963686075617	3387,5	0,899842991171554					3387,5	0,78227509520931	3387,5	0,594178558135608																																			
3390,625	0,890140693027993			3390,625	0,905815705417543					3390,625	0,90917470641066	3390,625	0,921818534563739					3390,625	0,928599941533002	3390,625	0,898742525493115					3390,625	0,77999936212437	3390,625	0,590643921801515																																			
3393,75	0,890196971925193			3393,75	0,906552770818805					3393,75	0,9093074160253	3393,75	0,922163008440575					3393,75	0,929063185059215	3393,75	0,898853117969654					3393,75	0,781320044452671	3393,75	0,592169928433079																																			
3396,875	0,889747325039732			3396,875	0,906427289350154					3396,875	0,908741364597731	3396,875	0,922116056416329					3396,875	0,928585517662469	3396,875	0,898421660903848					3396,875	0,779823632780106	3396,875	0,591295459316034																																			
3400	0,889034324331186			3400	0,906099572778924					3400	0,908429772610986	3400	0,921509273827317					3400	0,927935314030547	3400	0,897811160607785					3400	0,779732854678798	3400	0,590664299016298																																			
3403,125	0,889469137629697			3403,125	0,905635822914015					3403,125	0,9077729940789	3403,125	0,920881236734783					3403,125	0,927558139423446	3403,125	0,897007033275186					3403,125	0,778321956005788	3403,125	0,587863623492224																																			
3406,25	0,890179970418841			3406,25	0,905515480591344					3406,25	0,907392306279213	3406,25	0,920351109860343					3406,25	0,927134720387364	3406,25	0,896126857525851					3406,25	0,777032147535518	3406,25	0,585455384041084																																			
3409,375	0,890433993952842			3409,375	0,905996242995137					3409,375	0,907924124283214	3409,375	0,920372920786736					3409,375	0,926721144012117	3409,375	0,895975847622644					3409,375	0,777411815841103	3409,375	0,586832487387848																																			
3412,5	0,891315578725502			3412,5	0,90527751353718					3412,5	0,907224134131002	3412,5	0,91978095356384					3412,5	0,926148216847932	3412,5	0,895378648944405					3412,5	0,775937066968405	3412,5	0,584332829849893																																			
3415,625	0,89121313033746			3415,625	0,904556162459344					3415,625	0,907046984989193	3415,625	0,919189990015361					3415,625	0,925768948627131	3415,625	0,894162631249001					3415,625	0,774351014840061	3415,625	0,581242718994644																																			
3418,75	0,89021104759006			3418,75	0,90563824218838					3418,75	0,907521986781147	3418,75	0,91978624158894					3418,75	0,925981139134253	3418,75	0,894677912311651					3418,75	0,776107072497803	3418,75	0,586165321668445																																			
3421,875	0,890492648703712			3421,875	0,905443146378671					3421,875	0,907066252208993	3421,875	0,919397964905774					3421,875	0,925700839279551	3421,875	0,894394603374818					3421,875	0,776073136076654	3421,875	0,586153085493201																																			
3425	0,891221138278085			3425	0,905521472452157					3425	0,906946878550507	3425	0,919018858995454					3425	0,925139886828102	3425	0,893991783230271					3425	0,775671954690666	3425	0,585167974528606																																			
3428,125	0,891115351424172			3428,125	0,905965098561596					3428,125	0,907432133925194	3428,125	0,919598468971665					3428,125	0,925052502656868	3428,125	0,893910762810948					3428,125	0,775355329881412	3428,125	0,58530389726238																																			
3431,25	0,890838723401125			3431,25	0,90595149215988					3431,25	0,907558891754406	3431,25	0,919408259696289					3431,25	0,92527834886112	3431,25	0,893892803841028					3431,25	0,775992303078764	3431,25	0,586298743359339																																			
3434,375	0,891468856328856			3434,375	0,905550615576359					3434,375	0,907024196329063	3434,375	0,918708028385933					3434,375	0,92441009759908	3434,375	0,893061043144221					3434,375	0,775484252679885	3434,375	0,584754747610668																																			
3437,5	0,891148069579221			3437,5	0,904874716800346					3437,5	0,906298673862304	3437,5	0,918101537456986					3437,5	0,923512833130206	3437,5	0,892506561562684					3437,5	0,773821551170423	3437,5	0,582409768106632																																			
3440,625	0,891374763096071			3440,625	0,904649482094774					3440,625	0,90588207950594	3440,625	0,917871017185274					3440,625	0,923364288543637	3440,625	0,892240296367091					3440,625	0,772991903473861	3440,625	0,581848415347867																																			
3443,75	0,892027801165282			3443,75	0,905011624975712					3443,75	0,905730353181978	3443,75	0,917959957482707					3443,75	0,923554852986213	3443,75	0,891962738166973					3443,75	0,773401072117548	3443,75	0,582598338990546																																			
3446,875	0,891745068236996			3446,875	0,905644225663627					3446,875	0,906386786881511	3446,875	0,918229200062271					3446,875	0,923533454525146	3446,875	0,892448121428673					3446,875	0,774403959183752	3446,875	0,58484450295688																																			
3450	0,891378912686489			3450	0,90579546093805					3450	0,906749119404396	3450	0,918017414035779					3450	0,923250299868115	3450	0,89216479886998					3450	0,773994491451996	3450	0,584755487923161																																			
3453,125	0,891668545663451			3453,125	0,905520453446909					3453,125	0,906183078373496	3453,125	0,917767910243741					3453,125	0,922925034939595	3453,125	0,891296353216666					3453,125	0,773507894924422	3453,125	0,584307429033859																																			
3456,25	0,892183177974021			3456,25	0,905349822964741					3456,25	0,90579008438014	3456,25	0,917151134294738					3456,25	0,92240506055322	3456,25	0,889799477536455					3456,25	0,771816729829191	3456,25	0,581687443269796																																			
3459,375	0,891351918935688			3459,375	0,905136205603104					3459,375	0,905561563579962	3459,375	0,916777759314368					3459,375	0,92227435119441	3459,375	0,889930789935948					3459,375	0,771435013851344	3459,375	0,580899114818582																																			
3462,5	0,891511006585198			3462,5	0,905448694932097					3462,5	0,906370504803136	3462,5	0,91723319357465					3462,5	0,922398916320991	3462,5	0,890416075989061					3462,5	0,772701171687658	3462,5	0,584159134309426																																			
3465,625	0,892511794533647			3465,625	0,905337035683063					3465,625	0,905985301290467	3465,625	0,916682313660756					3465,625	0,921716046321182	3465,625	0,890049909717711					3465,625	0,772580631296406	3465,625	0,583136353316053																																			
3468,75	0,891346892572107			3468,75	0,904343176082521					3468,75	0,904878060057452	3468,75	0,915715590716551					3468,75	0,920973097463205	3468,75	0,888620457005469					3468,75	0,769846161621415	3468,75	0,579139785382142																																			
3471,875	0,892597160083991			3471,875	0,904920848673868					3471,875	0,905051861606361	3471,875	0,915696858637355					3471,875	0,921110961420783	3471,875	0,888644778343811					3471,875	0,769938955420146	3471,875	0,579659403047988																																			
3475	0,892564663629947			3475	0,905121824599707					3475	0,905412926207791	3475	0,916060278706548					3475	0,920632982808156	3475	0,888441357666061					3475	0,769965145335159	3475	0,57945088520647																																			
3478,125	0,892406279121333			3478,125	0,905153604000621					3478,125	0,90523421859373	3478,125	0,915785876550024					3478,125	0,920521921667506	3478,125	0,88820750741006					3478,125	0,77030454498784	3478,125	0,581051170197395																																			
3481,25	0,892532081221977			3481,25	0,906145047317932					3481,25	0,906315130331601	3481,25	0,91645564735126					3481,25	0,920817260543589	3481,25	0,889047230416516					3481,25	0,772722831837561	3481,25	0,585242308080721																																			
3484,375	0,893216490094104			3484,375	0,905782349623942					3484,375	0,905876753852936	3484,375	0,916310753580823					3484,375	0,920507020798518	3484,375	0,888672670578814					3484,375	0,771963433398303	3484,375	0,583577123164011																																			
3487,5	0,893441605079476			3487,5	0,905193883095394					3487,5	0,905105778380613	3487,5	0,915291562827489					3487,5	0,919779995406161	3487,5	0,887607101103154					3487,5	0,769689832894461	3487,5	0,579872206374321																																			
3490,625	0,892095873106673			3490,625	0,905357266243212					3490,625	0,905076584681784	3490,625	0,91516771693386					3490,625	0,919384316367013	3490,625	0,887177416550358					3490,625	0,769105160262703	3490,625	0,579361106592024																																			
3493,75	0,89245419416637			3493,75	0,90477868813707					3493,75	0,904643321935567	3493,75	0,914809924175166					3493,75	0,91904995006012	3493,75	0,886219712576045					3493,75	0,76772443175227	3493,75	0,577068152493925																																			
3496,875	0,892788854567731			3496,875	0,905226897382596					3496,875	0,905120604586996	3496,875	0,915334367636742					3496,875	0,919289370890887	3496,875	0,886653166210054					3496,875	0,769236463021195	3496,875	0,581034736051033																																			
3500	0,893025139466505			3500	0,905254810459502					3500	0,904881784980837	3500	0,914901134440916					3500	0,918773177336496	3500	0,885846102811055					3500	0,76742715331388	3500	0,57862656054068																																			
3503,125	0,892685769117368			3503,125	0,905194786950738					3503,125	0,904641117738341	3503,125	0,9146240450403					3503,125	0,918544364055386	3503,125	0,885650977126895					3503,125	0,767380632435192	3503,125	0,578473301182385																																			
3506,25	0,892738800200275			3506,25	0,904601172410336					3506,25	0,903755017382757	3506,25	0,913818531298488					3506,25	0,917473255621919	3506,25	0,884497313562254					3506,25	0,765611822037961	3506,25	0,575567593805132																																			
3509,375	0,893279247144755			3509,375	0,904509678497426					3509,375	0,904056895959439	3509,375	0,913943441073283					3509,375	0,917461161403186	3509,375	0,884651939471264					3509,375	0,76668996381713	3509,375	0,576860837897712																																			
3512,5	0,893469541868747			3512,5	0,905854608421669					3512,5	0,905136216434123	3512,5	0,914670794379637					3512,5	0,918018976302533	3512,5	0,885369754478722					3512,5	0,768281251685451	3512,5	0,579659360155488																																			
3515,625	0,893966502143517			3515,625	0,906480136300322					3515,625	0,905288718483136	3515,625	0,914810937351473					3515,625	0,918162100235096	3515,625	0,885850344782987					3515,625	0,768330237993044	3515,625	0,582469865228522																																			
3518,75	0,893787379543555			3518,75	0,905648655410362					3518,75	0,904484820499158	3518,75	0,914155669627043					3518,75	0,917469912057299	3518,75	0,884889544561808					3518,75	0,767565680055007	3518,75	0,579906596706948																																			
3521,875	0,893685863207847			3521,875	0,905730628839059					3521,875	0,904435255839728	3521,875	0,914136822461313					3521,875	0,917534272738292	3521,875	0,88431711181548					3521,875	0,767149413803352	3521,875	0,578931205186955																																			
3525	0,894943678763677			3525	0,905701199297321					3525	0,904904536021133	3525	0,914171197541859					3525	0,917247217709238	3525	0,883778087636661					3525	0,76671334062864	3525	0,578597064328832																																			
3528,125	0,894539284881891			3528,125	0,905512643400096					3528,125	0,904544492249608	3528,125	0,913573543348957					3528,125	0,916501292027536	3528,125	0,88319859464714					3528,125	0,764590511214722	3528,125	0,576157980190718																																			
3531,25	0,893725308047963			3531,25	0,905212249086271					3531,25	0,903629225661729	3531,25	0,912878776000093					3531,25	0,915756966673782	3531,25	0,882199223597238					3531,25	0,763180705083942	3531,25	0,573075829603425																																			
3534,375	0,894271979025531			3534,375	0,905492774870475					3534,375	0,903808185341864	3534,375	0,913296910704797					3534,375	0,915917725948183	3534,375	0,882646966620148					3534,375	0,76479613714969	3534,375	0,575632459801523																																			
3537,5	0,894037324400033			3537,5	0,906287959895061					3537,5	0,904687793584796	3537,5	0,913892179273956					3537,5	0,916565854781782	3537,5	0,883442656526997					3537,5	0,766506698344054	3537,5	0,578766924164249																																			
3540,625	0,894301942147229			3540,625	0,906091949379487					3540,625	0,904313923968524	3540,625	0,913435057476501					3540,625	0,916187919614261	3540,625	0,882825934900213					3540,625	0,765379521369757	3540,625	0,576678233465477																																			
3543,75	0,894410866634892			3543,75	0,90587345534842					3543,75	0,904170867610071	3543,75	0,913362513613258					3543,75	0,915795175291399	3543,75	0,88226132302521					3543,75	0,765113792051317	3543,75	0,577024886946691																																			
3546,875	0,894098392661163			3546,875	0,906351858990855					3546,875	0,904357480933715	3546,875	0,91336306737745					3546,875	0,915724264978967	3546,875	0,882360654263538					3546,875	0,765799943188546	3546,875	0,577431909961439																																			
3550	0,895188046663555			3550	0,906482647773592					3550	0,904355728237322	3550	0,913300030827793					3550	0,915265785281225	3550	0,881973627395939					3550	0,765408940731654	3550	0,57671436495865																																			
3553,125	0,894106081662516			3553,125	0,906488609691545					3553,125	0,904123435669921	3553,125	0,913173530302752					3553,125	0,915097465059258	3553,125	0,881628938357448					3553,125	0,765284698112821	3553,125	0,577152780669752																																			
3556,25	0,893679740090176			3556,25	0,906394826629057					3556,25	0,90371222453481	3556,25	0,912925801899062					3556,25	0,914881927406823	3556,25	0,881155131631878					3556,25	0,764162592164739	3556,25	0,57593672601965																																			
3559,375	0,893342268274727			3559,375	0,906401592177238					3559,375	0,903937587982375	3559,375	0,912991294651611					3559,375	0,914522969313386	3559,375	0,881198447282498					3559,375	0,763884964470975	3559,375	0,575910155478057																																			
3562,5	0,894111291871306			3562,5	0,90599827789234					3562,5	0,903297119723857	3562,5	0,91222263907127					3562,5	0,913609860163291	3562,5	0,880509651256029					3562,5	0,762329044328318	3562,5	0,572575417560947																																			
3565,625	0,894498732156661			3565,625	0,906534079425879					3565,625	0,903577714316439	3565,625	0,912280057217486					3565,625	0,913695050072008	3565,625	0,880764867952119					3565,625	0,763222222488449	3565,625	0,574636822246261																																			
3568,75	0,895509505412623			3568,75	0,906664567624353					3568,75	0,903806129873203	3568,75	0,912459267074328					3568,75	0,913600957492148	3568,75	0,880851835687038					3568,75	0,763847465240327	3568,75	0,576376510217015																																			
3571,875	0,895459868072465			3571,875	0,906224239990515					3571,875	0,903308088512479	3571,875	0,91198558978362					3571,875	0,913058073022699	3571,875	0,879728469915356					3571,875	0,761426077680416	3571,875	0,572424680316388																																			
3575	0,895955472521723			3575	0,905925180114002					3575	0,902627920340837	3575	0,911569776932301					3575	0,912146696639758	3575	0,879096167059239					3575	0,759733741808771	3575	0,570910481263161																																			
3578,125	0,895898809131923			3578,125	0,905964228148179					3578,125	0,902608953518586	3578,125	0,911482362670287					3578,125	0,911881219976698	3578,125	0,878943730026587					3578,125	0,7591373795441	3578,125	0,57210740493857																																			
3581,25	0,895137852204258			3581,25	0,905907818353379					3581,25	0,90270383549449	3581,25	0,911351217994856					3581,25	0,911960569254793	3581,25	0,878622510280044					3581,25	0,759440167263364	3581,25	0,572486557162859																																			
3584,375	0,895831785681612			3584,375	0,906416014209119					3584,375	0,903248020851561	3584,375	0,912010324527636					3584,375	0,912204962978615	3584,375	0,878782386014088					3584,375	0,76083577335204	3584,375	0,574155929170018																																			
3587,5	0,896285011961932			3587,5	0,906744200413768					3587,5	0,903363569212111	3587,5	0,912302970526251					3587,5	0,912207642798552	3587,5	0,878947990440248					3587,5	0,761120715465918	3587,5	0,575070254823844																																			
3590,625	0,895916993744934			3590,625	0,906220952745604					3590,625	0,902897729737522	3590,625	0,9116790285858					3590,625	0,911376233828001	3590,625	0,878367943404162					3590,625	0,759440536306391	3590,625	0,572237784776385																																			
3593,75	0,896572622173198			3593,75	0,905616062000282					3593,75	0,902358586195667	3593,75	0,910930699935037					3593,75	0,910697381690362	3593,75	0,877521408079338					3593,75	0,758551417480301	3593,75	0,570914350648898																																			
3596,875	0,896295348906276			3596,875	0,905476341803186					3596,875	0,902229227979007	3596,875	0,910636737661564					3596,875	0,910576217255651	3596,875	0,877254687925824					3596,875	0,758654593205379	3596,875	0,57027792750677																																			
3600	0,896894146957299			3600	0,905601397561761					3600	0,902175957480161	3600	0,910342089310248					3600	0,910327069613328	3600	0,876610818362656					3600	0,75808174713568	3600	0,569353275865148																																			
3603,125	0,896888524947037			3603,125	0,905864010710464					3603,125	0,902684221260055	3603,125	0,910677781775022					3603,125	0,910483783373881	3603,125	0,876852431676403					3603,125	0,759335316956161	3603,125	0,571282964738131																																			
3606,25	0,897745899830424			3606,25	0,905461322202873					3606,25	0,902354445403938	3606,25	0,910272700465628					3606,25	0,910026703853155	3606,25	0,876404394233586					3606,25	0,758748946088159	3606,25	0,570353326920198																																			
3609,375	0,897259759759963			3609,375	0,906070104457122					3609,375	0,902998530826777	3609,375	0,910439729466376					3609,375	0,910289787415768	3609,375	0,876753004012562					3609,375	0,759275304762029	3609,375	0,571163762867086																																			
3612,5	0,8970217126727			3612,5	0,906187085491185					3612,5	0,902948724020639	3612,5	0,910339344393454					3612,5	0,910066450035328	3612,5	0,87641697925353					3612,5	0,759174091243367	3612,5	0,57117085680738																																			
3615,625	0,89733199824403			3615,625	0,905583123614147					3615,625	0,902267113233359	3615,625	0,90969697280548					3615,625	0,90932081305354	3615,625	0,875265665992876					3615,625	0,757236796527934	3615,625	0,568434838434645																																			
3618,75	0,897408691481978			3618,75	0,906024443537099					3618,75	0,902864749041557	3618,75	0,910055337641814					3618,75	0,909590299322589	3618,75	0,875930248915126					3618,75	0,757916919695579	3618,75	0,570187818279675																																			
3621,875	0,897797045555344			3621,875	0,905804802385898					3621,875	0,902756665130028	3621,875	0,909965505624727					3621,875	0,909582252895243	3621,875	0,875725109751178					3621,875	0,758353377716276	3621,875	0,571071614506049																																			
3625	0,897946411200801			3625	0,906205027312059					3625	0,902963671524492	3625	0,9100761234022					3625	0,909416809660032	3625	0,875509937977804					3625	0,758910893035253	3625	0,57096090776972																																			
3628,125	0,897923605360677			3628,125	0,906010295462663					3628,125	0,902383011521213	3628,125	0,909627269166832					3628,125	0,908709061001145	3628,125	0,874503742015038					3628,125	0,757734516496178	3628,125	0,567834280408085																																			
3631,25	0,898278941689039			3631,25	0,90591522316082					3631,25	0,90231813306972	3631,25	0,909360361458805					3631,25	0,908469741911751	3631,25	0,874169537022112					3631,25	0,756487911548753	3631,25	0,567373162704845																																			
3634,375	0,898366968548058			3634,375	0,905598883433243					3634,375	0,902027652112043	3634,375	0,908952340299703					3634,375	0,907929890970996	3634,375	0,873731661058248					3634,375	0,755668599415643	3634,375	0,565559436614617																																			
3637,5	0,898966970386973			3637,5	0,90599970942737					3637,5	0,902397372930332	3637,5	0,909215644952342					3637,5	0,908078503086889	3637,5	0,874044724391423					3637,5	0,756724743161328	3637,5	0,56728685406064																																			
3640,625	0,898595804103518			3640,625	0,906933837500955					3640,625	0,903089590977281	3640,625	0,90963858385851					3640,625	0,908690913486804	3640,625	0,874369929951549					3640,625	0,758121220791096	3640,625	0,570318173631515																																			
3643,75	0,898508034197988			3643,75	0,906533130534553					3643,75	0,902846735132407	3643,75	0,909146280652211					3643,75	0,908039759815892	3643,75	0,873842072992301					3643,75	0,756717178540178	3643,75	0,568584241039181																																			
3646,875	0,898768755287021			3646,875	0,906814046480291					3646,875	0,903139427403659	3646,875	0,909421687371756					3646,875	0,908025437396343	3646,875	0,873836973686004					3646,875	0,756756364768661	3646,875	0,569441488150473																																			
3650	0,898694775734683			3650	0,906517380773554					3650	0,902869384644968	3650	0,90913470341606					3650	0,907707320884401	3650	0,872927153207753					3650	0,755296161495718	3650	0,566262705725855																																			
3653,125	0,898549231625716			3653,125	0,906883941904847					3653,125	0,90291029005834	3653,125	0,909118701150419					3653,125	0,907710437578412	3653,125	0,872826271049793					3653,125	0,756463563461943	3653,125	0,567580847680235																																			
3656,25	0,898695214189144			3656,25	0,906985105437844					3656,25	0,903017738682939	3656,25	0,90923668108584					3656,25	0,907526328892646	3656,25	0,872704630623022					3656,25	0,756349230981785	3656,25	0,567102145066691																																			
3659,375	0,899325585764687			3659,375	0,90632283532194					3659,375	0,902487414180681	3659,375	0,908596590145853					3659,375	0,906738282576607	3659,375	0,871803433472551					3659,375	0,754836096006861	3659,375	0,563897079340016																																			
3662,5	0,898867116905003			3662,5	0,906330430526784					3662,5	0,90244480960269	3662,5	0,908478420592181					3662,5	0,906524024440039	3662,5	0,871498127251007					3662,5	0,754137034920301	3662,5	0,562917645915466																																			
3665,625	0,899197608142446			3665,625	0,905463846646942					3665,625	0,901624373344075	3665,625	0,907603680804797					3665,625	0,905606811282646	3665,625	0,870227832357348					3665,625	0,752436709486219	3665,625	0,559569258939462																																			
3668,75	0,899965839142528			3668,75	0,906375717898028					3668,75	0,902319184028762	3668,75	0,908284638264959					3668,75	0,906152563251521	3668,75	0,87066829843067					3668,75	0,753295940120343	3668,75	0,560984788022198																																			
3671,875	0,899827953989104			3671,875	0,907089038774798					3671,875	0,903019397753031	3671,875	0,908846625502658					3671,875	0,906712111246056	3671,875	0,87144781541468					3671,875	0,75477214106112	3671,875	0,564803625474467																																			
3675	0,900318307717845			3675	0,906703296057785					3675	0,902590641124971	3675	0,908363465365001					3675	0,905992694611546	3675	0,870555325760809					3675	0,753275231543191	3675	0,562623983149957																																			
3678,125	0,900449543258036			3678,125	0,906634051700071					3678,125	0,902536835545744	3678,125	0,908215304159765					3678,125	0,905761864724698	3678,125	0,870314970305219					3678,125	0,753037452920292	3678,125	0,562130267539691																																			
3681,25	0,900245786323158			3681,25	0,906238892566246					3681,25	0,901882434895167	3681,25	0,907861252044274					3681,25	0,905106320253935	3681,25	0,869640872548255					3681,25	0,752207477907196	3681,25	0,561887683040144																																			
3684,375	0,899970762582595			3684,375	0,908154717645056					3684,375	0,903707872002627	3684,375	0,909140165062793					3684,375	0,906518899179955	3684,375	0,871211816251399					3684,375	0,755005837846995	3684,375	0,566447157719357																																			
3687,5	0,900535554553327			3687,5	0,907634922605979					3687,5	0,903079926533843	3687,5	0,908441578952969					3687,5	0,905920709836796	3687,5	0,870533815969921					3687,5	0,753478719340105	3687,5	0,565129210937254																																			
3690,625	0,900739994739059			3690,625	0,907468808481041					3690,625	0,902839706157798	3690,625	0,907884903786722					3690,625	0,905500804591834	3690,625	0,869885175125518					3690,625	0,753081939738769	3690,625	0,564093180167198																																			
3693,75	0,900901642273839			3693,75	0,907276042552942					3693,75	0,902459009855566	3693,75	0,907563052353895					3693,75	0,904927435538519	3693,75	0,86936709626231					3693,75	0,752647338869033	3693,75	0,563191819679128																																			
3696,875	0,901737367863846			3696,875	0,906827902882892					3696,875	0,902055759078127	3696,875	0,907064537087064					3696,875	0,904343954700273	3696,875	0,86845019226058					3696,875	0,751178397485961	3696,875	0,560680793408041																																			
3700	0,901114244483408			3700	0,907599760591499					3700	0,902746019923626	3700	0,907592637918118					3700	0,904821454571383	3700	0,869087507453621					3700	0,751664606286482	3700	0,562766333508941																																			
3703,125	0,902112690975245			3703,125	0,908088801095422					3703,125	0,903221057598812	3703,125	0,907966696758977					3703,125	0,90521518208426	3703,125	0,869530322012706					3703,125	0,75290529657292	3703,125	0,564893111773481																																			
3706,25	0,902112095447582			3706,25	0,907249193266651					3706,25	0,902305365213365	3706,25	0,906876980511491					3706,25	0,904054583478563	3706,25	0,868058451919453					3706,25	0,750547099460536	3706,25	0,560147944176414																																			
3709,375	0,901878279867752			3709,375	0,907145377148932					3709,375	0,902024198813396	3709,375	0,906498363239811					3709,375	0,903840665780446	3709,375	0,867687343563712					3709,375	0,75066434598547	3709,375	0,560542703087866																																			
3712,5	0,901831720865241			3712,5	0,90795863435306					3712,5	0,902727908279035	3712,5	0,907499547300106					3712,5	0,904693781111099	3712,5	0,868433251393144					3712,5	0,752141836535922	3712,5	0,563739552457919																																			
3715,625	0,901363202918744			3715,625	0,908887537188118					3715,625	0,903642767752248	3715,625	0,90825880914928					3715,625	0,905006601014542	3715,625	0,869199973660302					3715,625	0,752939532764168	3715,625	0,566050281717958																																			
3718,75	0,902062351296851			3718,75	0,907545636403402					3718,75	0,901928055854337	3718,75	0,906520334594428					3718,75	0,903267733433747	3718,75	0,866937938386566					3718,75	0,749140816825632	3718,75	0,5589240940598																																			
3721,875	0,901162373850379			3721,875	0,907958065807061					3721,875	0,902350394062952	3721,875	0,906715447929321					3721,875	0,903518992748607	3721,875	0,867224824752245					3721,875	0,749999011212196	3721,875	0,559798045667724																																			
3725	0,902627042353842			3725	0,907623612660957					3725	0,901971680639656	3725	0,906216543495023					3725	0,902881198962545	3725	0,86654670701052					3725	0,749402499438841	3725	0,558904455144214																																			
3728,125	0,903322827431737			3728,125	0,908241358894511					3728,125	0,902541673896284	3728,125	0,906758983648219					3728,125	0,903249763936337	3728,125	0,867037913155988					3728,125	0,750311560455453	3728,125	0,560807034860038																																			
3731,25	0,902698641649323			3731,25	0,907958447933474					3731,25	0,902265186853456	3731,25	0,906389366531479					3731,25	0,90301837869646	3731,25	0,866445046258778					3731,25	0,74959515079412	3731,25	0,560099739234414																																			
3734,375	0,902827795776856			3734,375	0,908538150761193					3734,375	0,902563330358736	3734,375	0,906628209932768					3734,375	0,903292605231451	3734,375	0,866667453988693					3734,375	0,750021845669245	3734,375	0,560540645061204																																			
3737,5	0,903790599701556			3737,5	0,908308563898306					3737,5	0,902383471945805	3737,5	0,90637902894355					3737,5	0,902709298733925	3737,5	0,866068130358078					3737,5	0,749173286876312	3737,5	0,559268341371779																																			
3740,625	0,903806611007637			3740,625	0,908007373803117					3740,625	0,902138620409238	3740,625	0,905684492788419					3740,625	0,902180487101712	3740,625	0,865472938115807					3740,625	0,747995384314964	3740,625	0,557184518900664																																			
3743,75	0,903519301096802			3743,75	0,908371285346888					3743,75	0,902236157323305	3743,75	0,906018165018287					3743,75	0,902259450807936	3743,75	0,865641113550244					3743,75	0,748518211684902	3743,75	0,558403313181607																																			
3746,875	0,903360218662749			3746,875	0,908341242455967					3746,875	0,902048116112785	3746,875	0,905941651008971					3746,875	0,901888119356963	3746,875	0,865107601046734					3746,875	0,747920995835005	3746,875	0,558064227344711																																			
3750	0,903646611981281			3750	0,908516083712573					3750	0,902184307818605	3750	0,906101866189759					3750	0,901803067796577	3750	0,864866191211024					3750	0,747623229373162	3750	0,558139424428756																																			
3753,125	0,903814970703444			3753,125	0,908680384292569					3753,125	0,902344527542806	3753,125	0,906173212505337					3753,125	0,902109440070326	3753,125	0,865199159780809					3753,125	0,748187297581413	3753,125	0,559165606803815																																			
3756,25	0,903895433092012			3756,25	0,909050926111234					3756,25	0,902540039668712	3756,25	0,906215301126146					3756,25	0,902100031582992	3756,25	0,865084995060253					3756,25	0,748285510108491	3756,25	0,559098103199084																																			
3759,375	0,904669039140834			3759,375	0,909504851982541					3759,375	0,902867313450878	3759,375	0,906430535098925					3759,375	0,902156635559571	3759,375	0,865385550885873					3759,375	0,748888764047907	3759,375	0,560494376294484																																			
3762,5	0,904625578632474			3762,5	0,908597728584232					3762,5	0,901976725858869	3762,5	0,905543674699001					3762,5	0,901230791689854	3762,5	0,864206572410058					3762,5	0,746667779465781	3762,5	0,557344436486069																																			
3765,625	0,905027277079849			3765,625	0,909522393574009					3765,625	0,902734452078716	3765,625	0,906243199416619					3765,625	0,901677523871231	3765,625	0,864790796466573					3765,625	0,747981040749695	3765,625	0,558988086047485																																			
3768,75	0,904588395682471			3768,75	0,909452319186029					3768,75	0,902568137576922	3768,75	0,906033622133028					3768,75	0,901415624957473	3768,75	0,864415556175275					3768,75	0,747781282916088	3768,75	0,559211956988904																																			
3771,875	0,904839454958478			3771,875	0,910112364210405					3771,875	0,903225373381959	3771,875	0,90656865444193					3771,875	0,901892389495607	3771,875	0,864966530577003					3771,875	0,748754103458307	3771,875	0,560759584639543																																			
3775	0,904921976467831			3775	0,909539945257877					3775	0,902707498086704	3775	0,906038623302119					3775	0,901205268217624	3775	0,864157963649071					3775	0,747388874582936	3775	0,558357773999905																																			
3778,125	0,904799788309974			3778,125	0,909914511380969					3778,125	0,903138841721035	3778,125	0,90603634893369					3778,125	0,901404674714545	3778,125	0,864094332161468					3778,125	0,747697168679032	3778,125	0,559394507979293																																			
3781,25	0,905957842955803			3781,25	0,909816348190428					3781,25	0,902997664958114	3781,25	0,906101216773927					3781,25	0,901056410807926	3781,25	0,863592115486869					3781,25	0,746890117118194	3781,25	0,558106743374678																																			
3784,375	0,906153718398982			3784,375	0,909185355952484					3784,375	0,902233836787464	3784,375	0,905351513042485					3784,375	0,900189191794193	3784,375	0,862747941509577					3784,375	0,745216206610298	3784,375	0,555908055338383																																			
3787,5	0,906704754831538			3787,5	0,908847319422506					3787,5	0,901791113150492	3787,5	0,904690936214364					3787,5	0,899580099337001	3787,5	0,862104290508143					3787,5	0,744063428690834	3787,5	0,553453956201618																																			
3790,625	0,906607993579288			3790,625	0,909561603455471					3790,625	0,90245606265976	3790,625	0,905216347377726					3790,625	0,899926681095082	3790,625	0,862524315836378					3790,625	0,745125246156339	3790,625	0,555107838067598																																			
3793,75	0,905649614624485			3793,75	0,910393631299554					3793,75	0,903147753868479	3793,75	0,905939029698182					3793,75	0,900461337669369	3793,75	0,86326242127157					3793,75	0,746475469160372	3793,75	0,558067489532758																																			
3796,875	0,906176300424349			3796,875	0,910535217914644					3796,875	0,903219360054683	3796,875	0,90603870107234					3796,875	0,900441894662118	3796,875	0,863210356727651					3796,875	0,747007982998019	3796,875	0,558538426248296																																			
3800	0,907259503317553			3800	0,911286764514841					3800	0,904041736381105	3800	0,906665628217245					3800	0,901030885011119	3800	0,863918064083319					3800	0,748175679179375	3800	0,560937962627604																																			
3803,125	0,906968950541703			3803,125	0,910717053499607					3803,125	0,903260340217247	3803,125	0,90587162616572					3803,125	0,900191951179952	3803,125	0,8626696368583					3803,125	0,746161841509685	3803,125	0,557922307545242																																			
3806,25	0,907252028239547			3806,25	0,909960589357914					3806,25	0,902527774464541	3806,25	0,904972821345561					3806,25	0,899275429516063	3806,25	0,861375595679991					3806,25	0,744093136362205	3806,25	0,55488422760839																																			
3809,375	0,907988137955345			3809,375	0,910827047441599					3809,375	0,903398099902764	3809,375	0,905802430811689					3809,375	0,899685854113714	3809,375	0,862095855835646					3809,375	0,745229636053926	3809,375	0,556617465632794																																			
3812,5	0,908325109411525			3812,5	0,911154057218651					3812,5	0,903647510477965	3812,5	0,906150951698002					3812,5	0,900093136792268	3812,5	0,862586789217419					3812,5	0,746097751273783	3812,5	0,558006685087127																																			
3815,625	0,908469323951475			3815,625	0,911476993669572					3815,625	0,904135673123468	3815,625	0,90636917735412					3815,625	0,900231900664709	3815,625	0,862951246341431					3815,625	0,747009554340002	3815,625	0,559893574027816																																			
3818,75	0,908420094052644			3818,75	0,910948695252934					3818,75	0,903275675211676	3818,75	0,90549028391951					3818,75	0,899179687767434	3818,75	0,861633820803103					3818,75	0,74477004912048	3818,75	0,556298669395587																																			
3821,875	0,908880709118632			3821,875	0,911528270764327					3821,875	0,903709945020626	3821,875	0,905966303556254					3821,875	0,899749379584971	3821,875	0,862031201157601					3821,875	0,745933165560286	3821,875	0,558207450874512																																			
3825	0,909775237718155			3825	0,911254428703472					3825	0,903417510968164	3825	0,905708859614873					3825	0,899166932776214	3825	0,861253859965505					3825	0,744840074207286	3825	0,556903783608316																																			
3828,125	0,909166935251805			3828,125	0,911243289275324					3828,125	0,903542033374727	3828,125	0,905597458261133					3828,125	0,898713365620424	3828,125	0,860848538146912					3828,125	0,744049299482548	3828,125	0,55542285439782																																			
3831,25	0,909174858412417			3831,25	0,911049590127387					3831,25	0,903704193160158	3831,25	0,905534733760536					3831,25	0,898461498166789	3831,25	0,860709748722399					3831,25	0,743834857157121	3831,25	0,555447991726843																																			
3834,375	0,909791180915012			3834,375	0,910988453287721					3834,375	0,903300800687127	3834,375	0,905239160539566					3834,375	0,898025007333493	3834,375	0,86015183851064					3834,375	0,74304924754928	3834,375	0,553850093011742																																			
3837,5	0,909973020769051			3837,5	0,910863076226589					3837,5	0,902916201586625	3837,5	0,904803565820463					3837,5	0,897672846722478	3837,5	0,859620891594621					3837,5	0,742292013814655	3837,5	0,552706703429432																																			
3840,625	0,909736905399933			3840,625	0,911884690683945					3840,625	0,903983219770658	3840,625	0,905715208393411					3840,625	0,898137067324115	3840,625	0,860482391357831					3840,625	0,744080001894103	3840,625	0,555364937312552																																			
3843,75	0,910560797705549			3843,75	0,912564548478194					3843,75	0,904579791202018	3843,75	0,90640525563726					3843,75	0,898653659451304	3843,75	0,860989908662028					3843,75	0,74514818235591	3843,75	0,557210726114922																																			
3846,875	0,910667229827162			3846,875	0,912142464350522					3846,875	0,904001364826461	3846,875	0,905791711261414					3846,875	0,898050331431415	3846,875	0,860327289381317					3846,875	0,743762999785547	3846,875	0,555259745969112																																			
3850	0,91058589444048			3850	0,912171433600868					3850	0,904082526220956	3850	0,905898676981928					3850	0,897971872378371	3850	0,860163711454804					3850	0,743672070026774	3850	0,555412553084037																																			
3853,125	0,910045901251318			3853,125	0,912174209673642					3853,125	0,904260203958718	3853,125	0,905810347652857					3853,125	0,897818960628085	3853,125	0,859856101880589					3853,125	0,743433231184518	3853,125	0,554629082147274																																			
3856,25	0,910282970665797			3856,25	0,91155657246654					3856,25	0,903573780925714	3856,25	0,904956005626858					3856,25	0,896845934393125	3856,25	0,858679301411637					3856,25	0,741538027294337	3856,25	0,551757619035724																																			
3859,375	0,910627092020025			3859,375	0,912417671642552					3859,375	0,904006366540102	3859,375	0,905648265574911					3859,375	0,897314982768042	3859,375	0,859527034693889					3859,375	0,742862311490678	3859,375	0,554838592392835																																			
3862,5	0,911050302994881			3862,5	0,913017772037984					3862,5	0,904781015426198	3862,5	0,906089285817349					3862,5	0,897786363258947	3862,5	0,859946574492559					3862,5	0,744000739435117	3862,5	0,555848668634746																																			
3865,625	0,910893943728541			3865,625	0,912152226200696					3865,625	0,903973826736223	3865,625	0,905507047679878					3865,625	0,896839194819195	3865,625	0,858760608389594					3865,625	0,742170705655624	3865,625	0,553154073719661																																			
3868,75	0,911254348950263			3868,75	0,912374326778248					3868,75	0,904120629688829	3868,75	0,905451656485705					3868,75	0,896616050162022	3868,75	0,858632349261049					3868,75	0,741871660175564	3868,75	0,552960382666884																																			
3871,875	0,912540366216798			3871,875	0,913304570446885					3871,875	0,904790623171243	3871,875	0,906158911179127					3871,875	0,897281162192854	3871,875	0,859418545868737					3871,875	0,743053057609861	3871,875	0,554906765822926																																			
3875	0,912084258477063			3875	0,913457408526218					3875	0,905053574149762	3875	0,906108630678199					3875	0,897098622654995	3875	0,859208790960952					3875	0,742867758748454	3875	0,55454187306693																																			
3878,125	0,91216514741314			3878,125	0,912409720557721					3878,125	0,904115420782413	3878,125	0,90548235703872					3878,125	0,896204310407833	3878,125	0,858017750687673					3878,125	0,740798788042738	3878,125	0,551079454917074																																			
3881,25	0,912799766290164			3881,25	0,9127961574118					3881,25	0,904707569685235	3881,25	0,905913758070526					3881,25	0,896643224221882	3881,25	0,858547968079175					3881,25	0,741718943941862	3881,25	0,552640810372102																																			
3884,375	0,913774266722993			3884,375	0,912959617074023					3884,375	0,904476685158315	3884,375	0,905546028544583					3884,375	0,896136621494001	3884,375	0,857974734960875					3884,375	0,74106726721499	3884,375	0,55179053154248																																			
3887,5	0,913132480899598			3887,5	0,913069892273893					3887,5	0,904399613835568	3887,5	0,905782981048216					3887,5	0,895951808838077	3887,5	0,857583543018173					3887,5	0,740839243808662	3887,5	0,551827710317972																																			
3890,625	0,913488363195458			3890,625	0,913326456773445					3890,625	0,904742804039138	3890,625	0,905932202194677					3890,625	0,896068211699798	3890,625	0,857626662409982					3890,625	0,7410843611135	3890,625	0,552018262386329																																			
3893,75	0,913163386302945			3893,75	0,912702836886616					3893,75	0,903874897434428	3893,75	0,904848116338147					3893,75	0,895185557627657	3893,75	0,856625585559388					3893,75	0,738926068160548	3893,75	0,548658234762042																																			
3896,875	0,914255550809522			3896,875	0,913439192985168					3896,875	0,904588910349506	3896,875	0,905484701448255					3896,875	0,895579564815578	3896,875	0,857133964485755					3896,875	0,739692646485484	3896,875	0,550308902842783																																			
3900	0,914768626071977			3900	0,913059093716013					3900	0,904187492399775	3900	0,904996792542587					3900	0,894803236317067	3900	0,856088700507297					3900	0,7382421259678	3900	0,548108842326325																																			
3903,125	0,913919185760795			3903,125	0,913304549606021					3903,125	0,904352587642779	3903,125	0,905078858796896					3903,125	0,894850696199423	3903,125	0,856452984388196					3903,125	0,738977355772251	3903,125	0,548960803659887																																			
3906,25	0,914309826311926			3906,25	0,913304136764378					3906,25	0,904492695163911	3906,25	0,90526545377068					3906,25	0,895028257751402	3906,25	0,856864742233804					3906,25	0,739788348738818	3906,25	0,549871802207522																																			
3909,375	0,914548151055702			3909,375	0,913399186527061					3909,375	0,904599096014269	3909,375	0,905266351679837					3909,375	0,894938892769069	3909,375	0,856341085080542					3909,375	0,738935971901754	3909,375	0,548963377068124																																			
3912,5	0,914407055552502			3912,5	0,913652810057568					3912,5	0,904884914725797	3912,5	0,905355578490387					3912,5	0,894924926390599	3912,5	0,855838827099993					3912,5	0,738816948278638	3912,5	0,549505465457557																																			
3915,625	0,915092171051936			3915,625	0,913893915222661					3915,625	0,904511037869515	3915,625	0,905070683272337					3915,625	0,894475808056024	3915,625	0,855709293617962					3915,625	0,739017334021577	3915,625	0,548744512380289																																			
3918,75	0,915022635206756			3918,75	0,914075127880443					3918,75	0,904956085557576	3918,75	0,905283083412876					3918,75	0,894538458030627	3918,75	0,856000645009695					3918,75	0,739393355401924	3918,75	0,549374287331553																																			
3921,875	0,915175623074446			3921,875	0,914356178930283					3921,875	0,904902353374388	3921,875	0,905819441985167					3921,875	0,894139714442677	3921,875	0,855991214948351					3921,875	0,738633406104397	3921,875	0,548353957298718																																			
3925	0,915438380446265			3925	0,915466681447058					3925	0,905636122584942	3925	0,906298617048655					3925	0,895240747463353	3925	0,856634218965132					3925	0,740833818490421	3925	0,55192908442919																																			
3928,125	0,916003532619616			3928,125	0,915174731968765					3928,125	0,906011842502685	3928,125	0,906238069247455					3928,125	0,895026082323522	3928,125	0,856826006482414					3928,125	0,74115445083659	3928,125	0,55222320575491																																			
3931,25	0,916135786625815			3931,25	0,914924779607885					3931,25	0,905825268787135	3931,25	0,905886940038341					3931,25	0,894373792402382	3931,25	0,856124410684812					3931,25	0,7401249247809	3931,25	0,550740114216002																																			
3934,375	0,916825560565181			3934,375	0,914953410988556					3934,375	0,905423456229981	3934,375	0,90572662961967					3934,375	0,893925019305007	3934,375	0,855653948357559					3934,375	0,739477185906523	3934,375	0,549009783797233																																			
3937,5	0,91669152311183			3937,5	0,915087354904664					3937,5	0,90542600528018	3937,5	0,905980424403822					3937,5	0,89397081759188	3937,5	0,855459484180266					3937,5	0,739837787997776	3937,5	0,54971084199913																																			
3940,625	0,916668700937725			3940,625	0,914948238438956					3940,625	0,905221291774557	3940,625	0,905613846308613					3940,625	0,893384798782445	3940,625	0,854670825855519					3940,625	0,738921991867473	3940,625	0,548437458521452																																			
3943,75	0,916668347809366			3943,75	0,914894692206826					3943,75	0,905191789096693	3943,75	0,905444126410496					3943,75	0,892944189912692	3943,75	0,854628080735069					3943,75	0,738711263939468	3943,75	0,548354934018303																																			
3946,875	0,917157090299008			3946,875	0,915758862313502					3946,875	0,906025031116186	3946,875	0,905905225465256					3946,875	0,893566238795973	3946,875	0,855433063903356					3946,875	0,739657699241342	3946,875	0,549450992630403																																			
3950	0,916905757527274			3950	0,916333381453164					3950	0,906944755924422	3950	0,906830664034477					3950	0,894196731164913	3950	0,856187972708422					3950	0,741101939960854	3950	0,551023983595061																																			
3953,125	0,917032967411349			3953,125	0,916144109186876					3953,125	0,906399874363932	3953,125	0,906560307568325					3953,125	0,893715185837596	3953,125	0,855512526428964					3953,125	0,740544388323032	3953,125	0,549914380430424																																			
3956,25	0,917543700710361			3956,25	0,916223612484309					3956,25	0,906059476003266	3956,25	0,906583302813906					3956,25	0,893424732701032	3956,25	0,855186412232688					3956,25	0,740304554670796	3956,25	0,549728659506412																																			
3959,375	0,917345359950259			3959,375	0,916960395937394					3959,375	0,907004954265767	3959,375	0,907350015014011					3959,375	0,894491436713211	3959,375	0,856503731982364					3959,375	0,742223345193321	3959,375	0,552599904793449																																			
3962,5	0,917657761415148			3962,5	0,9167382766774					3962,5	0,90656127635099	3962,5	0,906895750628589					3962,5	0,89332437009183	3962,5	0,855410008000432					3962,5	0,740310629577171	3962,5	0,548636276955363																																			
3965,625	0,917684098780181			3965,625	0,915966385935251					3965,625	0,90566295877035	3965,625	0,906133883976461					3965,625	0,891967788021126	3965,625	0,85389981353204					3965,625	0,738289787390733	3965,625	0,544977242264412																																			
3968,75	0,918209109329243			3968,75	0,916051654923672					3968,75	0,905786566126769	3968,75	0,905959505682074					3968,75	0,891785648100049	3968,75	0,853681805140836					3968,75	0,738523580070745	3968,75	0,54460058850367																																			
3971,875	0,918481738359785			3971,875	0,916254148498602					3971,875	0,906039616561243	3971,875	0,905913830724947					3971,875	0,891915459142863	3971,875	0,853387615930747					3971,875	0,737843206304827	3971,875	0,543070245279796																																			
3975	0,918541754112123			3975	0,91596450737282					3975	0,905427038852464	3975	0,905649927888968					3975	0,891093948899939	3975	0,85305829243119					3975	0,73688839204216	3975	0,541586493050231																																			
3978,125	0,919061716063647			3978,125	0,916586395954692					3978,125	0,906134473440673	3978,125	0,906275692320529					3978,125	0,891785924008413	3978,125	0,853954927922766					3978,125	0,738871014658058	3978,125	0,545377609512752																																			
3981,25	0,918579314759432			3981,25	0,917193541581756					3981,25	0,90680038545016	3981,25	0,907098027265975					3981,25	0,892623416018818	3981,25	0,854618997362192					3981,25	0,740758636530922	3981,25	0,548742186329872																																			
3984,375	0,918525292407661			3984,375	0,917700675599532					3984,375	0,907247451928211	3984,375	0,907495124363378					3984,375	0,892685241213342	3984,375	0,855287595565511					3984,375	0,741357003341459	3984,375	0,549673107148854																																			
3987,5	0,918924093695387			3987,5	0,917350285224193					3987,5	0,906660922506044	3987,5	0,906757710842401					3987,5	0,891546274993885	3987,5	0,854304706661396					3987,5	0,740312855758127	3987,5	0,547811429912536																																			
3990,625	0,918859191521741			3990,625	0,917000685848899					3990,625	0,905969700417291	3990,625	0,906342837895437					3990,625	0,890944264229166	3990,625	0,853318341538512					3990,625	0,73904696264982	3990,625	0,546055578020791																																			
3993,75	0,919025795972333			3993,75	0,917150778278353					3993,75	0,906232126630567	3993,75	0,906553248385651					3993,75	0,890825215413722	3993,75	0,853092147121833					3993,75	0,738257672720158	3993,75	0,545004384524192																																			
3996,875	0,919697641365921			3996,875	0,917155743422136					3996,875	0,906093360792323	3996,875	0,906319658211919					3996,875	0,89030755266689	3996,875	0,852522074760647					3996,875	0,736857242206383	3996,875	0,542527360735763																																			
4000	0,919434276678919			4000	0,916433362163051					4000	0,904806359402561	4000	0,905406948210731					4000	0,888899241894143	4000	0,850712908412643					4000	0,733990233962671	4000	0,537461655884936																																			
4003,125	0,919997649598869			4003,125	0,917213425358949					4003,125	0,905462537528698	4003,125	0,906104106554701					4003,125	0,889406458294039	4003,125	0,851731348879473					4003,125	0,735550498845676	4003,125	0,540405102428249																																			
4006,25	0,919458049055288			4006,25	0,917571078230726					4006,25	0,906009810446024	4006,25	0,90621786636906					4006,25	0,889893734951892	4006,25	0,851775566185547					4006,25	0,736505966192283	4006,25	0,541540842880638																																			
4009,375	0,91982855179822			4009,375	0,917971421459427					4009,375	0,906288135545762	4009,375	0,90646959582726					4009,375	0,89016126532206	4009,375	0,852013418375151					4009,375	0,736899626748354	4009,375	0,542753436386173																																			
4012,5	0,919674108679578			4012,5	0,917600291325403					4012,5	0,905963091138644	4012,5	0,906127371757928					4012,5	0,889555034730529	4012,5	0,851712456681459					4012,5	0,735947207568452	4012,5	0,541387383828103																																			
4015,625	0,920220067164782			4015,625	0,91718124210502					4015,625	0,905867385452802	4015,625	0,906093491827678					4015,625	0,889136959658046	4015,625	0,85105963903534					4015,625	0,735150388036565	4015,625	0,540078396554241																																			
4018,75	0,920056423144202			4018,75	0,917584141796004					4018,75	0,90597036127398	4018,75	0,906273415260429					4018,75	0,88906982563512	4018,75	0,850317333852337					4018,75	0,734755922886825	4018,75	0,539290219074732																																			
4021,875	0,920649473945309			4021,875	0,918045769950308					4021,875	0,906303485820865	4021,875	0,906187263777962					4021,875	0,888987561499332	4021,875	0,850196845607096					4021,875	0,734513148513067	4021,875	0,538589404622299																																			
4025	0,920562178488721			4025	0,917859466872474					4025	0,906137722016054	4025	0,906082941451999					4025	0,888593307755767	4025	0,849879385486045					4025	0,733874728341965	4025	0,538116573884197																																			
4028,125	0,920013506490758			4028,125	0,918560231858522					4028,125	0,906377835668079	4028,125	0,906696189246469					4028,125	0,889358862173089	4028,125	0,850245878991371					4028,125	0,734930896634322	4028,125	0,540847105092377																																			
4031,25	0,920546890050085			4031,25	0,919209294084104					4031,25	0,907315302525177	4031,25	0,907492523927559					4031,25	0,890452837087754	4031,25	0,851963395801263					4031,25	0,737596214851172	4031,25	0,544967618965305																																			
4034,375	0,92133298644729			4034,375	0,919023030164876					4034,375	0,907093699181631	4034,375	0,907200584981333					4034,375	0,889539891563624	4034,375	0,851241858625835					4034,375	0,736069258226357	4034,375	0,542581707984427																																			
4037,5	0,921404100134453			4037,5	0,918235634339279					4037,5	0,906006429910494	4037,5	0,905941850331019					4037,5	0,88807805544308	4037,5	0,84983025302053					4037,5	0,73291248497483	4037,5	0,537411606517138																																			
4040,625	0,921519792875177			4040,625	0,920309194365072					4040,625	0,908471039125997	4040,625	0,908183628043016					4040,625	0,890642715730757	4040,625	0,853188464949908					4040,625	0,738486530701125	4040,625	0,546953228530326																																			
4043,75	0,921894904081157			4043,75	0,919824899966437					4043,75	0,907686476796441	4043,75	0,907650818035741					4043,75	0,889821818900666	4043,75	0,852022460865517					4043,75	0,736613974551186	4043,75	0,542681671326135																																			
4046,875	0,92065069845657			4046,875	0,919780902149558					4046,875	0,908116965378413	4046,875	0,908072259386428					4046,875	0,890065171023023	4046,875	0,851809303638081					4046,875	0,736409752719704	4046,875	0,542816216260538																																			
4050	0,920924292178416			4050	0,920040203928573					4050	0,908362973991248	4050	0,908470294245689					4050	0,890030459817086	4050	0,852189574114893					4050	0,737259756206946	4050	0,544672191197358																																			
4053,125	0,920933539095203			4053,125	0,919695709176994					4053,125	0,907915770566675	4053,125	0,907702181305863					4053,125	0,889402971352487	4053,125	0,85157575098649					4053,125	0,734970960949761	4053,125	0,541518875825731																																			
4056,25	0,921856269237577			4056,25	0,919817639094199					4056,25	0,908162006835839	4056,25	0,907708530920963					4056,25	0,889398449668538	4056,25	0,850935618005454					4056,25	0,734536921791291	4056,25	0,540723156636831																																			
4059,375	0,922445636223243			4059,375	0,919915970323323					4059,375	0,908227631168193	4059,375	0,907511530236039					4059,375	0,88970118055103	4059,375	0,850977704166375					4059,375	0,734404426453007	4059,375	0,541410986995412																																			
4062,5	0,921620467601451			4062,5	0,920826392279377					4062,5	0,90936428007536	4062,5	0,908540577196324					4062,5	0,891101191088101	4062,5	0,852789309493245					4062,5	0,737225736659075	4062,5	0,546502263929552																																			
4065,625	0,922511583500099			4065,625	0,920348949867867					4065,625	0,908652952530607	4065,625	0,907830118357503					4065,625	0,889847542360319	4065,625	0,85108190969901					4065,625	0,734416641882083	4065,625	0,541698632599911																																			
4068,75	0,922329102226802			4068,75	0,920608686397068					4068,75	0,908658022060543	4068,75	0,908190520814929					4068,75	0,890000302678541	4068,75	0,851315716729117					4068,75	0,734367569031423	4068,75	0,542504909003097																																			
4071,875	0,922365819132487			4071,875	0,92101495933655					4071,875	0,908935623854499	4071,875	0,908837449504424					4071,875	0,890875151526563	4071,875	0,851784737187671					4071,875	0,735127033591945	4071,875	0,544723753727095																																			
4075	0,922107519722465			4075	0,919669414396742					4075	0,907634321946393	4075	0,907135089487616					4075	0,88923775558456	4075	0,849299408110793					4075	0,731110723439319	4075	0,537612823746099																																			
4078,125	0,92253198513581			4078,125	0,919745268561127					4078,125	0,907868617305816	4078,125	0,907248167885533					4078,125	0,889154907229426	4078,125	0,849177209925954					4078,125	0,73070283162477	4078,125	0,535353724315651																																			
4081,25	0,922648356871269			4081,25	0,91995044189152					4081,25	0,907683521831349	4081,25	0,907253082241061					4081,25	0,889347556418084	4081,25	0,849123425524015					4081,25	0,730996954660799	4081,25	0,534224622492893																																			
4084,375	0,92245021455228			4084,375	0,920965890549921					4084,375	0,909076282494173	4084,375	0,908388369637217					4084,375	0,890679222337639	4084,375	0,850418329665594					4084,375	0,73290786325396	4084,375	0,53845907743083																																			
4087,5	0,922438774468839			4087,5	0,920365183167602					4087,5	0,908246711605572	4087,5	0,907662442919464					4087,5	0,889648839119274	4087,5	0,848871852918908					4087,5	0,730606778633134	4087,5	0,535485724887888																																			
4090,625	0,922601640679757			4090,625	0,921527955385986					4090,625	0,909421206559394	4090,625	0,90882425833262					4090,625	0,890996775413424	4090,625	0,850677369277376					4090,625	0,733633628693419	4090,625	0,540999476111609																																			
4093,75	0,923156977873032			4093,75	0,922326419001484					4093,75	0,910223925781068	4093,75	0,909803563301107					4093,75	0,892191697134864	4093,75	0,852138448818839					4093,75	0,736219155982022	4093,75	0,545319818312739																																			
4096,875	0,92309092207276			4096,875	0,92142755590752					4096,875	0,909269211883848	4096,875	0,908600787527452					4096,875	0,891023076746676	4096,875	0,850050302226633					4096,875	0,732849893175	4096,875	0,53926995864561																																			
4100	0,923662520908628			4100	0,921389719676772					4100	0,909181824043869	4100	0,907946439646876					4100	0,890685723404155	4100	0,849678761571699					4100	0,732045557411874	4100	0,537460268497595																																			
4103,125	0,923424491712379			4103,125	0,92153356458561					4103,125	0,909478604192356	4103,125	0,908626378073418					4103,125	0,891140644614038	4103,125	0,849791351142737					4103,125	0,732080101552476	4103,125	0,53827238438016																																			
4106,25	0,923300437829702			4106,25	0,921751912030213					4106,25	0,909703540154691	4106,25	0,9089071073643					4106,25	0,891549390179818	4106,25	0,849851658756589					4106,25	0,731577316560135	4106,25	0,537490292564277																																			
4109,375	0,922986000480716			4109,375	0,920853009126588					4109,375	0,908784387218736	4109,375	0,907848775970307					4109,375	0,890861360792348	4109,375	0,84775146886547					4109,375	0,729155658756925	4109,375	0,532986465135666																																			
4112,5	0,923910149601033			4112,5	0,921846248310048					4112,5	0,909478986520452	4112,5	0,908855765281649					4112,5	0,892676463384424	4112,5	0,84923458203782					4112,5	0,733249333119011	4112,5	0,539804719864152																																			
4115,625	0,923060117081682			4115,625	0,922266938983083					4115,625	0,909874356979061	4115,625	0,909155376067056					4115,625	0,892390101339697	4115,625	0,849481551445378					4115,625	0,733111539690273	4115,625	0,53970145698614																																			
4118,75	0,923221951288522			4118,75	0,921851737829314					4118,75	0,90942988345738	4118,75	0,908764856155005					4118,75	0,891786683755368	4118,75	0,848404390825349					4118,75	0,731120963915417	4118,75	0,535383972689746																																			
4121,875	0,924288188506582			4121,875	0,922135566046974					4121,875	0,909846959121962	4121,875	0,908981725239254					4121,875	0,892093922997834	4121,875	0,84795108745022					4121,875	0,730461785597835	4121,875	0,534707628026225																																			
4125	0,9239685596543			4125	0,923202672184867					4125	0,910645578399481	4125	0,909792662828399					4125	0,89337840646135	4125	0,849250426508991					4125	0,732818557837293	4125	0,539951863832385																																			
4128,125	0,923751286299524			4128,125	0,922961725335214					4128,125	0,910811451370606	4128,125	0,909674451773991					4128,125	0,893486193898441	4128,125	0,849356475271737					4128,125	0,732496078978511	4128,125	0,539597440804659																																			
4131,25	0,923456512189351			4131,25	0,922937782866732					4131,25	0,910402807879257	4131,25	0,909555959080205					4131,25	0,893241593843069	4131,25	0,848763425634993					4131,25	0,731498296917174	4131,25	0,537897398659035																																			
4134,375	0,923489375367863			4134,375	0,922659505259504					4134,375	0,909765376269155	4134,375	0,909572597983628					4134,375	0,89334319611008	4134,375	0,847842186242118					4134,375	0,730853605390872	4134,375	0,53610742101189																																			
4137,5	0,92409602104922			4137,5	0,922540049717859					4137,5	0,910290344796436	4137,5	0,90931573170786					4137,5	0,893183553758175	4137,5	0,847734186672948					4137,5	0,731118904776312	4137,5	0,535488796046635																																			
4140,625	0,923772611170239			4140,625	0,923126011794117					4140,625	0,911268514361731	4140,625	0,910089843379169					4140,625	0,89371781829445	4140,625	0,848763077361597					4140,625	0,732903723959716	4140,625	0,538889164952056																																			
4143,75	0,923692389101737			4143,75	0,92369217284888					4143,75	0,911473453614974	4143,75	0,909889592211841					4143,75	0,894037883648166	4143,75	0,848643973082656					4143,75	0,732663899334332	4143,75	0,53913343327961																																			
4146,875	0,923343966411675			4146,875	0,923655473132488					4146,875	0,911252010618978	4146,875	0,909752564157863					4146,875	0,89426975763208	4146,875	0,848324547227049					4146,875	0,732044762891258	4146,875	0,538415658366069																																			
4150	0,923568548362083			4150	0,923978899183833					4150	0,911388218487249	4150	0,910059382186388					4150	0,894771319292423	4150	0,849031050568292					4150	0,733165822173903	4150	0,540260698789748																																			
4153,125	0,924472083434918			4153,125	0,922940544104569					4153,125	0,910566752395173	4153,125	0,90944582762523					4153,125	0,892998175950192	4153,125	0,846307165346125					4153,125	0,728873598030566	4153,125	0,533474544190999																																			
4156,25	0,924500070495666			4156,25	0,923464018417675					4156,25	0,910813474972574	4156,25	0,909407031669154					4156,25	0,89361669051996	4156,25	0,84671496049814					4156,25	0,729545045386638	4156,25	0,534270561534544																																			
4159,375	0,924645857200765			4159,375	0,924500148651166					4159,375	0,911904633323875	4159,375	0,910240275692371					4159,375	0,894508644319778	4159,375	0,847753511596999					4159,375	0,73156120596232	4159,375	0,537524922284436																																			
4162,5	0,925026963181137			4162,5	0,924544243453184					4162,5	0,912580746939393	4162,5	0,910727065882327					4162,5	0,894689644813233	4162,5	0,848088257456904					4162,5	0,732914069456282	4162,5	0,539477151268786																																			
4165,625	0,925139253136528			4165,625	0,924426510578176					4165,625	0,912193108713507	4165,625	0,910498848786777					4165,625	0,894547841228062	4165,625	0,848060521778288					4165,625	0,732802747970232	4165,625	0,539581461409654																																			
4168,75	0,924720535426224			4168,75	0,924585719926483					4168,75	0,912632256666455	4168,75	0,910838814874452					4168,75	0,894944632926916	4168,75	0,848378699322832					4168,75	0,732967831615459	4168,75	0,540335991099964																																			
4171,875	0,924268217020773			4171,875	0,924859576307466					4171,875	0,912986575641537	4171,875	0,910949157748156					4171,875	0,89527307419073	4171,875	0,848835685308592					4171,875	0,733189189289769	4171,875	0,540318402326621																																			
4175	0,924466411838243			4175	0,924619841495847					4175	0,912453446044211	4175	0,910579068971223					4175	0,894300948192795	4175	0,847158356750799					4175	0,730758575324555	4175	0,536042744217164																																			
4178,125	0,92473114584187			4178,125	0,924552452173085					4178,125	0,912044285844535	4178,125	0,9101736375253					4178,125	0,893556184171115	4178,125	0,846066474188671					4178,125	0,729208335309729	4178,125	0,533958526094979																																			
4181,25	0,924360437166363			4181,25	0,924867799196836					4181,25	0,91293038946967	4181,25	0,910513348448365					4181,25	0,894708786795212	4181,25	0,846872727296254					4181,25	0,730929845723743	4181,25	0,537024335669053																																			
4184,375	0,924858376172647			4184,375	0,924909983018622					4184,375	0,913547134733354	4184,375	0,910683310897241					4184,375	0,894730079984863	4184,375	0,847258670138019					4184,375	0,731184157729874	4184,375	0,537777490728622																																			
4187,5	0,925755047925266			4187,5	0,92492707525301					4187,5	0,91342128625808	4187,5	0,910754913253368					4187,5	0,89441291878544	4187,5	0,847433780901412					4187,5	0,731246495365843	4187,5	0,538258893493287																																			
4190,625	0,925191148368991			4190,625	0,924899329931252					4190,625	0,913219852831197	4190,625	0,910534832474469					4190,625	0,894013225410394	4190,625	0,847124564393221					4190,625	0,730477428122486	4190,625	0,537278269759946																																			
4193,75	0,925238159118412			4193,75	0,925410467266062					4193,75	0,913463666441514	4193,75	0,910834875402103					4193,75	0,894193199739641	4193,75	0,84710348387668					4193,75	0,730198118211536	4193,75	0,536889392097286																																			
4196,875	0,925852259447994			4196,875	0,925716591637728					4196,875	0,914157773139506	4196,875	0,911123444304893					4196,875	0,894489629401727	4196,875	0,847477896193298					4196,875	0,730996013933491	4196,875	0,538503554066978																																			
4200	0,9260656182363			4200	0,926002183101023					4200	0,91443342029704	4200	0,91093488971221					4200	0,894347926664101	4200	0,847665065353797					4200	0,731391421048602	4200	0,538884941999013																																			
4203,125	0,925562731456523			4203,125	0,926270783838237					4203,125	0,914820536248359	4203,125	0,911427555630395					4203,125	0,894551740054538	4203,125	0,8481612324245					4203,125	0,732309073962854	4203,125	0,540241987246156																																			
4206,25	0,92562641547147			4206,25	0,926764539142251					4206,25	0,915630970405447	4206,25	0,912688299432767					4206,25	0,895963943211406	4206,25	0,850357637448815					4206,25	0,735736560613181	4206,25	0,546236234733482																																			
4209,375	0,925210601369284			4209,375	0,92673455729556					4209,375	0,915120794703086	4209,375	0,912322769293264					4209,375	0,895152576598999	4209,375	0,849630526231921					4209,375	0,734021914505691	4209,375	0,542596401938671																																			
4212,5	0,925442046769996			4212,5	0,926714641961039					4212,5	0,915178094871245	4212,5	0,911716231077755					4212,5	0,89430623737504	4212,5	0,848371100951224					4212,5	0,731383363097786	4212,5	0,538738893115156																																			
4215,625	0,925756734498187			4215,625	0,926578568433771					4215,625	0,915356357946782	4215,625	0,911601580419322					4215,625	0,894111485018833	4215,625	0,848337916935284					4215,625	0,73047202348855	4215,625	0,537963872355482																																			
4218,75	0,925414286809018			4218,75	0,926740480776729					4218,75	0,915443777115384	4218,75	0,911812531486692					4218,75	0,893907335131274	4218,75	0,848635553604894					4218,75	0,730894445517389	4218,75	0,538542382803364																																			
4221,875	0,925187398993149			4221,875	0,927286207806451					4221,875	0,916107721101571	4221,875	0,912345348781679					4221,875	0,893926782553132	4221,875	0,848838786700656					4221,875	0,731504785828889	4221,875	0,539845450680643																																			
4225	0,925341190675947			4225	0,927508484598333					4225	0,916956502682795	4225	0,912714134622749					4225	0,894035743336425	4225	0,849313070807642					4225	0,7321496705611	4225	0,540874162910189																																			
4228,125	0,925735193838309			4228,125	0,928153518738868					4228,125	0,917243663359078	4228,125	0,913043540812305					4228,125	0,894704629589799	4228,125	0,849981551326452					4228,125	0,733766906746996	4228,125	0,543078994907032																																			
4231,25	0,925983892426285			4231,25	0,927642371645287					4231,25	0,916860616212799	4231,25	0,912648574564044					4231,25	0,893866797809253	4231,25	0,848964471042724					4231,25	0,731547963187549	4231,25	0,53987926245568																																			
4234,375	0,925428532789582			4234,375	0,927742756183173					4234,375	0,916870929175403	4234,375	0,913211138052962					4234,375	0,894362341533333	4234,375	0,849484097310072					4234,375	0,732205358697353	4234,375	0,542057709086352																																			
4237,5	0,924726677748095			4237,5	0,928052791866269					4237,5	0,917443835667172	4237,5	0,913606441310428					4237,5	0,894815763106258	4237,5	0,850423810808837					4237,5	0,733677528355272	4237,5	0,543144802135017																																			
4240,625	0,925035652269307			4240,625	0,927567312535459					4240,625	0,917469511582331	4240,625	0,912814128843787					4240,625	0,893864512993151	4240,625	0,849501992215202					4240,625	0,731974793501752	4240,625	0,540092608667293																																			
4243,75	0,925185051024147			4243,75	0,928040643029848					4243,75	0,918487354157143	4243,75	0,913282019016916					4243,75	0,894888033507728	4243,75	0,850742476191816					4243,75	0,73443921637646	4243,75	0,543903935561081																																			
4246,875	0,925523237406983			4246,875	0,92772583884953					4246,875	0,917876076757851	4246,875	0,912599922931416					4246,875	0,893860436367897	4246,875	0,849511133415421					4246,875	0,730759932716375	4246,875	0,538702057253331																																			
4250	0,925938340041117			4250	0,928460756952266					4250	0,917744834865364	4250	0,912569743168531					4250	0,893918049722133	4250	0,849062749643197					4250	0,731679833745813	4250	0,540281652563794																																			
4253,125	0,926401245064958			4253,125	0,929171679990895					4253,125	0,918868097214237	4253,125	0,913377230840171					4253,125	0,894938723943508	4253,125	0,850140373552513					4253,125	0,7337030627939	4253,125	0,543306697312609																																			
4256,25	0,926365206409196			4256,25	0,928925778260331					4256,25	0,918785627675818	4256,25	0,913076011709367					4256,25	0,894680882076731	4256,25	0,849697076182197					4256,25	0,733025169351918	4256,25	0,541324483812034																																			
4259,375	0,926294013519355			4259,375	0,928731048613732					4259,375	0,918716600902671	4259,375	0,91290618829686					4259,375	0,894090990191333	4259,375	0,848991402351488					4259,375	0,732143637637299	4259,375	0,539415159803057																																			
4262,5	0,926501242107018			4262,5	0,928811394845074					4262,5	0,918432626960479	4262,5	0,912379068656239					4262,5	0,893344482113134	4262,5	0,848476565440474					4262,5	0,731135460061899	4262,5	0,538580879230424																																			
4265,625	0,926289725644262			4265,625	0,92916515606523					4265,625	0,918868588315112	4265,625	0,912461896066426					4265,625	0,89403757768679	4265,625	0,848912039927982					4265,625	0,731471425446119	4265,625	0,538414112783996																																			
4268,75	0,926015218146039			4268,75	0,929260171508859					4268,75	0,919016239148812	4268,75	0,912418573094748					4268,75	0,893951362422728	4268,75	0,848617445272184					4268,75	0,731321206382183	4268,75	0,537212542030424																																			
4271,875	0,926952396604023			4271,875	0,929366337109269					4271,875	0,919475601747903	4271,875	0,912462422808788					4271,875	0,894613934142465	4271,875	0,84824160166183					4271,875	0,73201810054137	4271,875	0,538937392796897																																			
4275	0,92606455801473			4275	0,928614241964937					4275	0,920232873020574	4275	0,911981203975507					4275	0,893146873932826	4275	0,847611502428251					4275	0,731710523291775	4275	0,537692267767224																																			
4278,125	0,926234904204148			4278,125	0,928934385314965					4278,125	0,919812394960197	4278,125	0,912037232168921					4278,125	0,893889092924541	4278,125	0,847569195169272					4278,125	0,731373795665983	4278,125	0,536812554747911																																			
4281,25	0,9258524244068			4281,25	0,929208827035936					4281,25	0,920070984415027	4281,25	0,912062602149118					4281,25	0,894225970674554	4281,25	0,847946264527811					4281,25	0,730877747554394	4281,25	0,537285385201444																																			
4284,375	0,926982639344178			4284,375	0,929207342350511					4284,375	0,91937202888905	4284,375	0,911225331121729					4284,375	0,893244380514936	4284,375	0,846398440727859					4284,375	0,728562242561035	4284,375	0,533714800787408																																			
4287,5	0,927636207175696			4287,5	0,92921679062278					4287,5	0,91911133855555	4287,5	0,911450060304305					4287,5	0,893596695110231	4287,5	0,846271820235657					4287,5	0,728711501736996	4287,5	0,532969970494285																																			
4290,625	0,926637552811333			4290,625	0,928991929182442					4290,625	0,919887840739192	4290,625	0,911573954876242					4290,625	0,893790168252834	4290,625	0,846311612687296					4290,625	0,729240462884596	4290,625	0,533864583536127																																			
4293,75	0,926260552458033			4293,75	0,929662605901168					4293,75	0,920857213726368	4293,75	0,912362488269927					4293,75	0,89481664782644	4293,75	0,847712234721457					4293,75	0,732053818195298	4293,75	0,53760908896105																																			
4296,875	0,926475489722076			4296,875	0,930180999757231					4296,875	0,921483721623921	4296,875	0,913030986721021					4296,875	0,895554409553064	4296,875	0,848781656530023					4296,875	0,733628929141406	4296,875	0,539606810126052																																			
4300	0,926907533461407			4300	0,929447583520991					4300	0,921311181293327	4300	0,912374062834721					4300	0,895280774866866	4300	0,84818506512226					4300	0,733005746235108	4300	0,53730665396243																																			
4303,125	0,92657158405652			4303,125	0,928929292738323					4303,125	0,920971561743569	4303,125	0,911389072180165					4303,125	0,894279724637106	4303,125	0,84680973786776					4303,125	0,731618243852125	4303,125	0,535518615228592																																			
4306,25	0,926435641390318			4306,25	0,929495709235394					4306,25	0,92156414868944	4306,25	0,911574622936404					4306,25	0,895385317201623	4306,25	0,847235939093652					4306,25	0,732998214633548	4306,25	0,537607690480574																																			
4309,375	0,926379938073618			4309,375	0,930018927942481					4309,375	0,921696998461657	4309,375	0,911404759876083					4309,375	0,89541403840218	4309,375	0,847119258072758					4309,375	0,733016243071358	4309,375	0,537735565692933																																			
4312,5	0,92652484588046			4312,5	0,929194912521121					4312,5	0,921302418843845	4312,5	0,910694408365626					4312,5	0,894626731398501	4312,5	0,845208919625999					4312,5	0,730138203690276	4312,5	0,53356128706604																																			
4315,625	0,926980541239816			4315,625	0,929678994647635					4315,625	0,922041484660642	4315,625	0,911355223551209					4315,625	0,895439987724623	4315,625	0,846106387447981					4315,625	0,731709986089633	4315,625	0,535543109285053																																			
4318,75	0,927036560213455			4318,75	0,929784000737629					4318,75	0,921750544598672	4318,75	0,911211901630447					4318,75	0,895645309215481	4318,75	0,84567684033316					4318,75	0,730606342937235	4318,75	0,533044835845396																																			
4321,875	0,92760416689754			4321,875	0,929613853273618					4321,875	0,921735133388995	4321,875	0,911439510261195					4321,875	0,895770279877233	4321,875	0,845929559822091					4321,875	0,731672316163641	4321,875	0,533321192925825																																			
4325	0,927109183631826			4325	0,929630591496513					4325	0,922156272072437	4325	0,911981389208012					4325	0,896179680714898	4325	0,846623888774277					4325	0,732613655476955	4325	0,536091099494509																																			
4328,125	0,927149188511405			4328,125	0,929035753367254					4328,125	0,92234288565728	4328,125	0,911432424708668					4328,125	0,895714739591183	4328,125	0,84526038079592					4328,125	0,730033896692602	4328,125	0,531623392418831																																			
4331,25	0,928053619681353			4331,25	0,9288976518534					4331,25	0,921626426414464	4331,25	0,910551200938626					4331,25	0,894883142863514	4331,25	0,84460624757374					4331,25	0,728303125645421	4331,25	0,528978321764803																																			
4334,375	0,927957463319177			4334,375	0,929614989540978					4334,375	0,922112451944035	4334,375	0,91128110644475					4334,375	0,895729747235625	4334,375	0,845723834208288					4334,375	0,731401552696599	4334,375	0,533673447237125																																			
4337,5	0,927291817199738			4337,5	0,928930356382766					4337,5	0,92157514157718	4337,5	0,910797209132752					4337,5	0,89502163370359	4337,5	0,844291273805181					4337,5	0,729023441286904	4337,5	0,529996798121885																																			
4340,625	0,928065321027485			4340,625	0,929629803187338					4340,625	0,922308942487511	4340,625	0,911366943805782					4340,625	0,896000449017095	4340,625	0,845697639399004					4340,625	0,730627986923702	4340,625	0,533900207831245																																			
4343,75	0,928023011323392			4343,75	0,929375429807705					4343,75	0,922458472081936	4343,75	0,911638267702877					4343,75	0,895952874185998	4343,75	0,845111014830916					4343,75	0,729909917642235	4343,75	0,531352805928903																																			
4346,875	0,927426752106627			4346,875	0,929828715860279					4346,875	0,922680107997354	4346,875	0,911623690097874					4346,875	0,896856532196269	4346,875	0,84572025643437					4346,875	0,730328631619033	4346,875	0,533323522083552																																			
4350	0,927972595661211			4350	0,929771771485986					4350	0,922911838568487	4350	0,911494780115758					4350	0,89669816878438	4350	0,846519594740268					4350	0,730520731387493	4350	0,533319389598567																																			
4353,125	0,927980764085833			4353,125	0,929436700304407					4353,125	0,923012040456009	4353,125	0,911556353249883					4353,125	0,896501937619012	4353,125	0,846009301883913					4353,125	0,730000747886574	4353,125	0,531590443332081																																			
4356,25	0,92788213433689			4356,25	0,929797761764867					4356,25	0,923126993594125	4356,25	0,911796655734148					4356,25	0,897006454792394	4356,25	0,845802220047905					4356,25	0,730141459312621	4356,25	0,53224006842406																																			
4359,375	0,928209830974193			4359,375	0,930358808627314					4359,375	0,923433622971089	4359,375	0,912533396404481					4359,375	0,897748011733459	4359,375	0,847843404151489					4359,375	0,73238865002198	4359,375	0,535035575505425																																			
4362,5	0,928409984942141			4362,5	0,929683624121332					4362,5	0,922763949475468	4362,5	0,910692912717182					4362,5	0,896251010379481	4362,5	0,845428767709901					4362,5	0,728649267097705	4362,5	0,52842118957138																																			
4365,625	0,928783759432958			4365,625	0,929731090274907					4365,625	0,923499430693569	4365,625	0,911101168703863					4365,625	0,896188912128364	4365,625	0,844628375795989					4365,625	0,727071094708106	4365,625	0,528197742800464																																			
4368,75	0,92873991074767			4368,75	0,929837956332131					4368,75	0,923080722554485	4368,75	0,910812150751699					4368,75	0,896212011377484	4368,75	0,844806385270166					4368,75	0,726981255358968	4368,75	0,527348516394368																																			
4371,875	0,929479745322397			4371,875	0,930596575624836					4371,875	0,923804185373035	4371,875	0,912049275518492					4371,875	0,897322988566269	4371,875	0,847140177762178					4371,875	0,730437529945061	4371,875	0,533239308960248																																			
4375	0,928790808290571			4375	0,930742844993959					4375	0,92404495943767	4375	0,911982741443778					4375	0,897382086285393	4375	0,848034531972278					4375	0,731631903273074	4375	0,534766721299343																																			
4378,125	0,92941046189704			4378,125	0,929857561216582					4378,125	0,923053256087431	4378,125	0,910411787249498					4378,125	0,89555806274987	4378,125	0,845292923416607					4378,125	0,727467550870468	4378,125	0,52546163299043																																			
4381,25	0,929839744917887			4381,25	0,93102135371718					4381,25	0,923854556841517	4381,25	0,911367557684454					4381,25	0,896139941940543	4381,25	0,846108395462121					4381,25	0,729012765152164	4381,25	0,529889576272354																																			
4384,375	0,928696402881599			4384,375	0,931455163953858					4384,375	0,92432743461363	4384,375	0,912197754030925					4384,375	0,896334470079396	4384,375	0,847305207377804					4384,375	0,729980907397476	4384,375	0,53343112065507																																			
4387,5	0,929423805824008			4387,5	0,931903066036492					4387,5	0,924742389411057	4387,5	0,912937181793276					4387,5	0,896367332132422	4387,5	0,84872267378265					4387,5	0,73186385689359	4387,5	0,536758186227785																																			
4390,625	0,928957503757272			4390,625	0,931894535502394					4390,625	0,924624564741478	4390,625	0,912758875285607					4390,625	0,895556901831865	4390,625	0,847809689261448					4390,625	0,730818227070694	4390,625	0,53362603005642																																			
4393,75	0,929497950735548			4393,75	0,93144064057922					4393,75	0,924066068974369	4393,75	0,912617890765669					4393,75	0,894766447999609	4393,75	0,847252952965781					4393,75	0,72931939808923	4393,75	0,531527542583762																																			
4396,875	0,928912818310751			4396,875	0,931670523169439					4396,875	0,924159245954787	4396,875	0,912392615693178					4396,875	0,894013336432805	4396,875	0,846881285080258					4396,875	0,727353967676325	4396,875	0,529554127979934																																			
4400	0,929448721153533			4400	0,932291764066304					4400	0,924623620599358	4400	0,912615505960092					4400	0,894334430984099	4400	0,847310105454572					4400	0,729000789848976	4400	0,530945182055453																																			
4403,125	0,930143503788156			4403,125	0,932647025250682					4403,125	0,924604933141655	4403,125	0,913366835703464					4403,125	0,894744174964736	4403,125	0,849051518163332					4403,125	0,730946705843802	4403,125	0,534549094019108																																			
4406,25	0,930026382768951			4406,25	0,932727758110475					4406,25	0,924610979220612	4406,25	0,913542937872404					4406,25	0,894396695551345	4406,25	0,849080794014586					4406,25	0,730976748010663	4406,25	0,534353758100004																																			
4409,375	0,929756366556597			4409,375	0,932767947875034					4409,375	0,924086893132762	4409,375	0,913103931703224					4409,375	0,893553573083377	4409,375	0,848670844343124					4409,375	0,728906285570696	4409,375	0,53057786704751																																			
4412,5	0,930638350081932			4412,5	0,93327885963928					4412,5	0,924316446157017	4412,5	0,913541552244012					4412,5	0,893799662750268	4412,5	0,848901367579868					4412,5	0,729074310404087	4412,5	0,531358088933628																																			
4415,625	0,931198123037099			4415,625	0,933413051748226					4415,625	0,923833570341216	4415,625	0,913380051467102					4415,625	0,892985149987359	4415,625	0,848431100072227					4415,625	0,729879119618155	4415,625	0,532664389369946																																			
4418,75	0,931420770613119			4418,75	0,933585855006292					4418,75	0,923331388418207	4418,75	0,913240433634627					4418,75	0,892271599947191	4418,75	0,848861959645753					4418,75	0,729581962734049	4418,75	0,531544614627085																																			
4421,875	0,931350896036113			4421,875	0,933583034664213					4421,875	0,923306859804584	4421,875	0,913312711865359					4421,875	0,891785321247394	4421,875	0,84868130146862					4421,875	0,728388445477225	4421,875	0,531373064796026																																			
4425	0,931938099170161			4425	0,934511109491917					4425	0,923847870370638	4425	0,914103667836441					4425	0,892413436503767	4425	0,8500708777229					4425	0,730135522431794	4425	0,535116255556216																																			
4428,125	0,931671249194874			4428,125	0,934305713771444					4428,125	0,923245181954514	4428,125	0,913929102807043					4428,125	0,891682527991389	4428,125	0,849550201003634					4428,125	0,729223020241867	4428,125	0,53310589074226																																			
4431,25	0,931583750480888			4431,25	0,934346247539363					4431,25	0,923058617824497	4431,25	0,913859988610176					4431,25	0,891451992868777	4431,25	0,849526704278756					4431,25	0,726983556315858	4431,25	0,530319179521143																																			
4434,375	0,932289423199593			4434,375	0,934583777488343					4434,375	0,923065840996992	4434,375	0,914753894139159					4434,375	0,892325474889427	4434,375	0,850121393654792					4434,375	0,727666341890851	4434,375	0,531132002996447																																			
4437,5	0,931657943161361			4437,5	0,935048168033689					4437,5	0,92365205343603	4437,5	0,915226290246066					4437,5	0,892145132032028	4437,5	0,851152457537617					4437,5	0,729091606862356	4437,5	0,53167031892128																																			
4440,625	0,931641634252517			4440,625	0,935296943983189					4440,625	0,923190598521104	4440,625	0,915493718833018					4440,625	0,892104261086216	4440,625	0,85071878190757					4440,625	0,728901109048713	4440,625	0,531754377332377																																			
4443,75	0,93218717159716			4443,75	0,935711292113806					4443,75	0,923479735719825	4443,75	0,915986538359999					4443,75	0,893070213205079	4443,75	0,85194907160824					4443,75	0,732559593477515	4443,75	0,535792224956299																																			
4446,875	0,932831889562844			4446,875	0,935631929780889					4446,875	0,92248284562442	4446,875	0,915464579716642					4446,875	0,89171498251585	4446,875	0,851264725937565					4446,875	0,730340623469184	4446,875	0,53252364348973																																			
4450	0,933058857136488			4450	0,935928793212131					4450	0,922433270775667	4450	0,915458405575089					4450	0,891473063892508	4450	0,850550932739555					4450	0,728653955996584	4450	0,530395536131394																																			
4453,125	0,93311472729992			4453,125	0,936147925058975					4453,125	0,922546591635308	4453,125	0,915949110318264					4453,125	0,892107831304473	4453,125	0,851326002318441					4453,125	0,729247906317302	4453,125	0,532098348529326																																			
4456,25	0,93262939692789			4456,25	0,936707232627971					4456,25	0,922991116540422	4456,25	0,916917733814245					4456,25	0,892715677664057	4456,25	0,852466618815904					4456,25	0,731490261638389	4456,25	0,535071367069695																																			
4459,375	0,93313358109472			4459,375	0,937169412363016					4459,375	0,923560903148939	4459,375	0,917027783546756					4459,375	0,893375940335611	4459,375	0,853163025642174					4459,375	0,73241188231197	4459,375	0,537411530771398																																			
4462,5	0,933156013593201			4462,5	0,936649623834566					4462,5	0,922379124446444	4462,5	0,916686873012109					4462,5	0,891920820934848	4462,5	0,852253812163671					4462,5	0,727635035262659	4462,5	0,531261751005672																																			
4465,625	0,933831471732943			4465,625	0,937561380154609					4465,625	0,92224599462623	4465,625	0,916985968893955					4465,625	0,892629818228065	4465,625	0,852751147712525					4465,625	0,729765981677088	4465,625	0,531523500395951																																			
4468,75	0,933957440702831			4468,75	0,937640667860493					4468,75	0,921989746989252	4468,75	0,916434562086825					4468,75	0,892253562004948	4468,75	0,852340329661051					4468,75	0,729175365451685	4468,75	0,528073917299808																																			
4471,875	0,933651897338259			4471,875	0,937611354654364					4471,875	0,923341351579088	4471,875	0,91721709853655					4471,875	0,89281141407828	4471,875	0,852438966241916					4471,875	0,732856295802702	4471,875	0,532538135297703																																			
4475	0,933138270616209			4475	0,937973199976667					4475	0,923860840089005	4475	0,918113381635636					4475	0,893826076884212	4475	0,853217979656644					4475	0,733020119974035	4475	0,532482387852966																																			
4478,125	0,934107419284159			4478,125	0,938730864358599					4478,125	0,923773829302528	4478,125	0,918335988823986					4478,125	0,894727964315164	4478,125	0,854359078255974					4478,125	0,733459787889402	4478,125	0,534542265754507																																			
4481,25	0,934472580012794			4481,25	0,938221631216086					4481,25	0,923078962677642	4481,25	0,917935495309902					4481,25	0,893436635739836	4481,25	0,853626814132393					4481,25	0,730898148658509	4481,25	0,529974711348274																																			
4484,375	0,935437534271473			4484,375	0,938173679725026					4484,375	0,922736486289289	4484,375	0,917982832766227					4484,375	0,893875519535471	4484,375	0,853031469002342					4484,375	0,730759841145707	4484,375	0,527725508763212																																			
4487,5	0,934443937976816			4487,5	0,938858187505584					4487,5	0,92325773991557	4487,5	0,919009557604972					4487,5	0,895022626291393	4487,5	0,854432159777131					4487,5	0,733628603849816	4487,5	0,531489728976269																																			
4490,625	0,934955770476474			4490,625	0,939846523050394					4490,625	0,924144626097405	4490,625	0,919085918375337					4490,625	0,894476790104033	4490,625	0,854051818386532					4490,625	0,732999539597022	4490,625	0,532182768635337																																			
4493,75	0,935516899291438			4493,75	0,939770416900426					4493,75	0,924512621301403	4493,75	0,919389544539757					4493,75	0,894780025173545	4493,75	0,853636857389795					4493,75	0,733060658403463	4493,75	0,531214750227136																																			
4496,875	0,935560977370676			4496,875	0,940313724318009					4496,875	0,92499483682102	4496,875	0,919846867843736					4496,875	0,895676377392977	4496,875	0,854420564834042					4496,875	0,736403655941191	4496,875	0,534772740863188																																			
4500	0,935616612196175			4500	0,940342299595706					4500	0,925109260262496	4500	0,919630741698259					4500	0,895021851361066	4500	0,853368878218388					4500	0,733100551153018	4500	0,530500010353436																																			
4503,125	0,935163887713813			4503,125	0,940682837851931					4503,125	0,925066569509603	4503,125	0,919719248740306					4503,125	0,895156789032516	4503,125	0,85332323933218					4503,125	0,73315531938209	4503,125	0,531310511169445																																			
4506,25	0,935625196027019			4506,25	0,94051730427507					4506,25	0,924830824571035	4506,25	0,919405041155161					4506,25	0,894946116011739	4506,25	0,852222165393273					4506,25	0,73295829143274	4506,25	0,527423646009043																																			
4509,375	0,936515639354877			4509,375	0,940598298021345					4509,375	0,925427633196019	4509,375	0,919987024326697					4509,375	0,894914096938416	4509,375	0,85265567146388					4509,375	0,733173050755234	4509,375	0,527173193123307																																			
4512,5	0,936827912406169			4512,5	0,941035582358585					4512,5	0,925584978401234	4512,5	0,920505095347988					4512,5	0,895958161626015	4512,5	0,854869064552323					4512,5	0,737467251217944	4512,5	0,532215860755553																																			
4515,625	0,937052454963899			4515,625	0,941389470988619					4515,625	0,925327463255117	4515,625	0,920648625208677					4515,625	0,896508008321255	4515,625	0,85429401525518					4515,625	0,737269846518717	4515,625	0,532316803961015																																			
4518,75	0,936801466493081			4518,75	0,94132319066167					4518,75	0,925402025608144	4518,75	0,920397806985146					4518,75	0,895998006845774	4518,75	0,852913683622479					4518,75	0,733998385092237	4518,75	0,526762225418582																																			
4521,875	0,937162924257617			4521,875	0,941269343225646					4521,875	0,925947064796627	4521,875	0,920935897709437					4521,875	0,896153995524497	4521,875	0,852413391996709					4521,875	0,735027464060339	4521,875	0,527284877621904																																			
4525	0,937471775897468			4525	0,941612800070844					4525	0,925870995029492	4525	0,921531053998811					4525	0,896710932144386	4525	0,853951553039351					4525	0,738016300806649	4525	0,530379377199174																																			
4528,125	0,937869563133759			4528,125	0,942423626210932					4528,125	0,926886149608143	4528,125	0,922331632320992					4528,125	0,897721892868356	4528,125	0,855194220171874					4528,125	0,740046947636535	4528,125	0,536994848267654																																			
4531,25	0,937967548470394			4531,25	0,942884619114797					4531,25	0,927239492226835	4531,25	0,922458063720677					4531,25	0,897668620411758	4531,25	0,855739586672928					4531,25	0,740427040087711	4531,25	0,537114156459289																																			
4534,375	0,937861387524384			4534,375	0,942961340136604					4534,375	0,927020470401215	4534,375	0,922436741163282					4534,375	0,897470759909474	4534,375	0,855150089526163					4534,375	0,739365105372901	4534,375	0,53511631327594																																			
4537,5	0,93792401705322			4537,5	0,94324002721426					4537,5	0,926899577142163	4537,5	0,92291023336945					4537,5	0,897962846569147	4537,5	0,855320202924812					4537,5	0,739893729952249	4537,5	0,53610334294234																																			
4540,625	0,938444548562463			4540,625	0,943415580601115					4540,625	0,927128316268856	4540,625	0,923334184804267					4540,625	0,898144004925524	4540,625	0,856142369935771					4540,625	0,741825468458061	4540,625	0,537433123756334																																			
4543,75	0,93851536134139			4543,75	0,943525740093913					4543,75	0,926972104924773	4543,75	0,923104669132833					4543,75	0,898379914936475	4543,75	0,855782691732038					4543,75	0,740498166191816	4543,75	0,5364370569927																																			
4546,875	0,938463852330662			4546,875	0,943717000781597					4546,875	0,927429228210051	4546,875	0,923450599351268					4546,875	0,898603579689409	4546,875	0,856103058583971					4546,875	0,740621694316284	4546,875	0,535484485914197																																			
4550	0,938799708029351			4550	0,943877459643485					4550	0,927681620968216	4550	0,923467189907473					4550	0,898482255329055	4550	0,855974169813084					4550	0,740336705620473	4550	0,533401612138523																																			
4553,125	0,939263548454242			4553,125	0,944456451806009					4553,125	0,928342108000453	4553,125	0,924401660151883					4553,125	0,899137441939475	4553,125	0,858479008319744					4553,125	0,742245922305576	4553,125	0,538867895656463																																			
4556,25	0,939451048345121			4556,25	0,944699459790536					4556,25	0,928034001211181	4556,25	0,923934904395772					4556,25	0,899028011252347	4556,25	0,857678348061442					4556,25	0,742443260285121	4556,25	0,539179619304242																																			
4559,375	0,93961844774608			4559,375	0,944882453081204					4559,375	0,9282211182352	4559,375	0,92408835327151					4559,375	0,899586980791841	4559,375	0,857549826438263					4559,375	0,741338835832549	4559,375	0,53648726484496																																			
4562,5	0,939216360971632			4562,5	0,944377364906161					4562,5	0,927728237002091	4562,5	0,923358551371124					4562,5	0,898191730127466	4562,5	0,856542977531896					4562,5	0,741079656644904	4562,5	0,535950116675383																																			
4565,625	0,939593977400237			4565,625	0,944808042092373					4565,625	0,927656386043563	4565,625	0,923905723783908					4565,625	0,899161821757727	4565,625	0,856727449397131					4565,625	0,741804790114788	4565,625	0,538244094110216																																			
4568,75	0,940019171459137			4568,75	0,944931702060507					4568,75	0,92759303812034	4568,75	0,924435845041882					4568,75	0,899312190379641	4568,75	0,856237852211126					4568,75	0,740697799825238	4568,75	0,536737919544676																																			
4571,875	0,940084425543432			4571,875	0,945169269064156					4571,875	0,928535941642151	4571,875	0,924952923526739					4571,875	0,899797259071491	4571,875	0,85760824860557					4571,875	0,742693566478261	4571,875	0,539660708420185																																			
4575	0,940425224908196			4575	0,945056435132558					4575	0,928883758416698	4575	0,924824852475492					4575	0,90006690542204	4575	0,858122576086502					4575	0,744328871739081	4575	0,540167460477261																																			
4578,125	0,940824855954862			4578,125	0,945412170404646					4578,125	0,929111474573385	4578,125	0,925279425907129					4578,125	0,901174019227619	4578,125	0,859575309074524					4578,125	0,745899491967186	4578,125	0,542970313692146																																			
4581,25	0,941054059108083			4581,25	0,945665743969457					4581,25	0,928875440226156	4581,25	0,925355503013571					4581,25	0,901436762032756	4581,25	0,860091488211558					4581,25	0,747077184905862	4581,25	0,546418206566345																																			
4584,375	0,940702594991661			4584,375	0,945341757966275					4584,375	0,929124928050704	4584,375	0,925083179868785					4584,375	0,900811817060202	4584,375	0,859515307123213					4584,375	0,746220827102144	4584,375	0,544420547035023																																			
4587,5	0,940854986321725			4587,5	0,945225669785318					4587,5	0,929241262707831	4587,5	0,925204766173922					4587,5	0,900519583057465	4587,5	0,859028723408408					4587,5	0,745172736269425	4587,5	0,540915472192729																																			
4590,625	0,941171214906466			4590,625	0,945322958209832					4590,625	0,929132737405503	4590,625	0,925183639224841					4590,625	0,900596198083531	4590,625	0,859359657633441					4590,625	0,745261897497031	4590,625	0,540529314512446																																			
4593,75	0,940967525201799			4593,75	0,945391333547454					4593,75	0,929027652084803	4593,75	0,925284544833928					4593,75	0,900684866008018	4593,75	0,859476874016538					4593,75	0,745523298658023	4593,75	0,541823575633132																																			
4596,875	0,941426345264079			4596,875	0,945889748182544					4596,875	0,929914622500687	4596,875	0,926253394095206					4596,875	0,901815602742744	4596,875	0,860706278178691					4596,875	0,748042788836423	4596,875	0,546264922400098																																			
4600	0,941446218181957			4600	0,945514561774945					4600	0,929118223289868	4600	0,925456974935739					4600	0,901324786543974	4600	0,860391328750822					4600	0,746047031988348	4600	0,543965696401087																																			
4603,125	0,941730611944853			4603,125	0,944932529666594					4603,125	0,928945664627377	4603,125	0,924904914882426					4603,125	0,900633103514174	4603,125	0,859900475328284					4603,125	0,745355710657031	4603,125	0,540542351414921																																			
4606,25	0,942455541502825			4606,25	0,945350003329338					4606,25	0,92959465015677	4606,25	0,925705827349885					4606,25	0,901684770808944	4606,25	0,860863045998372					4606,25	0,748358694195071	4606,25	0,544947547379483																																			
4609,375	0,942088222928706			4609,375	0,945248916785769					4609,375	0,929536683853638	4609,375	0,925596243571829					4609,375	0,901535691008393	4609,375	0,860197195559521					4609,375	0,746847204166977	4609,375	0,54221955586916																																			
4612,5	0,942168982847326			4612,5	0,945293813509649					4612,5	0,929584251570657	4612,5	0,92553469974588					4612,5	0,901625457503321	4612,5	0,860664958435031					4612,5	0,748251595881156	4612,5	0,544069530885582																																			
4615,625	0,942735529485916			4615,625	0,94559689165558					4615,625	0,929869164906069	4615,625	0,926074444179995					4615,625	0,90251447827946	4615,625	0,862005156829905					4615,625	0,750158309221799	4615,625	0,547400042019193																																			
4618,75	0,942782452618744			4618,75	0,945296632785576					4618,75	0,929385685258414	4618,75	0,925537458122483					4618,75	0,902148455038978	4618,75	0,861218546268125					4618,75	0,748171460704051	4618,75	0,545287109808218																																			
4621,875	0,942959797956427			4621,875	0,94507747478782					4621,875	0,929325955447707	4621,875	0,925374777878929					4621,875	0,901915178644825	4621,875	0,861609584025759					4621,875	0,750503545963574	4621,875	0,54702258037137																																			
4625	0,943220032850209			4625	0,94592650793862					4625	0,929902194335791	4625	0,926410296195483					4625	0,90278564597478	4625	0,863236915011847					4625	0,75399217975221	4625	0,553146129625943																																			
4628,125	0,943037678248936			4628,125	0,945260231519011					4628,125	0,929520222888869	4628,125	0,926385912214056					4628,125	0,902840988443235	4628,125	0,86237053790578					4628,125	0,751688897527015	4628,125	0,551158959293633																																			
4631,25	0,943456019601602			4631,25	0,945297415026481					4631,25	0,930395525643016	4631,25	0,926503706802598					4631,25	0,902943942932928	4631,25	0,86285044364293					4631,25	0,75214951227653	4631,25	0,551826230798545																																			
4634,375	0,943605985728773			4634,375	0,94510663752601					4634,375	0,93001396122485	4634,375	0,926225148277427					4634,375	0,902057110795106	4634,375	0,861935513759029					4634,375	0,750842415043981	4634,375	0,547507504335728																																			
4637,5	0,943772953796795			4637,5	0,945160978198108					4637,5	0,929652763657474	4637,5	0,926048329798337					4637,5	0,902634927315951	4637,5	0,862332184172531					4637,5	0,751734836724749	4637,5	0,547510871085875																																			
4640,625	0,944201895656414			4640,625	0,945158008308752					4640,625	0,92959020924483	4640,625	0,926162100301493					4640,625	0,903452168950717	4640,625	0,862993581633129					4640,625	0,751981093627557	4640,625	0,547777134491703																																			
4643,75	0,944357327231524			4643,75	0,944933610161377					4643,75	0,929580306965305	4643,75	0,926440273316745					4643,75	0,902734436943572	4643,75	0,863744045895912					4643,75	0,752858317745245	4643,75	0,552111972661031																																			
4646,875	0,944197591275562			4646,875	0,944820640920697					4646,875	0,929654288195849	4646,875	0,926522986669269					4646,875	0,902335518625364	4646,875	0,863534319214572					4646,875	0,753563074302	4646,875	0,551789502441541																																			
4650	0,943726567423447			4650	0,944639409032729					4650	0,929655359445465	4650	0,926881416725307					4650	0,902447339098252	4650	0,863919911027172					4650	0,753970163048717	4650	0,551910457765732																																			
4653,125	0,943997260082087			4653,125	0,94468504827975					4653,125	0,929247430771045	4653,125	0,926655455613436					4653,125	0,901988826325058	4653,125	0,863772984907219					4653,125	0,753209693129666	4653,125	0,549086299809842																																			
4656,25	0,944203805373003			4656,25	0,944480281810324					4656,25	0,928961552973525	4656,25	0,926543293121161					4656,25	0,902009690020979	4656,25	0,8633239584953					4656,25	0,753520746931031	4656,25	0,549734207974755																																			
4659,375	0,944087745447834			4659,375	0,944496152824451					4659,375	0,929041197403313	4659,375	0,926434759194404					4659,375	0,901933884150298	4659,375	0,863117962762046					4659,375	0,753985535836335	4659,375	0,548358754610525																																			
4662,5	0,944073712975378			4662,5	0,94358595476782					4662,5	0,928408017648936	4662,5	0,925510081718314					4662,5	0,900198635327748	4662,5	0,861123094844544					4662,5	0,749473933315772	4662,5	0,543153411306811																																			
4665,625	0,944316031039604			4665,625	0,943918339028776					4665,625	0,928605568488724	4665,625	0,92577193808316					4665,625	0,900986410589062	4665,625	0,862957877239597					4665,625	0,753624896191272	4665,625	0,547667860883583																																			
4668,75	0,944241339351594			4668,75	0,944193371848829					4668,75	0,928715036925395	4668,75	0,926375082201648					4668,75	0,901945121572861	4668,75	0,864101599142834					4668,75	0,755486043480963	4668,75	0,550926558642975																																			
4671,875	0,944418396917988			4671,875	0,943819114420607					4671,875	0,928030314407802	4671,875	0,926566121288982					4671,875	0,902145504417326	4671,875	0,864976803116413					4671,875	0,756232837466452	4671,875	0,554034432293115																																			
4675	0,944391710903982			4675	0,943897791961892					4675	0,928346409003419	4675	0,926904114745634					4675	0,902130884375365	4675	0,864752396815782					4675	0,756663887864806	4675	0,55461422199784																																			
4678,125	0,9441568511298			4678,125	0,943470515401449					4678,125	0,928276719534627	4678,125	0,92688493911878					4678,125	0,901333675104893	4678,125	0,863349795037349					4678,125	0,754652242817491	4678,125	0,550151524766666																																			
4681,25	0,944324962294975			4681,25	0,944052813497339					4681,25	0,928679997035587	4681,25	0,927311371203468					4681,25	0,902196542362082	4681,25	0,865455461202002					4681,25	0,758690834271398	4681,25	0,557863966208291																																			
4684,375	0,944433540223945			4684,375	0,943774315061263					4684,375	0,928089558044439	4684,375	0,926878629077795					4684,375	0,900481051240034	4684,375	0,863636871116066					4684,375	0,755932822221896	4684,375	0,552753854725774																																			
4687,5	0,944328658294896			4687,5	0,94321032841821					4687,5	0,927948773798349	4687,5	0,927110707725407					4687,5	0,900065315530299	4687,5	0,863687162232461					4687,5	0,755221109104317	4687,5	0,551354333959376																																			
4690,625	0,944191707303778			4690,625	0,943555933713581					4690,625	0,927748999219204	4690,625	0,927350718272419					4690,625	0,900737776473754	4690,625	0,864938485347353					4690,625	0,757472182625303	4690,625	0,554091008251816																																			
4693,75	0,944564063486558			4693,75	0,94344760484286					4693,75	0,927519810422275	4693,75	0,92751358809313					4693,75	0,900541718081715	4693,75	0,863823795867679					4693,75	0,758131712143111	4693,75	0,554487857188849																																			
4696,875	0,94358143560881			4696,875	0,942783729577873					4696,875	0,927159337665967	4696,875	0,927702154731782					4696,875	0,899432452408014	4696,875	0,863074757052296					4696,875	0,756935370251175	4696,875	0,551710488271967																																			
4700	0,943721133235873			4700	0,942054228584472					4700	0,926754424665924	4700	0,9271709737265					4700	0,898470235571589	4700	0,863431897905563					4700	0,755499148241989	4700	0,545813698346979																																			
4703,125	0,943722854365514			4703,125	0,942761056168855					4703,125	0,92712791987469	4703,125	0,928005975548356					4703,125	0,899209589501845	4703,125	0,864219056005288					4703,125	0,757399685198618	4703,125	0,550809149687026																																			
4706,25	0,944409474659353			4706,25	0,942360815970097					4706,25	0,926861345022874	4706,25	0,92779300608264					4706,25	0,899453766395556	4706,25	0,864004892812954					4706,25	0,757408452508788	4706,25	0,552115032157277																																			
4709,375	0,94389231276764			4709,375	0,942078717083131					4709,375	0,926275697596187	4709,375	0,927694262058883					4709,375	0,898816398748958	4709,375	0,863022205412071					4709,375	0,756534087840197	4709,375	0,5485234540212																																			
4712,5	0,943622770811311			4712,5	0,942189384474558					4712,5	0,926123767015796	4712,5	0,927500342932693					4712,5	0,898547415536137	4712,5	0,86246489837625					4712,5	0,756240681388097	4712,5	0,548452813043579																																			
4715,625	0,943979016020199			4715,625	0,942246430313168					4715,625	0,926082626627265	4715,625	0,927587462119508					4715,625	0,898810128840925	4715,625	0,863169580119859					4715,625	0,757607243115886	4715,625	0,550956830684599																																			
4718,75	0,943903160599454			4718,75	0,942182129962356					4718,75	0,926031961465107	4718,75	0,92764961516213					4718,75	0,898932868330573	4718,75	0,863740759374682					4718,75	0,759801007570548	4718,75	0,554012870131827																																			
4721,875	0,943654199568983			4721,875	0,941895332730751					4721,875	0,926000783053865	4721,875	0,927614516144349					4721,875	0,898730684889516	4721,875	0,862921567822317					4721,875	0,757846834096966	4721,875	0,550342330428836																																			
4725	0,9434809416616			4725	0,941508202884903					4725	0,92556656366921	4725	0,927062623483973					4725	0,898173921335777	4725	0,862019175415066					4725	0,7570258656301	4725	0,547538034061195																																			
4728,125	0,943235740230592			4728,125	0,941703374745606					4728,125	0,924894886066789	4728,125	0,92693864637061					4728,125	0,897735691759237	4728,125	0,861696458518471					4728,125	0,757669593326471	4728,125	0,545266310078797																																			
4731,25	0,94329995787945			4731,25	0,940843695689445					4731,25	0,924161268889047	4731,25	0,926293114266983					4731,25	0,897414905521413	4731,25	0,860112134082313					4731,25	0,755648258687742	4731,25	0,539401194626055																																			
4734,375	0,94309829982559			4734,375	0,940588559851406					4734,375	0,923903986904181	4734,375	0,926293632065203					4734,375	0,897519471966986	4734,375	0,860644612972218					4734,375	0,755217247725202	4734,375	0,539666142682729																																			
4737,5	0,943067385010616			4737,5	0,940467634814758					4737,5	0,924101541296921	4737,5	0,926539028119678					4737,5	0,897187886794242	4737,5	0,860518378702171					4737,5	0,755718837354012	4737,5	0,541344005148701																																			
4740,625	0,943248103827742			4740,625	0,940563043908788					4740,625	0,924342649559251	4740,625	0,926088757229652					4740,625	0,8969678972366	4740,625	0,860777305462702					4740,625	0,756840417346924	4740,625	0,543288238262758																																			
4743,75	0,942890397744735			4743,75	0,940268203705812					4743,75	0,924066825873247	4743,75	0,926136489078339					4743,75	0,896540961610546	4743,75	0,861107442022059					4743,75	0,757400089520943	4743,75	0,541548587184394																																			
4746,875	0,942657885274008			4746,875	0,940251606713426					4746,875	0,92364245396804	4746,875	0,926236315194778					4746,875	0,896241753049304	4746,875	0,860713612234594					4746,875	0,75757364423181	4746,875	0,542451906476842																																			
4750	0,942707700100164			4750	0,939953061199948					4750	0,923063929793517	4750	0,925858581490908					4750	0,89541133688683	4750	0,859239791918659					4750	0,756245785637029	4750	0,541047119113574																																			
4753,125	0,942765480924135			4753,125	0,939511732598132					4753,125	0,922260798706532	4753,125	0,925288068221701					4753,125	0,894514187523047	4753,125	0,857937449580547					4753,125	0,754198747383164	4753,125	0,536507901776049																																			
4756,25	0,942893908130481			4756,25	0,93909244760242					4756,25	0,922552120080633	4756,25	0,925428940103045					4756,25	0,894799222913451	4756,25	0,858370046621729					4756,25	0,754647416238233	4756,25	0,538263075482202																																			
4759,375	0,942215974035403			4759,375	0,939354381906524					4759,375	0,922172701319785	4759,375	0,925166685648914					4759,375	0,895616059646105	4759,375	0,859171612530667					4759,375	0,755670087975521	4759,375	0,5398301264463																																			
4762,5	0,942115237052478			4762,5	0,939073716021122					4762,5	0,921624718297344	4762,5	0,925025526793363					4762,5	0,895542815013539	4762,5	0,858369041467874					4762,5	0,755082537772205	4762,5	0,538235688392708																																			
4765,625	0,942291225847525			4765,625	0,938463920180606					4765,625	0,92117282714005	4765,625	0,925215242280616					4765,625	0,895348827672845	4765,625	0,85762061846085					4765,625	0,754000572103286	4765,625	0,534790826593821																																			
4768,75	0,94207455489676			4768,75	0,938516944519215					4768,75	0,921004178072004	4768,75	0,924882133030072					4768,75	0,895102132201125	4768,75	0,85678603386896					4768,75	0,753335037833382	4768,75	0,534078476777277																																			
4771,875	0,941028331489995			4771,875	0,938299529704622					4771,875	0,920648559644571	4771,875	0,923827711022283					4771,875	0,894910711446112	4771,875	0,856358296925412					4771,875	0,752610034574744	4771,875	0,532322836362272																																			
4775	0,941401614831694			4775	0,938297990967421					4775	0,920951298842437	4775	0,923946411083548					4775	0,896029217800826	4775	0,857335372073186					4775	0,754025090864905	4775	0,537559971199582																																			
4778,125	0,941345068860526			4778,125	0,937487593048613					4778,125	0,92044117183733	4778,125	0,923987809016568					4778,125	0,894450660016619	4778,125	0,855876887327238					4778,125	0,750944096697792	4778,125	0,531612605634057																																			
4781,25	0,940949288702186			4781,25	0,937286764003557					4781,25	0,920402402669653	4781,25	0,924347127214851					4781,25	0,895037850076344	4781,25	0,855428878724913					4781,25	0,751434214326513	4781,25	0,534845990064228																																			
4784,375	0,941199808409527			4784,375	0,937156678009593					4784,375	0,919648267182074	4784,375	0,92381957735261					4784,375	0,894996007684818	4784,375	0,855134830709302					4784,375	0,75013276208286	4784,375	0,532449771392506																																			
4787,5	0,941332769766259			4787,5	0,936913411238007					4787,5	0,91938803126218	4787,5	0,923483685118968					4787,5	0,894578194683835	4787,5	0,854849083576474					4787,5	0,750560985645808	4787,5	0,531349225188031																																			
4790,625	0,941181647344465			4790,625	0,936669061143519					4790,625	0,919298781010602	4790,625	0,923201839592134					4790,625	0,894272200793487	4790,625	0,854752962002007					4790,625	0,7514213686517	4790,625	0,532451873385084																																			
4793,75	0,940987579355014			4793,75	0,936425337187254					4793,75	0,918570599536199	4793,75	0,922560754613586					4793,75	0,893858044408108	4793,75	0,852380486679037					4793,75	0,748342136869917	4793,75	0,527910662402725																																			
4796,875	0,940584960664764			4796,875	0,93575457562508					4796,875	0,918455531854113	4796,875	0,922358556692279					4796,875	0,893389311084848	4796,875	0,851578376560808					4796,875	0,748112016046437	4796,875	0,524545245186122																																			
4800	0,940161978601278			4800	0,935388036760717					4800	0,918016082622993	4800	0,922429368122359					4800	0,893532312430454	4800	0,851684559609886					4800	0,749790213797305	4800	0,527171381989638																																			
4803,125	0,939944627843492			4803,125	0,934844897024245					4803,125	0,918014837487903	4803,125	0,921938072439986					4803,125	0,892914416115059	4803,125	0,850025850389912					4803,125	0,748785566036715	4803,125	0,525472881301549																																			
4806,25	0,939641569299789			4806,25	0,93465722475126					4806,25	0,917867658297839	4806,25	0,921552095511235					4806,25	0,891682298444858	4806,25	0,850094635422392					4806,25	0,746618143171632	4806,25	0,523784255856124																																			
4809,375	0,939595083063437			4809,375	0,934600190338852					4809,375	0,917681533485374	4809,375	0,92140631745525					4809,375	0,891951657235965	4809,375	0,849554221512497					4809,375	0,745809311490076	4809,375	0,521841176825452																																			
4812,5	0,939953375642608			4812,5	0,934019487688931					4812,5	0,917612172548343	4812,5	0,921125444673575					4812,5	0,891258171473996	4812,5	0,846971139131208					4812,5	0,744153764778682	4812,5	0,517330162315181																																			
4815,625	0,938758422046747			4815,625	0,933551890854171					4815,625	0,917307386515545	4815,625	0,920789211854939					4815,625	0,891223245457748	4815,625	0,847230121466645					4815,625	0,744422694576194	4815,625	0,518009836453929																																			
4818,75	0,938630712495486			4818,75	0,933651665384553					4818,75	0,916954105857881	4818,75	0,920365613393982					4818,75	0,891084815654285	4818,75	0,846412707194096					4818,75	0,744299724189515	4818,75	0,517345524999091																																			
4821,875	0,938577237514071			4821,875	0,933447863191623					4821,875	0,916833061109846	4821,875	0,920449966071715					4821,875	0,890136345186829	4821,875	0,844687320804825					4821,875	0,743565808583299	4821,875	0,514674482474312																																			
4825	0,93802845975567			4825	0,933148262608325					4825	0,916184835739895	4825	0,920173293674955					4825	0,889353120849324	4825	0,843955869591974					4825	0,743323779287847	4825	0,514113639436764																																			
4828,125	0,937555651899281			4828,125	0,932852043580165					4828,125	0,915849083872617	4828,125	0,920289607281146					4828,125	0,889065640233525	4828,125	0,843414289666395					4828,125	0,743933718903025	4828,125	0,51368047721519																																			
4831,25	0,937639816730799			4831,25	0,932401100238841					4831,25	0,915612447083837	4831,25	0,919796343054474					4831,25	0,889172027046314	4831,25	0,842856322677529					4831,25	0,743879559682631	4831,25	0,515399557286341																																			
4834,375	0,937596107266974			4834,375	0,931731021176309					4834,375	0,915507603424367	4834,375	0,919354148360754					4834,375	0,888849024298496	4834,375	0,841737738431642					4834,375	0,740669107720072	4834,375	0,509755347582639																																			
4837,5	0,93706464850299			4837,5	0,931099323522471					4837,5	0,915225448951726	4837,5	0,918840455690038					4837,5	0,888254101649495	4837,5	0,840188168676114					4837,5	0,740278184891815	4837,5	0,509522716721669																																			
4840,625	0,936918344054581			4840,625	0,930601292442759					4840,625	0,915351267735823	4840,625	0,918504932846293					4840,625	0,887494623090458	4840,625	0,839040380808318					4840,625	0,740178233806163	4840,625	0,509523173623013																																			
4843,75	0,936946532579183			4843,75	0,930132315912339					4843,75	0,914995028276552	4843,75	0,918209797294309					4843,75	0,886611471147845	4843,75	0,838310157691536					4843,75	0,738831444053784	4843,75	0,50742732179851																																			
4846,875	0,936402309980799			4846,875	0,929579347395649					4846,875	0,914247024660329	4846,875	0,91785911876567					4846,875	0,886253149732536	4846,875	0,835573944970672					4846,875	0,737157772563189	4846,875	0,504588089562176																																			
4850	0,936273566671112			4850	0,928417046001469					4850	0,913703489545578	4850	0,917078170549987					4850	0,885332821330455	4850	0,833412421435596					4850	0,736110901446708	4850	0,503542870641549																																			
4853,125	0,936376749643867			4853,125	0,928273676101985					4853,125	0,913859648892224	4853,125	0,916053512842818					4853,125	0,884377503842161	4853,125	0,832965582265965					4853,125	0,734952785896311	4853,125	0,504358476917583																																			
4856,25	0,936074268296437			4856,25	0,928056928422872					4856,25	0,913920561845257	4856,25	0,915462229888157					4856,25	0,884096629149679	4856,25	0,833975956775405					4856,25	0,735006784575033	4856,25	0,506696409040221																																			
4859,375	0,935341914374279			4859,375	0,926763355637506					4859,375	0,913748366866304	4859,375	0,914836810405826					4859,375	0,883443789307226	4859,375	0,833551020688925					4859,375	0,734144003631775	4859,375	0,504828751307453																																			
4862,5	0,934565138574271			4862,5	0,926283058478312					4862,5	0,91378266834256	4862,5	0,914498906731466					4862,5	0,884056463578129	4862,5	0,833455503288455					4862,5	0,735834799371175	4862,5	0,508688065238232																																			
4865,625	0,934526773025786			4865,625	0,925328991613285					4865,625	0,913435598522532	4865,625	0,913544361627271					4865,625	0,882803072769395	4865,625	0,830644824693136					4865,625	0,734500499168697	4865,625	0,504572307703631																																			
4868,75	0,934149506283374			4868,75	0,924511054568027					4868,75	0,913275579366468	4868,75	0,912941257406265					4868,75	0,882044174222547	4868,75	0,829392297105792					4868,75	0,733171484348152	4868,75	0,504168861269037																																			
4871,875	0,933861370819099			4871,875	0,92391362846125					4871,875	0,912983477588636	4871,875	0,911615202894211					4871,875	0,881148995511584	4871,875	0,82796555239275					4871,875	0,731213122623125	4871,875	0,498866261493946																																			
4875	0,933835937212429			4875	0,923530039416853					4875	0,912509374992076	4875	0,910337715769093					4875	0,880040153339178	4875	0,827923711497953					4875	0,732090790924159	4875	0,497059948757007																																			
4878,125	0,933488129954396			4878,125	0,922776773368416					4878,125	0,911101373414597	4878,125	0,908428279881856					4878,125	0,880249181582707	4878,125	0,827745736034661					4878,125	0,731243183313103	4878,125	0,4995206005844																																			
4881,25	0,933419386841076			4881,25	0,922097351956363					4881,25	0,910044128182622	4881,25	0,906758296733692					4881,25	0,87972049699567	4881,25	0,826411922056393					4881,25	0,729278450321554	4881,25	0,499098215964575																																			
4884,375	0,933219424595598			4884,375	0,921112702916816					4884,375	0,90919908243194	4884,375	0,906436818327332					4884,375	0,878820228698204	4884,375	0,825528735612436					4884,375	0,730293143331721	4884,375	0,499846189294204																																			
4887,5	0,932737426638149			4887,5	0,919858014010251					4887,5	0,908363120388278	4887,5	0,905820080091978					4887,5	0,87785341735485	4887,5	0,824632017436304					4887,5	0,729456564188281	4887,5	0,498224402837803																																			
4890,625	0,932495072900228			4890,625	0,919575896175704					4890,625	0,907987722390475	4890,625	0,906835504120559					4890,625	0,877222566667404	4890,625	0,825317316228682					4890,625	0,730937408226278	4890,625	0,503451087890243																																			
4893,75	0,932339396076147			4893,75	0,918335752116049					4893,75	0,907572046359452	4893,75	0,908402757232224					4893,75	0,877337689884005	4893,75	0,824754045494296					4893,75	0,730765956009283	4893,75	0,501499707247071																																			
4896,875	0,932275697688285			4896,875	0,917852710059143					4896,875	0,906867527083028	4896,875	0,908813111375464					4896,875	0,875961073678943	4896,875	0,823684095445156					4896,875	0,728494857001278	4896,875	0,496340085350382																																			
4900	0,931865511158209			4900	0,916865201074636					4900	0,906107958831465	4900	0,909383026239694					4900	0,874576758778961	4900	0,822873139783756					4900	0,727771245980031	4900	0,492984463653113																																			
4903,125	0,931314588585737			4903,125	0,915379893787883					4903,125	0,90560585541393	4903,125	0,909309796126217					4903,125	0,87371903816409	4903,125	0,823221104817958					4903,125	0,728484479605386	4903,125	0,494546539576444																																			
4906,25	0,930752537518362			4906,25	0,914949251505946					4906,25	0,905298863066869	4906,25	0,908466234490552					4906,25	0,873739240348402	4906,25	0,823372328050573					4906,25	0,73017295195685	4906,25	0,495676582298616																																			
4909,375	0,930580969965194			4909,375	0,914314869062059					4909,375	0,904397222716619	4909,375	0,908309183317376					4909,375	0,872867692071218	4909,375	0,823581138072678					4909,375	0,728808179101784	4909,375	0,494045462965269																																			
4912,5	0,930564258185486			4912,5	0,913941642278786					4912,5	0,903757928540168	4912,5	0,908347181092092					4912,5	0,871476032130979	4912,5	0,822826138614993					4912,5	0,726963262767946	4912,5	0,492078995250538																																			
4915,625	0,930326066049262			4915,625	0,912607441934421					4915,625	0,902860140179937	4915,625	0,907809283159967					4915,625	0,870465481747846	4915,625	0,820636039965971					4915,625	0,724727246156472	4915,625	0,484792578289645																																			
4918,75	0,929823228961141			4918,75	0,911737807892503					4918,75	0,90199518779957	4918,75	0,907026793997519					4918,75	0,87019174737889	4918,75	0,82008353538836					4918,75	0,725721886413639	4918,75	0,484388980615557																																			
4921,875	0,929545928880233			4921,875	0,910914332444343					4921,875	0,900818265753212	4921,875	0,905808582941856					4921,875	0,869261767985319	4921,875	0,818792111681315					4921,875	0,725378421372502	4921,875	0,48307449629144																																			
4925	0,929706153653086			4925	0,910159778737877					4925	0,899844617620451	4925	0,904950784438042					4925	0,868075578629613	4925	0,816089659993319					4925	0,723999042002815	4925	0,478402959111203																																			
4928,125	0,929793698242292			4928,125	0,909336616157764					4928,125	0,898864260301779	4928,125	0,904233471404672					4928,125	0,867212995822969	4928,125	0,815928119671544					4928,125	0,722318396733505	4928,125	0,473611893969852																																			
4931,25	0,929183373762883			4931,25	0,908572746717338					4931,25	0,897937494294186	4931,25	0,903728590951851					4931,25	0,866769413908825	4931,25	0,815181064572472					4931,25	0,721585549813631	4931,25	0,472011317389297																																			
4934,375	0,928841629861054			4934,375	0,908212789888144					4934,375	0,897409962658513	4934,375	0,903232117942804					4934,375	0,866159032674056	4934,375	0,814313468271276					4934,375	0,721480543020698	4934,375	0,471020319660635																																			
4937,5	0,928495604577266			4937,5	0,907639103191702					4937,5	0,896354752600629	4937,5	0,902512498490092					4937,5	0,866085107247426	4937,5	0,812779585917799					4937,5	0,722355050062384	4937,5	0,471378376753369																																			
4940,625	0,927970741925293			4940,625	0,906428514093136					4940,625	0,895039087306256	4940,625	0,901815067303239					4940,625	0,865493926704194	4940,625	0,812375972758967					4940,625	0,720018800619758	4940,625	0,467059182141749																																			
4943,75	0,928036061782322			4943,75	0,905195025133515					4943,75	0,894038235961467	4943,75	0,900673910144519					4943,75	0,86412251442679	4943,75	0,810943991117525					4943,75	0,717250429608858	4943,75	0,459735060594964																																			
4946,875	0,928137469324855			4946,875	0,904871189587704					4946,875	0,8933419638958	4946,875	0,900325651772122					4946,875	0,863714098649806	4946,875	0,809959142758313					4946,875	0,71700502420607	4946,875	0,462350656637074																																			
4950	0,927331779167922			4950	0,903360568025573					4950	0,892182762301859	4950	0,900857563251426					4950	0,862908056613798	4950	0,809200615839309					4950	0,715007684807071	4950	0,460498968153714																																			
4953,125	0,927251523564347			4953,125	0,902529020860532					4953,125	0,890846180789152	4953,125	0,899597301642912					4953,125	0,861227814372323	4953,125	0,807569805654067					4953,125	0,713915453348847	4953,125	0,454771922918466																																			
4956,25	0,927557445043277			4956,25	0,901687620475298					4956,25	0,890282370390281	4956,25	0,899015909987483					4956,25	0,859663992624383	4956,25	0,806461145082105					4956,25	0,712386565122519	4956,25	0,451832811123453																																			
4959,375	0,927399742615812			4959,375	0,900349708563078					4959,375	0,889280293627905	4959,375	0,898349010848726					4959,375	0,858186858632026	4959,375	0,805002209943655					4959,375	0,710240254992475	4959,375	0,449158092116053																																			
4962,5	0,92648462333977			4962,5	0,899074460077635					4962,5	0,88792603820086	4962,5	0,897812408659369					4962,5	0,856199751896588	4962,5	0,803546019047462					4962,5	0,707612123265799	4962,5	0,446130506455739																																			
4965,625	0,926565120639817			4965,625	0,898184954901207					4965,625	0,88642442091301	4965,625	0,897132588187689					4965,625	0,854761483563908	4965,625	0,802614171738453					4965,625	0,707826608155213	4965,625	0,449019550408291																																			
4968,75	0,926730402429701			4968,75	0,897788536189195					4968,75	0,885073621290387	4968,75	0,896613190571342					4968,75	0,85255200117694	4968,75	0,800035707408302					4968,75	0,70505378640254	4968,75	0,441389139834145																																			
4971,875	0,926375222561546			4971,875	0,897011469643132					4971,875	0,883916617227358	4971,875	0,896344886922965					4971,875	0,851059020468811	4971,875	0,798615577699712					4971,875	0,703016565323552	4971,875	0,441258233948102																																			
				4975	0,896071037839921					4975	0,882985702990397	4975	0,895908238058588					4975	0,850505520300562	4975	0,798778657655476					4975	0,701812921760334	4975	0,441518420205407																																			
																																																																
