frequency f in Hz; re(r) ; im(r)
99.000000;0.970238;-0.138892
100.000000;0.952515;-0.143267
101.000000;0.954916;-0.139725
102.000000;0.948482;-0.136877
103.000000;0.943706;-0.133674
104.000000;0.951573;-0.139602
105.000000;0.940077;-0.140691
106.000000;0.945821;-0.135153
107.000000;0.955192;-0.136571
108.000000;0.958469;-0.147386
109.000000;0.938893;-0.144189
110.000000;0.944105;-0.139807
111.000000;0.961344;-0.140507
112.000000;0.949037;-0.149472
113.000000;0.942018;-0.156921
114.000000;0.943753;-0.159035
115.000000;0.933573;-0.161632
116.000000;0.939848;-0.163435
117.000000;0.949812;-0.163695
118.000000;0.944408;-0.161166
119.000000;0.945598;-0.153348
120.000000;0.949979;-0.157910
121.000000;0.945930;-0.165573
122.000000;0.942201;-0.163826
123.000000;0.945044;-0.162010
124.000000;0.938836;-0.168223
125.000000;0.935927;-0.162804
126.000000;0.935232;-0.157375
127.000000;0.937589;-0.155417
128.000000;0.938964;-0.162063
129.000000;0.936824;-0.167226
130.000000;0.929940;-0.169627
131.000000;0.932247;-0.164719
132.000000;0.935484;-0.170291
133.000000;0.932414;-0.172006
134.000000;0.931138;-0.173966
135.000000;0.929623;-0.169585
136.000000;0.927587;-0.170543
137.000000;0.927924;-0.170003
138.000000;0.926703;-0.170686
139.000000;0.924933;-0.174511
140.000000;0.922250;-0.178106
141.000000;0.926181;-0.175971
142.000000;0.928860;-0.176465
143.000000;0.922949;-0.179466
144.000000;0.922814;-0.176313
145.000000;0.923068;-0.178080
146.000000;0.922496;-0.179340
147.000000;0.920362;-0.181703
148.000000;0.918105;-0.180171
149.000000;0.917301;-0.180962
150.000000;0.919465;-0.180757
151.000000;0.916571;-0.184201
152.000000;0.913564;-0.183933
153.000000;0.912150;-0.184105
154.000000;0.912774;-0.185677
155.000000;0.913668;-0.186522
156.000000;0.911743;-0.183693
157.000000;0.908629;-0.184812
158.000000;0.909936;-0.187530
159.000000;0.908407;-0.189296
160.000000;0.910378;-0.190828
161.000000;0.908959;-0.191949
162.000000;0.908424;-0.190712
163.000000;0.904763;-0.190834
164.000000;0.905517;-0.195148
165.000000;0.903261;-0.194700
166.000000;0.901557;-0.192728
167.000000;0.903677;-0.193783
168.000000;0.899886;-0.193738
169.000000;0.897668;-0.196028
170.000000;0.898426;-0.196252
171.000000;0.898286;-0.195765
172.000000;0.896563;-0.198913
173.000000;0.895964;-0.198716
174.000000;0.893641;-0.199638
175.000000;0.893541;-0.197602
176.000000;0.892348;-0.200130
177.000000;0.891658;-0.200118
178.000000;0.890374;-0.201744
179.000000;0.889462;-0.205217
180.000000;0.889062;-0.201440
181.000000;0.887090;-0.204316
182.000000;0.885926;-0.203961
183.000000;0.885516;-0.203320
184.000000;0.885275;-0.206619
185.000000;0.884311;-0.205566
186.000000;0.883107;-0.205989
187.000000;0.881751;-0.208082
188.000000;0.881802;-0.207490
189.000000;0.881513;-0.209417
190.000000;0.879371;-0.210536
191.000000;0.879246;-0.209323
192.000000;0.878263;-0.210192
193.000000;0.876443;-0.210994
194.000000;0.877423;-0.211389
195.000000;0.875386;-0.212015
196.000000;0.873509;-0.211285
197.000000;0.872830;-0.211841
198.000000;0.872521;-0.214434
199.000000;0.872272;-0.213897
200.000000;0.869811;-0.215306
201.000000;0.869224;-0.214347
202.000000;0.869375;-0.214705
203.000000;0.867885;-0.216942
204.000000;0.867844;-0.214950
205.000000;0.866716;-0.215969
206.000000;0.863518;-0.218510
207.000000;0.863076;-0.217866
208.000000;0.862620;-0.218331
209.000000;0.861837;-0.218521
210.000000;0.860797;-0.217927
211.000000;0.859565;-0.219711
212.000000;0.858998;-0.219396
213.000000;0.858455;-0.220062
214.000000;0.857155;-0.221805
215.000000;0.856477;-0.221591
216.000000;0.855490;-0.223185
217.000000;0.855353;-0.221724
218.000000;0.853464;-0.222059
219.000000;0.853099;-0.223372
220.000000;0.853403;-0.223014
221.000000;0.851031;-0.223746
222.000000;0.849487;-0.225406
223.000000;0.850692;-0.224031
224.000000;0.848458;-0.224680
225.000000;0.846313;-0.226330
226.000000;0.845729;-0.226904
227.000000;0.845209;-0.226183
228.000000;0.843937;-0.227004
229.000000;0.844570;-0.227319
230.000000;0.843336;-0.228354
231.000000;0.842345;-0.227273
232.000000;0.840438;-0.227832
233.000000;0.839253;-0.228511
234.000000;0.840088;-0.228051
235.000000;0.839111;-0.228784
236.000000;0.837445;-0.229172
237.000000;0.836162;-0.231047
238.000000;0.835181;-0.231037
239.000000;0.834011;-0.231386
240.000000;0.833991;-0.231839
241.000000;0.832651;-0.232209
242.000000;0.831564;-0.231332
243.000000;0.830369;-0.233299
244.000000;0.830115;-0.233610
245.000000;0.828272;-0.231715
246.000000;0.828682;-0.233211
247.000000;0.828041;-0.234361
248.000000;0.826920;-0.233287
249.000000;0.825708;-0.233264
250.000000;0.824533;-0.235620
251.000000;0.823243;-0.234058
252.000000;0.823268;-0.234901
253.000000;0.822825;-0.235581
254.000000;0.821118;-0.235179
255.000000;0.821032;-0.234169
256.000000;0.819021;-0.235529
257.000000;0.816604;-0.235709
258.000000;0.816253;-0.234951
259.000000;0.814831;-0.236677
260.000000;0.815220;-0.237422
261.000000;0.813635;-0.237430
262.000000;0.811278;-0.237752
263.000000;0.811733;-0.241521
264.000000;0.812896;-0.240214
265.000000;0.812804;-0.240722
266.000000;0.811334;-0.241776
267.000000;0.811294;-0.238594
268.000000;0.808656;-0.238628
269.000000;0.807391;-0.238793
270.000000;0.807379;-0.238045
271.000000;0.803457;-0.239907
272.000000;0.802762;-0.241047
273.000000;0.802146;-0.239955
274.000000;0.800888;-0.240551
275.000000;0.802203;-0.240649
276.000000;0.802989;-0.241542
277.000000;0.802219;-0.242745
278.000000;0.799592;-0.245390
279.000000;0.800948;-0.240898
280.000000;0.799036;-0.240232
281.000000;0.796200;-0.243621
282.000000;0.795180;-0.243124
283.000000;0.794177;-0.242934
284.000000;0.794836;-0.242274
285.000000;0.794668;-0.242990
286.000000;0.793228;-0.243373
287.000000;0.789532;-0.243188
288.000000;0.788431;-0.243768
289.000000;0.789601;-0.245081
290.000000;0.790025;-0.245809
291.000000;0.787129;-0.246141
292.000000;0.785378;-0.244245
293.000000;0.783942;-0.245843
294.000000;0.783110;-0.247923
295.000000;0.782151;-0.249504
296.000000;0.778875;-0.250862
297.000000;0.774946;-0.248331
298.000000;0.774495;-0.246611
299.000000;0.775247;-0.245859
300.000000;0.773256;-0.250639
301.000000;0.767591;-0.250828
302.000000;0.763413;-0.252230
303.000000;0.764874;-0.255978
304.000000;0.765541;-0.253838
305.000000;0.762286;-0.258652
306.000000;0.759938;-0.254963
307.000000;0.756434;-0.248191
308.000000;0.753394;-0.247907
309.000000;0.751564;-0.244925
310.000000;0.744547;-0.244012
311.000000;0.745032;-0.242546
312.000000;0.744898;-0.239155
313.000000;0.747648;-0.232662
314.000000;0.745299;-0.230401
315.000000;0.745244;-0.227030
316.000000;0.752167;-0.226495
317.000000;0.756413;-0.229517
318.000000;0.755819;-0.223821
319.000000;0.751062;-0.221087
320.000000;0.751462;-0.224874
321.000000;0.748399;-0.228228
322.000000;0.751525;-0.232709
323.000000;0.756619;-0.230395
324.000000;0.757195;-0.226945
325.000000;0.760023;-0.224117
326.000000;0.749083;-0.225279
327.000000;0.754367;-0.232670
328.000000;0.750211;-0.235126
329.000000;0.746376;-0.234738
330.000000;0.748798;-0.236316
331.000000;0.747936;-0.236448
332.000000;0.747131;-0.224760
333.000000;0.750618;-0.227247
334.000000;0.751266;-0.236309
335.000000;0.751083;-0.236178
336.000000;0.747191;-0.235919
337.000000;0.748684;-0.238401
338.000000;0.751531;-0.236487
339.000000;0.744815;-0.228616
340.000000;0.744987;-0.233706
341.000000;0.740196;-0.244241
342.000000;0.745135;-0.236526
343.000000;0.747552;-0.232229
344.000000;0.746483;-0.235329
345.000000;0.743085;-0.242129
346.000000;0.738021;-0.257465
347.000000;0.744154;-0.236283
348.000000;0.742811;-0.228989
349.000000;0.742013;-0.238130
350.000000;0.737317;-0.240199
351.000000;0.737016;-0.241226
352.000000;0.750890;-0.245134
353.000000;0.753130;-0.244868
354.000000;0.741066;-0.245023
355.000000;0.740555;-0.242890
356.000000;0.727172;-0.240657
357.000000;0.731532;-0.238211
358.000000;0.729904;-0.240108
359.000000;0.739100;-0.243117
360.000000;0.743998;-0.242321
361.000000;0.731481;-0.249086
362.000000;0.711795;-0.240312
363.000000;0.729408;-0.235933
364.000000;0.734098;-0.233664
365.000000;0.725309;-0.245334
366.000000;0.728677;-0.240586
367.000000;0.729752;-0.237692
368.000000;0.734091;-0.245083
369.000000;0.735258;-0.246243
370.000000;0.727553;-0.245089
371.000000;0.718622;-0.240672
372.000000;0.718401;-0.230044
373.000000;0.719351;-0.250562
374.000000;0.732158;-0.253745
375.000000;0.711207;-0.236510
376.000000;0.713985;-0.243497
377.000000;0.728078;-0.244375
378.000000;0.722271;-0.253736
379.000000;0.721123;-0.254187
380.000000;0.715948;-0.230006
381.000000;0.732873;-0.229100
382.000000;0.732587;-0.239366
383.000000;0.706080;-0.251832
384.000000;0.705179;-0.237207
385.000000;0.718587;-0.251736
386.000000;0.728282;-0.253929
387.000000;0.717598;-0.254199
388.000000;0.732140;-0.251648
389.000000;0.724134;-0.214534
390.000000;0.711534;-0.233361
391.000000;0.708684;-0.243303
392.000000;0.724527;-0.250245
393.000000;0.705210;-0.255494
394.000000;0.724010;-0.257985
395.000000;0.717810;-0.249961
396.000000;0.702038;-0.229771
397.000000;0.710093;-0.248689
398.000000;0.717915;-0.226413
399.000000;0.709567;-0.245848
400.000000;0.705333;-0.249872
401.000000;0.699577;-0.230115
402.000000;0.721584;-0.244269
403.000000;0.704100;-0.237114
404.000000;0.684555;-0.237311
405.000000;0.688193;-0.244968
406.000000;0.697089;-0.233812
407.000000;0.697922;-0.221655
408.000000;0.699592;-0.228772
409.000000;0.691199;-0.232370
410.000000;0.703529;-0.232770
411.000000;0.704258;-0.222336
412.000000;0.715324;-0.245619
413.000000;0.707399;-0.242229
414.000000;0.697011;-0.230592
415.000000;0.711769;-0.242894
416.000000;0.700566;-0.230520
417.000000;0.692707;-0.237450
418.000000;0.695044;-0.242415
419.000000;0.698389;-0.242640
420.000000;0.704966;-0.240098
421.000000;0.702077;-0.253832
422.000000;0.715029;-0.265896
423.000000;0.699148;-0.222972
424.000000;0.710129;-0.225056
425.000000;0.707711;-0.241879
426.000000;0.715214;-0.224481
427.000000;0.719878;-0.242624
428.000000;0.700195;-0.236032
429.000000;0.692113;-0.254398
430.000000;0.708734;-0.235378
431.000000;0.696323;-0.219376
432.000000;0.685001;-0.228199
433.000000;0.696411;-0.232607
434.000000;0.702562;-0.232144
435.000000;0.695116;-0.222064
436.000000;0.705931;-0.228109
437.000000;0.706525;-0.223834
438.000000;0.686019;-0.219537
439.000000;0.695329;-0.214041
440.000000;0.712375;-0.201190
441.000000;0.697426;-0.211727
442.000000;0.691828;-0.209769
443.000000;0.681902;-0.229761
444.000000;0.678978;-0.230346
445.000000;0.687597;-0.220838
446.000000;0.704372;-0.216879
447.000000;0.709279;-0.228345
448.000000;0.697687;-0.227117
449.000000;0.695691;-0.232832
450.000000;0.694107;-0.229507
451.000000;0.700080;-0.225480
452.000000;0.689689;-0.221955
453.000000;0.692084;-0.215925
454.000000;0.688777;-0.216354
455.000000;0.696066;-0.219522
456.000000;0.698502;-0.213669
457.000000;0.698102;-0.215745
458.000000;0.688609;-0.232796
459.000000;0.679643;-0.225782
460.000000;0.683568;-0.220140
461.000000;0.682629;-0.222003
462.000000;0.690940;-0.211004
463.000000;0.697352;-0.207209
464.000000;0.688299;-0.221009
465.000000;0.691352;-0.219074
466.000000;0.689361;-0.224225
467.000000;0.685836;-0.222808
468.000000;0.700068;-0.217776
469.000000;0.693596;-0.220939
470.000000;0.681335;-0.225862
471.000000;0.685096;-0.222451
472.000000;0.692636;-0.213637
473.000000;0.677368;-0.231325
474.000000;0.682369;-0.223333
475.000000;0.669051;-0.224894
476.000000;0.667709;-0.228252
477.000000;0.667572;-0.221770
478.000000;0.682660;-0.221623
479.000000;0.682673;-0.219108
480.000000;0.679634;-0.216028
481.000000;0.681124;-0.207936
482.000000;0.677970;-0.210461
483.000000;0.681266;-0.210249
484.000000;0.691109;-0.221643
485.000000;0.685344;-0.218107
486.000000;0.684459;-0.222671
487.000000;0.678119;-0.217557
488.000000;0.683342;-0.214351
489.000000;0.673446;-0.216041
490.000000;0.680444;-0.219716
491.000000;0.678957;-0.212673
492.000000;0.678915;-0.217226
493.000000;0.681505;-0.222585
494.000000;0.679655;-0.217662
495.000000;0.679983;-0.212727
496.000000;0.676328;-0.214308
497.000000;0.677477;-0.216547
498.000000;0.684811;-0.213912
499.000000;0.674723;-0.205290
500.000000;0.680344;-0.203617
501.000000;0.676223;-0.212098
502.000000;0.678563;-0.222212
503.000000;0.675248;-0.220341
504.000000;0.674194;-0.212787
505.000000;0.679157;-0.214525
506.000000;0.677121;-0.220557
507.000000;0.679058;-0.210848
508.000000;0.673134;-0.211410
509.000000;0.668638;-0.209216
510.000000;0.671834;-0.204739
511.000000;0.671607;-0.214901
512.000000;0.667613;-0.214038
513.000000;0.671941;-0.209502
514.000000;0.675441;-0.213333
515.000000;0.674047;-0.215893
516.000000;0.669521;-0.215393
517.000000;0.671944;-0.220503
518.000000;0.672467;-0.221357
519.000000;0.670440;-0.214839
520.000000;0.673571;-0.211129
521.000000;0.670500;-0.210021
522.000000;0.666744;-0.209933
523.000000;0.671333;-0.209343
524.000000;0.674695;-0.205437
525.000000;0.674637;-0.203163
526.000000;0.671367;-0.210094
527.000000;0.669480;-0.211037
528.000000;0.666448;-0.207827
529.000000;0.668503;-0.202338
530.000000;0.669254;-0.213509
531.000000;0.666125;-0.214725
532.000000;0.664610;-0.205755
533.000000;0.662834;-0.206121
534.000000;0.669548;-0.208812
535.000000;0.672493;-0.204315
536.000000;0.672055;-0.206139
537.000000;0.669907;-0.213066
538.000000;0.666980;-0.210720
539.000000;0.660158;-0.203956
540.000000;0.661573;-0.200539
541.000000;0.669160;-0.202275
542.000000;0.668088;-0.204770
543.000000;0.664803;-0.205509
544.000000;0.664885;-0.203872
545.000000;0.660818;-0.204254
546.000000;0.656138;-0.210016
547.000000;0.662661;-0.207964
548.000000;0.665042;-0.204324
549.000000;0.659940;-0.204279
550.000000;0.660225;-0.204170
551.000000;0.662493;-0.204299
552.000000;0.659493;-0.202238
553.000000;0.657096;-0.204348
554.000000;0.659743;-0.205405
555.000000;0.662406;-0.201867
556.000000;0.664011;-0.204545
557.000000;0.663301;-0.206396
558.000000;0.663226;-0.203136
559.000000;0.662782;-0.201230
560.000000;0.660469;-0.202737
561.000000;0.662598;-0.200960
562.000000;0.658542;-0.202117
563.000000;0.657035;-0.203747
564.000000;0.658384;-0.203466
565.000000;0.657626;-0.201123
566.000000;0.658809;-0.201098
567.000000;0.658975;-0.202862
568.000000;0.659638;-0.203479
569.000000;0.659809;-0.200597
570.000000;0.658105;-0.201186
571.000000;0.656990;-0.201761
572.000000;0.655929;-0.203757
573.000000;0.656705;-0.201292
574.000000;0.658494;-0.198454
575.000000;0.657437;-0.199842
576.000000;0.657342;-0.200247
577.000000;0.656526;-0.199222
578.000000;0.656684;-0.200432
579.000000;0.657304;-0.201642
580.000000;0.656730;-0.201521
581.000000;0.657416;-0.201054
582.000000;0.660377;-0.201341
583.000000;0.657486;-0.199202
584.000000;0.655303;-0.202350
585.000000;0.653318;-0.202400
586.000000;0.652632;-0.202229
587.000000;0.652367;-0.202448
588.000000;0.651973;-0.203121
589.000000;0.653322;-0.201770
590.000000;0.653220;-0.199986
591.000000;0.651234;-0.200324
592.000000;0.651456;-0.201733
593.000000;0.652587;-0.201721
594.000000;0.652570;-0.201287
595.000000;0.650348;-0.202152
596.000000;0.649291;-0.201884
597.000000;0.648887;-0.202204
598.000000;0.648996;-0.201356
599.000000;0.649356;-0.200938
600.000000;0.647552;-0.200013
601.000000;0.646376;-0.200551
602.000000;0.645920;-0.201073
603.000000;0.644552;-0.200323
604.000000;0.644554;-0.199666
605.000000;0.643455;-0.199949
606.000000;0.643628;-0.198531
607.000000;0.642724;-0.198490
608.000000;0.641903;-0.197687
609.000000;0.641659;-0.199024
610.000000;0.640844;-0.198478
611.000000;0.640967;-0.196496
612.000000;0.639953;-0.196099
613.000000;0.639641;-0.196118
614.000000;0.640482;-0.195502
615.000000;0.639404;-0.194138
616.000000;0.639680;-0.193718
617.000000;0.640499;-0.192488
618.000000;0.639619;-0.190313
619.000000;0.638098;-0.192490
620.000000;0.638699;-0.191597
621.000000;0.639425;-0.190237
622.000000;0.639064;-0.189761
623.000000;0.639097;-0.190072
624.000000;0.639308;-0.189446
625.000000;0.639681;-0.189081
626.000000;0.639366;-0.187838
627.000000;0.638055;-0.188703
628.000000;0.637440;-0.188391
629.000000;0.638359;-0.186838
630.000000;0.638244;-0.186650
631.000000;0.638897;-0.187534
632.000000;0.640103;-0.187343
633.000000;0.639619;-0.185604
634.000000;0.638766;-0.185112
635.000000;0.639917;-0.185481
636.000000;0.638990;-0.185315
637.000000;0.639323;-0.185968
638.000000;0.639085;-0.185838
639.000000;0.637652;-0.185227
640.000000;0.639121;-0.185997
641.000000;0.638693;-0.184462
642.000000;0.638551;-0.184048
643.000000;0.639257;-0.184481
644.000000;0.638549;-0.183678
645.000000;0.638834;-0.183473
646.000000;0.638983;-0.183317
647.000000;0.639403;-0.182920
648.000000;0.638122;-0.182202
649.000000;0.637890;-0.182006
650.000000;0.637306;-0.183145
651.000000;0.638123;-0.182826
652.000000;0.638927;-0.181975
653.000000;0.637567;-0.182000
654.000000;0.638220;-0.182543
655.000000;0.638410;-0.182585
656.000000;0.637769;-0.182723
657.000000;0.637567;-0.180989
658.000000;0.638144;-0.180601
659.000000;0.638194;-0.181503
660.000000;0.637953;-0.181426
661.000000;0.637978;-0.181772
662.000000;0.637847;-0.181351
663.000000;0.636571;-0.181027
664.000000;0.638164;-0.180943
665.000000;0.636533;-0.180489
666.000000;0.636039;-0.180050
667.000000;0.637812;-0.180412
668.000000;0.637484;-0.180049
669.000000;0.637385;-0.180392
670.000000;0.636510;-0.181370
671.000000;0.635351;-0.179879
672.000000;0.634644;-0.180069
673.000000;0.635313;-0.180664
674.000000;0.634826;-0.181100
675.000000;0.635842;-0.179461
676.000000;0.636836;-0.179546
677.000000;0.637018;-0.179743
678.000000;0.636624;-0.179179
679.000000;0.636568;-0.178241
680.000000;0.636507;-0.178314
681.000000;0.636190;-0.178107
682.000000;0.636604;-0.178083
683.000000;0.635359;-0.177967
684.000000;0.635101;-0.177762
685.000000;0.635737;-0.177226
686.000000;0.634780;-0.177443
687.000000;0.635015;-0.176858
688.000000;0.634990;-0.177442
689.000000;0.633796;-0.176419
690.000000;0.633898;-0.177021
691.000000;0.635296;-0.177649
692.000000;0.634623;-0.177217
693.000000;0.634552;-0.176613
694.000000;0.634543;-0.177188
695.000000;0.633253;-0.177963
696.000000;0.633121;-0.179266
697.000000;0.631909;-0.177249
698.000000;0.634161;-0.177508
699.000000;0.633571;-0.177814
700.000000;0.634202;-0.177563
701.000000;0.635504;-0.179391
702.000000;0.633920;-0.177288
703.000000;0.632004;-0.176077
704.000000;0.634586;-0.173411
705.000000;0.634079;-0.173158
706.000000;0.633123;-0.174544
707.000000;0.633315;-0.176950
708.000000;0.632493;-0.177264
709.000000;0.631400;-0.176629
710.000000;0.631243;-0.175694
711.000000;0.631617;-0.175569
712.000000;0.633602;-0.174358
713.000000;0.634451;-0.172424
714.000000;0.634515;-0.173824
715.000000;0.632496;-0.173334
716.000000;0.632057;-0.173632
717.000000;0.631859;-0.173881
718.000000;0.631778;-0.174037
719.000000;0.632499;-0.173002
720.000000;0.633166;-0.171779
721.000000;0.631567;-0.171690
722.000000;0.632886;-0.172931
723.000000;0.633860;-0.172907
724.000000;0.632036;-0.173001
725.000000;0.631119;-0.173886
726.000000;0.630647;-0.172514
727.000000;0.631704;-0.173203
728.000000;0.630617;-0.173549
729.000000;0.629522;-0.172842
730.000000;0.630155;-0.173115
731.000000;0.631002;-0.172303
732.000000;0.632385;-0.171784
733.000000;0.630750;-0.172128
734.000000;0.631349;-0.171938
735.000000;0.631030;-0.172856
736.000000;0.629546;-0.171800
737.000000;0.628389;-0.171035
738.000000;0.627664;-0.169800
739.000000;0.630498;-0.169933
740.000000;0.631293;-0.169671
741.000000;0.631060;-0.171568
742.000000;0.630562;-0.171532
743.000000;0.631563;-0.170161
744.000000;0.628791;-0.171367
745.000000;0.628690;-0.170691
746.000000;0.627309;-0.170510
747.000000;0.628884;-0.168572
748.000000;0.626824;-0.167129
749.000000;0.626162;-0.168084
750.000000;0.628383;-0.169035
751.000000;0.628480;-0.168970
752.000000;0.624551;-0.167754
753.000000;0.625551;-0.170069
754.000000;0.627550;-0.171930
755.000000;0.628499;-0.170921
756.000000;0.626799;-0.170774
757.000000;0.626772;-0.170912
758.000000;0.626897;-0.165526
759.000000;0.629851;-0.168405
760.000000;0.628707;-0.170432
761.000000;0.627745;-0.170581
762.000000;0.628096;-0.165905
763.000000;0.628481;-0.169350
764.000000;0.625496;-0.167811
765.000000;0.626223;-0.165111
766.000000;0.626907;-0.168730
767.000000;0.625755;-0.166309
768.000000;0.628105;-0.165704
769.000000;0.630305;-0.166713
770.000000;0.626415;-0.165716
771.000000;0.623922;-0.164178
772.000000;0.626865;-0.163255
773.000000;0.625626;-0.167802
774.000000;0.624821;-0.166023
775.000000;0.623009;-0.166713
776.000000;0.626806;-0.167760
777.000000;0.631497;-0.170242
778.000000;0.629726;-0.166298
779.000000;0.628378;-0.163100
780.000000;0.623963;-0.164021
781.000000;0.623767;-0.165329
782.000000;0.626539;-0.165989
783.000000;0.627269;-0.167508
784.000000;0.624306;-0.168150
785.000000;0.625904;-0.164312
786.000000;0.624369;-0.167483
787.000000;0.625990;-0.166716
788.000000;0.624978;-0.166060
789.000000;0.624923;-0.165828
790.000000;0.628703;-0.164585
791.000000;0.625134;-0.166043
792.000000;0.621828;-0.160963
793.000000;0.623707;-0.164016
794.000000;0.623309;-0.162502
795.000000;0.621266;-0.162213
796.000000;0.617808;-0.163149
797.000000;0.620842;-0.160891
798.000000;0.622884;-0.160963
799.000000;0.620109;-0.161365
800.000000;0.622421;-0.162559
801.000000;0.629046;-0.161054
802.000000;0.630028;-0.163265
803.000000;0.626798;-0.163856
804.000000;0.626598;-0.163789
805.000000;0.624213;-0.163104
806.000000;0.620492;-0.160575
807.000000;0.620827;-0.163164
808.000000;0.624235;-0.167526
809.000000;0.625596;-0.166897
810.000000;0.627336;-0.161381
811.000000;0.625752;-0.158160
812.000000;0.624913;-0.160083
813.000000;0.632640;-0.161596
814.000000;0.623959;-0.157170
815.000000;0.616495;-0.154996
816.000000;0.623590;-0.161785
817.000000;0.623868;-0.159450
818.000000;0.620600;-0.157804
819.000000;0.618448;-0.157608
820.000000;0.615896;-0.161894
821.000000;0.623380;-0.160065
822.000000;0.623278;-0.161910
823.000000;0.619375;-0.165589
824.000000;0.623377;-0.165570
825.000000;0.619013;-0.162599
826.000000;0.625952;-0.159228
827.000000;0.630370;-0.161084
828.000000;0.625515;-0.161518
829.000000;0.621316;-0.159882
830.000000;0.624972;-0.159151
831.000000;0.626223;-0.162278
832.000000;0.624698;-0.155238
833.000000;0.623917;-0.154944
834.000000;0.626645;-0.163147
835.000000;0.629385;-0.166188
836.000000;0.620645;-0.163033
837.000000;0.619971;-0.167256
838.000000;0.620302;-0.166519
839.000000;0.622831;-0.161769
840.000000;0.620632;-0.161042
841.000000;0.620542;-0.156394
842.000000;0.620252;-0.157905
843.000000;0.624232;-0.156894
844.000000;0.619925;-0.157028
845.000000;0.612944;-0.158220
846.000000;0.619294;-0.156547
847.000000;0.624347;-0.155685
848.000000;0.624401;-0.161363
849.000000;0.619983;-0.158069
850.000000;0.620983;-0.157176
851.000000;0.624743;-0.157786
852.000000;0.622478;-0.159999
853.000000;0.617533;-0.156922
854.000000;0.617243;-0.159313
855.000000;0.619615;-0.163376
856.000000;0.619120;-0.158474
857.000000;0.625212;-0.158890
858.000000;0.622674;-0.161230
859.000000;0.619309;-0.163237
860.000000;0.621392;-0.156053
861.000000;0.623999;-0.155041
862.000000;0.617684;-0.159767
863.000000;0.622389;-0.162351
864.000000;0.623120;-0.163544
865.000000;0.621452;-0.158132
866.000000;0.620721;-0.159039
867.000000;0.619335;-0.161281
868.000000;0.617559;-0.163291
869.000000;0.617770;-0.161407
870.000000;0.621096;-0.155157
871.000000;0.616627;-0.152507
872.000000;0.616508;-0.156138
873.000000;0.617280;-0.159580
874.000000;0.620182;-0.159442
875.000000;0.621224;-0.161606
876.000000;0.621024;-0.158961
877.000000;0.617308;-0.159486
878.000000;0.618928;-0.159829
879.000000;0.621733;-0.159592
880.000000;0.620053;-0.159339
881.000000;0.618423;-0.156064
882.000000;0.616760;-0.156348
883.000000;0.619607;-0.157194
884.000000;0.618234;-0.156092
885.000000;0.619371;-0.153118
886.000000;0.614845;-0.156392
887.000000;0.619586;-0.155612
888.000000;0.617595;-0.153642
889.000000;0.611609;-0.164964
890.000000;0.609940;-0.162460
891.000000;0.607852;-0.163539
892.000000;0.609285;-0.162100
893.000000;0.614608;-0.160054
894.000000;0.614909;-0.156182
895.000000;0.612367;-0.161153
896.000000;0.609067;-0.166942
897.000000;0.612226;-0.163885
898.000000;0.613112;-0.163300
899.000000;0.611231;-0.162060
900.000000;0.611344;-0.156282
901.000000;0.613665;-0.157790
902.000000;0.609565;-0.161972
903.000000;0.614292;-0.163699
904.000000;0.612862;-0.159995
905.000000;0.610625;-0.162175
906.000000;0.612884;-0.161282
907.000000;0.617042;-0.158459
908.000000;0.614476;-0.163653
909.000000;0.611421;-0.164608
910.000000;0.610866;-0.162271
911.000000;0.609239;-0.162163
912.000000;0.608744;-0.159888
913.000000;0.611576;-0.160601
914.000000;0.611897;-0.160229
915.000000;0.613274;-0.160758
916.000000;0.615025;-0.158658
917.000000;0.615459;-0.160167
918.000000;0.617188;-0.164129
919.000000;0.612931;-0.163337
920.000000;0.611118;-0.161766
921.000000;0.613059;-0.158560
922.000000;0.613186;-0.158725
923.000000;0.611055;-0.160055
924.000000;0.613079;-0.163029
925.000000;0.613514;-0.159136
926.000000;0.614769;-0.159618
927.000000;0.612434;-0.159475
928.000000;0.612601;-0.159100
929.000000;0.611697;-0.159196
930.000000;0.613319;-0.157834
931.000000;0.609904;-0.160505
932.000000;0.613381;-0.163438
933.000000;0.613120;-0.160853
934.000000;0.610102;-0.163069
935.000000;0.610914;-0.164539
936.000000;0.611841;-0.162666
937.000000;0.610190;-0.159833
938.000000;0.609269;-0.158111
939.000000;0.606805;-0.160121
940.000000;0.609592;-0.163499
941.000000;0.612071;-0.165019
942.000000;0.613201;-0.165227
943.000000;0.609662;-0.161059
944.000000;0.610986;-0.158576
945.000000;0.614178;-0.161157
946.000000;0.613054;-0.160362
947.000000;0.612830;-0.160295
948.000000;0.609012;-0.163481
949.000000;0.608187;-0.162727
950.000000;0.613528;-0.159695
951.000000;0.609515;-0.160885
952.000000;0.610521;-0.161422
953.000000;0.610690;-0.162339
954.000000;0.608933;-0.160910
955.000000;0.610137;-0.163245
956.000000;0.611615;-0.162496
957.000000;0.610388;-0.162054
958.000000;0.610394;-0.162162
959.000000;0.609773;-0.162238
960.000000;0.609298;-0.161155
961.000000;0.606551;-0.162058
962.000000;0.607925;-0.163895
963.000000;0.608337;-0.165206
964.000000;0.609894;-0.165087
965.000000;0.608161;-0.164481
966.000000;0.608484;-0.162395
967.000000;0.608487;-0.163042
968.000000;0.607397;-0.161434
969.000000;0.610231;-0.161953
970.000000;0.610171;-0.163838
971.000000;0.606835;-0.164054
972.000000;0.607243;-0.160358
973.000000;0.609490;-0.163265
974.000000;0.605851;-0.163414
975.000000;0.605870;-0.164015
976.000000;0.609689;-0.163827
977.000000;0.608205;-0.162351
978.000000;0.606073;-0.160980
979.000000;0.607783;-0.164103
980.000000;0.607982;-0.162770
981.000000;0.609449;-0.161262
982.000000;0.608809;-0.159997
983.000000;0.608716;-0.161171
984.000000;0.610050;-0.161577
985.000000;0.607369;-0.162454
986.000000;0.607086;-0.162457
987.000000;0.607217;-0.163540
988.000000;0.606810;-0.162890
989.000000;0.606314;-0.162213
990.000000;0.607799;-0.162298
991.000000;0.607833;-0.161780
992.000000;0.608172;-0.160511
993.000000;0.607011;-0.161860
994.000000;0.603737;-0.161434
995.000000;0.606045;-0.161148
996.000000;0.606336;-0.162102
997.000000;0.605161;-0.161736
998.000000;0.606097;-0.163861
999.000000;0.605900;-0.164424
1000.000000;0.602999;-0.163560
1001.000000;0.605356;-0.162993
1002.000000;0.605365;-0.164568
1003.000000;0.604539;-0.164877
1004.000000;0.605970;-0.164200
1005.000000;0.605095;-0.163079
1006.000000;0.605806;-0.162067
1007.000000;0.605105;-0.161651
1008.000000;0.605642;-0.163201
1009.000000;0.604558;-0.164296
1010.000000;0.605197;-0.164112
1011.000000;0.604850;-0.163935
1012.000000;0.603780;-0.164507
1013.000000;0.604679;-0.165362
1014.000000;0.605200;-0.164840
1015.000000;0.603484;-0.166152
1016.000000;0.603615;-0.166018
1017.000000;0.602846;-0.164308
1018.000000;0.602821;-0.164333
1019.000000;0.602643;-0.163533
1020.000000;0.603669;-0.163818
1021.000000;0.604175;-0.164125
1022.000000;0.603552;-0.164252
1023.000000;0.602272;-0.164966
1024.000000;0.603402;-0.164906
1025.000000;0.603223;-0.164459
1026.000000;0.602820;-0.165105
1027.000000;0.602797;-0.164516
1028.000000;0.601765;-0.164161
1029.000000;0.601540;-0.164597
1030.000000;0.602216;-0.163850
1031.000000;0.602754;-0.164325
1032.000000;0.603002;-0.164480
1033.000000;0.601249;-0.164993
1034.000000;0.600748;-0.165087
1035.000000;0.601467;-0.164729
1036.000000;0.602104;-0.164281
1037.000000;0.602385;-0.164040
1038.000000;0.601822;-0.164317
1039.000000;0.601241;-0.165106
1040.000000;0.602038;-0.166297
1041.000000;0.603050;-0.165932
1042.000000;0.602504;-0.166511
1043.000000;0.600330;-0.165855
1044.000000;0.599902;-0.165365
1045.000000;0.601009;-0.166285
1046.000000;0.602233;-0.165811
1047.000000;0.601268;-0.165718
1048.000000;0.599181;-0.165784
1049.000000;0.599954;-0.165871
1050.000000;0.600653;-0.167229
1051.000000;0.599794;-0.166935
1052.000000;0.600400;-0.165999
1053.000000;0.599847;-0.166259
1054.000000;0.598985;-0.167602
1055.000000;0.599611;-0.168156
1056.000000;0.600096;-0.167979
1057.000000;0.599675;-0.168038
1058.000000;0.599589;-0.167824
1059.000000;0.599141;-0.167182
1060.000000;0.599562;-0.167689
1061.000000;0.598672;-0.167858
1062.000000;0.598897;-0.166406
1063.000000;0.598981;-0.167779
1064.000000;0.598469;-0.168279
1065.000000;0.597777;-0.167210
1066.000000;0.598669;-0.166258
1067.000000;0.599170;-0.168027
1068.000000;0.598297;-0.169741
1069.000000;0.597950;-0.168716
1070.000000;0.598103;-0.168607
1071.000000;0.597764;-0.168806
1072.000000;0.598705;-0.169006
1073.000000;0.598410;-0.168853
1074.000000;0.597728;-0.168551
1075.000000;0.596738;-0.169745
1076.000000;0.597223;-0.168282
1077.000000;0.596598;-0.168074
1078.000000;0.596073;-0.168909
1079.000000;0.596188;-0.169549
1080.000000;0.596022;-0.171624
1081.000000;0.595178;-0.170725
1082.000000;0.594810;-0.169145
1083.000000;0.596555;-0.169612
1084.000000;0.598199;-0.169896
1085.000000;0.597962;-0.170608
1086.000000;0.597074;-0.171200
1087.000000;0.596802;-0.170793
1088.000000;0.596243;-0.170868
1089.000000;0.595638;-0.171121
1090.000000;0.594856;-0.171071
1091.000000;0.594591;-0.171407
1092.000000;0.594644;-0.171364
1093.000000;0.595900;-0.172451
1094.000000;0.596472;-0.172921
1095.000000;0.596886;-0.172267
1096.000000;0.596846;-0.172458
1097.000000;0.595536;-0.173184
1098.000000;0.594638;-0.172052
1099.000000;0.594928;-0.173089
1100.000000;0.595656;-0.173715
1101.000000;0.595126;-0.174872
1102.000000;0.595107;-0.174278
1103.000000;0.593742;-0.173879
1104.000000;0.592886;-0.173470
1105.000000;0.594235;-0.173094
1106.000000;0.593492;-0.174026
1107.000000;0.593389;-0.175078
1108.000000;0.592663;-0.174635
1109.000000;0.591599;-0.173818
1110.000000;0.592196;-0.175344
1111.000000;0.592382;-0.176298
1112.000000;0.591815;-0.175879
1113.000000;0.591307;-0.176948
1114.000000;0.592758;-0.175575
1115.000000;0.593475;-0.174073
1116.000000;0.593571;-0.174799
1117.000000;0.591392;-0.176426
1118.000000;0.589984;-0.176489
1119.000000;0.590345;-0.176336
1120.000000;0.590482;-0.177455
1121.000000;0.591740;-0.177770
1122.000000;0.590995;-0.177620
1123.000000;0.590862;-0.177287
1124.000000;0.590079;-0.177310
1125.000000;0.588481;-0.179920
1126.000000;0.588931;-0.180465
1127.000000;0.589362;-0.179072
1128.000000;0.588756;-0.178468
1129.000000;0.587784;-0.178713
1130.000000;0.589256;-0.179108
1131.000000;0.590927;-0.178859
1132.000000;0.588244;-0.178849
1133.000000;0.586651;-0.180394
1134.000000;0.587706;-0.181121
1135.000000;0.586938;-0.180090
1136.000000;0.587293;-0.181068
1137.000000;0.587145;-0.182631
1138.000000;0.586979;-0.181423
1139.000000;0.589022;-0.180834
1140.000000;0.587106;-0.181242
1141.000000;0.586395;-0.182478
1142.000000;0.586427;-0.180056
1143.000000;0.585161;-0.180586
1144.000000;0.587712;-0.184345
1145.000000;0.586979;-0.185231
1146.000000;0.584089;-0.185202
1147.000000;0.584756;-0.185743
1148.000000;0.585148;-0.184735
1149.000000;0.584582;-0.184193
1150.000000;0.584438;-0.183780
1151.000000;0.585273;-0.183146
1152.000000;0.586248;-0.183871
1153.000000;0.583651;-0.183590
1154.000000;0.582624;-0.184828
1155.000000;0.581526;-0.185336
1156.000000;0.581004;-0.188316
1157.000000;0.581454;-0.188369
1158.000000;0.581561;-0.188103
1159.000000;0.582319;-0.191470
1160.000000;0.582990;-0.189953
1161.000000;0.581569;-0.187504
1162.000000;0.582283;-0.188941
1163.000000;0.581781;-0.187773
1164.000000;0.580600;-0.191357
1165.000000;0.579745;-0.190340
1166.000000;0.579208;-0.190930
1167.000000;0.579994;-0.192085
1168.000000;0.578805;-0.192311
1169.000000;0.577439;-0.192277
1170.000000;0.577782;-0.192566
1171.000000;0.580512;-0.193065
1172.000000;0.578813;-0.193582
1173.000000;0.579200;-0.192381
1174.000000;0.578504;-0.193986
1175.000000;0.574712;-0.193754
1176.000000;0.575225;-0.193976
1177.000000;0.576311;-0.193822
1178.000000;0.574046;-0.193875
1179.000000;0.573479;-0.194299
1180.000000;0.572124;-0.195443
1181.000000;0.571423;-0.194811
1182.000000;0.570926;-0.192114
1183.000000;0.569695;-0.194100
1184.000000;0.572445;-0.197696
1185.000000;0.573435;-0.198491
1186.000000;0.572130;-0.195779
1187.000000;0.569119;-0.197128
1188.000000;0.570480;-0.199443
1189.000000;0.570683;-0.201787
1190.000000;0.568724;-0.200942
1191.000000;0.569343;-0.198530
1192.000000;0.568474;-0.199594
1193.000000;0.567623;-0.200046
1194.000000;0.569770;-0.199190
1195.000000;0.568605;-0.202175
1196.000000;0.565215;-0.201720
1197.000000;0.565362;-0.202316
1198.000000;0.565325;-0.203063
1199.000000;0.565856;-0.206947
1200.000000;0.564525;-0.203557
1201.000000;0.561622;-0.205443
1202.000000;0.562478;-0.206120
1203.000000;0.559948;-0.208347
1204.000000;0.558548;-0.207598
1205.000000;0.559210;-0.206987
1206.000000;0.559606;-0.207184
1207.000000;0.559139;-0.209349
1208.000000;0.557395;-0.206411
1209.000000;0.553249;-0.209117
1210.000000;0.553133;-0.209230
1211.000000;0.551445;-0.210109
1212.000000;0.554889;-0.210400
1213.000000;0.555132;-0.208896
1214.000000;0.554749;-0.211850
1215.000000;0.553764;-0.210762
1216.000000;0.553397;-0.209522
1217.000000;0.551214;-0.214011
1218.000000;0.549848;-0.215551
1219.000000;0.545302;-0.213207
1220.000000;0.547090;-0.211432
1221.000000;0.545350;-0.216127
1222.000000;0.544866;-0.216105
1223.000000;0.541531;-0.216107
1224.000000;0.542531;-0.217088
1225.000000;0.544541;-0.216422
1226.000000;0.540808;-0.217934
1227.000000;0.540205;-0.217584
1228.000000;0.541371;-0.216574
1229.000000;0.539828;-0.219439
1230.000000;0.536138;-0.223321
1231.000000;0.535093;-0.221553
1232.000000;0.535532;-0.219334
1233.000000;0.530712;-0.220336
1234.000000;0.531254;-0.221640
1235.000000;0.531593;-0.222775
1236.000000;0.528313;-0.221642
1237.000000;0.526510;-0.221015
1238.000000;0.525818;-0.224152
1239.000000;0.524965;-0.223695
1240.000000;0.525271;-0.221361
1241.000000;0.526885;-0.223992
1242.000000;0.523270;-0.224283
1243.000000;0.519266;-0.224310
1244.000000;0.519644;-0.223724
1245.000000;0.515974;-0.219660
1246.000000;0.513283;-0.221182
1247.000000;0.512742;-0.221158
1248.000000;0.511661;-0.224991
1249.000000;0.508789;-0.228385
1250.000000;0.508424;-0.226359
1251.000000;0.505510;-0.225621
1252.000000;0.503245;-0.226997
1253.000000;0.500900;-0.224731
1254.000000;0.500411;-0.226191
1255.000000;0.496963;-0.227301
1256.000000;0.495321;-0.223500
1257.000000;0.491094;-0.226434
1258.000000;0.485498;-0.225468
1259.000000;0.483181;-0.224601
1260.000000;0.483528;-0.225476
1261.000000;0.484025;-0.225749
1262.000000;0.480856;-0.224441
1263.000000;0.479183;-0.223863
1264.000000;0.477888;-0.222116
1265.000000;0.472188;-0.220692
1266.000000;0.466771;-0.221576
1267.000000;0.467242;-0.219573
1268.000000;0.467517;-0.219015
1269.000000;0.463952;-0.220555
1270.000000;0.460132;-0.214762
1271.000000;0.457973;-0.211804
1272.000000;0.458338;-0.212358
1273.000000;0.453424;-0.211754
1274.000000;0.450054;-0.210205
1275.000000;0.447531;-0.208884
1276.000000;0.446738;-0.208131
1277.000000;0.443360;-0.205283
1278.000000;0.441153;-0.203803
1279.000000;0.440864;-0.201941
1280.000000;0.436783;-0.197759
1281.000000;0.435910;-0.197036
1282.000000;0.435701;-0.195507
1283.000000;0.434274;-0.192242
1284.000000;0.433608;-0.187695
1285.000000;0.430290;-0.185191
1286.000000;0.424310;-0.182192
1287.000000;0.427020;-0.179916
1288.000000;0.425602;-0.177248
1289.000000;0.421550;-0.175662
1290.000000;0.421715;-0.171169
1291.000000;0.418022;-0.167523
1292.000000;0.418284;-0.165934
1293.000000;0.418266;-0.163097
1294.000000;0.416708;-0.160223
1295.000000;0.414759;-0.156931
1296.000000;0.413927;-0.154528
1297.000000;0.412765;-0.151811
1298.000000;0.410727;-0.148925
1299.000000;0.411864;-0.144731
1300.000000;0.413136;-0.139238
1301.000000;0.414025;-0.136683
1302.000000;0.412922;-0.135023
1303.000000;0.413370;-0.131300
1304.000000;0.414923;-0.126420
1305.000000;0.418310;-0.123155
1306.000000;0.415580;-0.120520
1307.000000;0.414511;-0.118523
1308.000000;0.416428;-0.115281
1309.000000;0.418925;-0.114213
1310.000000;0.420958;-0.109575
1311.000000;0.421040;-0.105238
1312.000000;0.420831;-0.104216
1313.000000;0.423360;-0.101395
1314.000000;0.424705;-0.099187
1315.000000;0.425158;-0.097680
1316.000000;0.426901;-0.093139
1317.000000;0.426339;-0.092496
1318.000000;0.427906;-0.090120
1319.000000;0.431922;-0.088984
1320.000000;0.432007;-0.087692
1321.000000;0.434472;-0.085385
1322.000000;0.437408;-0.085440
1323.000000;0.439247;-0.084069
1324.000000;0.440720;-0.078588
1325.000000;0.442397;-0.076445
1326.000000;0.444760;-0.076268
1327.000000;0.447149;-0.076316
1328.000000;0.447646;-0.076022
1329.000000;0.448225;-0.073874
1330.000000;0.450673;-0.072092
1331.000000;0.453647;-0.072047
1332.000000;0.455484;-0.069603
1333.000000;0.456237;-0.069456
1334.000000;0.457234;-0.069083
1335.000000;0.459561;-0.068149
1336.000000;0.462555;-0.067603
1337.000000;0.464556;-0.066683
1338.000000;0.465314;-0.068123
1339.000000;0.466177;-0.066738
1340.000000;0.467413;-0.066559
1341.000000;0.469563;-0.065205
1342.000000;0.469310;-0.063618
1343.000000;0.469165;-0.062981
1344.000000;0.471494;-0.062314
1345.000000;0.472754;-0.062295
1346.000000;0.475812;-0.063430
1347.000000;0.478343;-0.062959
1348.000000;0.479166;-0.064150
1349.000000;0.478787;-0.061803
1350.000000;0.479902;-0.060467
1351.000000;0.480125;-0.061368
1352.000000;0.482406;-0.063668
1353.000000;0.482697;-0.066433
1354.000000;0.484021;-0.062894
1355.000000;0.485406;-0.062387
1356.000000;0.486022;-0.060893
1357.000000;0.485701;-0.061547
1358.000000;0.487208;-0.061952
1359.000000;0.487800;-0.060770
1360.000000;0.490030;-0.061514
1361.000000;0.492476;-0.062992
1362.000000;0.491523;-0.063018
1363.000000;0.491718;-0.062944
1364.000000;0.493940;-0.062509
1365.000000;0.493024;-0.062106
1366.000000;0.494917;-0.062210
1367.000000;0.497242;-0.061664
1368.000000;0.496407;-0.062458
1369.000000;0.496900;-0.062146
1370.000000;0.498867;-0.062953
1371.000000;0.499996;-0.062720
1372.000000;0.499105;-0.062718
1373.000000;0.498707;-0.062727
1374.000000;0.498296;-0.062534
1375.000000;0.499075;-0.062687
1376.000000;0.499506;-0.062768
1377.000000;0.500664;-0.062852
1378.000000;0.500662;-0.065616
1379.000000;0.500649;-0.063309
1380.000000;0.499656;-0.061957
1381.000000;0.499253;-0.062193
1382.000000;0.501298;-0.062274
1383.000000;0.500608;-0.062611
1384.000000;0.500620;-0.061684
1385.000000;0.500455;-0.063045
1386.000000;0.501822;-0.061783
1387.000000;0.503635;-0.061458
1388.000000;0.503545;-0.062179
1389.000000;0.504096;-0.062519
1390.000000;0.504786;-0.062132
1391.000000;0.503887;-0.059955
1392.000000;0.503936;-0.060208
1393.000000;0.505691;-0.060262
1394.000000;0.504831;-0.060461
1395.000000;0.505099;-0.061163
1396.000000;0.504993;-0.061999
1397.000000;0.505553;-0.060823
1398.000000;0.505429;-0.059627
1399.000000;0.507179;-0.059511
1400.000000;0.505867;-0.059489
1401.000000;0.505403;-0.061079
1402.000000;0.506408;-0.058780
1403.000000;0.508036;-0.057470
1404.000000;0.508479;-0.057928
1405.000000;0.509821;-0.058449
1406.000000;0.508614;-0.057353
1407.000000;0.509242;-0.058293
1408.000000;0.510064;-0.056876
1409.000000;0.511055;-0.055462
1410.000000;0.511315;-0.055579
1411.000000;0.511810;-0.055568
1412.000000;0.512866;-0.054607
1413.000000;0.511739;-0.053318
1414.000000;0.512372;-0.052919
1415.000000;0.513634;-0.052426
1416.000000;0.513902;-0.052223
1417.000000;0.512949;-0.051869
1418.000000;0.515560;-0.052043
1419.000000;0.516398;-0.052655
1420.000000;0.515116;-0.051799
1421.000000;0.516306;-0.051165
1422.000000;0.517437;-0.049831
1423.000000;0.518514;-0.049800
1424.000000;0.519097;-0.049539
1425.000000;0.519344;-0.047932
1426.000000;0.518796;-0.048259
1427.000000;0.521323;-0.048705
1428.000000;0.522358;-0.047807
1429.000000;0.522624;-0.048637
1430.000000;0.522802;-0.048723
1431.000000;0.523883;-0.048458
1432.000000;0.524692;-0.046799
1433.000000;0.526180;-0.045704
1434.000000;0.526316;-0.045988
1435.000000;0.526609;-0.046890
1436.000000;0.526612;-0.047037
1437.000000;0.527834;-0.047057
1438.000000;0.528736;-0.047582
1439.000000;0.530253;-0.046200
1440.000000;0.531278;-0.045324
1441.000000;0.531307;-0.046122
1442.000000;0.532382;-0.045909
1443.000000;0.532995;-0.046305
1444.000000;0.535128;-0.046743
1445.000000;0.534750;-0.046322
1446.000000;0.534369;-0.047505
1447.000000;0.535083;-0.046868
1448.000000;0.537364;-0.046582
1449.000000;0.538874;-0.046608
1450.000000;0.539198;-0.047923
1451.000000;0.539296;-0.049200
1452.000000;0.539310;-0.048365
1453.000000;0.541000;-0.047259
1454.000000;0.542245;-0.048163
1455.000000;0.541077;-0.048310
1456.000000;0.541777;-0.048700
1457.000000;0.543208;-0.049348
1458.000000;0.543414;-0.049831
1459.000000;0.544138;-0.050147
1460.000000;0.545201;-0.049651
1461.000000;0.545499;-0.049267
1462.000000;0.546381;-0.049675
1463.000000;0.546849;-0.049617
1464.000000;0.546923;-0.050013
1465.000000;0.548221;-0.050466
1466.000000;0.548130;-0.051448
1467.000000;0.548453;-0.051945
1468.000000;0.549411;-0.052242
1469.000000;0.550499;-0.052335
1470.000000;0.550865;-0.052533
1471.000000;0.551429;-0.052440
1472.000000;0.551805;-0.052891
1473.000000;0.552237;-0.053713
1474.000000;0.552490;-0.054164
1475.000000;0.552828;-0.054887
1476.000000;0.553533;-0.054681
1477.000000;0.553619;-0.054899
1478.000000;0.553662;-0.054906
1479.000000;0.555195;-0.055341
1480.000000;0.555414;-0.056042
1481.000000;0.554809;-0.056703
1482.000000;0.555500;-0.057976
1483.000000;0.555123;-0.057720
1484.000000;0.555055;-0.057964
1485.000000;0.555211;-0.057600
1486.000000;0.556097;-0.058362
1487.000000;0.556910;-0.059337
1488.000000;0.557769;-0.058870
1489.000000;0.557523;-0.059723
1490.000000;0.557358;-0.059735
1491.000000;0.557441;-0.059831
1492.000000;0.557562;-0.060565
1493.000000;0.558878;-0.061114
1494.000000;0.559241;-0.060931
1495.000000;0.558917;-0.061027
1496.000000;0.559185;-0.062207
1497.000000;0.559365;-0.062475
1498.000000;0.559641;-0.061961
1499.000000;0.560354;-0.061907
1500.000000;0.560289;-0.063613
1501.000000;0.560024;-0.063830
1502.000000;0.560756;-0.063815
1503.000000;0.561268;-0.064309
1504.000000;0.561129;-0.064867
1505.000000;0.561281;-0.064357
1506.000000;0.560966;-0.064518
1507.000000;0.560311;-0.064519
1508.000000;0.560120;-0.064949
1509.000000;0.561165;-0.065688
1510.000000;0.561712;-0.065931
1511.000000;0.561108;-0.065955
1512.000000;0.561835;-0.066237
1513.000000;0.562222;-0.066698
1514.000000;0.562022;-0.067461
1515.000000;0.561561;-0.068204
1516.000000;0.563034;-0.067620
1517.000000;0.562969;-0.068186
1518.000000;0.562717;-0.068934
1519.000000;0.563053;-0.069673
1520.000000;0.562875;-0.070076
1521.000000;0.563192;-0.069503
1522.000000;0.563246;-0.069065
1523.000000;0.563455;-0.069141
1524.000000;0.563499;-0.070674
1525.000000;0.564161;-0.071076
1526.000000;0.564221;-0.070552
1527.000000;0.563048;-0.071364
1528.000000;0.563180;-0.071599
1529.000000;0.563159;-0.071543
1530.000000;0.563235;-0.071390
1531.000000;0.564043;-0.071569
1532.000000;0.562865;-0.073537
1533.000000;0.562530;-0.072294
1534.000000;0.562960;-0.072507
1535.000000;0.563490;-0.072291
1536.000000;0.563498;-0.072721
1537.000000;0.563657;-0.073791
1538.000000;0.562745;-0.074275
1539.000000;0.562646;-0.073419
1540.000000;0.562517;-0.073623
1541.000000;0.563763;-0.074583
1542.000000;0.564112;-0.074482
1543.000000;0.563653;-0.075358
1544.000000;0.564355;-0.074934
1545.000000;0.564469;-0.074499
1546.000000;0.564173;-0.074394
1547.000000;0.564277;-0.075792
1548.000000;0.564391;-0.076436
1549.000000;0.564300;-0.076665
1550.000000;0.563640;-0.077526
1551.000000;0.563520;-0.076624
1552.000000;0.564284;-0.075710
1553.000000;0.563898;-0.076318
1554.000000;0.563608;-0.077434
1555.000000;0.564386;-0.077965
1556.000000;0.563632;-0.076892
1557.000000;0.563040;-0.076347
1558.000000;0.563925;-0.077093
1559.000000;0.564356;-0.077660
1560.000000;0.564247;-0.078349
1561.000000;0.564231;-0.077853
1562.000000;0.563221;-0.077708
1563.000000;0.562985;-0.078693
1564.000000;0.564124;-0.078736
1565.000000;0.563987;-0.078796
1566.000000;0.563844;-0.079745
1567.000000;0.564918;-0.079957
1568.000000;0.564800;-0.079650
1569.000000;0.563972;-0.079866
1570.000000;0.564220;-0.079566
1571.000000;0.563799;-0.079405
1572.000000;0.563937;-0.080314
1573.000000;0.564668;-0.080553
1574.000000;0.564999;-0.079838
1575.000000;0.564747;-0.081106
1576.000000;0.564572;-0.082291
1577.000000;0.565186;-0.081979
1578.000000;0.563843;-0.081320
1579.000000;0.564397;-0.081785
1580.000000;0.564788;-0.080358
1581.000000;0.565136;-0.079624
1582.000000;0.565065;-0.081698
1583.000000;0.563541;-0.082072
1584.000000;0.562380;-0.082184
1585.000000;0.564305;-0.081093
1586.000000;0.565342;-0.081302
1587.000000;0.564912;-0.081249
1588.000000;0.564464;-0.082624
1589.000000;0.564342;-0.081758
1590.000000;0.564625;-0.082790
1591.000000;0.565079;-0.082000
1592.000000;0.564954;-0.083326
1593.000000;0.562977;-0.082492
1594.000000;0.562809;-0.083193
1595.000000;0.563308;-0.082782
1596.000000;0.563156;-0.082555
1597.000000;0.563974;-0.085065
1598.000000;0.564261;-0.085333
1599.000000;0.564526;-0.084417
1600.000000;0.563977;-0.084197
1601.000000;0.561717;-0.084071
1602.000000;0.562834;-0.083493
1603.000000;0.563230;-0.082689
1604.000000;0.563598;-0.083075
1605.000000;0.563729;-0.084313
1606.000000;0.564226;-0.083357
1607.000000;0.563585;-0.084126
1608.000000;0.562336;-0.083572
1609.000000;0.562563;-0.083846
1610.000000;0.564206;-0.083025
1611.000000;0.563810;-0.085583
1612.000000;0.563092;-0.084288
1613.000000;0.562180;-0.083626
1614.000000;0.560843;-0.084797
1615.000000;0.561385;-0.087202
1616.000000;0.561091;-0.087630
1617.000000;0.560277;-0.085908
1618.000000;0.562802;-0.086174
1619.000000;0.562775;-0.085872
1620.000000;0.562234;-0.087273
1621.000000;0.562497;-0.087666
1622.000000;0.561807;-0.086338
1623.000000;0.563192;-0.084981
1624.000000;0.561718;-0.087016
1625.000000;0.560345;-0.088831
1626.000000;0.561273;-0.088154
1627.000000;0.562195;-0.087431
1628.000000;0.562848;-0.087075
1629.000000;0.562686;-0.086966
1630.000000;0.561814;-0.085556
1631.000000;0.561645;-0.084677
1632.000000;0.561161;-0.087561
1633.000000;0.562523;-0.088733
1634.000000;0.563357;-0.087988
1635.000000;0.562893;-0.088460
1636.000000;0.563980;-0.087665
1637.000000;0.563478;-0.088441
1638.000000;0.563290;-0.088112
1639.000000;0.560848;-0.087225
1640.000000;0.559192;-0.087012
1641.000000;0.559455;-0.087458
1642.000000;0.561078;-0.089834
1643.000000;0.561377;-0.088705
1644.000000;0.561068;-0.090187
1645.000000;0.560532;-0.088190
1646.000000;0.558249;-0.088233
1647.000000;0.559654;-0.087098
1648.000000;0.558833;-0.088910
1649.000000;0.557938;-0.088563
1650.000000;0.557171;-0.087480
1651.000000;0.558829;-0.084946
1652.000000;0.559812;-0.085163
1653.000000;0.559726;-0.087698
1654.000000;0.559136;-0.087772
1655.000000;0.558192;-0.088229
1656.000000;0.560219;-0.087255
1657.000000;0.559278;-0.086243
1658.000000;0.557543;-0.088576
1659.000000;0.557831;-0.087638
1660.000000;0.559765;-0.088204
1661.000000;0.557896;-0.089248
1662.000000;0.557782;-0.088552
1663.000000;0.558340;-0.088147
1664.000000;0.558229;-0.088696
1665.000000;0.559069;-0.086609
1666.000000;0.558539;-0.085556
1667.000000;0.559436;-0.089198
1668.000000;0.561401;-0.088894
1669.000000;0.560194;-0.088120
1670.000000;0.558847;-0.087319
1671.000000;0.560067;-0.088024
1672.000000;0.560058;-0.086982
1673.000000;0.559963;-0.089379
1674.000000;0.558244;-0.088514
1675.000000;0.554782;-0.086285
1676.000000;0.558258;-0.088689
1677.000000;0.559036;-0.089431
1678.000000;0.559762;-0.087486
1679.000000;0.559154;-0.091095
1680.000000;0.559477;-0.090187
1681.000000;0.556060;-0.090093
1682.000000;0.556284;-0.089172
1683.000000;0.559752;-0.090181
1684.000000;0.560959;-0.090456
1685.000000;0.560202;-0.091363
1686.000000;0.561564;-0.090816
1687.000000;0.556437;-0.091507
1688.000000;0.556836;-0.089650
1689.000000;0.559486;-0.086102
1690.000000;0.559549;-0.091675
1691.000000;0.560645;-0.092919
1692.000000;0.560445;-0.088769
1693.000000;0.560214;-0.088650
1694.000000;0.562136;-0.088620
1695.000000;0.561963;-0.088557
1696.000000;0.560592;-0.085974
1697.000000;0.559837;-0.086338
1698.000000;0.555021;-0.091336
1699.000000;0.556377;-0.090900
1700.000000;0.561546;-0.088994
1701.000000;0.562263;-0.089824
1702.000000;0.559005;-0.093491
1703.000000;0.558793;-0.088715
1704.000000;0.558120;-0.091808
1705.000000;0.561596;-0.091656
1706.000000;0.563678;-0.092276
1707.000000;0.562907;-0.096874
1708.000000;0.560700;-0.096812
1709.000000;0.563897;-0.095120
1710.000000;0.563329;-0.094134
1711.000000;0.558986;-0.096510
1712.000000;0.562611;-0.098136
1713.000000;0.559662;-0.095253
1714.000000;0.558659;-0.093103
1715.000000;0.560417;-0.098896
1716.000000;0.558178;-0.099483
1717.000000;0.558247;-0.095631
1718.000000;0.559134;-0.093853
1719.000000;0.559336;-0.094409
1720.000000;0.556468;-0.094828
1721.000000;0.557215;-0.093615
1722.000000;0.556300;-0.096704
1723.000000;0.560257;-0.096446
1724.000000;0.560719;-0.091584
1725.000000;0.559940;-0.094606
1726.000000;0.562330;-0.097059
1727.000000;0.564674;-0.097219
1728.000000;0.564251;-0.095511
1729.000000;0.565282;-0.094055
1730.000000;0.563506;-0.096030
1731.000000;0.558312;-0.096452
1732.000000;0.555355;-0.095516
1733.000000;0.556193;-0.095088
1734.000000;0.561121;-0.096885
1735.000000;0.560458;-0.099345
1736.000000;0.558649;-0.098753
1737.000000;0.559339;-0.094709
1738.000000;0.557697;-0.096408
1739.000000;0.556780;-0.098410
1740.000000;0.558027;-0.097632
1741.000000;0.559781;-0.099995
1742.000000;0.556255;-0.100624
1743.000000;0.558255;-0.098352
1744.000000;0.558826;-0.101145
1745.000000;0.559681;-0.105242
1746.000000;0.558615;-0.102073
1747.000000;0.556786;-0.101814
1748.000000;0.555395;-0.101034
1749.000000;0.556288;-0.101851
1750.000000;0.555738;-0.100960
1751.000000;0.556352;-0.101652
1752.000000;0.556579;-0.101827
1753.000000;0.555658;-0.102251
1754.000000;0.556764;-0.104377
1755.000000;0.553315;-0.100947
1756.000000;0.552794;-0.099973
1757.000000;0.554030;-0.104601
1758.000000;0.552802;-0.102884
1759.000000;0.552297;-0.100292
1760.000000;0.553301;-0.101509
1761.000000;0.552379;-0.102045
1762.000000;0.551901;-0.102508
1763.000000;0.556004;-0.104950
1764.000000;0.552371;-0.107762
1765.000000;0.551535;-0.104880
1766.000000;0.548317;-0.103125
1767.000000;0.550756;-0.102410
1768.000000;0.553664;-0.107134
1769.000000;0.551362;-0.104899
1770.000000;0.548988;-0.102764
1771.000000;0.549759;-0.104774
1772.000000;0.546724;-0.104768
1773.000000;0.546237;-0.101400
1774.000000;0.548359;-0.100792
1775.000000;0.547572;-0.101302
1776.000000;0.545275;-0.102247
1777.000000;0.545408;-0.102831
1778.000000;0.547834;-0.103122
1779.000000;0.549733;-0.103144
1780.000000;0.547670;-0.103075
1781.000000;0.543967;-0.101038
1782.000000;0.545968;-0.104329
1783.000000;0.546551;-0.108136
1784.000000;0.546740;-0.103940
1785.000000;0.541883;-0.101044
1786.000000;0.539961;-0.102164
1787.000000;0.541657;-0.104014
1788.000000;0.542681;-0.104156
1789.000000;0.541537;-0.105360
1790.000000;0.544028;-0.105777
1791.000000;0.543094;-0.107620
1792.000000;0.542878;-0.105165
1793.000000;0.542457;-0.102207
1794.000000;0.540477;-0.103142
1795.000000;0.539855;-0.104950
1796.000000;0.540723;-0.101663
1797.000000;0.540836;-0.101479
1798.000000;0.541243;-0.103303
1799.000000;0.538054;-0.104895
1800.000000;0.539772;-0.103476
1801.000000;0.541148;-0.103553
1802.000000;0.539446;-0.102572
1803.000000;0.537891;-0.101682
1804.000000;0.538573;-0.102527
1805.000000;0.538192;-0.103425
1806.000000;0.539618;-0.101716
1807.000000;0.538633;-0.100919
1808.000000;0.538016;-0.100409
1809.000000;0.537308;-0.100326
1810.000000;0.537227;-0.100595
1811.000000;0.535814;-0.100147
1812.000000;0.535249;-0.099158
1813.000000;0.533066;-0.099139
1814.000000;0.535159;-0.099163
1815.000000;0.537008;-0.096525
1816.000000;0.535381;-0.097614
1817.000000;0.533913;-0.099490
1818.000000;0.534917;-0.099478
1819.000000;0.534336;-0.098909
1820.000000;0.533737;-0.098016
1821.000000;0.532900;-0.099035
1822.000000;0.533480;-0.096240
1823.000000;0.533527;-0.094963
1824.000000;0.533496;-0.095773
1825.000000;0.534567;-0.095525
1826.000000;0.532173;-0.095774
1827.000000;0.532478;-0.095945
1828.000000;0.535605;-0.094301
1829.000000;0.534748;-0.093464
1830.000000;0.532698;-0.094398
1831.000000;0.533944;-0.095727
1832.000000;0.532322;-0.094719
1833.000000;0.530889;-0.092024
1834.000000;0.529963;-0.094473
1835.000000;0.532398;-0.095970
1836.000000;0.533035;-0.094965
1837.000000;0.530498;-0.092434
1838.000000;0.530930;-0.091686
1839.000000;0.531371;-0.091304
1840.000000;0.530668;-0.091129
1841.000000;0.532525;-0.090800
1842.000000;0.533936;-0.090601
1843.000000;0.533600;-0.089674
1844.000000;0.532424;-0.088824
1845.000000;0.532287;-0.087318
1846.000000;0.532538;-0.088350
1847.000000;0.530668;-0.087765
1848.000000;0.530794;-0.088637
1849.000000;0.532926;-0.089785
1850.000000;0.533568;-0.088811
1851.000000;0.531658;-0.089824
1852.000000;0.530017;-0.088746
1853.000000;0.531398;-0.088117
1854.000000;0.533598;-0.089391
1855.000000;0.535803;-0.090038
1856.000000;0.534435;-0.089352
1857.000000;0.533943;-0.088970
1858.000000;0.532860;-0.089551
1859.000000;0.532757;-0.089203
1860.000000;0.533298;-0.085956
1861.000000;0.533522;-0.084830
1862.000000;0.532953;-0.085683
1863.000000;0.533050;-0.084357
1864.000000;0.532716;-0.086093
1865.000000;0.533234;-0.086154
1866.000000;0.533474;-0.084649
1867.000000;0.534461;-0.084581
1868.000000;0.534064;-0.085143
1869.000000;0.533955;-0.085801
1870.000000;0.534778;-0.085923
1871.000000;0.534798;-0.086494
1872.000000;0.534816;-0.086199
1873.000000;0.534415;-0.083226
1874.000000;0.534218;-0.085006
1875.000000;0.534772;-0.086987
1876.000000;0.536265;-0.087357
1877.000000;0.537063;-0.085727
1878.000000;0.537838;-0.085320
1879.000000;0.537215;-0.084774
1880.000000;0.536922;-0.083004
1881.000000;0.536715;-0.084791
1882.000000;0.536347;-0.085964
1883.000000;0.535760;-0.085739
1884.000000;0.537937;-0.084308
1885.000000;0.536946;-0.084892
1886.000000;0.536932;-0.085128
1887.000000;0.537867;-0.086110
1888.000000;0.538634;-0.085919
1889.000000;0.537251;-0.085394
1890.000000;0.536780;-0.084906
1891.000000;0.537810;-0.086051
1892.000000;0.538230;-0.084705
1893.000000;0.537630;-0.083990
1894.000000;0.537401;-0.084597
1895.000000;0.537819;-0.085732
1896.000000;0.538933;-0.086196
1897.000000;0.538368;-0.084555
1898.000000;0.538507;-0.084696
1899.000000;0.538724;-0.085195
1900.000000;0.538987;-0.085093
1901.000000;0.538468;-0.085143
1902.000000;0.540395;-0.084120
1903.000000;0.540654;-0.085654
1904.000000;0.539035;-0.086284
1905.000000;0.539853;-0.086279
1906.000000;0.540543;-0.085069
1907.000000;0.539193;-0.085998
1908.000000;0.538614;-0.085983
1909.000000;0.538372;-0.085425
1910.000000;0.540667;-0.085582
1911.000000;0.540907;-0.086744
1912.000000;0.540022;-0.086845
1913.000000;0.540325;-0.088165
1914.000000;0.539795;-0.087354
1915.000000;0.540251;-0.086718
1916.000000;0.540649;-0.085668
1917.000000;0.541259;-0.086071
1918.000000;0.540800;-0.086717
1919.000000;0.540441;-0.086947
1920.000000;0.539766;-0.085629
1921.000000;0.540361;-0.086302
1922.000000;0.540648;-0.087339
1923.000000;0.541253;-0.088540
1924.000000;0.541618;-0.087751
1925.000000;0.541117;-0.087551
1926.000000;0.540209;-0.087808
1927.000000;0.541253;-0.089500
1928.000000;0.540926;-0.089312
1929.000000;0.541049;-0.088578
1930.000000;0.541170;-0.088186
1931.000000;0.540483;-0.088162
1932.000000;0.540068;-0.089239
1933.000000;0.539915;-0.089008
1934.000000;0.540388;-0.090041
1935.000000;0.540051;-0.091098
1936.000000;0.540390;-0.089451
1937.000000;0.539744;-0.088997
1938.000000;0.539662;-0.089316
1939.000000;0.541260;-0.088572
1940.000000;0.540483;-0.089088
1941.000000;0.538997;-0.090402
1942.000000;0.539158;-0.091437
1943.000000;0.540046;-0.091182
1944.000000;0.539882;-0.089131
1945.000000;0.539284;-0.088499
1946.000000;0.540377;-0.089681
1947.000000;0.540874;-0.090570
1948.000000;0.540557;-0.091038
1949.000000;0.540675;-0.091171
1950.000000;0.539507;-0.091701
1951.000000;0.539470;-0.090849
1952.000000;0.539361;-0.091579
1953.000000;0.539930;-0.091738
1954.000000;0.539565;-0.090533
1955.000000;0.538716;-0.090646
1956.000000;0.538737;-0.090898
1957.000000;0.538979;-0.090419
1958.000000;0.539488;-0.090599
1959.000000;0.539076;-0.090833
1960.000000;0.538925;-0.091935
1961.000000;0.540026;-0.092513
1962.000000;0.539941;-0.092216
1963.000000;0.540026;-0.092792
1964.000000;0.538944;-0.092815
1965.000000;0.538708;-0.093150
1966.000000;0.539045;-0.091839
1967.000000;0.537459;-0.091973
1968.000000;0.537508;-0.093812
1969.000000;0.538666;-0.092621
1970.000000;0.538231;-0.091898
1971.000000;0.536832;-0.092453
1972.000000;0.538484;-0.094366
1973.000000;0.537967;-0.094195
1974.000000;0.537719;-0.093397
1975.000000;0.537808;-0.091398
1976.000000;0.537917;-0.093555
1977.000000;0.538270;-0.092456
1978.000000;0.538842;-0.091149
1979.000000;0.538905;-0.093576
1980.000000;0.538020;-0.094210
1981.000000;0.538211;-0.093684
1982.000000;0.538373;-0.092829
1983.000000;0.536608;-0.092754
1984.000000;0.537883;-0.091633
1985.000000;0.538277;-0.092769
1986.000000;0.537470;-0.093837
1987.000000;0.536644;-0.094403
1988.000000;0.536876;-0.094552
1989.000000;0.536609;-0.093630
1990.000000;0.537985;-0.094068
1991.000000;0.537869;-0.092972
1992.000000;0.537680;-0.092832
1993.000000;0.535239;-0.094277
1994.000000;0.535702;-0.094422
1995.000000;0.537534;-0.094304
1996.000000;0.537130;-0.096254
1997.000000;0.536464;-0.096012
1998.000000;0.536846;-0.094674
1999.000000;0.536377;-0.094857
2000.000000;0.536548;-0.094692
2001.000000;0.537199;-0.093723
2002.000000;0.538976;-0.094111
2003.000000;0.537139;-0.095246
2004.000000;0.535908;-0.096006
2005.000000;0.536509;-0.096449
2006.000000;0.537322;-0.095499
2007.000000;0.535957;-0.096127
2008.000000;0.535721;-0.096305
2009.000000;0.535892;-0.096462
2010.000000;0.536584;-0.094517
2011.000000;0.535621;-0.095736
2012.000000;0.535544;-0.095888
2013.000000;0.535202;-0.094875
2014.000000;0.535418;-0.095803
2015.000000;0.532731;-0.096217
2016.000000;0.533204;-0.098299
2017.000000;0.534129;-0.098230
2018.000000;0.534976;-0.098389
2019.000000;0.535239;-0.097232
2020.000000;0.536328;-0.096237
2021.000000;0.532595;-0.098350
2022.000000;0.533763;-0.099621
2023.000000;0.535630;-0.097190
2024.000000;0.534306;-0.096399
2025.000000;0.531722;-0.097806
2026.000000;0.532958;-0.097318
2027.000000;0.535208;-0.098502
2028.000000;0.535343;-0.097609
2029.000000;0.533628;-0.096688
2030.000000;0.531695;-0.096856
2031.000000;0.531988;-0.097449
2032.000000;0.532400;-0.099151
2033.000000;0.532347;-0.098329
2034.000000;0.532886;-0.099194
2035.000000;0.532728;-0.097795
2036.000000;0.533290;-0.099318
2037.000000;0.533528;-0.098280
2038.000000;0.532807;-0.099155
2039.000000;0.532714;-0.099702
2040.000000;0.531663;-0.098970
2041.000000;0.529739;-0.098482
2042.000000;0.531287;-0.097429
2043.000000;0.530341;-0.097804
2044.000000;0.530429;-0.099926
2045.000000;0.529812;-0.101713
2046.000000;0.529206;-0.101697
2047.000000;0.530866;-0.101639
2048.000000;0.531885;-0.100922
2049.000000;0.530434;-0.101145
2050.000000;0.531307;-0.101835
2051.000000;0.529474;-0.101880
2052.000000;0.528406;-0.101579
2053.000000;0.529759;-0.100256
2054.000000;0.529992;-0.100572
2055.000000;0.531180;-0.099095
2056.000000;0.531216;-0.100891
2057.000000;0.529334;-0.099840
2058.000000;0.529136;-0.099225
2059.000000;0.528532;-0.100382
2060.000000;0.531408;-0.101112
2061.000000;0.530112;-0.102806
2062.000000;0.527749;-0.100383
2063.000000;0.528357;-0.100963
2064.000000;0.525803;-0.101049
2065.000000;0.526409;-0.096914
2066.000000;0.527124;-0.098379
2067.000000;0.526877;-0.099809
2068.000000;0.526475;-0.100653
2069.000000;0.526936;-0.102067
2070.000000;0.527170;-0.100462
2071.000000;0.527080;-0.100627
2072.000000;0.527331;-0.099704
2073.000000;0.527398;-0.100999
2074.000000;0.528719;-0.101083
2075.000000;0.527372;-0.099686
2076.000000;0.525074;-0.100928
2077.000000;0.523002;-0.104012
2078.000000;0.527393;-0.100488
2079.000000;0.527512;-0.099736
2080.000000;0.525375;-0.101497
2081.000000;0.524336;-0.100978
2082.000000;0.526252;-0.100883
2083.000000;0.524336;-0.101383
2084.000000;0.522487;-0.099611
2085.000000;0.524603;-0.100017
2086.000000;0.525443;-0.103242
2087.000000;0.524405;-0.102616
2088.000000;0.523871;-0.098301
2089.000000;0.522493;-0.099539
2090.000000;0.521704;-0.104149
2091.000000;0.522008;-0.105051
2092.000000;0.525112;-0.102857
2093.000000;0.521450;-0.102130
2094.000000;0.519876;-0.103793
2095.000000;0.521026;-0.102878
2096.000000;0.521872;-0.102242
2097.000000;0.522643;-0.102340
2098.000000;0.522495;-0.101183
2099.000000;0.522385;-0.101742
2100.000000;0.521995;-0.101485
2101.000000;0.523232;-0.102559
2102.000000;0.524628;-0.101942
2103.000000;0.522803;-0.101295
2104.000000;0.521299;-0.099728
2105.000000;0.520180;-0.101395
2106.000000;0.522239;-0.102655
2107.000000;0.522392;-0.100378
2108.000000;0.520557;-0.100543
2109.000000;0.521949;-0.101410
2110.000000;0.521227;-0.105167
2111.000000;0.520639;-0.104559
2112.000000;0.520711;-0.101979
2113.000000;0.519259;-0.103988
2114.000000;0.519189;-0.104337
2115.000000;0.519253;-0.106024
2116.000000;0.518505;-0.105561
2117.000000;0.517409;-0.103645
2118.000000;0.519125;-0.101000
2119.000000;0.517663;-0.102156
2120.000000;0.517823;-0.103259
2121.000000;0.519071;-0.102430
2122.000000;0.520381;-0.101712
2123.000000;0.518512;-0.099366
2124.000000;0.518453;-0.101362
2125.000000;0.519409;-0.102585
2126.000000;0.516049;-0.102978
2127.000000;0.516880;-0.104772
2128.000000;0.517057;-0.104502
2129.000000;0.516757;-0.105147
2130.000000;0.516530;-0.103119
2131.000000;0.514269;-0.100668
2132.000000;0.519562;-0.103646
2133.000000;0.521806;-0.103696
2134.000000;0.519067;-0.102566
2135.000000;0.517556;-0.104138
2136.000000;0.516815;-0.103554
2137.000000;0.514679;-0.102184
2138.000000;0.517156;-0.103810
2139.000000;0.514972;-0.101627
2140.000000;0.513701;-0.103319
2141.000000;0.515376;-0.104249
2142.000000;0.515520;-0.104323
2143.000000;0.517669;-0.106235
2144.000000;0.514074;-0.107629
2145.000000;0.514116;-0.102818
2146.000000;0.516252;-0.099876
2147.000000;0.513809;-0.105574
2148.000000;0.513616;-0.105184
2149.000000;0.514081;-0.104021
2150.000000;0.512919;-0.103592
2151.000000;0.510401;-0.105655
2152.000000;0.509435;-0.109040
2153.000000;0.510639;-0.103930
2154.000000;0.509840;-0.101047
2155.000000;0.510158;-0.103899
2156.000000;0.507321;-0.107210
2157.000000;0.508571;-0.105768
2158.000000;0.511825;-0.103413
2159.000000;0.510477;-0.103201
2160.000000;0.507791;-0.104208
2161.000000;0.505954;-0.103716
2162.000000;0.508887;-0.102361
2163.000000;0.509603;-0.105408
2164.000000;0.510220;-0.105763
2165.000000;0.509327;-0.106380
2166.000000;0.510916;-0.105203
2167.000000;0.509647;-0.104166
2168.000000;0.507306;-0.106431
2169.000000;0.506910;-0.106563
2170.000000;0.505438;-0.105636
2171.000000;0.504986;-0.106176
2172.000000;0.509950;-0.104261
2173.000000;0.509664;-0.103257
2174.000000;0.511448;-0.104118
2175.000000;0.508127;-0.104334
2176.000000;0.504487;-0.103235
2177.000000;0.506860;-0.101697
2178.000000;0.505445;-0.102371
2179.000000;0.504034;-0.105426
2180.000000;0.504346;-0.103306
2181.000000;0.504033;-0.098968
2182.000000;0.504120;-0.101666
2183.000000;0.503725;-0.103370
2184.000000;0.505813;-0.101504
2185.000000;0.504079;-0.104114
2186.000000;0.499458;-0.106275
2187.000000;0.500590;-0.104770
2188.000000;0.504038;-0.102521
2189.000000;0.504136;-0.101181
2190.000000;0.502706;-0.103217
2191.000000;0.502636;-0.101921
2192.000000;0.501642;-0.100500
2193.000000;0.502929;-0.101086
2194.000000;0.502992;-0.102895
2195.000000;0.502608;-0.101338
2196.000000;0.501861;-0.099676
2197.000000;0.501335;-0.100025
2198.000000;0.500144;-0.102056
2199.000000;0.502970;-0.102480
2200.000000;0.502713;-0.101678
2201.000000;0.501694;-0.099076
2202.000000;0.499632;-0.099237
2203.000000;0.500661;-0.099569
2204.000000;0.499256;-0.098117
2205.000000;0.498569;-0.099909
2206.000000;0.499719;-0.099635
2207.000000;0.502439;-0.099154
2208.000000;0.500993;-0.098623
2209.000000;0.500104;-0.097513
2210.000000;0.499392;-0.096691
2211.000000;0.502027;-0.098417
2212.000000;0.501569;-0.099300
2213.000000;0.500819;-0.097617
2214.000000;0.501367;-0.096327
2215.000000;0.500912;-0.097352
2216.000000;0.500678;-0.097724
2217.000000;0.501288;-0.095283
2218.000000;0.501843;-0.096108
2219.000000;0.500517;-0.096030
2220.000000;0.498205;-0.097611
2221.000000;0.496872;-0.098204
2222.000000;0.499524;-0.098177
2223.000000;0.499153;-0.096804
2224.000000;0.498134;-0.096415
2225.000000;0.499426;-0.095561
2226.000000;0.499229;-0.095365
2227.000000;0.500991;-0.095786
2228.000000;0.498851;-0.096626
2229.000000;0.499458;-0.097321
2230.000000;0.499142;-0.095150
2231.000000;0.498645;-0.094402
2232.000000;0.498640;-0.096072
2233.000000;0.498857;-0.094273
2234.000000;0.497024;-0.093987
2235.000000;0.498753;-0.094646
2236.000000;0.499217;-0.095079
2237.000000;0.499427;-0.093804
2238.000000;0.500565;-0.093284
2239.000000;0.500151;-0.096173
2240.000000;0.499425;-0.095531
2241.000000;0.498772;-0.093820
2242.000000;0.498801;-0.093182
2243.000000;0.497462;-0.093459
2244.000000;0.499326;-0.094627
2245.000000;0.500091;-0.093295
2246.000000;0.500212;-0.092212
2247.000000;0.498736;-0.093884
2248.000000;0.500807;-0.095090
2249.000000;0.499816;-0.096609
2250.000000;0.497788;-0.093166
2251.000000;0.498153;-0.091996
2252.000000;0.499927;-0.093541
2253.000000;0.500499;-0.094027
2254.000000;0.500945;-0.093017
2255.000000;0.500295;-0.094737
2256.000000;0.498301;-0.097036
2257.000000;0.499679;-0.096140
2258.000000;0.500109;-0.094501
2259.000000;0.499928;-0.093941
2260.000000;0.501477;-0.094152
2261.000000;0.500749;-0.094820
2262.000000;0.498953;-0.093377
2263.000000;0.499164;-0.093149
2264.000000;0.499693;-0.091868
2265.000000;0.501167;-0.093072
2266.000000;0.500611;-0.091859
2267.000000;0.499360;-0.092846
2268.000000;0.499808;-0.094591
2269.000000;0.499658;-0.094831
2270.000000;0.497953;-0.093866
2271.000000;0.498390;-0.094228
2272.000000;0.498253;-0.095080
2273.000000;0.500036;-0.094152
2274.000000;0.500462;-0.094626
2275.000000;0.500289;-0.094848
2276.000000;0.499470;-0.094405
2277.000000;0.499356;-0.094486
2278.000000;0.499614;-0.094060
2279.000000;0.499399;-0.094245
2280.000000;0.498292;-0.095177
2281.000000;0.497981;-0.094109
2282.000000;0.499467;-0.093864
2283.000000;0.499755;-0.093474
2284.000000;0.498919;-0.094323
2285.000000;0.497472;-0.094981
2286.000000;0.497073;-0.094270
2287.000000;0.496456;-0.093526
2288.000000;0.497095;-0.093928
2289.000000;0.497867;-0.094784
2290.000000;0.497983;-0.094323
2291.000000;0.498989;-0.093590
2292.000000;0.499034;-0.094266
2293.000000;0.496828;-0.093762
2294.000000;0.495974;-0.095033
2295.000000;0.496528;-0.094711
2296.000000;0.496946;-0.094326
2297.000000;0.496507;-0.094542
2298.000000;0.496922;-0.094533
2299.000000;0.497098;-0.092902
2300.000000;0.497457;-0.094197
2301.000000;0.496642;-0.094403
2302.000000;0.496575;-0.093852
2303.000000;0.496287;-0.095443
2304.000000;0.497563;-0.095120
2305.000000;0.498387;-0.094565
2306.000000;0.497256;-0.094209
2307.000000;0.496327;-0.094179
2308.000000;0.497684;-0.094216
2309.000000;0.496479;-0.095053
2310.000000;0.496752;-0.094779
2311.000000;0.495906;-0.094947
2312.000000;0.496535;-0.093521
2313.000000;0.495446;-0.095281
2314.000000;0.495827;-0.095413
2315.000000;0.496657;-0.094459
2316.000000;0.495115;-0.094823
2317.000000;0.494705;-0.093910
2318.000000;0.494429;-0.093959
2319.000000;0.493857;-0.093618
2320.000000;0.492885;-0.095400
2321.000000;0.495412;-0.095604
2322.000000;0.495880;-0.095135
2323.000000;0.495539;-0.094317
2324.000000;0.494760;-0.094542
2325.000000;0.494339;-0.094762
2326.000000;0.494018;-0.095161
2327.000000;0.494406;-0.094770
2328.000000;0.493917;-0.094537
2329.000000;0.493533;-0.093847
2330.000000;0.494036;-0.094757
2331.000000;0.493600;-0.095017
2332.000000;0.493470;-0.094093
2333.000000;0.493632;-0.094751
2334.000000;0.493835;-0.094813
2335.000000;0.492738;-0.093367
2336.000000;0.492251;-0.093234
2337.000000;0.492212;-0.094422
2338.000000;0.492024;-0.096043
2339.000000;0.492171;-0.096107
2340.000000;0.492855;-0.095469
2341.000000;0.494058;-0.096583
2342.000000;0.493182;-0.095827
2343.000000;0.492787;-0.095018
2344.000000;0.491945;-0.093918
2345.000000;0.491901;-0.093897
2346.000000;0.491616;-0.094900
2347.000000;0.491721;-0.095001
2348.000000;0.490265;-0.095268
2349.000000;0.491240;-0.094211
2350.000000;0.490572;-0.093629
2351.000000;0.489261;-0.093687
2352.000000;0.488416;-0.095046
2353.000000;0.487800;-0.096349
2354.000000;0.489342;-0.094189
2355.000000;0.489850;-0.094663
2356.000000;0.488366;-0.093981
2357.000000;0.488881;-0.093014
2358.000000;0.488295;-0.093979
2359.000000;0.488048;-0.094899
2360.000000;0.487436;-0.093512
2361.000000;0.488231;-0.093977
2362.000000;0.488871;-0.094189
2363.000000;0.488158;-0.092893
2364.000000;0.487079;-0.092055
2365.000000;0.487045;-0.091945
2366.000000;0.487946;-0.091906
2367.000000;0.487518;-0.091606
2368.000000;0.487433;-0.093279
2369.000000;0.486301;-0.092556
2370.000000;0.485835;-0.092222
2371.000000;0.485899;-0.093958
2372.000000;0.486527;-0.093200
2373.000000;0.485834;-0.092532
2374.000000;0.485342;-0.093132
2375.000000;0.485299;-0.091395
2376.000000;0.485937;-0.091194
2377.000000;0.485965;-0.092263
2378.000000;0.486348;-0.091454
2379.000000;0.486181;-0.090125
2380.000000;0.485171;-0.090148
2381.000000;0.484868;-0.091243
2382.000000;0.485434;-0.091173
2383.000000;0.484465;-0.090940
2384.000000;0.483611;-0.091202
2385.000000;0.482811;-0.090956
2386.000000;0.483611;-0.089740
2387.000000;0.484788;-0.089162
2388.000000;0.483792;-0.089441
2389.000000;0.482214;-0.089737
2390.000000;0.482977;-0.089555
2391.000000;0.483345;-0.090039
2392.000000;0.483334;-0.088180
2393.000000;0.484585;-0.088352
2394.000000;0.484151;-0.088633
2395.000000;0.482312;-0.088922
2396.000000;0.483084;-0.088396
2397.000000;0.483561;-0.087713
2398.000000;0.482297;-0.088284
2399.000000;0.481959;-0.089037
2400.000000;0.481580;-0.087137
2401.000000;0.482681;-0.086872
2402.000000;0.482052;-0.087936
2403.000000;0.481731;-0.087502
2404.000000;0.481213;-0.087991
2405.000000;0.480923;-0.086463
2406.000000;0.481299;-0.086016
2407.000000;0.481965;-0.086226
2408.000000;0.482473;-0.086355
2409.000000;0.481605;-0.085173
2410.000000;0.481967;-0.086175
2411.000000;0.481134;-0.086346
2412.000000;0.482725;-0.083843
2413.000000;0.481697;-0.083608
2414.000000;0.479949;-0.085150
2415.000000;0.480313;-0.084313
2416.000000;0.481311;-0.083999
2417.000000;0.480823;-0.084144
2418.000000;0.480626;-0.084613
2419.000000;0.481113;-0.085329
2420.000000;0.480827;-0.084232
2421.000000;0.481703;-0.083309
2422.000000;0.480735;-0.083624
2423.000000;0.481175;-0.083853
2424.000000;0.481391;-0.082806
2425.000000;0.480205;-0.081464
2426.000000;0.480641;-0.082464
2427.000000;0.479992;-0.082171
2428.000000;0.479967;-0.082008
2429.000000;0.481438;-0.081493
2430.000000;0.479729;-0.080073
2431.000000;0.480175;-0.080086
2432.000000;0.480485;-0.080379
2433.000000;0.480576;-0.081179
2434.000000;0.478464;-0.079760
2435.000000;0.480938;-0.080565
2436.000000;0.482306;-0.080884
2437.000000;0.480875;-0.080764
2438.000000;0.480103;-0.080788
2439.000000;0.480018;-0.079170
2440.000000;0.479924;-0.079399
2441.000000;0.479189;-0.081804
2442.000000;0.480804;-0.082274
2443.000000;0.481178;-0.080444
2444.000000;0.478007;-0.078661
2445.000000;0.480714;-0.078942
2446.000000;0.482567;-0.078897
2447.000000;0.481828;-0.078494
2448.000000;0.480819;-0.078045
2449.000000;0.479949;-0.077358
2450.000000;0.478589;-0.077016
2451.000000;0.480472;-0.079784
2452.000000;0.480944;-0.079285
2453.000000;0.480098;-0.077544
2454.000000;0.480148;-0.077450
2455.000000;0.480341;-0.078584
2456.000000;0.481545;-0.078318
2457.000000;0.479867;-0.076978
2458.000000;0.479394;-0.077288
2459.000000;0.480365;-0.078358
2460.000000;0.480900;-0.077397
2461.000000;0.481646;-0.076827
2462.000000;0.481841;-0.075898
2463.000000;0.481158;-0.077304
2464.000000;0.480396;-0.077756
2465.000000;0.480504;-0.076534
2466.000000;0.481157;-0.076308
2467.000000;0.480916;-0.076040
2468.000000;0.481852;-0.076803
2469.000000;0.481793;-0.075708
2470.000000;0.480772;-0.074827
2471.000000;0.481937;-0.075587
2472.000000;0.481757;-0.074151
2473.000000;0.482024;-0.074327
2474.000000;0.482778;-0.075545
2475.000000;0.484699;-0.074980
2476.000000;0.484227;-0.074486
2477.000000;0.483347;-0.075286
2478.000000;0.480837;-0.074746
2479.000000;0.481520;-0.075195
2480.000000;0.482223;-0.073983
2481.000000;0.482278;-0.074055
2482.000000;0.481926;-0.075639
2483.000000;0.481562;-0.073768
2484.000000;0.480548;-0.074023
2485.000000;0.481694;-0.072751
2486.000000;0.481804;-0.074458
2487.000000;0.483522;-0.072316
2488.000000;0.482610;-0.073619
2489.000000;0.481896;-0.075296
2490.000000;0.483931;-0.074462
2491.000000;0.483633;-0.074144
2492.000000;0.483208;-0.073173
2493.000000;0.482954;-0.071369
2494.000000;0.482084;-0.071623
2495.000000;0.481441;-0.072200
2496.000000;0.481321;-0.071787
2497.000000;0.482977;-0.073198
2498.000000;0.482961;-0.073146
2499.000000;0.482792;-0.072786
2500.000000;0.483033;-0.072075
2501.000000;0.483681;-0.072761
2502.000000;0.483226;-0.073745
2503.000000;0.482410;-0.074601
2504.000000;0.482160;-0.074338
2505.000000;0.481764;-0.072395
2506.000000;0.482228;-0.071654
2507.000000;0.483692;-0.073152
2508.000000;0.484784;-0.073789
2509.000000;0.486127;-0.072087
2510.000000;0.485833;-0.069331
2511.000000;0.485146;-0.070813
2512.000000;0.484633;-0.070647
2513.000000;0.487646;-0.072310
2514.000000;0.485425;-0.070427
2515.000000;0.482844;-0.070278
2516.000000;0.482460;-0.070211
2517.000000;0.485058;-0.069304
2518.000000;0.485620;-0.069302
2519.000000;0.485435;-0.071985
2520.000000;0.484104;-0.072367
2521.000000;0.481956;-0.069754
2522.000000;0.481533;-0.070442
2523.000000;0.482953;-0.072814
2524.000000;0.482748;-0.072505
2525.000000;0.483338;-0.070292
2526.000000;0.485169;-0.069795
2527.000000;0.484214;-0.070321
2528.000000;0.483877;-0.072929
2529.000000;0.484522;-0.072343
2530.000000;0.487107;-0.071381
2531.000000;0.486819;-0.072420
2532.000000;0.485367;-0.072291
2533.000000;0.484266;-0.071590
2534.000000;0.484171;-0.071777
2535.000000;0.484677;-0.072623
2536.000000;0.485095;-0.070195
2537.000000;0.482276;-0.068923
2538.000000;0.482353;-0.070640
2539.000000;0.484593;-0.070657
2540.000000;0.485524;-0.070721
2541.000000;0.487346;-0.070138
2542.000000;0.485273;-0.070699
2543.000000;0.485667;-0.071201
2544.000000;0.486570;-0.071164
2545.000000;0.483513;-0.071375
2546.000000;0.485151;-0.071583
2547.000000;0.483652;-0.070617
2548.000000;0.485085;-0.070736
2549.000000;0.485914;-0.072069
2550.000000;0.485202;-0.073461
2551.000000;0.483251;-0.072991
2552.000000;0.483551;-0.071803
2553.000000;0.485522;-0.068650
2554.000000;0.486193;-0.070293
2555.000000;0.484709;-0.071802
2556.000000;0.484496;-0.071609
2557.000000;0.484765;-0.072222
2558.000000;0.481737;-0.073228
2559.000000;0.484043;-0.072461
2560.000000;0.483406;-0.069954
2561.000000;0.483043;-0.072586
2562.000000;0.482739;-0.073075
2563.000000;0.484614;-0.074317
2564.000000;0.485370;-0.073505
2565.000000;0.484346;-0.072579
2566.000000;0.485230;-0.072767
2567.000000;0.486702;-0.072789
2568.000000;0.481674;-0.069757
2569.000000;0.480029;-0.070724
2570.000000;0.482513;-0.071645
2571.000000;0.482507;-0.074162
2572.000000;0.480838;-0.072171
2573.000000;0.480566;-0.071152
2574.000000;0.483367;-0.071423
2575.000000;0.483281;-0.071376
2576.000000;0.485028;-0.071656
2577.000000;0.484743;-0.071042
2578.000000;0.484646;-0.070441
2579.000000;0.484226;-0.068630
2580.000000;0.482426;-0.071186
2581.000000;0.483194;-0.071997
2582.000000;0.482605;-0.072795
2583.000000;0.482895;-0.069301
2584.000000;0.481853;-0.069657
2585.000000;0.484526;-0.071057
2586.000000;0.486496;-0.070784
2587.000000;0.484420;-0.072059
2588.000000;0.483854;-0.073394
2589.000000;0.484433;-0.074698
2590.000000;0.483390;-0.072397
2591.000000;0.484289;-0.072521
2592.000000;0.483381;-0.071147
2593.000000;0.481219;-0.069771
2594.000000;0.483316;-0.072153
2595.000000;0.482476;-0.071503
2596.000000;0.480707;-0.070122
2597.000000;0.481692;-0.069054
2598.000000;0.486439;-0.068891
2599.000000;0.484613;-0.070406
2600.000000;0.484341;-0.069661
2601.000000;0.484227;-0.068071
2602.000000;0.483326;-0.069717
2603.000000;0.484699;-0.069226
2604.000000;0.486505;-0.067275
2605.000000;0.485549;-0.067149
2606.000000;0.482732;-0.066676
2607.000000;0.483364;-0.068668
2608.000000;0.484348;-0.069717
2609.000000;0.483543;-0.068749
2610.000000;0.483383;-0.070818
2611.000000;0.484673;-0.068065
2612.000000;0.483056;-0.068917
2613.000000;0.484506;-0.071801
2614.000000;0.484534;-0.071113
2615.000000;0.484951;-0.067247
2616.000000;0.484615;-0.066021
2617.000000;0.483043;-0.066642
2618.000000;0.485188;-0.068552
2619.000000;0.484979;-0.068170
2620.000000;0.484159;-0.067482
2621.000000;0.483998;-0.069773
2622.000000;0.483552;-0.071793
2623.000000;0.482134;-0.069244
2624.000000;0.485374;-0.068617
2625.000000;0.483559;-0.069344
2626.000000;0.484760;-0.069357
2627.000000;0.484883;-0.069667
2628.000000;0.484691;-0.069097
2629.000000;0.485048;-0.070195
2630.000000;0.484999;-0.068952
2631.000000;0.485178;-0.068561
2632.000000;0.485661;-0.068443
2633.000000;0.483106;-0.068465
2634.000000;0.484054;-0.070385
2635.000000;0.484355;-0.069517
2636.000000;0.484681;-0.068923
2637.000000;0.485810;-0.068836
2638.000000;0.486490;-0.069949
2639.000000;0.485272;-0.069930
2640.000000;0.484284;-0.071663
2641.000000;0.484521;-0.069959
2642.000000;0.485901;-0.068205
2643.000000;0.486668;-0.069282
2644.000000;0.484817;-0.070521
2645.000000;0.484564;-0.070296
2646.000000;0.485741;-0.069177
2647.000000;0.485816;-0.069606
2648.000000;0.485571;-0.070254
2649.000000;0.484143;-0.071272
2650.000000;0.484712;-0.071137
2651.000000;0.483422;-0.069668
2652.000000;0.484570;-0.069885
2653.000000;0.484497;-0.069856
2654.000000;0.484585;-0.069165
2655.000000;0.485172;-0.068416
2656.000000;0.484214;-0.068161
2657.000000;0.483942;-0.070186
2658.000000;0.485017;-0.069753
2659.000000;0.486093;-0.071111
2660.000000;0.486019;-0.071013
2661.000000;0.485211;-0.070330
2662.000000;0.486143;-0.071118
2663.000000;0.483962;-0.071406
2664.000000;0.485014;-0.069254
2665.000000;0.486251;-0.071687
2666.000000;0.485691;-0.071004
2667.000000;0.485166;-0.071236
2668.000000;0.487940;-0.070179
2669.000000;0.486091;-0.071925
2670.000000;0.484693;-0.072613
2671.000000;0.484829;-0.071376
2672.000000;0.486763;-0.070606
2673.000000;0.486457;-0.071145
2674.000000;0.484308;-0.072607
2675.000000;0.484381;-0.071688
2676.000000;0.483586;-0.070074
2677.000000;0.484893;-0.070124
2678.000000;0.486945;-0.071299
2679.000000;0.486018;-0.072281
2680.000000;0.484159;-0.070731
2681.000000;0.485599;-0.070985
2682.000000;0.486324;-0.071022
2683.000000;0.484487;-0.071182
2684.000000;0.483490;-0.071654
2685.000000;0.483802;-0.071615
2686.000000;0.483953;-0.073028
2687.000000;0.485918;-0.073033
2688.000000;0.484821;-0.071169
2689.000000;0.482651;-0.071642
2690.000000;0.482682;-0.072175
2691.000000;0.482512;-0.072707
2692.000000;0.481997;-0.071509
2693.000000;0.483134;-0.072213
2694.000000;0.484357;-0.072427
2695.000000;0.484379;-0.071529
2696.000000;0.484170;-0.072034
2697.000000;0.484165;-0.071435
2698.000000;0.484011;-0.072149
2699.000000;0.484032;-0.071818
2700.000000;0.482999;-0.071995
2701.000000;0.483379;-0.072053
2702.000000;0.483237;-0.071098
2703.000000;0.482125;-0.071264
2704.000000;0.481906;-0.070246
2705.000000;0.482562;-0.071500
2706.000000;0.482566;-0.071807
2707.000000;0.482386;-0.072472
2708.000000;0.483572;-0.073347
2709.000000;0.483067;-0.071567
2710.000000;0.482930;-0.072250
2711.000000;0.482858;-0.072571
2712.000000;0.481918;-0.072883
2713.000000;0.482733;-0.071804
2714.000000;0.484348;-0.072549
2715.000000;0.483684;-0.072372
2716.000000;0.482957;-0.071950
2717.000000;0.482922;-0.071760
2718.000000;0.483416;-0.072252
2719.000000;0.481403;-0.073908
2720.000000;0.481165;-0.073015
2721.000000;0.482675;-0.072616
2722.000000;0.481842;-0.072524
2723.000000;0.481630;-0.072431
2724.000000;0.481673;-0.071871
2725.000000;0.481487;-0.071264
2726.000000;0.481959;-0.071785
2727.000000;0.482072;-0.073174
2728.000000;0.482219;-0.072326
2729.000000;0.482616;-0.072813
2730.000000;0.484036;-0.073283
2731.000000;0.483028;-0.072655
2732.000000;0.482565;-0.073095
2733.000000;0.481081;-0.073164
2734.000000;0.480574;-0.072964
2735.000000;0.480140;-0.073736
2736.000000;0.481608;-0.073178
2737.000000;0.483257;-0.073033
2738.000000;0.482955;-0.072622
2739.000000;0.482590;-0.072933
2740.000000;0.481954;-0.072704
2741.000000;0.481923;-0.072068
2742.000000;0.482290;-0.072084
2743.000000;0.481499;-0.072934
2744.000000;0.480969;-0.073120
2745.000000;0.480788;-0.073695
2746.000000;0.480864;-0.073138
2747.000000;0.480935;-0.071954
2748.000000;0.481307;-0.072456
2749.000000;0.481075;-0.072907
2750.000000;0.481523;-0.072994
2751.000000;0.482449;-0.071809
2752.000000;0.481603;-0.073044
2753.000000;0.481167;-0.073133
2754.000000;0.480929;-0.071982
2755.000000;0.481265;-0.072857
2756.000000;0.480658;-0.073486
2757.000000;0.480584;-0.071885
2758.000000;0.481143;-0.072120
2759.000000;0.482112;-0.072159
2760.000000;0.481449;-0.072763
2761.000000;0.481107;-0.072286
2762.000000;0.481260;-0.072890
2763.000000;0.481553;-0.072451
2764.000000;0.481092;-0.071791
2765.000000;0.481424;-0.072061
2766.000000;0.480938;-0.071888
2767.000000;0.480189;-0.072338
2768.000000;0.480723;-0.072733
2769.000000;0.480477;-0.073422
2770.000000;0.480505;-0.073327
2771.000000;0.479994;-0.072301
2772.000000;0.480197;-0.072624
2773.000000;0.480570;-0.073352
2774.000000;0.479186;-0.072576
2775.000000;0.479852;-0.072002
2776.000000;0.480321;-0.073014
2777.000000;0.480022;-0.073259
2778.000000;0.479923;-0.072472
2779.000000;0.479150;-0.071861
2780.000000;0.479086;-0.072399
2781.000000;0.479627;-0.072747
2782.000000;0.480324;-0.072173
2783.000000;0.479482;-0.072684
2784.000000;0.478778;-0.073066
2785.000000;0.479707;-0.072962
2786.000000;0.479594;-0.072988
2787.000000;0.479161;-0.072307
2788.000000;0.478666;-0.073266
2789.000000;0.478912;-0.073392
2790.000000;0.478731;-0.073645
2791.000000;0.478058;-0.074610
2792.000000;0.478969;-0.073721
2793.000000;0.478481;-0.073308
2794.000000;0.478857;-0.074424
2795.000000;0.478776;-0.073970
2796.000000;0.478796;-0.073601
2797.000000;0.478699;-0.074511
2798.000000;0.478458;-0.073964
2799.000000;0.478544;-0.072847
2800.000000;0.478560;-0.074301
2801.000000;0.478569;-0.074928
2802.000000;0.478068;-0.074092
2803.000000;0.478073;-0.073579
2804.000000;0.479005;-0.073175
2805.000000;0.477863;-0.074579
2806.000000;0.478346;-0.074776
2807.000000;0.479909;-0.074107
2808.000000;0.479197;-0.073884
2809.000000;0.477843;-0.074332
2810.000000;0.477839;-0.074575
2811.000000;0.477947;-0.072962
2812.000000;0.478239;-0.072740
2813.000000;0.478554;-0.073661
2814.000000;0.478307;-0.074558
2815.000000;0.478516;-0.074763
2816.000000;0.478110;-0.074819
2817.000000;0.477846;-0.074215
2818.000000;0.477250;-0.073999
2819.000000;0.477132;-0.074265
2820.000000;0.475958;-0.074366
2821.000000;0.477248;-0.075006
2822.000000;0.477169;-0.074864
2823.000000;0.477347;-0.075113
2824.000000;0.477203;-0.075027
2825.000000;0.476969;-0.075640
2826.000000;0.476429;-0.075012
2827.000000;0.476269;-0.074731
2828.000000;0.476004;-0.074197
2829.000000;0.476419;-0.074607
2830.000000;0.476508;-0.074727
2831.000000;0.474897;-0.075176
2832.000000;0.475322;-0.074971
2833.000000;0.475221;-0.074344
2834.000000;0.475546;-0.075083
2835.000000;0.476362;-0.075549
2836.000000;0.475681;-0.074958
2837.000000;0.475979;-0.074518
2838.000000;0.475898;-0.075154
2839.000000;0.475683;-0.074708
2840.000000;0.474957;-0.075295
2841.000000;0.475294;-0.075385
2842.000000;0.475053;-0.075518
2843.000000;0.474926;-0.075991
2844.000000;0.475767;-0.076091
2845.000000;0.474951;-0.076353
2846.000000;0.474424;-0.076090
2847.000000;0.474028;-0.075899
2848.000000;0.474467;-0.076004
2849.000000;0.474257;-0.076132
2850.000000;0.474686;-0.077533
2851.000000;0.474206;-0.077975
2852.000000;0.474285;-0.076487
2853.000000;0.474504;-0.075778
2854.000000;0.473746;-0.075105
2855.000000;0.473049;-0.075123
2856.000000;0.473647;-0.075857
2857.000000;0.473970;-0.075209
2858.000000;0.474187;-0.075736
2859.000000;0.473535;-0.076272
2860.000000;0.472932;-0.075797
2861.000000;0.473283;-0.076837
2862.000000;0.472171;-0.077831
2863.000000;0.472238;-0.076361
2864.000000;0.472516;-0.075479
2865.000000;0.472322;-0.076384
2866.000000;0.472621;-0.077601
2867.000000;0.472802;-0.077493
2868.000000;0.471504;-0.076875
2869.000000;0.471092;-0.075963
2870.000000;0.471192;-0.075667
2871.000000;0.471152;-0.075664
2872.000000;0.471167;-0.076941
2873.000000;0.471066;-0.076856
2874.000000;0.470980;-0.075964
2875.000000;0.470125;-0.075301
2876.000000;0.470308;-0.075600
2877.000000;0.471556;-0.076138
2878.000000;0.470932;-0.076856
2879.000000;0.469872;-0.076527
2880.000000;0.469825;-0.075886
2881.000000;0.469657;-0.076326
2882.000000;0.469767;-0.075822
2883.000000;0.469991;-0.076122
2884.000000;0.469638;-0.076338
2885.000000;0.468887;-0.076116
2886.000000;0.469259;-0.076057
2887.000000;0.469696;-0.075819
2888.000000;0.469539;-0.074439
2889.000000;0.469808;-0.074758
2890.000000;0.469057;-0.077021
2891.000000;0.469384;-0.078401
2892.000000;0.468101;-0.077494
2893.000000;0.467766;-0.076371
2894.000000;0.467828;-0.076338
2895.000000;0.468667;-0.075483
2896.000000;0.469184;-0.075551
2897.000000;0.467550;-0.076188
2898.000000;0.466187;-0.075604
2899.000000;0.467325;-0.075395
2900.000000;0.467567;-0.075131
2901.000000;0.466996;-0.073835
2902.000000;0.466962;-0.074723
2903.000000;0.466824;-0.074918
2904.000000;0.466033;-0.073549
2905.000000;0.466726;-0.074441
2906.000000;0.465881;-0.075194
2907.000000;0.465679;-0.075393
2908.000000;0.466145;-0.075427
2909.000000;0.465733;-0.074802
2910.000000;0.465940;-0.074495
2911.000000;0.467086;-0.074015
2912.000000;0.466422;-0.073826
2913.000000;0.464798;-0.073873
2914.000000;0.464808;-0.073299
2915.000000;0.464938;-0.073205
2916.000000;0.465633;-0.073180
2917.000000;0.465101;-0.073875
2918.000000;0.464894;-0.074267
2919.000000;0.464481;-0.073844
2920.000000;0.464555;-0.071727
2921.000000;0.464996;-0.070544
2922.000000;0.464540;-0.072138
2923.000000;0.465115;-0.073571
2924.000000;0.465176;-0.073866
2925.000000;0.465733;-0.074064
2926.000000;0.465202;-0.072921
2927.000000;0.464171;-0.072717
2928.000000;0.464465;-0.073244
2929.000000;0.466313;-0.072476
2930.000000;0.465240;-0.070624
2931.000000;0.465017;-0.072179
2932.000000;0.465053;-0.072862
2933.000000;0.465112;-0.072312
2934.000000;0.464897;-0.072981
2935.000000;0.462923;-0.071213
2936.000000;0.463160;-0.072604
2937.000000;0.462865;-0.073754
2938.000000;0.463218;-0.072647
2939.000000;0.465712;-0.071945
2940.000000;0.465698;-0.072917
2941.000000;0.465410;-0.072499
2942.000000;0.464269;-0.071087
2943.000000;0.462870;-0.072049
2944.000000;0.463151;-0.071182
2945.000000;0.462550;-0.071504
2946.000000;0.462811;-0.069755
2947.000000;0.463580;-0.071008
2948.000000;0.463290;-0.071019
2949.000000;0.463910;-0.072064
2950.000000;0.463592;-0.071304
2951.000000;0.463029;-0.072165
2952.000000;0.463603;-0.071304
2953.000000;0.462054;-0.070244
2954.000000;0.461479;-0.071125
2955.000000;0.461513;-0.072295
2956.000000;0.460848;-0.070963
2957.000000;0.461856;-0.071030
2958.000000;0.461022;-0.072101
2959.000000;0.462255;-0.071851
2960.000000;0.461862;-0.070670
2961.000000;0.460965;-0.070141
2962.000000;0.462746;-0.068486
2963.000000;0.462396;-0.068761
2964.000000;0.463330;-0.069138
2965.000000;0.461921;-0.068445
2966.000000;0.461590;-0.068507
2967.000000;0.460966;-0.068675
2968.000000;0.461174;-0.068337
2969.000000;0.462138;-0.068380
2970.000000;0.461159;-0.068506
2971.000000;0.462170;-0.068169
2972.000000;0.462268;-0.069368
2973.000000;0.462057;-0.070184
2974.000000;0.461720;-0.070820
2975.000000;0.460814;-0.069751
2976.000000;0.459758;-0.066983
2977.000000;0.459116;-0.068712
2978.000000;0.461405;-0.068114
2979.000000;0.462094;-0.067166
2980.000000;0.462417;-0.066170
2981.000000;0.460568;-0.065361
2982.000000;0.459746;-0.066769
2983.000000;0.460895;-0.067588
2984.000000;0.460917;-0.068037
2985.000000;0.460671;-0.068138
2986.000000;0.460144;-0.067768
2987.000000;0.460630;-0.069109
2988.000000;0.459781;-0.069558
2989.000000;0.461396;-0.069234
2990.000000;0.462600;-0.068279
2991.000000;0.462254;-0.068508
2992.000000;0.460378;-0.066263
2993.000000;0.460193;-0.066603
2994.000000;0.461458;-0.067748
2995.000000;0.461587;-0.067411
2996.000000;0.463447;-0.067851
2997.000000;0.462208;-0.068007
2998.000000;0.460795;-0.066674
2999.000000;0.460863;-0.067258
3000.000000;0.459583;-0.068029
3001.000000;0.460260;-0.066580
3002.000000;0.459207;-0.065297
3003.000000;0.460018;-0.065915
3004.000000;0.460211;-0.067007
3005.000000;0.460996;-0.066140
3006.000000;0.461608;-0.066719
3007.000000;0.462568;-0.065398
3008.000000;0.459898;-0.065677
3009.000000;0.461562;-0.066828
3010.000000;0.461259;-0.066912
3011.000000;0.460699;-0.066849
3012.000000;0.460203;-0.066634
3013.000000;0.459834;-0.066231
3014.000000;0.459958;-0.065130
3015.000000;0.459809;-0.065746
3016.000000;0.460782;-0.065351
3017.000000;0.459300;-0.065615
3018.000000;0.458859;-0.067830
3019.000000;0.458832;-0.065140
3020.000000;0.459528;-0.064971
3021.000000;0.458717;-0.064407
3022.000000;0.459314;-0.065021
3023.000000;0.458668;-0.065075
3024.000000;0.460084;-0.065019
3025.000000;0.461570;-0.063318
3026.000000;0.460840;-0.062525
3027.000000;0.461136;-0.062902
3028.000000;0.459934;-0.064068
3029.000000;0.460753;-0.065619
3030.000000;0.461503;-0.064203
3031.000000;0.461632;-0.063963
3032.000000;0.460689;-0.064086
3033.000000;0.459556;-0.064055
3034.000000;0.460452;-0.064318
3035.000000;0.461830;-0.065357
3036.000000;0.462219;-0.064335
3037.000000;0.461518;-0.065421
3038.000000;0.462722;-0.064995
3039.000000;0.460473;-0.062302
3040.000000;0.460186;-0.063197
3041.000000;0.461416;-0.062669
3042.000000;0.460007;-0.063199
3043.000000;0.459812;-0.063801
3044.000000;0.461165;-0.064626
3045.000000;0.462437;-0.065141
3046.000000;0.460307;-0.063754
3047.000000;0.457927;-0.064719
3048.000000;0.458274;-0.061421
3049.000000;0.460367;-0.063462
3050.000000;0.461173;-0.065042
3051.000000;0.462000;-0.064546
3052.000000;0.460392;-0.065528
3053.000000;0.459622;-0.064416
3054.000000;0.462244;-0.063964
3055.000000;0.461728;-0.064172
3056.000000;0.460304;-0.063406
3057.000000;0.460850;-0.064001
3058.000000;0.460999;-0.062845
3059.000000;0.460723;-0.062824
3060.000000;0.460467;-0.062468
3061.000000;0.458499;-0.063504
3062.000000;0.460960;-0.065145
3063.000000;0.459754;-0.063664
3064.000000;0.459964;-0.064365
3065.000000;0.461503;-0.065596
3066.000000;0.460176;-0.062104
3067.000000;0.460039;-0.062106
3068.000000;0.460435;-0.064014
3069.000000;0.459859;-0.064748
3070.000000;0.458281;-0.064514
3071.000000;0.457249;-0.062635
3072.000000;0.458527;-0.062549
3073.000000;0.459619;-0.063490
3074.000000;0.459232;-0.062229
3075.000000;0.457399;-0.062179
3076.000000;0.460532;-0.062483
3077.000000;0.458277;-0.063301
3078.000000;0.457784;-0.060667
3079.000000;0.460406;-0.063040
3080.000000;0.461841;-0.063431
3081.000000;0.460132;-0.061719
3082.000000;0.459593;-0.061120
3083.000000;0.458140;-0.058590
3084.000000;0.460594;-0.061160
3085.000000;0.460557;-0.062226
3086.000000;0.458428;-0.062393
3087.000000;0.457640;-0.061354
3088.000000;0.458991;-0.060726
3089.000000;0.459426;-0.061263
3090.000000;0.458455;-0.062685
3091.000000;0.458573;-0.060612
3092.000000;0.458064;-0.061174
3093.000000;0.458995;-0.063610
3094.000000;0.459958;-0.062281
3095.000000;0.458621;-0.060239
3096.000000;0.459161;-0.063080
3097.000000;0.457892;-0.063424
3098.000000;0.458164;-0.062210
3099.000000;0.457889;-0.061664
3100.000000;0.458945;-0.060588
3101.000000;0.459607;-0.061105
3102.000000;0.458795;-0.060792
3103.000000;0.459017;-0.059831
3104.000000;0.459395;-0.058757
3105.000000;0.456983;-0.058254
3106.000000;0.459192;-0.059980
3107.000000;0.459517;-0.059433
3108.000000;0.459148;-0.059096
3109.000000;0.457670;-0.060156
3110.000000;0.455708;-0.061506
3111.000000;0.455714;-0.061553
3112.000000;0.457148;-0.059856
3113.000000;0.458304;-0.061049
3114.000000;0.458183;-0.060415
3115.000000;0.458820;-0.061592
3116.000000;0.457342;-0.061218
3117.000000;0.457527;-0.061717
3118.000000;0.457265;-0.058998
3119.000000;0.458258;-0.057774
3120.000000;0.456147;-0.059252
3121.000000;0.453824;-0.063387
3122.000000;0.453572;-0.062611
3123.000000;0.454917;-0.061599
3124.000000;0.455550;-0.059887
3125.000000;0.455828;-0.059859
3126.000000;0.453826;-0.058369
3127.000000;0.453855;-0.061408
3128.000000;0.456621;-0.063284
3129.000000;0.458177;-0.061900
3130.000000;0.457431;-0.061044
3131.000000;0.455585;-0.061399
3132.000000;0.456687;-0.062730
3133.000000;0.453822;-0.060951
3134.000000;0.456267;-0.059778
3135.000000;0.457323;-0.061193
3136.000000;0.456253;-0.061074
3137.000000;0.455004;-0.062688
3138.000000;0.456285;-0.062205
3139.000000;0.458129;-0.060601
3140.000000;0.456619;-0.062644
3141.000000;0.456957;-0.059875
3142.000000;0.457232;-0.058839
3143.000000;0.456179;-0.060446
3144.000000;0.456516;-0.060780
3145.000000;0.456633;-0.055965
3146.000000;0.455388;-0.055145
3147.000000;0.454334;-0.058510
3148.000000;0.458712;-0.059132
3149.000000;0.456463;-0.059680
3150.000000;0.455504;-0.058951
3151.000000;0.454742;-0.059845
3152.000000;0.453768;-0.061404
3153.000000;0.452556;-0.061045
3154.000000;0.453271;-0.059807
3155.000000;0.455069;-0.054231
3156.000000;0.454858;-0.055680
3157.000000;0.456241;-0.058635
3158.000000;0.454373;-0.058652
3159.000000;0.455260;-0.058108
3160.000000;0.456339;-0.057881
3161.000000;0.457686;-0.057265
3162.000000;0.453111;-0.058500
3163.000000;0.453439;-0.059754
3164.000000;0.455090;-0.058016
3165.000000;0.453907;-0.059588
3166.000000;0.449263;-0.055743
3167.000000;0.452470;-0.056721
3168.000000;0.451949;-0.057508
3169.000000;0.450474;-0.058132
3170.000000;0.450115;-0.057141
3171.000000;0.451472;-0.055087
3172.000000;0.453983;-0.056705
3173.000000;0.452467;-0.057965
3174.000000;0.451294;-0.052594
3175.000000;0.449955;-0.054375
3176.000000;0.449496;-0.052743
3177.000000;0.453337;-0.056903
3178.000000;0.454161;-0.056365
3179.000000;0.451912;-0.055499
3180.000000;0.454665;-0.057968
3181.000000;0.454454;-0.057701
3182.000000;0.453383;-0.056926
3183.000000;0.453477;-0.056324
3184.000000;0.452180;-0.056544
3185.000000;0.449606;-0.054403
3186.000000;0.449649;-0.053389
3187.000000;0.451045;-0.054645
3188.000000;0.453276;-0.054821
3189.000000;0.454577;-0.054475
3190.000000;0.453215;-0.052638
3191.000000;0.453145;-0.050005
3192.000000;0.453402;-0.052532
3193.000000;0.451929;-0.054728
3194.000000;0.448662;-0.054248
3195.000000;0.452531;-0.055733
3196.000000;0.452157;-0.054640
3197.000000;0.451234;-0.050361
3198.000000;0.447766;-0.048820
3199.000000;0.446680;-0.051879
3200.000000;0.450965;-0.051716
3201.000000;0.453872;-0.051454
3202.000000;0.455811;-0.052132
3203.000000;0.454037;-0.053647
3204.000000;0.455058;-0.053922
3205.000000;0.454965;-0.054476
3206.000000;0.451165;-0.051433
3207.000000;0.454776;-0.051339
3208.000000;0.455401;-0.050756
3209.000000;0.455797;-0.054358
3210.000000;0.455424;-0.053023
3211.000000;0.450980;-0.050876
3212.000000;0.453965;-0.052022
3213.000000;0.456357;-0.053463
3214.000000;0.456046;-0.052325
3215.000000;0.452015;-0.049496
3216.000000;0.451478;-0.049661
3217.000000;0.452427;-0.051873
3218.000000;0.453804;-0.050786
3219.000000;0.453655;-0.050914
3220.000000;0.451204;-0.052634
3221.000000;0.456059;-0.051694
3222.000000;0.454015;-0.052398
3223.000000;0.452674;-0.056165
3224.000000;0.454115;-0.055992
3225.000000;0.453634;-0.053870
3226.000000;0.454018;-0.053673
3227.000000;0.453229;-0.055560
3228.000000;0.455670;-0.056924
3229.000000;0.454892;-0.054068
3230.000000;0.454217;-0.051487
3231.000000;0.456551;-0.054512
3232.000000;0.454651;-0.052294
3233.000000;0.453517;-0.051121
3234.000000;0.451662;-0.050694
3235.000000;0.452815;-0.050877
3236.000000;0.453312;-0.048543
3237.000000;0.452800;-0.051378
3238.000000;0.454926;-0.054306
3239.000000;0.454529;-0.053004
3240.000000;0.453640;-0.049970
3241.000000;0.455583;-0.053212
3242.000000;0.449427;-0.052463
3243.000000;0.449415;-0.052038
3244.000000;0.452706;-0.053128
3245.000000;0.453504;-0.049782
3246.000000;0.454870;-0.052727
3247.000000;0.453286;-0.056044
3248.000000;0.455398;-0.053465
3249.000000;0.453705;-0.052419
3250.000000;0.452835;-0.051547
3251.000000;0.454457;-0.052965
3252.000000;0.453574;-0.055104
3253.000000;0.454192;-0.055579
3254.000000;0.453211;-0.055479
3255.000000;0.451794;-0.054416
3256.000000;0.453907;-0.054797
3257.000000;0.452732;-0.054187
3258.000000;0.451791;-0.054461
3259.000000;0.452092;-0.055070
3260.000000;0.451513;-0.051931
3261.000000;0.448531;-0.051740
3262.000000;0.450195;-0.055785
3263.000000;0.450356;-0.053465
3264.000000;0.450290;-0.053814
3265.000000;0.450719;-0.052807
3266.000000;0.452426;-0.053188
3267.000000;0.452955;-0.052530
3268.000000;0.453994;-0.052081
3269.000000;0.451529;-0.050863
3270.000000;0.451383;-0.052299
3271.000000;0.452981;-0.054655
3272.000000;0.451322;-0.054015
3273.000000;0.451512;-0.051830
3274.000000;0.451288;-0.051392
3275.000000;0.452285;-0.052364
3276.000000;0.453079;-0.051800
3277.000000;0.451198;-0.054049
3278.000000;0.451654;-0.055610
3279.000000;0.450377;-0.052500
3280.000000;0.450677;-0.051935
3281.000000;0.450289;-0.053363
3282.000000;0.451431;-0.053575
3283.000000;0.451527;-0.054008
3284.000000;0.453253;-0.055861
3285.000000;0.450425;-0.056249
3286.000000;0.448947;-0.055917
3287.000000;0.449151;-0.052764
3288.000000;0.449827;-0.046969
3289.000000;0.448134;-0.048488
3290.000000;0.448212;-0.052616
3291.000000;0.448495;-0.050624
3292.000000;0.449203;-0.053179
3293.000000;0.448125;-0.054030
3294.000000;0.449330;-0.051979
3295.000000;0.449225;-0.052209
3296.000000;0.446330;-0.051889
3297.000000;0.446423;-0.051607
3298.000000;0.447883;-0.051189
3299.000000;0.451096;-0.050948
3300.000000;0.452035;-0.051947
3301.000000;0.449622;-0.051262
3302.000000;0.448774;-0.051366
3303.000000;0.445754;-0.053721
3304.000000;0.446872;-0.052015
3305.000000;0.446706;-0.050351
3306.000000;0.446610;-0.049392
3307.000000;0.446236;-0.051412
3308.000000;0.447765;-0.052305
3309.000000;0.446715;-0.051602
3310.000000;0.445307;-0.050756
3311.000000;0.445675;-0.051080
3312.000000;0.447218;-0.051531
3313.000000;0.448779;-0.051205
3314.000000;0.447781;-0.051529
3315.000000;0.446948;-0.052388
3316.000000;0.446321;-0.051427
3317.000000;0.449069;-0.050874
3318.000000;0.446633;-0.051067
3319.000000;0.444939;-0.053142
3320.000000;0.448853;-0.051691
3321.000000;0.447579;-0.049793
3322.000000;0.446968;-0.047850
3323.000000;0.448338;-0.049376
3324.000000;0.449545;-0.050059
3325.000000;0.448157;-0.049229
3326.000000;0.448104;-0.049654
3327.000000;0.446878;-0.050851
3328.000000;0.448357;-0.051170
3329.000000;0.448905;-0.050896
3330.000000;0.446515;-0.050731
3331.000000;0.445470;-0.051286
3332.000000;0.446142;-0.052465
3333.000000;0.445995;-0.051662
3334.000000;0.446491;-0.053093
3335.000000;0.448275;-0.050581
3336.000000;0.446232;-0.049360
3337.000000;0.446213;-0.051120
3338.000000;0.447284;-0.054013
3339.000000;0.446918;-0.051100
3340.000000;0.446911;-0.048247
3341.000000;0.449060;-0.048935
3342.000000;0.448739;-0.048046
3343.000000;0.446483;-0.047811
3344.000000;0.445875;-0.046567
3345.000000;0.447019;-0.048250
3346.000000;0.445809;-0.050509
3347.000000;0.445330;-0.050226
3348.000000;0.444003;-0.050759
3349.000000;0.445893;-0.049985
3350.000000;0.446823;-0.050301
3351.000000;0.446979;-0.049188
3352.000000;0.446830;-0.050600
3353.000000;0.445622;-0.050582
3354.000000;0.445836;-0.050933
3355.000000;0.443870;-0.051594
3356.000000;0.443063;-0.050201
3357.000000;0.445633;-0.050767
3358.000000;0.445216;-0.048805
3359.000000;0.444428;-0.047060
3360.000000;0.443712;-0.048659
3361.000000;0.444791;-0.048986
3362.000000;0.443000;-0.050501
3363.000000;0.443398;-0.049740
3364.000000;0.443420;-0.049193
3365.000000;0.443798;-0.046383
3366.000000;0.444275;-0.047163
3367.000000;0.444098;-0.047097
3368.000000;0.445263;-0.048025
3369.000000;0.446941;-0.047210
3370.000000;0.444181;-0.047282
3371.000000;0.443828;-0.049553
3372.000000;0.444453;-0.048847
3373.000000;0.443410;-0.048568
3374.000000;0.442810;-0.049124
3375.000000;0.443168;-0.047785
3376.000000;0.442486;-0.047988
3377.000000;0.443398;-0.049271
3378.000000;0.444648;-0.049479
3379.000000;0.445024;-0.049175
3380.000000;0.445114;-0.050603
3381.000000;0.443460;-0.050062
3382.000000;0.443817;-0.049161
3383.000000;0.442935;-0.048599
3384.000000;0.443448;-0.047641
3385.000000;0.442446;-0.047097
3386.000000;0.444936;-0.047777
3387.000000;0.444042;-0.049932
3388.000000;0.442215;-0.049780
3389.000000;0.442132;-0.048094
3390.000000;0.443758;-0.049779
3391.000000;0.445061;-0.049231
3392.000000;0.444401;-0.046455
3393.000000;0.444337;-0.047367
3394.000000;0.443606;-0.047788
3395.000000;0.442425;-0.047169
3396.000000;0.442151;-0.046835
3397.000000;0.442493;-0.048516
3398.000000;0.439684;-0.048880
3399.000000;0.439268;-0.049198
3400.000000;0.442102;-0.045336
3401.000000;0.442620;-0.045861
3402.000000;0.442616;-0.047087
3403.000000;0.442979;-0.047142
3404.000000;0.441653;-0.045753
3405.000000;0.445149;-0.045621
3406.000000;0.443543;-0.045697
3407.000000;0.443801;-0.045904
3408.000000;0.443640;-0.045312
3409.000000;0.442314;-0.045950
3410.000000;0.444810;-0.049383
3411.000000;0.442770;-0.048796
3412.000000;0.442069;-0.046169
3413.000000;0.442323;-0.046522
3414.000000;0.440777;-0.047645
3415.000000;0.441020;-0.048192
3416.000000;0.441153;-0.047379
3417.000000;0.439940;-0.046907
3418.000000;0.441436;-0.046938
3419.000000;0.440539;-0.047016
3420.000000;0.440665;-0.046466
3421.000000;0.441138;-0.048208
3422.000000;0.441058;-0.046937
3423.000000;0.439080;-0.045447
3424.000000;0.439259;-0.047910
3425.000000;0.441182;-0.046662
3426.000000;0.439290;-0.046173
3427.000000;0.439794;-0.048072
3428.000000;0.440541;-0.045995
3429.000000;0.439209;-0.045098
3430.000000;0.439897;-0.045321
3431.000000;0.437820;-0.045244
3432.000000;0.437572;-0.047081
3433.000000;0.437803;-0.046005
3434.000000;0.438396;-0.045959
3435.000000;0.439919;-0.046991
3436.000000;0.440417;-0.046851
3437.000000;0.439960;-0.046845
3438.000000;0.439417;-0.047182
3439.000000;0.438594;-0.045330
3440.000000;0.438984;-0.043863
3441.000000;0.440557;-0.043219
3442.000000;0.441668;-0.042980
3443.000000;0.441041;-0.044589
3444.000000;0.438985;-0.044586
3445.000000;0.438485;-0.043387
3446.000000;0.439231;-0.045254
3447.000000;0.438815;-0.044017
3448.000000;0.440523;-0.043486
3449.000000;0.440779;-0.044551
3450.000000;0.438658;-0.046878
3451.000000;0.437771;-0.047273
3452.000000;0.439207;-0.045937
3453.000000;0.440197;-0.044265
3454.000000;0.439833;-0.043831
3455.000000;0.439465;-0.045596
3456.000000;0.438096;-0.046685
3457.000000;0.438524;-0.045752
3458.000000;0.438771;-0.043769
3459.000000;0.437833;-0.044281
3460.000000;0.438469;-0.046066
3461.000000;0.438657;-0.047330
3462.000000;0.437433;-0.047165
3463.000000;0.437394;-0.044733
3464.000000;0.436765;-0.045327
3465.000000;0.435995;-0.043033
3466.000000;0.436505;-0.043370
3467.000000;0.438161;-0.043616
3468.000000;0.436337;-0.044507
3469.000000;0.437010;-0.043549
3470.000000;0.438905;-0.042518
3471.000000;0.436792;-0.043417
3472.000000;0.438510;-0.044101
3473.000000;0.438287;-0.046290
3474.000000;0.438267;-0.044884
3475.000000;0.438681;-0.042740
3476.000000;0.436930;-0.042892
3477.000000;0.435193;-0.042163
3478.000000;0.435856;-0.041856
3479.000000;0.436472;-0.042900
3480.000000;0.435440;-0.043269
3481.000000;0.435668;-0.040358
3482.000000;0.434472;-0.041867
3483.000000;0.434898;-0.041460
3484.000000;0.437419;-0.042202
3485.000000;0.436399;-0.043423
3486.000000;0.434825;-0.041345
3487.000000;0.437001;-0.042248
3488.000000;0.436388;-0.045127
3489.000000;0.435492;-0.044640
3490.000000;0.436813;-0.043068
3491.000000;0.436185;-0.043669
3492.000000;0.436498;-0.043244
3493.000000;0.436477;-0.042608
3494.000000;0.434675;-0.044142
3495.000000;0.434178;-0.043535
3496.000000;0.434331;-0.041865
3497.000000;0.435537;-0.042475
3498.000000;0.436317;-0.044122
3499.000000;0.436282;-0.044274
3500.000000;0.436025;-0.042916
3501.000000;0.434712;-0.042805
3502.000000;0.434101;-0.043840
3503.000000;0.435342;-0.043757
3504.000000;0.435380;-0.040782
3505.000000;0.435491;-0.040476
3506.000000;0.435875;-0.040042
3507.000000;0.435956;-0.041045
3508.000000;0.433242;-0.042280
3509.000000;0.434989;-0.040387
3510.000000;0.434169;-0.040725
3511.000000;0.434536;-0.040214
3512.000000;0.434939;-0.041622
3513.000000;0.435737;-0.042142
3514.000000;0.434324;-0.041796
3515.000000;0.434829;-0.040487
3516.000000;0.432160;-0.040821
3517.000000;0.432994;-0.039871
3518.000000;0.434520;-0.040428
3519.000000;0.434809;-0.041627
3520.000000;0.435011;-0.040967
3521.000000;0.435098;-0.040864
3522.000000;0.434513;-0.041260
3523.000000;0.434134;-0.041754
3524.000000;0.433762;-0.040173
3525.000000;0.433078;-0.040596
3526.000000;0.432812;-0.041171
3527.000000;0.435369;-0.041131
3528.000000;0.434003;-0.040656
3529.000000;0.434364;-0.039515
3530.000000;0.434286;-0.039765
3531.000000;0.433228;-0.040089
3532.000000;0.431708;-0.039492
3533.000000;0.432138;-0.040523
3534.000000;0.433748;-0.039853
3535.000000;0.433943;-0.038628
3536.000000;0.434242;-0.039582
3537.000000;0.433055;-0.038902
3538.000000;0.433089;-0.039369
3539.000000;0.433775;-0.039971
3540.000000;0.433224;-0.039433
3541.000000;0.433599;-0.039444
3542.000000;0.433851;-0.039979
3543.000000;0.433143;-0.038955
3544.000000;0.433742;-0.038848
3545.000000;0.433828;-0.037881
3546.000000;0.433896;-0.038533
3547.000000;0.433150;-0.038432
3548.000000;0.434186;-0.038819
3549.000000;0.432821;-0.037544
3550.000000;0.433373;-0.038119
3551.000000;0.433428;-0.038328
3552.000000;0.432902;-0.037653
3553.000000;0.431728;-0.038998
3554.000000;0.432676;-0.037768
3555.000000;0.433656;-0.037805
3556.000000;0.432978;-0.038729
3557.000000;0.431043;-0.039854
3558.000000;0.430899;-0.040524
3559.000000;0.429643;-0.039745
3560.000000;0.430084;-0.038595
3561.000000;0.431743;-0.038160
3562.000000;0.431590;-0.037191
3563.000000;0.430695;-0.037395
3564.000000;0.430954;-0.038326
3565.000000;0.432512;-0.037387
3566.000000;0.432488;-0.038533
3567.000000;0.430854;-0.039151
3568.000000;0.431415;-0.038829
3569.000000;0.432301;-0.037751
3570.000000;0.432634;-0.037716
3571.000000;0.431312;-0.037304
3572.000000;0.431113;-0.036959
3573.000000;0.431043;-0.035851
3574.000000;0.430335;-0.037467
3575.000000;0.431196;-0.038657
3576.000000;0.432531;-0.036626
3577.000000;0.432075;-0.036965
3578.000000;0.429551;-0.037311
3579.000000;0.429702;-0.036558
3580.000000;0.430189;-0.037958
3581.000000;0.429542;-0.039039
3582.000000;0.429002;-0.038020
3583.000000;0.429316;-0.036277
3584.000000;0.430920;-0.037190
3585.000000;0.431504;-0.037325
3586.000000;0.430976;-0.035531
3587.000000;0.431454;-0.037071
3588.000000;0.431023;-0.038128
3589.000000;0.431236;-0.036865
3590.000000;0.430151;-0.036659
3591.000000;0.429428;-0.037206
3592.000000;0.430321;-0.036626
3593.000000;0.430829;-0.036463
3594.000000;0.429645;-0.037051
3595.000000;0.430131;-0.036212
3596.000000;0.430090;-0.036480
3597.000000;0.429790;-0.036084
3598.000000;0.429524;-0.036449
3599.000000;0.428607;-0.036918
3600.000000;0.428328;-0.036049
3601.000000;0.428846;-0.034997
3602.000000;0.427533;-0.036119
3603.000000;0.428236;-0.036152
3604.000000;0.429769;-0.036181
3605.000000;0.428344;-0.036124
3606.000000;0.428539;-0.035762
3607.000000;0.429044;-0.035561
3608.000000;0.428048;-0.036383
3609.000000;0.427555;-0.035690
3610.000000;0.427328;-0.034421
3611.000000;0.427979;-0.034390
3612.000000;0.427539;-0.033936
3613.000000;0.427109;-0.034673
3614.000000;0.428201;-0.035033
3615.000000;0.428619;-0.033494
3616.000000;0.428997;-0.033416
3617.000000;0.429706;-0.033176
3618.000000;0.430429;-0.032037
3619.000000;0.428914;-0.032495
3620.000000;0.428854;-0.033368
3621.000000;0.428950;-0.033068
3622.000000;0.428808;-0.033220
3623.000000;0.429486;-0.033232
3624.000000;0.428881;-0.033258
3625.000000;0.428062;-0.034076
3626.000000;0.429569;-0.035229
3627.000000;0.429900;-0.034661
3628.000000;0.429432;-0.033894
3629.000000;0.428935;-0.033594
3630.000000;0.428689;-0.033737
3631.000000;0.428078;-0.033107
3632.000000;0.427582;-0.033907
3633.000000;0.428640;-0.034432
3634.000000;0.428574;-0.034270
3635.000000;0.428311;-0.034930
3636.000000;0.428850;-0.035128
3637.000000;0.428423;-0.034094
3638.000000;0.427812;-0.034258
3639.000000;0.428582;-0.034055
3640.000000;0.428251;-0.033638
3641.000000;0.427622;-0.034631
3642.000000;0.427582;-0.034428
3643.000000;0.427272;-0.034264
3644.000000;0.426904;-0.034044
3645.000000;0.426736;-0.034430
3646.000000;0.426594;-0.034247
3647.000000;0.427023;-0.033303
3648.000000;0.426606;-0.034068
3649.000000;0.426573;-0.033460
3650.000000;0.426504;-0.035178
3651.000000;0.426245;-0.034572
3652.000000;0.426226;-0.033443
3653.000000;0.425922;-0.033823
3654.000000;0.426356;-0.034619
3655.000000;0.426401;-0.034814
3656.000000;0.425258;-0.033546
3657.000000;0.425100;-0.032856
3658.000000;0.425757;-0.034324
3659.000000;0.425389;-0.034172
3660.000000;0.425164;-0.032781
3661.000000;0.424701;-0.033180
3662.000000;0.425611;-0.033796
3663.000000;0.425811;-0.033978
3664.000000;0.424877;-0.032320
3665.000000;0.424900;-0.031379
3666.000000;0.424396;-0.032384
3667.000000;0.424872;-0.032774
3668.000000;0.424999;-0.032609
3669.000000;0.424788;-0.031952
3670.000000;0.425198;-0.032013
3671.000000;0.424618;-0.032751
3672.000000;0.425115;-0.032916
3673.000000;0.424357;-0.031940
3674.000000;0.423752;-0.031948
3675.000000;0.423556;-0.030805
3676.000000;0.423254;-0.031575
3677.000000;0.423191;-0.031881
3678.000000;0.423015;-0.032547
3679.000000;0.423062;-0.032873
3680.000000;0.422848;-0.033177
3681.000000;0.422721;-0.032347
3682.000000;0.423092;-0.032935
3683.000000;0.423608;-0.032358
3684.000000;0.423756;-0.032179
3685.000000;0.422949;-0.031980
3686.000000;0.423219;-0.031308
3687.000000;0.423485;-0.031399
3688.000000;0.422937;-0.031694
3689.000000;0.422037;-0.032132
3690.000000;0.421403;-0.032127
3691.000000;0.421430;-0.031283
3692.000000;0.422850;-0.031223
3693.000000;0.422143;-0.030788
3694.000000;0.421327;-0.030762
3695.000000;0.421416;-0.030542
3696.000000;0.421369;-0.030667
3697.000000;0.421255;-0.029871
3698.000000;0.420626;-0.030737
3699.000000;0.420857;-0.029515
3700.000000;0.420961;-0.029827
3701.000000;0.421006;-0.030021
3702.000000;0.420422;-0.030388
3703.000000;0.420612;-0.029695
3704.000000;0.420028;-0.030044
3705.000000;0.419451;-0.030054
3706.000000;0.420672;-0.029673
3707.000000;0.419392;-0.029380
3708.000000;0.420068;-0.030014
3709.000000;0.420354;-0.029414
3710.000000;0.420728;-0.029000
3711.000000;0.421251;-0.028620
3712.000000;0.420116;-0.028674
3713.000000;0.419809;-0.028790
3714.000000;0.419571;-0.029017
3715.000000;0.419361;-0.029349
3716.000000;0.419252;-0.028496
3717.000000;0.419938;-0.028328
3718.000000;0.421126;-0.028309
3719.000000;0.420194;-0.028965
3720.000000;0.420098;-0.027776
3721.000000;0.419993;-0.026750
3722.000000;0.418976;-0.027043
3723.000000;0.417972;-0.027265
3724.000000;0.418138;-0.027602
3725.000000;0.419267;-0.029272
3726.000000;0.418967;-0.028575
3727.000000;0.418676;-0.027996
3728.000000;0.418685;-0.027489
3729.000000;0.417756;-0.027977
3730.000000;0.417636;-0.027152
3731.000000;0.417554;-0.027071
3732.000000;0.417154;-0.027385
3733.000000;0.417235;-0.026942
3734.000000;0.417972;-0.026787
3735.000000;0.417503;-0.027354
3736.000000;0.417314;-0.026801
3737.000000;0.417697;-0.026819
3738.000000;0.417990;-0.026666
3739.000000;0.417657;-0.025986
3740.000000;0.417937;-0.025554
3741.000000;0.418104;-0.025362
3742.000000;0.417261;-0.024574
3743.000000;0.416412;-0.025833
3744.000000;0.416916;-0.027034
3745.000000;0.416704;-0.025075
3746.000000;0.416237;-0.025760
3747.000000;0.416126;-0.024558
3748.000000;0.416776;-0.024205
3749.000000;0.417694;-0.024445
3750.000000;0.416136;-0.024800
3751.000000;0.416494;-0.025604
3752.000000;0.416853;-0.025707
3753.000000;0.416342;-0.025060
3754.000000;0.416305;-0.024988
3755.000000;0.415801;-0.023855
3756.000000;0.415777;-0.022998
3757.000000;0.415789;-0.023806
3758.000000;0.416317;-0.024002
3759.000000;0.416870;-0.023221
3760.000000;0.415562;-0.022904
3761.000000;0.414895;-0.023899
3762.000000;0.415331;-0.024669
3763.000000;0.415702;-0.024155
3764.000000;0.414892;-0.024310
3765.000000;0.414211;-0.023856
3766.000000;0.413760;-0.023495
3767.000000;0.414437;-0.023051
3768.000000;0.414638;-0.022595
3769.000000;0.414737;-0.021896
3770.000000;0.413805;-0.022698
3771.000000;0.413932;-0.022982
3772.000000;0.414799;-0.023145
3773.000000;0.414040;-0.021582
3774.000000;0.413413;-0.023012
3775.000000;0.414462;-0.022441
3776.000000;0.414847;-0.021795
3777.000000;0.414895;-0.022037
3778.000000;0.414213;-0.022557
3779.000000;0.414358;-0.022492
3780.000000;0.413786;-0.022960
3781.000000;0.413816;-0.023632
3782.000000;0.413956;-0.021842
3783.000000;0.414399;-0.021296
3784.000000;0.413379;-0.021436
3785.000000;0.413188;-0.021144
3786.000000;0.412466;-0.021558
3787.000000;0.412734;-0.021029
3788.000000;0.412404;-0.020744
3789.000000;0.410905;-0.021023
3790.000000;0.411959;-0.020823
3791.000000;0.412665;-0.020618
3792.000000;0.413232;-0.019612
3793.000000;0.413908;-0.020004
3794.000000;0.413611;-0.020466
3795.000000;0.412637;-0.020308
3796.000000;0.412910;-0.020888
3797.000000;0.413037;-0.019937
3798.000000;0.412866;-0.019843
3799.000000;0.412138;-0.019475
3800.000000;0.411598;-0.020815
3801.000000;0.411982;-0.021042
3802.000000;0.413176;-0.019259
3803.000000;0.412684;-0.019980
3804.000000;0.412720;-0.021313
3805.000000;0.412826;-0.020834
3806.000000;0.411305;-0.019947
3807.000000;0.411089;-0.020387
3808.000000;0.410470;-0.019340
3809.000000;0.410583;-0.017845
3810.000000;0.410244;-0.018493
3811.000000;0.410277;-0.019678
3812.000000;0.410982;-0.020000
3813.000000;0.411259;-0.019497
3814.000000;0.412249;-0.020200
3815.000000;0.410489;-0.019383
3816.000000;0.411433;-0.018691
3817.000000;0.411127;-0.019409
3818.000000;0.410634;-0.018529
3819.000000;0.411684;-0.018006
3820.000000;0.410652;-0.018611
3821.000000;0.410097;-0.018591
3822.000000;0.410644;-0.019511
3823.000000;0.409706;-0.018496
3824.000000;0.410081;-0.018349
3825.000000;0.409782;-0.019115
3826.000000;0.409763;-0.019086
3827.000000;0.410605;-0.017260
3828.000000;0.410077;-0.017999
3829.000000;0.409741;-0.018967
3830.000000;0.409704;-0.017528
3831.000000;0.409184;-0.018381
3832.000000;0.409257;-0.018277
3833.000000;0.409307;-0.017160
3834.000000;0.410629;-0.017346
3835.000000;0.409902;-0.019005
3836.000000;0.410161;-0.017504
3837.000000;0.408581;-0.015845
3838.000000;0.408371;-0.017383
3839.000000;0.408902;-0.017421
3840.000000;0.410444;-0.017571
3841.000000;0.410565;-0.018047
3842.000000;0.409968;-0.018041
3843.000000;0.410198;-0.016393
3844.000000;0.409968;-0.015641
3845.000000;0.409769;-0.018510
3846.000000;0.408147;-0.018076
3847.000000;0.408687;-0.018661
3848.000000;0.408791;-0.018151
3849.000000;0.408436;-0.017310
3850.000000;0.409589;-0.015230
3851.000000;0.409926;-0.015604
3852.000000;0.407285;-0.015872
3853.000000;0.408804;-0.016072
3854.000000;0.409364;-0.015609
3855.000000;0.409567;-0.015542
3856.000000;0.409011;-0.016209
3857.000000;0.407927;-0.016720
3858.000000;0.406922;-0.016074
3859.000000;0.406600;-0.015268
3860.000000;0.407552;-0.015428
3861.000000;0.408167;-0.017059
3862.000000;0.408085;-0.016945
3863.000000;0.407752;-0.016798
3864.000000;0.405652;-0.016808
3865.000000;0.406597;-0.016127
3866.000000;0.407275;-0.014252
3867.000000;0.406538;-0.014682
3868.000000;0.406706;-0.015084
3869.000000;0.405883;-0.015789
3870.000000;0.405704;-0.015118
3871.000000;0.405773;-0.014660
3872.000000;0.406680;-0.015721
3873.000000;0.406053;-0.014461
3874.000000;0.406291;-0.014959
3875.000000;0.405994;-0.015066
3876.000000;0.406259;-0.014289
3877.000000;0.406275;-0.014981
3878.000000;0.406541;-0.013831
3879.000000;0.405613;-0.014913
3880.000000;0.404057;-0.014600
3881.000000;0.406031;-0.013736
3882.000000;0.405794;-0.014017
3883.000000;0.406561;-0.015708
3884.000000;0.405229;-0.015105
3885.000000;0.404128;-0.015259
3886.000000;0.404720;-0.013572
3887.000000;0.405095;-0.014479
3888.000000;0.404478;-0.015104
3889.000000;0.404703;-0.014118
3890.000000;0.404618;-0.014159
3891.000000;0.404976;-0.013966
3892.000000;0.403937;-0.014992
3893.000000;0.404597;-0.013920
3894.000000;0.406865;-0.014691
3895.000000;0.405137;-0.013647
3896.000000;0.405286;-0.013432
3897.000000;0.406335;-0.013545
3898.000000;0.405110;-0.013893
3899.000000;0.404254;-0.013723
3900.000000;0.404066;-0.013776
3901.000000;0.404342;-0.013252
3902.000000;0.404044;-0.013694
3903.000000;0.403965;-0.014934
3904.000000;0.403527;-0.013284
3905.000000;0.402873;-0.013869
3906.000000;0.403032;-0.013862
3907.000000;0.402550;-0.014992
3908.000000;0.402539;-0.016031
3909.000000;0.402327;-0.014142
3910.000000;0.403344;-0.012391
3911.000000;0.403822;-0.013764
3912.000000;0.403297;-0.013481
3913.000000;0.403936;-0.012558
3914.000000;0.404215;-0.012211
3915.000000;0.402428;-0.012622
3916.000000;0.402242;-0.013166
3917.000000;0.403297;-0.013102
3918.000000;0.402343;-0.014033
3919.000000;0.400475;-0.015176
3920.000000;0.401199;-0.014613
3921.000000;0.401122;-0.012520
3922.000000;0.401893;-0.012960
3923.000000;0.401247;-0.012534
3924.000000;0.399639;-0.011382
3925.000000;0.400423;-0.012997
3926.000000;0.401734;-0.011771
3927.000000;0.400055;-0.012158
3928.000000;0.398476;-0.013568
3929.000000;0.399606;-0.013461
3930.000000;0.401239;-0.012805
3931.000000;0.401019;-0.012033
3932.000000;0.399063;-0.011352
3933.000000;0.398598;-0.013510
3934.000000;0.398878;-0.012417
3935.000000;0.400263;-0.010726
3936.000000;0.401620;-0.011714
3937.000000;0.399841;-0.011617
3938.000000;0.399190;-0.012827
3939.000000;0.398766;-0.013205
3940.000000;0.399456;-0.012795
3941.000000;0.399427;-0.012308
3942.000000;0.400296;-0.013545
3943.000000;0.399878;-0.013757
3944.000000;0.397034;-0.013397
3945.000000;0.397447;-0.012642
3946.000000;0.397784;-0.011176
3947.000000;0.397233;-0.010676
3948.000000;0.396938;-0.011746
3949.000000;0.396804;-0.011747
3950.000000;0.397791;-0.011486
3951.000000;0.398271;-0.014164
3952.000000;0.397985;-0.012927
3953.000000;0.398270;-0.011813
3954.000000;0.400780;-0.011951
3955.000000;0.399592;-0.011234
3956.000000;0.397208;-0.009952
3957.000000;0.397688;-0.011780
3958.000000;0.397266;-0.012518
3959.000000;0.396742;-0.011458
3960.000000;0.396373;-0.009943
3961.000000;0.396647;-0.008702
3962.000000;0.396846;-0.009586
3963.000000;0.397532;-0.011198
3964.000000;0.398050;-0.011652
3965.000000;0.398126;-0.011667
3966.000000;0.397897;-0.011282
3967.000000;0.396479;-0.010520
3968.000000;0.394754;-0.011166
3969.000000;0.395995;-0.012355
3970.000000;0.396669;-0.010759
3971.000000;0.396195;-0.009710
3972.000000;0.394872;-0.010934
3973.000000;0.395628;-0.009998
3974.000000;0.396934;-0.010031
3975.000000;0.396946;-0.010868
3976.000000;0.395895;-0.012440
3977.000000;0.395506;-0.011776
3978.000000;0.394818;-0.012491
3979.000000;0.394205;-0.012112
3980.000000;0.394194;-0.010118
3981.000000;0.394069;-0.009740
3982.000000;0.393844;-0.010364
3983.000000;0.396478;-0.011219
3984.000000;0.396453;-0.009569
3985.000000;0.396035;-0.010104
3986.000000;0.396399;-0.010132
3987.000000;0.394090;-0.011751
3988.000000;0.393333;-0.011814
3989.000000;0.394248;-0.010482
3990.000000;0.393848;-0.010114
3991.000000;0.394726;-0.010392
3992.000000;0.393970;-0.010435
3993.000000;0.392255;-0.010131
3994.000000;0.394815;-0.011674
3995.000000;0.396072;-0.011097
3996.000000;0.396545;-0.010054
3997.000000;0.395131;-0.009706
3998.000000;0.394481;-0.010164
3999.000000;0.392041;-0.010080
4000.000000;0.393100;-0.009905
4001.000000;0.393556;-0.010097
4002.000000;0.394828;-0.009072
4003.000000;0.394853;-0.008832
4004.000000;0.393300;-0.010069
4005.000000;0.392839;-0.009930
4006.000000;0.393105;-0.010070
4007.000000;0.393332;-0.008472
4008.000000;0.392739;-0.009756
4009.000000;0.393426;-0.009236
4010.000000;0.392416;-0.009492
4011.000000;0.394346;-0.009834
4012.000000;0.394129;-0.008323
4013.000000;0.392799;-0.009716
4014.000000;0.392418;-0.008552
4015.000000;0.392602;-0.009059
4016.000000;0.391366;-0.009747
4017.000000;0.391085;-0.010094
4018.000000;0.390757;-0.009361
4019.000000;0.392085;-0.008589
4020.000000;0.392543;-0.010576
4021.000000;0.394570;-0.009568
4022.000000;0.393831;-0.008926
4023.000000;0.392264;-0.009599
4024.000000;0.392106;-0.010562
4025.000000;0.393254;-0.009782
4026.000000;0.393701;-0.009563
4027.000000;0.392054;-0.009641
4028.000000;0.391228;-0.007780
4029.000000;0.392047;-0.008331
4030.000000;0.392569;-0.010087
4031.000000;0.392848;-0.008817
4032.000000;0.392289;-0.008190
4033.000000;0.391674;-0.008793
4034.000000;0.391502;-0.008754
4035.000000;0.390985;-0.008836
4036.000000;0.391874;-0.008435
4037.000000;0.392334;-0.008206
4038.000000;0.392028;-0.006687
4039.000000;0.391622;-0.007629
4040.000000;0.391905;-0.007814
4041.000000;0.390084;-0.007587
4042.000000;0.390018;-0.008606
4043.000000;0.390723;-0.008753
4044.000000;0.391594;-0.008572
4045.000000;0.392440;-0.008641
4046.000000;0.391323;-0.008358
4047.000000;0.391402;-0.006967
4048.000000;0.391799;-0.007463
4049.000000;0.392223;-0.008392
4050.000000;0.391447;-0.009233
4051.000000;0.391062;-0.008032
4052.000000;0.390771;-0.007049
4053.000000;0.390341;-0.007782
4054.000000;0.390486;-0.010420
4055.000000;0.390926;-0.010528
4056.000000;0.390925;-0.008599
4057.000000;0.390755;-0.007412
4058.000000;0.391009;-0.007702
4059.000000;0.390444;-0.009280
4060.000000;0.390489;-0.009190
4061.000000;0.390343;-0.008416
4062.000000;0.389731;-0.008481
4063.000000;0.390151;-0.007112
4064.000000;0.389358;-0.006205
4065.000000;0.390958;-0.007767
4066.000000;0.390062;-0.009217
4067.000000;0.389721;-0.008364
4068.000000;0.389264;-0.008601
4069.000000;0.389007;-0.009110
4070.000000;0.388996;-0.008438
4071.000000;0.388758;-0.007699
4072.000000;0.389192;-0.007772
4073.000000;0.390649;-0.006925
4074.000000;0.391037;-0.007464
4075.000000;0.390605;-0.007552
4076.000000;0.390646;-0.008164
4077.000000;0.388482;-0.008766
4078.000000;0.388681;-0.007800
4079.000000;0.389774;-0.007669
4080.000000;0.389784;-0.007304
4081.000000;0.389466;-0.009322
4082.000000;0.389375;-0.009113
4083.000000;0.389566;-0.008686
4084.000000;0.388770;-0.007710
4085.000000;0.388564;-0.007879
4086.000000;0.388911;-0.008634
4087.000000;0.387877;-0.008994
4088.000000;0.387992;-0.008932
4089.000000;0.389025;-0.007899
4090.000000;0.388212;-0.007432
4091.000000;0.389087;-0.008507
4092.000000;0.388545;-0.010072
4093.000000;0.388395;-0.007375
4094.000000;0.389289;-0.008090
4095.000000;0.388654;-0.008889
4096.000000;0.388664;-0.007067
4097.000000;0.388857;-0.006798
4098.000000;0.388632;-0.008414
4099.000000;0.388815;-0.009026
4100.000000;0.387495;-0.009166
4101.000000;0.387836;-0.008672
4102.000000;0.388864;-0.006879
4103.000000;0.388300;-0.007073
4104.000000;0.389377;-0.008802
4105.000000;0.389082;-0.008548
4106.000000;0.388779;-0.008563
4107.000000;0.389756;-0.009350
4108.000000;0.390466;-0.009330
4109.000000;0.389790;-0.007685
4110.000000;0.389789;-0.008411
4111.000000;0.390006;-0.008230
4112.000000;0.390206;-0.009229
4113.000000;0.389406;-0.009968
4114.000000;0.387179;-0.007180
4115.000000;0.388221;-0.007675
4116.000000;0.388632;-0.008089
4117.000000;0.387742;-0.008132
4118.000000;0.387958;-0.005464
4119.000000;0.387581;-0.006044
4120.000000;0.386298;-0.008436
4121.000000;0.386227;-0.008164
4122.000000;0.386449;-0.007760
4123.000000;0.387646;-0.008023
4124.000000;0.387961;-0.008028
4125.000000;0.386193;-0.007359
4126.000000;0.386599;-0.008475
4127.000000;0.387962;-0.008805
4128.000000;0.387306;-0.007427
4129.000000;0.387468;-0.008003
4130.000000;0.386844;-0.008868
4131.000000;0.386789;-0.008695
4132.000000;0.386988;-0.008435
4133.000000;0.387182;-0.006952
4134.000000;0.386876;-0.007338
4135.000000;0.387106;-0.009084
4136.000000;0.387555;-0.008633
4137.000000;0.387132;-0.009417
4138.000000;0.387401;-0.007605
4139.000000;0.386443;-0.006387
4140.000000;0.386839;-0.007131
4141.000000;0.386380;-0.007246
4142.000000;0.386415;-0.008346
4143.000000;0.386021;-0.008599
4144.000000;0.386908;-0.007762
4145.000000;0.387649;-0.007831
4146.000000;0.387533;-0.008581
4147.000000;0.387041;-0.008318
4148.000000;0.386916;-0.007973
4149.000000;0.386788;-0.008544
4150.000000;0.387763;-0.008498
4151.000000;0.386312;-0.008174
4152.000000;0.385851;-0.007486
4153.000000;0.385214;-0.007830
4154.000000;0.386552;-0.008175
4155.000000;0.386849;-0.006245
4156.000000;0.386642;-0.007639
4157.000000;0.385763;-0.008644
4158.000000;0.385248;-0.009448
4159.000000;0.383848;-0.008638
4160.000000;0.384024;-0.008261
4161.000000;0.386539;-0.007724
4162.000000;0.386159;-0.008467
4163.000000;0.386155;-0.008695
4164.000000;0.385677;-0.009040
4165.000000;0.386066;-0.008263
4166.000000;0.386573;-0.008445
4167.000000;0.385641;-0.008079
4168.000000;0.384622;-0.007451
4169.000000;0.384153;-0.007969
4170.000000;0.384560;-0.006842
4171.000000;0.383544;-0.005786
4172.000000;0.383991;-0.007697
4173.000000;0.383907;-0.008548
4174.000000;0.385385;-0.006862
4175.000000;0.386404;-0.007450
4176.000000;0.386744;-0.007317
4177.000000;0.385401;-0.007626
4178.000000;0.383671;-0.008582
4179.000000;0.384733;-0.008074
4180.000000;0.387262;-0.006960
4181.000000;0.386540;-0.007165
4182.000000;0.384789;-0.006760
4183.000000;0.384823;-0.008465
4184.000000;0.384829;-0.010190
4185.000000;0.384505;-0.009994
4186.000000;0.384927;-0.007904
4187.000000;0.382415;-0.007182
4188.000000;0.384139;-0.006754
4189.000000;0.385841;-0.005390
4190.000000;0.386831;-0.007289
4191.000000;0.385442;-0.006638
4192.000000;0.383108;-0.006885
4193.000000;0.383526;-0.006537
4194.000000;0.384839;-0.006347
4195.000000;0.384375;-0.006106
4196.000000;0.383238;-0.006967
4197.000000;0.383936;-0.006092
4198.000000;0.384769;-0.007973
4199.000000;0.386440;-0.009797
4200.000000;0.385041;-0.008711
4201.000000;0.382913;-0.006974
4202.000000;0.383225;-0.007155
4203.000000;0.384645;-0.008285
4204.000000;0.384073;-0.007914
4205.000000;0.383266;-0.007256
4206.000000;0.384344;-0.007089
4207.000000;0.384399;-0.007810
4208.000000;0.383087;-0.007487
4209.000000;0.384012;-0.007907
4210.000000;0.385087;-0.009072
4211.000000;0.384423;-0.007844
4212.000000;0.384270;-0.006177
4213.000000;0.382391;-0.006873
4214.000000;0.381740;-0.008038
4215.000000;0.384532;-0.007789
4216.000000;0.383974;-0.006935
4217.000000;0.383203;-0.006729
4218.000000;0.382706;-0.007243
4219.000000;0.382868;-0.006023
4220.000000;0.383267;-0.005463
4221.000000;0.382537;-0.006348
4222.000000;0.382632;-0.006011
4223.000000;0.382638;-0.006593
4224.000000;0.382660;-0.005506
4225.000000;0.383385;-0.007526
4226.000000;0.384100;-0.007342
4227.000000;0.384164;-0.007759
4228.000000;0.384127;-0.006343
4229.000000;0.382571;-0.005121
4230.000000;0.382812;-0.005944
4231.000000;0.384277;-0.005630
4232.000000;0.384138;-0.006417
4233.000000;0.382789;-0.007422
4234.000000;0.383088;-0.006740
4235.000000;0.381726;-0.006147
4236.000000;0.383047;-0.006485
4237.000000;0.383070;-0.007668
4238.000000;0.382991;-0.009207
4239.000000;0.382604;-0.008049
4240.000000;0.385445;-0.006737
4241.000000;0.384544;-0.008644
4242.000000;0.383368;-0.007098
4243.000000;0.382101;-0.005612
4244.000000;0.384320;-0.005093
4245.000000;0.383135;-0.006754
4246.000000;0.380783;-0.005254
4247.000000;0.382444;-0.006077
4248.000000;0.382134;-0.005197
4249.000000;0.382245;-0.006325
4250.000000;0.384164;-0.007187
4251.000000;0.382443;-0.005760
4252.000000;0.382064;-0.006331
4253.000000;0.381713;-0.006283
4254.000000;0.382722;-0.007328
4255.000000;0.383010;-0.006341
4256.000000;0.381573;-0.004554
4257.000000;0.381706;-0.006445
4258.000000;0.382312;-0.006443
4259.000000;0.382359;-0.005372
4260.000000;0.384105;-0.006227
4261.000000;0.382705;-0.006530
4262.000000;0.381898;-0.007148
4263.000000;0.380868;-0.006778
4264.000000;0.380680;-0.008112
4265.000000;0.382683;-0.006749
4266.000000;0.382302;-0.006687
4267.000000;0.380936;-0.004588
4268.000000;0.382283;-0.003975
4269.000000;0.382186;-0.003882
4270.000000;0.379966;-0.002804
4271.000000;0.383191;-0.005480
4272.000000;0.382218;-0.004976
4273.000000;0.382467;-0.003066
4274.000000;0.382859;-0.004593
4275.000000;0.382757;-0.002636
4276.000000;0.380443;-0.003580
4277.000000;0.380729;-0.005158
4278.000000;0.382406;-0.006247
4279.000000;0.383521;-0.005534
4280.000000;0.383346;-0.005273
4281.000000;0.383264;-0.006754
4282.000000;0.382249;-0.005270
4283.000000;0.381358;-0.004049
4284.000000;0.381205;-0.004393
4285.000000;0.379368;-0.004501
4286.000000;0.380717;-0.003887
4287.000000;0.380515;-0.005381
4288.000000;0.381619;-0.004541
4289.000000;0.381566;-0.003131
4290.000000;0.380744;-0.002645
4291.000000;0.381678;-0.003924
4292.000000;0.380534;-0.006824
4293.000000;0.381360;-0.005440
4294.000000;0.380706;-0.003426
4295.000000;0.381507;-0.002511
4296.000000;0.380714;-0.004468
4297.000000;0.379412;-0.005156
4298.000000;0.378244;-0.006042
4299.000000;0.377867;-0.006769
4300.000000;0.378393;-0.004597
4301.000000;0.380385;-0.004177
4302.000000;0.381746;-0.005077
4303.000000;0.382777;-0.003348
4304.000000;0.382772;-0.005824
4305.000000;0.379942;-0.004914
4306.000000;0.379259;-0.002772
4307.000000;0.380515;-0.004255
4308.000000;0.379330;-0.006681
4309.000000;0.380755;-0.005655
4310.000000;0.381255;-0.004240
4311.000000;0.380449;-0.003170
4312.000000;0.378493;-0.002647
4313.000000;0.376002;-0.003022
4314.000000;0.379228;-0.001933
4315.000000;0.380830;-0.004348
4316.000000;0.381866;-0.004891
4317.000000;0.380086;-0.004224
4318.000000;0.378745;-0.004564
4319.000000;0.379571;-0.003985
4320.000000;0.382330;-0.004417
4321.000000;0.380150;-0.004575
4322.000000;0.378064;-0.005242
4323.000000;0.378770;-0.004643
4324.000000;0.379922;-0.004314
4325.000000;0.379215;-0.003155
4326.000000;0.378040;-0.004361
4327.000000;0.378872;-0.005205
4328.000000;0.379235;-0.004535
4329.000000;0.379053;-0.004737
4330.000000;0.377424;-0.003214
4331.000000;0.380866;-0.005603
4332.000000;0.381064;-0.006529
4333.000000;0.378661;-0.004251
4334.000000;0.377450;-0.002964
4335.000000;0.380068;-0.003024
4336.000000;0.380409;-0.002695
4337.000000;0.379181;-0.004495
4338.000000;0.378352;-0.004185
4339.000000;0.377294;-0.003348
4340.000000;0.376959;-0.005697
4341.000000;0.377718;-0.005456
4342.000000;0.379691;-0.005179
4343.000000;0.379337;-0.003562
4344.000000;0.378437;-0.005488
4345.000000;0.377975;-0.006148
4346.000000;0.376994;-0.007112
4347.000000;0.377864;-0.005858
4348.000000;0.379079;-0.005192
4349.000000;0.378658;-0.004427
4350.000000;0.377995;-0.003074
4351.000000;0.379048;-0.001867
4352.000000;0.380080;-0.001756
4353.000000;0.379835;-0.002354
4354.000000;0.378902;-0.002934
4355.000000;0.379484;-0.005728
4356.000000;0.378830;-0.004910
4357.000000;0.377965;-0.004739
4358.000000;0.378322;-0.003665
4359.000000;0.378522;-0.003476
4360.000000;0.377269;-0.001768
4361.000000;0.377737;-0.003570
4362.000000;0.376720;-0.003175
4363.000000;0.378312;-0.001308
4364.000000;0.379035;-0.001424
4365.000000;0.377774;-0.002500
4366.000000;0.376165;-0.004713
4367.000000;0.377346;-0.006284
4368.000000;0.376366;-0.004352
4369.000000;0.375674;-0.003001
4370.000000;0.374790;-0.002631
4371.000000;0.376337;-0.001868
4372.000000;0.375198;-0.002841
4373.000000;0.377744;-0.002562
4374.000000;0.378195;-0.002774
4375.000000;0.374658;-0.003810
4376.000000;0.377084;-0.002717
4377.000000;0.375123;-0.004270
4378.000000;0.375167;-0.004318
4379.000000;0.376179;-0.001377
4380.000000;0.377019;-0.003336
4381.000000;0.376750;-0.003223
4382.000000;0.375879;-0.002678
4383.000000;0.375893;-0.003174
4384.000000;0.375507;-0.003086
4385.000000;0.374745;-0.003894
4386.000000;0.375329;-0.003678
4387.000000;0.375648;-0.003660
4388.000000;0.374223;-0.004216
4389.000000;0.375320;-0.002465
4390.000000;0.375625;-0.002027
4391.000000;0.376975;-0.003730
4392.000000;0.376577;-0.005678
4393.000000;0.375599;-0.004166
4394.000000;0.374747;-0.000832
4395.000000;0.375871;-0.000744
4396.000000;0.375151;-0.002318
4397.000000;0.377378;-0.002270
4398.000000;0.376820;-0.004879
4399.000000;0.374351;-0.004032
4400.000000;0.375660;-0.004078
4401.000000;0.374520;-0.004675
4402.000000;0.373169;-0.003836
4403.000000;0.372657;-0.002787
4404.000000;0.373013;-0.002341
4405.000000;0.374447;-0.002426
4406.000000;0.374156;-0.002439
4407.000000;0.373113;-0.001985
4408.000000;0.375706;-0.001981
4409.000000;0.373775;-0.003953
4410.000000;0.372673;-0.005200
4411.000000;0.373715;-0.002532
4412.000000;0.372865;-0.003497
4413.000000;0.372787;-0.001936
4414.000000;0.374972;-0.000022
4415.000000;0.376220;-0.000676
4416.000000;0.373758;-0.001479
4417.000000;0.371235;-0.002381
4418.000000;0.373189;-0.004017
4419.000000;0.373492;-0.006192
4420.000000;0.374010;-0.003898
4421.000000;0.374692;-0.000815
4422.000000;0.375771;-0.000898
4423.000000;0.374154;0.001582
4424.000000;0.371728;0.000496
4425.000000;0.371428;-0.000879
4426.000000;0.371517;-0.002265
4427.000000;0.372762;-0.003502
4428.000000;0.374793;-0.001949
4429.000000;0.373095;-0.000857
4430.000000;0.373635;-0.000283
4431.000000;0.372713;-0.002950
4432.000000;0.371728;-0.002171
4433.000000;0.370398;-0.003132
4434.000000;0.372352;-0.002758
4435.000000;0.373381;-0.002377
4436.000000;0.374067;-0.000128
4437.000000;0.374108;-0.000072
4438.000000;0.372873;-0.000332
4439.000000;0.373091;-0.000585
4440.000000;0.372752;-0.001540
4441.000000;0.372784;-0.000651
4442.000000;0.372945;-0.000941
4443.000000;0.371528;0.000536
4444.000000;0.372177;0.000719
4445.000000;0.372999;-0.000865
4446.000000;0.372385;-0.002174
4447.000000;0.371999;-0.000669
4448.000000;0.371723;0.000793
4449.000000;0.371209;0.001901
4450.000000;0.371633;0.000548
4451.000000;0.370704;0.000558
4452.000000;0.371094;0.001343
4453.000000;0.372221;-0.000545
4454.000000;0.373023;-0.000576
4455.000000;0.372779;-0.001019
4456.000000;0.372710;0.000875
4457.000000;0.371291;0.001156
4458.000000;0.371198;0.001254
4459.000000;0.370324;0.000802
4460.000000;0.371824;0.002518
4461.000000;0.370960;0.002609
4462.000000;0.371886;0.002787
4463.000000;0.372007;-0.001316
4464.000000;0.371928;-0.000205
4465.000000;0.370783;0.000717
4466.000000;0.371249;-0.000583
4467.000000;0.372339;0.000157
4468.000000;0.371107;0.000516
4469.000000;0.370498;-0.001204
4470.000000;0.371234;-0.001398
4471.000000;0.371865;-0.001598
4472.000000;0.373323;-0.001820
4473.000000;0.371114;0.001203
4474.000000;0.371643;0.000715
4475.000000;0.372646;-0.000540
4476.000000;0.373285;-0.001037
4477.000000;0.373956;-0.002046
4478.000000;0.370770;0.000043
4479.000000;0.369601;-0.000485
4480.000000;0.369940;0.000100
4481.000000;0.372404;-0.000433
4482.000000;0.372569;-0.001058
4483.000000;0.371750;-0.001460
4484.000000;0.371709;-0.001326
4485.000000;0.370266;-0.000764
4486.000000;0.371116;-0.000064
4487.000000;0.371139;0.000993
4488.000000;0.372020;-0.000083
4489.000000;0.371451;-0.000039
4490.000000;0.371854;-0.000459
4491.000000;0.370615;-0.000646
4492.000000;0.369912;-0.001988
4493.000000;0.370569;-0.000662
4494.000000;0.372113;-0.000513
4495.000000;0.371381;-0.002110
4496.000000;0.369404;-0.002367
4497.000000;0.370122;-0.001081
4498.000000;0.370429;-0.001748
4499.000000;0.371563;-0.001451
4500.000000;0.370575;-0.001503
4501.000000;0.370863;-0.000422
4502.000000;0.371249;-0.000954
4503.000000;0.371680;-0.001762
4504.000000;0.370582;-0.001816
4505.000000;0.371421;-0.001979
4506.000000;0.370996;-0.001632
4507.000000;0.369934;-0.000552
4508.000000;0.368581;-0.001276
4509.000000;0.370906;-0.001283
4510.000000;0.370778;-0.001374
4511.000000;0.369525;-0.001276
4512.000000;0.369385;-0.002491
4513.000000;0.370946;-0.003170
4514.000000;0.371304;-0.003603
4515.000000;0.370696;-0.003371
4516.000000;0.369051;-0.001350
4517.000000;0.369958;-0.000094
4518.000000;0.369517;-0.000557
4519.000000;0.367599;-0.001051
4520.000000;0.369435;-0.001031
4521.000000;0.371043;-0.000860
4522.000000;0.370074;-0.002190
4523.000000;0.369450;-0.001070
4524.000000;0.369656;-0.001193
4525.000000;0.368365;-0.002521
4526.000000;0.368614;-0.002730
4527.000000;0.370608;-0.001044
4528.000000;0.369980;-0.000933
4529.000000;0.368910;-0.000831
4530.000000;0.370699;-0.001212
4531.000000;0.370372;-0.001642
4532.000000;0.369795;-0.001505
4533.000000;0.370628;-0.000213
4534.000000;0.370840;-0.002876
4535.000000;0.368818;-0.001229
4536.000000;0.369132;-0.000107
4537.000000;0.369470;-0.001497
4538.000000;0.369323;-0.001321
4539.000000;0.370588;-0.002279
4540.000000;0.370934;-0.001328
4541.000000;0.369545;-0.002092
4542.000000;0.369929;-0.002649
4543.000000;0.369106;-0.002538
4544.000000;0.370680;-0.001355
4545.000000;0.370880;-0.001762
4546.000000;0.371041;-0.002636
4547.000000;0.370393;-0.002672
4548.000000;0.369184;-0.002704
4549.000000;0.368848;-0.002660
4550.000000;0.367931;-0.002851
4551.000000;0.368936;-0.003284
4552.000000;0.368985;-0.002980
4553.000000;0.369221;-0.003011
4554.000000;0.369284;-0.002957
4555.000000;0.370182;-0.001842
4556.000000;0.367946;-0.001491
4557.000000;0.367410;-0.002002
4558.000000;0.369255;-0.002915
4559.000000;0.368497;-0.002252
4560.000000;0.367736;-0.002708
4561.000000;0.366939;-0.003618
4562.000000;0.368130;-0.002818
4563.000000;0.369804;-0.002514
4564.000000;0.368329;-0.001461
4565.000000;0.368475;-0.002361
4566.000000;0.368753;-0.003682
4567.000000;0.368367;-0.003605
4568.000000;0.369258;-0.003240
4569.000000;0.368789;-0.003267
4570.000000;0.368325;-0.002992
4571.000000;0.368921;-0.003493
4572.000000;0.369350;-0.003224
4573.000000;0.370772;-0.004021
4574.000000;0.369550;-0.004369
4575.000000;0.368598;-0.004716
4576.000000;0.370904;-0.005255
4577.000000;0.370231;-0.004024
4578.000000;0.370119;-0.003823
4579.000000;0.369774;-0.003480
4580.000000;0.369042;-0.003197
4581.000000;0.368057;-0.004359
4582.000000;0.368532;-0.004487
4583.000000;0.368840;-0.004956
4584.000000;0.369487;-0.004921
4585.000000;0.370056;-0.004257
4586.000000;0.369059;-0.004065
4587.000000;0.370116;-0.004557
4588.000000;0.369735;-0.004409
4589.000000;0.368812;-0.003532
4590.000000;0.367211;-0.003423
4591.000000;0.367477;-0.005242
4592.000000;0.368891;-0.006963
4593.000000;0.367733;-0.007103
4594.000000;0.368953;-0.005863
4595.000000;0.370775;-0.004831
4596.000000;0.371398;-0.003777
4597.000000;0.370346;-0.004423
4598.000000;0.369519;-0.004396
4599.000000;0.370110;-0.003868
4600.000000;0.370135;-0.003821
4601.000000;0.370064;-0.004745
4602.000000;0.369709;-0.004983
4603.000000;0.370499;-0.005146
4604.000000;0.371001;-0.004854
4605.000000;0.370638;-0.006267
4606.000000;0.368951;-0.006764
4607.000000;0.369251;-0.007619
4608.000000;0.369648;-0.007328
4609.000000;0.368920;-0.004061
4610.000000;0.368769;-0.005215
4611.000000;0.370496;-0.004590
4612.000000;0.370633;-0.006414
4613.000000;0.369711;-0.007579
4614.000000;0.369331;-0.006344
4615.000000;0.370420;-0.006603
4616.000000;0.371580;-0.007616
4617.000000;0.370472;-0.007818
4618.000000;0.370157;-0.007635
4619.000000;0.370453;-0.006885
4620.000000;0.371177;-0.007398
4621.000000;0.370727;-0.008057
4622.000000;0.371806;-0.007669
4623.000000;0.371320;-0.007246
4624.000000;0.370666;-0.006727
4625.000000;0.370648;-0.006101
4626.000000;0.369486;-0.006766
4627.000000;0.368384;-0.007967
4628.000000;0.369321;-0.008106
4629.000000;0.369985;-0.008838
4630.000000;0.370998;-0.007683
4631.000000;0.371718;-0.006976
4632.000000;0.372385;-0.007689
4633.000000;0.371144;-0.008257
4634.000000;0.369994;-0.007933
4635.000000;0.370947;-0.007910
4636.000000;0.372292;-0.007025
4637.000000;0.371884;-0.008485
4638.000000;0.370627;-0.008857
4639.000000;0.370278;-0.009490
4640.000000;0.369817;-0.009770
4641.000000;0.369477;-0.008813
4642.000000;0.369986;-0.007845
4643.000000;0.370587;-0.008175
4644.000000;0.372697;-0.009890
4645.000000;0.372080;-0.010013
4646.000000;0.370077;-0.009682
4647.000000;0.370501;-0.009547
4648.000000;0.370883;-0.009059
4649.000000;0.372427;-0.009045
4650.000000;0.372609;-0.009963
4651.000000;0.369683;-0.011017
4652.000000;0.370651;-0.010291
4653.000000;0.372125;-0.008929
4654.000000;0.372302;-0.008820
4655.000000;0.373268;-0.010333
4656.000000;0.372544;-0.009023
4657.000000;0.372508;-0.008820
4658.000000;0.372810;-0.010607
4659.000000;0.371856;-0.009726
4660.000000;0.372161;-0.009425
4661.000000;0.372490;-0.010422
4662.000000;0.372466;-0.012043
4663.000000;0.372147;-0.012573
4664.000000;0.373176;-0.012040
4665.000000;0.372712;-0.011225
4666.000000;0.372198;-0.010850
4667.000000;0.372725;-0.010917
4668.000000;0.372486;-0.013124
4669.000000;0.372713;-0.012063
4670.000000;0.372566;-0.010198
4671.000000;0.373409;-0.011008
4672.000000;0.374021;-0.011731
4673.000000;0.374205;-0.011163
4674.000000;0.374017;-0.009543
4675.000000;0.373909;-0.011061
4676.000000;0.373666;-0.012538
4677.000000;0.373332;-0.011937
4678.000000;0.373489;-0.011282
4679.000000;0.374427;-0.012169
4680.000000;0.375258;-0.011739
4681.000000;0.375566;-0.013654
4682.000000;0.374328;-0.010861
4683.000000;0.375684;-0.009454
4684.000000;0.376364;-0.011222
4685.000000;0.376084;-0.013109
4686.000000;0.375516;-0.012266
4687.000000;0.375193;-0.012124
4688.000000;0.376277;-0.014831
4689.000000;0.377093;-0.015016
4690.000000;0.376121;-0.013484
4691.000000;0.375388;-0.013999
4692.000000;0.375780;-0.013913
4693.000000;0.376622;-0.013560
4694.000000;0.376070;-0.014153
4695.000000;0.375427;-0.013058
4696.000000;0.374733;-0.012140
4697.000000;0.374721;-0.013185
4698.000000;0.376013;-0.014422
4699.000000;0.376976;-0.012905
4700.000000;0.376854;-0.013318
4701.000000;0.375963;-0.014543
4702.000000;0.376563;-0.015804
4703.000000;0.378166;-0.015786
4704.000000;0.377786;-0.014881
4705.000000;0.378106;-0.013751
4706.000000;0.377733;-0.014128
4707.000000;0.377022;-0.015217
4708.000000;0.379901;-0.014626
4709.000000;0.380176;-0.015340
4710.000000;0.377338;-0.014214
4711.000000;0.378350;-0.014817
4712.000000;0.379083;-0.015767
4713.000000;0.378464;-0.015501
4714.000000;0.379370;-0.015885
4715.000000;0.381237;-0.015079
4716.000000;0.378991;-0.013839
4717.000000;0.378217;-0.014247
4718.000000;0.379749;-0.015550
4719.000000;0.379301;-0.016277
4720.000000;0.380674;-0.018257
4721.000000;0.380896;-0.017837
4722.000000;0.379453;-0.016640
4723.000000;0.379417;-0.015582
4724.000000;0.381160;-0.016905
4725.000000;0.381535;-0.017478
4726.000000;0.381309;-0.017668
4727.000000;0.382166;-0.017606
4728.000000;0.381808;-0.017039
4729.000000;0.382306;-0.016851
4730.000000;0.380509;-0.016370
4731.000000;0.381608;-0.016020
4732.000000;0.381377;-0.016185
4733.000000;0.382552;-0.016892
4734.000000;0.383066;-0.017408
4735.000000;0.382969;-0.017323
4736.000000;0.382342;-0.018703
4737.000000;0.383204;-0.018711
4738.000000;0.382760;-0.019294
4739.000000;0.383501;-0.019079
4740.000000;0.382794;-0.017909
4741.000000;0.382180;-0.018128
4742.000000;0.384851;-0.016124
4743.000000;0.384373;-0.016042
4744.000000;0.383939;-0.018947
4745.000000;0.385274;-0.018824
4746.000000;0.383091;-0.019352
4747.000000;0.382766;-0.019577
4748.000000;0.383894;-0.020638
4749.000000;0.384231;-0.020723
4750.000000;0.383934;-0.021628
4751.000000;0.383593;-0.020044
4752.000000;0.386332;-0.021710
4753.000000;0.386861;-0.020642
4754.000000;0.385078;-0.019432
4755.000000;0.384019;-0.018571
4756.000000;0.384650;-0.020727
4757.000000;0.384923;-0.019630
4758.000000;0.384944;-0.022023
4759.000000;0.386439;-0.023373
4760.000000;0.387583;-0.022969
4761.000000;0.385510;-0.024759
4762.000000;0.385703;-0.023210
4763.000000;0.386920;-0.021931
4764.000000;0.388920;-0.022275
4765.000000;0.387820;-0.022855
4766.000000;0.387603;-0.023431
4767.000000;0.386820;-0.020602
4768.000000;0.388459;-0.020838
4769.000000;0.389696;-0.022072
4770.000000;0.391020;-0.022540
4771.000000;0.388676;-0.022946
4772.000000;0.389200;-0.023840
4773.000000;0.389265;-0.023429
4774.000000;0.388482;-0.023580
4775.000000;0.389016;-0.023305
4776.000000;0.390063;-0.024457
4777.000000;0.389722;-0.023831
4778.000000;0.390253;-0.021471
4779.000000;0.390090;-0.021636
4780.000000;0.389689;-0.024603
4781.000000;0.388602;-0.026024
4782.000000;0.387569;-0.024245
4783.000000;0.388846;-0.024761
4784.000000;0.391505;-0.025615
4785.000000;0.390591;-0.026869
4786.000000;0.389963;-0.025782
4787.000000;0.391240;-0.024524
4788.000000;0.391605;-0.025921
4789.000000;0.392240;-0.025994
4790.000000;0.391644;-0.024156
4791.000000;0.392003;-0.025490
4792.000000;0.392613;-0.026895
4793.000000;0.391371;-0.027359
4794.000000;0.390515;-0.026787
4795.000000;0.391706;-0.026469
4796.000000;0.392236;-0.025002
4797.000000;0.392510;-0.026943
4798.000000;0.393764;-0.027531
4799.000000;0.394206;-0.027258
4800.000000;0.392693;-0.028901
4801.000000;0.392061;-0.027804
4802.000000;0.391581;-0.028073
4803.000000;0.392823;-0.028318
4804.000000;0.394359;-0.028422
4805.000000;0.394561;-0.027573
4806.000000;0.393304;-0.027507
4807.000000;0.391408;-0.029015
4808.000000;0.391491;-0.029454
4809.000000;0.393162;-0.028903
4810.000000;0.394402;-0.028866
4811.000000;0.397048;-0.027064
4812.000000;0.395350;-0.027657
4813.000000;0.393735;-0.029773
4814.000000;0.393967;-0.030479
4815.000000;0.393796;-0.031330
4816.000000;0.394668;-0.031379
4817.000000;0.395675;-0.030025
4818.000000;0.395275;-0.030904
4819.000000;0.396674;-0.031110
4820.000000;0.398185;-0.032489
4821.000000;0.396774;-0.030612
4822.000000;0.395333;-0.031268
4823.000000;0.398850;-0.031241
4824.000000;0.398393;-0.030254
4825.000000;0.397283;-0.032499
4826.000000;0.397423;-0.031638
4827.000000;0.399343;-0.030745
4828.000000;0.398209;-0.034932
4829.000000;0.397314;-0.033906
4830.000000;0.397937;-0.031738
4831.000000;0.397545;-0.033092
4832.000000;0.399132;-0.033444
4833.000000;0.398611;-0.034414
4834.000000;0.399297;-0.033394
4835.000000;0.398198;-0.033761
4836.000000;0.396675;-0.034797
4837.000000;0.396388;-0.034832
4838.000000;0.395955;-0.034226
4839.000000;0.395167;-0.035221
4840.000000;0.394920;-0.036256
4841.000000;0.395662;-0.035472
4842.000000;0.396032;-0.036138
4843.000000;0.394492;-0.036075
4844.000000;0.394541;-0.036725
4845.000000;0.393752;-0.035810
4846.000000;0.393465;-0.035518
4847.000000;0.394345;-0.035897
4848.000000;0.395264;-0.036012
4849.000000;0.395226;-0.033375
4850.000000;0.394399;-0.031787
4851.000000;0.393006;-0.033145
4852.000000;0.392913;-0.033318
4853.000000;0.392768;-0.033678
4854.000000;0.393413;-0.031167
4855.000000;0.393566;-0.029422
4856.000000;0.393611;-0.029694
4857.000000;0.393160;-0.031968
4858.000000;0.392839;-0.030148
4859.000000;0.394120;-0.028670
4860.000000;0.396515;-0.028575
4861.000000;0.396261;-0.028090
4862.000000;0.398845;-0.026602
4863.000000;0.397352;-0.025597
4864.000000;0.397658;-0.025852
4865.000000;0.399474;-0.027913
4866.000000;0.397040;-0.029171
4867.000000;0.396873;-0.026415
4868.000000;0.398165;-0.025548
4869.000000;0.399231;-0.026654
4870.000000;0.398755;-0.024984
4871.000000;0.400404;-0.024628
4872.000000;0.401518;-0.025515
4873.000000;0.399292;-0.025220
4874.000000;0.400330;-0.026585
4875.000000;0.401900;-0.029052
4876.000000;0.402046;-0.027716
4877.000000;0.400119;-0.024289
4878.000000;0.400312;-0.022187
4879.000000;0.403641;-0.025558
4880.000000;0.404003;-0.027049
4881.000000;0.403549;-0.027376
4882.000000;0.406367;-0.028167
4883.000000;0.408944;-0.026869
4884.000000;0.407664;-0.025152
4885.000000;0.407887;-0.027701
4886.000000;0.406674;-0.026893
4887.000000;0.406901;-0.025023
4888.000000;0.409289;-0.026261
4889.000000;0.410897;-0.026185
4890.000000;0.410361;-0.026604
4891.000000;0.409734;-0.026734
4892.000000;0.409611;-0.026237
4893.000000;0.409843;-0.028972
4894.000000;0.410095;-0.027577
4895.000000;0.410330;-0.027015
4896.000000;0.410092;-0.027347
4897.000000;0.413008;-0.029313
4898.000000;0.413607;-0.028585
4899.000000;0.411942;-0.027548
4900.000000;0.412803;-0.028722
4901.000000;0.414140;-0.026918
4902.000000;0.416463;-0.027096
4903.000000;0.414294;-0.027050
4904.000000;0.416537;-0.027004
4905.000000;0.417661;-0.029083
4906.000000;0.416387;-0.029693
4907.000000;0.417599;-0.028740
4908.000000;0.417143;-0.028458
4909.000000;0.418405;-0.029180
4910.000000;0.417739;-0.029733
4911.000000;0.417964;-0.030013
4912.000000;0.419598;-0.031355
4913.000000;0.421175;-0.031953
4914.000000;0.420938;-0.032487
4915.000000;0.419753;-0.031004
4916.000000;0.420836;-0.031319
4917.000000;0.424339;-0.030370
4918.000000;0.423067;-0.030944
4919.000000;0.420291;-0.032628
4920.000000;0.421870;-0.032559
4921.000000;0.423041;-0.032347
4922.000000;0.424090;-0.031797
4923.000000;0.422327;-0.032809
4924.000000;0.421416;-0.031565
4925.000000;0.422519;-0.029487
4926.000000;0.423735;-0.030050
4927.000000;0.425193;-0.032497
4928.000000;0.425834;-0.032067
4929.000000;0.426865;-0.031183
4930.000000;0.427128;-0.031056
4931.000000;0.427977;-0.032682
4932.000000;0.429885;-0.032617
4933.000000;0.427042;-0.034101
4934.000000;0.425729;-0.032119
4935.000000;0.426565;-0.033710
4936.000000;0.429474;-0.034688
4937.000000;0.431440;-0.035070
4938.000000;0.429475;-0.035776
4939.000000;0.430082;-0.035405
4940.000000;0.431115;-0.035682
4941.000000;0.430529;-0.034849
4942.000000;0.431305;-0.035476
4943.000000;0.433855;-0.034886
4944.000000;0.433273;-0.036150
4945.000000;0.435249;-0.036557
4946.000000;0.434729;-0.036506
4947.000000;0.435299;-0.036026
4948.000000;0.436032;-0.035770
4949.000000;0.435860;-0.037544
4950.000000;0.435825;-0.037649
4951.000000;0.436719;-0.038812
4952.000000;0.437864;-0.038833
4953.000000;0.436956;-0.039628
4954.000000;0.437001;-0.041144
4955.000000;0.437912;-0.040459
4956.000000;0.438806;-0.039309
4957.000000;0.438944;-0.040918
4958.000000;0.438083;-0.041153
4959.000000;0.439870;-0.040268
4960.000000;0.440808;-0.041824
4961.000000;0.441309;-0.043480
4962.000000;0.442572;-0.041492
4963.000000;0.441806;-0.040540
4964.000000;0.441940;-0.042399
4965.000000;0.443555;-0.043346
4966.000000;0.443165;-0.042682
4967.000000;0.442779;-0.042773
4968.000000;0.443981;-0.043441
4969.000000;0.445407;-0.043958
4970.000000;0.444608;-0.043879
4971.000000;0.444932;-0.044051
4972.000000;0.445743;-0.044896
4973.000000;0.446294;-0.044146
4974.000000;0.445962;-0.045324
4975.000000;0.448388;-0.045505
4976.000000;0.449200;-0.046276
4977.000000;0.449869;-0.047390
4978.000000;0.450562;-0.046429
4979.000000;0.451676;-0.047125
4980.000000;0.452000;-0.048097
4981.000000;0.452079;-0.047242
4982.000000;0.452210;-0.047916
4983.000000;0.452651;-0.051337
4984.000000;0.452793;-0.049641
4985.000000;0.452510;-0.051044
4986.000000;0.454262;-0.050445
4987.000000;0.455214;-0.050721
4988.000000;0.455726;-0.051537
4989.000000;0.456148;-0.052955
4990.000000;0.457241;-0.052675
4991.000000;0.458378;-0.052248
4992.000000;0.459159;-0.052086
4993.000000;0.459337;-0.053235
4994.000000;0.350719;0.059968
4995.000000;0.349996;0.061758
4996.000000;0.348011;0.062411
4997.000000;0.347937;0.063603
4998.000000;0.347210;0.063848
