candidate,split,curve_id,rmse
zero_correction,train,1,0.15328371536287896
zero_correction,train,2,0.058288406954477234
zero_correction,train,3,0.09971499551311966
zero_correction,train,5,0.05940461632268529
zero_correction,train,10,0.06233969016357342
zero_correction,train,11,0.058032663293592274
zero_correction,train,12,0.04530480885942192
zero_correction,train,13,0.049133228938012904
zero_correction,train,14,0.03574813931592192
zero_correction,train,15,0.026326839221743916
zero_correction,train,17,0.056138051566028496
zero_correction,train,18,0.017732230947008504
zero_correction,train,19,0.03256813950265342
zero_correction,train,20,0.059354598115291334
zero_correction,train,22,0.045626718604377954
zero_correction,train,24,0.09917171473818974
zero_correction,train,26,0.04696194585028787
zero_correction,train,27,0.049294559426519155
zero_correction,train,29,0.0427134821157606
zero_correction,train,30,0.12746367053421065
zero_correction,train,31,0.01982135715849464
zero_correction,train,32,0.07672893057279355
zero_correction,train,35,0.033634830500230875
zero_correction,train,36,0.06650227337999808
zero_correction,train,37,0.050717103283402044
zero_correction,train,38,0.04782482392340009
zero_correction,train,39,0.022619749747946866
zero_correction,train,40,0.08052343820972303
zero_correction,train,41,0.021573569591242528
zero_correction,train,42,0.056621368223724475
zero_correction,train,43,0.07411915804060976
zero_correction,train,44,0.028529667235576404
zero_correction,train,46,0.10568408427430676
zero_correction,train,47,0.0696146953670906
zero_correction,train,48,0.02467836065847555
zero_correction,train,51,0.06601237394825807
zero_correction,train,52,0.06036365038930947
zero_correction,train,53,0.03459576103759149
zero_correction,train,54,0.19538597504430888
zero_correction,train,55,0.07047346455029412
zero_correction,train,56,0.07622069875031282
zero_correction,train,57,0.0531626642224514
zero_correction,train,58,0.08271883182483006
zero_correction,train,59,0.054275761678813386
zero_correction,train,60,0.048202809797837275
zero_correction,train,62,0.033149328698756995
zero_correction,train,64,0.06218107854923085
zero_correction,train,65,0.10497961247612762
zero_correction,train,66,0.02420317477515749
zero_correction,train,70,0.02123439465352374
zero_correction,train,73,0.03083971915552561
zero_correction,train,74,0.1430951307752897
zero_correction,train,75,0.05315154433520058
zero_correction,train,77,0.04799188076454556
zero_correction,train,79,0.03674248708164467
zero_correction,train,80,0.17117538314597305
zero_correction,train,81,0.07172223116213208
zero_correction,train,84,0.03034941829190517
zero_correction,train,85,0.05726892403837762
zero_correction,train,86,0.14570866825389894
zero_correction,train,88,0.034338422646210766
zero_correction,train,89,0.15372896380456127
zero_correction,train,91,0.10506942822265541
zero_correction,train,92,0.06386830983714896
zero_correction,train,93,0.059151770315629085
zero_correction,train,95,0.10291168247543309
zero_correction,train,96,0.06884305333361938
zero_correction,train,97,0.07280522606197429
zero_correction,train,98,0.05926257314185457
zero_correction,train,100,0.04321329963583961
zero_correction,train,101,0.02859838082019507
zero_correction,train,102,0.026057951311646593
zero_correction,train,103,0.022974380877971077
zero_correction,train,105,0.03397152035068167
zero_correction,train,107,0.03766482210205358
zero_correction,train,108,0.04559731374030112
zero_correction,train,109,0.020597533163557814
zero_correction,train,110,0.07372956149286804
zero_correction,train,111,0.028415072459952968
zero_correction,train,112,0.05854992595975494
zero_correction,train,114,0.04903294035065985
zero_correction,train,115,0.1359527343588404
zero_correction,train,118,0.093758554563361
zero_correction,train,120,0.06633433325080647
zero_correction,train,121,0.1397650615780565
zero_correction,train,122,0.025241218534350053
zero_correction,train,123,0.041929554673863285
zero_correction,train,124,0.02058780757032888
zero_correction,train,125,0.04802266865444609
zero_correction,train,126,0.04942015440411788
zero_correction,train,127,0.05634199340518062
zero_correction,train,128,0.10357625675834425
zero_correction,train,130,0.10762762651173607
zero_correction,train,131,0.12331749989697731
zero_correction,train,133,0.050966355518340334
zero_correction,train,134,0.17139010210969977
zero_correction,train,135,0.057332895862681206
zero_correction,train,138,0.05457104139417417
zero_correction,train,141,0.046265358734126766
zero_correction,train,142,0.059669905005466234
zero_correction,train,143,0.12932290973972663
zero_correction,train,144,0.020618716742510885
zero_correction,train,147,0.025356900404839112
zero_correction,train,148,0.017194552473134655
zero_correction,train,149,0.051064503863595005
zero_correction,train,151,0.04972031662803828
zero_correction,train,152,0.08764791460893706
zero_correction,train,155,0.137682091295328
zero_correction,train,156,0.036130727826762375
zero_correction,train,157,0.13283936254952405
zero_correction,train,158,0.04064276128047394
zero_correction,train,159,0.03272393811649499
zero_correction,train,160,0.053805546100303935
zero_correction,train,161,0.08220831396549973
zero_correction,train,163,0.037428229222985186
zero_correction,train,164,0.02949555689282286
zero_correction,train,166,0.05862278179293578
zero_correction,train,167,0.03309088782212564
zero_correction,train,168,0.059603678166871614
zero_correction,train,170,0.03783992551203766
zero_correction,train,172,0.02203543372949604
zero_correction,train,173,0.057147174445731634
zero_correction,train,174,0.06726385450083483
zero_correction,train,176,0.08358872299737162
zero_correction,train,177,0.03729884527842157
zero_correction,train,178,0.0555160072659611
zero_correction,train,180,0.05319166972621035
zero_correction,train,181,0.033939473431233214
zero_correction,train,182,0.04067684708562231
zero_correction,train,183,0.0629523772102309
zero_correction,train,184,0.05376320510867291
zero_correction,train,186,0.06170189878178859
zero_correction,train,187,0.03399685967324745
zero_correction,train,188,0.046279087792235704
zero_correction,train,189,0.01838882458906587
zero_correction,train,190,0.021223510009881406
zero_correction,train,192,0.05076563821754372
zero_correction,train,193,0.03767336203052762
zero_correction,train,194,0.034988497140464016
zero_correction,train,195,0.039516303060874315
zero_correction,train,196,0.05087966568135287
zero_correction,train,197,0.019489719451900176
zero_correction,train,198,0.17452811969957624
zero_correction,train,199,0.0339192457209582
zero_correction,train,200,0.04516512621751977
zero_correction,train,201,0.14961327722501644
zero_correction,train,203,0.1398305499939357
zero_correction,train,205,0.08322838432055438
zero_correction,train,206,0.06704869461087154
zero_correction,train,208,0.11368268595082863
zero_correction,train,209,0.09601345945571033
zero_correction,train,210,0.09174283288082953
zero_correction,train,211,0.04498624848081282
zero_correction,train,212,0.040275943177941455
zero_correction,train,213,0.071557059079827
zero_correction,train,214,0.06244177853776
zero_correction,train,216,0.07195720717505852
zero_correction,train,219,0.016613210381176677
zero_correction,train,221,0.06542505779653875
zero_correction,train,222,0.0435533650498232
zero_correction,train,223,0.13912345621933717
zero_correction,train,224,0.05415356251698298
zero_correction,train,225,0.1357820516713024
zero_correction,train,226,0.03928634911344906
zero_correction,train,231,0.03206669814252787
zero_correction,train,233,0.17595942122257052
zero_correction,train,235,0.020219601128713266
zero_correction,train,236,0.07337629802810594
zero_correction,train,237,0.06565216742392732
zero_correction,train,239,0.049529154227954175
zero_correction,train,240,0.033199021322512616
zero_correction,train,241,0.025486296226756022
zero_correction,train,242,0.09150471594370298
zero_correction,train,243,0.05142315018945169
zero_correction,train,246,0.07033361021272173
zero_correction,train,247,0.06212754855280649
zero_correction,train,249,0.058753799100391864
zero_correction,train,250,0.1545292761928042
zero_correction,train,251,0.03597332076819551
zero_correction,train,252,0.05519297051786079
zero_correction,train,253,0.05831155834035867
zero_correction,train,254,0.06005333809453964
zero_correction,train,255,0.053640452289922085
zero_correction,train,256,0.054832073667567545
zero_correction,train,257,0.09278439986239825
zero_correction,train,259,0.039439281568764854
zero_correction,train,261,0.03757536591964212
zero_correction,train,264,0.10305608289930399
zero_correction,train,265,0.09327487126810786
zero_correction,train,266,0.0633320087236122
zero_correction,train,270,0.061793403101558134
zero_correction,train,272,0.05056915295035629
zero_correction,train,274,0.04070593301552816
zero_correction,train,275,0.054530302703285016
zero_correction,train,276,0.031412508202842866
zero_correction,train,277,0.036828803872389786
zero_correction,train,279,0.05616885063224255
zero_correction,train,280,0.04562733739323821
zero_correction,train,281,0.0355395814454366
zero_correction,train,283,0.16010645665626558
zero_correction,train,285,0.03442953135881758
zero_correction,train,287,0.061030716794006866
zero_correction,train,288,0.030394730982919674
zero_correction,train,289,0.028018908374471945
zero_correction,train,290,0.0739226552682859
zero_correction,train,294,0.15269817379496248
zero_correction,train,295,0.040906415120387694
zero_correction,train,296,0.04126138339814877
zero_correction,train,297,0.049647947593333124
zero_correction,train,298,0.01857237591289796
zero_correction,train,300,0.07224868511618693
zero_correction,train,301,0.07128879475516432
zero_correction,train,305,0.14708112897861617
zero_correction,train,306,0.04809984995288258
zero_correction,train,307,0.021893707689287778
zero_correction,train,308,0.0185032107169429
zero_correction,train,309,0.07894467713405445
zero_correction,train,310,0.11443649216335641
zero_correction,train,311,0.03832856639019232
zero_correction,train,313,0.08311689500849402
zero_correction,train,315,0.055639019824653156
zero_correction,train,316,0.029915604738093796
zero_correction,train,317,0.06772371084885369
zero_correction,train,318,0.05398973161603662
zero_correction,train,319,0.0971153256381349
zero_correction,train,320,0.02025979239618443
zero_correction,train,322,0.04971969796673476
zero_correction,train,323,0.03456162645172999
zero_correction,train,324,0.14372463008310035
zero_correction,train,326,0.029920673449985384
zero_correction,train,327,0.10210743979439232
zero_correction,train,328,0.07124089757303904
zero_correction,train,329,0.060619676125896665
zero_correction,train,330,0.07091860947720321
zero_correction,train,331,0.06270573565829916
zero_correction,train,334,0.11589141143252009
zero_correction,train,335,0.042335616939366785
zero_correction,train,336,0.045726070657960055
zero_correction,train,337,0.131288364386803
zero_correction,train,338,0.047946581156352926
zero_correction,train,341,0.07214974930577972
zero_correction,train,343,0.014206059493083557
zero_correction,train,344,0.027520162362440634
zero_correction,train,345,0.0700662126944463
zero_correction,train,347,0.02935144640441753
zero_correction,train,348,0.036054577652404406
zero_correction,train,349,0.0408755202155297
zero_correction,train,350,0.015768773200839626
zero_correction,train,352,0.033210668244632834
zero_correction,train,355,0.1372115070556342
zero_correction,train,358,0.04607970561533483
zero_correction,train,359,0.06133422337822636
zero_correction,train,360,0.029854945187043687
zero_correction,train,361,0.053746758865804004
zero_correction,train,362,0.02377686055272294
zero_correction,train,363,0.05188213004792602
zero_correction,train,366,0.02544295543635872
zero_correction,train,369,0.03257663909346272
zero_correction,train,370,0.02635722858824491
zero_correction,train,371,0.05808685132986273
zero_correction,train,372,0.053991837072441255
zero_correction,train,373,0.014330078753370746
zero_correction,train,374,0.031090560639415104
zero_correction,train,375,0.10079115589263181
zero_correction,train,376,0.04162994767808609
zero_correction,train,377,0.166408226918908
zero_correction,train,378,0.11195336071773582
zero_correction,train,379,0.03779453055460412
zero_correction,train,380,0.06918340530814054
zero_correction,train,381,0.01870531035652966
zero_correction,train,382,0.03058805466391132
zero_correction,train,383,0.1470354918903032
zero_correction,train,384,0.04236925974988213
zero_correction,train,385,0.03096523012230025
zero_correction,train,386,0.036615709134482255
zero_correction,train,387,0.05659483693443525
zero_correction,train,388,0.044350750658646874
zero_correction,train,390,0.04434897766366037
zero_correction,train,391,0.01451821326745678
zero_correction,train,392,0.056458598535807134
zero_correction,train,393,0.061176122838505355
zero_correction,train,395,0.048084427536393505
zero_correction,train,396,0.0715593138175295
zero_correction,train,398,0.03952577713152799
zero_correction,train,399,0.028961258180520068
zero_correction,train,401,0.041709313503512105
zero_correction,train,402,0.06455665069966941
zero_correction,train,403,0.03637607176667382
zero_correction,train,404,0.05681266777718341
zero_correction,train,405,0.18673684864261758
zero_correction,train,407,0.033456728686857444
zero_correction,train,408,0.1028055326403275
zero_correction,train,410,0.06652767036782921
zero_correction,train,411,0.04307507047843662
zero_correction,train,412,0.04521148186045175
zero_correction,train,414,0.039308968852726583
zero_correction,train,416,0.1288410609294798
zero_correction,train,417,0.060337873976494205
zero_correction,train,418,0.060530882437514914
zero_correction,train,419,0.081774064028202
zero_correction,train,420,0.054229832854451855
zero_correction,train,423,0.06162390200706577
zero_correction,train,424,0.017089964031159022
zero_correction,train,426,0.044123386700191385
zero_correction,train,427,0.04016368550240352
zero_correction,train,428,0.06585379313830779
zero_correction,train,429,0.015873576404120626
zero_correction,train,431,0.05810263980197809
zero_correction,train,432,0.19212124923355767
zero_correction,train,433,0.139579822492827
zero_correction,train,436,0.030115317628966014
zero_correction,train,437,0.02626678018252988
zero_correction,train,438,0.13889218057698655
zero_correction,train,440,0.05532740441051733
zero_correction,train,441,0.018161355162838927
zero_correction,train,442,0.11466637322703184
zero_correction,train,443,0.05544925832053849
zero_correction,train,444,0.07786572423079216
zero_correction,train,445,0.043808171548984656
zero_correction,train,446,0.11511985426684365
zero_correction,train,447,0.2044821448689417
zero_correction,train,448,0.045328615216557656
zero_correction,train,449,0.04991957964917941
zero_correction,train,450,0.04088406023119744
zero_correction,train,452,0.027435787919656465
zero_correction,train,453,0.024395682679165358
zero_correction,train,455,0.03478314543716446
zero_correction,train,457,0.06203683751382863
zero_correction,train,459,0.16315795058797383
zero_correction,train,460,0.036194192437778425
zero_correction,train,461,0.052742717420152824
zero_correction,train,463,0.06938653262806463
zero_correction,train,464,0.17427911393976037
zero_correction,train,465,0.03535243073607268
zero_correction,train,466,0.06094423775212326
zero_correction,train,467,0.04645810653453335
zero_correction,train,468,0.08579084195490398
zero_correction,train,472,0.059532176881872415
zero_correction,train,473,0.0761400254915284
zero_correction,train,474,0.05927346815454127
zero_correction,train,475,0.04770765258961249
zero_correction,train,476,0.024347651110535523
zero_correction,train,478,0.04401210510388284
zero_correction,train,479,0.015927842626946125
zero_correction,train,480,0.05292372118802713
zero_correction,train,482,0.04566286267545297
zero_correction,train,483,0.07434253443668729
zero_correction,train,484,0.07254347639215186
zero_correction,train,485,0.062467437709085
zero_correction,train,486,0.04777434750104197
zero_correction,train,487,0.037370834228152135
zero_correction,train,488,0.05696253170128768
zero_correction,train,489,0.030619716133490425
zero_correction,train,490,0.06376838343980724
zero_correction,train,493,0.06744052326466242
zero_correction,train,495,0.11949447827029375
zero_correction,train,496,0.0987724615441824
zero_correction,train,499,0.05311047434888419
zero_correction,train,500,0.058850174489427434
zero_correction,train,503,0.14033299679407923
zero_correction,train,504,0.045595954594038646
zero_correction,train,505,0.06763764091162328
zero_correction,train,507,0.1446948780151655
zero_correction,train,508,0.038063258214813385
zero_correction,train,512,0.0497710663972578
zero_correction,train,514,0.14807314119938042
zero_correction,train,515,0.030513898283883924
zero_correction,train,516,0.08301691412380412
zero_correction,train,518,0.026455596560585538
zero_correction,train,519,0.07382830310158292
zero_correction,train,521,0.0658587600023877
zero_correction,train,522,0.030830500255156927
zero_correction,train,523,0.04168041278369788
zero_correction,train,524,0.05819176919706184
zero_correction,train,525,0.059435226431755535
zero_correction,train,526,0.06426282588279539
zero_correction,train,527,0.030881334649254064
zero_correction,train,528,0.028196030691560216
zero_correction,train,529,0.0614892074207012
zero_correction,train,531,0.03690844210928297
zero_correction,train,534,0.12385208725567443
zero_correction,train,537,0.06614020088508545
zero_correction,train,540,0.0539945904155584
zero_correction,train,541,0.04182587602388149
zero_correction,train,542,0.06696130165169231
zero_correction,train,543,0.13887880395545374
zero_correction,train,544,0.05189024395593729
zero_correction,train,546,0.05820193967576424
zero_correction,train,548,0.1312575627150505
zero_correction,train,549,0.10834596297671886
zero_correction,train,550,0.02794027681442584
zero_correction,train,551,0.07038431830131908
zero_correction,train,556,0.04688310488514968
zero_correction,train,557,0.048010122095131114
zero_correction,train,558,0.05147331767807622
zero_correction,train,559,0.03052550440540957
zero_correction,train,560,0.05868004287241353
zero_correction,train,561,0.121238979949803
zero_correction,train,562,0.11064351061003125
zero_correction,train,563,0.0968782072768593
zero_correction,train,564,0.08771754377374989
zero_correction,train,565,0.044367698309448596
zero_correction,train,566,0.19437222733595053
zero_correction,train,567,0.0273001319678507
zero_correction,train,568,0.04809882313261782
zero_correction,train,569,0.06698059574654777
zero_correction,train,570,0.024160781721463204
zero_correction,train,573,0.10092908308436041
zero_correction,train,575,0.05085486701082188
zero_correction,train,578,0.042295356221361255
zero_correction,train,579,0.18551942427890594
zero_correction,train,582,0.06021388692646966
zero_correction,train,584,0.20909980338750342
zero_correction,train,585,0.04680168815114861
zero_correction,train,587,0.0320943070332977
zero_correction,train,588,0.07256347932965411
zero_correction,train,589,0.0224556919263508
zero_correction,train,590,0.06662609431530195
zero_correction,train,592,0.03047523705798144
zero_correction,train,593,0.0728781432970724
zero_correction,train,594,0.11673971430402227
zero_correction,train,595,0.08350549833319248
zero_correction,train,596,0.041480731715057104
zero_correction,train,597,0.0973198492325855
zero_correction,train,598,0.037843255874072154
zero_correction,train,600,0.07178366789864327
zero_correction,train,601,0.015475867652442795
zero_correction,train,603,0.07582043792131637
zero_correction,train,604,0.18250889455636937
zero_correction,train,606,0.11298209285310802
zero_correction,train,607,0.03311370370031261
zero_correction,train,608,0.10124529933875753
zero_correction,train,609,0.09070414904877819
zero_correction,train,610,0.0676380228310602
zero_correction,train,612,0.05087632126111898
zero_correction,train,614,0.048970674862815325
zero_correction,train,616,0.044404246658144644
zero_correction,train,617,0.06304595051483772
zero_correction,train,618,0.05550484563983569
zero_correction,train,619,0.028293285076433777
zero_correction,train,620,0.09504883250830912
zero_correction,train,621,0.10269391403511954
zero_correction,train,622,0.06401711921650498
zero_correction,train,623,0.035912821245345464
zero_correction,train,624,0.053704175008496925
zero_correction,train,625,0.04934797135428
zero_correction,train,626,0.16239314245848302
zero_correction,train,627,0.06453255080349987
zero_correction,train,628,0.03259782935650097
zero_correction,train,629,0.05928896376143044
zero_correction,train,630,0.06758955817983447
zero_correction,train,631,0.16541915890532202
zero_correction,train,632,0.07820509951833411
zero_correction,train,633,0.053063422025701544
zero_correction,train,636,0.036782815319718706
zero_correction,train,637,0.03370489763726024
zero_correction,train,639,0.19674483883989766
zero_correction,train,641,0.0689109127065379
zero_correction,train,642,0.11118316550489489
zero_correction,train,643,0.03223910174096824
zero_correction,train,644,0.12292654111707461
zero_correction,train,645,0.08354010127942507
zero_correction,train,647,0.027214731898405963
zero_correction,train,648,0.06863886783381508
zero_correction,train,649,0.06556205527422419
zero_correction,train,650,0.05865690184545587
zero_correction,train,651,0.026798382928174165
zero_correction,train,652,0.05229995643796049
zero_correction,train,654,0.039862974236083266
zero_correction,train,655,0.0647969217380532
zero_correction,train,656,0.1116939358653565
zero_correction,train,657,0.09881779215568853
zero_correction,train,658,0.027560390465018472
zero_correction,train,659,0.027411328196031023
zero_correction,train,661,0.07663945540991886
zero_correction,train,662,0.04319596335957476
zero_correction,train,664,0.04904218345503008
zero_correction,train,665,0.05378707734707505
zero_correction,train,667,0.061178701650142546
zero_correction,train,669,0.07401701141674877
zero_correction,train,670,0.04058230009835107
zero_correction,train,672,0.06499514914710457
zero_correction,train,673,0.055603767492119795
zero_correction,train,675,0.037433488592475875
zero_correction,train,677,0.03372143876937853
zero_correction,train,678,0.03310739902709527
zero_correction,train,679,0.050934371344736495
zero_correction,train,680,0.06674962434820236
zero_correction,train,682,0.06425905629004938
zero_correction,train,683,0.05571517996687697
zero_correction,train,684,0.05995053804590861
zero_correction,train,685,0.06889226211713621
zero_correction,train,686,0.041507495947237454
zero_correction,train,690,0.04879341073661216
zero_correction,train,691,0.07637091724569696
zero_correction,train,694,0.03675517325710467
zero_correction,train,695,0.2013424039826617
zero_correction,train,698,0.05807258415620277
zero_correction,train,701,0.06096403196302868
zero_correction,train,702,0.017024606402415675
zero_correction,train,703,0.127336177606824
zero_correction,train,705,0.0571275004341751
zero_correction,train,706,0.0846144845103475
zero_correction,train,707,0.048372285560959086
zero_correction,train,708,0.048131550618489116
zero_correction,train,709,0.020186136806152253
zero_correction,train,710,0.019113731908078736
zero_correction,train,711,0.12891573534811362
zero_correction,train,712,0.12222280527619671
zero_correction,train,713,0.10034143959652177
zero_correction,train,715,0.057878373996439546
zero_correction,train,717,0.053432527699829244
zero_correction,train,718,0.026813186856599794
zero_correction,train,721,0.16206720453201323
zero_correction,train,722,0.024353947827234986
zero_correction,train,723,0.06470715228716956
zero_correction,train,724,0.11810335628782655
zero_correction,train,725,0.04334716151519454
zero_correction,train,726,0.054322449043771474
zero_correction,train,728,0.024880375612897104
zero_correction,train,730,0.0384746204037794
zero_correction,train,731,0.026311460230273177
zero_correction,train,736,0.027114625195038475
zero_correction,train,742,0.16368798790418065
zero_correction,train,744,0.05560860797914302
zero_correction,train,746,0.04400201933618409
zero_correction,train,747,0.053970125978980044
zero_correction,train,748,0.03921882168094386
zero_correction,train,749,0.0862043233699396
zero_correction,train,750,0.07577986775225204
zero_correction,train,751,0.12459196569259652
zero_correction,train,753,0.1572534278892944
zero_correction,train,754,0.061933115430722746
zero_correction,train,755,0.032280055650533955
zero_correction,train,756,0.171209407189698
zero_correction,train,757,0.1260955881617159
zero_correction,train,758,0.15878578741162908
zero_correction,train,759,0.09721668561455364
zero_correction,train,760,0.03274534898949573
zero_correction,train,761,0.06107497264608845
zero_correction,train,762,0.19211393640540214
zero_correction,train,763,0.016184230428998424
zero_correction,train,764,0.12749354398859308
zero_correction,train,765,0.04536857236301634
zero_correction,train,769,0.12324005076904093
zero_correction,train,770,0.02506706040167161
zero_correction,train,771,0.07105035363182818
zero_correction,train,774,0.16087126114156017
zero_correction,train,776,0.05547880935452153
zero_correction,train,778,0.0733819627832957
zero_correction,train,779,0.030144384223354737
zero_correction,train,780,0.017527674265688492
zero_correction,train,781,0.026786775015738874
zero_correction,train,783,0.06849420052509227
zero_correction,train,784,0.03529887301363374
zero_correction,train,785,0.04035522525385487
zero_correction,train,786,0.08851052758141066
zero_correction,train,787,0.05145504113044562
zero_correction,train,790,0.12934091770340497
zero_correction,train,792,0.12740994514538598
zero_correction,train,793,0.15934274275912022
zero_correction,train,794,0.03689362273127571
zero_correction,train,795,0.023232842727838942
zero_correction,train,796,0.09356041162690074
zero_correction,train,797,0.16447320738901142
zero_correction,train,800,0.02985031890650635
zero_correction,train,804,0.08267811326257694
zero_correction,train,805,0.05596104707784283
zero_correction,train,807,0.06698158292251676
zero_correction,train,808,0.01815390503702824
zero_correction,train,810,0.02807335688796532
zero_correction,train,811,0.06401467691483899
zero_correction,train,812,0.03324978017141731
zero_correction,train,814,0.03738368888570143
zero_correction,train,816,0.07118455351706166
zero_correction,train,817,0.13365776719481315
zero_correction,train,818,0.048793652927008435
zero_correction,train,819,0.09018267556164454
zero_correction,train,820,0.061737568210573655
zero_correction,train,822,0.06897022969995094
zero_correction,train,824,0.10977449252777705
zero_correction,train,825,0.027635826038203064
zero_correction,train,826,0.07966174749836145
zero_correction,train,827,0.06988529759805799
zero_correction,train,828,0.032470865859023805
zero_correction,train,832,0.03221466444107104
zero_correction,train,833,0.08303260215992253
zero_correction,train,838,0.04004357587363326
zero_correction,train,839,0.0921172167364893
zero_correction,train,841,0.05894475638085361
zero_correction,train,842,0.05677315198027764
zero_correction,train,843,0.022936941646936247
zero_correction,train,846,0.18968372752561777
zero_correction,train,847,0.059915777364598494
zero_correction,train,848,0.0246467131359328
zero_correction,train,849,0.09665606096428556
zero_correction,train,850,0.03578969767363653
zero_correction,train,853,0.05955527294026511
zero_correction,train,854,0.09001070422606197
zero_correction,train,855,0.06203416471510727
zero_correction,train,856,0.06035393471282749
zero_correction,train,858,0.05283463963372145
zero_correction,train,859,0.10920150212387914
zero_correction,train,860,0.04040134110401402
zero_correction,train,861,0.061751902882782574
zero_correction,train,862,0.04063651031896352
zero_correction,train,864,0.10011723595043856
zero_correction,train,865,0.06396479677921581
zero_correction,train,867,0.032829641131240025
zero_correction,train,868,0.03282453361308206
zero_correction,train,869,0.11428018295599467
zero_correction,train,870,0.05298594927749692
zero_correction,train,871,0.0552137031023186
zero_correction,train,872,0.06128399912305845
zero_correction,train,875,0.07483407931337885
zero_correction,train,876,0.03675619954241181
zero_correction,train,878,0.052168565848348364
zero_correction,train,880,0.03291185163581381
zero_correction,train,881,0.07692647149683311
zero_correction,train,883,0.036870574145511134
zero_correction,train,886,0.10874519645247437
zero_correction,train,888,0.05885446223242377
zero_correction,train,890,0.0371716951061796
zero_correction,train,891,0.026232676309187433
zero_correction,train,892,0.05611174080341594
zero_correction,train,897,0.049886462347237016
zero_correction,train,898,0.037513025476867745
zero_correction,train,899,0.03503267483660167
zero_correction,train,900,0.05191228447460989
zero_correction,train,901,0.06303411859747592
zero_correction,train,902,0.09104168819199071
zero_correction,train,903,0.0696460351285023
zero_correction,train,904,0.048651392784383865
zero_correction,train,907,0.025876480300660695
zero_correction,train,909,0.06019950823868412
zero_correction,train,910,0.046489964577030446
zero_correction,train,912,0.11609713007375577
zero_correction,train,915,0.02469595341706102
zero_correction,train,917,0.03251369608461622
zero_correction,train,918,0.013744690635195803
zero_correction,train,919,0.150207492832201
zero_correction,train,920,0.03702294954504614
zero_correction,train,921,0.029634744956761674
zero_correction,train,923,0.021579861946172205
zero_correction,train,924,0.03877187792829547
zero_correction,train,925,0.020996083110020086
zero_correction,train,926,0.043647997709905656
zero_correction,train,928,0.07102981030715365
zero_correction,train,929,0.04082036082656343
zero_correction,train,930,0.015517080194472094
zero_correction,train,932,0.06266858991127355
zero_correction,train,933,0.023775119884678453
zero_correction,train,935,0.07161537754791991
zero_correction,train,937,0.056808397649376605
zero_correction,train,939,0.06939092339781983
zero_correction,train,941,0.061694856019896556
zero_correction,train,942,0.048097971659766
zero_correction,train,943,0.04211903140481197
zero_correction,train,944,0.05409234071433632
zero_correction,train,945,0.01768173596291988
zero_correction,train,946,0.033707771239759245
zero_correction,train,947,0.14411923806381383
zero_correction,train,948,0.02042177596228185
zero_correction,train,949,0.08785119814977677
zero_correction,train,950,0.05548874761952482
zero_correction,train,951,0.07192253334694786
zero_correction,train,952,0.03007216056966574
zero_correction,train,954,0.07274881395989671
zero_correction,train,955,0.050875524918074636
zero_correction,train,956,0.05893068740819685
zero_correction,train,958,0.05860183152945029
zero_correction,train,960,0.10044203387038206
zero_correction,train,961,0.03631266489056172
zero_correction,train,963,0.05973995061898824
zero_correction,train,964,0.04380936591571456
zero_correction,train,965,0.0513046656425869
zero_correction,train,966,0.08384604314367192
zero_correction,train,967,0.044073329088046884
zero_correction,train,968,0.03612340489548817
zero_correction,train,970,0.025070878583394574
zero_correction,train,972,0.047503585664102836
zero_correction,train,973,0.07199045391081521
zero_correction,train,974,0.04406339881888577
zero_correction,train,975,0.06912522915784305
zero_correction,train,976,0.06112811516891514
zero_correction,train,977,0.013737602048091862
zero_correction,train,978,0.08404118904483764
zero_correction,train,980,0.08489718303258229
zero_correction,train,981,0.03787992691241567
zero_correction,train,982,0.10941237296919022
zero_correction,train,986,0.025854897422766542
zero_correction,train,989,0.04656517485921383
zero_correction,train,992,0.057543920185475626
zero_correction,train,994,0.06357690057028548
zero_correction,train,995,0.032711657103668176
zero_correction,train,996,0.07083653401315254
zero_correction,train,997,0.1168976954385797
zero_correction,train,998,0.14606259560424031
zero_correction,train,999,0.19377722908169953
zero_correction,train,1000,0.04691525285420697
zero_correction,validation,8,0.02442035397918355
zero_correction,validation,9,0.10352464486066211
zero_correction,validation,16,0.022661082727406485
zero_correction,validation,21,0.04372552179104659
zero_correction,validation,23,0.04458385706517157
zero_correction,validation,49,0.03591174695496262
zero_correction,validation,50,0.07595074784050067
zero_correction,validation,61,0.08425158210271136
zero_correction,validation,63,0.053308920389225176
zero_correction,validation,68,0.07611024243550073
zero_correction,validation,69,0.041713226613285664
zero_correction,validation,76,0.050382906530589036
zero_correction,validation,78,0.06067989710969997
zero_correction,validation,82,0.06103490307205055
zero_correction,validation,87,0.08837698670728023
zero_correction,validation,90,0.049999313746933526
zero_correction,validation,104,0.0515211023061764
zero_correction,validation,116,0.04129381353758874
zero_correction,validation,117,0.06194594879340219
zero_correction,validation,129,0.0481769439397363
zero_correction,validation,132,0.04735232789303289
zero_correction,validation,139,0.04066603614510555
zero_correction,validation,146,0.027583207088552626
zero_correction,validation,162,0.07750383215642857
zero_correction,validation,171,0.0959596705706987
zero_correction,validation,179,0.08262977089628618
zero_correction,validation,185,0.14143984515778893
zero_correction,validation,207,0.047374700198051366
zero_correction,validation,218,0.04682753691394848
zero_correction,validation,227,0.051380928432001864
zero_correction,validation,228,0.057237243008402
zero_correction,validation,238,0.06345682783988611
zero_correction,validation,245,0.15603372808277613
zero_correction,validation,248,0.06976814662697842
zero_correction,validation,258,0.0496280599005539
zero_correction,validation,260,0.03884356269613686
zero_correction,validation,262,0.06659646112233147
zero_correction,validation,268,0.09716483521680354
zero_correction,validation,271,0.12796676722308611
zero_correction,validation,273,0.03061160075341736
zero_correction,validation,278,0.022824996719606833
zero_correction,validation,291,0.1263370211722475
zero_correction,validation,321,0.04168842876663508
zero_correction,validation,325,0.04039307501597807
zero_correction,validation,332,0.04662662501354648
zero_correction,validation,340,0.07136060543965732
zero_correction,validation,342,0.028299652048607047
zero_correction,validation,353,0.08846479619981916
zero_correction,validation,354,0.04579292209604445
zero_correction,validation,367,0.10279337646724197
zero_correction,validation,368,0.0584479841036919
zero_correction,validation,389,0.03326467333754292
zero_correction,validation,397,0.06324651870954758
zero_correction,validation,400,0.09025737694456765
zero_correction,validation,406,0.057307039663402615
zero_correction,validation,415,0.03586427356394597
zero_correction,validation,421,0.04125120098398393
zero_correction,validation,422,0.07061622108871589
zero_correction,validation,425,0.05643003698414904
zero_correction,validation,430,0.04650936717620762
zero_correction,validation,439,0.05554832075127497
zero_correction,validation,451,0.11070424342089194
zero_correction,validation,458,0.11121765793182432
zero_correction,validation,469,0.12197063404155488
zero_correction,validation,470,0.04965616903438511
zero_correction,validation,471,0.07955153532317845
zero_correction,validation,481,0.02968097986143011
zero_correction,validation,491,0.041190446881599355
zero_correction,validation,501,0.09254686043092575
zero_correction,validation,502,0.045099512817709644
zero_correction,validation,506,0.06909029102079896
zero_correction,validation,509,0.029856646705757446
zero_correction,validation,510,0.06755197929045532
zero_correction,validation,517,0.08211919763903469
zero_correction,validation,532,0.04878495912762055
zero_correction,validation,533,0.04705145904163593
zero_correction,validation,536,0.029590448269977192
zero_correction,validation,538,0.09715710490536413
zero_correction,validation,545,0.09149279073694694
zero_correction,validation,547,0.023411297084852456
zero_correction,validation,552,0.015990864318967846
zero_correction,validation,554,0.0480243318663508
zero_correction,validation,555,0.04910128688612811
zero_correction,validation,576,0.017262031318172673
zero_correction,validation,580,0.06146466298171486
zero_correction,validation,583,0.047347158958863836
zero_correction,validation,599,0.050594795493613114
zero_correction,validation,611,0.10654917315578577
zero_correction,validation,613,0.025745416697046032
zero_correction,validation,615,0.09309324025493898
zero_correction,validation,635,0.03779747688001289
zero_correction,validation,640,0.0462507145725073
zero_correction,validation,653,0.05182581387083795
zero_correction,validation,666,0.10649468141652767
zero_correction,validation,674,0.05543084209695784
zero_correction,validation,676,0.06645520919961254
zero_correction,validation,681,0.04110650758253077
zero_correction,validation,687,0.12803238114211984
zero_correction,validation,688,0.06807110275156097
zero_correction,validation,689,0.09140366421306997
zero_correction,validation,693,0.05107202106050734
zero_correction,validation,697,0.06949432216964702
zero_correction,validation,699,0.11845670205304427
zero_correction,validation,716,0.030255159004954423
zero_correction,validation,719,0.06763905363087906
zero_correction,validation,720,0.05219661327240324
zero_correction,validation,727,0.14239991582001968
zero_correction,validation,729,0.021528222905059718
zero_correction,validation,733,0.04210470258906872
zero_correction,validation,752,0.0609525302852744
zero_correction,validation,773,0.015067921805314414
zero_correction,validation,777,0.06924552389459185
zero_correction,validation,788,0.08556135767511434
zero_correction,validation,791,0.10002040386259875
zero_correction,validation,803,0.026655270655307386
zero_correction,validation,806,0.06527391514275464
zero_correction,validation,809,0.043798283662908985
zero_correction,validation,813,0.02792864719063393
zero_correction,validation,815,0.05491853031891562
zero_correction,validation,821,0.038359106237392505
zero_correction,validation,823,0.05317938862991391
zero_correction,validation,831,0.07140189297580904
zero_correction,validation,834,0.056322103140716784
zero_correction,validation,835,0.06006220346149679
zero_correction,validation,840,0.034135076726424844
zero_correction,validation,851,0.16206048961441993
zero_correction,validation,852,0.07692112077921064
zero_correction,validation,863,0.10925582243556728
zero_correction,validation,866,0.021784544331553902
zero_correction,validation,874,0.019572233611245455
zero_correction,validation,882,0.046501626584936444
zero_correction,validation,884,0.08235060519176039
zero_correction,validation,889,0.04372182586798715
zero_correction,validation,895,0.16501406631051727
zero_correction,validation,906,0.06660504838071424
zero_correction,validation,908,0.06543786644664965
zero_correction,validation,911,0.06607492141434958
zero_correction,validation,914,0.020511999946452916
zero_correction,validation,916,0.05403338505723077
zero_correction,validation,931,0.047776778440986614
zero_correction,validation,934,0.06053555983095728
zero_correction,validation,936,0.049443121755348804
zero_correction,validation,938,0.018213890615438568
zero_correction,validation,953,0.16927367878579033
zero_correction,validation,969,0.04253765139001096
zero_correction,validation,971,0.07057079018804538
zero_correction,validation,987,0.07640501944687142
zero_correction,validation,990,0.04195724397587421
zero_correction,validation,991,0.04786993457949767
zero_correction,validation,993,0.022420367312162435
sigma_g1450,train,1,0.1356020100426673
sigma_g1450,train,2,0.0588903240198595
sigma_g1450,train,3,0.07917282358667214
sigma_g1450,train,5,0.05070467183768699
sigma_g1450,train,10,0.04305430027752812
sigma_g1450,train,11,0.04311183726980636
sigma_g1450,train,12,0.04321748189470457
sigma_g1450,train,13,0.04741584833778011
sigma_g1450,train,14,0.035301952404363526
sigma_g1450,train,15,0.026042018997042636
sigma_g1450,train,17,0.041779600528258035
sigma_g1450,train,18,0.01750926438994672
sigma_g1450,train,19,0.03117028557908245
sigma_g1450,train,20,0.04821917167413285
sigma_g1450,train,22,0.03530987946222425
sigma_g1450,train,24,0.10952665063337916
sigma_g1450,train,26,0.03435849683103768
sigma_g1450,train,27,0.03561125243026729
sigma_g1450,train,29,0.033527708635579336
sigma_g1450,train,30,0.09704355781954581
sigma_g1450,train,31,0.019813054591087592
sigma_g1450,train,32,0.0597108570937029
sigma_g1450,train,35,0.028936793727096136
sigma_g1450,train,36,0.054283691487198804
sigma_g1450,train,37,0.04900941339138535
sigma_g1450,train,38,0.03660020563965449
sigma_g1450,train,39,0.01615062306878109
sigma_g1450,train,40,0.0716440490617815
sigma_g1450,train,41,0.021499446180729957
sigma_g1450,train,42,0.0559687246200706
sigma_g1450,train,43,0.07345243502398958
sigma_g1450,train,44,0.02606760412055832
sigma_g1450,train,46,0.09629056215890247
sigma_g1450,train,47,0.05638652314671596
sigma_g1450,train,48,0.016953261274731443
sigma_g1450,train,51,0.06445589376128603
sigma_g1450,train,52,0.05778204442521845
sigma_g1450,train,53,0.03125611276662243
sigma_g1450,train,54,0.17922379362477128
sigma_g1450,train,55,0.05460098860623308
sigma_g1450,train,56,0.06187179192028449
sigma_g1450,train,57,0.053323743218735516
sigma_g1450,train,58,0.07750036978307567
sigma_g1450,train,59,0.04794063311489565
sigma_g1450,train,60,0.04206927159976441
sigma_g1450,train,62,0.03308284735175151
sigma_g1450,train,64,0.04790587899513661
sigma_g1450,train,65,0.09561636056742413
sigma_g1450,train,66,0.022983280506575055
sigma_g1450,train,70,0.02105756162834989
sigma_g1450,train,73,0.021746792915372178
sigma_g1450,train,74,0.12216559789654186
sigma_g1450,train,75,0.0418058781943467
sigma_g1450,train,77,0.04015609399600021
sigma_g1450,train,79,0.03369949231614563
sigma_g1450,train,80,0.1594190523349067
sigma_g1450,train,81,0.06788397216104414
sigma_g1450,train,84,0.027730246289674344
sigma_g1450,train,85,0.048934873183950414
sigma_g1450,train,86,0.12985834461413684
sigma_g1450,train,88,0.03276057133843836
sigma_g1450,train,89,0.12250312707714348
sigma_g1450,train,91,0.09811542136430204
sigma_g1450,train,92,0.04301675481231989
sigma_g1450,train,93,0.051907069606732484
sigma_g1450,train,95,0.09290228644116726
sigma_g1450,train,96,0.06113289285880946
sigma_g1450,train,97,0.06658775432133222
sigma_g1450,train,98,0.06041543207630608
sigma_g1450,train,100,0.03734656009843918
sigma_g1450,train,101,0.025665887100000184
sigma_g1450,train,102,0.021824719430022274
sigma_g1450,train,103,0.020447443999867775
sigma_g1450,train,105,0.03277461539338595
sigma_g1450,train,107,0.03605458237507489
sigma_g1450,train,108,0.033052493067652525
sigma_g1450,train,109,0.013873327792228825
sigma_g1450,train,110,0.0666869161805211
sigma_g1450,train,111,0.025776321368912666
sigma_g1450,train,112,0.03756489825482671
sigma_g1450,train,114,0.03956105423604705
sigma_g1450,train,115,0.0984854040832963
sigma_g1450,train,118,0.09339003433502265
sigma_g1450,train,120,0.04844103461002765
sigma_g1450,train,121,0.12837824224038194
sigma_g1450,train,122,0.019728831204708856
sigma_g1450,train,123,0.03595790247620787
sigma_g1450,train,124,0.020448548694359088
sigma_g1450,train,125,0.03369261911006067
sigma_g1450,train,126,0.038470718709435955
sigma_g1450,train,127,0.056574044248777176
sigma_g1450,train,128,0.08864171531801737
sigma_g1450,train,130,0.09239940772612024
sigma_g1450,train,131,0.10021524717224123
sigma_g1450,train,133,0.047424704312559386
sigma_g1450,train,134,0.14400281172115484
sigma_g1450,train,135,0.0482451247526266
sigma_g1450,train,138,0.04217031601987417
sigma_g1450,train,141,0.03284649875878906
sigma_g1450,train,142,0.05804777239468846
sigma_g1450,train,143,0.11933161507541995
sigma_g1450,train,144,0.01779439916662243
sigma_g1450,train,147,0.024839197109762626
sigma_g1450,train,148,0.01860012543007745
sigma_g1450,train,149,0.04417160615840847
sigma_g1450,train,151,0.04725658476083989
sigma_g1450,train,152,0.07717629389141
sigma_g1450,train,155,0.113650727554228
sigma_g1450,train,156,0.028571388499122986
sigma_g1450,train,157,0.1298004870374139
sigma_g1450,train,158,0.03769241100206094
sigma_g1450,train,159,0.032773222238330665
sigma_g1450,train,160,0.03504324889396574
sigma_g1450,train,161,0.0708914068387138
sigma_g1450,train,163,0.029192943985851996
sigma_g1450,train,164,0.022509606547357168
sigma_g1450,train,166,0.05813192604271131
sigma_g1450,train,167,0.030666625672945952
sigma_g1450,train,168,0.04615199804989635
sigma_g1450,train,170,0.033179407097005745
sigma_g1450,train,172,0.021163444817292675
sigma_g1450,train,173,0.04021213840464347
sigma_g1450,train,174,0.05609752866552404
sigma_g1450,train,176,0.0698794009967952
sigma_g1450,train,177,0.02784119093448004
sigma_g1450,train,178,0.048756430484513495
sigma_g1450,train,180,0.04139081193103658
sigma_g1450,train,181,0.03288720189420577
sigma_g1450,train,182,0.034953136939448966
sigma_g1450,train,183,0.04301822505718968
sigma_g1450,train,184,0.04871855021138026
sigma_g1450,train,186,0.04991256058441787
sigma_g1450,train,187,0.03153148793086134
sigma_g1450,train,188,0.03451642975241054
sigma_g1450,train,189,0.018685233741965505
sigma_g1450,train,190,0.021200311829244978
sigma_g1450,train,192,0.04286561828800938
sigma_g1450,train,193,0.03447080246093183
sigma_g1450,train,194,0.026349628938324855
sigma_g1450,train,195,0.02962106852196243
sigma_g1450,train,196,0.03711274559092968
sigma_g1450,train,197,0.01720274249339644
sigma_g1450,train,198,0.159184918023759
sigma_g1450,train,199,0.024705631011986254
sigma_g1450,train,200,0.032657854055403744
sigma_g1450,train,201,0.13675264268677206
sigma_g1450,train,203,0.1303378300597573
sigma_g1450,train,205,0.0724417059378076
sigma_g1450,train,206,0.05875786187514043
sigma_g1450,train,208,0.09406002300646342
sigma_g1450,train,209,0.07457313270367383
sigma_g1450,train,210,0.0773077694441204
sigma_g1450,train,211,0.04476124044635071
sigma_g1450,train,212,0.03254754638721138
sigma_g1450,train,213,0.05429760221034239
sigma_g1450,train,214,0.057895237149924235
sigma_g1450,train,216,0.06317734618064741
sigma_g1450,train,219,0.016437181950842795
sigma_g1450,train,221,0.056787686409608074
sigma_g1450,train,222,0.03775592056205057
sigma_g1450,train,223,0.12807900960577653
sigma_g1450,train,224,0.03885734884371541
sigma_g1450,train,225,0.11120866998325409
sigma_g1450,train,226,0.03707383170950713
sigma_g1450,train,231,0.025083466748751757
sigma_g1450,train,233,0.1533527203519239
sigma_g1450,train,235,0.020197203295702404
sigma_g1450,train,236,0.06383736151688327
sigma_g1450,train,237,0.05519564053483546
sigma_g1450,train,239,0.03317182689854307
sigma_g1450,train,240,0.033102256506984055
sigma_g1450,train,241,0.025848996440384447
sigma_g1450,train,242,0.08077494934153912
sigma_g1450,train,243,0.03386693641492208
sigma_g1450,train,246,0.057422363203233955
sigma_g1450,train,247,0.06212715463470248
sigma_g1450,train,249,0.04887467950512763
sigma_g1450,train,250,0.16715804179197902
sigma_g1450,train,251,0.03206911318185022
sigma_g1450,train,252,0.05023996476256188
sigma_g1450,train,253,0.038434712764815554
sigma_g1450,train,254,0.05393078587486803
sigma_g1450,train,255,0.0432817394687856
sigma_g1450,train,256,0.05177581509188387
sigma_g1450,train,257,0.09108426610786495
sigma_g1450,train,259,0.028473683118782317
sigma_g1450,train,261,0.035035666486314655
sigma_g1450,train,264,0.08404231593741077
sigma_g1450,train,265,0.0869346524431849
sigma_g1450,train,266,0.05061064802547245
sigma_g1450,train,270,0.053277889655344295
sigma_g1450,train,272,0.044470583696469834
sigma_g1450,train,274,0.03814331259828849
sigma_g1450,train,275,0.04017751184765599
sigma_g1450,train,276,0.030860203750953944
sigma_g1450,train,277,0.03000367133890661
sigma_g1450,train,279,0.03944766560439427
sigma_g1450,train,280,0.03185404350791815
sigma_g1450,train,281,0.028145407767352512
sigma_g1450,train,283,0.14407308631554724
sigma_g1450,train,285,0.023102321983032185
sigma_g1450,train,287,0.04760505928410068
sigma_g1450,train,288,0.018747243161159294
sigma_g1450,train,289,0.027538616433214144
sigma_g1450,train,290,0.06048788369557559
sigma_g1450,train,294,0.1201716359848677
sigma_g1450,train,295,0.036627054878389714
sigma_g1450,train,296,0.032163823717876
sigma_g1450,train,297,0.04125815900915682
sigma_g1450,train,298,0.017158713958137683
sigma_g1450,train,300,0.05614435308237552
sigma_g1450,train,301,0.0659194999308013
sigma_g1450,train,305,0.13481755159007375
sigma_g1450,train,306,0.045838727435787485
sigma_g1450,train,307,0.018677221079417102
sigma_g1450,train,308,0.012487069052928432
sigma_g1450,train,309,0.06967108916200418
sigma_g1450,train,310,0.10037730090376008
sigma_g1450,train,311,0.03245293039533336
sigma_g1450,train,313,0.06789540789140489
sigma_g1450,train,315,0.045216720194375046
sigma_g1450,train,316,0.02892888657967373
sigma_g1450,train,317,0.05451214947593893
sigma_g1450,train,318,0.05619989979202131
sigma_g1450,train,319,0.09666322907186878
sigma_g1450,train,320,0.017628008646460868
sigma_g1450,train,322,0.04230564865674709
sigma_g1450,train,323,0.023878542160698384
sigma_g1450,train,324,0.1400879522313771
sigma_g1450,train,326,0.025002887916638575
sigma_g1450,train,327,0.0955261009685128
sigma_g1450,train,328,0.055189657649321835
sigma_g1450,train,329,0.050501885950381985
sigma_g1450,train,330,0.057187812542043595
sigma_g1450,train,331,0.040922232996487035
sigma_g1450,train,334,0.10690101387216713
sigma_g1450,train,335,0.0323245229571532
sigma_g1450,train,336,0.03298653679217558
sigma_g1450,train,337,0.13593406679939246
sigma_g1450,train,338,0.041755888720036174
sigma_g1450,train,341,0.06977705316784617
sigma_g1450,train,343,0.010535853409448265
sigma_g1450,train,344,0.019109242846488086
sigma_g1450,train,345,0.05568261940042103
sigma_g1450,train,347,0.023250082950569326
sigma_g1450,train,348,0.024430411254300448
sigma_g1450,train,349,0.039093298806289326
sigma_g1450,train,350,0.015967166102523675
sigma_g1450,train,352,0.03168413115542401
sigma_g1450,train,355,0.16189726116138137
sigma_g1450,train,358,0.042795548595683255
sigma_g1450,train,359,0.04712719912616246
sigma_g1450,train,360,0.02387000951934237
sigma_g1450,train,361,0.04294889860082031
sigma_g1450,train,362,0.023566816004444557
sigma_g1450,train,363,0.042697309807361854
sigma_g1450,train,366,0.021545345950093397
sigma_g1450,train,369,0.029330402806998654
sigma_g1450,train,370,0.026287384480466462
sigma_g1450,train,371,0.043938785030455195
sigma_g1450,train,372,0.04512957092164039
sigma_g1450,train,373,0.013248717882582844
sigma_g1450,train,374,0.02845861411466603
sigma_g1450,train,375,0.10978910582062791
sigma_g1450,train,376,0.02913980305742841
sigma_g1450,train,377,0.1503300168672306
sigma_g1450,train,378,0.09941900711337502
sigma_g1450,train,379,0.0344050218115351
sigma_g1450,train,380,0.056349585413813276
sigma_g1450,train,381,0.01692061439029808
sigma_g1450,train,382,0.02924243954180795
sigma_g1450,train,383,0.131164906313903
sigma_g1450,train,384,0.02926331809236449
sigma_g1450,train,385,0.030906647660459755
sigma_g1450,train,386,0.024042742786397175
sigma_g1450,train,387,0.05248214375680833
sigma_g1450,train,388,0.04453502224889656
sigma_g1450,train,390,0.04274624977650997
sigma_g1450,train,391,0.012170087778615031
sigma_g1450,train,392,0.03926647919174771
sigma_g1450,train,393,0.051955763628765445
sigma_g1450,train,395,0.04568323754669276
sigma_g1450,train,396,0.05533179355850855
sigma_g1450,train,398,0.040050524253811975
sigma_g1450,train,399,0.021298535659774437
sigma_g1450,train,401,0.039691477529667674
sigma_g1450,train,402,0.062175891963684136
sigma_g1450,train,403,0.0249423683262525
sigma_g1450,train,404,0.039761285959069734
sigma_g1450,train,405,0.16996912569317416
sigma_g1450,train,407,0.025559421392839215
sigma_g1450,train,408,0.09127170936449958
sigma_g1450,train,410,0.05383448938624208
sigma_g1450,train,411,0.03514611492828459
sigma_g1450,train,412,0.03218840435432962
sigma_g1450,train,414,0.03543886316563715
sigma_g1450,train,416,0.11667604347935615
sigma_g1450,train,417,0.044075171720623425
sigma_g1450,train,418,0.0531834009960029
sigma_g1450,train,419,0.06751344160363809
sigma_g1450,train,420,0.04465378443825002
sigma_g1450,train,423,0.043754433706910664
sigma_g1450,train,424,0.015448446332133693
sigma_g1450,train,426,0.028982596531973794
sigma_g1450,train,427,0.037361160835688655
sigma_g1450,train,428,0.05901774664934847
sigma_g1450,train,429,0.015054637268325524
sigma_g1450,train,431,0.04364518817162121
sigma_g1450,train,432,0.17714793623560204
sigma_g1450,train,433,0.1165508075823204
sigma_g1450,train,436,0.029884041757117747
sigma_g1450,train,437,0.02546192611184344
sigma_g1450,train,438,0.13080764460503722
sigma_g1450,train,440,0.05528634216731648
sigma_g1450,train,441,0.01471247081673187
sigma_g1450,train,442,0.11696846244416186
sigma_g1450,train,443,0.04639708907860544
sigma_g1450,train,444,0.06932523272649596
sigma_g1450,train,445,0.043599019402322824
sigma_g1450,train,446,0.10706272211487122
sigma_g1450,train,447,0.19063672995395975
sigma_g1450,train,448,0.04208172348756342
sigma_g1450,train,449,0.04916902991069152
sigma_g1450,train,450,0.04042155498635848
sigma_g1450,train,452,0.026591185830693635
sigma_g1450,train,453,0.021725070840138395
sigma_g1450,train,455,0.03436063594502399
sigma_g1450,train,457,0.040635917924024656
sigma_g1450,train,459,0.1976796451089942
sigma_g1450,train,460,0.032867676286809686
sigma_g1450,train,461,0.05177800293888416
sigma_g1450,train,463,0.056223952052027855
sigma_g1450,train,464,0.16502933534728273
sigma_g1450,train,465,0.028807832881839905
sigma_g1450,train,466,0.06244402556017881
sigma_g1450,train,467,0.03329157652232629
sigma_g1450,train,468,0.09274434309553702
sigma_g1450,train,472,0.04782357152457225
sigma_g1450,train,473,0.07009507689258543
sigma_g1450,train,474,0.045880050629751666
sigma_g1450,train,475,0.05066563955412482
sigma_g1450,train,476,0.016038186484263424
sigma_g1450,train,478,0.031325384187618946
sigma_g1450,train,479,0.014237973623681866
sigma_g1450,train,480,0.04763756693359365
sigma_g1450,train,482,0.03609412923635675
sigma_g1450,train,483,0.06050755455947386
sigma_g1450,train,484,0.07144854323452303
sigma_g1450,train,485,0.046795090736687625
sigma_g1450,train,486,0.04193233817889171
sigma_g1450,train,487,0.036161234801756634
sigma_g1450,train,488,0.0554653101045877
sigma_g1450,train,489,0.022024932527595697
sigma_g1450,train,490,0.05890842213307123
sigma_g1450,train,493,0.06687145075237459
sigma_g1450,train,495,0.10740721442361177
sigma_g1450,train,496,0.09925699316403469
sigma_g1450,train,499,0.04412172059237383
sigma_g1450,train,500,0.049787171428803796
sigma_g1450,train,503,0.12443381108383626
sigma_g1450,train,504,0.03326954264127678
sigma_g1450,train,505,0.04687494964888566
sigma_g1450,train,507,0.13389486684831642
sigma_g1450,train,508,0.030568362893486745
sigma_g1450,train,512,0.04795467996322289
sigma_g1450,train,514,0.13917478717321205
sigma_g1450,train,515,0.029523667173746056
sigma_g1450,train,516,0.07331845146654432
sigma_g1450,train,518,0.02167733033018562
sigma_g1450,train,519,0.0657867167344535
sigma_g1450,train,521,0.06567666158872483
sigma_g1450,train,522,0.03169944499420497
sigma_g1450,train,523,0.041696080334912324
sigma_g1450,train,524,0.05738188380591735
sigma_g1450,train,525,0.04120654589064227
sigma_g1450,train,526,0.06366831946751764
sigma_g1450,train,527,0.0280101986331749
sigma_g1450,train,528,0.024594733946959345
sigma_g1450,train,529,0.05874880817743118
sigma_g1450,train,531,0.036238064756008506
sigma_g1450,train,534,0.10135747178825406
sigma_g1450,train,537,0.06651796769882028
sigma_g1450,train,540,0.036871959908044635
sigma_g1450,train,541,0.03827514734027566
sigma_g1450,train,542,0.04928928260945181
sigma_g1450,train,543,0.12881322144043392
sigma_g1450,train,544,0.04410591485636635
sigma_g1450,train,546,0.04498573930167724
sigma_g1450,train,548,0.14613884793654042
sigma_g1450,train,549,0.1089710684823489
sigma_g1450,train,550,0.02310272039031049
sigma_g1450,train,551,0.06612946435379166
sigma_g1450,train,556,0.03689817987883523
sigma_g1450,train,557,0.04287251804509862
sigma_g1450,train,558,0.035487174607229804
sigma_g1450,train,559,0.029604542422485905
sigma_g1450,train,560,0.04832908690903686
sigma_g1450,train,561,0.1147738113316231
sigma_g1450,train,562,0.10359665507748252
sigma_g1450,train,563,0.09176444922417991
sigma_g1450,train,564,0.07080289713112536
sigma_g1450,train,565,0.04316779960808203
sigma_g1450,train,566,0.18188857857150795
sigma_g1450,train,567,0.027935079602233563
sigma_g1450,train,568,0.03371162366267764
sigma_g1450,train,569,0.06166014747814361
sigma_g1450,train,570,0.020310153249654354
sigma_g1450,train,573,0.0908774314119123
sigma_g1450,train,575,0.04568799112195259
sigma_g1450,train,578,0.03423499366300338
sigma_g1450,train,579,0.17219165589367297
sigma_g1450,train,582,0.044985330044948084
sigma_g1450,train,584,0.19355433679771072
sigma_g1450,train,585,0.03528639166182301
sigma_g1450,train,587,0.030275799805772774
sigma_g1450,train,588,0.06657278611978901
sigma_g1450,train,589,0.02252337874032973
sigma_g1450,train,590,0.06470019784919986
sigma_g1450,train,592,0.030999459121724384
sigma_g1450,train,593,0.06609422327391276
sigma_g1450,train,594,0.095215663399697
sigma_g1450,train,595,0.07201306550990993
sigma_g1450,train,596,0.02700203687756933
sigma_g1450,train,597,0.10594781499880217
sigma_g1450,train,598,0.03476537624489266
sigma_g1450,train,600,0.06261422533396269
sigma_g1450,train,601,0.01570156297601097
sigma_g1450,train,603,0.06961152574497
sigma_g1450,train,604,0.16546106494813817
sigma_g1450,train,606,0.08061612790909523
sigma_g1450,train,607,0.0306181231235371
sigma_g1450,train,608,0.09482963793718638
sigma_g1450,train,609,0.0818857840201062
sigma_g1450,train,610,0.06404426466784073
sigma_g1450,train,612,0.03651612106400395
sigma_g1450,train,614,0.038438372692096864
sigma_g1450,train,616,0.034078141623705614
sigma_g1450,train,617,0.05828495968298663
sigma_g1450,train,618,0.04403026146026647
sigma_g1450,train,619,0.02865056013528801
sigma_g1450,train,620,0.07598597727561293
sigma_g1450,train,621,0.09289431436430506
sigma_g1450,train,622,0.0552057842120957
sigma_g1450,train,623,0.024754623370331876
sigma_g1450,train,624,0.04905875563518237
sigma_g1450,train,625,0.04417238158343314
sigma_g1450,train,626,0.14509580359515936
sigma_g1450,train,627,0.06019438582823864
sigma_g1450,train,628,0.030200671610897196
sigma_g1450,train,629,0.04016856169735023
sigma_g1450,train,630,0.06455585192343574
sigma_g1450,train,631,0.1512031221652913
sigma_g1450,train,632,0.0736687732789257
sigma_g1450,train,633,0.04336384475338922
sigma_g1450,train,636,0.035623997081729114
sigma_g1450,train,637,0.02309528581050516
sigma_g1450,train,639,0.17963542931048512
sigma_g1450,train,641,0.06562835995164347
sigma_g1450,train,642,0.09633185764062419
sigma_g1450,train,643,0.03109704399181783
sigma_g1450,train,644,0.10731944429463301
sigma_g1450,train,645,0.09151079010010973
sigma_g1450,train,647,0.024197598959465383
sigma_g1450,train,648,0.06126270512376586
sigma_g1450,train,649,0.04638428078321215
sigma_g1450,train,650,0.04194438437802755
sigma_g1450,train,651,0.022711444852874275
sigma_g1450,train,652,0.04356086794047953
sigma_g1450,train,654,0.030142889886676422
sigma_g1450,train,655,0.05635730645762785
sigma_g1450,train,656,0.11390324270183452
sigma_g1450,train,657,0.09093370623270301
sigma_g1450,train,658,0.025350793421230887
sigma_g1450,train,659,0.01657716894497665
sigma_g1450,train,661,0.07122190749591494
sigma_g1450,train,662,0.04329228706642834
sigma_g1450,train,664,0.04800629083790863
sigma_g1450,train,665,0.04153515292750094
sigma_g1450,train,667,0.04062594018676449
sigma_g1450,train,669,0.055160984484733715
sigma_g1450,train,670,0.029450377236766967
sigma_g1450,train,672,0.04926576612689129
sigma_g1450,train,673,0.05668347524507368
sigma_g1450,train,675,0.030413009153247766
sigma_g1450,train,677,0.03602591532321162
sigma_g1450,train,678,0.03244585746065846
sigma_g1450,train,679,0.04442751938754806
sigma_g1450,train,680,0.05392081479706155
sigma_g1450,train,682,0.050900844855534956
sigma_g1450,train,683,0.05330490163285469
sigma_g1450,train,684,0.05204118529007449
sigma_g1450,train,685,0.05383368890954966
sigma_g1450,train,686,0.0415080977797883
sigma_g1450,train,690,0.0436457837255731
sigma_g1450,train,691,0.06933842930772627
sigma_g1450,train,694,0.03251653661525628
sigma_g1450,train,695,0.1854765163958679
sigma_g1450,train,698,0.05039651248536169
sigma_g1450,train,701,0.05957218245277166
sigma_g1450,train,702,0.016486674640538743
sigma_g1450,train,703,0.11871252436547383
sigma_g1450,train,705,0.041190987714029965
sigma_g1450,train,706,0.0728373323193707
sigma_g1450,train,707,0.037525311565889785
sigma_g1450,train,708,0.0402521568754086
sigma_g1450,train,709,0.016219308476562697
sigma_g1450,train,710,0.015270002416775633
sigma_g1450,train,711,0.10527785044267404
sigma_g1450,train,712,0.11204127960170762
sigma_g1450,train,713,0.08839312780307791
sigma_g1450,train,715,0.042805274712410184
sigma_g1450,train,717,0.039295928067872646
sigma_g1450,train,718,0.027553574183090585
sigma_g1450,train,721,0.14808858464363195
sigma_g1450,train,722,0.024368845514975614
sigma_g1450,train,723,0.05326685503627542
sigma_g1450,train,724,0.0976210676469921
sigma_g1450,train,725,0.03486146312910376
sigma_g1450,train,726,0.034816947865283554
sigma_g1450,train,728,0.024991477190824972
sigma_g1450,train,730,0.03644468924379257
sigma_g1450,train,731,0.026552742156915166
sigma_g1450,train,736,0.02707713544211422
sigma_g1450,train,742,0.12671308873192078
sigma_g1450,train,744,0.04641272364709302
sigma_g1450,train,746,0.03858639466467827
sigma_g1450,train,747,0.05148667963338757
sigma_g1450,train,748,0.0377596556138461
sigma_g1450,train,749,0.07198149374564576
sigma_g1450,train,750,0.06420185003748148
sigma_g1450,train,751,0.11382305841253168
sigma_g1450,train,753,0.14267863781681753
sigma_g1450,train,754,0.048384840210338405
sigma_g1450,train,755,0.031740278597058115
sigma_g1450,train,756,0.16326432583065748
sigma_g1450,train,757,0.12206250806191246
sigma_g1450,train,758,0.13641815536226692
sigma_g1450,train,759,0.08806299682750834
sigma_g1450,train,760,0.03014108727472166
sigma_g1450,train,761,0.058096786475045535
sigma_g1450,train,762,0.17379274231607972
sigma_g1450,train,763,0.016175644432970093
sigma_g1450,train,764,0.12340803173657373
sigma_g1450,train,765,0.032778827130491274
sigma_g1450,train,769,0.10167779691972526
sigma_g1450,train,770,0.01960324961741539
sigma_g1450,train,771,0.06511118901196548
sigma_g1450,train,774,0.1478532959083126
sigma_g1450,train,776,0.043511445493502
sigma_g1450,train,778,0.06782322605977464
sigma_g1450,train,779,0.02292811657979025
sigma_g1450,train,780,0.017778217528385938
sigma_g1450,train,781,0.024742993257099173
sigma_g1450,train,783,0.05750037900452669
sigma_g1450,train,784,0.02685645653682327
sigma_g1450,train,785,0.03906571359397926
sigma_g1450,train,786,0.08080489610669633
sigma_g1450,train,787,0.0417077932742076
sigma_g1450,train,790,0.11246560609201942
sigma_g1450,train,792,0.1121452030609602
sigma_g1450,train,793,0.14649962287043075
sigma_g1450,train,794,0.034240418260900685
sigma_g1450,train,795,0.019937697206868908
sigma_g1450,train,796,0.08058565234676371
sigma_g1450,train,797,0.1465361130084003
sigma_g1450,train,800,0.030469799604711207
sigma_g1450,train,804,0.0759386261017125
sigma_g1450,train,805,0.04655666492139626
sigma_g1450,train,807,0.057280268548066775
sigma_g1450,train,808,0.018509538752351107
sigma_g1450,train,810,0.01774109402915136
sigma_g1450,train,811,0.06411553812511878
sigma_g1450,train,812,0.03604087939787021
sigma_g1450,train,814,0.03586416492384711
sigma_g1450,train,816,0.0540590387989433
sigma_g1450,train,817,0.12369425851230738
sigma_g1450,train,818,0.04228592997452143
sigma_g1450,train,819,0.07572551604071201
sigma_g1450,train,820,0.041703620095273015
sigma_g1450,train,822,0.05882085266596589
sigma_g1450,train,824,0.09066708205194894
sigma_g1450,train,825,0.027593928678615938
sigma_g1450,train,826,0.06105738385461819
sigma_g1450,train,827,0.06210023444403744
sigma_g1450,train,828,0.0317127387756607
sigma_g1450,train,832,0.02635164445002116
sigma_g1450,train,833,0.06929937641800155
sigma_g1450,train,838,0.02709895516176312
sigma_g1450,train,839,0.09081405523240174
sigma_g1450,train,841,0.0455659151447213
sigma_g1450,train,842,0.03860677469404764
sigma_g1450,train,843,0.02317539867288157
sigma_g1450,train,846,0.181516979186934
sigma_g1450,train,847,0.04194522862543418
sigma_g1450,train,848,0.02444618409575225
sigma_g1450,train,849,0.07077284303367534
sigma_g1450,train,850,0.03342685846020177
sigma_g1450,train,853,0.04453334897376839
sigma_g1450,train,854,0.08985916248796695
sigma_g1450,train,855,0.04794803775878469
sigma_g1450,train,856,0.04716517955879002
sigma_g1450,train,858,0.039071969294919205
sigma_g1450,train,859,0.12051944946284722
sigma_g1450,train,860,0.040157474185953015
sigma_g1450,train,861,0.053539497875221595
sigma_g1450,train,862,0.03521691605520699
sigma_g1450,train,864,0.09163854290050003
sigma_g1450,train,865,0.0549876277053024
sigma_g1450,train,867,0.032735832215569596
sigma_g1450,train,868,0.03239657636966799
sigma_g1450,train,869,0.10891652568383972
sigma_g1450,train,870,0.05283331333940404
sigma_g1450,train,871,0.037496336011924765
sigma_g1450,train,872,0.043306675946254404
sigma_g1450,train,875,0.07424469500781679
sigma_g1450,train,876,0.029422220317961767
sigma_g1450,train,878,0.03950560595794458
sigma_g1450,train,880,0.031398455140619744
sigma_g1450,train,881,0.07287929513778732
sigma_g1450,train,883,0.029457144145476042
sigma_g1450,train,886,0.09630551739938381
sigma_g1450,train,888,0.050262565456692256
sigma_g1450,train,890,0.032416648358270225
sigma_g1450,train,891,0.018231845882179364
sigma_g1450,train,892,0.039018915923254
sigma_g1450,train,897,0.03921643197518054
sigma_g1450,train,898,0.033053624486788856
sigma_g1450,train,899,0.03513490042457444
sigma_g1450,train,900,0.046289184490550264
sigma_g1450,train,901,0.04343900701376563
sigma_g1450,train,902,0.0795893489156599
sigma_g1450,train,903,0.05243561945261573
sigma_g1450,train,904,0.04206297586683123
sigma_g1450,train,907,0.020693558347643345
sigma_g1450,train,909,0.05345880612286475
sigma_g1450,train,910,0.04865046223969836
sigma_g1450,train,912,0.10799968749649601
sigma_g1450,train,915,0.023099880235593857
sigma_g1450,train,917,0.03033721239107008
sigma_g1450,train,918,0.013241755217419817
sigma_g1450,train,919,0.13377895487070238
sigma_g1450,train,920,0.03405516079601893
sigma_g1450,train,921,0.02842561761976625
sigma_g1450,train,923,0.01927179873025462
sigma_g1450,train,924,0.03626264853543306
sigma_g1450,train,925,0.01492752436013337
sigma_g1450,train,926,0.03655630550889713
sigma_g1450,train,928,0.05549643472614086
sigma_g1450,train,929,0.03761241949352345
sigma_g1450,train,930,0.01373502666555441
sigma_g1450,train,932,0.040467464548392715
sigma_g1450,train,933,0.023265111531747703
sigma_g1450,train,935,0.0755278538713809
sigma_g1450,train,937,0.04068807398724065
sigma_g1450,train,939,0.05029154383137648
sigma_g1450,train,941,0.042509997524623894
sigma_g1450,train,942,0.035120909277828724
sigma_g1450,train,943,0.0411400350652453
sigma_g1450,train,944,0.050642869901702935
sigma_g1450,train,945,0.017568497648293036
sigma_g1450,train,946,0.02912512362820609
sigma_g1450,train,947,0.11779126957553929
sigma_g1450,train,948,0.019122970170182715
sigma_g1450,train,949,0.08430710754205852
sigma_g1450,train,950,0.05555296682194009
sigma_g1450,train,951,0.06722396945206892
sigma_g1450,train,952,0.027161914255835518
sigma_g1450,train,954,0.059842777985300445
sigma_g1450,train,955,0.04735008160709223
sigma_g1450,train,956,0.041872238347383794
sigma_g1450,train,958,0.05748612635676969
sigma_g1450,train,960,0.08365404041731365
sigma_g1450,train,961,0.036723843293999976
sigma_g1450,train,963,0.0445122912560033
sigma_g1450,train,964,0.037942054954642916
sigma_g1450,train,965,0.03812004844015412
sigma_g1450,train,966,0.07334324863447385
sigma_g1450,train,967,0.0324253441833696
sigma_g1450,train,968,0.03558121491813004
sigma_g1450,train,970,0.022862199026252018
sigma_g1450,train,972,0.03978926956588047
sigma_g1450,train,973,0.058172243784994124
sigma_g1450,train,974,0.04066194457402799
sigma_g1450,train,975,0.05663393085942442
sigma_g1450,train,976,0.04110454339949354
sigma_g1450,train,977,0.012872713385963871
sigma_g1450,train,978,0.08466057300756424
sigma_g1450,train,980,0.06840682320816131
sigma_g1450,train,981,0.036516859745723156
sigma_g1450,train,982,0.09033408277639311
sigma_g1450,train,986,0.018555490166138538
sigma_g1450,train,989,0.044700311601686485
sigma_g1450,train,992,0.05764779190777015
sigma_g1450,train,994,0.05286675391486415
sigma_g1450,train,995,0.02627603460366641
sigma_g1450,train,996,0.06736462032563816
sigma_g1450,train,997,0.10702691995732318
sigma_g1450,train,998,0.13203811022451126
sigma_g1450,train,999,0.17185245246353825
sigma_g1450,train,1000,0.04224543182687397
sigma_g1450,validation,8,0.015212057762140878
sigma_g1450,validation,9,0.10243839283150613
sigma_g1450,validation,16,0.02239637492505588
sigma_g1450,validation,21,0.028862160938334207
sigma_g1450,validation,23,0.04357386307442244
sigma_g1450,validation,49,0.035767861966517184
sigma_g1450,validation,50,0.07081443900579677
sigma_g1450,validation,61,0.06938047792707674
sigma_g1450,validation,63,0.041866377135924435
sigma_g1450,validation,68,0.06448866748050162
sigma_g1450,validation,69,0.02926699033000403
sigma_g1450,validation,76,0.04751225358100308
sigma_g1450,validation,78,0.04686815174008269
sigma_g1450,validation,82,0.04808761285554517
sigma_g1450,validation,87,0.0887302748656209
sigma_g1450,validation,90,0.0340399956724105
sigma_g1450,validation,104,0.037875421725400635
sigma_g1450,validation,116,0.04077484025009263
sigma_g1450,validation,117,0.043346828996772814
sigma_g1450,validation,129,0.045302024191082514
sigma_g1450,validation,132,0.04702833195829925
sigma_g1450,validation,139,0.03454939116826566
sigma_g1450,validation,146,0.026273303572661114
sigma_g1450,validation,162,0.07691583196396791
sigma_g1450,validation,171,0.0759234164429912
sigma_g1450,validation,179,0.0728106716719005
sigma_g1450,validation,185,0.13397108980522113
sigma_g1450,validation,207,0.041623514042073574
sigma_g1450,validation,218,0.03980496047584474
sigma_g1450,validation,227,0.039052263030550344
sigma_g1450,validation,228,0.05171271564419374
sigma_g1450,validation,238,0.05054855415339733
sigma_g1450,validation,245,0.13949628809142076
sigma_g1450,validation,248,0.06527318709381796
sigma_g1450,validation,258,0.03836607081480967
sigma_g1450,validation,260,0.028612713540622208
sigma_g1450,validation,262,0.04703305866524567
sigma_g1450,validation,268,0.07974404763938413
sigma_g1450,validation,271,0.11231309534070175
sigma_g1450,validation,273,0.020968017960662243
sigma_g1450,validation,278,0.020132184452396975
sigma_g1450,validation,291,0.0935534654304842
sigma_g1450,validation,321,0.037555135711559245
sigma_g1450,validation,325,0.02737598841178858
sigma_g1450,validation,332,0.04166831074202799
sigma_g1450,validation,340,0.06338859860795962
sigma_g1450,validation,342,0.025172328579678306
sigma_g1450,validation,353,0.08422340895662803
sigma_g1450,validation,354,0.030967800963617245
sigma_g1450,validation,367,0.11312821558085996
sigma_g1450,validation,368,0.0540927602978803
sigma_g1450,validation,389,0.030672674800505735
sigma_g1450,validation,397,0.0520068074346826
sigma_g1450,validation,400,0.08492411565377068
sigma_g1450,validation,406,0.04634385046970683
sigma_g1450,validation,415,0.027067012806477782
sigma_g1450,validation,421,0.040895190652803115
sigma_g1450,validation,422,0.06938413733096645
sigma_g1450,validation,425,0.043045225057044195
sigma_g1450,validation,430,0.03311155498112264
sigma_g1450,validation,439,0.041850254555344885
sigma_g1450,validation,451,0.07996175377681378
sigma_g1450,validation,458,0.11849987073084808
sigma_g1450,validation,469,0.09199114813840999
sigma_g1450,validation,470,0.03396287990183081
sigma_g1450,validation,471,0.06453222137390535
sigma_g1450,validation,481,0.025492725970675454
sigma_g1450,validation,491,0.040144362185929046
sigma_g1450,validation,501,0.07191204866766322
sigma_g1450,validation,502,0.042740650555968755
sigma_g1450,validation,506,0.05708100362238425
sigma_g1450,validation,509,0.022319221952679626
sigma_g1450,validation,510,0.06573615669664272
sigma_g1450,validation,517,0.07669768740253156
sigma_g1450,validation,532,0.03381962279083551
sigma_g1450,validation,533,0.033362824687820265
sigma_g1450,validation,536,0.02401520996855904
sigma_g1450,validation,538,0.0835743146451423
sigma_g1450,validation,545,0.08654118549363236
sigma_g1450,validation,547,0.022689485820788887
sigma_g1450,validation,552,0.015954575917119053
sigma_g1450,validation,554,0.03847400637709027
sigma_g1450,validation,555,0.04328011585019702
sigma_g1450,validation,576,0.012357108894210454
sigma_g1450,validation,580,0.05400532244737864
sigma_g1450,validation,583,0.04377296119316517
sigma_g1450,validation,599,0.04189427511211791
sigma_g1450,validation,611,0.0847528831476887
sigma_g1450,validation,613,0.024916811065727983
sigma_g1450,validation,615,0.07759616015708837
sigma_g1450,validation,635,0.03457773048179483
sigma_g1450,validation,640,0.03410816651322997
sigma_g1450,validation,653,0.04598433325913618
sigma_g1450,validation,666,0.0914862564177083
sigma_g1450,validation,674,0.05177415025222708
sigma_g1450,validation,676,0.04958326496844334
sigma_g1450,validation,681,0.034454342612770424
sigma_g1450,validation,687,0.10680459623086586
sigma_g1450,validation,688,0.059060278624711936
sigma_g1450,validation,689,0.08474493417964206
sigma_g1450,validation,693,0.03695262570201373
sigma_g1450,validation,697,0.06952547175188258
sigma_g1450,validation,699,0.10087276044954407
sigma_g1450,validation,716,0.030555078209865392
sigma_g1450,validation,719,0.05729201945284612
sigma_g1450,validation,720,0.04175443389265923
sigma_g1450,validation,727,0.12123338481616582
sigma_g1450,validation,729,0.02195072324767388
sigma_g1450,validation,733,0.030008707321555576
sigma_g1450,validation,752,0.039916729123311595
sigma_g1450,validation,773,0.013913201844732872
sigma_g1450,validation,777,0.05487203813321899
sigma_g1450,validation,788,0.069377629137775
sigma_g1450,validation,791,0.07967990318123387
sigma_g1450,validation,803,0.016238703893724858
sigma_g1450,validation,806,0.052870060129438304
sigma_g1450,validation,809,0.04286218327567479
sigma_g1450,validation,813,0.025659371844410972
sigma_g1450,validation,815,0.04571714337527258
sigma_g1450,validation,821,0.03367331685268286
sigma_g1450,validation,823,0.04104884212591244
sigma_g1450,validation,831,0.05746766263402994
sigma_g1450,validation,834,0.05339462397478883
sigma_g1450,validation,835,0.056739829478145945
sigma_g1450,validation,840,0.03400997417960585
sigma_g1450,validation,851,0.13969823181986338
sigma_g1450,validation,852,0.06797348573903574
sigma_g1450,validation,863,0.08889506851472656
sigma_g1450,validation,866,0.021429528175523422
sigma_g1450,validation,874,0.01968910030211856
sigma_g1450,validation,882,0.038086943807445
sigma_g1450,validation,884,0.06956823678643433
sigma_g1450,validation,889,0.0334713971995581
sigma_g1450,validation,895,0.14698326900722994
sigma_g1450,validation,906,0.053307255038847735
sigma_g1450,validation,908,0.05120960065066127
sigma_g1450,validation,911,0.06286559821115355
sigma_g1450,validation,914,0.020601218553561104
sigma_g1450,validation,916,0.04622044481505656
sigma_g1450,validation,931,0.03667020646526035
sigma_g1450,validation,934,0.05292991801695566
sigma_g1450,validation,936,0.0409069172972313
sigma_g1450,validation,938,0.018235336313958322
sigma_g1450,validation,953,0.15602209104049478
sigma_g1450,validation,969,0.03614406096713165
sigma_g1450,validation,971,0.07106026858102793
sigma_g1450,validation,987,0.06412713095048299
sigma_g1450,validation,990,0.04020420517749645
sigma_g1450,validation,991,0.044383185607373754
sigma_g1450,validation,993,0.02192690214275334
sigma_g1750,train,1,0.12553228701236097
sigma_g1750,train,2,0.05977741634078235
sigma_g1750,train,3,0.07936586180268042
sigma_g1750,train,5,0.05483638438551956
sigma_g1750,train,10,0.04002203176464947
sigma_g1750,train,11,0.04127212148941128
sigma_g1750,train,12,0.04056783163291042
sigma_g1750,train,13,0.05038588325196001
sigma_g1750,train,14,0.034538364035907314
sigma_g1750,train,15,0.0260200797826216
sigma_g1750,train,17,0.035466357223087705
sigma_g1750,train,18,0.017319080805444628
sigma_g1750,train,19,0.030091717388184225
sigma_g1750,train,20,0.037737145812537586
sigma_g1750,train,22,0.02771846650558959
sigma_g1750,train,24,0.12744857670881277
sigma_g1750,train,26,0.024822825398165445
sigma_g1750,train,27,0.033393431737661156
sigma_g1750,train,29,0.024988135675846228
sigma_g1750,train,30,0.10871260601375692
sigma_g1750,train,31,0.019814740271772154
sigma_g1750,train,32,0.060259454811751004
sigma_g1750,train,35,0.021997196547832797
sigma_g1750,train,36,0.05272527284114817
sigma_g1750,train,37,0.04889543118307937
sigma_g1750,train,38,0.02976976853072744
sigma_g1750,train,39,0.0115518436065605
sigma_g1750,train,40,0.0700973826074728
sigma_g1750,train,41,0.021723848807412995
sigma_g1750,train,42,0.0561701018947413
sigma_g1750,train,43,0.08231809124227243
sigma_g1750,train,44,0.025061471666451878
sigma_g1750,train,46,0.11066869542081283
sigma_g1750,train,47,0.0563286180279626
sigma_g1750,train,48,0.014130993845203856
sigma_g1750,train,51,0.06407048555455874
sigma_g1750,train,52,0.05832684556230658
sigma_g1750,train,53,0.024503706443585453
sigma_g1750,train,54,0.16761698142956177
sigma_g1750,train,55,0.05442956625345747
sigma_g1750,train,56,0.0664864420868453
sigma_g1750,train,57,0.05061495557496645
sigma_g1750,train,58,0.0754432539664054
sigma_g1750,train,59,0.045696054209458145
sigma_g1750,train,60,0.04027598040435329
sigma_g1750,train,62,0.02676515418482519
sigma_g1750,train,64,0.04339669624122546
sigma_g1750,train,65,0.08864454926832177
sigma_g1750,train,66,0.022900498347865766
sigma_g1750,train,70,0.02151303386840691
sigma_g1750,train,73,0.01615454505134863
sigma_g1750,train,74,0.11243598400501766
sigma_g1750,train,75,0.039084711466799184
sigma_g1750,train,77,0.03942899986711822
sigma_g1750,train,79,0.03521380797666098
sigma_g1750,train,80,0.14997081652857253
sigma_g1750,train,81,0.06719222130179854
sigma_g1750,train,84,0.026955239936508613
sigma_g1750,train,85,0.04658068072962359
sigma_g1750,train,86,0.13192561976826916
sigma_g1750,train,88,0.030597778597297284
sigma_g1750,train,89,0.1325125523932564
sigma_g1750,train,91,0.10747865399782278
sigma_g1750,train,92,0.03675700147400789
sigma_g1750,train,93,0.048728229604589876
sigma_g1750,train,95,0.08465687848033247
sigma_g1750,train,96,0.06089307582776036
sigma_g1750,train,97,0.06596180171661155
sigma_g1750,train,98,0.06259551370057104
sigma_g1750,train,100,0.03333276356470188
sigma_g1750,train,101,0.022157448024758098
sigma_g1750,train,102,0.018509755933402892
sigma_g1750,train,103,0.01765506533732982
sigma_g1750,train,105,0.03105448184238395
sigma_g1750,train,107,0.03479358985626367
sigma_g1750,train,108,0.02762779096639158
sigma_g1750,train,109,0.012807323182978525
sigma_g1750,train,110,0.06744340790956393
sigma_g1750,train,111,0.020944293742382353
sigma_g1750,train,112,0.029217353856607304
sigma_g1750,train,114,0.029277234406102165
sigma_g1750,train,115,0.10415551762799805
sigma_g1750,train,118,0.09237612067041975
sigma_g1750,train,120,0.04630053819144089
sigma_g1750,train,121,0.13656156109568549
sigma_g1750,train,122,0.014235920238158565
sigma_g1750,train,123,0.028051597859619127
sigma_g1750,train,124,0.019792248797024712
sigma_g1750,train,125,0.02540556053379868
sigma_g1750,train,126,0.029382645086497818
sigma_g1750,train,127,0.06045640121091102
sigma_g1750,train,128,0.08992340039460259
sigma_g1750,train,130,0.09893721786221056
sigma_g1750,train,131,0.09334404336215406
sigma_g1750,train,133,0.04820100028712925
sigma_g1750,train,134,0.14090776323832965
sigma_g1750,train,135,0.04452529865990407
sigma_g1750,train,138,0.03642837675967035
sigma_g1750,train,141,0.023909727747774365
sigma_g1750,train,142,0.05889992916080558
sigma_g1750,train,143,0.12846290369069427
sigma_g1750,train,144,0.015906384513365533
sigma_g1750,train,147,0.020829882538917103
sigma_g1750,train,148,0.016692381373216603
sigma_g1750,train,149,0.04279681698270278
sigma_g1750,train,151,0.04680701640408022
sigma_g1750,train,152,0.08527020766886276
sigma_g1750,train,155,0.11610069983221083
sigma_g1750,train,156,0.019831996955533115
sigma_g1750,train,157,0.14789990989666307
sigma_g1750,train,158,0.036079089476151995
sigma_g1750,train,159,0.032723114850992926
sigma_g1750,train,160,0.02845921801919679
sigma_g1750,train,161,0.06705960938389367
sigma_g1750,train,163,0.024241666695046783
sigma_g1750,train,164,0.018264367443735174
sigma_g1750,train,166,0.0579026200081202
sigma_g1750,train,167,0.030729037279035528
sigma_g1750,train,168,0.04254751612219568
sigma_g1750,train,170,0.03312103350798363
sigma_g1750,train,172,0.020328761737354296
sigma_g1750,train,173,0.02967716369515668
sigma_g1750,train,174,0.06370773126160445
sigma_g1750,train,176,0.06695482730315067
sigma_g1750,train,177,0.021836758643503
sigma_g1750,train,178,0.0478116787275448
sigma_g1750,train,180,0.03728278178039571
sigma_g1750,train,181,0.03210394410509322
sigma_g1750,train,182,0.03235469479092344
sigma_g1750,train,183,0.032889191425778785
sigma_g1750,train,184,0.04838818852021283
sigma_g1750,train,186,0.04802198484143038
sigma_g1750,train,187,0.02588106697051156
sigma_g1750,train,188,0.02637920939181481
sigma_g1750,train,189,0.01853026424081297
sigma_g1750,train,190,0.02121744378890928
sigma_g1750,train,192,0.03279149968728363
sigma_g1750,train,193,0.032834915421337395
sigma_g1750,train,194,0.021282283192513515
sigma_g1750,train,195,0.02245814415793705
sigma_g1750,train,196,0.031590411936212266
sigma_g1750,train,197,0.014314975816395304
sigma_g1750,train,198,0.14722565897918338
sigma_g1750,train,199,0.022727050175263403
sigma_g1750,train,200,0.02351312004140087
sigma_g1750,train,201,0.1264904210598615
sigma_g1750,train,203,0.12888080869169552
sigma_g1750,train,205,0.06780338263092729
sigma_g1750,train,206,0.057873175839802914
sigma_g1750,train,208,0.09266995907580514
sigma_g1750,train,209,0.0707891560714329
sigma_g1750,train,210,0.08348854737963679
sigma_g1750,train,211,0.04632508112961441
sigma_g1750,train,212,0.024774314629232474
sigma_g1750,train,213,0.05379374295772612
sigma_g1750,train,214,0.058508880080484105
sigma_g1750,train,216,0.06295133143183766
sigma_g1750,train,219,0.01634444821160763
sigma_g1750,train,221,0.06006735905048585
sigma_g1750,train,222,0.0287537933435096
sigma_g1750,train,223,0.11981699782177094
sigma_g1750,train,224,0.030025675860731425
sigma_g1750,train,225,0.1042866614350828
sigma_g1750,train,226,0.03507978145920363
sigma_g1750,train,231,0.01888541900148217
sigma_g1750,train,233,0.14522163381310008
sigma_g1750,train,235,0.02021721724332863
sigma_g1750,train,236,0.06371793862494311
sigma_g1750,train,237,0.0447488084429301
sigma_g1750,train,239,0.025056058546690865
sigma_g1750,train,240,0.03132440022550901
sigma_g1750,train,241,0.024383195023752188
sigma_g1750,train,242,0.07381322404502426
sigma_g1750,train,243,0.027455657589126364
sigma_g1750,train,246,0.055743259377920025
sigma_g1750,train,247,0.06244114384889536
sigma_g1750,train,249,0.04914320273998485
sigma_g1750,train,250,0.18761591971428201
sigma_g1750,train,251,0.028180597984362524
sigma_g1750,train,252,0.04777872908862631
sigma_g1750,train,253,0.02933882876619812
sigma_g1750,train,254,0.051337135099597433
sigma_g1750,train,255,0.03333752524149712
sigma_g1750,train,256,0.05178425483647074
sigma_g1750,train,257,0.10679503264569348
sigma_g1750,train,259,0.021476305008097014
sigma_g1750,train,261,0.03517456601863186
sigma_g1750,train,264,0.092631301453238
sigma_g1750,train,265,0.08348244634091952
sigma_g1750,train,266,0.04134212413959547
sigma_g1750,train,270,0.05222249069058258
sigma_g1750,train,272,0.04505933747506196
sigma_g1750,train,274,0.03768880707900543
sigma_g1750,train,275,0.03277227884323753
sigma_g1750,train,276,0.03125631499142831
sigma_g1750,train,277,0.02320882968601326
sigma_g1750,train,279,0.03137658717116439
sigma_g1750,train,280,0.023418141595760823
sigma_g1750,train,281,0.024894263406473712
sigma_g1750,train,283,0.13451287162188041
sigma_g1750,train,285,0.015982649042814524
sigma_g1750,train,287,0.04388318782515365
sigma_g1750,train,288,0.014702233654876705
sigma_g1750,train,289,0.026815963154996344
sigma_g1750,train,290,0.06604508675384287
sigma_g1750,train,294,0.1263170449680497
sigma_g1750,train,295,0.03885223363147787
sigma_g1750,train,296,0.025826823131119968
sigma_g1750,train,297,0.0376911447945909
sigma_g1750,train,298,0.01535070684453512
sigma_g1750,train,300,0.04589376808216538
sigma_g1750,train,301,0.06092014760400538
sigma_g1750,train,305,0.12519198835380535
sigma_g1750,train,306,0.04561909822553243
sigma_g1750,train,307,0.015690866263063832
sigma_g1750,train,308,0.009491277043893326
sigma_g1750,train,309,0.06467757537252306
sigma_g1750,train,310,0.09050037021946064
sigma_g1750,train,311,0.028427161484080532
sigma_g1750,train,313,0.06603279210612915
sigma_g1750,train,315,0.036373887264460926
sigma_g1750,train,316,0.02785508130938832
sigma_g1750,train,317,0.05378248804182227
sigma_g1750,train,318,0.05510324950085109
sigma_g1750,train,319,0.09664189762881933
sigma_g1750,train,320,0.015548115331181224
sigma_g1750,train,322,0.04455833888368905
sigma_g1750,train,323,0.017423393897458752
sigma_g1750,train,324,0.15519521167840367
sigma_g1750,train,326,0.0177126808064549
sigma_g1750,train,327,0.08778222408629198
sigma_g1750,train,328,0.05346085551656579
sigma_g1750,train,329,0.049763833821853905
sigma_g1750,train,330,0.05609025745617569
sigma_g1750,train,331,0.03209392062271753
sigma_g1750,train,334,0.09798091779163356
sigma_g1750,train,335,0.02333164872657971
sigma_g1750,train,336,0.025912017775717045
sigma_g1750,train,337,0.15848051067101998
sigma_g1750,train,338,0.04010883284625643
sigma_g1750,train,341,0.06889411745632867
sigma_g1750,train,343,0.008741146965328472
sigma_g1750,train,344,0.014176531426118019
sigma_g1750,train,345,0.054584522862917685
sigma_g1750,train,347,0.015708360803237714
sigma_g1750,train,348,0.018019049821620427
sigma_g1750,train,349,0.03823482560503037
sigma_g1750,train,350,0.01571989500915938
sigma_g1750,train,352,0.03069771508614616
sigma_g1750,train,355,0.18419219975886836
sigma_g1750,train,358,0.0403932534721899
sigma_g1750,train,359,0.03659245509845128
sigma_g1750,train,360,0.01680656302671887
sigma_g1750,train,361,0.033468694522084216
sigma_g1750,train,362,0.023185240979320117
sigma_g1750,train,363,0.03901942731370055
sigma_g1750,train,366,0.018131079770832136
sigma_g1750,train,369,0.02780484804357332
sigma_g1750,train,370,0.025623822425352952
sigma_g1750,train,371,0.03414276105985311
sigma_g1750,train,372,0.04343907342995372
sigma_g1750,train,373,0.013395138558080789
sigma_g1750,train,374,0.029228614251497774
sigma_g1750,train,375,0.12710642123956567
sigma_g1750,train,376,0.02298382376387523
sigma_g1750,train,377,0.13785432130376504
sigma_g1750,train,378,0.11271745651790942
sigma_g1750,train,379,0.02897146249975258
sigma_g1750,train,380,0.04553061963152863
sigma_g1750,train,381,0.012124423156299977
sigma_g1750,train,382,0.027016030354785992
sigma_g1750,train,383,0.13636130623808437
sigma_g1750,train,384,0.026590543002722917
sigma_g1750,train,385,0.03088252318922602
sigma_g1750,train,386,0.017328682742478452
sigma_g1750,train,387,0.049542732063279395
sigma_g1750,train,388,0.04494315073937803
sigma_g1750,train,390,0.03798601749605167
sigma_g1750,train,391,0.01054471787431021
sigma_g1750,train,392,0.0351971574434597
sigma_g1750,train,393,0.05017014840269178
sigma_g1750,train,395,0.043727452287599854
sigma_g1750,train,396,0.05448675884629817
sigma_g1750,train,398,0.03995812393454923
sigma_g1750,train,399,0.015214079148311207
sigma_g1750,train,401,0.037728917016609256
sigma_g1750,train,402,0.062477710981972606
sigma_g1750,train,403,0.018117725049783377
sigma_g1750,train,404,0.035269484115024535
sigma_g1750,train,405,0.1663768158970397
sigma_g1750,train,407,0.020558110032608403
sigma_g1750,train,408,0.09081787421885579
sigma_g1750,train,410,0.05240794963783201
sigma_g1750,train,411,0.025961094922799265
sigma_g1750,train,412,0.02325528447857285
sigma_g1750,train,414,0.03227671194329098
sigma_g1750,train,416,0.10798499821150628
sigma_g1750,train,417,0.039765275540633575
sigma_g1750,train,418,0.05820697757200315
sigma_g1750,train,419,0.06819341236645872
sigma_g1750,train,420,0.04228635305379526
sigma_g1750,train,423,0.039548557490334216
sigma_g1750,train,424,0.01452398026147441
sigma_g1750,train,426,0.021025576061821163
sigma_g1750,train,427,0.03461534556099226
sigma_g1750,train,428,0.05858323877520421
sigma_g1750,train,429,0.012371153525706119
sigma_g1750,train,431,0.04202332103413408
sigma_g1750,train,432,0.16397187278479924
sigma_g1750,train,433,0.1298344208240689
sigma_g1750,train,436,0.02878458868021271
sigma_g1750,train,437,0.025018670197447367
sigma_g1750,train,438,0.14713597452525692
sigma_g1750,train,440,0.059815963284125064
sigma_g1750,train,441,0.011546321294506345
sigma_g1750,train,442,0.13436222495733222
sigma_g1750,train,443,0.05045339653435987
sigma_g1750,train,444,0.07967539377839228
sigma_g1750,train,445,0.043789055055063295
sigma_g1750,train,446,0.11919204276624504
sigma_g1750,train,447,0.17290750705230626
sigma_g1750,train,448,0.03628808890741451
sigma_g1750,train,449,0.049678497695128394
sigma_g1750,train,450,0.04039499310699066
sigma_g1750,train,452,0.027386186656120356
sigma_g1750,train,453,0.021222252295139316
sigma_g1750,train,455,0.03216649129977747
sigma_g1750,train,457,0.03444762940823072
sigma_g1750,train,459,0.22477713440662717
sigma_g1750,train,460,0.03231237962520603
sigma_g1750,train,461,0.05265100951308643
sigma_g1750,train,463,0.0455560895276223
sigma_g1750,train,464,0.14947663320777538
sigma_g1750,train,465,0.02278417936146082
sigma_g1750,train,466,0.06110815360340869
sigma_g1750,train,467,0.025397936189057266
sigma_g1750,train,468,0.10225335660590594
sigma_g1750,train,472,0.050851931440298405
sigma_g1750,train,473,0.06656698693659917
sigma_g1750,train,474,0.03581344368798939
sigma_g1750,train,475,0.04923730107834271
sigma_g1750,train,476,0.014172985547985538
sigma_g1750,train,478,0.02197744587475435
sigma_g1750,train,479,0.013899458197389617
sigma_g1750,train,480,0.05187403146727048
sigma_g1750,train,482,0.0345944241729241
sigma_g1750,train,483,0.060147976595822925
sigma_g1750,train,484,0.07182662403323377
sigma_g1750,train,485,0.043527310092912615
sigma_g1750,train,486,0.044151738900195026
sigma_g1750,train,487,0.03424798768251565
sigma_g1750,train,488,0.05539385697627414
sigma_g1750,train,489,0.0207559894153758
sigma_g1750,train,490,0.054368097005905905
sigma_g1750,train,493,0.06665435703249062
sigma_g1750,train,495,0.11032879855284294
sigma_g1750,train,496,0.09924285015008934
sigma_g1750,train,499,0.046602625040497954
sigma_g1750,train,500,0.04520070917400649
sigma_g1750,train,503,0.11396658727243965
sigma_g1750,train,504,0.02513772006317691
sigma_g1750,train,505,0.04285452819550921
sigma_g1750,train,507,0.1256996825582234
sigma_g1750,train,508,0.023773713529439248
sigma_g1750,train,512,0.047821686979571586
sigma_g1750,train,514,0.12676896708741664
sigma_g1750,train,515,0.02882682615018235
sigma_g1750,train,516,0.06739881300321326
sigma_g1750,train,518,0.01934256655380552
sigma_g1750,train,519,0.06639117530624469
sigma_g1750,train,521,0.07306605756941885
sigma_g1750,train,522,0.03127330050037753
sigma_g1750,train,523,0.04178925083463218
sigma_g1750,train,524,0.057370814694351506
sigma_g1750,train,525,0.031744030278748954
sigma_g1750,train,526,0.06340139756253017
sigma_g1750,train,527,0.02218821187988541
sigma_g1750,train,528,0.017476081411264364
sigma_g1750,train,529,0.0586316952853456
sigma_g1750,train,531,0.036686593726086916
sigma_g1750,train,534,0.11961301459788343
sigma_g1750,train,537,0.06665264778879969
sigma_g1750,train,540,0.028488108168509586
sigma_g1750,train,541,0.03694379099154732
sigma_g1750,train,542,0.03888158260705198
sigma_g1750,train,543,0.11838916190382368
sigma_g1750,train,544,0.04673467262683156
sigma_g1750,train,546,0.04417472170317734
sigma_g1750,train,548,0.17520386455053705
sigma_g1750,train,549,0.10897807060346186
sigma_g1750,train,550,0.018625429244948307
sigma_g1750,train,551,0.07325678429111786
sigma_g1750,train,556,0.028221581464324696
sigma_g1750,train,557,0.04072510880739971
sigma_g1750,train,558,0.025899970621031075
sigma_g1750,train,559,0.02984743889895929
sigma_g1750,train,560,0.03777102548378541
sigma_g1750,train,561,0.10517994080716846
sigma_g1750,train,562,0.0962288320645532
sigma_g1750,train,563,0.08436187237236203
sigma_g1750,train,564,0.06429928337598262
sigma_g1750,train,565,0.04738462186879498
sigma_g1750,train,566,0.1679975238013913
sigma_g1750,train,567,0.02714308641267227
sigma_g1750,train,568,0.02612088233737209
sigma_g1750,train,569,0.057669064212769613
sigma_g1750,train,570,0.016246587506475736
sigma_g1750,train,573,0.08755336041529721
sigma_g1750,train,575,0.04469404848136477
sigma_g1750,train,578,0.027343249445828496
sigma_g1750,train,579,0.159606420202535
sigma_g1750,train,582,0.03493901388652384
sigma_g1750,train,584,0.17950399832260708
sigma_g1750,train,585,0.030695916133221327
sigma_g1750,train,587,0.030787561197881844
sigma_g1750,train,588,0.06554653750093101
sigma_g1750,train,589,0.021785891954313144
sigma_g1750,train,590,0.06462812817303126
sigma_g1750,train,592,0.03002292876932537
sigma_g1750,train,593,0.06678667664303357
sigma_g1750,train,594,0.08758952327769023
sigma_g1750,train,595,0.06379204511490402
sigma_g1750,train,596,0.020434425443300923
sigma_g1750,train,597,0.12000602617016187
sigma_g1750,train,598,0.0316340765955194
sigma_g1750,train,600,0.06301219895084355
sigma_g1750,train,601,0.014864732327495677
sigma_g1750,train,603,0.07051106673593344
sigma_g1750,train,604,0.15177408988584903
sigma_g1750,train,606,0.08681479277853782
sigma_g1750,train,607,0.02610522663424777
sigma_g1750,train,608,0.09676402148293446
sigma_g1750,train,609,0.08545754189748973
sigma_g1750,train,610,0.05992409679483607
sigma_g1750,train,612,0.029824291596591092
sigma_g1750,train,614,0.03555996045019979
sigma_g1750,train,616,0.026191466639177055
sigma_g1750,train,617,0.0582782056046522
sigma_g1750,train,618,0.043812393331574245
sigma_g1750,train,619,0.028531058138720297
sigma_g1750,train,620,0.07804580493131129
sigma_g1750,train,621,0.0865551895869735
sigma_g1750,train,622,0.0550891053979508
sigma_g1750,train,623,0.01697115852903419
sigma_g1750,train,624,0.04969216967288539
sigma_g1750,train,625,0.04219983333888102
sigma_g1750,train,626,0.14495239119605335
sigma_g1750,train,627,0.05808203117118664
sigma_g1750,train,628,0.022997213065564362
sigma_g1750,train,629,0.03352430582540366
sigma_g1750,train,630,0.05952537958580858
sigma_g1750,train,631,0.13952413521471554
sigma_g1750,train,632,0.08189558793589898
sigma_g1750,train,633,0.04002403438028566
sigma_g1750,train,636,0.028437460136302502
sigma_g1750,train,637,0.016758902124883457
sigma_g1750,train,639,0.1657009998414849
sigma_g1750,train,641,0.06609040978262183
sigma_g1750,train,642,0.08812182954353456
sigma_g1750,train,643,0.029627541533888108
sigma_g1750,train,644,0.10657692317824281
sigma_g1750,train,645,0.10066405323397136
sigma_g1750,train,647,0.02051155106151869
sigma_g1750,train,648,0.06092843404500542
sigma_g1750,train,649,0.04393576647777215
sigma_g1750,train,650,0.03260367319184085
sigma_g1750,train,651,0.022735538135065823
sigma_g1750,train,652,0.04036384531104662
sigma_g1750,train,654,0.028400853956517796
sigma_g1750,train,655,0.05578510461073511
sigma_g1750,train,656,0.13240097909839313
sigma_g1750,train,657,0.08276513218790423
sigma_g1750,train,658,0.025596736830972907
sigma_g1750,train,659,0.012654061621697608
sigma_g1750,train,661,0.06594265492137522
sigma_g1750,train,662,0.042841489213956
sigma_g1750,train,664,0.04623292577454064
sigma_g1750,train,665,0.03805029701600252
sigma_g1750,train,667,0.03447621865691085
sigma_g1750,train,669,0.053610950188106354
sigma_g1750,train,670,0.02154338482060296
sigma_g1750,train,672,0.03852954327974644
sigma_g1750,train,673,0.05621022417287493
sigma_g1750,train,675,0.029613172181777222
sigma_g1750,train,677,0.03488904711731764
sigma_g1750,train,678,0.03248078543584914
sigma_g1750,train,679,0.042334969263623456
sigma_g1750,train,680,0.052879117206055815
sigma_g1750,train,682,0.047582704605616095
sigma_g1750,train,683,0.049951293764054966
sigma_g1750,train,684,0.05030877539715308
sigma_g1750,train,685,0.05215615593648129
sigma_g1750,train,686,0.041480302051855246
sigma_g1750,train,690,0.039306631094912226
sigma_g1750,train,691,0.0812948799961347
sigma_g1750,train,694,0.031371316587835416
sigma_g1750,train,695,0.17117347482185022
sigma_g1750,train,698,0.04755790083114923
sigma_g1750,train,701,0.06034795589222532
sigma_g1750,train,702,0.016342520105119492
sigma_g1750,train,703,0.1106135089335972
sigma_g1750,train,705,0.03050395814617118
sigma_g1750,train,706,0.06664804122899441
sigma_g1750,train,707,0.029740203444394864
sigma_g1750,train,708,0.032760061146472834
sigma_g1750,train,709,0.010921109164657728
sigma_g1750,train,710,0.010432974085276369
sigma_g1750,train,711,0.1012581709435499
sigma_g1750,train,712,0.13424862148866307
sigma_g1750,train,713,0.08660798874405892
sigma_g1750,train,715,0.03216852515463444
sigma_g1750,train,717,0.0336916281357385
sigma_g1750,train,718,0.025500492311997965
sigma_g1750,train,721,0.13863072850597058
sigma_g1750,train,722,0.024366217202730252
sigma_g1750,train,723,0.05281106558951172
sigma_g1750,train,724,0.10716582617134766
sigma_g1750,train,725,0.029212445310445465
sigma_g1750,train,726,0.027230169942076998
sigma_g1750,train,728,0.025477496909578998
sigma_g1750,train,730,0.03377490973605682
sigma_g1750,train,731,0.026198598085159574
sigma_g1750,train,736,0.02719765797957487
sigma_g1750,train,742,0.12083670787284449
sigma_g1750,train,744,0.03588051779439053
sigma_g1750,train,746,0.03367550658149866
sigma_g1750,train,747,0.04958588649114727
sigma_g1750,train,748,0.03793323957180373
sigma_g1750,train,749,0.06854513881149414
sigma_g1750,train,750,0.061852152461235446
sigma_g1750,train,751,0.1059669533303912
sigma_g1750,train,753,0.13359398415439616
sigma_g1750,train,754,0.04766645560204619
sigma_g1750,train,755,0.02505357994914802
sigma_g1750,train,756,0.1510441487113619
sigma_g1750,train,757,0.1383760691593895
sigma_g1750,train,758,0.1366414335751339
sigma_g1750,train,759,0.08905976426557997
sigma_g1750,train,760,0.029902431659298175
sigma_g1750,train,761,0.05519424523634418
sigma_g1750,train,762,0.16134292966582972
sigma_g1750,train,763,0.016177499991946318
sigma_g1750,train,764,0.14666350309165327
sigma_g1750,train,765,0.024744451742927387
sigma_g1750,train,769,0.09538488092438405
sigma_g1750,train,770,0.01476732357568745
sigma_g1750,train,771,0.06597262439386632
sigma_g1750,train,774,0.16100761829564145
sigma_g1750,train,776,0.034998681174796265
sigma_g1750,train,778,0.0678117914510147
sigma_g1750,train,779,0.016604873905190488
sigma_g1750,train,780,0.01670491399311542
sigma_g1750,train,781,0.019455390582550244
sigma_g1750,train,783,0.0629942420623901
sigma_g1750,train,784,0.020737548228751897
sigma_g1750,train,785,0.03778543997799115
sigma_g1750,train,786,0.07430062652683508
sigma_g1750,train,787,0.031735757208678585
sigma_g1750,train,790,0.10642233195765506
sigma_g1750,train,792,0.11137570828938874
sigma_g1750,train,793,0.13474821461083508
sigma_g1750,train,794,0.037476978158189664
sigma_g1750,train,795,0.017528760238620756
sigma_g1750,train,796,0.08508000164601472
sigma_g1750,train,797,0.13829584819149476
sigma_g1750,train,800,0.026442675937920605
sigma_g1750,train,804,0.0703378990934193
sigma_g1750,train,805,0.03607182413268727
sigma_g1750,train,807,0.05559169257618952
sigma_g1750,train,808,0.017531512919739315
sigma_g1750,train,810,0.01276920417047211
sigma_g1750,train,811,0.06420558445729825
sigma_g1750,train,812,0.0330225029942635
sigma_g1750,train,814,0.03626122030440101
sigma_g1750,train,816,0.05277898648907662
sigma_g1750,train,817,0.14007511231360856
sigma_g1750,train,818,0.044272170565866374
sigma_g1750,train,819,0.08951241408666982
sigma_g1750,train,820,0.032059045929415685
sigma_g1750,train,822,0.058480340772901214
sigma_g1750,train,824,0.09058088766894673
sigma_g1750,train,825,0.027695705585326663
sigma_g1750,train,826,0.0626398783614195
sigma_g1750,train,827,0.05793535718889347
sigma_g1750,train,828,0.03159667748590954
sigma_g1750,train,832,0.025251746755186343
sigma_g1750,train,833,0.06411701488350174
sigma_g1750,train,838,0.023324753167098148
sigma_g1750,train,839,0.0909225646777066
sigma_g1750,train,841,0.03562026771355105
sigma_g1750,train,842,0.03221275933171959
sigma_g1750,train,843,0.022932344142454417
sigma_g1750,train,846,0.16658387558522753
sigma_g1750,train,847,0.0312549303422473
sigma_g1750,train,848,0.02409845117905374
sigma_g1750,train,849,0.07009121117287588
sigma_g1750,train,850,0.03396067500319141
sigma_g1750,train,853,0.04096813515362913
sigma_g1750,train,854,0.08986113179667106
sigma_g1750,train,855,0.04683592599514445
sigma_g1750,train,856,0.043768333370964904
sigma_g1750,train,858,0.028327086469044492
sigma_g1750,train,859,0.13611396667985098
sigma_g1750,train,860,0.03660535601808652
sigma_g1750,train,861,0.04413362587690197
sigma_g1750,train,862,0.028844151719406633
sigma_g1750,train,864,0.0844163405678863
sigma_g1750,train,865,0.05458337755401364
sigma_g1750,train,867,0.03276411512100041
sigma_g1750,train,868,0.03214280508611262
sigma_g1750,train,869,0.09964060384506872
sigma_g1750,train,870,0.05317157312854608
sigma_g1750,train,871,0.02840801823476021
sigma_g1750,train,872,0.040471137260628114
sigma_g1750,train,875,0.07428159898807882
sigma_g1750,train,876,0.027008636157720728
sigma_g1750,train,878,0.03544354585108146
sigma_g1750,train,880,0.03080054632816866
sigma_g1750,train,881,0.07314299371167005
sigma_g1750,train,883,0.026547904174576323
sigma_g1750,train,886,0.09719966274522157
sigma_g1750,train,888,0.03983070345477724
sigma_g1750,train,890,0.02764821669493417
sigma_g1750,train,891,0.012050287850096309
sigma_g1750,train,892,0.0298220239589998
sigma_g1750,train,897,0.03193510069665305
sigma_g1750,train,898,0.031800409784903484
sigma_g1750,train,899,0.035669991673651064
sigma_g1750,train,900,0.04022918998998659
sigma_g1750,train,901,0.039669214301117944
sigma_g1750,train,902,0.0734984303241132
sigma_g1750,train,903,0.05012138327181565
sigma_g1750,train,904,0.03887699103893645
sigma_g1750,train,907,0.01635153833960816
sigma_g1750,train,909,0.05397408383070977
sigma_g1750,train,910,0.047997322510986706
sigma_g1750,train,912,0.10100123399877262
sigma_g1750,train,915,0.022220474657794313
sigma_g1750,train,917,0.029756278682756765
sigma_g1750,train,918,0.011038115214545705
sigma_g1750,train,919,0.12813012171958119
sigma_g1750,train,920,0.03612415868982786
sigma_g1750,train,921,0.02848546611470212
sigma_g1750,train,923,0.015505451019638006
sigma_g1750,train,924,0.035793883732182
sigma_g1750,train,925,0.013440173706368661
sigma_g1750,train,926,0.037332429440873935
sigma_g1750,train,928,0.045079553516460515
sigma_g1750,train,929,0.03443493045661951
sigma_g1750,train,930,0.012563637208519569
sigma_g1750,train,932,0.03456675641503755
sigma_g1750,train,933,0.023444749196652025
sigma_g1750,train,935,0.08387219622966133
sigma_g1750,train,937,0.03487976487110414
sigma_g1750,train,939,0.04889104365343388
sigma_g1750,train,941,0.03849450529502605
sigma_g1750,train,942,0.027326829952607053
sigma_g1750,train,943,0.04347577720993564
sigma_g1750,train,944,0.05118542168705462
sigma_g1750,train,945,0.017591592013885708
sigma_g1750,train,946,0.024519535591989848
sigma_g1750,train,947,0.12788272747089108
sigma_g1750,train,948,0.01744582536287374
sigma_g1750,train,949,0.0998163583212589
sigma_g1750,train,950,0.0558079489916333
sigma_g1750,train,951,0.06365136584503904
sigma_g1750,train,952,0.027885739273120266
sigma_g1750,train,954,0.049806134756483
sigma_g1750,train,955,0.042963568366518226
sigma_g1750,train,956,0.03446007362630539
sigma_g1750,train,958,0.05551523372480773
sigma_g1750,train,960,0.07922864662908466
sigma_g1750,train,961,0.03667813801728817
sigma_g1750,train,963,0.03517184689376
sigma_g1750,train,964,0.0382943000114539
sigma_g1750,train,965,0.02774791696934655
sigma_g1750,train,966,0.06844443993999427
sigma_g1750,train,967,0.027666050118790583
sigma_g1750,train,968,0.03189641888671514
sigma_g1750,train,970,0.022971574605678936
sigma_g1750,train,972,0.036798123826462574
sigma_g1750,train,973,0.05793374840625584
sigma_g1750,train,974,0.040865831866638114
sigma_g1750,train,975,0.056338768838486694
sigma_g1750,train,976,0.03492097272451411
sigma_g1750,train,977,0.012900302369019252
sigma_g1750,train,978,0.08476766869430295
sigma_g1750,train,980,0.06625936734009288
sigma_g1750,train,981,0.037022643125715786
sigma_g1750,train,982,0.09338315347736274
sigma_g1750,train,986,0.013011988204988011
sigma_g1750,train,989,0.04542662745438656
sigma_g1750,train,992,0.05769501460048824
sigma_g1750,train,994,0.04972204814605527
sigma_g1750,train,995,0.01871668947604139
sigma_g1750,train,996,0.06801986861379698
sigma_g1750,train,997,0.10650432818825684
sigma_g1750,train,998,0.13979148856008064
sigma_g1750,train,999,0.1609748926972306
sigma_g1750,train,1000,0.03918683873322907
sigma_g1750,validation,8,0.012642164008910913
sigma_g1750,validation,9,0.1185378080007038
sigma_g1750,validation,16,0.02209433924097056
sigma_g1750,validation,21,0.021643620855103865
sigma_g1750,validation,23,0.04537506292402809
sigma_g1750,validation,49,0.036293340289689
sigma_g1750,validation,50,0.06569496724734582
sigma_g1750,validation,61,0.06641378972090071
sigma_g1750,validation,63,0.032712157372885436
sigma_g1750,validation,68,0.07229035246299087
sigma_g1750,validation,69,0.021618005133461553
sigma_g1750,validation,76,0.04242629470444466
sigma_g1750,validation,78,0.03624191446333334
sigma_g1750,validation,82,0.04576935828465854
sigma_g1750,validation,87,0.08870822310015428
sigma_g1750,validation,90,0.025379001876242875
sigma_g1750,validation,104,0.03398424555685496
sigma_g1750,validation,116,0.04083300737954595
sigma_g1750,validation,117,0.03910369962787348
sigma_g1750,validation,129,0.04301884334171712
sigma_g1750,validation,132,0.04704054917796996
sigma_g1750,validation,139,0.03153855072110621
sigma_g1750,validation,146,0.026670328814107136
sigma_g1750,validation,162,0.0773058394044406
sigma_g1750,validation,171,0.0897047151182848
sigma_g1750,validation,179,0.06880593482777594
sigma_g1750,validation,185,0.12133498733184161
sigma_g1750,validation,207,0.04171673979539179
sigma_g1750,validation,218,0.039617342524056576
sigma_g1750,validation,227,0.02848250687870183
sigma_g1750,validation,228,0.0499630296077837
sigma_g1750,validation,238,0.040461631486647276
sigma_g1750,validation,245,0.1288892961273047
sigma_g1750,validation,248,0.0658579970352665
sigma_g1750,validation,258,0.02876224864213311
sigma_g1750,validation,260,0.021533452838877164
sigma_g1750,validation,262,0.03673352450212773
sigma_g1750,validation,268,0.07908367771915471
sigma_g1750,validation,271,0.10392081427525623
sigma_g1750,validation,273,0.015150013892266443
sigma_g1750,validation,278,0.016604864925776293
sigma_g1750,validation,291,0.09520829088363074
sigma_g1750,validation,321,0.0330853892337723
sigma_g1750,validation,325,0.01964131515575309
sigma_g1750,validation,332,0.04151014214650847
sigma_g1750,validation,340,0.06367909467107248
sigma_g1750,validation,342,0.024708293288113005
sigma_g1750,validation,353,0.08532229014328666
sigma_g1750,validation,354,0.022532133423490308
sigma_g1750,validation,367,0.12869933575559683
sigma_g1750,validation,368,0.049786041422423384
sigma_g1750,validation,389,0.032329794348646905
sigma_g1750,validation,397,0.04115267537618671
sigma_g1750,validation,400,0.08583177268829417
sigma_g1750,validation,406,0.04405739762175313
sigma_g1750,validation,415,0.01915487966955187
sigma_g1750,validation,421,0.040946510752168604
sigma_g1750,validation,422,0.06993784139459289
sigma_g1750,validation,425,0.03234248506086729
sigma_g1750,validation,430,0.02629416687103606
sigma_g1750,validation,439,0.03249560590158184
sigma_g1750,validation,451,0.07882376906278023
sigma_g1750,validation,458,0.14020202767867143
sigma_g1750,validation,469,0.08737250799933767
sigma_g1750,validation,470,0.030161360005108523
sigma_g1750,validation,471,0.06512010784955394
sigma_g1750,validation,481,0.025761527462120702
sigma_g1750,validation,491,0.040284750802685204
sigma_g1750,validation,501,0.07214502029299315
sigma_g1750,validation,502,0.040050384346508205
sigma_g1750,validation,506,0.05715649457044144
sigma_g1750,validation,509,0.01691026605080562
sigma_g1750,validation,510,0.0663147888147328
sigma_g1750,validation,517,0.07618151490466187
sigma_g1750,validation,532,0.026829438994023007
sigma_g1750,validation,533,0.025958770329826634
sigma_g1750,validation,536,0.023725980543128987
sigma_g1750,validation,538,0.08285137551811432
sigma_g1750,validation,545,0.08807503040994236
sigma_g1750,validation,547,0.02255220415252873
sigma_g1750,validation,552,0.015954444968402055
sigma_g1750,validation,554,0.03083576175270452
sigma_g1750,validation,555,0.041030167196913936
sigma_g1750,validation,576,0.01023414799795397
sigma_g1750,validation,580,0.050691740154487616
sigma_g1750,validation,583,0.04022854239499353
sigma_g1750,validation,599,0.04271443005510505
sigma_g1750,validation,611,0.08295390197815979
sigma_g1750,validation,613,0.025289117873794308
sigma_g1750,validation,615,0.07363543376951887
sigma_g1750,validation,635,0.033908526937663844
sigma_g1750,validation,640,0.03233836385948078
sigma_g1750,validation,653,0.04537286174109347
sigma_g1750,validation,666,0.0894490849357002
sigma_g1750,validation,674,0.05230409641524168
sigma_g1750,validation,676,0.038873778499076334
sigma_g1750,validation,681,0.02602842323100454
sigma_g1750,validation,687,0.121544746486912
sigma_g1750,validation,688,0.05554613379316477
sigma_g1750,validation,689,0.07818384714927969
sigma_g1750,validation,693,0.028010629981141007
sigma_g1750,validation,697,0.0695221872197476
sigma_g1750,validation,699,0.09381065757384154
sigma_g1750,validation,716,0.030424291350098654
sigma_g1750,validation,719,0.053339986152947716
sigma_g1750,validation,720,0.033563740324290166
sigma_g1750,validation,727,0.11113724353502805
sigma_g1750,validation,729,0.02180710136913637
sigma_g1750,validation,733,0.021486656684138922
sigma_g1750,validation,752,0.03446641361855389
sigma_g1750,validation,773,0.012991663922134383
sigma_g1750,validation,777,0.045115176502466894
sigma_g1750,validation,788,0.07156784479490434
sigma_g1750,validation,791,0.08166175878427744
sigma_g1750,validation,803,0.011679518969035102
sigma_g1750,validation,806,0.050466056590666206
sigma_g1750,validation,809,0.04331185440789885
sigma_g1750,validation,813,0.022933518562092473
sigma_g1750,validation,815,0.049398729592087916
sigma_g1750,validation,821,0.02909778306785841
sigma_g1750,validation,823,0.03642959199620085
sigma_g1750,validation,831,0.05660284527270649
sigma_g1750,validation,834,0.05743033942603349
sigma_g1750,validation,835,0.05548287795037968
sigma_g1750,validation,840,0.03423130538653601
sigma_g1750,validation,851,0.13135352357085028
sigma_g1750,validation,852,0.07289256559003895
sigma_g1750,validation,863,0.08714610967625051
sigma_g1750,validation,866,0.017279526662951256
sigma_g1750,validation,874,0.01965942868820728
sigma_g1750,validation,882,0.029293579861828446
sigma_g1750,validation,884,0.06364315382462372
sigma_g1750,validation,889,0.024164622236236465
sigma_g1750,validation,895,0.1357481466953123
sigma_g1750,validation,906,0.05109716640493535
sigma_g1750,validation,908,0.041219034888945884
sigma_g1750,validation,911,0.058099772829627076
sigma_g1750,validation,914,0.020567070244017927
sigma_g1750,validation,916,0.0447254377423844
sigma_g1750,validation,931,0.03209743239267339
sigma_g1750,validation,934,0.0507755839153872
sigma_g1750,validation,936,0.03732345205654644
sigma_g1750,validation,938,0.018196260086017227
sigma_g1750,validation,953,0.1461640382156165
sigma_g1750,validation,969,0.029826641970955487
sigma_g1750,validation,971,0.07016160170631842
sigma_g1750,validation,987,0.0641691421679252
sigma_g1750,validation,990,0.038452737562168694
sigma_g1750,validation,991,0.04320084526364791
sigma_g1750,validation,993,0.020483426405278057
sigma_g1450_g1750,train,1,0.12641490516242102
sigma_g1450_g1750,train,2,0.05956542987466743
sigma_g1450_g1750,train,3,0.07641451355879787
sigma_g1450_g1750,train,5,0.05243271963626398
sigma_g1450_g1750,train,10,0.03787021688805667
sigma_g1450_g1750,train,11,0.03960667004373143
sigma_g1450_g1750,train,12,0.04116668281849734
sigma_g1450_g1750,train,13,0.04924228681893631
sigma_g1450_g1750,train,14,0.03473053411634617
sigma_g1450_g1750,train,15,0.02599206066251394
sigma_g1450_g1750,train,17,0.035255875219640825
sigma_g1450_g1750,train,18,0.017352923116838108
sigma_g1450_g1750,train,19,0.03026391400048688
sigma_g1450_g1750,train,20,0.03959742078961375
sigma_g1450_g1750,train,22,0.02864170829603996
sigma_g1450_g1750,train,24,0.12303959836374793
sigma_g1450_g1750,train,26,0.02593560641347809
sigma_g1450_g1750,train,27,0.0319723699165851
sigma_g1450_g1750,train,29,0.02645341490223821
sigma_g1450_g1750,train,30,0.10103642808638623
sigma_g1450_g1750,train,31,0.019813180020756528
sigma_g1450_g1750,train,32,0.057668935072860396
sigma_g1450_g1750,train,35,0.02370348053452571
sigma_g1450_g1750,train,36,0.05150750268533757
sigma_g1450_g1750,train,37,0.048718658333592735
sigma_g1450_g1750,train,38,0.03027190097495898
sigma_g1450_g1750,train,39,0.01199219722232022
sigma_g1450_g1750,train,40,0.06941830418084266
sigma_g1450_g1750,train,41,0.021642730716716258
sigma_g1450_g1750,train,42,0.056025049333192856
sigma_g1450_g1750,train,43,0.07949242638445658
sigma_g1450_g1750,train,44,0.025064044738372808
sigma_g1450_g1750,train,46,0.10514793062858104
sigma_g1450_g1750,train,47,0.05450668167778008
sigma_g1450_g1750,train,48,0.01373302957163293
sigma_g1450_g1750,train,51,0.06400102808476797
sigma_g1450_g1750,train,52,0.0578298552397912
sigma_g1450_g1750,train,53,0.026361217925885652
sigma_g1450_g1750,train,54,0.16926932589621643
sigma_g1450_g1750,train,55,0.052207032957775366
sigma_g1450_g1750,train,56,0.06314195436053607
sigma_g1450_g1750,train,57,0.05152449673244895
sigma_g1450_g1750,train,58,0.07543712399680569
sigma_g1450_g1750,train,59,0.045570286860636314
sigma_g1450_g1750,train,60,0.040024656772451206
sigma_g1450_g1750,train,62,0.028944060994806006
sigma_g1450_g1750,train,64,0.04270372994364156
sigma_g1450_g1750,train,65,0.08967756938275709
sigma_g1450_g1750,train,66,0.022773053717359902
sigma_g1450_g1750,train,70,0.021345828535706633
sigma_g1450_g1750,train,73,0.01645482808638614
sigma_g1450_g1750,train,74,0.11268555587850526
sigma_g1450_g1750,train,75,0.03829750205144238
sigma_g1450_g1750,train,77,0.03858410614599275
sigma_g1450_g1750,train,79,0.03435301003088342
sigma_g1450_g1750,train,80,0.1515186591312879
sigma_g1450_g1750,train,81,0.06692763970174015
sigma_g1450_g1750,train,84,0.026863049801812634
sigma_g1450_g1750,train,85,0.046194548656592
sigma_g1450_g1750,train,86,0.1292099510702023
sigma_g1450_g1750,train,88,0.031103865824176635
sigma_g1450_g1750,train,89,0.12522274160601132
sigma_g1450_g1750,train,91,0.10372149077940387
sigma_g1450_g1750,train,92,0.035202880954732375
sigma_g1450_g1750,train,93,0.04877573367556975
sigma_g1450_g1750,train,95,0.08601642063496742
sigma_g1450_g1750,train,96,0.05995610829475666
sigma_g1450_g1750,train,97,0.06535792947388112
sigma_g1450_g1750,train,98,0.062037425266002394
sigma_g1450_g1750,train,100,0.033833025412384796
sigma_g1450_g1750,train,101,0.02292519331969559
sigma_g1450_g1750,train,102,0.018997408682619024
sigma_g1450_g1750,train,103,0.018236562933577807
sigma_g1450_g1750,train,105,0.031464238925287775
sigma_g1450_g1750,train,107,0.03499813675249053
sigma_g1450_g1750,train,108,0.027361286986115934
sigma_g1450_g1750,train,109,0.012034082831761295
sigma_g1450_g1750,train,110,0.06629352871086577
sigma_g1450_g1750,train,111,0.022224954243485123
sigma_g1450_g1750,train,112,0.028043899570991446
sigma_g1450_g1750,train,114,0.03134773069290805
sigma_g1450_g1750,train,115,0.09696687277868438
sigma_g1450_g1750,train,118,0.09265865111539166
sigma_g1450_g1750,train,120,0.044246077919541486
sigma_g1450_g1750,train,121,0.13257596054725374
sigma_g1450_g1750,train,122,0.015246694918679476
sigma_g1450_g1750,train,123,0.02988512338411427
sigma_g1450_g1750,train,124,0.019988696439633347
sigma_g1450_g1750,train,125,0.0256900574073703
sigma_g1450_g1750,train,126,0.030730204700013933
sigma_g1450_g1750,train,127,0.05925974753224283
sigma_g1450_g1750,train,128,0.08752684766034487
sigma_g1450_g1750,train,130,0.09493381620781324
sigma_g1450_g1750,train,131,0.09224786342447217
sigma_g1450_g1750,train,133,0.04750521377875891
sigma_g1450_g1750,train,134,0.13813695470811596
sigma_g1450_g1750,train,135,0.04445542306208376
sigma_g1450_g1750,train,138,0.03641037343179288
sigma_g1450_g1750,train,141,0.024601804104519412
sigma_g1450_g1750,train,142,0.05842685666037441
sigma_g1450_g1750,train,143,0.1243753369655938
sigma_g1450_g1750,train,144,0.016132109834835245
sigma_g1450_g1750,train,147,0.022130002743214562
sigma_g1450_g1750,train,148,0.017507291888349923
sigma_g1450_g1750,train,149,0.04230532595506538
sigma_g1450_g1750,train,151,0.04663986551063909
sigma_g1450_g1750,train,152,0.08146080602568029
sigma_g1450_g1750,train,155,0.11206472392589313
sigma_g1450_g1750,train,156,0.02167531720978271
sigma_g1450_g1750,train,157,0.14197386097514123
sigma_g1450_g1750,train,158,0.036218423995497816
sigma_g1450_g1750,train,159,0.03274531314284961
sigma_g1450_g1750,train,160,0.0272148135842743
sigma_g1450_g1750,train,161,0.06674789044438961
sigma_g1450_g1750,train,163,0.02461292462149113
sigma_g1450_g1750,train,164,0.01857198165621036
sigma_g1450_g1750,train,166,0.05791624872092115
sigma_g1450_g1750,train,167,0.030399300381121486
sigma_g1450_g1750,train,168,0.041704418606635846
sigma_g1450_g1750,train,170,0.03252278792455464
sigma_g1450_g1750,train,172,0.020489315937490017
sigma_g1450_g1750,train,173,0.030270203899804837
sigma_g1450_g1750,train,174,0.059967594678444765
sigma_g1450_g1750,train,176,0.06598757987656127
sigma_g1450_g1750,train,177,0.02230677167824753
sigma_g1450_g1750,train,178,0.047213260056708145
sigma_g1450_g1750,train,180,0.03684525319885984
sigma_g1450_g1750,train,181,0.03222521798092484
sigma_g1450_g1750,train,182,0.03240696385689861
sigma_g1450_g1750,train,183,0.03272577421377857
sigma_g1450_g1750,train,184,0.04783798940323811
sigma_g1450_g1750,train,186,0.04695449578109578
sigma_g1450_g1750,train,187,0.02747104344462629
sigma_g1450_g1750,train,188,0.02718951348873625
sigma_g1450_g1750,train,189,0.01861654315627781
sigma_g1450_g1750,train,190,0.021209081507493916
sigma_g1450_g1750,train,192,0.03507821576046133
sigma_g1450_g1750,train,193,0.03294448745254486
sigma_g1450_g1750,train,194,0.021584413291952532
sigma_g1450_g1750,train,195,0.023256862878998214
sigma_g1450_g1750,train,196,0.03117676788834279
sigma_g1450_g1750,train,197,0.014966257694062722
sigma_g1450_g1750,train,198,0.1490970790620985
sigma_g1450_g1750,train,199,0.021923695671935972
sigma_g1450_g1750,train,200,0.024480951103801784
sigma_g1450_g1750,train,201,0.1281402081212165
sigma_g1450_g1750,train,203,0.1281330671697406
sigma_g1450_g1750,train,205,0.06783387200848678
sigma_g1450_g1750,train,206,0.0570520103855447
sigma_g1450_g1750,train,208,0.0904010862625999
sigma_g1450_g1750,train,209,0.06885229968974506
sigma_g1450_g1750,train,210,0.07969457328812998
sigma_g1450_g1750,train,211,0.0457997839411571
sigma_g1450_g1750,train,212,0.026239991431491822
sigma_g1450_g1750,train,213,0.051433593381124215
sigma_g1450_g1750,train,214,0.05773460231503538
sigma_g1450_g1750,train,216,0.061861397533605485
sigma_g1450_g1750,train,219,0.016352642893732262
sigma_g1450_g1750,train,221,0.05792508656441126
sigma_g1450_g1750,train,222,0.031018178589876943
sigma_g1450_g1750,train,223,0.12105849211186236
sigma_g1450_g1750,train,224,0.03038945665457896
sigma_g1450_g1750,train,225,0.1030218894272607
sigma_g1450_g1750,train,226,0.0354442385337598
sigma_g1450_g1750,train,231,0.01989131852732743
sigma_g1450_g1750,train,233,0.14477780647487465
sigma_g1450_g1750,train,235,0.020208028875603162
sigma_g1450_g1750,train,236,0.06248740836461419
sigma_g1450_g1750,train,237,0.0467376029336009
sigma_g1450_g1750,train,239,0.02479007581146258
sigma_g1450_g1750,train,240,0.03189607086269115
sigma_g1450_g1750,train,241,0.024911003125847035
sigma_g1450_g1750,train,242,0.07462596031432335
sigma_g1450_g1750,train,243,0.026405603503601414
sigma_g1450_g1750,train,246,0.054467028772308725
sigma_g1450_g1750,train,247,0.06234005578598485
sigma_g1450_g1750,train,249,0.04771142358463151
sigma_g1450_g1750,train,250,0.1826409716310714
sigma_g1450_g1750,train,251,0.028933549578624495
sigma_g1450_g1750,train,252,0.047923410002012924
sigma_g1450_g1750,train,253,0.028707223483289343
sigma_g1450_g1750,train,254,0.05136227704909313
sigma_g1450_g1750,train,255,0.03513025674211165
sigma_g1450_g1750,train,256,0.0513949833419216
sigma_g1450_g1750,train,257,0.10180747520339198
sigma_g1450_g1750,train,259,0.021971645682686104
sigma_g1450_g1750,train,261,0.03480698464065255
sigma_g1450_g1750,train,264,0.08749775519274385
sigma_g1450_g1750,train,265,0.08378019851030546
sigma_g1450_g1750,train,266,0.04250284902949418
sigma_g1450_g1750,train,270,0.051411167885053906
sigma_g1450_g1750,train,272,0.04407259627591003
sigma_g1450_g1750,train,274,0.037507550639591075
sigma_g1450_g1750,train,275,0.03289081178747331
sigma_g1450_g1750,train,276,0.031061462052443232
sigma_g1450_g1750,train,277,0.024482232835544557
sigma_g1450_g1750,train,279,0.031194161784100328
sigma_g1450_g1750,train,280,0.023834665517880865
sigma_g1450_g1750,train,281,0.02485305826557189
sigma_g1450_g1750,train,283,0.1354817852135814
sigma_g1450_g1750,train,285,0.016290425221238556
sigma_g1450_g1750,train,287,0.04309254892950337
sigma_g1450_g1750,train,288,0.01377324747225115
sigma_g1450_g1750,train,289,0.026990595007321216
sigma_g1450_g1750,train,290,0.0625635057811515
sigma_g1450_g1750,train,294,0.11992113867885458
sigma_g1450_g1750,train,295,0.03761288876314626
sigma_g1450_g1750,train,296,0.026528055241012947
sigma_g1450_g1750,train,297,0.03765680410466051
sigma_g1450_g1750,train,298,0.015761096634427124
sigma_g1450_g1750,train,300,0.046800934279850534
sigma_g1450_g1750,train,301,0.06185070024878874
sigma_g1450_g1750,train,305,0.12671491634947898
sigma_g1450_g1750,train,306,0.04540463522108743
sigma_g1450_g1750,train,307,0.016227065559659786
sigma_g1450_g1750,train,308,0.0094066937959231
sigma_g1450_g1750,train,309,0.0650440904210269
sigma_g1450_g1750,train,310,0.09180614997471731
sigma_g1450_g1750,train,311,0.028917257561261976
sigma_g1450_g1750,train,313,0.06449291657471432
sigma_g1450_g1750,train,315,0.03777551128572624
sigma_g1450_g1750,train,316,0.028079469614437413
sigma_g1450_g1750,train,317,0.05215695083029248
sigma_g1450_g1750,train,318,0.05572745467774972
sigma_g1450_g1750,train,319,0.09659326068368777
sigma_g1450_g1750,train,320,0.015867673950432013
sigma_g1450_g1750,train,322,0.04288165764408708
sigma_g1450_g1750,train,323,0.017694529492680952
sigma_g1450_g1750,train,324,0.15007089304394777
sigma_g1450_g1750,train,326,0.019521117658277267
sigma_g1450_g1750,train,327,0.08946577540093233
sigma_g1450_g1750,train,328,0.051673996901255
sigma_g1450_g1750,train,329,0.04860727673658262
sigma_g1450_g1750,train,330,0.05450575235926968
sigma_g1450_g1750,train,331,0.03100808508618878
sigma_g1450_g1750,train,334,0.09972083552305845
sigma_g1450_g1750,train,335,0.024783848718503303
sigma_g1450_g1750,train,336,0.026134638564893058
sigma_g1450_g1750,train,337,0.15208013657309336
sigma_g1450_g1750,train,338,0.03980223539725412
sigma_g1450_g1750,train,341,0.06888155994694116
sigma_g1450_g1750,train,343,0.008743233547439834
sigma_g1450_g1750,train,344,0.014349073046106657
sigma_g1450_g1750,train,345,0.05288772413681365
sigma_g1450_g1750,train,347,0.017383682644169268
sigma_g1450_g1750,train,348,0.01806532868842641
sigma_g1450_g1750,train,349,0.03828660237925721
sigma_g1450_g1750,train,350,0.015824415508879506
sigma_g1450_g1750,train,352,0.030823121259188187
sigma_g1450_g1750,train,355,0.1798434999784075
sigma_g1450_g1750,train,358,0.0407469082990506
sigma_g1450_g1750,train,359,0.03787777248504429
sigma_g1450_g1750,train,360,0.018322935415064037
sigma_g1450_g1750,train,361,0.0350129094214612
sigma_g1450_g1750,train,362,0.02328280375480407
sigma_g1450_g1750,train,363,0.03889804486122852
sigma_g1450_g1750,train,366,0.018707937726292624
sigma_g1450_g1750,train,369,0.027867704403358867
sigma_g1450_g1750,train,370,0.025830915192370123
sigma_g1450_g1750,train,371,0.035151428503100615
sigma_g1450_g1750,train,372,0.042751353670122234
sigma_g1450_g1750,train,373,0.01321064220800697
sigma_g1450_g1750,train,374,0.02864967459443938
sigma_g1450_g1750,train,375,0.12274226697889686
sigma_g1450_g1750,train,376,0.022880066098323066
sigma_g1450_g1750,train,377,0.13978352623244591
sigma_g1450_g1750,train,378,0.10710509971135761
sigma_g1450_g1750,train,379,0.030338625946303557
sigma_g1450_g1750,train,380,0.04723548222447812
sigma_g1450_g1750,train,381,0.013569569353161169
sigma_g1450_g1750,train,382,0.02757532264710718
sigma_g1450_g1750,train,383,0.13268674774812364
sigma_g1450_g1750,train,384,0.02530322373411319
sigma_g1450_g1750,train,385,0.030883117417655283
sigma_g1450_g1750,train,386,0.01721817390961686
sigma_g1450_g1750,train,387,0.04996239914882263
sigma_g1450_g1750,train,388,0.044834360018904715
sigma_g1450_g1750,train,390,0.03936730067155994
sigma_g1450_g1750,train,391,0.010743438939246439
sigma_g1450_g1750,train,392,0.033690673512055014
sigma_g1450_g1750,train,393,0.04947877964381207
sigma_g1450_g1750,train,395,0.04405559933903481
sigma_g1450_g1750,train,396,0.05240861621272543
sigma_g1450_g1750,train,398,0.04005182311554247
sigma_g1450_g1750,train,399,0.01599826345768063
sigma_g1450_g1750,train,401,0.03810964346530785
sigma_g1450_g1750,train,402,0.06208385681715132
sigma_g1450_g1750,train,403,0.018361973689340748
sigma_g1450_g1750,train,404,0.033926406469084944
sigma_g1450_g1750,train,405,0.16534402264995876
sigma_g1450_g1750,train,407,0.020974819726265272
sigma_g1450_g1750,train,408,0.08944550239440936
sigma_g1450_g1750,train,410,0.05107300887821091
sigma_g1450_g1750,train,411,0.027910856119057744
sigma_g1450_g1750,train,412,0.024022677802515737
sigma_g1450_g1750,train,414,0.032793319810137375
sigma_g1450_g1750,train,416,0.10919973408908501
sigma_g1450_g1750,train,417,0.038599478456177845
sigma_g1450_g1750,train,418,0.055725900970868186
sigma_g1450_g1750,train,419,0.06603024229520951
sigma_g1450_g1750,train,420,0.041696256755531326
sigma_g1450_g1750,train,423,0.038033367645828806
sigma_g1450_g1750,train,424,0.014606192862426204
sigma_g1450_g1750,train,426,0.020853144080871376
sigma_g1450_g1750,train,427,0.03514736691348268
sigma_g1450_g1750,train,428,0.05782718384195205
sigma_g1450_g1750,train,429,0.013178517687291263
sigma_g1450_g1750,train,431,0.04038161301242847
sigma_g1450_g1750,train,432,0.16630974270213753
sigma_g1450_g1750,train,433,0.12279971401553338
sigma_g1450_g1750,train,436,0.029114436892022148
sigma_g1450_g1750,train,437,0.025060940269520326
sigma_g1450_g1750,train,438,0.14113510560868944
sigma_g1450_g1750,train,440,0.058389438623385415
sigma_g1450_g1750,train,441,0.012093013277941033
sigma_g1450_g1750,train,442,0.12926457047969128
sigma_g1450_g1750,train,443,0.04802099029523047
sigma_g1450_g1750,train,444,0.07547952743366541
sigma_g1450_g1750,train,445,0.04370230167297605
sigma_g1450_g1750,train,446,0.11446788027680639
sigma_g1450_g1750,train,447,0.17693289417552896
sigma_g1450_g1750,train,448,0.03779559133277774
sigma_g1450_g1750,train,449,0.04942281631455983
sigma_g1450_g1750,train,450,0.04034653402596521
sigma_g1450_g1750,train,452,0.027029319329248763
sigma_g1450_g1750,train,453,0.02103015625772131
sigma_g1450_g1750,train,455,0.0328354258861398
sigma_g1450_g1750,train,457,0.032671904400873905
sigma_g1450_g1750,train,459,0.21990923687115435
sigma_g1450_g1750,train,460,0.032056681599263066
sigma_g1450_g1750,train,461,0.052253184442074344
sigma_g1450_g1750,train,463,0.04714893418275163
sigma_g1450_g1750,train,464,0.15341466446552038
sigma_g1450_g1750,train,465,0.023831010149238527
sigma_g1450_g1750,train,466,0.06172590195748832
sigma_g1450_g1750,train,467,0.025804320234550024
sigma_g1450_g1750,train,468,0.10005020178160556
sigma_g1450_g1750,train,472,0.04832882780842408
sigma_g1450_g1750,train,473,0.06692077972086731
sigma_g1450_g1750,train,474,0.03708543828546048
sigma_g1450_g1750,train,475,0.050059517176615255
sigma_g1450_g1750,train,476,0.01334002119674851
sigma_g1450_g1750,train,478,0.02294879800016846
sigma_g1450_g1750,train,479,0.013784929735712029
sigma_g1450_g1750,train,480,0.04989922816815016
sigma_g1450_g1750,train,482,0.033692473935590245
sigma_g1450_g1750,train,483,0.058338621698007014
sigma_g1450_g1750,train,484,0.07157028663270001
sigma_g1450_g1750,train,485,0.042191810277437854
sigma_g1450_g1750,train,486,0.04270398789261454
sigma_g1450_g1750,train,487,0.034719767333720994
sigma_g1450_g1750,train,488,0.05523061923644377
sigma_g1450_g1750,train,489,0.019822181611519413
sigma_g1450_g1750,train,490,0.05521512925130117
sigma_g1450_g1750,train,493,0.06665425187277108
sigma_g1450_g1750,train,495,0.10785009816828045
sigma_g1450_g1750,train,496,0.09930659054310222
sigma_g1450_g1750,train,499,0.04463455945041532
sigma_g1450_g1750,train,500,0.045420454781484376
sigma_g1450_g1750,train,503,0.11522800427425545
sigma_g1450_g1750,train,504,0.025807572279428977
sigma_g1450_g1750,train,505,0.04076461528717274
sigma_g1450_g1750,train,507,0.12695641424994442
sigma_g1450_g1750,train,508,0.024925050772085105
sigma_g1450_g1750,train,512,0.04763712364368323
sigma_g1450_g1750,train,514,0.12969627550229593
sigma_g1450_g1750,train,515,0.028927774982727368
sigma_g1450_g1750,train,516,0.06801114904929727
sigma_g1450_g1750,train,518,0.019412682962324766
sigma_g1450_g1750,train,519,0.06515084237664488
sigma_g1450_g1750,train,521,0.07074763104621515
sigma_g1450_g1750,train,522,0.03151705841327207
sigma_g1450_g1750,train,523,0.04176115303388666
sigma_g1450_g1750,train,524,0.05727441080743458
sigma_g1450_g1750,train,525,0.03171219994094555
sigma_g1450_g1750,train,526,0.06341422612474033
sigma_g1450_g1750,train,527,0.023787624714255398
sigma_g1450_g1750,train,528,0.019460272215696187
sigma_g1450_g1750,train,529,0.058324619359895497
sigma_g1450_g1750,train,531,0.0364603765482311
sigma_g1450_g1750,train,534,0.11129512817435444
sigma_g1450_g1750,train,537,0.06665531862240713
sigma_g1450_g1750,train,540,0.028244948424348503
sigma_g1450_g1750,train,541,0.036909460163076065
sigma_g1450_g1750,train,542,0.03944785669229316
sigma_g1450_g1750,train,543,0.12048600444761672
sigma_g1450_g1750,train,544,0.04489604979624034
sigma_g1450_g1750,train,546,0.042517858251381775
sigma_g1450_g1750,train,548,0.16790244231228035
sigma_g1450_g1750,train,549,0.10905212496816012
sigma_g1450_g1750,train,550,0.01941425861910168
sigma_g1450_g1750,train,551,0.07053507948930177
sigma_g1450_g1750,train,556,0.02960130587225638
sigma_g1450_g1750,train,557,0.04073403491494951
sigma_g1450_g1750,train,558,0.02627482955144478
sigma_g1450_g1750,train,559,0.02965526955688725
sigma_g1450_g1750,train,560,0.03980142326908146
sigma_g1450_g1750,train,561,0.10750047484203223
sigma_g1450_g1750,train,562,0.09772326187522784
sigma_g1450_g1750,train,563,0.08613455986542544
sigma_g1450_g1750,train,564,0.06394828819115432
sigma_g1450_g1750,train,565,0.04592768375390669
sigma_g1450_g1750,train,566,0.17092435112646354
sigma_g1450_g1750,train,567,0.027479194310831526
sigma_g1450_g1750,train,568,0.026165514726547327
sigma_g1450_g1750,train,569,0.058270735418723144
sigma_g1450_g1750,train,570,0.01705533799459187
sigma_g1450_g1750,train,573,0.08729708891183413
sigma_g1450_g1750,train,575,0.04433340429493147
sigma_g1450_g1750,train,578,0.02844213660846515
sigma_g1450_g1750,train,579,0.16197777991484386
sigma_g1450_g1750,train,582,0.03582572601277731
sigma_g1450_g1750,train,584,0.1820583317389098
sigma_g1450_g1750,train,585,0.030400378307533893
sigma_g1450_g1750,train,587,0.03039595989943485
sigma_g1450_g1750,train,588,0.06510008083348012
sigma_g1450_g1750,train,589,0.022034813957533986
sigma_g1450_g1750,train,590,0.06441141040271087
sigma_g1450_g1750,train,592,0.030406166452480468
sigma_g1450_g1750,train,593,0.06569183578615116
sigma_g1450_g1750,train,594,0.08696439887638757
sigma_g1450_g1750,train,595,0.06488873574221113
sigma_g1450_g1750,train,596,0.019915275288639747
sigma_g1450_g1750,train,597,0.11658575596755028
sigma_g1450_g1750,train,598,0.03225503646682983
sigma_g1450_g1750,train,600,0.061673046307333786
sigma_g1450_g1750,train,601,0.015168022960626179
sigma_g1450_g1750,train,603,0.06943083006384307
sigma_g1450_g1750,train,604,0.1539770716465752
sigma_g1450_g1750,train,606,0.08021879793017267
sigma_g1450_g1750,train,607,0.027286557848420354
sigma_g1450_g1750,train,608,0.09534073477325342
sigma_g1450_g1750,train,609,0.08321054378445526
sigma_g1450_g1750,train,610,0.060808169004018364
sigma_g1450_g1750,train,612,0.029647372528497827
sigma_g1450_g1750,train,614,0.03493551341322151
sigma_g1450_g1750,train,616,0.02720338412242536
sigma_g1450_g1750,train,617,0.05767054108515841
sigma_g1450_g1750,train,618,0.04225961715619609
sigma_g1450_g1750,train,619,0.02861320908177907
sigma_g1450_g1750,train,620,0.07476432294511973
sigma_g1450_g1750,train,621,0.08731486702901833
sigma_g1450_g1750,train,622,0.05394771294189859
sigma_g1450_g1750,train,623,0.01760271869409268
sigma_g1450_g1750,train,624,0.0488948445548213
sigma_g1450_g1750,train,625,0.042148462029209195
sigma_g1450_g1750,train,626,0.14273594355782443
sigma_g1450_g1750,train,627,0.05820543403812053
sigma_g1450_g1750,train,628,0.025179315709531955
sigma_g1450_g1750,train,629,0.03238711146069984
sigma_g1450_g1750,train,630,0.060790066327632654
sigma_g1450_g1750,train,631,0.14145888602951692
sigma_g1450_g1750,train,632,0.07880356435294326
sigma_g1450_g1750,train,633,0.03971456591069241
sigma_g1450_g1750,train,636,0.030771354118453973
sigma_g1450_g1750,train,637,0.01698525599098667
sigma_g1450_g1750,train,639,0.16798755645338168
sigma_g1450_g1750,train,641,0.06553064623047115
sigma_g1450_g1750,train,642,0.08874889444635838
sigma_g1450_g1750,train,643,0.02996181938576635
sigma_g1450_g1750,train,644,0.10473745788220636
sigma_g1450_g1750,train,645,0.09867660048087501
sigma_g1450_g1750,train,647,0.02132771767200162
sigma_g1450_g1750,train,648,0.06006822056944896
sigma_g1450_g1750,train,649,0.041699368669596934
sigma_g1450_g1750,train,650,0.03288869725037851
sigma_g1450_g1750,train,651,0.02217612531419117
sigma_g1450_g1750,train,652,0.04016494026879083
sigma_g1450_g1750,train,654,0.027498825775294278
sigma_g1450_g1750,train,655,0.0548405844417772
sigma_g1450_g1750,train,656,0.12697414247365907
sigma_g1450_g1750,train,657,0.08440587054071305
sigma_g1450_g1750,train,658,0.02523570877861333
sigma_g1450_g1750,train,659,0.011779228239759618
sigma_g1450_g1750,train,661,0.06696133357137843
sigma_g1450_g1750,train,662,0.04299919802062004
sigma_g1450_g1750,train,664,0.04668030927398446
sigma_g1450_g1750,train,665,0.03734002423533649
sigma_g1450_g1750,train,667,0.03288423474319974
sigma_g1450_g1750,train,669,0.05128658424822698
sigma_g1450_g1750,train,670,0.02233101492226157
sigma_g1450_g1750,train,672,0.03960313797518859
sigma_g1450_g1750,train,673,0.056494853933428936
sigma_g1450_g1750,train,675,0.028880920100041854
sigma_g1450_g1750,train,677,0.03553758924540804
sigma_g1450_g1750,train,678,0.03238765497266259
sigma_g1450_g1750,train,679,0.04212846554875802
sigma_g1450_g1750,train,680,0.051405885981715436
sigma_g1450_g1750,train,682,0.04670267288667115
sigma_g1450_g1750,train,683,0.050740551845782376
sigma_g1450_g1750,train,684,0.0497965843907684
sigma_g1450_g1750,train,685,0.0505110915542715
sigma_g1450_g1750,train,686,0.04148933993131069
sigma_g1450_g1750,train,690,0.04003487919301537
sigma_g1450_g1750,train,691,0.07682999753658153
sigma_g1450_g1750,train,694,0.03117365792410562
sigma_g1450_g1750,train,695,0.17376301785787845
sigma_g1450_g1750,train,698,0.04742907830019536
sigma_g1450_g1750,train,701,0.05992781806196039
sigma_g1450_g1750,train,702,0.016321671441741018
sigma_g1450_g1750,train,703,0.11213562690474939
sigma_g1450_g1750,train,705,0.031395977031170794
sigma_g1450_g1750,train,706,0.06703178331097255
sigma_g1450_g1750,train,707,0.030647076650966117
sigma_g1450_g1750,train,708,0.03412220546100229
sigma_g1450_g1750,train,709,0.012163570975289953
sigma_g1450_g1750,train,710,0.011521794207841574
sigma_g1450_g1750,train,711,0.09921246393496026
sigma_g1450_g1750,train,712,0.126363119516263
sigma_g1450_g1750,train,713,0.08558960189853326
sigma_g1450_g1750,train,715,0.033259009122592706
sigma_g1450_g1750,train,717,0.03326474087484447
sigma_g1450_g1750,train,718,0.026274067474408826
sigma_g1450_g1750,train,721,0.13986411494313428
sigma_g1450_g1750,train,722,0.024368888376542483
sigma_g1450_g1750,train,723,0.051374548295543714
sigma_g1450_g1750,train,724,0.10155554886225755
sigma_g1450_g1750,train,725,0.029813009261963057
sigma_g1450_g1750,train,726,0.026084310918106042
sigma_g1450_g1750,train,728,0.025335232639807432
sigma_g1450_g1750,train,730,0.03438842715523997
sigma_g1450_g1750,train,731,0.02634299470619257
sigma_g1450_g1750,train,736,0.02715428408956146
sigma_g1450_g1750,train,742,0.11728531223217824
sigma_g1450_g1750,train,744,0.03810570451873952
sigma_g1450_g1750,train,746,0.034550250596022083
sigma_g1450_g1750,train,747,0.04988653879810252
sigma_g1450_g1750,train,748,0.037695427211587876
sigma_g1450_g1750,train,749,0.06766575862715439
sigma_g1450_g1750,train,750,0.06101428296067755
sigma_g1450_g1750,train,751,0.10710440471847847
sigma_g1450_g1750,train,753,0.13461552023356432
sigma_g1450_g1750,train,754,0.04594966065180733
sigma_g1450_g1750,train,755,0.02731127717758423
sigma_g1450_g1750,train,756,0.15403679457657593
sigma_g1450_g1750,train,757,0.13287544537451992
sigma_g1450_g1750,train,758,0.13357758063760272
sigma_g1450_g1750,train,759,0.08756203575361446
sigma_g1450_g1750,train,760,0.029643291475907746
sigma_g1450_g1750,train,761,0.05575802336795895
sigma_g1450_g1750,train,762,0.16296016167652316
sigma_g1450_g1750,train,763,0.016175850197984617
sigma_g1450_g1750,train,764,0.13914079601276105
sigma_g1450_g1750,train,765,0.02531482432470609
sigma_g1450_g1750,train,769,0.09436281552937312
sigma_g1450_g1750,train,770,0.01554928085428144
sigma_g1450_g1750,train,771,0.06493833955551065
sigma_g1450_g1750,train,774,0.1553119186983965
sigma_g1450_g1750,train,776,0.03599097626143187
sigma_g1450_g1750,train,778,0.06710311228634029
sigma_g1450_g1750,train,779,0.0175905726553488
sigma_g1450_g1750,train,780,0.017090099234692412
sigma_g1450_g1750,train,781,0.020999290780199853
sigma_g1450_g1750,train,783,0.0598772547264659
sigma_g1450_g1750,train,784,0.021440432204932757
sigma_g1450_g1750,train,785,0.03803841804823933
sigma_g1450_g1750,train,786,0.07540624016275273
sigma_g1450_g1750,train,787,0.03364742981225793
sigma_g1450_g1750,train,790,0.10607828922474631
sigma_g1450_g1750,train,792,0.1096008151430629
sigma_g1450_g1750,train,793,0.13690040708596163
sigma_g1450_g1750,train,794,0.03614678524425024
sigma_g1450_g1750,train,795,0.017858861803275637
sigma_g1450_g1750,train,796,0.08198748172914726
sigma_g1450_g1750,train,797,0.13856223076978558
sigma_g1450_g1750,train,800,0.027887216267110222
sigma_g1450_g1750,train,804,0.07127883826979206
sigma_g1450_g1750,train,805,0.03824255415890436
sigma_g1450_g1750,train,807,0.054811331638756865
sigma_g1450_g1750,train,808,0.01789735629657278
sigma_g1450_g1750,train,810,0.012409854711415674
sigma_g1450_g1750,train,811,0.06418889927980427
sigma_g1450_g1750,train,812,0.034371320673796696
sigma_g1450_g1750,train,814,0.0359446522546164
sigma_g1450_g1750,train,816,0.05066704340200568
sigma_g1450_g1750,train,817,0.13384459048534972
sigma_g1450_g1750,train,818,0.04280230310097574
sigma_g1450_g1750,train,819,0.0835732089855167
sigma_g1450_g1750,train,820,0.031677318717432
sigma_g1450_g1750,train,822,0.05721965516668116
sigma_g1450_g1750,train,824,0.08798322269263463
sigma_g1450_g1750,train,825,0.027657814154500478
sigma_g1450_g1750,train,826,0.059499133496407536
sigma_g1450_g1750,train,827,0.05823983393321548
sigma_g1450_g1750,train,828,0.03153989105011604
sigma_g1450_g1750,train,832,0.024777292392536357
sigma_g1450_g1750,train,833,0.06385746635611227
sigma_g1450_g1750,train,838,0.02233824779542156
sigma_g1450_g1750,train,839,0.09072704925580338
sigma_g1450_g1750,train,841,0.03685052672125442
sigma_g1450_g1750,train,842,0.031169568516270514
sigma_g1450_g1750,train,843,0.02304022977911931
sigma_g1450_g1750,train,846,0.17045519011663438
sigma_g1450_g1750,train,847,0.031703121244299026
sigma_g1450_g1750,train,848,0.02418619807753626
sigma_g1450_g1750,train,849,0.06643160456926482
sigma_g1450_g1750,train,850,0.033491923701791826
sigma_g1450_g1750,train,853,0.03981533305055825
sigma_g1450_g1750,train,854,0.08984192256540359
sigma_g1450_g1750,train,855,0.045143479397222325
sigma_g1450_g1750,train,856,0.04291478274495693
sigma_g1450_g1750,train,858,0.029682778911398446
sigma_g1450_g1750,train,859,0.1324964064362434
sigma_g1450_g1750,train,860,0.03775551163785988
sigma_g1450_g1750,train,861,0.046131055502473366
sigma_g1450_g1750,train,862,0.03022047530480817
sigma_g1450_g1750,train,864,0.0856562346287051
sigma_g1450_g1750,train,865,0.05350594016521459
sigma_g1450_g1750,train,867,0.03274351409763577
sigma_g1450_g1750,train,868,0.03217176384865307
sigma_g1450_g1750,train,869,0.10200684333804756
sigma_g1450_g1750,train,870,0.05304412571382081
sigma_g1450_g1750,train,871,0.028267395916123827
sigma_g1450_g1750,train,872,0.038526912538490755
sigma_g1450_g1750,train,875,0.07419732959510286
sigma_g1450_g1750,train,876,0.026720089534772295
sigma_g1450_g1750,train,878,0.03481796916427432
sigma_g1450_g1750,train,880,0.03080175034092173
sigma_g1450_g1750,train,881,0.07254841869513906
sigma_g1450_g1750,train,883,0.026403187372724176
sigma_g1450_g1750,train,886,0.09528767697556025
sigma_g1450_g1750,train,888,0.04212786254751079
sigma_g1450_g1750,train,890,0.028570035556888505
sigma_g1450_g1750,train,891,0.012728174506390848
sigma_g1450_g1750,train,892,0.02990679154406888
sigma_g1450_g1750,train,897,0.032718771184157364
sigma_g1450_g1750,train,898,0.031606142763818144
sigma_g1450_g1750,train,899,0.03551074311387654
sigma_g1450_g1750,train,900,0.04147133224080657
sigma_g1450_g1750,train,901,0.03767294644165853
sigma_g1450_g1750,train,902,0.07391468397437609
sigma_g1450_g1750,train,903,0.048285350013882164
sigma_g1450_g1750,train,904,0.03900493919296629
sigma_g1450_g1750,train,907,0.01702000734139701
sigma_g1450_g1750,train,909,0.0529296159873391
sigma_g1450_g1750,train,910,0.048469238286512825
sigma_g1450_g1750,train,912,0.10222844376038222
sigma_g1450_g1750,train,915,0.022299288652483745
sigma_g1450_g1750,train,917,0.029663810420399183
sigma_g1450_g1750,train,918,0.011723027399585752
sigma_g1450_g1750,train,919,0.12776203170550177
sigma_g1450_g1750,train,920,0.03510445547143828
sigma_g1450_g1750,train,921,0.028314828308291566
sigma_g1450_g1750,train,923,0.016465383462502592
sigma_g1450_g1750,train,924,0.03562357225385794
sigma_g1450_g1750,train,925,0.012944189044436534
sigma_g1450_g1750,train,926,0.0361329249403247
sigma_g1450_g1750,train,928,0.046144825191731784
sigma_g1450_g1750,train,929,0.03505374757388687
sigma_g1450_g1750,train,930,0.012704115163903303
sigma_g1450_g1750,train,932,0.03251607869547428
sigma_g1450_g1750,train,933,0.023324096208506312
sigma_g1450_g1750,train,935,0.08170848984851801
sigma_g1450_g1750,train,937,0.034142280550226244
sigma_g1450_g1750,train,939,0.04642507315342832
sigma_g1450_g1750,train,941,0.03663284112032664
sigma_g1450_g1750,train,942,0.027775544408022178
sigma_g1450_g1750,train,943,0.04261986886901178
sigma_g1450_g1750,train,944,0.05057576520092185
sigma_g1450_g1750,train,945,0.01757026025832825
sigma_g1450_g1750,train,946,0.02540910255821915
sigma_g1450_g1750,train,947,0.1212872474460718
sigma_g1450_g1750,train,948,0.01782811615668467
sigma_g1450_g1750,train,949,0.09470007954673669
sigma_g1450_g1750,train,950,0.05573372087080261
sigma_g1450_g1750,train,951,0.06420433578209131
sigma_g1450_g1750,train,952,0.027283263381678566
sigma_g1450_g1750,train,954,0.05124426372018634
sigma_g1450_g1750,train,955,0.043945819402606445
sigma_g1450_g1750,train,956,0.03405035672724516
sigma_g1450_g1750,train,958,0.05601710670489233
sigma_g1450_g1750,train,960,0.07830188898755226
sigma_g1450_g1750,train,961,0.03674296146722084
sigma_g1450_g1750,train,963,0.035814339688237884
sigma_g1450_g1750,train,964,0.037404150700007716
sigma_g1450_g1750,train,965,0.029084128366298725
sigma_g1450_g1750,train,966,0.06860352172649556
sigma_g1450_g1750,train,967,0.027359251279892735
sigma_g1450_g1750,train,968,0.033057530318484546
sigma_g1450_g1750,train,970,0.022652060688069783
sigma_g1450_g1750,train,972,0.036681497178953956
sigma_g1450_g1750,train,973,0.05608096503157712
sigma_g1450_g1750,train,974,0.040365557491831655
sigma_g1450_g1750,train,975,0.05470381279538716
sigma_g1450_g1750,train,976,0.03347308223037622
sigma_g1450_g1750,train,977,0.012781664645740771
sigma_g1450_g1750,train,978,0.08480867806074344
sigma_g1450_g1750,train,980,0.06460651321122975
sigma_g1450_g1750,train,981,0.03669156769565662
sigma_g1450_g1750,train,982,0.08985168274280035
sigma_g1450_g1750,train,986,0.013639857353903244
sigma_g1450_g1750,train,989,0.044962646136587334
sigma_g1450_g1750,train,992,0.057692512733440254
sigma_g1450_g1750,train,994,0.04923004321642114
sigma_g1450_g1750,train,995,0.020334709947435817
sigma_g1450_g1750,train,996,0.06737491609125797
sigma_g1450_g1750,train,997,0.10539716562398349
sigma_g1450_g1750,train,998,0.13559047359234913
sigma_g1450_g1750,train,999,0.16155087648006966
sigma_g1450_g1750,train,1000,0.03955916341524554
sigma_g1450_g1750,validation,8,0.011756815845687768
sigma_g1450_g1750,validation,9,0.11347697195900595
sigma_g1450_g1750,validation,16,0.022159239499059423
sigma_g1450_g1750,validation,21,0.021305068255497814
sigma_g1450_g1750,validation,23,0.04468050304492066
sigma_g1450_g1750,validation,49,0.03610729027261015
sigma_g1450_g1750,validation,50,0.06669973957028613
sigma_g1450_g1750,validation,61,0.0652758520883671
sigma_g1450_g1750,validation,63,0.03401280053802843
sigma_g1450_g1750,validation,68,0.06842403250793382
sigma_g1450_g1750,validation,69,0.022015131678189543
sigma_g1450_g1750,validation,76,0.04373904605503976
sigma_g1450_g1750,validation,78,0.03763477919563957
sigma_g1450_g1750,validation,82,0.04463186941631202
sigma_g1450_g1750,validation,87,0.08875850841723051
sigma_g1450_g1750,validation,90,0.025412855184697738
sigma_g1450_g1750,validation,104,0.033102096199234245
sigma_g1450_g1750,validation,116,0.04075036081625344
sigma_g1450_g1750,validation,117,0.03744535603020823
sigma_g1450_g1750,validation,129,0.04339047382007193
sigma_g1450_g1750,validation,132,0.04699678965098844
sigma_g1450_g1750,validation,139,0.03166256775849754
sigma_g1450_g1750,validation,146,0.026379759768722078
sigma_g1450_g1750,validation,162,0.07710839413909724
sigma_g1450_g1750,validation,171,0.08300272157132756
sigma_g1450_g1750,validation,179,0.06877671675838952
sigma_g1450_g1750,validation,185,0.12454096239881197
sigma_g1450_g1750,validation,207,0.04092820366082438
sigma_g1450_g1750,validation,218,0.038728011263901206
sigma_g1450_g1750,validation,227,0.03008175635696093
sigma_g1450_g1750,validation,228,0.04979932767737537
sigma_g1450_g1750,validation,238,0.041868389754647
sigma_g1450_g1750,validation,245,0.13012259034236132
sigma_g1450_g1750,validation,248,0.06510183183957864
sigma_g1450_g1750,validation,258,0.030229327512689114
sigma_g1450_g1750,validation,260,0.02221827399456475
sigma_g1450_g1750,validation,262,0.03681536483307441
sigma_g1450_g1750,validation,268,0.07688136733096466
sigma_g1450_g1750,validation,271,0.10451841468485028
sigma_g1450_g1750,validation,273,0.015374407430327634
sigma_g1450_g1750,validation,278,0.017416670641308335
sigma_g1450_g1750,validation,291,0.08989630754742439
sigma_g1450_g1750,validation,321,0.03400539452488007
sigma_g1450_g1750,validation,325,0.01987536451600706
sigma_g1450_g1750,validation,332,0.04091138435450356
sigma_g1450_g1750,validation,340,0.06254294319322574
sigma_g1450_g1750,validation,342,0.024443552277043788
sigma_g1450_g1750,validation,353,0.08444054472089225
sigma_g1450_g1750,validation,354,0.022668926752715843
sigma_g1450_g1750,validation,367,0.124991763271547
sigma_g1450_g1750,validation,368,0.05062483464971957
sigma_g1450_g1750,validation,389,0.03148447163637098
sigma_g1450_g1750,validation,397,0.04313914991368431
sigma_g1450_g1750,validation,400,0.08486931550322045
sigma_g1450_g1750,validation,406,0.0432270608984848
sigma_g1450_g1750,validation,415,0.020421593961119783
sigma_g1450_g1750,validation,421,0.04088625623709463
sigma_g1450_g1750,validation,422,0.06960835075302817
sigma_g1450_g1750,validation,425,0.03381095232659416
sigma_g1450_g1750,validation,430,0.026293896891450102
sigma_g1450_g1750,validation,439,0.03341939620132913
sigma_g1450_g1750,validation,451,0.07452371704166183
sigma_g1450_g1750,validation,458,0.13435650512347141
sigma_g1450_g1750,validation,469,0.08435442749219928
sigma_g1450_g1750,validation,470,0.02876889532718664
sigma_g1450_g1750,validation,471,0.06285823016263657
sigma_g1450_g1750,validation,481,0.025118199795206683
sigma_g1450_g1750,validation,491,0.04010989873711903
sigma_g1450_g1750,validation,501,0.06912748130525667
sigma_g1450_g1750,validation,502,0.040626024941263904
sigma_g1450_g1750,validation,506,0.05548512882574765
sigma_g1450_g1750,validation,509,0.01749930266518596
sigma_g1450_g1750,validation,510,0.06590436617007069
sigma_g1450_g1750,validation,517,0.07565515665931113
sigma_g1450_g1750,validation,532,0.026554997436349134
sigma_g1450_g1750,validation,533,0.02609047035745116
sigma_g1450_g1750,validation,536,0.023038791409989257
sigma_g1450_g1750,validation,538,0.08125649665687992
sigma_g1450_g1750,validation,545,0.08696543908552769
sigma_g1450_g1750,validation,547,0.022506220559040262
sigma_g1450_g1750,validation,552,0.01595003775589044
sigma_g1450_g1750,validation,554,0.03194357873641825
sigma_g1450_g1750,validation,555,0.040973071845978475
sigma_g1450_g1750,validation,576,0.010119996919210991
sigma_g1450_g1750,validation,580,0.05075471518501499
sigma_g1450_g1750,validation,583,0.040920054494905
sigma_g1450_g1750,validation,599,0.04127500432899597
sigma_g1450_g1750,validation,611,0.08042465113544647
sigma_g1450_g1750,validation,613,0.025067403121324987
sigma_g1450_g1750,validation,615,0.07274226267679083
sigma_g1450_g1750,validation,635,0.03370519699013489
sigma_g1450_g1750,validation,640,0.031052023803341475
sigma_g1450_g1750,validation,653,0.044796944207091856
sigma_g1450_g1750,validation,666,0.08806933617074807
sigma_g1450_g1750,validation,674,0.0516714456992175
sigma_g1450_g1750,validation,676,0.039710530820587134
sigma_g1450_g1750,validation,681,0.027933159139014244
sigma_g1450_g1750,validation,687,0.11435780118719933
sigma_g1450_g1750,validation,688,0.05545230245294199
sigma_g1450_g1750,validation,689,0.07945911186267035
sigma_g1450_g1750,validation,693,0.0286310908843182
sigma_g1450_g1750,validation,697,0.06952705980593
sigma_g1450_g1750,validation,699,0.09365641940100064
sigma_g1450_g1750,validation,716,0.030503170152417654
sigma_g1450_g1750,validation,719,0.05317746666720133
sigma_g1450_g1750,validation,720,0.03471838933502232
sigma_g1450_g1750,validation,727,0.11146594732176629
sigma_g1450_g1750,validation,729,0.02190492981024064
sigma_g1450_g1750,validation,733,0.022279502078565806
sigma_g1450_g1750,validation,752,0.03254043868258931
sigma_g1450_g1750,validation,773,0.013140770083996436
sigma_g1450_g1750,validation,777,0.046168185531449066
sigma_g1450_g1750,validation,788,0.06866941515562604
sigma_g1450_g1750,validation,791,0.0782181095122986
sigma_g1450_g1750,validation,803,0.011079067554037338
sigma_g1450_g1750,validation,806,0.04947262052741656
sigma_g1450_g1750,validation,809,0.04305222163198098
sigma_g1450_g1750,validation,813,0.023532154873993506
sigma_g1450_g1750,validation,815,0.047052845594846626
sigma_g1450_g1750,validation,821,0.029966188543469097
sigma_g1450_g1750,validation,823,0.03609158637119353
sigma_g1450_g1750,validation,831,0.054917012987924375
sigma_g1450_g1750,validation,834,0.055809886372985305
sigma_g1450_g1750,validation,835,0.055464505128431645
sigma_g1450_g1750,validation,840,0.03414482933386645
sigma_g1450_g1750,validation,851,0.13098421078840697
sigma_g1450_g1750,validation,852,0.070222642345495
sigma_g1450_g1750,validation,863,0.0848514821511908
sigma_g1450_g1750,validation,866,0.018668193983982548
sigma_g1450_g1750,validation,874,0.019683278523748474
sigma_g1450_g1750,validation,882,0.031016197289938503
sigma_g1450_g1750,validation,884,0.06377432411945008
sigma_g1450_g1750,validation,889,0.025690582027652113
sigma_g1450_g1750,validation,895,0.13697780335195858
sigma_g1450_g1750,validation,906,0.0499007574350916
sigma_g1450_g1750,validation,908,0.04235024792013876
sigma_g1450_g1750,validation,911,0.059251877697982076
sigma_g1450_g1750,validation,914,0.020588997384456267
sigma_g1450_g1750,validation,916,0.04413951114227352
sigma_g1450_g1750,validation,931,0.03188755860389387
sigma_g1450_g1750,validation,934,0.050443542672362535
sigma_g1450_g1750,validation,936,0.03726974850060325
sigma_g1450_g1750,validation,938,0.018211494883301503
sigma_g1450_g1750,validation,953,0.14763676434034217
sigma_g1450_g1750,validation,969,0.031023209423691075
sigma_g1450_g1750,validation,971,0.07051285877588244
sigma_g1450_g1750,validation,987,0.06248781724797621
sigma_g1450_g1750,validation,990,0.038799517447920935
sigma_g1450_g1750,validation,991,0.0431315390061692
sigma_g1450_g1750,validation,993,0.020895709779326987
sigma_bandpass_1250_2100,train,1,0.12446498178948845
sigma_bandpass_1250_2100,train,2,0.05968139825552162
sigma_bandpass_1250_2100,train,3,0.07685374681756868
sigma_bandpass_1250_2100,train,5,0.05344831698226342
sigma_bandpass_1250_2100,train,10,0.037636368073583136
sigma_bandpass_1250_2100,train,11,0.04035891653588761
sigma_bandpass_1250_2100,train,12,0.04154308129940513
sigma_bandpass_1250_2100,train,13,0.04928561276317202
sigma_bandpass_1250_2100,train,14,0.034104784007098696
sigma_bandpass_1250_2100,train,15,0.02571184214901464
sigma_bandpass_1250_2100,train,17,0.03496619655053047
sigma_bandpass_1250_2100,train,18,0.017410323286959663
sigma_bandpass_1250_2100,train,19,0.02940253150330388
sigma_bandpass_1250_2100,train,20,0.03498615299474303
sigma_bandpass_1250_2100,train,22,0.02497240090114054
sigma_bandpass_1250_2100,train,24,0.12547059543609962
sigma_bandpass_1250_2100,train,26,0.023108329704608667
sigma_bandpass_1250_2100,train,27,0.03247619750655302
sigma_bandpass_1250_2100,train,29,0.024220954966332857
sigma_bandpass_1250_2100,train,30,0.10362670943784721
sigma_bandpass_1250_2100,train,31,0.019839167014167276
sigma_bandpass_1250_2100,train,32,0.05727524004971948
sigma_bandpass_1250_2100,train,35,0.02317986110688363
sigma_bandpass_1250_2100,train,36,0.047860092527977786
sigma_bandpass_1250_2100,train,37,0.0478925312436734
sigma_bandpass_1250_2100,train,38,0.029902901503136722
sigma_bandpass_1250_2100,train,39,0.012036658043088105
sigma_bandpass_1250_2100,train,40,0.06923558656090129
sigma_bandpass_1250_2100,train,41,0.021664850525268346
sigma_bandpass_1250_2100,train,42,0.05686321199198523
sigma_bandpass_1250_2100,train,43,0.08002016969406828
sigma_bandpass_1250_2100,train,44,0.02597298407879714
sigma_bandpass_1250_2100,train,46,0.1099253525073599
sigma_bandpass_1250_2100,train,47,0.05605480170659829
sigma_bandpass_1250_2100,train,48,0.014458092142238293
sigma_bandpass_1250_2100,train,51,0.06323779148400337
sigma_bandpass_1250_2100,train,52,0.059291044873129674
sigma_bandpass_1250_2100,train,53,0.02634711110711369
sigma_bandpass_1250_2100,train,54,0.16793820980670604
sigma_bandpass_1250_2100,train,55,0.053433521938473685
sigma_bandpass_1250_2100,train,56,0.06343390627732658
sigma_bandpass_1250_2100,train,57,0.05294611192608682
sigma_bandpass_1250_2100,train,58,0.07514122876685857
sigma_bandpass_1250_2100,train,59,0.04749252187240074
sigma_bandpass_1250_2100,train,60,0.03786836113888354
sigma_bandpass_1250_2100,train,62,0.0291876293918615
sigma_bandpass_1250_2100,train,64,0.04287035724621359
sigma_bandpass_1250_2100,train,65,0.08796751549223371
sigma_bandpass_1250_2100,train,66,0.023755965391333518
sigma_bandpass_1250_2100,train,70,0.02142988703223399
sigma_bandpass_1250_2100,train,73,0.014194824010373211
sigma_bandpass_1250_2100,train,74,0.11200141962040579
sigma_bandpass_1250_2100,train,75,0.03928268217884021
sigma_bandpass_1250_2100,train,77,0.03665961066429244
sigma_bandpass_1250_2100,train,79,0.03484924897708877
sigma_bandpass_1250_2100,train,80,0.14993992206425233
sigma_bandpass_1250_2100,train,81,0.06559782227261889
sigma_bandpass_1250_2100,train,84,0.02592347892567173
sigma_bandpass_1250_2100,train,85,0.048181102313843274
sigma_bandpass_1250_2100,train,86,0.1321530531280524
sigma_bandpass_1250_2100,train,88,0.032497365006679046
sigma_bandpass_1250_2100,train,89,0.12802521948840714
sigma_bandpass_1250_2100,train,91,0.10778314855520638
sigma_bandpass_1250_2100,train,92,0.03358789325737506
sigma_bandpass_1250_2100,train,93,0.04680516347869297
sigma_bandpass_1250_2100,train,95,0.08399843454368049
sigma_bandpass_1250_2100,train,96,0.06208136129146586
sigma_bandpass_1250_2100,train,97,0.06777229924297994
sigma_bandpass_1250_2100,train,98,0.06241015138787236
sigma_bandpass_1250_2100,train,100,0.034196178464338624
sigma_bandpass_1250_2100,train,101,0.02323669290133435
sigma_bandpass_1250_2100,train,102,0.017821357511410993
sigma_bandpass_1250_2100,train,103,0.01906524718225952
sigma_bandpass_1250_2100,train,105,0.0304195605491592
sigma_bandpass_1250_2100,train,107,0.03614318579534473
sigma_bandpass_1250_2100,train,108,0.02707787482404704
sigma_bandpass_1250_2100,train,109,0.013008188773875544
sigma_bandpass_1250_2100,train,110,0.06618509468937718
sigma_bandpass_1250_2100,train,111,0.022902576156408255
sigma_bandpass_1250_2100,train,112,0.023651820909343004
sigma_bandpass_1250_2100,train,114,0.027690109084850426
sigma_bandpass_1250_2100,train,115,0.09755827875335367
sigma_bandpass_1250_2100,train,118,0.09327408170486605
sigma_bandpass_1250_2100,train,120,0.04483236596744851
sigma_bandpass_1250_2100,train,121,0.1369003322745768
sigma_bandpass_1250_2100,train,122,0.014058488873435132
sigma_bandpass_1250_2100,train,123,0.027714498906812966
sigma_bandpass_1250_2100,train,124,0.01944507747793247
sigma_bandpass_1250_2100,train,125,0.021323002637762246
sigma_bandpass_1250_2100,train,126,0.02747784078853325
sigma_bandpass_1250_2100,train,127,0.05960009471505666
sigma_bandpass_1250_2100,train,128,0.08521972186048497
sigma_bandpass_1250_2100,train,130,0.09777080818237305
sigma_bandpass_1250_2100,train,131,0.09221899367967266
sigma_bandpass_1250_2100,train,133,0.046783559157496206
sigma_bandpass_1250_2100,train,134,0.14097290376010677
sigma_bandpass_1250_2100,train,135,0.04259760040315081
sigma_bandpass_1250_2100,train,138,0.036436127015420684
sigma_bandpass_1250_2100,train,141,0.021908407541292394
sigma_bandpass_1250_2100,train,142,0.05944371019480017
sigma_bandpass_1250_2100,train,143,0.12978009811667396
sigma_bandpass_1250_2100,train,144,0.01703520352873433
sigma_bandpass_1250_2100,train,147,0.02155448357776789
sigma_bandpass_1250_2100,train,148,0.018172911617298795
sigma_bandpass_1250_2100,train,149,0.040669352959103074
sigma_bandpass_1250_2100,train,151,0.045227558146445676
sigma_bandpass_1250_2100,train,152,0.08474447279528961
sigma_bandpass_1250_2100,train,155,0.11572795951904653
sigma_bandpass_1250_2100,train,156,0.019567621538421807
sigma_bandpass_1250_2100,train,157,0.1490004876260136
sigma_bandpass_1250_2100,train,158,0.034693011242941704
sigma_bandpass_1250_2100,train,159,0.0327394389023548
sigma_bandpass_1250_2100,train,160,0.02487988849397733
sigma_bandpass_1250_2100,train,161,0.06351417930531457
sigma_bandpass_1250_2100,train,163,0.024950476216739587
sigma_bandpass_1250_2100,train,164,0.019084620815034148
sigma_bandpass_1250_2100,train,166,0.059761148322117895
sigma_bandpass_1250_2100,train,167,0.0316401837473282
sigma_bandpass_1250_2100,train,168,0.04255512915027891
sigma_bandpass_1250_2100,train,170,0.03225378261603768
sigma_bandpass_1250_2100,train,172,0.020306134990237652
sigma_bandpass_1250_2100,train,173,0.02570530012018301
sigma_bandpass_1250_2100,train,174,0.05995729149549084
sigma_bandpass_1250_2100,train,176,0.06157903063929507
sigma_bandpass_1250_2100,train,177,0.021971011960365754
sigma_bandpass_1250_2100,train,178,0.04877762540459153
sigma_bandpass_1250_2100,train,180,0.037836030449345116
sigma_bandpass_1250_2100,train,181,0.03118260059029282
sigma_bandpass_1250_2100,train,182,0.03057748720494497
sigma_bandpass_1250_2100,train,183,0.026530807757261878
sigma_bandpass_1250_2100,train,184,0.04921270101097603
sigma_bandpass_1250_2100,train,186,0.048240327023921045
sigma_bandpass_1250_2100,train,187,0.02813571321138195
sigma_bandpass_1250_2100,train,188,0.023090082327648566
sigma_bandpass_1250_2100,train,189,0.018686867310254276
sigma_bandpass_1250_2100,train,190,0.021164836703476214
sigma_bandpass_1250_2100,train,192,0.031454205696078714
sigma_bandpass_1250_2100,train,193,0.03144567281311461
sigma_bandpass_1250_2100,train,194,0.02184662321347107
sigma_bandpass_1250_2100,train,195,0.020553659164634582
sigma_bandpass_1250_2100,train,196,0.03113368754381968
sigma_bandpass_1250_2100,train,197,0.01459215249549406
sigma_bandpass_1250_2100,train,198,0.14652210983211372
sigma_bandpass_1250_2100,train,199,0.02287031397117768
sigma_bandpass_1250_2100,train,200,0.020784773876858845
sigma_bandpass_1250_2100,train,201,0.12286308963051991
sigma_bandpass_1250_2100,train,203,0.12970272213516618
sigma_bandpass_1250_2100,train,205,0.06455555585951923
sigma_bandpass_1250_2100,train,206,0.059342542594343115
sigma_bandpass_1250_2100,train,208,0.09308045254914789
sigma_bandpass_1250_2100,train,209,0.06408125619989154
sigma_bandpass_1250_2100,train,210,0.08285275896896623
sigma_bandpass_1250_2100,train,211,0.046081526987805835
sigma_bandpass_1250_2100,train,212,0.025504038905016114
sigma_bandpass_1250_2100,train,213,0.05253317792897859
sigma_bandpass_1250_2100,train,214,0.059139956880084395
sigma_bandpass_1250_2100,train,216,0.06385726988470738
sigma_bandpass_1250_2100,train,219,0.01672793475259836
sigma_bandpass_1250_2100,train,221,0.059488482786614776
sigma_bandpass_1250_2100,train,222,0.02882483238984211
sigma_bandpass_1250_2100,train,223,0.11754764574025707
sigma_bandpass_1250_2100,train,224,0.028531698522007293
sigma_bandpass_1250_2100,train,225,0.09770382738310006
sigma_bandpass_1250_2100,train,226,0.03381599191973694
sigma_bandpass_1250_2100,train,231,0.019367766357827346
sigma_bandpass_1250_2100,train,233,0.1482603446223974
sigma_bandpass_1250_2100,train,235,0.01996925896831745
sigma_bandpass_1250_2100,train,236,0.06480518176224721
sigma_bandpass_1250_2100,train,237,0.04153908393574405
sigma_bandpass_1250_2100,train,239,0.020694012818469932
sigma_bandpass_1250_2100,train,240,0.03190757921584017
sigma_bandpass_1250_2100,train,241,0.02495082661977407
sigma_bandpass_1250_2100,train,242,0.07287346025628638
sigma_bandpass_1250_2100,train,243,0.024433544510675823
sigma_bandpass_1250_2100,train,246,0.05606857210347572
sigma_bandpass_1250_2100,train,247,0.06285693848109358
sigma_bandpass_1250_2100,train,249,0.04540157950845544
sigma_bandpass_1250_2100,train,250,0.18933828506864833
sigma_bandpass_1250_2100,train,251,0.02784777954282025
sigma_bandpass_1250_2100,train,252,0.04570671951794681
sigma_bandpass_1250_2100,train,253,0.024489380229361923
sigma_bandpass_1250_2100,train,254,0.04828752218632328
sigma_bandpass_1250_2100,train,255,0.030383620454676356
sigma_bandpass_1250_2100,train,256,0.05276658994104258
sigma_bandpass_1250_2100,train,257,0.10449408577583774
sigma_bandpass_1250_2100,train,259,0.021089349547372318
sigma_bandpass_1250_2100,train,261,0.03383322262234342
sigma_bandpass_1250_2100,train,264,0.09002842240354873
sigma_bandpass_1250_2100,train,265,0.08246295166847471
sigma_bandpass_1250_2100,train,266,0.03708782107595363
sigma_bandpass_1250_2100,train,270,0.048494524686922225
sigma_bandpass_1250_2100,train,272,0.04538421470222805
sigma_bandpass_1250_2100,train,274,0.036465357353854526
sigma_bandpass_1250_2100,train,275,0.031679450657344524
sigma_bandpass_1250_2100,train,276,0.03167675683423647
sigma_bandpass_1250_2100,train,277,0.02268230884874815
sigma_bandpass_1250_2100,train,279,0.02907374379374139
sigma_bandpass_1250_2100,train,280,0.021152181274197004
sigma_bandpass_1250_2100,train,281,0.025898261080902957
sigma_bandpass_1250_2100,train,283,0.13590619014430907
sigma_bandpass_1250_2100,train,285,0.013684408144239891
sigma_bandpass_1250_2100,train,287,0.04428538513285489
sigma_bandpass_1250_2100,train,288,0.013314599341779016
sigma_bandpass_1250_2100,train,289,0.026226968685894986
sigma_bandpass_1250_2100,train,290,0.06319021423846886
sigma_bandpass_1250_2100,train,294,0.12155432184868604
sigma_bandpass_1250_2100,train,295,0.036405777931481594
sigma_bandpass_1250_2100,train,296,0.026396429462839852
sigma_bandpass_1250_2100,train,297,0.03532913822984842
sigma_bandpass_1250_2100,train,298,0.01672564796169616
sigma_bandpass_1250_2100,train,300,0.040301285096032646
sigma_bandpass_1250_2100,train,301,0.05918473603856114
sigma_bandpass_1250_2100,train,305,0.12397721648556287
sigma_bandpass_1250_2100,train,306,0.046787500936539536
sigma_bandpass_1250_2100,train,307,0.016846115477196513
sigma_bandpass_1250_2100,train,308,0.009718847490691565
sigma_bandpass_1250_2100,train,309,0.061914665351698484
sigma_bandpass_1250_2100,train,310,0.09017112923647431
sigma_bandpass_1250_2100,train,311,0.029408463294392995
sigma_bandpass_1250_2100,train,313,0.06481408728960966
sigma_bandpass_1250_2100,train,315,0.03324170838025838
sigma_bandpass_1250_2100,train,316,0.02684587697767961
sigma_bandpass_1250_2100,train,317,0.05388720530242344
sigma_bandpass_1250_2100,train,318,0.05678167303165839
sigma_bandpass_1250_2100,train,319,0.09632646159835594
sigma_bandpass_1250_2100,train,320,0.016502553839036448
sigma_bandpass_1250_2100,train,322,0.043145960743489885
sigma_bandpass_1250_2100,train,323,0.01579557922585535
sigma_bandpass_1250_2100,train,324,0.15611553626715355
sigma_bandpass_1250_2100,train,326,0.017620632405057467
sigma_bandpass_1250_2100,train,327,0.08694408477491135
sigma_bandpass_1250_2100,train,328,0.052952250403116005
sigma_bandpass_1250_2100,train,329,0.050143432912719305
sigma_bandpass_1250_2100,train,330,0.05605973917284517
sigma_bandpass_1250_2100,train,331,0.026545068457874122
sigma_bandpass_1250_2100,train,334,0.09571558209185886
sigma_bandpass_1250_2100,train,335,0.02254840111233137
sigma_bandpass_1250_2100,train,336,0.025040842478731448
sigma_bandpass_1250_2100,train,337,0.15736136189953828
sigma_bandpass_1250_2100,train,338,0.04159373369523018
sigma_bandpass_1250_2100,train,341,0.07098164595315652
sigma_bandpass_1250_2100,train,343,0.009298012182351746
sigma_bandpass_1250_2100,train,344,0.014469955809802091
sigma_bandpass_1250_2100,train,345,0.05443532338981269
sigma_bandpass_1250_2100,train,347,0.015963766321842293
sigma_bandpass_1250_2100,train,348,0.0167611606857929
sigma_bandpass_1250_2100,train,349,0.0399434486631141
sigma_bandpass_1250_2100,train,350,0.01589023031047044
sigma_bandpass_1250_2100,train,352,0.03222068236176905
sigma_bandpass_1250_2100,train,355,0.1835253947538448
sigma_bandpass_1250_2100,train,358,0.03900386850500882
sigma_bandpass_1250_2100,train,359,0.0323347961990515
sigma_bandpass_1250_2100,train,360,0.016297363330233308
sigma_bandpass_1250_2100,train,361,0.030368850115151787
sigma_bandpass_1250_2100,train,362,0.023351761291229768
sigma_bandpass_1250_2100,train,363,0.039292119678466145
sigma_bandpass_1250_2100,train,366,0.017643914818605416
sigma_bandpass_1250_2100,train,369,0.028663155296577217
sigma_bandpass_1250_2100,train,370,0.025267804019824515
sigma_bandpass_1250_2100,train,371,0.030173865845215864
sigma_bandpass_1250_2100,train,372,0.04222759872701163
sigma_bandpass_1250_2100,train,373,0.013766388260671667
sigma_bandpass_1250_2100,train,374,0.029633556780682697
sigma_bandpass_1250_2100,train,375,0.12602783116602892
sigma_bandpass_1250_2100,train,376,0.022253144851494596
sigma_bandpass_1250_2100,train,377,0.13642827687142522
sigma_bandpass_1250_2100,train,378,0.11203998791657813
sigma_bandpass_1250_2100,train,379,0.03124015823190942
sigma_bandpass_1250_2100,train,380,0.04096698498566448
sigma_bandpass_1250_2100,train,381,0.013659685491901616
sigma_bandpass_1250_2100,train,382,0.028865720889470536
sigma_bandpass_1250_2100,train,383,0.13663518770165445
sigma_bandpass_1250_2100,train,384,0.025579433012020425
sigma_bandpass_1250_2100,train,385,0.03079921363600969
sigma_bandpass_1250_2100,train,386,0.014260670967833504
sigma_bandpass_1250_2100,train,387,0.05052804443472192
sigma_bandpass_1250_2100,train,388,0.04487613922361194
sigma_bandpass_1250_2100,train,390,0.04040794643866803
sigma_bandpass_1250_2100,train,391,0.010840256907243134
sigma_bandpass_1250_2100,train,392,0.03327517041217794
sigma_bandpass_1250_2100,train,393,0.05100220037312142
sigma_bandpass_1250_2100,train,395,0.04398462246034193
sigma_bandpass_1250_2100,train,396,0.05370103848282548
sigma_bandpass_1250_2100,train,398,0.04022673108800425
sigma_bandpass_1250_2100,train,399,0.015047392647783892
sigma_bandpass_1250_2100,train,401,0.03690161865670869
sigma_bandpass_1250_2100,train,402,0.06356716304758164
sigma_bandpass_1250_2100,train,403,0.01565532692266587
sigma_bandpass_1250_2100,train,404,0.03353655423211278
sigma_bandpass_1250_2100,train,405,0.16909077630396308
sigma_bandpass_1250_2100,train,407,0.021368518578566184
sigma_bandpass_1250_2100,train,408,0.08895498224480686
sigma_bandpass_1250_2100,train,410,0.05270988395824627
sigma_bandpass_1250_2100,train,411,0.024710662351861912
sigma_bandpass_1250_2100,train,412,0.02003583772358646
sigma_bandpass_1250_2100,train,414,0.031172282308259545
sigma_bandpass_1250_2100,train,416,0.10630325289451355
sigma_bandpass_1250_2100,train,417,0.03860570076372793
sigma_bandpass_1250_2100,train,418,0.057221054573271535
sigma_bandpass_1250_2100,train,419,0.06810740312313437
sigma_bandpass_1250_2100,train,420,0.04285759919081461
sigma_bandpass_1250_2100,train,423,0.03783305603882611
sigma_bandpass_1250_2100,train,424,0.015507921451557286
sigma_bandpass_1250_2100,train,426,0.017449389700663048
sigma_bandpass_1250_2100,train,427,0.033304565074399516
sigma_bandpass_1250_2100,train,428,0.05968630717943955
sigma_bandpass_1250_2100,train,429,0.013336948844738294
sigma_bandpass_1250_2100,train,431,0.04122043300890917
sigma_bandpass_1250_2100,train,432,0.1649318209059919
sigma_bandpass_1250_2100,train,433,0.12548834055071953
sigma_bandpass_1250_2100,train,436,0.028296611588672357
sigma_bandpass_1250_2100,train,437,0.02423238186953123
sigma_bandpass_1250_2100,train,438,0.14622486254135922
sigma_bandpass_1250_2100,train,440,0.05970330024986512
sigma_bandpass_1250_2100,train,441,0.012102982478920428
sigma_bandpass_1250_2100,train,442,0.1333993539999572
sigma_bandpass_1250_2100,train,443,0.046958993462365865
sigma_bandpass_1250_2100,train,444,0.07753029846456296
sigma_bandpass_1250_2100,train,445,0.04435900379568531
sigma_bandpass_1250_2100,train,446,0.11369255777286162
sigma_bandpass_1250_2100,train,447,0.16999059472016043
sigma_bandpass_1250_2100,train,448,0.03839918154286903
sigma_bandpass_1250_2100,train,449,0.05034060251339392
sigma_bandpass_1250_2100,train,450,0.04010386826371321
sigma_bandpass_1250_2100,train,452,0.026986902032671012
sigma_bandpass_1250_2100,train,453,0.022222856987840562
sigma_bandpass_1250_2100,train,455,0.03279159835248192
sigma_bandpass_1250_2100,train,457,0.030506747833120955
sigma_bandpass_1250_2100,train,459,0.22277115157067834
sigma_bandpass_1250_2100,train,460,0.03064519413386146
sigma_bandpass_1250_2100,train,461,0.052724313787030096
sigma_bandpass_1250_2100,train,463,0.04088786479879109
sigma_bandpass_1250_2100,train,464,0.14711221809971775
sigma_bandpass_1250_2100,train,465,0.02414139977404463
sigma_bandpass_1250_2100,train,466,0.06278558015927557
sigma_bandpass_1250_2100,train,467,0.02188223123302255
sigma_bandpass_1250_2100,train,468,0.10204787519257912
sigma_bandpass_1250_2100,train,472,0.04702943539657373
sigma_bandpass_1250_2100,train,473,0.06475634766328094
sigma_bandpass_1250_2100,train,474,0.03170645275157658
sigma_bandpass_1250_2100,train,475,0.05103176490922109
sigma_bandpass_1250_2100,train,476,0.014080896243045453
sigma_bandpass_1250_2100,train,478,0.019622267703840755
sigma_bandpass_1250_2100,train,479,0.014043358084510321
sigma_bandpass_1250_2100,train,480,0.05119252504960278
sigma_bandpass_1250_2100,train,482,0.03479494193358967
sigma_bandpass_1250_2100,train,483,0.060116716085176415
sigma_bandpass_1250_2100,train,484,0.07285098778872409
sigma_bandpass_1250_2100,train,485,0.04254308929134972
sigma_bandpass_1250_2100,train,486,0.043505512952468565
sigma_bandpass_1250_2100,train,487,0.034522787232724735
sigma_bandpass_1250_2100,train,488,0.054512905191575554
sigma_bandpass_1250_2100,train,489,0.020827365362638826
sigma_bandpass_1250_2100,train,490,0.052604296665443306
sigma_bandpass_1250_2100,train,493,0.06625247276194988
sigma_bandpass_1250_2100,train,495,0.10982623810926304
sigma_bandpass_1250_2100,train,496,0.09963493408949457
sigma_bandpass_1250_2100,train,499,0.04499009079670555
sigma_bandpass_1250_2100,train,500,0.04301138588555112
sigma_bandpass_1250_2100,train,503,0.11332344777939132
sigma_bandpass_1250_2100,train,504,0.023983450869532612
sigma_bandpass_1250_2100,train,505,0.04028156150220566
sigma_bandpass_1250_2100,train,507,0.12583934251478068
sigma_bandpass_1250_2100,train,508,0.022186661332272203
sigma_bandpass_1250_2100,train,512,0.04898600188622281
sigma_bandpass_1250_2100,train,514,0.12492748631320373
sigma_bandpass_1250_2100,train,515,0.028393427301087328
sigma_bandpass_1250_2100,train,516,0.0653894459818122
sigma_bandpass_1250_2100,train,518,0.019545854991694672
sigma_bandpass_1250_2100,train,519,0.06792782477124387
sigma_bandpass_1250_2100,train,521,0.07173536764594367
sigma_bandpass_1250_2100,train,522,0.03198645225874669
sigma_bandpass_1250_2100,train,523,0.0417418249859169
sigma_bandpass_1250_2100,train,524,0.05690563604522734
sigma_bandpass_1250_2100,train,525,0.027687086563453124
sigma_bandpass_1250_2100,train,526,0.06424069679636332
sigma_bandpass_1250_2100,train,527,0.024109632879668132
sigma_bandpass_1250_2100,train,528,0.01865317788812579
sigma_bandpass_1250_2100,train,529,0.05719569020772298
sigma_bandpass_1250_2100,train,531,0.037138257733232816
sigma_bandpass_1250_2100,train,534,0.11353060126382766
sigma_bandpass_1250_2100,train,537,0.06722382427419069
sigma_bandpass_1250_2100,train,540,0.025456047133806486
sigma_bandpass_1250_2100,train,541,0.035154005376705426
sigma_bandpass_1250_2100,train,542,0.033059800381843016
sigma_bandpass_1250_2100,train,543,0.11708764613008234
sigma_bandpass_1250_2100,train,544,0.043569706362165644
sigma_bandpass_1250_2100,train,546,0.04355944008203483
sigma_bandpass_1250_2100,train,548,0.17056878566349873
sigma_bandpass_1250_2100,train,549,0.1097054357652052
sigma_bandpass_1250_2100,train,550,0.01987089270144616
sigma_bandpass_1250_2100,train,551,0.07271226610385041
sigma_bandpass_1250_2100,train,556,0.028038957008031298
sigma_bandpass_1250_2100,train,557,0.04247614306617282
sigma_bandpass_1250_2100,train,558,0.022139016356786327
sigma_bandpass_1250_2100,train,559,0.030291569760536978
sigma_bandpass_1250_2100,train,560,0.034823815741326716
sigma_bandpass_1250_2100,train,561,0.10397180324384511
sigma_bandpass_1250_2100,train,562,0.09463690689872688
sigma_bandpass_1250_2100,train,563,0.08337266724443189
sigma_bandpass_1250_2100,train,564,0.06160269025963643
sigma_bandpass_1250_2100,train,565,0.046627566548066775
sigma_bandpass_1250_2100,train,566,0.16566145825091058
sigma_bandpass_1250_2100,train,567,0.027986509419240562
sigma_bandpass_1250_2100,train,568,0.024302392985658606
sigma_bandpass_1250_2100,train,569,0.05460412938547201
sigma_bandpass_1250_2100,train,570,0.01780416541660537
sigma_bandpass_1250_2100,train,573,0.08519924604494547
sigma_bandpass_1250_2100,train,575,0.045080801110946075
sigma_bandpass_1250_2100,train,578,0.02550845358128309
sigma_bandpass_1250_2100,train,579,0.15940954753224476
sigma_bandpass_1250_2100,train,582,0.030439526240728827
sigma_bandpass_1250_2100,train,584,0.18000972642489554
sigma_bandpass_1250_2100,train,585,0.031018601257738015
sigma_bandpass_1250_2100,train,587,0.03137009507289619
sigma_bandpass_1250_2100,train,588,0.06429580394756504
sigma_bandpass_1250_2100,train,589,0.022146636160946566
sigma_bandpass_1250_2100,train,590,0.06361330160129766
sigma_bandpass_1250_2100,train,592,0.031000571968051498
sigma_bandpass_1250_2100,train,593,0.06838101555611759
sigma_bandpass_1250_2100,train,594,0.08455972781345354
sigma_bandpass_1250_2100,train,595,0.06229357703052849
sigma_bandpass_1250_2100,train,596,0.017808262016528208
sigma_bandpass_1250_2100,train,597,0.11778671260706847
sigma_bandpass_1250_2100,train,598,0.03306331938686974
sigma_bandpass_1250_2100,train,600,0.06357886120257797
sigma_bandpass_1250_2100,train,601,0.015357952234258876
sigma_bandpass_1250_2100,train,603,0.07133176846887845
sigma_bandpass_1250_2100,train,604,0.14912048470400271
sigma_bandpass_1250_2100,train,606,0.07911840001711892
sigma_bandpass_1250_2100,train,607,0.028356285903202185
sigma_bandpass_1250_2100,train,608,0.09855021352509317
sigma_bandpass_1250_2100,train,609,0.08571167470572998
sigma_bandpass_1250_2100,train,610,0.05914661252750824
sigma_bandpass_1250_2100,train,612,0.027970928183994586
sigma_bandpass_1250_2100,train,614,0.03622356926362932
sigma_bandpass_1250_2100,train,616,0.02375841598646533
sigma_bandpass_1250_2100,train,617,0.05918989721602846
sigma_bandpass_1250_2100,train,618,0.04344356761944049
sigma_bandpass_1250_2100,train,619,0.028898318059964408
sigma_bandpass_1250_2100,train,620,0.07630209517721676
sigma_bandpass_1250_2100,train,621,0.08499162517450538
sigma_bandpass_1250_2100,train,622,0.05536440187520564
sigma_bandpass_1250_2100,train,623,0.01568628358301124
sigma_bandpass_1250_2100,train,624,0.050160913669313974
sigma_bandpass_1250_2100,train,625,0.039856933720352
sigma_bandpass_1250_2100,train,626,0.147300673883655
sigma_bandpass_1250_2100,train,627,0.060060649758545505
sigma_bandpass_1250_2100,train,628,0.023677292715034323
sigma_bandpass_1250_2100,train,629,0.030470946745253948
sigma_bandpass_1250_2100,train,630,0.05838884948677278
sigma_bandpass_1250_2100,train,631,0.13661685475690685
sigma_bandpass_1250_2100,train,632,0.08106083254907125
sigma_bandpass_1250_2100,train,633,0.041102481163369314
sigma_bandpass_1250_2100,train,636,0.030639356200717796
sigma_bandpass_1250_2100,train,637,0.015002846789550658
sigma_bandpass_1250_2100,train,639,0.16523809015136628
sigma_bandpass_1250_2100,train,641,0.06724496760104211
sigma_bandpass_1250_2100,train,642,0.08703473099628833
sigma_bandpass_1250_2100,train,643,0.03110871744389995
sigma_bandpass_1250_2100,train,644,0.10710755123117634
sigma_bandpass_1250_2100,train,645,0.10003955085239252
sigma_bandpass_1250_2100,train,647,0.022201697566339558
sigma_bandpass_1250_2100,train,648,0.06254948924117762
sigma_bandpass_1250_2100,train,649,0.04196207267633072
sigma_bandpass_1250_2100,train,650,0.027467185110202637
sigma_bandpass_1250_2100,train,651,0.023319280500584127
sigma_bandpass_1250_2100,train,652,0.04172908705617338
sigma_bandpass_1250_2100,train,654,0.028418910552002276
sigma_bandpass_1250_2100,train,655,0.05607848535446852
sigma_bandpass_1250_2100,train,656,0.13183714285509607
sigma_bandpass_1250_2100,train,657,0.08153199255699173
sigma_bandpass_1250_2100,train,658,0.026138633558588188
sigma_bandpass_1250_2100,train,659,0.011285941217895473
sigma_bandpass_1250_2100,train,661,0.06492671571551704
sigma_bandpass_1250_2100,train,662,0.04302888059083692
sigma_bandpass_1250_2100,train,664,0.046870852453485386
sigma_bandpass_1250_2100,train,665,0.038079872907583905
sigma_bandpass_1250_2100,train,667,0.03114086708286818
sigma_bandpass_1250_2100,train,669,0.05220164651503615
sigma_bandpass_1250_2100,train,670,0.020088896843856674
sigma_bandpass_1250_2100,train,672,0.03357350085465074
sigma_bandpass_1250_2100,train,673,0.05783029394289079
sigma_bandpass_1250_2100,train,675,0.02999432414838536
sigma_bandpass_1250_2100,train,677,0.035995061169534846
sigma_bandpass_1250_2100,train,678,0.032000667154576605
sigma_bandpass_1250_2100,train,679,0.03994505230036948
sigma_bandpass_1250_2100,train,680,0.052837150562660556
sigma_bandpass_1250_2100,train,682,0.04743621912294175
sigma_bandpass_1250_2100,train,683,0.04922808818502878
sigma_bandpass_1250_2100,train,684,0.05095189406639686
sigma_bandpass_1250_2100,train,685,0.05178972963514061
sigma_bandpass_1250_2100,train,686,0.041348830458765855
sigma_bandpass_1250_2100,train,690,0.0398613774791527
sigma_bandpass_1250_2100,train,691,0.07888858124835932
sigma_bandpass_1250_2100,train,694,0.029624553037077523
sigma_bandpass_1250_2100,train,695,0.17209698556098982
sigma_bandpass_1250_2100,train,698,0.04911799295219719
sigma_bandpass_1250_2100,train,701,0.05948545159035871
sigma_bandpass_1250_2100,train,702,0.015947515313251996
sigma_bandpass_1250_2100,train,703,0.10887515365890568
sigma_bandpass_1250_2100,train,705,0.02619514557125493
sigma_bandpass_1250_2100,train,706,0.06325556178832469
sigma_bandpass_1250_2100,train,707,0.026580870044044944
sigma_bandpass_1250_2100,train,708,0.0308721352537847
sigma_bandpass_1250_2100,train,709,0.011987988571942797
sigma_bandpass_1250_2100,train,710,0.011680968229113846
sigma_bandpass_1250_2100,train,711,0.09914403042918923
sigma_bandpass_1250_2100,train,712,0.13031874296603035
sigma_bandpass_1250_2100,train,713,0.08586729314830137
sigma_bandpass_1250_2100,train,715,0.028759892155049323
sigma_bandpass_1250_2100,train,717,0.033442471757400116
sigma_bandpass_1250_2100,train,718,0.02739936211281341
sigma_bandpass_1250_2100,train,721,0.13743787596530815
sigma_bandpass_1250_2100,train,722,0.024374828879269575
sigma_bandpass_1250_2100,train,723,0.048366995413446086
sigma_bandpass_1250_2100,train,724,0.10537531998436916
sigma_bandpass_1250_2100,train,725,0.030114552996452704
sigma_bandpass_1250_2100,train,726,0.022637691624496605
sigma_bandpass_1250_2100,train,728,0.025412696361786773
sigma_bandpass_1250_2100,train,730,0.032942550897152575
sigma_bandpass_1250_2100,train,731,0.02716864430087442
sigma_bandpass_1250_2100,train,736,0.027383604456660705
sigma_bandpass_1250_2100,train,742,0.1148902432630977
sigma_bandpass_1250_2100,train,744,0.03399280782829773
sigma_bandpass_1250_2100,train,746,0.03579842355114564
sigma_bandpass_1250_2100,train,747,0.05183549178291441
sigma_bandpass_1250_2100,train,748,0.037300961590490685
sigma_bandpass_1250_2100,train,749,0.0631060500272065
sigma_bandpass_1250_2100,train,750,0.05708329348074861
sigma_bandpass_1250_2100,train,751,0.10406002029271562
sigma_bandpass_1250_2100,train,753,0.1323567328150558
sigma_bandpass_1250_2100,train,754,0.047343056927715385
sigma_bandpass_1250_2100,train,755,0.027063878441353873
sigma_bandpass_1250_2100,train,756,0.15138731686466678
sigma_bandpass_1250_2100,train,757,0.1386237617029327
sigma_bandpass_1250_2100,train,758,0.13922193053988968
sigma_bandpass_1250_2100,train,759,0.0893890877547618
sigma_bandpass_1250_2100,train,760,0.02854303773501148
sigma_bandpass_1250_2100,train,761,0.0559415750486864
sigma_bandpass_1250_2100,train,762,0.15775712829129246
sigma_bandpass_1250_2100,train,763,0.016166397611570214
sigma_bandpass_1250_2100,train,764,0.14459193159075062
sigma_bandpass_1250_2100,train,765,0.02135917251903869
sigma_bandpass_1250_2100,train,769,0.09496113457403857
sigma_bandpass_1250_2100,train,770,0.014063558470389882
sigma_bandpass_1250_2100,train,771,0.06666061857306002
sigma_bandpass_1250_2100,train,774,0.15904209249405593
sigma_bandpass_1250_2100,train,776,0.03127673943209463
sigma_bandpass_1250_2100,train,778,0.06565395241826817
sigma_bandpass_1250_2100,train,779,0.016885716784578127
sigma_bandpass_1250_2100,train,780,0.01792485642873425
sigma_bandpass_1250_2100,train,781,0.02068648570952027
sigma_bandpass_1250_2100,train,783,0.058195062873999365
sigma_bandpass_1250_2100,train,784,0.01930952802994065
sigma_bandpass_1250_2100,train,785,0.03838725966594499
sigma_bandpass_1250_2100,train,786,0.07207111985353477
sigma_bandpass_1250_2100,train,787,0.03041138380144576
sigma_bandpass_1250_2100,train,790,0.10473826472556298
sigma_bandpass_1250_2100,train,792,0.11167142754742342
sigma_bandpass_1250_2100,train,793,0.1330582914320022
sigma_bandpass_1250_2100,train,794,0.035921078728627716
sigma_bandpass_1250_2100,train,795,0.017155457834288963
sigma_bandpass_1250_2100,train,796,0.0821851349754776
sigma_bandpass_1250_2100,train,797,0.1408769162282668
sigma_bandpass_1250_2100,train,800,0.028963260466709082
sigma_bandpass_1250_2100,train,804,0.06796716572083508
sigma_bandpass_1250_2100,train,805,0.03405404554271834
sigma_bandpass_1250_2100,train,807,0.05142258375779753
sigma_bandpass_1250_2100,train,808,0.0183074029975525
sigma_bandpass_1250_2100,train,810,0.011179204899508136
sigma_bandpass_1250_2100,train,811,0.06439307186233714
sigma_bandpass_1250_2100,train,812,0.03557936558969321
sigma_bandpass_1250_2100,train,814,0.03518937731287851
sigma_bandpass_1250_2100,train,816,0.05172295849895399
sigma_bandpass_1250_2100,train,817,0.14058918203366197
sigma_bandpass_1250_2100,train,818,0.043312176101563224
sigma_bandpass_1250_2100,train,819,0.08555792663063098
sigma_bandpass_1250_2100,train,820,0.02659947778420427
sigma_bandpass_1250_2100,train,822,0.059486854145116196
sigma_bandpass_1250_2100,train,824,0.0862851595663338
sigma_bandpass_1250_2100,train,825,0.02775529855746373
sigma_bandpass_1250_2100,train,826,0.058296403858026105
sigma_bandpass_1250_2100,train,827,0.055402810287615206
sigma_bandpass_1250_2100,train,828,0.032596262030032915
sigma_bandpass_1250_2100,train,832,0.025944572466493416
sigma_bandpass_1250_2100,train,833,0.06377423987133413
sigma_bandpass_1250_2100,train,838,0.02227751371586346
sigma_bandpass_1250_2100,train,839,0.09282882109956514
sigma_bandpass_1250_2100,train,841,0.03202722794952789
sigma_bandpass_1250_2100,train,842,0.029625659158129015
sigma_bandpass_1250_2100,train,843,0.023457282253755613
sigma_bandpass_1250_2100,train,846,0.1663820681921405
sigma_bandpass_1250_2100,train,847,0.026516693524637876
sigma_bandpass_1250_2100,train,848,0.023703211134432963
sigma_bandpass_1250_2100,train,849,0.06281900800724674
sigma_bandpass_1250_2100,train,850,0.034493948427017584
sigma_bandpass_1250_2100,train,853,0.040460031900799436
sigma_bandpass_1250_2100,train,854,0.08974758830972379
sigma_bandpass_1250_2100,train,855,0.04617479869391192
sigma_bandpass_1250_2100,train,856,0.044448200738525505
sigma_bandpass_1250_2100,train,858,0.025500275435013882
sigma_bandpass_1250_2100,train,859,0.13254427282556827
sigma_bandpass_1250_2100,train,860,0.039224303486471386
sigma_bandpass_1250_2100,train,861,0.041871783493387923
sigma_bandpass_1250_2100,train,862,0.02877010577918935
sigma_bandpass_1250_2100,train,864,0.08332180001412953
sigma_bandpass_1250_2100,train,865,0.05074161221508494
sigma_bandpass_1250_2100,train,867,0.033270170360668684
sigma_bandpass_1250_2100,train,868,0.031672092613445814
sigma_bandpass_1250_2100,train,869,0.09860535993943703
sigma_bandpass_1250_2100,train,870,0.0533839877868735
sigma_bandpass_1250_2100,train,871,0.025065977539932678
sigma_bandpass_1250_2100,train,872,0.03863392379864225
sigma_bandpass_1250_2100,train,875,0.07579613523323028
sigma_bandpass_1250_2100,train,876,0.027754385234060836
sigma_bandpass_1250_2100,train,878,0.035238879347759766
sigma_bandpass_1250_2100,train,880,0.0295875516813664
sigma_bandpass_1250_2100,train,881,0.07439800503291231
sigma_bandpass_1250_2100,train,883,0.027380971120742805
sigma_bandpass_1250_2100,train,886,0.09799875323647023
sigma_bandpass_1250_2100,train,888,0.0376176346966897
sigma_bandpass_1250_2100,train,890,0.027234301968474005
sigma_bandpass_1250_2100,train,891,0.011156440059251082
sigma_bandpass_1250_2100,train,892,0.026012237907227533
sigma_bandpass_1250_2100,train,897,0.032326525086809554
sigma_bandpass_1250_2100,train,898,0.03281351194384951
sigma_bandpass_1250_2100,train,899,0.03551340885233995
sigma_bandpass_1250_2100,train,900,0.041907222420347605
sigma_bandpass_1250_2100,train,901,0.03725974482972794
sigma_bandpass_1250_2100,train,902,0.07056800510815173
sigma_bandpass_1250_2100,train,903,0.04925445483415849
sigma_bandpass_1250_2100,train,904,0.03613021775420755
sigma_bandpass_1250_2100,train,907,0.015659406576283584
sigma_bandpass_1250_2100,train,909,0.051496689035927364
sigma_bandpass_1250_2100,train,910,0.04923311766962594
sigma_bandpass_1250_2100,train,912,0.10050356746191508
sigma_bandpass_1250_2100,train,915,0.02145257176000994
sigma_bandpass_1250_2100,train,917,0.028658527453517057
sigma_bandpass_1250_2100,train,918,0.012217317962712117
sigma_bandpass_1250_2100,train,919,0.12882653083230128
sigma_bandpass_1250_2100,train,920,0.03572620602647198
sigma_bandpass_1250_2100,train,921,0.028979025507654813
sigma_bandpass_1250_2100,train,923,0.017241411716340867
sigma_bandpass_1250_2100,train,924,0.03470957299173372
sigma_bandpass_1250_2100,train,925,0.013931578518198814
sigma_bandpass_1250_2100,train,926,0.03581441945115751
sigma_bandpass_1250_2100,train,928,0.039821394390079236
sigma_bandpass_1250_2100,train,929,0.03296005135895378
sigma_bandpass_1250_2100,train,930,0.013201289826226384
sigma_bandpass_1250_2100,train,932,0.030073436499571633
sigma_bandpass_1250_2100,train,933,0.02324382157441198
sigma_bandpass_1250_2100,train,935,0.08345844185968852
sigma_bandpass_1250_2100,train,937,0.03339575886709111
sigma_bandpass_1250_2100,train,939,0.04697921438395634
sigma_bandpass_1250_2100,train,941,0.036121504187570395
sigma_bandpass_1250_2100,train,942,0.026245736334901126
sigma_bandpass_1250_2100,train,943,0.04337328032342914
sigma_bandpass_1250_2100,train,944,0.05164614629374158
sigma_bandpass_1250_2100,train,945,0.01799722460029998
sigma_bandpass_1250_2100,train,946,0.026434834951315937
sigma_bandpass_1250_2100,train,947,0.12621351133750902
sigma_bandpass_1250_2100,train,948,0.017887349276670426
sigma_bandpass_1250_2100,train,949,0.09761229285035518
sigma_bandpass_1250_2100,train,950,0.05623630542419903
sigma_bandpass_1250_2100,train,951,0.06314716246162691
sigma_bandpass_1250_2100,train,952,0.026866144888246915
sigma_bandpass_1250_2100,train,954,0.04540745532975027
sigma_bandpass_1250_2100,train,955,0.0452054504835871
sigma_bandpass_1250_2100,train,956,0.03220987447619744
sigma_bandpass_1250_2100,train,958,0.05778180096580863
sigma_bandpass_1250_2100,train,960,0.07607359414473838
sigma_bandpass_1250_2100,train,961,0.03712653607407466
sigma_bandpass_1250_2100,train,963,0.03033668716401959
sigma_bandpass_1250_2100,train,964,0.03653192638723503
sigma_bandpass_1250_2100,train,965,0.02509785731790961
sigma_bandpass_1250_2100,train,966,0.06621770811615403
sigma_bandpass_1250_2100,train,967,0.02721370636125407
sigma_bandpass_1250_2100,train,968,0.0344354025326923
sigma_bandpass_1250_2100,train,970,0.021751272538136465
sigma_bandpass_1250_2100,train,972,0.03799013821873026
sigma_bandpass_1250_2100,train,973,0.057720646270696736
sigma_bandpass_1250_2100,train,974,0.041611550006519574
sigma_bandpass_1250_2100,train,975,0.05630120616816781
sigma_bandpass_1250_2100,train,976,0.03169677452727434
sigma_bandpass_1250_2100,train,977,0.013280982575318274
sigma_bandpass_1250_2100,train,978,0.08603358496849828
sigma_bandpass_1250_2100,train,980,0.060401563871153606
sigma_bandpass_1250_2100,train,981,0.037596529894485996
sigma_bandpass_1250_2100,train,982,0.0931887630351322
sigma_bandpass_1250_2100,train,986,0.01351189435566968
sigma_bandpass_1250_2100,train,989,0.04603837063553599
sigma_bandpass_1250_2100,train,992,0.058254287323514606
sigma_bandpass_1250_2100,train,994,0.04705312999889069
sigma_bandpass_1250_2100,train,995,0.01928353169756219
sigma_bandpass_1250_2100,train,996,0.06959596157288407
sigma_bandpass_1250_2100,train,997,0.10672955238417411
sigma_bandpass_1250_2100,train,998,0.13911087371249603
sigma_bandpass_1250_2100,train,999,0.16232200178907863
sigma_bandpass_1250_2100,train,1000,0.03776572012678106
sigma_bandpass_1250_2100,validation,8,0.012193687815902363
sigma_bandpass_1250_2100,validation,9,0.11669732754991971
sigma_bandpass_1250_2100,validation,16,0.021777088761072
sigma_bandpass_1250_2100,validation,21,0.019156776907923424
sigma_bandpass_1250_2100,validation,23,0.04533786429909276
sigma_bandpass_1250_2100,validation,49,0.036103234063618296
sigma_bandpass_1250_2100,validation,50,0.06325102888608271
sigma_bandpass_1250_2100,validation,61,0.06078130463310391
sigma_bandpass_1250_2100,validation,63,0.0295120313485336
sigma_bandpass_1250_2100,validation,68,0.06974698546422728
sigma_bandpass_1250_2100,validation,69,0.01837344003155464
sigma_bandpass_1250_2100,validation,76,0.04451355040937532
sigma_bandpass_1250_2100,validation,78,0.032612922328637016
sigma_bandpass_1250_2100,validation,82,0.042108131962668945
sigma_bandpass_1250_2100,validation,87,0.08905420948452648
sigma_bandpass_1250_2100,validation,90,0.02100272442639958
sigma_bandpass_1250_2100,validation,104,0.03358508526775801
sigma_bandpass_1250_2100,validation,116,0.04169207800902893
sigma_bandpass_1250_2100,validation,117,0.037192843986343836
sigma_bandpass_1250_2100,validation,129,0.04140036961064252
sigma_bandpass_1250_2100,validation,132,0.04683811760669932
sigma_bandpass_1250_2100,validation,139,0.03281022219035963
sigma_bandpass_1250_2100,validation,146,0.026180933966372003
sigma_bandpass_1250_2100,validation,162,0.07902085970415845
sigma_bandpass_1250_2100,validation,171,0.08419610327138827
sigma_bandpass_1250_2100,validation,179,0.06479563249159627
sigma_bandpass_1250_2100,validation,185,0.11915457341136801
sigma_bandpass_1250_2100,validation,207,0.038846117809514864
sigma_bandpass_1250_2100,validation,218,0.03999876808825545
sigma_bandpass_1250_2100,validation,227,0.02570604168562945
sigma_bandpass_1250_2100,validation,228,0.050811611543414556
sigma_bandpass_1250_2100,validation,238,0.03623215585300646
sigma_bandpass_1250_2100,validation,245,0.12551611907314542
sigma_bandpass_1250_2100,validation,248,0.06674085074656622
sigma_bandpass_1250_2100,validation,258,0.02707561557269286
sigma_bandpass_1250_2100,validation,260,0.020081958787547448
sigma_bandpass_1250_2100,validation,262,0.030627838068260742
sigma_bandpass_1250_2100,validation,268,0.07826748880808561
sigma_bandpass_1250_2100,validation,271,0.09854225170802658
sigma_bandpass_1250_2100,validation,273,0.013082241639504097
sigma_bandpass_1250_2100,validation,278,0.018100810644877507
sigma_bandpass_1250_2100,validation,291,0.08897896711957831
sigma_bandpass_1250_2100,validation,321,0.03520233333737932
sigma_bandpass_1250_2100,validation,325,0.01747074603921446
sigma_bandpass_1250_2100,validation,332,0.04237544096832736
sigma_bandpass_1250_2100,validation,340,0.0636129797097218
sigma_bandpass_1250_2100,validation,342,0.023347130272966823
sigma_bandpass_1250_2100,validation,353,0.0872442873702806
sigma_bandpass_1250_2100,validation,354,0.018750212712523348
sigma_bandpass_1250_2100,validation,367,0.12691638596119018
sigma_bandpass_1250_2100,validation,368,0.048913855661308334
sigma_bandpass_1250_2100,validation,389,0.03164755054304095
sigma_bandpass_1250_2100,validation,397,0.03801653056153346
sigma_bandpass_1250_2100,validation,400,0.08769931126381739
sigma_bandpass_1250_2100,validation,406,0.04403137043981234
sigma_bandpass_1250_2100,validation,415,0.01776839427243863
sigma_bandpass_1250_2100,validation,421,0.041834999138670136
sigma_bandpass_1250_2100,validation,422,0.07114972640671512
sigma_bandpass_1250_2100,validation,425,0.02848502851425227
sigma_bandpass_1250_2100,validation,430,0.025336145340225703
sigma_bandpass_1250_2100,validation,439,0.028401191719175174
sigma_bandpass_1250_2100,validation,451,0.0708829103324493
sigma_bandpass_1250_2100,validation,458,0.13686872342344264
sigma_bandpass_1250_2100,validation,469,0.07981891053154946
sigma_bandpass_1250_2100,validation,470,0.02846930214508545
sigma_bandpass_1250_2100,validation,471,0.06479995967368196
sigma_bandpass_1250_2100,validation,481,0.024452084842993375
sigma_bandpass_1250_2100,validation,491,0.039656536923777595
sigma_bandpass_1250_2100,validation,501,0.0691284243015962
sigma_bandpass_1250_2100,validation,502,0.03882152124597978
sigma_bandpass_1250_2100,validation,506,0.057248549614555604
sigma_bandpass_1250_2100,validation,509,0.017616819039228
sigma_bandpass_1250_2100,validation,510,0.06531770252055834
sigma_bandpass_1250_2100,validation,517,0.07804733680391773
sigma_bandpass_1250_2100,validation,532,0.024971331821196572
sigma_bandpass_1250_2100,validation,533,0.02484235083290293
sigma_bandpass_1250_2100,validation,536,0.02415166859428296
sigma_bandpass_1250_2100,validation,538,0.08219263053026
sigma_bandpass_1250_2100,validation,545,0.08990751492832208
sigma_bandpass_1250_2100,validation,547,0.022030520256157083
sigma_bandpass_1250_2100,validation,552,0.01596294272787006
sigma_bandpass_1250_2100,validation,554,0.02830085794613956
sigma_bandpass_1250_2100,validation,555,0.040153399636506194
sigma_bandpass_1250_2100,validation,576,0.010861250508930585
sigma_bandpass_1250_2100,validation,580,0.04785416307088675
sigma_bandpass_1250_2100,validation,583,0.039403411244412885
sigma_bandpass_1250_2100,validation,599,0.03893663472005318
sigma_bandpass_1250_2100,validation,611,0.08066619062256676
sigma_bandpass_1250_2100,validation,613,0.02580242565709235
sigma_bandpass_1250_2100,validation,615,0.07236718219422726
sigma_bandpass_1250_2100,validation,635,0.035029323751762494
sigma_bandpass_1250_2100,validation,640,0.0317855489076165
sigma_bandpass_1250_2100,validation,653,0.046493227210290825
sigma_bandpass_1250_2100,validation,666,0.08962805712263483
sigma_bandpass_1250_2100,validation,674,0.050315707454829814
sigma_bandpass_1250_2100,validation,676,0.03351866953902983
sigma_bandpass_1250_2100,validation,681,0.026183364459414212
sigma_bandpass_1250_2100,validation,687,0.11546375162855675
sigma_bandpass_1250_2100,validation,688,0.05295135477953331
sigma_bandpass_1250_2100,validation,689,0.0773720688226712
sigma_bandpass_1250_2100,validation,693,0.025913857816989377
sigma_bandpass_1250_2100,validation,697,0.06956541669725672
sigma_bandpass_1250_2100,validation,699,0.09337035766760814
sigma_bandpass_1250_2100,validation,716,0.03120201021166588
sigma_bandpass_1250_2100,validation,719,0.049795664056984566
sigma_bandpass_1250_2100,validation,720,0.033350414714471616
sigma_bandpass_1250_2100,validation,727,0.11072773727160964
sigma_bandpass_1250_2100,validation,729,0.02243420276106868
sigma_bandpass_1250_2100,validation,733,0.019283387190529817
sigma_bandpass_1250_2100,validation,752,0.030702260848291238
sigma_bandpass_1250_2100,validation,773,0.013634706222329944
sigma_bandpass_1250_2100,validation,777,0.04011603811333818
sigma_bandpass_1250_2100,validation,788,0.06976798456845311
sigma_bandpass_1250_2100,validation,791,0.07997467361415078
sigma_bandpass_1250_2100,validation,803,0.010390056716542173
sigma_bandpass_1250_2100,validation,806,0.05113509820887995
sigma_bandpass_1250_2100,validation,809,0.04290265391624578
sigma_bandpass_1250_2100,validation,813,0.022742935671240423
sigma_bandpass_1250_2100,validation,815,0.04637546032381744
sigma_bandpass_1250_2100,validation,821,0.03094201889446507
sigma_bandpass_1250_2100,validation,823,0.036890507118723846
sigma_bandpass_1250_2100,validation,831,0.05653187163882194
sigma_bandpass_1250_2100,validation,834,0.05729864256269344
sigma_bandpass_1250_2100,validation,835,0.05415509953048345
sigma_bandpass_1250_2100,validation,840,0.0343744779302008
sigma_bandpass_1250_2100,validation,851,0.13250122692955252
sigma_bandpass_1250_2100,validation,852,0.07123871095515633
sigma_bandpass_1250_2100,validation,863,0.08648850625410778
sigma_bandpass_1250_2100,validation,866,0.019225497919375174
sigma_bandpass_1250_2100,validation,874,0.019623043991041835
sigma_bandpass_1250_2100,validation,882,0.027213883608416818
sigma_bandpass_1250_2100,validation,884,0.0627982499975373
sigma_bandpass_1250_2100,validation,889,0.022537509675539778
sigma_bandpass_1250_2100,validation,895,0.13544488899098728
sigma_bandpass_1250_2100,validation,906,0.048506673617125955
sigma_bandpass_1250_2100,validation,908,0.03690500929296718
sigma_bandpass_1250_2100,validation,911,0.05717344225087022
sigma_bandpass_1250_2100,validation,914,0.020727737515853908
sigma_bandpass_1250_2100,validation,916,0.042287850761143934
sigma_bandpass_1250_2100,validation,931,0.032276123022110706
sigma_bandpass_1250_2100,validation,934,0.05187357407595151
sigma_bandpass_1250_2100,validation,936,0.038704468013581406
sigma_bandpass_1250_2100,validation,938,0.018176420011834022
sigma_bandpass_1250_2100,validation,953,0.14791024357921928
sigma_bandpass_1250_2100,validation,969,0.03136822722253515
sigma_bandpass_1250_2100,validation,971,0.07169032844173465
sigma_bandpass_1250_2100,validation,987,0.06437482455696435
sigma_bandpass_1250_2100,validation,990,0.040277756659552674
sigma_bandpass_1250_2100,validation,991,0.04488815659697823
sigma_bandpass_1250_2100,validation,993,0.021884216320347077
diagnostic_sigma_bandpass_1250_2100_plus_lambda,train,1,0.12284008762201395
diagnostic_sigma_bandpass_1250_2100_plus_lambda,train,2,0.05247972782367749
diagnostic_sigma_bandpass_1250_2100_plus_lambda,train,3,0.07697175766525417
diagnostic_sigma_bandpass_1250_2100_plus_lambda,train,5,0.0531792718653052
diagnostic_sigma_bandpass_1250_2100_plus_lambda,train,10,0.03872861634674748
diagnostic_sigma_bandpass_1250_2100_plus_lambda,train,11,0.041172309507024926
diagnostic_sigma_bandpass_1250_2100_plus_lambda,train,12,0.041047685914176596
diagnostic_sigma_bandpass_1250_2100_plus_lambda,train,13,0.0485702289987744
diagnostic_sigma_bandpass_1250_2100_plus_lambda,train,14,0.033303256391857806
diagnostic_sigma_bandpass_1250_2100_plus_lambda,train,15,0.026419575730835605
diagnostic_sigma_bandpass_1250_2100_plus_lambda,train,17,0.0372000825790251
diagnostic_sigma_bandpass_1250_2100_plus_lambda,train,18,0.017660557872486018
diagnostic_sigma_bandpass_1250_2100_plus_lambda,train,19,0.028145545025022027
diagnostic_sigma_bandpass_1250_2100_plus_lambda,train,20,0.03519737589481834
diagnostic_sigma_bandpass_1250_2100_plus_lambda,train,22,0.024571948278799625
diagnostic_sigma_bandpass_1250_2100_plus_lambda,train,24,0.11768623529833966
diagnostic_sigma_bandpass_1250_2100_plus_lambda,train,26,0.024911278094606748
diagnostic_sigma_bandpass_1250_2100_plus_lambda,train,27,0.0340997888360185
diagnostic_sigma_bandpass_1250_2100_plus_lambda,train,29,0.027669506509280496
diagnostic_sigma_bandpass_1250_2100_plus_lambda,train,30,0.10438815155131069
diagnostic_sigma_bandpass_1250_2100_plus_lambda,train,31,0.020498831734990525
diagnostic_sigma_bandpass_1250_2100_plus_lambda,train,32,0.05737287739133489
diagnostic_sigma_bandpass_1250_2100_plus_lambda,train,35,0.024994660581261267
diagnostic_sigma_bandpass_1250_2100_plus_lambda,train,36,0.045094414501870905
diagnostic_sigma_bandpass_1250_2100_plus_lambda,train,37,0.04461989984986938
diagnostic_sigma_bandpass_1250_2100_plus_lambda,train,38,0.03209424781230902
diagnostic_sigma_bandpass_1250_2100_plus_lambda,train,39,0.01219168615772119
diagnostic_sigma_bandpass_1250_2100_plus_lambda,train,40,0.07072664209937939
diagnostic_sigma_bandpass_1250_2100_plus_lambda,train,41,0.022994351751102836
diagnostic_sigma_bandpass_1250_2100_plus_lambda,train,42,0.056700956479716055
diagnostic_sigma_bandpass_1250_2100_plus_lambda,train,43,0.07696486170842291
diagnostic_sigma_bandpass_1250_2100_plus_lambda,train,44,0.026397103050058896
diagnostic_sigma_bandpass_1250_2100_plus_lambda,train,46,0.1082793300820089
diagnostic_sigma_bandpass_1250_2100_plus_lambda,train,47,0.05610696839305078
diagnostic_sigma_bandpass_1250_2100_plus_lambda,train,48,0.01709841792112142
diagnostic_sigma_bandpass_1250_2100_plus_lambda,train,51,0.06129015432780875
diagnostic_sigma_bandpass_1250_2100_plus_lambda,train,52,0.05904950823810629
diagnostic_sigma_bandpass_1250_2100_plus_lambda,train,53,0.025830831703230122
diagnostic_sigma_bandpass_1250_2100_plus_lambda,train,54,0.1676662962375829
diagnostic_sigma_bandpass_1250_2100_plus_lambda,train,55,0.05482716458829947
diagnostic_sigma_bandpass_1250_2100_plus_lambda,train,56,0.06344126685126694
diagnostic_sigma_bandpass_1250_2100_plus_lambda,train,57,0.05115737967566412
diagnostic_sigma_bandpass_1250_2100_plus_lambda,train,58,0.07776086289858683
diagnostic_sigma_bandpass_1250_2100_plus_lambda,train,59,0.046348756135274
diagnostic_sigma_bandpass_1250_2100_plus_lambda,train,60,0.03744192420936981
diagnostic_sigma_bandpass_1250_2100_plus_lambda,train,62,0.028135529340210415
diagnostic_sigma_bandpass_1250_2100_plus_lambda,train,64,0.04223448293413376
diagnostic_sigma_bandpass_1250_2100_plus_lambda,train,65,0.08740407383063903
diagnostic_sigma_bandpass_1250_2100_plus_lambda,train,66,0.02454026575596473
diagnostic_sigma_bandpass_1250_2100_plus_lambda,train,70,0.02191894086037858
diagnostic_sigma_bandpass_1250_2100_plus_lambda,train,73,0.015517622902142505
diagnostic_sigma_bandpass_1250_2100_plus_lambda,train,74,0.10988237498872516
diagnostic_sigma_bandpass_1250_2100_plus_lambda,train,75,0.03937576493577941
diagnostic_sigma_bandpass_1250_2100_plus_lambda,train,77,0.03827974691103526
diagnostic_sigma_bandpass_1250_2100_plus_lambda,train,79,0.03533528499534484
diagnostic_sigma_bandpass_1250_2100_plus_lambda,train,80,0.15054234793171672
diagnostic_sigma_bandpass_1250_2100_plus_lambda,train,81,0.06309391103014204
diagnostic_sigma_bandpass_1250_2100_plus_lambda,train,84,0.02563098336379905
diagnostic_sigma_bandpass_1250_2100_plus_lambda,train,85,0.05143193914598282
diagnostic_sigma_bandpass_1250_2100_plus_lambda,train,86,0.13221203856718752
diagnostic_sigma_bandpass_1250_2100_plus_lambda,train,88,0.031916254895112316
diagnostic_sigma_bandpass_1250_2100_plus_lambda,train,89,0.1280291219610814
diagnostic_sigma_bandpass_1250_2100_plus_lambda,train,91,0.10530303389856464
diagnostic_sigma_bandpass_1250_2100_plus_lambda,train,92,0.034385620477098214
diagnostic_sigma_bandpass_1250_2100_plus_lambda,train,93,0.046475752121123724
diagnostic_sigma_bandpass_1250_2100_plus_lambda,train,95,0.08214058001809493
diagnostic_sigma_bandpass_1250_2100_plus_lambda,train,96,0.06310912908865808
diagnostic_sigma_bandpass_1250_2100_plus_lambda,train,97,0.06782715811220011
diagnostic_sigma_bandpass_1250_2100_plus_lambda,train,98,0.054531178252899284
diagnostic_sigma_bandpass_1250_2100_plus_lambda,train,100,0.03490307160321734
diagnostic_sigma_bandpass_1250_2100_plus_lambda,train,101,0.024820807828739615
diagnostic_sigma_bandpass_1250_2100_plus_lambda,train,102,0.016683442240072344
diagnostic_sigma_bandpass_1250_2100_plus_lambda,train,103,0.019166052748915603
diagnostic_sigma_bandpass_1250_2100_plus_lambda,train,105,0.030084713242409897
diagnostic_sigma_bandpass_1250_2100_plus_lambda,train,107,0.03652147356829922
diagnostic_sigma_bandpass_1250_2100_plus_lambda,train,108,0.03046620074155047
diagnostic_sigma_bandpass_1250_2100_plus_lambda,train,109,0.01563449231826245
diagnostic_sigma_bandpass_1250_2100_plus_lambda,train,110,0.07016340210055523
diagnostic_sigma_bandpass_1250_2100_plus_lambda,train,111,0.02289350443585664
diagnostic_sigma_bandpass_1250_2100_plus_lambda,train,112,0.02603407539982834
diagnostic_sigma_bandpass_1250_2100_plus_lambda,train,114,0.029030195217289088
diagnostic_sigma_bandpass_1250_2100_plus_lambda,train,115,0.09632695065437569
diagnostic_sigma_bandpass_1250_2100_plus_lambda,train,118,0.09401118659595968
diagnostic_sigma_bandpass_1250_2100_plus_lambda,train,120,0.04517376921760206
diagnostic_sigma_bandpass_1250_2100_plus_lambda,train,121,0.13523985414559914
diagnostic_sigma_bandpass_1250_2100_plus_lambda,train,122,0.014723468936593305
diagnostic_sigma_bandpass_1250_2100_plus_lambda,train,123,0.028407252060443932
diagnostic_sigma_bandpass_1250_2100_plus_lambda,train,124,0.019090029061238904
diagnostic_sigma_bandpass_1250_2100_plus_lambda,train,125,0.02494716178514155
diagnostic_sigma_bandpass_1250_2100_plus_lambda,train,126,0.02718594685403119
diagnostic_sigma_bandpass_1250_2100_plus_lambda,train,127,0.056313954880557904
diagnostic_sigma_bandpass_1250_2100_plus_lambda,train,128,0.08221360794278469
diagnostic_sigma_bandpass_1250_2100_plus_lambda,train,130,0.09732938640250935
diagnostic_sigma_bandpass_1250_2100_plus_lambda,train,131,0.09053983585351384
diagnostic_sigma_bandpass_1250_2100_plus_lambda,train,133,0.04683676977463363
diagnostic_sigma_bandpass_1250_2100_plus_lambda,train,134,0.14050279601552698
diagnostic_sigma_bandpass_1250_2100_plus_lambda,train,135,0.04099257747296723
diagnostic_sigma_bandpass_1250_2100_plus_lambda,train,138,0.03933345726936331
diagnostic_sigma_bandpass_1250_2100_plus_lambda,train,141,0.022257235762841932
diagnostic_sigma_bandpass_1250_2100_plus_lambda,train,142,0.059480814299284736
diagnostic_sigma_bandpass_1250_2100_plus_lambda,train,143,0.12815818651076474
diagnostic_sigma_bandpass_1250_2100_plus_lambda,train,144,0.017071338276535723
diagnostic_sigma_bandpass_1250_2100_plus_lambda,train,147,0.02665582093037746
diagnostic_sigma_bandpass_1250_2100_plus_lambda,train,148,0.018770997911974282
diagnostic_sigma_bandpass_1250_2100_plus_lambda,train,149,0.04291387393652631
diagnostic_sigma_bandpass_1250_2100_plus_lambda,train,151,0.04400625941571679
diagnostic_sigma_bandpass_1250_2100_plus_lambda,train,152,0.0836986587491029
diagnostic_sigma_bandpass_1250_2100_plus_lambda,train,155,0.1156808889500077
diagnostic_sigma_bandpass_1250_2100_plus_lambda,train,156,0.01969057489627504
diagnostic_sigma_bandpass_1250_2100_plus_lambda,train,157,0.14706267811967647
diagnostic_sigma_bandpass_1250_2100_plus_lambda,train,158,0.03283657606428621
diagnostic_sigma_bandpass_1250_2100_plus_lambda,train,159,0.03773432135512917
diagnostic_sigma_bandpass_1250_2100_plus_lambda,train,160,0.02717538693969443
diagnostic_sigma_bandpass_1250_2100_plus_lambda,train,161,0.06358154126545722
diagnostic_sigma_bandpass_1250_2100_plus_lambda,train,163,0.02505472205025571
diagnostic_sigma_bandpass_1250_2100_plus_lambda,train,164,0.01984685284087761
diagnostic_sigma_bandpass_1250_2100_plus_lambda,train,166,0.05854130931080891
diagnostic_sigma_bandpass_1250_2100_plus_lambda,train,167,0.03261167621952778
diagnostic_sigma_bandpass_1250_2100_plus_lambda,train,168,0.041938587340770446
diagnostic_sigma_bandpass_1250_2100_plus_lambda,train,170,0.03249394080806211
diagnostic_sigma_bandpass_1250_2100_plus_lambda,train,172,0.020986994380442055
diagnostic_sigma_bandpass_1250_2100_plus_lambda,train,173,0.025421529235353322
diagnostic_sigma_bandpass_1250_2100_plus_lambda,train,174,0.05994909672227047
diagnostic_sigma_bandpass_1250_2100_plus_lambda,train,176,0.056230219156944844
diagnostic_sigma_bandpass_1250_2100_plus_lambda,train,177,0.02256775000122372
diagnostic_sigma_bandpass_1250_2100_plus_lambda,train,178,0.048717874025015526
diagnostic_sigma_bandpass_1250_2100_plus_lambda,train,180,0.04035828411880179
diagnostic_sigma_bandpass_1250_2100_plus_lambda,train,181,0.029667000346564873
diagnostic_sigma_bandpass_1250_2100_plus_lambda,train,182,0.029128010420571986
diagnostic_sigma_bandpass_1250_2100_plus_lambda,train,183,0.026844874266987163
diagnostic_sigma_bandpass_1250_2100_plus_lambda,train,184,0.04921117706999155
diagnostic_sigma_bandpass_1250_2100_plus_lambda,train,186,0.04861491602615692
diagnostic_sigma_bandpass_1250_2100_plus_lambda,train,187,0.028749776152610446
diagnostic_sigma_bandpass_1250_2100_plus_lambda,train,188,0.0300722494284522
diagnostic_sigma_bandpass_1250_2100_plus_lambda,train,189,0.022482847614801144
diagnostic_sigma_bandpass_1250_2100_plus_lambda,train,190,0.021172387513207238
diagnostic_sigma_bandpass_1250_2100_plus_lambda,train,192,0.03181155046003381
diagnostic_sigma_bandpass_1250_2100_plus_lambda,train,193,0.028979113464268347
diagnostic_sigma_bandpass_1250_2100_plus_lambda,train,194,0.023739956462845473
diagnostic_sigma_bandpass_1250_2100_plus_lambda,train,195,0.020265177340889735
diagnostic_sigma_bandpass_1250_2100_plus_lambda,train,196,0.03125539687910225
diagnostic_sigma_bandpass_1250_2100_plus_lambda,train,197,0.01597984061928799
diagnostic_sigma_bandpass_1250_2100_plus_lambda,train,198,0.1454616131053947
diagnostic_sigma_bandpass_1250_2100_plus_lambda,train,199,0.023266143591613605
diagnostic_sigma_bandpass_1250_2100_plus_lambda,train,200,0.020540399823780132
diagnostic_sigma_bandpass_1250_2100_plus_lambda,train,201,0.12216618438525621
diagnostic_sigma_bandpass_1250_2100_plus_lambda,train,203,0.13036892463053437
diagnostic_sigma_bandpass_1250_2100_plus_lambda,train,205,0.06351393971603576
diagnostic_sigma_bandpass_1250_2100_plus_lambda,train,206,0.05867966820037952
diagnostic_sigma_bandpass_1250_2100_plus_lambda,train,208,0.09284821418744155
diagnostic_sigma_bandpass_1250_2100_plus_lambda,train,209,0.059135860424830856
diagnostic_sigma_bandpass_1250_2100_plus_lambda,train,210,0.08261269400830193
diagnostic_sigma_bandpass_1250_2100_plus_lambda,train,211,0.044370357972655955
diagnostic_sigma_bandpass_1250_2100_plus_lambda,train,212,0.026257912729523263
diagnostic_sigma_bandpass_1250_2100_plus_lambda,train,213,0.0542758532603363
diagnostic_sigma_bandpass_1250_2100_plus_lambda,train,214,0.05916774062479531
diagnostic_sigma_bandpass_1250_2100_plus_lambda,train,216,0.06367451371988875
diagnostic_sigma_bandpass_1250_2100_plus_lambda,train,219,0.01707579190276604
diagnostic_sigma_bandpass_1250_2100_plus_lambda,train,221,0.05934830909490663
diagnostic_sigma_bandpass_1250_2100_plus_lambda,train,222,0.029744487814912398
diagnostic_sigma_bandpass_1250_2100_plus_lambda,train,223,0.11827019677689993
diagnostic_sigma_bandpass_1250_2100_plus_lambda,train,224,0.03189290560672644
diagnostic_sigma_bandpass_1250_2100_plus_lambda,train,225,0.0979522994536339
diagnostic_sigma_bandpass_1250_2100_plus_lambda,train,226,0.03315248042868718
diagnostic_sigma_bandpass_1250_2100_plus_lambda,train,231,0.02137044011876136
diagnostic_sigma_bandpass_1250_2100_plus_lambda,train,233,0.1477537490084989
diagnostic_sigma_bandpass_1250_2100_plus_lambda,train,235,0.02199620587370747
diagnostic_sigma_bandpass_1250_2100_plus_lambda,train,236,0.06659523087645024
diagnostic_sigma_bandpass_1250_2100_plus_lambda,train,237,0.04210144493027069
diagnostic_sigma_bandpass_1250_2100_plus_lambda,train,239,0.026006035622680706
diagnostic_sigma_bandpass_1250_2100_plus_lambda,train,240,0.03357239846974784
diagnostic_sigma_bandpass_1250_2100_plus_lambda,train,241,0.02800474597565322
diagnostic_sigma_bandpass_1250_2100_plus_lambda,train,242,0.0712203023911456
diagnostic_sigma_bandpass_1250_2100_plus_lambda,train,243,0.0293235564618321
diagnostic_sigma_bandpass_1250_2100_plus_lambda,train,246,0.05764796844536515
diagnostic_sigma_bandpass_1250_2100_plus_lambda,train,247,0.06188911540359115
diagnostic_sigma_bandpass_1250_2100_plus_lambda,train,249,0.04923463332754147
diagnostic_sigma_bandpass_1250_2100_plus_lambda,train,250,0.18199038770361903
diagnostic_sigma_bandpass_1250_2100_plus_lambda,train,251,0.025362861834827825
diagnostic_sigma_bandpass_1250_2100_plus_lambda,train,252,0.04688112197308648
diagnostic_sigma_bandpass_1250_2100_plus_lambda,train,253,0.026515292783527235
diagnostic_sigma_bandpass_1250_2100_plus_lambda,train,254,0.046118835083009166
diagnostic_sigma_bandpass_1250_2100_plus_lambda,train,255,0.03339143230088774
diagnostic_sigma_bandpass_1250_2100_plus_lambda,train,256,0.0526491082937167
diagnostic_sigma_bandpass_1250_2100_plus_lambda,train,257,0.09925506464060105
diagnostic_sigma_bandpass_1250_2100_plus_lambda,train,259,0.02097741257510066
diagnostic_sigma_bandpass_1250_2100_plus_lambda,train,261,0.03248035434441644
diagnostic_sigma_bandpass_1250_2100_plus_lambda,train,264,0.09008476473373925
diagnostic_sigma_bandpass_1250_2100_plus_lambda,train,265,0.08422702607876892
diagnostic_sigma_bandpass_1250_2100_plus_lambda,train,266,0.03844001884232858
diagnostic_sigma_bandpass_1250_2100_plus_lambda,train,270,0.045904156249420146
diagnostic_sigma_bandpass_1250_2100_plus_lambda,train,272,0.04597460126954339
diagnostic_sigma_bandpass_1250_2100_plus_lambda,train,274,0.03408373721537547
diagnostic_sigma_bandpass_1250_2100_plus_lambda,train,275,0.03197170217959823
diagnostic_sigma_bandpass_1250_2100_plus_lambda,train,276,0.03229313819730454
diagnostic_sigma_bandpass_1250_2100_plus_lambda,train,277,0.02652232302733143
diagnostic_sigma_bandpass_1250_2100_plus_lambda,train,279,0.02912728373898464
diagnostic_sigma_bandpass_1250_2100_plus_lambda,train,280,0.020543642225957944
diagnostic_sigma_bandpass_1250_2100_plus_lambda,train,281,0.027580069365368068
diagnostic_sigma_bandpass_1250_2100_plus_lambda,train,283,0.13542895179848774
diagnostic_sigma_bandpass_1250_2100_plus_lambda,train,285,0.02110249433759072
diagnostic_sigma_bandpass_1250_2100_plus_lambda,train,287,0.046820792851646066
diagnostic_sigma_bandpass_1250_2100_plus_lambda,train,288,0.015086769727807219
diagnostic_sigma_bandpass_1250_2100_plus_lambda,train,289,0.025439806812509232
diagnostic_sigma_bandpass_1250_2100_plus_lambda,train,290,0.06329517820665961
diagnostic_sigma_bandpass_1250_2100_plus_lambda,train,294,0.12165857986051708
diagnostic_sigma_bandpass_1250_2100_plus_lambda,train,295,0.03732865248691711
diagnostic_sigma_bandpass_1250_2100_plus_lambda,train,296,0.026408269436331448
diagnostic_sigma_bandpass_1250_2100_plus_lambda,train,297,0.0334102819478967
diagnostic_sigma_bandpass_1250_2100_plus_lambda,train,298,0.01874003994993468
diagnostic_sigma_bandpass_1250_2100_plus_lambda,train,300,0.04282189517805349
diagnostic_sigma_bandpass_1250_2100_plus_lambda,train,301,0.05901341784114391
diagnostic_sigma_bandpass_1250_2100_plus_lambda,train,305,0.12428432096523259
diagnostic_sigma_bandpass_1250_2100_plus_lambda,train,306,0.04651600119074079
diagnostic_sigma_bandpass_1250_2100_plus_lambda,train,307,0.017010520097064327
diagnostic_sigma_bandpass_1250_2100_plus_lambda,train,308,0.01712264441747196
diagnostic_sigma_bandpass_1250_2100_plus_lambda,train,309,0.05966906250570382
diagnostic_sigma_bandpass_1250_2100_plus_lambda,train,310,0.08800082843849356
diagnostic_sigma_bandpass_1250_2100_plus_lambda,train,311,0.030736108788382614
diagnostic_sigma_bandpass_1250_2100_plus_lambda,train,313,0.06400906936574567
diagnostic_sigma_bandpass_1250_2100_plus_lambda,train,315,0.03235959803961913
diagnostic_sigma_bandpass_1250_2100_plus_lambda,train,316,0.027920587452675893
diagnostic_sigma_bandpass_1250_2100_plus_lambda,train,317,0.05434335671613508
diagnostic_sigma_bandpass_1250_2100_plus_lambda,train,318,0.05718443886198391
diagnostic_sigma_bandpass_1250_2100_plus_lambda,train,319,0.09406879891127656
diagnostic_sigma_bandpass_1250_2100_plus_lambda,train,320,0.016632299399702722
diagnostic_sigma_bandpass_1250_2100_plus_lambda,train,322,0.044028410211083696
diagnostic_sigma_bandpass_1250_2100_plus_lambda,train,323,0.017043596018004772
diagnostic_sigma_bandpass_1250_2100_plus_lambda,train,324,0.15187197267127833
diagnostic_sigma_bandpass_1250_2100_plus_lambda,train,326,0.01755828825814531
diagnostic_sigma_bandpass_1250_2100_plus_lambda,train,327,0.0856365565307655
diagnostic_sigma_bandpass_1250_2100_plus_lambda,train,328,0.05409921368068321
diagnostic_sigma_bandpass_1250_2100_plus_lambda,train,329,0.05054028658910727
diagnostic_sigma_bandpass_1250_2100_plus_lambda,train,330,0.05666684693769251
diagnostic_sigma_bandpass_1250_2100_plus_lambda,train,331,0.0277572427318647
diagnostic_sigma_bandpass_1250_2100_plus_lambda,train,334,0.09454716137164303
diagnostic_sigma_bandpass_1250_2100_plus_lambda,train,335,0.02291274717525076
diagnostic_sigma_bandpass_1250_2100_plus_lambda,train,336,0.024954400568024067
diagnostic_sigma_bandpass_1250_2100_plus_lambda,train,337,0.15136154354087908
diagnostic_sigma_bandpass_1250_2100_plus_lambda,train,338,0.041953331222923586
diagnostic_sigma_bandpass_1250_2100_plus_lambda,train,341,0.07342192729808716
diagnostic_sigma_bandpass_1250_2100_plus_lambda,train,343,0.00953076894906862
diagnostic_sigma_bandpass_1250_2100_plus_lambda,train,344,0.01600780422225454
diagnostic_sigma_bandpass_1250_2100_plus_lambda,train,345,0.05487078449567449
diagnostic_sigma_bandpass_1250_2100_plus_lambda,train,347,0.02077564896173851
diagnostic_sigma_bandpass_1250_2100_plus_lambda,train,348,0.01674095068902237
diagnostic_sigma_bandpass_1250_2100_plus_lambda,train,349,0.039805379906184074
diagnostic_sigma_bandpass_1250_2100_plus_lambda,train,350,0.01867575577375912
diagnostic_sigma_bandpass_1250_2100_plus_lambda,train,352,0.03222708534002116
diagnostic_sigma_bandpass_1250_2100_plus_lambda,train,355,0.17266361130379648
diagnostic_sigma_bandpass_1250_2100_plus_lambda,train,358,0.038470513480105925
diagnostic_sigma_bandpass_1250_2100_plus_lambda,train,359,0.03169972115976134
diagnostic_sigma_bandpass_1250_2100_plus_lambda,train,360,0.020452966952824163
diagnostic_sigma_bandpass_1250_2100_plus_lambda,train,361,0.0330794031999129
diagnostic_sigma_bandpass_1250_2100_plus_lambda,train,362,0.023683199428934546
diagnostic_sigma_bandpass_1250_2100_plus_lambda,train,363,0.03907954082566009
diagnostic_sigma_bandpass_1250_2100_plus_lambda,train,366,0.017067174926906188
diagnostic_sigma_bandpass_1250_2100_plus_lambda,train,369,0.02917061351245161
diagnostic_sigma_bandpass_1250_2100_plus_lambda,train,370,0.025269633794802702
diagnostic_sigma_bandpass_1250_2100_plus_lambda,train,371,0.03413783105552303
diagnostic_sigma_bandpass_1250_2100_plus_lambda,train,372,0.04189325174698344
diagnostic_sigma_bandpass_1250_2100_plus_lambda,train,373,0.013761472370242223
diagnostic_sigma_bandpass_1250_2100_plus_lambda,train,374,0.03138178404016669
diagnostic_sigma_bandpass_1250_2100_plus_lambda,train,375,0.1192228301806321
diagnostic_sigma_bandpass_1250_2100_plus_lambda,train,376,0.022034763833187733
diagnostic_sigma_bandpass_1250_2100_plus_lambda,train,377,0.1340694005200305
diagnostic_sigma_bandpass_1250_2100_plus_lambda,train,378,0.11086444519053393
diagnostic_sigma_bandpass_1250_2100_plus_lambda,train,379,0.03204915356074571
diagnostic_sigma_bandpass_1250_2100_plus_lambda,train,380,0.04131228763387648
diagnostic_sigma_bandpass_1250_2100_plus_lambda,train,381,0.013736968797053615
diagnostic_sigma_bandpass_1250_2100_plus_lambda,train,382,0.028513125054995144
diagnostic_sigma_bandpass_1250_2100_plus_lambda,train,383,0.136111421516057
diagnostic_sigma_bandpass_1250_2100_plus_lambda,train,384,0.030223143675810166
diagnostic_sigma_bandpass_1250_2100_plus_lambda,train,385,0.029723760366132813
diagnostic_sigma_bandpass_1250_2100_plus_lambda,train,386,0.021634094254507085
diagnostic_sigma_bandpass_1250_2100_plus_lambda,train,387,0.050201251998440145
diagnostic_sigma_bandpass_1250_2100_plus_lambda,train,388,0.04171565463164536
diagnostic_sigma_bandpass_1250_2100_plus_lambda,train,390,0.03962061438373007
diagnostic_sigma_bandpass_1250_2100_plus_lambda,train,391,0.013324279155608824
diagnostic_sigma_bandpass_1250_2100_plus_lambda,train,392,0.03257551669154321
diagnostic_sigma_bandpass_1250_2100_plus_lambda,train,393,0.05157896618111801
diagnostic_sigma_bandpass_1250_2100_plus_lambda,train,395,0.04133256059915812
diagnostic_sigma_bandpass_1250_2100_plus_lambda,train,396,0.05380705928401993
diagnostic_sigma_bandpass_1250_2100_plus_lambda,train,398,0.037762936144278406
diagnostic_sigma_bandpass_1250_2100_plus_lambda,train,399,0.02147815753014905
diagnostic_sigma_bandpass_1250_2100_plus_lambda,train,401,0.034876220327783175
diagnostic_sigma_bandpass_1250_2100_plus_lambda,train,402,0.06318527533571254
diagnostic_sigma_bandpass_1250_2100_plus_lambda,train,403,0.021548194581505812
diagnostic_sigma_bandpass_1250_2100_plus_lambda,train,404,0.033246453750483754
diagnostic_sigma_bandpass_1250_2100_plus_lambda,train,405,0.1690784476800895
diagnostic_sigma_bandpass_1250_2100_plus_lambda,train,407,0.021540966941899716
diagnostic_sigma_bandpass_1250_2100_plus_lambda,train,408,0.08987446460610596
diagnostic_sigma_bandpass_1250_2100_plus_lambda,train,410,0.05253508890734303
diagnostic_sigma_bandpass_1250_2100_plus_lambda,train,411,0.024972605462620135
diagnostic_sigma_bandpass_1250_2100_plus_lambda,train,412,0.024568624559597577
diagnostic_sigma_bandpass_1250_2100_plus_lambda,train,414,0.029843663020127746
diagnostic_sigma_bandpass_1250_2100_plus_lambda,train,416,0.10545133061418148
diagnostic_sigma_bandpass_1250_2100_plus_lambda,train,417,0.040179489802089956
diagnostic_sigma_bandpass_1250_2100_plus_lambda,train,418,0.056812020014455775
diagnostic_sigma_bandpass_1250_2100_plus_lambda,train,419,0.06801359462056494
diagnostic_sigma_bandpass_1250_2100_plus_lambda,train,420,0.043296656628791966
diagnostic_sigma_bandpass_1250_2100_plus_lambda,train,423,0.04004451589021138
diagnostic_sigma_bandpass_1250_2100_plus_lambda,train,424,0.01573993337122819
diagnostic_sigma_bandpass_1250_2100_plus_lambda,train,426,0.021919467442790903
diagnostic_sigma_bandpass_1250_2100_plus_lambda,train,427,0.03130128887511066
diagnostic_sigma_bandpass_1250_2100_plus_lambda,train,428,0.05952723337271093
diagnostic_sigma_bandpass_1250_2100_plus_lambda,train,429,0.015957793679568302
diagnostic_sigma_bandpass_1250_2100_plus_lambda,train,431,0.04253008735136351
diagnostic_sigma_bandpass_1250_2100_plus_lambda,train,432,0.16406001762220446
diagnostic_sigma_bandpass_1250_2100_plus_lambda,train,433,0.1254931970986495
diagnostic_sigma_bandpass_1250_2100_plus_lambda,train,436,0.028567879666906448
diagnostic_sigma_bandpass_1250_2100_plus_lambda,train,437,0.02406968803832671
diagnostic_sigma_bandpass_1250_2100_plus_lambda,train,438,0.14225479067497102
diagnostic_sigma_bandpass_1250_2100_plus_lambda,train,440,0.05553356383138565
diagnostic_sigma_bandpass_1250_2100_plus_lambda,train,441,0.014550828810785024
diagnostic_sigma_bandpass_1250_2100_plus_lambda,train,442,0.12651999041720408
diagnostic_sigma_bandpass_1250_2100_plus_lambda,train,443,0.050910767106008746
diagnostic_sigma_bandpass_1250_2100_plus_lambda,train,444,0.07685406441089465
diagnostic_sigma_bandpass_1250_2100_plus_lambda,train,445,0.043883155762618954
diagnostic_sigma_bandpass_1250_2100_plus_lambda,train,446,0.11325192429455666
diagnostic_sigma_bandpass_1250_2100_plus_lambda,train,447,0.1682407390521757
diagnostic_sigma_bandpass_1250_2100_plus_lambda,train,448,0.037993336930318186
diagnostic_sigma_bandpass_1250_2100_plus_lambda,train,449,0.05007205046841487
diagnostic_sigma_bandpass_1250_2100_plus_lambda,train,450,0.0391004031317235
diagnostic_sigma_bandpass_1250_2100_plus_lambda,train,452,0.02755385073957363
diagnostic_sigma_bandpass_1250_2100_plus_lambda,train,453,0.023796886184122873
diagnostic_sigma_bandpass_1250_2100_plus_lambda,train,455,0.03369565717797929
diagnostic_sigma_bandpass_1250_2100_plus_lambda,train,457,0.033355260475428576
diagnostic_sigma_bandpass_1250_2100_plus_lambda,train,459,0.20983417984456887
diagnostic_sigma_bandpass_1250_2100_plus_lambda,train,460,0.030042037726703455
diagnostic_sigma_bandpass_1250_2100_plus_lambda,train,461,0.05350656531949356
diagnostic_sigma_bandpass_1250_2100_plus_lambda,train,463,0.041629849091019036
diagnostic_sigma_bandpass_1250_2100_plus_lambda,train,464,0.14645570864111548
diagnostic_sigma_bandpass_1250_2100_plus_lambda,train,465,0.024477725161438316
diagnostic_sigma_bandpass_1250_2100_plus_lambda,train,466,0.06503648535246981
diagnostic_sigma_bandpass_1250_2100_plus_lambda,train,467,0.018805540219621626
diagnostic_sigma_bandpass_1250_2100_plus_lambda,train,468,0.09140487882270412
diagnostic_sigma_bandpass_1250_2100_plus_lambda,train,472,0.05476619520829453
diagnostic_sigma_bandpass_1250_2100_plus_lambda,train,473,0.06545595496686282
diagnostic_sigma_bandpass_1250_2100_plus_lambda,train,474,0.030797838840962863
diagnostic_sigma_bandpass_1250_2100_plus_lambda,train,475,0.05276611719186901
diagnostic_sigma_bandpass_1250_2100_plus_lambda,train,476,0.01660292787460026
diagnostic_sigma_bandpass_1250_2100_plus_lambda,train,478,0.025158369622061347
diagnostic_sigma_bandpass_1250_2100_plus_lambda,train,479,0.014069919356447495
diagnostic_sigma_bandpass_1250_2100_plus_lambda,train,480,0.05074539848549159
diagnostic_sigma_bandpass_1250_2100_plus_lambda,train,482,0.03576690721596989
diagnostic_sigma_bandpass_1250_2100_plus_lambda,train,483,0.06010333106680409
diagnostic_sigma_bandpass_1250_2100_plus_lambda,train,484,0.07224451580805709
diagnostic_sigma_bandpass_1250_2100_plus_lambda,train,485,0.042581866270542945
diagnostic_sigma_bandpass_1250_2100_plus_lambda,train,486,0.0436004130750778
diagnostic_sigma_bandpass_1250_2100_plus_lambda,train,487,0.03231297134550267
diagnostic_sigma_bandpass_1250_2100_plus_lambda,train,488,0.051764002270467964
diagnostic_sigma_bandpass_1250_2100_plus_lambda,train,489,0.023825521281265118
diagnostic_sigma_bandpass_1250_2100_plus_lambda,train,490,0.05103672120489355
diagnostic_sigma_bandpass_1250_2100_plus_lambda,train,493,0.06448752129272872
diagnostic_sigma_bandpass_1250_2100_plus_lambda,train,495,0.1095958996051245
diagnostic_sigma_bandpass_1250_2100_plus_lambda,train,496,0.09784522656799402
diagnostic_sigma_bandpass_1250_2100_plus_lambda,train,499,0.04546705993159651
diagnostic_sigma_bandpass_1250_2100_plus_lambda,train,500,0.04116307224214754
diagnostic_sigma_bandpass_1250_2100_plus_lambda,train,503,0.11088561134064334
diagnostic_sigma_bandpass_1250_2100_plus_lambda,train,504,0.025662054854111035
diagnostic_sigma_bandpass_1250_2100_plus_lambda,train,505,0.04042802097385493
diagnostic_sigma_bandpass_1250_2100_plus_lambda,train,507,0.12601745445379287
diagnostic_sigma_bandpass_1250_2100_plus_lambda,train,508,0.021187582092957954
diagnostic_sigma_bandpass_1250_2100_plus_lambda,train,512,0.048577978915313964
diagnostic_sigma_bandpass_1250_2100_plus_lambda,train,514,0.12327333612157
diagnostic_sigma_bandpass_1250_2100_plus_lambda,train,515,0.028469772131298216
diagnostic_sigma_bandpass_1250_2100_plus_lambda,train,516,0.06313913165475511
diagnostic_sigma_bandpass_1250_2100_plus_lambda,train,518,0.018773291144613912
diagnostic_sigma_bandpass_1250_2100_plus_lambda,train,519,0.06856353612851208
diagnostic_sigma_bandpass_1250_2100_plus_lambda,train,521,0.06801705546118017
diagnostic_sigma_bandpass_1250_2100_plus_lambda,train,522,0.0335543619285255
diagnostic_sigma_bandpass_1250_2100_plus_lambda,train,523,0.04169151924571223
diagnostic_sigma_bandpass_1250_2100_plus_lambda,train,524,0.053631547443248835
diagnostic_sigma_bandpass_1250_2100_plus_lambda,train,525,0.02845692076472441
diagnostic_sigma_bandpass_1250_2100_plus_lambda,train,526,0.06458987643793565
diagnostic_sigma_bandpass_1250_2100_plus_lambda,train,527,0.024247019360476702
diagnostic_sigma_bandpass_1250_2100_plus_lambda,train,528,0.02011548856615752
diagnostic_sigma_bandpass_1250_2100_plus_lambda,train,529,0.05408077123470124
diagnostic_sigma_bandpass_1250_2100_plus_lambda,train,531,0.036902534890837814
diagnostic_sigma_bandpass_1250_2100_plus_lambda,train,534,0.11318467215894239
diagnostic_sigma_bandpass_1250_2100_plus_lambda,train,537,0.0657396577829064
diagnostic_sigma_bandpass_1250_2100_plus_lambda,train,540,0.028427123364681395
diagnostic_sigma_bandpass_1250_2100_plus_lambda,train,541,0.03490788625211011
diagnostic_sigma_bandpass_1250_2100_plus_lambda,train,542,0.03233154724559586
diagnostic_sigma_bandpass_1250_2100_plus_lambda,train,543,0.11542001870938584
diagnostic_sigma_bandpass_1250_2100_plus_lambda,train,544,0.044553912636070545
diagnostic_sigma_bandpass_1250_2100_plus_lambda,train,546,0.04482282260625955
diagnostic_sigma_bandpass_1250_2100_plus_lambda,train,548,0.16465099912516512
diagnostic_sigma_bandpass_1250_2100_plus_lambda,train,549,0.10844049325393837
diagnostic_sigma_bandpass_1250_2100_plus_lambda,train,550,0.021043335914525247
diagnostic_sigma_bandpass_1250_2100_plus_lambda,train,551,0.0701977201344898
diagnostic_sigma_bandpass_1250_2100_plus_lambda,train,556,0.02871151576597555
diagnostic_sigma_bandpass_1250_2100_plus_lambda,train,557,0.04449368002515349
diagnostic_sigma_bandpass_1250_2100_plus_lambda,train,558,0.020910354584081525
diagnostic_sigma_bandpass_1250_2100_plus_lambda,train,559,0.0302033406019529
diagnostic_sigma_bandpass_1250_2100_plus_lambda,train,560,0.035928188494309565
diagnostic_sigma_bandpass_1250_2100_plus_lambda,train,561,0.10333335836101037
diagnostic_sigma_bandpass_1250_2100_plus_lambda,train,562,0.09519763653632432
diagnostic_sigma_bandpass_1250_2100_plus_lambda,train,563,0.0819901040290022
diagnostic_sigma_bandpass_1250_2100_plus_lambda,train,564,0.05790296188326919
diagnostic_sigma_bandpass_1250_2100_plus_lambda,train,565,0.044543247992707695
diagnostic_sigma_bandpass_1250_2100_plus_lambda,train,566,0.16517055719280588
diagnostic_sigma_bandpass_1250_2100_plus_lambda,train,567,0.029899200207284142
diagnostic_sigma_bandpass_1250_2100_plus_lambda,train,568,0.02418403518867423
diagnostic_sigma_bandpass_1250_2100_plus_lambda,train,569,0.05366983872195822
diagnostic_sigma_bandpass_1250_2100_plus_lambda,train,570,0.017766698815929422
diagnostic_sigma_bandpass_1250_2100_plus_lambda,train,573,0.08622001216750136
diagnostic_sigma_bandpass_1250_2100_plus_lambda,train,575,0.045006972922799024
diagnostic_sigma_bandpass_1250_2100_plus_lambda,train,578,0.02677430884959343
diagnostic_sigma_bandpass_1250_2100_plus_lambda,train,579,0.15899102959753386
diagnostic_sigma_bandpass_1250_2100_plus_lambda,train,582,0.029172269355449483
diagnostic_sigma_bandpass_1250_2100_plus_lambda,train,584,0.17906140790094888
diagnostic_sigma_bandpass_1250_2100_plus_lambda,train,585,0.03172783504237746
diagnostic_sigma_bandpass_1250_2100_plus_lambda,train,587,0.0321206684733388
diagnostic_sigma_bandpass_1250_2100_plus_lambda,train,588,0.06590306377962257
diagnostic_sigma_bandpass_1250_2100_plus_lambda,train,589,0.024484955265704492
diagnostic_sigma_bandpass_1250_2100_plus_lambda,train,590,0.059962262660613684
diagnostic_sigma_bandpass_1250_2100_plus_lambda,train,592,0.033448713322065726
diagnostic_sigma_bandpass_1250_2100_plus_lambda,train,593,0.06747792588997917
diagnostic_sigma_bandpass_1250_2100_plus_lambda,train,594,0.08077409585287669
diagnostic_sigma_bandpass_1250_2100_plus_lambda,train,595,0.059856531375613004
diagnostic_sigma_bandpass_1250_2100_plus_lambda,train,596,0.018650584007406566
diagnostic_sigma_bandpass_1250_2100_plus_lambda,train,597,0.1093462263470707
diagnostic_sigma_bandpass_1250_2100_plus_lambda,train,598,0.03481953400042491
diagnostic_sigma_bandpass_1250_2100_plus_lambda,train,600,0.06381571003481419
diagnostic_sigma_bandpass_1250_2100_plus_lambda,train,601,0.0170223324293916
diagnostic_sigma_bandpass_1250_2100_plus_lambda,train,603,0.07140285090952933
diagnostic_sigma_bandpass_1250_2100_plus_lambda,train,604,0.1474535037741122
diagnostic_sigma_bandpass_1250_2100_plus_lambda,train,606,0.07771415424498304
diagnostic_sigma_bandpass_1250_2100_plus_lambda,train,607,0.027768307987697628
diagnostic_sigma_bandpass_1250_2100_plus_lambda,train,608,0.09833699202194715
diagnostic_sigma_bandpass_1250_2100_plus_lambda,train,609,0.0852839133781053
diagnostic_sigma_bandpass_1250_2100_plus_lambda,train,610,0.05901729883570435
diagnostic_sigma_bandpass_1250_2100_plus_lambda,train,612,0.025236070960586013
diagnostic_sigma_bandpass_1250_2100_plus_lambda,train,614,0.036355096783230796
diagnostic_sigma_bandpass_1250_2100_plus_lambda,train,616,0.0223347212963675
diagnostic_sigma_bandpass_1250_2100_plus_lambda,train,617,0.05918444482806055
diagnostic_sigma_bandpass_1250_2100_plus_lambda,train,618,0.04530046499943788
diagnostic_sigma_bandpass_1250_2100_plus_lambda,train,619,0.0276582582988279
diagnostic_sigma_bandpass_1250_2100_plus_lambda,train,620,0.07610562149584993
diagnostic_sigma_bandpass_1250_2100_plus_lambda,train,621,0.08494708382435759
diagnostic_sigma_bandpass_1250_2100_plus_lambda,train,622,0.055351226077082295
diagnostic_sigma_bandpass_1250_2100_plus_lambda,train,623,0.016813478552350845
diagnostic_sigma_bandpass_1250_2100_plus_lambda,train,624,0.050424008617567934
diagnostic_sigma_bandpass_1250_2100_plus_lambda,train,625,0.038576282513267765
diagnostic_sigma_bandpass_1250_2100_plus_lambda,train,626,0.14727176987862006
diagnostic_sigma_bandpass_1250_2100_plus_lambda,train,627,0.058814052255889225
diagnostic_sigma_bandpass_1250_2100_plus_lambda,train,628,0.02966342002086844
diagnostic_sigma_bandpass_1250_2100_plus_lambda,train,629,0.02888894775791191
diagnostic_sigma_bandpass_1250_2100_plus_lambda,train,630,0.057680398057450635
diagnostic_sigma_bandpass_1250_2100_plus_lambda,train,631,0.13642410905974173
diagnostic_sigma_bandpass_1250_2100_plus_lambda,train,632,0.07837131874617936
diagnostic_sigma_bandpass_1250_2100_plus_lambda,train,633,0.04051452381712003
diagnostic_sigma_bandpass_1250_2100_plus_lambda,train,636,0.03056705529568002
diagnostic_sigma_bandpass_1250_2100_plus_lambda,train,637,0.015373209537930962
diagnostic_sigma_bandpass_1250_2100_plus_lambda,train,639,0.1636610074992346
diagnostic_sigma_bandpass_1250_2100_plus_lambda,train,641,0.06699933861564403
diagnostic_sigma_bandpass_1250_2100_plus_lambda,train,642,0.08535034030322071
diagnostic_sigma_bandpass_1250_2100_plus_lambda,train,643,0.031130411787409842
diagnostic_sigma_bandpass_1250_2100_plus_lambda,train,644,0.10722084381841089
diagnostic_sigma_bandpass_1250_2100_plus_lambda,train,645,0.08964552605750306
diagnostic_sigma_bandpass_1250_2100_plus_lambda,train,647,0.023450578973292464
diagnostic_sigma_bandpass_1250_2100_plus_lambda,train,648,0.06118476145079425
diagnostic_sigma_bandpass_1250_2100_plus_lambda,train,649,0.04370760561673826
diagnostic_sigma_bandpass_1250_2100_plus_lambda,train,650,0.03311971564689662
diagnostic_sigma_bandpass_1250_2100_plus_lambda,train,651,0.02595478283434642
diagnostic_sigma_bandpass_1250_2100_plus_lambda,train,652,0.04162173213306249
diagnostic_sigma_bandpass_1250_2100_plus_lambda,train,654,0.03086061563558983
diagnostic_sigma_bandpass_1250_2100_plus_lambda,train,655,0.05614191864654592
diagnostic_sigma_bandpass_1250_2100_plus_lambda,train,656,0.12711278103777235
diagnostic_sigma_bandpass_1250_2100_plus_lambda,train,657,0.07966530653128177
diagnostic_sigma_bandpass_1250_2100_plus_lambda,train,658,0.026177622959341815
diagnostic_sigma_bandpass_1250_2100_plus_lambda,train,659,0.01958529224906153
diagnostic_sigma_bandpass_1250_2100_plus_lambda,train,661,0.06424424436339397
diagnostic_sigma_bandpass_1250_2100_plus_lambda,train,662,0.04467201798763595
diagnostic_sigma_bandpass_1250_2100_plus_lambda,train,664,0.046251867687517774
diagnostic_sigma_bandpass_1250_2100_plus_lambda,train,665,0.03825716178844456
diagnostic_sigma_bandpass_1250_2100_plus_lambda,train,667,0.030643740039002103
diagnostic_sigma_bandpass_1250_2100_plus_lambda,train,669,0.052937671445116616
diagnostic_sigma_bandpass_1250_2100_plus_lambda,train,670,0.025040023700165642
diagnostic_sigma_bandpass_1250_2100_plus_lambda,train,672,0.035963410069079854
diagnostic_sigma_bandpass_1250_2100_plus_lambda,train,673,0.05685087464053745
diagnostic_sigma_bandpass_1250_2100_plus_lambda,train,675,0.03028215200061349
diagnostic_sigma_bandpass_1250_2100_plus_lambda,train,677,0.044888685912952184
diagnostic_sigma_bandpass_1250_2100_plus_lambda,train,678,0.0314269400665221
diagnostic_sigma_bandpass_1250_2100_plus_lambda,train,679,0.037879231360932054
diagnostic_sigma_bandpass_1250_2100_plus_lambda,train,680,0.05295611175163204
diagnostic_sigma_bandpass_1250_2100_plus_lambda,train,682,0.047642968077653
diagnostic_sigma_bandpass_1250_2100_plus_lambda,train,683,0.04880772417098732
diagnostic_sigma_bandpass_1250_2100_plus_lambda,train,684,0.05144034783876979
diagnostic_sigma_bandpass_1250_2100_plus_lambda,train,685,0.051745361592494515
diagnostic_sigma_bandpass_1250_2100_plus_lambda,train,686,0.04137665991928553
diagnostic_sigma_bandpass_1250_2100_plus_lambda,train,690,0.03734380047127692
diagnostic_sigma_bandpass_1250_2100_plus_lambda,train,691,0.07692734506201228
diagnostic_sigma_bandpass_1250_2100_plus_lambda,train,694,0.027998731559233634
diagnostic_sigma_bandpass_1250_2100_plus_lambda,train,695,0.170521909586228
diagnostic_sigma_bandpass_1250_2100_plus_lambda,train,698,0.04947754274921037
diagnostic_sigma_bandpass_1250_2100_plus_lambda,train,701,0.059887605060547404
diagnostic_sigma_bandpass_1250_2100_plus_lambda,train,702,0.01669673679388315
diagnostic_sigma_bandpass_1250_2100_plus_lambda,train,703,0.109463410507489
diagnostic_sigma_bandpass_1250_2100_plus_lambda,train,705,0.026058499502054383
diagnostic_sigma_bandpass_1250_2100_plus_lambda,train,706,0.06000755487152808
diagnostic_sigma_bandpass_1250_2100_plus_lambda,train,707,0.03279747515761069
diagnostic_sigma_bandpass_1250_2100_plus_lambda,train,708,0.030926320923702597
diagnostic_sigma_bandpass_1250_2100_plus_lambda,train,709,0.014298274119722147
diagnostic_sigma_bandpass_1250_2100_plus_lambda,train,710,0.01325741720600281
diagnostic_sigma_bandpass_1250_2100_plus_lambda,train,711,0.09832090614393776
diagnostic_sigma_bandpass_1250_2100_plus_lambda,train,712,0.12829325869348002
diagnostic_sigma_bandpass_1250_2100_plus_lambda,train,713,0.08697486576725359
diagnostic_sigma_bandpass_1250_2100_plus_lambda,train,715,0.029638131520717908
diagnostic_sigma_bandpass_1250_2100_plus_lambda,train,717,0.03658009279878489
diagnostic_sigma_bandpass_1250_2100_plus_lambda,train,718,0.026401314502070856
diagnostic_sigma_bandpass_1250_2100_plus_lambda,train,721,0.13776885648165166
diagnostic_sigma_bandpass_1250_2100_plus_lambda,train,722,0.022089435041056902
diagnostic_sigma_bandpass_1250_2100_plus_lambda,train,723,0.04871734100400896
diagnostic_sigma_bandpass_1250_2100_plus_lambda,train,724,0.10634113391614333
diagnostic_sigma_bandpass_1250_2100_plus_lambda,train,725,0.032101259444972975
diagnostic_sigma_bandpass_1250_2100_plus_lambda,train,726,0.028838916226498233
diagnostic_sigma_bandpass_1250_2100_plus_lambda,train,728,0.024564544979517336
diagnostic_sigma_bandpass_1250_2100_plus_lambda,train,730,0.03138165823886801
diagnostic_sigma_bandpass_1250_2100_plus_lambda,train,731,0.026385264003055114
diagnostic_sigma_bandpass_1250_2100_plus_lambda,train,736,0.02727273533079076
diagnostic_sigma_bandpass_1250_2100_plus_lambda,train,742,0.11218519121672373
diagnostic_sigma_bandpass_1250_2100_plus_lambda,train,744,0.03365226172157298
diagnostic_sigma_bandpass_1250_2100_plus_lambda,train,746,0.040764962506432745
diagnostic_sigma_bandpass_1250_2100_plus_lambda,train,747,0.0510255079263918
diagnostic_sigma_bandpass_1250_2100_plus_lambda,train,748,0.037403080151644764
diagnostic_sigma_bandpass_1250_2100_plus_lambda,train,749,0.058565448482816
diagnostic_sigma_bandpass_1250_2100_plus_lambda,train,750,0.054313918466443824
diagnostic_sigma_bandpass_1250_2100_plus_lambda,train,751,0.10382222817062314
diagnostic_sigma_bandpass_1250_2100_plus_lambda,train,753,0.13369051127787276
diagnostic_sigma_bandpass_1250_2100_plus_lambda,train,754,0.048839581965433955
diagnostic_sigma_bandpass_1250_2100_plus_lambda,train,755,0.027048008079636886
diagnostic_sigma_bandpass_1250_2100_plus_lambda,train,756,0.15160750464764217
diagnostic_sigma_bandpass_1250_2100_plus_lambda,train,757,0.1349773364164619
diagnostic_sigma_bandpass_1250_2100_plus_lambda,train,758,0.14005414169497357
diagnostic_sigma_bandpass_1250_2100_plus_lambda,train,759,0.08958862839888733
diagnostic_sigma_bandpass_1250_2100_plus_lambda,train,760,0.02925371873274152
diagnostic_sigma_bandpass_1250_2100_plus_lambda,train,761,0.052751911891821164
diagnostic_sigma_bandpass_1250_2100_plus_lambda,train,762,0.15713738066951555
diagnostic_sigma_bandpass_1250_2100_plus_lambda,train,763,0.017093101390906012
diagnostic_sigma_bandpass_1250_2100_plus_lambda,train,764,0.14201191520561984
diagnostic_sigma_bandpass_1250_2100_plus_lambda,train,765,0.022893051530043087
diagnostic_sigma_bandpass_1250_2100_plus_lambda,train,769,0.0937520501713538
diagnostic_sigma_bandpass_1250_2100_plus_lambda,train,770,0.014646048679035167
diagnostic_sigma_bandpass_1250_2100_plus_lambda,train,771,0.06693860667470256
diagnostic_sigma_bandpass_1250_2100_plus_lambda,train,774,0.15643054776999493
diagnostic_sigma_bandpass_1250_2100_plus_lambda,train,776,0.03157824192521155
diagnostic_sigma_bandpass_1250_2100_plus_lambda,train,778,0.06188281325358044
diagnostic_sigma_bandpass_1250_2100_plus_lambda,train,779,0.017967018043378788
diagnostic_sigma_bandpass_1250_2100_plus_lambda,train,780,0.01761791063320319
diagnostic_sigma_bandpass_1250_2100_plus_lambda,train,781,0.021031184719509988
diagnostic_sigma_bandpass_1250_2100_plus_lambda,train,783,0.05822822820333975
diagnostic_sigma_bandpass_1250_2100_plus_lambda,train,784,0.017841417539003694
diagnostic_sigma_bandpass_1250_2100_plus_lambda,train,785,0.03874115215791649
diagnostic_sigma_bandpass_1250_2100_plus_lambda,train,786,0.07115079760944422
diagnostic_sigma_bandpass_1250_2100_plus_lambda,train,787,0.030609362981341193
diagnostic_sigma_bandpass_1250_2100_plus_lambda,train,790,0.10457122322668658
diagnostic_sigma_bandpass_1250_2100_plus_lambda,train,792,0.1119533591886763
diagnostic_sigma_bandpass_1250_2100_plus_lambda,train,793,0.13187892233510642
diagnostic_sigma_bandpass_1250_2100_plus_lambda,train,794,0.03605049263676797
diagnostic_sigma_bandpass_1250_2100_plus_lambda,train,795,0.016469893346782057
diagnostic_sigma_bandpass_1250_2100_plus_lambda,train,796,0.08495568778635831
diagnostic_sigma_bandpass_1250_2100_plus_lambda,train,797,0.1405545754153792
diagnostic_sigma_bandpass_1250_2100_plus_lambda,train,800,0.027462312049350002
diagnostic_sigma_bandpass_1250_2100_plus_lambda,train,804,0.06635744279386134
diagnostic_sigma_bandpass_1250_2100_plus_lambda,train,805,0.0341704241697928
diagnostic_sigma_bandpass_1250_2100_plus_lambda,train,807,0.047436090570693264
diagnostic_sigma_bandpass_1250_2100_plus_lambda,train,808,0.020599717391769468
diagnostic_sigma_bandpass_1250_2100_plus_lambda,train,810,0.008798376216042543
diagnostic_sigma_bandpass_1250_2100_plus_lambda,train,811,0.06328926370625193
diagnostic_sigma_bandpass_1250_2100_plus_lambda,train,812,0.03444211486194788
diagnostic_sigma_bandpass_1250_2100_plus_lambda,train,814,0.03546756230857813
diagnostic_sigma_bandpass_1250_2100_plus_lambda,train,816,0.05188578660094585
diagnostic_sigma_bandpass_1250_2100_plus_lambda,train,817,0.1401434590055335
diagnostic_sigma_bandpass_1250_2100_plus_lambda,train,818,0.043617899756295556
diagnostic_sigma_bandpass_1250_2100_plus_lambda,train,819,0.0855207502874086
diagnostic_sigma_bandpass_1250_2100_plus_lambda,train,820,0.02968929505336933
diagnostic_sigma_bandpass_1250_2100_plus_lambda,train,822,0.0587248108180782
diagnostic_sigma_bandpass_1250_2100_plus_lambda,train,824,0.08713263543080159
diagnostic_sigma_bandpass_1250_2100_plus_lambda,train,825,0.027499328635117906
diagnostic_sigma_bandpass_1250_2100_plus_lambda,train,826,0.0579009290314048
diagnostic_sigma_bandpass_1250_2100_plus_lambda,train,827,0.05399179346810257
diagnostic_sigma_bandpass_1250_2100_plus_lambda,train,828,0.032713895004172204
diagnostic_sigma_bandpass_1250_2100_plus_lambda,train,832,0.027189141898493134
diagnostic_sigma_bandpass_1250_2100_plus_lambda,train,833,0.0626560236665687
diagnostic_sigma_bandpass_1250_2100_plus_lambda,train,838,0.026909228946192285
diagnostic_sigma_bandpass_1250_2100_plus_lambda,train,839,0.09290295537834926
diagnostic_sigma_bandpass_1250_2100_plus_lambda,train,841,0.03549158748796605
diagnostic_sigma_bandpass_1250_2100_plus_lambda,train,842,0.029889243838211545
diagnostic_sigma_bandpass_1250_2100_plus_lambda,train,843,0.023528299003777845
diagnostic_sigma_bandpass_1250_2100_plus_lambda,train,846,0.16547027938694095
diagnostic_sigma_bandpass_1250_2100_plus_lambda,train,847,0.027330783583584577
diagnostic_sigma_bandpass_1250_2100_plus_lambda,train,848,0.023084697544055115
diagnostic_sigma_bandpass_1250_2100_plus_lambda,train,849,0.05872619252400631
diagnostic_sigma_bandpass_1250_2100_plus_lambda,train,850,0.03486058333297777
diagnostic_sigma_bandpass_1250_2100_plus_lambda,train,853,0.04147170687994248
diagnostic_sigma_bandpass_1250_2100_plus_lambda,train,854,0.08830725408324624
diagnostic_sigma_bandpass_1250_2100_plus_lambda,train,855,0.046197289733875116
diagnostic_sigma_bandpass_1250_2100_plus_lambda,train,856,0.04931106676797544
diagnostic_sigma_bandpass_1250_2100_plus_lambda,train,858,0.027938128742463878
diagnostic_sigma_bandpass_1250_2100_plus_lambda,train,859,0.12276686317115648
diagnostic_sigma_bandpass_1250_2100_plus_lambda,train,860,0.04277574357372342
diagnostic_sigma_bandpass_1250_2100_plus_lambda,train,861,0.04375796542911855
diagnostic_sigma_bandpass_1250_2100_plus_lambda,train,862,0.030874968753696705
diagnostic_sigma_bandpass_1250_2100_plus_lambda,train,864,0.08168051962559497
diagnostic_sigma_bandpass_1250_2100_plus_lambda,train,865,0.04879064319747206
diagnostic_sigma_bandpass_1250_2100_plus_lambda,train,867,0.033070930872801566
diagnostic_sigma_bandpass_1250_2100_plus_lambda,train,868,0.030285188981577563
diagnostic_sigma_bandpass_1250_2100_plus_lambda,train,869,0.09799669420594286
diagnostic_sigma_bandpass_1250_2100_plus_lambda,train,870,0.05293476703531102
diagnostic_sigma_bandpass_1250_2100_plus_lambda,train,871,0.02486754462204859
diagnostic_sigma_bandpass_1250_2100_plus_lambda,train,872,0.04156001332461662
diagnostic_sigma_bandpass_1250_2100_plus_lambda,train,875,0.07626516711104109
diagnostic_sigma_bandpass_1250_2100_plus_lambda,train,876,0.02821593302716751
diagnostic_sigma_bandpass_1250_2100_plus_lambda,train,878,0.03569397414879443
diagnostic_sigma_bandpass_1250_2100_plus_lambda,train,880,0.028854917808817184
diagnostic_sigma_bandpass_1250_2100_plus_lambda,train,881,0.07430477133661635
diagnostic_sigma_bandpass_1250_2100_plus_lambda,train,883,0.029772844858657114
diagnostic_sigma_bandpass_1250_2100_plus_lambda,train,886,0.0979997966063701
diagnostic_sigma_bandpass_1250_2100_plus_lambda,train,888,0.03839664534556165
diagnostic_sigma_bandpass_1250_2100_plus_lambda,train,890,0.02380042136597903
diagnostic_sigma_bandpass_1250_2100_plus_lambda,train,891,0.018149252058840312
diagnostic_sigma_bandpass_1250_2100_plus_lambda,train,892,0.026097431893434962
diagnostic_sigma_bandpass_1250_2100_plus_lambda,train,897,0.03664411160426864
diagnostic_sigma_bandpass_1250_2100_plus_lambda,train,898,0.03282294055943078
diagnostic_sigma_bandpass_1250_2100_plus_lambda,train,899,0.03416306999589231
diagnostic_sigma_bandpass_1250_2100_plus_lambda,train,900,0.046850083441138245
diagnostic_sigma_bandpass_1250_2100_plus_lambda,train,901,0.03868479236619127
diagnostic_sigma_bandpass_1250_2100_plus_lambda,train,902,0.06812633901033303
diagnostic_sigma_bandpass_1250_2100_plus_lambda,train,903,0.05038023678316312
diagnostic_sigma_bandpass_1250_2100_plus_lambda,train,904,0.03397645117562345
diagnostic_sigma_bandpass_1250_2100_plus_lambda,train,907,0.014611584313366212
diagnostic_sigma_bandpass_1250_2100_plus_lambda,train,909,0.05501932159501093
diagnostic_sigma_bandpass_1250_2100_plus_lambda,train,910,0.04991658021311663
diagnostic_sigma_bandpass_1250_2100_plus_lambda,train,912,0.10068517252467592
diagnostic_sigma_bandpass_1250_2100_plus_lambda,train,915,0.02105605626841817
diagnostic_sigma_bandpass_1250_2100_plus_lambda,train,917,0.026789392416077286
diagnostic_sigma_bandpass_1250_2100_plus_lambda,train,918,0.01214620919090235
diagnostic_sigma_bandpass_1250_2100_plus_lambda,train,919,0.12884142277269134
diagnostic_sigma_bandpass_1250_2100_plus_lambda,train,920,0.03564558996075678
diagnostic_sigma_bandpass_1250_2100_plus_lambda,train,921,0.029021919535548026
diagnostic_sigma_bandpass_1250_2100_plus_lambda,train,923,0.01781589103765173
diagnostic_sigma_bandpass_1250_2100_plus_lambda,train,924,0.03396269820261939
diagnostic_sigma_bandpass_1250_2100_plus_lambda,train,925,0.018295356096741856
diagnostic_sigma_bandpass_1250_2100_plus_lambda,train,926,0.03630185551526218
diagnostic_sigma_bandpass_1250_2100_plus_lambda,train,928,0.039423231161035105
diagnostic_sigma_bandpass_1250_2100_plus_lambda,train,929,0.031050442890890383
diagnostic_sigma_bandpass_1250_2100_plus_lambda,train,930,0.01654691920704355
diagnostic_sigma_bandpass_1250_2100_plus_lambda,train,932,0.03192073089915932
diagnostic_sigma_bandpass_1250_2100_plus_lambda,train,933,0.02965452789901954
diagnostic_sigma_bandpass_1250_2100_plus_lambda,train,935,0.07564586004955343
diagnostic_sigma_bandpass_1250_2100_plus_lambda,train,937,0.033171792477873586
diagnostic_sigma_bandpass_1250_2100_plus_lambda,train,939,0.04812798896272206
diagnostic_sigma_bandpass_1250_2100_plus_lambda,train,941,0.03778745949984145
diagnostic_sigma_bandpass_1250_2100_plus_lambda,train,942,0.026208871189535476
diagnostic_sigma_bandpass_1250_2100_plus_lambda,train,943,0.04212354647049378
diagnostic_sigma_bandpass_1250_2100_plus_lambda,train,944,0.05165396899565419
diagnostic_sigma_bandpass_1250_2100_plus_lambda,train,945,0.01891934987601947
diagnostic_sigma_bandpass_1250_2100_plus_lambda,train,946,0.026906407355010965
diagnostic_sigma_bandpass_1250_2100_plus_lambda,train,947,0.1262955672112919
diagnostic_sigma_bandpass_1250_2100_plus_lambda,train,948,0.01798369066144625
diagnostic_sigma_bandpass_1250_2100_plus_lambda,train,949,0.09427627355794922
diagnostic_sigma_bandpass_1250_2100_plus_lambda,train,950,0.05523106621329135
diagnostic_sigma_bandpass_1250_2100_plus_lambda,train,951,0.06359565795543612
diagnostic_sigma_bandpass_1250_2100_plus_lambda,train,952,0.02786834684004753
diagnostic_sigma_bandpass_1250_2100_plus_lambda,train,954,0.04469565451738382
diagnostic_sigma_bandpass_1250_2100_plus_lambda,train,955,0.04892561514918132
diagnostic_sigma_bandpass_1250_2100_plus_lambda,train,956,0.03341793074428831
diagnostic_sigma_bandpass_1250_2100_plus_lambda,train,958,0.05839067891877239
diagnostic_sigma_bandpass_1250_2100_plus_lambda,train,960,0.07525187452437385
diagnostic_sigma_bandpass_1250_2100_plus_lambda,train,961,0.03592472447744965
diagnostic_sigma_bandpass_1250_2100_plus_lambda,train,963,0.029236716642000827
diagnostic_sigma_bandpass_1250_2100_plus_lambda,train,964,0.03673268427494765
diagnostic_sigma_bandpass_1250_2100_plus_lambda,train,965,0.02738061320506996
diagnostic_sigma_bandpass_1250_2100_plus_lambda,train,966,0.06536807402808732
diagnostic_sigma_bandpass_1250_2100_plus_lambda,train,967,0.027060597925874917
diagnostic_sigma_bandpass_1250_2100_plus_lambda,train,968,0.03841538647935595
diagnostic_sigma_bandpass_1250_2100_plus_lambda,train,970,0.02268760925005557
diagnostic_sigma_bandpass_1250_2100_plus_lambda,train,972,0.03816598182625705
diagnostic_sigma_bandpass_1250_2100_plus_lambda,train,973,0.05836931904152356
diagnostic_sigma_bandpass_1250_2100_plus_lambda,train,974,0.04164985379819629
diagnostic_sigma_bandpass_1250_2100_plus_lambda,train,975,0.05638463757447517
diagnostic_sigma_bandpass_1250_2100_plus_lambda,train,976,0.0321017971868098
diagnostic_sigma_bandpass_1250_2100_plus_lambda,train,977,0.013335915475274965
diagnostic_sigma_bandpass_1250_2100_plus_lambda,train,978,0.08482755979439241
diagnostic_sigma_bandpass_1250_2100_plus_lambda,train,980,0.058424763396004324
diagnostic_sigma_bandpass_1250_2100_plus_lambda,train,981,0.0376693649108549
diagnostic_sigma_bandpass_1250_2100_plus_lambda,train,982,0.09335337628623702
diagnostic_sigma_bandpass_1250_2100_plus_lambda,train,986,0.015415974089814858
diagnostic_sigma_bandpass_1250_2100_plus_lambda,train,989,0.0465581580747433
diagnostic_sigma_bandpass_1250_2100_plus_lambda,train,992,0.05788081742635901
diagnostic_sigma_bandpass_1250_2100_plus_lambda,train,994,0.046252561943894474
diagnostic_sigma_bandpass_1250_2100_plus_lambda,train,995,0.02017732221142089
diagnostic_sigma_bandpass_1250_2100_plus_lambda,train,996,0.06909490000697667
diagnostic_sigma_bandpass_1250_2100_plus_lambda,train,997,0.10766619790976255
diagnostic_sigma_bandpass_1250_2100_plus_lambda,train,998,0.1382281708075729
diagnostic_sigma_bandpass_1250_2100_plus_lambda,train,999,0.1612878090540131
diagnostic_sigma_bandpass_1250_2100_plus_lambda,train,1000,0.03504099965611767
diagnostic_sigma_bandpass_1250_2100_plus_lambda,validation,8,0.015790931948577603
diagnostic_sigma_bandpass_1250_2100_plus_lambda,validation,9,0.11035499047183879
diagnostic_sigma_bandpass_1250_2100_plus_lambda,validation,16,0.021496989385314087
diagnostic_sigma_bandpass_1250_2100_plus_lambda,validation,21,0.02443690437561453
diagnostic_sigma_bandpass_1250_2100_plus_lambda,validation,23,0.044933725098523385
diagnostic_sigma_bandpass_1250_2100_plus_lambda,validation,49,0.03639134187621771
diagnostic_sigma_bandpass_1250_2100_plus_lambda,validation,50,0.062140618894438664
diagnostic_sigma_bandpass_1250_2100_plus_lambda,validation,61,0.054767137776618235
diagnostic_sigma_bandpass_1250_2100_plus_lambda,validation,63,0.028282794364131128
diagnostic_sigma_bandpass_1250_2100_plus_lambda,validation,68,0.06953731731525005
diagnostic_sigma_bandpass_1250_2100_plus_lambda,validation,69,0.022308698425264138
diagnostic_sigma_bandpass_1250_2100_plus_lambda,validation,76,0.042820276922047144
diagnostic_sigma_bandpass_1250_2100_plus_lambda,validation,78,0.033943337543799
diagnostic_sigma_bandpass_1250_2100_plus_lambda,validation,82,0.041008858285764664
diagnostic_sigma_bandpass_1250_2100_plus_lambda,validation,87,0.08840927286626823
diagnostic_sigma_bandpass_1250_2100_plus_lambda,validation,90,0.025570742492251653
diagnostic_sigma_bandpass_1250_2100_plus_lambda,validation,104,0.035724663106304504
diagnostic_sigma_bandpass_1250_2100_plus_lambda,validation,116,0.04142813699399889
diagnostic_sigma_bandpass_1250_2100_plus_lambda,validation,117,0.03754387700176618
diagnostic_sigma_bandpass_1250_2100_plus_lambda,validation,129,0.04072358648438881
diagnostic_sigma_bandpass_1250_2100_plus_lambda,validation,132,0.044728663084436335
diagnostic_sigma_bandpass_1250_2100_plus_lambda,validation,139,0.03318191479245075
diagnostic_sigma_bandpass_1250_2100_plus_lambda,validation,146,0.03241670178711383
diagnostic_sigma_bandpass_1250_2100_plus_lambda,validation,162,0.0777308740805096
diagnostic_sigma_bandpass_1250_2100_plus_lambda,validation,171,0.08480412931474625
diagnostic_sigma_bandpass_1250_2100_plus_lambda,validation,179,0.06329361555315072
diagnostic_sigma_bandpass_1250_2100_plus_lambda,validation,185,0.11776066270761157
diagnostic_sigma_bandpass_1250_2100_plus_lambda,validation,207,0.038313930420275165
diagnostic_sigma_bandpass_1250_2100_plus_lambda,validation,218,0.04009803249455697
diagnostic_sigma_bandpass_1250_2100_plus_lambda,validation,227,0.02692973147449641
diagnostic_sigma_bandpass_1250_2100_plus_lambda,validation,228,0.051300545829609835
diagnostic_sigma_bandpass_1250_2100_plus_lambda,validation,238,0.035009601719980785
diagnostic_sigma_bandpass_1250_2100_plus_lambda,validation,245,0.12309725331940355
diagnostic_sigma_bandpass_1250_2100_plus_lambda,validation,248,0.06661573340785909
diagnostic_sigma_bandpass_1250_2100_plus_lambda,validation,258,0.027649527296899984
diagnostic_sigma_bandpass_1250_2100_plus_lambda,validation,260,0.02360593981128448
diagnostic_sigma_bandpass_1250_2100_plus_lambda,validation,262,0.03452357165485349
diagnostic_sigma_bandpass_1250_2100_plus_lambda,validation,268,0.07820095632495692
diagnostic_sigma_bandpass_1250_2100_plus_lambda,validation,271,0.09670142370793185
diagnostic_sigma_bandpass_1250_2100_plus_lambda,validation,273,0.0163815193288209
diagnostic_sigma_bandpass_1250_2100_plus_lambda,validation,278,0.019213543588793625
diagnostic_sigma_bandpass_1250_2100_plus_lambda,validation,291,0.08729686778350744
diagnostic_sigma_bandpass_1250_2100_plus_lambda,validation,321,0.03443195524821468
diagnostic_sigma_bandpass_1250_2100_plus_lambda,validation,325,0.015935386309419146
diagnostic_sigma_bandpass_1250_2100_plus_lambda,validation,332,0.0428641909334924
diagnostic_sigma_bandpass_1250_2100_plus_lambda,validation,340,0.06416162162516781
diagnostic_sigma_bandpass_1250_2100_plus_lambda,validation,342,0.02375736929645447
diagnostic_sigma_bandpass_1250_2100_plus_lambda,validation,353,0.08579431622341281
diagnostic_sigma_bandpass_1250_2100_plus_lambda,validation,354,0.0158408553500744
diagnostic_sigma_bandpass_1250_2100_plus_lambda,validation,367,0.1172465815216714
diagnostic_sigma_bandpass_1250_2100_plus_lambda,validation,368,0.04769842639579386
diagnostic_sigma_bandpass_1250_2100_plus_lambda,validation,389,0.031676478824684384
diagnostic_sigma_bandpass_1250_2100_plus_lambda,validation,397,0.04095746648570745
diagnostic_sigma_bandpass_1250_2100_plus_lambda,validation,400,0.08686367730286053
diagnostic_sigma_bandpass_1250_2100_plus_lambda,validation,406,0.044084159882478754
diagnostic_sigma_bandpass_1250_2100_plus_lambda,validation,415,0.01770078310459911
diagnostic_sigma_bandpass_1250_2100_plus_lambda,validation,421,0.041159152695739845
diagnostic_sigma_bandpass_1250_2100_plus_lambda,validation,422,0.07049478519369727
diagnostic_sigma_bandpass_1250_2100_plus_lambda,validation,425,0.03097438614518039
diagnostic_sigma_bandpass_1250_2100_plus_lambda,validation,430,0.02609309000728235
diagnostic_sigma_bandpass_1250_2100_plus_lambda,validation,439,0.032882859791366244
diagnostic_sigma_bandpass_1250_2100_plus_lambda,validation,451,0.06690619744504445
diagnostic_sigma_bandpass_1250_2100_plus_lambda,validation,458,0.1295929159801317
diagnostic_sigma_bandpass_1250_2100_plus_lambda,validation,469,0.0749878808234403
diagnostic_sigma_bandpass_1250_2100_plus_lambda,validation,470,0.028718019226360546
diagnostic_sigma_bandpass_1250_2100_plus_lambda,validation,471,0.06498805388645748
diagnostic_sigma_bandpass_1250_2100_plus_lambda,validation,481,0.02545224280959291
diagnostic_sigma_bandpass_1250_2100_plus_lambda,validation,491,0.03985908939469587
diagnostic_sigma_bandpass_1250_2100_plus_lambda,validation,501,0.06808018486350723
diagnostic_sigma_bandpass_1250_2100_plus_lambda,validation,502,0.03788986245402089
diagnostic_sigma_bandpass_1250_2100_plus_lambda,validation,506,0.05729607814775707
diagnostic_sigma_bandpass_1250_2100_plus_lambda,validation,509,0.020189736598187884
diagnostic_sigma_bandpass_1250_2100_plus_lambda,validation,510,0.06534456642368132
diagnostic_sigma_bandpass_1250_2100_plus_lambda,validation,517,0.07843729730834341
diagnostic_sigma_bandpass_1250_2100_plus_lambda,validation,532,0.02931965171119674
diagnostic_sigma_bandpass_1250_2100_plus_lambda,validation,533,0.025176911010451403
diagnostic_sigma_bandpass_1250_2100_plus_lambda,validation,536,0.024854026286677076
diagnostic_sigma_bandpass_1250_2100_plus_lambda,validation,538,0.08249823207387272
diagnostic_sigma_bandpass_1250_2100_plus_lambda,validation,545,0.088780378437071
diagnostic_sigma_bandpass_1250_2100_plus_lambda,validation,547,0.021769101962067015
diagnostic_sigma_bandpass_1250_2100_plus_lambda,validation,552,0.020707963936527622
diagnostic_sigma_bandpass_1250_2100_plus_lambda,validation,554,0.02694994315508157
diagnostic_sigma_bandpass_1250_2100_plus_lambda,validation,555,0.04051244671269562
diagnostic_sigma_bandpass_1250_2100_plus_lambda,validation,576,0.015215160829716088
diagnostic_sigma_bandpass_1250_2100_plus_lambda,validation,580,0.04633923732093507
diagnostic_sigma_bandpass_1250_2100_plus_lambda,validation,583,0.038290085979989466
diagnostic_sigma_bandpass_1250_2100_plus_lambda,validation,599,0.0394290268290119
diagnostic_sigma_bandpass_1250_2100_plus_lambda,validation,611,0.0800790428109281
diagnostic_sigma_bandpass_1250_2100_plus_lambda,validation,613,0.02597429967699788
diagnostic_sigma_bandpass_1250_2100_plus_lambda,validation,615,0.0719170599391035
diagnostic_sigma_bandpass_1250_2100_plus_lambda,validation,635,0.03533705035837862
diagnostic_sigma_bandpass_1250_2100_plus_lambda,validation,640,0.034160698485754065
diagnostic_sigma_bandpass_1250_2100_plus_lambda,validation,653,0.04665503779842097
diagnostic_sigma_bandpass_1250_2100_plus_lambda,validation,666,0.08970238728939761
diagnostic_sigma_bandpass_1250_2100_plus_lambda,validation,674,0.050117557628765824
diagnostic_sigma_bandpass_1250_2100_plus_lambda,validation,676,0.036878413956343996
diagnostic_sigma_bandpass_1250_2100_plus_lambda,validation,681,0.026722804517646817
diagnostic_sigma_bandpass_1250_2100_plus_lambda,validation,687,0.11549004286152759
diagnostic_sigma_bandpass_1250_2100_plus_lambda,validation,688,0.05250026920585933
diagnostic_sigma_bandpass_1250_2100_plus_lambda,validation,689,0.0762077507509662
diagnostic_sigma_bandpass_1250_2100_plus_lambda,validation,693,0.02585266355654182
diagnostic_sigma_bandpass_1250_2100_plus_lambda,validation,697,0.06940526718857007
diagnostic_sigma_bandpass_1250_2100_plus_lambda,validation,699,0.09230611507643159
diagnostic_sigma_bandpass_1250_2100_plus_lambda,validation,716,0.03021525832203118
diagnostic_sigma_bandpass_1250_2100_plus_lambda,validation,719,0.046746755400567205
diagnostic_sigma_bandpass_1250_2100_plus_lambda,validation,720,0.036163853024623105
diagnostic_sigma_bandpass_1250_2100_plus_lambda,validation,727,0.10853808706685023
diagnostic_sigma_bandpass_1250_2100_plus_lambda,validation,729,0.021746669252448416
diagnostic_sigma_bandpass_1250_2100_plus_lambda,validation,733,0.025478341778553865
diagnostic_sigma_bandpass_1250_2100_plus_lambda,validation,752,0.03115482849470179
diagnostic_sigma_bandpass_1250_2100_plus_lambda,validation,773,0.01386301960625692
diagnostic_sigma_bandpass_1250_2100_plus_lambda,validation,777,0.04475836875085376
diagnostic_sigma_bandpass_1250_2100_plus_lambda,validation,788,0.06989162883217478
diagnostic_sigma_bandpass_1250_2100_plus_lambda,validation,791,0.07985477575605017
diagnostic_sigma_bandpass_1250_2100_plus_lambda,validation,803,0.012027957027012039
diagnostic_sigma_bandpass_1250_2100_plus_lambda,validation,806,0.05443014911620707
diagnostic_sigma_bandpass_1250_2100_plus_lambda,validation,809,0.04301438825846952
diagnostic_sigma_bandpass_1250_2100_plus_lambda,validation,813,0.023846934885112112
diagnostic_sigma_bandpass_1250_2100_plus_lambda,validation,815,0.050095206018822586
diagnostic_sigma_bandpass_1250_2100_plus_lambda,validation,821,0.030546237469660346
diagnostic_sigma_bandpass_1250_2100_plus_lambda,validation,823,0.03947324155045722
diagnostic_sigma_bandpass_1250_2100_plus_lambda,validation,831,0.056529417969276116
diagnostic_sigma_bandpass_1250_2100_plus_lambda,validation,834,0.05581204608745131
diagnostic_sigma_bandpass_1250_2100_plus_lambda,validation,835,0.051665686405376866
diagnostic_sigma_bandpass_1250_2100_plus_lambda,validation,840,0.03405494926039374
diagnostic_sigma_bandpass_1250_2100_plus_lambda,validation,851,0.13195439826061658
diagnostic_sigma_bandpass_1250_2100_plus_lambda,validation,852,0.07240004777582314
diagnostic_sigma_bandpass_1250_2100_plus_lambda,validation,863,0.08574603584965367
diagnostic_sigma_bandpass_1250_2100_plus_lambda,validation,866,0.018684931431874295
diagnostic_sigma_bandpass_1250_2100_plus_lambda,validation,874,0.019710651251816924
diagnostic_sigma_bandpass_1250_2100_plus_lambda,validation,882,0.026656740786460235
diagnostic_sigma_bandpass_1250_2100_plus_lambda,validation,884,0.06127694080287215
diagnostic_sigma_bandpass_1250_2100_plus_lambda,validation,889,0.02255507022241878
diagnostic_sigma_bandpass_1250_2100_plus_lambda,validation,895,0.13383996947906948
diagnostic_sigma_bandpass_1250_2100_plus_lambda,validation,906,0.04842020579599647
diagnostic_sigma_bandpass_1250_2100_plus_lambda,validation,908,0.040504366641171526
diagnostic_sigma_bandpass_1250_2100_plus_lambda,validation,911,0.056178003113307624
diagnostic_sigma_bandpass_1250_2100_plus_lambda,validation,914,0.020848328327405633
diagnostic_sigma_bandpass_1250_2100_plus_lambda,validation,916,0.04447859754169688
diagnostic_sigma_bandpass_1250_2100_plus_lambda,validation,931,0.03227527112332445
diagnostic_sigma_bandpass_1250_2100_plus_lambda,validation,934,0.0531845879917903
diagnostic_sigma_bandpass_1250_2100_plus_lambda,validation,936,0.038308248167098206
diagnostic_sigma_bandpass_1250_2100_plus_lambda,validation,938,0.018052047443571466
diagnostic_sigma_bandpass_1250_2100_plus_lambda,validation,953,0.14765011026796615
diagnostic_sigma_bandpass_1250_2100_plus_lambda,validation,969,0.0305452081513327
diagnostic_sigma_bandpass_1250_2100_plus_lambda,validation,971,0.07357527951768342
diagnostic_sigma_bandpass_1250_2100_plus_lambda,validation,987,0.06466278963885218
diagnostic_sigma_bandpass_1250_2100_plus_lambda,validation,990,0.04234569551628572
diagnostic_sigma_bandpass_1250_2100_plus_lambda,validation,991,0.045816781787753724
diagnostic_sigma_bandpass_1250_2100_plus_lambda,validation,993,0.021828351261245743
diagnostic_sigma_bandpass_1250_2100_plus_alpha,train,1,0.12426488881895462
diagnostic_sigma_bandpass_1250_2100_plus_alpha,train,2,0.05665568913232545
diagnostic_sigma_bandpass_1250_2100_plus_alpha,train,3,0.07706775027459231
diagnostic_sigma_bandpass_1250_2100_plus_alpha,train,5,0.05310274214234735
diagnostic_sigma_bandpass_1250_2100_plus_alpha,train,10,0.03722044883155592
diagnostic_sigma_bandpass_1250_2100_plus_alpha,train,11,0.04014996039530678
diagnostic_sigma_bandpass_1250_2100_plus_alpha,train,12,0.04081480796916769
diagnostic_sigma_bandpass_1250_2100_plus_alpha,train,13,0.04850066405405581
diagnostic_sigma_bandpass_1250_2100_plus_alpha,train,14,0.03555615607500757
diagnostic_sigma_bandpass_1250_2100_plus_alpha,train,15,0.025730493963627074
diagnostic_sigma_bandpass_1250_2100_plus_alpha,train,17,0.03474631338884706
diagnostic_sigma_bandpass_1250_2100_plus_alpha,train,18,0.018743270685704888
diagnostic_sigma_bandpass_1250_2100_plus_alpha,train,19,0.030755238676774606
diagnostic_sigma_bandpass_1250_2100_plus_alpha,train,20,0.03557366152563189
diagnostic_sigma_bandpass_1250_2100_plus_alpha,train,22,0.027691894219866005
diagnostic_sigma_bandpass_1250_2100_plus_alpha,train,24,0.1225255758104558
diagnostic_sigma_bandpass_1250_2100_plus_alpha,train,26,0.023729601212023867
diagnostic_sigma_bandpass_1250_2100_plus_alpha,train,27,0.03216265536043977
diagnostic_sigma_bandpass_1250_2100_plus_alpha,train,29,0.025148972055228716
diagnostic_sigma_bandpass_1250_2100_plus_alpha,train,30,0.10345421872803742
diagnostic_sigma_bandpass_1250_2100_plus_alpha,train,31,0.01981636355874237
diagnostic_sigma_bandpass_1250_2100_plus_alpha,train,32,0.05786137864501866
diagnostic_sigma_bandpass_1250_2100_plus_alpha,train,35,0.023433955099358854
diagnostic_sigma_bandpass_1250_2100_plus_alpha,train,36,0.04799516086977642
diagnostic_sigma_bandpass_1250_2100_plus_alpha,train,37,0.048000906882742805
diagnostic_sigma_bandpass_1250_2100_plus_alpha,train,38,0.02979130736123238
diagnostic_sigma_bandpass_1250_2100_plus_alpha,train,39,0.012194115266128775
diagnostic_sigma_bandpass_1250_2100_plus_alpha,train,40,0.06887697438795426
diagnostic_sigma_bandpass_1250_2100_plus_alpha,train,41,0.02160395540345973
diagnostic_sigma_bandpass_1250_2100_plus_alpha,train,42,0.05787490029909376
diagnostic_sigma_bandpass_1250_2100_plus_alpha,train,43,0.07782614507467284
diagnostic_sigma_bandpass_1250_2100_plus_alpha,train,44,0.02606855866253009
diagnostic_sigma_bandpass_1250_2100_plus_alpha,train,46,0.10844696016407347
diagnostic_sigma_bandpass_1250_2100_plus_alpha,train,47,0.056242961011805905
diagnostic_sigma_bandpass_1250_2100_plus_alpha,train,48,0.014712866411451605
diagnostic_sigma_bandpass_1250_2100_plus_alpha,train,51,0.06518439738441448
diagnostic_sigma_bandpass_1250_2100_plus_alpha,train,52,0.0601820344847969
diagnostic_sigma_bandpass_1250_2100_plus_alpha,train,53,0.02583367770900537
diagnostic_sigma_bandpass_1250_2100_plus_alpha,train,54,0.16748584404962436
diagnostic_sigma_bandpass_1250_2100_plus_alpha,train,55,0.053396436773615774
diagnostic_sigma_bandpass_1250_2100_plus_alpha,train,56,0.06409607760369966
diagnostic_sigma_bandpass_1250_2100_plus_alpha,train,57,0.05205533032258639
diagnostic_sigma_bandpass_1250_2100_plus_alpha,train,58,0.07480016007160406
diagnostic_sigma_bandpass_1250_2100_plus_alpha,train,59,0.047547931541677704
diagnostic_sigma_bandpass_1250_2100_plus_alpha,train,60,0.03751682431550707
diagnostic_sigma_bandpass_1250_2100_plus_alpha,train,62,0.027779971867911396
diagnostic_sigma_bandpass_1250_2100_plus_alpha,train,64,0.041863396602181295
diagnostic_sigma_bandpass_1250_2100_plus_alpha,train,65,0.08774840627669185
diagnostic_sigma_bandpass_1250_2100_plus_alpha,train,66,0.02373771994838103
diagnostic_sigma_bandpass_1250_2100_plus_alpha,train,70,0.021264181454927603
diagnostic_sigma_bandpass_1250_2100_plus_alpha,train,73,0.017123190829220387
diagnostic_sigma_bandpass_1250_2100_plus_alpha,train,74,0.11261243926352692
diagnostic_sigma_bandpass_1250_2100_plus_alpha,train,75,0.03930348892663872
diagnostic_sigma_bandpass_1250_2100_plus_alpha,train,77,0.03541768242142262
diagnostic_sigma_bandpass_1250_2100_plus_alpha,train,79,0.034791000817581075
diagnostic_sigma_bandpass_1250_2100_plus_alpha,train,80,0.14963278055189205
diagnostic_sigma_bandpass_1250_2100_plus_alpha,train,81,0.0678682527946863
diagnostic_sigma_bandpass_1250_2100_plus_alpha,train,84,0.027068442362672702
diagnostic_sigma_bandpass_1250_2100_plus_alpha,train,85,0.048581796487788924
diagnostic_sigma_bandpass_1250_2100_plus_alpha,train,86,0.13223231949551822
diagnostic_sigma_bandpass_1250_2100_plus_alpha,train,88,0.03221102805050955
diagnostic_sigma_bandpass_1250_2100_plus_alpha,train,89,0.1280324679377758
diagnostic_sigma_bandpass_1250_2100_plus_alpha,train,91,0.10739220823907075
diagnostic_sigma_bandpass_1250_2100_plus_alpha,train,92,0.03328664207547431
diagnostic_sigma_bandpass_1250_2100_plus_alpha,train,93,0.04682852219686603
diagnostic_sigma_bandpass_1250_2100_plus_alpha,train,95,0.08427943665170558
diagnostic_sigma_bandpass_1250_2100_plus_alpha,train,96,0.06290482659466079
diagnostic_sigma_bandpass_1250_2100_plus_alpha,train,97,0.06819564582389705
diagnostic_sigma_bandpass_1250_2100_plus_alpha,train,98,0.06013093699707234
diagnostic_sigma_bandpass_1250_2100_plus_alpha,train,100,0.033890205857173714
diagnostic_sigma_bandpass_1250_2100_plus_alpha,train,101,0.023139115822560494
diagnostic_sigma_bandpass_1250_2100_plus_alpha,train,102,0.02090732051724358
diagnostic_sigma_bandpass_1250_2100_plus_alpha,train,103,0.019178151383957388
diagnostic_sigma_bandpass_1250_2100_plus_alpha,train,105,0.030290651910108355
diagnostic_sigma_bandpass_1250_2100_plus_alpha,train,107,0.036293929568657755
diagnostic_sigma_bandpass_1250_2100_plus_alpha,train,108,0.02715504982088318
diagnostic_sigma_bandpass_1250_2100_plus_alpha,train,109,0.013234840213216192
diagnostic_sigma_bandpass_1250_2100_plus_alpha,train,110,0.06573738617381128
diagnostic_sigma_bandpass_1250_2100_plus_alpha,train,111,0.022677113113773396
diagnostic_sigma_bandpass_1250_2100_plus_alpha,train,112,0.023681874452131053
diagnostic_sigma_bandpass_1250_2100_plus_alpha,train,114,0.02846338704750797
diagnostic_sigma_bandpass_1250_2100_plus_alpha,train,115,0.09799821721012796
diagnostic_sigma_bandpass_1250_2100_plus_alpha,train,118,0.09346973450003565
diagnostic_sigma_bandpass_1250_2100_plus_alpha,train,120,0.044757364815895886
diagnostic_sigma_bandpass_1250_2100_plus_alpha,train,121,0.13727833079167845
diagnostic_sigma_bandpass_1250_2100_plus_alpha,train,122,0.01501099540834054
diagnostic_sigma_bandpass_1250_2100_plus_alpha,train,123,0.028796297829046785
diagnostic_sigma_bandpass_1250_2100_plus_alpha,train,124,0.019764564049035285
diagnostic_sigma_bandpass_1250_2100_plus_alpha,train,125,0.02337060314092376
diagnostic_sigma_bandpass_1250_2100_plus_alpha,train,126,0.02851045828226804
diagnostic_sigma_bandpass_1250_2100_plus_alpha,train,127,0.057898066367673404
diagnostic_sigma_bandpass_1250_2100_plus_alpha,train,128,0.08652266894939774
diagnostic_sigma_bandpass_1250_2100_plus_alpha,train,130,0.09769895215029929
diagnostic_sigma_bandpass_1250_2100_plus_alpha,train,131,0.09342716142084248
diagnostic_sigma_bandpass_1250_2100_plus_alpha,train,133,0.04768470148589599
diagnostic_sigma_bandpass_1250_2100_plus_alpha,train,134,0.14109748676784964
diagnostic_sigma_bandpass_1250_2100_plus_alpha,train,135,0.04347667471622478
diagnostic_sigma_bandpass_1250_2100_plus_alpha,train,138,0.036369758246606446
diagnostic_sigma_bandpass_1250_2100_plus_alpha,train,141,0.022575542390242356
diagnostic_sigma_bandpass_1250_2100_plus_alpha,train,142,0.060432085752308774
diagnostic_sigma_bandpass_1250_2100_plus_alpha,train,143,0.12931140202740324
diagnostic_sigma_bandpass_1250_2100_plus_alpha,train,144,0.017146172288329157
diagnostic_sigma_bandpass_1250_2100_plus_alpha,train,147,0.022127655815607054
diagnostic_sigma_bandpass_1250_2100_plus_alpha,train,148,0.01703435434789226
diagnostic_sigma_bandpass_1250_2100_plus_alpha,train,149,0.03914723821327494
diagnostic_sigma_bandpass_1250_2100_plus_alpha,train,151,0.04703738609603188
diagnostic_sigma_bandpass_1250_2100_plus_alpha,train,152,0.08418364818484805
diagnostic_sigma_bandpass_1250_2100_plus_alpha,train,155,0.11584334327181754
diagnostic_sigma_bandpass_1250_2100_plus_alpha,train,156,0.02065292380261798
diagnostic_sigma_bandpass_1250_2100_plus_alpha,train,157,0.14676373365196071
diagnostic_sigma_bandpass_1250_2100_plus_alpha,train,158,0.033614602242323724
diagnostic_sigma_bandpass_1250_2100_plus_alpha,train,159,0.032999806446126045
diagnostic_sigma_bandpass_1250_2100_plus_alpha,train,160,0.024737476417647203
diagnostic_sigma_bandpass_1250_2100_plus_alpha,train,161,0.06218265588679452
diagnostic_sigma_bandpass_1250_2100_plus_alpha,train,163,0.02503626287956344
diagnostic_sigma_bandpass_1250_2100_plus_alpha,train,164,0.01936455096056729
diagnostic_sigma_bandpass_1250_2100_plus_alpha,train,166,0.06026001967414733
diagnostic_sigma_bandpass_1250_2100_plus_alpha,train,167,0.03181200886852731
diagnostic_sigma_bandpass_1250_2100_plus_alpha,train,168,0.042813185861830576
diagnostic_sigma_bandpass_1250_2100_plus_alpha,train,170,0.03290474403203893
diagnostic_sigma_bandpass_1250_2100_plus_alpha,train,172,0.02103678250494577
diagnostic_sigma_bandpass_1250_2100_plus_alpha,train,173,0.026181577003601086
diagnostic_sigma_bandpass_1250_2100_plus_alpha,train,174,0.05992082953725319
diagnostic_sigma_bandpass_1250_2100_plus_alpha,train,176,0.05980334121812647
diagnostic_sigma_bandpass_1250_2100_plus_alpha,train,177,0.021946616683796577
diagnostic_sigma_bandpass_1250_2100_plus_alpha,train,178,0.04903000349668144
diagnostic_sigma_bandpass_1250_2100_plus_alpha,train,180,0.03794736009250998
diagnostic_sigma_bandpass_1250_2100_plus_alpha,train,181,0.03182920498128629
diagnostic_sigma_bandpass_1250_2100_plus_alpha,train,182,0.0315938491125773
diagnostic_sigma_bandpass_1250_2100_plus_alpha,train,183,0.027412628657166618
diagnostic_sigma_bandpass_1250_2100_plus_alpha,train,184,0.04956081946513584
diagnostic_sigma_bandpass_1250_2100_plus_alpha,train,186,0.0483659442711894
diagnostic_sigma_bandpass_1250_2100_plus_alpha,train,187,0.027471102251723608
diagnostic_sigma_bandpass_1250_2100_plus_alpha,train,188,0.02582240097629448
diagnostic_sigma_bandpass_1250_2100_plus_alpha,train,189,0.017966729525877655
diagnostic_sigma_bandpass_1250_2100_plus_alpha,train,190,0.020989261577620315
diagnostic_sigma_bandpass_1250_2100_plus_alpha,train,192,0.03205040585240827
diagnostic_sigma_bandpass_1250_2100_plus_alpha,train,193,0.031706484922741494
diagnostic_sigma_bandpass_1250_2100_plus_alpha,train,194,0.022018708767048832
diagnostic_sigma_bandpass_1250_2100_plus_alpha,train,195,0.022737994261924906
diagnostic_sigma_bandpass_1250_2100_plus_alpha,train,196,0.031137403916122373
diagnostic_sigma_bandpass_1250_2100_plus_alpha,train,197,0.015522877146597412
diagnostic_sigma_bandpass_1250_2100_plus_alpha,train,198,0.1460676908614033
diagnostic_sigma_bandpass_1250_2100_plus_alpha,train,199,0.022689148168695036
diagnostic_sigma_bandpass_1250_2100_plus_alpha,train,200,0.022345833075043862
diagnostic_sigma_bandpass_1250_2100_plus_alpha,train,201,0.12197476391285723
diagnostic_sigma_bandpass_1250_2100_plus_alpha,train,203,0.12984903807244694
diagnostic_sigma_bandpass_1250_2100_plus_alpha,train,205,0.06366197189519174
diagnostic_sigma_bandpass_1250_2100_plus_alpha,train,206,0.05981815846085852
diagnostic_sigma_bandpass_1250_2100_plus_alpha,train,208,0.09373754007297773
diagnostic_sigma_bandpass_1250_2100_plus_alpha,train,209,0.06465263993700822
diagnostic_sigma_bandpass_1250_2100_plus_alpha,train,210,0.08245967498242097
diagnostic_sigma_bandpass_1250_2100_plus_alpha,train,211,0.046083207380885755
diagnostic_sigma_bandpass_1250_2100_plus_alpha,train,212,0.025459167128109077
diagnostic_sigma_bandpass_1250_2100_plus_alpha,train,213,0.052522080626606654
diagnostic_sigma_bandpass_1250_2100_plus_alpha,train,214,0.05973290248313458
diagnostic_sigma_bandpass_1250_2100_plus_alpha,train,216,0.06439940544582758
diagnostic_sigma_bandpass_1250_2100_plus_alpha,train,219,0.016774296797249077
diagnostic_sigma_bandpass_1250_2100_plus_alpha,train,221,0.059343706938155466
diagnostic_sigma_bandpass_1250_2100_plus_alpha,train,222,0.02881413976016791
diagnostic_sigma_bandpass_1250_2100_plus_alpha,train,223,0.11690923217758764
diagnostic_sigma_bandpass_1250_2100_plus_alpha,train,224,0.028542259602861716
diagnostic_sigma_bandpass_1250_2100_plus_alpha,train,225,0.0952597581923209
diagnostic_sigma_bandpass_1250_2100_plus_alpha,train,226,0.03315128811209579
diagnostic_sigma_bandpass_1250_2100_plus_alpha,train,231,0.020266744875724486
diagnostic_sigma_bandpass_1250_2100_plus_alpha,train,233,0.1486722210434725
diagnostic_sigma_bandpass_1250_2100_plus_alpha,train,235,0.020348952053222288
diagnostic_sigma_bandpass_1250_2100_plus_alpha,train,236,0.06578138260109288
diagnostic_sigma_bandpass_1250_2100_plus_alpha,train,237,0.042650593881072514
diagnostic_sigma_bandpass_1250_2100_plus_alpha,train,239,0.021905592050289864
diagnostic_sigma_bandpass_1250_2100_plus_alpha,train,240,0.03187103048145717
diagnostic_sigma_bandpass_1250_2100_plus_alpha,train,241,0.024954272797384117
diagnostic_sigma_bandpass_1250_2100_plus_alpha,train,242,0.0732759162361653
diagnostic_sigma_bandpass_1250_2100_plus_alpha,train,243,0.024382509622075676
diagnostic_sigma_bandpass_1250_2100_plus_alpha,train,246,0.056417554948347416
diagnostic_sigma_bandpass_1250_2100_plus_alpha,train,247,0.06419736598531824
diagnostic_sigma_bandpass_1250_2100_plus_alpha,train,249,0.042514638140190054
diagnostic_sigma_bandpass_1250_2100_plus_alpha,train,250,0.18856026938630055
diagnostic_sigma_bandpass_1250_2100_plus_alpha,train,251,0.02776890274094326
diagnostic_sigma_bandpass_1250_2100_plus_alpha,train,252,0.04474988042476334
diagnostic_sigma_bandpass_1250_2100_plus_alpha,train,253,0.024712006298007804
diagnostic_sigma_bandpass_1250_2100_plus_alpha,train,254,0.04697810940489245
diagnostic_sigma_bandpass_1250_2100_plus_alpha,train,255,0.032380566330705386
diagnostic_sigma_bandpass_1250_2100_plus_alpha,train,256,0.05330343449612514
diagnostic_sigma_bandpass_1250_2100_plus_alpha,train,257,0.10325807518954588
diagnostic_sigma_bandpass_1250_2100_plus_alpha,train,259,0.021352115571049317
diagnostic_sigma_bandpass_1250_2100_plus_alpha,train,261,0.03183356097403088
diagnostic_sigma_bandpass_1250_2100_plus_alpha,train,264,0.08997475607457515
diagnostic_sigma_bandpass_1250_2100_plus_alpha,train,265,0.08216155268523878
diagnostic_sigma_bandpass_1250_2100_plus_alpha,train,266,0.039614548877026416
diagnostic_sigma_bandpass_1250_2100_plus_alpha,train,270,0.046825273813147536
diagnostic_sigma_bandpass_1250_2100_plus_alpha,train,272,0.04556943107606459
diagnostic_sigma_bandpass_1250_2100_plus_alpha,train,274,0.03691476727985117
diagnostic_sigma_bandpass_1250_2100_plus_alpha,train,275,0.031654674561587264
diagnostic_sigma_bandpass_1250_2100_plus_alpha,train,276,0.03211918238978958
diagnostic_sigma_bandpass_1250_2100_plus_alpha,train,277,0.024690036549537484
diagnostic_sigma_bandpass_1250_2100_plus_alpha,train,279,0.0291332513343254
diagnostic_sigma_bandpass_1250_2100_plus_alpha,train,280,0.021548785442498282
diagnostic_sigma_bandpass_1250_2100_plus_alpha,train,281,0.025914756807812973
diagnostic_sigma_bandpass_1250_2100_plus_alpha,train,283,0.13605862674200603
diagnostic_sigma_bandpass_1250_2100_plus_alpha,train,285,0.01592330410785959
diagnostic_sigma_bandpass_1250_2100_plus_alpha,train,287,0.044303152272127895
diagnostic_sigma_bandpass_1250_2100_plus_alpha,train,288,0.013588428512277591
diagnostic_sigma_bandpass_1250_2100_plus_alpha,train,289,0.02638083774162577
diagnostic_sigma_bandpass_1250_2100_plus_alpha,train,290,0.06356347550912222
diagnostic_sigma_bandpass_1250_2100_plus_alpha,train,294,0.12138713261571452
diagnostic_sigma_bandpass_1250_2100_plus_alpha,train,295,0.03706247741846723
diagnostic_sigma_bandpass_1250_2100_plus_alpha,train,296,0.026453788875812574
diagnostic_sigma_bandpass_1250_2100_plus_alpha,train,297,0.03664558663295247
diagnostic_sigma_bandpass_1250_2100_plus_alpha,train,298,0.016608128496671017
diagnostic_sigma_bandpass_1250_2100_plus_alpha,train,300,0.04220718896706122
diagnostic_sigma_bandpass_1250_2100_plus_alpha,train,301,0.058091701425134985
diagnostic_sigma_bandpass_1250_2100_plus_alpha,train,305,0.12313587031485612
diagnostic_sigma_bandpass_1250_2100_plus_alpha,train,306,0.04714780248939492
diagnostic_sigma_bandpass_1250_2100_plus_alpha,train,307,0.017419383339392885
diagnostic_sigma_bandpass_1250_2100_plus_alpha,train,308,0.01172649946380603
diagnostic_sigma_bandpass_1250_2100_plus_alpha,train,309,0.060634130472155
diagnostic_sigma_bandpass_1250_2100_plus_alpha,train,310,0.09097802821585689
diagnostic_sigma_bandpass_1250_2100_plus_alpha,train,311,0.029322581107729933
diagnostic_sigma_bandpass_1250_2100_plus_alpha,train,313,0.06631069145533414
diagnostic_sigma_bandpass_1250_2100_plus_alpha,train,315,0.03566971964728034
diagnostic_sigma_bandpass_1250_2100_plus_alpha,train,316,0.02679518499103519
diagnostic_sigma_bandpass_1250_2100_plus_alpha,train,317,0.05435104144045285
diagnostic_sigma_bandpass_1250_2100_plus_alpha,train,318,0.055776583666183085
diagnostic_sigma_bandpass_1250_2100_plus_alpha,train,319,0.09790278052003669
diagnostic_sigma_bandpass_1250_2100_plus_alpha,train,320,0.016797436993042283
diagnostic_sigma_bandpass_1250_2100_plus_alpha,train,322,0.043172933871691715
diagnostic_sigma_bandpass_1250_2100_plus_alpha,train,323,0.017488508148040066
diagnostic_sigma_bandpass_1250_2100_plus_alpha,train,324,0.15596753633362048
diagnostic_sigma_bandpass_1250_2100_plus_alpha,train,326,0.019720870273486485
diagnostic_sigma_bandpass_1250_2100_plus_alpha,train,327,0.08660614350309605
diagnostic_sigma_bandpass_1250_2100_plus_alpha,train,328,0.05319772773264406
diagnostic_sigma_bandpass_1250_2100_plus_alpha,train,329,0.05033479153772253
diagnostic_sigma_bandpass_1250_2100_plus_alpha,train,330,0.05636765245106691
diagnostic_sigma_bandpass_1250_2100_plus_alpha,train,331,0.026541249037077518
diagnostic_sigma_bandpass_1250_2100_plus_alpha,train,334,0.09485643003338003
diagnostic_sigma_bandpass_1250_2100_plus_alpha,train,335,0.023201735129410032
diagnostic_sigma_bandpass_1250_2100_plus_alpha,train,336,0.02522665357364995
diagnostic_sigma_bandpass_1250_2100_plus_alpha,train,337,0.15564290224841731
diagnostic_sigma_bandpass_1250_2100_plus_alpha,train,338,0.04193537690099311
diagnostic_sigma_bandpass_1250_2100_plus_alpha,train,341,0.07164587630789218
diagnostic_sigma_bandpass_1250_2100_plus_alpha,train,343,0.009292219059960834
diagnostic_sigma_bandpass_1250_2100_plus_alpha,train,344,0.014993886036791866
diagnostic_sigma_bandpass_1250_2100_plus_alpha,train,345,0.0548639017664842
diagnostic_sigma_bandpass_1250_2100_plus_alpha,train,347,0.01755391855298857
diagnostic_sigma_bandpass_1250_2100_plus_alpha,train,348,0.017479673972026023
diagnostic_sigma_bandpass_1250_2100_plus_alpha,train,349,0.04029970054436565
diagnostic_sigma_bandpass_1250_2100_plus_alpha,train,350,0.015763818269805833
diagnostic_sigma_bandpass_1250_2100_plus_alpha,train,352,0.03241399698773475
diagnostic_sigma_bandpass_1250_2100_plus_alpha,train,355,0.17919472622758897
diagnostic_sigma_bandpass_1250_2100_plus_alpha,train,358,0.03878951991273352
diagnostic_sigma_bandpass_1250_2100_plus_alpha,train,359,0.03376085655957642
diagnostic_sigma_bandpass_1250_2100_plus_alpha,train,360,0.019007957027491217
diagnostic_sigma_bandpass_1250_2100_plus_alpha,train,361,0.03256640122921577
diagnostic_sigma_bandpass_1250_2100_plus_alpha,train,362,0.023193717405976807
diagnostic_sigma_bandpass_1250_2100_plus_alpha,train,363,0.03864070667178756
diagnostic_sigma_bandpass_1250_2100_plus_alpha,train,366,0.018158072873049914
diagnostic_sigma_bandpass_1250_2100_plus_alpha,train,369,0.028726140340768314
diagnostic_sigma_bandpass_1250_2100_plus_alpha,train,370,0.025230512641938468
diagnostic_sigma_bandpass_1250_2100_plus_alpha,train,371,0.03177307485335794
diagnostic_sigma_bandpass_1250_2100_plus_alpha,train,372,0.04357487167194243
diagnostic_sigma_bandpass_1250_2100_plus_alpha,train,373,0.013818576662070528
diagnostic_sigma_bandpass_1250_2100_plus_alpha,train,374,0.029846483842254534
diagnostic_sigma_bandpass_1250_2100_plus_alpha,train,375,0.12174456222304993
diagnostic_sigma_bandpass_1250_2100_plus_alpha,train,376,0.022360862739440535
diagnostic_sigma_bandpass_1250_2100_plus_alpha,train,377,0.1360900288646268
diagnostic_sigma_bandpass_1250_2100_plus_alpha,train,378,0.11103190280058461
diagnostic_sigma_bandpass_1250_2100_plus_alpha,train,379,0.030564805761012802
diagnostic_sigma_bandpass_1250_2100_plus_alpha,train,380,0.04270245139326664
diagnostic_sigma_bandpass_1250_2100_plus_alpha,train,381,0.014437877324571805
diagnostic_sigma_bandpass_1250_2100_plus_alpha,train,382,0.02858332760192591
diagnostic_sigma_bandpass_1250_2100_plus_alpha,train,383,0.13681123473070106
diagnostic_sigma_bandpass_1250_2100_plus_alpha,train,384,0.025318816098425626
diagnostic_sigma_bandpass_1250_2100_plus_alpha,train,385,0.03082050870638678
diagnostic_sigma_bandpass_1250_2100_plus_alpha,train,386,0.01641431130552358
diagnostic_sigma_bandpass_1250_2100_plus_alpha,train,387,0.04989480579514513
diagnostic_sigma_bandpass_1250_2100_plus_alpha,train,388,0.04316814731012248
diagnostic_sigma_bandpass_1250_2100_plus_alpha,train,390,0.03926305221118697
diagnostic_sigma_bandpass_1250_2100_plus_alpha,train,391,0.013700829428278435
diagnostic_sigma_bandpass_1250_2100_plus_alpha,train,392,0.032752991526450746
diagnostic_sigma_bandpass_1250_2100_plus_alpha,train,393,0.05126069836796921
diagnostic_sigma_bandpass_1250_2100_plus_alpha,train,395,0.0422231771034137
diagnostic_sigma_bandpass_1250_2100_plus_alpha,train,396,0.05392069502744564
diagnostic_sigma_bandpass_1250_2100_plus_alpha,train,398,0.03788856985439189
diagnostic_sigma_bandpass_1250_2100_plus_alpha,train,399,0.01683500747013918
diagnostic_sigma_bandpass_1250_2100_plus_alpha,train,401,0.038824234907608265
diagnostic_sigma_bandpass_1250_2100_plus_alpha,train,402,0.06432858684237756
diagnostic_sigma_bandpass_1250_2100_plus_alpha,train,403,0.017974811978969895
diagnostic_sigma_bandpass_1250_2100_plus_alpha,train,404,0.03307180927635389
diagnostic_sigma_bandpass_1250_2100_plus_alpha,train,405,0.16911453099406887
diagnostic_sigma_bandpass_1250_2100_plus_alpha,train,407,0.021550895980996836
diagnostic_sigma_bandpass_1250_2100_plus_alpha,train,408,0.08875043093418462
diagnostic_sigma_bandpass_1250_2100_plus_alpha,train,410,0.05314709545493537
diagnostic_sigma_bandpass_1250_2100_plus_alpha,train,411,0.02622378355838459
diagnostic_sigma_bandpass_1250_2100_plus_alpha,train,412,0.02198184948458636
diagnostic_sigma_bandpass_1250_2100_plus_alpha,train,414,0.0319567956349705
diagnostic_sigma_bandpass_1250_2100_plus_alpha,train,416,0.10550325822043785
diagnostic_sigma_bandpass_1250_2100_plus_alpha,train,417,0.038620156258495825
diagnostic_sigma_bandpass_1250_2100_plus_alpha,train,418,0.057076948043352865
diagnostic_sigma_bandpass_1250_2100_plus_alpha,train,419,0.06880660395031439
diagnostic_sigma_bandpass_1250_2100_plus_alpha,train,420,0.04292720402298884
diagnostic_sigma_bandpass_1250_2100_plus_alpha,train,423,0.0377834785319184
diagnostic_sigma_bandpass_1250_2100_plus_alpha,train,424,0.01547583319360295
diagnostic_sigma_bandpass_1250_2100_plus_alpha,train,426,0.018606444026478767
diagnostic_sigma_bandpass_1250_2100_plus_alpha,train,427,0.03500015121664574
diagnostic_sigma_bandpass_1250_2100_plus_alpha,train,428,0.06012851448456229
diagnostic_sigma_bandpass_1250_2100_plus_alpha,train,429,0.01366947243826357
diagnostic_sigma_bandpass_1250_2100_plus_alpha,train,431,0.04103743346381753
diagnostic_sigma_bandpass_1250_2100_plus_alpha,train,432,0.16489736116607542
diagnostic_sigma_bandpass_1250_2100_plus_alpha,train,433,0.12595438623749125
diagnostic_sigma_bandpass_1250_2100_plus_alpha,train,436,0.028177033822003265
diagnostic_sigma_bandpass_1250_2100_plus_alpha,train,437,0.023782014610757032
diagnostic_sigma_bandpass_1250_2100_plus_alpha,train,438,0.1466837661348172
diagnostic_sigma_bandpass_1250_2100_plus_alpha,train,440,0.059071738747789454
diagnostic_sigma_bandpass_1250_2100_plus_alpha,train,441,0.014649040061129898
diagnostic_sigma_bandpass_1250_2100_plus_alpha,train,442,0.13227979845202675
diagnostic_sigma_bandpass_1250_2100_plus_alpha,train,443,0.04663573313021181
diagnostic_sigma_bandpass_1250_2100_plus_alpha,train,444,0.07583693155953665
diagnostic_sigma_bandpass_1250_2100_plus_alpha,train,445,0.045155515376438846
diagnostic_sigma_bandpass_1250_2100_plus_alpha,train,446,0.11285226520836457
diagnostic_sigma_bandpass_1250_2100_plus_alpha,train,447,0.16885238294816265
diagnostic_sigma_bandpass_1250_2100_plus_alpha,train,448,0.037278833766261385
diagnostic_sigma_bandpass_1250_2100_plus_alpha,train,449,0.05123216639054431
diagnostic_sigma_bandpass_1250_2100_plus_alpha,train,450,0.04083625454701389
diagnostic_sigma_bandpass_1250_2100_plus_alpha,train,452,0.026947656983367207
diagnostic_sigma_bandpass_1250_2100_plus_alpha,train,453,0.02221703912443816
diagnostic_sigma_bandpass_1250_2100_plus_alpha,train,455,0.0326800605329605
diagnostic_sigma_bandpass_1250_2100_plus_alpha,train,457,0.03023161732934518
diagnostic_sigma_bandpass_1250_2100_plus_alpha,train,459,0.2207109113900366
diagnostic_sigma_bandpass_1250_2100_plus_alpha,train,460,0.03172852836911465
diagnostic_sigma_bandpass_1250_2100_plus_alpha,train,461,0.05314014706936094
diagnostic_sigma_bandpass_1250_2100_plus_alpha,train,463,0.04275784534305247
diagnostic_sigma_bandpass_1250_2100_plus_alpha,train,464,0.1463443695351046
diagnostic_sigma_bandpass_1250_2100_plus_alpha,train,465,0.02410518708118719
diagnostic_sigma_bandpass_1250_2100_plus_alpha,train,466,0.062494435008025984
diagnostic_sigma_bandpass_1250_2100_plus_alpha,train,467,0.0232225248138186
diagnostic_sigma_bandpass_1250_2100_plus_alpha,train,468,0.09947563826611659
diagnostic_sigma_bandpass_1250_2100_plus_alpha,train,472,0.044894072527333545
diagnostic_sigma_bandpass_1250_2100_plus_alpha,train,473,0.06414043368920089
diagnostic_sigma_bandpass_1250_2100_plus_alpha,train,474,0.03357711686244227
diagnostic_sigma_bandpass_1250_2100_plus_alpha,train,475,0.049284362672760054
diagnostic_sigma_bandpass_1250_2100_plus_alpha,train,476,0.014166647905907876
diagnostic_sigma_bandpass_1250_2100_plus_alpha,train,478,0.02093322977446565
diagnostic_sigma_bandpass_1250_2100_plus_alpha,train,479,0.015154701290514503
diagnostic_sigma_bandpass_1250_2100_plus_alpha,train,480,0.050917978493910256
diagnostic_sigma_bandpass_1250_2100_plus_alpha,train,482,0.03472742827433553
diagnostic_sigma_bandpass_1250_2100_plus_alpha,train,483,0.060585871798877755
diagnostic_sigma_bandpass_1250_2100_plus_alpha,train,484,0.07391435657358984
diagnostic_sigma_bandpass_1250_2100_plus_alpha,train,485,0.042035351449487286
diagnostic_sigma_bandpass_1250_2100_plus_alpha,train,486,0.043417978392540676
diagnostic_sigma_bandpass_1250_2100_plus_alpha,train,487,0.033367440658836345
diagnostic_sigma_bandpass_1250_2100_plus_alpha,train,488,0.05511427893089803
diagnostic_sigma_bandpass_1250_2100_plus_alpha,train,489,0.020703988464102267
diagnostic_sigma_bandpass_1250_2100_plus_alpha,train,490,0.05228164067363143
diagnostic_sigma_bandpass_1250_2100_plus_alpha,train,493,0.06807111817513144
diagnostic_sigma_bandpass_1250_2100_plus_alpha,train,495,0.10998621312748734
diagnostic_sigma_bandpass_1250_2100_plus_alpha,train,496,0.10070498555949614
diagnostic_sigma_bandpass_1250_2100_plus_alpha,train,499,0.04539230226632654
diagnostic_sigma_bandpass_1250_2100_plus_alpha,train,500,0.04538515444080804
diagnostic_sigma_bandpass_1250_2100_plus_alpha,train,503,0.11363918789948682
diagnostic_sigma_bandpass_1250_2100_plus_alpha,train,504,0.024379746756969984
diagnostic_sigma_bandpass_1250_2100_plus_alpha,train,505,0.03974305216015184
diagnostic_sigma_bandpass_1250_2100_plus_alpha,train,507,0.12542362552589878
diagnostic_sigma_bandpass_1250_2100_plus_alpha,train,508,0.024600045770346222
diagnostic_sigma_bandpass_1250_2100_plus_alpha,train,512,0.04941778724733806
diagnostic_sigma_bandpass_1250_2100_plus_alpha,train,514,0.12416904133375888
diagnostic_sigma_bandpass_1250_2100_plus_alpha,train,515,0.028054770874449606
diagnostic_sigma_bandpass_1250_2100_plus_alpha,train,516,0.0651569985236784
diagnostic_sigma_bandpass_1250_2100_plus_alpha,train,518,0.01886462544111241
diagnostic_sigma_bandpass_1250_2100_plus_alpha,train,519,0.06902935022293288
diagnostic_sigma_bandpass_1250_2100_plus_alpha,train,521,0.06955099986271858
diagnostic_sigma_bandpass_1250_2100_plus_alpha,train,522,0.03166802134182077
diagnostic_sigma_bandpass_1250_2100_plus_alpha,train,523,0.0416258619151375
diagnostic_sigma_bandpass_1250_2100_plus_alpha,train,524,0.05688989776534154
diagnostic_sigma_bandpass_1250_2100_plus_alpha,train,525,0.027941281332295346
diagnostic_sigma_bandpass_1250_2100_plus_alpha,train,526,0.06505688547689494
diagnostic_sigma_bandpass_1250_2100_plus_alpha,train,527,0.02379624249682125
diagnostic_sigma_bandpass_1250_2100_plus_alpha,train,528,0.019284013067768134
diagnostic_sigma_bandpass_1250_2100_plus_alpha,train,529,0.05775647885594633
diagnostic_sigma_bandpass_1250_2100_plus_alpha,train,531,0.03785600594179941
diagnostic_sigma_bandpass_1250_2100_plus_alpha,train,534,0.11348151319172518
diagnostic_sigma_bandpass_1250_2100_plus_alpha,train,537,0.06863753847260894
diagnostic_sigma_bandpass_1250_2100_plus_alpha,train,540,0.025686544871844002
diagnostic_sigma_bandpass_1250_2100_plus_alpha,train,541,0.034104708498933434
diagnostic_sigma_bandpass_1250_2100_plus_alpha,train,542,0.03447672154094053
diagnostic_sigma_bandpass_1250_2100_plus_alpha,train,543,0.11645172368792235
diagnostic_sigma_bandpass_1250_2100_plus_alpha,train,544,0.04426001619422088
diagnostic_sigma_bandpass_1250_2100_plus_alpha,train,546,0.04337278429552579
diagnostic_sigma_bandpass_1250_2100_plus_alpha,train,548,0.16760578055990932
diagnostic_sigma_bandpass_1250_2100_plus_alpha,train,549,0.11099297069637132
diagnostic_sigma_bandpass_1250_2100_plus_alpha,train,550,0.019983888232382636
diagnostic_sigma_bandpass_1250_2100_plus_alpha,train,551,0.07246969080772209
diagnostic_sigma_bandpass_1250_2100_plus_alpha,train,556,0.027840667559518605
diagnostic_sigma_bandpass_1250_2100_plus_alpha,train,557,0.04288924186943894
diagnostic_sigma_bandpass_1250_2100_plus_alpha,train,558,0.022701446898367866
diagnostic_sigma_bandpass_1250_2100_plus_alpha,train,559,0.030793854755903252
diagnostic_sigma_bandpass_1250_2100_plus_alpha,train,560,0.036023857991903184
diagnostic_sigma_bandpass_1250_2100_plus_alpha,train,561,0.10335669937907675
diagnostic_sigma_bandpass_1250_2100_plus_alpha,train,562,0.09406912745776883
diagnostic_sigma_bandpass_1250_2100_plus_alpha,train,563,0.0828361936563887
diagnostic_sigma_bandpass_1250_2100_plus_alpha,train,564,0.06324194977597399
diagnostic_sigma_bandpass_1250_2100_plus_alpha,train,565,0.04554312287879832
diagnostic_sigma_bandpass_1250_2100_plus_alpha,train,566,0.16514688151618748
diagnostic_sigma_bandpass_1250_2100_plus_alpha,train,567,0.028036780394024303
diagnostic_sigma_bandpass_1250_2100_plus_alpha,train,568,0.02419309661261609
diagnostic_sigma_bandpass_1250_2100_plus_alpha,train,569,0.053696449520444
diagnostic_sigma_bandpass_1250_2100_plus_alpha,train,570,0.017831571190398708
diagnostic_sigma_bandpass_1250_2100_plus_alpha,train,573,0.0845983985448141
diagnostic_sigma_bandpass_1250_2100_plus_alpha,train,575,0.0449358803021692
diagnostic_sigma_bandpass_1250_2100_plus_alpha,train,578,0.028488584750008403
diagnostic_sigma_bandpass_1250_2100_plus_alpha,train,579,0.15884608648652002
diagnostic_sigma_bandpass_1250_2100_plus_alpha,train,582,0.031693825091421705
diagnostic_sigma_bandpass_1250_2100_plus_alpha,train,584,0.1796275853464974
diagnostic_sigma_bandpass_1250_2100_plus_alpha,train,585,0.031027426346185598
diagnostic_sigma_bandpass_1250_2100_plus_alpha,train,587,0.03167136585202155
diagnostic_sigma_bandpass_1250_2100_plus_alpha,train,588,0.06398744547765177
diagnostic_sigma_bandpass_1250_2100_plus_alpha,train,589,0.022261159906418096
diagnostic_sigma_bandpass_1250_2100_plus_alpha,train,590,0.06391494681771905
diagnostic_sigma_bandpass_1250_2100_plus_alpha,train,592,0.03120536424922996
diagnostic_sigma_bandpass_1250_2100_plus_alpha,train,593,0.06944722721431075
diagnostic_sigma_bandpass_1250_2100_plus_alpha,train,594,0.0852704702865332
diagnostic_sigma_bandpass_1250_2100_plus_alpha,train,595,0.06354263886235652
diagnostic_sigma_bandpass_1250_2100_plus_alpha,train,596,0.018353550930433664
diagnostic_sigma_bandpass_1250_2100_plus_alpha,train,597,0.11374879323663985
diagnostic_sigma_bandpass_1250_2100_plus_alpha,train,598,0.0330209265291067
diagnostic_sigma_bandpass_1250_2100_plus_alpha,train,600,0.06408420345726792
diagnostic_sigma_bandpass_1250_2100_plus_alpha,train,601,0.015701331940726038
diagnostic_sigma_bandpass_1250_2100_plus_alpha,train,603,0.07209021469835188
diagnostic_sigma_bandpass_1250_2100_plus_alpha,train,604,0.14789371548964977
diagnostic_sigma_bandpass_1250_2100_plus_alpha,train,606,0.07982940808426017
diagnostic_sigma_bandpass_1250_2100_plus_alpha,train,607,0.027827521683205177
diagnostic_sigma_bandpass_1250_2100_plus_alpha,train,608,0.0999767402089722
diagnostic_sigma_bandpass_1250_2100_plus_alpha,train,609,0.08568002366171376
diagnostic_sigma_bandpass_1250_2100_plus_alpha,train,610,0.05859842243881778
diagnostic_sigma_bandpass_1250_2100_plus_alpha,train,612,0.026614080936974503
diagnostic_sigma_bandpass_1250_2100_plus_alpha,train,614,0.0363253566781183
diagnostic_sigma_bandpass_1250_2100_plus_alpha,train,616,0.025591101945497553
diagnostic_sigma_bandpass_1250_2100_plus_alpha,train,617,0.059735032249264755
diagnostic_sigma_bandpass_1250_2100_plus_alpha,train,618,0.0432818465275465
diagnostic_sigma_bandpass_1250_2100_plus_alpha,train,619,0.028066703327889405
diagnostic_sigma_bandpass_1250_2100_plus_alpha,train,620,0.07695795299198573
diagnostic_sigma_bandpass_1250_2100_plus_alpha,train,621,0.08431642011087115
diagnostic_sigma_bandpass_1250_2100_plus_alpha,train,622,0.05555732510380103
diagnostic_sigma_bandpass_1250_2100_plus_alpha,train,623,0.016823380241706824
diagnostic_sigma_bandpass_1250_2100_plus_alpha,train,624,0.050574267679112626
diagnostic_sigma_bandpass_1250_2100_plus_alpha,train,625,0.038820599237552496
diagnostic_sigma_bandpass_1250_2100_plus_alpha,train,626,0.1472269800773537
diagnostic_sigma_bandpass_1250_2100_plus_alpha,train,627,0.05988669638875545
diagnostic_sigma_bandpass_1250_2100_plus_alpha,train,628,0.024353060937725657
diagnostic_sigma_bandpass_1250_2100_plus_alpha,train,629,0.029322136575058246
diagnostic_sigma_bandpass_1250_2100_plus_alpha,train,630,0.05781110154325328
diagnostic_sigma_bandpass_1250_2100_plus_alpha,train,631,0.13565842848882773
diagnostic_sigma_bandpass_1250_2100_plus_alpha,train,632,0.0806663119258029
diagnostic_sigma_bandpass_1250_2100_plus_alpha,train,633,0.041199532870967136
diagnostic_sigma_bandpass_1250_2100_plus_alpha,train,636,0.029175459049082773
diagnostic_sigma_bandpass_1250_2100_plus_alpha,train,637,0.016793350768597795
diagnostic_sigma_bandpass_1250_2100_plus_alpha,train,639,0.16485301333202437
diagnostic_sigma_bandpass_1250_2100_plus_alpha,train,641,0.06800407678719513
diagnostic_sigma_bandpass_1250_2100_plus_alpha,train,642,0.08743558596234187
diagnostic_sigma_bandpass_1250_2100_plus_alpha,train,643,0.031042312416837775
diagnostic_sigma_bandpass_1250_2100_plus_alpha,train,644,0.10713077821712605
diagnostic_sigma_bandpass_1250_2100_plus_alpha,train,645,0.09540798201624608
diagnostic_sigma_bandpass_1250_2100_plus_alpha,train,647,0.02201540905707147
diagnostic_sigma_bandpass_1250_2100_plus_alpha,train,648,0.06312235405023674
diagnostic_sigma_bandpass_1250_2100_plus_alpha,train,649,0.04178376433218165
diagnostic_sigma_bandpass_1250_2100_plus_alpha,train,650,0.02911167147481495
diagnostic_sigma_bandpass_1250_2100_plus_alpha,train,651,0.023330697433735854
diagnostic_sigma_bandpass_1250_2100_plus_alpha,train,652,0.041828651772015675
diagnostic_sigma_bandpass_1250_2100_plus_alpha,train,654,0.028291874650952842
diagnostic_sigma_bandpass_1250_2100_plus_alpha,train,655,0.05612696795251642
diagnostic_sigma_bandpass_1250_2100_plus_alpha,train,656,0.12909423201069778
diagnostic_sigma_bandpass_1250_2100_plus_alpha,train,657,0.08155853543873638
diagnostic_sigma_bandpass_1250_2100_plus_alpha,train,658,0.026377955373362818
diagnostic_sigma_bandpass_1250_2100_plus_alpha,train,659,0.01228266355469233
diagnostic_sigma_bandpass_1250_2100_plus_alpha,train,661,0.06456660890985026
diagnostic_sigma_bandpass_1250_2100_plus_alpha,train,662,0.04298210785568049
diagnostic_sigma_bandpass_1250_2100_plus_alpha,train,664,0.04622067550768642
diagnostic_sigma_bandpass_1250_2100_plus_alpha,train,665,0.03807600637061437
diagnostic_sigma_bandpass_1250_2100_plus_alpha,train,667,0.030858022979139282
diagnostic_sigma_bandpass_1250_2100_plus_alpha,train,669,0.052257796548415975
diagnostic_sigma_bandpass_1250_2100_plus_alpha,train,670,0.021339306730074295
diagnostic_sigma_bandpass_1250_2100_plus_alpha,train,672,0.03491839039231976
diagnostic_sigma_bandpass_1250_2100_plus_alpha,train,673,0.057886438730221416
diagnostic_sigma_bandpass_1250_2100_plus_alpha,train,675,0.029933747759132868
diagnostic_sigma_bandpass_1250_2100_plus_alpha,train,677,0.03395025584247871
diagnostic_sigma_bandpass_1250_2100_plus_alpha,train,678,0.032089792882245574
diagnostic_sigma_bandpass_1250_2100_plus_alpha,train,679,0.03878338701303991
diagnostic_sigma_bandpass_1250_2100_plus_alpha,train,680,0.053029843209671815
diagnostic_sigma_bandpass_1250_2100_plus_alpha,train,682,0.04691784890530855
diagnostic_sigma_bandpass_1250_2100_plus_alpha,train,683,0.04879509613872998
diagnostic_sigma_bandpass_1250_2100_plus_alpha,train,684,0.05095650095055502
diagnostic_sigma_bandpass_1250_2100_plus_alpha,train,685,0.05208433704453178
diagnostic_sigma_bandpass_1250_2100_plus_alpha,train,686,0.04227430108734058
diagnostic_sigma_bandpass_1250_2100_plus_alpha,train,690,0.038426525644426064
diagnostic_sigma_bandpass_1250_2100_plus_alpha,train,691,0.07757714282120345
diagnostic_sigma_bandpass_1250_2100_plus_alpha,train,694,0.029938992078816024
diagnostic_sigma_bandpass_1250_2100_plus_alpha,train,695,0.1720207487937332
diagnostic_sigma_bandpass_1250_2100_plus_alpha,train,698,0.04906095371603358
diagnostic_sigma_bandpass_1250_2100_plus_alpha,train,701,0.060354720341485445
diagnostic_sigma_bandpass_1250_2100_plus_alpha,train,702,0.01619410264775764
diagnostic_sigma_bandpass_1250_2100_plus_alpha,train,703,0.10832296684673912
diagnostic_sigma_bandpass_1250_2100_plus_alpha,train,705,0.027097730657953744
diagnostic_sigma_bandpass_1250_2100_plus_alpha,train,706,0.06352860219684058
diagnostic_sigma_bandpass_1250_2100_plus_alpha,train,707,0.02960240011092995
diagnostic_sigma_bandpass_1250_2100_plus_alpha,train,708,0.032944050934762985
diagnostic_sigma_bandpass_1250_2100_plus_alpha,train,709,0.013606862982011976
diagnostic_sigma_bandpass_1250_2100_plus_alpha,train,710,0.012914452925220737
diagnostic_sigma_bandpass_1250_2100_plus_alpha,train,711,0.09926314003809998
diagnostic_sigma_bandpass_1250_2100_plus_alpha,train,712,0.12940692082459623
diagnostic_sigma_bandpass_1250_2100_plus_alpha,train,713,0.08559619991838119
diagnostic_sigma_bandpass_1250_2100_plus_alpha,train,715,0.029148868292444355
diagnostic_sigma_bandpass_1250_2100_plus_alpha,train,717,0.03354086292563739
diagnostic_sigma_bandpass_1250_2100_plus_alpha,train,718,0.026519536956633998
diagnostic_sigma_bandpass_1250_2100_plus_alpha,train,721,0.13680950751888948
diagnostic_sigma_bandpass_1250_2100_plus_alpha,train,722,0.02236563543361002
diagnostic_sigma_bandpass_1250_2100_plus_alpha,train,723,0.0464749656594262
diagnostic_sigma_bandpass_1250_2100_plus_alpha,train,724,0.10449916521615339
diagnostic_sigma_bandpass_1250_2100_plus_alpha,train,725,0.029872661992967228
diagnostic_sigma_bandpass_1250_2100_plus_alpha,train,726,0.022704330425976523
diagnostic_sigma_bandpass_1250_2100_plus_alpha,train,728,0.024716647746319168
diagnostic_sigma_bandpass_1250_2100_plus_alpha,train,730,0.033492570860858405
diagnostic_sigma_bandpass_1250_2100_plus_alpha,train,731,0.026906318461758862
diagnostic_sigma_bandpass_1250_2100_plus_alpha,train,736,0.02761748622948876
diagnostic_sigma_bandpass_1250_2100_plus_alpha,train,742,0.11397579640031004
diagnostic_sigma_bandpass_1250_2100_plus_alpha,train,744,0.03355870143184685
diagnostic_sigma_bandpass_1250_2100_plus_alpha,train,746,0.035646944543281024
diagnostic_sigma_bandpass_1250_2100_plus_alpha,train,747,0.051656321361376455
diagnostic_sigma_bandpass_1250_2100_plus_alpha,train,748,0.03795816755092631
diagnostic_sigma_bandpass_1250_2100_plus_alpha,train,749,0.061686086507273516
diagnostic_sigma_bandpass_1250_2100_plus_alpha,train,750,0.05487013148591019
diagnostic_sigma_bandpass_1250_2100_plus_alpha,train,751,0.103410573408712
diagnostic_sigma_bandpass_1250_2100_plus_alpha,train,753,0.13137136906603933
diagnostic_sigma_bandpass_1250_2100_plus_alpha,train,754,0.04739646130373706
diagnostic_sigma_bandpass_1250_2100_plus_alpha,train,755,0.026154642159328063
diagnostic_sigma_bandpass_1250_2100_plus_alpha,train,756,0.1509907605789189
diagnostic_sigma_bandpass_1250_2100_plus_alpha,train,757,0.13755922193048797
diagnostic_sigma_bandpass_1250_2100_plus_alpha,train,758,0.13891287291554238
diagnostic_sigma_bandpass_1250_2100_plus_alpha,train,759,0.0894212277037218
diagnostic_sigma_bandpass_1250_2100_plus_alpha,train,760,0.02833631350239498
diagnostic_sigma_bandpass_1250_2100_plus_alpha,train,761,0.05415128786743283
diagnostic_sigma_bandpass_1250_2100_plus_alpha,train,762,0.15692102524072407
diagnostic_sigma_bandpass_1250_2100_plus_alpha,train,763,0.016026726385653407
diagnostic_sigma_bandpass_1250_2100_plus_alpha,train,764,0.14236780637546517
diagnostic_sigma_bandpass_1250_2100_plus_alpha,train,765,0.023670633965792238
diagnostic_sigma_bandpass_1250_2100_plus_alpha,train,769,0.09580336049729603
diagnostic_sigma_bandpass_1250_2100_plus_alpha,train,770,0.017574026148415408
diagnostic_sigma_bandpass_1250_2100_plus_alpha,train,771,0.06732460839820426
diagnostic_sigma_bandpass_1250_2100_plus_alpha,train,774,0.16021259371800986
diagnostic_sigma_bandpass_1250_2100_plus_alpha,train,776,0.03394969477923944
diagnostic_sigma_bandpass_1250_2100_plus_alpha,train,778,0.06476284040545484
diagnostic_sigma_bandpass_1250_2100_plus_alpha,train,779,0.017050911400840908
diagnostic_sigma_bandpass_1250_2100_plus_alpha,train,780,0.017358951170173966
diagnostic_sigma_bandpass_1250_2100_plus_alpha,train,781,0.021375071550012437
diagnostic_sigma_bandpass_1250_2100_plus_alpha,train,783,0.058988761711927636
diagnostic_sigma_bandpass_1250_2100_plus_alpha,train,784,0.020133971719405702
diagnostic_sigma_bandpass_1250_2100_plus_alpha,train,785,0.038319906228144636
diagnostic_sigma_bandpass_1250_2100_plus_alpha,train,786,0.0708331299176861
diagnostic_sigma_bandpass_1250_2100_plus_alpha,train,787,0.030155362315130742
diagnostic_sigma_bandpass_1250_2100_plus_alpha,train,790,0.10440364480804783
diagnostic_sigma_bandpass_1250_2100_plus_alpha,train,792,0.11164919188636001
diagnostic_sigma_bandpass_1250_2100_plus_alpha,train,793,0.13216236397701178
diagnostic_sigma_bandpass_1250_2100_plus_alpha,train,794,0.03572656159519166
diagnostic_sigma_bandpass_1250_2100_plus_alpha,train,795,0.019425732823131325
diagnostic_sigma_bandpass_1250_2100_plus_alpha,train,796,0.08189144095162845
diagnostic_sigma_bandpass_1250_2100_plus_alpha,train,797,0.1410860746839692
diagnostic_sigma_bandpass_1250_2100_plus_alpha,train,800,0.027745812244390457
diagnostic_sigma_bandpass_1250_2100_plus_alpha,train,804,0.06757351555658252
diagnostic_sigma_bandpass_1250_2100_plus_alpha,train,805,0.03432663898425569
diagnostic_sigma_bandpass_1250_2100_plus_alpha,train,807,0.05034807014236065
diagnostic_sigma_bandpass_1250_2100_plus_alpha,train,808,0.018294972389379573
diagnostic_sigma_bandpass_1250_2100_plus_alpha,train,810,0.011829418168376083
diagnostic_sigma_bandpass_1250_2100_plus_alpha,train,811,0.06590272620088661
diagnostic_sigma_bandpass_1250_2100_plus_alpha,train,812,0.03367279106488478
diagnostic_sigma_bandpass_1250_2100_plus_alpha,train,814,0.03603543606761917
diagnostic_sigma_bandpass_1250_2100_plus_alpha,train,816,0.05180132070812579
diagnostic_sigma_bandpass_1250_2100_plus_alpha,train,817,0.13833826033375246
diagnostic_sigma_bandpass_1250_2100_plus_alpha,train,818,0.04359488673179884
diagnostic_sigma_bandpass_1250_2100_plus_alpha,train,819,0.08419431717153192
diagnostic_sigma_bandpass_1250_2100_plus_alpha,train,820,0.026992921711293704
diagnostic_sigma_bandpass_1250_2100_plus_alpha,train,822,0.06024835871137695
diagnostic_sigma_bandpass_1250_2100_plus_alpha,train,824,0.08574647953706097
diagnostic_sigma_bandpass_1250_2100_plus_alpha,train,825,0.028452929236830196
diagnostic_sigma_bandpass_1250_2100_plus_alpha,train,826,0.05903251660781998
diagnostic_sigma_bandpass_1250_2100_plus_alpha,train,827,0.05389734665987372
diagnostic_sigma_bandpass_1250_2100_plus_alpha,train,828,0.03265505737149056
diagnostic_sigma_bandpass_1250_2100_plus_alpha,train,832,0.02593935460847695
diagnostic_sigma_bandpass_1250_2100_plus_alpha,train,833,0.06522283457233902
diagnostic_sigma_bandpass_1250_2100_plus_alpha,train,838,0.022210707441284474
diagnostic_sigma_bandpass_1250_2100_plus_alpha,train,839,0.09370150989177939
diagnostic_sigma_bandpass_1250_2100_plus_alpha,train,841,0.03342332333732728
diagnostic_sigma_bandpass_1250_2100_plus_alpha,train,842,0.029528369797192835
diagnostic_sigma_bandpass_1250_2100_plus_alpha,train,843,0.02291246765597141
diagnostic_sigma_bandpass_1250_2100_plus_alpha,train,846,0.16586105078497582
diagnostic_sigma_bandpass_1250_2100_plus_alpha,train,847,0.02704497325582015
diagnostic_sigma_bandpass_1250_2100_plus_alpha,train,848,0.024129975666863264
diagnostic_sigma_bandpass_1250_2100_plus_alpha,train,849,0.06458798408408244
diagnostic_sigma_bandpass_1250_2100_plus_alpha,train,850,0.03486240474082721
diagnostic_sigma_bandpass_1250_2100_plus_alpha,train,853,0.04050887172524914
diagnostic_sigma_bandpass_1250_2100_plus_alpha,train,854,0.09115341378171578
diagnostic_sigma_bandpass_1250_2100_plus_alpha,train,855,0.046037623338021874
diagnostic_sigma_bandpass_1250_2100_plus_alpha,train,856,0.04497906520826996
diagnostic_sigma_bandpass_1250_2100_plus_alpha,train,858,0.026186370413379803
diagnostic_sigma_bandpass_1250_2100_plus_alpha,train,859,0.12958706508226775
diagnostic_sigma_bandpass_1250_2100_plus_alpha,train,860,0.03848043524972375
diagnostic_sigma_bandpass_1250_2100_plus_alpha,train,861,0.04310840621067529
diagnostic_sigma_bandpass_1250_2100_plus_alpha,train,862,0.029414526497897157
diagnostic_sigma_bandpass_1250_2100_plus_alpha,train,864,0.08306641831610186
diagnostic_sigma_bandpass_1250_2100_plus_alpha,train,865,0.053071266786867174
diagnostic_sigma_bandpass_1250_2100_plus_alpha,train,867,0.033901889980672645
diagnostic_sigma_bandpass_1250_2100_plus_alpha,train,868,0.032017065561519016
diagnostic_sigma_bandpass_1250_2100_plus_alpha,train,869,0.09795331728620242
diagnostic_sigma_bandpass_1250_2100_plus_alpha,train,870,0.05472704832772981
diagnostic_sigma_bandpass_1250_2100_plus_alpha,train,871,0.02520460225711662
diagnostic_sigma_bandpass_1250_2100_plus_alpha,train,872,0.03836486919556841
diagnostic_sigma_bandpass_1250_2100_plus_alpha,train,875,0.07704402546080652
diagnostic_sigma_bandpass_1250_2100_plus_alpha,train,876,0.027746940347242184
diagnostic_sigma_bandpass_1250_2100_plus_alpha,train,878,0.0351458018966299
diagnostic_sigma_bandpass_1250_2100_plus_alpha,train,880,0.02887316263832462
diagnostic_sigma_bandpass_1250_2100_plus_alpha,train,881,0.07524756555090266
diagnostic_sigma_bandpass_1250_2100_plus_alpha,train,883,0.027386650556679843
diagnostic_sigma_bandpass_1250_2100_plus_alpha,train,886,0.09797668804926003
diagnostic_sigma_bandpass_1250_2100_plus_alpha,train,888,0.037850367574978026
diagnostic_sigma_bandpass_1250_2100_plus_alpha,train,890,0.026742563083060628
diagnostic_sigma_bandpass_1250_2100_plus_alpha,train,891,0.01396620973193114
diagnostic_sigma_bandpass_1250_2100_plus_alpha,train,892,0.026447225536612384
diagnostic_sigma_bandpass_1250_2100_plus_alpha,train,897,0.03223697504645449
diagnostic_sigma_bandpass_1250_2100_plus_alpha,train,898,0.032914782144726804
diagnostic_sigma_bandpass_1250_2100_plus_alpha,train,899,0.03472450208504816
diagnostic_sigma_bandpass_1250_2100_plus_alpha,train,900,0.041088007850526756
diagnostic_sigma_bandpass_1250_2100_plus_alpha,train,901,0.03701034039448688
diagnostic_sigma_bandpass_1250_2100_plus_alpha,train,902,0.0695603676055637
diagnostic_sigma_bandpass_1250_2100_plus_alpha,train,903,0.04942129760147055
diagnostic_sigma_bandpass_1250_2100_plus_alpha,train,904,0.03806468158776885
diagnostic_sigma_bandpass_1250_2100_plus_alpha,train,907,0.018274681876417974
diagnostic_sigma_bandpass_1250_2100_plus_alpha,train,909,0.048678024742412396
diagnostic_sigma_bandpass_1250_2100_plus_alpha,train,910,0.04759400470975502
diagnostic_sigma_bandpass_1250_2100_plus_alpha,train,912,0.09993638602477242
diagnostic_sigma_bandpass_1250_2100_plus_alpha,train,915,0.021865131880799138
diagnostic_sigma_bandpass_1250_2100_plus_alpha,train,917,0.027365281657375687
diagnostic_sigma_bandpass_1250_2100_plus_alpha,train,918,0.012826766776106717
diagnostic_sigma_bandpass_1250_2100_plus_alpha,train,919,0.1287614907300006
diagnostic_sigma_bandpass_1250_2100_plus_alpha,train,920,0.035502647055507576
diagnostic_sigma_bandpass_1250_2100_plus_alpha,train,921,0.02934863957928833
diagnostic_sigma_bandpass_1250_2100_plus_alpha,train,923,0.01711781155234372
diagnostic_sigma_bandpass_1250_2100_plus_alpha,train,924,0.03610465806138977
diagnostic_sigma_bandpass_1250_2100_plus_alpha,train,925,0.01417156229636058
diagnostic_sigma_bandpass_1250_2100_plus_alpha,train,926,0.03656830683871885
diagnostic_sigma_bandpass_1250_2100_plus_alpha,train,928,0.041521268138265816
diagnostic_sigma_bandpass_1250_2100_plus_alpha,train,929,0.03462511722634004
diagnostic_sigma_bandpass_1250_2100_plus_alpha,train,930,0.014714135772245064
diagnostic_sigma_bandpass_1250_2100_plus_alpha,train,932,0.02957455013492631
diagnostic_sigma_bandpass_1250_2100_plus_alpha,train,933,0.0216947891411211
diagnostic_sigma_bandpass_1250_2100_plus_alpha,train,935,0.08050191583313138
diagnostic_sigma_bandpass_1250_2100_plus_alpha,train,937,0.032589243773911036
diagnostic_sigma_bandpass_1250_2100_plus_alpha,train,939,0.04676248269149651
diagnostic_sigma_bandpass_1250_2100_plus_alpha,train,941,0.03586985098450996
diagnostic_sigma_bandpass_1250_2100_plus_alpha,train,942,0.026449487792402186
diagnostic_sigma_bandpass_1250_2100_plus_alpha,train,943,0.04320727287700427
diagnostic_sigma_bandpass_1250_2100_plus_alpha,train,944,0.05216222608081953
diagnostic_sigma_bandpass_1250_2100_plus_alpha,train,945,0.01769814938079809
diagnostic_sigma_bandpass_1250_2100_plus_alpha,train,946,0.026189534294140632
diagnostic_sigma_bandpass_1250_2100_plus_alpha,train,947,0.12607141518209916
diagnostic_sigma_bandpass_1250_2100_plus_alpha,train,948,0.019574217905132175
diagnostic_sigma_bandpass_1250_2100_plus_alpha,train,949,0.09572382573693013
diagnostic_sigma_bandpass_1250_2100_plus_alpha,train,950,0.057377222354725685
diagnostic_sigma_bandpass_1250_2100_plus_alpha,train,951,0.06275110796684348
diagnostic_sigma_bandpass_1250_2100_plus_alpha,train,952,0.02747210005388993
diagnostic_sigma_bandpass_1250_2100_plus_alpha,train,954,0.047276077129925355
diagnostic_sigma_bandpass_1250_2100_plus_alpha,train,955,0.04460234840852709
diagnostic_sigma_bandpass_1250_2100_plus_alpha,train,956,0.03221415531132574
diagnostic_sigma_bandpass_1250_2100_plus_alpha,train,958,0.05748425330858898
diagnostic_sigma_bandpass_1250_2100_plus_alpha,train,960,0.07604954945301526
diagnostic_sigma_bandpass_1250_2100_plus_alpha,train,961,0.03732118155549823
diagnostic_sigma_bandpass_1250_2100_plus_alpha,train,963,0.03231883596107623
diagnostic_sigma_bandpass_1250_2100_plus_alpha,train,964,0.037744735220766545
diagnostic_sigma_bandpass_1250_2100_plus_alpha,train,965,0.025910378323231502
diagnostic_sigma_bandpass_1250_2100_plus_alpha,train,966,0.06549490162713174
diagnostic_sigma_bandpass_1250_2100_plus_alpha,train,967,0.026843050357049928
diagnostic_sigma_bandpass_1250_2100_plus_alpha,train,968,0.0339368610041841
diagnostic_sigma_bandpass_1250_2100_plus_alpha,train,970,0.02211457221428725
diagnostic_sigma_bandpass_1250_2100_plus_alpha,train,972,0.03807433351497309
diagnostic_sigma_bandpass_1250_2100_plus_alpha,train,973,0.058038806135731744
diagnostic_sigma_bandpass_1250_2100_plus_alpha,train,974,0.041963044639876455
diagnostic_sigma_bandpass_1250_2100_plus_alpha,train,975,0.056548136741669766
diagnostic_sigma_bandpass_1250_2100_plus_alpha,train,976,0.03153007694093811
diagnostic_sigma_bandpass_1250_2100_plus_alpha,train,977,0.013305377835946264
diagnostic_sigma_bandpass_1250_2100_plus_alpha,train,978,0.08707940300128296
diagnostic_sigma_bandpass_1250_2100_plus_alpha,train,980,0.057716513578065835
diagnostic_sigma_bandpass_1250_2100_plus_alpha,train,981,0.03812483291241899
diagnostic_sigma_bandpass_1250_2100_plus_alpha,train,982,0.09313690866180606
diagnostic_sigma_bandpass_1250_2100_plus_alpha,train,986,0.014458779250138911
diagnostic_sigma_bandpass_1250_2100_plus_alpha,train,989,0.04668516669475157
diagnostic_sigma_bandpass_1250_2100_plus_alpha,train,992,0.059303955146623115
diagnostic_sigma_bandpass_1250_2100_plus_alpha,train,994,0.04684307753086214
diagnostic_sigma_bandpass_1250_2100_plus_alpha,train,995,0.01990477026917052
diagnostic_sigma_bandpass_1250_2100_plus_alpha,train,996,0.07078255703699246
diagnostic_sigma_bandpass_1250_2100_plus_alpha,train,997,0.10668050818506608
diagnostic_sigma_bandpass_1250_2100_plus_alpha,train,998,0.13977478825659106
diagnostic_sigma_bandpass_1250_2100_plus_alpha,train,999,0.16241267353005923
diagnostic_sigma_bandpass_1250_2100_plus_alpha,train,1000,0.03987132389951682
diagnostic_sigma_bandpass_1250_2100_plus_alpha,validation,8,0.012560518078541121
diagnostic_sigma_bandpass_1250_2100_plus_alpha,validation,9,0.1163631153127265
diagnostic_sigma_bandpass_1250_2100_plus_alpha,validation,16,0.02149636906607253
diagnostic_sigma_bandpass_1250_2100_plus_alpha,validation,21,0.019699364075849275
diagnostic_sigma_bandpass_1250_2100_plus_alpha,validation,23,0.04545388715261968
diagnostic_sigma_bandpass_1250_2100_plus_alpha,validation,49,0.03586213452059299
diagnostic_sigma_bandpass_1250_2100_plus_alpha,validation,50,0.06255361595335808
diagnostic_sigma_bandpass_1250_2100_plus_alpha,validation,61,0.05967195435018333
diagnostic_sigma_bandpass_1250_2100_plus_alpha,validation,63,0.03151721588603158
diagnostic_sigma_bandpass_1250_2100_plus_alpha,validation,68,0.06952437445630297
diagnostic_sigma_bandpass_1250_2100_plus_alpha,validation,69,0.02074537468469376
diagnostic_sigma_bandpass_1250_2100_plus_alpha,validation,76,0.043455879423547235
diagnostic_sigma_bandpass_1250_2100_plus_alpha,validation,78,0.03343591734900279
diagnostic_sigma_bandpass_1250_2100_plus_alpha,validation,82,0.042778064672836714
diagnostic_sigma_bandpass_1250_2100_plus_alpha,validation,87,0.09041547962354542
diagnostic_sigma_bandpass_1250_2100_plus_alpha,validation,90,0.022432268806813333
diagnostic_sigma_bandpass_1250_2100_plus_alpha,validation,104,0.03354212427927883
diagnostic_sigma_bandpass_1250_2100_plus_alpha,validation,116,0.04248485040961903
diagnostic_sigma_bandpass_1250_2100_plus_alpha,validation,117,0.0368919422001368
diagnostic_sigma_bandpass_1250_2100_plus_alpha,validation,129,0.04083518804509762
diagnostic_sigma_bandpass_1250_2100_plus_alpha,validation,132,0.04674567011384927
diagnostic_sigma_bandpass_1250_2100_plus_alpha,validation,139,0.03277363135193434
diagnostic_sigma_bandpass_1250_2100_plus_alpha,validation,146,0.024944175199919493
diagnostic_sigma_bandpass_1250_2100_plus_alpha,validation,162,0.0800766160634036
diagnostic_sigma_bandpass_1250_2100_plus_alpha,validation,171,0.08423711863314505
diagnostic_sigma_bandpass_1250_2100_plus_alpha,validation,179,0.06352497922975613
diagnostic_sigma_bandpass_1250_2100_plus_alpha,validation,185,0.11833383583619339
diagnostic_sigma_bandpass_1250_2100_plus_alpha,validation,207,0.040510255510043315
diagnostic_sigma_bandpass_1250_2100_plus_alpha,validation,218,0.040041771646871185
diagnostic_sigma_bandpass_1250_2100_plus_alpha,validation,227,0.02681180228333663
diagnostic_sigma_bandpass_1250_2100_plus_alpha,validation,228,0.05081650950915924
diagnostic_sigma_bandpass_1250_2100_plus_alpha,validation,238,0.03823188875799958
diagnostic_sigma_bandpass_1250_2100_plus_alpha,validation,245,0.12494689528178785
diagnostic_sigma_bandpass_1250_2100_plus_alpha,validation,248,0.06748604418754814
diagnostic_sigma_bandpass_1250_2100_plus_alpha,validation,258,0.027716787262171347
diagnostic_sigma_bandpass_1250_2100_plus_alpha,validation,260,0.021814520954996003
diagnostic_sigma_bandpass_1250_2100_plus_alpha,validation,262,0.031465039320313776
diagnostic_sigma_bandpass_1250_2100_plus_alpha,validation,268,0.07864156792358779
diagnostic_sigma_bandpass_1250_2100_plus_alpha,validation,271,0.09690790933589429
diagnostic_sigma_bandpass_1250_2100_plus_alpha,validation,273,0.015916165440474868
diagnostic_sigma_bandpass_1250_2100_plus_alpha,validation,278,0.018140366343102142
diagnostic_sigma_bandpass_1250_2100_plus_alpha,validation,291,0.0894666482669194
diagnostic_sigma_bandpass_1250_2100_plus_alpha,validation,321,0.03471696465853367
diagnostic_sigma_bandpass_1250_2100_plus_alpha,validation,325,0.018004043064909398
diagnostic_sigma_bandpass_1250_2100_plus_alpha,validation,332,0.042607632293494235
diagnostic_sigma_bandpass_1250_2100_plus_alpha,validation,340,0.06364791801092412
diagnostic_sigma_bandpass_1250_2100_plus_alpha,validation,342,0.023122178700255687
diagnostic_sigma_bandpass_1250_2100_plus_alpha,validation,353,0.08834835190670356
diagnostic_sigma_bandpass_1250_2100_plus_alpha,validation,354,0.019622480372658777
diagnostic_sigma_bandpass_1250_2100_plus_alpha,validation,367,0.123345522528431
diagnostic_sigma_bandpass_1250_2100_plus_alpha,validation,368,0.04891735990308023
diagnostic_sigma_bandpass_1250_2100_plus_alpha,validation,389,0.03154098330955796
diagnostic_sigma_bandpass_1250_2100_plus_alpha,validation,397,0.03875326364830564
diagnostic_sigma_bandpass_1250_2100_plus_alpha,validation,400,0.08866129810076834
diagnostic_sigma_bandpass_1250_2100_plus_alpha,validation,406,0.04370978430447752
diagnostic_sigma_bandpass_1250_2100_plus_alpha,validation,415,0.019922102648721074
diagnostic_sigma_bandpass_1250_2100_plus_alpha,validation,421,0.0423024782544261
diagnostic_sigma_bandpass_1250_2100_plus_alpha,validation,422,0.0724781770738187
diagnostic_sigma_bandpass_1250_2100_plus_alpha,validation,425,0.03006204341160442
diagnostic_sigma_bandpass_1250_2100_plus_alpha,validation,430,0.025478833536185356
diagnostic_sigma_bandpass_1250_2100_plus_alpha,validation,439,0.030551022541958333
diagnostic_sigma_bandpass_1250_2100_plus_alpha,validation,451,0.07145074180103717
diagnostic_sigma_bandpass_1250_2100_plus_alpha,validation,458,0.1352746056787605
diagnostic_sigma_bandpass_1250_2100_plus_alpha,validation,469,0.07951529316612486
diagnostic_sigma_bandpass_1250_2100_plus_alpha,validation,470,0.028094204861248938
diagnostic_sigma_bandpass_1250_2100_plus_alpha,validation,471,0.06543296741534697
diagnostic_sigma_bandpass_1250_2100_plus_alpha,validation,481,0.025007658778103965
diagnostic_sigma_bandpass_1250_2100_plus_alpha,validation,491,0.04071105281811563
diagnostic_sigma_bandpass_1250_2100_plus_alpha,validation,501,0.07042316577498042
diagnostic_sigma_bandpass_1250_2100_plus_alpha,validation,502,0.038447491726397894
diagnostic_sigma_bandpass_1250_2100_plus_alpha,validation,506,0.057603567985524746
diagnostic_sigma_bandpass_1250_2100_plus_alpha,validation,509,0.01804643700191002
diagnostic_sigma_bandpass_1250_2100_plus_alpha,validation,510,0.06657466960350768
diagnostic_sigma_bandpass_1250_2100_plus_alpha,validation,517,0.07851476167668876
diagnostic_sigma_bandpass_1250_2100_plus_alpha,validation,532,0.025180462302705337
diagnostic_sigma_bandpass_1250_2100_plus_alpha,validation,533,0.024897761231220197
diagnostic_sigma_bandpass_1250_2100_plus_alpha,validation,536,0.024099994221471275
diagnostic_sigma_bandpass_1250_2100_plus_alpha,validation,538,0.08221081578017918
diagnostic_sigma_bandpass_1250_2100_plus_alpha,validation,545,0.09130131586463584
diagnostic_sigma_bandpass_1250_2100_plus_alpha,validation,547,0.021282072048448314
diagnostic_sigma_bandpass_1250_2100_plus_alpha,validation,552,0.01802552033776745
diagnostic_sigma_bandpass_1250_2100_plus_alpha,validation,554,0.030912858541945813
diagnostic_sigma_bandpass_1250_2100_plus_alpha,validation,555,0.04028298734908429
diagnostic_sigma_bandpass_1250_2100_plus_alpha,validation,576,0.01170965905713203
diagnostic_sigma_bandpass_1250_2100_plus_alpha,validation,580,0.045838891605884814
diagnostic_sigma_bandpass_1250_2100_plus_alpha,validation,583,0.039618648169571655
diagnostic_sigma_bandpass_1250_2100_plus_alpha,validation,599,0.03916473505703499
diagnostic_sigma_bandpass_1250_2100_plus_alpha,validation,611,0.081126463104575
diagnostic_sigma_bandpass_1250_2100_plus_alpha,validation,613,0.02605915748891672
diagnostic_sigma_bandpass_1250_2100_plus_alpha,validation,615,0.07277395223030277
diagnostic_sigma_bandpass_1250_2100_plus_alpha,validation,635,0.03514335337170109
diagnostic_sigma_bandpass_1250_2100_plus_alpha,validation,640,0.03153108928839114
diagnostic_sigma_bandpass_1250_2100_plus_alpha,validation,653,0.04692214657691204
diagnostic_sigma_bandpass_1250_2100_plus_alpha,validation,666,0.089790346837996
diagnostic_sigma_bandpass_1250_2100_plus_alpha,validation,674,0.05150709164910739
diagnostic_sigma_bandpass_1250_2100_plus_alpha,validation,676,0.034757184319015935
diagnostic_sigma_bandpass_1250_2100_plus_alpha,validation,681,0.026549732548444446
diagnostic_sigma_bandpass_1250_2100_plus_alpha,validation,687,0.1155009762117426
diagnostic_sigma_bandpass_1250_2100_plus_alpha,validation,688,0.05165027337313775
diagnostic_sigma_bandpass_1250_2100_plus_alpha,validation,689,0.07709506281434585
diagnostic_sigma_bandpass_1250_2100_plus_alpha,validation,693,0.026286160966997325
diagnostic_sigma_bandpass_1250_2100_plus_alpha,validation,697,0.07090365325784566
diagnostic_sigma_bandpass_1250_2100_plus_alpha,validation,699,0.09386492751922408
diagnostic_sigma_bandpass_1250_2100_plus_alpha,validation,716,0.031122543497221135
diagnostic_sigma_bandpass_1250_2100_plus_alpha,validation,719,0.04927250340144155
diagnostic_sigma_bandpass_1250_2100_plus_alpha,validation,720,0.032794909047715246
diagnostic_sigma_bandpass_1250_2100_plus_alpha,validation,727,0.11144897784437192
diagnostic_sigma_bandpass_1250_2100_plus_alpha,validation,729,0.02171868612530501
diagnostic_sigma_bandpass_1250_2100_plus_alpha,validation,733,0.02079454197468675
diagnostic_sigma_bandpass_1250_2100_plus_alpha,validation,752,0.03024207884263617
diagnostic_sigma_bandpass_1250_2100_plus_alpha,validation,773,0.014481449283064378
diagnostic_sigma_bandpass_1250_2100_plus_alpha,validation,777,0.04245374441278412
diagnostic_sigma_bandpass_1250_2100_plus_alpha,validation,788,0.06989074640889455
diagnostic_sigma_bandpass_1250_2100_plus_alpha,validation,791,0.0804150156443316
diagnostic_sigma_bandpass_1250_2100_plus_alpha,validation,803,0.011349313013817077
diagnostic_sigma_bandpass_1250_2100_plus_alpha,validation,806,0.051672571465177015
diagnostic_sigma_bandpass_1250_2100_plus_alpha,validation,809,0.043400375422074255
diagnostic_sigma_bandpass_1250_2100_plus_alpha,validation,813,0.024522096456853257
diagnostic_sigma_bandpass_1250_2100_plus_alpha,validation,815,0.04592374439581213
diagnostic_sigma_bandpass_1250_2100_plus_alpha,validation,821,0.03066381609036149
diagnostic_sigma_bandpass_1250_2100_plus_alpha,validation,823,0.03708176764640776
diagnostic_sigma_bandpass_1250_2100_plus_alpha,validation,831,0.05691615348825294
diagnostic_sigma_bandpass_1250_2100_plus_alpha,validation,834,0.05711622073312762
diagnostic_sigma_bandpass_1250_2100_plus_alpha,validation,835,0.05653035506927338
diagnostic_sigma_bandpass_1250_2100_plus_alpha,validation,840,0.03530929790597954
diagnostic_sigma_bandpass_1250_2100_plus_alpha,validation,851,0.13288387016180117
diagnostic_sigma_bandpass_1250_2100_plus_alpha,validation,852,0.07137911005479802
diagnostic_sigma_bandpass_1250_2100_plus_alpha,validation,863,0.08753931738575661
diagnostic_sigma_bandpass_1250_2100_plus_alpha,validation,866,0.018725525863800503
diagnostic_sigma_bandpass_1250_2100_plus_alpha,validation,874,0.020927747611357496
diagnostic_sigma_bandpass_1250_2100_plus_alpha,validation,882,0.02944163997754467
diagnostic_sigma_bandpass_1250_2100_plus_alpha,validation,884,0.06395507062077661
diagnostic_sigma_bandpass_1250_2100_plus_alpha,validation,889,0.023748316671413357
diagnostic_sigma_bandpass_1250_2100_plus_alpha,validation,895,0.1354227929951161
diagnostic_sigma_bandpass_1250_2100_plus_alpha,validation,906,0.04885894089634364
diagnostic_sigma_bandpass_1250_2100_plus_alpha,validation,908,0.038483924646111764
diagnostic_sigma_bandpass_1250_2100_plus_alpha,validation,911,0.05676533073728335
diagnostic_sigma_bandpass_1250_2100_plus_alpha,validation,914,0.020187172180308282
diagnostic_sigma_bandpass_1250_2100_plus_alpha,validation,916,0.040439781732218814
diagnostic_sigma_bandpass_1250_2100_plus_alpha,validation,931,0.03227477022945869
diagnostic_sigma_bandpass_1250_2100_plus_alpha,validation,934,0.05211007519325105
diagnostic_sigma_bandpass_1250_2100_plus_alpha,validation,936,0.038743440912201166
diagnostic_sigma_bandpass_1250_2100_plus_alpha,validation,938,0.018387115870670642
diagnostic_sigma_bandpass_1250_2100_plus_alpha,validation,953,0.14787873933512918
diagnostic_sigma_bandpass_1250_2100_plus_alpha,validation,969,0.03080053153998402
diagnostic_sigma_bandpass_1250_2100_plus_alpha,validation,971,0.07219534532726925
diagnostic_sigma_bandpass_1250_2100_plus_alpha,validation,987,0.0648889850325584
diagnostic_sigma_bandpass_1250_2100_plus_alpha,validation,990,0.04068479124856307
diagnostic_sigma_bandpass_1250_2100_plus_alpha,validation,991,0.0453984325321009
diagnostic_sigma_bandpass_1250_2100_plus_alpha,validation,993,0.021598635994423996
diagnostic_sigma_bandpass_1250_2100_plus_lambda_alpha,train,1,0.12274874686726754
diagnostic_sigma_bandpass_1250_2100_plus_lambda_alpha,train,2,0.051210931257926015
diagnostic_sigma_bandpass_1250_2100_plus_lambda_alpha,train,3,0.07715598310873836
diagnostic_sigma_bandpass_1250_2100_plus_lambda_alpha,train,5,0.05310323502384507
diagnostic_sigma_bandpass_1250_2100_plus_lambda_alpha,train,10,0.03795806823888219
diagnostic_sigma_bandpass_1250_2100_plus_lambda_alpha,train,11,0.040582118551551014
diagnostic_sigma_bandpass_1250_2100_plus_lambda_alpha,train,12,0.04169604744637594
diagnostic_sigma_bandpass_1250_2100_plus_lambda_alpha,train,13,0.04846120718093445
diagnostic_sigma_bandpass_1250_2100_plus_lambda_alpha,train,14,0.033790659673980886
diagnostic_sigma_bandpass_1250_2100_plus_lambda_alpha,train,15,0.026009441440830436
diagnostic_sigma_bandpass_1250_2100_plus_lambda_alpha,train,17,0.0378059187660754
diagnostic_sigma_bandpass_1250_2100_plus_lambda_alpha,train,18,0.01748842303727865
diagnostic_sigma_bandpass_1250_2100_plus_lambda_alpha,train,19,0.028778918018771412
diagnostic_sigma_bandpass_1250_2100_plus_lambda_alpha,train,20,0.03494713614421552
diagnostic_sigma_bandpass_1250_2100_plus_lambda_alpha,train,22,0.026697591266024483
diagnostic_sigma_bandpass_1250_2100_plus_lambda_alpha,train,24,0.11562016712243219
diagnostic_sigma_bandpass_1250_2100_plus_lambda_alpha,train,26,0.02608849761464853
diagnostic_sigma_bandpass_1250_2100_plus_lambda_alpha,train,27,0.033374419893133035
diagnostic_sigma_bandpass_1250_2100_plus_lambda_alpha,train,29,0.029580335432502786
diagnostic_sigma_bandpass_1250_2100_plus_lambda_alpha,train,30,0.10385180231464357
diagnostic_sigma_bandpass_1250_2100_plus_lambda_alpha,train,31,0.021358739796502334
diagnostic_sigma_bandpass_1250_2100_plus_lambda_alpha,train,32,0.05787684558135697
diagnostic_sigma_bandpass_1250_2100_plus_lambda_alpha,train,35,0.026762395400978616
diagnostic_sigma_bandpass_1250_2100_plus_lambda_alpha,train,36,0.04525798067180225
diagnostic_sigma_bandpass_1250_2100_plus_lambda_alpha,train,37,0.04473338504184064
diagnostic_sigma_bandpass_1250_2100_plus_lambda_alpha,train,38,0.03225401990625363
diagnostic_sigma_bandpass_1250_2100_plus_lambda_alpha,train,39,0.01199964920100366
diagnostic_sigma_bandpass_1250_2100_plus_lambda_alpha,train,40,0.07015322225623868
diagnostic_sigma_bandpass_1250_2100_plus_lambda_alpha,train,41,0.02305265704108753
diagnostic_sigma_bandpass_1250_2100_plus_lambda_alpha,train,42,0.05738272495184479
diagnostic_sigma_bandpass_1250_2100_plus_lambda_alpha,train,43,0.07571765024081208
diagnostic_sigma_bandpass_1250_2100_plus_lambda_alpha,train,44,0.02677168829711199
diagnostic_sigma_bandpass_1250_2100_plus_lambda_alpha,train,46,0.10720895756472389
diagnostic_sigma_bandpass_1250_2100_plus_lambda_alpha,train,47,0.05609523866012352
diagnostic_sigma_bandpass_1250_2100_plus_lambda_alpha,train,48,0.01751686907868918
diagnostic_sigma_bandpass_1250_2100_plus_lambda_alpha,train,51,0.06223503787199102
diagnostic_sigma_bandpass_1250_2100_plus_lambda_alpha,train,52,0.05937835317577031
diagnostic_sigma_bandpass_1250_2100_plus_lambda_alpha,train,53,0.02614080939984494
diagnostic_sigma_bandpass_1250_2100_plus_lambda_alpha,train,54,0.1673178952502987
diagnostic_sigma_bandpass_1250_2100_plus_lambda_alpha,train,55,0.053846552051072354
diagnostic_sigma_bandpass_1250_2100_plus_lambda_alpha,train,56,0.06398792265308259
diagnostic_sigma_bandpass_1250_2100_plus_lambda_alpha,train,57,0.05108425995948476
diagnostic_sigma_bandpass_1250_2100_plus_lambda_alpha,train,58,0.07629284931813028
diagnostic_sigma_bandpass_1250_2100_plus_lambda_alpha,train,59,0.04636071646655559
diagnostic_sigma_bandpass_1250_2100_plus_lambda_alpha,train,60,0.03717844564430362
diagnostic_sigma_bandpass_1250_2100_plus_lambda_alpha,train,62,0.02759853845977027
diagnostic_sigma_bandpass_1250_2100_plus_lambda_alpha,train,64,0.0432262009370317
diagnostic_sigma_bandpass_1250_2100_plus_lambda_alpha,train,65,0.08726181197662242
diagnostic_sigma_bandpass_1250_2100_plus_lambda_alpha,train,66,0.024486155053195124
diagnostic_sigma_bandpass_1250_2100_plus_lambda_alpha,train,70,0.02226587702085677
diagnostic_sigma_bandpass_1250_2100_plus_lambda_alpha,train,73,0.01819249174766154
diagnostic_sigma_bandpass_1250_2100_plus_lambda_alpha,train,74,0.11026506553705853
diagnostic_sigma_bandpass_1250_2100_plus_lambda_alpha,train,75,0.03929295684654121
diagnostic_sigma_bandpass_1250_2100_plus_lambda_alpha,train,77,0.036979722433918755
diagnostic_sigma_bandpass_1250_2100_plus_lambda_alpha,train,79,0.035492261331067275
diagnostic_sigma_bandpass_1250_2100_plus_lambda_alpha,train,80,0.1500037854092577
diagnostic_sigma_bandpass_1250_2100_plus_lambda_alpha,train,81,0.06426101328016685
diagnostic_sigma_bandpass_1250_2100_plus_lambda_alpha,train,84,0.026519768527519236
diagnostic_sigma_bandpass_1250_2100_plus_lambda_alpha,train,85,0.05195863962306602
diagnostic_sigma_bandpass_1250_2100_plus_lambda_alpha,train,86,0.13214435716226222
diagnostic_sigma_bandpass_1250_2100_plus_lambda_alpha,train,88,0.032000132224851
diagnostic_sigma_bandpass_1250_2100_plus_lambda_alpha,train,89,0.12802511518652052
diagnostic_sigma_bandpass_1250_2100_plus_lambda_alpha,train,91,0.10513882160795604
diagnostic_sigma_bandpass_1250_2100_plus_lambda_alpha,train,92,0.03492837406373579
diagnostic_sigma_bandpass_1250_2100_plus_lambda_alpha,train,93,0.04650250116022464
diagnostic_sigma_bandpass_1250_2100_plus_lambda_alpha,train,95,0.08232602788283333
diagnostic_sigma_bandpass_1250_2100_plus_lambda_alpha,train,96,0.06432710763859195
diagnostic_sigma_bandpass_1250_2100_plus_lambda_alpha,train,97,0.06819064470204436
diagnostic_sigma_bandpass_1250_2100_plus_lambda_alpha,train,98,0.053604672679662874
diagnostic_sigma_bandpass_1250_2100_plus_lambda_alpha,train,100,0.03549979451632548
diagnostic_sigma_bandpass_1250_2100_plus_lambda_alpha,train,101,0.024976812515793163
diagnostic_sigma_bandpass_1250_2100_plus_lambda_alpha,train,102,0.017556495213121665
diagnostic_sigma_bandpass_1250_2100_plus_lambda_alpha,train,103,0.019061522661298066
diagnostic_sigma_bandpass_1250_2100_plus_lambda_alpha,train,105,0.030046080861315477
diagnostic_sigma_bandpass_1250_2100_plus_lambda_alpha,train,107,0.03669111840434927
diagnostic_sigma_bandpass_1250_2100_plus_lambda_alpha,train,108,0.03058143982139562
diagnostic_sigma_bandpass_1250_2100_plus_lambda_alpha,train,109,0.015915606232682667
diagnostic_sigma_bandpass_1250_2100_plus_lambda_alpha,train,110,0.06825975038675185
diagnostic_sigma_bandpass_1250_2100_plus_lambda_alpha,train,111,0.023571459900944135
diagnostic_sigma_bandpass_1250_2100_plus_lambda_alpha,train,112,0.025990296144795012
diagnostic_sigma_bandpass_1250_2100_plus_lambda_alpha,train,114,0.02791640458686123
diagnostic_sigma_bandpass_1250_2100_plus_lambda_alpha,train,115,0.0966158271029984
diagnostic_sigma_bandpass_1250_2100_plus_lambda_alpha,train,118,0.09481882254341698
diagnostic_sigma_bandpass_1250_2100_plus_lambda_alpha,train,120,0.04481765078700483
diagnostic_sigma_bandpass_1250_2100_plus_lambda_alpha,train,121,0.13545305394483645
diagnostic_sigma_bandpass_1250_2100_plus_lambda_alpha,train,122,0.013860889675166894
diagnostic_sigma_bandpass_1250_2100_plus_lambda_alpha,train,123,0.02766000234473547
diagnostic_sigma_bandpass_1250_2100_plus_lambda_alpha,train,124,0.019186844228807853
diagnostic_sigma_bandpass_1250_2100_plus_lambda_alpha,train,125,0.02698651418597256
diagnostic_sigma_bandpass_1250_2100_plus_lambda_alpha,train,126,0.027797366239599604
diagnostic_sigma_bandpass_1250_2100_plus_lambda_alpha,train,127,0.05577265920604002
diagnostic_sigma_bandpass_1250_2100_plus_lambda_alpha,train,128,0.08319524656460787
diagnostic_sigma_bandpass_1250_2100_plus_lambda_alpha,train,130,0.09730859069299129
diagnostic_sigma_bandpass_1250_2100_plus_lambda_alpha,train,131,0.09101712546907217
diagnostic_sigma_bandpass_1250_2100_plus_lambda_alpha,train,133,0.047627868235033635
diagnostic_sigma_bandpass_1250_2100_plus_lambda_alpha,train,134,0.14058418583510773
diagnostic_sigma_bandpass_1250_2100_plus_lambda_alpha,train,135,0.04161292334286323
diagnostic_sigma_bandpass_1250_2100_plus_lambda_alpha,train,138,0.039114586793304026
diagnostic_sigma_bandpass_1250_2100_plus_lambda_alpha,train,141,0.022938259467135614
diagnostic_sigma_bandpass_1250_2100_plus_lambda_alpha,train,142,0.0592031026202594
diagnostic_sigma_bandpass_1250_2100_plus_lambda_alpha,train,143,0.12787924641843354
diagnostic_sigma_bandpass_1250_2100_plus_lambda_alpha,train,144,0.017027468212311242
diagnostic_sigma_bandpass_1250_2100_plus_lambda_alpha,train,147,0.024249037347426304
diagnostic_sigma_bandpass_1250_2100_plus_lambda_alpha,train,148,0.017252222092971933
diagnostic_sigma_bandpass_1250_2100_plus_lambda_alpha,train,149,0.04107637223928337
diagnostic_sigma_bandpass_1250_2100_plus_lambda_alpha,train,151,0.045064292346667104
diagnostic_sigma_bandpass_1250_2100_plus_lambda_alpha,train,152,0.08343846150666458
diagnostic_sigma_bandpass_1250_2100_plus_lambda_alpha,train,155,0.11573010393434748
diagnostic_sigma_bandpass_1250_2100_plus_lambda_alpha,train,156,0.01953477938323577
diagnostic_sigma_bandpass_1250_2100_plus_lambda_alpha,train,157,0.1452935067453123
diagnostic_sigma_bandpass_1250_2100_plus_lambda_alpha,train,158,0.032812715517601274
diagnostic_sigma_bandpass_1250_2100_plus_lambda_alpha,train,159,0.03520465846073865
diagnostic_sigma_bandpass_1250_2100_plus_lambda_alpha,train,160,0.026909150036743216
diagnostic_sigma_bandpass_1250_2100_plus_lambda_alpha,train,161,0.062413870279517294
diagnostic_sigma_bandpass_1250_2100_plus_lambda_alpha,train,163,0.025205847555189138
diagnostic_sigma_bandpass_1250_2100_plus_lambda_alpha,train,164,0.020371717195470578
diagnostic_sigma_bandpass_1250_2100_plus_lambda_alpha,train,166,0.05879334289325873
diagnostic_sigma_bandpass_1250_2100_plus_lambda_alpha,train,167,0.032215473886036995
diagnostic_sigma_bandpass_1250_2100_plus_lambda_alpha,train,168,0.041959571697314256
diagnostic_sigma_bandpass_1250_2100_plus_lambda_alpha,train,170,0.03324049648638387
diagnostic_sigma_bandpass_1250_2100_plus_lambda_alpha,train,172,0.02030796570079376
diagnostic_sigma_bandpass_1250_2100_plus_lambda_alpha,train,173,0.025556761490027273
diagnostic_sigma_bandpass_1250_2100_plus_lambda_alpha,train,174,0.06014679101801278
diagnostic_sigma_bandpass_1250_2100_plus_lambda_alpha,train,176,0.05527926513169256
diagnostic_sigma_bandpass_1250_2100_plus_lambda_alpha,train,177,0.02250462618472816
diagnostic_sigma_bandpass_1250_2100_plus_lambda_alpha,train,178,0.048752982728322417
diagnostic_sigma_bandpass_1250_2100_plus_lambda_alpha,train,180,0.041372930466980186
diagnostic_sigma_bandpass_1250_2100_plus_lambda_alpha,train,181,0.029759526661284244
diagnostic_sigma_bandpass_1250_2100_plus_lambda_alpha,train,182,0.02980821576749404
diagnostic_sigma_bandpass_1250_2100_plus_lambda_alpha,train,183,0.027617221010742755
diagnostic_sigma_bandpass_1250_2100_plus_lambda_alpha,train,184,0.04947958916869611
diagnostic_sigma_bandpass_1250_2100_plus_lambda_alpha,train,186,0.04915364282230169
diagnostic_sigma_bandpass_1250_2100_plus_lambda_alpha,train,187,0.027882151008926624
diagnostic_sigma_bandpass_1250_2100_plus_lambda_alpha,train,188,0.0331886335534407
diagnostic_sigma_bandpass_1250_2100_plus_lambda_alpha,train,189,0.019488107773603464
diagnostic_sigma_bandpass_1250_2100_plus_lambda_alpha,train,190,0.02213693398449788
diagnostic_sigma_bandpass_1250_2100_plus_lambda_alpha,train,192,0.033121614701267156
diagnostic_sigma_bandpass_1250_2100_plus_lambda_alpha,train,193,0.029122004663186065
diagnostic_sigma_bandpass_1250_2100_plus_lambda_alpha,train,194,0.024258253983424138
diagnostic_sigma_bandpass_1250_2100_plus_lambda_alpha,train,195,0.021985750744486283
diagnostic_sigma_bandpass_1250_2100_plus_lambda_alpha,train,196,0.031209829103951373
diagnostic_sigma_bandpass_1250_2100_plus_lambda_alpha,train,197,0.014879107400336402
diagnostic_sigma_bandpass_1250_2100_plus_lambda_alpha,train,198,0.14518783575684013
diagnostic_sigma_bandpass_1250_2100_plus_lambda_alpha,train,199,0.023014933466292707
diagnostic_sigma_bandpass_1250_2100_plus_lambda_alpha,train,200,0.021748142910333428
diagnostic_sigma_bandpass_1250_2100_plus_lambda_alpha,train,201,0.12157197338658747
diagnostic_sigma_bandpass_1250_2100_plus_lambda_alpha,train,203,0.1299523142217807
diagnostic_sigma_bandpass_1250_2100_plus_lambda_alpha,train,205,0.06288711527429187
diagnostic_sigma_bandpass_1250_2100_plus_lambda_alpha,train,206,0.05899942761510602
diagnostic_sigma_bandpass_1250_2100_plus_lambda_alpha,train,208,0.0930476575136153
diagnostic_sigma_bandpass_1250_2100_plus_lambda_alpha,train,209,0.05961115609136426
diagnostic_sigma_bandpass_1250_2100_plus_lambda_alpha,train,210,0.08236696385184111
diagnostic_sigma_bandpass_1250_2100_plus_lambda_alpha,train,211,0.04432335792465019
diagnostic_sigma_bandpass_1250_2100_plus_lambda_alpha,train,212,0.025726414608415654
diagnostic_sigma_bandpass_1250_2100_plus_lambda_alpha,train,213,0.05319205162855923
diagnostic_sigma_bandpass_1250_2100_plus_lambda_alpha,train,214,0.05917028007441731
diagnostic_sigma_bandpass_1250_2100_plus_lambda_alpha,train,216,0.06388474434896073
diagnostic_sigma_bandpass_1250_2100_plus_lambda_alpha,train,219,0.01713304138456852
diagnostic_sigma_bandpass_1250_2100_plus_lambda_alpha,train,221,0.0594189600221393
diagnostic_sigma_bandpass_1250_2100_plus_lambda_alpha,train,222,0.03134142537884661
diagnostic_sigma_bandpass_1250_2100_plus_lambda_alpha,train,223,0.117434428070226
diagnostic_sigma_bandpass_1250_2100_plus_lambda_alpha,train,224,0.03162864656184608
diagnostic_sigma_bandpass_1250_2100_plus_lambda_alpha,train,225,0.09580462564579868
diagnostic_sigma_bandpass_1250_2100_plus_lambda_alpha,train,226,0.03349345786772272
diagnostic_sigma_bandpass_1250_2100_plus_lambda_alpha,train,231,0.022898692037389434
diagnostic_sigma_bandpass_1250_2100_plus_lambda_alpha,train,233,0.1478736948443942
diagnostic_sigma_bandpass_1250_2100_plus_lambda_alpha,train,235,0.0243083255863833
diagnostic_sigma_bandpass_1250_2100_plus_lambda_alpha,train,236,0.06819276013788608
diagnostic_sigma_bandpass_1250_2100_plus_lambda_alpha,train,237,0.04140788555986065
diagnostic_sigma_bandpass_1250_2100_plus_lambda_alpha,train,239,0.027212948952146477
diagnostic_sigma_bandpass_1250_2100_plus_lambda_alpha,train,240,0.033490020589870155
diagnostic_sigma_bandpass_1250_2100_plus_lambda_alpha,train,241,0.02776208370312337
diagnostic_sigma_bandpass_1250_2100_plus_lambda_alpha,train,242,0.07149731477306859
diagnostic_sigma_bandpass_1250_2100_plus_lambda_alpha,train,243,0.029062177446104422
diagnostic_sigma_bandpass_1250_2100_plus_lambda_alpha,train,246,0.058767771236573285
diagnostic_sigma_bandpass_1250_2100_plus_lambda_alpha,train,247,0.062084713672255876
diagnostic_sigma_bandpass_1250_2100_plus_lambda_alpha,train,249,0.046224358236750945
diagnostic_sigma_bandpass_1250_2100_plus_lambda_alpha,train,250,0.18157803488308813
diagnostic_sigma_bandpass_1250_2100_plus_lambda_alpha,train,251,0.025304917088018998
diagnostic_sigma_bandpass_1250_2100_plus_lambda_alpha,train,252,0.0454350032954174
diagnostic_sigma_bandpass_1250_2100_plus_lambda_alpha,train,253,0.02673837679813996
diagnostic_sigma_bandpass_1250_2100_plus_lambda_alpha,train,254,0.04578079799208556
diagnostic_sigma_bandpass_1250_2100_plus_lambda_alpha,train,255,0.03625797711281922
diagnostic_sigma_bandpass_1250_2100_plus_lambda_alpha,train,256,0.05294155591404817
diagnostic_sigma_bandpass_1250_2100_plus_lambda_alpha,train,257,0.09856558661100755
diagnostic_sigma_bandpass_1250_2100_plus_lambda_alpha,train,259,0.020864142574547655
diagnostic_sigma_bandpass_1250_2100_plus_lambda_alpha,train,261,0.031191874606792732
diagnostic_sigma_bandpass_1250_2100_plus_lambda_alpha,train,264,0.08994968558668646
diagnostic_sigma_bandpass_1250_2100_plus_lambda_alpha,train,265,0.08308268253140055
diagnostic_sigma_bandpass_1250_2100_plus_lambda_alpha,train,266,0.0409320594908137
diagnostic_sigma_bandpass_1250_2100_plus_lambda_alpha,train,270,0.044825879679936946
diagnostic_sigma_bandpass_1250_2100_plus_lambda_alpha,train,272,0.04546617656363994
diagnostic_sigma_bandpass_1250_2100_plus_lambda_alpha,train,274,0.03439116170710316
diagnostic_sigma_bandpass_1250_2100_plus_lambda_alpha,train,275,0.031888943003133656
diagnostic_sigma_bandpass_1250_2100_plus_lambda_alpha,train,276,0.03179483496639391
diagnostic_sigma_bandpass_1250_2100_plus_lambda_alpha,train,277,0.029435882164004355
diagnostic_sigma_bandpass_1250_2100_plus_lambda_alpha,train,279,0.029194978469453292
diagnostic_sigma_bandpass_1250_2100_plus_lambda_alpha,train,280,0.020283514644247484
diagnostic_sigma_bandpass_1250_2100_plus_lambda_alpha,train,281,0.027654495909244417
diagnostic_sigma_bandpass_1250_2100_plus_lambda_alpha,train,283,0.1355042973358253
diagnostic_sigma_bandpass_1250_2100_plus_lambda_alpha,train,285,0.023444438002081045
diagnostic_sigma_bandpass_1250_2100_plus_lambda_alpha,train,287,0.04844204813315382
diagnostic_sigma_bandpass_1250_2100_plus_lambda_alpha,train,288,0.0153289811584911
diagnostic_sigma_bandpass_1250_2100_plus_lambda_alpha,train,289,0.025370814553321304
diagnostic_sigma_bandpass_1250_2100_plus_lambda_alpha,train,290,0.06370467165744194
diagnostic_sigma_bandpass_1250_2100_plus_lambda_alpha,train,294,0.12149786313561725
diagnostic_sigma_bandpass_1250_2100_plus_lambda_alpha,train,295,0.0381841797007736
diagnostic_sigma_bandpass_1250_2100_plus_lambda_alpha,train,296,0.026410820325473955
diagnostic_sigma_bandpass_1250_2100_plus_lambda_alpha,train,297,0.03425847711386906
diagnostic_sigma_bandpass_1250_2100_plus_lambda_alpha,train,298,0.020277309295176363
diagnostic_sigma_bandpass_1250_2100_plus_lambda_alpha,train,300,0.04488137793402454
diagnostic_sigma_bandpass_1250_2100_plus_lambda_alpha,train,301,0.058110870117219354
diagnostic_sigma_bandpass_1250_2100_plus_lambda_alpha,train,305,0.12348345784895266
diagnostic_sigma_bandpass_1250_2100_plus_lambda_alpha,train,306,0.04645069943833577
diagnostic_sigma_bandpass_1250_2100_plus_lambda_alpha,train,307,0.01770245958026542
diagnostic_sigma_bandpass_1250_2100_plus_lambda_alpha,train,308,0.019654156005654674
diagnostic_sigma_bandpass_1250_2100_plus_lambda_alpha,train,309,0.05893870339698568
diagnostic_sigma_bandpass_1250_2100_plus_lambda_alpha,train,310,0.08843484089089904
diagnostic_sigma_bandpass_1250_2100_plus_lambda_alpha,train,311,0.03105261536005164
diagnostic_sigma_bandpass_1250_2100_plus_lambda_alpha,train,313,0.06489158401053026
diagnostic_sigma_bandpass_1250_2100_plus_lambda_alpha,train,315,0.033715433793980745
diagnostic_sigma_bandpass_1250_2100_plus_lambda_alpha,train,316,0.030050971342858297
diagnostic_sigma_bandpass_1250_2100_plus_lambda_alpha,train,317,0.055180795429620615
diagnostic_sigma_bandpass_1250_2100_plus_lambda_alpha,train,318,0.05624244824161563
diagnostic_sigma_bandpass_1250_2100_plus_lambda_alpha,train,319,0.09496599354495444
diagnostic_sigma_bandpass_1250_2100_plus_lambda_alpha,train,320,0.016460289561415944
diagnostic_sigma_bandpass_1250_2100_plus_lambda_alpha,train,322,0.04410003633702962
diagnostic_sigma_bandpass_1250_2100_plus_lambda_alpha,train,323,0.018673879549494246
diagnostic_sigma_bandpass_1250_2100_plus_lambda_alpha,train,324,0.15187739160357808
diagnostic_sigma_bandpass_1250_2100_plus_lambda_alpha,train,326,0.019050989279274205
diagnostic_sigma_bandpass_1250_2100_plus_lambda_alpha,train,327,0.08551516044064543
diagnostic_sigma_bandpass_1250_2100_plus_lambda_alpha,train,328,0.05515708205074665
diagnostic_sigma_bandpass_1250_2100_plus_lambda_alpha,train,329,0.050218007277086335
diagnostic_sigma_bandpass_1250_2100_plus_lambda_alpha,train,330,0.05750704761429557
diagnostic_sigma_bandpass_1250_2100_plus_lambda_alpha,train,331,0.027711929732998394
diagnostic_sigma_bandpass_1250_2100_plus_lambda_alpha,train,334,0.09407819229340211
diagnostic_sigma_bandpass_1250_2100_plus_lambda_alpha,train,335,0.02247794369420211
diagnostic_sigma_bandpass_1250_2100_plus_lambda_alpha,train,336,0.02506963581505529
diagnostic_sigma_bandpass_1250_2100_plus_lambda_alpha,train,337,0.15018770824004468
diagnostic_sigma_bandpass_1250_2100_plus_lambda_alpha,train,338,0.04235951681645738
diagnostic_sigma_bandpass_1250_2100_plus_lambda_alpha,train,341,0.07428470860802183
diagnostic_sigma_bandpass_1250_2100_plus_lambda_alpha,train,343,0.009495335243720234
diagnostic_sigma_bandpass_1250_2100_plus_lambda_alpha,train,344,0.016782688563887753
diagnostic_sigma_bandpass_1250_2100_plus_lambda_alpha,train,345,0.05445744980378304
diagnostic_sigma_bandpass_1250_2100_plus_lambda_alpha,train,347,0.023972680601031773
diagnostic_sigma_bandpass_1250_2100_plus_lambda_alpha,train,348,0.017342570970795914
diagnostic_sigma_bandpass_1250_2100_plus_lambda_alpha,train,349,0.04007930192733057
diagnostic_sigma_bandpass_1250_2100_plus_lambda_alpha,train,350,0.017858481231555135
diagnostic_sigma_bandpass_1250_2100_plus_lambda_alpha,train,352,0.03239117912569684
diagnostic_sigma_bandpass_1250_2100_plus_lambda_alpha,train,355,0.1694332414410361
diagnostic_sigma_bandpass_1250_2100_plus_lambda_alpha,train,358,0.03836438582949281
diagnostic_sigma_bandpass_1250_2100_plus_lambda_alpha,train,359,0.032438867977119035
diagnostic_sigma_bandpass_1250_2100_plus_lambda_alpha,train,360,0.02429563091459279
diagnostic_sigma_bandpass_1250_2100_plus_lambda_alpha,train,361,0.035850887918557214
diagnostic_sigma_bandpass_1250_2100_plus_lambda_alpha,train,362,0.024336667222593727
diagnostic_sigma_bandpass_1250_2100_plus_lambda_alpha,train,363,0.03985300265199085
diagnostic_sigma_bandpass_1250_2100_plus_lambda_alpha,train,366,0.016670896275924676
diagnostic_sigma_bandpass_1250_2100_plus_lambda_alpha,train,369,0.029599619036501174
diagnostic_sigma_bandpass_1250_2100_plus_lambda_alpha,train,370,0.025607954716743656
diagnostic_sigma_bandpass_1250_2100_plus_lambda_alpha,train,371,0.0361883288087983
diagnostic_sigma_bandpass_1250_2100_plus_lambda_alpha,train,372,0.0428661295870656
diagnostic_sigma_bandpass_1250_2100_plus_lambda_alpha,train,373,0.01380053593457541
diagnostic_sigma_bandpass_1250_2100_plus_lambda_alpha,train,374,0.030576026737291748
diagnostic_sigma_bandpass_1250_2100_plus_lambda_alpha,train,375,0.11605775299584102
diagnostic_sigma_bandpass_1250_2100_plus_lambda_alpha,train,376,0.022100301141237372
diagnostic_sigma_bandpass_1250_2100_plus_lambda_alpha,train,377,0.13393622620220846
diagnostic_sigma_bandpass_1250_2100_plus_lambda_alpha,train,378,0.11014098110065218
diagnostic_sigma_bandpass_1250_2100_plus_lambda_alpha,train,379,0.03120845000425305
diagnostic_sigma_bandpass_1250_2100_plus_lambda_alpha,train,380,0.0429516094460962
diagnostic_sigma_bandpass_1250_2100_plus_lambda_alpha,train,381,0.01538200562679795
diagnostic_sigma_bandpass_1250_2100_plus_lambda_alpha,train,382,0.02839377809177264
diagnostic_sigma_bandpass_1250_2100_plus_lambda_alpha,train,383,0.13618287478141594
diagnostic_sigma_bandpass_1250_2100_plus_lambda_alpha,train,384,0.029457730436397257
diagnostic_sigma_bandpass_1250_2100_plus_lambda_alpha,train,385,0.029692533167966485
diagnostic_sigma_bandpass_1250_2100_plus_lambda_alpha,train,386,0.023679165281722054
diagnostic_sigma_bandpass_1250_2100_plus_lambda_alpha,train,387,0.05092319421323427
diagnostic_sigma_bandpass_1250_2100_plus_lambda_alpha,train,388,0.0414928945735423
diagnostic_sigma_bandpass_1250_2100_plus_lambda_alpha,train,390,0.03890120256014738
diagnostic_sigma_bandpass_1250_2100_plus_lambda_alpha,train,391,0.01693171328690221
diagnostic_sigma_bandpass_1250_2100_plus_lambda_alpha,train,392,0.03278880291887271
diagnostic_sigma_bandpass_1250_2100_plus_lambda_alpha,train,393,0.05208879039242368
diagnostic_sigma_bandpass_1250_2100_plus_lambda_alpha,train,395,0.04137528785362645
diagnostic_sigma_bandpass_1250_2100_plus_lambda_alpha,train,396,0.05371198565829012
diagnostic_sigma_bandpass_1250_2100_plus_lambda_alpha,train,398,0.03642811563078873
diagnostic_sigma_bandpass_1250_2100_plus_lambda_alpha,train,399,0.02412546758188161
diagnostic_sigma_bandpass_1250_2100_plus_lambda_alpha,train,401,0.035391633345512985
diagnostic_sigma_bandpass_1250_2100_plus_lambda_alpha,train,402,0.06336849661143784
diagnostic_sigma_bandpass_1250_2100_plus_lambda_alpha,train,403,0.023946237695087146
diagnostic_sigma_bandpass_1250_2100_plus_lambda_alpha,train,404,0.033685419626899166
diagnostic_sigma_bandpass_1250_2100_plus_lambda_alpha,train,405,0.16909818911298607
diagnostic_sigma_bandpass_1250_2100_plus_lambda_alpha,train,407,0.021773535796168277
diagnostic_sigma_bandpass_1250_2100_plus_lambda_alpha,train,408,0.08944569530416856
diagnostic_sigma_bandpass_1250_2100_plus_lambda_alpha,train,410,0.05269677292762938
diagnostic_sigma_bandpass_1250_2100_plus_lambda_alpha,train,411,0.026525603514365965
diagnostic_sigma_bandpass_1250_2100_plus_lambda_alpha,train,412,0.026800939412130537
diagnostic_sigma_bandpass_1250_2100_plus_lambda_alpha,train,414,0.030251549290524142
diagnostic_sigma_bandpass_1250_2100_plus_lambda_alpha,train,416,0.10487924721410367
diagnostic_sigma_bandpass_1250_2100_plus_lambda_alpha,train,417,0.03977668041257456
diagnostic_sigma_bandpass_1250_2100_plus_lambda_alpha,train,418,0.056849233604068315
diagnostic_sigma_bandpass_1250_2100_plus_lambda_alpha,train,419,0.06829706699820799
diagnostic_sigma_bandpass_1250_2100_plus_lambda_alpha,train,420,0.0437330813647744
diagnostic_sigma_bandpass_1250_2100_plus_lambda_alpha,train,423,0.039424403422246734
diagnostic_sigma_bandpass_1250_2100_plus_lambda_alpha,train,424,0.01564246761903273
diagnostic_sigma_bandpass_1250_2100_plus_lambda_alpha,train,426,0.023095597620176267
diagnostic_sigma_bandpass_1250_2100_plus_lambda_alpha,train,427,0.03173134685893634
diagnostic_sigma_bandpass_1250_2100_plus_lambda_alpha,train,428,0.059489583945766006
diagnostic_sigma_bandpass_1250_2100_plus_lambda_alpha,train,429,0.014394631490631546
diagnostic_sigma_bandpass_1250_2100_plus_lambda_alpha,train,431,0.04178801626140096
diagnostic_sigma_bandpass_1250_2100_plus_lambda_alpha,train,432,0.16406188855691067
diagnostic_sigma_bandpass_1250_2100_plus_lambda_alpha,train,433,0.1252836340683927
diagnostic_sigma_bandpass_1250_2100_plus_lambda_alpha,train,436,0.029141679159963976
diagnostic_sigma_bandpass_1250_2100_plus_lambda_alpha,train,437,0.025128079638836422
diagnostic_sigma_bandpass_1250_2100_plus_lambda_alpha,train,438,0.14264993365154663
diagnostic_sigma_bandpass_1250_2100_plus_lambda_alpha,train,440,0.055389066782114735
diagnostic_sigma_bandpass_1250_2100_plus_lambda_alpha,train,441,0.017847023110745423
diagnostic_sigma_bandpass_1250_2100_plus_lambda_alpha,train,442,0.12589334273421893
diagnostic_sigma_bandpass_1250_2100_plus_lambda_alpha,train,443,0.05032513359385526
diagnostic_sigma_bandpass_1250_2100_plus_lambda_alpha,train,444,0.07555167411182633
diagnostic_sigma_bandpass_1250_2100_plus_lambda_alpha,train,445,0.04423103374480529
diagnostic_sigma_bandpass_1250_2100_plus_lambda_alpha,train,446,0.11267736108459622
diagnostic_sigma_bandpass_1250_2100_plus_lambda_alpha,train,447,0.16765322071979236
diagnostic_sigma_bandpass_1250_2100_plus_lambda_alpha,train,448,0.03715151077566516
diagnostic_sigma_bandpass_1250_2100_plus_lambda_alpha,train,449,0.04986167398490824
diagnostic_sigma_bandpass_1250_2100_plus_lambda_alpha,train,450,0.03960574663102681
diagnostic_sigma_bandpass_1250_2100_plus_lambda_alpha,train,452,0.027593225417012885
diagnostic_sigma_bandpass_1250_2100_plus_lambda_alpha,train,453,0.023772484478329747
diagnostic_sigma_bandpass_1250_2100_plus_lambda_alpha,train,455,0.033700607928850455
diagnostic_sigma_bandpass_1250_2100_plus_lambda_alpha,train,457,0.032689592583848785
diagnostic_sigma_bandpass_1250_2100_plus_lambda_alpha,train,459,0.2085056075222715
diagnostic_sigma_bandpass_1250_2100_plus_lambda_alpha,train,460,0.03085113632252505
diagnostic_sigma_bandpass_1250_2100_plus_lambda_alpha,train,461,0.052967662716448836
diagnostic_sigma_bandpass_1250_2100_plus_lambda_alpha,train,463,0.04352923105385457
diagnostic_sigma_bandpass_1250_2100_plus_lambda_alpha,train,464,0.1460277383909008
diagnostic_sigma_bandpass_1250_2100_plus_lambda_alpha,train,465,0.024926725255768056
diagnostic_sigma_bandpass_1250_2100_plus_lambda_alpha,train,466,0.06459477973695993
diagnostic_sigma_bandpass_1250_2100_plus_lambda_alpha,train,467,0.018905749898593435
diagnostic_sigma_bandpass_1250_2100_plus_lambda_alpha,train,468,0.08986203857921228
diagnostic_sigma_bandpass_1250_2100_plus_lambda_alpha,train,472,0.051859009516609496
diagnostic_sigma_bandpass_1250_2100_plus_lambda_alpha,train,473,0.06465547056281529
diagnostic_sigma_bandpass_1250_2100_plus_lambda_alpha,train,474,0.031821399907070023
diagnostic_sigma_bandpass_1250_2100_plus_lambda_alpha,train,475,0.050847353193767736
diagnostic_sigma_bandpass_1250_2100_plus_lambda_alpha,train,476,0.016655845593052918
diagnostic_sigma_bandpass_1250_2100_plus_lambda_alpha,train,478,0.027101951849362992
diagnostic_sigma_bandpass_1250_2100_plus_lambda_alpha,train,479,0.014998315623233891
diagnostic_sigma_bandpass_1250_2100_plus_lambda_alpha,train,480,0.0508481627972536
diagnostic_sigma_bandpass_1250_2100_plus_lambda_alpha,train,482,0.03532828993076005
diagnostic_sigma_bandpass_1250_2100_plus_lambda_alpha,train,483,0.06044847156963287
diagnostic_sigma_bandpass_1250_2100_plus_lambda_alpha,train,484,0.07263178265276236
diagnostic_sigma_bandpass_1250_2100_plus_lambda_alpha,train,485,0.043445263263485495
diagnostic_sigma_bandpass_1250_2100_plus_lambda_alpha,train,486,0.04377661780319911
diagnostic_sigma_bandpass_1250_2100_plus_lambda_alpha,train,487,0.03257596922311178
diagnostic_sigma_bandpass_1250_2100_plus_lambda_alpha,train,488,0.05215735516914212
diagnostic_sigma_bandpass_1250_2100_plus_lambda_alpha,train,489,0.02340600579196974
diagnostic_sigma_bandpass_1250_2100_plus_lambda_alpha,train,490,0.05099117857885808
diagnostic_sigma_bandpass_1250_2100_plus_lambda_alpha,train,493,0.06523272219535557
diagnostic_sigma_bandpass_1250_2100_plus_lambda_alpha,train,495,0.10958390720597333
diagnostic_sigma_bandpass_1250_2100_plus_lambda_alpha,train,496,0.0984819122285334
diagnostic_sigma_bandpass_1250_2100_plus_lambda_alpha,train,499,0.046020298708810255
diagnostic_sigma_bandpass_1250_2100_plus_lambda_alpha,train,500,0.042187646845800265
diagnostic_sigma_bandpass_1250_2100_plus_lambda_alpha,train,503,0.1111175421185278
diagnostic_sigma_bandpass_1250_2100_plus_lambda_alpha,train,504,0.02634790612836829
diagnostic_sigma_bandpass_1250_2100_plus_lambda_alpha,train,505,0.041332008039503425
diagnostic_sigma_bandpass_1250_2100_plus_lambda_alpha,train,507,0.12562682361726543
diagnostic_sigma_bandpass_1250_2100_plus_lambda_alpha,train,508,0.021117736043510395
diagnostic_sigma_bandpass_1250_2100_plus_lambda_alpha,train,512,0.048614102809588645
diagnostic_sigma_bandpass_1250_2100_plus_lambda_alpha,train,514,0.12301439155021957
diagnostic_sigma_bandpass_1250_2100_plus_lambda_alpha,train,515,0.02813108027678445
diagnostic_sigma_bandpass_1250_2100_plus_lambda_alpha,train,516,0.06305789207367986
diagnostic_sigma_bandpass_1250_2100_plus_lambda_alpha,train,518,0.01920436901305596
diagnostic_sigma_bandpass_1250_2100_plus_lambda_alpha,train,519,0.06962739587525056
diagnostic_sigma_bandpass_1250_2100_plus_lambda_alpha,train,521,0.06690459697536959
diagnostic_sigma_bandpass_1250_2100_plus_lambda_alpha,train,522,0.03313936093599188
diagnostic_sigma_bandpass_1250_2100_plus_lambda_alpha,train,523,0.04230717685571087
diagnostic_sigma_bandpass_1250_2100_plus_lambda_alpha,train,524,0.05369245732505554
diagnostic_sigma_bandpass_1250_2100_plus_lambda_alpha,train,525,0.02877893224904846
diagnostic_sigma_bandpass_1250_2100_plus_lambda_alpha,train,526,0.06546994725620318
diagnostic_sigma_bandpass_1250_2100_plus_lambda_alpha,train,527,0.02523138183355925
diagnostic_sigma_bandpass_1250_2100_plus_lambda_alpha,train,528,0.022639135894012445
diagnostic_sigma_bandpass_1250_2100_plus_lambda_alpha,train,529,0.05447806252284979
diagnostic_sigma_bandpass_1250_2100_plus_lambda_alpha,train,531,0.036844221714118074
diagnostic_sigma_bandpass_1250_2100_plus_lambda_alpha,train,534,0.11317759285163369
diagnostic_sigma_bandpass_1250_2100_plus_lambda_alpha,train,537,0.06645006256658383
diagnostic_sigma_bandpass_1250_2100_plus_lambda_alpha,train,540,0.028773476720840477
diagnostic_sigma_bandpass_1250_2100_plus_lambda_alpha,train,541,0.03407987700283017
diagnostic_sigma_bandpass_1250_2100_plus_lambda_alpha,train,542,0.03336152508830643
diagnostic_sigma_bandpass_1250_2100_plus_lambda_alpha,train,543,0.11510744904252482
diagnostic_sigma_bandpass_1250_2100_plus_lambda_alpha,train,544,0.045266704801293925
diagnostic_sigma_bandpass_1250_2100_plus_lambda_alpha,train,546,0.04399803168284579
diagnostic_sigma_bandpass_1250_2100_plus_lambda_alpha,train,548,0.16239814982947434
diagnostic_sigma_bandpass_1250_2100_plus_lambda_alpha,train,549,0.1092498145856459
diagnostic_sigma_bandpass_1250_2100_plus_lambda_alpha,train,550,0.02062773560331898
diagnostic_sigma_bandpass_1250_2100_plus_lambda_alpha,train,551,0.07015957039758602
diagnostic_sigma_bandpass_1250_2100_plus_lambda_alpha,train,556,0.02820180354091472
diagnostic_sigma_bandpass_1250_2100_plus_lambda_alpha,train,557,0.045246475775926796
diagnostic_sigma_bandpass_1250_2100_plus_lambda_alpha,train,558,0.0206487910170764
diagnostic_sigma_bandpass_1250_2100_plus_lambda_alpha,train,559,0.030463613135701374
diagnostic_sigma_bandpass_1250_2100_plus_lambda_alpha,train,560,0.037800290507846016
diagnostic_sigma_bandpass_1250_2100_plus_lambda_alpha,train,561,0.10300093875911924
diagnostic_sigma_bandpass_1250_2100_plus_lambda_alpha,train,562,0.09444867919989726
diagnostic_sigma_bandpass_1250_2100_plus_lambda_alpha,train,563,0.08190256736591525
diagnostic_sigma_bandpass_1250_2100_plus_lambda_alpha,train,564,0.05891456217385314
diagnostic_sigma_bandpass_1250_2100_plus_lambda_alpha,train,565,0.04436939383240016
diagnostic_sigma_bandpass_1250_2100_plus_lambda_alpha,train,566,0.1648860559535441
diagnostic_sigma_bandpass_1250_2100_plus_lambda_alpha,train,567,0.02990655616456719
diagnostic_sigma_bandpass_1250_2100_plus_lambda_alpha,train,568,0.02417678982527065
diagnostic_sigma_bandpass_1250_2100_plus_lambda_alpha,train,569,0.05357893637486625
diagnostic_sigma_bandpass_1250_2100_plus_lambda_alpha,train,570,0.017870875687559636
diagnostic_sigma_bandpass_1250_2100_plus_lambda_alpha,train,573,0.08541082011766014
diagnostic_sigma_bandpass_1250_2100_plus_lambda_alpha,train,575,0.045617141910276146
diagnostic_sigma_bandpass_1250_2100_plus_lambda_alpha,train,578,0.029741986713372966
diagnostic_sigma_bandpass_1250_2100_plus_lambda_alpha,train,579,0.15857681133924859
diagnostic_sigma_bandpass_1250_2100_plus_lambda_alpha,train,582,0.028660406953707224
diagnostic_sigma_bandpass_1250_2100_plus_lambda_alpha,train,584,0.17884177963412443
diagnostic_sigma_bandpass_1250_2100_plus_lambda_alpha,train,585,0.03161017155927629
diagnostic_sigma_bandpass_1250_2100_plus_lambda_alpha,train,587,0.03164568138707031
diagnostic_sigma_bandpass_1250_2100_plus_lambda_alpha,train,588,0.06506343984016831
diagnostic_sigma_bandpass_1250_2100_plus_lambda_alpha,train,589,0.02358873683071274
diagnostic_sigma_bandpass_1250_2100_plus_lambda_alpha,train,590,0.06019631268508867
diagnostic_sigma_bandpass_1250_2100_plus_lambda_alpha,train,592,0.033717883346047445
diagnostic_sigma_bandpass_1250_2100_plus_lambda_alpha,train,593,0.06799404107701705
diagnostic_sigma_bandpass_1250_2100_plus_lambda_alpha,train,594,0.08130412548423739
diagnostic_sigma_bandpass_1250_2100_plus_lambda_alpha,train,595,0.06039846200373788
diagnostic_sigma_bandpass_1250_2100_plus_lambda_alpha,train,596,0.019150913282567447
diagnostic_sigma_bandpass_1250_2100_plus_lambda_alpha,train,597,0.10653327423648912
diagnostic_sigma_bandpass_1250_2100_plus_lambda_alpha,train,598,0.035571709124293215
diagnostic_sigma_bandpass_1250_2100_plus_lambda_alpha,train,600,0.06352986429437797
diagnostic_sigma_bandpass_1250_2100_plus_lambda_alpha,train,601,0.015436734262573396
diagnostic_sigma_bandpass_1250_2100_plus_lambda_alpha,train,603,0.07119844479023209
diagnostic_sigma_bandpass_1250_2100_plus_lambda_alpha,train,604,0.1466404707058777
diagnostic_sigma_bandpass_1250_2100_plus_lambda_alpha,train,606,0.07827882328041404
diagnostic_sigma_bandpass_1250_2100_plus_lambda_alpha,train,607,0.027648727938475344
diagnostic_sigma_bandpass_1250_2100_plus_lambda_alpha,train,608,0.09948292959197765
diagnostic_sigma_bandpass_1250_2100_plus_lambda_alpha,train,609,0.08528399002425395
diagnostic_sigma_bandpass_1250_2100_plus_lambda_alpha,train,610,0.05858313166162292
diagnostic_sigma_bandpass_1250_2100_plus_lambda_alpha,train,612,0.025732896589771466
diagnostic_sigma_bandpass_1250_2100_plus_lambda_alpha,train,614,0.03624227454215536
diagnostic_sigma_bandpass_1250_2100_plus_lambda_alpha,train,616,0.02208527522694354
diagnostic_sigma_bandpass_1250_2100_plus_lambda_alpha,train,617,0.059609609670868625
diagnostic_sigma_bandpass_1250_2100_plus_lambda_alpha,train,618,0.04426454221627155
diagnostic_sigma_bandpass_1250_2100_plus_lambda_alpha,train,619,0.028032403576542485
diagnostic_sigma_bandpass_1250_2100_plus_lambda_alpha,train,620,0.0765647126685692
diagnostic_sigma_bandpass_1250_2100_plus_lambda_alpha,train,621,0.08436892811752607
diagnostic_sigma_bandpass_1250_2100_plus_lambda_alpha,train,622,0.05568707414508548
diagnostic_sigma_bandpass_1250_2100_plus_lambda_alpha,train,623,0.01803776317775442
diagnostic_sigma_bandpass_1250_2100_plus_lambda_alpha,train,624,0.050154711175592365
diagnostic_sigma_bandpass_1250_2100_plus_lambda_alpha,train,625,0.03798599090567656
diagnostic_sigma_bandpass_1250_2100_plus_lambda_alpha,train,626,0.14721213429666
diagnostic_sigma_bandpass_1250_2100_plus_lambda_alpha,train,627,0.05878564055984808
diagnostic_sigma_bandpass_1250_2100_plus_lambda_alpha,train,628,0.026504754045223972
diagnostic_sigma_bandpass_1250_2100_plus_lambda_alpha,train,629,0.029518349240161
diagnostic_sigma_bandpass_1250_2100_plus_lambda_alpha,train,630,0.057832105282857385
diagnostic_sigma_bandpass_1250_2100_plus_lambda_alpha,train,631,0.13563431678232937
diagnostic_sigma_bandpass_1250_2100_plus_lambda_alpha,train,632,0.07823394650906083
diagnostic_sigma_bandpass_1250_2100_plus_lambda_alpha,train,633,0.04045554544092827
diagnostic_sigma_bandpass_1250_2100_plus_lambda_alpha,train,636,0.029273902623179908
diagnostic_sigma_bandpass_1250_2100_plus_lambda_alpha,train,637,0.01694714806694197
diagnostic_sigma_bandpass_1250_2100_plus_lambda_alpha,train,639,0.16347202296952876
diagnostic_sigma_bandpass_1250_2100_plus_lambda_alpha,train,641,0.0668546012178881
diagnostic_sigma_bandpass_1250_2100_plus_lambda_alpha,train,642,0.0856277534115857
diagnostic_sigma_bandpass_1250_2100_plus_lambda_alpha,train,643,0.031071256612787077
diagnostic_sigma_bandpass_1250_2100_plus_lambda_alpha,train,644,0.10725081400918157
diagnostic_sigma_bandpass_1250_2100_plus_lambda_alpha,train,645,0.08650730119889928
diagnostic_sigma_bandpass_1250_2100_plus_lambda_alpha,train,647,0.024463218616414848
diagnostic_sigma_bandpass_1250_2100_plus_lambda_alpha,train,648,0.06135938882035869
diagnostic_sigma_bandpass_1250_2100_plus_lambda_alpha,train,649,0.042758384922248045
diagnostic_sigma_bandpass_1250_2100_plus_lambda_alpha,train,650,0.03491019373891159
diagnostic_sigma_bandpass_1250_2100_plus_lambda_alpha,train,651,0.025481104250224464
diagnostic_sigma_bandpass_1250_2100_plus_lambda_alpha,train,652,0.04170475095966134
diagnostic_sigma_bandpass_1250_2100_plus_lambda_alpha,train,654,0.03026884893113182
diagnostic_sigma_bandpass_1250_2100_plus_lambda_alpha,train,655,0.056849248770284216
diagnostic_sigma_bandpass_1250_2100_plus_lambda_alpha,train,656,0.12512103111814432
diagnostic_sigma_bandpass_1250_2100_plus_lambda_alpha,train,657,0.0797040009166166
diagnostic_sigma_bandpass_1250_2100_plus_lambda_alpha,train,658,0.02611490844472069
diagnostic_sigma_bandpass_1250_2100_plus_lambda_alpha,train,659,0.02053249765855939
diagnostic_sigma_bandpass_1250_2100_plus_lambda_alpha,train,661,0.06404926767282161
diagnostic_sigma_bandpass_1250_2100_plus_lambda_alpha,train,662,0.04464033966075664
diagnostic_sigma_bandpass_1250_2100_plus_lambda_alpha,train,664,0.046734158411119026
diagnostic_sigma_bandpass_1250_2100_plus_lambda_alpha,train,665,0.038447518150873716
diagnostic_sigma_bandpass_1250_2100_plus_lambda_alpha,train,667,0.03069008400936282
diagnostic_sigma_bandpass_1250_2100_plus_lambda_alpha,train,669,0.0540688676886941
diagnostic_sigma_bandpass_1250_2100_plus_lambda_alpha,train,670,0.026889907137752793
diagnostic_sigma_bandpass_1250_2100_plus_lambda_alpha,train,672,0.03764818684360214
diagnostic_sigma_bandpass_1250_2100_plus_lambda_alpha,train,673,0.05691226490564651
diagnostic_sigma_bandpass_1250_2100_plus_lambda_alpha,train,675,0.03003451825059078
diagnostic_sigma_bandpass_1250_2100_plus_lambda_alpha,train,677,0.04153456969752767
diagnostic_sigma_bandpass_1250_2100_plus_lambda_alpha,train,678,0.0315085939458474
diagnostic_sigma_bandpass_1250_2100_plus_lambda_alpha,train,679,0.03717291079759571
diagnostic_sigma_bandpass_1250_2100_plus_lambda_alpha,train,680,0.05340600667228625
diagnostic_sigma_bandpass_1250_2100_plus_lambda_alpha,train,682,0.04871193820890984
diagnostic_sigma_bandpass_1250_2100_plus_lambda_alpha,train,683,0.048666673147934034
diagnostic_sigma_bandpass_1250_2100_plus_lambda_alpha,train,684,0.05229529268016148
diagnostic_sigma_bandpass_1250_2100_plus_lambda_alpha,train,685,0.05182886054761921
diagnostic_sigma_bandpass_1250_2100_plus_lambda_alpha,train,686,0.04215482643952034
diagnostic_sigma_bandpass_1250_2100_plus_lambda_alpha,train,690,0.03773397844043838
diagnostic_sigma_bandpass_1250_2100_plus_lambda_alpha,train,691,0.07610238229451301
diagnostic_sigma_bandpass_1250_2100_plus_lambda_alpha,train,694,0.02824907573783954
diagnostic_sigma_bandpass_1250_2100_plus_lambda_alpha,train,695,0.1705160598135367
diagnostic_sigma_bandpass_1250_2100_plus_lambda_alpha,train,698,0.04941213471350011
diagnostic_sigma_bandpass_1250_2100_plus_lambda_alpha,train,701,0.060821729746027134
diagnostic_sigma_bandpass_1250_2100_plus_lambda_alpha,train,702,0.01713019062385522
diagnostic_sigma_bandpass_1250_2100_plus_lambda_alpha,train,703,0.10873273810913857
diagnostic_sigma_bandpass_1250_2100_plus_lambda_alpha,train,705,0.02542240223390376
diagnostic_sigma_bandpass_1250_2100_plus_lambda_alpha,train,706,0.060194593136750935
diagnostic_sigma_bandpass_1250_2100_plus_lambda_alpha,train,707,0.03628564393228047
diagnostic_sigma_bandpass_1250_2100_plus_lambda_alpha,train,708,0.029972094469140016
diagnostic_sigma_bandpass_1250_2100_plus_lambda_alpha,train,709,0.017211045443587068
diagnostic_sigma_bandpass_1250_2100_plus_lambda_alpha,train,710,0.015600735803539508
diagnostic_sigma_bandpass_1250_2100_plus_lambda_alpha,train,711,0.09843246790356175
diagnostic_sigma_bandpass_1250_2100_plus_lambda_alpha,train,712,0.12763540527067793
diagnostic_sigma_bandpass_1250_2100_plus_lambda_alpha,train,713,0.08657411914819671
diagnostic_sigma_bandpass_1250_2100_plus_lambda_alpha,train,715,0.03046017931174139
diagnostic_sigma_bandpass_1250_2100_plus_lambda_alpha,train,717,0.03721881902844725
diagnostic_sigma_bandpass_1250_2100_plus_lambda_alpha,train,718,0.026929125193676705
diagnostic_sigma_bandpass_1250_2100_plus_lambda_alpha,train,721,0.13713803879319933
diagnostic_sigma_bandpass_1250_2100_plus_lambda_alpha,train,722,0.022298334300795575
diagnostic_sigma_bandpass_1250_2100_plus_lambda_alpha,train,723,0.047049617442347084
diagnostic_sigma_bandpass_1250_2100_plus_lambda_alpha,train,724,0.10527149983117706
diagnostic_sigma_bandpass_1250_2100_plus_lambda_alpha,train,725,0.03273019529161063
diagnostic_sigma_bandpass_1250_2100_plus_lambda_alpha,train,726,0.028716465936953615
diagnostic_sigma_bandpass_1250_2100_plus_lambda_alpha,train,728,0.024943095704436903
diagnostic_sigma_bandpass_1250_2100_plus_lambda_alpha,train,730,0.03137369436233509
diagnostic_sigma_bandpass_1250_2100_plus_lambda_alpha,train,731,0.02633272175712776
diagnostic_sigma_bandpass_1250_2100_plus_lambda_alpha,train,736,0.02708855255584177
diagnostic_sigma_bandpass_1250_2100_plus_lambda_alpha,train,742,0.11157012252849074
diagnostic_sigma_bandpass_1250_2100_plus_lambda_alpha,train,744,0.033620518428696095
diagnostic_sigma_bandpass_1250_2100_plus_lambda_alpha,train,746,0.04023470663095653
diagnostic_sigma_bandpass_1250_2100_plus_lambda_alpha,train,747,0.05093890218707976
diagnostic_sigma_bandpass_1250_2100_plus_lambda_alpha,train,748,0.03814950866955922
diagnostic_sigma_bandpass_1250_2100_plus_lambda_alpha,train,749,0.057806295157543104
diagnostic_sigma_bandpass_1250_2100_plus_lambda_alpha,train,750,0.05285687178557779
diagnostic_sigma_bandpass_1250_2100_plus_lambda_alpha,train,751,0.10330532139592709
diagnostic_sigma_bandpass_1250_2100_plus_lambda_alpha,train,753,0.13248974409766134
diagnostic_sigma_bandpass_1250_2100_plus_lambda_alpha,train,754,0.047960563985944234
diagnostic_sigma_bandpass_1250_2100_plus_lambda_alpha,train,755,0.026179436432906166
diagnostic_sigma_bandpass_1250_2100_plus_lambda_alpha,train,756,0.15116991652361766
diagnostic_sigma_bandpass_1250_2100_plus_lambda_alpha,train,757,0.1342862644281133
diagnostic_sigma_bandpass_1250_2100_plus_lambda_alpha,train,758,0.13950111448526709
diagnostic_sigma_bandpass_1250_2100_plus_lambda_alpha,train,759,0.08951608633671283
diagnostic_sigma_bandpass_1250_2100_plus_lambda_alpha,train,760,0.028987214297781953
diagnostic_sigma_bandpass_1250_2100_plus_lambda_alpha,train,761,0.052785735823821955
diagnostic_sigma_bandpass_1250_2100_plus_lambda_alpha,train,762,0.1565560750264971
diagnostic_sigma_bandpass_1250_2100_plus_lambda_alpha,train,763,0.016682837899088462
diagnostic_sigma_bandpass_1250_2100_plus_lambda_alpha,train,764,0.14029885600263994
diagnostic_sigma_bandpass_1250_2100_plus_lambda_alpha,train,765,0.02508494329260766
diagnostic_sigma_bandpass_1250_2100_plus_lambda_alpha,train,769,0.09417822084942377
diagnostic_sigma_bandpass_1250_2100_plus_lambda_alpha,train,770,0.017841771531073046
diagnostic_sigma_bandpass_1250_2100_plus_lambda_alpha,train,771,0.06659360116534538
diagnostic_sigma_bandpass_1250_2100_plus_lambda_alpha,train,774,0.15712210456334857
diagnostic_sigma_bandpass_1250_2100_plus_lambda_alpha,train,776,0.03390177966032762
diagnostic_sigma_bandpass_1250_2100_plus_lambda_alpha,train,778,0.061373827351500994
diagnostic_sigma_bandpass_1250_2100_plus_lambda_alpha,train,779,0.017624580559946083
diagnostic_sigma_bandpass_1250_2100_plus_lambda_alpha,train,780,0.017289183888474672
diagnostic_sigma_bandpass_1250_2100_plus_lambda_alpha,train,781,0.02073227538026669
diagnostic_sigma_bandpass_1250_2100_plus_lambda_alpha,train,783,0.05890139958902831
diagnostic_sigma_bandpass_1250_2100_plus_lambda_alpha,train,784,0.017419193737346513
diagnostic_sigma_bandpass_1250_2100_plus_lambda_alpha,train,785,0.039459410278109966
diagnostic_sigma_bandpass_1250_2100_plus_lambda_alpha,train,786,0.07033648215954759
diagnostic_sigma_bandpass_1250_2100_plus_lambda_alpha,train,787,0.03140748983901791
diagnostic_sigma_bandpass_1250_2100_plus_lambda_alpha,train,790,0.1042993213038828
diagnostic_sigma_bandpass_1250_2100_plus_lambda_alpha,train,792,0.11190651281261035
diagnostic_sigma_bandpass_1250_2100_plus_lambda_alpha,train,793,0.13129397345433408
diagnostic_sigma_bandpass_1250_2100_plus_lambda_alpha,train,794,0.03638647422589801
diagnostic_sigma_bandpass_1250_2100_plus_lambda_alpha,train,795,0.016546431408164277
diagnostic_sigma_bandpass_1250_2100_plus_lambda_alpha,train,796,0.08376597067987947
diagnostic_sigma_bandpass_1250_2100_plus_lambda_alpha,train,797,0.1406482638559849
diagnostic_sigma_bandpass_1250_2100_plus_lambda_alpha,train,800,0.027981680796055144
diagnostic_sigma_bandpass_1250_2100_plus_lambda_alpha,train,804,0.06627008869390735
diagnostic_sigma_bandpass_1250_2100_plus_lambda_alpha,train,805,0.03408328259718302
diagnostic_sigma_bandpass_1250_2100_plus_lambda_alpha,train,807,0.0468965684771427
diagnostic_sigma_bandpass_1250_2100_plus_lambda_alpha,train,808,0.020476501794350333
diagnostic_sigma_bandpass_1250_2100_plus_lambda_alpha,train,810,0.009071511466437386
diagnostic_sigma_bandpass_1250_2100_plus_lambda_alpha,train,811,0.06391619230948069
diagnostic_sigma_bandpass_1250_2100_plus_lambda_alpha,train,812,0.0332153686364597
diagnostic_sigma_bandpass_1250_2100_plus_lambda_alpha,train,814,0.03636976805291792
diagnostic_sigma_bandpass_1250_2100_plus_lambda_alpha,train,816,0.05251023345498476
diagnostic_sigma_bandpass_1250_2100_plus_lambda_alpha,train,817,0.138255775404012
diagnostic_sigma_bandpass_1250_2100_plus_lambda_alpha,train,818,0.04415009691601725
diagnostic_sigma_bandpass_1250_2100_plus_lambda_alpha,train,819,0.08433738274541032
diagnostic_sigma_bandpass_1250_2100_plus_lambda_alpha,train,820,0.03013375972865354
diagnostic_sigma_bandpass_1250_2100_plus_lambda_alpha,train,822,0.05878277348819909
diagnostic_sigma_bandpass_1250_2100_plus_lambda_alpha,train,824,0.08655132357475502
diagnostic_sigma_bandpass_1250_2100_plus_lambda_alpha,train,825,0.027363731612936315
diagnostic_sigma_bandpass_1250_2100_plus_lambda_alpha,train,826,0.058369511755725564
diagnostic_sigma_bandpass_1250_2100_plus_lambda_alpha,train,827,0.053013808403366496
diagnostic_sigma_bandpass_1250_2100_plus_lambda_alpha,train,828,0.03259992511501434
diagnostic_sigma_bandpass_1250_2100_plus_lambda_alpha,train,832,0.02690584282848126
diagnostic_sigma_bandpass_1250_2100_plus_lambda_alpha,train,833,0.06349127034096386
diagnostic_sigma_bandpass_1250_2100_plus_lambda_alpha,train,838,0.026597579108194068
diagnostic_sigma_bandpass_1250_2100_plus_lambda_alpha,train,839,0.09365108667122433
diagnostic_sigma_bandpass_1250_2100_plus_lambda_alpha,train,841,0.03743012277578988
diagnostic_sigma_bandpass_1250_2100_plus_lambda_alpha,train,842,0.02976836985752835
diagnostic_sigma_bandpass_1250_2100_plus_lambda_alpha,train,843,0.024356774843508504
diagnostic_sigma_bandpass_1250_2100_plus_lambda_alpha,train,846,0.1652320189671127
diagnostic_sigma_bandpass_1250_2100_plus_lambda_alpha,train,847,0.02798455300787206
diagnostic_sigma_bandpass_1250_2100_plus_lambda_alpha,train,848,0.02319663504434965
diagnostic_sigma_bandpass_1250_2100_plus_lambda_alpha,train,849,0.05991084284301113
diagnostic_sigma_bandpass_1250_2100_plus_lambda_alpha,train,850,0.034510628184453995
diagnostic_sigma_bandpass_1250_2100_plus_lambda_alpha,train,853,0.0421419767846963
diagnostic_sigma_bandpass_1250_2100_plus_lambda_alpha,train,854,0.08924470764844072
diagnostic_sigma_bandpass_1250_2100_plus_lambda_alpha,train,855,0.046024426839574736
diagnostic_sigma_bandpass_1250_2100_plus_lambda_alpha,train,856,0.050829104846804814
diagnostic_sigma_bandpass_1250_2100_plus_lambda_alpha,train,858,0.026789905196535492
diagnostic_sigma_bandpass_1250_2100_plus_lambda_alpha,train,859,0.1208007897525482
diagnostic_sigma_bandpass_1250_2100_plus_lambda_alpha,train,860,0.04152394612648997
diagnostic_sigma_bandpass_1250_2100_plus_lambda_alpha,train,861,0.042237270823423836
diagnostic_sigma_bandpass_1250_2100_plus_lambda_alpha,train,862,0.029833043799403634
diagnostic_sigma_bandpass_1250_2100_plus_lambda_alpha,train,864,0.08157807555631792
diagnostic_sigma_bandpass_1250_2100_plus_lambda_alpha,train,865,0.0501579664364523
diagnostic_sigma_bandpass_1250_2100_plus_lambda_alpha,train,867,0.0334997516674934
diagnostic_sigma_bandpass_1250_2100_plus_lambda_alpha,train,868,0.030286878508279134
diagnostic_sigma_bandpass_1250_2100_plus_lambda_alpha,train,869,0.09766651614544665
diagnostic_sigma_bandpass_1250_2100_plus_lambda_alpha,train,870,0.052890772906615695
diagnostic_sigma_bandpass_1250_2100_plus_lambda_alpha,train,871,0.02475291191803299
diagnostic_sigma_bandpass_1250_2100_plus_lambda_alpha,train,872,0.04048624537468587
diagnostic_sigma_bandpass_1250_2100_plus_lambda_alpha,train,875,0.07744327694100825
diagnostic_sigma_bandpass_1250_2100_plus_lambda_alpha,train,876,0.028125927231255773
diagnostic_sigma_bandpass_1250_2100_plus_lambda_alpha,train,878,0.03599980896453122
diagnostic_sigma_bandpass_1250_2100_plus_lambda_alpha,train,880,0.02934136170177193
diagnostic_sigma_bandpass_1250_2100_plus_lambda_alpha,train,881,0.07493357053327591
diagnostic_sigma_bandpass_1250_2100_plus_lambda_alpha,train,883,0.029767315444784385
diagnostic_sigma_bandpass_1250_2100_plus_lambda_alpha,train,886,0.09802796247713326
diagnostic_sigma_bandpass_1250_2100_plus_lambda_alpha,train,888,0.039791345469095366
diagnostic_sigma_bandpass_1250_2100_plus_lambda_alpha,train,890,0.023857858879392093
diagnostic_sigma_bandpass_1250_2100_plus_lambda_alpha,train,891,0.02131333203763611
diagnostic_sigma_bandpass_1250_2100_plus_lambda_alpha,train,892,0.026476108933180868
diagnostic_sigma_bandpass_1250_2100_plus_lambda_alpha,train,897,0.036086352356681735
diagnostic_sigma_bandpass_1250_2100_plus_lambda_alpha,train,898,0.032914197386882935
diagnostic_sigma_bandpass_1250_2100_plus_lambda_alpha,train,899,0.03442304197541436
diagnostic_sigma_bandpass_1250_2100_plus_lambda_alpha,train,900,0.04517966525496714
diagnostic_sigma_bandpass_1250_2100_plus_lambda_alpha,train,901,0.03798576940253379
diagnostic_sigma_bandpass_1250_2100_plus_lambda_alpha,train,902,0.06754554435348002
diagnostic_sigma_bandpass_1250_2100_plus_lambda_alpha,train,903,0.05133760667999473
diagnostic_sigma_bandpass_1250_2100_plus_lambda_alpha,train,904,0.03486831446551912
diagnostic_sigma_bandpass_1250_2100_plus_lambda_alpha,train,907,0.015236228803878793
diagnostic_sigma_bandpass_1250_2100_plus_lambda_alpha,train,909,0.052180936263481616
diagnostic_sigma_bandpass_1250_2100_plus_lambda_alpha,train,910,0.04836030152926677
diagnostic_sigma_bandpass_1250_2100_plus_lambda_alpha,train,912,0.10015418146100202
diagnostic_sigma_bandpass_1250_2100_plus_lambda_alpha,train,915,0.021362338659782158
diagnostic_sigma_bandpass_1250_2100_plus_lambda_alpha,train,917,0.026408630682439524
diagnostic_sigma_bandpass_1250_2100_plus_lambda_alpha,train,918,0.013577368559049813
diagnostic_sigma_bandpass_1250_2100_plus_lambda_alpha,train,919,0.12878459373795348
diagnostic_sigma_bandpass_1250_2100_plus_lambda_alpha,train,920,0.03595677287557303
diagnostic_sigma_bandpass_1250_2100_plus_lambda_alpha,train,921,0.029382527818060354
diagnostic_sigma_bandpass_1250_2100_plus_lambda_alpha,train,923,0.01726770430480149
diagnostic_sigma_bandpass_1250_2100_plus_lambda_alpha,train,924,0.0349542892086776
diagnostic_sigma_bandpass_1250_2100_plus_lambda_alpha,train,925,0.01879501261725566
diagnostic_sigma_bandpass_1250_2100_plus_lambda_alpha,train,926,0.03710917191076652
diagnostic_sigma_bandpass_1250_2100_plus_lambda_alpha,train,928,0.04070332710126683
diagnostic_sigma_bandpass_1250_2100_plus_lambda_alpha,train,929,0.0314792813345794
diagnostic_sigma_bandpass_1250_2100_plus_lambda_alpha,train,930,0.019354329224252592
diagnostic_sigma_bandpass_1250_2100_plus_lambda_alpha,train,932,0.03117477888640209
diagnostic_sigma_bandpass_1250_2100_plus_lambda_alpha,train,933,0.026176440602429952
diagnostic_sigma_bandpass_1250_2100_plus_lambda_alpha,train,935,0.07388346092191282
diagnostic_sigma_bandpass_1250_2100_plus_lambda_alpha,train,937,0.03395734603805393
diagnostic_sigma_bandpass_1250_2100_plus_lambda_alpha,train,939,0.047263890707825384
diagnostic_sigma_bandpass_1250_2100_plus_lambda_alpha,train,941,0.03708274235807913
diagnostic_sigma_bandpass_1250_2100_plus_lambda_alpha,train,942,0.026344960619417525
diagnostic_sigma_bandpass_1250_2100_plus_lambda_alpha,train,943,0.04213561988759948
diagnostic_sigma_bandpass_1250_2100_plus_lambda_alpha,train,944,0.051806597185884325
diagnostic_sigma_bandpass_1250_2100_plus_lambda_alpha,train,945,0.019685001811163987
diagnostic_sigma_bandpass_1250_2100_plus_lambda_alpha,train,946,0.027369626060056846
diagnostic_sigma_bandpass_1250_2100_plus_lambda_alpha,train,947,0.12614429292788273
diagnostic_sigma_bandpass_1250_2100_plus_lambda_alpha,train,948,0.017891477522178668
diagnostic_sigma_bandpass_1250_2100_plus_lambda_alpha,train,949,0.09300980509531141
diagnostic_sigma_bandpass_1250_2100_plus_lambda_alpha,train,950,0.05544950106812078
diagnostic_sigma_bandpass_1250_2100_plus_lambda_alpha,train,951,0.06313754623020033
diagnostic_sigma_bandpass_1250_2100_plus_lambda_alpha,train,952,0.028675205613433456
diagnostic_sigma_bandpass_1250_2100_plus_lambda_alpha,train,954,0.045809375480132024
diagnostic_sigma_bandpass_1250_2100_plus_lambda_alpha,train,955,0.04779868967976706
diagnostic_sigma_bandpass_1250_2100_plus_lambda_alpha,train,956,0.03343158990974715
diagnostic_sigma_bandpass_1250_2100_plus_lambda_alpha,train,958,0.05807061904396981
diagnostic_sigma_bandpass_1250_2100_plus_lambda_alpha,train,960,0.07525606959281754
diagnostic_sigma_bandpass_1250_2100_plus_lambda_alpha,train,961,0.03605545227110114
diagnostic_sigma_bandpass_1250_2100_plus_lambda_alpha,train,963,0.030649814323713137
diagnostic_sigma_bandpass_1250_2100_plus_lambda_alpha,train,964,0.03780469467525788
diagnostic_sigma_bandpass_1250_2100_plus_lambda_alpha,train,965,0.02889444442240317
diagnostic_sigma_bandpass_1250_2100_plus_lambda_alpha,train,966,0.06483792827824392
diagnostic_sigma_bandpass_1250_2100_plus_lambda_alpha,train,967,0.027376048179741035
diagnostic_sigma_bandpass_1250_2100_plus_lambda_alpha,train,968,0.03740337916641069
diagnostic_sigma_bandpass_1250_2100_plus_lambda_alpha,train,970,0.023114783090308927
diagnostic_sigma_bandpass_1250_2100_plus_lambda_alpha,train,972,0.03826965940742831
diagnostic_sigma_bandpass_1250_2100_plus_lambda_alpha,train,973,0.05784436547684831
diagnostic_sigma_bandpass_1250_2100_plus_lambda_alpha,train,974,0.04157929790180324
diagnostic_sigma_bandpass_1250_2100_plus_lambda_alpha,train,975,0.05632762042017489
diagnostic_sigma_bandpass_1250_2100_plus_lambda_alpha,train,976,0.031866312817699645
diagnostic_sigma_bandpass_1250_2100_plus_lambda_alpha,train,977,0.013519318155174936
diagnostic_sigma_bandpass_1250_2100_plus_lambda_alpha,train,978,0.08548396024073589
diagnostic_sigma_bandpass_1250_2100_plus_lambda_alpha,train,980,0.056298038046915945
diagnostic_sigma_bandpass_1250_2100_plus_lambda_alpha,train,981,0.037425992333720064
diagnostic_sigma_bandpass_1250_2100_plus_lambda_alpha,train,982,0.09313880724043312
diagnostic_sigma_bandpass_1250_2100_plus_lambda_alpha,train,986,0.016874655222628824
diagnostic_sigma_bandpass_1250_2100_plus_lambda_alpha,train,989,0.046008918072040716
diagnostic_sigma_bandpass_1250_2100_plus_lambda_alpha,train,992,0.05857094381664046
diagnostic_sigma_bandpass_1250_2100_plus_lambda_alpha,train,994,0.0461097121284534
diagnostic_sigma_bandpass_1250_2100_plus_lambda_alpha,train,995,0.01939778215248652
diagnostic_sigma_bandpass_1250_2100_plus_lambda_alpha,train,996,0.06981182842359492
diagnostic_sigma_bandpass_1250_2100_plus_lambda_alpha,train,997,0.10725363903755335
diagnostic_sigma_bandpass_1250_2100_plus_lambda_alpha,train,998,0.13829810058522388
diagnostic_sigma_bandpass_1250_2100_plus_lambda_alpha,train,999,0.1613608413024399
diagnostic_sigma_bandpass_1250_2100_plus_lambda_alpha,train,1000,0.03593234761694028
diagnostic_sigma_bandpass_1250_2100_plus_lambda_alpha,validation,8,0.016189502897300246
diagnostic_sigma_bandpass_1250_2100_plus_lambda_alpha,validation,9,0.11029468087651899
diagnostic_sigma_bandpass_1250_2100_plus_lambda_alpha,validation,16,0.021673926436311622
diagnostic_sigma_bandpass_1250_2100_plus_lambda_alpha,validation,21,0.025059752263369955
diagnostic_sigma_bandpass_1250_2100_plus_lambda_alpha,validation,23,0.04482354756096052
diagnostic_sigma_bandpass_1250_2100_plus_lambda_alpha,validation,49,0.03687282620272421
diagnostic_sigma_bandpass_1250_2100_plus_lambda_alpha,validation,50,0.062117595356959134
diagnostic_sigma_bandpass_1250_2100_plus_lambda_alpha,validation,61,0.05423246584744522
diagnostic_sigma_bandpass_1250_2100_plus_lambda_alpha,validation,63,0.02835659972373789
diagnostic_sigma_bandpass_1250_2100_plus_lambda_alpha,validation,68,0.06956184815055291
diagnostic_sigma_bandpass_1250_2100_plus_lambda_alpha,validation,69,0.024693422128647016
diagnostic_sigma_bandpass_1250_2100_plus_lambda_alpha,validation,76,0.04293542989874891
diagnostic_sigma_bandpass_1250_2100_plus_lambda_alpha,validation,78,0.03514611520940122
diagnostic_sigma_bandpass_1250_2100_plus_lambda_alpha,validation,82,0.041541499367722105
diagnostic_sigma_bandpass_1250_2100_plus_lambda_alpha,validation,87,0.08942782427820324
diagnostic_sigma_bandpass_1250_2100_plus_lambda_alpha,validation,90,0.02704349734190019
diagnostic_sigma_bandpass_1250_2100_plus_lambda_alpha,validation,104,0.03524710279578272
diagnostic_sigma_bandpass_1250_2100_plus_lambda_alpha,validation,116,0.04192802415111728
diagnostic_sigma_bandpass_1250_2100_plus_lambda_alpha,validation,117,0.038234850513497114
diagnostic_sigma_bandpass_1250_2100_plus_lambda_alpha,validation,129,0.04063329564722637
diagnostic_sigma_bandpass_1250_2100_plus_lambda_alpha,validation,132,0.04472334864959999
diagnostic_sigma_bandpass_1250_2100_plus_lambda_alpha,validation,139,0.03323535637407434
diagnostic_sigma_bandpass_1250_2100_plus_lambda_alpha,validation,146,0.02906854531604615
diagnostic_sigma_bandpass_1250_2100_plus_lambda_alpha,validation,162,0.07826944947943132
diagnostic_sigma_bandpass_1250_2100_plus_lambda_alpha,validation,171,0.08460440539805486
diagnostic_sigma_bandpass_1250_2100_plus_lambda_alpha,validation,179,0.06253366838838006
diagnostic_sigma_bandpass_1250_2100_plus_lambda_alpha,validation,185,0.11757604733907652
diagnostic_sigma_bandpass_1250_2100_plus_lambda_alpha,validation,207,0.03947776565953011
diagnostic_sigma_bandpass_1250_2100_plus_lambda_alpha,validation,218,0.039966101194812836
diagnostic_sigma_bandpass_1250_2100_plus_lambda_alpha,validation,227,0.025811010394185662
diagnostic_sigma_bandpass_1250_2100_plus_lambda_alpha,validation,228,0.05215120800138501
diagnostic_sigma_bandpass_1250_2100_plus_lambda_alpha,validation,238,0.03540697306745938
diagnostic_sigma_bandpass_1250_2100_plus_lambda_alpha,validation,245,0.12284744399313814
diagnostic_sigma_bandpass_1250_2100_plus_lambda_alpha,validation,248,0.06673426684752892
diagnostic_sigma_bandpass_1250_2100_plus_lambda_alpha,validation,258,0.028566286659518148
diagnostic_sigma_bandpass_1250_2100_plus_lambda_alpha,validation,260,0.02565905531127867
diagnostic_sigma_bandpass_1250_2100_plus_lambda_alpha,validation,262,0.035481852845122216
diagnostic_sigma_bandpass_1250_2100_plus_lambda_alpha,validation,268,0.0784995828005925
diagnostic_sigma_bandpass_1250_2100_plus_lambda_alpha,validation,271,0.09565292079206
diagnostic_sigma_bandpass_1250_2100_plus_lambda_alpha,validation,273,0.019094998313559382
diagnostic_sigma_bandpass_1250_2100_plus_lambda_alpha,validation,278,0.018571912316040363
diagnostic_sigma_bandpass_1250_2100_plus_lambda_alpha,validation,291,0.08765922157964849
diagnostic_sigma_bandpass_1250_2100_plus_lambda_alpha,validation,321,0.03426770329022931
diagnostic_sigma_bandpass_1250_2100_plus_lambda_alpha,validation,325,0.015888551639725242
diagnostic_sigma_bandpass_1250_2100_plus_lambda_alpha,validation,332,0.042512551092330236
diagnostic_sigma_bandpass_1250_2100_plus_lambda_alpha,validation,340,0.06423137129145401
diagnostic_sigma_bandpass_1250_2100_plus_lambda_alpha,validation,342,0.023537373781818645
diagnostic_sigma_bandpass_1250_2100_plus_lambda_alpha,validation,353,0.08625916802817439
diagnostic_sigma_bandpass_1250_2100_plus_lambda_alpha,validation,354,0.01599166026004551
diagnostic_sigma_bandpass_1250_2100_plus_lambda_alpha,validation,367,0.11478409015106547
diagnostic_sigma_bandpass_1250_2100_plus_lambda_alpha,validation,368,0.04772248039871202
diagnostic_sigma_bandpass_1250_2100_plus_lambda_alpha,validation,389,0.03214524764716617
diagnostic_sigma_bandpass_1250_2100_plus_lambda_alpha,validation,397,0.03928673890664146
diagnostic_sigma_bandpass_1250_2100_plus_lambda_alpha,validation,400,0.08748591555898325
diagnostic_sigma_bandpass_1250_2100_plus_lambda_alpha,validation,406,0.04481897017792608
diagnostic_sigma_bandpass_1250_2100_plus_lambda_alpha,validation,415,0.01943746885286257
diagnostic_sigma_bandpass_1250_2100_plus_lambda_alpha,validation,421,0.04119719400046405
diagnostic_sigma_bandpass_1250_2100_plus_lambda_alpha,validation,422,0.07116456837260492
diagnostic_sigma_bandpass_1250_2100_plus_lambda_alpha,validation,425,0.03307973279009998
diagnostic_sigma_bandpass_1250_2100_plus_lambda_alpha,validation,430,0.02631584027737
diagnostic_sigma_bandpass_1250_2100_plus_lambda_alpha,validation,439,0.03539166183653909
diagnostic_sigma_bandpass_1250_2100_plus_lambda_alpha,validation,451,0.06741076852551066
diagnostic_sigma_bandpass_1250_2100_plus_lambda_alpha,validation,458,0.12857076065433706
diagnostic_sigma_bandpass_1250_2100_plus_lambda_alpha,validation,469,0.07489899384924352
diagnostic_sigma_bandpass_1250_2100_plus_lambda_alpha,validation,470,0.02833013327829079
diagnostic_sigma_bandpass_1250_2100_plus_lambda_alpha,validation,471,0.06473980022422864
diagnostic_sigma_bandpass_1250_2100_plus_lambda_alpha,validation,481,0.026122461225060605
diagnostic_sigma_bandpass_1250_2100_plus_lambda_alpha,validation,491,0.04084159773740097
diagnostic_sigma_bandpass_1250_2100_plus_lambda_alpha,validation,501,0.06895861042954952
diagnostic_sigma_bandpass_1250_2100_plus_lambda_alpha,validation,502,0.0379382381216117
diagnostic_sigma_bandpass_1250_2100_plus_lambda_alpha,validation,506,0.05731794768541194
diagnostic_sigma_bandpass_1250_2100_plus_lambda_alpha,validation,509,0.021285997942294282
diagnostic_sigma_bandpass_1250_2100_plus_lambda_alpha,validation,510,0.06639447306214784
diagnostic_sigma_bandpass_1250_2100_plus_lambda_alpha,validation,517,0.07887083564480184
diagnostic_sigma_bandpass_1250_2100_plus_lambda_alpha,validation,532,0.029613741003944368
diagnostic_sigma_bandpass_1250_2100_plus_lambda_alpha,validation,533,0.025056438550576602
diagnostic_sigma_bandpass_1250_2100_plus_lambda_alpha,validation,536,0.02450547301913509
diagnostic_sigma_bandpass_1250_2100_plus_lambda_alpha,validation,538,0.08251228217661473
diagnostic_sigma_bandpass_1250_2100_plus_lambda_alpha,validation,545,0.08955820511869746
diagnostic_sigma_bandpass_1250_2100_plus_lambda_alpha,validation,547,0.023468846422865074
diagnostic_sigma_bandpass_1250_2100_plus_lambda_alpha,validation,552,0.024194285270891472
diagnostic_sigma_bandpass_1250_2100_plus_lambda_alpha,validation,554,0.02819359205543057
diagnostic_sigma_bandpass_1250_2100_plus_lambda_alpha,validation,555,0.040628474187553866
diagnostic_sigma_bandpass_1250_2100_plus_lambda_alpha,validation,576,0.016818861116708987
diagnostic_sigma_bandpass_1250_2100_plus_lambda_alpha,validation,580,0.04500832468877146
diagnostic_sigma_bandpass_1250_2100_plus_lambda_alpha,validation,583,0.03840058054998704
diagnostic_sigma_bandpass_1250_2100_plus_lambda_alpha,validation,599,0.03961788488500629
diagnostic_sigma_bandpass_1250_2100_plus_lambda_alpha,validation,611,0.08044050923418268
diagnostic_sigma_bandpass_1250_2100_plus_lambda_alpha,validation,613,0.025745015139387782
diagnostic_sigma_bandpass_1250_2100_plus_lambda_alpha,validation,615,0.0722407241883376
diagnostic_sigma_bandpass_1250_2100_plus_lambda_alpha,validation,635,0.035168530465943655
diagnostic_sigma_bandpass_1250_2100_plus_lambda_alpha,validation,640,0.03335187968929782
diagnostic_sigma_bandpass_1250_2100_plus_lambda_alpha,validation,653,0.047159062716396416
diagnostic_sigma_bandpass_1250_2100_plus_lambda_alpha,validation,666,0.08985029904808205
diagnostic_sigma_bandpass_1250_2100_plus_lambda_alpha,validation,674,0.051105186437168215
diagnostic_sigma_bandpass_1250_2100_plus_lambda_alpha,validation,676,0.038469238430947024
diagnostic_sigma_bandpass_1250_2100_plus_lambda_alpha,validation,681,0.026205107327193475
diagnostic_sigma_bandpass_1250_2100_plus_lambda_alpha,validation,687,0.1155669169129769
diagnostic_sigma_bandpass_1250_2100_plus_lambda_alpha,validation,688,0.05144641897017699
diagnostic_sigma_bandpass_1250_2100_plus_lambda_alpha,validation,689,0.07608559672557634
diagnostic_sigma_bandpass_1250_2100_plus_lambda_alpha,validation,693,0.026128013671796152
diagnostic_sigma_bandpass_1250_2100_plus_lambda_alpha,validation,697,0.07043590550602391
diagnostic_sigma_bandpass_1250_2100_plus_lambda_alpha,validation,699,0.09263538036940089
diagnostic_sigma_bandpass_1250_2100_plus_lambda_alpha,validation,716,0.03021144887571251
diagnostic_sigma_bandpass_1250_2100_plus_lambda_alpha,validation,719,0.04650562035818354
diagnostic_sigma_bandpass_1250_2100_plus_lambda_alpha,validation,720,0.035065778201525954
diagnostic_sigma_bandpass_1250_2100_plus_lambda_alpha,validation,727,0.10894536390358002
diagnostic_sigma_bandpass_1250_2100_plus_lambda_alpha,validation,729,0.02226308181476661
diagnostic_sigma_bandpass_1250_2100_plus_lambda_alpha,validation,733,0.027554970703040436
diagnostic_sigma_bandpass_1250_2100_plus_lambda_alpha,validation,752,0.030650737451728995
diagnostic_sigma_bandpass_1250_2100_plus_lambda_alpha,validation,773,0.015028844860039144
diagnostic_sigma_bandpass_1250_2100_plus_lambda_alpha,validation,777,0.047526558361389665
diagnostic_sigma_bandpass_1250_2100_plus_lambda_alpha,validation,788,0.06975742472910065
diagnostic_sigma_bandpass_1250_2100_plus_lambda_alpha,validation,791,0.08018250048512825
diagnostic_sigma_bandpass_1250_2100_plus_lambda_alpha,validation,803,0.012935044959465092
diagnostic_sigma_bandpass_1250_2100_plus_lambda_alpha,validation,806,0.05568528141263598
diagnostic_sigma_bandpass_1250_2100_plus_lambda_alpha,validation,809,0.04374859513292451
diagnostic_sigma_bandpass_1250_2100_plus_lambda_alpha,validation,813,0.02251034870335445
diagnostic_sigma_bandpass_1250_2100_plus_lambda_alpha,validation,815,0.04914292168584763
diagnostic_sigma_bandpass_1250_2100_plus_lambda_alpha,validation,821,0.030568481091682205
diagnostic_sigma_bandpass_1250_2100_plus_lambda_alpha,validation,823,0.03974187928752025
diagnostic_sigma_bandpass_1250_2100_plus_lambda_alpha,validation,831,0.056829299505469215
diagnostic_sigma_bandpass_1250_2100_plus_lambda_alpha,validation,834,0.05581019259551213
diagnostic_sigma_bandpass_1250_2100_plus_lambda_alpha,validation,835,0.052720334516425285
diagnostic_sigma_bandpass_1250_2100_plus_lambda_alpha,validation,840,0.03427617355676074
diagnostic_sigma_bandpass_1250_2100_plus_lambda_alpha,validation,851,0.13201872247017854
diagnostic_sigma_bandpass_1250_2100_plus_lambda_alpha,validation,852,0.0719070695947389
diagnostic_sigma_bandpass_1250_2100_plus_lambda_alpha,validation,863,0.08633414865069391
diagnostic_sigma_bandpass_1250_2100_plus_lambda_alpha,validation,866,0.01923508016075249
diagnostic_sigma_bandpass_1250_2100_plus_lambda_alpha,validation,874,0.020935561802589334
diagnostic_sigma_bandpass_1250_2100_plus_lambda_alpha,validation,882,0.02693051154994602
diagnostic_sigma_bandpass_1250_2100_plus_lambda_alpha,validation,884,0.062015812634035425
diagnostic_sigma_bandpass_1250_2100_plus_lambda_alpha,validation,889,0.022137201872630786
diagnostic_sigma_bandpass_1250_2100_plus_lambda_alpha,validation,895,0.1338648232272936
diagnostic_sigma_bandpass_1250_2100_plus_lambda_alpha,validation,906,0.04871874322279973
diagnostic_sigma_bandpass_1250_2100_plus_lambda_alpha,validation,908,0.04251968455483703
diagnostic_sigma_bandpass_1250_2100_plus_lambda_alpha,validation,911,0.05620614566840263
diagnostic_sigma_bandpass_1250_2100_plus_lambda_alpha,validation,914,0.021943728449445466
diagnostic_sigma_bandpass_1250_2100_plus_lambda_alpha,validation,916,0.04242253356754739
diagnostic_sigma_bandpass_1250_2100_plus_lambda_alpha,validation,931,0.03227423428808259
diagnostic_sigma_bandpass_1250_2100_plus_lambda_alpha,validation,934,0.05396463648267676
diagnostic_sigma_bandpass_1250_2100_plus_lambda_alpha,validation,936,0.03834010449171294
diagnostic_sigma_bandpass_1250_2100_plus_lambda_alpha,validation,938,0.01799961411733707
diagnostic_sigma_bandpass_1250_2100_plus_lambda_alpha,validation,953,0.1476361325407513
diagnostic_sigma_bandpass_1250_2100_plus_lambda_alpha,validation,969,0.030776726612155005
diagnostic_sigma_bandpass_1250_2100_plus_lambda_alpha,validation,971,0.07415843548607208
diagnostic_sigma_bandpass_1250_2100_plus_lambda_alpha,validation,987,0.06544326679074111
diagnostic_sigma_bandpass_1250_2100_plus_lambda_alpha,validation,990,0.042986965118251196
diagnostic_sigma_bandpass_1250_2100_plus_lambda_alpha,validation,991,0.046487498303469654
diagnostic_sigma_bandpass_1250_2100_plus_lambda_alpha,validation,993,0.021599044445582926
