
===== TARGET RE F2 =====

[RE r1_c1500_t12] screen training
COMMAND: C:\MasterThesis_Project_R\surrogate_model\segmented_symbolic_regression\.venv_py311\Scripts\python.exe C:\MasterThesis_Project_R\surrogate_model\global_symbolic_regression\train_global_symbolic_model.py --target re --dataset-run run1 --output-dir C:\MasterThesis_Project_R\surrogate_model\global_symbolic_regression\artifacts\re\train\20260816_f2_r1_c1500_t12 --feature-branch sobol_modulated --frequency-modulation-spec C:\MasterThesis_Project_R\surrogate_model\global_symbolic_regression\artifacts\f2_manifests\20260816_f2\specs\re_r1_c1500_t12.json --random-seed 42 --niterations 20 --populations 6 --population-size 40 --maxsize 24 --model-selection best --validation-only

Expressions evaluated per second: 2.310e+03
Progress: 8 / 120 total iterations (6.667%)
════════════════════════════════════════════════════════════════════════════════════════════════════
───────────────────────────────────────────────────────────────────────────────────────────────────
Complexity  Loss       Score      Equation
1           3.696e-02  0.000e+00  y = 0.36906
3           3.695e-02  1.718e-04  y = log10_lambda * -0.090948
5           3.436e-02  3.628e-02  y = log(-0.093641 + log(log10_sigma))
6           1.711e-02  6.971e-01  y = (log(log10_f) / -1.2708) - -1.3043
7           1.340e-02  2.442e-01  y = (log(log(log10_f)) * -1.3295) - -0.5858
11          1.235e-02  2.045e-02  y = (log(log(log10_sigma) * alpha_infinity__f2_onset) / (l...
                                      og10_k0_prime * 1.4452)) - -0.35572
17          1.153e-02  1.147e-02  y = log((log(log10_sigma) + ((-0.96177 - ((alpha_infinity ...
                                      / log10_k0_prime) / log10_f)) + -0.88924)) - (-5.5539 / lo...
                                      g10_f))
───────────────────────────────────────────────────────────────────────────────────────────────────
════════════════════════════════════════════════════════════════════════════════════════════════════
Press 'q' and then <enter> to stop execution early.

Expressions evaluated per second: 1.930e+03
Progress: 16 / 120 total iterations (13.333%)
════════════════════════════════════════════════════════════════════════════════════════════════════
───────────────────────────────────────────────────────────────────────────────────────────────────
Complexity  Loss       Score      Equation
1           3.696e-02  0.000e+00  y = 0.36906
3           3.695e-02  1.718e-04  y = log10_lambda * -0.090948
4           3.607e-02  2.408e-02  y = log(sqrt(sqrt(log10_sigma)))
5           3.436e-02  4.848e-02  y = log(-0.093641 + log(log10_sigma))
6           1.711e-02  6.971e-01  y = (log(log10_f) / -1.2708) - -1.3043
7           1.340e-02  2.442e-01  y = (log(log(log10_f)) * -1.3295) - -0.5858
11          1.235e-02  2.045e-02  y = (log(log(log10_sigma) * alpha_infinity__f2_onset) / (l...
                                      og10_k0_prime * 1.4452)) - -0.35572
17          1.153e-02  1.147e-02  y = log((log(log10_sigma) + ((-0.96177 - ((alpha_infinity ...
                                      / log10_k0_prime) / log10_f)) + -0.88924)) - (-5.5539 / lo...
                                      g10_f))
───────────────────────────────────────────────────────────────────────────────────────────────────
════════════════════════════════════════════════════════════════════════════════════════════════════
Press 'q' and then <enter> to stop execution early.

Expressions evaluated per second: 1.750e+03
Progress: 21 / 120 total iterations (17.500%)
════════════════════════════════════════════════════════════════════════════════════════════════════
───────────────────────────────────────────────────────────────────────────────────────────────────
Complexity  Loss       Score      Equation
1           3.696e-02  0.000e+00  y = 0.36906
3           3.695e-02  1.718e-04  y = log10_lambda * -0.090957
4           3.607e-02  2.408e-02  y = log(sqrt(sqrt(log10_sigma)))
5           1.763e-02  7.159e-01  y = 0.57401 / (alpha_infinity__f2_onset - -0.80095)
6           1.711e-02  2.973e-02  y = (log(log10_f) / -1.2708) - -1.3043
7           1.340e-02  2.442e-01  y = (log(log(log10_f)) * -1.3295) - -0.5858
11          1.235e-02  2.045e-02  y = (log(log(log10_sigma) * alpha_infinity__f2_onset) / (l...
                                      og10_k0_prime * 1.4452)) - -0.35572
17          1.153e-02  1.147e-02  y = log((log(log10_sigma) + ((-0.96177 - ((alpha_infinity ...
                                      / log10_k0_prime) / log10_f)) + -0.88924)) - (-5.5539 / lo...
                                      g10_f))
───────────────────────────────────────────────────────────────────────────────────────────────────
════════════════════════════════════════════════════════════════════════════════════════════════════
Press 'q' and then <enter> to stop execution early.

Expressions evaluated per second: 1.620e+03
Progress: 25 / 120 total iterations (20.833%)
════════════════════════════════════════════════════════════════════════════════════════════════════
───────────────────────────────────────────────────────────────────────────────────────────────────
Complexity  Loss       Score      Equation
1           3.696e-02  0.000e+00  y = 0.36906
3           3.695e-02  1.718e-04  y = log10_lambda * -0.090957
4           3.607e-02  2.408e-02  y = log(sqrt(sqrt(log10_sigma)))
5           1.763e-02  7.159e-01  y = 0.57401 / (alpha_infinity__f2_onset - -0.80095)
6           1.711e-02  2.973e-02  y = (log(log10_f) / -1.2708) - -1.3043
7           1.340e-02  2.442e-01  y = (log(log(log10_f)) * -1.3295) - -0.5858
11          1.235e-02  2.045e-02  y = (log(log(log10_sigma) * alpha_infinity__f2_onset) / (l...
                                      og10_k0_prime * 1.4452)) - -0.35572
17          1.153e-02  1.147e-02  y = log((log(log10_sigma) + ((-0.96177 - ((alpha_infinity ...
                                      / log10_k0_prime) / log10_f)) + -0.88924)) - (-5.5539 / lo...
                                      g10_f))
───────────────────────────────────────────────────────────────────────────────────────────────────
════════════════════════════════════════════════════════════════════════════════════════════════════
Press 'q' and then <enter> to stop execution early.

Expressions evaluated per second: 1.460e+03
Progress: 30 / 120 total iterations (25.000%)
════════════════════════════════════════════════════════════════════════════════════════════════════
───────────────────────────────────────────────────────────────────────────────────────────────────
Complexity  Loss       Score      Equation
1           3.696e-02  0.000e+00  y = 0.36906
3           3.695e-02  1.718e-04  y = log10_lambda * -0.090957
4           3.607e-02  2.408e-02  y = log(sqrt(sqrt(log10_sigma)))
5           1.763e-02  7.159e-01  y = 0.57401 / (alpha_infinity__f2_onset - -0.80095)
6           1.711e-02  2.973e-02  y = (log(log10_f) / -1.2708) - -1.3043
7           1.340e-02  2.442e-01  y = (log(log(log10_f)) * -1.3295) - -0.5858
9           1.224e-02  4.535e-02  y = -1.5629 / (log10_k0_prime / (alpha_infinity - log(sqrt...
                                      (alpha_infinity__f2_onset))))
10          1.132e-02  7.867e-02  y = sqrt(0.096534 / sqrt(alpha_infinity__f2_onset - (log(l...
                                      og10_f) * -0.015888)))
───────────────────────────────────────────────────────────────────────────────────────────────────
════════════════════════════════════════════════════════════════════════════════════════════════════
Press 'q' and then <enter> to stop execution early.

Expressions evaluated per second: 1.390e+03
Progress: 34 / 120 total iterations (28.333%)
════════════════════════════════════════════════════════════════════════════════════════════════════
───────────────────────────────────────────────────────────────────────────────────────────────────
Complexity  Loss       Score      Equation
1           3.696e-02  0.000e+00  y = 0.36906
3           3.695e-02  1.718e-04  y = log10_lambda * -0.090957
4           3.607e-02  2.408e-02  y = log(sqrt(sqrt(log10_sigma)))
5           1.763e-02  7.159e-01  y = 0.57401 / (alpha_infinity__f2_onset - -0.80095)
6           1.711e-02  2.973e-02  y = (log(log10_f) / -1.2708) - -1.3043
7           1.340e-02  2.442e-01  y = (log(log(log10_f)) * -1.3295) - -0.5858
9           1.095e-02  1.013e-01  y = 0.28742 / sqrt(sqrt((alpha_infinity__f2_onset - -0.018...
                                      155) / alpha_infinity))
16          1.083e-02  1.477e-03  y = (0.26746 / sqrt(sqrt((alpha_infinity__f2_onset - ((1.0...
                                      542 + log(0.35916)) * -0.28666)) / alpha_infinity))) - -0....
                                      0091885
───────────────────────────────────────────────────────────────────────────────────────────────────
════════════════════════════════════════════════════════════════════════════════════════════════════
Press 'q' and then <enter> to stop execution early.

Expressions evaluated per second: 1.320e+03
Progress: 38 / 120 total iterations (31.667%)
════════════════════════════════════════════════════════════════════════════════════════════════════
───────────────────────────────────────────────────────────────────────────────────────────────────
Complexity  Loss       Score      Equation
1           3.696e-02  0.000e+00  y = 0.36906
3           3.695e-02  1.718e-04  y = log10_lambda * -0.090957
4           3.607e-02  2.408e-02  y = log(sqrt(sqrt(log10_sigma)))
5           1.763e-02  7.159e-01  y = 0.57401 / (alpha_infinity__f2_onset - -0.80095)
6           1.711e-02  2.973e-02  y = (log(log10_f) / -1.2708) - -1.3043
7           1.340e-02  2.442e-01  y = (log(log(log10_f)) * -1.3295) - -0.5858
9           1.095e-02  1.013e-01  y = 0.28742 / sqrt(sqrt((alpha_infinity__f2_onset - -0.018...
                                      155) / alpha_infinity))
16          1.083e-02  1.477e-03  y = (0.26746 / sqrt(sqrt((alpha_infinity__f2_onset - ((1.0...
                                      542 + log(0.35916)) * -0.28666)) / alpha_infinity))) - -0....
                                      0091885
───────────────────────────────────────────────────────────────────────────────────────────────────
════════════════════════════════════════════════════════════════════════════════════════════════════
Press 'q' and then <enter> to stop execution early.

Expressions evaluated per second: 1.090e+03
Progress: 42 / 120 total iterations (35.000%)
════════════════════════════════════════════════════════════════════════════════════════════════════
───────────────────────────────────────────────────────────────────────────────────────────────────
Complexity  Loss       Score      Equation
1           3.696e-02  0.000e+00  y = 0.36906
3           3.695e-02  1.718e-04  y = log10_lambda * -0.090957
4           3.607e-02  2.408e-02  y = log(sqrt(sqrt(log10_sigma)))
5           1.763e-02  7.159e-01  y = 0.57401 / (alpha_infinity__f2_onset - -0.80095)
6           1.711e-02  2.973e-02  y = (log(log10_f) / -1.2708) - -1.3043
7           1.340e-02  2.442e-01  y = (log(log(log10_f)) * -1.3295) - -0.5858
9           1.095e-02  1.013e-01  y = 0.28742 / sqrt(sqrt((alpha_infinity__f2_onset - -0.018...
                                      155) / alpha_infinity))
16          1.083e-02  1.477e-03  y = (0.26746 / sqrt(sqrt((alpha_infinity__f2_onset - ((1.0...
                                      542 + log(0.35916)) * -0.28666)) / alpha_infinity))) - -0....
                                      0091885
───────────────────────────────────────────────────────────────────────────────────────────────────
════════════════════════════════════════════════════════════════════════════════════════════════════
Press 'q' and then <enter> to stop execution early.

Expressions evaluated per second: 9.780e+02
Progress: 45 / 120 total iterations (37.500%)
════════════════════════════════════════════════════════════════════════════════════════════════════
───────────────────────────────────────────────────────────────────────────────────────────────────
Complexity  Loss       Score      Equation
1           3.696e-02  0.000e+00  y = 0.36906
3           3.695e-02  1.718e-04  y = log10_lambda * -0.090957
4           3.607e-02  2.408e-02  y = log(sqrt(sqrt(log10_sigma)))
5           1.763e-02  7.159e-01  y = 0.57401 / (alpha_infinity__f2_onset - -0.80095)
6           1.711e-02  2.973e-02  y = (log(log10_f) / -1.2708) - -1.3043
7           1.340e-02  2.442e-01  y = (log(log(log10_f)) * -1.3295) - -0.5858
9           1.095e-02  1.013e-01  y = 0.28742 / sqrt(sqrt((alpha_infinity__f2_onset - -0.018...
                                      155) / alpha_infinity))
16          1.083e-02  1.477e-03  y = (0.26746 / sqrt(sqrt((alpha_infinity__f2_onset - ((1.0...
                                      542 + log(0.35916)) * -0.28666)) / alpha_infinity))) - -0....
                                      0091885
───────────────────────────────────────────────────────────────────────────────────────────────────
════════════════════════════════════════════════════════════════════════════════════════════════════
Press 'q' and then <enter> to stop execution early.

Expressions evaluated per second: 1.250e+03
Progress: 56 / 120 total iterations (46.667%)
════════════════════════════════════════════════════════════════════════════════════════════════════
───────────────────────────────────────────────────────────────────────────────────────────────────
Complexity  Loss       Score      Equation
1           3.696e-02  0.000e+00  y = 0.36906
3           3.695e-02  1.718e-04  y = log10_lambda * -0.090957
4           3.607e-02  2.408e-02  y = log(sqrt(sqrt(log10_sigma)))
5           1.763e-02  7.159e-01  y = 0.57401 / (alpha_infinity__f2_onset - -0.80095)
6           1.711e-02  2.973e-02  y = (log(log10_f) / -1.2708) - -1.3043
7           1.340e-02  2.442e-01  y = (log(log(log10_f)) * -1.3295) - -0.5858
9           1.095e-02  1.013e-01  y = 0.28742 / sqrt(sqrt((alpha_infinity__f2_onset - -0.018...
                                      155) / alpha_infinity))
16          1.083e-02  1.477e-03  y = (0.26746 / sqrt(sqrt((alpha_infinity__f2_onset - ((1.0...
                                      542 + log(0.35916)) * -0.28666)) / alpha_infinity))) - -0....
                                      0091885
───────────────────────────────────────────────────────────────────────────────────────────────────
════════════════════════════════════════════════════════════════════════════════════════════════════
Press 'q' and then <enter> to stop execution early.

Expressions evaluated per second: 1.590e+03
Progress: 69 / 120 total iterations (57.500%)
════════════════════════════════════════════════════════════════════════════════════════════════════
───────────────────────────────────────────────────────────────────────────────────────────────────
Complexity  Loss       Score      Equation
1           3.696e-02  0.000e+00  y = 0.36906
3           3.695e-02  1.718e-04  y = log10_lambda * -0.090957
4           3.607e-02  2.408e-02  y = log(sqrt(sqrt(log10_sigma)))
5           1.763e-02  7.159e-01  y = 0.57401 / (alpha_infinity__f2_onset - -0.80095)
6           1.711e-02  2.973e-02  y = (log(log10_f) / -1.2708) - -1.3043
7           1.340e-02  2.442e-01  y = (log(log(log10_f)) * -1.3295) - -0.5858
9           1.095e-02  1.013e-01  y = 0.28742 / sqrt(sqrt((alpha_infinity__f2_onset - -0.018...
                                      155) / alpha_infinity))
11          1.076e-02  8.636e-03  y = 0.2832 / sqrt(sqrt((alpha_infinity__f2_onset - -0.0123...
                                      24) / (alpha_infinity - 0.070927)))
───────────────────────────────────────────────────────────────────────────────────────────────────
════════════════════════════════════════════════════════════════════════════════════════════════════
Press 'q' and then <enter> to stop execution early.

Expressions evaluated per second: 1.680e+03
Progress: 76 / 120 total iterations (63.333%)
════════════════════════════════════════════════════════════════════════════════════════════════════
───────────────────────────────────────────────────────────────────────────────────────────────────
Complexity  Loss       Score      Equation
1           3.696e-02  0.000e+00  y = 0.36906
3           3.695e-02  1.718e-04  y = log10_lambda * -0.090957
4           1.191e-02  1.132e+00  y = log(log10_sigma / log10_f)
9           1.095e-02  1.696e-02  y = 0.28742 / sqrt(sqrt((alpha_infinity__f2_onset - -0.018...
                                      155) / alpha_infinity))
11          1.076e-02  8.636e-03  y = 0.2832 / sqrt(sqrt((alpha_infinity__f2_onset - -0.0123...
                                      24) / (alpha_infinity - 0.070927)))
───────────────────────────────────────────────────────────────────────────────────────────────────
════════════════════════════════════════════════════════════════════════════════════════════════════
Press 'q' and then <enter> to stop execution early.

Expressions evaluated per second: 1.710e+03
Progress: 82 / 120 total iterations (68.333%)
════════════════════════════════════════════════════════════════════════════════════════════════════
───────────────────────────────────────────────────────────────────────────────────────────────────
Complexity  Loss       Score      Equation
1           3.696e-02  0.000e+00  y = 0.36906
3           3.695e-02  1.718e-04  y = log10_lambda * -0.090957
4           1.191e-02  1.132e+00  y = log(log10_sigma / log10_f)
8           1.178e-02  2.884e-03  y = log(log10_sigma / log10_f) / (-0.50746 / -0.55262)
9           1.095e-02  7.327e-02  y = 0.28742 / sqrt(sqrt((alpha_infinity__f2_onset - -0.018...
                                      155) / alpha_infinity))
11          1.076e-02  8.636e-03  y = 0.2832 / sqrt(sqrt((alpha_infinity__f2_onset - -0.0123...
                                      24) / (alpha_infinity - 0.070927)))
20          1.074e-02  2.167e-04  y = log(sqrt(sqrt(log10_sigma / (log(sqrt(sqrt(sqrt(-0.886...
                                      31 - log10_lambda_prime)) + sqrt(sqrt(alpha_infinity__f2_h...
                                      igh)))) + sqrt(sqrt(alpha_infinity__f2_high))))))
───────────────────────────────────────────────────────────────────────────────────────────────────
════════════════════════════════════════════════════════════════════════════════════════════════════
Press 'q' and then <enter> to stop execution early.

Expressions evaluated per second: 1.690e+03
Progress: 85 / 120 total iterations (70.833%)
════════════════════════════════════════════════════════════════════════════════════════════════════
───────────────────────────────────────────────────────────────────────────────────────────────────
Complexity  Loss       Score      Equation
1           3.696e-02  0.000e+00  y = 0.36906
3           3.695e-02  1.718e-04  y = log10_lambda * -0.090957
4           1.191e-02  1.132e+00  y = log(log10_sigma / log10_f)
8           1.178e-02  2.884e-03  y = log(log10_sigma / log10_f) / (-0.50746 / -0.55262)
9           1.095e-02  7.327e-02  y = 0.28742 / sqrt(sqrt((alpha_infinity__f2_onset - -0.018...
                                      155) / alpha_infinity))
11          1.076e-02  8.636e-03  y = 0.2832 / sqrt(sqrt((alpha_infinity__f2_onset - -0.0123...
                                      24) / (alpha_infinity - 0.070927)))
20          1.074e-02  2.167e-04  y = log(sqrt(sqrt(log10_sigma / (log(sqrt(sqrt(sqrt(-0.886...
                                      31 - log10_lambda_prime)) + sqrt(sqrt(alpha_infinity__f2_h...
                                      igh)))) + sqrt(sqrt(alpha_infinity__f2_high))))))
───────────────────────────────────────────────────────────────────────────────────────────────────
════════════════════════════════════════════════════════════════════════════════════════════════════
Press 'q' and then <enter> to stop execution early.

Expressions evaluated per second: 1.750e+03
Progress: 89 / 120 total iterations (74.167%)
════════════════════════════════════════════════════════════════════════════════════════════════════
───────────────────────────────────────────────────────────────────────────────────────────────────
Complexity  Loss       Score      Equation
1           3.696e-02  0.000e+00  y = 0.36906
3           3.695e-02  1.718e-04  y = log10_lambda * -0.090957
4           1.191e-02  1.132e+00  y = log(log10_sigma / log10_f)
8           1.178e-02  2.884e-03  y = log(log10_sigma / log10_f) / (-0.50746 / -0.55262)
9           1.095e-02  7.327e-02  y = 0.28742 / sqrt(sqrt((alpha_infinity__f2_onset - -0.018...
                                      155) / alpha_infinity))
11          1.076e-02  8.636e-03  y = 0.2832 / sqrt(sqrt((alpha_infinity__f2_onset - -0.0123...
                                      24) / (alpha_infinity - 0.070927)))
20          1.074e-02  2.167e-04  y = log(sqrt(sqrt(log10_sigma / (log(sqrt(sqrt(sqrt(-0.886...
                                      31 - log10_lambda_prime)) + sqrt(sqrt(alpha_infinity__f2_h...
                                      igh)))) + sqrt(sqrt(alpha_infinity__f2_high))))))
───────────────────────────────────────────────────────────────────────────────────────────────────
════════════════════════════════════════════════════════════════════════════════════════════════════
Press 'q' and then <enter> to stop execution early.

Expressions evaluated per second: 1.650e+03
Progress: 99 / 120 total iterations (82.500%)

Training global model: global_100_4950 (100.00-4950.00 Hz), train/validation/test rows=89600/19200/inaccessible

Global PySR training complete.
    global_name  complexity  validation_rmse
global_100_4950           4         0.104508
Artifacts saved to: C:\MasterThesis_Project_R\surrogate_model\global_symbolic_regression\artifacts\re\train\20260816_f2_r1_c1500_t12
════════════════════════════════════════════════════════════════════════════════════════════════════
───────────────────────────────────────────────────────────────────────────────────────────────────
Complexity  Loss       Score      Equation
1           3.696e-02  0.000e+00  y = 0.36906
3           3.695e-02  1.718e-04  y = log10_lambda * -0.090957
4           1.191e-02  1.132e+00  y = log(log10_sigma / log10_f)
8           1.178e-02  2.884e-03  y = log(log10_sigma / log10_f) / (-0.50746 / -0.55262)
9           1.095e-02  7.327e-02  y = 0.28742 / sqrt(sqrt((alpha_infinity__f2_onset - -0.018...
                                      155) / alpha_infinity))
11          1.076e-02  8.636e-03  y = 0.2832 / sqrt(sqrt((alpha_infinity__f2_onset - -0.0123...
                                      24) / (alpha_infinity - 0.070927)))
15          1.067e-02  1.992e-03  y = 0.2832 / sqrt(sqrt((alpha_infinity__f2_onset - ((alpha...
                                      _infinity - 0.54362) * -0.012324)) / (alpha_infinity - 0.0...
                                      70927)))
16          1.066e-02  1.185e-03  y = 0.2832 / sqrt(sqrt((alpha_infinity__f2_onset - (sqrt(a...
                                      lpha_infinity - 0.29552) * -0.012324)) / (alpha_infinity -...
                                       0.070927)))
19          1.066e-02  4.695e-05  y = 0.2832 / sqrt(sqrt((alpha_infinity__f2_onset - (-0.012...
                                      324 * sqrt(alpha_infinity - (0.2832 - sqrt(alpha_infinity_...
                                      _f2_onset))))) / (alpha_infinity - 0.070927)))
───────────────────────────────────────────────────────────────────────────────────────────────────
════════════════════════════════════════════════════════════════════════════════════════════════════
Press 'q' and then <enter> to stop execution early.

Expressions evaluated per second: 1.480e+03
Progress: 105 / 120 total iterations (87.500%)
════════════════════════════════════════════════════════════════════════════════════════════════════
───────────────────────────────────────────────────────────────────────────────────────────────────
Complexity  Loss       Score      Equation
1           3.696e-02  0.000e+00  y = 0.36906
3           3.695e-02  1.718e-04  y = log10_lambda * -0.090957
4           1.191e-02  1.132e+00  y = log(log10_sigma / log10_f)
8           1.178e-02  2.884e-03  y = log(log10_sigma / log10_f) / (-0.50746 / -0.55262)
9           1.095e-02  7.327e-02  y = 0.28742 / sqrt(sqrt((alpha_infinity__f2_onset - -0.018...
                                      155) / alpha_infinity))
11          1.076e-02  8.636e-03  y = 0.2832 / sqrt(sqrt((alpha_infinity__f2_onset - -0.0123...
                                      24) / (alpha_infinity - 0.070927)))
15          1.067e-02  1.992e-03  y = 0.2832 / sqrt(sqrt((alpha_infinity__f2_onset - ((alpha...
                                      _infinity - 0.54362) * -0.012324)) / (alpha_infinity - 0.0...
                                      70927)))
16          1.066e-02  1.185e-03  y = 0.2832 / sqrt(sqrt((alpha_infinity__f2_onset - (sqrt(a...
                                      lpha_infinity - 0.29552) * -0.012324)) / (alpha_infinity -...
                                       0.070927)))
19          1.063e-02  1.018e-03  y = 0.2832 / (sqrt(sqrt((alpha_infinity__f2_onset - (alpha...
                                      _infinity * -0.0066996)) / (alpha_infinity - ((alpha_infin...
                                      ity * 1.148) / log10_sigma)))) / 1.058)
───────────────────────────────────────────────────────────────────────────────────────────────────
════════════════════════════════════════════════════════════════════════════════════════════════════
Press 'q' and then <enter> to stop execution early.

Expressions evaluated per second: 1.720e+03
Progress: 117 / 120 total iterations (97.500%)
════════════════════════════════════════════════════════════════════════════════════════════════════
───────────────────────────────────────────────────────────────────────────────────────────────────
Complexity  Loss       Score      Equation
1           3.696e-02  0.000e+00  y = 0.36906
3           3.685e-02  1.510e-03  y = -3.0977 / log10_k0_prime
4           1.191e-02  1.129e+00  y = log(log10_sigma / log10_f)
8           1.155e-02  7.731e-03  y = (log(log10_sigma / log10_f) * -0.5434) / -0.51768
9           1.081e-02  6.611e-02  y = 0.2832 / sqrt(sqrt((alpha_infinity__f2_onset - -0.0123...
                                      24) / alpha_infinity))
11          1.076e-02  2.525e-03  y = 0.2832 / sqrt(sqrt((alpha_infinity__f2_onset - -0.0123...
                                      24) / (alpha_infinity - 0.070927)))
12          1.073e-02  2.702e-03  y = 0.2832 / sqrt(sqrt((alpha_infinity__f2_onset - (sqrt(a...
                                      lpha_infinity) * -0.012324)) / alpha_infinity))
14          1.069e-02  1.758e-03  y = 0.2832 / sqrt(sqrt((alpha_infinity__f2_onset - (sqrt(a...
                                      lpha_infinity - 0.29552) * -0.012324)) / alpha_infinity))
15          1.067e-02  1.751e-03  y = 0.2832 / sqrt(sqrt((alpha_infinity__f2_onset - ((alpha...
                                      _infinity - 0.54362) * -0.012324)) / (alpha_infinity - 0.0...
                                      70927)))
16          1.066e-02  1.185e-03  y = 0.2832 / sqrt(sqrt((alpha_infinity__f2_onset - (sqrt(a...
                                      lpha_infinity - 0.29552) * -0.012324)) / (alpha_infinity -...
                                       0.070927)))
19          1.063e-02  1.018e-03  y = 0.2832 / (sqrt(sqrt((alpha_infinity__f2_onset - (alpha...
                                      _infinity * -0.0066996)) / (alpha_infinity - ((alpha_infin...
                                      ity * 1.148) / log10_sigma)))) / 1.058)
───────────────────────────────────────────────────────────────────────────────────────────────────
════════════════════════════════════════════════════════════════════════════════════════════════════
Press 'q' and then <enter> to stop execution early.
───────────────────────────────────────────────────────────────────────────────────────────────────
Complexity  Loss       Score      Equation
1           3.696e-02  0.000e+00  y = 0.36906
3           3.685e-02  1.510e-03  y = -3.0977 / log10_k0_prime
4           1.191e-02  1.129e+00  y = log(log10_sigma / log10_f)
8           1.155e-02  7.731e-03  y = (log(log10_sigma / log10_f) * -0.5434) / -0.51768
9           1.081e-02  6.611e-02  y = 0.2832 / sqrt(sqrt((alpha_infinity__f2_onset - -0.0123...
                                      24) / alpha_infinity))
11          1.076e-02  2.525e-03  y = 0.2832 / sqrt(sqrt((alpha_infinity__f2_onset - -0.0123...
                                      24) / (alpha_infinity - 0.070927)))
12          1.073e-02  2.702e-03  y = 0.2832 / sqrt(sqrt((alpha_infinity__f2_onset - (sqrt(a...
                                      lpha_infinity) * -0.012324)) / alpha_infinity))
14          1.069e-02  1.758e-03  y = 0.2832 / sqrt(sqrt((alpha_infinity__f2_onset - (sqrt(a...
                                      lpha_infinity - 0.29552) * -0.012324)) / alpha_infinity))
15          1.067e-02  1.751e-03  y = 0.2832 / sqrt(sqrt((alpha_infinity__f2_onset - ((alpha...
                                      _infinity - 0.54362) * -0.012324)) / (alpha_infinity - 0.0...
                                      70927)))
16          1.066e-02  1.185e-03  y = 0.2832 / sqrt(sqrt((alpha_infinity__f2_onset - (sqrt(a...
                                      lpha_infinity - 0.29552) * -0.012324)) / (alpha_infinity -...
                                       0.070927)))
19          1.063e-02  1.018e-03  y = 0.2832 / (sqrt(sqrt((alpha_infinity__f2_onset - (alpha...
                                      _infinity * -0.0066996)) / (alpha_infinity - ((alpha_infin...
                                      ity * 1.148) / log10_sigma)))) / 1.058)
───────────────────────────────────────────────────────────────────────────────────────────────────
  - C:/MasterThesis_Project_R/surrogate_model/global_symbolic_regression/artifacts/re/train/20260816_f2_r1_c1500_t12/pysr_runs/global_100_4950\global_100_4950\hall_of_fame.csv
COMMAND: C:\MasterThesis_Project_R\surrogate_model\segmented_symbolic_regression\.venv_py311\Scripts\python.exe C:\MasterThesis_Project_R\surrogate_model\global_symbolic_regression\evaluate_global_symbolic_candidates.py --target re --dataset-run run1 --training-dir C:\MasterThesis_Project_R\surrogate_model\global_symbolic_regression\artifacts\re\train\20260816_f2_r1_c1500_t12 --output-dir C:\MasterThesis_Project_R\surrogate_model\global_symbolic_regression\artifacts\re\eval\20260816_f2_r1_c1500_t12_v --selection-rule best_loss --validation-only
Global symbolic candidate evaluation complete.
Candidate metrics: C:\MasterThesis_Project_R\surrogate_model\global_symbolic_regression\artifacts\re\eval\20260816_f2_r1_c1500_t12_v\candidate_metrics.csv
Selected candidate: 11
Validation-only selected-formula metrics: RMSE=0.098843, MAE=0.073578, R2=0.729701; test rows were not accessed.
Figures saved to: C:\MasterThesis_Project_R\surrogate_model\global_symbolic_regression\artifacts\re\eval\20260816_f2_r1_c1500_t12_v\figures

[RE r1_c1500_t18] screen training
COMMAND: C:\MasterThesis_Project_R\surrogate_model\segmented_symbolic_regression\.venv_py311\Scripts\python.exe C:\MasterThesis_Project_R\surrogate_model\global_symbolic_regression\train_global_symbolic_model.py --target re --dataset-run run1 --output-dir C:\MasterThesis_Project_R\surrogate_model\global_symbolic_regression\artifacts\re\train\20260816_f2_r1_c1500_t18 --feature-branch sobol_modulated --frequency-modulation-spec C:\MasterThesis_Project_R\surrogate_model\global_symbolic_regression\artifacts\f2_manifests\20260816_f2\specs\re_r1_c1500_t18.json --random-seed 42 --niterations 20 --populations 6 --population-size 40 --maxsize 24 --model-selection best --validation-only

Expressions evaluated per second: 1.660e+03
Progress: 8 / 120 total iterations (6.667%)
════════════════════════════════════════════════════════════════════════════════════════════════════
───────────────────────────────────────────────────────────────────────────────────────────────────
Complexity  Loss       Score      Equation
1           3.696e-02  0.000e+00  y = 0.36906
3           3.695e-02  1.718e-04  y = log10_lambda * -0.090948
5           3.197e-02  7.229e-02  y = (0.49584 / log10_f) + 0.18481
6           1.825e-02  5.609e-01  y = (sqrt(alpha_infinity__f2_onset) * -0.39398) + 0.74806
7           1.756e-02  3.846e-02  y = 0.18481 + (0.18481 / (0.42032 + alpha_infinity__f2_ons...
                                      et))
8           1.454e-02  1.890e-01  y = (1.7505 / log10_f) / (sqrt(alpha_infinity__f2_high) + ...
                                      0.89085)
10          1.385e-02  2.431e-02  y = ((0.49584 / log10_f) / (sqrt(alpha_infinity__f2_high) ...
                                      + 0.42032)) + 0.18481
17          1.153e-02  2.615e-02  y = log((log(log10_sigma) + ((-0.96177 - ((alpha_infinity ...
                                      / log10_k0_prime) / log10_f)) + -0.88924)) - (-5.5539 / lo...
                                      g10_f))
───────────────────────────────────────────────────────────────────────────────────────────────────
════════════════════════════════════════════════════════════════════════════════════════════════════
Press 'q' and then <enter> to stop execution early.

Expressions evaluated per second: 1.610e+03
Progress: 16 / 120 total iterations (13.333%)
════════════════════════════════════════════════════════════════════════════════════════════════════
───────────────────────────────────────────────────────────────────────────────────────────────────
Complexity  Loss       Score      Equation
1           3.696e-02  0.000e+00  y = 0.36906
3           3.695e-02  1.718e-04  y = log10_lambda * -0.090948
5           3.197e-02  7.229e-02  y = (0.49584 / log10_f) + 0.18481
6           1.825e-02  5.609e-01  y = (sqrt(alpha_infinity__f2_onset) * -0.39398) + 0.74806
7           1.756e-02  3.846e-02  y = 0.18481 + (0.18481 / (0.42032 + alpha_infinity__f2_ons...
                                      et))
8           1.454e-02  1.890e-01  y = (1.7505 / log10_f) / (sqrt(alpha_infinity__f2_high) + ...
                                      0.89085)
10          1.385e-02  2.431e-02  y = ((0.49584 / log10_f) / (sqrt(alpha_infinity__f2_high) ...
                                      + 0.42032)) + 0.18481
17          1.153e-02  2.615e-02  y = log((log(log10_sigma) + ((-0.96177 - ((alpha_infinity ...
                                      / log10_k0_prime) / log10_f)) + -0.88924)) - (-5.5539 / lo...
                                      g10_f))
───────────────────────────────────────────────────────────────────────────────────────────────────
════════════════════════════════════════════════════════════════════════════════════════════════════
Press 'q' and then <enter> to stop execution early.

Expressions evaluated per second: 2.740e+03
Progress: 33 / 120 total iterations (27.500%)
════════════════════════════════════════════════════════════════════════════════════════════════════
───────────────────────────────────────────────────────────────────────────────────────────────────
Complexity  Loss       Score      Equation
1           3.696e-02  0.000e+00  y = 0.36906
3           3.532e-02  2.265e-02  y = log10_sigma * 0.079092
5           1.564e-02  4.075e-01  y = 0.51495 / (alpha_infinity__f2_onset + 0.63056)
7           1.170e-02  1.450e-01  y = (0.13436 / (alpha_infinity__f2_onset + 0.16956)) + 0.1...
                                      8908
17          1.153e-02  1.455e-03  y = log((log(log10_sigma) + ((-0.96177 - ((alpha_infinity ...
                                      / log10_k0_prime) / log10_f)) + -0.88924)) - (-5.5539 / lo...
                                      g10_f))
───────────────────────────────────────────────────────────────────────────────────────────────────
════════════════════════════════════════════════════════════════════════════════════════════════════
Press 'q' and then <enter> to stop execution early.

Expressions evaluated per second: 2.470e+03
Progress: 40 / 120 total iterations (33.333%)
════════════════════════════════════════════════════════════════════════════════════════════════════
───────────────────────────────────────────────────────────────────────────────────────────────────
Complexity  Loss       Score      Equation
1           3.696e-02  0.000e+00  y = 0.36906
3           3.532e-02  2.265e-02  y = log10_sigma * 0.079092
5           1.564e-02  4.075e-01  y = 0.51495 / (alpha_infinity__f2_onset + 0.63056)
6           1.352e-02  1.453e-01  y = sqrt(0.13436 / (alpha_infinity__f2_onset + 0.16956))
7           1.136e-02  1.741e-01  y = (0.095732 / (alpha_infinity__f2_onset + 0.12622)) + 0....
                                      2269
───────────────────────────────────────────────────────────────────────────────────────────────────
════════════════════════════════════════════════════════════════════════════════════════════════════
Press 'q' and then <enter> to stop execution early.

Expressions evaluated per second: 2.170e+03
Progress: 44 / 120 total iterations (36.667%)
════════════════════════════════════════════════════════════════════════════════════════════════════
───────────────────────────────────────────────────────────────────────────────────────────────────
Complexity  Loss       Score      Equation
1           3.696e-02  0.000e+00  y = 0.36906
3           3.532e-02  2.265e-02  y = log10_sigma * 0.079092
5           1.564e-02  4.075e-01  y = 0.51495 / (alpha_infinity__f2_onset + 0.63056)
6           1.352e-02  1.453e-01  y = sqrt(0.13436 / (alpha_infinity__f2_onset + 0.16956))
7           1.136e-02  1.741e-01  y = (0.095732 / (alpha_infinity__f2_onset + 0.12622)) + 0....
                                      2269
───────────────────────────────────────────────────────────────────────────────────────────────────
════════════════════════════════════════════════════════════════════════════════════════════════════
Press 'q' and then <enter> to stop execution early.

Expressions evaluated per second: 2.010e+03
Progress: 47 / 120 total iterations (39.167%)
════════════════════════════════════════════════════════════════════════════════════════════════════
───────────────────────────────────────────────────────────────────────────────────────────────────
Complexity  Loss       Score      Equation
1           3.696e-02  0.000e+00  y = 0.36906
3           3.532e-02  2.265e-02  y = log10_sigma * 0.079092
5           1.564e-02  4.075e-01  y = 0.51495 / (alpha_infinity__f2_onset + 0.63056)
6           1.352e-02  1.453e-01  y = sqrt(0.13436 / (alpha_infinity__f2_onset + 0.16956))
7           1.136e-02  1.741e-01  y = (0.095732 / (alpha_infinity__f2_onset + 0.12622)) + 0....
                                      2269
───────────────────────────────────────────────────────────────────────────────────────────────────
════════════════════════════════════════════════════════════════════════════════════════════════════
Press 'q' and then <enter> to stop execution early.

Expressions evaluated per second: 1.800e+03
Progress: 50 / 120 total iterations (41.667%)
════════════════════════════════════════════════════════════════════════════════════════════════════
───────────────────────────────────────────────────────────────────────────────────────────────────
Complexity  Loss       Score      Equation
1           3.696e-02  0.000e+00  y = 0.36906
3           3.532e-02  2.265e-02  y = log10_sigma * 0.079092
5           1.564e-02  4.075e-01  y = 0.51495 / (alpha_infinity__f2_onset + 0.63056)
6           1.352e-02  1.453e-01  y = sqrt(0.13436 / (alpha_infinity__f2_onset + 0.16956))
7           1.136e-02  1.741e-01  y = (0.095732 / (alpha_infinity__f2_onset + 0.12622)) + 0....
                                      2269
───────────────────────────────────────────────────────────────────────────────────────────────────
════════════════════════════════════════════════════════════════════════════════════════════════════
Press 'q' and then <enter> to stop execution early.

Expressions evaluated per second: 1.690e+03
Progress: 53 / 120 total iterations (44.167%)
════════════════════════════════════════════════════════════════════════════════════════════════════
───────────────────────────────────────────────────────────────────────────────────────────────────
Complexity  Loss       Score      Equation
1           3.696e-02  0.000e+00  y = 0.36906
3           3.532e-02  2.265e-02  y = log10_sigma * 0.079092
5           1.564e-02  4.075e-01  y = 0.51495 / (alpha_infinity__f2_onset + 0.63056)
6           1.352e-02  1.453e-01  y = sqrt(0.13436 / (alpha_infinity__f2_onset + 0.16956))
7           1.136e-02  1.741e-01  y = (0.095732 / (alpha_infinity__f2_onset + 0.12622)) + 0....
                                      2269
───────────────────────────────────────────────────────────────────────────────────────────────────
════════════════════════════════════════════════════════════════════════════════════════════════════
Press 'q' and then <enter> to stop execution early.

Expressions evaluated per second: 1.670e+03
Progress: 55 / 120 total iterations (45.833%)
════════════════════════════════════════════════════════════════════════════════════════════════════
───────────────────────────────────────────────────────────────────────────────────────────────────
Complexity  Loss       Score      Equation
1           3.696e-02  0.000e+00  y = 0.36906
3           3.532e-02  2.265e-02  y = log10_sigma * 0.079092
5           1.564e-02  4.075e-01  y = 0.51495 / (alpha_infinity__f2_onset + 0.63056)
6           1.352e-02  1.453e-01  y = sqrt(0.13436 / (alpha_infinity__f2_onset + 0.16956))
7           1.136e-02  1.741e-01  y = (0.095732 / (alpha_infinity__f2_onset + 0.12622)) + 0....
                                      2269
───────────────────────────────────────────────────────────────────────────────────────────────────
════════════════════════════════════════════════════════════════════════════════════════════════════
Press 'q' and then <enter> to stop execution early.

Expressions evaluated per second: 1.010e+03
Progress: 58 / 120 total iterations (48.333%)
════════════════════════════════════════════════════════════════════════════════════════════════════
───────────────────────────────────────────────────────────────────────────────────────────────────
Complexity  Loss       Score      Equation
1           3.696e-02  0.000e+00  y = 0.36906
3           3.532e-02  2.265e-02  y = log10_sigma * 0.079092
5           1.564e-02  4.075e-01  y = 0.51495 / (alpha_infinity__f2_onset + 0.63056)
6           1.352e-02  1.453e-01  y = sqrt(0.13436 / (alpha_infinity__f2_onset + 0.16956))
7           1.136e-02  1.741e-01  y = (0.095732 / (alpha_infinity__f2_onset + 0.12622)) + 0....
                                      2269
───────────────────────────────────────────────────────────────────────────────────────────────────
════════════════════════════════════════════════════════════════════════════════════════════════════
Press 'q' and then <enter> to stop execution early.

Expressions evaluated per second: 8.320e+02
Progress: 62 / 120 total iterations (51.667%)
════════════════════════════════════════════════════════════════════════════════════════════════════
───────────────────────────────────────────────────────────────────────────────────────────────────
Complexity  Loss       Score      Equation
1           3.696e-02  0.000e+00  y = 0.36906
3           3.532e-02  2.265e-02  y = log10_sigma * 0.079092
5           1.564e-02  4.075e-01  y = 0.51495 / (alpha_infinity__f2_onset + 0.63056)
6           1.352e-02  1.453e-01  y = sqrt(0.13436 / (alpha_infinity__f2_onset + 0.16956))
7           1.136e-02  1.741e-01  y = (0.095732 / (alpha_infinity__f2_onset + 0.12622)) + 0....
                                      2269
───────────────────────────────────────────────────────────────────────────────────────────────────
════════════════════════════════════════════════════════════════════════════════════════════════════
Press 'q' and then <enter> to stop execution early.

Expressions evaluated per second: 8.320e+02
Progress: 66 / 120 total iterations (55.000%)
════════════════════════════════════════════════════════════════════════════════════════════════════
───────────────────────────────────────────────────────────────────────────────────────────────────
Complexity  Loss       Score      Equation
1           3.696e-02  0.000e+00  y = 0.36906
3           3.532e-02  2.265e-02  y = log10_sigma * 0.079092
5           1.564e-02  4.075e-01  y = 0.51495 / (alpha_infinity__f2_onset + 0.63056)
6           1.352e-02  1.453e-01  y = sqrt(0.13436 / (alpha_infinity__f2_onset + 0.16956))
7           1.136e-02  1.741e-01  y = (0.095732 / (alpha_infinity__f2_onset + 0.12622)) + 0....
                                      2269
───────────────────────────────────────────────────────────────────────────────────────────────────
════════════════════════════════════════════════════════════════════════════════════════════════════
Press 'q' and then <enter> to stop execution early.

Expressions evaluated per second: 1.030e+03
Progress: 79 / 120 total iterations (65.833%)
════════════════════════════════════════════════════════════════════════════════════════════════════
───────────────────────────────────────────────────────────────────────────────────────────────────
Complexity  Loss       Score      Equation
1           3.696e-02  0.000e+00  y = 0.36906
3           3.532e-02  2.265e-02  y = log10_sigma * 0.079092
4           1.191e-02  1.087e+00  y = log(log10_sigma / log10_f)
7           1.136e-02  1.585e-02  y = (0.095732 / (alpha_infinity__f2_onset + 0.12622)) + 0....
                                      2269
───────────────────────────────────────────────────────────────────────────────────────────────────
════════════════════════════════════════════════════════════════════════════════════════════════════
Press 'q' and then <enter> to stop execution early.

Expressions evaluated per second: 1.730e+03
Progress: 92 / 120 total iterations (76.667%)
════════════════════════════════════════════════════════════════════════════════════════════════════
───────────────────────────────────────────────────────────────────────────────────────────────────
Complexity  Loss       Score      Equation
1           3.696e-02  0.000e+00  y = 0.36906
3           3.532e-02  2.265e-02  y = log10_sigma * 0.079092
4           1.191e-02  1.087e+00  y = log(log10_sigma / log10_f)
7           1.136e-02  1.585e-02  y = (0.095732 / (alpha_infinity__f2_onset + 0.12622)) + 0....
                                      2269
───────────────────────────────────────────────────────────────────────────────────────────────────
════════════════════════════════════════════════════════════════════════════════════════════════════
Press 'q' and then <enter> to stop execution early.

Expressions evaluated per second: 1.860e+03
Progress: 98 / 120 total iterations (81.667%)
════════════════════════════════════════════════════════════════════════════════════════════════════
───────────────────────────────────────────────────────────────────────────────────────────────────
Complexity  Loss       Score      Equation
1           3.696e-02  0.000e+00  y = 0.36906
3           3.532e-02  2.265e-02  y = log10_sigma * 0.079092
4           1.191e-02  1.087e+00  y = log(log10_sigma / log10_f)
7           1.136e-02  1.585e-02  y = (0.095732 / (alpha_infinity__f2_onset + 0.12622)) + 0....
                                      2269
───────────────────────────────────────────────────────────────────────────────────────────────────
════════════════════════════════════════════════════════════════════════════════════════════════════
Press 'q' and then <enter> to stop execution early.

Expressions evaluated per second: 2.040e+03
Progress: 106 / 120 total iterations (88.333%)
════════════════════════════════════════════════════════════════════════════════════════════════════
───────────────────────────────────────────────────────────────────────────────────────────────────
Complexity  Loss       Score      Equation
1           3.696e-02  0.000e+00  y = 0.36906
3           3.532e-02  2.265e-02  y = log10_sigma * 0.079092
4           1.191e-02  1.087e+00  y = log(log10_sigma / log10_f)
7           1.136e-02  1.585e-02  y = (0.095732 / (alpha_infinity__f2_onset + 0.12622)) + 0....
                                      2269
13          1.067e-02  1.049e-02  y = (0.028019 / ((0.31438 / ((alpha_infinity / alpha_infin...
                                      ity__f2_onset) - 0.11534)) + 0.038207)) + 0.20742
───────────────────────────────────────────────────────────────────────────────────────────────────
════════════════════════════════════════════════════════════════════════════════════════════════════
Press 'q' and then <enter> to stop execution early.

Expressions evaluated per second: 2.320e+03
Progress: 118 / 120 total iterations (98.333%)
════════════════════════════════════════════════════════════════════════════════════════════════════
───────────────────────────────────────────────────────────────────────────────────────────────────
Complexity  Loss       Score      Equation
1           3.696e-02  0.000e+00  y = 0.36906
3           3.532e-02  2.265e-02  y = log10_sigma * 0.079092
4           1.191e-02  1.087e+00  y = log(log10_sigma / log10_f)
7           1.136e-02  1.585e-02  y = (0.095732 / (alpha_infinity__f2_onset + 0.12622)) + 0....
                                      2269
9           1.041e-02  4.390e-02  y = ((log10_sigma - log10_f) / (log10_f * 1.0208)) / 1.158...
                                      4
22          1.023e-02  1.350e-03  y = 0.078409 / ((0.5385 / (((log(alpha_infinity) / ((alpha...
                                      _infinity + (alpha_infinity__f2_onset / 0.85453)) / alpha_...
                                      infinity__f2_onset)) + alpha_infinity) + (alpha_infinity /...
                                       alpha_infinity__f2_onset))) + 0.082678)
───────────────────────────────────────────────────────────────────────────────────────────────────
════════════════════════════════════════════════════════════════════════════════════════════════════
Press 'q' and then <enter> to stop execution early.

Training global model: global_100_4950 (100.00-4950.00 Hz), train/validation/test rows=89600/19200/inaccessible

Global PySR training complete.
    global_name  complexity  validation_rmse
global_100_4950           4         0.104508
Artifacts saved to: C:\MasterThesis_Project_R\surrogate_model\global_symbolic_regression\artifacts\re\train\20260816_f2_r1_c1500_t18
───────────────────────────────────────────────────────────────────────────────────────────────────
Complexity  Loss       Score      Equation
1           3.696e-02  0.000e+00  y = 0.36906
3           3.532e-02  2.265e-02  y = log10_sigma * 0.079092
4           1.191e-02  1.087e+00  y = log(log10_sigma / log10_f)
7           1.136e-02  1.585e-02  y = (0.095732 / (alpha_infinity__f2_onset + 0.12622)) + 0....
                                      2269
9           1.041e-02  4.390e-02  y = ((log10_sigma - log10_f) / (log10_f * 1.0208)) / 1.158...
                                      4
22          1.023e-02  1.350e-03  y = 0.078409 / ((0.5385 / (((log(alpha_infinity) / ((alpha...
                                      _infinity + (alpha_infinity__f2_onset / 0.85453)) / alpha_...
                                      infinity__f2_onset)) + alpha_infinity) + (alpha_infinity /...
                                       alpha_infinity__f2_onset))) + 0.082678)
───────────────────────────────────────────────────────────────────────────────────────────────────
  - C:/MasterThesis_Project_R/surrogate_model/global_symbolic_regression/artifacts/re/train/20260816_f2_r1_c1500_t18/pysr_runs/global_100_4950\global_100_4950\hall_of_fame.csv
COMMAND: C:\MasterThesis_Project_R\surrogate_model\segmented_symbolic_regression\.venv_py311\Scripts\python.exe C:\MasterThesis_Project_R\surrogate_model\global_symbolic_regression\evaluate_global_symbolic_candidates.py --target re --dataset-run run1 --training-dir C:\MasterThesis_Project_R\surrogate_model\global_symbolic_regression\artifacts\re\train\20260816_f2_r1_c1500_t18 --output-dir C:\MasterThesis_Project_R\surrogate_model\global_symbolic_regression\artifacts\re\eval\20260816_f2_r1_c1500_t18_v --selection-rule best_loss --validation-only
Global symbolic candidate evaluation complete.
Candidate metrics: C:\MasterThesis_Project_R\surrogate_model\global_symbolic_regression\artifacts\re\eval\20260816_f2_r1_c1500_t18_v\candidate_metrics.csv
Selected candidate: 5
Validation-only selected-formula metrics: RMSE=0.097136, MAE=0.064687, R2=0.738957; test rows were not accessed.
Figures saved to: C:\MasterThesis_Project_R\surrogate_model\global_symbolic_regression\artifacts\re\eval\20260816_f2_r1_c1500_t18_v\figures

[RE r1_c1500_t24] screen training
COMMAND: C:\MasterThesis_Project_R\surrogate_model\segmented_symbolic_regression\.venv_py311\Scripts\python.exe C:\MasterThesis_Project_R\surrogate_model\global_symbolic_regression\train_global_symbolic_model.py --target re --dataset-run run1 --output-dir C:\MasterThesis_Project_R\surrogate_model\global_symbolic_regression\artifacts\re\train\20260816_f2_r1_c1500_t24 --feature-branch sobol_modulated --frequency-modulation-spec C:\MasterThesis_Project_R\surrogate_model\global_symbolic_regression\artifacts\f2_manifests\20260816_f2\specs\re_r1_c1500_t24.json --random-seed 42 --niterations 20 --populations 6 --population-size 40 --maxsize 24 --model-selection best --validation-only

Expressions evaluated per second: 1.400e+03
Progress: 5 / 120 total iterations (4.167%)
════════════════════════════════════════════════════════════════════════════════════════════════════
───────────────────────────────────────────────────────────────────────────────────────────────────
Complexity  Loss       Score      Equation
1           3.696e-02  0.000e+00  y = 0.36906
3           3.695e-02  1.718e-04  y = log10_lambda * -0.090948
5           3.436e-02  3.628e-02  y = log(-0.093641 + log(log10_sigma))
7           3.435e-02  1.410e-04  y = log((-0.093641 + log(log10_sigma)) - 0.0050607)
8           2.915e-02  1.641e-01  y = sqrt((-0.38351 / -1.7897) / (0.41163 + alpha_infinity_...
                                      _f2_high))
9           1.745e-02  5.133e-01  y = sqrt((0.26282 / (sqrt(alpha_infinity__f2_high) + 0.531...
                                      97)) + -0.073672)
11          1.085e-02  2.377e-01  y = sqrt(((0.039266 / (sqrt(alpha_infinity__f2_high) + 0.0...
                                      42471)) * 0.82442) + 0.056112)
───────────────────────────────────────────────────────────────────────────────────────────────────
════════════════════════════════════════════════════════════════════════════════════════════════════
Press 'q' and then <enter> to stop execution early.

Expressions evaluated per second: 1.470e+03
Progress: 12 / 120 total iterations (10.000%)
════════════════════════════════════════════════════════════════════════════════════════════════════
───────────────────────────────────────────────────────────────────────────────────────────────────
Complexity  Loss       Score      Equation
1           3.696e-02  0.000e+00  y = 0.36906
3           3.695e-02  1.718e-04  y = log10_lambda * -0.090948
5           3.436e-02  3.628e-02  y = log(-0.093641 + log(log10_sigma))
6           3.112e-02  9.916e-02  y = sqrt(1.5504 / log10_f) * 0.50281
7           1.412e-02  7.900e-01  y = (0.36963 / (alpha_infinity__f2_onset + 0.44818)) - -0....
                                      062605
9           1.239e-02  6.545e-02  y = (0.15915 / ((alpha_infinity__f2_onset + 0.28426) - 0.1...
                                      082)) - -0.18825
11          1.085e-02  6.653e-02  y = sqrt(((0.039266 / (sqrt(alpha_infinity__f2_high) + 0.0...
                                      42471)) * 0.82442) + 0.056112)
───────────────────────────────────────────────────────────────────────────────────────────────────
════════════════════════════════════════════════════════════════════════════════════════════════════
Press 'q' and then <enter> to stop execution early.

Expressions evaluated per second: 1.670e+03
Progress: 19 / 120 total iterations (15.833%)
════════════════════════════════════════════════════════════════════════════════════════════════════
───────────────────────────────────────────────────────────────────────────────────────────────────
Complexity  Loss       Score      Equation
1           3.696e-02  0.000e+00  y = 0.36906
3           2.384e-02  2.192e-01  y = 1.2415 / log10_f
6           1.410e-02  1.751e-01  y = 1.8305 - (log(log10_f) * 1.2339)
9           1.239e-02  4.311e-02  y = (0.15915 / ((alpha_infinity__f2_onset + 0.28426) - 0.1...
                                      082)) - -0.18825
11          1.085e-02  6.653e-02  y = sqrt(((0.039266 / (sqrt(alpha_infinity__f2_high) + 0.0...
                                      42471)) * 0.82442) + 0.056112)
───────────────────────────────────────────────────────────────────────────────────────────────────
════════════════════════════════════════════════════════════════════════════════════════════════════
Press 'q' and then <enter> to stop execution early.

Expressions evaluated per second: 1.850e+03
Progress: 27 / 120 total iterations (22.500%)
════════════════════════════════════════════════════════════════════════════════════════════════════
───────────────────────────────────────────────────────────────────────────────────────────────────
Complexity  Loss       Score      Equation
1           3.696e-02  0.000e+00  y = 0.36906
3           2.384e-02  2.192e-01  y = 1.2415 / log10_f
6           1.410e-02  1.751e-01  y = 1.8305 - (log(log10_f) * 1.2339)
9           1.239e-02  4.311e-02  y = (0.15915 / ((alpha_infinity__f2_onset + 0.28426) - 0.1...
                                      082)) - -0.18825
11          1.085e-02  6.653e-02  y = sqrt(((0.039266 / (sqrt(alpha_infinity__f2_high) + 0.0...
                                      42471)) * 0.82442) + 0.056112)
───────────────────────────────────────────────────────────────────────────────────────────────────
════════════════════════════════════════════════════════════════════════════════════════════════════
Press 'q' and then <enter> to stop execution early.

Expressions evaluated per second: 1.630e+03
Progress: 31 / 120 total iterations (25.833%)
════════════════════════════════════════════════════════════════════════════════════════════════════
───────────────────────────────────────────────────────────────────────────────────────────────────
Complexity  Loss       Score      Equation
1           3.696e-02  0.000e+00  y = 0.36906
3           2.384e-02  2.192e-01  y = 1.2415 / log10_f
6           1.410e-02  1.751e-01  y = 1.8305 - (log(log10_f) * 1.2339)
9           1.239e-02  4.311e-02  y = (0.15915 / ((alpha_infinity__f2_onset + 0.28426) - 0.1...
                                      082)) - -0.18825
11          1.085e-02  6.653e-02  y = sqrt(((0.039266 / (sqrt(alpha_infinity__f2_high) + 0.0...
                                      42471)) * 0.82442) + 0.056112)
───────────────────────────────────────────────────────────────────────────────────────────────────
════════════════════════════════════════════════════════════════════════════════════════════════════
Press 'q' and then <enter> to stop execution early.

Expressions evaluated per second: 1.730e+03
Progress: 41 / 120 total iterations (34.167%)
════════════════════════════════════════════════════════════════════════════════════════════════════
───────────────────────────────────────────────────────────────────────────────────────────────────
Complexity  Loss       Score      Equation
1           3.696e-02  0.000e+00  y = 0.36906
3           2.384e-02  2.192e-01  y = 1.2415 / log10_f
6           1.410e-02  1.751e-01  y = 1.8305 - (log(log10_f) * 1.2339)
9           1.177e-02  6.018e-02  y = sqrt((0.039266 / (sqrt(alpha_infinity__f2_high) + 0.04...
                                      2471)) + 0.056112)
11          1.085e-02  4.093e-02  y = sqrt(((0.039266 / (sqrt(alpha_infinity__f2_high) + 0.0...
                                      42471)) * 0.82442) + 0.056112)
───────────────────────────────────────────────────────────────────────────────────────────────────
════════════════════════════════════════════════════════════════════════════════════════════════════
Press 'q' and then <enter> to stop execution early.

Expressions evaluated per second: 1.900e+03
Progress: 53 / 120 total iterations (44.167%)
════════════════════════════════════════════════════════════════════════════════════════════════════
───────────────────────────────────────────────────────────────────────────────────────────────────
Complexity  Loss       Score      Equation
1           3.696e-02  0.000e+00  y = 0.36906
3           2.384e-02  2.192e-01  y = 1.2415 / log10_f
4           1.191e-02  6.937e-01  y = log(log10_sigma / log10_f)
9           1.177e-02  2.408e-03  y = sqrt((0.039266 / (sqrt(alpha_infinity__f2_high) + 0.04...
                                      2471)) + 0.056112)
11          1.085e-02  4.093e-02  y = sqrt(((0.039266 / (sqrt(alpha_infinity__f2_high) + 0.0...
                                      42471)) * 0.82442) + 0.056112)
───────────────────────────────────────────────────────────────────────────────────────────────────
════════════════════════════════════════════════════════════════════════════════════════════════════
Press 'q' and then <enter> to stop execution early.

Expressions evaluated per second: 2.030e+03
Progress: 63 / 120 total iterations (52.500%)
════════════════════════════════════════════════════════════════════════════════════════════════════
───────────────────────────────────────────────────────────────────────────────────────────────────
Complexity  Loss       Score      Equation
1           3.696e-02  0.000e+00  y = 0.36906
3           2.384e-02  2.192e-01  y = 1.2415 / log10_f
4           1.191e-02  6.937e-01  y = log(log10_sigma / log10_f)
9           1.177e-02  2.408e-03  y = sqrt((0.039266 / (sqrt(alpha_infinity__f2_high) + 0.04...
                                      2471)) + 0.056112)
11          1.085e-02  4.093e-02  y = sqrt(((0.039266 / (sqrt(alpha_infinity__f2_high) + 0.0...
                                      42471)) * 0.82442) + 0.056112)
───────────────────────────────────────────────────────────────────────────────────────────────────
════════════════════════════════════════════════════════════════════════════════════════════════════
Press 'q' and then <enter> to stop execution early.

Expressions evaluated per second: 2.000e+03
Progress: 70 / 120 total iterations (58.333%)
════════════════════════════════════════════════════════════════════════════════════════════════════
───────────────────────────────────────────────────────────────────────────────────────────────────
Complexity  Loss       Score      Equation
1           3.696e-02  0.000e+00  y = 0.36906
3           2.384e-02  2.192e-01  y = 1.2415 / log10_f
4           1.191e-02  6.937e-01  y = log(log10_sigma / log10_f)
9           1.177e-02  2.408e-03  y = sqrt((0.039266 / (sqrt(alpha_infinity__f2_high) + 0.04...
                                      2471)) + 0.056112)
11          1.085e-02  4.093e-02  y = sqrt(((0.039266 / (sqrt(alpha_infinity__f2_high) + 0.0...
                                      42471)) * 0.82442) + 0.056112)
───────────────────────────────────────────────────────────────────────────────────────────────────
════════════════════════════════════════════════════════════════════════════════════════════════════
Press 'q' and then <enter> to stop execution early.

Expressions evaluated per second: 1.920e+03
Progress: 78 / 120 total iterations (65.000%)
════════════════════════════════════════════════════════════════════════════════════════════════════
───────────────────────────────────────────────────────────────────────────────────────────────────
Complexity  Loss       Score      Equation
1           3.696e-02  0.000e+00  y = 0.36906
3           2.384e-02  2.192e-01  y = 1.2415 / log10_f
4           1.191e-02  6.937e-01  y = log(log10_sigma / log10_f)
9           1.177e-02  2.408e-03  y = sqrt((0.039266 / (sqrt(alpha_infinity__f2_high) + 0.04...
                                      2471)) + 0.056112)
11          1.085e-02  4.093e-02  y = sqrt(((0.039266 / (sqrt(alpha_infinity__f2_high) + 0.0...
                                      42471)) * 0.82442) + 0.056112)
───────────────────────────────────────────────────────────────────────────────────────────────────
════════════════════════════════════════════════════════════════════════════════════════════════════
Press 'q' and then <enter> to stop execution early.

Expressions evaluated per second: 1.910e+03
Progress: 84 / 120 total iterations (70.000%)
════════════════════════════════════════════════════════════════════════════════════════════════════
───────────────────────────────────────────────────────────────────────────────────────────────────
Complexity  Loss       Score      Equation
1           3.696e-02  0.000e+00  y = 0.36906
3           2.384e-02  2.192e-01  y = 1.2415 / log10_f
4           1.191e-02  6.937e-01  y = log(log10_sigma / log10_f)
9           1.177e-02  2.408e-03  y = sqrt((0.039266 / (sqrt(alpha_infinity__f2_high) + 0.04...
                                      2471)) + 0.056112)
11          1.085e-02  4.093e-02  y = sqrt(((0.039266 / (sqrt(alpha_infinity__f2_high) + 0.0...
                                      42471)) * 0.82442) + 0.056112)
───────────────────────────────────────────────────────────────────────────────────────────────────
════════════════════════════════════════════════════════════════════════════════════════════════════
Press 'q' and then <enter> to stop execution early.

Expressions evaluated per second: 1.950e+03
Progress: 88 / 120 total iterations (73.333%)
════════════════════════════════════════════════════════════════════════════════════════════════════
───────────────────────────────────────────────────────────────────────────────────────────────────
Complexity  Loss       Score      Equation
1           3.696e-02  0.000e+00  y = 0.36906
3           2.384e-02  2.192e-01  y = 1.2415 / log10_f
4           1.191e-02  6.937e-01  y = log(log10_sigma / log10_f)
9           1.177e-02  2.408e-03  y = sqrt((0.039266 / (sqrt(alpha_infinity__f2_high) + 0.04...
                                      2471)) + 0.056112)
11          1.085e-02  4.093e-02  y = sqrt(((0.039266 / (sqrt(alpha_infinity__f2_high) + 0.0...
                                      42471)) * 0.82442) + 0.056112)
───────────────────────────────────────────────────────────────────────────────────────────────────
════════════════════════════════════════════════════════════════════════════════════════════════════
Press 'q' and then <enter> to stop execution early.

Expressions evaluated per second: 1.800e+03
Progress: 93 / 120 total iterations (77.500%)
════════════════════════════════════════════════════════════════════════════════════════════════════
───────────────────────────────────────────────────────────────────────────────────────────────────
Complexity  Loss       Score      Equation
1           3.696e-02  0.000e+00  y = 0.36906
3           2.384e-02  2.192e-01  y = 1.2415 / log10_f
4           1.191e-02  6.937e-01  y = log(log10_sigma / log10_f)
9           1.177e-02  2.408e-03  y = sqrt((0.039266 / (sqrt(alpha_infinity__f2_high) + 0.04...
                                      2471)) + 0.056112)
11          1.085e-02  4.093e-02  y = sqrt(((0.039266 / (sqrt(alpha_infinity__f2_high) + 0.0...
                                      42471)) * 0.82442) + 0.056112)
───────────────────────────────────────────────────────────────────────────────────────────────────
════════════════════════════════════════════════════════════════════════════════════════════════════
Press 'q' and then <enter> to stop execution early.

Expressions evaluated per second: 1.660e+03
Progress: 99 / 120 total iterations (82.500%)
════════════════════════════════════════════════════════════════════════════════════════════════════
───────────────────────────────────────────────────────────────────────────────────────────────────
Complexity  Loss       Score      Equation
1           3.696e-02  0.000e+00  y = 0.36906
3           2.384e-02  2.192e-01  y = 1.2415 / log10_f
4           1.191e-02  6.937e-01  y = log(log10_sigma / log10_f)
9           1.083e-02  1.904e-02  y = sqrt((0.031817 / (sqrt(alpha_infinity__f2_high) + 0.04...
                                      2302)) + 0.058769)
18          1.024e-02  6.275e-03  y = sqrt(((0.013648 / (-0.22862 - (log10_lambda / (log10_s...
                                      igma / 0.55403)))) / sqrt(sqrt(alpha_infinity__f2_high) + ...
                                      0.013198)) / 0.56967)
───────────────────────────────────────────────────────────────────────────────────────────────────
════════════════════════════════════════════════════════════════════════════════════════════════════
Press 'q' and then <enter> to stop execution early.

Expressions evaluated per second: 1.490e+03
Progress: 105 / 120 total iterations (87.500%)
════════════════════════════════════════════════════════════════════════════════════════════════════
───────────────────────────────────────────────────────────────────────────────────────────────────
Complexity  Loss       Score      Equation
1           3.696e-02  0.000e+00  y = 0.36906
3           2.384e-02  2.192e-01  y = 1.2415 / log10_f
4           1.191e-02  6.937e-01  y = log(log10_sigma / log10_f)
9           1.083e-02  1.904e-02  y = sqrt((0.031817 / (sqrt(alpha_infinity__f2_high) + 0.04...
                                      2302)) + 0.058769)
18          1.024e-02  6.275e-03  y = sqrt(((0.013648 / (-0.22862 - (log10_lambda / (log10_s...
                                      igma / 0.55403)))) / sqrt(sqrt(alpha_infinity__f2_high) + ...
                                      0.013198)) / 0.56967)
───────────────────────────────────────────────────────────────────────────────────────────────────
════════════════════════════════════════════════════════════════════════════════════════════════════
Press 'q' and then <enter> to stop execution early.

Expressions evaluated per second: 1.430e+03
Progress: 110 / 120 total iterations (91.667%)
════════════════════════════════════════════════════════════════════════════════════════════════════
───────────────────────────────────────────────────────────────────────────────────────────────────
Complexity  Loss       Score      Equation
1           3.696e-02  0.000e+00  y = 0.36906
3           2.384e-02  2.192e-01  y = 1.2415 / log10_f
4           1.191e-02  6.937e-01  y = log(log10_sigma / log10_f)
9           1.083e-02  1.904e-02  y = sqrt((0.031817 / (sqrt(alpha_infinity__f2_high) + 0.04...
                                      2302)) + 0.058769)
18          1.024e-02  6.275e-03  y = sqrt(((0.013648 / (-0.22862 - (log10_lambda / (log10_s...
                                      igma / 0.55403)))) / sqrt(sqrt(alpha_infinity__f2_high) + ...
                                      0.013198)) / 0.56967)
───────────────────────────────────────────────────────────────────────────────────────────────────
════════════════════════════════════════════════════════════════════════════════════════════════════
Press 'q' and then <enter> to stop execution early.

Expressions evaluated per second: 1.390e+03
Progress: 116 / 120 total iterations (96.667%)
════════════════════════════════════════════════════════════════════════════════════════════════════
───────────────────────────────────────────────────────────────────────────────────────────────────
Complexity  Loss       Score      Equation
1           3.696e-02  0.000e+00  y = 0.36906
3           2.384e-02  2.192e-01  y = 1.2415 / log10_f
4           1.191e-02  6.937e-01  y = log(log10_sigma / log10_f)
9           1.083e-02  1.904e-02  y = sqrt((0.031817 / (sqrt(alpha_infinity__f2_high) + 0.04...
                                      2302)) + 0.058769)
18          1.024e-02  6.275e-03  y = sqrt(((0.013648 / (-0.22862 - (log10_lambda / (log10_s...
                                      igma / 0.55403)))) / sqrt(sqrt(alpha_infinity__f2_high) + ...
                                      0.013198)) / 0.56967)
───────────────────────────────────────────────────────────────────────────────────────────────────
════════════════════════════════════════════════════════════════════════════════════════════════════
Press 'q' and then <enter> to stop execution early.

Training global model: global_100_4950 (100.00-4950.00 Hz), train/validation/test rows=89600/19200/inaccessible

Global PySR training complete.
    global_name  complexity  validation_rmse
global_100_4950           4         0.104508
Artifacts saved to: C:\MasterThesis_Project_R\surrogate_model\global_symbolic_regression\artifacts\re\train\20260816_f2_r1_c1500_t24
───────────────────────────────────────────────────────────────────────────────────────────────────
Complexity  Loss       Score      Equation
1           3.696e-02  0.000e+00  y = 0.36906
3           2.384e-02  2.192e-01  y = 1.2415 / log10_f
4           1.191e-02  6.937e-01  y = log(log10_sigma / log10_f)
9           1.083e-02  1.904e-02  y = sqrt((0.031817 / (sqrt(alpha_infinity__f2_high) + 0.04...
                                      2302)) + 0.058769)
18          1.024e-02  6.275e-03  y = sqrt(((0.013648 / (-0.22862 - (log10_lambda / (log10_s...
                                      igma / 0.55403)))) / sqrt(sqrt(alpha_infinity__f2_high) + ...
                                      0.013198)) / 0.56967)
───────────────────────────────────────────────────────────────────────────────────────────────────
  - C:/MasterThesis_Project_R/surrogate_model/global_symbolic_regression/artifacts/re/train/20260816_f2_r1_c1500_t24/pysr_runs/global_100_4950\global_100_4950\hall_of_fame.csv
COMMAND: C:\MasterThesis_Project_R\surrogate_model\segmented_symbolic_regression\.venv_py311\Scripts\python.exe C:\MasterThesis_Project_R\surrogate_model\global_symbolic_regression\evaluate_global_symbolic_candidates.py --target re --dataset-run run1 --training-dir C:\MasterThesis_Project_R\surrogate_model\global_symbolic_regression\artifacts\re\train\20260816_f2_r1_c1500_t24 --output-dir C:\MasterThesis_Project_R\surrogate_model\global_symbolic_regression\artifacts\re\eval\20260816_f2_r1_c1500_t24_v --selection-rule best_loss --validation-only
Global symbolic candidate evaluation complete.
Candidate metrics: C:\MasterThesis_Project_R\surrogate_model\global_symbolic_regression\artifacts\re\eval\20260816_f2_r1_c1500_t24_v\candidate_metrics.csv
Selected candidate: 5
Validation-only selected-formula metrics: RMSE=0.096242, MAE=0.070840, R2=0.743740; test rows were not accessed.
Figures saved to: C:\MasterThesis_Project_R\surrogate_model\global_symbolic_regression\artifacts\re\eval\20260816_f2_r1_c1500_t24_v\figures

[RE r1_c1800_t12] screen training
COMMAND: C:\MasterThesis_Project_R\surrogate_model\segmented_symbolic_regression\.venv_py311\Scripts\python.exe C:\MasterThesis_Project_R\surrogate_model\global_symbolic_regression\train_global_symbolic_model.py --target re --dataset-run run1 --output-dir C:\MasterThesis_Project_R\surrogate_model\global_symbolic_regression\artifacts\re\train\20260816_f2_r1_c1800_t12 --feature-branch sobol_modulated --frequency-modulation-spec C:\MasterThesis_Project_R\surrogate_model\global_symbolic_regression\artifacts\f2_manifests\20260816_f2\specs\re_r1_c1800_t12.json --random-seed 42 --niterations 20 --populations 6 --population-size 40 --maxsize 24 --model-selection best --validation-only

Expressions evaluated per second: 9.830e+02
Progress: 5 / 120 total iterations (4.167%)
════════════════════════════════════════════════════════════════════════════════════════════════════
───────────────────────────────────────────────────────────────────────────────────────────────────
Complexity  Loss       Score      Equation
1           3.696e-02  0.000e+00  y = 0.36906
3           3.695e-02  1.718e-04  y = log10_lambda * -0.090948
5           2.805e-02  1.377e-01  y = (alpha_infinity__f2_onset / log10_k0_prime) - -0.50721
9           2.774e-02  2.820e-03  y = ((alpha_infinity__f2_onset * log(sqrt(log10_f))) / log...
                                      10_lambda) - -0.54759
11          2.711e-02  1.156e-02  y = (((alpha_infinity__f2_onset * log(sqrt(log10_f))) / lo...
                                      g10_lambda) - -0.57837) * 0.87848
12          1.952e-02  3.285e-01  y = ((0.48192 / log10_sigma) * ((7.089 / log(log10_f)) - 2...
                                      .8111)) / 0.86301
17          1.153e-02  1.052e-01  y = log((log(log10_sigma) + ((-0.96177 - ((alpha_infinity ...
                                      / log10_k0_prime) / log10_f)) + -0.88924)) - (-5.5539 / lo...
                                      g10_f))
───────────────────────────────────────────────────────────────────────────────────────────────────
════════════════════════════════════════════════════════════════════════════════════════════════════
Press 'q' and then <enter> to stop execution early.

Expressions evaluated per second: 1.860e+03
Progress: 16 / 120 total iterations (13.333%)
════════════════════════════════════════════════════════════════════════════════════════════════════
───────────────────────────────────────────────────────────────────────────────────────────────────
Complexity  Loss       Score      Equation
1           3.696e-02  0.000e+00  y = 0.36906
3           3.695e-02  1.718e-04  y = log10_lambda * -0.090948
4           2.578e-02  3.598e-01  y = sqrt(1.21) / log10_f
7           1.918e-02  9.866e-02  y = (log10_f * (2.8481 / log10_k0_prime)) - -1.4854
11          1.342e-02  8.924e-02  y = ((7.43 / log(log10_f)) - 4.7005) / (5.6552 - log(log10...
                                      _f))
17          1.153e-02  2.530e-02  y = log((log(log10_sigma) + ((-0.96177 - ((alpha_infinity ...
                                      / log10_k0_prime) / log10_f)) + -0.88924)) - (-5.5539 / lo...
                                      g10_f))
───────────────────────────────────────────────────────────────────────────────────────────────────
════════════════════════════════════════════════════════════════════════════════════════════════════
Press 'q' and then <enter> to stop execution early.

Expressions evaluated per second: 2.070e+03
Progress: 25 / 120 total iterations (20.833%)
════════════════════════════════════════════════════════════════════════════════════════════════════
───────────────────────────────────────────────────────────────────────────────────────────────────
Complexity  Loss       Score      Equation
1           3.696e-02  0.000e+00  y = 0.36906
3           2.384e-02  2.192e-01  y = 1.2415 / log10_f
4           1.191e-02  6.937e-01  y = log(log10_sigma / log10_f)
6           1.183e-02  3.587e-03  y = log(log10_sigma / log10_f) + 0.0092285
8           1.142e-02  1.770e-02  y = log((-0.072563 + log10_sigma) / log10_f) / 0.88986
───────────────────────────────────────────────────────────────────────────────────────────────────
════════════════════════════════════════════════════════════════════════════════════════════════════
Press 'q' and then <enter> to stop execution early.

Expressions evaluated per second: 1.870e+03
Progress: 29 / 120 total iterations (24.167%)
════════════════════════════════════════════════════════════════════════════════════════════════════
───────────────────────────────────────────────────────────────────────────────────────────────────
Complexity  Loss       Score      Equation
1           3.696e-02  0.000e+00  y = 0.36906
3           2.384e-02  2.192e-01  y = 1.2415 / log10_f
4           1.191e-02  6.937e-01  y = log(log10_sigma / log10_f)
6           1.183e-02  3.587e-03  y = log(log10_sigma / log10_f) + 0.0092285
8           1.091e-02  4.043e-02  y = (log(log10_sigma / log10_f) + -0.060034) / 0.81231
───────────────────────────────────────────────────────────────────────────────────────────────────
════════════════════════════════════════════════════════════════════════════════════════════════════
Press 'q' and then <enter> to stop execution early.

Expressions evaluated per second: 1.740e+03
Progress: 35 / 120 total iterations (29.167%)
════════════════════════════════════════════════════════════════════════════════════════════════════
───────────────────────────────────────────────────────────────────────────────────────────────────
Complexity  Loss       Score      Equation
1           3.696e-02  0.000e+00  y = 0.36906
3           2.384e-02  2.192e-01  y = 1.2415 / log10_f
4           1.191e-02  6.937e-01  y = log(log10_sigma / log10_f)
6           1.183e-02  3.587e-03  y = log(log10_sigma / log10_f) + 0.0092285
7           1.019e-02  1.494e-01  y = ((log10_sigma / log10_f) + -0.9771) / 1.2711
9           1.019e-02  8.941e-08  y = (((log10_sigma / log10_f) + -0.97717) / 1.2644) / 1.00...
                                      51
───────────────────────────────────────────────────────────────────────────────────────────────────
════════════════════════════════════════════════════════════════════════════════════════════════════
Press 'q' and then <enter> to stop execution early.

Expressions evaluated per second: 1.690e+03
Progress: 42 / 120 total iterations (35.000%)
════════════════════════════════════════════════════════════════════════════════════════════════════
───────────────────────────────────────────────────────────────────────────────────────────────────
Complexity  Loss       Score      Equation
1           3.696e-02  0.000e+00  y = 0.36906
3           2.384e-02  2.192e-01  y = 1.2415 / log10_f
4           1.191e-02  6.937e-01  y = log(log10_sigma / log10_f)
6           1.183e-02  3.587e-03  y = log(log10_sigma / log10_f) + 0.0092285
7           1.019e-02  1.494e-01  y = ((log10_sigma / log10_f) + -0.9771) / 1.2711
9           1.019e-02  8.941e-08  y = (((log10_sigma / log10_f) + -0.97717) / 1.2644) / 1.00...
                                      51
───────────────────────────────────────────────────────────────────────────────────────────────────
════════════════════════════════════════════════════════════════════════════════════════════════════
Press 'q' and then <enter> to stop execution early.

Expressions evaluated per second: 1.710e+03
Progress: 47 / 120 total iterations (39.167%)
════════════════════════════════════════════════════════════════════════════════════════════════════
───────────────────────────────────────────────────────────────────────────────────────────────────
Complexity  Loss       Score      Equation
1           3.696e-02  0.000e+00  y = 0.36906
3           2.384e-02  2.192e-01  y = 1.2415 / log10_f
4           1.191e-02  6.937e-01  y = log(log10_sigma / log10_f)
6           1.183e-02  3.587e-03  y = log(log10_sigma / log10_f) + 0.0092285
7           1.019e-02  1.494e-01  y = ((log10_sigma / log10_f) + -0.9771) / 1.2711
9           1.019e-02  8.941e-08  y = (((log10_sigma / log10_f) + -0.97717) / 1.2644) / 1.00...
                                      51
18          8.965e-03  1.421e-02  y = sqrt(log(sqrt((log10_sigma * sqrt(((1.6548 / sqrt(alph...
                                      a_infinity__f2_onset)) / log10_f) - -1.646)) * 0.20873) * ...
                                      0.92206))
22          8.853e-03  3.150e-03  y = sqrt(log(sqrt((log10_sigma * sqrt(((1.6548 / sqrt(alph...
                                      a_infinity__f2_onset / (log10_sigma * 0.20873))) / log10_f...
                                      ) - -1.646)) * 0.20873) * 0.92206))
───────────────────────────────────────────────────────────────────────────────────────────────────
════════════════════════════════════════════════════════════════════════════════════════════════════
Press 'q' and then <enter> to stop execution early.

Expressions evaluated per second: 1.450e+03
Progress: 51 / 120 total iterations (42.500%)
════════════════════════════════════════════════════════════════════════════════════════════════════
───────────────────────────────────────────────────────────────────────────────────────────────────
Complexity  Loss       Score      Equation
1           3.696e-02  0.000e+00  y = 0.36906
3           2.384e-02  2.192e-01  y = 1.2415 / log10_f
4           1.191e-02  6.937e-01  y = log(log10_sigma / log10_f)
6           1.183e-02  3.587e-03  y = log(log10_sigma / log10_f) + 0.0092285
7           1.019e-02  1.494e-01  y = ((log10_sigma / log10_f) + -0.9771) / 1.2711
9           1.019e-02  8.941e-08  y = (((log10_sigma / log10_f) + -0.97717) / 1.2644) / 1.00...
                                      51
16          9.064e-03  1.671e-02  y = sqrt(log(sqrt((log10_sigma * 0.14171) * sqrt(sqrt((2.2...
                                      587 / alpha_infinity__f2_onset) / log10_f) - -2.5217))))
18          8.965e-03  5.459e-03  y = sqrt(log(sqrt((log10_sigma * sqrt(((1.6548 / sqrt(alph...
                                      a_infinity__f2_onset)) / log10_f) - -1.646)) * 0.20873) * ...
                                      0.92206))
22          8.853e-03  3.150e-03  y = sqrt(log(sqrt((log10_sigma * sqrt(((1.6548 / sqrt(alph...
                                      a_infinity__f2_onset / (log10_sigma * 0.20873))) / log10_f...
                                      ) - -1.646)) * 0.20873) * 0.92206))
───────────────────────────────────────────────────────────────────────────────────────────────────
════════════════════════════════════════════════════════════════════════════════════════════════════
Press 'q' and then <enter> to stop execution early.

Expressions evaluated per second: 1.180e+03
Progress: 56 / 120 total iterations (46.667%)
════════════════════════════════════════════════════════════════════════════════════════════════════
───────────────────────────────────────────────────────────────────────────────────────────────────
Complexity  Loss       Score      Equation
1           3.696e-02  0.000e+00  y = 0.36906
3           2.384e-02  2.192e-01  y = 1.2415 / log10_f
4           1.191e-02  6.937e-01  y = log(log10_sigma / log10_f)
6           1.183e-02  3.587e-03  y = log(log10_sigma / log10_f) + 0.0092285
7           1.019e-02  1.494e-01  y = ((log10_sigma / log10_f) + -0.9771) / 1.2711
9           1.019e-02  8.941e-08  y = (((log10_sigma / log10_f) + -0.97717) / 1.2644) / 1.00...
                                      51
16          9.064e-03  1.671e-02  y = sqrt(log(sqrt((log10_sigma * 0.14171) * sqrt(sqrt((2.2...
                                      587 / alpha_infinity__f2_onset) / log10_f) - -2.5217))))
18          8.359e-03  4.049e-02  y = sqrt(log(0.92206 * sqrt((log10_sigma * 0.20873) * sqrt...
                                      (((alpha_infinity / sqrt(alpha_infinity__f2_onset)) / log1...
                                      0_f) - -1.646))))
───────────────────────────────────────────────────────────────────────────────────────────────────
════════════════════════════════════════════════════════════════════════════════════════════════════
Press 'q' and then <enter> to stop execution early.

Expressions evaluated per second: 1.400e+03
Progress: 66 / 120 total iterations (55.000%)
════════════════════════════════════════════════════════════════════════════════════════════════════
───────────────────────────────────────────────────────────────────────────────────────────────────
Complexity  Loss       Score      Equation
1           3.696e-02  0.000e+00  y = 0.36906
3           2.384e-02  2.192e-01  y = 1.2415 / log10_f
4           1.191e-02  6.937e-01  y = log(log10_sigma / log10_f)
6           1.183e-02  3.587e-03  y = log(log10_sigma / log10_f) + 0.0092285
7           1.019e-02  1.494e-01  y = ((log10_sigma / log10_f) + -0.9771) / 1.2711
9           1.019e-02  5.960e-08  y = (((log10_sigma / log10_f) + -0.97717) / 1.2644) / 1.00...
                                      51
16          8.999e-03  1.772e-02  y = sqrt(log(sqrt((sqrt(sqrt(((1.6548 / alpha_infinity__f2...
                                      _onset) / log10_f) - -1.646)) * log10_sigma) * 0.20873)))
18          8.359e-03  3.694e-02  y = sqrt(log(0.92206 * sqrt((log10_sigma * 0.20873) * sqrt...
                                      (((alpha_infinity / sqrt(alpha_infinity__f2_onset)) / log1...
                                      0_f) - -1.646))))
22          8.091e-03  8.138e-03  y = sqrt(log(sqrt((log10_sigma * 0.1143) * sqrt((sqrt(alph...
                                      a_infinity__f2_high + ((alpha_infinity + 0.73337) / alpha_...
                                      infinity__f2_onset)) / log10_f) - -1.1267)) * 1.3068))
───────────────────────────────────────────────────────────────────────────────────────────────────
════════════════════════════════════════════════════════════════════════════════════════════════════
Press 'q' and then <enter> to stop execution early.

Expressions evaluated per second: 1.780e+03
Progress: 81 / 120 total iterations (67.500%)
════════════════════════════════════════════════════════════════════════════════════════════════════
───────────────────────────────────────────────────────────────────────────────────────────────────
Complexity  Loss       Score      Equation
1           3.696e-02  0.000e+00  y = 0.36906
3           2.384e-02  2.192e-01  y = 1.2415 / log10_f
4           1.191e-02  6.937e-01  y = log(log10_sigma / log10_f)
6           1.183e-02  3.587e-03  y = log(log10_sigma / log10_f) + 0.0092285
7           1.019e-02  1.494e-01  y = ((log10_sigma / log10_f) + -0.9771) / 1.2711
9           1.019e-02  5.960e-08  y = (((log10_sigma / log10_f) + -0.97717) / 1.2644) / 1.00...
                                      51
16          8.999e-03  1.772e-02  y = sqrt(log(sqrt((sqrt(sqrt(((1.6548 / alpha_infinity__f2...
                                      _onset) / log10_f) - -1.646)) * log10_sigma) * 0.20873)))
18          8.359e-03  3.694e-02  y = sqrt(log(0.92206 * sqrt((log10_sigma * 0.20873) * sqrt...
                                      (((alpha_infinity / sqrt(alpha_infinity__f2_onset)) / log1...
                                      0_f) - -1.646))))
22          8.091e-03  8.138e-03  y = sqrt(log(sqrt((log10_sigma * 0.1143) * sqrt((sqrt(alph...
                                      a_infinity__f2_high + ((alpha_infinity + 0.73337) / alpha_...
                                      infinity__f2_onset)) / log10_f) - -1.1267)) * 1.3068))
───────────────────────────────────────────────────────────────────────────────────────────────────
════════════════════════════════════════════════════════════════════════════════════════════════════
Press 'q' and then <enter> to stop execution early.

Expressions evaluated per second: 2.030e+03
Progress: 94 / 120 total iterations (78.333%)
════════════════════════════════════════════════════════════════════════════════════════════════════
───────────────────────────────────────────────────────────────────────────────────────────────────
Complexity  Loss       Score      Equation
1           3.696e-02  0.000e+00  y = 0.36906
3           2.384e-02  2.192e-01  y = 1.2415 / log10_f
4           1.191e-02  6.937e-01  y = log(log10_sigma / log10_f)
6           1.183e-02  3.587e-03  y = log(log10_sigma / log10_f) + 0.0092285
7           1.019e-02  1.494e-01  y = ((log10_sigma / log10_f) + -0.9771) / 1.2711
9           1.019e-02  5.960e-08  y = (((log10_sigma / log10_f) + -0.97717) / 1.2644) / 1.00...
                                      51
16          8.999e-03  1.772e-02  y = sqrt(log(sqrt((sqrt(sqrt(((1.6548 / alpha_infinity__f2...
                                      _onset) / log10_f) - -1.646)) * log10_sigma) * 0.20873)))
18          8.359e-03  3.694e-02  y = sqrt(log(0.92206 * sqrt((log10_sigma * 0.20873) * sqrt...
                                      (((alpha_infinity / sqrt(alpha_infinity__f2_onset)) / log1...
                                      0_f) - -1.646))))
22          8.091e-03  8.138e-03  y = sqrt(log(sqrt((log10_sigma * 0.1143) * sqrt((sqrt(alph...
                                      a_infinity__f2_high + ((alpha_infinity + 0.73337) / alpha_...
                                      infinity__f2_onset)) / log10_f) - -1.1267)) * 1.3068))
───────────────────────────────────────────────────────────────────────────────────────────────────
════════════════════════════════════════════════════════════════════════════════════════════════════
Press 'q' and then <enter> to stop execution early.

Expressions evaluated per second: 2.180e+03
Progress: 102 / 120 total iterations (85.000%)
════════════════════════════════════════════════════════════════════════════════════════════════════
───────────────────────────────────────────────────────────────────────────────────────────────────
Complexity  Loss       Score      Equation
1           3.696e-02  0.000e+00  y = 0.36906
3           2.384e-02  2.192e-01  y = 1.2415 / log10_f
4           1.191e-02  6.937e-01  y = log(log10_sigma / log10_f)
6           1.183e-02  3.587e-03  y = log(log10_sigma / log10_f) + 0.0092285
7           1.019e-02  1.494e-01  y = ((log10_sigma / log10_f) + -0.9771) / 1.2711
9           1.019e-02  5.960e-08  y = (((log10_sigma / log10_f) + -0.97717) / 1.2644) / 1.00...
                                      51
16          8.999e-03  1.772e-02  y = sqrt(log(sqrt((sqrt(sqrt(((1.6548 / alpha_infinity__f2...
                                      _onset) / log10_f) - -1.646)) * log10_sigma) * 0.20873)))
18          8.359e-03  3.694e-02  y = sqrt(log(0.92206 * sqrt((log10_sigma * 0.20873) * sqrt...
                                      (((alpha_infinity / sqrt(alpha_infinity__f2_onset)) / log1...
                                      0_f) - -1.646))))
22          8.091e-03  8.138e-03  y = sqrt(log(sqrt((log10_sigma * 0.1143) * sqrt((sqrt(alph...
                                      a_infinity__f2_high + ((alpha_infinity + 0.73337) / alpha_...
                                      infinity__f2_onset)) / log10_f) - -1.1267)) * 1.3068))
───────────────────────────────────────────────────────────────────────────────────────────────────
════════════════════════════════════════════════════════════════════════════════════════════════════
Press 'q' and then <enter> to stop execution early.

Expressions evaluated per second: 2.210e+03
Progress: 107 / 120 total iterations (89.167%)
════════════════════════════════════════════════════════════════════════════════════════════════════
───────────────────────────────────────────────────────────────────────────────────────────────────
Complexity  Loss       Score      Equation
1           3.696e-02  0.000e+00  y = 0.36906
3           2.384e-02  2.192e-01  y = 1.2415 / log10_f
4           1.191e-02  6.937e-01  y = log(log10_sigma / log10_f)
6           1.183e-02  3.587e-03  y = log(log10_sigma / log10_f) + 0.0092285
7           1.019e-02  1.494e-01  y = ((log10_sigma / log10_f) + -0.9771) / 1.2711
9           1.019e-02  5.960e-08  y = (((log10_sigma / log10_f) + -0.97717) / 1.2644) / 1.00...
                                      51
16          8.999e-03  1.772e-02  y = sqrt(log(sqrt((sqrt(sqrt(((1.6548 / alpha_infinity__f2...
                                      _onset) / log10_f) - -1.646)) * log10_sigma) * 0.20873)))
18          8.359e-03  3.694e-02  y = sqrt(log(0.92206 * sqrt((log10_sigma * 0.20873) * sqrt...
                                      (((alpha_infinity / sqrt(alpha_infinity__f2_onset)) / log1...
                                      0_f) - -1.646))))
22          8.091e-03  8.138e-03  y = sqrt(log(sqrt((log10_sigma * 0.1143) * sqrt((sqrt(alph...
                                      a_infinity__f2_high + ((alpha_infinity + 0.73337) / alpha_...
                                      infinity__f2_onset)) / log10_f) - -1.1267)) * 1.3068))
24          7.791e-03  1.890e-02  y = sqrt(log(sqrt((log10_sigma - -0.093347) * (0.1143 * sq...
                                      rt((sqrt(alpha_infinity__f2_high + ((alpha_infinity / 0.73...
                                      337) / alpha_infinity__f2_onset)) / log10_f) - -1.1267))) ...
                                      * 1.3068))
───────────────────────────────────────────────────────────────────────────────────────────────────
════════════════════════════════════════════════════════════════════════════════════════════════════
Press 'q' and then <enter> to stop execution early.

Expressions evaluated per second: 2.020e+03
Progress: 111 / 120 total iterations (92.500%)
════════════════════════════════════════════════════════════════════════════════════════════════════

Training global model: global_100_4950 (100.00-4950.00 Hz), train/validation/test rows=89600/19200/inaccessible

Global PySR training complete.
    global_name  complexity  validation_rmse
global_100_4950           7         0.095907
Artifacts saved to: C:\MasterThesis_Project_R\surrogate_model\global_symbolic_regression\artifacts\re\train\20260816_f2_r1_c1800_t12
───────────────────────────────────────────────────────────────────────────────────────────────────
Complexity  Loss       Score      Equation
1           3.696e-02  0.000e+00  y = 0.36906
3           2.384e-02  2.192e-01  y = 1.2415 / log10_f
4           1.191e-02  6.937e-01  y = log(log10_sigma / log10_f)
6           1.183e-02  3.587e-03  y = log(log10_sigma / log10_f) + 0.0092285
7           1.019e-02  1.494e-01  y = ((log10_sigma / log10_f) + -0.9771) / 1.2711
9           1.019e-02  5.960e-08  y = (((log10_sigma / log10_f) + -0.97717) / 1.2644) / 1.00...
                                      51
16          8.999e-03  1.772e-02  y = sqrt(log(sqrt((sqrt(sqrt(((1.6548 / alpha_infinity__f2...
                                      _onset) / log10_f) - -1.646)) * log10_sigma) * 0.20873)))
18          8.359e-03  3.694e-02  y = sqrt(log(0.92206 * sqrt((log10_sigma * 0.20873) * sqrt...
                                      (((alpha_infinity / sqrt(alpha_infinity__f2_onset)) / log1...
                                      0_f) - -1.646))))
21          8.117e-03  9.785e-03  y = sqrt(log(sqrt(sqrt(((sqrt((0.73337 / alpha_infinity__f...
                                      2_onset) + (alpha_infinity__f2_high - -0.24174)) + sqrt(al...
                                      pha_infinity / log10_f)) * 0.14937) * log10_sigma))))
22          7.632e-03  6.159e-02  y = sqrt(log(sqrt(sqrt(0.054612 * (sqrt(((alpha_infinity +...
                                       log10_f) * (alpha_infinity__f2_high + (0.73249 / alpha_in...
                                      finity__f2_onset))) - -1.1266) * log10_sigma)) * 1.3017)))
───────────────────────────────────────────────────────────────────────────────────────────────────
════════════════════════════════════════════════════════════════════════════════════════════════════
Press 'q' and then <enter> to stop execution early.

Expressions evaluated per second: 1.900e+03
Progress: 117 / 120 total iterations (97.500%)
════════════════════════════════════════════════════════════════════════════════════════════════════
───────────────────────────────────────────────────────────────────────────────────────────────────
Complexity  Loss       Score      Equation
1           3.696e-02  0.000e+00  y = 0.36906
3           2.384e-02  2.192e-01  y = 1.2415 / log10_f
4           1.191e-02  6.937e-01  y = log(log10_sigma / log10_f)
6           1.183e-02  3.587e-03  y = log(log10_sigma / log10_f) + 0.0092285
7           1.019e-02  1.494e-01  y = ((log10_sigma / log10_f) + -0.9771) / 1.2711
9           1.019e-02  5.960e-08  y = (((log10_sigma / log10_f) + -0.97717) / 1.2644) / 1.00...
                                      51
16          8.999e-03  1.772e-02  y = sqrt(log(sqrt((sqrt(sqrt(((1.6548 / alpha_infinity__f2...
                                      _onset) / log10_f) - -1.646)) * log10_sigma) * 0.20873)))
18          8.359e-03  3.694e-02  y = sqrt(log(0.92206 * sqrt((log10_sigma * 0.20873) * sqrt...
                                      (((alpha_infinity / sqrt(alpha_infinity__f2_onset)) / log1...
                                      0_f) - -1.646))))
20          8.144e-03  1.303e-02  y = sqrt(log(sqrt(sqrt((sqrt((alpha_infinity__f2_high + (0...
                                      .73249 / alpha_infinity__f2_onset)) * (alpha_infinity + lo...
                                      g10_f)) * 0.054612) * log10_sigma) * 1.3017)))
21          8.117e-03  3.290e-03  y = sqrt(log(sqrt(sqrt(((sqrt((0.73337 / alpha_infinity__f...
                                      2_onset) + (alpha_infinity__f2_high - -0.24174)) + sqrt(al...
                                      pha_infinity / log10_f)) * 0.14937) * log10_sigma))))
22          7.612e-03  6.417e-02  y = sqrt(log(sqrt(sqrt((log10_sigma * sqrt((((0.69193 / al...
                                      pha_infinity__f2_onset) + alpha_infinity__f2_high) * (alph...
                                      a_infinity + log10_f)) - -1.0306)) * 0.068041) * 1.1725)))
───────────────────────────────────────────────────────────────────────────────────────────────────
════════════════════════════════════════════════════════════════════════════════════════════════════
Press 'q' and then <enter> to stop execution early.
───────────────────────────────────────────────────────────────────────────────────────────────────
Complexity  Loss       Score      Equation
1           3.696e-02  0.000e+00  y = 0.36906
3           2.384e-02  2.192e-01  y = 1.2415 / log10_f
4           1.191e-02  6.937e-01  y = log(log10_sigma / log10_f)
6           1.183e-02  3.587e-03  y = log(log10_sigma / log10_f) + 0.0092285
7           1.019e-02  1.494e-01  y = ((log10_sigma / log10_f) + -0.9771) / 1.2711
9           1.019e-02  5.960e-08  y = (((log10_sigma / log10_f) + -0.97717) / 1.2644) / 1.00...
                                      51
16          8.999e-03  1.772e-02  y = sqrt(log(sqrt((sqrt(sqrt(((1.6548 / alpha_infinity__f2...
                                      _onset) / log10_f) - -1.646)) * log10_sigma) * 0.20873)))
18          8.359e-03  3.694e-02  y = sqrt(log(0.92206 * sqrt((log10_sigma * 0.20873) * sqrt...
                                      (((alpha_infinity / sqrt(alpha_infinity__f2_onset)) / log1...
                                      0_f) - -1.646))))
20          8.144e-03  1.303e-02  y = sqrt(log(sqrt(sqrt((sqrt((alpha_infinity__f2_high + (0...
                                      .73249 / alpha_infinity__f2_onset)) * (alpha_infinity + lo...
                                      g10_f)) * 0.054612) * log10_sigma) * 1.3017)))
21          8.117e-03  3.290e-03  y = sqrt(log(sqrt(sqrt(((sqrt((0.73337 / alpha_infinity__f...
                                      2_onset) + (alpha_infinity__f2_high - -0.24174)) + sqrt(al...
                                      pha_infinity / log10_f)) * 0.14937) * log10_sigma))))
22          7.612e-03  6.417e-02  y = sqrt(log(sqrt(sqrt((log10_sigma * sqrt((((0.69193 / al...
                                      pha_infinity__f2_onset) + alpha_infinity__f2_high) * (alph...
                                      a_infinity + log10_f)) - -1.0306)) * 0.068041) * 1.1725)))
───────────────────────────────────────────────────────────────────────────────────────────────────
  - C:/MasterThesis_Project_R/surrogate_model/global_symbolic_regression/artifacts/re/train/20260816_f2_r1_c1800_t12/pysr_runs/global_100_4950\global_100_4950\hall_of_fame.csv
COMMAND: C:\MasterThesis_Project_R\surrogate_model\segmented_symbolic_regression\.venv_py311\Scripts\python.exe C:\MasterThesis_Project_R\surrogate_model\global_symbolic_regression\evaluate_global_symbolic_candidates.py --target re --dataset-run run1 --training-dir C:\MasterThesis_Project_R\surrogate_model\global_symbolic_regression\artifacts\re\train\20260816_f2_r1_c1800_t12 --output-dir C:\MasterThesis_Project_R\surrogate_model\global_symbolic_regression\artifacts\re\eval\20260816_f2_r1_c1800_t12_v --selection-rule best_loss --validation-only
Global symbolic candidate evaluation complete.
Candidate metrics: C:\MasterThesis_Project_R\surrogate_model\global_symbolic_regression\artifacts\re\eval\20260816_f2_r1_c1800_t12_v\candidate_metrics.csv
Selected candidate: 11
Validation-only selected-formula metrics: RMSE=0.084468, MAE=0.062321, R2=0.802605; test rows were not accessed.
Figures saved to: C:\MasterThesis_Project_R\surrogate_model\global_symbolic_regression\artifacts\re\eval\20260816_f2_r1_c1800_t12_v\figures

[RE r1_c1800_t18] screen training
COMMAND: C:\MasterThesis_Project_R\surrogate_model\segmented_symbolic_regression\.venv_py311\Scripts\python.exe C:\MasterThesis_Project_R\surrogate_model\global_symbolic_regression\train_global_symbolic_model.py --target re --dataset-run run1 --output-dir C:\MasterThesis_Project_R\surrogate_model\global_symbolic_regression\artifacts\re\train\20260816_f2_r1_c1800_t18 --feature-branch sobol_modulated --frequency-modulation-spec C:\MasterThesis_Project_R\surrogate_model\global_symbolic_regression\artifacts\f2_manifests\20260816_f2\specs\re_r1_c1800_t18.json --random-seed 42 --niterations 20 --populations 6 --population-size 40 --maxsize 24 --model-selection best --validation-only

Expressions evaluated per second: 2.010e+03
Progress: 9 / 120 total iterations (7.500%)
════════════════════════════════════════════════════════════════════════════════════════════════════
───────────────────────────────────────────────────────────────────────────────────────────────────
Complexity  Loss       Score      Equation
1           3.696e-02  0.000e+00  y = 0.36906
3           3.695e-02  1.718e-04  y = log10_lambda * -0.090948
5           3.436e-02  3.628e-02  y = log(-0.093641 + log(log10_sigma))
7           3.435e-02  1.410e-04  y = log((-0.093641 + log(log10_sigma)) - 0.0050607)
9           2.802e-02  1.018e-01  y = ((alpha_infinity__f2_onset * log(log(log10_sigma))) / ...
                                      log10_lambda_prime) - -0.48188
12          1.952e-02  1.206e-01  y = ((0.48192 / log10_sigma) * ((7.089 / log(log10_f)) - 2...
                                      .8111)) / 0.86301
17          1.153e-02  1.052e-01  y = log((log(log10_sigma) + ((-0.96177 - ((alpha_infinity ...
                                      / log10_k0_prime) / log10_f)) + -0.88924)) - (-5.5539 / lo...
                                      g10_f))
───────────────────────────────────────────────────────────────────────────────────────────────────
════════════════════════════════════════════════════════════════════════════════════════════════════
Press 'q' and then <enter> to stop execution early.

Expressions evaluated per second: 1.850e+03
Progress: 17 / 120 total iterations (14.167%)
════════════════════════════════════════════════════════════════════════════════════════════════════
───────────────────────────────────────────────────────────────────────────────────────────────────
Complexity  Loss       Score      Equation
1           3.696e-02  0.000e+00  y = 0.36906
3           3.695e-02  1.718e-04  y = log10_lambda * -0.090948
5           3.420e-02  3.861e-02  y = log(log(log10_sigma + -0.44289))
6           3.021e-02  1.241e-01  y = (-1.43 * -0.47088) / sqrt(log10_f)
9           2.668e-02  4.144e-02  y = ((alpha_infinity__f2_onset - log(log(log10_sigma))) / ...
                                      log10_lambda_prime) - -0.50721
11          2.658e-02  1.775e-03  y = (((alpha_infinity__f2_onset - log(log(log10_sigma))) /...
                                       log10_lambda_prime) - -0.50721) / 1.016
12          1.952e-02  3.091e-01  y = ((0.48192 / log10_sigma) * ((7.089 / log(log10_f)) - 2...
                                      .8111)) / 0.86301
17          1.153e-02  1.052e-01  y = log((log(log10_sigma) + ((-0.96177 - ((alpha_infinity ...
                                      / log10_k0_prime) / log10_f)) + -0.88924)) - (-5.5539 / lo...
                                      g10_f))
───────────────────────────────────────────────────────────────────────────────────────────────────
════════════════════════════════════════════════════════════════════════════════════════════════════
Press 'q' and then <enter> to stop execution early.

Expressions evaluated per second: 1.660e+03
Progress: 23 / 120 total iterations (19.167%)
════════════════════════════════════════════════════════════════════════════════════════════════════
───────────────────────────────────────────────────────────────────────────────────────────────────
Complexity  Loss       Score      Equation
1           3.696e-02  0.000e+00  y = 0.36906
3           3.695e-02  1.718e-04  y = log10_lambda * -0.090948
4           3.607e-02  2.408e-02  y = log(sqrt(sqrt(log10_sigma)))
5           3.420e-02  5.313e-02  y = log(log(log10_sigma + -0.44289))
6           3.021e-02  1.241e-01  y = (-1.43 * -0.47088) / sqrt(log10_f)
9           2.668e-02  4.144e-02  y = ((alpha_infinity__f2_onset - log(log(log10_sigma))) / ...
                                      log10_lambda_prime) - -0.50721
11          2.658e-02  1.775e-03  y = (((alpha_infinity__f2_onset - log(log(log10_sigma))) /...
                                       log10_lambda_prime) - -0.50721) / 1.016
12          1.952e-02  3.091e-01  y = ((0.48192 / log10_sigma) * ((7.089 / log(log10_f)) - 2...
                                      .8111)) / 0.86301
17          1.153e-02  1.052e-01  y = log((log(log10_sigma) + ((-0.96177 - ((alpha_infinity ...
                                      / log10_k0_prime) / log10_f)) + -0.88924)) - (-5.5539 / lo...
                                      g10_f))
───────────────────────────────────────────────────────────────────────────────────────────────────
════════════════════════════════════════════════════════════════════════════════════════════════════
Press 'q' and then <enter> to stop execution early.

Expressions evaluated per second: 1.510e+03
Progress: 28 / 120 total iterations (23.333%)
════════════════════════════════════════════════════════════════════════════════════════════════════
───────────────────────────────────────────────────────────────────────────────────────────────────
Complexity  Loss       Score      Equation
1           3.696e-02  0.000e+00  y = 0.36906
3           3.695e-02  1.718e-04  y = log10_lambda * -0.090948
4           3.607e-02  2.408e-02  y = log(sqrt(sqrt(log10_sigma)))
5           3.420e-02  5.313e-02  y = log(log(log10_sigma + -0.44289))
6           3.021e-02  1.241e-01  y = (-1.43 * -0.47088) / sqrt(log10_f)
9           2.668e-02  4.144e-02  y = ((alpha_infinity__f2_onset - log(log(log10_sigma))) / ...
                                      log10_lambda_prime) - -0.50721
11          2.658e-02  1.775e-03  y = (((alpha_infinity__f2_onset - log(log(log10_sigma))) /...
                                       log10_lambda_prime) - -0.50721) / 1.016
12          1.952e-02  3.091e-01  y = ((0.48192 / log10_sigma) * ((7.089 / log(log10_f)) - 2...
                                      .8111)) / 0.86301
17          1.153e-02  1.052e-01  y = log((log(log10_sigma) + ((-0.96177 - ((alpha_infinity ...
                                      / log10_k0_prime) / log10_f)) + -0.88924)) - (-5.5539 / lo...
                                      g10_f))
───────────────────────────────────────────────────────────────────────────────────────────────────
════════════════════════════════════════════════════════════════════════════════════════════════════
Press 'q' and then <enter> to stop execution early.

Expressions evaluated per second: 1.440e+03
Progress: 32 / 120 total iterations (26.667%)
════════════════════════════════════════════════════════════════════════════════════════════════════
───────────────────────────────────────────────────────────────────────────────────────────────────
Complexity  Loss       Score      Equation
1           3.696e-02  0.000e+00  y = 0.36906
3           3.695e-02  1.718e-04  y = log10_lambda * -0.090948
4           3.607e-02  2.408e-02  y = log(sqrt(sqrt(log10_sigma)))
5           3.420e-02  5.313e-02  y = log(log(log10_sigma + -0.44289))
6           3.021e-02  1.241e-01  y = (-1.43 * -0.47088) / sqrt(log10_f)
9           2.668e-02  4.144e-02  y = ((alpha_infinity__f2_onset - log(log(log10_sigma))) / ...
                                      log10_lambda_prime) - -0.50721
11          2.658e-02  1.775e-03  y = (((alpha_infinity__f2_onset - log(log(log10_sigma))) /...
                                       log10_lambda_prime) - -0.50721) / 1.016
12          1.952e-02  3.091e-01  y = ((0.48192 / log10_sigma) * ((7.089 / log(log10_f)) - 2...
                                      .8111)) / 0.86301
17          1.153e-02  1.052e-01  y = log((log(log10_sigma) + ((-0.96177 - ((alpha_infinity ...
                                      / log10_k0_prime) / log10_f)) + -0.88924)) - (-5.5539 / lo...
                                      g10_f))
───────────────────────────────────────────────────────────────────────────────────────────────────
════════════════════════════════════════════════════════════════════════════════════════════════════
Press 'q' and then <enter> to stop execution early.

Expressions evaluated per second: 1.380e+03
Progress: 37 / 120 total iterations (30.833%)
════════════════════════════════════════════════════════════════════════════════════════════════════
───────────────────────────────────────────────────────────────────────────────────────────────────
Complexity  Loss       Score      Equation
1           3.696e-02  0.000e+00  y = 0.36906
3           3.695e-02  1.718e-04  y = log10_lambda * -0.090948
4           3.607e-02  2.408e-02  y = log(sqrt(sqrt(log10_sigma)))
5           3.420e-02  5.313e-02  y = log(log(log10_sigma + -0.44289))
6           3.021e-02  1.241e-01  y = (-1.43 * -0.47088) / sqrt(log10_f)
8           2.965e-02  9.316e-03  y = ((sqrt(alpha_infinity__f2_onset) / log10_lambda) - -1....
                                      1132) / 2.1382
9           2.668e-02  1.057e-01  y = ((alpha_infinity__f2_onset - log(log(log10_sigma))) / ...
                                      log10_lambda_prime) - -0.50721
10          2.290e-02  1.525e-01  y = 0.27537 / sqrt(sqrt(sqrt((alpha_infinity__f2_onset / -...
                                      1.298) / -1.43)))
12          1.952e-02  8.006e-02  y = ((0.48192 / log10_sigma) * ((7.089 / log(log10_f)) - 2...
                                      .8111)) / 0.86301
16          1.805e-02  1.958e-02  y = (((alpha_infinity__f2_onset - sqrt((alpha_infinity - -...
                                      2.9774) - (2.9563 - alpha_infinity))) / log10_lambda_prime...
                                      ) - -1.0072) / log10_f
17          1.153e-02  4.479e-01  y = log((log(log10_sigma) + ((-0.96177 - ((alpha_infinity ...
                                      / log10_k0_prime) / log10_f)) + -0.88924)) - (-5.5539 / lo...
                                      g10_f))
───────────────────────────────────────────────────────────────────────────────────────────────────
════════════════════════════════════════════════════════════════════════════════════════════════════
Press 'q' and then <enter> to stop execution early.

Expressions evaluated per second: 1.160e+03
Progress: 43 / 120 total iterations (35.833%)
════════════════════════════════════════════════════════════════════════════════════════════════════
───────────────────────────────────────────────────────────────────────────────────────────────────
Complexity  Loss       Score      Equation
1           3.696e-02  0.000e+00  y = 0.36906
3           3.695e-02  1.718e-04  y = log10_lambda * -0.090948
4           3.607e-02  2.408e-02  y = log(sqrt(sqrt(log10_sigma)))
5           1.567e-02  8.340e-01  y = 0.27537 / sqrt(sqrt(alpha_infinity__f2_onset))
11          1.307e-02  3.015e-02  y = log(sqrt(sqrt(sqrt((log10_f / (alpha_infinity__f2_onse...
                                      t / log10_lambda)) / -1.1148))))
15          1.281e-02  5.028e-03  y = log(sqrt(sqrt(sqrt((log10_f / (alpha_infinity__f2_onse...
                                      t / log10_lambda)) / (-0.60075 - (2.731 / log10_sigma)))))...
                                      )
17          1.153e-02  5.273e-02  y = log((log(log10_sigma) + ((-0.96177 - ((alpha_infinity ...
                                      / log10_k0_prime) / log10_f)) + -0.88924)) - (-5.5539 / lo...
                                      g10_f))
───────────────────────────────────────────────────────────────────────────────────────────────────
════════════════════════════════════════════════════════════════════════════════════════════════════
Press 'q' and then <enter> to stop execution early.

Expressions evaluated per second: 1.400e+03
Progress: 53 / 120 total iterations (44.167%)
════════════════════════════════════════════════════════════════════════════════════════════════════
───────────────────────────────────────────────────────────────────────────────────────────────────
Complexity  Loss       Score      Equation
1           3.696e-02  0.000e+00  y = 0.36906
3           2.384e-02  2.192e-01  y = 1.2415 / log10_f
5           1.567e-02  2.100e-01  y = 0.27537 / sqrt(sqrt(alpha_infinity__f2_onset))
6           1.485e-02  5.335e-02  y = log(0.85125 / log(sqrt(log10_f)))
11          1.307e-02  2.551e-02  y = log(sqrt(sqrt(sqrt((log10_f / (alpha_infinity__f2_onse...
                                      t / log10_lambda)) / -1.1148))))
15          1.281e-02  5.028e-03  y = log(sqrt(sqrt(sqrt((log10_f / (alpha_infinity__f2_onse...
                                      t / log10_lambda)) / (-0.60075 - (2.731 / log10_sigma)))))...
                                      )
17          1.153e-02  5.273e-02  y = log((log(log10_sigma) + ((-0.96177 - ((alpha_infinity ...
                                      / log10_k0_prime) / log10_f)) + -0.88924)) - (-5.5539 / lo...
                                      g10_f))
───────────────────────────────────────────────────────────────────────────────────────────────────
════════════════════════════════════════════════════════════════════════════════════════════════════
Press 'q' and then <enter> to stop execution early.

Expressions evaluated per second: 1.410e+03
Progress: 58 / 120 total iterations (48.333%)
════════════════════════════════════════════════════════════════════════════════════════════════════
───────────────────────────────────────────────────────────────────────────────────────────────────
Complexity  Loss       Score      Equation
1           3.696e-02  0.000e+00  y = 0.36906
3           2.384e-02  2.192e-01  y = 1.2415 / log10_f
5           1.567e-02  2.100e-01  y = 0.27537 / sqrt(sqrt(alpha_infinity__f2_onset))
6           1.485e-02  5.335e-02  y = log(0.85125 / log(sqrt(log10_f)))
8           1.294e-02  6.890e-02  y = (0.68387 / sqrt(sqrt(sqrt(alpha_infinity__f2_onset))))...
                                       + -0.36916
15          1.281e-02  1.409e-03  y = log(sqrt(sqrt(sqrt((log10_f / (alpha_infinity__f2_onse...
                                      t / log10_lambda)) / (-0.60075 - (2.731 / log10_sigma)))))...
                                      )
17          1.153e-02  5.273e-02  y = log((log(log10_sigma) + ((-0.96177 - ((alpha_infinity ...
                                      / log10_k0_prime) / log10_f)) + -0.88924)) - (-5.5539 / lo...
                                      g10_f))
───────────────────────────────────────────────────────────────────────────────────────────────────
════════════════════════════════════════════════════════════════════════════════════════════════════
Press 'q' and then <enter> to stop execution early.

Expressions evaluated per second: 1.390e+03
Progress: 64 / 120 total iterations (53.333%)
════════════════════════════════════════════════════════════════════════════════════════════════════
───────────────────────────────────────────────────────────────────────────────────────────────────
Complexity  Loss       Score      Equation
1           3.696e-02  0.000e+00  y = 0.36906
3           2.384e-02  2.192e-01  y = 1.2415 / log10_f
5           1.567e-02  2.100e-01  y = 0.27537 / sqrt(sqrt(alpha_infinity__f2_onset))
6           1.485e-02  5.335e-02  y = log(0.85125 / log(sqrt(log10_f)))
8           1.294e-02  6.890e-02  y = (0.68387 / sqrt(sqrt(sqrt(alpha_infinity__f2_onset))))...
                                       + -0.36916
15          1.281e-02  1.409e-03  y = log(sqrt(sqrt(sqrt((log10_f / (alpha_infinity__f2_onse...
                                      t / log10_lambda)) / (-0.60075 - (2.731 / log10_sigma)))))...
                                      )
17          1.153e-02  5.273e-02  y = log((log(log10_sigma) + ((-0.96177 - ((alpha_infinity ...
                                      / log10_k0_prime) / log10_f)) + -0.88924)) - (-5.5539 / lo...
                                      g10_f))
19          1.138e-02  6.546e-03  y = log((log(log10_sigma) + ((-0.96177 - (((alpha_infinity...
                                      __f2_onset + 0.44319) / log10_k0_prime) / log10_f)) + -0.8...
                                      8924)) - (-5.5539 / log10_f))
───────────────────────────────────────────────────────────────────────────────────────────────────
════════════════════════════════════════════════════════════════════════════════════════════════════
Press 'q' and then <enter> to stop execution early.

Expressions evaluated per second: 1.470e+03
Progress: 70 / 120 total iterations (58.333%)
════════════════════════════════════════════════════════════════════════════════════════════════════
───────────────────────────────────────────────────────────────────────────────────────────────────
Complexity  Loss       Score      Equation
1           3.696e-02  0.000e+00  y = 0.36906
3           2.384e-02  2.192e-01  y = 1.2415 / log10_f
5           1.567e-02  2.100e-01  y = 0.27537 / sqrt(sqrt(alpha_infinity__f2_onset))
6           1.485e-02  5.335e-02  y = log(0.85125 / log(sqrt(log10_f)))
8           1.294e-02  6.890e-02  y = (0.68387 / sqrt(sqrt(sqrt(alpha_infinity__f2_onset))))...
                                       + -0.36916
15          1.257e-02  4.153e-03  y = log(sqrt(sqrt(sqrt((log10_f / (alpha_infinity__f2_onse...
                                      t / log10_lambda)) / (-0.20978 - (4.1397 / log10_sigma))))...
                                      ))
17          1.153e-02  4.313e-02  y = log((log(log10_sigma) + ((-0.96177 - ((alpha_infinity ...
                                      / log10_k0_prime) / log10_f)) + -0.88924)) - (-5.5539 / lo...
                                      g10_f))
19          1.138e-02  6.546e-03  y = log((log(log10_sigma) + ((-0.96177 - (((alpha_infinity...
                                      __f2_onset + 0.44319) / log10_k0_prime) / log10_f)) + -0.8...
                                      8924)) - (-5.5539 / log10_f))
───────────────────────────────────────────────────────────────────────────────────────────────────
════════════════════════════════════════════════════════════════════════════════════════════════════
Press 'q' and then <enter> to stop execution early.

Expressions evaluated per second: 1.470e+03
Progress: 75 / 120 total iterations (62.500%)
════════════════════════════════════════════════════════════════════════════════════════════════════
───────────────────────────────────────────────────────────────────────────────────────────────────
Complexity  Loss       Score      Equation
1           3.696e-02  0.000e+00  y = 0.36906
3           2.384e-02  2.192e-01  y = 1.2415 / log10_f
5           1.567e-02  2.100e-01  y = 0.27537 / sqrt(sqrt(alpha_infinity__f2_onset))
6           1.485e-02  5.335e-02  y = log(0.85125 / log(sqrt(log10_f)))
8           1.294e-02  6.890e-02  y = (0.68387 / sqrt(sqrt(sqrt(alpha_infinity__f2_onset))))...
                                       + -0.36916
14          1.183e-02  1.500e-02  y = log(sqrt((log(log10_sigma) + (-0.88411 - (-5.6589 / lo...
                                      g10_f))) + -0.95665)) * 2.0108
17          1.153e-02  8.439e-03  y = log((log(log10_sigma) + ((-0.96177 - ((alpha_infinity ...
                                      / log10_k0_prime) / log10_f)) + -0.88924)) - (-5.5539 / lo...
                                      g10_f))
19          1.138e-02  6.546e-03  y = log((log(log10_sigma) + ((-0.96177 - (((alpha_infinity...
                                      __f2_onset + 0.44319) / log10_k0_prime) / log10_f)) + -0.8...
                                      8924)) - (-5.5539 / log10_f))
───────────────────────────────────────────────────────────────────────────────────────────────────
════════════════════════════════════════════════════════════════════════════════════════════════════
Press 'q' and then <enter> to stop execution early.

Expressions evaluated per second: 1.460e+03
Progress: 79 / 120 total iterations (65.833%)
════════════════════════════════════════════════════════════════════════════════════════════════════
───────────────────────────────────────────────────────────────────────────────────────────────────
Complexity  Loss       Score      Equation
1           3.696e-02  0.000e+00  y = 0.36906
3           2.384e-02  2.192e-01  y = 1.2415 / log10_f
5           1.567e-02  2.100e-01  y = 0.27537 / sqrt(sqrt(alpha_infinity__f2_onset))
6           1.485e-02  5.335e-02  y = log(0.85125 / log(sqrt(log10_f)))
8           1.294e-02  6.890e-02  y = (0.68387 / sqrt(sqrt(sqrt(alpha_infinity__f2_onset))))...
                                       + -0.36916
14          1.183e-02  1.500e-02  y = log(sqrt((log(log10_sigma) + (-0.88411 - (-5.6589 / lo...
                                      g10_f))) + -0.95665)) * 2.0108
17          1.153e-02  8.439e-03  y = log((log(log10_sigma) + ((-0.96177 - ((alpha_infinity ...
                                      / log10_k0_prime) / log10_f)) + -0.88924)) - (-5.5539 / lo...
                                      g10_f))
19          1.138e-02  6.546e-03  y = log((log(log10_sigma) + ((-0.96177 - (((alpha_infinity...
                                      __f2_onset + 0.44319) / log10_k0_prime) / log10_f)) + -0.8...
                                      8924)) - (-5.5539 / log10_f))
───────────────────────────────────────────────────────────────────────────────────────────────────
════════════════════════════════════════════════════════════════════════════════════════════════════
Press 'q' and then <enter> to stop execution early.

Expressions evaluated per second: 1.240e+03
Progress: 84 / 120 total iterations (70.000%)
════════════════════════════════════════════════════════════════════════════════════════════════════

Training global model: global_100_4950 (100.00-4950.00 Hz), train/validation/test rows=89600/19200/inaccessible

Global PySR training complete.
    global_name  complexity  validation_rmse
global_100_4950          15         0.100324
Artifacts saved to: C:\MasterThesis_Project_R\surrogate_model\global_symbolic_regression\artifacts\re\train\20260816_f2_r1_c1800_t18
───────────────────────────────────────────────────────────────────────────────────────────────────
Complexity  Loss       Score      Equation
1           3.696e-02  0.000e+00  y = 0.36906
3           2.384e-02  2.192e-01  y = 1.2415 / log10_f
5           1.567e-02  2.100e-01  y = 0.27537 / sqrt(sqrt(alpha_infinity__f2_onset))
6           1.485e-02  5.335e-02  y = log(0.85125 / log(sqrt(log10_f)))
8           1.294e-02  6.890e-02  y = (0.68387 / sqrt(sqrt(sqrt(alpha_infinity__f2_onset))))...
                                       + -0.36916
14          1.183e-02  1.500e-02  y = log(sqrt((log(log10_sigma) + (-0.88411 - (-5.6589 / lo...
                                      g10_f))) + -0.95665)) * 2.0108
17          1.153e-02  8.439e-03  y = log((log(log10_sigma) + ((-0.96177 - ((alpha_infinity ...
                                      / log10_k0_prime) / log10_f)) + -0.88924)) - (-5.5539 / lo...
                                      g10_f))
19          1.138e-02  6.546e-03  y = log((log(log10_sigma) + ((-0.96177 - (((alpha_infinity...
                                      __f2_onset + 0.44319) / log10_k0_prime) / log10_f)) + -0.8...
                                      8924)) - (-5.5539 / log10_f))
───────────────────────────────────────────────────────────────────────────────────────────────────
════════════════════════════════════════════════════════════════════════════════════════════════════
Press 'q' and then <enter> to stop execution early.

Expressions evaluated per second: 1.130e+03
Progress: 89 / 120 total iterations (74.167%)
════════════════════════════════════════════════════════════════════════════════════════════════════
───────────────────────────────────────────────────────────────────────────────────────────────────
Complexity  Loss       Score      Equation
1           3.696e-02  0.000e+00  y = 0.36906
3           2.384e-02  2.192e-01  y = 1.2415 / log10_f
5           1.567e-02  2.100e-01  y = 0.27537 / sqrt(sqrt(alpha_infinity__f2_onset))
6           1.485e-02  5.335e-02  y = log(0.85125 / log(sqrt(log10_f)))
8           1.294e-02  6.890e-02  y = (0.68387 / sqrt(sqrt(sqrt(alpha_infinity__f2_onset))))...
                                       + -0.36916
14          1.183e-02  1.500e-02  y = log(sqrt((log(log10_sigma) + (-0.88411 - (-5.6589 / lo...
                                      g10_f))) + -0.95665)) * 2.0108
15          1.106e-02  6.665e-02  y = log(((log(log10_sigma) + -3.3918) - (2.0979 / (log10_k...
                                      0_prime / log10_f))) - (-8.0614 / log10_f))
───────────────────────────────────────────────────────────────────────────────────────────────────
════════════════════════════════════════════════════════════════════════════════════════════════════
Press 'q' and then <enter> to stop execution early.

Expressions evaluated per second: 1.120e+03
Progress: 92 / 120 total iterations (76.667%)
════════════════════════════════════════════════════════════════════════════════════════════════════
───────────────────────────────────────────────────────────────────────────────────────────────────
Complexity  Loss       Score      Equation
1           3.696e-02  0.000e+00  y = 0.36906
3           2.384e-02  2.192e-01  y = 1.2415 / log10_f
5           1.567e-02  2.100e-01  y = 0.27537 / sqrt(sqrt(alpha_infinity__f2_onset))
6           1.485e-02  5.335e-02  y = log(0.85125 / log(sqrt(log10_f)))
8           1.294e-02  6.890e-02  y = (0.68387 / sqrt(sqrt(sqrt(alpha_infinity__f2_onset))))...
                                       + -0.36916
11          1.195e-02  2.649e-02  y = log(((log(log10_sigma) + -0.88924) + -0.88924) - (-5.5...
                                      539 / log10_f))
14          1.183e-02  3.514e-03  y = log(sqrt((log(log10_sigma) + (-0.88411 - (-5.6589 / lo...
                                      g10_f))) + -0.95665)) * 2.0108
15          1.073e-02  9.771e-02  y = log(((log(log10_sigma) + -1.0836) + (-1.0111 - (alpha_...
                                      infinity__f2_high / log10_k0_prime))) - (-6.0532 / log10_f...
                                      ))
19          9.903e-03  1.995e-02  y = log((log(log10_sigma) + -1.7834) + (((-1.3094 - (alpha...
                                      _infinity__f2_high * (alpha_infinity__f2_high / log10_k0_p...
                                      rime))) / log10_sigma) - (-6.3245 / log10_f)))
───────────────────────────────────────────────────────────────────────────────────────────────────
════════════════════════════════════════════════════════════════════════════════════════════════════
Press 'q' and then <enter> to stop execution early.

Expressions evaluated per second: 1.160e+03
Progress: 98 / 120 total iterations (81.667%)
════════════════════════════════════════════════════════════════════════════════════════════════════
───────────────────────────────────────────────────────────────────────────────────────────────────
Complexity  Loss       Score      Equation
1           3.696e-02  0.000e+00  y = 0.36906
3           2.384e-02  2.192e-01  y = 1.2415 / log10_f
5           1.567e-02  2.100e-01  y = 0.27537 / sqrt(sqrt(alpha_infinity__f2_onset))
6           1.485e-02  5.335e-02  y = log(0.85125 / log(sqrt(log10_f)))
8           1.294e-02  6.890e-02  y = (0.68387 / sqrt(sqrt(sqrt(alpha_infinity__f2_onset))))...
                                       + -0.36916
11          1.195e-02  2.649e-02  y = log(((log(log10_sigma) + -0.88924) + -0.88924) - (-5.5...
                                      539 / log10_f))
13          1.192e-02  1.399e-03  y = log(-1.0113 + ((log(log10_sigma) + (-1.0838 - -0.26934...
                                      )) - (-5.6009 / log10_f)))
14          1.183e-02  7.745e-03  y = log(sqrt((log(log10_sigma) + (-0.88411 - (-5.6589 / lo...
                                      g10_f))) + -0.95665)) * 2.0108
15          1.073e-02  9.771e-02  y = log(((log(log10_sigma) + -1.0836) + (-1.0111 - (alpha_...
                                      infinity__f2_high / log10_k0_prime))) - (-6.0532 / log10_f...
                                      ))
19          9.903e-03  1.995e-02  y = log((log(log10_sigma) + -1.7834) + (((-1.3094 - (alpha...
                                      _infinity__f2_high * (alpha_infinity__f2_high / log10_k0_p...
                                      rime))) / log10_sigma) - (-6.3245 / log10_f)))
───────────────────────────────────────────────────────────────────────────────────────────────────
════════════════════════════════════════════════════════════════════════════════════════════════════
Press 'q' and then <enter> to stop execution early.

Expressions evaluated per second: 1.100e+03
Progress: 102 / 120 total iterations (85.000%)
════════════════════════════════════════════════════════════════════════════════════════════════════
───────────────────────────────────────────────────────────────────────────────────────────────────
Complexity  Loss       Score      Equation
1           3.696e-02  0.000e+00  y = 0.36906
3           2.384e-02  2.192e-01  y = 1.2415 / log10_f
5           1.567e-02  2.100e-01  y = 0.27537 / sqrt(sqrt(alpha_infinity__f2_onset))
6           1.485e-02  5.335e-02  y = log(0.85125 / log(sqrt(log10_f)))
8           1.294e-02  6.890e-02  y = (0.68387 / sqrt(sqrt(sqrt(alpha_infinity__f2_onset))))...
                                       + -0.36916
11          1.195e-02  2.649e-02  y = log(((log(log10_sigma) + -0.88924) + -0.88924) - (-5.5...
                                      539 / log10_f))
13          1.192e-02  1.399e-03  y = log(-1.0113 + ((log(log10_sigma) + (-1.0838 - -0.26934...
                                      )) - (-5.6009 / log10_f)))
14          1.183e-02  7.745e-03  y = log(sqrt((log(log10_sigma) + (-0.88411 - (-5.6589 / lo...
                                      g10_f))) + -0.95665)) * 2.0108
15          1.073e-02  9.771e-02  y = log(((log(log10_sigma) + -1.0836) + (-1.0111 - (alpha_...
                                      infinity__f2_high / log10_k0_prime))) - (-6.0532 / log10_f...
                                      ))
19          9.903e-03  1.995e-02  y = log((log(log10_sigma) + -1.7834) + (((-1.3094 - (alpha...
                                      _infinity__f2_high * (alpha_infinity__f2_high / log10_k0_p...
                                      rime))) / log10_sigma) - (-6.3245 / log10_f)))
───────────────────────────────────────────────────────────────────────────────────────────────────
════════════════════════════════════════════════════════════════════════════════════════════════════
Press 'q' and then <enter> to stop execution early.

Expressions evaluated per second: 1.070e+03
Progress: 107 / 120 total iterations (89.167%)
════════════════════════════════════════════════════════════════════════════════════════════════════
───────────────────────────────────────────────────────────────────────────────────────────────────
Complexity  Loss       Score      Equation
1           3.696e-02  0.000e+00  y = 0.36906
3           2.384e-02  2.192e-01  y = 1.2415 / log10_f
5           1.567e-02  2.100e-01  y = 0.27537 / sqrt(sqrt(alpha_infinity__f2_onset))
6           1.485e-02  5.335e-02  y = log(0.85125 / log(sqrt(log10_f)))
8           1.294e-02  6.890e-02  y = (0.68387 / sqrt(sqrt(sqrt(alpha_infinity__f2_onset))))...
                                       + -0.36916
11          1.195e-02  2.649e-02  y = log(((log(log10_sigma) + -0.88924) + -0.88924) - (-5.5...
                                      539 / log10_f))
13          1.192e-02  1.399e-03  y = log(-1.0113 + ((log(log10_sigma) + (-1.0838 - -0.26934...
                                      )) - (-5.6009 / log10_f)))
14          1.183e-02  7.745e-03  y = log(sqrt((log(log10_sigma) + (-0.88411 - (-5.6589 / lo...
                                      g10_f))) + -0.95665)) * 2.0108
15          1.073e-02  9.771e-02  y = log(((log(log10_sigma) + -1.0836) + (-1.0111 - (alpha_...
                                      infinity__f2_high / log10_k0_prime))) - (-6.0532 / log10_f...
                                      ))
19          9.903e-03  1.995e-02  y = log((log(log10_sigma) + -1.7834) + (((-1.3094 - (alpha...
                                      _infinity__f2_high * (alpha_infinity__f2_high / log10_k0_p...
                                      rime))) / log10_sigma) - (-6.3245 / log10_f)))
───────────────────────────────────────────────────────────────────────────────────────────────────
════════════════════════════════════════════════════════════════════════════════════════════════════
Press 'q' and then <enter> to stop execution early.

Expressions evaluated per second: 1.170e+03
Progress: 116 / 120 total iterations (96.667%)
════════════════════════════════════════════════════════════════════════════════════════════════════
───────────────────────────────────────────────────────────────────────────────────────────────────
Complexity  Loss       Score      Equation
1           3.696e-02  0.000e+00  y = 0.36906
3           2.384e-02  2.192e-01  y = 1.2415 / log10_f
5           1.567e-02  2.100e-01  y = 0.27537 / sqrt(sqrt(alpha_infinity__f2_onset))
6           1.485e-02  5.335e-02  y = log(0.85125 / log(sqrt(log10_f)))
8           1.294e-02  6.890e-02  y = (0.68387 / sqrt(sqrt(sqrt(alpha_infinity__f2_onset))))...
                                       + -0.36916
11          1.195e-02  2.649e-02  y = log(((log(log10_sigma) + -0.88924) + -0.88924) - (-5.5...
                                      539 / log10_f))
13          1.192e-02  1.399e-03  y = log(-1.0113 + ((log(log10_sigma) + (-1.0838 - -0.26934...
                                      )) - (-5.6009 / log10_f)))
14          1.183e-02  7.745e-03  y = log(sqrt((log(log10_sigma) + (-0.88411 - (-5.6589 / lo...
                                      g10_f))) + -0.95665)) * 2.0108
15          1.073e-02  9.771e-02  y = log(((log(log10_sigma) + -1.0836) + (-1.0111 - (alpha_...
                                      infinity__f2_high / log10_k0_prime))) - (-6.0532 / log10_f...
                                      ))
19          9.903e-03  1.995e-02  y = log((log(log10_sigma) + -1.7834) + (((-1.3094 - (alpha...
                                      _infinity__f2_high * (alpha_infinity__f2_high / log10_k0_p...
                                      rime))) / log10_sigma) - (-6.3245 / log10_f)))
───────────────────────────────────────────────────────────────────────────────────────────────────
════════════════════════════════════════════════════════════════════════════════════════════════════
Press 'q' and then <enter> to stop execution early.
───────────────────────────────────────────────────────────────────────────────────────────────────
Complexity  Loss       Score      Equation
1           3.696e-02  0.000e+00  y = 0.36906
3           2.384e-02  2.192e-01  y = 1.2415 / log10_f
5           1.567e-02  2.100e-01  y = 0.27537 / sqrt(sqrt(alpha_infinity__f2_onset))
6           1.485e-02  5.335e-02  y = log(0.85125 / log(sqrt(log10_f)))
8           1.294e-02  6.890e-02  y = (0.68387 / sqrt(sqrt(sqrt(alpha_infinity__f2_onset))))...
                                       + -0.36916
11          1.195e-02  2.649e-02  y = log(((log(log10_sigma) + -0.88924) + -0.88924) - (-5.5...
                                      539 / log10_f))
13          1.192e-02  1.399e-03  y = log(-1.0113 + ((log(log10_sigma) + (-1.0838 - -0.26934...
                                      )) - (-5.6009 / log10_f)))
14          1.183e-02  7.745e-03  y = log(sqrt((log(log10_sigma) + (-0.88411 - (-5.6589 / lo...
                                      g10_f))) + -0.95665)) * 2.0108
15          1.073e-02  9.771e-02  y = log(((log(log10_sigma) + -1.0836) + (-1.0111 - (alpha_...
                                      infinity__f2_high / log10_k0_prime))) - (-6.0532 / log10_f...
                                      ))
19          9.903e-03  1.995e-02  y = log((log(log10_sigma) + -1.7834) + (((-1.3094 - (alpha...
                                      _infinity__f2_high * (alpha_infinity__f2_high / log10_k0_p...
                                      rime))) / log10_sigma) - (-6.3245 / log10_f)))
───────────────────────────────────────────────────────────────────────────────────────────────────
  - C:/MasterThesis_Project_R/surrogate_model/global_symbolic_regression/artifacts/re/train/20260816_f2_r1_c1800_t18/pysr_runs/global_100_4950\global_100_4950\hall_of_fame.csv
COMMAND: C:\MasterThesis_Project_R\surrogate_model\segmented_symbolic_regression\.venv_py311\Scripts\python.exe C:\MasterThesis_Project_R\surrogate_model\global_symbolic_regression\evaluate_global_symbolic_candidates.py --target re --dataset-run run1 --training-dir C:\MasterThesis_Project_R\surrogate_model\global_symbolic_regression\artifacts\re\train\20260816_f2_r1_c1800_t18 --output-dir C:\MasterThesis_Project_R\surrogate_model\global_symbolic_regression\artifacts\re\eval\20260816_f2_r1_c1800_t18_v --selection-rule best_loss --validation-only
Global symbolic candidate evaluation complete.
Candidate metrics: C:\MasterThesis_Project_R\surrogate_model\global_symbolic_regression\artifacts\re\eval\20260816_f2_r1_c1800_t18_v\candidate_metrics.csv
Selected candidate: 10
Validation-only selected-formula metrics: RMSE=0.095121, MAE=0.065282, R2=0.749673; test rows were not accessed.
Figures saved to: C:\MasterThesis_Project_R\surrogate_model\global_symbolic_regression\artifacts\re\eval\20260816_f2_r1_c1800_t18_v\figures

[RE r1_c1800_t24] screen training
COMMAND: C:\MasterThesis_Project_R\surrogate_model\segmented_symbolic_regression\.venv_py311\Scripts\python.exe C:\MasterThesis_Project_R\surrogate_model\global_symbolic_regression\train_global_symbolic_model.py --target re --dataset-run run1 --output-dir C:\MasterThesis_Project_R\surrogate_model\global_symbolic_regression\artifacts\re\train\20260816_f2_r1_c1800_t24 --feature-branch sobol_modulated --frequency-modulation-spec C:\MasterThesis_Project_R\surrogate_model\global_symbolic_regression\artifacts\f2_manifests\20260816_f2\specs\re_r1_c1800_t24.json --random-seed 42 --niterations 20 --populations 6 --population-size 40 --maxsize 24 --model-selection best --validation-only

Expressions evaluated per second: 3.040e+03
Progress: 13 / 120 total iterations (10.833%)
════════════════════════════════════════════════════════════════════════════════════════════════════
───────────────────────────────────────────────────────────────────────────────────────────────────
Complexity  Loss       Score      Equation
1           3.696e-02  0.000e+00  y = 0.36906
3           3.695e-02  1.718e-04  y = log10_lambda * -0.090948
4           3.691e-02  1.099e-03  y = sqrt(log10_lambda * -0.03391)
5           1.639e-02  8.119e-01  y = 0.39177 / (alpha_infinity__f2_onset + 0.42032)
17          1.153e-02  2.929e-02  y = log((log(log10_sigma) + ((-0.96177 - ((alpha_infinity ...
                                      / log10_k0_prime) / log10_f)) + -0.88924)) - (-5.5539 / lo...
                                      g10_f))
───────────────────────────────────────────────────────────────────────────────────────────────────
════════════════════════════════════════════════════════════════════════════════════════════════════
Press 'q' and then <enter> to stop execution early.

Expressions evaluated per second: 2.560e+03
Progress: 22 / 120 total iterations (18.333%)
════════════════════════════════════════════════════════════════════════════════════════════════════
───────────────────────────────────────────────────────────────────────────────────────────────────
Complexity  Loss       Score      Equation
1           3.696e-02  0.000e+00  y = 0.36906
3           3.695e-02  1.718e-04  y = log10_lambda * -0.090948
4           3.691e-02  1.099e-03  y = sqrt(log10_lambda * -0.03391)
5           1.639e-02  8.119e-01  y = 0.39177 / (alpha_infinity__f2_onset + 0.42032)
11          1.104e-02  6.586e-02  y = ((0.57713 / (alpha_infinity__f2_onset + 0.21279)) * 0....
                                      3874) + (alpha_infinity__f2_onset * 0.11179)
───────────────────────────────────────────────────────────────────────────────────────────────────
════════════════════════════════════════════════════════════════════════════════════════════════════
Press 'q' and then <enter> to stop execution early.

Expressions evaluated per second: 2.210e+03
Progress: 29 / 120 total iterations (24.167%)
════════════════════════════════════════════════════════════════════════════════════════════════════
───────────────────────────────────────────────────────────────────────────────────────────────────
Complexity  Loss       Score      Equation
1           3.696e-02  0.000e+00  y = 0.36906
3           3.695e-02  1.718e-04  y = log10_lambda * -0.090948
4           3.691e-02  1.099e-03  y = sqrt(log10_lambda * -0.03391)
5           1.639e-02  8.119e-01  y = 0.39177 / (alpha_infinity__f2_onset + 0.42032)
7           1.583e-02  1.733e-02  y = -1.4833 / ((alpha_infinity__f2_onset * -2.9605) + -1.7...
                                      644)
9           1.505e-02  2.525e-02  y = (0.40913 / ((0.85254 / alpha_infinity) + alpha_infinit...
                                      y__f2_onset)) + 0.07375
11          1.104e-02  1.550e-01  y = ((0.57713 / (alpha_infinity__f2_onset + 0.21279)) * 0....
                                      3874) + (alpha_infinity__f2_onset * 0.11179)
───────────────────────────────────────────────────────────────────────────────────────────────────
════════════════════════════════════════════════════════════════════════════════════════════════════
Press 'q' and then <enter> to stop execution early.

Expressions evaluated per second: 2.590e+03
Progress: 44 / 120 total iterations (36.667%)
════════════════════════════════════════════════════════════════════════════════════════════════════
───────────────────────────────────────────────────────────────────────────────────────────────────
Complexity  Loss       Score      Equation
1           3.696e-02  0.000e+00  y = 0.36906
3           3.695e-02  1.718e-04  y = log10_lambda * -0.090948
4           3.112e-02  1.716e-01  y = sqrt(0.39177 / log10_f)
5           1.639e-02  6.415e-01  y = 0.39177 / (alpha_infinity__f2_onset + 0.42032)
6           1.312e-02  2.220e-01  y = 0.32303 / sqrt(alpha_infinity__f2_onset + 0.096991)
8           1.310e-02  1.091e-03  y = 0.34938 / (0.07375 + sqrt(0.07375 + alpha_infinity__f2...
                                      _onset))
9           1.213e-02  7.641e-02  y = (0.12382 / ((alpha_infinity__f2_onset + 0.15059) * 0.9...
                                      2672)) + 0.19591
11          1.104e-02  4.727e-02  y = ((0.57713 / (alpha_infinity__f2_onset + 0.21279)) * 0....
                                      3874) + (alpha_infinity__f2_onset * 0.11179)
───────────────────────────────────────────────────────────────────────────────────────────────────
════════════════════════════════════════════════════════════════════════════════════════════════════
Press 'q' and then <enter> to stop execution early.

Expressions evaluated per second: 2.570e+03
Progress: 53 / 120 total iterations (44.167%)
════════════════════════════════════════════════════════════════════════════════════════════════════
───────────────────────────────────────────────────────────────────────────────────────────────────
Complexity  Loss       Score      Equation
1           3.696e-02  0.000e+00  y = 0.36906
3           2.384e-02  2.192e-01  y = 1.2415 / log10_f
5           1.333e-02  2.908e-01  y = (3.6613 / log10_f) + -0.76012
6           1.312e-02  1.538e-02  y = 0.32303 / sqrt(alpha_infinity__f2_onset + 0.096991)
8           1.310e-02  1.091e-03  y = 0.34938 / (0.07375 + sqrt(0.07375 + alpha_infinity__f2...
                                      _onset))
9           1.213e-02  7.641e-02  y = (0.12382 / ((alpha_infinity__f2_onset + 0.15059) * 0.9...
                                      2672)) + 0.19591
11          1.104e-02  4.727e-02  y = ((0.57713 / (alpha_infinity__f2_onset + 0.21279)) * 0....
                                      3874) + (alpha_infinity__f2_onset * 0.11179)
───────────────────────────────────────────────────────────────────────────────────────────────────
════════════════════════════════════════════════════════════════════════════════════════════════════
Press 'q' and then <enter> to stop execution early.

Expressions evaluated per second: 2.270e+03
Progress: 59 / 120 total iterations (49.167%)
════════════════════════════════════════════════════════════════════════════════════════════════════
───────────────────────────────────────────────────────────────────────────────────────────────────
Complexity  Loss       Score      Equation
1           3.696e-02  0.000e+00  y = 0.36906
3           2.384e-02  2.192e-01  y = 1.2415 / log10_f
5           1.333e-02  2.908e-01  y = (3.6613 / log10_f) + -0.76012
6           1.312e-02  1.538e-02  y = 0.32303 / sqrt(alpha_infinity__f2_onset + 0.096991)
8           1.310e-02  1.091e-03  y = 0.34938 / (0.07375 + sqrt(0.07375 + alpha_infinity__f2...
                                      _onset))
9           1.213e-02  7.641e-02  y = (0.12382 / ((alpha_infinity__f2_onset + 0.15059) * 0.9...
                                      2672)) + 0.19591
11          1.104e-02  4.727e-02  y = ((0.57713 / (alpha_infinity__f2_onset + 0.21279)) * 0....
                                      3874) + (alpha_infinity__f2_onset * 0.11179)
13          1.091e-02  5.765e-03  y = log(log10_f / 5.3337) * ((log(log10_sigma / log10_f) *...
                                       -0.6201) * log10_f)
───────────────────────────────────────────────────────────────────────────────────────────────────
════════════════════════════════════════════════════════════════════════════════════════════════════
Press 'q' and then <enter> to stop execution early.

Expressions evaluated per second: 2.200e+03
Progress: 67 / 120 total iterations (55.833%)
════════════════════════════════════════════════════════════════════════════════════════════════════
───────────────────────────────────────────────────────────────────────────────────────────────────
Complexity  Loss       Score      Equation
1           3.696e-02  0.000e+00  y = 0.36906
3           2.384e-02  2.192e-01  y = 1.2415 / log10_f
5           1.333e-02  2.908e-01  y = (3.6613 / log10_f) + -0.76012
6           1.312e-02  1.538e-02  y = 0.32303 / sqrt(alpha_infinity__f2_onset + 0.096991)
8           1.310e-02  1.091e-03  y = 0.34938 / (0.07375 + sqrt(0.07375 + alpha_infinity__f2...
                                      _onset))
9           1.213e-02  7.641e-02  y = (0.12382 / ((alpha_infinity__f2_onset + 0.15059) * 0.9...
                                      2672)) + 0.19591
11          1.104e-02  4.727e-02  y = ((0.57713 / (alpha_infinity__f2_onset + 0.21279)) * 0....
                                      3874) + (alpha_infinity__f2_onset * 0.11179)
13          1.091e-02  5.765e-03  y = log(log10_f / 5.3337) * ((log(log10_sigma / log10_f) *...
                                       -0.6201) * log10_f)
───────────────────────────────────────────────────────────────────────────────────────────────────
════════════════════════════════════════════════════════════════════════════════════════════════════
Press 'q' and then <enter> to stop execution early.

Expressions evaluated per second: 2.380e+03
Progress: 79 / 120 total iterations (65.833%)
════════════════════════════════════════════════════════════════════════════════════════════════════
───────────────────────────────────────────────────────────────────────────────────────────────────
Complexity  Loss       Score      Equation
1           3.696e-02  0.000e+00  y = 0.36906
3           2.384e-02  2.192e-01  y = 1.2415 / log10_f
5           1.333e-02  2.908e-01  y = (3.6613 / log10_f) + -0.76012
6           1.312e-02  1.539e-02  y = 0.32286 / sqrt(alpha_infinity__f2_onset + 0.096735)
8           1.310e-02  1.090e-03  y = 0.34938 / (0.07375 + sqrt(0.07375 + alpha_infinity__f2...
                                      _onset))
9           1.213e-02  7.641e-02  y = (0.12382 / ((alpha_infinity__f2_onset + 0.15059) * 0.9...
                                      2672)) + 0.19591
11          1.104e-02  4.727e-02  y = ((0.57713 / (alpha_infinity__f2_onset + 0.21279)) * 0....
                                      3874) + (alpha_infinity__f2_onset * 0.11179)
13          1.091e-02  5.765e-03  y = log(log10_f / 5.3337) * ((log(log10_sigma / log10_f) *...
                                       -0.6201) * log10_f)
19          1.037e-02  8.399e-03  y = ((log(0.037825 * (0.7364 - log10_lambda)) - (sqrt(alph...
                                      a_infinity) * log(log10_f))) / log10_f) * log(log10_f / lo...
                                      g10_sigma)
21          1.034e-02  1.872e-03  y = ((log(0.037825 * ((0.62599 / 1.3656) - log10_lambda)) ...
                                      - (sqrt(alpha_infinity) * log(log10_f))) / log10_f) * log(...
                                      log10_f / log10_sigma)
───────────────────────────────────────────────────────────────────────────────────────────────────
════════════════════════════════════════════════════════════════════════════════════════════════════
Press 'q' and then <enter> to stop execution early.

Expressions evaluated per second: 2.400e+03
Progress: 87 / 120 total iterations (72.500%)
════════════════════════════════════════════════════════════════════════════════════════════════════
───────────────────────────────────────────────────────────────────────────────────────────────────
Complexity  Loss       Score      Equation
1           3.696e-02  0.000e+00  y = 0.36906
3           2.384e-02  2.192e-01  y = 1.2415 / log10_f
5           1.333e-02  2.908e-01  y = (3.6613 / log10_f) + -0.76012
6           1.312e-02  1.539e-02  y = 0.32286 / sqrt(alpha_infinity__f2_onset + 0.096735)
8           1.310e-02  1.090e-03  y = 0.34938 / (0.07375 + sqrt(0.07375 + alpha_infinity__f2...
                                      _onset))
9           1.213e-02  7.641e-02  y = (0.12382 / ((alpha_infinity__f2_onset + 0.15059) * 0.9...
                                      2672)) + 0.19591
11          1.104e-02  4.727e-02  y = ((0.57713 / (alpha_infinity__f2_onset + 0.21279)) * 0....
                                      3874) + (alpha_infinity__f2_onset * 0.11179)
13          1.091e-02  5.765e-03  y = log(log10_f / 5.3337) * ((log(log10_sigma / log10_f) *...
                                       -0.6201) * log10_f)
19          1.037e-02  8.399e-03  y = ((log(0.037825 * (0.7364 - log10_lambda)) - (sqrt(alph...
                                      a_infinity) * log(log10_f))) / log10_f) * log(log10_f / lo...
                                      g10_sigma)
21          1.034e-02  1.872e-03  y = ((log(0.037825 * ((0.62599 / 1.3656) - log10_lambda)) ...
                                      - (sqrt(alpha_infinity) * log(log10_f))) / log10_f) * log(...
                                      log10_f / log10_sigma)
───────────────────────────────────────────────────────────────────────────────────────────────────
════════════════════════════════════════════════════════════════════════════════════════════════════
Press 'q' and then <enter> to stop execution early.

Expressions evaluated per second: 2.110e+03
Progress: 92 / 120 total iterations (76.667%)
════════════════════════════════════════════════════════════════════════════════════════════════════
───────────────────────────────────────────────────────────────────────────────────────────────────
Complexity  Loss       Score      Equation
1           3.696e-02  0.000e+00  y = 0.36906
3           2.384e-02  2.192e-01  y = 1.2415 / log10_f
5           1.333e-02  2.908e-01  y = (3.6613 / log10_f) + -0.76012
6           1.312e-02  1.539e-02  y = 0.32286 / sqrt(alpha_infinity__f2_onset + 0.096735)
8           1.310e-02  1.090e-03  y = 0.34938 / (0.07375 + sqrt(0.07375 + alpha_infinity__f2...
                                      _onset))
9           1.213e-02  7.641e-02  y = (0.12382 / ((alpha_infinity__f2_onset + 0.15059) * 0.9...
                                      2672)) + 0.19591
11          1.104e-02  4.727e-02  y = ((0.57713 / (alpha_infinity__f2_onset + 0.21279)) * 0....
                                      3874) + (alpha_infinity__f2_onset * 0.11179)
13          1.078e-02  1.199e-02  y = (log(log10_f / 5.7614) * log(log10_sigma / log10_f)) *...
                                       (log10_f * -0.54755)
19          1.037e-02  6.325e-03  y = ((log(0.037825 * (0.7364 - log10_lambda)) - (sqrt(alph...
                                      a_infinity) * log(log10_f))) / log10_f) * log(log10_f / lo...
                                      g10_sigma)
21          1.034e-02  1.872e-03  y = ((log(0.037825 * ((0.62599 / 1.3656) - log10_lambda)) ...
                                      - (sqrt(alpha_infinity) * log(log10_f))) / log10_f) * log(...
                                      log10_f / log10_sigma)
───────────────────────────────────────────────────────────────────────────────────────────────────
════════════════════════════════════════════════════════════════════════════════════════════════════
Press 'q' and then <enter> to stop execution early.

Expressions evaluated per second: 1.630e+03
Progress: 97 / 120 total iterations (80.833%)
════════════════════════════════════════════════════════════════════════════════════════════════════
───────────────────────────────────────────────────────────────────────────────────────────────────
Complexity  Loss       Score      Equation
1           3.696e-02  0.000e+00  y = 0.36906
3           2.384e-02  2.192e-01  y = 1.2415 / log10_f
5           1.333e-02  2.908e-01  y = (3.6613 / log10_f) + -0.76012
6           1.312e-02  1.539e-02  y = 0.32286 / sqrt(alpha_infinity__f2_onset + 0.096735)
8           1.310e-02  1.090e-03  y = 0.34938 / (0.07375 + sqrt(0.07375 + alpha_infinity__f2...
                                      _onset))
9           1.213e-02  7.641e-02  y = (0.12382 / ((alpha_infinity__f2_onset + 0.15059) * 0.9...
                                      2672)) + 0.19591
11          1.104e-02  4.727e-02  y = ((0.57713 / (alpha_infinity__f2_onset + 0.21279)) * 0....
                                      3874) + (alpha_infinity__f2_onset * 0.11179)
13          1.078e-02  1.199e-02  y = (log(log10_f / 5.7614) * log(log10_sigma / log10_f)) *...
                                       (log10_f * -0.54755)
19          1.037e-02  6.325e-03  y = ((log(0.037825 * (0.7364 - log10_lambda)) - (sqrt(alph...
                                      a_infinity) * log(log10_f))) / log10_f) * log(log10_f / lo...
                                      g10_sigma)
21          1.034e-02  1.872e-03  y = ((log(0.037825 * ((0.62599 / 1.3656) - log10_lambda)) ...
                                      - (sqrt(alpha_infinity) * log(log10_f))) / log10_f) * log(...
                                      log10_f / log10_sigma)
───────────────────────────────────────────────────────────────────────────────────────────────────
════════════════════════════════════════════════════════════════════════════════════════════════════
Press 'q' and then <enter> to stop execution early.

Expressions evaluated per second: 1.620e+03
Progress: 101 / 120 total iterations (84.167%)
════════════════════════════════════════════════════════════════════════════════════════════════════
───────────────────────────────────────────────────────────────────────────────────────────────────
Complexity  Loss       Score      Equation
1           3.696e-02  0.000e+00  y = 0.36906
3           2.384e-02  2.192e-01  y = 1.2415 / log10_f
5           1.333e-02  2.908e-01  y = (3.6613 / log10_f) + -0.76012
6           1.312e-02  1.539e-02  y = 0.32286 / sqrt(alpha_infinity__f2_onset + 0.096735)
8           1.310e-02  1.090e-03  y = 0.34938 / (0.07375 + sqrt(0.07375 + alpha_infinity__f2...
                                      _onset))
9           1.213e-02  7.641e-02  y = (0.12382 / ((alpha_infinity__f2_onset + 0.15059) * 0.9...
                                      2672)) + 0.19591
11          1.104e-02  4.727e-02  y = ((0.57713 / (alpha_infinity__f2_onset + 0.21279)) * 0....
                                      3874) + (alpha_infinity__f2_onset * 0.11179)
13          1.078e-02  1.199e-02  y = (log(log10_f / 5.7614) * log(log10_sigma / log10_f)) *...
                                       (log10_f * -0.54755)
19          1.037e-02  6.325e-03  y = ((log(0.037825 * (0.7364 - log10_lambda)) - (sqrt(alph...
                                      a_infinity) * log(log10_f))) / log10_f) * log(log10_f / lo...
                                      g10_sigma)
21          1.034e-02  1.872e-03  y = ((log(0.037825 * ((0.62599 / 1.3656) - log10_lambda)) ...
                                      - (sqrt(alpha_infinity) * log(log10_f))) / log10_f) * log(...
                                      log10_f / log10_sigma)
23          1.031e-02  1.292e-03  y = (((0.037825 * log(0.7364 - log10_lambda)) - log((log10...
                                      _f * (0.7364 - log10_lambda)) * sqrt(log10_f))) / log10_f)...
                                       * log(log10_f / log10_sigma)
───────────────────────────────────────────────────────────────────────────────────────────────────
════════════════════════════════════════════════════════════════════════════════════════════════════
Press 'q' and then <enter> to stop execution early.

Expressions evaluated per second: 1.940e+03
Progress: 116 / 120 total iterations (96.667%)
════════════════════════════════════════════════════════════════════════════════════════════════════
───────────────────────────────────────────────────────────────────────────────────────────────────
Complexity  Loss       Score      Equation
1           3.696e-02  0.000e+00  y = 0.36906
3           2.384e-02  2.192e-01  y = 1.2415 / log10_f
5           1.333e-02  2.908e-01  y = (3.6613 / log10_f) + -0.76012
6           1.312e-02  1.539e-02  y = 0.32286 / sqrt(alpha_infinity__f2_onset + 0.096735)
8           1.159e-02  6.216e-02  y = log(log10_f / log10_sigma) * (-3.0296 / log10_f)
11          1.104e-02  1.627e-02  y = ((0.57713 / (alpha_infinity__f2_onset + 0.21279)) * 0....
                                      3874) + (alpha_infinity__f2_onset * 0.11179)
13          1.078e-02  1.199e-02  y = (log(log10_f / 5.7614) * log(log10_sigma / log10_f)) *...
                                       (log10_f * -0.54755)
14          1.057e-02  1.961e-02  y = ((-3.2748 - log(log(log10_f * 0.7364))) / log10_f) * l...
                                      og(log10_f / log10_sigma)
16          1.032e-02  1.174e-02  y = (log10_sigma / (-2.971 - ((log10_f * 0.50574) * sqrt(l...
                                      og(log10_f))))) * log(log10_f / log10_sigma)
23          1.031e-02  1.703e-04  y = (((0.037825 * log(0.7364 - log10_lambda)) - log((log10...
                                      _f * (0.7364 - log10_lambda)) * sqrt(log10_f))) / log10_f)...
                                       * log(log10_f / log10_sigma)
───────────────────────────────────────────────────────────────────────────────────────────────────
════════════════════════════════════════════════════════════════════════════════════════════════════
Press 'q' and then <enter> to stop execution early.

Training global model: global_100_4950 (100.00-4950.00 Hz), train/validation/test rows=89600/19200/inaccessible

Global PySR training complete.
    global_name  complexity  validation_rmse
global_100_4950           5         0.110863
Artifacts saved to: C:\MasterThesis_Project_R\surrogate_model\global_symbolic_regression\artifacts\re\train\20260816_f2_r1_c1800_t24
───────────────────────────────────────────────────────────────────────────────────────────────────
Complexity  Loss       Score      Equation
1           3.696e-02  0.000e+00  y = 0.36906
3           2.384e-02  2.192e-01  y = 1.2415 / log10_f
5           1.333e-02  2.908e-01  y = (3.6613 / log10_f) + -0.76012
6           1.312e-02  1.539e-02  y = 0.32286 / sqrt(alpha_infinity__f2_onset + 0.096735)
8           1.159e-02  6.216e-02  y = log(log10_f / log10_sigma) * (-3.0296 / log10_f)
11          1.044e-02  3.476e-02  y = log(log10_f / log10_sigma) * (-3.2748 / sqrt(log10_f /...
                                       0.32038))
16          1.032e-02  2.320e-03  y = (log10_sigma / (-2.971 - ((log10_f * 0.50574) * sqrt(l...
                                      og(log10_f))))) * log(log10_f / log10_sigma)
23          1.031e-02  1.703e-04  y = (((0.037825 * log(0.7364 - log10_lambda)) - log((log10...
                                      _f * (0.7364 - log10_lambda)) * sqrt(log10_f))) / log10_f)...
                                       * log(log10_f / log10_sigma)
───────────────────────────────────────────────────────────────────────────────────────────────────
  - C:/MasterThesis_Project_R/surrogate_model/global_symbolic_regression/artifacts/re/train/20260816_f2_r1_c1800_t24/pysr_runs/global_100_4950\global_100_4950\hall_of_fame.csv
COMMAND: C:\MasterThesis_Project_R\surrogate_model\segmented_symbolic_regression\.venv_py311\Scripts\python.exe C:\MasterThesis_Project_R\surrogate_model\global_symbolic_regression\evaluate_global_symbolic_candidates.py --target re --dataset-run run1 --training-dir C:\MasterThesis_Project_R\surrogate_model\global_symbolic_regression\artifacts\re\train\20260816_f2_r1_c1800_t24 --output-dir C:\MasterThesis_Project_R\surrogate_model\global_symbolic_regression\artifacts\re\eval\20260816_f2_r1_c1800_t24_v --selection-rule best_loss --validation-only
Global symbolic candidate evaluation complete.
Candidate metrics: C:\MasterThesis_Project_R\surrogate_model\global_symbolic_regression\artifacts\re\eval\20260816_f2_r1_c1800_t24_v\candidate_metrics.csv
Selected candidate: 7
Validation-only selected-formula metrics: RMSE=0.096183, MAE=0.064620, R2=0.744054; test rows were not accessed.
Figures saved to: C:\MasterThesis_Project_R\surrogate_model\global_symbolic_regression\artifacts\re\eval\20260816_f2_r1_c1800_t24_v\figures

[RE r1_c2100_t12] screen training
COMMAND: C:\MasterThesis_Project_R\surrogate_model\segmented_symbolic_regression\.venv_py311\Scripts\python.exe C:\MasterThesis_Project_R\surrogate_model\global_symbolic_regression\train_global_symbolic_model.py --target re --dataset-run run1 --output-dir C:\MasterThesis_Project_R\surrogate_model\global_symbolic_regression\artifacts\re\train\20260816_f2_r1_c2100_t12 --feature-branch sobol_modulated --frequency-modulation-spec C:\MasterThesis_Project_R\surrogate_model\global_symbolic_regression\artifacts\f2_manifests\20260816_f2\specs\re_r1_c2100_t12.json --random-seed 42 --niterations 20 --populations 6 --population-size 40 --maxsize 24 --model-selection best --validation-only

Expressions evaluated per second: 4.520e+03
Progress: 17 / 120 total iterations (14.167%)
════════════════════════════════════════════════════════════════════════════════════════════════════
───────────────────────────────────────────────────────────────────────────────────────────────────
Complexity  Loss       Score      Equation
1           3.696e-02  0.000e+00  y = 0.36906
3           3.695e-02  1.718e-04  y = log10_lambda * -0.090948
4           3.019e-02  2.019e-01  y = sqrt(0.46357 / log10_f)
9           2.543e-02  3.432e-02  y = ((alpha_infinity__f2_onset / alpha_infinity) / (alpha_...
                                      infinity * -2.1483)) - -0.55516
11          2.492e-02  1.007e-02  y = (((alpha_infinity__f2_onset / (alpha_infinity + -0.204...
                                      65)) / -3.8733) - -0.53505) * 1.011
12          1.811e-02  3.191e-01  y = ((alpha_infinity__f2_high / (alpha_infinity__f2_high +...
                                       0.046002)) / (-2.1483 * log(log10_sigma))) - -0.55516
15          1.270e-02  1.183e-01  y = ((alpha_infinity__f2_high / (alpha_infinity__f2_high +...
                                       0.024794)) / (log(log10_sigma * sqrt(log10_sigma)) * -1.1...
                                      123)) - -0.66322
17          1.153e-02  4.847e-02  y = log((log(log10_sigma) + ((-0.96177 - ((alpha_infinity ...
                                      / log10_k0_prime) / log10_f)) + -0.88924)) - (-5.5539 / lo...
                                      g10_f))
───────────────────────────────────────────────────────────────────────────────────────────────────
════════════════════════════════════════════════════════════════════════════════════════════════════
Press 'q' and then <enter> to stop execution early.

Expressions evaluated per second: 3.310e+03
Progress: 26 / 120 total iterations (21.667%)
════════════════════════════════════════════════════════════════════════════════════════════════════
───────────────────────────────────────────────────────────────────────────────────────────────────
Complexity  Loss       Score      Equation
1           3.696e-02  0.000e+00  y = 0.36906
3           3.695e-02  1.718e-04  y = log10_lambda * -0.090948
4           3.019e-02  2.019e-01  y = sqrt(0.46357 / log10_f)
5           2.905e-02  3.872e-02  y = 0.027816 + (0.93935 / log10_f)
6           1.872e-02  4.392e-01  y = 0.25194 / sqrt(sqrt(sqrt(alpha_infinity__f2_onset)))
12          1.811e-02  5.486e-03  y = ((alpha_infinity__f2_high / (alpha_infinity__f2_high +...
                                       0.046002)) / (-2.1483 * log(log10_sigma))) - -0.55516
15          1.270e-02  1.183e-01  y = ((alpha_infinity__f2_high / (alpha_infinity__f2_high +...
                                       0.024794)) / (log(log10_sigma * sqrt(log10_sigma)) * -1.1...
                                      123)) - -0.66322
17          1.153e-02  4.847e-02  y = log((log(log10_sigma) + ((-0.96177 - ((alpha_infinity ...
                                      / log10_k0_prime) / log10_f)) + -0.88924)) - (-5.5539 / lo...
                                      g10_f))
───────────────────────────────────────────────────────────────────────────────────────────────────
════════════════════════════════════════════════════════════════════════════════════════════════════
Press 'q' and then <enter> to stop execution early.

Expressions evaluated per second: 2.710e+03
Progress: 32 / 120 total iterations (26.667%)
════════════════════════════════════════════════════════════════════════════════════════════════════
───────────────────────────────────────────────────────────────────────────────────────────────────
Complexity  Loss       Score      Equation
1           3.696e-02  0.000e+00  y = 0.36906
3           3.685e-02  1.510e-03  y = -3.0977 / log10_k0_prime
4           3.019e-02  1.993e-01  y = sqrt(0.46357 / log10_f)
5           2.905e-02  3.872e-02  y = 0.027816 + (0.93935 / log10_f)
6           1.872e-02  4.392e-01  y = 0.25194 / sqrt(sqrt(sqrt(alpha_infinity__f2_onset)))
8           1.325e-02  1.729e-01  y = sqrt(3.5831 / log(sqrt(log10_f))) + -2.105
15          1.270e-02  5.974e-03  y = ((alpha_infinity__f2_high / (alpha_infinity__f2_high +...
                                       0.024794)) / (log(log10_sigma * sqrt(log10_sigma)) * -1.1...
                                      123)) - -0.66322
17          1.153e-02  4.847e-02  y = log((log(log10_sigma) + ((-0.96177 - ((alpha_infinity ...
                                      / log10_k0_prime) / log10_f)) + -0.88924)) - (-5.5539 / lo...
                                      g10_f))
───────────────────────────────────────────────────────────────────────────────────────────────────
════════════════════════════════════════════════════════════════════════════════════════════════════
Press 'q' and then <enter> to stop execution early.

Expressions evaluated per second: 2.370e+03
Progress: 34 / 120 total iterations (28.333%)
════════════════════════════════════════════════════════════════════════════════════════════════════
───────────────────────────────────────────────────────────────────────────────────────────────────
Complexity  Loss       Score      Equation
1           3.696e-02  0.000e+00  y = 0.36906
3           3.685e-02  1.510e-03  y = -3.0977 / log10_k0_prime
4           3.019e-02  1.993e-01  y = sqrt(0.46357 / log10_f)
5           2.905e-02  3.872e-02  y = 0.027816 + (0.93935 / log10_f)
6           1.872e-02  4.392e-01  y = 0.25194 / sqrt(sqrt(sqrt(alpha_infinity__f2_onset)))
8           1.325e-02  1.729e-01  y = sqrt(3.5831 / log(sqrt(log10_f))) + -2.105
15          1.270e-02  5.974e-03  y = ((alpha_infinity__f2_high / (alpha_infinity__f2_high +...
                                       0.024794)) / (log(log10_sigma * sqrt(log10_sigma)) * -1.1...
                                      123)) - -0.66322
17          1.153e-02  4.847e-02  y = log((log(log10_sigma) + ((-0.96177 - ((alpha_infinity ...
                                      / log10_k0_prime) / log10_f)) + -0.88924)) - (-5.5539 / lo...
                                      g10_f))
───────────────────────────────────────────────────────────────────────────────────────────────────
════════════════════════════════════════════════════════════════════════════════════════════════════
Press 'q' and then <enter> to stop execution early.

Expressions evaluated per second: 2.090e+03
Progress: 40 / 120 total iterations (33.333%)
════════════════════════════════════════════════════════════════════════════════════════════════════
───────────────────────────────────────────────────────────────────────────────────────────────────
Complexity  Loss       Score      Equation
1           3.696e-02  0.000e+00  y = 0.36906
3           3.685e-02  1.510e-03  y = -3.0977 / log10_k0_prime
4           3.019e-02  1.993e-01  y = sqrt(0.46357 / log10_f)
5           2.905e-02  3.872e-02  y = 0.027816 + (0.93935 / log10_f)
6           1.872e-02  4.392e-01  y = 0.25194 / sqrt(sqrt(sqrt(alpha_infinity__f2_onset)))
8           1.325e-02  1.729e-01  y = sqrt(3.5831 / log(sqrt(log10_f))) + -2.105
15          1.270e-02  5.974e-03  y = ((alpha_infinity__f2_high / (alpha_infinity__f2_high +...
                                       0.024794)) / (log(log10_sigma * sqrt(log10_sigma)) * -1.1...
                                      123)) - -0.66322
17          1.153e-02  4.847e-02  y = log((log(log10_sigma) + ((-0.96177 - ((alpha_infinity ...
                                      / log10_k0_prime) / log10_f)) + -0.88924)) - (-5.5539 / lo...
                                      g10_f))
───────────────────────────────────────────────────────────────────────────────────────────────────
════════════════════════════════════════════════════════════════════════════════════════════════════
Press 'q' and then <enter> to stop execution early.

Expressions evaluated per second: 2.030e+03
Progress: 45 / 120 total iterations (37.500%)
════════════════════════════════════════════════════════════════════════════════════════════════════
───────────────────────────────────────────────────────────────────────────────────────────────────
Complexity  Loss       Score      Equation
1           3.696e-02  0.000e+00  y = 0.36906
3           3.685e-02  1.510e-03  y = -3.0977 / log10_k0_prime
4           3.019e-02  1.993e-01  y = sqrt(0.46357 / log10_f)
5           2.905e-02  3.872e-02  y = 0.027816 + (0.93935 / log10_f)
6           1.872e-02  4.392e-01  y = 0.25194 / sqrt(sqrt(sqrt(alpha_infinity__f2_onset)))
8           1.325e-02  1.729e-01  y = sqrt(3.5831 / log(sqrt(log10_f))) + -2.105
15          1.270e-02  5.974e-03  y = ((alpha_infinity__f2_high / (alpha_infinity__f2_high +...
                                       0.024794)) / (log(log10_sigma * sqrt(log10_sigma)) * -1.1...
                                      123)) - -0.66322
17          1.153e-02  4.847e-02  y = log((log(log10_sigma) + ((-0.96177 - ((alpha_infinity ...
                                      / log10_k0_prime) / log10_f)) + -0.88924)) - (-5.5539 / lo...
                                      g10_f))
───────────────────────────────────────────────────────────────────────────────────────────────────
════════════════════════════════════════════════════════════════════════════════════════════════════
Press 'q' and then <enter> to stop execution early.

Expressions evaluated per second: 1.450e+03
Progress: 51 / 120 total iterations (42.500%)
════════════════════════════════════════════════════════════════════════════════════════════════════
───────────────────────────────────────────────────────────────────────────────────────────────────
Complexity  Loss       Score      Equation
1           3.696e-02  0.000e+00  y = 0.36906
3           3.685e-02  1.510e-03  y = -3.0977 / log10_k0_prime
4           2.509e-02  3.845e-01  y = 0.41308 / log(log10_f)
6           1.510e-02  2.538e-01  y = log((-0.88924 - -5.5539) / log10_f)
8           1.325e-02  6.554e-02  y = sqrt(3.5831 / log(sqrt(log10_f))) + -2.105
15          1.270e-02  5.974e-03  y = ((alpha_infinity__f2_high / (alpha_infinity__f2_high +...
                                       0.024794)) / (log(log10_sigma * sqrt(log10_sigma)) * -1.1...
                                      123)) - -0.66322
17          1.153e-02  4.847e-02  y = log((log(log10_sigma) + ((-0.96177 - ((alpha_infinity ...
                                      / log10_k0_prime) / log10_f)) + -0.88924)) - (-5.5539 / lo...
                                      g10_f))
───────────────────────────────────────────────────────────────────────────────────────────────────
════════════════════════════════════════════════════════════════════════════════════════════════════
Press 'q' and then <enter> to stop execution early.

Expressions evaluated per second: 1.310e+03
Progress: 58 / 120 total iterations (48.333%)
════════════════════════════════════════════════════════════════════════════════════════════════════
───────────────────────────────────────────────────────────────────────────────────────────────────
Complexity  Loss       Score      Equation
1           3.696e-02  0.000e+00  y = 0.36906
3           3.685e-02  1.510e-03  y = -3.0977 / log10_k0_prime
4           2.509e-02  3.845e-01  y = 0.41308 / log(log10_f)
6           1.510e-02  2.538e-01  y = log((-0.88924 - -5.5539) / log10_f)
8           1.325e-02  6.554e-02  y = sqrt(3.5831 / log(sqrt(log10_f))) + -2.105
15          1.270e-02  5.974e-03  y = ((alpha_infinity__f2_high / (alpha_infinity__f2_high +...
                                       0.024794)) / (log(log10_sigma * sqrt(log10_sigma)) * -1.1...
                                      123)) - -0.66322
17          1.100e-02  7.218e-02  y = log(log(log10_sigma) + (((-0.96177 - ((alpha_infinity_...
                                      _f2_onset / -5.5539) / log10_f)) + -0.88924) - (-5.5539 / ...
                                      log10_f)))
───────────────────────────────────────────────────────────────────────────────────────────────────
════════════════════════════════════════════════════════════════════════════════════════════════════
Press 'q' and then <enter> to stop execution early.

Expressions evaluated per second: 1.210e+03
Progress: 62 / 120 total iterations (51.667%)
════════════════════════════════════════════════════════════════════════════════════════════════════
───────────────────────────────────────────────────────────────────────────────────────────────────
Complexity  Loss       Score      Equation
1           3.696e-02  0.000e+00  y = 0.36906
3           3.685e-02  1.510e-03  y = -3.0977 / log10_k0_prime
4           2.509e-02  3.845e-01  y = 0.41308 / log(log10_f)
6           1.510e-02  2.538e-01  y = log((-0.88924 - -5.5539) / log10_f)
8           1.325e-02  6.554e-02  y = sqrt(3.5831 / log(sqrt(log10_f))) + -2.105
15          1.270e-02  5.974e-03  y = ((alpha_infinity__f2_high / (alpha_infinity__f2_high +...
                                       0.024794)) / (log(log10_sigma * sqrt(log10_sigma)) * -1.1...
                                      123)) - -0.66322
17          1.100e-02  7.218e-02  y = log(log(log10_sigma) + (((-0.96177 - ((alpha_infinity_...
                                      _f2_onset / -5.5539) / log10_f)) + -0.88924) - (-5.5539 / ...
                                      log10_f)))
───────────────────────────────────────────────────────────────────────────────────────────────────
════════════════════════════════════════════════════════════════════════════════════════════════════
Press 'q' and then <enter> to stop execution early.

Expressions evaluated per second: 1.570e+03
Progress: 73 / 120 total iterations (60.833%)
════════════════════════════════════════════════════════════════════════════════════════════════════
───────────────────────────────────────────────────────────────────────────────────────────────────
Complexity  Loss       Score      Equation
1           3.696e-02  0.000e+00  y = 0.36906
3           3.685e-02  1.510e-03  y = -3.0977 / log10_k0_prime
4           1.492e-02  9.039e-01  y = log(4.7276 / log10_f)
8           1.325e-02  2.978e-02  y = sqrt(3.5831 / log(sqrt(log10_f))) + -2.105
12          1.121e-02  4.182e-02  y = log(((log10_sigma + -1.2614) - (log10_lambda_prime - l...
                                      og10_lambda_prime)) / (log10_f + -0.88924))
16          1.099e-02  4.972e-03  y = sqrt(((alpha_infinity__f2_high / (alpha_infinity__f2_h...
                                      igh + 0.024794)) / (log(sqrt(log10_sigma * log10_sigma)) *...
                                       -1.1123)) - -0.66322)
19          1.078e-02  6.232e-03  y = log(log(log10_sigma) + (-0.88924 + ((-0.96177 - ((alph...
                                      a_infinity__f2_onset / -5.5539) / (log10_sigma - alpha_inf...
                                      inity))) - (-5.5539 / log10_f))))
───────────────────────────────────────────────────────────────────────────────────────────────────
════════════════════════════════════════════════════════════════════════════════════════════════════
Press 'q' and then <enter> to stop execution early.

Expressions evaluated per second: 1.660e+03
Progress: 81 / 120 total iterations (67.500%)
════════════════════════════════════════════════════════════════════════════════════════════════════
───────────────────────────────────────────────────────────────────────────────────────────────────
Complexity  Loss       Score      Equation
1           3.696e-02  0.000e+00  y = 0.36906
3           3.685e-02  1.510e-03  y = -3.0977 / log10_k0_prime
4           1.492e-02  9.039e-01  y = log(4.7276 / log10_f)
8           1.121e-02  7.160e-02  y = log((log10_sigma + -1.2614) / (-0.88924 + log10_f))
16          1.099e-02  2.486e-03  y = sqrt(((alpha_infinity__f2_high / (alpha_infinity__f2_h...
                                      igh + 0.024794)) / (log(sqrt(log10_sigma * log10_sigma)) *...
                                       -1.1123)) - -0.66322)
19          1.078e-02  6.232e-03  y = log(log(log10_sigma) + (-0.88924 + ((-0.96177 - ((alph...
                                      a_infinity__f2_onset / -5.5539) / (log10_sigma - alpha_inf...
                                      inity))) - (-5.5539 / log10_f))))
───────────────────────────────────────────────────────────────────────────────────────────────────
════════════════════════════════════════════════════════════════════════════════════════════════════
Press 'q' and then <enter> to stop execution early.

Expressions evaluated per second: 1.540e+03
Progress: 85 / 120 total iterations (70.833%)
════════════════════════════════════════════════════════════════════════════════════════════════════
───────────────────────────────────────────────────────────────────────────────────────────────────
Complexity  Loss       Score      Equation
1           3.696e-02  0.000e+00  y = 0.36906
3           3.685e-02  1.510e-03  y = -3.0977 / log10_k0_prime
4           1.492e-02  9.039e-01  y = log(4.7276 / log10_f)
8           1.121e-02  7.160e-02  y = log((log10_sigma + -1.2614) / (-0.88924 + log10_f))
16          1.099e-02  2.486e-03  y = sqrt(((alpha_infinity__f2_high / (alpha_infinity__f2_h...
                                      igh + 0.024794)) / (log(sqrt(log10_sigma * log10_sigma)) *...
                                       -1.1123)) - -0.66322)
19          1.030e-02  2.162e-02  y = ((((log10_sigma * (sqrt(log(log10_sigma)) / log10_f)) ...
                                      + -1.1339) * (sqrt(log(log10_sigma)) / log10_f)) - -1.4858...
                                      ) + -1.3847
───────────────────────────────────────────────────────────────────────────────────────────────────
════════════════════════════════════════════════════════════════════════════════════════════════════
Press 'q' and then <enter> to stop execution early.

Expressions evaluated per second: 1.480e+03
Progress: 88 / 120 total iterations (73.333%)
════════════════════════════════════════════════════════════════════════════════════════════════════
───────────────────────────────────────────────────────────────────────────────────────────────────
Complexity  Loss       Score      Equation
1           3.696e-02  0.000e+00  y = 0.36906
3           3.685e-02  1.510e-03  y = -3.0977 / log10_k0_prime
4           1.492e-02  9.039e-01  y = log(4.7276 / log10_f)
8           1.121e-02  7.160e-02  y = log((log10_sigma + -1.2614) / (-0.88924 + log10_f))
16          1.099e-02  2.486e-03  y = sqrt(((alpha_infinity__f2_high / (alpha_infinity__f2_h...
                                      igh + 0.024794)) / (log(sqrt(log10_sigma * log10_sigma)) *...
                                       -1.1123)) - -0.66322)
19          1.030e-02  2.162e-02  y = ((((log10_sigma * (sqrt(log(log10_sigma)) / log10_f)) ...
                                      + -1.1339) * (sqrt(log(log10_sigma)) / log10_f)) - -1.4858...
                                      ) + -1.3847
───────────────────────────────────────────────────────────────────────────────────────────────────
════════════════════════════════════════════════════════════════════════════════════════════════════
Press 'q' and then <enter> to stop execution early.

Expressions evaluated per second: 1.390e+03
Progress: 90 / 120 total iterations (75.000%)
════════════════════════════════════════════════════════════════════════════════════════════════════
───────────────────────────────────────────────────────────────────────────────────────────────────
Complexity  Loss       Score      Equation
1           3.696e-02  0.000e+00  y = 0.36906
3           3.685e-02  1.510e-03  y = -3.0977 / log10_k0_prime
4           1.492e-02  9.039e-01  y = log(4.7276 / log10_f)
8           1.121e-02  7.160e-02  y = log((log10_sigma + -1.2614) / (-0.88924 + log10_f))
16          1.099e-02  2.486e-03  y = sqrt(((alpha_infinity__f2_high / (alpha_infinity__f2_h...
                                      igh + 0.024794)) / (log(sqrt(log10_sigma * log10_sigma)) *...
                                       -1.1123)) - -0.66322)
17          1.053e-02  4.270e-02  y = (((sqrt(log(log10_f)) * -0.79924) + ((log10_sigma * sq...
                                      rt(log(log10_sigma))) / log10_f)) / log10_f) + 0.070078
19          1.030e-02  1.108e-02  y = ((((log10_sigma * (sqrt(log(log10_sigma)) / log10_f)) ...
                                      + -1.1339) * (sqrt(log(log10_sigma)) / log10_f)) - -1.4858...
                                      ) + -1.3847
24          1.022e-02  1.400e-03  y = (((log10_sigma * (log(sqrt(log10_sigma)) / log10_f)) +...
                                       (sqrt(log(sqrt(log10_sigma - (log(sqrt(log10_sigma)) / lo...
                                      g10_f)))) * -1.9584)) - -1.9065) + -0.96424
───────────────────────────────────────────────────────────────────────────────────────────────────
════════════════════════════════════════════════════════════════════════════════════════════════════
Press 'q' and then <enter> to stop execution early.

Expressions evaluated per second: 1.270e+03
Progress: 94 / 120 total iterations (78.333%)
════════════════════════════════════════════════════════════════════════════════════════════════════

Training global model: global_100_4950 (100.00-4950.00 Hz), train/validation/test rows=89600/19200/inaccessible

Global PySR training complete.
    global_name  complexity  validation_rmse
global_100_4950           4         0.104508
Artifacts saved to: C:\MasterThesis_Project_R\surrogate_model\global_symbolic_regression\artifacts\re\train\20260816_f2_r1_c2100_t12
───────────────────────────────────────────────────────────────────────────────────────────────────
Complexity  Loss       Score      Equation
1           3.696e-02  0.000e+00  y = 0.36906
3           3.685e-02  1.510e-03  y = -3.0977 / log10_k0_prime
4           1.492e-02  9.039e-01  y = log(4.7276 / log10_f)
8           1.121e-02  7.160e-02  y = log((log10_sigma + -1.2614) / (-0.88924 + log10_f))
16          1.099e-02  2.486e-03  y = sqrt(((alpha_infinity__f2_high / (alpha_infinity__f2_h...
                                      igh + 0.024794)) / (log(sqrt(log10_sigma * log10_sigma)) *...
                                       -1.1123)) - -0.66322)
17          1.053e-02  4.270e-02  y = (((sqrt(log(log10_f)) * -0.79924) + ((log10_sigma * sq...
                                      rt(log(log10_sigma))) / log10_f)) / log10_f) + 0.070078
19          1.030e-02  1.108e-02  y = ((((log10_sigma * (sqrt(log(log10_sigma)) / log10_f)) ...
                                      + -1.1339) * (sqrt(log(log10_sigma)) / log10_f)) - -1.4858...
                                      ) + -1.3847
24          1.022e-02  1.400e-03  y = (((log10_sigma * (log(sqrt(log10_sigma)) / log10_f)) +...
                                       (sqrt(log(sqrt(log10_sigma - (log(sqrt(log10_sigma)) / lo...
                                      g10_f)))) * -1.9584)) - -1.9065) + -0.96424
───────────────────────────────────────────────────────────────────────────────────────────────────
════════════════════════════════════════════════════════════════════════════════════════════════════
Press 'q' and then <enter> to stop execution early.

Expressions evaluated per second: 1.270e+03
Progress: 97 / 120 total iterations (80.833%)
════════════════════════════════════════════════════════════════════════════════════════════════════
───────────────────────────────────────────────────────────────────────────────────────────────────
Complexity  Loss       Score      Equation
1           3.696e-02  0.000e+00  y = 0.36906
3           3.685e-02  1.510e-03  y = -3.0977 / log10_k0_prime
4           1.492e-02  9.039e-01  y = log(4.7276 / log10_f)
8           1.121e-02  7.160e-02  y = log((log10_sigma + -1.2614) / (-0.88924 + log10_f))
16          1.099e-02  2.486e-03  y = sqrt(((alpha_infinity__f2_high / (alpha_infinity__f2_h...
                                      igh + 0.024794)) / (log(sqrt(log10_sigma * log10_sigma)) *...
                                       -1.1123)) - -0.66322)
17          1.053e-02  4.270e-02  y = (((sqrt(log(log10_f)) * -0.79924) + ((log10_sigma * sq...
                                      rt(log(log10_sigma))) / log10_f)) / log10_f) + 0.070078
19          1.030e-02  1.108e-02  y = ((((log10_sigma * (sqrt(log(log10_sigma)) / log10_f)) ...
                                      + -1.1339) * (sqrt(log(log10_sigma)) / log10_f)) - -1.4858...
                                      ) + -1.3847
24          1.022e-02  1.400e-03  y = (((log10_sigma * (log(sqrt(log10_sigma)) / log10_f)) +...
                                       (sqrt(log(sqrt(log10_sigma - (log(sqrt(log10_sigma)) / lo...
                                      g10_f)))) * -1.9584)) - -1.9065) + -0.96424
───────────────────────────────────────────────────────────────────────────────────────────────────
════════════════════════════════════════════════════════════════════════════════════════════════════
Press 'q' and then <enter> to stop execution early.

Expressions evaluated per second: 1.290e+03
Progress: 103 / 120 total iterations (85.833%)
════════════════════════════════════════════════════════════════════════════════════════════════════
───────────────────────────────────────────────────────────────────────────────────────────────────
Complexity  Loss       Score      Equation
1           3.696e-02  0.000e+00  y = 0.36906
3           3.685e-02  1.510e-03  y = -3.0977 / log10_k0_prime
4           1.492e-02  9.039e-01  y = log(4.7276 / log10_f)
8           1.121e-02  7.160e-02  y = log((log10_sigma + -1.2614) / (-0.88924 + log10_f))
10          1.116e-02  2.102e-03  y = log(((log10_sigma * (1.2137 / log10_f)) - -0.97069) + ...
                                      -1.2591)
16          1.099e-02  2.614e-03  y = sqrt(((alpha_infinity__f2_high / (alpha_infinity__f2_h...
                                      igh + 0.024794)) / (log(sqrt(log10_sigma * log10_sigma)) *...
                                       -1.1123)) - -0.66322)
17          1.053e-02  4.270e-02  y = (((sqrt(log(log10_f)) * -0.79924) + ((log10_sigma * sq...
                                      rt(log(log10_sigma))) / log10_f)) / log10_f) + 0.070078
19          1.030e-02  1.108e-02  y = ((((log10_sigma * (sqrt(log(log10_sigma)) / log10_f)) ...
                                      + -1.1339) * (sqrt(log(log10_sigma)) / log10_f)) - -1.4858...
                                      ) + -1.3847
24          1.022e-02  1.400e-03  y = (((log10_sigma * (log(sqrt(log10_sigma)) / log10_f)) +...
                                       (sqrt(log(sqrt(log10_sigma - (log(sqrt(log10_sigma)) / lo...
                                      g10_f)))) * -1.9584)) - -1.9065) + -0.96424
───────────────────────────────────────────────────────────────────────────────────────────────────
════════════════════════════════════════════════════════════════════════════════════════════════════
Press 'q' and then <enter> to stop execution early.

Expressions evaluated per second: 1.060e+03
Progress: 109 / 120 total iterations (90.833%)
════════════════════════════════════════════════════════════════════════════════════════════════════
───────────────────────────────────────────────────────────────────────────────────────────────────
Complexity  Loss       Score      Equation
1           3.696e-02  0.000e+00  y = 0.36906
3           3.685e-02  1.510e-03  y = -3.0977 / log10_k0_prime
4           1.492e-02  9.039e-01  y = log(4.7276 / log10_f)
8           1.116e-02  7.271e-02  y = log(((log10_sigma / log10_f) * 1.2221) + -0.30199)
10          1.045e-02  3.256e-02  y = ((log10_sigma + (log(log10_f) + -1.0849)) / log10_f) +...
                                       -1.1027
19          1.030e-02  1.685e-03  y = ((((log10_sigma * (sqrt(log(log10_sigma)) / log10_f)) ...
                                      + -1.1339) * (sqrt(log(log10_sigma)) / log10_f)) - -1.4858...
                                      ) + -1.3847
24          1.022e-02  1.400e-03  y = (((log10_sigma * (log(sqrt(log10_sigma)) / log10_f)) +...
                                       (sqrt(log(sqrt(log10_sigma - (log(sqrt(log10_sigma)) / lo...
                                      g10_f)))) * -1.9584)) - -1.9065) + -0.96424
───────────────────────────────────────────────────────────────────────────────────────────────────
════════════════════════════════════════════════════════════════════════════════════════════════════
Press 'q' and then <enter> to stop execution early.
───────────────────────────────────────────────────────────────────────────────────────────────────
Complexity  Loss       Score      Equation
1           3.696e-02  0.000e+00  y = 0.36906
3           3.685e-02  1.510e-03  y = -3.0977 / log10_k0_prime
4           1.191e-02  1.129e+00  y = log(log10_sigma / log10_f)
6           1.155e-02  1.546e-02  y = log(log10_sigma / log10_f) * 1.0497
8           1.116e-02  1.740e-02  y = log(((log10_sigma / log10_f) * 1.2221) + -0.30199)
10          1.045e-02  3.256e-02  y = ((log10_sigma + (log(log10_f) + -1.0849)) / log10_f) +...
                                       -1.1027
15          1.024e-02  4.159e-03  y = ((((log10_f + (log10_f + 0.58591)) / log10_f) + (log10...
                                      _sigma + -3.4402)) / log10_f) + -0.68975
24          1.022e-02  1.519e-04  y = (((log10_sigma * (log(sqrt(log10_sigma)) / log10_f)) +...
                                       (sqrt(log(sqrt(log10_sigma - (log(sqrt(log10_sigma)) / lo...
                                      g10_f)))) * -1.9584)) - -1.9065) + -0.96424
───────────────────────────────────────────────────────────────────────────────────────────────────
  - C:/MasterThesis_Project_R/surrogate_model/global_symbolic_regression/artifacts/re/train/20260816_f2_r1_c2100_t12/pysr_runs/global_100_4950\global_100_4950\hall_of_fame.csv
COMMAND: C:\MasterThesis_Project_R\surrogate_model\segmented_symbolic_regression\.venv_py311\Scripts\python.exe C:\MasterThesis_Project_R\surrogate_model\global_symbolic_regression\evaluate_global_symbolic_candidates.py --target re --dataset-run run1 --training-dir C:\MasterThesis_Project_R\surrogate_model\global_symbolic_regression\artifacts\re\train\20260816_f2_r1_c2100_t12 --output-dir C:\MasterThesis_Project_R\surrogate_model\global_symbolic_regression\artifacts\re\eval\20260816_f2_r1_c2100_t12_v --selection-rule best_loss --validation-only
Global symbolic candidate evaluation complete.
Candidate metrics: C:\MasterThesis_Project_R\surrogate_model\global_symbolic_regression\artifacts\re\eval\20260816_f2_r1_c2100_t12_v\candidate_metrics.csv
Selected candidate: 7
Validation-only selected-formula metrics: RMSE=0.095782, MAE=0.063866, R2=0.746181; test rows were not accessed.
Figures saved to: C:\MasterThesis_Project_R\surrogate_model\global_symbolic_regression\artifacts\re\eval\20260816_f2_r1_c2100_t12_v\figures

[RE r1_c2100_t18] screen training
COMMAND: C:\MasterThesis_Project_R\surrogate_model\segmented_symbolic_regression\.venv_py311\Scripts\python.exe C:\MasterThesis_Project_R\surrogate_model\global_symbolic_regression\train_global_symbolic_model.py --target re --dataset-run run1 --output-dir C:\MasterThesis_Project_R\surrogate_model\global_symbolic_regression\artifacts\re\train\20260816_f2_r1_c2100_t18 --feature-branch sobol_modulated --frequency-modulation-spec C:\MasterThesis_Project_R\surrogate_model\global_symbolic_regression\artifacts\f2_manifests\20260816_f2\specs\re_r1_c2100_t18.json --random-seed 42 --niterations 20 --populations 6 --population-size 40 --maxsize 24 --model-selection best --validation-only

Expressions evaluated per second: 1.110e+03
Progress: 5 / 120 total iterations (4.167%)
════════════════════════════════════════════════════════════════════════════════════════════════════
───────────────────────────────────────────────────────────────────────────────────────────────────
Complexity  Loss       Score      Equation
1           3.696e-02  0.000e+00  y = 0.36906
3           3.695e-02  1.718e-04  y = log10_lambda * -0.090948
5           3.436e-02  3.628e-02  y = log(-0.093641 + log(log10_sigma))
7           3.435e-02  1.410e-04  y = log((-0.093641 + log(log10_sigma)) - 0.0050607)
9           2.323e-02  1.956e-01  y = ((alpha_infinity__f2_onset / alpha_infinity) / (alpha_...
                                      infinity * -2.1483)) - -0.54799
11          2.253e-02  1.537e-02  y = ((alpha_infinity__f2_onset / (alpha_infinity + 0.94767...
                                      )) / (alpha_infinity * -1.2271)) - -0.56282
12          1.952e-02  1.435e-01  y = ((0.48192 / log10_sigma) * ((7.089 / log(log10_f)) - 2...
                                      .8111)) / 0.86301
17          1.153e-02  1.052e-01  y = log((log(log10_sigma) + ((-0.96177 - ((alpha_infinity ...
                                      / log10_k0_prime) / log10_f)) + -0.88924)) - (-5.5539 / lo...
                                      g10_f))
───────────────────────────────────────────────────────────────────────────────────────────────────
════════════════════════════════════════════════════════════════════════════════════════════════════
Press 'q' and then <enter> to stop execution early.

Expressions evaluated per second: 1.060e+03
Progress: 9 / 120 total iterations (7.500%)
════════════════════════════════════════════════════════════════════════════════════════════════════
───────────────────────────────────────────────────────────────────────────────────────────────────
Complexity  Loss       Score      Equation
1           3.696e-02  0.000e+00  y = 0.36906
3           2.384e-02  2.192e-01  y = 1.2415 / log10_f
9           2.323e-02  4.333e-03  y = ((alpha_infinity__f2_onset / alpha_infinity) / (alpha_...
                                      infinity * -2.1483)) - -0.54799
11          2.253e-02  1.537e-02  y = ((alpha_infinity__f2_onset / (alpha_infinity + 0.94767...
                                      )) / (alpha_infinity * -1.2271)) - -0.56282
12          1.952e-02  1.435e-01  y = ((0.48192 / log10_sigma) * ((7.089 / log(log10_f)) - 2...
                                      .8111)) / 0.86301
17          1.076e-02  1.191e-01  y = (-1.1577 / (alpha_infinity__f2_high + log10_k0_prime))...
                                       + ((((log10_sigma + -2.9051) - log(sqrt(alpha_infinity__f...
                                      2_high))) / log10_k0_prime) * -0.69435)
22          1.049e-02  5.091e-03  y = (((log(alpha_infinity) * -0.31608) - 0.72651) / (alpha...
                                      _infinity__f2_high + log10_k0_prime)) + ((((log10_sigma + ...
                                      -2.3367) - log(sqrt(alpha_infinity__f2_high))) / log10_k0_...
                                      prime) * -0.67915)
───────────────────────────────────────────────────────────────────────────────────────────────────
════════════════════════════════════════════════════════════════════════════════════════════════════
Press 'q' and then <enter> to stop execution early.

Expressions evaluated per second: 1.190e+03
Progress: 15 / 120 total iterations (12.500%)
════════════════════════════════════════════════════════════════════════════════════════════════════
───────────────────────────────────────────────────────────────────────────────────────────────────
Complexity  Loss       Score      Equation
1           3.696e-02  0.000e+00  y = 0.36906
3           2.384e-02  2.192e-01  y = 1.2415 / log10_f
5           1.333e-02  2.908e-01  y = (3.6613 / log10_f) + -0.76012
17          1.076e-02  1.786e-02  y = (-1.1577 / (alpha_infinity__f2_high + log10_k0_prime))...
                                       + ((((log10_sigma + -2.9051) - log(sqrt(alpha_infinity__f...
                                      2_high))) / log10_k0_prime) * -0.69435)
22          1.049e-02  5.091e-03  y = (((log(alpha_infinity) * -0.31608) - 0.72651) / (alpha...
                                      _infinity__f2_high + log10_k0_prime)) + ((((log10_sigma + ...
                                      -2.3367) - log(sqrt(alpha_infinity__f2_high))) / log10_k0_...
                                      prime) * -0.67915)
24          9.543e-03  4.712e-02  y = log(log((((((alpha_infinity__f2_high / (log10_lambda *...
                                       (-1.2799 / log10_f))) + -0.45269) + log(alpha_infinity__f...
                                      2_onset)) - (log(alpha_infinity__f2_high) / log(log10_sigm...
                                      a))) + log10_sigma) - alpha_infinity__f2_onset))
───────────────────────────────────────────────────────────────────────────────────────────────────
════════════════════════════════════════════════════════════════════════════════════════════════════
Press 'q' and then <enter> to stop execution early.

Expressions evaluated per second: 1.430e+03
Progress: 23 / 120 total iterations (19.167%)
════════════════════════════════════════════════════════════════════════════════════════════════════
───────────────────────────────────────────────────────────────────────────────────────────────────
Complexity  Loss       Score      Equation
1           3.696e-02  0.000e+00  y = 0.36906
3           2.384e-02  2.192e-01  y = 1.2415 / log10_f
5           1.333e-02  2.908e-01  y = (3.6613 / log10_f) + -0.76012
14          1.298e-02  2.918e-03  y = (((log(alpha_infinity__f2_high) * 0.013737) + ((-0.757...
                                      45 / log10_f) / 0.40346)) * -1.9357) / log10_f
17          1.076e-02  6.270e-02  y = (-1.1577 / (alpha_infinity__f2_high + log10_k0_prime))...
                                       + ((((log10_sigma + -2.9051) - log(sqrt(alpha_infinity__f...
                                      2_high))) / log10_k0_prime) * -0.69435)
22          1.049e-02  5.091e-03  y = (((log(alpha_infinity) * -0.31608) - 0.72651) / (alpha...
                                      _infinity__f2_high + log10_k0_prime)) + ((((log10_sigma + ...
                                      -2.3367) - log(sqrt(alpha_infinity__f2_high))) / log10_k0_...
                                      prime) * -0.67915)
24          9.543e-03  4.712e-02  y = log(log((((((alpha_infinity__f2_high / (log10_lambda *...
                                       (-1.2799 / log10_f))) + -0.45269) + log(alpha_infinity__f...
                                      2_onset)) - (log(alpha_infinity__f2_high) / log(log10_sigm...
                                      a))) + log10_sigma) - alpha_infinity__f2_onset))
───────────────────────────────────────────────────────────────────────────────────────────────────
════════════════════════════════════════════════════════════════════════════════════════════════════
Press 'q' and then <enter> to stop execution early.

Expressions evaluated per second: 1.890e+03
Progress: 36 / 120 total iterations (30.000%)
════════════════════════════════════════════════════════════════════════════════════════════════════
───────────────────────────────────────────────────────────────────────────────────────────────────
Complexity  Loss       Score      Equation
1           3.696e-02  0.000e+00  y = 0.36906
3           2.384e-02  2.192e-01  y = 1.2415 / log10_f
5           1.333e-02  2.908e-01  y = (3.6613 / log10_f) + -0.76012
14          1.298e-02  2.918e-03  y = (((log(alpha_infinity__f2_high) * 0.013737) + ((-0.757...
                                      45 / log10_f) / 0.40346)) * -1.9357) / log10_f
17          1.076e-02  6.270e-02  y = (-1.1577 / (alpha_infinity__f2_high + log10_k0_prime))...
                                       + ((((log10_sigma + -2.9051) - log(sqrt(alpha_infinity__f...
                                      2_high))) / log10_k0_prime) * -0.69435)
22          1.049e-02  5.091e-03  y = (((log(alpha_infinity) * -0.31608) - 0.72651) / (alpha...
                                      _infinity__f2_high + log10_k0_prime)) + ((((log10_sigma + ...
                                      -2.3367) - log(sqrt(alpha_infinity__f2_high))) / log10_k0_...
                                      prime) * -0.67915)
24          9.543e-03  4.712e-02  y = log(log((((((alpha_infinity__f2_high / (log10_lambda *...
                                       (-1.2799 / log10_f))) + -0.45269) + log(alpha_infinity__f...
                                      2_onset)) - (log(alpha_infinity__f2_high) / log(log10_sigm...
                                      a))) + log10_sigma) - alpha_infinity__f2_onset))
───────────────────────────────────────────────────────────────────────────────────────────────────
════════════════════════════════════════════════════════════════════════════════════════════════════
Press 'q' and then <enter> to stop execution early.

Expressions evaluated per second: 1.770e+03
Progress: 42 / 120 total iterations (35.000%)
════════════════════════════════════════════════════════════════════════════════════════════════════
───────────────────────────────────────────────────────────────────────────────────────────────────
Complexity  Loss       Score      Equation
1           3.696e-02  0.000e+00  y = 0.36906
3           2.384e-02  2.192e-01  y = 1.2415 / log10_f
5           1.333e-02  2.908e-01  y = (3.6613 / log10_f) + -0.76012
9           1.306e-02  5.159e-03  y = (((1.5159 / log10_f) + -0.18615) / 0.24229) / log10_f
11          1.305e-02  6.766e-05  y = (((1.4338 / log10_f) + -0.17965) / 0.29245) * (1.2923 ...
                                      / log10_f)
13          1.305e-02  5.364e-07  y = (((((-0.36882 / log10_f) * -3.1009) + -0.14328) * 2.55...
                                      71) / 0.4615) / log10_f
14          1.298e-02  5.492e-03  y = (((log(alpha_infinity__f2_high) * 0.013737) + ((-0.757...
                                      45 / log10_f) / 0.40346)) * -1.9357) / log10_f
15          1.283e-02  1.185e-02  y = (((((-2.3273 / log10_f) / 0.46667) * -1.0272) / log10_...
                                      f) + (alpha_infinity * 0.032515)) + -0.17632
17          1.076e-02  8.812e-02  y = (-1.1577 / (alpha_infinity__f2_high + log10_k0_prime))...
                                       + ((((log10_sigma + -2.9051) - log(sqrt(alpha_infinity__f...
                                      2_high))) / log10_k0_prime) * -0.69435)
20          1.058e-02  5.427e-03  y = log(log((((((alpha_infinity__f2_high / log10_lambda) *...
                                       -1.2799) + log(alpha_infinity__f2_onset)) - (log(alpha_in...
                                      finity__f2_high) / log(log10_sigma))) + log10_sigma) - alp...
                                      ha_infinity__f2_onset))
22          1.049e-02  4.588e-03  y = (((log(alpha_infinity) * -0.31608) - 0.72651) / (alpha...
                                      _infinity__f2_high + log10_k0_prime)) + ((((log10_sigma + ...
                                      -2.3367) - log(sqrt(alpha_infinity__f2_high))) / log10_k0_...
                                      prime) * -0.67915)
24          8.908e-03  8.155e-02  y = log(log((((alpha_infinity__f2_high / log10_lambda) * (...
                                      (0.67853 - alpha_infinity__f2_high) + -0.45269)) + ((log(a...
                                      lpha_infinity__f2_onset) - (log(alpha_infinity__f2_high) /...
                                       log(log10_sigma))) + log10_sigma)) - alpha_infinity__f2_o...
                                      nset))
───────────────────────────────────────────────────────────────────────────────────────────────────
════════════════════════════════════════════════════════════════════════════════════════════════════
Press 'q' and then <enter> to stop execution early.

Expressions evaluated per second: 1.690e+03
Progress: 45 / 120 total iterations (37.500%)
════════════════════════════════════════════════════════════════════════════════════════════════════
───────────────────────────────────────────────────────────────────────────────────────────────────
Complexity  Loss       Score      Equation
1           3.696e-02  0.000e+00  y = 0.36906
3           2.384e-02  2.192e-01  y = 1.2415 / log10_f
5           1.333e-02  2.908e-01  y = (3.6613 / log10_f) + -0.76012
8           1.246e-02  2.240e-02  y = (log(alpha_infinity__f2_high) * -0.027958) - (-1.0533 ...
                                      / log10_f)
17          1.076e-02  1.635e-02  y = (-1.1577 / (alpha_infinity__f2_high + log10_k0_prime))...
                                       + ((((log10_sigma + -2.9051) - log(sqrt(alpha_infinity__f...
                                      2_high))) / log10_k0_prime) * -0.69435)
20          1.058e-02  5.427e-03  y = log(log((((((alpha_infinity__f2_high / log10_lambda) *...
                                       -1.2799) + log(alpha_infinity__f2_onset)) - (log(alpha_in...
                                      finity__f2_high) / log(log10_sigma))) + log10_sigma) - alp...
                                      ha_infinity__f2_onset))
22          1.049e-02  4.588e-03  y = (((log(alpha_infinity) * -0.31608) - 0.72651) / (alpha...
                                      _infinity__f2_high + log10_k0_prime)) + ((((log10_sigma + ...
                                      -2.3367) - log(sqrt(alpha_infinity__f2_high))) / log10_k0_...
                                      prime) * -0.67915)
24          8.908e-03  8.155e-02  y = log(log((((alpha_infinity__f2_high / log10_lambda) * (...
                                      (0.67853 - alpha_infinity__f2_high) + -0.45269)) + ((log(a...
                                      lpha_infinity__f2_onset) - (log(alpha_infinity__f2_high) /...
                                       log(log10_sigma))) + log10_sigma)) - alpha_infinity__f2_o...
                                      nset))
───────────────────────────────────────────────────────────────────────────────────────────────────
════════════════════════════════════════════════════════════════════════════════════════════════════
Press 'q' and then <enter> to stop execution early.

Expressions evaluated per second: 1.710e+03
Progress: 50 / 120 total iterations (41.667%)
════════════════════════════════════════════════════════════════════════════════════════════════════
───────────────────────────────────────────────────────────────────────────────────────────────────
Complexity  Loss       Score      Equation
1           3.696e-02  0.000e+00  y = 0.36906
3           2.384e-02  2.192e-01  y = 1.2415 / log10_f
5           1.333e-02  2.908e-01  y = (3.6613 / log10_f) + -0.76012
8           1.246e-02  2.240e-02  y = (log(alpha_infinity__f2_high) * -0.027958) - (-1.0533 ...
                                      / log10_f)
17          1.076e-02  1.635e-02  y = (-1.1577 / (alpha_infinity__f2_high + log10_k0_prime))...
                                       + ((((log10_sigma + -2.9051) - log(sqrt(alpha_infinity__f...
                                      2_high))) / log10_k0_prime) * -0.69435)
20          1.058e-02  5.427e-03  y = log(log((((((alpha_infinity__f2_high / log10_lambda) *...
                                       -1.2799) + log(alpha_infinity__f2_onset)) - (log(alpha_in...
                                      finity__f2_high) / log(log10_sigma))) + log10_sigma) - alp...
                                      ha_infinity__f2_onset))
22          1.049e-02  4.588e-03  y = (((log(alpha_infinity) * -0.31608) - 0.72651) / (alpha...
                                      _infinity__f2_high + log10_k0_prime)) + ((((log10_sigma + ...
                                      -2.3367) - log(sqrt(alpha_infinity__f2_high))) / log10_k0_...
                                      prime) * -0.67915)
24          8.908e-03  8.155e-02  y = log(log((((alpha_infinity__f2_high / log10_lambda) * (...
                                      (0.67853 - alpha_infinity__f2_high) + -0.45269)) + ((log(a...
                                      lpha_infinity__f2_onset) - (log(alpha_infinity__f2_high) /...
                                       log(log10_sigma))) + log10_sigma)) - alpha_infinity__f2_o...
                                      nset))
───────────────────────────────────────────────────────────────────────────────────────────────────
════════════════════════════════════════════════════════════════════════════════════════════════════
Press 'q' and then <enter> to stop execution early.

Expressions evaluated per second: 1.730e+03
Progress: 56 / 120 total iterations (46.667%)
════════════════════════════════════════════════════════════════════════════════════════════════════
───────────────────────────────────────────────────────────────────────────────────────────────────
Complexity  Loss       Score      Equation
1           3.696e-02  0.000e+00  y = 0.36906
3           2.384e-02  2.192e-01  y = 1.2415 / log10_f
5           1.333e-02  2.908e-01  y = (3.6613 / log10_f) + -0.76012
8           1.246e-02  2.240e-02  y = (log(alpha_infinity__f2_high) * -0.027958) - (-1.0533 ...
                                      / log10_f)
17          1.076e-02  1.635e-02  y = (-1.1577 / (alpha_infinity__f2_high + log10_k0_prime))...
                                       + ((((log10_sigma + -2.9051) - log(sqrt(alpha_infinity__f...
                                      2_high))) / log10_k0_prime) * -0.69435)
20          1.031e-02  1.414e-02  y = ((((log10_sigma + -1.5889) - log(sqrt(alpha_infinity__...
                                      f2_high))) / log10_k0_prime) * -0.68169) + ((log(alpha_inf...
                                      inity) * -0.93092) / (alpha_infinity__f2_high + log10_k0_p...
                                      rime))
22          1.031e-02  1.327e-04  y = (((log10_sigma + (-2.372 - log(sqrt(alpha_infinity__f2...
                                      _high)))) / log10_k0_prime) * -0.6892) + (((log(alpha_infi...
                                      nity) * -0.65543) - 0.56977) / (alpha_infinity__f2_high + ...
                                      log10_k0_prime))
24          8.908e-03  7.293e-02  y = log(log((((alpha_infinity__f2_high / log10_lambda) * (...
                                      (0.67853 - alpha_infinity__f2_high) + -0.45269)) + ((log(a...
                                      lpha_infinity__f2_onset) - (log(alpha_infinity__f2_high) /...
                                       log(log10_sigma))) + log10_sigma)) - alpha_infinity__f2_o...
                                      nset))
───────────────────────────────────────────────────────────────────────────────────────────────────
════════════════════════════════════════════════════════════════════════════════════════════════════
Press 'q' and then <enter> to stop execution early.

Expressions evaluated per second: 1.760e+03
Progress: 66 / 120 total iterations (55.000%)
════════════════════════════════════════════════════════════════════════════════════════════════════
───────────────────────────────────────────────────────────────────────────────────────────────────
Complexity  Loss       Score      Equation
1           3.696e-02  0.000e+00  y = 0.36906
3           2.384e-02  2.192e-01  y = 1.2415 / log10_f
5           1.333e-02  2.908e-01  y = (3.6613 / log10_f) + -0.76012
8           1.246e-02  2.240e-02  y = (log(alpha_infinity__f2_high) * -0.027958) - (-1.0533 ...
                                      / log10_f)
13          1.167e-02  1.315e-02  y = ((log10_sigma - log(sqrt(alpha_infinity__f2_high))) / ...
                                      log10_k0_prime) * (-0.69435 + (-1.1577 / log10_k0_prime))
15          1.147e-02  8.749e-03  y = ((log10_sigma - log(sqrt(alpha_infinity__f2_high))) / ...
                                      log10_k0_prime) * (-0.69435 + (-1.1577 / (-1.32 + log10_k0...
                                      _prime)))
17          1.076e-02  3.195e-02  y = (-1.1577 / (alpha_infinity__f2_high + log10_k0_prime))...
                                       + ((((log10_sigma + -2.9051) - log(sqrt(alpha_infinity__f...
                                      2_high))) / log10_k0_prime) * -0.69435)
20          1.031e-02  1.414e-02  y = ((((log10_sigma + -1.5889) - log(sqrt(alpha_infinity__...
                                      f2_high))) / log10_k0_prime) * -0.68169) + ((log(alpha_inf...
                                      inity) * -0.93092) / (alpha_infinity__f2_high + log10_k0_p...
                                      rime))
22          1.031e-02  1.327e-04  y = (((log10_sigma + (-2.372 - log(sqrt(alpha_infinity__f2...
                                      _high)))) / log10_k0_prime) * -0.6892) + (((log(alpha_infi...
                                      nity) * -0.65543) - 0.56977) / (alpha_infinity__f2_high + ...
                                      log10_k0_prime))
24          8.908e-03  7.293e-02  y = log(log((((alpha_infinity__f2_high / log10_lambda) * (...
                                      (0.67853 - alpha_infinity__f2_high) + -0.45269)) + ((log(a...
                                      lpha_infinity__f2_onset) - (log(alpha_infinity__f2_high) /...
                                       log(log10_sigma))) + log10_sigma)) - alpha_infinity__f2_o...
                                      nset))
───────────────────────────────────────────────────────────────────────────────────────────────────
════════════════════════════════════════════════════════════════════════════════════════════════════
Press 'q' and then <enter> to stop execution early.

Expressions evaluated per second: 1.570e+03
Progress: 76 / 120 total iterations (63.333%)
════════════════════════════════════════════════════════════════════════════════════════════════════

Training global model: global_100_4950 (100.00-4950.00 Hz), train/validation/test rows=89600/19200/inaccessible

Global PySR training complete.
    global_name  complexity  validation_rmse
global_100_4950          22         0.088899
Artifacts saved to: C:\MasterThesis_Project_R\surrogate_model\global_symbolic_regression\artifacts\re\train\20260816_f2_r1_c2100_t18
───────────────────────────────────────────────────────────────────────────────────────────────────
Complexity  Loss       Score      Equation
1           3.696e-02  0.000e+00  y = 0.36906
3           2.384e-02  2.192e-01  y = 1.2415 / log10_f
5           1.333e-02  2.908e-01  y = (3.6613 / log10_f) + -0.76012
8           1.246e-02  2.240e-02  y = (log(alpha_infinity__f2_high) * -0.027958) - (-1.0533 ...
                                      / log10_f)
13          1.167e-02  1.315e-02  y = ((log10_sigma - log(sqrt(alpha_infinity__f2_high))) / ...
                                      log10_k0_prime) * (-0.69435 + (-1.1577 / log10_k0_prime))
15          1.147e-02  8.749e-03  y = ((log10_sigma - log(sqrt(alpha_infinity__f2_high))) / ...
                                      log10_k0_prime) * (-0.69435 + (-1.1577 / (-1.32 + log10_k0...
                                      _prime)))
17          1.076e-02  3.195e-02  y = (-1.1577 / (alpha_infinity__f2_high + log10_k0_prime))...
                                       + ((((log10_sigma + -2.9051) - log(sqrt(alpha_infinity__f...
                                      2_high))) / log10_k0_prime) * -0.69435)
20          1.031e-02  1.414e-02  y = ((((log10_sigma + -1.5889) - log(sqrt(alpha_infinity__...
                                      f2_high))) / log10_k0_prime) * -0.68169) + ((log(alpha_inf...
                                      inity) * -0.93092) / (alpha_infinity__f2_high + log10_k0_p...
                                      rime))
22          1.031e-02  1.327e-04  y = (((log10_sigma + (-2.372 - log(sqrt(alpha_infinity__f2...
                                      _high)))) / log10_k0_prime) * -0.6892) + (((log(alpha_infi...
                                      nity) * -0.65543) - 0.56977) / (alpha_infinity__f2_high + ...
                                      log10_k0_prime))
24          8.908e-03  7.293e-02  y = log(log((((alpha_infinity__f2_high / log10_lambda) * (...
                                      (0.67853 - alpha_infinity__f2_high) + -0.45269)) + ((log(a...
                                      lpha_infinity__f2_onset) - (log(alpha_infinity__f2_high) /...
                                       log(log10_sigma))) + log10_sigma)) - alpha_infinity__f2_o...
                                      nset))
───────────────────────────────────────────────────────────────────────────────────────────────────
════════════════════════════════════════════════════════════════════════════════════════════════════
Press 'q' and then <enter> to stop execution early.

Expressions evaluated per second: 1.560e+03
Progress: 83 / 120 total iterations (69.167%)
════════════════════════════════════════════════════════════════════════════════════════════════════
───────────────────────────────────────────────────────────────────────────────────────────────────
Complexity  Loss       Score      Equation
1           3.696e-02  0.000e+00  y = 0.36906
3           2.384e-02  2.192e-01  y = 1.2415 / log10_f
5           1.333e-02  2.908e-01  y = (3.6613 / log10_f) + -0.76012
8           1.246e-02  2.240e-02  y = (log(alpha_infinity__f2_high) * -0.027958) - (-1.0533 ...
                                      / log10_f)
13          1.145e-02  1.695e-02  y = ((-2.0136 / log10_k0_prime) + -0.81745) * ((log10_sigm...
                                      a - log(sqrt(alpha_infinity__f2_high))) / log10_k0_prime)
16          1.124e-02  6.275e-03  y = ((log10_sigma - log(sqrt(alpha_infinity__f2_high))) * ...
                                      (-0.69435 + (-1.1577 / (log(alpha_infinity__f2_onset) + lo...
                                      g10_k0_prime)))) / log10_k0_prime
17          1.076e-02  4.361e-02  y = (-1.1577 / (alpha_infinity__f2_high + log10_k0_prime))...
                                       + ((((log10_sigma + -2.9051) - log(sqrt(alpha_infinity__f...
                                      2_high))) / log10_k0_prime) * -0.69435)
20          1.031e-02  1.414e-02  y = ((((log10_sigma + -1.5889) - log(sqrt(alpha_infinity__...
                                      f2_high))) / log10_k0_prime) * -0.68169) + ((log(alpha_inf...
                                      inity) * -0.93092) / (alpha_infinity__f2_high + log10_k0_p...
                                      rime))
22          1.031e-02  1.327e-04  y = (((log10_sigma + (-2.372 - log(sqrt(alpha_infinity__f2...
                                      _high)))) / log10_k0_prime) * -0.6892) + (((log(alpha_infi...
                                      nity) * -0.65543) - 0.56977) / (alpha_infinity__f2_high + ...
                                      log10_k0_prime))
24          8.908e-03  7.293e-02  y = log(log((((alpha_infinity__f2_high / log10_lambda) * (...
                                      (0.67853 - alpha_infinity__f2_high) + -0.45269)) + ((log(a...
                                      lpha_infinity__f2_onset) - (log(alpha_infinity__f2_high) /...
                                       log(log10_sigma))) + log10_sigma)) - alpha_infinity__f2_o...
                                      nset))
───────────────────────────────────────────────────────────────────────────────────────────────────
════════════════════════════════════════════════════════════════════════════════════════════════════
Press 'q' and then <enter> to stop execution early.

Expressions evaluated per second: 1.570e+03
Progress: 87 / 120 total iterations (72.500%)
════════════════════════════════════════════════════════════════════════════════════════════════════
───────────────────────────────────────────────────────────────────────────────────────────────────
Complexity  Loss       Score      Equation
1           3.696e-02  0.000e+00  y = 0.36906
3           2.384e-02  2.192e-01  y = 1.2415 / log10_f
5           1.333e-02  2.908e-01  y = (3.6613 / log10_f) + -0.76012
8           1.246e-02  2.240e-02  y = (log(alpha_infinity__f2_high) * -0.027958) - (-1.0533 ...
                                      / log10_f)
13          1.145e-02  1.695e-02  y = ((-2.0136 / log10_k0_prime) + -0.81745) * ((log10_sigm...
                                      a - log(sqrt(alpha_infinity__f2_high))) / log10_k0_prime)
16          1.124e-02  6.275e-03  y = ((log10_sigma - log(sqrt(alpha_infinity__f2_high))) * ...
                                      (-0.69435 + (-1.1577 / (log(alpha_infinity__f2_onset) + lo...
                                      g10_k0_prime)))) / log10_k0_prime
17          1.076e-02  4.361e-02  y = (-1.1577 / (alpha_infinity__f2_high + log10_k0_prime))...
                                       + ((((log10_sigma + -2.9051) - log(sqrt(alpha_infinity__f...
                                      2_high))) / log10_k0_prime) * -0.69435)
20          1.031e-02  1.414e-02  y = ((((log10_sigma + -1.5889) - log(sqrt(alpha_infinity__...
                                      f2_high))) / log10_k0_prime) * -0.68169) + ((log(alpha_inf...
                                      inity) * -0.93092) / (alpha_infinity__f2_high + log10_k0_p...
                                      rime))
22          8.677e-03  8.620e-02  y = log(log(((log10_sigma - alpha_infinity__f2_onset) + ((...
                                      alpha_infinity__f2_high / log10_lambda_prime) * (0.23321 -...
                                       alpha_infinity__f2_high))) + (log(alpha_infinity__f2_onse...
                                      t) - (log(alpha_infinity__f2_high) / log(log10_sigma)))))
───────────────────────────────────────────────────────────────────────────────────────────────────
════════════════════════════════════════════════════════════════════════════════════════════════════
Press 'q' and then <enter> to stop execution early.

Expressions evaluated per second: 1.560e+03
Progress: 90 / 120 total iterations (75.000%)
════════════════════════════════════════════════════════════════════════════════════════════════════
───────────────────────────────────────────────────────────────────────────────────────────────────
Complexity  Loss       Score      Equation
1           3.696e-02  0.000e+00  y = 0.36906
3           2.384e-02  2.192e-01  y = 1.2415 / log10_f
5           1.333e-02  2.908e-01  y = (3.6613 / log10_f) + -0.76012
8           1.246e-02  2.240e-02  y = (log(alpha_infinity__f2_high) * -0.027958) - (-1.0533 ...
                                      / log10_f)
13          1.145e-02  1.695e-02  y = ((-2.0136 / log10_k0_prime) + -0.81745) * ((log10_sigm...
                                      a - log(sqrt(alpha_infinity__f2_high))) / log10_k0_prime)
16          1.124e-02  6.275e-03  y = ((log10_sigma - log(sqrt(alpha_infinity__f2_high))) * ...
                                      (-0.69435 + (-1.1577 / (log(alpha_infinity__f2_onset) + lo...
                                      g10_k0_prime)))) / log10_k0_prime
17          1.076e-02  4.361e-02  y = (-1.1577 / (alpha_infinity__f2_high + log10_k0_prime))...
                                       + ((((log10_sigma + -2.9051) - log(sqrt(alpha_infinity__f...
                                      2_high))) / log10_k0_prime) * -0.69435)
20          1.031e-02  1.414e-02  y = ((((log10_sigma + -1.5889) - log(sqrt(alpha_infinity__...
                                      f2_high))) / log10_k0_prime) * -0.68169) + ((log(alpha_inf...
                                      inity) * -0.93092) / (alpha_infinity__f2_high + log10_k0_p...
                                      rime))
22          8.677e-03  8.620e-02  y = log(log(((log10_sigma - alpha_infinity__f2_onset) + ((...
                                      alpha_infinity__f2_high / log10_lambda_prime) * (0.23321 -...
                                       alpha_infinity__f2_high))) + (log(alpha_infinity__f2_onse...
                                      t) - (log(alpha_infinity__f2_high) / log(log10_sigma)))))
───────────────────────────────────────────────────────────────────────────────────────────────────
════════════════════════════════════════════════════════════════════════════════════════════════════
Press 'q' and then <enter> to stop execution early.

Expressions evaluated per second: 1.520e+03
Progress: 93 / 120 total iterations (77.500%)
════════════════════════════════════════════════════════════════════════════════════════════════════
───────────────────────────────────────────────────────────────────────────────────────────────────
Complexity  Loss       Score      Equation
1           3.696e-02  0.000e+00  y = 0.36906
3           2.384e-02  2.192e-01  y = 1.2415 / log10_f
5           1.333e-02  2.908e-01  y = (3.6613 / log10_f) + -0.76012
8           1.246e-02  2.240e-02  y = (log(alpha_infinity__f2_high) * -0.027958) - (-1.0533 ...
                                      / log10_f)
13          1.145e-02  1.695e-02  y = ((-2.0136 / log10_k0_prime) + -0.81745) * ((log10_sigm...
                                      a - log(sqrt(alpha_infinity__f2_high))) / log10_k0_prime)
16          1.124e-02  6.275e-03  y = ((log10_sigma - log(sqrt(alpha_infinity__f2_high))) * ...
                                      (-0.69435 + (-1.1577 / (log(alpha_infinity__f2_onset) + lo...
                                      g10_k0_prime)))) / log10_k0_prime
17          1.076e-02  4.361e-02  y = (-1.1577 / (alpha_infinity__f2_high + log10_k0_prime))...
                                       + ((((log10_sigma + -2.9051) - log(sqrt(alpha_infinity__f...
                                      2_high))) / log10_k0_prime) * -0.69435)
20          1.031e-02  1.414e-02  y = ((((log10_sigma + -1.5889) - log(sqrt(alpha_infinity__...
                                      f2_high))) / log10_k0_prime) * -0.68169) + ((log(alpha_inf...
                                      inity) * -0.93092) / (alpha_infinity__f2_high + log10_k0_p...
                                      rime))
22          8.673e-03  8.642e-02  y = log(log(((0.37641 - (alpha_infinity__f2_high * alpha_i...
                                      nfinity__f2_high)) / log10_lambda) + ((log10_sigma + (log(...
                                      alpha_infinity__f2_onset) - (log(alpha_infinity__f2_high) ...
                                      / log(log10_sigma)))) - alpha_infinity__f2_onset)))
───────────────────────────────────────────────────────────────────────────────────────────────────
════════════════════════════════════════════════════════════════════════════════════════════════════
Press 'q' and then <enter> to stop execution early.

Expressions evaluated per second: 1.550e+03
Progress: 99 / 120 total iterations (82.500%)
════════════════════════════════════════════════════════════════════════════════════════════════════
───────────────────────────────────────────────────────────────────────────────────────────────────
Complexity  Loss       Score      Equation
1           3.696e-02  0.000e+00  y = 0.36906
3           2.384e-02  2.192e-01  y = 1.2415 / log10_f
5           1.333e-02  2.908e-01  y = (3.6613 / log10_f) + -0.76012
8           1.246e-02  2.240e-02  y = (log(alpha_infinity__f2_high) * -0.027958) - (-1.0533 ...
                                      / log10_f)
11          1.180e-02  1.809e-02  y = (((log10_sigma - log(sqrt(alpha_infinity__f2_high))) +...
                                       -0.69435) * -0.69435) / log10_k0_prime
13          1.145e-02  1.523e-02  y = ((-2.0136 / log10_k0_prime) + -0.81745) * ((log10_sigm...
                                      a - log(sqrt(alpha_infinity__f2_high))) / log10_k0_prime)
16          1.124e-02  6.275e-03  y = ((log10_sigma - log(sqrt(alpha_infinity__f2_high))) * ...
                                      (-0.69435 + (-1.1577 / (log(alpha_infinity__f2_onset) + lo...
                                      g10_k0_prime)))) / log10_k0_prime
17          1.076e-02  4.361e-02  y = (-1.1577 / (alpha_infinity__f2_high + log10_k0_prime))...
                                       + ((((log10_sigma + -2.9051) - log(sqrt(alpha_infinity__f...
                                      2_high))) / log10_k0_prime) * -0.69435)
20          1.031e-02  1.414e-02  y = ((((log10_sigma + -1.5889) - log(sqrt(alpha_infinity__...
                                      f2_high))) / log10_k0_prime) * -0.68169) + ((log(alpha_inf...
                                      inity) * -0.93092) / (alpha_infinity__f2_high + log10_k0_p...
                                      rime))
21          1.027e-02  4.194e-03  y = log(log(((((alpha_infinity__f2_onset / log10_lambda) -...
                                       (log(alpha_infinity__f2_onset) / log(log10_sigma))) + alp...
                                      ha_infinity__f2_onset) * (log10_sigma - (alpha_infinity__f...
                                      2_onset + 0.3169))) + alpha_infinity__f2_onset))
22          8.673e-03  1.686e-01  y = log(log(((0.37641 - (alpha_infinity__f2_high * alpha_i...
                                      nfinity__f2_high)) / log10_lambda) + ((log10_sigma + (log(...
                                      alpha_infinity__f2_onset) - (log(alpha_infinity__f2_high) ...
                                      / log(log10_sigma)))) - alpha_infinity__f2_onset)))
───────────────────────────────────────────────────────────────────────────────────────────────────
════════════════════════════════════════════════════════════════════════════════════════════════════
Press 'q' and then <enter> to stop execution early.

Expressions evaluated per second: 1.560e+03
Progress: 106 / 120 total iterations (88.333%)
════════════════════════════════════════════════════════════════════════════════════════════════════
───────────────────────────────────────────────────────────────────────────────────────────────────
Complexity  Loss       Score      Equation
1           3.696e-02  0.000e+00  y = 0.36906
3           2.384e-02  2.192e-01  y = 1.2415 / log10_f
5           1.333e-02  2.908e-01  y = (3.6613 / log10_f) + -0.76012
8           1.246e-02  2.240e-02  y = (log(alpha_infinity__f2_high) * -0.027958) - (-1.0533 ...
                                      / log10_f)
11          1.101e-02  4.118e-02  y = (((log10_sigma + -0.79889) - log(sqrt(alpha_infinity__...
                                      f2_high))) * -0.66155) / log10_k0_prime
14          1.033e-02  2.137e-02  y = log(sqrt((alpha_infinity__f2_high * 1.0642) + (((log10...
                                      _f / log10_lambda_prime) - log(alpha_infinity__f2_onset)) ...
                                      + 1.5476)))
20          1.031e-02  3.257e-04  y = ((((log10_sigma + -1.5889) - log(sqrt(alpha_infinity__...
                                      f2_high))) / log10_k0_prime) * -0.68169) + ((log(alpha_inf...
                                      inity) * -0.93092) / (alpha_infinity__f2_high + log10_k0_p...
                                      rime))
21          1.027e-02  4.194e-03  y = log(log(((((alpha_infinity__f2_onset / log10_lambda) -...
                                       (log(alpha_infinity__f2_onset) / log(log10_sigma))) + alp...
                                      ha_infinity__f2_onset) * (log10_sigma - (alpha_infinity__f...
                                      2_onset + 0.3169))) + alpha_infinity__f2_onset))
22          8.673e-03  1.686e-01  y = log(log(((0.37641 - (alpha_infinity__f2_high * alpha_i...
                                      nfinity__f2_high)) / log10_lambda) + ((log10_sigma + (log(...
                                      alpha_infinity__f2_onset) - (log(alpha_infinity__f2_high) ...
                                      / log(log10_sigma)))) - alpha_infinity__f2_onset)))
───────────────────────────────────────────────────────────────────────────────────────────────────
════════════════════════════════════════════════════════════════════════════════════════════════════
Press 'q' and then <enter> to stop execution early.

Expressions evaluated per second: 1.740e+03
Progress: 118 / 120 total iterations (98.333%)
════════════════════════════════════════════════════════════════════════════════════════════════════
───────────────────────────────────────────────────────────────────────────────────────────────────
Complexity  Loss       Score      Equation
1           3.696e-02  0.000e+00  y = 0.36906
3           2.384e-02  2.192e-01  y = 1.2415 / log10_f
5           1.333e-02  2.908e-01  y = (3.6613 / log10_f) + -0.76012
8           1.246e-02  2.240e-02  y = (log(alpha_infinity__f2_high) * -0.027958) - (-1.0533 ...
                                      / log10_f)
9           1.149e-02  8.074e-02  y = ((log10_sigma - log(sqrt(alpha_infinity__f2_high))) * ...
                                      -0.57685) / log10_k0_prime
10          1.113e-02  3.203e-02  y = ((log10_sigma + -1.9004) - log(alpha_infinity__f2_onse...
                                      t)) * (-0.91466 / log10_k0_prime)
11          1.101e-02  1.078e-02  y = (((log10_sigma + -0.79889) - log(sqrt(alpha_infinity__...
                                      f2_high))) * -0.66155) / log10_k0_prime
14          1.033e-02  2.137e-02  y = log(sqrt((alpha_infinity__f2_high * 1.0642) + (((log10...
                                      _f / log10_lambda_prime) - log(alpha_infinity__f2_onset)) ...
                                      + 1.5476)))
16          1.031e-02  7.393e-04  y = log(sqrt((alpha_infinity__f2_high * 1.0642) + ((1.5476...
                                       + (log10_f / log10_lambda_prime)) - log(alpha_infinity__f...
                                      2_onset)))) / 1.0059
20          1.031e-02  1.188e-04  y = ((((log10_sigma + -1.5889) - log(sqrt(alpha_infinity__...
                                      f2_high))) / log10_k0_prime) * -0.68169) + ((log(alpha_inf...
                                      inity) * -0.93092) / (alpha_infinity__f2_high + log10_k0_p...
                                      rime))
21          1.027e-02  4.194e-03  y = log(log(((((alpha_infinity__f2_onset / log10_lambda) -...
                                       (log(alpha_infinity__f2_onset) / log(log10_sigma))) + alp...
                                      ha_infinity__f2_onset) * (log10_sigma - (alpha_infinity__f...
                                      2_onset + 0.3169))) + alpha_infinity__f2_onset))
22          8.673e-03  1.686e-01  y = log(log(((0.37641 - (alpha_infinity__f2_high * alpha_i...
                                      nfinity__f2_high)) / log10_lambda) + ((log10_sigma + (log(...
                                      alpha_infinity__f2_onset) - (log(alpha_infinity__f2_high) ...
                                      / log(log10_sigma)))) - alpha_infinity__f2_onset)))
───────────────────────────────────────────────────────────────────────────────────────────────────
════════════════════════════════════════════════════════════════════════════════════════════════════
Press 'q' and then <enter> to stop execution early.
───────────────────────────────────────────────────────────────────────────────────────────────────
Complexity  Loss       Score      Equation
1           3.696e-02  0.000e+00  y = 0.36906
3           2.384e-02  2.192e-01  y = 1.2415 / log10_f
5           1.333e-02  2.908e-01  y = (3.6613 / log10_f) + -0.76012
8           1.246e-02  2.240e-02  y = (log(alpha_infinity__f2_high) * -0.027958) - (-1.0533 ...
                                      / log10_f)
9           1.149e-02  8.074e-02  y = ((log10_sigma - log(sqrt(alpha_infinity__f2_high))) * ...
                                      -0.57685) / log10_k0_prime
10          1.113e-02  3.203e-02  y = ((log10_sigma + -1.9004) - log(alpha_infinity__f2_onse...
                                      t)) * (-0.91466 / log10_k0_prime)
11          1.101e-02  1.078e-02  y = (((log10_sigma + -0.79889) - log(sqrt(alpha_infinity__...
                                      f2_high))) * -0.66155) / log10_k0_prime
14          1.033e-02  2.137e-02  y = log(sqrt((alpha_infinity__f2_high * 1.0642) + (((log10...
                                      _f / log10_lambda_prime) - log(alpha_infinity__f2_onset)) ...
                                      + 1.5476)))
16          1.031e-02  7.393e-04  y = log(sqrt((alpha_infinity__f2_high * 1.0642) + ((1.5476...
                                       + (log10_f / log10_lambda_prime)) - log(alpha_infinity__f...
                                      2_onset)))) / 1.0059
20          1.031e-02  1.188e-04  y = ((((log10_sigma + -1.5889) - log(sqrt(alpha_infinity__...
                                      f2_high))) / log10_k0_prime) * -0.68169) + ((log(alpha_inf...
                                      inity) * -0.93092) / (alpha_infinity__f2_high + log10_k0_p...
                                      rime))
21          1.027e-02  4.194e-03  y = log(log(((((alpha_infinity__f2_onset / log10_lambda) -...
                                       (log(alpha_infinity__f2_onset) / log(log10_sigma))) + alp...
                                      ha_infinity__f2_onset) * (log10_sigma - (alpha_infinity__f...
                                      2_onset + 0.3169))) + alpha_infinity__f2_onset))
22          8.673e-03  1.686e-01  y = log(log(((0.37641 - (alpha_infinity__f2_high * alpha_i...
                                      nfinity__f2_high)) / log10_lambda) + ((log10_sigma + (log(...
                                      alpha_infinity__f2_onset) - (log(alpha_infinity__f2_high) ...
                                      / log(log10_sigma)))) - alpha_infinity__f2_onset)))
───────────────────────────────────────────────────────────────────────────────────────────────────
  - C:/MasterThesis_Project_R/surrogate_model/global_symbolic_regression/artifacts/re/train/20260816_f2_r1_c2100_t18/pysr_runs/global_100_4950\global_100_4950\hall_of_fame.csv
COMMAND: C:\MasterThesis_Project_R\surrogate_model\segmented_symbolic_regression\.venv_py311\Scripts\python.exe C:\MasterThesis_Project_R\surrogate_model\global_symbolic_regression\evaluate_global_symbolic_candidates.py --target re --dataset-run run1 --training-dir C:\MasterThesis_Project_R\surrogate_model\global_symbolic_regression\artifacts\re\train\20260816_f2_r1_c2100_t18 --output-dir C:\MasterThesis_Project_R\surrogate_model\global_symbolic_regression\artifacts\re\eval\20260816_f2_r1_c2100_t18_v --selection-rule best_loss --validation-only
Global symbolic candidate evaluation complete.
Candidate metrics: C:\MasterThesis_Project_R\surrogate_model\global_symbolic_regression\artifacts\re\eval\20260816_f2_r1_c2100_t18_v\candidate_metrics.csv
Selected candidate: 12
Validation-only selected-formula metrics: RMSE=0.088899, MAE=0.067854, R2=0.781351; test rows were not accessed.
Figures saved to: C:\MasterThesis_Project_R\surrogate_model\global_symbolic_regression\artifacts\re\eval\20260816_f2_r1_c2100_t18_v\figures

[RE r1_c2100_t24] screen training
COMMAND: C:\MasterThesis_Project_R\surrogate_model\segmented_symbolic_regression\.venv_py311\Scripts\python.exe C:\MasterThesis_Project_R\surrogate_model\global_symbolic_regression\train_global_symbolic_model.py --target re --dataset-run run1 --output-dir C:\MasterThesis_Project_R\surrogate_model\global_symbolic_regression\artifacts\re\train\20260816_f2_r1_c2100_t24 --feature-branch sobol_modulated --frequency-modulation-spec C:\MasterThesis_Project_R\surrogate_model\global_symbolic_regression\artifacts\f2_manifests\20260816_f2\specs\re_r1_c2100_t24.json --random-seed 42 --niterations 20 --populations 6 --population-size 40 --maxsize 24 --model-selection best --validation-only

Expressions evaluated per second: 1.030e+03
Progress: 5 / 120 total iterations (4.167%)
════════════════════════════════════════════════════════════════════════════════════════════════════
───────────────────────────────────────────────────────────────────────────────────────────────────
Complexity  Loss       Score      Equation
1           3.696e-02  0.000e+00  y = 0.36905
3           3.695e-02  1.718e-04  y = log10_lambda * -0.090956
5           3.436e-02  3.628e-02  y = log(-0.093641 + log(log10_sigma))
7           3.435e-02  1.410e-04  y = log((-0.093641 + log(log10_sigma)) - 0.0050607)
9           3.411e-02  3.499e-03  y = log(log(log10_sigma) + (-0.093641 - (-0.11519 / log10_...
                                      f)))
10          2.982e-02  1.345e-01  y = (0.28695 / log10_sigma) * ((7.3522 / log(log10_f)) - 1...
                                      .3103)
12          1.952e-02  2.120e-01  y = ((0.48192 / log10_sigma) * ((7.089 / log(log10_f)) - 2...
                                      .8111)) / 0.86301
17          1.153e-02  1.052e-01  y = log((log(log10_sigma) + ((-0.96177 - ((alpha_infinity ...
                                      / log10_k0_prime) / log10_f)) + -0.88924)) - (-5.5539 / lo...
                                      g10_f))
───────────────────────────────────────────────────────────────────────────────────────────────────
════════════════════════════════════════════════════════════════════════════════════════════════════
Press 'q' and then <enter> to stop execution early.

Expressions evaluated per second: 1.420e+03
Progress: 15 / 120 total iterations (12.500%)
════════════════════════════════════════════════════════════════════════════════════════════════════
───────────────────────────────────────────────────────────────────────────────────────────────────
Complexity  Loss       Score      Equation
1           3.696e-02  0.000e+00  y = 0.36905
3           2.452e-02  2.053e-01  y = 1.1581 / log10_f
5           2.322e-02  2.713e-02  y = sqrt(log(log10_sigma)) / log10_f
7           1.319e-02  2.829e-01  y = (2.4581 / (log10_f - 0.49458)) - 0.52758
17          1.153e-02  1.343e-02  y = log((log(log10_sigma) + ((-0.96177 - ((alpha_infinity ...
                                      / log10_k0_prime) / log10_f)) + -0.88924)) - (-5.5539 / lo...
                                      g10_f))
21          1.097e-02  1.249e-02  y = sqrt(log(log10_sigma) + (((log(-0.2308 - (alpha_infini...
                                      ty / (log10_k0_prime / log10_sigma))) + -0.095158) - log(a...
                                      lpha_infinity__f2_onset)) / alpha_infinity)) / log10_f
───────────────────────────────────────────────────────────────────────────────────────────────────
════════════════════════════════════════════════════════════════════════════════════════════════════
Press 'q' and then <enter> to stop execution early.

Expressions evaluated per second: 2.220e+03
Progress: 27 / 120 total iterations (22.500%)
════════════════════════════════════════════════════════════════════════════════════════════════════
───────────────────────────────────────────────────────────────────────────────────────────────────
Complexity  Loss       Score      Equation
1           3.696e-02  0.000e+00  y = 0.36905
3           2.384e-02  2.192e-01  y = 1.2415 / log10_f
5           2.322e-02  1.319e-02  y = sqrt(log(log10_sigma)) / log10_f
6           2.260e-02  2.696e-02  y = 1.1581 / (log10_f - sqrt(0.17859))
7           1.319e-02  5.388e-01  y = (2.4581 / (log10_f - 0.49458)) - 0.52758
17          1.153e-02  1.343e-02  y = log((log(log10_sigma) + ((-0.96177 - ((alpha_infinity ...
                                      / log10_k0_prime) / log10_f)) + -0.88924)) - (-5.5539 / lo...
                                      g10_f))
21          1.097e-02  1.249e-02  y = sqrt(log(log10_sigma) + (((log(-0.2308 - (alpha_infini...
                                      ty / (log10_k0_prime / log10_sigma))) + -0.095158) - log(a...
                                      lpha_infinity__f2_onset)) / alpha_infinity)) / log10_f
───────────────────────────────────────────────────────────────────────────────────────────────────
════════════════════════════════════════════════════════════════════════════════════════════════════
Press 'q' and then <enter> to stop execution early.

Expressions evaluated per second: 2.070e+03
Progress: 33 / 120 total iterations (27.500%)
════════════════════════════════════════════════════════════════════════════════════════════════════
───────────────────────────────────────────────────────────────────────────────────────────────────
Complexity  Loss       Score      Equation
1           3.696e-02  0.000e+00  y = 0.36905
3           2.384e-02  2.192e-01  y = 1.2415 / log10_f
5           2.322e-02  1.319e-02  y = sqrt(log(log10_sigma)) / log10_f
6           1.584e-02  3.826e-01  y = log((-39.736 / log10_k0_prime) / log10_f)
7           1.319e-02  1.831e-01  y = (2.4581 / (log10_f - 0.49458)) - 0.52758
15          1.183e-02  1.355e-02  y = log(log(log10_sigma) + ((-1.851 - (0.020503 / (log10_f...
                                       / log10_k0_prime))) - (-5.5539 / log10_f)))
17          1.153e-02  1.294e-02  y = log((log(log10_sigma) + ((-0.96177 - ((alpha_infinity ...
                                      / log10_k0_prime) / log10_f)) + -0.88924)) - (-5.5539 / lo...
                                      g10_f))
21          1.097e-02  1.249e-02  y = sqrt(log(log10_sigma) + (((log(-0.2308 - (alpha_infini...
                                      ty / (log10_k0_prime / log10_sigma))) + -0.095158) - log(a...
                                      lpha_infinity__f2_onset)) / alpha_infinity)) / log10_f
───────────────────────────────────────────────────────────────────────────────────────────────────
════════════════════════════════════════════════════════════════════════════════════════════════════
Press 'q' and then <enter> to stop execution early.

Expressions evaluated per second: 1.990e+03
Progress: 41 / 120 total iterations (34.167%)
════════════════════════════════════════════════════════════════════════════════════════════════════
───────────────────────────────────────────────────────────────────────────────────────────────────
Complexity  Loss       Score      Equation
1           3.696e-02  0.000e+00  y = 0.36905
3           2.384e-02  2.192e-01  y = 1.2415 / log10_f
4           1.191e-02  6.937e-01  y = log(log10_sigma / log10_f)
15          1.183e-02  6.259e-04  y = log(log(log10_sigma) + ((-1.851 - (0.020503 / (log10_f...
                                       / log10_k0_prime))) - (-5.5539 / log10_f)))
17          1.153e-02  1.294e-02  y = log((log(log10_sigma) + ((-0.96177 - ((alpha_infinity ...
                                      / log10_k0_prime) / log10_f)) + -0.88924)) - (-5.5539 / lo...
                                      g10_f))
21          1.097e-02  1.249e-02  y = sqrt(log(log10_sigma) + (((log(-0.2308 - (alpha_infini...
                                      ty / (log10_k0_prime / log10_sigma))) + -0.095158) - log(a...
                                      lpha_infinity__f2_onset)) / alpha_infinity)) / log10_f
───────────────────────────────────────────────────────────────────────────────────────────────────
════════════════════════════════════════════════════════════════════════════════════════════════════
Press 'q' and then <enter> to stop execution early.

Expressions evaluated per second: 1.920e+03
Progress: 48 / 120 total iterations (40.000%)
════════════════════════════════════════════════════════════════════════════════════════════════════
───────────────────────────────────────────────────────────────────────────────────────────────────
Complexity  Loss       Score      Equation
1           3.696e-02  0.000e+00  y = 0.36905
3           2.384e-02  2.192e-01  y = 1.2415 / log10_f
4           1.191e-02  6.937e-01  y = log(log10_sigma / log10_f)
15          1.183e-02  6.259e-04  y = log(log(log10_sigma) + ((-1.851 - (0.020503 / (log10_f...
                                       / log10_k0_prime))) - (-5.5539 / log10_f)))
17          1.153e-02  1.294e-02  y = log((log(log10_sigma) + ((-0.96177 - ((alpha_infinity ...
                                      / log10_k0_prime) / log10_f)) + -0.88924)) - (-5.5539 / lo...
                                      g10_f))
21          1.097e-02  1.249e-02  y = sqrt(log(log10_sigma) + (((log(-0.2308 - (alpha_infini...
                                      ty / (log10_k0_prime / log10_sigma))) + -0.095158) - log(a...
                                      lpha_infinity__f2_onset)) / alpha_infinity)) / log10_f
───────────────────────────────────────────────────────────────────────────────────────────────────
════════════════════════════════════════════════════════════════════════════════════════════════════
Press 'q' and then <enter> to stop execution early.

Expressions evaluated per second: 1.970e+03
Progress: 55 / 120 total iterations (45.833%)
════════════════════════════════════════════════════════════════════════════════════════════════════
───────────────────────────────────────────────────────────────────────────────────────────────────
Complexity  Loss       Score      Equation
1           3.696e-02  0.000e+00  y = 0.36905
3           2.384e-02  2.192e-01  y = 1.2415 / log10_f
4           1.191e-02  6.937e-01  y = log(log10_sigma / log10_f)
9           1.127e-02  1.104e-02  y = log(log10_sigma / (log10_f / 1.0322)) / log(log10_f)
10          1.041e-02  8.021e-02  y = log(log10_sigma / (log10_f / 1.0334)) / sqrt(log(log10...
                                      _f))
───────────────────────────────────────────────────────────────────────────────────────────────────
════════════════════════════════════════════════════════════════════════════════════════════════════
Press 'q' and then <enter> to stop execution early.

Expressions evaluated per second: 1.810e+03
Progress: 65 / 120 total iterations (54.167%)
════════════════════════════════════════════════════════════════════════════════════════════════════
───────────────────────────────────────────────────────────────────────────────────────────────────
Complexity  Loss       Score      Equation
1           3.696e-02  0.000e+00  y = 0.36905
3           2.384e-02  2.192e-01  y = 1.2415 / log10_f
4           1.191e-02  6.937e-01  y = log(log10_sigma / log10_f)
8           1.133e-02  1.264e-02  y = log(log10_sigma / log10_f) / sqrt(log(log10_f))
9           1.124e-02  7.609e-03  y = log(log10_sigma / (log10_f / 1.0334)) / log(log10_f)
10          1.041e-02  7.723e-02  y = log((log10_sigma / log10_f) / 0.96773) / sqrt(log(log1...
                                      0_f))
12          1.039e-02  7.428e-04  y = log(log10_sigma / (log10_f / 1.0334)) / sqrt(log(log10...
                                      _f / 1.0334))
───────────────────────────────────────────────────────────────────────────────────────────────────
════════════════════════════════════════════════════════════════════════════════════════════════════
Press 'q' and then <enter> to stop execution early.

Expressions evaluated per second: 1.600e+03
Progress: 71 / 120 total iterations (59.167%)
════════════════════════════════════════════════════════════════════════════════════════════════════
───────────────────────────────────────────────────────────────────────────────────────────────────
Complexity  Loss       Score      Equation
1           3.696e-02  0.000e+00  y = 0.36905
3           2.384e-02  2.192e-01  y = 1.2415 / log10_f
4           1.191e-02  6.937e-01  y = log(log10_sigma / log10_f)
6           1.159e-02  1.361e-02  y = log(log10_sigma / log10_f) * 1.0668
7           1.155e-02  3.706e-03  y = log(sqrt(log10_sigma / log10_f)) * 2.0995
8           1.133e-02  1.965e-02  y = log(log10_sigma / log10_f) / sqrt(log(log10_f))
9           1.124e-02  7.609e-03  y = log(log10_sigma / (log10_f / 1.0334)) / log(log10_f)
10          1.041e-02  7.723e-02  y = log((log10_sigma / log10_f) / 0.96773) / sqrt(log(log1...
                                      0_f))
12          1.039e-02  7.428e-04  y = log(log10_sigma / (log10_f / 1.0334)) / sqrt(log(log10...
                                      _f / 1.0334))
───────────────────────────────────────────────────────────────────────────────────────────────────
════════════════════════════════════════════════════════════════════════════════════════════════════
Press 'q' and then <enter> to stop execution early.

Expressions evaluated per second: 1.580e+03
Progress: 77 / 120 total iterations (64.167%)
════════════════════════════════════════════════════════════════════════════════════════════════════
───────────────────────────────────────────────────────────────────────────────────────────────────
Complexity  Loss       Score      Equation
1           3.696e-02  0.000e+00  y = 0.36905
3           2.384e-02  2.192e-01  y = 1.2415 / log10_f
4           1.191e-02  6.937e-01  y = log(log10_sigma / log10_f)
6           1.159e-02  1.361e-02  y = log(log10_sigma / log10_f) * 1.0668
7           1.115e-02  3.954e-02  y = sqrt(log10_sigma / log(log10_f)) + -1.6298
10          1.041e-02  2.289e-02  y = log((log10_sigma / log10_f) / 0.96773) / sqrt(log(log1...
                                      0_f))
12          1.039e-02  7.428e-04  y = log(log10_sigma / (log10_f / 1.0334)) / sqrt(log(log10...
                                      _f / 1.0334))
───────────────────────────────────────────────────────────────────────────────────────────────────
════════════════════════════════════════════════════════════════════════════════════════════════════
Press 'q' and then <enter> to stop execution early.

Expressions evaluated per second: 1.830e+03
Progress: 88 / 120 total iterations (73.333%)
════════════════════════════════════════════════════════════════════════════════════════════════════
───────────────────────────────────────────────────────────────────────────────────────────────────
Complexity  Loss       Score      Equation
1           3.696e-02  0.000e+00  y = 0.36905
3           2.384e-02  2.192e-01  y = 1.2415 / log10_f
4           1.191e-02  6.937e-01  y = log(log10_sigma / log10_f)
6           1.159e-02  1.361e-02  y = log(log10_sigma / log10_f) * 1.0668
7           1.115e-02  3.954e-02  y = sqrt(log10_sigma / log(log10_f)) + -1.6298
10          1.041e-02  2.289e-02  y = log((log10_sigma / log10_f) / 0.96773) / sqrt(log(log1...
                                      0_f))
12          1.039e-02  7.428e-04  y = log(log10_sigma / (log10_f / 1.0334)) / sqrt(log(log10...
                                      _f / 1.0334))
───────────────────────────────────────────────────────────────────────────────────────────────────
════════════════════════════════════════════════════════════════════════════════════════════════════
Press 'q' and then <enter> to stop execution early.

Expressions evaluated per second: 1.780e+03
Progress: 93 / 120 total iterations (77.500%)
════════════════════════════════════════════════════════════════════════════════════════════════════
───────────────────────────────────────────────────────────────────────────────────────────────────
Complexity  Loss       Score      Equation
1           3.696e-02  0.000e+00  y = 0.36905
3           2.384e-02  2.192e-01  y = 1.2415 / log10_f
4           1.191e-02  6.937e-01  y = log(log10_sigma / log10_f)
6           1.159e-02  1.361e-02  y = log(log10_sigma / log10_f) * 1.0668
7           1.115e-02  3.954e-02  y = sqrt(log10_sigma / log(log10_f)) + -1.6298
8           1.111e-02  3.246e-03  y = log(log10_sigma / (log10_f - -0.33696)) * 1.3992
10          1.041e-02  3.271e-02  y = log((log10_sigma / log10_f) / 0.96773) / sqrt(log(log1...
                                      0_f))
12          1.039e-02  7.428e-04  y = log(log10_sigma / (log10_f / 1.0334)) / sqrt(log(log10...
                                      _f / 1.0334))
───────────────────────────────────────────────────────────────────────────────────────────────────
════════════════════════════════════════════════════════════════════════════════════════════════════
Press 'q' and then <enter> to stop execution early.

Expressions evaluated per second: 1.690e+03
Progress: 100 / 120 total iterations (83.333%)
════════════════════════════════════════════════════════════════════════════════════════════════════
───────────────────────────────────────────────────────────────────────────────────────────────────
Complexity  Loss       Score      Equation
1           3.696e-02  0.000e+00  y = 0.36905
3           2.384e-02  2.192e-01  y = 1.2415 / log10_f
4           1.191e-02  6.937e-01  y = log(log10_sigma / log10_f)
6           1.159e-02  1.361e-02  y = log(log10_sigma / log10_f) * 1.0668
7           1.115e-02  3.954e-02  y = sqrt(log10_sigma / log(log10_f)) + -1.6298
8           1.111e-02  3.246e-03  y = log(log10_sigma / (log10_f - -0.33696)) * 1.3992
10          1.041e-02  3.271e-02  y = log((log10_sigma / log10_f) / 0.96773) / sqrt(log(log1...
                                      0_f))
12          1.039e-02  7.428e-04  y = log(log10_sigma / (log10_f / 1.0334)) / sqrt(log(log10...
                                      _f / 1.0334))
16          1.030e-02  2.161e-03  y = log((log10_sigma / log10_f) / 0.98905) / log(sqrt(((lo...
                                      g10_f * 2.1307) / 0.89825) / 0.98475))
───────────────────────────────────────────────────────────────────────────────────────────────────
════════════════════════════════════════════════════════════════════════════════════════════════════
Press 'q' and then <enter> to stop execution early.

Expressions evaluated per second: 1.670e+03
Progress: 107 / 120 total iterations (89.167%)
════════════════════════════════════════════════════════════════════════════════════════════════════
───────────────────────────────────────────────────────────────────────────────────────────────────
Complexity  Loss       Score      Equation
1           3.696e-02  0.000e+00  y = 0.36905
3           2.384e-02  2.192e-01  y = 1.2415 / log10_f
4           1.191e-02  6.937e-01  y = log(log10_sigma / log10_f)
6           1.159e-02  1.361e-02  y = log(log10_sigma / log10_f) * 1.0668
7           1.115e-02  3.954e-02  y = sqrt(log10_sigma / log(log10_f)) + -1.6298
8           1.111e-02  3.246e-03  y = log(log10_sigma / (log10_f - -0.33696)) * 1.3992
10          1.041e-02  3.271e-02  y = log((log10_sigma / log10_f) / 0.96773) / sqrt(log(log1...
                                      0_f))
12          1.039e-02  7.428e-04  y = log(log10_sigma / (log10_f / 1.0334)) / sqrt(log(log10...
                                      _f / 1.0334))
16          1.030e-02  2.161e-03  y = log((log10_sigma / log10_f) / 0.98905) / log(sqrt(((lo...
                                      g10_f * 2.1307) / 0.89825) / 0.98475))
───────────────────────────────────────────────────────────────────────────────────────────────────
════════════════════════════════════════════════════════════════════════════════════════════════════
Press 'q' and then <enter> to stop execution early.

Expressions evaluated per second: 1.950e+03
Progress: 117 / 120 total iterations (97.500%)
════════════════════════════════════════════════════════════════════════════════════════════════════
───────────────────────────────────────────────────────────────────────────────────────────────────
Complexity  Loss       Score      Equation
1           3.696e-02  0.000e+00  y = 0.36905
3           2.384e-02  2.192e-01  y = 1.2415 / log10_f
4           1.191e-02  6.937e-01  y = log(log10_sigma / log10_f)
6           1.155e-02  1.546e-02  y = log(log10_sigma / log10_f) * 1.0497
7           1.115e-02  3.583e-02  y = sqrt(log10_sigma / log(log10_f)) + -1.6298
8           1.111e-02  3.246e-03  y = log(log10_sigma / (log10_f - -0.33696)) * 1.3992
10          1.041e-02  3.271e-02  y = log((log10_sigma / log10_f) / 0.96773) / sqrt(log(log1...
                                      0_f))
12          1.037e-02  1.531e-03  y = (log(log10_sigma / (log10_f / 1.1639)) / sqrt(log(log1...
                                      0_f))) + -0.11043
16          1.030e-02  1.767e-03  y = log((log10_sigma / log10_f) / 0.98905) / log(sqrt(((lo...
                                      g10_f * 2.1307) / 0.89825) / 0.98475))
───────────────────────────────────────────────────────────────────────────────────────────────────
════════════════════════════════════════════════════════════════════════════════════════════════════
Press 'q' and then <enter> to stop execution early.

Training global model: global_100_4950 (100.00-4950.00 Hz), train/validation/test rows=89600/19200/inaccessible

Global PySR training complete.
    global_name  complexity  validation_rmse
global_100_4950           4         0.104508
Artifacts saved to: C:\MasterThesis_Project_R\surrogate_model\global_symbolic_regression\artifacts\re\train\20260816_f2_r1_c2100_t24
───────────────────────────────────────────────────────────────────────────────────────────────────
Complexity  Loss       Score      Equation
1           3.696e-02  0.000e+00  y = 0.36905
3           2.384e-02  2.192e-01  y = 1.2415 / log10_f
4           1.191e-02  6.937e-01  y = log(log10_sigma / log10_f)
6           1.155e-02  1.546e-02  y = log(log10_sigma / log10_f) * 1.0497
7           1.115e-02  3.583e-02  y = sqrt(log10_sigma / log(log10_f)) + -1.6298
8           1.111e-02  3.246e-03  y = log(log10_sigma / (log10_f - -0.33696)) * 1.3992
10          1.041e-02  3.271e-02  y = log((log10_sigma / log10_f) / 0.96773) / sqrt(log(log1...
                                      0_f))
12          1.037e-02  1.531e-03  y = (log(log10_sigma / (log10_f / 1.1639)) / sqrt(log(log1...
                                      0_f))) + -0.11043
16          1.030e-02  1.767e-03  y = log((log10_sigma / log10_f) / 0.98905) / log(sqrt(((lo...
                                      g10_f * 2.1307) / 0.89825) / 0.98475))
───────────────────────────────────────────────────────────────────────────────────────────────────
  - C:/MasterThesis_Project_R/surrogate_model/global_symbolic_regression/artifacts/re/train/20260816_f2_r1_c2100_t24/pysr_runs/global_100_4950\global_100_4950\hall_of_fame.csv
COMMAND: C:\MasterThesis_Project_R\surrogate_model\segmented_symbolic_regression\.venv_py311\Scripts\python.exe C:\MasterThesis_Project_R\surrogate_model\global_symbolic_regression\evaluate_global_symbolic_candidates.py --target re --dataset-run run1 --training-dir C:\MasterThesis_Project_R\surrogate_model\global_symbolic_regression\artifacts\re\train\20260816_f2_r1_c2100_t24 --output-dir C:\MasterThesis_Project_R\surrogate_model\global_symbolic_regression\artifacts\re\eval\20260816_f2_r1_c2100_t24_v --selection-rule best_loss --validation-only
Global symbolic candidate evaluation complete.
Candidate metrics: C:\MasterThesis_Project_R\surrogate_model\global_symbolic_regression\artifacts\re\eval\20260816_f2_r1_c2100_t24_v\candidate_metrics.csv
Selected candidate: 9
Validation-only selected-formula metrics: RMSE=0.096627, MAE=0.065731, R2=0.741683; test rows were not accessed.
Figures saved to: C:\MasterThesis_Project_R\surrogate_model\global_symbolic_regression\artifacts\re\eval\20260816_f2_r1_c2100_t24_v\figures
