target,target_name,frequency_hz,parameter,base_sample_size,teacher_S1,teacher_ST,teacher_S1_ci_low,teacher_S1_ci_high,teacher_ST_ci_low,teacher_ST_ci_high,mlp_S1,mlp_ST,mlp_minus_teacher_S1,mlp_minus_teacher_ST
re,R_real,100,sigma,1024,0.840658700403128,0.842019945557708,0.827161516260067,0.855534047587087,0.784983387715366,0.893659905485369,0.84279806457251,0.843541752756262,0.0021393641693821,0.00152180719855355
re,R_real,100,alpha_infinity,1024,2.55915860620792e-05,4.89745730370989e-05,-0.0537808815001137,0.077975676507593,4.40472866179794e-05,5.58763123069785e-05,-0.000417372803439342,0.000739557528261799,-0.000442964389501421,0.0006905829552247
re,R_real,100,lambda,1024,-4.47598076989131e-05,2.38998982614729e-05,-0.0543530996321655,0.0778799975057911,1.96205604756029e-05,2.82914071248462e-05,-0.00186121145776585,0.000569789677077821,-0.00181645165006694,0.000545889778816348
re,R_real,100,lambda_prime,1024,0.00693903691185693,0.0121179474909676,-0.0505652884351604,0.0859737231339921,0.0101138134334149,0.0155328621491404,0.00751731122855626,0.0114198301596733,0.000578274316699323,-0.000698117331294249
re,R_real,100,k0_prime,1024,0.145523472765497,0.15338519623191,0.08673776856647,0.207888387576251,0.139509690903778,0.16732418632006,0.142054058840653,0.150935509653043,-0.0034694139248439,-0.00244968657886702
re,R_real,138.188976377953,sigma,1024,0.887245968035297,0.89099799083756,0.87640074802483,0.896722643502069,0.830177747092747,0.945888277653026,0.889230742311495,0.892476681194992,0.00198477427619737,0.00147869035743231
re,R_real,138.188976377953,alpha_infinity,1024,-0.000308679779942755,0.00020142199821263,-0.0543644488990473,0.0772019426975853,0.000181227750967883,0.000229195734228709,-0.00101378648409001,0.000903902576547382,-0.000705106704147251,0.000702480578334753
re,R_real,138.188976377953,lambda,1024,-0.00051229386563123,0.000102538474176936,-0.0547822374114559,0.0769074057871925,8.30618586407837e-05,0.000122458308008646,-0.00126064904855672,0.000621269309653927,-0.000748355182925486,0.000518730835476991
re,R_real,138.188976377953,lambda_prime,1024,0.0109030414666841,0.0184002621062744,-0.0469993407155724,0.0878607241763119,0.0155387653989108,0.0226823877348869,0.00955161781579639,0.0167808894995253,-0.0013514236508877,-0.0016193726067491
re,R_real,138.188976377953,k0_prime,1024,0.0905796851057826,0.10230017476996,0.0297975769059634,0.151957922093037,0.0930324151180554,0.113281465960819,0.0886385024691859,0.100508505210123,-0.00194118263659671,-0.00179166955983696
re,R_real,176.377952755906,sigma,1024,0.921839905523166,0.928979647948548,0.913784010087848,0.927752757649901,0.865253127029795,0.984849753512888,0.9248562582221,0.931362538787181,0.0030163526989343,0.0023828908386323
re,R_real,176.377952755906,alpha_infinity,1024,-0.000465724510467336,0.000617252345717826,-0.0612641843920523,0.0810557665062944,0.000556023269771775,0.000702085583883867,-0.00046314630108113,0.00137431318185354,2.5782093862059e-06,0.000757060836135716
re,R_real,176.377952755906,lambda,1024,-0.000986980313707475,0.000328968973931268,-0.0621388688545161,0.0791192201843096,0.000262167608768064,0.000396365392362906,-0.00113523050505071,0.000891474626720515,-0.000148250191343235,0.000562505652789247
re,R_real,176.377952755906,lambda_prime,1024,0.0129803608331833,0.0213780300983021,-0.0454416363586345,0.0867935908696266,0.0186564449651786,0.0262054837818148,0.0119383236166742,0.0201058400651424,-0.00104203721650908,-0.0012721900331597
re,R_real,176.377952755906,k0_prime,1024,0.0495111953951128,0.0642255342684644,-0.0130821320651606,0.110199565937261,0.0578930909061318,0.071844512663704,0.0466650532102646,0.0617945753543525,-0.00284614218484824,-0.00243095891411187
re,R_real,214.566929133858,sigma,1024,0.938060160762755,0.948847458965842,0.932398422944864,0.942417835345861,0.879607366414169,1.00610586700051,0.942151060102242,0.95246407918118,0.00409089933948759,0.00361662021533804
re,R_real,214.566929133858,alpha_infinity,1024,0.000135410599178099,0.00159940874551187,-0.0616241195984746,0.086262298035918,0.00143715972535333,0.00182192226168663,0.00116040143772345,0.00279199957614559,0.00102499083854535,0.00119259083063373
re,R_real,214.566929133858,lambda,1024,-0.00106241949102914,0.000892590562981982,-0.0639432792295884,0.0822503832954919,0.000716835782875276,0.00108370789310066,-0.000358805238076298,0.00149283219388178,0.000703614252952844,0.000600241630899797
re,R_real,214.566929133858,lambda_prime,1024,0.0129469594502366,0.0214855839691736,-0.0514823867671792,0.0850264690288859,0.0188071548115033,0.0255086364679793,0.0119609848377169,0.0205829432924252,-0.000985974612519702,-0.000902640676748404
re,R_real,214.566929133858,k0_prime,1024,0.0288459936642279,0.045603904569192,-0.0346175898077461,0.0914806512302671,0.0407152807434184,0.0505908736606441,0.0233983714494168,0.0421939025275255,-0.0054476222148111,-0.00341000204166652
re,R_real,252.755905511811,sigma,1024,0.928826757281987,0.942939734293225,0.923923227496365,0.935189176274,0.867993319510027,1.00610001063253,0.934480891568929,0.944460556422935,0.00565413428694239,0.00152082212971061
re,R_real,252.755905511811,alpha_infinity,1024,0.00217258287799349,0.00373721595651069,-0.065023717269221,0.0900899634487221,0.00333936057290399,0.00425687693158744,0.00392241687348649,0.00503042009111042,0.001749833995493,0.00129320413459973
re,R_real,252.755905511811,lambda,1024,-0.00037150688555232,0.00217916837497793,-0.0676798828242506,0.0823041344275702,0.00176536610229261,0.00265780684679458,0.00162659790465736,0.00268702394564598,0.00199810479020968,0.000507855570668051
re,R_real,252.755905511811,lambda_prime,1024,0.0113010463358334,0.0198000025936658,-0.0566278615829896,0.0761556569345446,0.0172942124785029,0.0232518435604084,0.0123632658554367,0.0196899253473317,0.00106221951960328,-0.000110077246334085
re,R_real,252.755905511811,k0_prime,1024,0.0344597825129683,0.0524700992889656,-0.0335925105672139,0.100574912847555,0.0472011345426684,0.0567612713677773,0.0296185986891441,0.0476837065057178,-0.00484118382382426,-0.00478639278324772
re,R_real,290.944881889764,sigma,1024,0.883700137843344,0.900674745678293,0.875770976491635,0.893791297587416,0.829714850435013,0.97912873423391,0.889525907937561,0.904124379610689,0.00582577009421736,0.00344963393239572
re,R_real,290.944881889764,alpha_infinity,1024,0.00662070399737502,0.00815708632157778,-0.0633615389437541,0.0894986740944922,0.00733403458911489,0.00934261983537322,0.00843713229111753,0.0089994864049987,0.00181642829374251,0.00084240008342092
re,R_real,290.944881889764,lambda,1024,0.00150563181810826,0.00495083128795679,-0.0712480045846011,0.0776367373540771,0.00404976163064267,0.00605257267839074,0.00310354494905796,0.00537815636180377,0.0015979131309497,0.000427325073846985
re,R_real,290.944881889764,lambda_prime,1024,0.00880788804215593,0.0174550866820067,-0.0653294280216112,0.0721369754161305,0.0149628582910036,0.0204935314032531,0.011561384380407,0.0171102951923317,0.00275349633825106,-0.000344791489674982
re,R_real,290.944881889764,k0_prime,1024,0.0742670043050927,0.0930757220473378,0.00297369939753944,0.143348049047226,0.0852162255968152,0.101772018249116,0.0685081996086888,0.0872352425028093,-0.00575880469640389,-0.00584047954452846
re,R_real,329.133858267717,sigma,1024,0.786683293394012,0.806640172558556,0.768344302595604,0.802827909777794,0.742795316794199,0.877796475254924,0.793947054947709,0.807839204571757,0.00726376155369746,0.0011990320132016
re,R_real,329.133858267717,alpha_infinity,1024,0.0149923086810531,0.0168773293685898,-0.0510794942373449,0.0835327329957519,0.015177488441462,0.0195970490243771,0.0190084174664169,0.0187157462987619,0.00401610878536385,0.00183841693017208
re,R_real,329.133858267717,lambda,1024,0.00515361593810504,0.0106108680557443,-0.0679646711650888,0.0760783407744914,0.00852887332346375,0.0129777838870144,0.0079753002512315,0.0108329566812329,0.00282168431312646,0.00022208862548858
re,R_real,329.133858267717,lambda_prime,1024,0.00634598937886388,0.0156585670158259,-0.0651860397986381,0.0752661010913666,0.0133066054215401,0.0184645734271057,0.0111721829975054,0.0148753773037238,0.00482619361864156,-0.000783189712102113
re,R_real,329.133858267717,k0_prime,1024,0.159825757365146,0.179605213993527,0.0927657582437166,0.231287034580303,0.164569164302252,0.199155707636632,0.15196133800955,0.17136902856024,-0.00786441935559679,-0.00823618543328691
re,R_real,367.322834645669,sigma,1024,0.620496080336082,0.645234869537208,0.580984062716572,0.652540818839212,0.592384099712346,0.698773081779428,0.628288815120798,0.648648925145923,0.00779273478471554,0.00341405560871455
re,R_real,367.322834645669,alpha_infinity,1024,0.0291418406342787,0.0328109908437118,-0.0371288436212998,0.0971544426369961,0.0293169765983727,0.0387470609656706,0.0303951256811936,0.0337017978196431,0.00125328504691491,0.000890806975931295
re,R_real,367.322834645669,lambda,1024,0.0112294612233838,0.0212522844044851,-0.0532909675238495,0.0743231238497956,0.0168153333261246,0.0262958949979932,0.0119897591871319,0.0211114386656535,0.000760297963748102,-0.000140845738831639
re,R_real,367.322834645669,lambda_prime,1024,0.0049879624329181,0.0158976449496946,-0.0579924816793242,0.0727341352790346,0.0134397259189467,0.0185649836376409,0.00857946724405523,0.0145990821719567,0.00359150481113713,-0.00129856277773798
re,R_real,367.322834645669,k0_prime,1024,0.301662025507222,0.323683523851678,0.23645917924376,0.360496095318034,0.29743903805208,0.360567615387199,0.295698383324462,0.315218365756834,-0.00596364218275991,-0.00846515809484438
re,R_real,405.511811023622,sigma,1024,0.393599075200184,0.427462945226785,0.331954471945696,0.443843780226284,0.388963978042102,0.466425194478519,0.400545570722031,0.430345636681797,0.00694649552184723,0.00288269145501252
re,R_real,405.511811023622,alpha_infinity,1024,0.0491940027866014,0.0575426090312244,-0.00651026726045045,0.114238015961365,0.0515064570685663,0.0692599554498694,0.0501351414713428,0.0576434502555893,0.000941138684741438,0.00010084122436492
re,R_real,405.511811023622,lambda,1024,0.0195867710179759,0.0381770894820422,-0.0360301352415628,0.0879681617378587,0.029810721938415,0.0475973641449976,0.0197382780265185,0.0386322681222491,0.000151507008542606,0.000455178640206833
re,R_real,405.511811023622,lambda_prime,1024,0.00590818885473188,0.0196275008406239,-0.0461026351087561,0.0685284424889425,0.0168811706002399,0.0230221573113373,0.00771974428684785,0.0171140345812708,0.00181155543211597,-0.0025134662593531
re,R_real,405.511811023622,k0_prime,1024,0.485780070617053,0.512618978718004,0.428462078496987,0.53588144928087,0.473354366760643,0.56242780223222,0.483112117020852,0.503657704075511,-0.00266795359620065,-0.0089612746424923
re,R_real,443.700787401575,sigma,1024,0.187468939180461,0.235361506041484,0.122385071149922,0.251100074876924,0.216402277611526,0.26096593859422,0.187308558278205,0.234256003691671,-0.000160380902256119,-0.00110550234981308
re,R_real,443.700787401575,alpha_infinity,1024,0.0691882459899974,0.0853033671151637,0.00417616033014845,0.13217284319743,0.0747096284914186,0.104301921041447,0.0663210108580131,0.0863640943257291,-0.00286723513198428,0.00106072721056541
re,R_real,443.700787401575,lambda,1024,0.0275758156945614,0.0576268648812803,-0.0388009131176092,0.0984951255773961,0.0449998725149914,0.0720269390102008,0.0215845373800989,0.0557130105301598,-0.00599127831446244,-0.00191385435112054
re,R_real,443.700787401575,lambda_prime,1024,0.00926098277255261,0.0263372137337909,-0.0446345195174964,0.0647802396491174,0.0223111387256912,0.0320095528599831,0.00552484003158626,0.0219895102556354,-0.00373614274096634,-0.00434770347815545
re,R_real,443.700787401575,k0_prime,1024,0.638588009535291,0.672579575502471,0.603415888219361,0.665764198789713,0.618238384215214,0.734996760142807,0.64438907140821,0.669214570825198,0.00580106187291951,-0.00336500467727308
re,R_real,481.889763779528,sigma,1024,0.116714835990211,0.178631915095178,0.0398960492938691,0.200740820082301,0.16503913998474,0.194931023531911,0.119807637766425,0.179825655615355,0.00309280177621474,0.00119374052017668
re,R_real,481.889763779528,alpha_infinity,1024,0.0790791798693846,0.103053501883198,0.00981690541474556,0.141056262656141,0.0878781859689721,0.126690551565023,0.0765886511257377,0.1022730713397,-0.00249052874364697,-0.00078043054349787
re,R_real,481.889763779528,lambda,1024,0.0311412572551198,0.0704628545780923,-0.048473333642914,0.0953295412684493,0.0552118573159705,0.0871861142901471,0.0271331019089707,0.0690968436747492,-0.00400815534614918,-0.00136601090334315
re,R_real,481.889763779528,lambda_prime,1024,0.0129448640478257,0.0321843838164052,-0.0460097469101579,0.0767290375562796,0.0274517530949403,0.0405433065031939,0.00962787072582971,0.0291787501309282,-0.00331699332199598,-0.00300563368547698
re,R_real,481.889763779528,k0_prime,1024,0.670549419304733,0.710769393447688,0.637646557520605,0.691033746277591,0.657968798358805,0.783478740460503,0.67696693336183,0.709283059002733,0.00641751405709645,-0.00148633444495516
re,R_real,520.07874015748,sigma,1024,0.187224628146763,0.25752274428283,0.112716812526888,0.26666805217812,0.234241813374819,0.289757941501367,0.192541570482697,0.26057947489224,0.00531694233593372,0.00305673060941014
re,R_real,520.07874015748,alpha_infinity,1024,0.0767740349475381,0.1054293067995,0.0153185371725673,0.138023555820519,0.0882701701926236,0.129020013954595,0.0727145781797914,0.1033646479367,-0.00405945676774666,-0.00206465886280079
re,R_real,520.07874015748,lambda,1024,0.0297332380921617,0.0725242529253018,-0.0525932194480621,0.105446986973918,0.0567233256350616,0.0889909667071359,0.0278868040477441,0.0710216194991837,-0.00184643404441753,-0.00150263342611813
re,R_real,520.07874015748,lambda_prime,1024,0.0147156264681587,0.0340691152828927,-0.0462878352111198,0.0845921814557191,0.0290159204565307,0.0436516585430859,0.0112015489786561,0.0317147802459988,-0.00351407748950261,-0.00235433503689394
re,R_real,520.07874015748,k0_prime,1024,0.59019215711589,0.63284347111089,0.554260100788664,0.620937842627878,0.581037714401812,0.689617720550877,0.596718164763284,0.633645853975789,0.00652600764739386,0.000802382864899087
re,R_real,558.267716535433,sigma,1024,0.315696501951274,0.388364644918732,0.249510607356226,0.378717865874811,0.357728087680561,0.435676905547639,0.317803119974262,0.392254219790563,0.00210661802298784,0.00388957487183123
re,R_real,558.267716535433,alpha_infinity,1024,0.0684096718951633,0.0984279379284873,0.00417192160566959,0.144954465590297,0.0816890305800795,0.119363865639018,0.0654596974251439,0.0977837712551423,-0.00294997447001943,-0.000644166673345076
re,R_real,558.267716535433,lambda,1024,0.0260312476924882,0.0677082846469208,-0.0622593654379677,0.114859456873044,0.0530653815936543,0.0819790205370408,0.0241818010966292,0.0682538140027365,-0.00184944659585906,0.000545529355815727
re,R_real,558.267716535433,lambda_prime,1024,0.0145117739329048,0.0326358468005148,-0.0487124851729361,0.0906054616466803,0.0277933332201604,0.042015469343636,0.0103978262452908,0.0335026667916168,-0.00411394768761397,0.000866819991101955
re,R_real,558.267716535433,k0_prime,1024,0.472227959574599,0.513941550530762,0.427663808616323,0.522164026676859,0.466500667265443,0.558020541230325,0.472088658101329,0.512354949335476,-0.000139301473270126,-0.00158660119528575
re,R_real,596.456692913386,sigma,1024,0.441412303381964,0.512799983313804,0.373813135004962,0.491545305797708,0.471249192879361,0.566697786814401,0.44019545516019,0.513799360231486,-0.00121684822177348,0.000999376917682149
re,R_real,596.456692913386,alpha_infinity,1024,0.0592204969069067,0.0886743378209301,0.00306337108566912,0.131870505804163,0.0734387834340267,0.106462418533349,0.0573210597818352,0.088588007996141,-0.00189943712507146,-8.63298247890804e-05
re,R_real,596.456692913386,lambda,1024,0.0221477689788427,0.0606282780605878,-0.0670299030252284,0.116643615235327,0.0479595179365348,0.072628213676063,0.0220149552626389,0.0614235079248299,-0.000132813716203883,0.000795229864242158
re,R_real,596.456692913386,lambda_prime,1024,0.0132937162419923,0.0297344662731696,-0.047836038479605,0.0917959564476968,0.0250639997375541,0.0375859784229193,0.0108507839658756,0.0301553890176479,-0.00244293227611669,0.000420922744478282
re,R_real,596.456692913386,k0_prime,1024,0.364769204505109,0.403829309626425,0.318361688204209,0.422336526178896,0.36665063868827,0.441411682732489,0.365924138763082,0.408042177030687,0.00115493425797353,0.00421286740426169
re,R_real,634.645669291339,sigma,1024,0.545017526925268,0.613380017653701,0.482984572362658,0.585590345891074,0.561794988063676,0.675643735611707,0.539945169546576,0.615299793135073,-0.00507235737869149,0.00191977548137179
re,R_real,634.645669291339,alpha_infinity,1024,0.0512052895747874,0.0792467937994312,-0.00747351828529363,0.132231658009845,0.0657639156445868,0.095592170626432,0.0513039383301176,0.0805439447184071,9.86487553301663e-05,0.00129715091897595
re,R_real,634.645669291339,lambda,1024,0.0188247133018493,0.0535196519822167,-0.0689008578471313,0.112535131394662,0.0428584766078094,0.0642657667981022,0.0191306726033917,0.055613867201372,0.000305959301542424,0.00209421521915532
re,R_real,634.645669291339,lambda_prime,1024,0.0117808877430787,0.0265323401156838,-0.0493371362446009,0.0942144590090078,0.0223881661997447,0.0331345600860368,0.0110573386921899,0.0276220538220474,-0.000723549050888783,0.00108971370636366
re,R_real,634.645669291339,k0_prime,1024,0.280416558219051,0.316236061585064,0.231789798167222,0.345577300065352,0.286754970488227,0.34998615931319,0.279267254137355,0.319389314245166,-0.00114930408169545,0.00315325266010236
re,R_real,672.834645669291,sigma,1024,0.626133715775187,0.690714785545222,0.572257332796808,0.659876454536837,0.631774405712434,0.755229794805226,0.622905341038265,0.692229967759908,-0.00322837473692206,0.00151518221468661
re,R_real,672.834645669291,alpha_infinity,1024,0.0446742120980244,0.0709906984593533,-0.01594043292409,0.131613980555974,0.0588543071161557,0.0851897209171092,0.0444082334738832,0.0716248881577281,-0.000265978624141128,0.000634189698374796
re,R_real,672.834645669291,lambda,1024,0.0161346815710988,0.0470543964606314,-0.0691816437418833,0.110685814162799,0.0380689797964595,0.0568334788143566,0.0168721214085306,0.0489355624006148,0.000737439837431797,0.00188116593998338
re,R_real,672.834645669291,lambda_prime,1024,0.0103107934720761,0.0235100109403316,-0.0497718821648787,0.0937681377925349,0.0197680952183503,0.0296066878723065,0.00943686847405623,0.0244929256580783,-0.000873924998019859,0.000982914717746773
re,R_real,672.834645669291,k0_prime,1024,0.217194005003103,0.249709832793041,0.16389064947855,0.287558225875583,0.228448211315783,0.278920934552811,0.215358776828929,0.253712401261562,-0.0018352281741737,0.00400256846852065
re,R_real,711.023622047244,sigma,1024,0.68924754270255,0.749732059957264,0.643880615340234,0.717909409557192,0.685562237236445,0.81261531488664,0.686336485310511,0.749135539592675,-0.00291105739203967,-0.000596520364589015
re,R_real,711.023622047244,alpha_infinity,1024,0.0394149991773174,0.0639149084103862,-0.021830943016389,0.130522893702792,0.0529045295158282,0.0763446015972651,0.0386027529841551,0.0645649198132164,-0.000812246193162336,0.000650011402830206
re,R_real,711.023622047244,lambda,1024,0.0139621787777815,0.0413001161819432,-0.0685571506338543,0.106118373091911,0.0332224949294752,0.0499905804187504,0.0136079176841731,0.0437431337511251,-0.000354261093608366,0.00244301756918191
re,R_real,711.023622047244,lambda_prime,1024,0.00900614888891738,0.0208090542099328,-0.0495609755886599,0.0942099037312057,0.0173791283589517,0.0259058900610761,0.00880059789357368,0.0220243050466335,-0.000205550995343695,0.00121525083670079
re,R_real,711.023622047244,k0_prime,1024,0.17014155405484,0.199495473618883,0.113250506452282,0.2434332964382,0.18147862153155,0.224465385640572,0.168137259096854,0.20373417528107,-0.00200429495798615,0.00423870166218718
re,R_real,749.212598425197,sigma,1024,0.738921122941617,0.795182227383751,0.699143482742957,0.763614972905375,0.725609814564585,0.856758542888837,0.735054470192458,0.793805265248361,-0.00386665274915998,-0.00137696213538929
re,R_real,749.212598425197,alpha_infinity,1024,0.035137044264107,0.0578101067913488,-0.0258771996416267,0.127683607625528,0.047866611104601,0.0690669058256389,0.0359000563211492,0.0583907805053814,0.000763012057042212,0.000580673714032566
re,R_real,749.212598425197,lambda,1024,0.0121764355245245,0.0361584629061872,-0.0673673021154841,0.101264579971832,0.0291884826255124,0.0437191875105183,0.0141686400625761,0.0392769321229204,0.0019922045380516,0.00311846921673314
re,R_real,749.212598425197,lambda_prime,1024,0.00789645143495254,0.0184394094349175,-0.0489429253060683,0.0915288023195606,0.0153376439154844,0.0226953512045673,0.00896968160022082,0.0191055031467171,0.00107323016526828,0.000666093711799567
re,R_real,749.212598425197,k0_prime,1024,0.134840556198992,0.1612425556765,0.0806384832703976,0.209558409892654,0.146215315670905,0.183071051613433,0.133015864854124,0.16497410156275,-0.00182469134486785,0.00373154588624997
re,R_real,787.40157480315,sigma,1024,0.778724709583755,0.830718076306804,0.741755075804041,0.800650878402291,0.757363154172801,0.89363598884882,0.775110067358937,0.829235385111528,-0.00361464222481844,-0.00148269119527622
re,R_real,787.40157480315,alpha_infinity,1024,0.0315932198831215,0.0524555664596145,-0.0285986287312376,0.125328631037752,0.0435072658617456,0.0630266118199414,0.0326203024484392,0.0534682471331879,0.00102708256531769,0.00101268067357337
re,R_real,787.40157480315,lambda,1024,0.0106741213696113,0.0315163782740008,-0.0651882333127454,0.0962988570553254,0.0257845103413698,0.0379476010199759,0.0120537220358872,0.0333970119209577,0.00137960066627585,0.00188063364695692
re,R_real,787.40157480315,lambda_prime,1024,0.00697574598892703,0.016368288942019,-0.0480549321060511,0.0882059081967899,0.0136034233594955,0.0199544568489877,0.00952819076652567,0.0169866426626571,0.00255244477759864,0.0006183537206381
re,R_real,787.40157480315,k0_prime,1024,0.108001799847208,0.131675756473331,0.0507999850704381,0.183118785001802,0.119251003617251,0.150083938189136,0.105438337344547,0.133641096622584,-0.00256346250266115,0.00196534014925234
re,R_real,825.590551181102,sigma,1024,0.81124435463601,0.858967239816256,0.777303303991946,0.831137246509932,0.783087578772281,0.922380198903183,0.806439269028886,0.857307449288637,-0.004805085607124,-0.00165979052761855
re,R_real,825.590551181102,alpha_infinity,1024,0.0285972995963082,0.0476730011008154,-0.0295732936562665,0.122939231292343,0.0396785202406313,0.0575709624625905,0.0307557698802714,0.0490089058357951,0.00215847028396321,0.00133590473497969
re,R_real,825.590551181102,lambda,1024,0.00938223282463846,0.0272875717840669,-0.0639164242524359,0.0912875149192356,0.0224577580622885,0.0325969207142781,0.0115456556676632,0.0304723163216355,0.00216342284302473,0.00318474453756857
re,R_real,825.590551181102,lambda_prime,1024,0.00622660791410456,0.0145538669108232,-0.0481776459998338,0.0851883702458179,0.0121181076653005,0.0175269685193929,0.00856143024060452,0.0153736816779886,0.00233482232649995,0.000819814767165397
re,R_real,825.590551181102,k0_prime,1024,0.0873017010903543,0.108464545720074,0.0261385987460335,0.162088844875878,0.0982378027722555,0.124131234476212,0.0839956951672715,0.110797630108389,-0.00330600592308283,0.00233308438831507
re,R_real,863.779527559055,sigma,1024,0.838306799637455,0.881784412068893,0.809339377401687,0.855999416565826,0.804354695821927,0.945020526230208,0.834495489181018,0.881477879750705,-0.00381131045643712,-0.000306532318188446
re,R_real,863.779527559055,alpha_infinity,1024,0.0260144811145766,0.0433317533312557,-0.028210872967724,0.120557142761552,0.0362615597092392,0.0525729878971408,0.02767796551475,0.0450666725141308,0.00166348440017339,0.00173491918287517
re,R_real,863.779527559055,lambda,1024,0.00825185087054003,0.0234177744507899,-0.0618227491106271,0.0862570216583111,0.0192218795899001,0.0276942725027016,0.00952843130793313,0.025694326290566,0.00127658043739309,0.00227655183977608
re,R_real,863.779527559055,lambda_prime,1024,0.00562935728447178,0.0129568509121259,-0.0505906094861786,0.0824804973738744,0.0107557033536313,0.0156862692045556,0.00725932278513086,0.0133520129971763,0.00162996550065908,0.000395162085050442
re,R_real,863.779527559055,k0_prime,1024,0.0711172168255255,0.0899714074634864,0.009903903490041,0.145041359456224,0.0808768419321318,0.103471850297748,0.0670221583951682,0.0907284031856821,-0.00409505843035729,0.000756995722195689
re,R_real,901.968503937008,sigma,1024,0.861194317138948,0.900477364475384,0.837791935735201,0.8766504047062,0.822254651685119,0.963283641335059,0.858185764225567,0.898887308740066,-0.00300855291338098,-0.0015900557353179
re,R_real,901.968503937008,alpha_infinity,1024,0.023748287271943,0.0393410582837363,-0.0310120940355449,0.118186148483459,0.0331496796919648,0.0473837025303552,0.0260770070175039,0.0404779411783247,0.00232871974556093,0.0011368828945884
re,R_real,901.968503937008,lambda,1024,0.00725146174967572,0.019879648769488,-0.0595581812507002,0.0881864565903967,0.0165697010802309,0.023305106015071,0.00856577061695663,0.0218700329806235,0.0013143088672809,0.00199038421113552
re,R_real,901.968503937008,lambda_prime,1024,0.00516523002561475,0.0115437091215759,-0.0525853394112887,0.0800658768520428,0.00957609720027217,0.0140936550740903,0.00778482783607382,0.0117821820303799,0.00261959781045906,0.000238472908803994
re,R_real,901.968503937008,k0_prime,1024,0.0583091375847657,0.075040485659207,-0.00259864638795992,0.130972245836534,0.0665811166906924,0.0866943140311589,0.0545937414734659,0.0758881525557691,-0.0037153961112999,0.000847666896562099
re,R_real,940.157480314961,sigma,1024,0.880807496237925,0.915973992669788,0.86146387217,0.894082449005681,0.837547682009282,0.9773305422777,0.8786464169844,0.915859869405014,-0.00216107925352538,-0.00011412326477378
re,R_real,940.157480314961,alpha_infinity,1024,0.021729670726472,0.0356405723001294,-0.03191748912924,0.115814780916784,0.0302852181469666,0.0422566089988798,0.0247967873622099,0.0367217751523115,0.00306711663573789,0.00108120285218212
re,R_real,940.157480314961,lambda,1024,0.00636173610456559,0.0166657693629158,-0.0571672949123647,0.0898262462431478,0.0142343496421468,0.0193810562336347,0.00702149402666441,0.0177984189784562,0.000659757922098825,0.0011326496155404
re,R_real,940.157480314961,lambda_prime,1024,0.00481718737114245,0.010286910528892,-0.0520757163329657,0.077920933756214,0.00857333165722533,0.012599512903041,0.00705049197764906,0.0107300772745545,0.00223330460650661,0.000443166745662521
re,R_real,940.157480314961,k0_prime,1024,0.0480685465943678,0.0628462796176834,-0.0122672739007785,0.119176655666744,0.0549081595941764,0.0729057631565697,0.0442722569840169,0.063924583108512,-0.00379628961035083,0.0010783034908286
re,R_real,978.346456692913,sigma,1024,0.897780574803754,0.928938922186021,0.881002602666891,0.908992982781105,0.850768146774501,0.988769440701087,0.895875765567963,0.929567225034129,-0.00190480923579117,0.00062830284810822
re,R_real,978.346456692913,alpha_infinity,1024,0.0199090739016481,0.0321922270641818,-0.0330547520608762,0.113427610922304,0.0276288095915592,0.0377492347586544,0.022422941293182,0.0332216003930484,0.00251386739153392,0.00102937332886655
re,R_real,978.346456692913,lambda,1024,0.00557179898603943,0.0137821661469445,-0.0546894706452132,0.0910867661455078,0.0119086267088097,0.0161907810954122,0.00644051420229586,0.0153773855261997,0.000868715216256422,0.00159521937925526
re,R_real,978.346456692913,lambda_prime,1024,0.004569877778688,0.00916420959163098,-0.0503700238939611,0.0783620097291089,0.00765623062090169,0.0112007428678119,0.00721717435747271,0.0096212483064645,0.00264729657878471,0.00045703871483352
re,R_real,978.346456692913,k0_prime,1024,0.0398127195164867,0.0527905271263541,-0.0197519175870611,0.109616078688972,0.0454047110588982,0.061457556040898,0.0360715699698387,0.0533202331331726,-0.00374114954664795,0.000529706006818502
re,R_real,1016.53543307087,sigma,1024,0.912561660138507,0.939853688581,0.898176069822694,0.921990400199436,0.862620393397434,0.997854288538387,0.910059011351009,0.937366727266911,-0.00250264878749851,-0.00248696131408865
re,R_real,1016.53543307087,alpha_infinity,1024,0.0182509357035869,0.0289739337025253,-0.0364702425785128,0.111010730322725,0.025154373760304,0.0342172030448408,0.0211613430562955,0.0301467974294341,0.00291040735270853,0.00117286372690888
re,R_real,1016.53543307087,lambda,1024,0.00487662751821794,0.011243011491185,-0.0543925361917146,0.0919947292440124,0.00960683247435409,0.0131341793530728,0.00516022607877531,0.0124587161015696,0.000283598560557374,0.00121570461038456
re,R_real,1016.53543307087,lambda_prime,1024,0.00440936188238317,0.00815772510930965,-0.0515087370497829,0.079214263336906,0.00683856620332653,0.00994523809419398,0.00855220632318499,0.00828818983731369,0.00414284444080182,0.000130464728004031
re,R_real,1016.53543307087,k0_prime,1024,0.0331152699307048,0.0444327912448674,-0.0255315114683485,0.101386885410712,0.0376271363587658,0.0518728531252709,0.0306394942136681,0.0452122625531781,-0.00247577571703672,0.000779471308310631
re,R_real,1054.72440944882,sigma,1024,0.925468513660092,0.949071896200017,0.913298735779272,0.93362866829846,0.876407000094382,1.00498754254656,0.922831861131609,0.945029343471576,-0.00263665252848289,-0.0040425527284409
re,R_real,1054.72440944882,alpha_infinity,1024,0.0167299731933856,0.0259749520144718,-0.0375118412397526,0.108554205890197,0.0225305490976997,0.0308938087704892,0.0204268919163288,0.0260461972152615,0.0036969187229432,7.12452007897227e-05
re,R_real,1054.72440944882,lambda,1024,0.00427521784023488,0.00906646194231614,-0.0562544612944678,0.0925699165613585,0.00761033643651054,0.0106599283498132,0.00512555420598604,0.0103617605904912,0.000850336365751159,0.00129529864817508
re,R_real,1054.72440944882,lambda_prime,1024,0.00432283439520464,0.00725307238932887,-0.0522043423050331,0.0799400300483574,0.00610781314346972,0.00881580278672675,0.0077322500246283,0.00741046262957414,0.00340941562942365,0.000157390240245268
re,R_real,1054.72440944882,k0_prime,1024,0.0276591119886624,0.0374435979307037,-0.0299655925078295,0.0978137642681829,0.0312372161881407,0.0437964534509729,0.0246890600493505,0.038753256021647,-0.00297005193931199,0.0013096580909433
re,R_real,1092.91338582677,sigma,1024,0.936727564790333,0.956857355707047,0.926597400974166,0.943723978979755,0.888970555838833,1.01047231503748,0.936472789284394,0.954467570530952,-0.000254775505939109,-0.00238978517609556
re,R_real,1092.91338582677,alpha_infinity,1024,0.0153286774747289,0.0231925981758478,-0.0386242932807555,0.106052920509588,0.0199866936529279,0.0277722339172072,0.0159205028999245,0.0230242062918821,0.000591825425195647,-0.000168391883965731
re,R_real,1092.91338582677,lambda,1024,0.00376925547629248,0.00727152213845102,-0.0578418929569149,0.0928291375513089,0.00624416675588233,0.00848751821179596,0.00530639070104166,0.00800570713886853,0.00153713522474919,0.000734185000417509
re,R_real,1092.91338582677,lambda_prime,1024,0.0042984195525515,0.00643862226277449,-0.0526051979261233,0.0805542604133276,0.00545280086813292,0.00779844271970771,0.0067517716729163,0.00669278065542286,0.00245335212036479,0.000254158392648364
re,R_real,1092.91338582677,k0_prime,1024,0.0232044921535249,0.0315724924941674,-0.0333290840492275,0.0972248075084791,0.0259732484333814,0.0369598999606738,0.0202326103746319,0.0312657596617924,-0.00297188177889307,-0.000306732832374958
re,R_real,1131.10236220472,sigma,1024,0.946501347240593,0.963410566134198,0.938217812582792,0.952512591031464,0.8935864009489,1.01454091690852,0.946643378203079,0.963536303572494,0.000142030962485773,0.000125737438296025
re,R_real,1131.10236220472,alpha_infinity,1024,0.0140356129076983,0.0206299809138532,-0.0413647832645225,0.103506551443605,0.0177812818289299,0.0248521054323756,0.0156394852321158,0.0201283630744231,0.0016038723244175,-0.000501617839430112
re,R_real,1131.10236220472,lambda,1024,0.00336211611410364,0.00587577993488645,-0.0591748984661316,0.0909505509203492,0.00502419791145024,0.00687680396808572,0.0027052149413177,0.00601835048721791,-0.00065690117278594,0.000142570552331456
re,R_real,1131.10236220472,lambda_prime,1024,0.00432505195494226,0.0057048933844491,-0.0539193114554759,0.0807914963968446,0.00483987038894984,0.0068816891847935,0.00501355670067072,0.0059092806662493,0.000688504745728458,0.000204387281800202
re,R_real,1131.10236220472,k0_prime,1024,0.0195670155878153,0.0266259992170428,-0.035835982306234,0.0971969195519311,0.0216299708061207,0.0311659514473639,0.0150810001913863,0.0267480977397955,-0.00448601539642901,0.000122098522752703
re,R_real,1169.29133858268,sigma,1024,0.954907832670656,0.968887120016401,0.948111590350205,0.960034329946094,0.895976418232939,1.01759769232838,0.954719789254257,0.965214619291174,-0.000188043416398775,-0.00367250072522673
re,R_real,1169.29133858268,alpha_infinity,1024,0.012844237230728,0.0182945055518221,-0.0440233880561101,0.100919101815829,0.0158273592412654,0.0221383262610984,0.0151827197570754,0.0181185635195296,0.00233848252634739,-0.000175942032292504
re,R_real,1169.29133858268,lambda,1024,0.00305809528812895,0.00489387130745109,-0.0602636989884591,0.0890424933697259,0.00407118081141198,0.0058585462890965,0.00305416268731218,0.00514704218815759,-3.93260081676949e-06,0.000253170880706505
re,R_real,1169.29133858268,lambda_prime,1024,0.0043924295398291,0.0050440629481039,-0.0550754026644189,0.0800711134327807,0.00429385251451005,0.00605604504669742,0.00644879920026697,0.00540534492306079,0.00205636966043787,0.000361281974956894
re,R_real,1169.29133858268,k0_prime,1024,0.0166023713496053,0.0224522251538357,-0.0389913471731145,0.0952427307499231,0.0180443864463584,0.0262765592492303,0.0139161853264559,0.0229502039951381,-0.00268618602314941,0.000497978841302368
re,R_real,1207.48031496063,sigma,1024,0.962034011243139,0.973410450105972,0.956647567750344,0.966060229775232,0.90198518130678,1.02444555173025,0.961780421552694,0.970825961815234,-0.000253589690444644,-0.00258448829073799
re,R_real,1207.48031496063,alpha_infinity,1024,0.0117520571526134,0.0161969339928995,-0.0466045184669441,0.0972752554476477,0.0140716132078744,0.0196403755529282,0.0132141203245463,0.0161371603447777,0.00146206317193287,-5.9773648121722e-05
re,R_real,1207.48031496063,lambda,1024,0.00286181319076029,0.00433654507815365,-0.0611114221388425,0.0871882834040242,0.00359372157083887,0.00538426638683338,0.00317881512224838,0.00505998014541986,0.000317001931488092,0.000723435067266204
re,R_real,1207.48031496063,lambda_prime,1024,0.00449101732422963,0.00444957683462647,-0.0560780704299038,0.0794287359227428,0.00379093768269377,0.00531353659972291,0.00592757542010636,0.0045619502227994,0.00143655809587673,0.000112373388172932
re,R_real,1207.48031496063,k0_prime,1024,0.0141956075033209,0.0189299850131479,-0.0415868915336857,0.0920362062619972,0.0150855986147656,0.0221591737431498,0.0121176133162263,0.0192524324345359,-0.00207799418709465,0.000322447421388015
re,R_real,1245.66929133858,sigma,1024,0.967945344140915,0.977080587784918,0.963874206238109,0.971513929739842,0.906708163268168,1.03031992197194,0.96685477878976,0.972888894946391,-0.00109056535115504,-0.00419169283852638
re,R_real,1245.66929133858,alpha_infinity,1024,0.0107600024336878,0.0143508309645917,-0.049104331764237,0.0934913210066688,0.012464315958597,0.0173719130341745,0.0132272330094114,0.0148115954845843,0.00246723057572362,0.000460764519992655
re,R_real,1245.66929133858,lambda,1024,0.00277776811768016,0.00421020697712982,-0.0617163366274405,0.085381416844982,0.00331312985691378,0.00557286067357303,0.00219064194596508,0.00454728018423401,-0.00058712617171508,0.000337073207104189
re,R_real,1245.66929133858,lambda_prime,1024,0.00461207983147249,0.00391584187749873,-0.056933135664847,0.0812339421231031,0.00333767895920732,0.00464735412383246,0.0069700525651395,0.00403728531888654,0.002357972733667,0.000121443441387809
re,R_real,1245.66929133858,k0_prime,1024,0.0122535402527842,0.0159610489489253,-0.0443526166958905,0.0893086012247148,0.0126474156150247,0.0189201523040292,0.0102106586311664,0.0174413215042617,-0.00204288162161781,0.0014802725553364
re,R_real,1283.85826771654,sigma,1024,0.972692242925125,0.979980112221832,0.969259346195716,0.97586992457456,0.908296077705445,1.03527609008751,0.972631102873934,0.974906217191407,-6.11400511913995e-05,-0.00507389503042499
re,R_real,1283.85826771654,alpha_infinity,1024,0.00987194716069251,0.0127722635444656,-0.0515121824806888,0.0898135158240239,0.0109892547084812,0.0155897141487918,0.011743859107391,0.0122703823050283,0.00187191194669845,-0.000501881239437287
re,R_real,1283.85826771654,lambda,1024,0.00281002406781483,0.00451683173336198,-0.0620736531346926,0.0848575526714755,0.00321408139814675,0.00645895004627115,0.00177644195648485,0.00463624954647156,-0.00103358211132998,0.000119417813109585
re,R_real,1283.85826771654,lambda_prime,1024,0.00474772263563616,0.00343798589905129,-0.0576476348704367,0.0820351945685857,0.00293048479553926,0.00405156645254159,0.00688161872664794,0.00376698786063364,0.00213389609101178,0.000329001961582354
re,R_real,1283.85826771654,k0_prime,1024,0.0106993503208879,0.0134645774587121,-0.0481372602081938,0.0883377955905884,0.0106429034192146,0.0161880092112374,0.00749082433420489,0.0147090286324301,-0.00320852598668298,0.00124445117371804
re,R_real,1322.04724409449,sigma,1024,0.9763144167954,0.982178136681301,0.973312936071103,0.979355777383723,0.909301347543633,1.03936308247403,0.976415796195353,0.978021097491243,0.000101379399952806,-0.00415703919005828
re,R_real,1322.04724409449,alpha_infinity,1024,0.00909433564550854,0.0114796532519108,-0.0538118476902767,0.0903512958022546,0.00975200749645699,0.0144100834348454,0.0107922996241148,0.0111928571656506,0.00169796397860622,-0.000286796086260189
re,R_real,1322.04724409449,lambda,1024,0.00296202019827185,0.00525414263268789,-0.0621769501982723,0.0842313666022577,0.00343838235712269,0.00778737470775509,0.00298154613566182,0.00521873261689926,1.95259373899637e-05,-3.54100157886339e-05
re,R_real,1322.04724409449,lambda_prime,1024,0.00489092747533182,0.0030116738415733,-0.0582296025722335,0.0819946849762722,0.0025460338726406,0.00352089761961479,0.00778211470050227,0.00322367268307807,0.00289118722517046,0.000211998841504774
re,R_real,1322.04724409449,k0_prime,1024,0.00946872235884355,0.0113731048519348,-0.0513814037271678,0.090086118495138,0.00900032888799589,0.0138425900497534,0.00770114117186282,0.0119253779909328,-0.00176758118698073,0.000552273138998008
re,R_real,1360.23622047244,sigma,1024,0.978843710579431,0.983732944490241,0.975895969243896,0.981927328394057,0.909780754982515,1.0426258703854,0.979468130745752,0.980475154452923,0.000624420166321138,-0.0032577900373183
re,R_real,1360.23622047244,alpha_infinity,1024,0.0084358872531648,0.0104937080280765,-0.0559825655024409,0.0877216883919565,0.00891869798556606,0.013551414094341,0.00757847615342022,0.0101970275873393,-0.000857411099744576,-0.000296680440737208
re,R_real,1360.23622047244,lambda,1024,0.00323648698895584,0.00641597089644324,-0.0630624323562841,0.0835046426494517,0.00392387381362611,0.009534790758058,0.00207438110269942,0.00670394792369661,-0.00116210588625643,0.000287977027253369
re,R_real,1360.23622047244,lambda_prime,1024,0.00503557006409872,0.00263297029366625,-0.0586877466188673,0.0818335837599069,0.00221951284797798,0.00308563423670271,0.00572623528009775,0.00274242925037165,0.000690665215999031,0.000109458956705402
re,R_real,1360.23622047244,k0_prime,1024,0.00850708086114282,0.00962962689103987,-0.0541308815699872,0.0918041369161879,0.00766010783682365,0.0118368646780545,0.00588446910725171,0.0104980564515637,-0.00262261175389111,0.000868429560523841
re,R_real,1398.42519685039,sigma,1024,0.980305897689185,0.98469371714679,0.977005028185633,0.983537072864136,0.909783646669457,1.04510639170632,0.980967219683949,0.981339787596272,0.000661321994764652,-0.00335392955051794
re,R_real,1398.42519685039,alpha_infinity,1024,0.00790736362979438,0.00983738488542966,-0.057999909244036,0.0851280890433868,0.00803704836456216,0.0131462793739513,0.0100528582492687,0.00978120836994009,0.00214549461947433,-5.6176515489571e-05
re,R_real,1398.42519685039,lambda,1024,0.00363544976717556,0.00799272177702378,-0.0652296913984729,0.0827016321575054,0.00474526192442496,0.0117270432627097,0.00333886446477794,0.00813701410255103,-0.000296585302397623,0.000144292325527243
re,R_real,1398.42519685039,lambda_prime,1024,0.00517641450934081,0.00229824007427398,-0.0590310934986489,0.0815492899404396,0.00195488962453288,0.00267086637942812,0.00630577471916494,0.00260219611188782,0.00112936020982413,0.000303956037613842
re,R_real,1398.42519685039,k0_prime,1024,0.00776760762221396,0.00818547790035335,-0.0564287032599118,0.0929814957749781,0.00653728658784729,0.010130470836748,0.00718618117407532,0.00879079800865011,-0.000581426448138633,0.000605320108296765
re,R_real,1436.61417322835,sigma,1024,0.980721772821768,0.985101670773735,0.977130874057551,0.984214506845164,0.909352675191097,1.04684381957459,0.980980457440516,0.980937648591989,0.000258684618747895,-0.00416402218174572
re,R_real,1436.61417322835,alpha_infinity,1024,0.00752138635583799,0.00953585254803368,-0.0597344914881264,0.0825871035861384,0.00717144866792221,0.0130565747196313,0.00758148407622927,0.00969829716415208,6.00977203912834e-05,0.000162444616118401
re,R_real,1436.61417322835,lambda,1024,0.0041602970211595,0.00997188930801427,-0.0669866249146476,0.0818469808932162,0.00596609383240908,0.014513978303889,0.0018084500048875,0.010238771976025,-0.002351847016272,0.00026688266801074
re,R_real,1436.61417322835,lambda_prime,1024,0.00530908268157992,0.00200407950411476,-0.0592686560269424,0.0811399540334196,0.00170263775591218,0.00233451090909235,0.00603627155128161,0.00225292654534402,0.000727188869701689,0.000248847041229262
re,R_real,1436.61417322835,k0_prime,1024,0.00720981536794207,0.00699877167932691,-0.0583158890635471,0.0902239858552215,0.00555031845131257,0.00868827156973253,0.00469473082956862,0.00791649761097974,-0.00251508453837346,0.000917725931652832
re,R_real,1474.8031496063,sigma,1024,0.980107797288784,0.984990822629426,0.975909444133052,0.984556598075181,0.908524206935568,1.04787439527485,0.9803096186751,0.979108242660172,0.000201821386315637,-0.00588257996925312
re,R_real,1474.8031496063,alpha_infinity,1024,0.00729229512236351,0.00961643703548239,-0.0587756636695236,0.0801155942632154,0.00714041245774071,0.0141200637693519,0.0084505403064743,0.0097876519952544,0.00115824518411078,0.000171214959772011
re,R_real,1474.8031496063,lambda,1024,0.00481188980908676,0.012338575996016,-0.0683260926857985,0.0809653410110643,0.00758880780924095,0.0175136480415199,0.0046892014825034,0.0127831779538019,-0.000122688326583353,0.000444601957785942
re,R_real,1474.8031496063,lambda_prime,1024,0.00543000056035448,0.00174727177482318,-0.0594091542567001,0.0806044082706768,0.00147745066823877,0.00204326591338951,0.00671846931553421,0.00196299548757988,0.00128846875517974,0.000215723712756703
re,R_real,1474.8031496063,k0_prime,1024,0.00679851482611959,0.00603324342531435,-0.059831837568789,0.0875295612592466,0.00470694948324315,0.0074793390288415,0.00584044672298778,0.00708572689449589,-0.000958068103131815,0.00105248346918155
re,R_real,1512.99212598425,sigma,1024,0.97847647881019,0.984388539117184,0.973148922633032,0.984247354937172,0.907328552413445,1.04823105120057,0.978649574377608,0.978022719340719,0.000173095567417736,-0.006365819776465
re,R_real,1512.99212598425,alpha_infinity,1024,0.00723603744389323,0.0101085423070854,-0.0576656128942874,0.077730604552972,0.00732216607629871,0.0156426497487179,0.00767974750308442,0.0104366156735174,0.000443710059191194,0.000328073366431954
re,R_real,1512.99212598425,lambda,1024,0.00559068971691179,0.0150759864837817,-0.0691140718774936,0.080081016666055,0.00961299663498536,0.0208972049608307,0.00476805909027089,0.0156774778738272,-0.000822630626640897,0.000601491390045483
re,R_real,1512.99212598425,lambda_prime,1024,0.00553632625302569,0.00152476056097043,-0.0594608032361046,0.0799420414899298,0.00128935861194658,0.00178735873300592,0.0072126570955976,0.00181405124528203,0.0016763308425719,0.000289290684311609
re,R_real,1512.99212598425,k0_prime,1024,0.00650305741798496,0.00525737532694889,-0.0610143903148994,0.0848778212473094,0.00414466781356928,0.00647623689347217,0.00553838669823559,0.00610966550253872,-0.000964670719749372,0.00085229017558983
re,R_real,1551.1811023622,sigma,1024,0.975836613132202,0.983315965356512,0.969235112834332,0.982689008167355,0.905790121929034,1.0479429771585,0.976042709238644,0.98010876940847,0.000206096106441622,-0.00320719594804186
re,R_real,1551.1811023622,alpha_infinity,1024,0.00737008141173245,0.0110435435381709,-0.056391170603278,0.0763548798071624,0.00797306156413164,0.0175713983309726,0.00942511549343417,0.0114052338901136,0.00205503408170171,0.000361690351942676
re,R_real,1551.1811023622,lambda,1024,0.0064968858067429,0.0181658748383452,-0.0686935025554454,0.0791765241478634,0.0120357921846103,0.02463892895434,0.00515241773343744,0.0188530532524718,-0.00134446807330546,0.000687178414126605
re,R_real,1551.1811023622,lambda_prime,1024,0.00562586592951253,0.00133363677748121,-0.0594311686738627,0.0791526508545641,0.00112665280201535,0.00157812199032917,0.0077307530691626,0.00163340577857884,0.00210488713965007,0.000299769001097636
re,R_real,1551.1811023622,k0_prime,1024,0.00629676865918738,0.00464372187337631,-0.0618997170016369,0.0822504644217064,0.00366405466367475,0.00567433615153656,0.00418966990359726,0.00585300371286444,-0.00210709875559012,0.00120928183948813
re,R_real,1589.37007874016,sigma,1024,0.97219347381168,0.981788399775167,0.964185340046421,0.980185179759257,0.903927570579004,1.04703522772962,0.973246731693206,0.977293363605723,0.00105325788152588,-0.00449503616944336
re,R_real,1589.37007874016,alpha_infinity,1024,0.00771334339926011,0.0124546532502161,-0.0549362565082487,0.0758891321072979,0.00881969699887848,0.0200107338101453,0.0100104349107695,0.0131820899359808,0.00229709151150936,0.000727436685764702
re,R_real,1589.37007874016,lambda,1024,0.00753050512842579,0.0215889334933893,-0.0680578009467572,0.0774759643761024,0.0148522440941697,0.0287132193495327,0.00656354679446314,0.0217087815527826,-0.000966958333962653,0.000119848059393298
re,R_real,1589.37007874016,lambda_prime,1024,0.00569698439339361,0.00117113417691866,-0.0593270834815318,0.0782362942141288,0.000987147426839992,0.0013960076733793,0.00778797734002923,0.00142325005569759,0.00209099294663562,0.000252115878778929
re,R_real,1589.37007874016,k0_prime,1024,0.00615651179285115,0.004168375584355,-0.0625221111428198,0.0796310860087035,0.00330485633644391,0.00508919755565715,0.00555357851485827,0.00537860370048693,-0.000602933277992879,0.00121022811613193
re,R_real,1627.55905511811,sigma,1024,0.967549006399679,0.979815651965848,0.958406195602315,0.97672037129016,0.901753969103802,1.04744650983678,0.968125229269982,0.973744069095176,0.000576222870303678,-0.00607158287067178
re,R_real,1627.55905511811,alpha_infinity,1024,0.00828612307018228,0.0143767612436674,-0.053282196770347,0.0756797914331625,0.0100462244300438,0.0230607637845932,0.00806859980808783,0.0152062417257944,-0.000217523262094454,0.000829480482127033
re,R_real,1627.55905511811,lambda,1024,0.00869149591505702,0.0253251181524615,-0.0672090510660504,0.0776436549580537,0.0180556704488632,0.0330949274542093,0.00576713310797861,0.0261455220248157,-0.00292436280707842,0.000820403872354204
re,R_real,1627.55905511811,lambda_prime,1024,0.00574851659954823,0.00103463028626038,-0.0591546139083374,0.0771931595856157,0.000868836867978998,0.00124258600464279,0.00688649758775572,0.00129336659307621,0.0011379809882075,0.000258736306815827
re,R_real,1627.55905511811,k0_prime,1024,0.00606233939306555,0.0038105320100472,-0.0629137589760487,0.0770050519415113,0.00307032741055726,0.00469147959383594,0.00423853772546012,0.00481489502738745,-0.00182380166760543,0.00100436301734025
re,R_real,1665.74803149606,sigma,1024,0.961902061829199,0.977402405396106,0.951629290026123,0.972276942629568,0.899277018607348,1.04894611145355,0.962246610643188,0.97315300743564,0.000344548813988155,-0.00424939796046586
re,R_real,1665.74803149606,alpha_infinity,1024,0.00911003851833481,0.0168462488401796,-0.0506743446079028,0.0757576905543039,0.0114403171893773,0.0266864028924617,0.00818580869759489,0.0181737487702065,-0.000924229820739919,0.00132749993002698
re,R_real,1665.74803149606,lambda,1024,0.00997977695138796,0.029353907450129,-0.064375850446031,0.0779565925086443,0.0213892024042162,0.037759583312366,0.00768041496419813,0.0308538946786203,-0.00229936198718983,0.00149998722849133
re,R_real,1665.74803149606,lambda_prime,1024,0.00577968538781881,0.000921649965991538,-0.0589190626896536,0.076023462038026,0.000769868409189507,0.00110084227623781,0.0056622616539711,0.00113386191467334,-0.00011742373384771,0.000212211948681804
re,R_real,1665.74803149606,k0_prime,1024,0.00599720417742355,0.00355212603545939,-0.0628380007924743,0.0743594226274085,0.00290156481669028,0.00437009218818963,0.0038649140063951,0.00471572902627635,-0.00213229017102845,0.00116360299081696
re,R_real,1703.93700787402,sigma,1024,0.955248689107822,0.974548596131934,0.943826516660401,0.966835713671137,0.89649931538636,1.0467314389612,0.954198086680573,0.968744289825257,-0.00105060242724908,-0.00580430630667716
re,R_real,1703.93700787402,alpha_infinity,1024,0.0102079548499584,0.019900776905592,-0.0492787503670009,0.0761525100786549,0.0138115108764643,0.0307990181159994,0.0109975498023911,0.0220375952264813,0.000789594952432693,0.00213681832088926
re,R_real,1703.93700787402,lambda,1024,0.0113952503885766,0.0336544992420393,-0.0611650351465478,0.0793766732932402,0.0247662006705919,0.0428411239325775,0.0100617446311752,0.0350909075965491,-0.00133350575740143,0.00143640835450986
re,R_real,1703.93700787402,lambda_prime,1024,0.00579002930653183,0.000829869600471245,-0.0586249973627193,0.0747273732534361,0.000696099728785942,0.00098084488969675,0.0066480987817128,0.00115899802567924,0.000858069475180967,0.000329128425207993
re,R_real,1703.93700787402,k0_prime,1024,0.00594671012112646,0.00337752092525402,-0.0615390193445953,0.0732814330506897,0.00279340417739327,0.00413732661639441,0.00662624412495194,0.00458959938345045,0.000679534003825477,0.00121207845819643
re,R_real,1742.12598425197,sigma,1024,0.947582497744048,0.971249812662003,0.934146290949394,0.960376567256225,0.893418665214467,1.04133180864422,0.94777334388283,0.967529890318392,0.000190846138782286,-0.00371992234361096
re,R_real,1742.12598425197,alpha_infinity,1024,0.0116038999731024,0.0235790458948495,-0.0469058362692956,0.076892824751597,0.0167554223945897,0.0355053211918404,0.0132816359724608,0.0247841403743369,0.00167773599935839,0.00120509447948739
re,R_real,1742.12598425197,lambda,1024,0.012937778273616,0.0382059474112856,-0.0577032242168152,0.0807925329256953,0.028391420727823,0.0483290622920126,0.0120553583831662,0.0396538087577623,-0.000882419890449793,0.0014478613464767
re,R_real,1742.12598425197,lambda_prime,1024,0.00577934289924908,0.000757120570199224,-0.0582762938130914,0.0733049851992961,0.000627155485143067,0.000889351541514458,0.00755306615025453,0.00091548518602136,0.00177372325100544,0.000158364615822136
re,R_real,1742.12598425197,k0_prime,1024,0.00589889198571225,0.00327323808148657,-0.060159423904935,0.0723410356987093,0.00274306087771578,0.00397827151235212,0.00681646532840297,0.0043126084244533,0.000917573342690714,0.00103937034296672
re,R_real,1780.31496062992,sigma,1024,0.938895094282441,0.967497718741227,0.923218214614302,0.953011655436791,0.890028442907085,1.03535995140645,0.937810299011746,0.959496822768255,-0.00108479527069472,-0.00800089597297182
re,R_real,1780.31496062992,alpha_infinity,1024,0.0133229617645533,0.027920524985111,-0.0460569089496623,0.0780061697643204,0.0203099520454332,0.0408347248917467,0.0144372371771639,0.0301000973675033,0.00111427541261067,0.00217957238239226
re,R_real,1780.31496062992,lambda,1024,0.0146071252244184,0.042987244347119,-0.0539919064637138,0.0821938339895704,0.0322506589456761,0.0540666188224766,0.0137142320614391,0.0441545445639182,-0.000892893162979358,0.00116730021679919
re,R_real,1780.31496062992,lambda_prime,1024,0.00574763041819892,0.000701391197193619,-0.057636102344732,0.0717563065942894,0.000575923433868908,0.000833666186796064,0.00831925903395103,0.000912404219769946,0.00257162861575211,0.000211013022576326
re,R_real,1780.31496062992,k0_prime,1024,0.00584401621273556,0.00322771989696424,-0.0587050979858768,0.071370477737009,0.0027115259142129,0.00388049283552475,0.00589005348781968,0.00463733762452847,4.60372750841209e-05,0.00140961772756423
re,R_real,1818.50393700787,sigma,1024,0.929176593744074,0.963280499828356,0.911112392449374,0.944873495764958,0.886122664156621,1.02941027812447,0.929667921898637,0.958065703846453,0.000491328154562987,-0.00521479598190311
re,R_real,1818.50393700787,alpha_infinity,1024,0.0153911611412195,0.0329651463845601,-0.0464240668998128,0.0795191089162731,0.024660752704533,0.046817646966293,0.017666498625231,0.0343464742124626,0.00227533748401143,0.00138132782790254
re,R_real,1818.50393700787,lambda,1024,0.0164028710836817,0.0479773550191168,-0.0510896074720066,0.0835715023475878,0.0363294723126869,0.0598917292734753,0.0162959883389558,0.0492171819368446,-0.000106882744725811,0.00123982691772785
re,R_real,1818.50393700787,lambda_prime,1024,0.00569507273843817,0.000660826788282337,-0.0567038775524205,0.0700812890483019,0.000560714586583525,0.000790826247218917,0.00799375449001061,0.000914728110042554,0.00229868175157244,0.000253901321760218
re,R_real,1818.50393700787,k0_prime,1024,0.0057743993197249,0.00323112095785738,-0.057179295646731,0.0703585132987137,0.00271201604807657,0.00383371988726083,0.00689892886022148,0.00427800019233507,0.00112452954049658,0.00104687923447769
re,R_real,1856.69291338583,sigma,1024,0.918416204772287,0.958583333397031,0.897835875000952,0.935777384723055,0.879962036992632,1.02604342742531,0.918287977079165,0.953419966926305,-0.000128227693121374,-0.00516336647072591
re,R_real,1856.69291338583,alpha_infinity,1024,0.0178352958837469,0.0387529601933046,-0.0454808716103035,0.0814572886732832,0.029935920793459,0.0534850303877306,0.0187925111492604,0.0413588454845642,0.000957215265513511,0.00260588529125962
re,R_real,1856.69291338583,lambda,1024,0.0183242981631692,0.0531552090195077,-0.0506208987007997,0.0849175869541509,0.0405056506904562,0.0657123271502407,0.0168501587757457,0.053745406108932,-0.00147413938742347,0.000590197089424337
re,R_real,1856.69291338583,lambda_prime,1024,0.00562200634437771,0.000633727730793518,-0.0569318289533529,0.068279878739571,0.000536633274085054,0.000752968963605436,0.00691565013655882,0.000869411815862056,0.00129364379218111,0.000235684085068538
re,R_real,1856.69291338583,k0_prime,1024,0.00568424190983741,0.0032751246403054,-0.0555830365260117,0.069295415372495,0.00276757436857089,0.00382957236346508,0.00709657421719767,0.00416299149054152,0.00141233230736026,0.000887866850236116
re,R_real,1894.88188976378,sigma,1024,0.906602886193229,0.953388883617793,0.88356069856961,0.925709830269144,0.87342478529932,1.02269468947508,0.906522431167702,0.949863779621381,-8.04550255271153e-05,-0.00352510399641226
re,R_real,1894.88188976378,alpha_infinity,1024,0.0206827503700375,0.0453237447827184,-0.0435278867221369,0.08384546447526,0.0355351492873461,0.060867814256595,0.0207333331631492,0.0475383250475603,5.05827931116531e-05,0.00221458026484186
re,R_real,1894.88188976378,lambda,1024,0.0203702580061262,0.0584996572095386,-0.050026746585113,0.0862251013512997,0.0450872146823704,0.0719143948082042,0.0182607227811166,0.0592584433936841,-0.00210953522500967,0.000758786184145578
re,R_real,1894.88188976378,lambda_prime,1024,0.00552891265858446,0.000618545830541878,-0.056391326161821,0.0663520890814565,0.000523488939060575,0.000731589727701839,0.00677628479637793,0.000727599200773342,0.00124737213779347,0.000109053370231464
re,R_real,1894.88188976378,k0_prime,1024,0.00556947752030768,0.00335278320628409,-0.0539154721555311,0.0681728703670245,0.00283460047448633,0.00388490561570329,0.00725319146603842,0.00428586462160314,0.00168371394573075,0.000933081415319044
re,R_real,1933.07086614173,sigma,1024,0.893726072018762,0.947677821283221,0.867806875441763,0.914657947015034,0.866492056057015,1.01880738374393,0.893817856936987,0.940868977947205,9.17849182248132e-05,-0.00680884333601617
re,R_real,1933.07086614173,alpha_infinity,1024,0.023961266707888,0.0527165675686275,-0.0414296766184588,0.0867074879493066,0.0419671747421475,0.068996352272811,0.0254093631332402,0.0546337628175336,0.00144809642535215,0.00191719524890618
re,R_real,1933.07086614173,lambda,1024,0.0225390226068163,0.0639893997717316,-0.0493075729721044,0.0874878557555979,0.0497364740076179,0.0785024970300745,0.0221842033933053,0.0648015302209009,-0.000354819213510993,0.000812130449169349
re,R_real,1933.07086614173,lambda_prime,1024,0.0054164156576999,0.000613879236801984,-0.0558070204266048,0.0642980898552132,0.000517280424288394,0.000717720112828391,0.00863869797621786,0.00080174395371159,0.00322228231851795,0.000187864716909606
re,R_real,1933.07086614173,k0_prime,1024,0.00542763606474372,0.00345838009044945,-0.0546809063817535,0.0669838954677793,0.00287737692597861,0.00399405859930243,0.00748029416357776,0.00402765868937776,0.00205265809883404,0.000569278598928311
re,R_real,1971.25984251968,sigma,1024,0.879776461290152,0.941429370150545,0.851078655918707,0.903199489321471,0.859143406060304,1.01434925099278,0.879267490210562,0.935397023021468,-0.000508971079589915,-0.00603234712907708
re,R_real,1971.25984251968,alpha_infinity,1024,0.0276986731467481,0.0609692912980777,-0.0403305363055118,0.0900662459062376,0.049283075234107,0.0778997755863604,0.0289067126419137,0.0630551726264025,0.00120803949516557,0.00208588132832484
re,R_real,1971.25984251968,lambda,1024,0.0248281248689229,0.0696028925964038,-0.0484642349811524,0.0887002870865491,0.0545459289042216,0.0851681772611833,0.0227739542517259,0.0702625114342931,-0.00205417061719704,0.000659618837889328
re,R_real,1971.25984251968,lambda_prime,1024,0.00528528562476238,0.000618466388556398,-0.0551797284452675,0.0621183085880384,0.000516238570111272,0.000720210642963556,0.00706571087870678,0.000780079814735801,0.0017804252539444,0.000161613426179403
re,R_real,1971.25984251968,k0_prime,1024,0.00525772177921313,0.00358731336304874,-0.0568767729299651,0.0657227770416703,0.00296524373786659,0.00417947003987334,0.00773622548861075,0.00441545890561867,0.00247850370939762,0.000828145542569931
re,R_real,2009.44881889764,sigma,1024,0.864746868336971,0.934621880963002,0.833229863476733,0.889556238355392,0.851941911442253,1.00928575133176,0.862819033446688,0.930783715290659,-0.00192783489028292,-0.00383816567234307
re,R_real,2009.44881889764,alpha_infinity,1024,0.0319225661403536,0.0701180215699396,-0.0384526371791003,0.0941460897386508,0.057532762778208,0.0888058298938494,0.033884813186716,0.0732082840964891,0.00196224704636239,0.00309026252654954
re,R_real,2009.44881889764,lambda,1024,0.0272341928667379,0.0753182390523993,-0.0463152878326918,0.089857292993585,0.0595002395274592,0.0918783484143774,0.025875894026923,0.0780968514355551,-0.00135829883981486,0.00277861238315581
re,R_real,2009.44881889764,lambda_prime,1024,0.00513644696419735,0.000631179456084817,-0.0552872863066485,0.0600963852716437,0.000523834641317849,0.000731026430029123,0.00618076447223792,0.000861658699992726,0.00104431750804057,0.000230479243907909
re,R_real,2009.44881889764,k0_prime,1024,0.0050601055135111,0.00373599947612265,-0.0590205869248155,0.0643850289353829,0.00306452804626133,0.00438781388000113,0.00693061247695403,0.00437720503726224,0.00187050696344293,0.000641205561139587
re,R_real,2047.63779527559,sigma,1024,0.848633127841197,0.927233434196189,0.814282471795424,0.875489321120557,0.844364154249764,1.00410076354494,0.847448402683666,0.922518877233623,-0.0011847251575311,-0.00471455696256595
re,R_real,2047.63779527559,alpha_infinity,1024,0.0366599430688156,0.0801964922933067,-0.035742775968219,0.0995204679907415,0.0667642847505689,0.100787258571885,0.0394003403328075,0.0838445214202886,0.00274039726399189,0.00364802912698184
re,R_real,2047.63779527559,lambda,1024,0.0297527822721891,0.0811130743255074,-0.0422911046196621,0.0909540749104804,0.0645837356858579,0.0986000376630467,0.0287133925990601,0.0820504337942896,-0.001039389673129,0.000937359468782248
re,R_real,2047.63779527559,lambda_prime,1024,0.00497098819816233,0.00065101775597179,-0.0572853378845539,0.0597283413124586,0.000539921860702712,0.000763062780670019,0.00718144353836936,0.0008188871314222,0.00221045534020703,0.00016786937545041
re,R_real,2047.63779527559,k0_prime,1024,0.00483643102147757,0.00390179642841631,-0.0586780089662551,0.0629673698475051,0.00319355264657868,0.00461544755127747,0.00802726458131731,0.00457659473767144,0.00319083355983973,0.000674798309255128
re,R_real,2085.82677165354,sigma,1024,0.831435047448757,0.919242472008323,0.794263897280904,0.86040548883474,0.836390716563856,0.998248098358997,0.830172376335622,0.914326147176795,-0.00126267111313427,-0.0049163248315276
re,R_real,2085.82677165354,alpha_infinity,1024,0.0419367834561258,0.0912353871853953,-0.0302797215894268,0.107779564146249,0.0770230470179857,0.114143191616941,0.0440179273777372,0.0951140405836318,0.00208114392161141,0.0038786533982365
re,R_real,2085.82677165354,lambda,1024,0.0323782111765202,0.0869644496563878,-0.0380195539274608,0.0919859943815381,0.0697803164917348,0.105300292675226,0.0315587346686029,0.0881291512655332,-0.000819476507917249,0.00116470160914545
re,R_real,2085.82677165354,lambda_prime,1024,0.00479017251992164,0.000677101597787076,-0.0591967382256797,0.0600951793932215,0.000558741882883579,0.000798765279534021,0.00582222607938543,0.000921925201293982,0.00103205355946379,0.000244823603506906
re,R_real,2085.82677165354,k0_prime,1024,0.00458953466620626,0.00408294546387403,-0.0578926248054152,0.0614677191014489,0.00334660863147953,0.00483321430541695,0.00696608680919664,0.00469289992249769,0.00237655214299037,0.000609954458623659
re,R_real,2124.0157480315,sigma,1024,0.813157398507392,0.910628458926382,0.773207826943091,0.844305315284647,0.828008731734625,0.991576474369409,0.809962858936444,0.904821097208774,-0.00319453957094706,-0.00580736171760832
re,R_real,2124.0157480315,alpha_infinity,1024,0.047777577581365,0.103261597252548,-0.0229109650365524,0.119092800694149,0.0883087771607223,0.128403777704013,0.0512881814283099,0.107692070044023,0.0035106038469449,0.00443047279147517
re,R_real,2124.0157480315,lambda,1024,0.0351034014933159,0.0928487239637177,-0.0341505850757542,0.0939772324629304,0.0750733395228387,0.111946093649951,0.0345093730538918,0.0949768628528044,-0.000594028439424132,0.00212813888908672
re,R_real,2124.0157480315,lambda_prime,1024,0.00459544756079522,0.000708666986479786,-0.0610077675395782,0.060439186376313,0.000581501706128443,0.000846610874108203,0.00573076157523866,0.000877497684553758,0.00113531401444344,0.000168830698073971
re,R_real,2124.0157480315,k0_prime,1024,0.00432337770936242,0.00427853037247423,-0.0575369040036258,0.059885210156676,0.00351363202487863,0.00506092537557487,0.00771328523762138,0.00453826975123682,0.00338990752825896,0.00025973937876259
re,R_real,2162.20472440945,sigma,1024,0.793810932822792,0.901372569464247,0.751155015397107,0.827194724201944,0.81920591518153,0.984048442691157,0.790715780496522,0.896519839511124,-0.00309515232626945,-0.00485272995312325
re,R_real,2162.20472440945,alpha_infinity,1024,0.0542048027196,0.116297416507001,-0.0185026649147908,0.130879521545686,0.0994638348918955,0.143902811147126,0.0573967183893993,0.120211230586242,0.00319191566979926,0.003913814079241
re,R_real,2162.20472440945,lambda,1024,0.0379197311848375,0.0987414704773383,-0.0320747353457467,0.0977757946443345,0.0804455058188355,0.118534387221816,0.0361283323306621,0.099649270587393,-0.00179139885417534,0.000907800110054688
re,R_real,2162.20472440945,lambda_prime,1024,0.00438845330194637,0.000745061562849547,-0.0627046315120159,0.0607609995983268,0.000611344397978531,0.000889283116558075,0.00629260020826428,0.000871253965877907,0.00190414690631791,0.00012619240302836
re,R_real,2162.20472440945,k0_prime,1024,0.00404299012234555,0.00448845339937475,-0.0573109168012456,0.0589840118136205,0.00368921416072601,0.00529543086441486,0.00767683161138677,0.00498821862646457,0.00363384148904122,0.000499765227089824
re,R_real,2200.3937007874,sigma,1024,0.773413410149196,0.89145839915055,0.728154031538841,0.809086025362458,0.8099711086005,0.975629786380737,0.773992653075638,0.88613413250386,0.000579242926442292,-0.00532426664668972
re,R_real,2200.3937007874,alpha_infinity,1024,0.0612383488937399,0.130359680956767,-0.0135094013305959,0.143119046981885,0.111206712163525,0.16048491609351,0.0655629127985804,0.134013089765329,0.00432456390484048,0.00365340880856257
re,R_real,2200.3937007874,lambda,1024,0.0408169016951573,0.104617406099426,-0.0297221986718397,0.10151272680267,0.0858787473881133,0.125222512449845,0.0402728713403337,0.104814525124971,-0.000544030354823533,0.000197119025545214
re,R_real,2200.3937007874,lambda_prime,1024,0.00417102731194097,0.000785742119915938,-0.0642734799017826,0.0610608995775808,0.000651564318009145,0.000922927410127696,0.00684888679545048,0.00112917479450074,0.00267785948350951,0.0003434326745848
re,R_real,2200.3937007874,k0_prime,1024,0.00375442465280862,0.00471342668937515,-0.0564073607703488,0.0591184494143707,0.00390321553783387,0.00555663337074973,0.00709847301550148,0.00484419725519865,0.00334404836269286,0.000130770565823503
re,R_real,2238.58267716535,sigma,1024,0.751990617545874,0.880872693367662,0.704261934064821,0.789998985037902,0.800294832018477,0.966290517307584,0.750312599050927,0.876411014803608,-0.00167801849494797,-0.00446167856405411
re,R_real,2238.58267716535,alpha_infinity,1024,0.0688948979902434,0.145458859152,-0.00789819117713031,0.155786923458502,0.123040243654691,0.17813969219558,0.0705283401045994,0.148392198607818,0.00163344211435601,0.00293333945581856
re,R_real,2238.58267716535,lambda,1024,0.0437828251765109,0.110450351218294,-0.025720573933127,0.105174026758822,0.0913541241853223,0.131773365152341,0.0431228743955444,0.111393238018717,-0.000659950780966478,0.000942886800422954
re,R_real,2238.58267716535,lambda_prime,1024,0.00394520670553211,0.000830273988215751,-0.0645333859134036,0.0613388189393888,0.000686990958511049,0.00096661014683117,0.00588600225873137,0.000918120313238078,0.00194079555319926,8.78463250223268e-05
re,R_real,2238.58267716535,k0_prime,1024,0.00346471970855433,0.00495497809486886,-0.0571472430721904,0.0606388081133418,0.0041009171147042,0.00582709392482032,0.00516796462181235,0.00567144088841452,0.00170324491325802,0.00071646279354566
re,R_real,2276.77165354331,sigma,1024,0.729577357864901,0.869606086015252,0.679544853728699,0.769961907781146,0.790169838277955,0.956005895643137,0.725879750469965,0.863300086050542,-0.00369760739493596,-0.00630599996471015
re,R_real,2276.77165354331,alpha_infinity,1024,0.0771872623891418,0.16159810623299,0.000606587607982045,0.16885464420463,0.137048319554216,0.196846419269007,0.082123540804365,0.16644010022743,0.00493627841522326,0.00484199399443971
re,R_real,2276.77165354331,lambda,1024,0.046803536323463,0.116213227569806,-0.0236587157332921,0.108743444724835,0.0965020066713121,0.138169563263304,0.0465439179948071,0.117415787089965,-0.000259618328655953,0.00120255952015938
re,R_real,2276.77165354331,lambda_prime,1024,0.00371322639605076,0.000878332539054252,-0.063419787960489,0.0615943532904751,0.000722203145884694,0.00101883741988618,0.00671307323845671,0.00106506426797611,0.00299984684240595,0.000186731728921856
re,R_real,2276.77165354331,k0_prime,1024,0.00318186948440213,0.00521547005190598,-0.0584920709797385,0.0628316985122411,0.0043014527960515,0.00611582825589874,0.00749489033734685,0.00548586962490148,0.00431302085294472,0.0002703995729955
re,R_real,2314.96062992126,sigma,1024,0.706218380668251,0.857653837384972,0.654078459226468,0.749012701182023,0.779591662661684,0.944757457078626,0.705360336094438,0.851844051043568,-0.000858044573812999,-0.00580978634140439
re,R_real,2314.96062992126,alpha_infinity,1024,0.0861236918563689,0.178772297417445,0.0103473209398584,0.18008038542173,0.152245531150922,0.216573001325772,0.0893651676314258,0.183558614443457,0.00324147577505685,0.00478631702601162
re,R_real,2314.96062992126,lambda,1024,0.0498631338376141,0.121878101419354,-0.0219787716297715,0.111629373891593,0.101564720722716,0.14500357693444,0.0490031912662297,0.122062752442071,-0.000859942571384442,0.000184651022717405
re,R_real,2314.96062992126,lambda_prime,1024,0.00347751335587321,0.000929707011407068,-0.0621895166203761,0.061826773147494,0.00076233934660259,0.00108508264352467,0.00665792669331045,0.00105717365014671,0.00318041333743724,0.00012746663873964
re,R_real,2314.96062992126,k0_prime,1024,0.00291479965742614,0.00549813007684039,-0.0594789986034585,0.0650069213071968,0.00448954956853293,0.00642646258061596,0.00718261346512705,0.0064088990921434,0.00426781380770092,0.000910769015303012
re,R_real,2353.14960629921,sigma,1024,0.681969225037003,0.845016557870209,0.627035047287731,0.727199889630451,0.768559158426307,0.932534028682058,0.678800897797057,0.837489862850965,-0.00316832723994576,-0.00752669501924452
re,R_real,2353.14960629921,alpha_infinity,1024,0.0957071602868018,0.196967061056723,0.0211926580716971,0.189327314651951,0.16835599842295,0.237274975249122,0.101535602138866,0.202514446942538,0.00582844185206466,0.00554738588581549
re,R_real,2353.14960629921,lambda,1024,0.0529437566811344,0.127416278763375,-0.0200345886460578,0.114385635549488,0.107173549902637,0.151631084178645,0.0525244334421722,0.12796993801077,-0.00041932323896221,0.000553659247395394
re,R_real,2353.14960629921,lambda_prime,1024,0.00324067671290251,0.000984306824658771,-0.0608440970468154,0.0620350361789973,0.000811122158452793,0.00115367151707817,0.00620233258210234,0.0010042598786904,0.00296165586919983,1.99530540316328e-05
re,R_real,2353.14960629921,k0_prime,1024,0.00267334691335508,0.0058070912538719,-0.0606193520188727,0.0671626995793378,0.00473459961666018,0.00678269476172395,0.0076562105830803,0.00723477378863506,0.00498286366972522,0.00142768253476316
re,R_real,2391.33858267717,sigma,1024,0.65689694031756,0.831700901373887,0.598797632451829,0.704583537578036,0.757075007118402,0.919332710131548,0.653318661977922,0.826002201182707,-0.00357827833963809,-0.00569870019118035
re,R_real,2391.33858267717,alpha_infinity,1024,0.105934646876053,0.216157835600107,0.0331406540931027,0.19921756188986,0.185357809543563,0.258894626476774,0.108324671992645,0.22007818014362,0.00239002511659203,0.00392034454351292
re,R_real,2391.33858267717,lambda,1024,0.0560256002831609,0.132798458364858,-0.0178325856647032,0.118463430366625,0.112745239658413,0.158005189725967,0.054178626557965,0.132763900688849,-0.00184697372519593,-3.45576760094612e-05
re,R_real,2391.33858267717,lambda_prime,1024,0.00300549360380098,0.00104217049445474,-0.0593861899877286,0.0622177991593956,0.00086432060795312,0.00122446910961866,0.00376240513698189,0.00122390626882749,0.000756911533180915,0.000181735774372748
re,R_real,2391.33858267717,k0_prime,1024,0.00246824054384021,0.00614744087366619,-0.0616679332457459,0.0692971981163266,0.0050244218558786,0.00717449390187118,0.00524612080851328,0.00782167351574191,0.00277788026467307,0.00167423264207572
re,R_real,2429.52755905512,sigma,1024,0.631080648179505,0.817720209688748,0.57146176333495,0.681236037705842,0.742641496556394,0.907735047074209,0.626933404008232,0.810457888713605,-0.00414724417127266,-0.00726232097514357
re,R_real,2429.52755905512,alpha_infinity,1024,0.11679642930583,0.23630897879942,0.0449839237335566,0.209737197601281,0.203219738853563,0.281604199776165,0.122454565475358,0.241595851532087,0.00565813616952815,0.00528687273266698
re,R_real,2429.52755905512,lambda,1024,0.0590869776806269,0.137994947190515,-0.0153825332311217,0.121707483776588,0.118156606484702,0.164078133909576,0.0585239229368667,0.139286504907369,-0.000563054743760172,0.00129155771685363
re,R_real,2429.52755905512,lambda_prime,1024,0.00277489078531412,0.00110347722139198,-0.0580298001671289,0.0637242719964239,0.000922260735083994,0.00129751281391366,0.0045884526800144,0.00109118781997011,0.00181356189470028,-1.22894014218703e-05
re,R_real,2429.52755905512,k0_prime,1024,0.00231108437269933,0.00652527515128354,-0.0625089848067391,0.0659814001416151,0.00537117178781486,0.00761860510462535,0.00692495840661456,0.00792649269613518,0.00461387403391522,0.00140121754485165
re,R_real,2467.71653543307,sigma,1024,0.604611907797832,0.803095086910664,0.542031356536749,0.655445252532448,0.725313015394856,0.895266099108642,0.60789485623896,0.801330916408028,0.00328294844112775,-0.00176417050263666
re,R_real,2467.71653543307,alpha_infinity,1024,0.128275409380065,0.257372960982574,0.0544397487341878,0.220862728544091,0.221900544827881,0.307105211213571,0.130638523231863,0.260499972805432,0.00236311385179788,0.00312701182285741
re,R_real,2467.71653543307,lambda,1024,0.062104430148301,0.142975941170108,-0.0126976669213847,0.124506956393281,0.121587913797114,0.169801804623498,0.0609138031605129,0.140014591158183,-0.00119062698778816,-0.00296135001192549
re,R_real,2467.71653543307,lambda_prime,1024,0.00255192208087374,0.00116856117110738,-0.0597880176201813,0.0652006177917077,0.000982966524301409,0.00138196893154061,0.00350148008104356,0.00122002834587543,0.000949558000169826,5.14671747680444e-05
re,R_real,2467.71653543307,k0_prime,1024,0.0022143373310991,0.00694775770836913,-0.063118394240828,0.0626578090152042,0.00577482648300771,0.00810446464485989,0.00465614594756947,0.00842350025283814,0.00244180861647036,0.00147574254446901
re,R_real,2505.90551181102,sigma,1024,0.577594845889161,0.787853881331308,0.511222363457495,0.63040461811329,0.707465550021636,0.8757030903232,0.575635775711978,0.781383728290504,-0.001959070177183,-0.00647015304080412
re,R_real,2505.90551181102,alpha_infinity,1024,0.14034649404147,0.279289676906895,0.0646467847073118,0.232560528416538,0.241348352302183,0.333613422906474,0.144156098173657,0.284287102787824,0.00380960413218701,0.00499742588092938
re,R_real,2505.90551181102,lambda,1024,0.0650528911535049,0.147711872133983,-0.0129175858295727,0.126820040514264,0.125384696472287,0.175128366712277,0.0626830971804551,0.147495036945587,-0.00236979397304982,-0.000216835188395187
re,R_real,2505.90551181102,lambda_prime,1024,0.00233974181698082,0.00123792840907318,-0.0614503721587407,0.0625953686296284,0.00103696586921422,0.00147536471487551,0.00406801979261973,0.00130292016190898,0.0017282779756389,6.49917528357993e-05
re,R_real,2505.90551181102,k0_prime,1024,0.00219129110750016,0.0074231792646812,-0.0634716800446542,0.0621430125077513,0.00617415252594925,0.00863977864302124,0.00577679836816603,0.00895418423554946,0.00358550726066587,0.00153100497086826
re,R_real,2544.09448818898,sigma,1024,0.550146015077232,0.772033051477449,0.479376153919288,0.604792105457116,0.689168317082053,0.857172624328239,0.550080226829918,0.76703503019366,-6.57882473137361e-05,-0.00499802128378857
re,R_real,2544.09448818898,alpha_infinity,1024,0.152976056599243,0.301985912235805,0.0755897101872945,0.244786431307826,0.261500148411867,0.361018777414192,0.157626625329219,0.309285880484657,0.00465056872997582,0.00729996824885221
re,R_real,2544.09448818898,lambda,1024,0.0679059064239815,0.152173819314866,-0.0136000283084734,0.127998038895949,0.129681285883574,0.180011007673849,0.0666969327713668,0.149480576242343,-0.00120897365261474,-0.00269324307252275
re,R_real,2544.09448818898,lambda_prime,1024,0.00214157448640517,0.00131227639431144,-0.062999520661805,0.0610123294379551,0.00109824675784599,0.00157522131946815,0.00395210665375223,0.00151626222404345,0.00181053216734706,0.000203985829732012
re,R_real,2544.09448818898,k0_prime,1024,0.00225604344667052,0.00796101576594483,-0.0635441448443561,0.062682083692483,0.00662439183496153,0.00923344981028696,0.00584795687172102,0.00946167836583009,0.0035919134250505,0.00150066259988527
re,R_real,2582.28346456693,sigma,1024,0.52239394793129,0.755677393248111,0.4472256596548,0.578715164834723,0.673285684188927,0.839970883672056,0.521453842866479,0.750093690257084,-0.000940105064811347,-0.00558370299102651
re,R_real,2582.28346456693,alpha_infinity,1024,0.166121504066028,0.325375000737567,0.0872426683778535,0.257485523401262,0.282281421933425,0.389192358857893,0.170852685854205,0.330290430042448,0.00473118178817689,0.0049154293048812
re,R_real,2582.28346456693,lambda,1024,0.070635911526669,0.15633398097189,-0.0142661192968474,0.128888064444402,0.133766338619695,0.184770175319832,0.0700793438329028,0.155380347587302,-0.000556567693766219,-0.000953633384588343
re,R_real,2582.28346456693,lambda_prime,1024,0.00196068096443192,0.00139251587433534,-0.0644188669293047,0.0581866103378005,0.00116183734723589,0.00166803418500646,0.00263435219546104,0.0017763025973405,0.000673671231029127,0.000383786723005166
re,R_real,2582.28346456693,k0_prime,1024,0.00242346585852815,0.0085719819997216,-0.0633110423488215,0.0632788276271655,0.0070959945544178,0.00989561964236416,0.00534025526388249,0.0102821000977402,0.00291678940535434,0.00171011809801863
re,R_real,2620.47244094488,sigma,1024,0.494478380208879,0.738840106645467,0.414947095376955,0.552292683750287,0.659555174110376,0.822032540616595,0.495138616461657,0.734833859922669,0.000660236252777668,-0.0040062467227977
re,R_real,2620.47244094488,alpha_infinity,1024,0.179730976501999,0.349356706593276,0.0995686315798592,0.270592164198483,0.303605974643074,0.416089748606179,0.182233647213609,0.353243030500001,0.00250267071161003,0.00388632390672539
re,R_real,2620.47244094488,lambda,1024,0.0732145666293154,0.160166198595924,-0.014915204072363,0.129626714747021,0.137617252016852,0.189511053891206,0.0704701047236018,0.157426416580121,-0.00274446190571354,-0.0027397820158031
re,R_real,2620.47244094488,lambda_prime,1024,0.00180032169901945,0.00147979496080482,-0.0656917773255228,0.055304672015327,0.00123188073012607,0.00174738066689466,0.00166733631270288,0.00179224850926091,-0.000132985386316564,0.000312453548456093
re,R_real,2620.47244094488,k0_prime,1024,0.00270916471387594,0.00926807764052088,-0.062747757124537,0.0639404300790291,0.00757947077540731,0.0107501869717043,0.00561194612916949,0.0112847746840978,0.00290278141529354,0.00201669704357696
re,R_real,2658.66141732283,sigma,1024,0.466549125401156,0.721582683542828,0.382730421618829,0.52620837640699,0.64552466320375,0.803423620908826,0.46690165157662,0.717543056005257,0.000352526175463441,-0.00403962753757015
re,R_real,2658.66141732283,alpha_infinity,1024,0.193743202994674,0.373817362509857,0.113635273114643,0.284030261699892,0.325375930779086,0.444186174819171,0.197530979845367,0.378716472633118,0.00378777685069287,0.00489911012326033
re,R_real,2658.66141732283,lambda,1024,0.0756131460934061,0.163646522914903,-0.0155466721801272,0.133221994003464,0.141212715877209,0.194153598370647,0.073898536096641,0.160727912849901,-0.00171460999676509,-0.00291861006500219
re,R_real,2658.66141732283,lambda_prime,1024,0.00166371739218962,0.00157552510431492,-0.0654240821223462,0.0523791854245135,0.00132239832527738,0.00184340322574477,0.00155985799101044,0.00163974097960551,-0.000103859401179185,6.42158752905951e-05
re,R_real,2658.66141732283,k0_prime,1024,0.00312943493760276,0.0100626226408102,-0.0623900940647069,0.0636917538049073,0.00822484026629728,0.0117599693651124,0.0058141589618611,0.0122893933037412,0.00268472402425834,0.002226770662931
re,R_real,2696.85039370079,sigma,1024,0.438764593509102,0.70397460234418,0.349470896538964,0.500253243461109,0.63124275439885,0.784221741930938,0.435766587858166,0.69901080045811,-0.00299800565093655,-0.00496380188606982
re,R_real,2696.85039370079,alpha_infinity,1024,0.208087536221699,0.398630288562331,0.129688140751443,0.29771381659432,0.347481966657937,0.473328373952785,0.21290662345719,0.406657766846421,0.0048190872354914,0.00802747828409062
re,R_real,2696.85039370079,lambda,1024,0.0778029782946357,0.166753807704218,-0.0157717020643138,0.135657745651276,0.144533122303604,0.199855060206618,0.0759842923766906,0.1634957429263,-0.0018186859179451,-0.0032580647779184
re,R_real,2696.85039370079,lambda_prime,1024,0.00155400778260251,0.00168140863068613,-0.0670775910093069,0.0513376511212855,0.00141715469682624,0.00196701445198519,0.00231408625446561,0.0018577006308351,0.000760078471863102,0.000176292000148962
re,R_real,2696.85039370079,k0_prime,1024,0.00370120574413701,0.0109702789636022,-0.0617348692078801,0.0627305544731245,0.0089832605820434,0.0127648099090042,0.00710583088288697,0.0139204425404862,0.00340462513874995,0.00295016357688396
re,R_real,2735.03937007874,sigma,1024,0.411289959758202,0.686092821220864,0.31930043733776,0.474358375887697,0.616601997034107,0.76451545264697,0.413670589142581,0.681427337570501,0.002380629384379,-0.00466548365036301
re,R_real,2735.03937007874,alpha_infinity,1024,0.222684183391697,0.423656508884233,0.146253968734721,0.311547738947276,0.369803777004361,0.50257370129838,0.227065162345023,0.427167069945289,0.00438097895332668,0.00351056106105591
re,R_real,2735.03937007874,lambda,1024,0.0797559286854536,0.169470314419872,-0.0152000594318649,0.136345213689585,0.147560990958618,0.202134893801414,0.080998032019773,0.165113416432042,0.0012421033343194,-0.00435689798782976
re,R_real,2735.03937007874,lambda_prime,1024,0.00147420922115626,0.0017994674536743,-0.0655735419067935,0.0525605112366599,0.00152446383232187,0.00211414978889728,0.00432115097675045,0.00208477098165006,0.00284694175559419,0.000285303527975765
re,R_real,2735.03937007874,k0_prime,1024,0.00444197807491098,0.0120070558466915,-0.0618626938542504,0.0620258808679462,0.0097955093644954,0.0140306910313363,0.00834392117036831,0.0146467909729645,0.00390194309545733,0.00263973512627295
re,R_real,2773.22834645669,sigma,1024,0.384295003164503,0.668021068697882,0.288517757924612,0.45008094004564,0.598958693803314,0.744403228347161,0.383341330822378,0.663577141754866,-0.000953672342124734,-0.00444392694301576
re,R_real,2773.22834645669,alpha_infinity,1024,0.237444645782706,0.448745773703292,0.163232830828852,0.325428927767999,0.392210787788831,0.531734760403531,0.240975287076497,0.458374539505064,0.00353064129379088,0.00962876580177169
re,R_real,2773.22834645669,lambda,1024,0.0814449167292729,0.171782308129143,-0.0139136860329481,0.136640337057676,0.150281398589905,0.205915392637126,0.0798883908776636,0.167101083141106,-0.00155652585160926,-0.00468122498803619
re,R_real,2773.22834645669,lambda_prime,1024,0.00142717179532736,0.00193207254365,-0.0637964557026183,0.0538654029259004,0.001644597095866,0.00227612200341189,0.00230895298941058,0.00216045499316428,0.00088178119408322,0.000228382449514283
re,R_real,2773.22834645669,k0_prime,1024,0.00536975357102842,0.0131902961018885,-0.0603570120947583,0.061600238520761,0.0107827964698425,0.0152897122822222,0.00699615822905508,0.0152805459459165,0.00162640465802666,0.00209024984402803
re,R_real,2811.41732283465,sigma,1024,0.357951649778593,0.649848938414212,0.258652391356322,0.430597958206469,0.581430068848227,0.725698306637797,0.357995742927806,0.647691598355173,4.40931492134977e-05,-0.00215734005903967
re,R_real,2811.41732283465,alpha_infinity,1024,0.252272372266102,0.473737883179142,0.180512175979963,0.339247590054485,0.414563117625819,0.560615758948628,0.254091877638519,0.476528979807356,0.00181950537241793,0.00279109662821442
re,R_real,2811.41732283465,lambda,1024,0.082844455092646,0.173680623333475,-0.0127690973352554,0.136716307040263,0.150506532970286,0.209398641350807,0.0817270240854268,0.170370022217621,-0.00111743100721928,-0.00331060111585402
re,R_real,2811.41732283465,lambda_prime,1024,0.00141553679705608,0.00208197371143397,-0.0617485715610486,0.0552429522884766,0.00176861310686413,0.00245558473558437,-0.000321000012331485,0.00212368014568354,-0.00173653680938757,4.17064342495758e-05
re,R_real,2811.41732283465,k0_prime,1024,0.00650295502394116,0.0145386413780301,-0.0584645617585782,0.0614740774696674,0.0119952443241936,0.0169066352431231,0.00875461669443556,0.017690077796278,0.0022516616704944,0.00315143641824793
re,R_real,2849.6062992126,sigma,1024,0.332431270181269,0.631670803488529,0.229927576440707,0.409538820831231,0.564117614949172,0.708134898257577,0.333457526215795,0.629253588247676,0.00102625603452666,-0.00241721524085325
re,R_real,2849.6062992126,alpha_infinity,1024,0.267063624406531,0.498464297610932,0.19796759199517,0.35288876250415,0.436712781489138,0.589014960288889,0.271456269009569,0.50726198127096,0.00439264460303801,0.00879768366002781
re,R_real,2849.6062992126,lambda,1024,0.0839311975325602,0.175161177259562,-0.011852047102568,0.13808136630089,0.149130757582992,0.212273959732381,0.080177492858155,0.167236385598024,-0.00375370467440517,-0.00792479166153776
re,R_real,2849.6062992126,lambda_prime,1024,0.00144169533869876,0.00225232926293781,-0.0603746572671073,0.0566819001853147,0.00191250457916117,0.00265562232945029,0.00119018848260599,0.00263876081436151,-0.000251506856092765,0.000386431551423704
re,R_real,2849.6062992126,k0_prime,1024,0.00786033827196142,0.0160719748361354,-0.05678690515228,0.061665417755834,0.0133903422560365,0.0188398036558673,0.00879090286741924,0.0187497681394339,0.000930564595457817,0.00267779330329845
re,R_real,2887.79527559055,sigma,1024,0.307901794416754,0.613584574577478,0.20256313001603,0.387447539880028,0.547123381106824,0.690419625073017,0.308999246141221,0.610474625785573,0.00109745172446762,-0.00310994879190507
re,R_real,2887.79527559055,alpha_infinity,1024,0.281708542367544,0.522750006555779,0.215463929163434,0.36623398714235,0.458505122150378,0.616727367858386,0.286519988318011,0.531183010230101,0.00481144595046634,0.00843300367432198
re,R_real,2887.79527559055,lambda,1024,0.0846844804077297,0.176225408192519,-0.011186766281567,0.138931475999722,0.14832025895396,0.214515057479536,0.0831368434047502,0.168184917295226,-0.00154763700297944,-0.00804049089729245
re,R_real,2887.79527559055,lambda_prime,1024,0.00150774889971772,0.00244673509376551,-0.0604255901970627,0.0581691449678127,0.00208000575389013,0.0028797800459448,0.0026003330778871,0.00267466211455894,0.00109258417816938,0.000227927020793427
re,R_real,2887.79527559055,k0_prime,1024,0.00946089543467299,0.0178113402695114,-0.0572068298362636,0.0621895069550713,0.0147836880260261,0.0208333725835805,0.0124537510382726,0.0210681783228487,0.00299285560359963,0.00325683805333724
re,R_real,2925.9842519685,sigma,1024,0.284524719045627,0.59569033385227,0.177645037524727,0.366519541864836,0.530014824150372,0.672652080798345,0.286743936016188,0.592208174464336,0.00221921697056093,-0.00348215938793417
re,R_real,2925.9842519685,alpha_infinity,1024,0.296092392417172,0.546415618035018,0.227728533704479,0.37916308270978,0.4797804468916,0.64354757059069,0.299916508804623,0.552346292989611,0.00382411638745128,0.00593067495459298
re,R_real,2925.9842519685,lambda,1024,0.0850868418009016,0.176880617531697,-0.010794565467324,0.139244528170372,0.149605500952073,0.216104329828127,0.0854533676366879,0.170213594140525,0.000366525835786224,-0.00666702339117242
re,R_real,2925.9842519685,lambda_prime,1024,0.00161547253560057,0.00266925282163152,-0.0602054471075661,0.0596898255785722,0.00227536686483637,0.0031363104405909,0.00248669651540911,0.00293812073708733,0.000871223979808544,0.000268867915455814
re,R_real,2925.9842519685,k0_prime,1024,0.0113237491907284,0.0197788373115894,-0.0563612603123691,0.063058520469401,0.0164460568123721,0.0230531972544246,0.0144960731744804,0.0227659306499722,0.003172323983752,0.00298709333838276
re,R_real,2964.17322834646,sigma,1024,0.262452089482686,0.578088884164304,0.154596358174021,0.346908984331671,0.511457476418453,0.654935166413548,0.266474162719538,0.573757729006203,0.00402207323685277,-0.00433115515810156
re,R_real,2964.17322834646,alpha_infinity,1024,0.31009696885452,0.569279619126419,0.238556575856562,0.391555947625568,0.503051505143758,0.669272668280827,0.311580758185202,0.572736525805796,0.00148378933068261,0.00345690667937715
re,R_real,2964.17322834646,lambda,1024,0.0851245019548512,0.177140196477219,-0.0106929521008952,0.13900311199939,0.147873163023061,0.217033911024367,0.0864195368608207,0.172640428384051,0.00129503490596949,-0.00449976809316754
re,R_real,2964.17322834646,lambda_prime,1024,0.00176628140577784,0.00292443659409098,-0.0596930042434205,0.060152135941299,0.00250340112511021,0.00343208206323057,0.00262979821543918,0.00296483548052373,0.000863516809661347,4.03988864327554e-05
re,R_real,2964.17322834646,k0_prime,1024,0.0134680375047652,0.0219974929629333,-0.0522317917513786,0.0642813129004934,0.0182983755003476,0.0255186976221574,0.016209451341868,0.0261184187544035,0.0027414138371028,0.00412092579147025
re,R_real,3002.36220472441,sigma,1024,0.241823545535469,0.560880258089652,0.133324550764672,0.328755857778917,0.49358191971086,0.637373645067601,0.244843027024955,0.556263309573824,0.00301948148948628,-0.00461694851582839
re,R_real,3002.36220472441,alpha_infinity,1024,0.323602116204862,0.591160751613238,0.249043641159587,0.403294328274063,0.522024375596999,0.693705190818328,0.327286513108258,0.596368473241395,0.00368439690339561,0.00520772162815653
re,R_real,3002.36220472441,lambda,1024,0.0847877891433999,0.177023721527384,-0.0121775554577752,0.138195147078624,0.145837730156591,0.217306498906551,0.0855039904947603,0.170736448222567,0.000716201351360413,-0.00628727330481682
re,R_real,3002.36220472441,lambda_prime,1024,0.00196120118990672,0.00321735825279917,-0.0609895886903382,0.0595226837606903,0.00276953386284991,0.00377324711509886,0.00386589802964077,0.00367299405418257,0.00190469683973404,0.000455635801383398
re,R_real,3002.36220472441,k0_prime,1024,0.0159127878025603,0.0244911101852715,-0.0488251453686246,0.0658632257984286,0.0204191724209202,0.0282498591721906,0.018325005166824,0.028216853030792,0.00241221736426367,0.00372574284552049
re,R_real,3040.55118110236,sigma,1024,0.222763518619486,0.544162234903201,0.113935839005634,0.312182662231215,0.47648237333024,0.6182176054932,0.223511553980027,0.542321479543401,0.000748035360541022,-0.00184075535979999
re,R_real,3040.55118110236,alpha_infinity,1024,0.336487332042304,0.611880441617515,0.258397175538199,0.414263488450164,0.538870885277662,0.716655924989426,0.340329919225908,0.619559600480975,0.00384258718360386,0.00767915886346038
re,R_real,3040.55118110236,lambda,1024,0.0840714962138606,0.176556907118993,-0.0142273194165532,0.135996497580017,0.143553261121095,0.216935894925667,0.0830301042287547,0.166813351586748,-0.00104139198510589,-0.0097435555322446
re,R_real,3040.55118110236,lambda_prime,1024,0.00220084287586964,0.00355363057381084,-0.0649139420804121,0.0588028931858867,0.00307985330422894,0.00417114917611083,0.00184316618239144,0.00393362118695863,-0.000357676693478193,0.000379990613147785
re,R_real,3040.55118110236,k0_prime,1024,0.0186767790931981,0.0272840947034719,-0.0449729834856105,0.0689942670881557,0.0228393659625525,0.0314522603895533,0.0206412624140054,0.0304038520182269,0.00196448332080734,0.00311975731475497
re,R_real,3078.74015748031,sigma,1024,0.205378665358656,0.528028914550366,0.0965162016835633,0.297291390326418,0.46024717038278,0.598978170142228,0.209280467364565,0.525586654384745,0.00390180200590828,-0.00244226016562143
re,R_real,3078.74015748031,alpha_infinity,1024,0.348633407182125,0.631265220716746,0.268655493418273,0.42435372184938,0.556446657487595,0.737946567233677,0.352340057119618,0.636031909700965,0.00370664993749303,0.00476668898421906
re,R_real,3078.74015748031,lambda,1024,0.08297515479027,0.175771408531717,-0.014739292914796,0.134861613955392,0.141079558016678,0.215947215971194,0.0838852009977692,0.16850825970946,0.000910046207499238,-0.0072631488222574
re,R_real,3078.74015748031,lambda_prime,1024,0.00248538233541784,0.00393942832421309,-0.0644089241266963,0.0579861283949797,0.00344116225954154,0.00463770302531113,0.00136791372085832,0.00390013788464473,-0.00111746861455952,-3.92904395683669e-05
re,R_real,3078.74015748031,k0_prime,1024,0.0217783899618943,0.03040126137863,-0.0431744879643097,0.0734654367057884,0.0255917110749915,0.0351578884221012,0.0234073106754693,0.0346839161523365,0.00162892071357501,0.00428265477370645
re,R_real,3116.92913385827,sigma,1024,0.189755614392773,0.512569396251121,0.0811301177540148,0.28416092289109,0.444957868928429,0.580434600288551,0.193597270931026,0.51395580805322,0.00384165653825252,0.00138641180209909
re,R_real,3116.92913385827,alpha_infinity,1024,0.359924058487797,0.649149078114248,0.27963851535857,0.432788986509783,0.572699008195127,0.757541275909784,0.36096765538324,0.655527369018472,0.00104359689544331,0.00637829090422426
re,R_real,3116.92913385827,lambda,1024,0.0815032164130336,0.174704473302761,-0.0154244651567292,0.133340143406754,0.138481251934397,0.214376750511307,0.0822052433799608,0.165257722671548,0.000702026966927227,-0.00944675063121267
re,R_real,3116.92913385827,lambda_prime,1024,0.00281454507309531,0.00438150686414251,-0.0626501078597763,0.0596787905091527,0.00385348862239876,0.00516673131490386,0.00224723116586423,0.00434818473652422,-0.000567313907231082,-3.33221276182846e-05
re,R_real,3116.92913385827,k0_prime,1024,0.0252354297276577,0.0338676215259442,-0.0436947039730768,0.0780063862244202,0.0283905822397497,0.0392877546323114,0.0284199271675172,0.0378261209193667,0.00318449743985949,0.00395849939342251
re,R_real,3155.11811023622,sigma,1024,0.175959091748675,0.497866605572743,0.0678196530990364,0.272844925046182,0.431919259066394,0.563409584109336,0.178112656559529,0.496804985321651,0.00215356481085438,-0.00106162025109235
re,R_real,3155.11811023622,alpha_infinity,1024,0.370247510249058,0.665375688923031,0.292006396858412,0.438605705758915,0.587479705633587,0.774903043671158,0.371560990031097,0.669235343682727,0.00131347978203855,0.0038596547596963
re,R_real,3155.11811023622,lambda,1024,0.0796651325712635,0.173398444526187,-0.016288972812373,0.131359744338746,0.137309300708792,0.213049203221286,0.0812824575559871,0.1640551527293,0.00161732498472356,-0.009343291796887
re,R_real,3155.11811023622,lambda_prime,1024,0.00318759655861245,0.00488721796314477,-0.0610946304965387,0.0618750566635875,0.00428723271296,0.00576552828956645,0.0027615512847885,0.00520621042384517,-0.00042604527382395,0.000318992460700399
re,R_real,3155.11811023622,k0_prime,1024,0.0290649493941986,0.0377081523169366,-0.0436997472186442,0.0826153233664213,0.0314766240254416,0.0438698197163773,0.0317386397721318,0.0412063978991645,0.00267369037793319,0.00349824558222794
re,R_real,3193.30708661417,sigma,1024,0.164030475913093,0.483996307911063,0.0566038881437032,0.263370308194951,0.420195979783874,0.547889583468879,0.164743222376572,0.482121974455461,0.00071274646347852,-0.00187433345560167
re,R_real,3193.30708661417,alpha_infinity,1024,0.379497982934469,0.679800472197524,0.303298222671966,0.443349143079051,0.600649807529298,0.790286909598418,0.381476117837163,0.686164419438259,0.00197813490269338,0.00636394724073563
re,R_real,3193.30708661417,lambda,1024,0.0774753285017703,0.171900124207501,-0.0173374087794969,0.132885020648034,0.136117461540542,0.213213698189011,0.0782760321949943,0.162068191776883,0.000800703693224047,-0.00983193243061806
re,R_real,3193.30708661417,lambda_prime,1024,0.00360333864801599,0.00546452237175607,-0.063239636564496,0.0639245546090554,0.00477297077295837,0.00644757488274154,0.00398831831274282,0.00561139423006616,0.000384979664726837,0.000146871858310092
re,R_real,3193.30708661417,k0_prime,1024,0.033283028331655,0.0419475489015715,-0.0412666921528373,0.0872611114075184,0.0348780761413071,0.0489307993349371,0.0377661682446465,0.0465976622272863,0.00448313991299154,0.00465011332571481
re,R_real,3231.49606299213,sigma,1024,0.153986817800828,0.471026338742112,0.0468742364262719,0.255736297650674,0.409499230266475,0.533947301292917,0.156271614021299,0.468281988331475,0.00228479622047095,-0.00274435041063759
re,R_real,3231.49606299213,alpha_infinity,1024,0.387577052887853,0.69229244346395,0.313387764937319,0.450236394748252,0.611893220158272,0.803449884647867,0.391866589738041,0.700941203056323,0.00428953685018818,0.00864875959237366
re,R_real,3231.49606299213,lambda,1024,0.0749530686252721,0.170260009001963,-0.0210221302363112,0.134014118501174,0.134876486811666,0.212650699474263,0.0749454896181617,0.161374165394001,-7.57900711034765e-06,-0.00888584360796221
re,R_real,3231.49606299213,lambda_prime,1024,0.00406011277600649,0.00612199847148321,-0.0650588594577537,0.0658140116647246,0.00533100450205624,0.00721956345906346,0.00444073216374408,0.00635598344653789,0.000380619387737591,0.000233984975054681
re,R_real,3231.49606299213,k0_prime,1024,0.0379045319107116,0.0466099590919872,-0.036258647502075,0.0901167647463745,0.0388274975713285,0.0544957219913493,0.0407979071160207,0.0498603287493852,0.00289337520530908,0.00325036965739802
re,R_real,3269.68503937008,sigma,1024,0.145820344277234,0.459016072266147,0.0404167183138671,0.249914119258524,0.399881346300725,0.522403055710734,0.15101622984315,0.457189934991953,0.00519588556591544,-0.00182613727419328
re,R_real,3269.68503937008,alpha_infinity,1024,0.394394852898267,0.702735839470746,0.322163591403393,0.458276981230645,0.619552561505555,0.814561267517433,0.39818679914285,0.706973425192248,0.00379194624458268,0.00423758572150235
re,R_real,3269.68503937008,lambda,1024,0.0721222144230171,0.168531413932809,-0.0207801403131307,0.134662765623999,0.133626880746599,0.210240725038446,0.0751562901493127,0.157540750063972,0.00303407572629555,-0.0109906638688375
re,R_real,3269.68503937008,lambda_prime,1024,0.00455581086629264,0.00686884599441397,-0.0665407114598189,0.0658609799167515,0.0059587687326968,0.00807177624792418,0.00796847789913158,0.00723219912451205,0.00341266703283893,0.000363353130098075
re,R_real,3269.68503937008,k0_prime,1024,0.0429428345560263,0.0517186993472434,-0.03045783515496,0.0931866487943446,0.0434087601099077,0.0605988849308582,0.0476874468945678,0.0554002267501322,0.00474461233854151,0.00368152740288876
re,R_real,3307.87401574803,sigma,1024,0.139498447909637,0.448016140725521,0.0353679241477193,0.245847293276068,0.391383103582344,0.511645921901707,0.140015055168741,0.447133348537407,0.000516607259104407,-0.000882792188114268
re,R_real,3307.87401574803,alpha_infinity,1024,0.399871091142912,0.711031506950579,0.327878413761079,0.461204221058118,0.624017452169253,0.824857348984586,0.40104096185776,0.718802664708279,0.00116987071484809,0.00777115775770043
re,R_real,3307.87401574803,lambda,1024,0.0690108783120713,0.166769501885944,-0.0228815995334459,0.132159546773598,0.132410373991911,0.207609035747852,0.071901021072155,0.157649994582713,0.0028901427600837,-0.00911950730323113
re,R_real,3307.87401574803,lambda_prime,1024,0.00508789525752162,0.00771488332920402,-0.0676773376149098,0.067930300198772,0.00667513300740769,0.00906926474677295,0.00523781556709835,0.00791818847164941,0.000149920309576723,0.000203305142445389
re,R_real,3307.87401574803,k0_prime,1024,0.0484095018647432,0.0572959493656071,-0.0238333786814522,0.0964790325727654,0.0483343997762562,0.0674138667881375,0.052958427782836,0.0605948806251467,0.00454892591809275,0.00329893125953951
re,R_real,3346.06299212598,sigma,1024,0.134964151244292,0.438068407278753,0.0322600469704072,0.243452501943745,0.38403388695178,0.501143029333839,0.137038484533284,0.436570305109525,0.00207433328899187,-0.00149810216922758
re,R_real,3346.06299212598,alpha_infinity,1024,0.403935874389361,0.717098061610344,0.331942583795873,0.462702963492931,0.630882960686471,0.832814656345917,0.404391674374434,0.721979956206548,0.000455799985072169,0.00488189459620358
re,R_real,3346.06299212598,lambda,1024,0.0656509795782698,0.165030237720284,-0.0253094966608653,0.128494235077026,0.129765227748335,0.20530108782661,0.0691803003093957,0.15727967276402,0.00352932073112588,-0.00775056495626392
re,R_real,3346.06299212598,lambda_prime,1024,0.00565342937022861,0.00867053628030341,-0.0684646009231271,0.0704103637328839,0.00748539409574784,0.010174004441452,0.00694087924068632,0.00902395305299317,0.0012874498704577,0.000353416772689763
re,R_real,3346.06299212598,k0_prime,1024,0.0543139245099667,0.0633624207974059,-0.0163583224256314,0.100254464636356,0.053566269836871,0.0748182444571606,0.058790692910006,0.0659784764410986,0.0044767684000393,0.00261605564369265
re,R_real,3384.25196850394,sigma,1024,0.13213702203614,0.429206186319482,0.0309995521365971,0.242620980199948,0.377852220777852,0.489019564475572,0.134891677530976,0.426804618144754,0.002754655494836,-0.00240156817472725
re,R_real,3384.25196850394,alpha_infinity,1024,0.406530330197079,0.720872837674441,0.334599456040745,0.462729281444371,0.63282225363662,0.838371665817718,0.408574801091441,0.727307116921505,0.00204447089436255,0.00643427924706463
re,R_real,3384.25196850394,lambda,1024,0.0620777106346206,0.163369285718607,-0.0277969996637759,0.124608229365205,0.126313127591347,0.204843179033948,0.064354289504675,0.154449133089684,0.00227657887005439,-0.0089201526289229
re,R_real,3384.25196850394,lambda_prime,1024,0.00624912132759348,0.00974681528380949,-0.0689019659871999,0.0715551380326253,0.00839872214464137,0.0114071817807731,0.00638186345576341,0.00973410508576399,0.000132742128169938,-1.27101980455027e-05
re,R_real,3384.25196850394,k0_prime,1024,0.0606628955758964,0.0699369933970256,-0.00801065534364764,0.104776031976657,0.0586384009401366,0.0823826861536089,0.0651677179863125,0.0729873263264455,0.00450482241041605,0.00305033292941992
re,R_real,3422.44094488189,sigma,1024,0.130914507205857,0.421454696879546,0.0314727009171633,0.243220368029956,0.371602451807653,0.47957546760484,0.132192687240697,0.419448842292065,0.00127818003484004,-0.00200585458748104
re,R_real,3422.44094488189,alpha_infinity,1024,0.407607031908792,0.722312661541727,0.335793149990542,0.461247081610609,0.628897620535067,0.841482138920276,0.411549406038064,0.729467473352665,0.00394237412927245,0.00715481181093802
re,R_real,3422.44094488189,lambda,1024,0.0583289237890312,0.161840867923575,-0.0302835545819797,0.120549916698701,0.123105838625208,0.204572669664577,0.0599785176696896,0.152725796875962,0.00164959388065844,-0.00911507104761325
re,R_real,3422.44094488189,lambda_prime,1024,0.00687138326355718,0.0109552769624215,-0.0689922824109832,0.0724948702452421,0.00942460755518705,0.0127835234982678,0.00717721980257258,0.0109278135038933,0.000305836539015392,-2.74634585282936e-05
re,R_real,3422.44094488189,k0_prime,1024,0.0674601217184887,0.0770363092880788,0.00122550403560462,0.109425517386742,0.064157076333338,0.0905750180713395,0.0738434276835025,0.0806294148118416,0.0063833059650138,0.00359310552376271
re,R_real,3460.62992125984,sigma,1024,0.131173648364432,0.414831727430139,0.0335468232221717,0.245096958658007,0.366396504199523,0.47084096189781,0.132352761651852,0.413206318526521,0.00117911328742026,-0.00162540890361784
re,R_real,3460.62992125984,alpha_infinity,1024,0.407130239302901,0.721394495038784,0.335479927898873,0.460094177716175,0.624133120058714,0.842114915158158,0.410047435375028,0.727151486184465,0.00291719607212615,0.00575699114568073
re,R_real,3460.62992125984,lambda,1024,0.0544444503562498,0.16049659883541,-0.0327047305333563,0.116367893980251,0.121123537675983,0.204527773340757,0.0588373155080453,0.149948599922054,0.00439286515179549,-0.010547998913356
re,R_real,3460.62992125984,lambda_prime,1024,0.00751640956907473,0.0123079644750126,-0.0687414706794436,0.073224871620728,0.0105950528444987,0.0143150663126867,0.00915903915562866,0.0123590948795225,0.00164262958655392,5.11304045098769e-05
re,R_real,3460.62992125984,k0_prime,1024,0.0747056571090504,0.084674312871346,0.0113585494691292,0.115492290013556,0.0700459336317856,0.0993907634538034,0.0816100214794925,0.086714001844508,0.00690436437044206,0.00203968897316202
re,R_real,3498.8188976378,sigma,1024,0.132773140837495,0.409348483996902,0.0370717606624508,0.247820649416026,0.36603902457517,0.462832541535909,0.133619309323557,0.407683686066123,0.000846168486062226,-0.00166479793077923
re,R_real,3498.8188976378,alpha_infinity,1024,0.405075976826961,0.718116004006634,0.333628867988667,0.4584456003852,0.619787495517344,0.840253746052803,0.410340357167448,0.726348205696614,0.0052643803404866,0.00823220168997985
re,R_real,3498.8188976378,lambda,1024,0.050465365383743,0.159384309253622,-0.0349934126904223,0.114558336603124,0.121096746207359,0.204740208754416,0.0538617999995568,0.149543483471314,0.00339643461581374,-0.00984082578230874
re,R_real,3498.8188976378,lambda_prime,1024,0.00818027779305497,0.0138173193329688,-0.0681581140554561,0.0732467231286635,0.0119191025532135,0.0160405441534388,0.00925078941128454,0.0140244907202547,0.00107051161822957,0.000207171387285904
re,R_real,3498.8188976378,k0_prime,1024,0.0823952475521728,0.0928617202277446,0.0222649997218315,0.122397123431281,0.0763722447059641,0.109073625826539,0.0895016037373965,0.09405574653548,0.00710635618522371,0.00119402630773535
re,R_real,3537.00787401575,sigma,1024,0.135555701376639,0.40501058785771,0.0418814682806495,0.244903714847491,0.364077065671487,0.455618920161441,0.138370811189816,0.403396032966123,0.00281510981317779,-0.00161455489158691
re,R_real,3537.00787401575,alpha_infinity,1024,0.401431980370406,0.71249611619945,0.330222462763755,0.455301925583708,0.613761499137034,0.835897257716383,0.403936238687999,0.715632803988252,0.00250425831759271,0.00313668778880194
re,R_real,3537.00787401575,lambda,1024,0.0464332125397264,0.158546869075191,-0.0370810876794623,0.111602360286256,0.12163885160583,0.205233856306383,0.0518598272901825,0.148708675649753,0.00542661475045603,-0.00983819342543871
re,R_real,3537.00787401575,lambda_prime,1024,0.00885907626433358,0.0154960551703362,-0.0672529602979206,0.0726363669578376,0.0133915566499701,0.0180035979816538,0.0114465487304696,0.0155313622170592,0.002587472466136,3.53070467229849e-05
re,R_real,3537.00787401575,k0_prime,1024,0.0905195706230371,0.101605397672616,0.0303490306298679,0.129451908621782,0.0831595818530812,0.119194820493637,0.0986380274823724,0.102184355870553,0.00811845685933532,0.000578958197936796
re,R_real,3575.1968503937,sigma,1024,0.139350717150767,0.40181918384961,0.0477957735758106,0.242670000993325,0.361726871968992,0.451610649888021,0.140118316198384,0.399308416388934,0.000767599047616807,-0.00251076746067613
re,R_real,3575.1968503937,alpha_infinity,1024,0.396197552622128,0.70457563824564,0.325257164535458,0.450667479878508,0.606112175800944,0.829059135692361,0.400131656599172,0.710018488581566,0.00393410397704408,0.00544285033592584
re,R_real,3575.1968503937,lambda,1024,0.0423892049014003,0.158021016064245,-0.0388991964550292,0.107024615972379,0.119285049444028,0.206023382412089,0.0458741362653273,0.148571123417725,0.00348493136392702,-0.00944989264652021
re,R_real,3575.1968503937,lambda_prime,1024,0.00954906265060973,0.0173569813402763,-0.066038336924753,0.0717499444510337,0.0150222372002593,0.0201675393434701,0.0118717430594578,0.0172265880269448,0.00232268040884809,-0.000130393313331506
re,R_real,3575.1968503937,k0_prime,1024,0.0990633564397728,0.110907624512255,0.0387986342687161,0.139161945592522,0.0904322680803911,0.130236956885328,0.107993677500072,0.113321967808199,0.0089303210602989,0.00241434329594374
re,R_real,3613.38582677165,sigma,1024,0.143977160001662,0.399772114982049,0.0546223054541005,0.241005176517503,0.359918657475117,0.448329062181901,0.144345397769824,0.395797353606385,0.000368237768161639,-0.0039747613756641
re,R_real,3613.38582677165,alpha_infinity,1024,0.389383376221112,0.694418003999266,0.318743904598659,0.444553856534255,0.59690978882113,0.819768632819425,0.392447684212785,0.69908477428371,0.00306430799167379,0.00466677028444362
re,R_real,3613.38582677165,lambda,1024,0.0383734185543292,0.157836195553328,-0.0407918201587032,0.104937328933219,0.117374967035031,0.204144829100427,0.0418393128430923,0.148076072232309,0.00346589428876309,-0.0097601233210193
re,R_real,3613.38582677165,lambda_prime,1024,0.0102468575051011,0.0194127611779117,-0.0645274836068932,0.0706050109967639,0.016820247624677,0.0225432323331231,0.0118241718828703,0.0191203966339307,0.0015773143777692,-0.000292364543980978
re,R_real,3613.38582677165,k0_prime,1024,0.108004373283277,0.120765210313534,0.0475871704619655,0.148894462166346,0.0983739721720887,0.142149746439238,0.116172361910996,0.122551760184532,0.00816798862771806,0.00178654987099784
re,R_real,3651.57480314961,sigma,1024,0.149246764959616,0.398865113035051,0.0600181414276423,0.241625332762631,0.357403462447221,0.445633143055504,0.14997612887747,0.396276961230259,0.000729363917853276,-0.00258815180479216
re,R_real,3651.57480314961,alpha_infinity,1024,0.381011343040716,0.682110224802361,0.310708615991707,0.436979148207339,0.586238572096187,0.80807150807833,0.383410520752365,0.685732827686713,0.00239917771164833,0.00362260288435179
re,R_real,3651.57480314961,lambda,1024,0.0344239971508781,0.158013415445222,-0.0438556783103734,0.102556329355732,0.11655424686271,0.202287542772384,0.0377534886757187,0.148490924003535,0.00332949152484063,-0.0095224914416871
re,R_real,3651.57480314961,lambda_prime,1024,0.0109496762181402,0.0216755864046661,-0.0631616875663563,0.070343991952917,0.0187936099996814,0.0251402990094658,0.0142555028893496,0.0212519019451079,0.00330582667120938,-0.000423684459558187
re,R_real,3651.57480314961,k0_prime,1024,0.117312263503043,0.131168432660696,0.0566830675065093,0.158621744051182,0.106803376114109,0.156065916918903,0.126153785472939,0.131840471954169,0.00884152196989596,0.000672039293472759
re,R_real,3689.76377952756,sigma,1024,0.154967489965061,0.399092947458963,0.0643287033718243,0.239118686752885,0.360152466650669,0.443520931944021,0.153968640800066,0.396584434225208,-0.000998849164995375,-0.00250851323375501
re,R_real,3689.76377952756,alpha_infinity,1024,0.371114466679167,0.667764104110249,0.301192791628498,0.427967265016076,0.574197863527056,0.79376048317087,0.375864558340768,0.671434770167083,0.00475009166160056,0.00367066605683353
re,R_real,3689.76377952756,lambda,1024,0.0305763869706143,0.158564122666036,-0.0470265375215559,0.0998794768423324,0.119213774895641,0.200780591491148,0.0347876037538385,0.150512525888112,0.00421121678322423,-0.00805159677792441
re,R_real,3689.76377952756,lambda_prime,1024,0.0116556014817385,0.0241567456629683,-0.0606700524919455,0.0696796898956958,0.0209488365747783,0.0279984346707396,0.0149263197796529,0.0233071240890624,0.00327071829791437,-0.000849621573905848
re,R_real,3689.76377952756,k0_prime,1024,0.126947219190929,0.142099758371913,0.0660490717232129,0.166740090872054,0.115666877642205,0.168808080940046,0.137222646561396,0.142882288734609,0.0102754273704674,0.000782530362696182
re,R_real,3727.95275590551,sigma,1024,0.160947293420877,0.400450465569111,0.06914888539451,0.242612411372219,0.363178742995753,0.442860408095599,0.159944331978381,0.395606188752668,-0.00100296144249545,-0.00484427681644301
re,R_real,3727.95275590551,alpha_infinity,1024,0.359736952757962,0.651517761817823,0.290254108473659,0.417904867487352,0.557692443721948,0.774762694328456,0.363377957286763,0.655236799157211,0.00364100452880112,0.00371903733938861
re,R_real,3727.95275590551,lambda,1024,0.0268626236901217,0.159489112499453,-0.0502864730507593,0.0969000741856824,0.11871436593611,0.203624769393976,0.0303328725903246,0.15296390706514,0.00347024890020287,-0.00652520543431304
re,R_real,3727.95275590551,lambda_prime,1024,0.0123638961174229,0.0268660619748223,-0.0596169335026586,0.068603669821106,0.023348065541755,0.0313873895282983,0.0148416146301592,0.0269582759561924,0.00247771851273626,9.22139813701109e-05
re,R_real,3727.95275590551,k0_prime,1024,0.136858495630697,0.153532310970169,0.0760231676017754,0.17647059541385,0.124942084116145,0.182007803823544,0.148711681980659,0.153990769243869,0.0118531863499621,0.000458458273700307
re,R_real,3766.14173228346,sigma,1024,0.166998285546203,0.402933445307402,0.07564619306133,0.249678789082507,0.366306144271324,0.444147928465563,0.165518739831308,0.396788346794906,-0.00147954571489506,-0.00614509851249584
re,R_real,3766.14173228346,alpha_infinity,1024,0.34693450651189,0.633537483596944,0.278381848883922,0.405753840229449,0.539753455918761,0.753382523156251,0.349864125794047,0.635771751376119,0.00292961928215696,0.00223426777917546
re,R_real,3766.14173228346,lambda,1024,0.023310694127827,0.160777492346782,-0.054530553878438,0.093606702048411,0.118734995711144,0.207570703296586,0.0262683332692983,0.153542748709155,0.00295763914147129,-0.00723474363762627
re,R_real,3766.14173228346,lambda_prime,1024,0.0130753525646392,0.029811171726572,-0.0567797426196195,0.0671113833030814,0.02582030527973,0.0346910019755412,0.0165681448005603,0.0289311545407245,0.00349279223592114,-0.000880017185847428
re,R_real,3766.14173228346,k0_prime,1024,0.146982775747727,0.165428052077005,0.0866563130210345,0.186728769840821,0.1349054520707,0.195597248839458,0.15849782666895,0.165135217150527,0.011515050921223,-0.00029283492647833
re,R_real,3804.33070866142,sigma,1024,0.172941325159776,0.406539167694661,0.0813226321405638,0.252460986568313,0.370574204494288,0.448188422080748,0.169954349182676,0.400794929982883,-0.00298697597710007,-0.00574423771177729
re,R_real,3804.33070866142,alpha_infinity,1024,0.332774957062638,0.614019862628261,0.267719789191984,0.392625912031151,0.521433509637886,0.729583350954322,0.335278941530889,0.615497481212777,0.00250398446825029,0.00147761858451623
re,R_real,3804.33070866142,lambda,1024,0.0199439987949368,0.162405737890284,-0.0582826112057249,0.089983397262412,0.119296640288178,0.211591736557572,0.0228527296933042,0.156806141695383,0.00290873089836741,-0.00559959619490036
re,R_real,3804.33070866142,lambda_prime,1024,0.0137926700643254,0.0329966177329814,-0.0539591536177697,0.0664197226731007,0.0285371400412022,0.0382574241457837,0.0170439008771599,0.0318000831296844,0.00325123081283452,-0.00119653460329699
re,R_real,3804.33070866142,k0_prime,1024,0.157242423430499,0.177735657465173,0.0972728292693003,0.19741541259321,0.145554178599131,0.209672155394399,0.171523116642066,0.178860569801804,0.0142806932115678,0.00112491233663123
re,R_real,3842.51968503937,sigma,1024,0.178611140304751,0.411266600244672,0.0882084909897085,0.258192768218071,0.373784073792639,0.453417242201443,0.175449994680806,0.405950434138914,-0.00316114562394476,-0.00531616610575819
re,R_real,3842.51968503937,alpha_infinity,1024,0.317339269253626,0.593194129448365,0.255892330126632,0.377617111757409,0.503009195525743,0.70154628962182,0.321455346011055,0.59479487919913,0.00411607675742931,0.00160074975076518
re,R_real,3842.51968503937,lambda,1024,0.0167809442070371,0.1643369038184,-0.0614924428992421,0.0860102634020282,0.120686955223874,0.215570645461766,0.0189958388457641,0.156586082410118,0.00221489463872693,-0.00775082140828243
re,R_real,3842.51968503937,lambda_prime,1024,0.0145208431547978,0.0364227327192814,-0.0511700847418748,0.0673957078348498,0.0314356438055215,0.0421470507335429,0.017746562895235,0.0352397444959866,0.00322571974043717,-0.00118298822329476
re,R_real,3842.51968503937,k0_prime,1024,0.167543700769889,0.190388093912685,0.107793424959612,0.20940479417988,0.156803297640812,0.224469784162916,0.180350326135153,0.192363667216453,0.0128066253652638,0.0019755733037683
re,R_real,3880.70866141732,sigma,1024,0.183862041499508,0.417116067013366,0.0954614510505249,0.262886656965003,0.376896782368021,0.459754419977408,0.182666344134412,0.410407344815166,-0.00119569736509584,-0.00670872219819929
re,R_real,3880.70866141732,alpha_infinity,1024,0.300722992254466,0.571324464370489,0.240749213373442,0.362554278262647,0.484785500213837,0.674889380833469,0.304977666075387,0.568739143873146,0.00425467382092093,-0.00258532049734261
re,R_real,3880.70866141732,lambda,1024,0.0138346974822312,0.166520084175755,-0.0637374538970961,0.0816646096454297,0.124232859932116,0.21937145339816,0.0146187313779866,0.159907949439465,0.000784033895755432,-0.00661213473628991
re,R_real,3880.70866141732,lambda_prime,1024,0.0152675351373359,0.0400842995261472,-0.050348614834447,0.0678139033430931,0.0345057714684313,0.0463167828299632,0.0173744763043941,0.0381394118072747,0.00210694116705823,-0.00194488771887246
re,R_real,3880.70866141732,k0_prime,1024,0.177775076940954,0.203299945772918,0.11812908831731,0.222152536041587,0.168363362304422,0.240174771787927,0.192508192018277,0.207464751868735,0.0147331150773231,0.00416480609581621
re,R_real,3918.89763779528,sigma,1024,0.188574260171538,0.424088269430581,0.102973356477032,0.266375185627188,0.381237717979622,0.464714397038989,0.183584715062889,0.416581298021355,-0.00498954510864957,-0.00750697140922607
re,R_real,3918.89763779528,alpha_infinity,1024,0.283038153380315,0.548711951909949,0.218607246726285,0.345723524436535,0.463117807919704,0.649147063736384,0.287396462776271,0.548732407295147,0.00435830939595649,2.0455385198237e-05
re,R_real,3918.89763779528,lambda,1024,0.0111131393499372,0.168890258836825,-0.0670413747369092,0.0769227148850904,0.128353042270345,0.222670426998595,0.0117597361855138,0.160526031800399,0.000646596835576663,-0.00836422703642573
re,R_real,3918.89763779528,lambda_prime,1024,0.0160433975117666,0.043968993476319,-0.049401748037704,0.0676420062536385,0.0377318969957553,0.0507066223547306,0.020346647700987,0.0418039061157239,0.0043032501892204,-0.0021650873605951
re,R_real,3918.89763779528,k0_prime,1024,0.187805826531324,0.216364605669818,0.128179438842063,0.234516147837009,0.17822693279665,0.256659778068634,0.202065626535811,0.21986359298422,0.0142598000044868,0.0034989873144026
re,R_real,3957.08661417323,sigma,1024,0.192660869501879,0.432182520946087,0.109155890144526,0.269921881431096,0.38686911580466,0.471672455455153,0.189773755649674,0.42352370839211,-0.00288711385220453,-0.00865881255397721
re,R_real,3957.08661417323,alpha_infinity,1024,0.264415539143459,0.525695668435148,0.201156756801781,0.327906503061495,0.44044146085558,0.620115274458698,0.270418276404093,0.527662356292376,0.00600273726063372,0.00196668785722787
re,R_real,3957.08661417323,lambda,1024,0.00861905438375898,0.171368710114665,-0.0680880160374366,0.0717623026896692,0.132977460146395,0.224367173680527,0.00865419868057105,0.164930889140888,3.51442968120619e-05,-0.00643782097377668
re,R_real,3957.08661417323,lambda_prime,1024,0.016862281392671,0.0480556440133297,-0.047910036298294,0.0668122627588525,0.0410919901028205,0.0552808967109022,0.0200332062281694,0.0459949513567597,0.00317092483549841,-0.00206069265656996
re,R_real,3957.08661417323,k0_prime,1024,0.197485201763241,0.22945153634733,0.136063847622172,0.246273349450417,0.188089404427355,0.273286276701323,0.210720174629391,0.231796728228489,0.0132349728661496,0.00234519188115892
re,R_real,3995.27559055118,sigma,1024,0.196075117270028,0.441394077151503,0.111972886692466,0.274686662719887,0.393851980043713,0.483804570576444,0.191708285228458,0.431163606106125,-0.00436683204156973,-0.0102304710453786
re,R_real,3995.27559055118,alpha_infinity,1024,0.245007207710343,0.502652202857064,0.183379568448912,0.309910949663568,0.420708384931019,0.596401435204192,0.249568854842705,0.499380250758731,0.00456164713236207,-0.0032719520983327
re,R_real,3995.27559055118,lambda,1024,0.00635059737562049,0.173864240896621,-0.0732601451713806,0.0664443347729602,0.13801550846823,0.225647470733164,0.00596003912594922,0.167989606627707,-0.000390558249671269,-0.00587463426891457
re,R_real,3995.27559055118,lambda_prime,1024,0.0177412709012426,0.0523123999939214,-0.0458456346354339,0.0668450906821133,0.0445568562651451,0.0599894207039884,0.0205655531326818,0.0497284975640759,0.00282428223143927,-0.00258390242984546
re,R_real,3995.27559055118,k0_prime,1024,0.206642560209341,0.242403931531158,0.143873706325694,0.257313771655618,0.197848467553822,0.289882084061311,0.22398497645981,0.249200239517586,0.0173424162504695,0.00679630798642725
re,R_real,4033.46456692913,sigma,1024,0.19881781015099,0.451710493570866,0.11489520858902,0.277623185324226,0.405171817161649,0.496762491546996,0.191588835127517,0.442502742255725,-0.00722897502347353,-0.00920775131514073
re,R_real,4033.46456692913,alpha_infinity,1024,0.224988945497691,0.479992721083813,0.16441312037409,0.290450204438536,0.399632374544379,0.572619138949078,0.22817249059858,0.476420835979687,0.00318354510088936,-0.00357188510412598
re,R_real,4033.46456692913,lambda,1024,0.00430206970125824,0.176275461315883,-0.0760502935418728,0.064508119030569,0.140238267945111,0.226150632154564,0.00227568506026765,0.169222176959688,-0.00202638464099059,-0.00705328435619565
re,R_real,4033.46456692913,lambda_prime,1024,0.0187004542545418,0.056694947286961,-0.0431892872209756,0.0706305027640769,0.0480895248104456,0.0649875470151464,0.0212277960937127,0.0535363464615672,0.00252734183917092,-0.00315860082539381
re,R_real,4033.46456692913,k0_prime,1024,0.215088922802088,0.255037246759692,0.152192540426664,0.266952871329511,0.207709831382228,0.306232376235435,0.231294552424321,0.262137969502304,0.0162056296222334,0.00710072274261159
re,R_real,4071.65354330709,sigma,1024,0.200944135699291,0.463107039164219,0.11804248254642,0.283156097680938,0.418519261333655,0.510471611062555,0.198227030237071,0.451432276542478,-0.00271710546222059,-0.0116747626217412
re,R_real,4071.65354330709,alpha_infinity,1024,0.204562221326959,0.458156545669606,0.145427968276076,0.270397597861089,0.379789684991984,0.548277823292834,0.208096509349168,0.451332523186364,0.0035342880222099,-0.00682402248324221
re,R_real,4071.65354330709,lambda,1024,0.00246502583723596,0.17849441650972,-0.0785284324633528,0.0673173261990546,0.141665445643901,0.226418885620006,-0.000408644770064859,0.170288012300884,-0.00287367060730082,-0.00820640420883664
re,R_real,4071.65354330709,lambda_prime,1024,0.0197623404572885,0.061145006180185,-0.0430930591292051,0.0739824949850473,0.0516448948243605,0.0701897348829479,0.0213501301778067,0.0567910909435895,0.00158778972051821,-0.0043539152365955
re,R_real,4071.65354330709,k0_prime,1024,0.222620500090146,0.267139218670316,0.160207285907736,0.275318162130924,0.217734532057498,0.319263956536924,0.239567212245001,0.278134180351648,0.0169467121548547,0.0109949616813329
re,R_real,4109.84251968504,sigma,1024,0.202569010607537,0.475541345620105,0.121574662059405,0.279893506970258,0.431327406213786,0.523688500664836,0.19596946520081,0.462792567101123,-0.00659954540672647,-0.0127487785189814
re,R_real,4109.84251968504,alpha_infinity,1024,0.183955023590633,0.437600205734226,0.124092663653146,0.255622374971407,0.361615941390884,0.52383555576652,0.187150950053422,0.43054991874739,0.00319592646278832,-0.00705028698683635
re,R_real,4109.84251968504,lambda,1024,0.000829704049611468,0.180411778807256,-0.080608615014955,0.0633329873748456,0.142384078773615,0.225771404740505,-0.00193520880866371,0.17250141261959,-0.00276491285827518,-0.00791036618766669
re,R_real,4109.84251968504,lambda_prime,1024,0.0209508349580552,0.0655894204257494,-0.0446049127166115,0.0765457688694849,0.0551907282447206,0.0754168221287164,0.0221443965500154,0.0620719346526983,0.00119356159196027,-0.0035174857730511
re,R_real,4109.84251968504,k0_prime,1024,0.229024718466612,0.278472108473102,0.166969370189219,0.282161309834447,0.227209115808882,0.331147607055521,0.24704779566628,0.292973953490563,0.0180230771996687,0.0145018450174603
re,R_real,4148.03149606299,sigma,1024,0.203869750643628,0.488947682277965,0.120311387752741,0.281838114558904,0.443206770444426,0.538330188207252,0.196159226559382,0.477945418612534,-0.007710524084246,-0.0110022636654308
re,R_real,4148.03149606299,alpha_infinity,1024,0.163420827373992,0.41878111349797,0.102187098301889,0.240543724526757,0.345539814313521,0.501121967568954,0.168229129472981,0.411120301568274,0.00480830209898864,-0.0076608119296957
re,R_real,4148.03149606299,lambda,1024,-0.000613266318895578,0.181923696297363,-0.0821976125871045,0.0595725486606843,0.144970506350552,0.225578626417102,-0.00349990324410432,0.17330617118742,-0.00288663692520874,-0.00861752510994337
re,R_real,4148.03149606299,lambda_prime,1024,0.0222897146217467,0.0699402209794361,-0.0434120072847812,0.077514257375408,0.058706856712819,0.0806165567833924,0.0232002453927718,0.0652907035548344,0.000910530771025098,-0.00464951742460171
re,R_real,4148.03149606299,k0_prime,1024,0.234089152701714,0.288777938223302,0.171999439634476,0.291834991125701,0.235936270375874,0.34557285691923,0.25051702010519,0.30328427735051,0.0164278674034763,0.0145063391272079
re,R_real,4186.22047244094,sigma,1024,0.205084655941337,0.503231497005604,0.118812639619203,0.282436809486907,0.456427731752865,0.555185971778344,0.197286626418723,0.487434445235226,-0.00779802952261377,-0.0157970517703784
re,R_real,4186.22047244094,alpha_infinity,1024,0.14323488827164,0.402135539938117,0.0789571507869025,0.222412552865659,0.331964478611659,0.481888922159729,0.145661789484387,0.390046758914873,0.00242690121274625,-0.0120887810232441
re,R_real,4186.22047244094,lambda,1024,-0.0018709857050232,0.182940154646712,-0.0804626227379415,0.0560559869378904,0.148614956567808,0.227910958988062,-0.00750480464544667,0.175124845889173,-0.00563381894042347,-0.00781530875753847
re,R_real,4186.22047244094,lambda_prime,1024,0.023800598552644,0.0740960763752258,-0.0376894077608585,0.0799977217785991,0.0622099849787869,0.0856892316084485,0.0229871962776775,0.0681736385540733,-0.000813402274966513,-0.00592243782115247
re,R_real,4186.22047244094,k0_prime,1024,0.237613477091438,0.297787367851303,0.171471724091134,0.299324220369563,0.243704806367466,0.357525404950674,0.258736564309425,0.319061981819861,0.0211230872179877,0.0212746139685578
re,R_real,4224.4094488189,sigma,1024,0.206506116653955,0.51826510981458,0.119512149497704,0.281431204643487,0.470957968104759,0.570900527618704,0.197987182678693,0.501593556423022,-0.0085189339752626,-0.0166715533915575
re,R_real,4224.4094488189,alpha_infinity,1024,0.123687170631041,0.388051453871721,0.0555777012203456,0.20486357673555,0.324285356736384,0.460340528044703,0.127081578981386,0.376117983024304,0.00339440835034499,-0.0119334708474169
re,R_real,4224.4094488189,lambda,1024,-0.00294640540016577,0.183394369067246,-0.0761515285416401,0.0527975028625848,0.151455630517524,0.229649724661822,-0.00609774677883168,0.173400219699907,-0.00315134137866591,-0.00999414936733869
re,R_real,4224.4094488189,lambda_prime,1024,0.0255004999452365,0.0779454914017565,-0.0311552664539676,0.0801847522227439,0.0655862609015786,0.0905750462606596,0.0265368300620304,0.0727679428348987,0.00103633011679394,-0.0051775485668577
re,R_real,4224.4094488189,k0_prime,1024,0.239424057074908,0.305232518619852,0.169289826825864,0.304388285642644,0.248425610207733,0.361334120063502,0.260990178898099,0.330746452689264,0.0215661218231905,0.0255139340694125
re,R_real,4262.59842519685,sigma,1024,0.20846719987819,0.53388561255191,0.121090520669949,0.2807702169025,0.482960504191467,0.587129151284352,0.199697586836331,0.517382944662601,-0.00876961304185908,-0.0165026678893089
re,R_real,4262.59842519685,alpha_infinity,1024,0.105071556771263,0.376838023357422,0.0373858546786831,0.188908445354333,0.318034868997387,0.443664362578186,0.106138270755671,0.363304307862736,0.00106671398440739,-0.0135337154946858
re,R_real,4262.59842519685,lambda,1024,-0.00383668520688185,0.18325231495763,-0.0819513167261434,0.0516176853398167,0.151735697493579,0.23021651166157,-0.0089235772853391,0.174450754546557,-0.00508689207845725,-0.00880156041107349
re,R_real,4262.59842519685,lambda_prime,1024,0.0273991590323848,0.0813719517686883,-0.0295500004146987,0.0799654933930292,0.0684509106852421,0.0956151508417895,0.0265596963230867,0.0764607099560137,-0.000839462709298022,-0.00491124181267466
re,R_real,4262.59842519685,k0_prime,1024,0.239390140353457,0.310863448538762,0.168104015759923,0.306849148020156,0.251681812329718,0.367831483753234,0.259581859436379,0.33650444359653,0.0201917190829226,0.0256409950577677
re,R_real,4300.7874015748,sigma,1024,0.211321468835059,0.549896017871249,0.119939364725846,0.280638138047689,0.500344375510275,0.603919850127904,0.203061496530162,0.533766560120088,-0.0082599723048975,-0.0161294577511606
re,R_real,4300.7874015748,alpha_infinity,1024,0.0876715758847444,0.368694971859285,0.0183745293469434,0.172702739894117,0.30938547072575,0.439688278920646,0.0890777473972673,0.356276149925329,0.00140617151252287,-0.0124188219339564
re,R_real,4300.7874015748,lambda,1024,-0.0045320641729536,0.182521115725422,-0.081766157491528,0.0530846824703104,0.150632635307958,0.228594148684317,-0.010370743771803,0.172236908035331,-0.00583867959884943,-0.0102842076900913
re,R_real,4300.7874015748,lambda_prime,1024,0.0294964781348079,0.0842609198690277,-0.0286567742898174,0.0826121680070745,0.0704399968052661,0.100197873547345,0.0264057068138857,0.0784512882833071,-0.00309077132092228,-0.00580963158572068
re,R_real,4300.7874015748,k0_prime,1024,0.237439876486372,0.314467163906317,0.171335728996782,0.306609155146364,0.254358655556706,0.377748507820305,0.257368531126408,0.345845854105783,0.0199286546400356,0.0313786901994655
re,R_real,4338.97637795276,sigma,1024,0.215416986534021,0.566070426023221,0.128765653030436,0.280746976075659,0.518757046161491,0.620025190818954,0.206555678823416,0.549985738955154,-0.008861307710605,-0.0160846870680668
re,R_real,4338.97637795276,alpha_infinity,1024,0.0717436806387943,0.363686177764208,-0.000309976173942239,0.156409521971154,0.308469301383085,0.439487324687134,0.071958818289777,0.348687811546473,0.000215137650982689,-0.0149983662177349
re,R_real,4338.97637795276,lambda,1024,-0.00501551203736339,0.181254767058636,-0.0795856288724079,0.0539752761608836,0.148219637820157,0.225399182763713,-0.0115876953039731,0.170761389077129,-0.00657218326660969,-0.0104933779815065
re,R_real,4338.97637795276,lambda_prime,1024,0.0317804720397149,0.0865081909868594,-0.0226751462069346,0.0899531911200467,0.0724953356115931,0.10393070300839,0.0270968902172303,0.0796371103666968,-0.00468358182248463,-0.00687108062016262
re,R_real,4338.97637795276,k0_prime,1024,0.23357379141276,0.315887152417087,0.171104893809164,0.301501900051862,0.254128865192232,0.385030306932759,0.255613819653599,0.350341056664775,0.0220400282408392,0.0344539042476881
re,R_real,4377.16535433071,sigma,1024,0.221066872856763,0.582163406560296,0.140817314585571,0.28733981730134,0.531467290822264,0.635498296227866,0.212626059522708,0.567627889892597,-0.00844081333405533,-0.0145355166676998
re,R_real,4377.16535433071,alpha_infinity,1024,0.0574999229910736,0.361722433640413,-0.0181131935958294,0.140218471485574,0.303389822594484,0.441250966661732,0.057394703813941,0.346174595728121,-0.000105219177132687,-0.0155478379122921
re,R_real,4377.16535433071,lambda,1024,-0.00526335183553006,0.179555733388954,-0.0732322885167924,0.054329013581585,0.146216766653581,0.220801574071652,-0.0107382846236643,0.166871639356373,-0.00547493278813427,-0.0126840940325816
re,R_real,4377.16535433071,lambda_prime,1024,0.0342261682257573,0.0880286996010055,-0.0139150591905304,0.0928051574261475,0.0740638792668659,0.10663187301132,0.0289269093554794,0.0812705022513243,-0.00529925887027793,-0.00675819734968124
re,R_real,4377.16535433071,k0_prime,1024,0.227873118169762,0.31504069846602,0.161256475093842,0.290198175385707,0.25194787303137,0.389339157734134,0.248441679057182,0.35187785408597,0.0205685608874197,0.0368371556199499
re,R_real,4415.35433070866,sigma,1024,0.228520045334076,0.597922992734546,0.149242876025836,0.298317381858568,0.542073168186196,0.651148357377303,0.216654045363395,0.582437208992986,-0.0118659999706815,-0.0154857837415608
re,R_real,4415.35433070866,alpha_infinity,1024,0.0450924868939603,0.362557714116871,-0.0327444050475443,0.124341731234619,0.299343532193531,0.442531139583696,0.0450063623082123,0.346745085618821,-8.61245857479709e-05,-0.01581262849805
re,R_real,4415.35433070866,lambda,1024,-0.00524689690163926,0.177571400641931,-0.0656377379392636,0.0542194948557299,0.144780537979295,0.222542580227569,-0.0108585741214957,0.165365687251065,-0.00561167721985645,-0.0122057133908653
re,R_real,4415.35433070866,lambda_prime,1024,0.0367958078529983,0.0887645470411162,-0.00731249555238311,0.090071266580665,0.0750961330298774,0.108165781448884,0.0305992762590164,0.0820378489457479,-0.00619653159398192,-0.00672669809536838
re,R_real,4415.35433070866,k0_prime,1024,0.220500754832169,0.311930989808226,0.146367654081164,0.288815508503091,0.248150910613212,0.390438291702701,0.240770372067898,0.351421067482608,0.020269617235729,0.0394900776743828
re,R_real,4453.54330708661,sigma,1024,0.237936427205591,0.613105843585378,0.165528430252084,0.311578137219435,0.552663542059146,0.668815671155212,0.228545015669072,0.595546565341606,-0.00939141153651968,-0.0175592782437715
re,R_real,4453.54330708661,alpha_infinity,1024,0.0346026615560248,0.365801476254762,-0.0440083522373327,0.109006532446842,0.298452996115121,0.447402120188681,0.0348605059853426,0.349054399056259,0.000257844429317866,-0.0167470771985024
re,R_real,4453.54330708661,lambda,1024,-0.00493495317278225,0.175485189338982,-0.0619308757320938,0.057934296197698,0.143639094276557,0.219058474228948,-0.0107639716307941,0.163153079347834,-0.00582901845801187,-0.0123321099911486
re,R_real,4453.54330708661,lambda_prime,1024,0.0394405040149188,0.0886909383533949,-0.00843281615552027,0.0974473876521438,0.0751398130016619,0.108681597016187,0.0335623924276401,0.0820514222708285,-0.00587811158727869,-0.00663951608256642
re,R_real,4453.54330708661,k0_prime,1024,0.211693653711163,0.306651475768149,0.130459502155155,0.28006834298935,0.248175743380108,0.38822095589798,0.233457312381666,0.348904773468836,0.021763658670503,0.0422532977006875
re,R_real,4491.73228346457,sigma,1024,0.249370597607747,0.627492499588644,0.18502149807535,0.320124316599602,0.565473675481177,0.686913388020381,0.241292305244287,0.613528677639059,-0.00807829236346058,-0.0139638219495849
re,R_real,4491.73228346457,alpha_infinity,1024,0.0260363288489007,0.370946710662067,-0.0507469269054088,0.0940128751531092,0.300340820251264,0.457266369504477,0.0261122787509551,0.357857459463998,7.59499020543952e-05,-0.0130892511980694
re,R_real,4491.73228346457,lambda,1024,-0.00429685009780179,0.173503152996756,-0.0583428933193528,0.0612072749240545,0.140595014742636,0.215317958800673,-0.0089943448524239,0.160882177168791,-0.00469749475462211,-0.0126209758279649
re,R_real,4491.73228346457,lambda_prime,1024,0.0421032437990664,0.0878189508313117,-0.0103648289645732,0.106158719490677,0.0744377786254511,0.1072606869089,0.034513922499208,0.0827100458621347,-0.00758932129985834,-0.00510890496917708
re,R_real,4491.73228346457,k0_prime,1024,0.20174697365541,0.299381116656908,0.127355478182498,0.268222252470892,0.240814071383284,0.382727767200837,0.219462185011793,0.338497347154765,0.0177152113563825,0.0391162304978567
re,R_real,4529.92125984252,sigma,1024,0.262766523109587,0.640900474759118,0.197475227923735,0.331340753869533,0.578696736252128,0.703768482009138,0.257301371297824,0.62583678218805,-0.00546515181176321,-0.0150636925710685
re,R_real,4529.92125984252,alpha_infinity,1024,0.0193269452577677,0.37741038901389,-0.0521131867077997,0.0884823082373987,0.304519205983513,0.467104353451099,0.0194763269445011,0.36261303512423,0.000149381686733396,-0.0147973538896605
re,R_real,4529.92125984252,lambda,1024,-0.00330553964050218,0.171837823019408,-0.0563316823836328,0.0588351829951361,0.139215870956146,0.212091079469228,-0.00646486485865561,0.158126148541236,-0.00315932521815343,-0.0137116744781724
re,R_real,4529.92125984252,lambda_prime,1024,0.0447228472559027,0.0861945890693091,-0.011170864257904,0.10965771933512,0.072978907676157,0.105291346416533,0.0383981993373574,0.0806765613809039,-0.00632464791854526,-0.00551802768840527
re,R_real,4529.92125984252,k0_prime,1024,0.190991954676665,0.290370824967133,0.118061648539025,0.260297643491241,0.230680493526762,0.372727331971677,0.211718404603229,0.329558650697016,0.0207264499265639,0.0391878257298828
re,R_real,4568.11023622047,sigma,1024,0.277963957731536,0.653193289840846,0.211868300788712,0.346376301717061,0.590707733283628,0.719073145425005,0.274089406143161,0.641108666322899,-0.00387455158837491,-0.0120846235179468
re,R_real,4568.11023622047,alpha_infinity,1024,0.0143456015187444,0.384580529590072,-0.0576470061232521,0.0856789562956677,0.312648793014404,0.476197546594144,0.015269665629764,0.372118898858422,0.000924064111019529,-0.0124616307316494
re,R_real,4568.11023622047,lambda,1024,-0.00194028640566524,0.17069161827307,-0.0553814468991776,0.0611020931103322,0.139203837818606,0.208690136388968,-0.00510679920617196,0.15743446821197,-0.00316651280050673,-0.0132571500611
re,R_real,4568.11023622047,lambda_prime,1024,0.0472383030462465,0.0838942770111586,-0.00588195920243351,0.114215144933809,0.0710026569745981,0.102056974847068,0.0400058187143424,0.0788309388081461,-0.00723248433190415,-0.00506333820301257
re,R_real,4568.11023622047,k0_prime,1024,0.179770712147091,0.279923078727755,0.104603848709884,0.252238038472299,0.219416206713354,0.359202098252872,0.196508971766808,0.319109086738174,0.0167382596197164,0.0391860080104195
re,R_real,4606.29921259843,sigma,1024,0.294714921952274,0.664284364321248,0.228486100371947,0.36589111980317,0.601402495048529,0.732586216089695,0.289894792923755,0.653282166536904,-0.00482012902851925,-0.0110021977843447
re,R_real,4606.29921259843,alpha_infinity,1024,0.0109164501080034,0.391863066581455,-0.0595397003730103,0.0839460446220817,0.317482965725072,0.488822872899199,0.0104354184338695,0.376783707458693,-0.000481031674133825,-0.0150793591227623
re,R_real,4606.29921259843,lambda,1024,-0.000188570132485744,0.170242139357933,-0.0599275669647512,0.0613790790149431,0.144568438761391,0.206770403729133,-0.00475765467841538,0.157107301968624,-0.00456908454592964,-0.0131348373893088
re,R_real,4606.29921259843,lambda_prime,1024,0.0495928472564476,0.081017593358995,-0.00104611867700144,0.115151989361247,0.0685810687751921,0.0979385639033234,0.0386223349882934,0.0751912037248823,-0.0109705122681543,-0.00582638963411275
re,R_real,4606.29921259843,k0_prime,1024,0.168411617135291,0.268367886152409,0.092080194436864,0.240480630603222,0.207418605145399,0.343961276718314,0.186871767824384,0.309450630858662,0.0184601506890931,0.0410827447062524
re,R_real,4644.48818897638,sigma,1024,0.31270700192237,0.67413569769324,0.24692647474645,0.385474106986101,0.61073800642538,0.740782670242205,0.311284820759488,0.664934731180493,-0.00142218116288162,-0.00920096651274704
re,R_real,4644.48818897638,alpha_infinity,1024,0.0088349709754767,0.398722306753799,-0.0681411088194523,0.0829592369231685,0.325107994485868,0.501407514303602,0.0104684703149533,0.384310396565283,0.00163349933947665,-0.0144119101885162
re,R_real,4644.48818897638,lambda,1024,0.00195299842317909,0.17063113515447,-0.0548497670556876,0.0642057175349058,0.143509619958443,0.205390950743143,-0.000700505084214154,0.156644196706785,-0.00265350350739324,-0.0139869384476849
re,R_real,4644.48818897638,lambda_prime,1024,0.0517372487967646,0.0776784853066832,0.000595276658240884,0.118498856928314,0.0657954499803314,0.0931427502787816,0.0428837724267294,0.0726363695360042,-0.0088534763700352,-0.00504211577067896
re,R_real,4644.48818897638,k0_prime,1024,0.157208524130087,0.256038671284297,0.0833398763717729,0.232270983609785,0.195062344251566,0.32771874451645,0.171377700393771,0.293698637558566,0.0141691762636844,0.0376599662742688
re,R_real,4682.67716535433,sigma,1024,0.331589461111513,0.682752181949778,0.259957971208577,0.4047723422629,0.618727276232857,0.752272742871808,0.330666128095639,0.674824215664382,-0.000923333015874328,-0.00792796628539583
re,R_real,4682.67716535433,alpha_infinity,1024,0.00788638040343614,0.404710661782708,-0.0751725852435052,0.0834475864531171,0.33406944174111,0.51242850757444,0.0085847197957829,0.394713977534748,0.000698339392346758,-0.00999668424796019
re,R_real,4682.67716535433,lambda,1024,0.00447874414143845,0.171958063067945,-0.0486976232511009,0.0691599614121902,0.144095193664585,0.207223553126024,0.00284730365849073,0.160778793895842,-0.00163144048294772,-0.0111792691721035
re,R_real,4682.67716535433,lambda_prime,1024,0.0536319703724083,0.0739963003036633,0.00277828872013453,0.12034529698704,0.0629724741321587,0.0878831438795665,0.045942627192386,0.0696847810818438,-0.00768934318002235,-0.00431151922181945
re,R_real,4682.67716535433,k0_prime,1024,0.146406026004714,0.243251203974507,0.0772725663751688,0.222372561624404,0.182675625351999,0.31418096592527,0.160669011006834,0.276117413653934,0.0142629850021193,0.0328662096794271
re,R_real,4720.86614173228,sigma,1024,0.350998385682899,0.690172970873748,0.26984922828372,0.423474287675114,0.626034373702641,0.758137335148718,0.347488179107843,0.680336037775223,-0.00351020657505641,-0.00983693309852485
re,R_real,4720.86614173228,alpha_infinity,1024,0.0078619204035496,0.409485849210025,-0.0768764095644261,0.0886949395366694,0.340052048661222,0.521461874093457,0.00883936641812766,0.398353667705943,0.000977446014578054,-0.011132181504082
re,R_real,4720.86614173228,lambda,1024,0.00737480418389602,0.174278246218939,-0.0474599932036126,0.0707857443248605,0.144749094107907,0.210524761871001,0.00351339115200811,0.16248735964952,-0.00386141303188792,-0.0117908865694185
re,R_real,4720.86614173228,lambda_prime,1024,0.0552481170088281,0.0700877782592313,0.00544542767792455,0.126960217341131,0.059739030161396,0.0827346503210444,0.0470990440657799,0.0662539038737223,-0.00814907294304823,-0.00383387438550897
re,R_real,4720.86614173228,k0_prime,1024,0.136191549786499,0.230287661306728,0.0650854162859872,0.211295222413493,0.170526448697018,0.29908686190645,0.149983614260319,0.265631241056069,0.0137920644738201,0.0353435797493414
re,R_real,4759.05511811024,sigma,1024,0.370578035465024,0.696461505742752,0.290984715883349,0.441317630781945,0.63093557824047,0.762069868706385,0.369030670225874,0.686863477004129,-0.00154736523915067,-0.00959802873862303
re,R_real,4759.05511811024,alpha_infinity,1024,0.00857156571844608,0.412816102231954,-0.0789889900280425,0.089869788376664,0.341273242801901,0.528225074129465,0.0111074239842858,0.402150893917669,0.00253585826583969,-0.0106652083142856
re,R_real,4759.05511811024,lambda,1024,0.0106205441999123,0.177604904385914,-0.0481219471449019,0.0786979143532557,0.145016139257627,0.214359655000883,0.00892647569088378,0.165491436452466,-0.00169406850902853,-0.0121134679334482
re,R_real,4759.05511811024,lambda_prime,1024,0.0565672953340085,0.0660607585473636,0.0085291956898994,0.134331011933917,0.0564336534728802,0.078098986848449,0.0510024107231422,0.0632251856096437,-0.00556488461086635,-0.00283557293771988
re,R_real,4759.05511811024,k0_prime,1024,0.126693860028419,0.217386664018644,0.0551151335496421,0.202284895202117,0.158975126694901,0.281048197267714,0.140949730713881,0.24906037350746,0.0142558706854623,0.0316737094888161
re,R_real,4797.24409448819,sigma,1024,0.389996837149797,0.701695620608778,0.316448295713198,0.458091096145911,0.638163373283042,0.764235134052874,0.390606401289348,0.693151485412826,0.000609564139550378,-0.00854413519595254
re,R_real,4797.24409448819,alpha_infinity,1024,0.00985256878144203,0.41457559051972,-0.0789550614592491,0.09576777827806,0.341827264564876,0.533933242823596,0.0111130064569425,0.407645391719757,0.00126043767550044,-0.00693019879996387
re,R_real,4797.24409448819,lambda,1024,0.0141902227788351,0.181913929119984,-0.0486194874511274,0.0833142064985476,0.14617132370048,0.223677413121847,0.0114604996203056,0.171772181436675,-0.00272972315852948,-0.0101417476833088
re,R_real,4797.24409448819,lambda_prime,1024,0.0575806431347488,0.0620099180263153,0.0108196086826137,0.133362652986643,0.0530933156795412,0.0733197714271904,0.0520248690395411,0.0597113908824434,-0.00555577409520769,-0.00229852714387196
re,R_real,4797.24409448819,k0_prime,1024,0.117986680742725,0.204739031780849,0.0492809507589478,0.195076830494312,0.148015448874741,0.266933839206736,0.128463709093302,0.231627549688219,0.0104770283505766,0.0268885179073701
re,R_real,4835.43307086614,sigma,1024,0.408957656238216,0.705958763625787,0.332905211725906,0.476728586782708,0.645677209072077,0.765809363428079,0.408679063746986,0.697169278540763,-0.000278592491230634,-0.00878948508502397
re,R_real,4835.43307086614,alpha_infinity,1024,0.011574003807212,0.414733045415037,-0.0770621018472566,0.0943061425199374,0.343284351842466,0.537467796833608,0.0157180820279628,0.40981605515651,0.0041440782207508,-0.00491699025852682
re,R_real,4835.43307086614,lambda,1024,0.0180546519720147,0.18715018930168,-0.0481129501198241,0.0878545772856105,0.148656074942222,0.230965684830185,0.0179214630036768,0.176947146075623,-0.000133188968337916,-0.0102030432260571
re,R_real,4835.43307086614,lambda_prime,1024,0.0582873401955786,0.0580144826032169,0.00944830535831109,0.131395642859819,0.0492756388203452,0.0685080350499407,0.052570113564516,0.0559373678613645,-0.00571722663106256,-0.00207711474185237
re,R_real,4835.43307086614,k0_prime,1024,0.110095766536998,0.192488256125538,0.0446149780806954,0.183806105042141,0.137535867515236,0.25396452313609,0.120280209053671,0.218169888127196,0.0101844425166726,0.0256816320016573
re,R_real,4873.62204724409,sigma,1024,0.427202879813154,0.70933292465914,0.349471174250673,0.496382445322312,0.652004911487654,0.773257520232643,0.428278645286796,0.701885214039063,0.00107576547364208,-0.00744771062007643
re,R_real,4873.62204724409,alpha_infinity,1024,0.0136379541392868,0.413336608178154,-0.0773838934148923,0.0995392718820034,0.344103760409022,0.538072110248821,0.0176115261588575,0.411151505046832,0.00397357201957071,-0.00218510313132231
re,R_real,4873.62204724409,lambda,1024,0.022182673442353,0.193234307621052,-0.0466308232786434,0.0923369695876105,0.152410702422681,0.239291260690708,0.0213926629293373,0.184322072190521,-0.000790010513015749,-0.00891223543053024
re,R_real,4873.62204724409,lambda_prime,1024,0.0586928938051154,0.0541376061392877,0.00852145823941086,0.128570648855288,0.0459426750627955,0.0637578376455873,0.0541448680540496,0.0526671490086645,-0.00454802575106583,-0.00147045713062324
re,R_real,4873.62204724409,k0_prime,1024,0.10300778006589,0.180734348086591,0.035284231627207,0.17292884424339,0.127613937883286,0.238932955354186,0.111751865598124,0.201501979594905,0.00874408553223427,0.0207676315083138
re,R_real,4911.81102362205,sigma,1024,0.444515355160463,0.71189346565554,0.365895548554075,0.514335520795021,0.649720643813861,0.775631226131371,0.444554999296598,0.704247060967618,3.96441361348865e-05,-0.00764640468792188
re,R_real,4911.81102362205,alpha_infinity,1024,0.0159782021901386,0.410497438960164,-0.0794347675172207,0.104646708869367,0.338868668266277,0.5359393496733,0.0200405940004561,0.407965398213793,0.00406239181031753,-0.00253204074637109
re,R_real,4911.81102362205,lambda,1024,0.0265423482671372,0.200069127280504,-0.0442175588802756,0.0967754595109481,0.157345812744251,0.24256597323354,0.0263370368297697,0.192596805477782,-0.000205311437367461,-0.00747232180272211
re,R_real,4911.81102362205,lambda_prime,1024,0.0588074329515791,0.0504269944338935,0.00534243769418552,0.129572191208518,0.0427197609456704,0.0589075634789656,0.0559364429550022,0.049728832602349,-0.00287098999657687,-0.000698161831544516
re,R_real,4911.81102362205,k0_prime,1024,0.0966796199982282,0.169539709635205,0.0253242984664495,0.162499377651081,0.118464518704773,0.224333299429308,0.104939694248892,0.187590531142129,0.00826007425066355,0.0180508215069234
re,R_real,4950,sigma,1024,0.460716401525403,0.713705765714464,0.385242250019378,0.532158902395938,0.647345090357236,0.783195885035563,0.461523005052149,0.711703253773828,0.000806603526746441,-0.00200251194063583
re,R_real,4950,alpha_infinity,1024,0.0185572859536298,0.406373916746752,-0.0774792611234418,0.10962252378119,0.331928698811898,0.53133023404854,0.0233517612795765,0.408687549003886,0.00479447532594668,0.00231363225713427
re,R_real,4950,lambda,1024,0.0311018260499981,0.207545391924811,-0.0409294266871196,0.101178855672064,0.163350243588285,0.252916008778502,0.029642126817003,0.20099176653832,-0.00145969923299516,-0.00655362538649104
re,R_real,4950,lambda_prime,1024,0.0586441708397927,0.0469163420795911,0.000604240178374349,0.130857804597459,0.0396383603339139,0.0546146992868559,0.057317087975569,0.0464638500089688,-0.00132708286422367,-0.000452492070622298
re,R_real,4950,k0_prime,1024,0.0910472395145075,0.158935881922851,0.0162942018655962,0.160597418983504,0.110139913958872,0.21028342184451,0.0963006267107663,0.171835009301177,0.00525338719625879,0.0128991273783254
im,R_imag,100,sigma,1024,0.562465937745093,0.564445346856209,0.525440440595456,0.596045094357338,0.515098707790106,0.610817014774933,0.563895854864725,0.564478575444643,0.00142991711963203,3.3228588434242e-05
im,R_imag,100,alpha_infinity,1024,0.000335109856732352,0.000651445575078343,-0.0510001996853402,0.0694411543149013,0.000567346638007054,0.000723733068100939,0.00196654889814751,0.00199062119224681,0.00163143904141516,0.00133917561716847
im,R_imag,100,lambda,1024,3.96650148508648e-05,0.000372682212592624,-0.051739938414576,0.0684190216066671,0.000304423350434769,0.00045743140171902,-0.000255651507753418,0.0013032092456588,-0.000295316522604283,0.000930527033066173
im,R_imag,100,lambda_prime,1024,0.00134372410245776,0.00261411057539772,-0.0517866570773207,0.0705165948081073,0.00227865726299173,0.00291484892355028,0.00176674591665704,0.00238573217436312,0.000423021814199287,-0.0002283784010346
im,R_imag,100,k0_prime,1024,0.431344607414138,0.435505292717567,0.382195029020944,0.482705922954364,0.401530013100813,0.471698129563344,0.429467090983714,0.435745378863911,-0.00187751643042355,0.00024008614634391
im,R_imag,138.188976377953,sigma,1024,0.631596304815068,0.632516508952738,0.601203992548981,0.660724919954853,0.578970764000488,0.685885642812129,0.630368271540309,0.630851706856844,-0.00122803327475918,-0.00166480209589448
im,R_imag,138.188976377953,alpha_infinity,1024,0.000788104008676127,0.000718583994407119,-0.0566415698378486,0.0712255007780538,0.000623317032083498,0.000800932851561025,0.000402073741156306,0.00179050643611927,-0.000386030267519821,0.00107192244171215
im,R_imag,138.188976377953,lambda,1024,0.000378714051637474,0.000425176179200304,-0.0580852519421509,0.070239930956552,0.000347548154179013,0.00051834543865678,-0.00132803849133123,0.00130528954500576,-0.0017067525429687,0.000880113365805458
im,R_imag,138.188976377953,lambda_prime,1024,0.0016372021727511,0.00367614142858667,-0.0514961302017358,0.0692533961268028,0.00290726289445734,0.00462899831890432,0.00111544357060744,0.00226981809153756,-0.000521758602143652,-0.00140632333704911
im,R_imag,138.188976377953,k0_prime,1024,0.362314463126406,0.367000905168884,0.305617452798391,0.418980095640692,0.336594469797506,0.400037355682097,0.363185330063446,0.368347625302826,0.00087086693703986,0.00134672013394149
im,R_imag,176.377952755906,sigma,1024,0.693690425231451,0.694702653781422,0.667075593359044,0.720967025711813,0.637211676036855,0.753911543680145,0.693145838988421,0.693317399150698,-0.000544586243030443,-0.00138525463072414
im,R_imag,176.377952755906,alpha_infinity,1024,0.000724910552379554,0.000766009155514525,-0.0568300793435339,0.0690792226825587,0.000660756418248279,0.000859880999264216,-0.000550355504811195,0.00163754633900294,-0.00127526605719075,0.000871537183488415
im,R_imag,176.377952755906,lambda,1024,0.000252161839221388,0.000468187696440566,-0.0579582907752925,0.067483897867338,0.000381403698207716,0.000564271219931959,-0.00221795638633471,0.00104340529185708,-0.00247011822555609,0.00057521759541651
im,R_imag,176.377952755906,lambda_prime,1024,0.00382427423392218,0.00768561811804066,-0.05250671347074,0.0708063428900988,0.00621065566719299,0.00956437378311564,0.00330868757593616,0.0048878741616569,-0.000515586657986011,-0.00279774395638376
im,R_imag,176.377952755906,k0_prime,1024,0.296431721742318,0.302932291795833,0.233338774751761,0.35403426265797,0.275013360327566,0.332789587572911,0.297802852018073,0.30255575882917,0.00137113027575564,-0.00037653296666279
im,R_imag,214.566929133858,sigma,1024,0.747787364156438,0.749837539843675,0.724757553667676,0.771721808928535,0.69069510243411,0.811262391081804,0.746829261075528,0.751158546418875,-0.000958103080910377,0.00132100657519996
im,R_imag,214.566929133858,alpha_infinity,1024,0.000367805361091822,0.000789361073586397,-0.0598328548133424,0.0665114203949535,0.000674973293816885,0.000893882592931516,-0.00121176490012465,0.00164128891004962,-0.00157957026121647,0.00085192783646322
im,R_imag,214.566929133858,lambda,1024,-0.000130163157965324,0.000495268290045845,-0.0604475338128647,0.0643284693550829,0.000403990436123106,0.000590556038979219,-0.00178485408720586,0.00119895826916319,-0.00165469092924053,0.000703689979117345
im,R_imag,214.566929133858,lambda_prime,1024,0.00602290468259026,0.0111646673684755,-0.0502144581462958,0.0722079434862772,0.00924001925459943,0.0133508480763075,0.00372652685916519,0.00834594228915045,-0.00229637782342507,-0.0028187250793251
im,R_imag,214.566929133858,k0_prime,1024,0.238041251361849,0.246417156420859,0.170501067274033,0.298377580608084,0.222273537332685,0.272548603716513,0.237847211587572,0.246353190766798,-0.0001940397742769,-6.39656540609712e-05
im,R_imag,252.755905511811,sigma,1024,0.793741317265489,0.797334510246575,0.77230396124727,0.81355624025116,0.737868087287738,0.862613990427903,0.789744930087274,0.794159460963447,-0.00399638717821538,-0.00317504928312839
im,R_imag,252.755905511811,alpha_infinity,1024,-7.44777253423035e-05,0.000785650848024568,-0.0646358603507808,0.0652318105812746,0.00066604019128233,0.000891600618599557,-0.0024263786385883,0.00161874589800805,-0.002351900913246,0.00083309504998348
im,R_imag,252.755905511811,lambda,1024,-0.000570952624032728,0.000500489678693351,-0.0646342666575215,0.0618967263133642,0.000408238689052999,0.000595653296114185,-0.0029634980598563,0.00110788575352895,-0.00239254543582357,0.000607396074835598
im,R_imag,252.755905511811,lambda_prime,1024,0.00750826058069842,0.0133097954194101,-0.0507300225257408,0.0729150326073688,0.0111303514631918,0.0152805958093153,0.00630604086842435,0.0105938520092619,-0.00120221971227408,-0.00271594341014818
im,R_imag,252.755905511811,k0_prime,1024,0.188634963471665,0.198521820088637,0.118801500934633,0.2509973474562,0.17841150848649,0.220769547765823,0.190244874830367,0.201469835963989,0.00160991135870225,0.00294801587535212
im,R_imag,290.944881889764,sigma,1024,0.832023154036896,0.837254800270918,0.814734678110832,0.848450900355965,0.775589624304365,0.906445941579213,0.829598252060626,0.837331875678575,-0.00242490197626921,7.70754076565572e-05
im,R_imag,290.944881889764,alpha_infinity,1024,-0.00047647625628211,0.000753568906297504,-0.0681158654378216,0.0634102814655454,0.000631407818793269,0.000856271504248676,-0.00206200689887015,0.00122010046275561,-0.00158553064258804,0.000466531556458109
im,R_imag,290.944881889764,lambda,1024,-0.00095354668314207,0.000479469201116467,-0.0673801491476909,0.0599366383942528,0.000390853338889764,0.000570628812094694,-0.0026055510109495,0.00107469621860946,-0.00165200432780743,0.000595227017492995
im,R_imag,290.944881889764,lambda_prime,1024,0.00819413863194396,0.0142400764629207,-0.0539020402330979,0.0713481839311729,0.0121345688395926,0.0162404006152501,0.00648398250009274,0.0128367978133463,-0.00171015613185121,-0.00140327864957445
im,R_imag,290.944881889764,k0_prime,1024,0.148105625478361,0.159034757739095,0.0778737847720795,0.212839408258989,0.142725684505688,0.176342840699758,0.148485681321548,0.16087433546544,0.000380055843186344,0.00183957772634497
im,R_imag,329.133858267717,sigma,1024,0.863498096454278,0.870171814954456,0.849471858980791,0.876357203568626,0.806679617932328,0.94013768842803,0.859893891714288,0.868117615786509,-0.00360420473999001,-0.00205419916794736
im,R_imag,329.133858267717,alpha_infinity,1024,-0.000780016307915687,0.000694070642527484,-0.0704487561181286,0.0612711800057026,0.000578681161227461,0.00079067318559532,-0.00292387583479781,0.00128743935044923,-0.00214385952688212,0.00059336870792175
im,R_imag,329.133858267717,lambda,1024,-0.00122677681791705,0.00043058105946725,-0.0689114522885712,0.0577979223675557,0.000355310104843636,0.000499377758788717,-0.00220369736468862,0.00103446438133013,-0.000976920546771565,0.000603883321862876
im,R_imag,329.133858267717,lambda_prime,1024,0.00824759429306299,0.0142871266362989,-0.0541543108959779,0.0722780288156171,0.0123687585379321,0.0163184223226,0.00666318490458595,0.0133266499714361,-0.00158440938847704,-0.000960476664862804
im,R_imag,329.133858267717,k0_prime,1024,0.115545673355475,0.127056852810162,0.0463385019118852,0.179848016540715,0.114111688528615,0.139628450388502,0.116489036790143,0.129490541842502,0.000943363434668276,0.00243368903233987
im,R_imag,367.322834645669,sigma,1024,0.889184885653101,0.896937015525503,0.878197993619153,0.899166015082744,0.831292761580287,0.966691805125447,0.886395000002474,0.898095553404273,-0.00278988565062677,0.00115853787876996
im,R_imag,367.322834645669,alpha_infinity,1024,-0.000966761750290202,0.00061138690723764,-0.0717731150994783,0.0591408173994197,0.000503649248407642,0.000699677287055246,-0.00152126613078951,0.00123076101268235,-0.00055450438049931,0.00061937410544471
im,R_imag,367.322834645669,lambda,1024,-0.00137874851857478,0.000356445719359865,-0.0694226510974854,0.0558200865340852,0.000295830609273254,0.000408034241835,-0.00188084478267658,0.000931590407119221,-0.000502096264101803,0.000575144687759355
im,R_imag,367.322834645669,lambda_prime,1024,0.00788566649973688,0.0137618069784095,-0.0537843027097975,0.0726590786314643,0.0119443433409117,0.0155814139377208,0.00536268521362482,0.0126912256126288,-0.00252298128611206,-0.00107058136578076
im,R_imag,367.322834645669,k0_prime,1024,0.08975105987315,0.101429171804505,0.0217594989273459,0.153395685101067,0.0906152310175032,0.111448008596146,0.0898662447720052,0.103635610516918,0.000115184898855203,0.00220643871241298
im,R_imag,405.511811023622,sigma,1024,0.910078534537154,0.918477968058077,0.901273610944138,0.917899102067423,0.851101735963981,0.98729019429891,0.906855453989174,0.916605262809197,-0.00322308054798004,-0.00187270524887995
im,R_imag,405.511811023622,alpha_infinity,1024,-0.00103633517411272,0.000514536744561223,-0.0721948475083669,0.0572565258366527,0.000426925238756421,0.000593006204707527,-0.00287406475712615,0.000926360558205374,-0.00183772958301343,0.000411823813644151
im,R_imag,405.511811023622,lambda,1024,-0.00141595036700548,0.00026576564818816,-0.0690773761026175,0.05427683269353,0.000220942434952961,0.000302296435508242,-0.00211633202729167,0.000808224771122756,-0.000700381660286187,0.000542459122934597
im,R_imag,405.511811023622,lambda_prime,1024,0.00729375932023313,0.0128989466011076,-0.0539209075501967,0.0727565905387157,0.0111305533213524,0.0145878099762157,0.00653763734859947,0.0127601526282542,-0.000756121971633661,-0.00013879397285343
im,R_imag,405.511811023622,k0_prime,1024,0.0695057621446862,0.080993298802488,0.00311434693461599,0.132462743016053,0.0715159810512113,0.0899619917704602,0.0686775362470124,0.0834848264733806,-0.000828225897673729,0.00249152767089261
im,R_imag,443.700787401575,sigma,1024,0.927052409377015,0.935669830335598,0.91991108634276,0.933998709391144,0.866204298520118,1.00323785940749,0.923871612281522,0.934687862577698,-0.00318079709549224,-0.000981967757899938
im,R_imag,443.700787401575,alpha_infinity,1024,-0.000992085546343002,0.000419302772103557,-0.0717929469301122,0.0589219529489009,0.000349655725589513,0.000487234713226088,-0.00185815486618601,0.000920180063767784,-0.00086606931984301,0.000500877291664228
im,R_imag,443.700787401575,lambda,1024,-0.0013497167539176,0.000175478288111324,-0.068012214670516,0.0558503725856495,0.000147936126948455,0.000201765375202646,-0.00103780810531218,0.000619626278993261,0.000311908648605419,0.000444147990881937
im,R_imag,443.700787401575,lambda_prime,1024,0.00660584311498624,0.0118599628469737,-0.0554724203056773,0.0727628559634463,0.0102229317214128,0.0133250834676228,0.00580076782596695,0.0121953514195558,-0.000805075289019297,0.000335388572582107
im,R_imag,443.700787401575,k0_prime,1024,0.0537178395520482,0.0647194307475269,-0.0104490932154513,0.117270088979741,0.0565181976460028,0.0726254720656511,0.0529818405697047,0.0671872878561453,-0.000735998982343555,0.00246785710861844
im,R_imag,481.889763779528,sigma,1024,0.940819430999663,0.949271351266265,0.934672985484371,0.947258150106639,0.87793524038803,1.01693456882445,0.939026884696712,0.947725197118433,-0.00179254630295156,-0.00154615414783188
im,R_imag,481.889763779528,alpha_infinity,1024,-0.000832805013260884,0.000350591476181047,-0.070623227829377,0.060656416169356,0.0002937533166344,0.000409184865821493,-0.00196393176842036,0.000778346199377444,-0.00113112675515947,0.000427754723196397
im,R_imag,481.889763779528,lambda,1024,-0.00118847874380967,0.000113132711263698,-0.0685022030690179,0.0575946012558475,9.73763743277692e-05,0.000130086187525456,-0.000196870854854092,0.000516559132728822,0.000991607888955581,0.000403426421465124
im,R_imag,481.889763779528,lambda_prime,1024,0.00590956340666848,0.0107497745889381,-0.0579551315273008,0.0728026762495129,0.00919681177865198,0.0121310785594273,0.00618335754588095,0.0108208678892372,0.000273794139212469,7.10933002991149e-05
im,R_imag,481.889763779528,k0_prime,1024,0.0414673278424935,0.0517505177060095,-0.0199790903318817,0.106524149967724,0.0446188459913426,0.0585996896326983,0.0404140874405992,0.0529410900494795,-0.00105324040189436,0.00119057234347002
im,R_imag,520.07874015748,sigma,1024,0.951927153562762,0.959903117498944,0.946386205699903,0.957081237290925,0.886946669829609,1.02700693308367,0.951381724779609,0.960419239195911,-0.000545428783153556,0.000516121696966798
im,R_imag,520.07874015748,alpha_infinity,1024,-0.000548206949194663,0.000345103949455331,-0.0687207523228419,0.0624911893050741,0.000302417679329629,0.000394771361198835,-0.0018635789717687,0.00083218941437649,-0.00131537202257404,0.000487085464921159
im,R_imag,520.07874015748,lambda,1024,-0.000933750834944735,0.000119364562281246,-0.0694568717554516,0.0595560816753081,9.76490780643291e-05,0.000146702339369776,-0.00127960941165273,0.000419733656620479,-0.000345858576707991,0.000300369094339232
im,R_imag,520.07874015748,lambda_prime,1024,0.00525815908003124,0.00963375066390988,-0.0599817898468908,0.0722481572985234,0.00821755786996168,0.0109156007555335,0.0043281150132235,0.00923123836494049,-0.000930044066807745,-0.000402512298969393
im,R_imag,520.07874015748,k0_prime,1024,0.0320083399008108,0.0414017340293542,-0.0277155363509169,0.098246897667203,0.0357067647087781,0.0477003113816411,0.0297608120308355,0.042324938051685,-0.00224752786997529,0.00092320402233078
im,R_imag,558.267716535433,sigma,1024,0.960768150874513,0.968048630238299,0.955956802247626,0.965100720734507,0.895039041018515,1.03393934293838,0.959391343054261,0.967696593347167,-0.00137680782025151,-0.000352036891132057
im,R_imag,558.267716535433,alpha_infinity,1024,-0.000116453918934889,0.000454257497496372,-0.0693913705097886,0.0644465090322425,0.00039946109235243,0.00050822777877315,-0.00098549270172188,0.000946674709773633,-0.000869038782786991,0.00049241721227726
im,R_imag,558.267716535433,lambda,1024,-0.000578243841947268,0.000250332446031051,-0.0702733522939352,0.0617631253181659,0.00016848601188825,0.000329082997905225,2.8391308996234e-05,0.000554699099933441,0.000606635150943502,0.000304366653902391
im,R_imag,558.267716535433,lambda_prime,1024,0.00468189528223784,0.00855102663778534,-0.059494390557651,0.0708269237923473,0.00727798182011119,0.00972122672982955,0.00481371181562307,0.00847982239442076,0.000131816533385232,-7.12042433645803e-05
im,R_imag,558.267716535433,k0_prime,1024,0.024750991474751,0.0331403871778594,-0.0352548693350934,0.0918430175580697,0.0288737934601089,0.038952861390353,0.0233951500078416,0.034322061113808,-0.00135584146690937,0.00118167393594861
im,R_imag,596.456692913386,sigma,1024,0.967594883026294,0.974065372101065,0.96314140802221,0.97120411517524,0.901906619564958,1.03810553359183,0.96638768155389,0.97333367171366,-0.00120720147240394,-0.00073170038740511
im,R_imag,596.456692913386,alpha_infinity,1024,0.00049736955997437,0.000747317463731555,-0.0681707330685892,0.0676569329519353,0.000621544188770526,0.000859387982379395,-0.00027836617839827,0.00117477564853918,-0.00077573573837264,0.000427458184807622
im,R_imag,596.456692913386,lambda,1024,-0.000105072770726578,0.000579981220649431,-0.0692783461591664,0.0642262423462236,0.00038647247262195,0.000769312107685039,0.000565178499234209,0.000817300192049583,0.000670251269960787,0.000237318971400152
im,R_imag,596.456692913386,lambda_prime,1024,0.00419683684384198,0.00752402566438743,-0.0587679317540444,0.0719104593017769,0.0063997014332262,0.00857320175735439,0.00382442060406885,0.00755112108483065,-0.000372416239773132,2.70954204432232e-05
im,R_imag,596.456692913386,k0_prime,1024,0.0192368610632742,0.0265599800313056,-0.0410057262794845,0.0868459878854404,0.0228244601238637,0.0317224828724294,0.0175684500174311,0.027776918616399,-0.00166841104584303,0.00121693858509341
im,R_imag,634.645669291339,sigma,1024,0.972533771224707,0.978198639227243,0.968784861136187,0.975431145584761,0.907326034448618,1.03978425829807,0.971618716464536,0.978654583368328,-0.000915054760171619,0.000455944141085407
im,R_imag,634.645669291339,alpha_infinity,1024,0.00134248371583667,0.00131472255542527,-0.0666777662374882,0.0687621288007224,0.00105028022338613,0.00152044944888114,0.00100723819161441,0.00170914727961422,-0.000335245524222261,0.000394424724188948
im,R_imag,634.645669291339,lambda,1024,0.000512526755549914,0.00120201015860344,-0.0675040742303501,0.0669397766206855,0.000809123445290312,0.00157732985723925,0.000467409952750408,0.00129366913755023,-4.51168027995053e-05,9.16589789467879e-05
im,R_imag,634.645669291339,lambda_prime,1024,0.00381084671717635,0.0065649529143923,-0.0579112910488357,0.074164214935184,0.00557565998267331,0.00748638600955137,0.00286707716785395,0.00664431551699309,-0.000943769549322404,7.93626026007969e-05
im,R_imag,634.645669291339,k0_prime,1024,0.0151144859156475,0.0213549522635725,-0.0461780379092236,0.0828914933136994,0.0181844159077704,0.0255751552467465,0.0130810006345773,0.0219400838134317,-0.00203348528107017,0.000585131549859175
im,R_imag,672.834645669291,sigma,1024,0.975596471016283,0.980594643871521,0.972317366505616,0.977971136898862,0.908633175712792,1.03917241542009,0.976425459493951,0.981844558768915,0.000828988477667769,0.00124991489739434
im,R_imag,672.834645669291,alpha_infinity,1024,0.00248370557569377,0.00227161599727705,-0.0650065506825803,0.0711375450960107,0.00179005781748167,0.00260389736577982,0.00304526474930722,0.00258971623732938,0.000561559173613446,0.00031810024005233
im,R_imag,672.834645669291,lambda,1024,0.00131128838575378,0.00223144235408654,-0.0655224845812405,0.0698839605067391,0.0015452878725825,0.00289431097093165,0.00147540630422971,0.00204088241752259,0.000164117918475926,-0.000190559936563954
im,R_imag,672.834645669291,lambda_prime,1024,0.00352734683408806,0.00568010652114827,-0.0585567635036151,0.0746417091789094,0.00482508429679756,0.00647585627663321,0.00310270531381829,0.0057557831975503,-0.000424641520269775,7.56766764020396e-05
im,R_imag,672.834645669291,k0_prime,1024,0.0121175054677373,0.0172986831976243,-0.0501739570126807,0.0807390713804013,0.0143950113593869,0.0209858232835538,0.009049743570821,0.0164782694927994,-0.00306776189691627,-0.00082041370482492
im,R_imag,711.023622047244,sigma,1024,0.97668800598349,0.981311563917514,0.973395618834869,0.979227076777898,0.908208127573082,1.0403281617855,0.976887365762559,0.981491131335319,0.000199359779068708,0.00017956741780556
im,R_imag,711.023622047244,alpha_infinity,1024,0.00400303025822102,0.00376162503838246,-0.0630891279433887,0.0736727888062159,0.0029649969644623,0.00428998289581408,0.00302316085803778,0.00386348962772846,-0.000979869400183242,0.000101864589345994
im,R_imag,711.023622047244,lambda,1024,0.0023379819586028,0.00380570975893606,-0.0632899021951367,0.0730270484425934,0.00270830371964145,0.00488982659430569,0.00175775515991194,0.00371151457618191,-0.000580226798690853,-9.41951827541556e-05
im,R_imag,711.023622047244,lambda_prime,1024,0.00334747009654368,0.00487268523518105,-0.0591587320039908,0.0739067664655833,0.00414444373437031,0.0055638832149436,0.00311807289096122,0.0050748004856469,-0.00022939720558246,0.000202115250465856
im,R_imag,711.023622047244,k0_prime,1024,0.0100461641937655,0.0142253973160927,-0.0530852101411474,0.0799346635833483,0.0117072904267197,0.0173650179281964,0.00741585084092478,0.0138021489670851,-0.0026303133528407,-0.000423248349007642
im,R_imag,749.212598425197,sigma,1024,0.975612172415886,0.980328354043792,0.9723987015974,0.978478935586555,0.906420960117107,1.04059582354193,0.976749883072265,0.980504734837284,0.00113771065637946,0.000176380793492137
im,R_imag,749.212598425197,alpha_infinity,1024,0.00600165873627156,0.00596095448398944,-0.0608424947875346,0.0763895417765367,0.0047258271857118,0.00685152740783408,0.00526452490895069,0.00568742656370231,-0.000737133827320879,-0.000273527920287129
im,R_imag,749.212598425197,lambda,1024,0.00364955116858456,0.00608517776789732,-0.0607533239575293,0.0763273903204661,0.004443199928921,0.00773365947927518,0.00322382673465726,0.0060406068816586,-0.000425724433927299,-4.45708862387229e-05
im,R_imag,749.212598425197,lambda_prime,1024,0.00327113828289449,0.00414458534892988,-0.0597245339667913,0.0731390483786395,0.00353450656123807,0.00475117965374639,0.00269168038232304,0.00368036651972248,-0.000579457900571456,-0.000464218829207402
im,R_imag,749.212598425197,k0_prime,1024,0.00875205809018753,0.0120157556306208,-0.0550061734381615,0.0795027378381294,0.0099135896393936,0.0147322271319246,0.00665533044140865,0.011638663463875,-0.00209672764877888,-0.000377092166745857
im,R_imag,787.40157480315,sigma,1024,0.972074907763406,0.977551657786113,0.968153860869478,0.975725823864531,0.903213451130169,1.03981805746893,0.972799768667813,0.975690179389499,0.000724860904407043,-0.00186147839661455
im,R_imag,787.40157480315,alpha_infinity,1024,0.00860258596245289,0.00908286344532843,-0.0581644092889575,0.0793239342268931,0.00717871035044096,0.0104866024065779,0.0093856986644234,0.00939165789399915,0.000783112701970512,0.000308794448670727
im,R_imag,787.40157480315,lambda,1024,0.00531335863315119,0.00925302481172952,-0.0578488721385413,0.0797353762234904,0.00692421840969061,0.011554363967474,0.00405660618713044,0.0089563549897347,-0.00125675244602075,-0.000296669821994824
im,R_imag,787.40157480315,lambda_prime,1024,0.00329746996482538,0.00349752611018558,-0.0602644276019331,0.0723478513908657,0.00299604130578299,0.00403157581122004,0.00439342417748001,0.00323829208360756,0.00109595421265463,-0.000259234026578015
im,R_imag,787.40157480315,k0_prime,1024,0.00812570424247561,0.0105855884369432,-0.0559831079888462,0.0782699460120939,0.00894953450313793,0.0126409881030327,0.00629780063869489,0.00947214804336024,-0.00182790360378071,-0.00111344039358298
im,R_imag,825.590551181102,sigma,1024,0.965686416167275,0.972821356152491,0.961092990781864,0.970825490549748,0.898464602861506,1.03771866700745,0.966593819650987,0.972858247009423,0.000907403483711211,3.6890856932259e-05
im,R_imag,825.590551181102,alpha_infinity,1024,0.0119538045829092,0.013382559842971,-0.0549276789177668,0.0837027020388904,0.0104927064042555,0.0154849741701164,0.0136234333967605,0.0134313893433384,0.00166962881385135,4.88295003674317e-05
im,R_imag,825.590551181102,lambda,1024,0.00740750996686046,0.013514354092119,-0.0545003455662569,0.0831951871125934,0.0103564626537415,0.0166620516092141,0.00644125528798423,0.0136384347485337,-0.000966254678876233,0.000124080656414664
im,R_imag,825.590551181102,lambda_prime,1024,0.00342480448400306,0.00293373063422638,-0.0607891752754202,0.0719920250463268,0.00247560804455777,0.00338215224536249,0.00299582434588164,0.00260434784066974,-0.000428980138121426,-0.000329382793556646
im,R_imag,825.590551181102,k0_prime,1024,0.00808643594839564,0.00987713335639338,-0.0560247612820384,0.0782294607060553,0.0083507828046707,0.0111728168803897,0.00768150748434826,0.00925086699469767,-0.000404928464047383,-0.000626266361695714
im,R_imag,863.779527559055,sigma,1024,0.955962946256412,0.965915352935632,0.950247784345848,0.963458802021622,0.89234841132035,1.03388902139017,0.957472361893765,0.967515564779649,0.00150941563735363,0.00160021184401615
im,R_imag,863.779527559055,alpha_infinity,1024,0.0162320770057026,0.0191624463397711,-0.0509729297906845,0.0874502508869909,0.0149469478010976,0.0222610987072665,0.017537200482601,0.0184607325314804,0.00130512347689837,-0.00070171380829067
im,R_imag,863.779527559055,lambda,1024,0.0100211432165986,0.0190943303648957,-0.0506180663203242,0.0866462660754684,0.0149343367762327,0.0233610176753113,0.00964046698804444,0.0191326284981421,-0.0003806762285542,3.82981332463957e-05
im,R_imag,863.779527559055,lambda_prime,1024,0.00365053356028733,0.00245630996867337,-0.0613077381977749,0.0748066667077248,0.00206877503135417,0.00280673799680789,0.00305603411233613,0.00208249826089074,-0.000594499447951202,-0.000373811707782625
im,R_imag,863.779527559055,k0_prime,1024,0.00857413299700793,0.00985214539891727,-0.0559778101666215,0.0818870325065032,0.00847964731686975,0.0108862002033709,0.00764775237180748,0.00909673786420836,-0.000926380625200451,-0.000755407534708903
im,R_imag,901.968503937008,sigma,1024,0.942329359162801,0.956554277973755,0.933829637100921,0.952510879973617,0.884227947916407,1.0280430737515,0.943408700818455,0.955250465961381,0.00107934165565382,-0.00130381201237373
im,R_imag,901.968503937008,alpha_infinity,1024,0.0216470576271993,0.0267774422665595,-0.0460999665197821,0.0920762851484545,0.0208285960738427,0.0312906578533828,0.0234142762339121,0.026247418136757,0.00176721860671281,-0.000530024129802509
im,R_imag,901.968503937008,lambda,1024,0.0132544602920163,0.0262349826872764,-0.0478750339062202,0.0900244120992278,0.020790684152175,0.0318623676862172,0.0124716784439542,0.0258961453640945,-0.00078278184806202,-0.000338837323181854
im,R_imag,901.968503937008,lambda_prime,1024,0.00397085960180132,0.00206944104450406,-0.064349449597894,0.077326266993483,0.00174077802882157,0.00240015467657613,0.0050687947120911,0.00177976429748433,0.00109793511028977,-0.000289676747019729
im,R_imag,901.968503937008,k0_prime,1024,0.00954232689897339,0.0104862805400583,-0.0570301738958598,0.0856093964316875,0.00910932120444008,0.0117198124755854,0.00926328231475781,0.00973766042050172,-0.000279044584215571,-0.000748620119556629
im,R_imag,940.157480314961,sigma,1024,0.924124138150757,0.944407011070102,0.912229473415267,0.938203235802258,0.872877095573996,1.019814821324,0.92428831316583,0.945039809001702,0.000164175015072598,0.000632797931599649
im,R_imag,940.157480314961,alpha_infinity,1024,0.0284452786792873,0.03663972865752,-0.0400580699192907,0.0978635703404487,0.0284791552706053,0.0430112554912307,0.0305832600350718,0.0364235791816291,0.00213798135578458,-0.000216149475890902
im,R_imag,940.157480314961,lambda,1024,0.0172181386305055,0.0351900673074597,-0.0438665785890158,0.0932624124553776,0.028232022840344,0.042443517903807,0.0161704686959776,0.0350612714373248,-0.00104766993452787,-0.000128795870134903
im,R_imag,940.157480314961,lambda_prime,1024,0.00438054511065156,0.00177838610303252,-0.0670782925616744,0.0795658854875587,0.00149613184768783,0.00209913735578461,0.00384516978006499,0.00163108306156955,-0.000535375330586563,-0.000147303041462971
im,R_imag,940.157480314961,k0_prime,1024,0.0109522541364111,0.0117641940753438,-0.0574027173214093,0.0892442529124888,0.0104159660703063,0.013340819457342,0.0103896206171155,0.0112011860210786,-0.000562633519295641,-0.000563008054265228
im,R_imag,978.346456692913,sigma,1024,0.900609405772284,0.929098395245395,0.884784222291037,0.920335744892744,0.859559781234706,1.0087554911947,0.90098344485164,0.928094334960416,0.000374039079355515,-0.00100406028497924
im,R_imag,978.346456692913,alpha_infinity,1024,0.0369131074756964,0.0492216389107751,-0.0333424780422851,0.105088552663851,0.0383873156096628,0.0570569678993972,0.038906033485148,0.0482420522323173,0.00199292600945156,-0.000979586678457746
im,R_imag,978.346456692913,lambda,1024,0.0220315854817813,0.0462170171740434,-0.0382301135147085,0.096290181797643,0.0374557656304255,0.0553864716007562,0.0217596340311007,0.0468873613776218,-0.000271951450680596,0.000670344203578449
im,R_imag,978.346456692913,lambda_prime,1024,0.00487267718297235,0.00158936557870665,-0.0671924191244209,0.0827646823037169,0.00133978203832963,0.00188970188793357,0.00555955199847236,0.00132799793860736,0.000686874815500005,-0.000261367640099287
im,R_imag,978.346456692913,k0_prime,1024,0.0127674654054847,0.0136748272170449,-0.0570584620632706,0.0926243951368624,0.0118370270697885,0.0154722651252177,0.0135027755413211,0.0136493362834358,0.000735310135836387,-2.54909336091028e-05
im,R_imag,1016.53543307087,sigma,1024,0.870989943129855,0.910221293215521,0.850206453387227,0.897614254076813,0.842108255914497,0.993800677625879,0.871560470877406,0.908314198183817,0.000570527747550509,-0.00190709503170383
im,R_imag,1016.53543307087,alpha_infinity,1024,0.0473771876519119,0.0650544561542808,-0.0231533126892278,0.114075605438701,0.0512052507425921,0.0748123032361471,0.0489966994173419,0.0640115087556212,0.00161951176542996,-0.00104294739865968
im,R_imag,1016.53543307087,lambda,1024,0.027819272414745,0.0595645055085724,-0.0304651370805051,0.0999539742957205,0.0481591644885436,0.0709657372153283,0.0263673923908769,0.0593847576857248,-0.00145188002386809,-0.00017974782284759
im,R_imag,1016.53543307087,lambda_prime,1024,0.00543844276665906,0.00150926427482539,-0.0633017958384148,0.0855050505289533,0.00124918997541578,0.00176708337913183,0.0061261203890185,0.00129641284005851,0.000687677622359439,-0.000212851434766876
im,R_imag,1016.53543307087,k0_prime,1024,0.0149486430615866,0.0162063756551389,-0.0559486941143312,0.0941854215538184,0.0140563090367698,0.0184629744115236,0.0168828370868009,0.0164102768466334,0.00193419402521433,0.000203901191494507
im,R_imag,1054.72440944882,sigma,1024,0.834447183842722,0.887356261002806,0.80809870173042,0.869331242927951,0.820626687084451,0.970351301847339,0.834259677592974,0.885419090880413,-0.000187506249747948,-0.00193717012239325
im,R_imag,1054.72440944882,alpha_infinity,1024,0.0602000415186552,0.0847195074221864,-0.0114554394327608,0.125192898337883,0.0673429735061071,0.0971591479030196,0.0623547814497056,0.083968341562368,0.00215473993105042,-0.000751165859818395
im,R_imag,1054.72440944882,lambda,1024,0.0347041116407154,0.0754535564347973,-0.021396257021989,0.107856648865557,0.0608469478245759,0.0894288994955304,0.0338067601382633,0.0752732585871061,-0.000897351502452071,-0.000180297847691205
im,R_imag,1054.72440944882,lambda_prime,1024,0.0060668934439877,0.00154512008456185,-0.0636888346921622,0.0873772108642316,0.00123839097845962,0.00178736750009617,0.00766086157444845,0.00134954794715708,0.00159396813046075,-0.000195572137404768
im,R_imag,1054.72440944882,k0_prime,1024,0.0174483487628989,0.0193404500229541,-0.0493883746463581,0.0969198893784582,0.016553810597412,0.0224755782985814,0.0201836099115993,0.0200427377648473,0.00273526114870037,0.000702287741893213
im,R_imag,1092.91338582677,sigma,1024,0.790196507654199,0.860103457649455,0.758075389669078,0.834224149172632,0.794673821313867,0.941823603952252,0.791468260268449,0.860827909580061,0.00127175261425039,0.000724451930606218
im,R_imag,1092.91338582677,alpha_infinity,1024,0.0757674282805946,0.108826178172609,0.00308249176840381,0.13884002728833,0.0873943908598361,0.124454342882198,0.0760955917878957,0.106159611402414,0.000328163507301138,-0.00266656677019522
im,R_imag,1092.91338582677,lambda,1024,0.0427965413298367,0.0940495825236454,-0.0124769745050239,0.118320801914146,0.0754785323227496,0.110966430054584,0.0421941556657567,0.0954250157349537,-0.000602385664079996,0.00137543321130836
im,R_imag,1092.91338582677,lambda_prime,1024,0.00674467462015282,0.00170331666885176,-0.0639432554270289,0.0885810947974512,0.0014134562316025,0.00200636081715573,0.00756752360092439,0.00149068067852627,0.000822848980771562,-0.000212635990325484
im,R_imag,1092.91338582677,k0_prime,1024,0.0202055478104228,0.0230449814094486,-0.0464005115381745,0.0992165591917595,0.0197871236310771,0.02690921145247,0.0226703345514007,0.0236440862729926,0.00246478674097783,0.000599104863543965
im,R_imag,1131.10236220472,sigma,1024,0.737578255909641,0.828132618216836,0.699904551484541,0.791414331943859,0.76388620421306,0.907698416888394,0.735377158673219,0.825972136623921,-0.00220109723642181,-0.0021604815929156
im,R_imag,1131.10236220472,alpha_infinity,1024,0.0944628543150965,0.137969554386537,0.0210365423638311,0.155422855434878,0.11195649700072,0.157347081384275,0.0957358195790748,0.138119718902761,0.00127296526397835,0.000150164516223572
im,R_imag,1131.10236220472,lambda,1024,0.0521777863445946,0.115422540704979,-0.0018510375199503,0.12888296839955,0.0922362099873588,0.135666943072772,0.0510675845907315,0.116603525903799,-0.00111020175386312,0.00118098519882007
im,R_imag,1131.10236220472,lambda_prime,1024,0.00745570766250891,0.00198838311234455,-0.0639869957825054,0.0888999834118951,0.00164086161335299,0.00235429022398194,0.00840265677435748,0.00222176281043075,0.000946949111848561,0.000233379698086199
im,R_imag,1131.10236220472,k0_prime,1024,0.0231399828668306,0.0272655637766261,-0.0443017491701365,0.0994185535934181,0.023161038257384,0.0317535059356005,0.0270186156037645,0.0286924545410331,0.0038786327369339,0.00142689076440701
im,R_imag,1169.29133858268,sigma,1024,0.676193275447132,0.791257174264079,0.633757926102559,0.740610322042017,0.72805357172442,0.866948621098925,0.675020215037192,0.79126844548246,-0.0011730604099407,1.12712183805153e-05
im,R_imag,1169.29133858268,alpha_infinity,1024,0.116623748153329,0.172659064108729,0.0398136605837762,0.175310114159074,0.141561768915561,0.196387370184369,0.119807784273603,0.17205197605719,0.00318403612027462,-0.000607088051538168
im,R_imag,1169.29133858268,lambda,1024,0.0628759058191349,0.139493191378252,0.00513979269140985,0.133662879392531,0.111134827973373,0.163454823653995,0.0625197398483238,0.140149655902914,-0.000356165970811118,0.000656464524661809
im,R_imag,1169.29133858268,lambda_prime,1024,0.00818085229655385,0.0024013107479704,-0.0637196786146981,0.0880982664487675,0.00198361531728457,0.00296356335183562,0.00975939186731456,0.00225196574489205,0.00157853957076071,-0.000149345003078346
im,R_imag,1169.29133858268,k0_prime,1024,0.0261468597159433,0.0319152768266178,-0.0419975110905513,0.100604627301476,0.0269659643664945,0.0369748122237025,0.029707760514195,0.0332887146528425,0.00356090079825166,0.00137343782622466
im,R_imag,1207.48031496063,sigma,1024,0.606089780398671,0.749536425808576,0.55550056108977,0.681369907294122,0.68722204473351,0.821438082094342,0.607538260226379,0.749994571295858,0.00144847982770802,0.00045814548728107
im,R_imag,1207.48031496063,alpha_infinity,1024,0.14247419555502,0.213210287513484,0.0650532577549128,0.200287735812641,0.17675605329446,0.243985765331663,0.145459746116925,0.212597916196704,0.00298555056190419,-0.000612371316780075
im,R_imag,1207.48031496063,lambda,1024,0.0748341754823461,0.165966193334295,0.0155495511661001,0.147369479394563,0.132333192781325,0.194010182267719,0.073925507238418,0.164749795543666,-0.000908668243928101,-0.00121639779062907
im,R_imag,1207.48031496063,lambda_prime,1024,0.00889764839785889,0.00293735924085264,-0.0630207199204882,0.0859341263115385,0.00243476466168149,0.00377082141768495,0.0122566134638855,0.00285212474672478,0.00335896506602662,-8.52344941278602e-05
im,R_imag,1207.48031496063,k0_prime,1024,0.0290929143525847,0.0368637553942274,-0.0370089338179531,0.102273851882404,0.0306984064614579,0.0426017877821477,0.0342254403182551,0.0390057366958434,0.00513252596567049,0.00214198130161603
im,R_imag,1245.66929133858,sigma,1024,0.527995975125094,0.703402886928765,0.467436774794959,0.613696588621223,0.641822237567239,0.769524536607207,0.529841965341373,0.704826790939356,0.00184599021627918,0.00142390401059123
im,R_imag,1245.66929133858,alpha_infinity,1024,0.172032401028334,0.259597620225673,0.0962812166980331,0.233689006938167,0.218272435549287,0.29954879160413,0.173810295655553,0.257429817086008,0.00177789462721945,-0.00216780313966458
im,R_imag,1245.66929133858,lambda,1024,0.0878736894180968,0.194256630889513,0.0224869749756936,0.164105399441645,0.154582901422263,0.225947641939903,0.0877202516266105,0.193182392250005,-0.000153437791486355,-0.00107423863950865
im,R_imag,1245.66929133858,lambda_prime,1024,0.00958034160759791,0.00358348098896404,-0.0601456063898942,0.0821825357817881,0.00296702325839644,0.00471487091168742,0.0129290250475558,0.00334561225943054,0.00334868343995787,-0.000237868729533505
im,R_imag,1245.66929133858,k0_prime,1024,0.0318157307756836,0.0419274993687555,-0.0329557084342296,0.103235968330429,0.034434238814041,0.0494221898711752,0.0369421420392924,0.0447939870474,0.0051264112636088,0.00286648767864455
im,R_imag,1283.85826771654,sigma,1024,0.443568380537296,0.653798434717394,0.372953600617788,0.538299491516183,0.592805775356988,0.712784610474218,0.442200953862569,0.652738601734045,-0.00136742667472678,-0.00105983298334933
im,R_imag,1283.85826771654,alpha_infinity,1024,0.204999219086789,0.311278844387269,0.130522661277651,0.270131658198103,0.26249865841329,0.361779162754106,0.207911050641159,0.310618372831056,0.00291183155437025,-0.000660471556213238
im,R_imag,1283.85826771654,lambda,1024,0.101656302828099,0.22342617254634,0.0309948778130982,0.180501568576023,0.1778957622722,0.260384927618562,0.102965588008473,0.223865377314736,0.00130928518037454,0.000439204768396678
im,R_imag,1283.85826771654,lambda_prime,1024,0.0102005129878607,0.00431577820127967,-0.0598000795829547,0.0795337698837555,0.00359237835464023,0.00575850595267677,0.0127433549767491,0.00434342652128117,0.00254284198888832,2.7648320001507e-05
im,R_imag,1283.85826771654,k0_prime,1024,0.0341289510783708,0.0468650945170664,-0.0334422247319224,0.110867671234992,0.0386584181516265,0.0563109411495608,0.0395085630386418,0.050210925556893,0.00537961196027104,0.00334583103982659
im,R_imag,1322.04724409449,sigma,1024,0.355589427439633,0.602282831829589,0.275440660851654,0.461336053767186,0.541753594147083,0.652883742363854,0.359776523460354,0.601854791231781,0.00418709602072131,-0.000428040597808876
im,R_imag,1322.04724409449,alpha_infinity,1024,0.240648284992683,0.367025428751899,0.168566698380819,0.308260199685863,0.310590926299693,0.427647392470726,0.241941616847815,0.363296187315891,0.00129333185513136,-0.00372924143600772
im,R_imag,1322.04724409449,lambda,1024,0.115659863985741,0.252156891865147,0.0409547490837838,0.195700046276641,0.200583132271372,0.29359837885413,0.11818335985955,0.252585822193882,0.00252349587380851,0.000428930328735033
im,R_imag,1322.04724409449,lambda_prime,1024,0.010728693116369,0.00509779960871729,-0.0559051433224114,0.0700098336361377,0.00420099236330776,0.00683999118022302,0.0153757263178199,0.00504193626747701,0.00464703320145088,-5.58633412402762e-05
im,R_imag,1322.04724409449,k0_prime,1024,0.0358362071257434,0.0513826052800927,-0.0316062864658502,0.110540155426327,0.0426999740151318,0.0620235496361886,0.0424597195397599,0.0542895834007611,0.00662351241401649,0.00290697812066832
im,R_imag,1360.23622047244,sigma,1024,0.268010778706628,0.551057692369836,0.179502505799408,0.386579124536916,0.49273454689772,0.594756683476648,0.270515338700164,0.552982971527141,0.00250455999353594,0.00192527915730512
im,R_imag,1360.23622047244,alpha_infinity,1024,0.277755910224918,0.424820107276949,0.211614598921513,0.345819329342092,0.362619679739241,0.48864408382836,0.277527058417579,0.421878823358057,-0.000228851807338892,-0.00294128391889203
im,R_imag,1360.23622047244,lambda,1024,0.129182912453456,0.278799117841084,0.0520771502702706,0.208747389070542,0.222340669973208,0.324373150096933,0.129665100194728,0.278193583326871,0.0004821877412714,-0.000605534514213635
im,R_imag,1360.23622047244,lambda_prime,1024,0.0111372318298484,0.00588083620711704,-0.0494101220812408,0.0705701118518316,0.00472275247759271,0.00787836432897732,0.0140224495675645,0.00569135205352021,0.00288521773771611,-0.000189484153596833
im,R_imag,1360.23622047244,k0_prime,1024,0.0367553276085962,0.0551546428640162,-0.0290494103359944,0.100188943630973,0.045717306538975,0.0663832312458434,0.0414038686812548,0.0581593654573242,0.00464854107265855,0.00300472259330802
im,R_imag,1398.42519685039,sigma,1024,0.185728115272647,0.502842929368013,0.0895372202872261,0.309954867668017,0.44855770742903,0.545390364577216,0.187330923748541,0.503640918378602,0.00160280847589456,0.000797989010589029
im,R_imag,1398.42519685039,alpha_infinity,1024,0.31462074006249,0.481900899184139,0.255717112939868,0.381320160881828,0.414105469964608,0.546730196858644,0.315961974714577,0.480114877123189,0.0013412346520868,-0.00178602206095069
im,R_imag,1398.42519685039,lambda,1024,0.141396006737353,0.301524173308466,0.0638872521853882,0.219110287982662,0.241644358794421,0.351111265500608,0.14572612601151,0.300094880514008,0.00433011927415705,-0.00142929279445769
im,R_imag,1398.42519685039,lambda_prime,1024,0.0114043040630823,0.0066073745052109,-0.0469164475096242,0.0745510364288597,0.00517039280059084,0.00878407879949031,0.0144507558602318,0.00642407129146487,0.00304645179714946,-0.000183303213746024
im,R_imag,1398.42519685039,k0_prime,1024,0.0367508930753782,0.0578637489445346,-0.0267541571105816,0.0990362141141462,0.0472376741625044,0.0692989075017372,0.0417371458528366,0.0609238759837456,0.00498625277745846,0.00306012703921101
im,R_imag,1436.61417322835,sigma,1024,0.114024000201113,0.460570579352925,0.00287020720004461,0.237782056717783,0.412145883716065,0.500406237092648,0.116873818490335,0.460205521354097,0.00284981828922259,-0.000365057998827745
im,R_imag,1436.61417322835,alpha_infinity,1024,0.349214138458486,0.535014322936495,0.295891357470389,0.414846451220271,0.461443938913642,0.611033307077613,0.349462695105171,0.531282649937132,0.000248556646684661,-0.00373167299936306
im,R_imag,1436.61417322835,lambda,1024,0.15144622448965,0.318583604696601,0.0660478831473937,0.224817764989752,0.257231042252129,0.371047270199493,0.155320980256366,0.318811253938817,0.00387475576671636,0.000227649242216021
im,R_imag,1436.61417322835,lambda_prime,1024,0.0115182778869291,0.00721814949234144,-0.0441277004967351,0.0786036518899255,0.00554320271873112,0.00947356424293339,0.0152153388131742,0.00699608062097796,0.00369706092624511,-0.000222068871363477
im,R_imag,1436.61417322835,k0_prime,1024,0.0357679559413011,0.0592537991146705,-0.0247990279847961,0.0956044412231114,0.0477574894673392,0.0715074347640576,0.0404877088938311,0.0614563486964793,0.00471975295253002,0.00220254958180878
im,R_imag,1474.8031496063,sigma,1024,0.0577411804927463,0.426930020276263,-0.0646510307340349,0.191663327911037,0.380052914661715,0.468931278564557,0.0613070173205025,0.426267358287076,0.00356583682775613,-0.000662661989186186
im,R_imag,1474.8031496063,alpha_infinity,1024,0.379461491459295,0.580873713349006,0.322925917146023,0.442609204160114,0.502309503695439,0.660606836917789,0.380199274628074,0.578397559706232,0.000737783168779593,-0.00247615364277376
im,R_imag,1474.8031496063,lambda,1024,0.158599300870999,0.328625893310252,0.0643156399863013,0.232973786383428,0.268015268314634,0.383127353687966,0.162787204585861,0.329625175256753,0.00418790371486211,0.000999281946501063
im,R_imag,1474.8031496063,lambda_prime,1024,0.0114810406697518,0.00766174996409748,-0.0413892102860318,0.0811951314398653,0.00590115250674346,0.00996609668507346,0.013332208702897,0.00728468069764143,0.00185116803314522,-0.000377069266456052
im,R_imag,1474.8031496063,k0_prime,1024,0.0338552786458309,0.0591840217843664,-0.0265047539329759,0.0896619511352972,0.0476912666533203,0.0717460927046691,0.0367323030754573,0.0609633225553211,0.00287702442962634,0.00177930077095469
im,R_imag,1512.99212598425,sigma,1024,0.0204032123470946,0.403883708373292,-0.114943820979691,0.156460027283905,0.360842661007525,0.446367772474828,0.0234614973268393,0.400878130115419,0.0030582849797447,-0.00300557825787257
im,R_imag,1512.99212598425,alpha_infinity,1024,0.403591967385886,0.616718549819301,0.352700401676736,0.466185530874688,0.532809532684441,0.694203679173263,0.405287098140156,0.615454632601321,0.00169513075426975,-0.00126391721798014
im,R_imag,1512.99212598425,lambda,1024,0.162379560788494,0.330974174055557,0.0604729633982487,0.240038890403265,0.273276519255299,0.385669096519325,0.167781110443998,0.331479902683671,0.00540154965550366,0.000505728628113877
im,R_imag,1512.99212598425,lambda_prime,1024,0.0113087798028885,0.00790408763397057,-0.0420976317448878,0.0793835100580248,0.00612932560292557,0.010303693829019,0.0152604475758564,0.00767508548763106,0.00395166777296796,-0.000229002146339508
im,R_imag,1512.99212598425,k0_prime,1024,0.0311667506374002,0.0576644946822739,-0.0278933539712951,0.0864728574468062,0.0467275431605594,0.0707566506363011,0.0342977951751247,0.0588687198497362,0.0031310445377245,0.0012042251674623
im,R_imag,1551.1811023622,sigma,1024,0.00358082150616912,0.392317655011349,-0.138700753829896,0.14218410655138,0.352646818209098,0.4382446116773,0.0059112190109647,0.39054716446806,0.00233039750479558,-0.00177049054328898
im,R_imag,1551.1811023622,alpha_infinity,1024,0.420445942902168,0.640796212158992,0.371391625440254,0.48413900753105,0.553986339640159,0.719127087571086,0.419982277819177,0.637708688942573,-0.000463665082991338,-0.0030875232164187
im,R_imag,1551.1811023622,lambda,1024,0.162658399841221,0.325761367142249,0.0558548742078504,0.241659903960211,0.27279145580069,0.378951520776592,0.171037891352698,0.32462230663259,0.0083794915114771,-0.00113906050965967
im,R_imag,1551.1811023622,lambda_prime,1024,0.0110294862052336,0.00793440500682064,-0.0385631486196361,0.0731581028330838,0.00614160150697541,0.0102114884552924,0.0140092085781593,0.00766309512729859,0.00297972237292576,-0.000271309879522056
im,R_imag,1551.1811023622,k0_prime,1024,0.0279368571222891,0.0548576011494126,-0.0314325445610617,0.0816962489266588,0.043924343362301,0.0680376911424894,0.032855005144482,0.0586643113834256,0.00491814802219293,0.00380671023401305
im,R_imag,1589.37007874016,sigma,1024,0.00672925420930781,0.391950873164561,-0.139186128318607,0.144809186390527,0.347358340835044,0.447279357450104,0.00677251595027761,0.390818747939191,4.32617409698022e-05,-0.00113212522536971
im,R_imag,1589.37007874016,alpha_infinity,1024,0.429634601812091,0.652600261954425,0.379572151483861,0.493378476734214,0.565981202598615,0.736841423288669,0.428621234066694,0.649790524134838,-0.00101336774539706,-0.00280973781958693
im,R_imag,1589.37007874016,lambda,1024,0.159659036294007,0.313870172846952,0.0560542354275512,0.238258172019482,0.261117635016248,0.364191673889568,0.165454978456796,0.313301189254801,0.00579594216278889,-0.000568983592151628
im,R_imag,1589.37007874016,lambda_prime,1024,0.0106778119070335,0.0077656394418807,-0.0374645908377005,0.0638705284718876,0.00604732201048777,0.00993762338775433,0.0127431658483946,0.00751252317333012,0.00206535394136109,-0.000253116268550586
im,R_imag,1589.37007874016,k0_prime,1024,0.0244371720328619,0.0510432423832311,-0.0373452841588404,0.0760758752562399,0.0402577092787224,0.0638986189401724,0.0277147953497607,0.0536656002505868,0.00327762331689885,0.00262235786735567
im,R_imag,1627.55905511811,sigma,1024,0.0275212791299948,0.401517758007194,-0.118659703724131,0.161759638068622,0.34969863214624,0.461765651724311,0.0294144388251834,0.399771205878198,0.00189315969518855,-0.0017465521289966
im,R_imag,1627.55905511811,alpha_infinity,1024,0.431509360727269,0.652803293508638,0.381936603552241,0.494585445571726,0.567604734028979,0.744212174438628,0.429551287285227,0.650061945407281,-0.00195807344204191,-0.00274134810135751
im,R_imag,1627.55905511811,lambda,1024,0.15388088484343,0.296708304716987,0.0531803565694851,0.232732775435932,0.243786742790974,0.343214422077751,0.159649815322723,0.297310688756342,0.00576893047929306,0.000602384039355308
im,R_imag,1627.55905511811,lambda_prime,1024,0.0102890252229288,0.00742936369833126,-0.0382066743121683,0.0564390168956657,0.00572983433848531,0.00946974812126122,0.0104033308206883,0.00727871130514238,0.00011430559775949,-0.000150652393188889
im,R_imag,1627.55905511811,k0_prime,1024,0.0209288425436427,0.0465609573268634,-0.0406915613218073,0.0716413461620441,0.0363993355339941,0.0587566541485457,0.0224711244569222,0.0482709879672587,0.00154228191327954,0.00171003064039533
im,R_imag,1665.74803149606,sigma,1024,0.0625010196774736,0.419127493207185,-0.0824433102604665,0.184039867547983,0.364131728238739,0.481844443776571,0.0635425628407716,0.413219076126282,0.00104154316329808,-0.00590841708090301
im,R_imag,1665.74803149606,alpha_infinity,1024,0.426979211320918,0.642950860169462,0.379176539001907,0.490339553058811,0.561317052085671,0.726514726366383,0.427827025432605,0.641097355896045,0.000847814111687106,-0.00185350427341702
im,R_imag,1665.74803149606,lambda,1024,0.145978382057568,0.275911103362752,0.0477379165665262,0.223006099197274,0.226683766693302,0.323406066342312,0.152609715308287,0.277735802611896,0.0066313332507183,0.00182469924914397
im,R_imag,1665.74803149606,lambda_prime,1024,0.00989395967840845,0.00696764823343473,-0.0404383592880557,0.0558128265317385,0.00533047452531123,0.00888845547319553,0.00980600967859235,0.00678665025260371,-8.79499998160949e-05,-0.000180997980831021
im,R_imag,1665.74803149606,k0_prime,1024,0.0176258437077688,0.0417496999312577,-0.0409230299097194,0.0697597243079393,0.03233539037292,0.0530530840766963,0.0180044397599625,0.043583264486353,0.000378596052193703,0.00183356455509528
im,R_imag,1703.93700787402,sigma,1024,0.107803231489979,0.442660010441449,-0.0332933216892293,0.223103494725188,0.382834449354254,0.505464630764823,0.109043938356061,0.437637919174416,0.00124070686608257,-0.00502209126703329
im,R_imag,1703.93700787402,alpha_infinity,1024,0.417261876316111,0.625056657766386,0.368918989776007,0.477930012659267,0.547470928318522,0.702088498948668,0.420537839604402,0.627755570828389,0.00327596328829094,0.0026989130620021
im,R_imag,1703.93700787402,lambda,1024,0.136638376941562,0.253070637760946,0.042330487194892,0.209509029390042,0.209076498930863,0.293324187655449,0.140537828150972,0.249987822485292,0.00389945120941027,-0.00308281527565432
im,R_imag,1703.93700787402,lambda_prime,1024,0.00951608501096113,0.00642481927447108,-0.0428750639702455,0.0591640138452451,0.00492530607282877,0.00818427731969645,0.00892161961808169,0.00598405238365234,-0.00059446539287944,-0.000440766890818734
im,R_imag,1703.93700787402,k0_prime,1024,0.0146766373255748,0.0369024288504795,-0.0411329070065352,0.0681589339382642,0.0282973338992916,0.0471841254407348,0.0148393192130354,0.0401091302691501,0.000162681887460603,0.00320670141867065
im,R_imag,1742.12598425197,sigma,1024,0.159735569990503,0.470086956018614,0.0245862223591414,0.267811610183546,0.406094030595986,0.532883815813419,0.157877783497279,0.465935969550016,-0.00185778649322388,-0.00415098646859757
im,R_imag,1742.12598425197,alpha_infinity,1024,0.403651858954796,0.601231409212707,0.354787902815051,0.460639045821106,0.526767636735251,0.67543064865042,0.403891365267849,0.602319915157175,0.000239506313052362,0.00108850594446785
im,R_imag,1742.12598425197,lambda,1024,0.126487702664335,0.22955227106189,0.0414667045090578,0.193323042182624,0.19071950728515,0.264135859766064,0.131712336988694,0.229477334781946,0.00522463432435927,-7.49362799438158e-05
im,R_imag,1742.12598425197,lambda_prime,1024,0.00917078372528413,0.00584124574635483,-0.0441974077782057,0.0622179920738745,0.00449476376108952,0.0074144710860008,0.00829296234836396,0.00556512100878227,-0.000877821376920163,-0.000276124737572554
im,R_imag,1742.12598425197,k0_prime,1024,0.0121633746255194,0.0322425928135866,-0.0411527444920337,0.0697319604268787,0.0245416438090973,0.0414609078499319,0.0126703961306905,0.0344757170745261,0.000507021505171124,0.00223312426093948
im,R_imag,1780.31496062992,sigma,1024,0.215136462251769,0.499669361139573,0.0874684115559002,0.315031226930683,0.43523385624599,0.563330959801713,0.214565556034941,0.494580223436331,-0.00057090621682776,-0.00508913770324282
im,R_imag,1780.31496062992,alpha_infinity,1024,0.387353472435178,0.573420010841837,0.337730721960988,0.442327866893886,0.502937808887315,0.643930139524907,0.389751569567986,0.574859682419435,0.00239809713280725,0.00143967157759739
im,R_imag,1780.31496062992,lambda,1024,0.116041838056764,0.206410653235601,0.0403951857272001,0.17740364109085,0.172496589644559,0.237206735472514,0.120054891369502,0.20396315614107,0.0040130533127386,-0.00244749709453129
im,R_imag,1780.31496062992,lambda_prime,1024,0.00886620828810469,0.00524989223346785,-0.0414827094445991,0.0641302441071604,0.00405866194634949,0.00662688679110004,0.00799461878593744,0.00475982133581203,-0.000871589502167258,-0.000490070897655822
im,R_imag,1780.31496062992,k0_prime,1024,0.0101126322185811,0.0279202529798593,-0.0384177732525743,0.071956368661825,0.0209756835819483,0.0360982963302037,0.00962774806788635,0.0297711550712773,-0.000484884150694698,0.00185090209141801
im,R_imag,1818.50393700787,sigma,1024,0.271520541510418,0.530038410834681,0.152332355170837,0.362762357233107,0.461326861390147,0.595743119274534,0.271589849225302,0.523168954320408,6.93077148845589e-05,-0.00686945651427251
im,R_imag,1818.50393700787,alpha_infinity,1024,0.369388875427344,0.543260362042448,0.320368790576038,0.429165016866406,0.47645498733031,0.613290840561443,0.37163757344295,0.547298336043471,0.0022486980156059,0.00403797400102235
im,R_imag,1818.50393700787,lambda,1024,0.105689447979712,0.184383999290802,0.0374518752950143,0.163564608770614,0.154560570727981,0.214499083159581,0.107645743704485,0.183799738610972,0.00195629572477263,-0.000584260679829501
im,R_imag,1818.50393700787,lambda_prime,1024,0.00860490656096091,0.00467528777439321,-0.0375368789373787,0.0658972197080028,0.00363356490372412,0.00585765898729977,0.00683895009964985,0.00456185978553031,-0.00176595646131106,-0.000113427988862899
im,R_imag,1818.50393700787,k0_prime,1024,0.00851084580219164,0.0240209317933197,-0.040330908781989,0.0721950716929016,0.0178520807193684,0.0314772035090533,0.00604412141700716,0.0250976417797116,-0.00246672438518447,0.00107670998639186
im,R_imag,1856.69291338583,sigma,1024,0.327073237274965,0.560193097326383,0.216905991205233,0.409581629943929,0.487822311697305,0.625659545323902,0.327227190386426,0.556307423276311,0.000153953111460714,-0.00388567405007112
im,R_imag,1856.69291338583,alpha_infinity,1024,0.350567262584287,0.512039837237217,0.301803718049465,0.412888213841619,0.44955955789366,0.580807924235287,0.351423621970006,0.513434673767837,0.000856359385719041,0.00139483653061967
im,R_imag,1856.69291338583,lambda,1024,0.0957006273766661,0.16393467930452,0.0288322787486041,0.148733054049245,0.135984166700241,0.192117461950409,0.0996730638101375,0.162790803115001,0.00397243643347145,-0.001143876189519
im,R_imag,1856.69291338583,lambda_prime,1024,0.00838557148198082,0.00413409008892136,-0.0355403597442261,0.0667484656711611,0.00323115625068862,0.005131542359604,0.00674976550274609,0.00400534554947357,-0.00163580597923474,-0.00012874453944779
im,R_imag,1856.69291338583,k0_prime,1024,0.00731943686074454,0.020580067698724,-0.0430126955478183,0.0704504304107647,0.015125894558244,0.0271069134486627,0.00548382373623268,0.0215267057494775,-0.00183561312451186,0.000946638050753457
im,R_imag,1894.88188976378,sigma,1024,0.38056249520988,0.589452126787733,0.279595750584412,0.454546603186987,0.516023810669717,0.653687668342729,0.381809044549794,0.585569435075704,0.00124654933991397,-0.00388269171202882
im,R_imag,1894.88188976378,alpha_infinity,1024,0.331493504251712,0.480713735197492,0.279133338557364,0.392007498089724,0.422595924771839,0.547609877000116,0.333638112016019,0.483412525741713,0.00214460776430658,0.00269879054422106
im,R_imag,1894.88188976378,lambda,1024,0.086246850951744,0.145308371882033,0.0211641437882247,0.140748527668044,0.119294172341474,0.167545431161833,0.087075480602428,0.14209389933419,0.000828629650683976,-0.00321447254784274
im,R_imag,1894.88188976378,lambda_prime,1024,0.00820455033344292,0.00363643640277339,-0.0363130203758231,0.0670901029791817,0.00284818052468628,0.00445571926926111,0.00465379810988253,0.0035272598120389,-0.00355075222356038,-0.000109176590734495
im,R_imag,1894.88188976378,k0_prime,1024,0.00648707061851539,0.0175980086684756,-0.0456605889071333,0.0681524683868736,0.0127920341065826,0.0232810176012773,0.00496970128611796,0.0199505237289015,-0.00151736933239743,0.00235251506042588
im,R_imag,1933.07086614173,sigma,1024,0.431219878896249,0.617388841491428,0.340505505367109,0.497086221868171,0.543892414814852,0.67957329113423,0.432404128294021,0.612369857237371,0.00118424939777184,-0.00501898425405711
im,R_imag,1933.07086614173,alpha_infinity,1024,0.31259675936538,0.44995431895472,0.257403457530532,0.371309315538334,0.396104838407955,0.51452259872974,0.313675907713624,0.450292948925158,0.0010791483482443,0.000338629970437931
im,R_imag,1933.07086614173,lambda,1024,0.0774240318103204,0.12859372670799,0.0156005991443422,0.13465481453265,0.106178452492689,0.150885483294424,0.0802102241414686,0.127386377690954,0.00278619233114819,-0.00120734901703581
im,R_imag,1933.07086614173,lambda_prime,1024,0.00805698271151978,0.00318750128396275,-0.039277488247156,0.067020365382338,0.00249811100007992,0.00389257591266793,0.00774381850944161,0.00332187517637523,-0.000313164202078164,0.000134373892412472
im,R_imag,1933.07086614173,k0_prime,1024,0.00595836413090933,0.0150528630073114,-0.0475429122042179,0.0654613618331625,0.0107592759867082,0.0199826940273187,0.00378595320854835,0.0169102067563255,-0.00217241092236098,0.00185734374901408
im,R_imag,1971.25984251968,sigma,1024,0.47862286761002,0.643766691560462,0.395606022545533,0.538335749046763,0.570547374457396,0.704405016383815,0.479993636367071,0.639283309714506,0.00137076875705111,-0.00448338184595642
im,R_imag,1971.25984251968,alpha_infinity,1024,0.294165524648872,0.42020894693446,0.23505477756302,0.353430992742775,0.370453694869491,0.482122972277754,0.294726836208211,0.421353958742881,0.000561311559339472,0.00114501180842097
im,R_imag,1971.25984251968,lambda,1024,0.0692738324491065,0.113773514150516,0.0107494994776894,0.128980203960023,0.0945703806767187,0.135955992248563,0.0714066789802343,0.112110472166366,0.00213284653112789,-0.00166304198414936
im,R_imag,1971.25984251968,lambda_prime,1024,0.00793757654424099,0.0027889341544152,-0.0374607176269626,0.0676241338475017,0.00219026007617919,0.00338538146877889,0.00693309508096995,0.002604174522531,-0.00100448146327103,-0.000184759631884202
im,R_imag,1971.25984251968,k0_prime,1024,0.00567940517301835,0.0129103047816074,-0.0488196767569087,0.0664861887066618,0.00901466674265542,0.0171767876428374,0.00333792446018211,0.0143600368469158,-0.00234148071283624,0.00144973206530847
im,R_imag,2009.44881889764,sigma,1024,0.522593617041729,0.668483687518393,0.448017760972862,0.574830889747985,0.595794249875953,0.733352571212832,0.520918193385752,0.663499056769443,-0.00167542365597706,-0.0049846307489505
im,R_imag,2009.44881889764,alpha_infinity,1024,0.276381379502398,0.391755206417129,0.21829807164813,0.340230100996401,0.348769134931032,0.450793917921337,0.27755222883678,0.39400622649859,0.00117084933438227,0.00225102008146139
im,R_imag,2009.44881889764,lambda,1024,0.061801177959203,0.100764393434475,0.00689456896501761,0.123734553565914,0.0843165056268039,0.122472999873313,0.0629543717110345,0.0989042047974171,0.00115319375183143,-0.00186018863705806
im,R_imag,2009.44881889764,lambda_prime,1024,0.00784109198044136,0.00244003849039615,-0.0389728309030977,0.0682077741013001,0.00192367206039131,0.00301688653969269,0.00453410486245409,0.00244907870428088,-0.00330698711798727,9.04021388472512e-06
im,R_imag,2009.44881889764,k0_prime,1024,0.0056008300890702,0.0111304418314683,-0.0495926435584928,0.0678787684586816,0.00765810643004848,0.0148356774814347,0.00313397134346205,0.0127626806590318,-0.00246685874560815,0.00163223882756347
im,R_imag,2047.63779527559,sigma,1024,0.563118866086656,0.691528435991764,0.496514534920959,0.610887177113972,0.619549693399837,0.76004560004321,0.562562439839166,0.687588012429085,-0.000556426247489639,-0.00394042356267843
im,R_imag,2047.63779527559,alpha_infinity,1024,0.259347897210944,0.364747696403098,0.199834762243148,0.32612620093257,0.32303621137593,0.420773469467294,0.260958666893604,0.367685208277929,0.00161076968266005,0.00293751187483038
im,R_imag,2047.63779527559,lambda,1024,0.0549876031825886,0.0894457756390061,0.00174881918906111,0.118828716766823,0.0747780500606304,0.11039033443709,0.055673410580131,0.0864958565499358,0.000685807397542426,-0.00294991908907023
im,R_imag,2047.63779527559,lambda_prime,1024,0.00776261472789697,0.00213866822451742,-0.0427521546138518,0.0683256126964985,0.001676107966242,0.00268897245765233,0.00534854799266904,0.00216253809312579,-0.00241406673522793,2.38698686083716e-05
im,R_imag,2047.63779527559,k0_prime,1024,0.00567922390611286,0.00967228151697012,-0.0500458504237786,0.0687362519125413,0.00655626484419902,0.0129299595057429,0.00391652243646001,0.0110139175197976,-0.00176270146965285,0.00134163600282749
im,R_imag,2085.82677165354,sigma,1024,0.600290077656247,0.712947275317656,0.541150150748152,0.644587924700418,0.641805066394401,0.784523927115174,0.60153696311136,0.710087558888492,0.0012468854551122,-0.00285971642916438
im,R_imag,2085.82677165354,alpha_infinity,1024,0.243113741043558,0.33925512566914,0.182712704592484,0.30990767457085,0.300420055079152,0.39219513179964,0.245218219809487,0.340450201132245,0.00210447876592856,0.00119507546310527
im,R_imag,2085.82677165354,lambda,1024,0.0488008823234106,0.0796796487327513,-0.00493705343300466,0.111969882078001,0.0666340867029215,0.099515461718042,0.0500888270465912,0.0770584451863505,0.00128794472318061,-0.00262120354640082
im,R_imag,2085.82677165354,lambda_prime,1024,0.0076976895783204,0.00188187198198565,-0.0461046508088945,0.0680516988788261,0.00146860201060987,0.00240060845500434,0.00599558910636278,0.00200202603796184,-0.00170210047195762,0.000120154055976188
im,R_imag,2085.82677165354,k0_prime,1024,0.00587746537157718,0.00849641523273453,-0.0499811969333026,0.0691224471817238,0.00570548692923449,0.0113708796090162,0.00415521666195806,0.00951498753319062,-0.00172224870961912,0.00101857230045609
im,R_imag,2124.0157480315,sigma,1024,0.634260577695531,0.732820743070628,0.582064632730986,0.673441022897532,0.66259951560032,0.806876154306975,0.636824004260077,0.731384523654747,0.00256342656454589,-0.00143621941588079
im,R_imag,2124.0157480315,alpha_infinity,1024,0.227690269790066,0.315288413462058,0.166381783081781,0.294527059652767,0.279624011109778,0.36424866952634,0.228488792190281,0.315081047641222,0.000798522400214052,-0.000207365820836136
im,R_imag,2124.0157480315,lambda,1024,0.0432016728844262,0.0713235189829818,-0.00998221697272106,0.108296829496596,0.0596579712141101,0.0892042728100907,0.0436430415443329,0.069384523176501,0.000441368659906627,-0.00193899580648083
im,R_imag,2124.0157480315,lambda_prime,1024,0.00764236733001689,0.00166633489345897,-0.0489063956596174,0.0674491054502857,0.00132056362378568,0.0021549719141199,0.00636240015008471,0.00173768160543481,-0.00127996717993217,7.13467119758389e-05
im,R_imag,2124.0157480315,k0_prime,1024,0.00616446659685632,0.00756647057986772,-0.0497448263701026,0.0687189183321933,0.00506748683225489,0.0101136449538812,0.0044772285003799,0.00828307873481949,-0.00168723809647642,0.000716608154951767
im,R_imag,2162.20472440945,sigma,1024,0.665215944799623,0.75124732133477,0.619446390008629,0.700038893386333,0.68226962706026,0.823658377643896,0.666570131580773,0.749169242154436,0.0013541867811494,-0.00207807918033442
im,R_imag,2162.20472440945,alpha_infinity,1024,0.213064508911777,0.292821272833018,0.150527065480054,0.279968801173918,0.259184283705152,0.337328661128529,0.213204292936511,0.292415974794246,0.000139784024734468,-0.00040529803877204
im,R_imag,2162.20472440945,lambda,1024,0.0381479131452374,0.0642384001719238,-0.0148595212840832,0.104595497470739,0.0531517513673705,0.0802028301367246,0.0391462972282068,0.0632796179730916,0.000998384082969483,-0.000958782198832178
im,R_imag,2162.20472440945,lambda_prime,1024,0.00759320171952216,0.00148866819257405,-0.05000556337421,0.0671975199935063,0.00117155311983558,0.00195177003537316,0.00591135601338477,0.00164990525858019,-0.00168184570613739,0.000161237066006139
im,R_imag,2162.20472440945,k0_prime,1024,0.00651460603552245,0.00684975803064723,-0.049301703277657,0.06870438696049,0.00456238452774719,0.00916236060998312,0.00480260633575191,0.00802741794353225,-0.00171199969977054,0.00117765991288502
im,R_imag,2200.3937007874,sigma,1024,0.693354235606132,0.76833258553164,0.653506463758835,0.724978087692131,0.700091882740798,0.840138804855385,0.695426691847508,0.765685440564044,0.00207245624137664,-0.00264714496759566
im,R_imag,2200.3937007874,alpha_infinity,1024,0.199208455296868,0.271804892505755,0.138946642452638,0.267940112571037,0.239974388208464,0.315255023104906,0.199894837538788,0.27241883755977,0.000686382241920414,0.000613945054015297
im,R_imag,2200.3937007874,lambda,1024,0.0335976043306951,0.0582933904576503,-0.0191352089151613,0.100887494110072,0.0478401564048961,0.0724045329002384,0.0340269532489464,0.0555488971098983,0.000429348918251304,-0.00274449334775192
im,R_imag,2200.3937007874,lambda_prime,1024,0.00754721994228702,0.00134558947100052,-0.0491998987473277,0.0670747239794839,0.00102625771167146,0.00178149409012404,0.00642919148627785,0.00149597352654605,-0.00111802845600917,0.000150384055545534
im,R_imag,2200.3937007874,k0_prime,1024,0.00690704005592224,0.00631741924002577,-0.048699939530813,0.0679954714380439,0.00427760161737649,0.00844487226976789,0.00494772741432625,0.00731443808441442,-0.00195931264159599,0.00099701884438865
im,R_imag,2238.58267716535,sigma,1024,0.718873259584328,0.78418222640384,0.684461592489355,0.750103939724066,0.716962314231172,0.859251219586995,0.720269430489331,0.78121735097499,0.00139617090500255,-0.00296487542885016
im,R_imag,2238.58267716535,alpha_infinity,1024,0.1860856002186,0.252178170553661,0.126679443051081,0.256588346418192,0.222210372124121,0.292872002650324,0.188259559845333,0.25188676834984,0.00217395962673306,-0.000291402203820457
im,R_imag,2238.58267716535,lambda,1024,0.0295104710069123,0.0533679826065648,-0.0228682219718499,0.100137342720671,0.0435502892017687,0.0657059362708724,0.0301648848161334,0.0511122141532687,0.000654413809221155,-0.00225576845329611
im,R_imag,2238.58267716535,lambda_prime,1024,0.00750188111177652,0.00123402712906262,-0.0497015072309426,0.0678033742940597,0.000926920593358285,0.00164161406477974,0.00687456648681117,0.00127776973182869,-0.000627314624965347,4.37426027660632e-05
im,R_imag,2238.58267716535,k0_prime,1024,0.00732500032870531,0.0059442863101659,-0.0479794494711521,0.0687312992811033,0.00418802534498829,0.00790933389183998,0.00638338038389885,0.00626349448198097,-0.00094161994480646,0.000319208171815071
im,R_imag,2276.77165354331,sigma,1024,0.741962769811269,0.798897772811243,0.711210856351685,0.770146958555926,0.732702188705076,0.876722485447595,0.743956204903827,0.796766209733423,0.00199343509255734,-0.00213156307782025
im,R_imag,2276.77165354331,alpha_infinity,1024,0.173655402056166,0.233874689737972,0.115458431684156,0.245566006648828,0.205808071229127,0.271657233885545,0.174323469609777,0.233876379955266,0.000668067553611262,1.69021729387597e-06
im,R_imag,2276.77165354331,lambda,1024,0.025848865224389,0.0493529216478195,-0.0264419622715701,0.097930404207596,0.0401755576759861,0.0600092432001166,0.0252905056664601,0.0473303956321745,-0.000558359557928934,-0.00202252601564491
im,R_imag,2276.77165354331,lambda_prime,1024,0.00745503090350197,0.00115117387204447,-0.052138735824939,0.0709833385808797,0.000843692916211373,0.00152238805315575,0.00659557368728303,0.00116210627758103,-0.00085945721621894,1.09324055365637e-05
im,R_imag,2276.77165354331,k0_prime,1024,0.00775513387260596,0.00570858854973728,-0.047173191265075,0.0707395665344455,0.00420039415331068,0.00752034578728235,0.00626892404654922,0.00618334002384364,-0.00148620982605674,0.000474751474106354
im,R_imag,2314.96062992126,sigma,1024,0.762800002208448,0.812574153634358,0.733014818359971,0.789685403648524,0.746061800444602,0.891084261250012,0.764673308540469,0.810028410371844,0.00187330633202032,-0.00254574326251311
im,R_imag,2314.96062992126,alpha_infinity,1024,0.161876279996286,0.21682735667305,0.105217316192849,0.234860900654183,0.190474702405045,0.249654150016127,0.162922156546723,0.21658086258322,0.00104587655043697,-0.000246494089829463
im,R_imag,2314.96062992126,lambda,1024,0.0225781752190366,0.0461501690040122,-0.0324416495487403,0.0955740907065769,0.037097556534766,0.0552236047629132,0.0225178146239372,0.0437017560529911,-6.03605950993957e-05,-0.00244841295102115
im,R_imag,2314.96062992126,lambda_prime,1024,0.00740485680725833,0.00109450699073682,-0.0525326616816593,0.0730549767059793,0.000791992623736818,0.00144367277602437,0.0067532568513925,0.00121323529127156,-0.000651599955865834,0.000118728300534741
im,R_imag,2314.96062992126,k0_prime,1024,0.00818691176406616,0.00559159228631716,-0.0465474735644025,0.0707306865953073,0.00418807002007661,0.00730915816430643,0.00719068415760793,0.00636381091638414,-0.000996227606458233,0.000772218630066977
im,R_imag,2353.14960629921,sigma,1024,0.781547444318167,0.825298483491543,0.752933290197543,0.807429952698462,0.75543655324012,0.901347841096058,0.783913819962275,0.822461593691116,0.00236637564410802,-0.00283688980042729
im,R_imag,2353.14960629921,alpha_infinity,1024,0.150707558668138,0.200971394684554,0.0958172930244947,0.224459265719611,0.176595879585826,0.229177988873745,0.152309952580028,0.200551449497012,0.00160239391188954,-0.000419945187542348
im,R_imag,2353.14960629921,lambda,1024,0.0196669196535162,0.0436723465416848,-0.0377362411034396,0.0934965848248658,0.0344732462140154,0.0521069964753558,0.0201010697525341,0.0424735798962679,0.000434150099017927,-0.00119876664541694
im,R_imag,2353.14960629921,lambda_prime,1024,0.00734984612977019,0.00106178773784086,-0.0527977674103846,0.0717256655979703,0.000771175957662115,0.00138140804689533,0.00719878485220482,0.00126509441838127,-0.000151061277565367,0.000203306680540405
im,R_imag,2353.14960629921,k0_prime,1024,0.00861211462132194,0.00557722505045185,-0.0468632498034172,0.0719580503430562,0.0041481776199193,0.00718904554408661,0.00700529876693667,0.00626539152154281,-0.00160681585438527,0.00068816647109096
im,R_imag,2391.33858267717,sigma,1024,0.798352052182746,0.837149642425353,0.77107796718914,0.82306637998933,0.764057611044508,0.914243060094683,0.798950745474146,0.834751520728233,0.000598693291400498,-0.00239812169712017
im,R_imag,2391.33858267717,alpha_infinity,1024,0.140110679318567,0.186246194034172,0.0851134818333125,0.214346964444063,0.163985488890982,0.21179070829104,0.141847260178065,0.186138921294704,0.00173658085949813,-0.000107272739467923
im,R_imag,2391.33858267717,lambda,1024,0.0170866501393105,0.0418419037557026,-0.0416269570597037,0.0916835767396467,0.0325650415591565,0.0497783638914309,0.0172461989412139,0.0404814331752502,0.000159548801903386,-0.00136047058045236
im,R_imag,2391.33858267717,lambda_prime,1024,0.00728874759824971,0.00105104814815879,-0.0529488622096765,0.070833038823723,0.00077288208594164,0.0013751862442596,0.00671514780550853,0.00127222002760926,-0.000573599792741186,0.000221171879450476
im,R_imag,2391.33858267717,k0_prime,1024,0.00902439325285598,0.00565171322209915,-0.0451881754522787,0.0723186007228859,0.00417232878627504,0.00717000933289752,0.00940974042737641,0.00559800943370894,0.000385347174520434,-5.37037883902042e-05
im,R_imag,2429.52755905512,sigma,1024,0.813345379299387,0.848198354600638,0.788414289934817,0.836734020343223,0.775201082699259,0.926694580772913,0.81376701618356,0.846178333626737,0.000421636884173071,-0.0020200209739013
im,R_imag,2429.52755905512,alpha_infinity,1024,0.130049905026502,0.172596380786394,0.0725080825284575,0.204510277202528,0.152273459728793,0.196556354410215,0.131512838263923,0.173139403150923,0.00146293323742053,0.000543022364529105
im,R_imag,2429.52755905512,lambda,1024,0.0148117435427472,0.0405901623574594,-0.0463307428420168,0.0901222456286703,0.0315881357573255,0.048263260502739,0.014330749070594,0.0397151530747684,-0.000480994472153218,-0.000875009282690971
im,R_imag,2429.52755905512,lambda_prime,1024,0.00722053673096545,0.00106057084092792,-0.0529990210748839,0.0711931343440941,0.000800782471856394,0.00136211167832364,0.00609778346677736,0.00115776192022542,-0.00112275326418809,9.71910792975045e-05
im,R_imag,2429.52755905512,k0_prime,1024,0.00941889809522334,0.00580324824097728,-0.0435658244331767,0.0724554103979138,0.00424983357272205,0.00743499085102889,0.00813030721364438,0.00550710040742298,-0.00128859088157895,-0.0002961478335543
im,R_imag,2467.71653543307,sigma,1024,0.826644255919224,0.858507566869799,0.805704099038695,0.848557362145665,0.787333175223928,0.938381093990659,0.82809015924149,0.855983666484223,0.00144590332226568,-0.00252390038557548
im,R_imag,2467.71653543307,alpha_infinity,1024,0.120492681657047,0.159972359922247,0.0598675669974849,0.194936410674142,0.140952929592362,0.182341550426359,0.122814174429481,0.159916382674295,0.00232149277243388,-5.59772479512277e-05
im,R_imag,2467.71653543307,lambda,1024,0.0128191370181218,0.0398563330894267,-0.0498445613118255,0.0888011293507761,0.0312605199241349,0.0475929657532283,0.0139516515082246,0.0383038127882876,0.00113251449010288,-0.00155252030113906
im,R_imag,2467.71653543307,lambda_prime,1024,0.0071443848144197,0.00108886539463265,-0.0529597823008758,0.0712731630712206,0.000846619281995825,0.0013497324432354,0.00679141060370791,0.00123135340969261,-0.000352974210711787,0.000142488015059956
im,R_imag,2467.71653543307,k0_prime,1024,0.00979196918421743,0.00602168796363379,-0.0426533637431772,0.0729888403810058,0.00439656099468026,0.00783897937471779,0.00987358419518758,0.00595171267149376,8.16150109701486e-05,-6.99752921400239e-05
im,R_imag,2505.90551181102,sigma,1024,0.838351778605885,0.868132994931596,0.819850400877477,0.859340896678257,0.798884767161691,0.949126521757261,0.84043752372255,0.868401952189524,0.00208574511666448,0.000268957257928082
im,R_imag,2505.90551181102,alpha_infinity,1024,0.111409768140308,0.148330511478343,0.047818881454723,0.185613807415614,0.130520829814003,0.169103550526766,0.113218569188587,0.147464295207645,0.00180880104827885,-0.000866216270698411
im,R_imag,2505.90551181102,lambda,1024,0.0110880392773199,0.0395865606180384,-0.0527511243361034,0.0877099747201159,0.0313427010133175,0.0474669478474792,0.0109679466469589,0.0379582995759673,-0.000120092630361057,-0.00162826104207116
im,R_imag,2505.90551181102,lambda_prime,1024,0.00705963120151787,0.00113464355771749,-0.052841329424594,0.0710880379438379,0.000901238770301732,0.00135598319506093,0.00586737849700869,0.00122017691662904,-0.00119225270450918,8.55333589115459e-05
im,R_imag,2505.90551181102,k0_prime,1024,0.0101408781194416,0.00629829477104385,-0.0417608707684278,0.0732806397943441,0.00460461904714095,0.00816819644585309,0.0102889033513327,0.00601993288933101,0.000148025231891058,-0.000278361881712843
im,R_imag,2544.09448818898,sigma,1024,0.84855845369712,0.877123750829256,0.831459125213412,0.868730824603333,0.809894536545035,0.958992250390923,0.850603258077344,0.876270655723416,0.00204480438022414,-0.000853095105839863
im,R_imag,2544.09448818898,alpha_infinity,1024,0.102775214990277,0.137633163439669,0.0390081610920707,0.176532316682655,0.120949671672209,0.156805867940776,0.10412398353941,0.136411806125285,0.00134876854913324,-0.00122135731438427
im,R_imag,2544.09448818898,lambda,1024,0.00959963858757484,0.039733027308139,-0.0551475660176215,0.0868395806260437,0.0311073676022497,0.0471882355013586,0.0100896499421197,0.0382203177085111,0.00049001135454485,-0.00151270959962783
im,R_imag,2544.09448818898,lambda_prime,1024,0.00696575862696225,0.00119679466901407,-0.0526526560361948,0.0706504618536627,0.000984595297119452,0.00140646560798986,0.0066629069174069,0.00130818941587544,-0.000302851709555352,0.000111394746861369
im,R_imag,2544.09448818898,k0_prime,1024,0.0104636140227534,0.00662550928948955,-0.0408970101413555,0.0733414906394048,0.0048671981172276,0.00855827762173377,0.0115069844753573,0.00656021328538588,0.00104337045260383,-6.52960041036656e-05
im,R_imag,2582.28346456693,sigma,1024,0.857343395243893,0.885522996811796,0.84126802722278,0.8768088381906,0.820396539402056,0.968032397445367,0.860859213728577,0.884118680331604,0.00351581848468319,-0.00140431648019268
im,R_imag,2582.28346456693,alpha_infinity,1024,0.0945662452655006,0.127848426091872,0.0314701086800486,0.167683268834304,0.112199948655675,0.145418219758639,0.0964287038374634,0.12601839297688,0.00186245857196277,-0.00183003311499266
im,R_imag,2582.28346456693,lambda,1024,0.00833681940650099,0.0402531309453972,-0.0570617642410782,0.086181641075213,0.031536469961396,0.0478874892141,0.008015266091565,0.0384251424775305,-0.000321553314935996,-0.00182798846786666
im,R_imag,2582.28346456693,lambda_prime,1024,0.00686237127032308,0.0012743620747708,-0.0524017136028061,0.0699712032164235,0.00108154824375071,0.00152089405990424,0.00715442194864369,0.00140482718980617,0.00029205067832061,0.000130465115035369
im,R_imag,2582.28346456693,k0_prime,1024,0.0107587064065444,0.00699675722827689,-0.0400690972596012,0.0731811325778646,0.00517840077282722,0.00900039632843236,0.0117638733000411,0.00672955673097386,0.00100516689349672,-0.000267200497303029
im,R_imag,2620.47244094488,sigma,1024,0.86477551625058,0.893368591580469,0.848411536702697,0.883648332854498,0.830420627988631,0.975731913589692,0.867460511527645,0.89203239641927,0.00268499527706478,-0.00133619516119865
im,R_imag,2620.47244094488,alpha_infinity,1024,0.0867630747031052,0.118949945110636,0.0244540951649089,0.159059482852175,0.104819732902761,0.135030636494476,0.0891757517520271,0.117968743057606,0.0024126770489219,-0.000981202053029678
im,R_imag,2620.47244094488,lambda,1024,0.00728389400785967,0.041108741878485,-0.0585189519102003,0.0857285918383858,0.032341113802043,0.0485564827369754,0.00718067505080899,0.0398497316821287,-0.000103218957050677,-0.00125901019635635
im,R_imag,2620.47244094488,lambda_prime,1024,0.00674917535319453,0.00136652094904838,-0.0520955433538586,0.0690593463813038,0.00117626735557987,0.00163350431615421,0.00737587158445163,0.00143000164933778,0.000626696231257107,6.34807002893969e-05
im,R_imag,2620.47244094488,k0_prime,1024,0.0110250789079537,0.00740628630871428,-0.0392833838657307,0.0728084137848762,0.00550070354504814,0.00948674501248269,0.0116638037448008,0.00686714144616968,0.000638724836847127,-0.0005391448625446
im,R_imag,2658.66141732283,sigma,1024,0.870914677398768,0.900693708843764,0.855053985240974,0.889251444079469,0.839992880579034,0.981581508176643,0.873992860465817,0.897630488893048,0.00307818306704899,-0.00306321995071579
im,R_imag,2658.66141732283,alpha_infinity,1024,0.0793486954947112,0.110916611524042,0.0179405502849314,0.150655227376221,0.0987370672592682,0.125408921577755,0.0809358794392411,0.109676885564544,0.00158718394452984,-0.00123972595949834
im,R_imag,2658.66141732283,lambda,1024,0.00642635194130481,0.0422655394559842,-0.0595421330385817,0.0854734621984113,0.0339417070361875,0.0499706256884832,0.00742050652341208,0.042029157783333,0.000994154582107276,-0.000236381672651213
im,R_imag,2658.66141732283,lambda_prime,1024,0.00662596211881439,0.00147255768389056,-0.0517403936912302,0.067922517644223,0.00126806720311993,0.00177937114463348,0.00878255758216806,0.00159395083789031,0.00215659546335367,0.000121393153999754
im,R_imag,2658.66141732283,k0_prime,1024,0.011261928878198,0.00784903021039071,-0.0385452917879785,0.0722313499307972,0.00577031268025019,0.0100103792121617,0.0132315413872961,0.00714963243461348,0.00196961250909811,-0.000699397775777231
im,R_imag,2696.85039370079,sigma,1024,0.875812773975933,0.907527417147129,0.85946869322268,0.892753459905392,0.849136024304439,0.989186956519959,0.87674536586104,0.906368509073746,0.000932591885106748,-0.00115890807338292
im,R_imag,2696.85039370079,alpha_infinity,1024,0.072308639622193,0.103732253411874,0.0119132241563332,0.142466149173001,0.0928891937990523,0.116886627915235,0.0750400126403843,0.103139346838789,0.00273137301819126,-0.000592906573085042
im,R_imag,2696.85039370079,lambda,1024,0.00575062802941295,0.0436924246010807,-0.0592335813764591,0.0854097319240014,0.0354062257985541,0.0521563002159614,0.00680920647640681,0.043703532315926,0.00105857844699386,1.11077148452973e-05
im,R_imag,2696.85039370079,lambda_prime,1024,0.00649259310275285,0.0015918508688841,-0.0513418247146222,0.0673737895562546,0.00136390573579472,0.00190926347872378,0.00700695939337093,0.0017441438860828,0.000514366290618073,0.0001522930171987
im,R_imag,2696.85039370079,k0_prime,1024,0.0114686287795445,0.00832049667606397,-0.0378596032421272,0.0721474723240987,0.00606363025006828,0.0105650912095538,0.0131574807000133,0.00744866274724825,0.00168885192046886,-0.000871833928815715
im,R_imag,2735.03937007874,sigma,1024,0.879514752278986,0.913895215683359,0.862991331939769,0.895203118551644,0.856076205651173,0.996807369533294,0.881895605499993,0.912352881144645,0.00238085322100678,-0.00154233453871333
im,R_imag,2735.03937007874,alpha_infinity,1024,0.0656307317527717,0.0973853250618805,0.0046677116521272,0.134489178364589,0.0867937581911661,0.110120884242723,0.0679557963217976,0.0964238995213749,0.00232506456902593,-0.000961425540505656
im,R_imag,2735.03937007874,lambda,1024,0.00524388837720735,0.0453610039525309,-0.0585735278373525,0.0855311927684166,0.0370479376303282,0.0545175496674624,0.00478398729376717,0.0443272480694294,-0.000459901083440184,-0.00103375588310158
im,R_imag,2735.03937007874,lambda_prime,1024,0.00634898765846437,0.00172385379495181,-0.0520652355647759,0.067415025696051,0.0014722961126671,0.00209621131725975,0.00659694432441005,0.00163539073327219,0.000247956665945681,-8.84630616796148e-05
im,R_imag,2735.03937007874,k0_prime,1024,0.0116446462118528,0.00881667726331285,-0.0372306145536114,0.0719023746385623,0.00637798915135985,0.0111453109963039,0.0132711306978033,0.00825876897759524,0.00162648448595049,-0.000557908285717617
im,R_imag,2773.22834645669,sigma,1024,0.882059553274577,0.919819524299229,0.866719607942479,0.897727475901902,0.861499228156826,1.0023292388198,0.885125411073231,0.919276770266931,0.00306585779865354,-0.00054275403229731
im,R_imag,2773.22834645669,alpha_infinity,1024,0.0593048376339103,0.0918686030432537,-0.00547161245514083,0.127832044414495,0.0814900452798762,0.104162384895794,0.0619130954110545,0.0908899581040319,0.00260825777714424,-0.000978644939221743
im,R_imag,2773.22834645669,lambda,1024,0.00489383324409398,0.0472451405822276,-0.057611585446343,0.0858318133336506,0.0383752192574149,0.0570248940266017,0.00538441338730966,0.0461332576547948,0.00049058014321568,-0.00111188292743273
im,R_imag,2773.22834645669,lambda_prime,1024,0.00619511275086515,0.00186807837316124,-0.0530149995270917,0.0664139755235325,0.00159319921797935,0.00229624941707137,0.0069667158535992,0.00192248049370776,0.000771603102734053,5.44021205465214e-05
im,R_imag,2773.22834645669,k0_prime,1024,0.0117894801624947,0.00933397663133462,-0.0380328367406095,0.0714678149017781,0.00671117419939473,0.0117460325087333,0.0139653869960413,0.00870308060123352,0.00217590683354663,-0.000630896030101098
im,R_imag,2811.41732283465,sigma,1024,0.883480985113722,0.925320127929567,0.868689634310794,0.900510708272154,0.86657984840806,1.00777071957097,0.885526378192792,0.92451621272693,0.0020453930790697,-0.000803915202636674
im,R_imag,2811.41732283465,alpha_infinity,1024,0.0533226111803041,0.0871788943981101,-0.0134359987972059,0.121812740747993,0.0769822697963396,0.0994738995764536,0.0556739424756021,0.0861399897195744,0.00235133129529796,-0.00103890467853573
im,R_imag,2811.41732283465,lambda,1024,0.00468851539984128,0.0493205664749451,-0.0590201349597699,0.084215534569673,0.0398137774342471,0.0596510440183718,0.0040169685335244,0.0488259495929021,-0.000671546866316874,-0.000494616882042977
im,R_imag,2811.41732283465,lambda_prime,1024,0.00603097507422368,0.00202408034170388,-0.0538892012117933,0.0669347802351016,0.0017165766113674,0.00250870829535411,0.00605001699790964,0.00212251378578928,1.90419236859585e-05,9.84334440853976e-05
im,R_imag,2811.41732283465,k0_prime,1024,0.0119026117542176,0.0098691596603448,-0.0389693463215932,0.0708460761332631,0.00706137570014055,0.012471521340353,0.0139310932970812,0.00943750925359343,0.00202848154286361,-0.000431650406751374
im,R_imag,2849.6062992126,sigma,1024,0.883808528135219,0.930414576713684,0.867497612964179,0.901663016103458,0.871330160996753,1.01525583217463,0.887239489876604,0.930532083378378,0.00343096174138502,0.000117506664694345
im,R_imag,2849.6062992126,alpha_infinity,1024,0.047677241620909,0.0833167592657215,-0.0177469338901581,0.116092957235276,0.0738861573654527,0.0946831985291047,0.0505098281931006,0.08186460711072,0.00283258657219154,-0.0014521521550015
im,R_imag,2849.6062992126,lambda,1024,0.00461617261912473,0.0515645524657221,-0.0588431420598532,0.0824694776088727,0.0413901603683192,0.0621550755754676,0.00502710858335664,0.0509683952864185,0.000410935964231918,-0.00059615717930362
im,R_imag,2849.6062992126,lambda_prime,1024,0.00585661558779915,0.00219144563356265,-0.054688061603555,0.0674745903967835,0.00185005826539956,0.00273292392064551,0.00628202356544949,0.00242040938704613,0.000425407977650338,0.000228963753483482
im,R_imag,2849.6062992126,k0_prime,1024,0.0119834683652341,0.0104193150950508,-0.0399243798129514,0.0712148757499341,0.00742715610940706,0.0132322177472744,0.0140045736567784,0.00922987076837125,0.00202110529154431,-0.00118944432667954
im,R_imag,2887.79527559055,sigma,1024,0.883068076876865,0.935118543423134,0.865248550255401,0.90117909049965,0.874573088689705,1.02211917513848,0.887663418832613,0.935665506061146,0.00459534195574807,0.000546962638012349
im,R_imag,2887.79527559055,alpha_infinity,1024,0.042363200901374,0.0802862482964203,-0.0216235147448278,0.110662879273642,0.071896803171111,0.0911795882464081,0.0449041410148125,0.0785837757936345,0.00254094011343853,-0.00170247250278578
im,R_imag,2887.79527559055,lambda,1024,0.00466507317469145,0.0539556320110513,-0.0576654029343395,0.0805922053626988,0.043265261805593,0.0651594831536021,0.00435414079937724,0.0526848414310121,-0.00031093237531421,-0.00127079058003918
im,R_imag,2887.79527559055,lambda_prime,1024,0.00567210659337491,0.00236977778760899,-0.0554114801963794,0.0680330355901863,0.00199346800856267,0.00296821941982183,0.00604136132038513,0.00252209117359326,0.000369254727010215,0.000152313385984274
im,R_imag,2887.79527559055,k0_prime,1024,0.012031400525478,0.0109818347709812,-0.0408962990525152,0.0722800425997737,0.00780742837147766,0.014003156295652,0.0145073156144039,0.0104681199376294,0.00247591508892586,-0.000513714833351773
im,R_imag,2925.9842519685,sigma,1024,0.881282623773719,0.939446139786068,0.862609566687901,0.899766701419985,0.877200886856361,1.02836963731382,0.884796595020252,0.939063700202832,0.00351397124653297,-0.000382439583236582
im,R_imag,2925.9842519685,alpha_infinity,1024,0.0373759908264611,0.0780946538645119,-0.0268596416569089,0.105513343386246,0.0706782210314053,0.0884205881071256,0.0388764310884985,0.0766109500204768,0.00150044026203733,-0.00148370384403516
im,R_imag,2925.9842519685,lambda,1024,0.0048233735110057,0.0564733759201144,-0.056180975645602,0.0785736303126567,0.0452925392914475,0.0679952676725362,0.00458496048237444,0.0563884042239734,-0.000238413028631257,-8.49716961409883e-05
im,R_imag,2925.9842519685,lambda_prime,1024,0.00547755150254425,0.00255868630311088,-0.0560590720603646,0.0685525419994083,0.00214642496719751,0.00321388802483644,0.00564548119634078,0.00236221922920496,0.000167929693796531,-0.000196467073905924
im,R_imag,2925.9842519685,k0_prime,1024,0.0120456714622277,0.0115544078183467,-0.0418834657908729,0.0739739190964904,0.00824103524492233,0.0147789710180711,0.0148248962745475,0.0109037640584421,0.00277922481231985,-0.000650643759904623
im,R_imag,2964.17322834646,sigma,1024,0.878472888951591,0.943410192989581,0.857651312585759,0.897441920649389,0.879568801951754,1.03401441636546,0.882581894428725,0.942454794692039,0.00410900547713311,-0.00095539829754232
im,R_imag,2964.17322834646,alpha_infinity,1024,0.0327118890458264,0.0767522731227534,-0.0319764627711996,0.100635510641514,0.0690350500436881,0.0867113178815433,0.0359975567812927,0.0758372705810296,0.00328566773546624,-0.000915002541723817
im,R_imag,2964.17322834646,lambda,1024,0.00507898768289039,0.0590982159310686,-0.0544065005067007,0.0764033130069373,0.0469794568281365,0.0714931422028287,0.00433643767950653,0.0579820945098679,-0.000742550003383857,-0.0011161214212007
im,R_imag,2964.17322834646,lambda_prime,1024,0.00527308745695132,0.00275777585963968,-0.0566302039904678,0.0686620403545203,0.0023086016857099,0.0034507087692503,0.00514231411594834,0.00267916250312788,-0.000130773341002977,-7.86133565117957e-05
im,R_imag,2964.17322834646,k0_prime,1024,0.0120254595851017,0.0121350295413394,-0.0428842277642476,0.0755656948456662,0.00873387561073639,0.0155544113764211,0.0144407232750625,0.0111445237450113,0.00241526368996081,-0.000990505796328129
im,R_imag,3002.36220472441,sigma,1024,0.874657900022797,0.947022483183606,0.851596576042487,0.895119207263689,0.881688709409942,1.03840120862893,0.879788816722817,0.946542796289485,0.00513091670001975,-0.000479686894120701
im,R_imag,3002.36220472441,alpha_infinity,1024,0.0283676928441023,0.0762721801868313,-0.036605139989214,0.0960205326977808,0.0680183843195039,0.0857821118239602,0.0304348243950259,0.0743429242986675,0.00206713155092353,-0.00192925588816371
im,R_imag,3002.36220472441,lambda,1024,0.00541946860593845,0.0618113157510344,-0.052358855893065,0.0740705251788444,0.0487666239860934,0.0746734416251292,0.00478522529638181,0.0610301228181068,-0.000634243309556637,-0.00078119293292761
im,R_imag,3002.36220472441,lambda_prime,1024,0.00505889096988987,0.00296663635002919,-0.0571240292342279,0.0687434768593852,0.00247966108593527,0.00373327399598182,0.0052719795965509,0.00274010335461515,0.000213088626661029,-0.000226532995414033
im,R_imag,3002.36220472441,k0_prime,1024,0.0119698745704145,0.0127220249413105,-0.0438968954203067,0.0770493443024193,0.00924487509886344,0.0163243746636461,0.0148659777320156,0.0120997460876342,0.00289610316160105,-0.000622278853676292
im,R_imag,3040.55118110236,sigma,1024,0.869855525199008,0.950293942269855,0.84447180515791,0.892387388162392,0.88357161064704,1.04224899562291,0.874498285055714,0.949828545866025,0.00464275985670604,-0.000465396403829699
im,R_imag,3040.55118110236,alpha_infinity,1024,0.0243404597311541,0.0766700040707264,-0.0407443141727579,0.093842727758083,0.0679202992799493,0.0868841503332085,0.0264588861472909,0.0754851178312477,0.0021184264161368,-0.00118488623947863
im,R_imag,3040.55118110236,lambda,1024,0.00583190167524106,0.0645944888707764,-0.050055303535874,0.0728032821087667,0.0508015263223639,0.0778466392589597,0.00602748205799919,0.0644004762174019,0.000195580382758131,-0.000194012653374487
im,R_imag,3040.55118110236,lambda_prime,1024,0.00483518675028871,0.00318483370309792,-0.0575395204547926,0.0687949955954281,0.00265924732603095,0.0040052915961018,0.0066614057218366,0.00297217595199143,0.00182621897154789,-0.000212657751106492
im,R_imag,3040.55118110236,k0_prime,1024,0.0118779880317325,0.0133140870897051,-0.0449197082218071,0.0789404065847797,0.00977372444079865,0.0170839628823417,0.0152902411716186,0.0129270890003263,0.00341225313988613,-0.000386998089378785
im,R_imag,3078.74015748031,sigma,1024,0.864082962448307,0.953234813684654,0.836792435692122,0.889133457098699,0.884571479716235,1.04562346613173,0.867211991325299,0.951542760526303,0.00312902887699196,-0.00169205315835075
im,R_imag,3078.74015748031,alpha_infinity,1024,0.0206272440008853,0.0779637083159091,-0.044715118752128,0.0930993584500042,0.0685229451226984,0.0894918702349638,0.0232930448212147,0.076818080074195,0.00266580082032941,-0.0011456282417141
im,R_imag,3078.74015748031,lambda,1024,0.0063028118597942,0.0674301631116515,-0.0482374585680458,0.0735939630091209,0.0528920530165753,0.0808906535558247,0.00538959873526024,0.0671039037161012,-0.000913213124533963,-0.00032625939555038
im,R_imag,3078.74015748031,lambda_prime,1024,0.00460225984717422,0.00341190150568439,-0.0578755007022556,0.0688144048255577,0.00284697692453283,0.00428425739599003,0.00521113846912047,0.00325511983942335,0.000608878621946252,-0.000156781666261042
im,R_imag,3078.74015748031,k0_prime,1024,0.0117488800484077,0.0139103307590982,-0.0459507893250324,0.0808770800836808,0.0103204746692821,0.0178285659560372,0.0149124558188706,0.0140026574702817,0.00316357577046289,9.23267111835446e-05
im,R_imag,3116.92913385827,sigma,1024,0.857357186905749,0.955854772306011,0.828700036124125,0.884767486424133,0.88344344034596,1.04853343573817,0.860649292323091,0.954949668523988,0.00329210541734137,-0.000905103782022243
im,R_imag,3116.92913385827,alpha_infinity,1024,0.0172248287137493,0.0801733674922712,-0.0504907290446606,0.0909185536122108,0.0686773727682725,0.0917041856993729,0.0195492169091261,0.0796197590240123,0.00232438819537684,-0.000553608468258956
im,R_imag,3116.92913385827,lambda,1024,0.00681808596902822,0.0703013924662983,-0.0475253795949366,0.0743370796163316,0.0550222713085509,0.0840772975002168,0.00644753922597796,0.0706365240266233,-0.00037054674305026,0.000335131560324983
im,R_imag,3116.92913385827,lambda_prime,1024,0.00436047121071981,0.0036473334710749,-0.0581306722564623,0.0687991567900592,0.0030424301445177,0.00456910266983739,0.00445698665209526,0.00380821021283101,9.65154413754554e-05,0.000160876741756105
im,R_imag,3116.92913385827,k0_prime,1024,0.0115817030663333,0.0145103618839008,-0.0469880873263122,0.0817966743267158,0.0108855625900432,0.0183725014002983,0.0148305262635007,0.0141847190750094,0.00324882319716735,-0.000325642808891463
im,R_imag,3155.11811023622,sigma,1024,0.849695358341172,0.958163003051658,0.819897493844305,0.879483900193821,0.887536178239827,1.05098707951517,0.852285470810835,0.955096671526887,0.00259011246966334,-0.00306633152477143
im,R_imag,3155.11811023622,alpha_infinity,1024,0.0141294529485857,0.0833209348347074,-0.0559167951605293,0.085319654078292,0.0696826662475813,0.0955176261236212,0.0164913351834161,0.0834863208214739,0.00236188223483036,0.000165385986766492
im,R_imag,3155.11811023622,lambda,1024,0.00736291241416553,0.073191917363459,-0.0466513284626187,0.0750116569680863,0.0571806644052251,0.0870891506152802,0.00706694573397382,0.0730625370330114,-0.000295966680191717,-0.000129380330447529
im,R_imag,3155.11811023622,lambda_prime,1024,0.00411027670093533,0.00389057684447427,-0.0583036432801758,0.0698662164182773,0.00324514268107554,0.00485865427299285,0.0044546675715097,0.00365746290354245,0.000344390870574363,-0.000233113940931812
im,R_imag,3155.11811023622,k0_prime,1024,0.0113757648819266,0.0151143635388686,-0.0480293036975388,0.0817604323666776,0.0114698458508417,0.0187913641974815,0.0148872743477498,0.0151832927899878,0.00351150946582324,6.89292511192267e-05
im,R_imag,3193.30708661417,sigma,1024,0.841115190219059,0.960168236195251,0.81042660810269,0.8732806300855,0.888930256393128,1.05430649726561,0.846584834905767,0.959581361232991,0.00546964468670796,-0.000586874962259842
im,R_imag,3193.30708661417,alpha_infinity,1024,0.0113365346651493,0.0874299941661812,-0.0609881331461524,0.0797614370282378,0.0715691822134343,0.101298632242295,0.0133280286331775,0.0849281002612143,0.00199149396802822,-0.00250189390496691
im,R_imag,3193.30708661417,lambda,1024,0.00792174145067537,0.0760862750308122,-0.0456367569072027,0.0755956428056466,0.0593564514380592,0.0900030371504407,0.00651652726236129,0.0769302998541703,-0.00140521418831407,0.000844024823358103
im,R_imag,3193.30708661417,lambda_prime,1024,0.00385224948254304,0.00414102688748457,-0.0583929522923454,0.0710956922301955,0.00345459775556664,0.00515162879269095,0.00272948457978439,0.00383131934286787,-0.00112276490275864,-0.000309707544616701
im,R_imag,3193.30708661417,k0_prime,1024,0.0111306325660746,0.015723199182146,-0.0490718044984699,0.0825919319360549,0.0120746477263542,0.0192821636266614,0.0136428921206531,0.0151524650185523,0.00251225955457846,-0.000570734163593708
im,R_imag,3231.49606299213,sigma,1024,0.831635281761407,0.961878736914676,0.800331240788568,0.866155709435055,0.889771313286418,1.05692158203895,0.836989593984097,0.96107925486582,0.00535431222269012,-0.000799482048856603
im,R_imag,3231.49606299213,alpha_infinity,1024,0.00884039013132143,0.0925254879065437,-0.0656999846924333,0.0764801058175266,0.0752688691065002,0.108533193050422,0.0109535193344805,0.0910378302310154,0.00211312920315909,-0.00148765767552829
im,R_imag,3231.49606299213,lambda,1024,0.00847826958882991,0.0789699621565516,-0.044503703628711,0.0760659715475341,0.0615397248314285,0.0927986850705895,0.00724113675191052,0.0790710072339283,-0.0012371328369194,0.000101045077376738
im,R_imag,3231.49606299213,lambda_prime,1024,0.00358710561975384,0.00439802264459246,-0.0573338783445929,0.0722164577617082,0.00366999304938324,0.00549307159768134,0.00231733807015,0.00405646682481764,-0.00126976754960384,-0.000341555819774814
im,R_imag,3231.49606299213,k0_prime,1024,0.0108462592703189,0.0163385338943417,-0.0501125149690926,0.0832672606673516,0.0126460821023065,0.0202500746785631,0.0146708319697157,0.0164545766380251,0.00382457269939684,0.00011604274368341
im,R_imag,3269.68503937008,sigma,1024,0.821275414439573,0.963302246095538,0.789657441324314,0.858107617439043,0.890429023278345,1.05784660300844,0.828141730745914,0.961568433012636,0.00686631630634094,-0.00173381308290232
im,R_imag,3269.68503937008,alpha_infinity,1024,0.00663395162222458,0.0986334113480771,-0.070048149666736,0.079319350474055,0.0799409388124915,0.117181588316929,0.00896869052164462,0.0960306183142957,0.00233473889942004,-0.0026027930337814
im,R_imag,3269.68503937008,lambda,1024,0.00901545259688241,0.0818296525654626,-0.0432747863292484,0.0763986846006517,0.0637216312863819,0.095457428973283,0.00722302773035022,0.0810658081176635,-0.00179242486653219,-0.000763844447799103
im,R_imag,3269.68503937008,lambda_prime,1024,0.00331573252257522,0.00466084426754986,-0.0565658494906971,0.0736636548476498,0.00386225879152937,0.005841662843681,0.00373520306383923,0.00416042370540225,0.000419470541264011,-0.000500420562147609
im,R_imag,3269.68503937008,k0_prime,1024,0.0105231358702063,0.0169629742348456,-0.0511477956808473,0.0819691763795809,0.0131522063616436,0.0212022961121383,0.0138910772935177,0.0173961480461331,0.00336794142331143,0.000433173811287511
im,R_imag,3307.87401574803,sigma,1024,0.810056814454453,0.96444586893603,0.776675000489413,0.849135618874359,0.890910426114023,1.06152292698402,0.81394700205979,0.962947104508754,0.0038901876053371,-0.00149876442727592
im,R_imag,3307.87401574803,alpha_infinity,1024,0.0047084860276555,0.1057804614788,-0.0740291055310247,0.0778091550042391,0.0854912354606642,0.12571645083053,0.00691305508190909,0.104845470355941,0.00220456905425359,-0.00093499112285883
im,R_imag,3307.87401574803,lambda,1024,0.00951555229386969,0.0846534731252876,-0.0419731646447585,0.0765691176099704,0.0658945984773365,0.0988824862470185,0.00834408021349586,0.0853095724186552,-0.00117147208037383,0.000656099293367657
im,R_imag,3307.87401574803,lambda_prime,1024,0.00303921969182464,0.00492871226039325,-0.0572626086097936,0.0751335656792944,0.00405419838787481,0.00619583603947377,0.00317868535663957,0.0046120084428295,0.000139465664814931,-0.000316703817563753
im,R_imag,3307.87401574803,k0_prime,1024,0.0101624693218313,0.0176002271040028,-0.0508209277686891,0.0796402649223917,0.0136865731165294,0.0217943637092797,0.013835635305475,0.0182544964909583,0.00367316598364376,0.000654269386955529
im,R_imag,3346.06299212598,sigma,1024,0.798002382981337,0.965315907425356,0.763846124414401,0.839195486884628,0.891221806543846,1.06616563671674,0.803513364362347,0.963520333603213,0.00551098138101025,-0.00179557382214235
im,R_imag,3346.06299212598,alpha_infinity,1024,0.00305331815870524,0.113993626454789,-0.0776401121916912,0.0768226687976509,0.0919471573406475,0.135272418252571,0.00512758082100073,0.113225986241794,0.00207426266229549,-0.000767640212995496
im,R_imag,3346.06299212598,lambda,1024,0.00996022313263512,0.0874313415680295,-0.0413498750114423,0.0765521669677478,0.0680526097704381,0.103070296020997,0.00897809961414353,0.0870414601066774,-0.000982123518491584,-0.000389881461352118
im,R_imag,3346.06299212598,lambda_prime,1024,0.00275889095833459,0.00520078911056367,-0.0578831018383985,0.0758222643614727,0.00426249942273298,0.00655403855708063,0.00196147312681472,0.00474064694623515,-0.000797417831519875,-0.000460142164328528
im,R_imag,3346.06299212598,k0_prime,1024,0.00976638941128571,0.0182552776106665,-0.0502503247544015,0.0771180998675893,0.0142559100937972,0.0225112628573937,0.0123859024324984,0.0187026487857176,0.00261951302121266,0.000447371175051052
im,R_imag,3384.25196850394,sigma,1024,0.785136896207931,0.965917632284567,0.751042253016525,0.827959402372086,0.891368512452703,1.07052769749089,0.788757370914991,0.962020627273139,0.00362047470705962,-0.00389700501142776
im,R_imag,3384.25196850394,alpha_infinity,1024,0.00165556398854161,0.123299699386843,-0.0808793006888644,0.0801261544343823,0.0993364638345268,0.147021185907383,0.003884768837223,0.123319028938955,0.00222920484868139,1.93295521127151e-05
im,R_imag,3384.25196850394,lambda,1024,0.0103306454008614,0.0901553703130043,-0.042361255101697,0.07632264963045,0.0701915294163172,0.107214223978904,0.0086645796697451,0.091594394850907,-0.00166606573111627,0.00143902453790271
im,R_imag,3384.25196850394,lambda_prime,1024,0.00247633710864625,0.00547618389148598,-0.0575312062815456,0.0765064823565801,0.00452907776971322,0.00691455854638671,0.00176688667625513,0.00523002144052923,-0.000709450432391123,-0.000246162450956751
im,R_imag,3384.25196850394,k0_prime,1024,0.00933818522759666,0.0189345853571314,-0.0522152330361789,0.0755639954411378,0.0148009673767144,0.0234176082476962,0.0118383997900169,0.0195274246815884,0.00250021456242022,0.000592839324456963
im,R_imag,3422.44094488189,sigma,1024,0.771487177420184,0.966254989457046,0.736710726616747,0.815720702539412,0.891354723565674,1.07063951667609,0.775542892271018,0.964213636474679,0.004055714850834,-0.00204135298236718
im,R_imag,3422.44094488189,alpha_infinity,1024,0.000499880877032233,0.133724697467149,-0.0837457439771399,0.083723273136057,0.107686706511058,0.159783643910068,0.002863889526871,0.132332974277616,0.00236400864983877,-0.00139172318953279
im,R_imag,3422.44094488189,lambda,1024,0.0106077127058077,0.0928203406509616,-0.0433350415528291,0.0779174281890517,0.0723094807040268,0.110234485941719,0.00950961371117431,0.093499113360545,-0.00109809899463342,0.000678772709583345
im,R_imag,3422.44094488189,lambda_prime,1024,0.00219344743177463,0.00575396055933748,-0.0570865507677714,0.0756657227286905,0.00476842970362415,0.00727552643675297,0.00249942042700702,0.00546520928691569,0.000305972995232384,-0.000288751272421795
im,R_imag,3422.44094488189,k0_prime,1024,0.00888257214000876,0.0196462977168844,-0.0541499370669909,0.0749748331519859,0.0151596795290698,0.0243558018961574,0.0121261180321628,0.0216577871785163,0.00324354589215403,0.00201148946163189
im,R_imag,3460.62992125984,sigma,1024,0.757082243518479,0.966330235714249,0.721285323684208,0.80249104491666,0.891183168421554,1.06883641023242,0.761762103164504,0.962639172061103,0.00467985964602502,-0.00369106365314598
im,R_imag,3460.62992125984,alpha_infinity,1024,-0.000431755887752683,0.145293164708747,-0.0862395078346552,0.0875858109079164,0.117024535147909,0.170954413348641,0.00224341420620666,0.144186399995288,0.00267517009395934,-0.00110676471345902
im,R_imag,3460.62992125984,lambda,1024,0.0107722822350972,0.0954242516915693,-0.0442703044035457,0.0811716286929896,0.0744072794182618,0.1144267774402,0.00841850941946931,0.0963478852966203,-0.00235377281562787,0.000923633605051058
im,R_imag,3460.62992125984,lambda_prime,1024,0.00191243830801346,0.0060331508202509,-0.0593086340698448,0.0758078570087651,0.00499837848189121,0.00763492259086174,0.00114250483399603,0.00542322796704188,-0.000769933474017437,-0.000609922853209016
im,R_imag,3460.62992125984,k0_prime,1024,0.0084059892467121,0.0204004775348995,-0.0560331512229937,0.0751936082050886,0.0156932997650894,0.0253355222004099,0.0108977286879077,0.0227801479395585,0.00249173944119563,0.00237967040465902
im,R_imag,3498.8188976378,sigma,1024,0.74195342829654,0.966143497413809,0.705233995274577,0.78828529965625,0.890854786978646,1.07103789177283,0.746299047382972,0.963061288166813,0.00434561908643183,-0.00308220924699554
im,R_imag,3498.8188976378,alpha_infinity,1024,-0.00116023803147369,0.158027333844828,-0.0883616796080744,0.0916803133767142,0.127374851457462,0.183824144987944,0.00146126545496961,0.157057293049317,0.0026215034864433,-0.000970040795510496
im,R_imag,3498.8188976378,lambda,1024,0.0108054970661446,0.0979689481413664,-0.0451648923656203,0.0843376355162124,0.0764889245139984,0.118602811608968,0.00881485928971459,0.0989352816363393,-0.00199063777643005,0.000966333494972896
im,R_imag,3498.8188976378,lambda_prime,1024,0.00163587649324082,0.00631277261004922,-0.0599168346678527,0.0757251144668281,0.00523078524076517,0.00799059284539081,0.000741278187288974,0.00585940109362982,-0.000894598305951844,-0.0004533715164194
im,R_imag,3498.8188976378,k0_prime,1024,0.00791692610242289,0.0212093411550047,-0.0569299886896346,0.0753712743628013,0.0163724141644724,0.0263689837489352,0.010031155406419,0.0232035932020058,0.00211422930399607,0.0019942520470011
im,R_imag,3537.00787401575,sigma,1024,0.726134484503196,0.965692245949495,0.688603674449431,0.773121855815665,0.890368335817831,1.07422291286295,0.731976871473052,0.963959448410424,0.00584238696985662,-0.00173279753907041
im,R_imag,3537.00787401575,alpha_infinity,1024,-0.00170945494160657,0.171946120442627,-0.0901143719850093,0.0959673910272791,0.137807075794588,0.200249689615524,-0.000253455533864466,0.170559173743988,0.0014559994077421,-0.00138694669863965
im,R_imag,3537.00787401575,lambda,1024,0.0106891904751553,0.100460830055192,-0.0462511199107771,0.0873875367268462,0.0785621470593843,0.122762985825592,0.00826974651810841,0.100385524660165,-0.00241944395704685,-7.53053950267174e-05
im,R_imag,3537.00787401575,lambda_prime,1024,0.00136669423672553,0.00659185539944114,-0.0602731247820574,0.075398400178905,0.00546532151415968,0.00834027401284653,-0.000293573421188409,0.00637682265137172,-0.00166026765791394,-0.000215032748069414
im,R_imag,3537.00787401575,k0_prime,1024,0.00742627592193512,0.0220875006934283,-0.0577425706698453,0.0755043660933644,0.0170233112401087,0.0276152315309941,0.009842301990586,0.0249470752226749,0.00241602606865088,0.00285957452924662
im,R_imag,3575.1968503937,sigma,1024,0.709661666051699,0.964970683041182,0.671445540747622,0.757022917576303,0.888157421156129,1.07703830749583,0.715515762249596,0.961723610358325,0.00585409619789679,-0.00324707268285707
im,R_imag,3575.1968503937,alpha_infinity,1024,-0.0021063498216054,0.187063920319724,-0.0915006981939799,0.100401021609868,0.146478922426224,0.218818535582849,6.38355193927076e-07,0.186571292924335,0.00210698817679933,-0.000492627395388384
im,R_imag,3575.1968503937,lambda,1024,0.0104063826883269,0.102911645902725,-0.0500287849248757,0.0902925247365171,0.0806390169848009,0.126721565278648,0.00887272922624227,0.102923065697751,-0.00153365346208467,1.14197950257244e-05
im,R_imag,3575.1968503937,lambda_prime,1024,0.00110819281971097,0.00686947370105082,-0.0607393144929633,0.0748085134964683,0.00570173835029635,0.00868163177825107,-0.000668458947100214,0.00631885934649106,-0.00177665176681119,-0.000550614354559766
im,R_imag,3575.1968503937,k0_prime,1024,0.0069477102665918,0.0230522019413995,-0.0584787363490842,0.075590349758187,0.0176166349226912,0.0286605270265522,0.00878323712936646,0.0260937698295232,0.00183552686277466,0.00304156788812369
im,R_imag,3613.38582677165,sigma,1024,0.692573790671283,0.963969028860156,0.650789503450655,0.740014792348417,0.883190637597521,1.07944286803038,0.69592563275388,0.961099104178388,0.00335184208259687,-0.0028699246817685
im,R_imag,3613.38582677165,alpha_infinity,1024,-0.00238087575634882,0.203389180312893,-0.0933901580418348,0.104927876976991,0.159856367116223,0.238726810073591,-0.000294708374274144,0.202109066380856,0.00208616738207468,-0.00128011393203767
im,R_imag,3613.38582677165,lambda,1024,0.00994188069632684,0.105339367230834,-0.0540439923279983,0.0930231938152338,0.0827366047200489,0.130313612447112,0.00874250394127485,0.107749731388023,-0.001199376755052,0.0024103641571892
im,R_imag,3613.38582677165,lambda_prime,1024,0.000864030537144123,0.00714479029151546,-0.061464585615306,0.0739364573190257,0.00593989485784165,0.00901231378426344,-0.000713316547642728,0.00688309978983537,-0.00157734708478685,-0.000261690501680093
im,R_imag,3613.38582677165,k0_prime,1024,0.00649806729379032,0.0241235460945635,-0.0591208954508193,0.0756279383124412,0.01826659952909,0.0303462157299188,0.00806147420770398,0.0266483481673607,0.00156340691391366,0.00252480207279725
im,R_imag,3651.57480314961,sigma,1024,0.674912281759962,0.96267270628228,0.628050037799113,0.725280042668076,0.877777725488807,1.08138673325261,0.679321565093161,0.959888843334182,0.00440928333319945,-0.00278386294809818
im,R_imag,3651.57480314961,alpha_infinity,1024,-0.00256581962945468,0.220922712888853,-0.0931913190703761,0.109486713094115,0.174847203748544,0.25994807096103,-0.000479074561716919,0.219846012533184,0.00208674506773776,-0.00107670035566887
im,R_imag,3651.57480314961,lambda,1024,0.00928299143375655,0.107769138389218,-0.0583048813118665,0.0922921736651675,0.0848776910105703,0.13380274735832,0.00654257179348428,0.10759240917182,-0.00274041964027227,-0.000176729217397253
im,R_imag,3651.57480314961,lambda_prime,1024,0.000638190599167143,0.00741711074380955,-0.0625149296539687,0.072763824234004,0.00617979232810592,0.00931362220743071,-0.00178762745488381,0.00699467068466876,-0.00242581805405095,-0.000422440059140791
im,R_imag,3651.57480314961,k0_prime,1024,0.0060977418037883,0.0253246795723581,-0.0596486294237224,0.0756174398746372,0.0190179866651453,0.0323538201159971,0.00725955802029543,0.0289579857175549,0.00116181621650713,0.00363330614519684
im,R_imag,3689.76377952756,sigma,1024,0.656721186178244,0.961061415631451,0.604509432131439,0.707362971683314,0.871912451672616,1.08262474466227,0.664090703799031,0.957963270328414,0.00736951762078708,-0.00309814530303709
im,R_imag,3689.76377952756,alpha_infinity,1024,-0.00269645426614207,0.239655727733106,-0.0935061119171559,0.114007876320303,0.19110507851109,0.282440641111927,0.000638385833968691,0.238467655293569,0.00333484010011076,-0.00118807243953661
im,R_imag,3689.76377952756,lambda,1024,0.0084203575454368,0.110234287605241,-0.0628156254833419,0.0872692250788402,0.0870915125674186,0.137203021743713,0.0055831455307892,0.106694511691305,-0.00283721201464759,-0.00353977591393594
im,R_imag,3689.76377952756,lambda_prime,1024,0.000434923951497579,0.00768595085164269,-0.0655423199902254,0.0712732712401615,0.00642161447551495,0.00954963057575749,-0.00266359045642828,0.00705228683652339,-0.00309851440792586,-0.000633664015119307
im,R_imag,3689.76377952756,k0_prime,1024,0.0057710603492277,0.0266819314129392,-0.0600384310934106,0.0755611367637863,0.0198956811275034,0.034529443909762,0.00669360867612057,0.0309934803687108,0.000922548326892869,0.00431154895577153
im,R_imag,3727.95275590551,sigma,1024,0.638047162251727,0.959108096588921,0.580244968202933,0.69028061938731,0.86587025841024,1.08142529179383,0.64241104327359,0.954523930553836,0.00436388102186314,-0.00458416603508505
im,R_imag,3727.95275590551,alpha_infinity,1024,-0.0028099705931055,0.259567559266876,-0.0950282511775411,0.118412996558441,0.208636618207954,0.306144816958083,4.56727949839086e-05,0.258959113112294,0.00285564338808941,-0.000608446154582054
im,R_imag,3727.95275590551,lambda,1024,0.00734892275563426,0.112777375398558,-0.0675753160281367,0.0818304308901687,0.089414523079961,0.140538049000453,0.00587724972311876,0.111363200887744,-0.0014716730325155,-0.00141417451081408
im,R_imag,3727.95275590551,lambda_prime,1024,0.000258661674724214,0.00795111836374613,-0.0654811981554291,0.0694490945346553,0.00665271134565396,0.00976453998605351,-0.00124317687268616,0.00742921577010321,-0.00150183854741037,-0.000521902593642925
im,R_imag,3727.95275590551,k0_prime,1024,0.00554661836859227,0.0282248720391712,-0.0602634765984082,0.0745734801979037,0.0209499014296242,0.0368126824368601,0.00612961877572082,0.0329596832548065,0.000583000407128553,0.00473481121563525
im,R_imag,3766.14173228346,sigma,1024,0.618939429426882,0.956777778162883,0.556752975012379,0.671802248695178,0.865650588334226,1.07962454356834,0.625620537563519,0.954453214144841,0.00668110813663769,-0.00232456401804226
im,R_imag,3766.14173228346,alpha_infinity,1024,-0.00294463229712116,0.280623079259037,-0.0946771157231627,0.122614958627921,0.227438368241913,0.332038452997902,-0.000552219769222928,0.279552027104312,0.00239241252789824,-0.00107105215472492
im,R_imag,3766.14173228346,lambda,1024,0.00606903002955383,0.115451242054017,-0.0718021641868791,0.0769061507289808,0.0918247142683794,0.143842640963802,0.00345737931942092,0.11423299206724,-0.00261165071013292,-0.00121824998677697
im,R_imag,3766.14173228346,lambda_prime,1024,0.000113891518483178,0.00821281005701385,-0.0645188032564707,0.0672779144674088,0.00686266045185911,0.00995796848891874,-0.00366972921174824,0.0074882033673277,-0.00378362073023142,-0.000724606689686147
im,R_imag,3766.14173228346,k0_prime,1024,0.00545754846802637,0.029986260570725,-0.0602934512558833,0.0725589025694191,0.0222283401233927,0.039008825437191,0.0060675842908966,0.0335907175366918,0.000610035822870225,0.00360445696596677
im,R_imag,3804.33070866142,sigma,1024,0.599449668043307,0.95402632463803,0.533078342453026,0.654535116340616,0.865078697149918,1.07717705646271,0.606288357936575,0.95125507530831,0.00683868989326752,-0.00277124932971995
im,R_imag,3804.33070866142,alpha_infinity,1024,-0.00313858602978212,0.302769799877308,-0.0932492530655806,0.126518266964478,0.247494273510252,0.360017571115555,-0.00195225844222469,0.300063927664931,0.00118632758755743,-0.00270587221237678
im,R_imag,3804.33070866142,lambda,1024,0.0045876496163314,0.118319996681823,-0.0701833851176628,0.0799027104439937,0.0944066587872631,0.147164499330638,0.00162954527097359,0.114637968822873,-0.00295810434535781,-0.00368202785895012
im,R_imag,3804.33070866142,lambda_prime,1024,4.99338744253119e-06,0.00847172446799584,-0.0635791412427944,0.0647494777381609,0.0070668650120326,0.0101415283485396,-0.00297034095458382,0.00801501061243524,-0.00297533434202635,-0.000456713855560601
im,R_imag,3804.33070866142,k0_prime,1024,0.00554167946704975,0.0320018403840037,-0.0600944573044364,0.0704241856240777,0.0237321272776388,0.0412884130040387,0.00551076173304565,0.0365811654128023,-3.09177340040989e-05,0.00457932502879868
im,R_imag,3842.51968503937,sigma,1024,0.57963185486365,0.950799096435667,0.509727880846649,0.637375363806467,0.862529797832067,1.07402793992631,0.589313942652947,0.949517035896578,0.00968208778929736,-0.0012820605390893
im,R_imag,3842.51968503937,alpha_infinity,1024,-0.00342825172262162,0.325934696564683,-0.0917283989545457,0.130019944663853,0.267583188272111,0.389293323324154,-0.000545661533735364,0.322545556231069,0.00288259018888626,-0.0033891403336137
im,R_imag,3842.51968503937,lambda,1024,0.00291972485792302,0.12145986536121,-0.0713336747421494,0.0827469920455196,0.0968090802390046,0.152391952564837,0.000687194823529302,0.118055580213349,-0.00223253003439372,-0.00340428514786097
im,R_imag,3842.51968503937,lambda_prime,1024,-6.39706087806058e-05,0.00872918945294801,-0.0626700218514042,0.0618575786200151,0.00726605956239399,0.0104007027160111,-0.00337243649797236,0.00799812885022133,-0.00330846588919176,-0.00073106060272668
im,R_imag,3842.51968503937,k0_prime,1024,0.00584153462933701,0.0343099345348094,-0.0596290390337444,0.0682069800153624,0.0254589324556639,0.0439617886939027,0.00609915235802849,0.0395742181157575,0.000257617728691484,0.00526428358094806
im,R_imag,3880.70866141732,sigma,1024,0.5595420178093,0.947029561286207,0.489411338681899,0.619893605598621,0.856896151786713,1.07011110940677,0.562675098077858,0.945079056963305,0.00313308026855785,-0.001950504322902
im,R_imag,3880.70866141732,alpha_infinity,1024,-0.00384621179714717,0.350020814261686,-0.0950226845534177,0.130920205289699,0.287602341639214,0.419722834633521,-0.00052558852706408,0.3496614016737,0.00332062327008309,-0.000359412587985775
im,R_imag,3880.70866141732,lambda,1024,0.00108961032575894,0.124959784249525,-0.0764060899024965,0.0854358945139374,0.0989388626659206,0.154713962198497,-0.000311594285538064,0.123069337856677,-0.001401204611297,-0.00189044639284766
im,R_imag,3880.70866141732,lambda_prime,1024,-8.95143861248116e-05,0.00898730201642474,-0.0617986268305748,0.0586010927571121,0.00746171633009029,0.0106978302732489,-0.00220117924146268,0.00821724773747111,-0.00211166485533787,-0.00077005427895363
im,R_imag,3880.70866141732,k0_prime,1024,0.00640410483989418,0.03695078445614,-0.0588563696685764,0.0700751789580188,0.0273384561654636,0.0479455903000964,0.00678257841261976,0.0416881899053307,0.000378473572725579,0.00473740544919073
im,R_imag,3918.89763779528,sigma,1024,0.539237892438506,0.942637914781916,0.469288973293872,0.602127094977969,0.850488074727286,1.06534736146571,0.546553945754578,0.939091648343672,0.00731605331607188,-0.00354626643824407
im,R_imag,3918.89763779528,alpha_infinity,1024,-0.0044185176549254,0.374903767163715,-0.100365879332096,0.130908332400645,0.309056581209187,0.451124269298463,0.000702329432035964,0.372192959367286,0.00512084708696137,-0.00271080779642979
im,R_imag,3918.89763779528,lambda,1024,-0.000867441754995646,0.128921585088375,-0.0813926627763546,0.0879698376054361,0.101990960066858,0.15920359366984,-0.00281562771984323,0.123015742537591,-0.00194818596484758,-0.00590584255078368
im,R_imag,3918.89763779528,lambda_prime,1024,-6.90346900034111e-05,0.00924907538202551,-0.0643676425831166,0.0579788739990201,0.00765621306929853,0.0109763765799934,-0.00281848552540986,0.00861694654616884,-0.00274945083540645,-0.000632128835856673
im,R_imag,3918.89763779528,k0_prime,1024,0.00728031897516912,0.0399655679153236,-0.0577326543950381,0.07457449919251,0.0300055155734797,0.0524579499691686,0.00677429734436563,0.0436632618941315,-0.000506021630803488,0.00369769397880787
im,R_imag,3957.08661417323,sigma,1024,0.518778463928897,0.937529802095407,0.448563680563854,0.583872265865715,0.843430140765147,1.05964233002907,0.526237767953933,0.937727427233851,0.00745930402503525,0.000197625138444346
im,R_imag,3957.08661417323,alpha_infinity,1024,-0.00516134068440199,0.400428303782324,-0.105752504544714,0.1301258625955,0.330668169270001,0.480392896186771,-0.000553455871980857,0.397171180420621,0.00460788481242114,-0.00325712336170325
im,R_imag,3957.08661417323,lambda,1024,-0.00290381592132505,0.133459575952656,-0.0861621970244515,0.0903529177631457,0.105538644614866,0.164673168485634,-0.00417435382286557,0.127366175718422,-0.00127053790154052,-0.00609340023423466
im,R_imag,3957.08661417323,lambda_prime,1024,-1.16290922669293e-06,0.00951858492555964,-0.0688711072553903,0.0615181628757429,0.00789488316483891,0.0112455485134106,-0.00324353693128421,0.00904435314760317,-0.00324237402205751,-0.000474231777956467
im,R_imag,3957.08661417323,k0_prime,1024,0.00852412056346186,0.043395027018028,-0.0574824887174046,0.0746782023763176,0.0328330221983789,0.0575365097365045,0.00721885201914119,0.0482723826382192,-0.00130526854432067,0.00487735562019125
im,R_imag,3995.27559055118,sigma,1024,0.498223382741671,0.931595276084757,0.424184848838565,0.565871579018023,0.835564176961608,1.05288443379062,0.505023052271629,0.932000143646373,0.00679966952995803,0.000404867561616284
im,R_imag,3995.27559055118,alpha_infinity,1024,-0.00607691841957059,0.426405187339926,-0.111153183776403,0.128500176309684,0.352622747254877,0.50912958544067,-0.00139626289061834,0.42537022348177,0.00468065552895225,-0.00103496385815688
im,R_imag,3995.27559055118,lambda,1024,-0.00495819045909851,0.13869927172186,-0.0905601269786944,0.0925929447256872,0.107646662943618,0.171644085402129,-0.00594638495269839,0.133750537950907,-0.000988194493599881,-0.00494873377095337
im,R_imag,3995.27559055118,lambda_prime,1024,0.000113847136612999,0.00980110023990381,-0.073047534129427,0.065185802224232,0.00812068619374887,0.0114649862903571,-0.00242074185794117,0.00924897299114897,-0.00253458899455417,-0.000552127248754841
im,R_imag,3995.27559055118,k0_prime,1024,0.0101910491670897,0.0472776363144959,-0.0545477128204799,0.0747056190618099,0.035760864368367,0.0632095933902632,0.00857487964442427,0.0488778700320327,-0.00161616952266541,0.00160023371753675
im,R_imag,4033.46456692913,sigma,1024,0.477632250946508,0.924708182050182,0.399981940763885,0.547436489753487,0.827084637826645,1.04494299602428,0.484504172148025,0.926063335812053,0.00687192120151714,0.00135515376187167
im,R_imag,4033.46456692913,alpha_infinity,1024,-0.00714879123329437,0.452608736688396,-0.116519833122612,0.12597819481379,0.37469498311233,0.537821682260959,-0.00329507370395388,0.448486345165109,0.00385371752934049,-0.00412239152328675
im,R_imag,4033.46456692913,lambda,1024,-0.00695445926221705,0.144774981580451,-0.097011277392929,0.0947013215444769,0.111362549936899,0.179729752961981,-0.00710245684762589,0.137155110201656,-0.000147997585408843,-0.00761987137879486
im,R_imag,4033.46456692913,lambda_prime,1024,0.000273711837262214,0.0101031852425831,-0.0768404426209419,0.068954231536516,0.00835742630117173,0.0118943676966882,-0.00305628154852067,0.00989735448890294,-0.00332999338578288,-0.000205830753680195
im,R_imag,4033.46456692913,k0_prime,1024,0.0123362200870116,0.0516472480185803,-0.0517897174247512,0.0748580880210452,0.0389469623429225,0.0694923202924164,0.0111661611072063,0.0547358556214721,-0.00117005897980538,0.0030886076028918
im,R_imag,4071.65354330709,sigma,1024,0.457063790576249,0.916726225203681,0.376095652118969,0.52964364786556,0.817901946657919,1.03566681250714,0.464829507563429,0.91705124883975,0.00776571698718043,0.000325023636069899
im,R_imag,4071.65354330709,alpha_infinity,1024,-0.00833639907740991,0.478775482176944,-0.121780790529736,0.122534858022252,0.396622949379606,0.566181258355808,-0.00540873886720505,0.474458630581042,0.00292766021020485,-0.00431685159590212
im,R_imag,4071.65354330709,lambda,1024,-0.00880110862484362,0.151825923677241,-0.100678927148004,0.0966927253425176,0.116904228027156,0.188880956086105,-0.0101050901871433,0.14610178309251,-0.00130398156229972,-0.005724140584731
im,R_imag,4071.65354330709,lambda_prime,1024,0.000473716661953949,0.0104327420572888,-0.0801925998052542,0.0727866599999164,0.00864246071082193,0.0122620346461062,-0.0024888031096455,0.00988520643361211,-0.00296251977159945,-0.000547535623676662
im,R_imag,4071.65354330709,k0_prime,1024,0.015011601915868,0.0565301703570137,-0.048796548565587,0.0751739405937375,0.0423052483081151,0.0763783240361223,0.0129652653914551,0.0601180888453762,-0.00204633652441288,0.00358791848836248
im,R_imag,4109.84251968504,sigma,1024,0.436574926293617,0.907492049405096,0.352672408126275,0.514436166016164,0.807910002003554,1.02488356115376,0.443940525081336,0.910328746631852,0.00736559878771859,0.00283669722675606
im,R_imag,4109.84251968504,alpha_infinity,1024,-0.00956921960948343,0.504604506179074,-0.126835498713158,0.11818313635585,0.418110426137497,0.593886605159507,-0.00564347021635325,0.49869712912434,0.00392574939313017,-0.00590737705473382
im,R_imag,4109.84251968504,lambda,1024,-0.0103912909953088,0.159990523819252,-0.102636568893537,0.0985845422372843,0.12319471843227,0.200941740185154,-0.00973951980968213,0.151509992499906,0.000651771185626648,-0.0084805313193464
im,R_imag,4109.84251968504,lambda_prime,1024,0.000706358367094762,0.0107989679124136,-0.0830475975616294,0.0752971393059021,0.008922694432021,0.0126830408188951,-0.00213623718164691,0.0103338925522865,-0.00284259554874167,-0.000465075360127127
im,R_imag,4109.84251968504,k0_prime,1024,0.018262514842189,0.0619416715887863,-0.0452270657861893,0.0760704844989639,0.0464433192496461,0.0836422002210435,0.0176576782591973,0.0634962241759734,-0.000604836582991708,0.00155455258718717
im,R_imag,4148.03149606299,sigma,1024,0.416219842302798,0.896835725712106,0.327952580278669,0.499457827317219,0.796985886470638,1.01240058304618,0.4255781146206,0.901477209932148,0.00935827231780184,0.00464148422004174
im,R_imag,4148.03149606299,alpha_infinity,1024,-0.010740785132638,0.529760143333857,-0.126596558572938,0.112985392524635,0.439962998798519,0.620838152428677,-0.00718665890516523,0.525385179567476,0.00355412622747275,-0.00437496376638125
im,R_imag,4148.03149606299,lambda,1024,-0.011603887439005,0.169398585787968,-0.104200232078405,0.0970649688183503,0.13032910616139,0.214084231325564,-0.0116248978400471,0.160964292165972,-2.10104010420764e-05,-0.00843429362199663
im,R_imag,4148.03149606299,lambda_prime,1024,0.000961080224818556,0.0112121885083714,-0.0853223774211445,0.0729745577155213,0.00911028179267197,0.0132486193273487,-0.00116142573225475,0.0109595237400239,-0.00212250595707331,-0.000252664768347562
im,R_imag,4148.03149606299,k0_prime,1024,0.0221233217525101,0.067881962386751,-0.0461477306059455,0.081104279712248,0.0504799424526759,0.0915377181693575,0.0205439561456809,0.0678878151880838,-0.00157936560682914,5.85280133273691e-06
im,R_imag,4186.22047244094,sigma,1024,0.396049106648863,0.884579100264983,0.302295177795602,0.484669522226847,0.784990851173802,0.998827382823603,0.404844470546968,0.89043388404867,0.00879536389810476,0.00585478378368698
im,R_imag,4186.22047244094,alpha_infinity,1024,-0.0117031173281785,0.553877784033916,-0.124663304016045,0.108534463913902,0.463466901969274,0.651632699100865,-0.00727821718827015,0.548192786259565,0.00442490013990837,-0.00568499777435083
im,R_imag,4186.22047244094,lambda,1024,-0.0123058866559453,0.180161121630909,-0.105206757365046,0.0918673551734827,0.138397394036374,0.228302134018452,-0.0114063804796585,0.170165422365739,0.000899506176286868,-0.00999569926516983
im,R_imag,4186.22047244094,lambda_prime,1024,0.00122416238590073,0.0116835278753267,-0.0831119540772243,0.0759396604244276,0.0094057606737526,0.0140326698778567,-0.000443757765103525,0.0113384911110474,-0.00166792015100425,-0.000345036764279303
im,R_imag,4186.22047244094,k0_prime,1024,0.0266123681469607,0.074331798659541,-0.0450961059254031,0.0862801749883465,0.0549930501547136,0.100316693225472,0.0234402114603235,0.0722119778635808,-0.00317215668663717,-0.00211982079596021
im,R_imag,4224.4094488189,sigma,1024,0.376108991389527,0.870542457333433,0.277119129042658,0.470006544777236,0.771773188719041,0.983917885584251,0.386807225285143,0.877831175207361,0.0106982338956159,0.00728871787392826
im,R_imag,4224.4094488189,alpha_infinity,1024,-0.0122623562017787,0.576573516275703,-0.121670595327375,0.105608804770744,0.48689274133709,0.680331847134926,-0.00858873690232942,0.570771682443649,0.00367361929944932,-0.00580183383205357
im,R_imag,4224.4094488189,lambda,1024,-0.0123564134370435,0.192357830852134,-0.106541877473997,0.0863405455345023,0.147477008232605,0.242827887994889,-0.00982846791445513,0.179098892472579,0.00252794552258839,-0.0132589383795551
im,R_imag,4224.4094488189,lambda_prime,1024,0.00147883926991543,0.0122243761000736,-0.0801211161021971,0.0787961029341091,0.00957989803472336,0.0147226065622743,0.000653356128465288,0.011689288374116,-0.000825483141450145,-0.000535087725957544
im,R_imag,4224.4094488189,k0_prime,1024,0.0317263533951481,0.0812479683881271,-0.036810783098582,0.0914896184226837,0.0604424649619498,0.109110900967536,0.0300906782112386,0.0767468183426407,-0.0016356751839095,-0.0045011500454864
im,R_imag,4262.59842519685,sigma,1024,0.356441148031159,0.854553880115883,0.254605560144186,0.452254965714679,0.757173688443503,0.961812994418621,0.364624813700434,0.860138035515877,0.00818366566927509,0.00558415539999457
im,R_imag,4262.59842519685,alpha_infinity,1024,-0.0121766056656696,0.597458203179101,-0.127618700150721,0.102159817079536,0.509996414103849,0.706317081134697,-0.00908068214170066,0.591698974155161,0.00309592352396892,-0.0057592290239401
im,R_imag,4262.59842519685,lambda,1024,-0.0116126898945867,0.206022544930261,-0.110708285328627,0.0806080039679845,0.157623083550958,0.257785411320141,-0.0100699082282627,0.194283678032519,0.00154278166632404,-0.0117388668977427
im,R_imag,4262.59842519685,lambda_prime,1024,0.00170571919758955,0.0128456255486613,-0.0763009345587697,0.0771349119524065,0.00990892005537562,0.0154237376416728,0.00104737312369974,0.0123496855135923,-0.000658346073889815,-0.000495940035068993
im,R_imag,4262.59842519685,k0_prime,1024,0.0374344875349465,0.0885590762962016,-0.0337398423598092,0.0959437571162488,0.0655635957274179,0.118400629346087,0.0354068624935008,0.0842190341909094,-0.00202762504144571,-0.00434004210529221
im,R_imag,4300.7874015748,sigma,1024,0.337082813853375,0.836461498591074,0.229092184258275,0.436632376526293,0.741034352034053,0.941149979943904,0.342359182085743,0.844458634220106,0.00527636823236732,0.00799713562903204
im,R_imag,4300.7874015748,alpha_infinity,1024,-0.0111572207417641,0.616156267657361,-0.1257116899294,0.107924095778775,0.526303049446467,0.728975692190373,-0.00781550758961735,0.612806661903151,0.00334171315214671,-0.00334960575421017
im,R_imag,4300.7874015748,lambda,1024,-0.00993808150335829,0.221127420798458,-0.113145562454838,0.0804835243098616,0.167109996578581,0.27423432993083,-0.00754611085265422,0.207480808492313,0.00239197065070407,-0.0136466123061445
im,R_imag,4300.7874015748,lambda_prime,1024,0.00188357332251365,0.0135566666850596,-0.0729286474674065,0.0740752899811307,0.0103202727014388,0.0161928545292432,0.00101768358206544,0.0123362019574672,-0.000865889740448211,-0.0012204647275924
im,R_imag,4300.7874015748,k0_prime,1024,0.0436729966016651,0.0961622049366889,-0.0300475944664913,0.101438565655222,0.0711074384569966,0.128014791347788,0.0419339234868629,0.0896445396527481,-0.00173907311480226,-0.00651766528394081
im,R_imag,4338.97637795276,sigma,1024,0.318067712842619,0.816148463927133,0.206731133267666,0.418575092540218,0.723210860796158,0.916944303322914,0.326265169186749,0.824912708661914,0.00819745634412961,0.00876424473478166
im,R_imag,4338.97637795276,alpha_infinity,1024,-0.00887484042757558,0.632328892537386,-0.120611281492895,0.106350804510378,0.537671690283175,0.747734313014453,-0.00447408958000395,0.627299227789256,0.00440075084757163,-0.00502966474813016
im,R_imag,4338.97637795276,lambda,1024,-0.00721214263930503,0.237567254733744,-0.11310562011726,0.0851504498956487,0.178139595486926,0.293889586738117,-0.0033772133977692,0.224419906376417,0.00383492924153583,-0.0131473483573273
im,R_imag,4338.97637795276,lambda_prime,1024,0.00199053572622643,0.0143641688589678,-0.076211115336188,0.070505178213302,0.0108271989603266,0.0175226258330133,0.00352070498150669,0.0135117823562901,0.00153016925528027,-0.000852386502677716
im,R_imag,4338.97637795276,k0_prime,1024,0.0503407599456263,0.103921180252453,-0.0257658631967241,0.105824626940461,0.0772567027782295,0.137648961402507,0.0498954878874917,0.0973525205911015,-0.000445272058134605,-0.00656865966135142
im,R_imag,4377.16535433071,sigma,1024,0.299427760518841,0.793549967714077,0.185817724563572,0.396756392298659,0.703588848143412,0.889852819492349,0.306570853751109,0.802476844381634,0.00714309323226725,0.00892687666755709
im,R_imag,4377.16535433071,alpha_infinity,1024,-0.00497132348531015,0.645700530333603,-0.115429114121674,0.113500502496601,0.546838650035546,0.762098386939628,-0.00105414949747229,0.64175250290813,0.00391717398783786,-0.00394802742547296
im,R_imag,4377.16535433071,lambda,1024,-0.00334222310416243,0.255145925085237,-0.107351476229345,0.0905594370690586,0.190906761680148,0.311349799297543,-0.000664485140990712,0.243651424687414,0.00267773796317172,-0.011494500397823
im,R_imag,4377.16535433071,lambda_prime,1024,0.00200570980482995,0.01527071969421,-0.0782950243699603,0.0664103004106528,0.0114699045502284,0.0189959640742838,0.00329304154989629,0.0144147019152709,0.00128733174506634,-0.000856017778939082
im,R_imag,4377.16535433071,k0_prime,1024,0.0572970468138031,0.111667256067081,-0.0209520430730712,0.109543044681982,0.0830591010432141,0.147051283211728,0.0554278029818523,0.101750560819592,-0.00186924383195075,-0.00991669524748852
im,R_imag,4415.35433070866,sigma,1024,0.281195574441078,0.768670962123217,0.166609403455998,0.3784614156725,0.682103290276836,0.859822538848649,0.287469071070044,0.778014487159107,0.00627349662896581,0.00934352503589042
im,R_imag,4415.35433070866,alpha_infinity,1024,0.000921731227824352,0.656086609087386,-0.106871944716233,0.121609951047152,0.553780062226247,0.77169506726691,0.00315015891344883,0.652654465713105,0.00222842768562448,-0.00343214337428122
im,R_imag,4415.35433070866,lambda,1024,0.00172425129871279,0.273567519086026,-0.099513749082774,0.0966313219904642,0.205932757058556,0.331165742424891,0.0082713912914818,0.262533342622955,0.00654713999276901,-0.0110341764630708
im,R_imag,4415.35433070866,lambda_prime,1024,0.0019111069235197,0.016273454706362,-0.0805105434039692,0.0617948209822552,0.0123883259188139,0.0205928877586798,0.00603159770154449,0.0156221095785057,0.00412049077802479,-0.000651345127856326
im,R_imag,4415.35433070866,k0_prime,1024,0.0643623951950645,0.119202993138029,-0.014400042008347,0.119309377246134,0.08857738463875,0.155934825741324,0.0641171591141114,0.106997444251848,-0.00024523608095306,-0.0122055488861809
im,R_imag,4453.54330708661,sigma,1024,0.26340763211341,0.741602533583938,0.145939093957124,0.365017954127901,0.65875931159779,0.826906202277233,0.268760113718204,0.746949705019239,0.00535248160479374,0.00534717143530072
im,R_imag,4453.54330708661,alpha_infinity,1024,0.00915806529851104,0.663419279783752,-0.0958685343971082,0.130852700759697,0.558582857543708,0.776315556297711,0.0119391508204739,0.658254535261039,0.00278108552196288,-0.00516474452271309
im,R_imag,4453.54330708661,lambda,1024,0.00798818803718315,0.292434951427909,-0.0932546184608469,0.103222295726603,0.222887456392537,0.351634048102363,0.0144516691700171,0.282164278930835,0.0064634811328339,-0.0102706724970743
im,R_imag,4453.54330708661,lambda_prime,1024,0.00169375767075397,0.0173628660858359,-0.0808862143397902,0.0608447169727218,0.0134479961454264,0.0221600749033205,0.0042019896637171,0.0166585087148125,0.00250823199296313,-0.000704357371023364
im,R_imag,4453.54330708661,k0_prime,1024,0.0713235596843258,0.126309881608905,-0.00308948038721457,0.132710935685971,0.0945207241530099,0.163991707968439,0.0709360574792864,0.1138602258806,-0.000387502205039358,-0.0124496557283051
im,R_imag,4491.73228346457,sigma,1024,0.246107724549168,0.71253431563207,0.124584474340311,0.346440862209511,0.628017643594467,0.791980438932064,0.256544309767282,0.721764544884808,0.0104365852181142,0.00923022925273831
im,R_imag,4491.73228346457,alpha_infinity,1024,0.0200468523313335,0.667767249984039,-0.0817292904386155,0.141393487198797,0.56145369950559,0.776109021894969,0.0228362856397569,0.664279528040745,0.00278943330842341,-0.00348772194329405
im,R_imag,4491.73228346457,lambda,1024,0.0153896775410957,0.311258608672562,-0.0902825508153031,0.110124520823636,0.238750099152886,0.372006462605345,0.0239865395459053,0.301784844011577,0.00859686200480969,-0.00947376466098487
im,R_imag,4491.73228346457,lambda_prime,1024,0.00134774910753432,0.0185220194221825,-0.0812628325448457,0.0632524499377196,0.0146378520681799,0.0235654666331516,0.00831505852315528,0.0170104361683805,0.00696730941562096,-0.00151158325380196
im,R_imag,4491.73228346457,k0_prime,1024,0.0779430762819999,0.132759803128258,-0.00248510167423821,0.141560981918099,0.100286456695387,0.170913118084763,0.0778969931488595,0.118140626522818,-4.60831331404732e-05,-0.0146191766054397
im,R_imag,4529.92125984252,sigma,1024,0.229350168823098,0.681760129524124,0.105323444133652,0.326064928592063,0.594338938554717,0.762996572219887,0.236479543304314,0.686592562288117,0.00712937448121576,0.00483243276399326
im,R_imag,4529.92125984252,alpha_infinity,1024,0.033820613129362,0.669345533066064,-0.0625292425474131,0.149673143675464,0.562716782618234,0.772980732603635,0.0366633582581551,0.66682993664919,0.00284274512879312,-0.00251559641687416
im,R_imag,4529.92125984252,lambda,1024,0.0238031746328814,0.329476574836544,-0.0780358834831916,0.116444823889113,0.254386756102729,0.395843505912933,0.0326278011919303,0.32081673786197,0.00882462655904892,-0.00865983697457318
im,R_imag,4529.92125984252,lambda_prime,1024,0.000875877416689486,0.0197264092802904,-0.0807757381239442,0.0659276058789419,0.0159365058877251,0.0251121658041109,0.00464721245805422,0.0190418289302268,0.00377133504136473,-0.000684580350063673
im,R_imag,4529.92125984252,k0_prime,1024,0.0839733320226548,0.13832977045041,0.00155994826885397,0.151502818061035,0.105282850911658,0.176491069964646,0.082711158867352,0.122901699033398,-0.00126217315530275,-0.0154280714170115
im,R_imag,4568.11023622047,sigma,1024,0.21320212657636,0.649674435355332,0.0886146989959388,0.3052567011207,0.56077478856134,0.72989430773545,0.217392336104014,0.654219223969205,0.00419020952765436,0.00454478861387353
im,R_imag,4568.11023622047,alpha_infinity,1024,0.0506050100761204,0.668511626080106,-0.047134976850141,0.157730444757114,0.573182444228497,0.768343353846589,0.0521700958746021,0.667972627794882,0.00156508579848169,-0.000538998285223746
im,R_imag,4568.11023622047,lambda,1024,0.0330386502743617,0.346486292024033,-0.06356583024717,0.123769433239036,0.270403214571465,0.421521446411374,0.0422075058341169,0.34054147605258,0.00916885555975522,-0.00594481597145297
im,R_imag,4568.11023622047,lambda_prime,1024,0.000290592599893169,0.0209446319397861,-0.0820927081747902,0.0674171234951874,0.0170638509914921,0.0275084965268846,0.00517885324304068,0.0195792634005449,0.00488826064314751,-0.00136536853924124
im,R_imag,4568.11023622047,k0_prime,1024,0.0891741588557812,0.142818621782394,0.00730229874679178,0.159487633832143,0.109360486992789,0.180358977916916,0.0899236671127224,0.127476376349991,0.0007495082569412,-0.0153422454324024
im,R_imag,4606.29921259843,sigma,1024,0.197744388929512,0.616758268265314,0.0783505348017388,0.288982227223737,0.530741708416932,0.684490792704585,0.202050197711272,0.615373925198094,0.00430580878176023,-0.00138434306722002
im,R_imag,4606.29921259843,alpha_infinity,1024,0.0703952296701357,0.665746339805178,-0.0267257963664713,0.170006179695034,0.577341131580722,0.761831782535148,0.0725932856305724,0.663013446382162,0.00219805596043676,-0.00273289342301519
im,R_imag,4606.29921259843,lambda,1024,0.04284963476459,0.361685322729519,-0.0607243443352861,0.129890212153839,0.288611112009548,0.444709425430945,0.0545613195847444,0.357998665887263,0.0117116848201544,-0.00368665684225605
im,R_imag,4606.29921259843,lambda_prime,1024,-0.000386027424580382,0.0221399415711297,-0.0828924011755652,0.0642913208958615,0.0180131809982879,0.0292390861485039,0.00469168701646072,0.0202887707160694,0.0050777144410411,-0.0018511708550603
im,R_imag,4606.29921259843,k0_prime,1024,0.0933320749231992,0.146063671451801,0.012777667738792,0.162220768117374,0.111834733103415,0.182325296292755,0.096484533559278,0.133161626054671,0.00315245863607883,-0.0129020453971302
im,R_imag,4644.48818897638,sigma,1024,0.183070167809641,0.583555016990041,0.070540351944041,0.275325829759335,0.509291686213655,0.652392649233067,0.187150140505689,0.586099668939288,0.00407997269604787,0.00254465194924669
im,R_imag,4644.48818897638,alpha_infinity,1024,0.0930433479788109,0.661620046321212,0.00556955283657368,0.189161582238023,0.582538001521843,0.74789162162048,0.0949305390387274,0.660286509591975,0.00188719105991653,-0.00133353672923675
im,R_imag,4644.48818897638,lambda,1024,0.0529479619693466,0.374516710281038,-0.0456150075579538,0.139726604091455,0.299820811198425,0.457533594217566,0.0647870054079983,0.370317557280377,0.0118390434386517,-0.00419915300066076
im,R_imag,4644.48818897638,lambda_prime,1024,-0.00112339797371797,0.023272599876343,-0.0830583279073203,0.0599575269226587,0.0189507320433233,0.0307330311663512,0.0052085227662737,0.0213572830138469,0.00633192073999167,-0.00191531686249612
im,R_imag,4644.48818897638,k0_prime,1024,0.096278630701578,0.147954953908032,0.0178425269568865,0.167094299924277,0.112872703009454,0.182417153441035,0.0986253250590284,0.131984690237105,0.00234669435745039,-0.0159702636709269
im,R_imag,4682.67716535433,sigma,1024,0.16928176535927,0.550638322280145,0.0534933709485291,0.259122899281039,0.490466933297451,0.620299738790433,0.171732016191748,0.549641687601276,0.0024502508324783,-0.000996634678868902
im,R_imag,4682.67716535433,alpha_infinity,1024,0.118259650097414,0.656747928092469,0.0408851710794478,0.210284841089727,0.586369686664735,0.743406703799986,0.121575072995073,0.654915938141301,0.00331542289765951,-0.00183198995116762
im,R_imag,4682.67716535433,lambda,1024,0.0630237526780302,0.384512929817398,-0.0310638155894165,0.147270588843695,0.310208704567712,0.474765505083515,0.0748691637340582,0.383874869913577,0.011845411056028,-0.000638059903820876
im,R_imag,4682.67716535433,lambda_prime,1024,-0.00188457630835592,0.0243027646910326,-0.0825006684706366,0.0625206607114771,0.0197606769826205,0.0320076085475253,0.00381608448220783,0.0214415843535345,0.00570066079056375,-0.00286118033749813
im,R_imag,4682.67716535433,k0_prime,1024,0.0979051352436525,0.148444826735894,0.0223787089204345,0.170095258395655,0.112963457497446,0.182568144538418,0.0993631129782679,0.13104641866891,0.00145797773461542,-0.0173984080669838
im,R_imag,4720.86614173228,sigma,1024,0.15648540436007,0.518576011096675,0.0402766959667454,0.244500398996042,0.463927550252969,0.582940011547537,0.158745477304411,0.517489697675925,0.00226007294434105,-0.00108631342075072
im,R_imag,4720.86614173228,alpha_infinity,1024,0.145628564522595,0.651740130240086,0.0671131090609065,0.233033621431431,0.582413497005213,0.7454097697521,0.150245603489596,0.648365518836608,0.00461703896700116,-0.00337461140347817
im,R_imag,4720.86614173228,lambda,1024,0.0727680882564933,0.39133214282868,-0.0191686771653001,0.156123623253741,0.314744779906418,0.487340869068488,0.0882665774754421,0.393895162332886,0.0154984892189488,0.00256301950420512
im,R_imag,4720.86614173228,lambda_prime,1024,-0.00262917101190197,0.0251935373664536,-0.0811650052066384,0.0617224963608429,0.0206196109803858,0.0330111109951986,0.00476139328392133,0.0233401361394234,0.0073905642958233,-0.00185340122703024
im,R_imag,4720.86614173228,k0_prime,1024,0.0981714761959106,0.147551367516994,0.0241572729579393,0.170520702316693,0.112115522051112,0.182871755121326,0.101392654748799,0.130455813900885,0.00322117855288817,-0.0170955536161086
im,R_imag,4759.05511811024,sigma,1024,0.144784881068443,0.487894837618778,0.0211759362743834,0.231792325705566,0.439766434117397,0.546054881002625,0.149722954987016,0.482756721639438,0.00493807391857326,-0.00513811597933966
im,R_imag,4759.05511811024,alpha_infinity,1024,0.17463724622113,0.647153814256897,0.0905427169203921,0.257492343769521,0.56755463847195,0.747943403409425,0.180709355659542,0.642787940822932,0.00607210943841185,-0.00436587343396477
im,R_imag,4759.05511811024,lambda,1024,0.0818952558744657,0.394781627688393,-0.00759951641544521,0.16514222195847,0.316253422971733,0.494741072243537,0.0970253468033508,0.394434469568085,0.0151300909288852,-0.000347158120307445
im,R_imag,4759.05511811024,lambda_prime,1024,-0.0033165961356878,0.0259137426961417,-0.0790371147655877,0.0581926381475053,0.0214143804498712,0.0337047567896128,0.00206637710714119,0.0243809617679545,0.00538297324282899,-0.00153278092818717
im,R_imag,4759.05511811024,k0_prime,1024,0.0971077463647374,0.145355073793431,0.021823112468659,0.168505199186284,0.110377463874626,0.180512069506802,0.099576423080012,0.131801505916482,0.00246867671527462,-0.0135535678769496
im,R_imag,4797.24409448819,sigma,1024,0.134274936706791,0.459050599137045,0.00534328793117189,0.219972344487503,0.413960745000601,0.511297127498057,0.137700479166684,0.453559514509263,0.00342554245989235,-0.00549108462778203
im,R_imag,4797.24409448819,alpha_infinity,1024,0.204712623930221,0.643453628107194,0.116576851194989,0.28164256988779,0.566281851022685,0.74757260289925,0.210344103611783,0.636695398373504,0.00563147968156219,-0.00675822973369067
im,R_imag,4797.24409448819,lambda,1024,0.090161575925497,0.394825594137144,0.0036560563312209,0.172502689156325,0.315282195338258,0.496376241254962,0.104428622268156,0.395574877895729,0.0142670463426587,0.000749283758585406
im,R_imag,4797.24409448819,lambda_prime,1024,-0.0039091996196805,0.0264400654888298,-0.0761431450997851,0.0562564642636593,0.0220286224370343,0.034065672677883,0.00144096224603529,0.0235287987086943,0.0053501618657158,-0.00291126678013557
im,R_imag,4797.24409448819,k0_prime,1024,0.0948086917419749,0.141989569884784,0.019158383870377,0.164288804706576,0.107833585803602,0.176282729247657,0.0993095837287018,0.130402568560086,0.00450089198672687,-0.0115870013246983
im,R_imag,4835.43307086614,sigma,1024,0.125035270583759,0.432407007096487,-0.00697733591693606,0.209159105602476,0.387117074140794,0.479164063588166,0.128955600401652,0.42405298537919,0.00392032981789325,-0.0083540217172971
im,R_imag,4835.43307086614,alpha_infinity,1024,0.235261517828528,0.64098520851558,0.144697656592394,0.308153719206486,0.568061561525234,0.743959546155153,0.239561509071478,0.632656066611867,0.00429999124295066,-0.00832914190371281
im,R_imag,4835.43307086614,lambda,1024,0.0973786023085479,0.391577442512818,0.012604500584112,0.17808584837421,0.311994766653789,0.491221151225378,0.115389832540439,0.395495007948197,0.0180112302318907,0.00391756543537858
im,R_imag,4835.43307086614,lambda_prime,1024,-0.0043748484609285,0.0267582994113408,-0.0784807552080187,0.050287788015451,0.0221687177022203,0.0342308376633215,0.00203061698027873,0.0237866755674121,0.00640546544120724,-0.00297162384392868
im,R_imag,4835.43307086614,k0_prime,1024,0.0914222388661229,0.137628010109635,0.0163282824441398,0.158185928378013,0.104596453802366,0.170417738555046,0.0960371857678195,0.127272126738774,0.00461494690169661,-0.0103558833708612
im,R_imag,4873.62204724409,sigma,1024,0.117125942536978,0.408224906918889,-0.0156687296115747,0.201548072346381,0.363743762066461,0.45000921656846,0.118932521110994,0.39953609005902,0.001806578574016,-0.00868881685986839
im,R_imag,4873.62204724409,alpha_infinity,1024,0.265708477987838,0.639963628602797,0.174293315535148,0.333941665662202,0.568458603255488,0.742121660370908,0.270942706651845,0.63382878417884,0.00523422866400725,-0.00613484442395695
im,R_imag,4873.62204724409,lambda,1024,0.103419661338463,0.385279106195278,0.0151221344424036,0.181457841501992,0.307766154693228,0.484723530109917,0.118113731556786,0.387920004611503,0.0146940702183231,0.00264089841622445
im,R_imag,4873.62204724409,lambda_prime,1024,-0.00468869120393367,0.0268636357491167,-0.0800039313957854,0.0527668290093511,0.0220006158968002,0.0345070002946536,0.0012583837318203,0.0251329021559654,0.00594707493575397,-0.00173073359315135
im,R_imag,4873.62204724409,k0_prime,1024,0.0871342185106119,0.132467400586227,0.0134936992171566,0.150498150079219,0.1007974071856,0.163207814385733,0.0926892655261471,0.123092883633775,0.00555504701553522,-0.00937451695245195
im,R_imag,4911.81102362205,sigma,1024,0.11058460366756,0.386661583205058,-0.0207393974334817,0.19895189695014,0.34385791779474,0.426668004639009,0.1153393142365,0.379062265588674,0.00475471056894039,-0.00759931761638416
im,R_imag,4911.81102362205,alpha_infinity,1024,0.295527121411382,0.640475991465474,0.204705755154664,0.362993819600637,0.571372922812592,0.742228804730928,0.301978315458876,0.632953644012228,0.00645119404749395,-0.0075223474532452
im,R_imag,4911.81102362205,lambda,1024,0.10821991547086,0.376271798226547,0.0175095041275649,0.180732245711324,0.301932123262066,0.471581357570464,0.123319917204588,0.380443027937422,0.0151000017337278,0.00417122971087491
im,R_imag,4911.81102362205,lambda_prime,1024,-0.00483399508935567,0.0267600834143204,-0.0750189806813455,0.0555473535932183,0.0219179148668722,0.0345075606972875,-0.000441467582444233,0.0241900647534955,0.00439252750691144,-0.00257001866082491
im,R_imag,4911.81102362205,k0_prime,1024,0.0821517082704057,0.126713064496722,0.0107998790340301,0.141759615617664,0.096636637737147,0.157894551925265,0.0865902018781761,0.118173173552413,0.00443849360777038,-0.00853989094430932
im,R_imag,4950,sigma,1024,0.105425649706523,0.36777842146855,-0.0223120157926109,0.19153686566041,0.327374386179882,0.409558438611858,0.110350536124002,0.359295119676213,0.00492488641747901,-0.00848330179233781
im,R_imag,4950,alpha_infinity,1024,0.324262492013816,0.642495312995576,0.240271755661618,0.392051010447962,0.576553581157408,0.744280906325407,0.325829451181998,0.633293607438716,0.00156695916818228,-0.00920170555686095
im,R_imag,4950,lambda,1024,0.111771098415101,0.364963018087407,0.0197922337795661,0.178415450146978,0.294212050597856,0.459494872104797,0.128821873729765,0.370367311837704,0.0170507753146646,0.00540429375029672
im,R_imag,4950,lambda_prime,1024,-0.00480212024848314,0.026459228458618,-0.0694420023283966,0.0574140738351461,0.0216587402792693,0.0341945344994422,0.000127795859327207,0.0240837884092846,0.00492991610781035,-0.0023754400493334
im,R_imag,4950,k0_prime,1024,0.0766871915110173,0.12056504194044,0.00836890033893034,0.132698276577636,0.0932008072919735,0.148725264820537,0.080744197524362,0.11239347258468,0.00405700601334469,-0.00817156935576013
