frequency f in Hz; re(r) ; im(r)
99.000000;0.969455;-0.136445
100.000000;0.975767;-0.137018
101.000000;0.969789;-0.136522
102.000000;0.959991;-0.139391
103.000000;0.972406;-0.131628
104.000000;0.979748;-0.137130
105.000000;0.974186;-0.144069
106.000000;0.970168;-0.155850
107.000000;0.972779;-0.158300
108.000000;0.978616;-0.151294
109.000000;0.962961;-0.157752
110.000000;0.964829;-0.161725
111.000000;0.955375;-0.164211
112.000000;0.960410;-0.156784
113.000000;0.954544;-0.163057
114.000000;0.955766;-0.160175
115.000000;0.967049;-0.162466
116.000000;0.972142;-0.169138
117.000000;0.970652;-0.159442
118.000000;0.958843;-0.153276
119.000000;0.956754;-0.162233
120.000000;0.956949;-0.163384
121.000000;0.959147;-0.175889
122.000000;0.955188;-0.178449
123.000000;0.953291;-0.162203
124.000000;0.948215;-0.166917
125.000000;0.949347;-0.172109
126.000000;0.952098;-0.175156
127.000000;0.949827;-0.171646
128.000000;0.948424;-0.172790
129.000000;0.953431;-0.179076
130.000000;0.955514;-0.180389
131.000000;0.950663;-0.179016
132.000000;0.951480;-0.181776
133.000000;0.946521;-0.185341
134.000000;0.943179;-0.189292
135.000000;0.943202;-0.191632
136.000000;0.942184;-0.189322
137.000000;0.945555;-0.190633
138.000000;0.944508;-0.190194
139.000000;0.941954;-0.191700
140.000000;0.941876;-0.196045
141.000000;0.937747;-0.189785
142.000000;0.941371;-0.191002
143.000000;0.939198;-0.195595
144.000000;0.939843;-0.191120
145.000000;0.939489;-0.193985
146.000000;0.937745;-0.198590
147.000000;0.934714;-0.198399
148.000000;0.935435;-0.197284
149.000000;0.934990;-0.201724
150.000000;0.934136;-0.202479
151.000000;0.931373;-0.205666
152.000000;0.930760;-0.205478
153.000000;0.931148;-0.207153
154.000000;0.932503;-0.206032
155.000000;0.929324;-0.207013
156.000000;0.928477;-0.208722
157.000000;0.929806;-0.210667
158.000000;0.926502;-0.211086
159.000000;0.925970;-0.211758
160.000000;0.926918;-0.214716
161.000000;0.926511;-0.216242
162.000000;0.924898;-0.217150
163.000000;0.924335;-0.220038
164.000000;0.923895;-0.216481
165.000000;0.921911;-0.218558
166.000000;0.922201;-0.221573
167.000000;0.923349;-0.221621
168.000000;0.917960;-0.224771
169.000000;0.918246;-0.222770
170.000000;0.919731;-0.222253
171.000000;0.917354;-0.225938
172.000000;0.916349;-0.228426
173.000000;0.915069;-0.230493
174.000000;0.914039;-0.228688
175.000000;0.914300;-0.228702
176.000000;0.911901;-0.231899
177.000000;0.911333;-0.233049
178.000000;0.911469;-0.232685
179.000000;0.910261;-0.231721
180.000000;0.909892;-0.235409
181.000000;0.908617;-0.236004
182.000000;0.907640;-0.237046
183.000000;0.907638;-0.237403
184.000000;0.904959;-0.238159
185.000000;0.905428;-0.238304
186.000000;0.906132;-0.240901
187.000000;0.904892;-0.243275
188.000000;0.904755;-0.242130
189.000000;0.903325;-0.242879
190.000000;0.901916;-0.244833
191.000000;0.901431;-0.243728
192.000000;0.900009;-0.245199
193.000000;0.899248;-0.247742
194.000000;0.897449;-0.246831
195.000000;0.895438;-0.249276
196.000000;0.895808;-0.249227
197.000000;0.893625;-0.251693
198.000000;0.893889;-0.252552
199.000000;0.894025;-0.253209
200.000000;0.893076;-0.254051
201.000000;0.891475;-0.255447
202.000000;0.891938;-0.255578
203.000000;0.890726;-0.256221
204.000000;0.888525;-0.258504
205.000000;0.888724;-0.258932
206.000000;0.887572;-0.259182
207.000000;0.887155;-0.258899
208.000000;0.885167;-0.261804
209.000000;0.884344;-0.262189
210.000000;0.884521;-0.262785
211.000000;0.883148;-0.263478
212.000000;0.881350;-0.264995
213.000000;0.880924;-0.265169
214.000000;0.881585;-0.265001
215.000000;0.879660;-0.266605
216.000000;0.877260;-0.270002
217.000000;0.876769;-0.269601
218.000000;0.876062;-0.269441
219.000000;0.876830;-0.271363
220.000000;0.875079;-0.272527
221.000000;0.873124;-0.271985
222.000000;0.873666;-0.272574
223.000000;0.872702;-0.274467
224.000000;0.871467;-0.275254
225.000000;0.871017;-0.276071
226.000000;0.869778;-0.276982
227.000000;0.869777;-0.276060
228.000000;0.868002;-0.277742
229.000000;0.866897;-0.278343
230.000000;0.865703;-0.279720
231.000000;0.865416;-0.280843
232.000000;0.865236;-0.281755
233.000000;0.863389;-0.281020
234.000000;0.860062;-0.282383
235.000000;0.860283;-0.283700
236.000000;0.860365;-0.285300
237.000000;0.859805;-0.284393
238.000000;0.858443;-0.285790
239.000000;0.857258;-0.286687
240.000000;0.856572;-0.288480
241.000000;0.855337;-0.288451
242.000000;0.855424;-0.289132
243.000000;0.853876;-0.291833
244.000000;0.852494;-0.291114
245.000000;0.852660;-0.291003
246.000000;0.850033;-0.293628
247.000000;0.849014;-0.293250
248.000000;0.848765;-0.293908
249.000000;0.847935;-0.294714
250.000000;0.848098;-0.295920
251.000000;0.847488;-0.297852
252.000000;0.845342;-0.298589
253.000000;0.844116;-0.297267
254.000000;0.842438;-0.297794
255.000000;0.841069;-0.298842
256.000000;0.838888;-0.301111
257.000000;0.839411;-0.299874
258.000000;0.839432;-0.301493
259.000000;0.837687;-0.302670
260.000000;0.836530;-0.305107
261.000000;0.836709;-0.304929
262.000000;0.836958;-0.304772
263.000000;0.835311;-0.304752
264.000000;0.834251;-0.306059
265.000000;0.832801;-0.307728
266.000000;0.831175;-0.308787
267.000000;0.829334;-0.308502
268.000000;0.829225;-0.306841
269.000000;0.828459;-0.310854
270.000000;0.827802;-0.313866
271.000000;0.827037;-0.312098
272.000000;0.823745;-0.314437
273.000000;0.822737;-0.313197
274.000000;0.824471;-0.313207
275.000000;0.823060;-0.317050
276.000000;0.821918;-0.317508
277.000000;0.818265;-0.317570
278.000000;0.819075;-0.317380
279.000000;0.817237;-0.320056
280.000000;0.819408;-0.317816
281.000000;0.814657;-0.320060
282.000000;0.815761;-0.317967
283.000000;0.812044;-0.324580
284.000000;0.811497;-0.319804
285.000000;0.811187;-0.318451
286.000000;0.811574;-0.320398
287.000000;0.810787;-0.319662
288.000000;0.811757;-0.322022
289.000000;0.805692;-0.324177
290.000000;0.804351;-0.326433
291.000000;0.801865;-0.327795
292.000000;0.793357;-0.327666
293.000000;0.795344;-0.328938
294.000000;0.795861;-0.329257
295.000000;0.797425;-0.332532
296.000000;0.797388;-0.333511
297.000000;0.799320;-0.335815
298.000000;0.797927;-0.332291
299.000000;0.791624;-0.329894
300.000000;0.784419;-0.331438
301.000000;0.784090;-0.333499
302.000000;0.781652;-0.335221
303.000000;0.780128;-0.335998
304.000000;0.778084;-0.334975
305.000000;0.774165;-0.332300
306.000000;0.769079;-0.338618
307.000000;0.765844;-0.340085
308.000000;0.767420;-0.336224
309.000000;0.766417;-0.340953
310.000000;0.761667;-0.333683
311.000000;0.757865;-0.331834
312.000000;0.753022;-0.329767
313.000000;0.753303;-0.329377
314.000000;0.753383;-0.324009
315.000000;0.757162;-0.322917
316.000000;0.761246;-0.313547
317.000000;0.757738;-0.311501
318.000000;0.764959;-0.316577
319.000000;0.770752;-0.316899
320.000000;0.764567;-0.318996
321.000000;0.762412;-0.321758
322.000000;0.772087;-0.326284
323.000000;0.771195;-0.322435
324.000000;0.760379;-0.318513
325.000000;0.763587;-0.323086
326.000000;0.764793;-0.318336
327.000000;0.767292;-0.322216
328.000000;0.765384;-0.328675
329.000000;0.765032;-0.328302
330.000000;0.777604;-0.327610
331.000000;0.781910;-0.322883
332.000000;0.765894;-0.329020
333.000000;0.761003;-0.333676
334.000000;0.754468;-0.337905
335.000000;0.759434;-0.338744
336.000000;0.761337;-0.335456
337.000000;0.755609;-0.340544
338.000000;0.755877;-0.348372
339.000000;0.752310;-0.343606
340.000000;0.744017;-0.338754
341.000000;0.740593;-0.333082
342.000000;0.748139;-0.343878
343.000000;0.743937;-0.354718
344.000000;0.739546;-0.357135
345.000000;0.743947;-0.341255
346.000000;0.755170;-0.336182
347.000000;0.752592;-0.342060
348.000000;0.747969;-0.344573
349.000000;0.749646;-0.342199
350.000000;0.747722;-0.338017
351.000000;0.744152;-0.344071
352.000000;0.733600;-0.338153
353.000000;0.734416;-0.349884
354.000000;0.738915;-0.339207
355.000000;0.732657;-0.348380
356.000000;0.740216;-0.351187
357.000000;0.752051;-0.348459
358.000000;0.749916;-0.346507
359.000000;0.743663;-0.343123
360.000000;0.750333;-0.343771
361.000000;0.745020;-0.351803
362.000000;0.741801;-0.352901
363.000000;0.739796;-0.345416
364.000000;0.735034;-0.334769
365.000000;0.722971;-0.346903
366.000000;0.712812;-0.349016
367.000000;0.710476;-0.350685
368.000000;0.726739;-0.357129
369.000000;0.727528;-0.356230
370.000000;0.733816;-0.339120
371.000000;0.725941;-0.347409
372.000000;0.711379;-0.348129
373.000000;0.710141;-0.354846
374.000000;0.697474;-0.354629
375.000000;0.710529;-0.355230
376.000000;0.714124;-0.331865
377.000000;0.726535;-0.335419
378.000000;0.743027;-0.347829
379.000000;0.728250;-0.340225
380.000000;0.710690;-0.350716
381.000000;0.725059;-0.361358
382.000000;0.722762;-0.361632
383.000000;0.695931;-0.359003
384.000000;0.698469;-0.370233
385.000000;0.678740;-0.369592
386.000000;0.689880;-0.343534
387.000000;0.704937;-0.353018
388.000000;0.696547;-0.352698
389.000000;0.682202;-0.343370
390.000000;0.688257;-0.358617
391.000000;0.702042;-0.362214
392.000000;0.712762;-0.359927
393.000000;0.715278;-0.353519
394.000000;0.743313;-0.352982
395.000000;0.735034;-0.353549
396.000000;0.712818;-0.349858
397.000000;0.724225;-0.342987
398.000000;0.725950;-0.348150
399.000000;0.705446;-0.351236
400.000000;0.682593;-0.356545
401.000000;0.707542;-0.381634
402.000000;0.711610;-0.368332
403.000000;0.693429;-0.364577
404.000000;0.668543;-0.358577
405.000000;0.671784;-0.352853
406.000000;0.697311;-0.380755
407.000000;0.702940;-0.373082
408.000000;0.671166;-0.350961
409.000000;0.685443;-0.364161
410.000000;0.696101;-0.361166
411.000000;0.697040;-0.342594
412.000000;0.710567;-0.368528
413.000000;0.695516;-0.358558
414.000000;0.678579;-0.345613
415.000000;0.696124;-0.364641
416.000000;0.692505;-0.365813
417.000000;0.681587;-0.351525
418.000000;0.682722;-0.348735
419.000000;0.682070;-0.341322
420.000000;0.680135;-0.378320
421.000000;0.687162;-0.391834
422.000000;0.697387;-0.372766
423.000000;0.690788;-0.375586
424.000000;0.682315;-0.365788
425.000000;0.661697;-0.360345
426.000000;0.670200;-0.360534
427.000000;0.676933;-0.360808
428.000000;0.682040;-0.352755
429.000000;0.686666;-0.359732
430.000000;0.671510;-0.366388
431.000000;0.653394;-0.363725
432.000000;0.657065;-0.355040
433.000000;0.685445;-0.369509
434.000000;0.687499;-0.370192
435.000000;0.668324;-0.367102
436.000000;0.686453;-0.363355
437.000000;0.668542;-0.357644
438.000000;0.652480;-0.360041
439.000000;0.668164;-0.352479
440.000000;0.674825;-0.358997
441.000000;0.664982;-0.371684
442.000000;0.645355;-0.358914
443.000000;0.644913;-0.344956
444.000000;0.631173;-0.361695
445.000000;0.657520;-0.382205
446.000000;0.678046;-0.378808
447.000000;0.673017;-0.365351
448.000000;0.670092;-0.361444
449.000000;0.662264;-0.372507
450.000000;0.652053;-0.359128
451.000000;0.661501;-0.352488
452.000000;0.662929;-0.354822
453.000000;0.654508;-0.353262
454.000000;0.646195;-0.349103
455.000000;0.652484;-0.362058
456.000000;0.657691;-0.367225
457.000000;0.656314;-0.358627
458.000000;0.654315;-0.360058
459.000000;0.653485;-0.352398
460.000000;0.647934;-0.341076
461.000000;0.653333;-0.345710
462.000000;0.642494;-0.361757
463.000000;0.633239;-0.363713
464.000000;0.636867;-0.365460
465.000000;0.643223;-0.358320
466.000000;0.655061;-0.357977
467.000000;0.651455;-0.350824
468.000000;0.650052;-0.350829
469.000000;0.650398;-0.358935
470.000000;0.638354;-0.363603
471.000000;0.635610;-0.357727
472.000000;0.648282;-0.366764
473.000000;0.649116;-0.366661
474.000000;0.654153;-0.372122
475.000000;0.654350;-0.361545
476.000000;0.647224;-0.362905
477.000000;0.639935;-0.366018
478.000000;0.637971;-0.368790
479.000000;0.632392;-0.374535
480.000000;0.631902;-0.367713
481.000000;0.640329;-0.362205
482.000000;0.628083;-0.358994
483.000000;0.631818;-0.361810
484.000000;0.630721;-0.352720
485.000000;0.626611;-0.347981
486.000000;0.628506;-0.355138
487.000000;0.635805;-0.354215
488.000000;0.635760;-0.351059
489.000000;0.622989;-0.354692
490.000000;0.617541;-0.360648
491.000000;0.630441;-0.363393
492.000000;0.627165;-0.360173
493.000000;0.622182;-0.356638
494.000000;0.633025;-0.361313
495.000000;0.630868;-0.356415
496.000000;0.621511;-0.351669
497.000000;0.622389;-0.357431
498.000000;0.624503;-0.361446
499.000000;0.622852;-0.354656
500.000000;0.626487;-0.356352
501.000000;0.627871;-0.355608
502.000000;0.622831;-0.358550
503.000000;0.620098;-0.356952
504.000000;0.612746;-0.358582
505.000000;0.610666;-0.356446
506.000000;0.616986;-0.354309
507.000000;0.617965;-0.357949
508.000000;0.624280;-0.360530
509.000000;0.620606;-0.354334
510.000000;0.617759;-0.358743
511.000000;0.615772;-0.358383
512.000000;0.610719;-0.349363
513.000000;0.614220;-0.351632
514.000000;0.612147;-0.352997
515.000000;0.611074;-0.352686
516.000000;0.608889;-0.353343
517.000000;0.607675;-0.357274
518.000000;0.609053;-0.353636
519.000000;0.605893;-0.352124
520.000000;0.601052;-0.351530
521.000000;0.606177;-0.357332
522.000000;0.609223;-0.353918
523.000000;0.609398;-0.354417
524.000000;0.611064;-0.354244
525.000000;0.605633;-0.356827
526.000000;0.602198;-0.353404
527.000000;0.601514;-0.350411
528.000000;0.605752;-0.349685
529.000000;0.600166;-0.352259
530.000000;0.600671;-0.351791
531.000000;0.600767;-0.347782
532.000000;0.601901;-0.352641
533.000000;0.600312;-0.353544
534.000000;0.597431;-0.352980
535.000000;0.596852;-0.353990
536.000000;0.597233;-0.352832
537.000000;0.595697;-0.353020
538.000000;0.594571;-0.351647
539.000000;0.594407;-0.349718
540.000000;0.591802;-0.352280
541.000000;0.590888;-0.351137
542.000000;0.588268;-0.349346
543.000000;0.591185;-0.349819
544.000000;0.588238;-0.348432
545.000000;0.590122;-0.349328
546.000000;0.590473;-0.347774
547.000000;0.592557;-0.345774
548.000000;0.586834;-0.351242
549.000000;0.585636;-0.352411
550.000000;0.588556;-0.351336
551.000000;0.588550;-0.348923
552.000000;0.589892;-0.346032
553.000000;0.595117;-0.346185
554.000000;0.595495;-0.352077
555.000000;0.590721;-0.351565
556.000000;0.587666;-0.349630
557.000000;0.582302;-0.348183
558.000000;0.581896;-0.344884
559.000000;0.582717;-0.347387
560.000000;0.580582;-0.346211
561.000000;0.582496;-0.344706
562.000000;0.578794;-0.345197
563.000000;0.578883;-0.346269
564.000000;0.577158;-0.347956
565.000000;0.577623;-0.346972
566.000000;0.577722;-0.344091
567.000000;0.576983;-0.345849
568.000000;0.579331;-0.345795
569.000000;0.579152;-0.344223
570.000000;0.578060;-0.345156
571.000000;0.577062;-0.346883
572.000000;0.574057;-0.344511
573.000000;0.571030;-0.344032
574.000000;0.572794;-0.346762
575.000000;0.572707;-0.348018
576.000000;0.571101;-0.344722
577.000000;0.573396;-0.344019
578.000000;0.573064;-0.344257
579.000000;0.574184;-0.345021
580.000000;0.573485;-0.343991
581.000000;0.570741;-0.345683
582.000000;0.568472;-0.345356
583.000000;0.568103;-0.344102
584.000000;0.568042;-0.343086
585.000000;0.567575;-0.345289
586.000000;0.568568;-0.344453
587.000000;0.567812;-0.341931
588.000000;0.568407;-0.343135
589.000000;0.567699;-0.341184
590.000000;0.565636;-0.342024
591.000000;0.565941;-0.342301
592.000000;0.566891;-0.344776
593.000000;0.565959;-0.343090
594.000000;0.565349;-0.342158
595.000000;0.563925;-0.343414
596.000000;0.562077;-0.343018
597.000000;0.563797;-0.342251
598.000000;0.561556;-0.343869
599.000000;0.559441;-0.343282
600.000000;0.558986;-0.342870
601.000000;0.559177;-0.342466
602.000000;0.557670;-0.341877
603.000000;0.557252;-0.342905
604.000000;0.557627;-0.342807
605.000000;0.557595;-0.344111
606.000000;0.555000;-0.344033
607.000000;0.553684;-0.344450
608.000000;0.553411;-0.343644
609.000000;0.554062;-0.342329
610.000000;0.552344;-0.342309
611.000000;0.549163;-0.342754
612.000000;0.546712;-0.342092
613.000000;0.547590;-0.340861
614.000000;0.545211;-0.340945
615.000000;0.546179;-0.341193
616.000000;0.545625;-0.341409
617.000000;0.543460;-0.339501
618.000000;0.543604;-0.339520
619.000000;0.544864;-0.339514
620.000000;0.543132;-0.337645
621.000000;0.542165;-0.337264
622.000000;0.540802;-0.337336
623.000000;0.538816;-0.335203
624.000000;0.540194;-0.332812
625.000000;0.540545;-0.333252
626.000000;0.538734;-0.332486
627.000000;0.537737;-0.331300
628.000000;0.539267;-0.331634
629.000000;0.538545;-0.331316
630.000000;0.537351;-0.331164
631.000000;0.537133;-0.331694
632.000000;0.536997;-0.331194
633.000000;0.537967;-0.328816
634.000000;0.537346;-0.328656
635.000000;0.535585;-0.329979
636.000000;0.535615;-0.329161
637.000000;0.536987;-0.327818
638.000000;0.535704;-0.328421
639.000000;0.534985;-0.327929
640.000000;0.536102;-0.327254
641.000000;0.535831;-0.326387
642.000000;0.535361;-0.326670
643.000000;0.534833;-0.325980
644.000000;0.534171;-0.325532
645.000000;0.534459;-0.326588
646.000000;0.534422;-0.326322
647.000000;0.533457;-0.325125
648.000000;0.533558;-0.324628
649.000000;0.533748;-0.325096
650.000000;0.532317;-0.325797
651.000000;0.531505;-0.323996
652.000000;0.532270;-0.323798
653.000000;0.532518;-0.322724
654.000000;0.531283;-0.322736
655.000000;0.529818;-0.322165
656.000000;0.530113;-0.321853
657.000000;0.530172;-0.321176
658.000000;0.531231;-0.322011
659.000000;0.529758;-0.322625
660.000000;0.529231;-0.322252
661.000000;0.529345;-0.322145
662.000000;0.527851;-0.322202
663.000000;0.527440;-0.319868
664.000000;0.526987;-0.319946
665.000000;0.529111;-0.320337
666.000000;0.528903;-0.319597
667.000000;0.527271;-0.320759
668.000000;0.527553;-0.321761
669.000000;0.527592;-0.320128
670.000000;0.526724;-0.319702
671.000000;0.526419;-0.319018
672.000000;0.526519;-0.319148
673.000000;0.526666;-0.320125
674.000000;0.525567;-0.317798
675.000000;0.525749;-0.318558
676.000000;0.525133;-0.320357
677.000000;0.525237;-0.318565
678.000000;0.524654;-0.318376
679.000000;0.523943;-0.316836
680.000000;0.524269;-0.315764
681.000000;0.524191;-0.316138
682.000000;0.524313;-0.316836
683.000000;0.523816;-0.316647
684.000000;0.522750;-0.315822
685.000000;0.523586;-0.315484
686.000000;0.522918;-0.317392
687.000000;0.523571;-0.317021
688.000000;0.522053;-0.314563
689.000000;0.521646;-0.314566
690.000000;0.521274;-0.314436
691.000000;0.521909;-0.314472
692.000000;0.522061;-0.313498
693.000000;0.520666;-0.313160
694.000000;0.520179;-0.314571
695.000000;0.520836;-0.312732
696.000000;0.520973;-0.312072
697.000000;0.520453;-0.314147
698.000000;0.518924;-0.314921
699.000000;0.518597;-0.315021
700.000000;0.519645;-0.313638
701.000000;0.518856;-0.313089
702.000000;0.518806;-0.312868
703.000000;0.517815;-0.312953
704.000000;0.517772;-0.312549
705.000000;0.518537;-0.313438
706.000000;0.518394;-0.314497
707.000000;0.519539;-0.312130
708.000000;0.518821;-0.312581
709.000000;0.518827;-0.313071
710.000000;0.518582;-0.312589
711.000000;0.517561;-0.313910
712.000000;0.518685;-0.313678
713.000000;0.518344;-0.314522
714.000000;0.515155;-0.312189
715.000000;0.514820;-0.311742
716.000000;0.516353;-0.310802
717.000000;0.516374;-0.310840
718.000000;0.515570;-0.311895
719.000000;0.514434;-0.310968
720.000000;0.515436;-0.310999
721.000000;0.515242;-0.312153
722.000000;0.514637;-0.311673
723.000000;0.515237;-0.311120
724.000000;0.514159;-0.312589
725.000000;0.513518;-0.312367
726.000000;0.515486;-0.309957
727.000000;0.514544;-0.309667
728.000000;0.511653;-0.311119
729.000000;0.511795;-0.309841
730.000000;0.513037;-0.311918
731.000000;0.512498;-0.311690
732.000000;0.511323;-0.308653
733.000000;0.512599;-0.309281
734.000000;0.513416;-0.310112
735.000000;0.513019;-0.310209
736.000000;0.513550;-0.309485
737.000000;0.512148;-0.308210
738.000000;0.512459;-0.308429
739.000000;0.511814;-0.308513
740.000000;0.511987;-0.307949
741.000000;0.512185;-0.308026
742.000000;0.512069;-0.308454
743.000000;0.511041;-0.308869
744.000000;0.509921;-0.308414
745.000000;0.513109;-0.306997
746.000000;0.510919;-0.307308
747.000000;0.508993;-0.309330
748.000000;0.508036;-0.309970
749.000000;0.508351;-0.309373
750.000000;0.510040;-0.309243
751.000000;0.510154;-0.306608
752.000000;0.509057;-0.305201
753.000000;0.509407;-0.305714
754.000000;0.508093;-0.308522
755.000000;0.511965;-0.310339
756.000000;0.512230;-0.308255
757.000000;0.509236;-0.306001
758.000000;0.508703;-0.307175
759.000000;0.508180;-0.305967
760.000000;0.507447;-0.305894
761.000000;0.509108;-0.304790
762.000000;0.509259;-0.307232
763.000000;0.508413;-0.310713
764.000000;0.507546;-0.308507
765.000000;0.508602;-0.308691
766.000000;0.509152;-0.306531
767.000000;0.510368;-0.304583
768.000000;0.508505;-0.304335
769.000000;0.506522;-0.305956
770.000000;0.507999;-0.308977
771.000000;0.507698;-0.309765
772.000000;0.510279;-0.309817
773.000000;0.507482;-0.305871
774.000000;0.504434;-0.307423
775.000000;0.505789;-0.308098
776.000000;0.504616;-0.307675
777.000000;0.509078;-0.311214
778.000000;0.510581;-0.309316
779.000000;0.507935;-0.307872
780.000000;0.504974;-0.308457
781.000000;0.509621;-0.309927
782.000000;0.510128;-0.310062
783.000000;0.509298;-0.307833
784.000000;0.509285;-0.311685
785.000000;0.508429;-0.314034
786.000000;0.505759;-0.309005
787.000000;0.508663;-0.310110
788.000000;0.510371;-0.313158
789.000000;0.508932;-0.308325
790.000000;0.508823;-0.308713
791.000000;0.508076;-0.309249
792.000000;0.505373;-0.307608
793.000000;0.509238;-0.305849
794.000000;0.508123;-0.309989
795.000000;0.504279;-0.311491
796.000000;0.508236;-0.310760
797.000000;0.507901;-0.311464
798.000000;0.505792;-0.314057
799.000000;0.505475;-0.313250
800.000000;0.504413;-0.312460
801.000000;0.510398;-0.309995
802.000000;0.506836;-0.309582
803.000000;0.503890;-0.315058
804.000000;0.503940;-0.316184
805.000000;0.504401;-0.313018
806.000000;0.506727;-0.312678
807.000000;0.507497;-0.314455
808.000000;0.508006;-0.316411
809.000000;0.506492;-0.314214
810.000000;0.509876;-0.311678
811.000000;0.506803;-0.313128
812.000000;0.507302;-0.316385
813.000000;0.508077;-0.317273
814.000000;0.512260;-0.321828
815.000000;0.510500;-0.317910
816.000000;0.507449;-0.320769
817.000000;0.508417;-0.322579
818.000000;0.507050;-0.320423
819.000000;0.510915;-0.319705
820.000000;0.510318;-0.320815
821.000000;0.509634;-0.324530
822.000000;0.510103;-0.325959
823.000000;0.505322;-0.329593
824.000000;0.508046;-0.330565
825.000000;0.511192;-0.326730
826.000000;0.508089;-0.325412
827.000000;0.506883;-0.328968
828.000000;0.509281;-0.329075
829.000000;0.505960;-0.330295
830.000000;0.506266;-0.332329
831.000000;0.508585;-0.331612
832.000000;0.510701;-0.330159
833.000000;0.509618;-0.331035
834.000000;0.508066;-0.330977
835.000000;0.507051;-0.334306
836.000000;0.512080;-0.336581
837.000000;0.508694;-0.339518
838.000000;0.506745;-0.342425
839.000000;0.504808;-0.343260
840.000000;0.505834;-0.341686
841.000000;0.505636;-0.340421
842.000000;0.507470;-0.340951
843.000000;0.502807;-0.342740
844.000000;0.501034;-0.343662
845.000000;0.500642;-0.347972
846.000000;0.502147;-0.347015
847.000000;0.501823;-0.344215
848.000000;0.501997;-0.348345
849.000000;0.499873;-0.349330
850.000000;0.499991;-0.346329
851.000000;0.500249;-0.349977
852.000000;0.499709;-0.354681
853.000000;0.502835;-0.354775
854.000000;0.499531;-0.352662
855.000000;0.496182;-0.357816
856.000000;0.493644;-0.360425
857.000000;0.496549;-0.362213
858.000000;0.493108;-0.361605
859.000000;0.495471;-0.363125
860.000000;0.491175;-0.369637
861.000000;0.492847;-0.366179
862.000000;0.491705;-0.368352
863.000000;0.487934;-0.369601
864.000000;0.489838;-0.368005
865.000000;0.491553;-0.369677
866.000000;0.492999;-0.370333
867.000000;0.491908;-0.373591
868.000000;0.486560;-0.375420
869.000000;0.488413;-0.377687
870.000000;0.490291;-0.382013
871.000000;0.488144;-0.384250
872.000000;0.482636;-0.385050
873.000000;0.483553;-0.386888
874.000000;0.483884;-0.388511
875.000000;0.480495;-0.388517
876.000000;0.478839;-0.394575
877.000000;0.475084;-0.398880
878.000000;0.472975;-0.397079
879.000000;0.472534;-0.402196
880.000000;0.472953;-0.402281
881.000000;0.470723;-0.400684
882.000000;0.470883;-0.402343
883.000000;0.468805;-0.405830
884.000000;0.464058;-0.410839
885.000000;0.462486;-0.413906
886.000000;0.462872;-0.415080
887.000000;0.460103;-0.413508
888.000000;0.453591;-0.414907
889.000000;0.467378;-0.414701
890.000000;0.466257;-0.411619
891.000000;0.462350;-0.412687
892.000000;0.463260;-0.418446
893.000000;0.462391;-0.421387
894.000000;0.456188;-0.422302
895.000000;0.453254;-0.424650
896.000000;0.449592;-0.427103
897.000000;0.449367;-0.428831
898.000000;0.446026;-0.434727
899.000000;0.440699;-0.437581
900.000000;0.441371;-0.440670
901.000000;0.436108;-0.441306
902.000000;0.433288;-0.441735
903.000000;0.429740;-0.443054
904.000000;0.423660;-0.443021
905.000000;0.420187;-0.448624
906.000000;0.418080;-0.448626
907.000000;0.415580;-0.445904
908.000000;0.409789;-0.451238
909.000000;0.405501;-0.454277
910.000000;0.396969;-0.455030
911.000000;0.392736;-0.454271
912.000000;0.391677;-0.453930
913.000000;0.388544;-0.453354
914.000000;0.381469;-0.460517
915.000000;0.375546;-0.461572
916.000000;0.371365;-0.458619
917.000000;0.365418;-0.458804
918.000000;0.357885;-0.457889
919.000000;0.351406;-0.459275
920.000000;0.346249;-0.461357
921.000000;0.347631;-0.462711
922.000000;0.343082;-0.461305
923.000000;0.334740;-0.458801
924.000000;0.327396;-0.455090
925.000000;0.324454;-0.453246
926.000000;0.319124;-0.451383
927.000000;0.313622;-0.449285
928.000000;0.307670;-0.451314
929.000000;0.303000;-0.448695
930.000000;0.297313;-0.449388
931.000000;0.292962;-0.441773
932.000000;0.290251;-0.439410
933.000000;0.285272;-0.439284
934.000000;0.281663;-0.436686
935.000000;0.276165;-0.433726
936.000000;0.271493;-0.429345
937.000000;0.266687;-0.426131
938.000000;0.260880;-0.426400
939.000000;0.255377;-0.424266
940.000000;0.251500;-0.418003
941.000000;0.251290;-0.411457
942.000000;0.247524;-0.407806
943.000000;0.244330;-0.403869
944.000000;0.238999;-0.402306
945.000000;0.233561;-0.400541
946.000000;0.229888;-0.394743
947.000000;0.229259;-0.390832
948.000000;0.227954;-0.385980
949.000000;0.223857;-0.380868
950.000000;0.220149;-0.376931
951.000000;0.218642;-0.373074
952.000000;0.215791;-0.369769
953.000000;0.214041;-0.367204
954.000000;0.212831;-0.361120
955.000000;0.209154;-0.356518
956.000000;0.205552;-0.349656
957.000000;0.206302;-0.347476
958.000000;0.203993;-0.344568
959.000000;0.200773;-0.337399
960.000000;0.200305;-0.332307
961.000000;0.199395;-0.328167
962.000000;0.197332;-0.324695
963.000000;0.199395;-0.319732
964.000000;0.198167;-0.313545
965.000000;0.197828;-0.308836
966.000000;0.196452;-0.305960
967.000000;0.193754;-0.301324
968.000000;0.193313;-0.296581
969.000000;0.194183;-0.292388
970.000000;0.194654;-0.287814
971.000000;0.194054;-0.283629
972.000000;0.195159;-0.278620
973.000000;0.195842;-0.275318
974.000000;0.193947;-0.270698
975.000000;0.195375;-0.269097
976.000000;0.197196;-0.263796
977.000000;0.198086;-0.260311
978.000000;0.197900;-0.255822
979.000000;0.200880;-0.251461
980.000000;0.201046;-0.248060
981.000000;0.202018;-0.243976
982.000000;0.202305;-0.240390
983.000000;0.203913;-0.238438
984.000000;0.203229;-0.234023
985.000000;0.204355;-0.231884
986.000000;0.206261;-0.229386
987.000000;0.210067;-0.226443
988.000000;0.211944;-0.223081
989.000000;0.210621;-0.220387
990.000000;0.212722;-0.217272
991.000000;0.215475;-0.213945
992.000000;0.215863;-0.210543
993.000000;0.215016;-0.208997
994.000000;0.217553;-0.207789
995.000000;0.218597;-0.205803
996.000000;0.219267;-0.201870
997.000000;0.222325;-0.199619
998.000000;0.223832;-0.198537
999.000000;0.224937;-0.198009
1000.000000;0.227272;-0.195391
1001.000000;0.228190;-0.191768
1002.000000;0.228299;-0.188727
1003.000000;0.228599;-0.187656
1004.000000;0.231457;-0.185126
1005.000000;0.232608;-0.182709
1006.000000;0.234053;-0.182567
1007.000000;0.235612;-0.180726
1008.000000;0.237201;-0.177647
1009.000000;0.240052;-0.176295
1010.000000;0.241390;-0.176685
1011.000000;0.241435;-0.174545
1012.000000;0.242709;-0.172458
1013.000000;0.243859;-0.171591
1014.000000;0.245761;-0.169519
1015.000000;0.247238;-0.167273
1016.000000;0.249016;-0.166905
1017.000000;0.249952;-0.166410
1018.000000;0.251204;-0.164319
1019.000000;0.252003;-0.162235
1020.000000;0.253020;-0.161753
1021.000000;0.254868;-0.161601
1022.000000;0.256854;-0.160201
1023.000000;0.258463;-0.158991
1024.000000;0.259311;-0.158239
1025.000000;0.261289;-0.157508
1026.000000;0.262099;-0.154520
1027.000000;0.262942;-0.153964
1028.000000;0.263566;-0.154697
1029.000000;0.263789;-0.152460
1030.000000;0.266428;-0.151652
1031.000000;0.268476;-0.152402
1032.000000;0.269208;-0.151096
1033.000000;0.268293;-0.149712
1034.000000;0.269266;-0.148749
1035.000000;0.271056;-0.148210
1036.000000;0.272486;-0.146610
1037.000000;0.272965;-0.146277
1038.000000;0.274524;-0.146009
1039.000000;0.275803;-0.144580
1040.000000;0.275538;-0.143292
1041.000000;0.277300;-0.143007
1042.000000;0.278304;-0.141558
1043.000000;0.279957;-0.142016
1044.000000;0.280840;-0.141487
1045.000000;0.281470;-0.141926
1046.000000;0.281959;-0.141387
1047.000000;0.283798;-0.139329
1048.000000;0.283971;-0.138040
1049.000000;0.284983;-0.139012
1050.000000;0.287041;-0.138561
1051.000000;0.287341;-0.138609
1052.000000;0.288012;-0.137950
1053.000000;0.289112;-0.136156
1054.000000;0.290599;-0.135106
1055.000000;0.291367;-0.135337
1056.000000;0.292134;-0.135252
1057.000000;0.292797;-0.134888
1058.000000;0.294327;-0.134729
1059.000000;0.294164;-0.134081
1060.000000;0.293529;-0.133943
1061.000000;0.296141;-0.133461
1062.000000;0.296369;-0.132480
1063.000000;0.296858;-0.131593
1064.000000;0.297552;-0.130947
1065.000000;0.297412;-0.130156
1066.000000;0.297960;-0.130356
1067.000000;0.299730;-0.130244
1068.000000;0.299798;-0.130266
1069.000000;0.299587;-0.129469
1070.000000;0.302172;-0.129134
1071.000000;0.303564;-0.129151
1072.000000;0.304059;-0.128622
1073.000000;0.304506;-0.127981
1074.000000;0.305102;-0.127706
1075.000000;0.304792;-0.127072
1076.000000;0.305505;-0.126062
1077.000000;0.307315;-0.125241
1078.000000;0.308767;-0.125848
1079.000000;0.308093;-0.126031
1080.000000;0.308710;-0.126220
1081.000000;0.308839;-0.125942
1082.000000;0.309508;-0.125434
1083.000000;0.310328;-0.124281
1084.000000;0.312015;-0.123717
1085.000000;0.312233;-0.123643
1086.000000;0.312077;-0.123406
1087.000000;0.312495;-0.123481
1088.000000;0.312910;-0.123164
1089.000000;0.313254;-0.123091
1090.000000;0.312800;-0.123008
1091.000000;0.314337;-0.123281
1092.000000;0.316271;-0.121580
1093.000000;0.316804;-0.121123
1094.000000;0.316423;-0.120334
1095.000000;0.317418;-0.119835
1096.000000;0.318850;-0.119615
1097.000000;0.318853;-0.120459
1098.000000;0.318378;-0.120456
1099.000000;0.319344;-0.119220
1100.000000;0.319872;-0.118924
1101.000000;0.321462;-0.118553
1102.000000;0.322286;-0.118948
1103.000000;0.321596;-0.119441
1104.000000;0.321558;-0.117946
1105.000000;0.321761;-0.117939
1106.000000;0.321392;-0.118177
1107.000000;0.322512;-0.117672
1108.000000;0.322931;-0.117751
1109.000000;0.322983;-0.117051
1110.000000;0.324230;-0.117078
1111.000000;0.324196;-0.117084
1112.000000;0.324510;-0.116100
1113.000000;0.325903;-0.114882
1114.000000;0.327039;-0.115707
1115.000000;0.327384;-0.115548
1116.000000;0.326719;-0.115310
1117.000000;0.326274;-0.115448
1118.000000;0.327241;-0.115532
1119.000000;0.328225;-0.114111
1120.000000;0.328593;-0.113691
1121.000000;0.329352;-0.115391
1122.000000;0.330542;-0.115532
1123.000000;0.330789;-0.114821
1124.000000;0.331065;-0.114402
1125.000000;0.329945;-0.113277
1126.000000;0.329614;-0.114127
1127.000000;0.332359;-0.114747
1128.000000;0.332253;-0.114315
1129.000000;0.331511;-0.113855
1130.000000;0.332971;-0.112479
1131.000000;0.333411;-0.113604
1132.000000;0.333434;-0.113943
1133.000000;0.333114;-0.112836
1134.000000;0.333067;-0.112467
1135.000000;0.333171;-0.111706
1136.000000;0.336061;-0.111421
1137.000000;0.335024;-0.111251
1138.000000;0.336510;-0.111053
1139.000000;0.336159;-0.112494
1140.000000;0.336308;-0.112645
1141.000000;0.337011;-0.111335
1142.000000;0.336772;-0.110529
1143.000000;0.335520;-0.110164
1144.000000;0.336254;-0.111317
1145.000000;0.338156;-0.110630
1146.000000;0.337125;-0.109887
1147.000000;0.337195;-0.110357
1148.000000;0.337370;-0.110596
1149.000000;0.338821;-0.110811
1150.000000;0.338884;-0.110380
1151.000000;0.338523;-0.109313
1152.000000;0.340899;-0.107643
1153.000000;0.340981;-0.109523
1154.000000;0.339506;-0.108616
1155.000000;0.339278;-0.108676
1156.000000;0.340289;-0.108499
1157.000000;0.342182;-0.108347
1158.000000;0.341561;-0.108244
1159.000000;0.341674;-0.107852
1160.000000;0.342075;-0.108230
1161.000000;0.342962;-0.108386
1162.000000;0.341456;-0.109656
1163.000000;0.341417;-0.108950
1164.000000;0.340441;-0.108268
1165.000000;0.342770;-0.108221
1166.000000;0.342779;-0.108009
1167.000000;0.344570;-0.106088
1168.000000;0.342135;-0.106737
1169.000000;0.342227;-0.108119
1170.000000;0.343285;-0.106786
1171.000000;0.344052;-0.105264
1172.000000;0.343545;-0.106282
1173.000000;0.343426;-0.107489
1174.000000;0.343962;-0.105411
1175.000000;0.344558;-0.105225
1176.000000;0.345755;-0.105721
1177.000000;0.345411;-0.104730
1178.000000;0.344542;-0.106240
1179.000000;0.344963;-0.105383
1180.000000;0.347033;-0.105251
1181.000000;0.345833;-0.103772
1182.000000;0.346902;-0.103267
1183.000000;0.346633;-0.103153
1184.000000;0.344442;-0.103654
1185.000000;0.345898;-0.103860
1186.000000;0.346950;-0.103367
1187.000000;0.349394;-0.101981
1188.000000;0.348257;-0.103366
1189.000000;0.347731;-0.104403
1190.000000;0.348093;-0.104059
1191.000000;0.348662;-0.104026
1192.000000;0.346829;-0.102904
1193.000000;0.346662;-0.103110
1194.000000;0.347947;-0.102252
1195.000000;0.350744;-0.104542
1196.000000;0.350734;-0.102290
1197.000000;0.349894;-0.102993
1198.000000;0.350831;-0.103570
1199.000000;0.351228;-0.102889
1200.000000;0.351332;-0.101854
1201.000000;0.353374;-0.101516
1202.000000;0.351071;-0.103695
1203.000000;0.350270;-0.102873
1204.000000;0.349648;-0.101404
1205.000000;0.351570;-0.102773
1206.000000;0.352732;-0.102779
1207.000000;0.353375;-0.101079
1208.000000;0.353186;-0.101236
1209.000000;0.352916;-0.100853
1210.000000;0.351898;-0.099229
1211.000000;0.352319;-0.098842
1212.000000;0.352428;-0.100956
1213.000000;0.353723;-0.101547
1214.000000;0.353678;-0.102519
1215.000000;0.353626;-0.101803
1216.000000;0.352977;-0.101170
1217.000000;0.354680;-0.101156
1218.000000;0.356392;-0.101895
1219.000000;0.355437;-0.101589
1220.000000;0.353725;-0.102510
1221.000000;0.355003;-0.102660
1222.000000;0.356149;-0.100780
1223.000000;0.356701;-0.101497
1224.000000;0.356855;-0.100082
1225.000000;0.354661;-0.100610
1226.000000;0.354664;-0.100618
1227.000000;0.356012;-0.100381
1228.000000;0.355625;-0.099203
1229.000000;0.355592;-0.099403
1230.000000;0.357031;-0.098713
1231.000000;0.358826;-0.098499
1232.000000;0.358107;-0.100048
1233.000000;0.358634;-0.099653
1234.000000;0.359001;-0.099436
1235.000000;0.358075;-0.099521
1236.000000;0.357804;-0.099503
1237.000000;0.359030;-0.099438
1238.000000;0.357610;-0.099188
1239.000000;0.358576;-0.099149
1240.000000;0.358034;-0.099005
1241.000000;0.357927;-0.099128
1242.000000;0.358671;-0.097806
1243.000000;0.358332;-0.099124
1244.000000;0.358393;-0.098767
1245.000000;0.358586;-0.098512
1246.000000;0.359993;-0.098763
1247.000000;0.359866;-0.099553
1248.000000;0.359687;-0.101087
1249.000000;0.358995;-0.101948
1250.000000;0.358546;-0.100527
1251.000000;0.359194;-0.098821
1252.000000;0.359303;-0.097652
1253.000000;0.359403;-0.096737
1254.000000;0.359159;-0.097843
1255.000000;0.358726;-0.097674
1256.000000;0.360000;-0.098605
1257.000000;0.361981;-0.098631
1258.000000;0.361890;-0.098912
1259.000000;0.361424;-0.098360
1260.000000;0.360977;-0.097847
1261.000000;0.359785;-0.098084
1262.000000;0.360096;-0.098875
1263.000000;0.360116;-0.098096
1264.000000;0.361653;-0.097615
1265.000000;0.361258;-0.097993
1266.000000;0.361756;-0.098736
1267.000000;0.361166;-0.097653
1268.000000;0.363365;-0.098887
1269.000000;0.363069;-0.098476
1270.000000;0.362303;-0.098915
1271.000000;0.362126;-0.098981
1272.000000;0.362362;-0.097425
1273.000000;0.362864;-0.097772
1274.000000;0.362454;-0.099769
1275.000000;0.362550;-0.099144
1276.000000;0.361492;-0.097587
1277.000000;0.364269;-0.096875
1278.000000;0.363706;-0.097293
1279.000000;0.362746;-0.099512
1280.000000;0.363248;-0.099162
1281.000000;0.362622;-0.096832
1282.000000;0.363530;-0.097092
1283.000000;0.365420;-0.098187
1284.000000;0.364017;-0.098339
1285.000000;0.364358;-0.098355
1286.000000;0.363744;-0.098898
1287.000000;0.362513;-0.099269
1288.000000;0.364184;-0.099549
1289.000000;0.365016;-0.100053
1290.000000;0.364097;-0.099519
1291.000000;0.362961;-0.097946
1292.000000;0.363651;-0.098424
1293.000000;0.363171;-0.099658
1294.000000;0.363356;-0.099244
1295.000000;0.362755;-0.097716
1296.000000;0.363899;-0.098391
1297.000000;0.363728;-0.098149
1298.000000;0.361939;-0.099827
1299.000000;0.363052;-0.100542
1300.000000;0.363966;-0.099154
1301.000000;0.363882;-0.098841
1302.000000;0.364718;-0.100269
1303.000000;0.364264;-0.099196
1304.000000;0.364824;-0.099209
1305.000000;0.364052;-0.099690
1306.000000;0.362808;-0.098921
1307.000000;0.363662;-0.099272
1308.000000;0.363550;-0.100168
1309.000000;0.363080;-0.099687
1310.000000;0.362819;-0.098338
1311.000000;0.362729;-0.099171
1312.000000;0.362803;-0.100946
1313.000000;0.362517;-0.100432
1314.000000;0.362670;-0.100325
1315.000000;0.360752;-0.100264
1316.000000;0.361661;-0.100151
1317.000000;0.362733;-0.100600
1318.000000;0.362027;-0.100671
1319.000000;0.361544;-0.099982
1320.000000;0.362079;-0.099453
1321.000000;0.362309;-0.098746
1322.000000;0.362789;-0.099756
1323.000000;0.361926;-0.100515
1324.000000;0.362275;-0.099102
1325.000000;0.361548;-0.098793
1326.000000;0.361635;-0.100102
1327.000000;0.361615;-0.100212
1328.000000;0.362277;-0.099212
1329.000000;0.362455;-0.099284
1330.000000;0.360811;-0.100079
1331.000000;0.361614;-0.098496
1332.000000;0.361426;-0.097915
1333.000000;0.360657;-0.099655
1334.000000;0.359686;-0.099717
1335.000000;0.359911;-0.099779
1336.000000;0.360621;-0.098070
1337.000000;0.359802;-0.098418
1338.000000;0.360472;-0.098459
1339.000000;0.360874;-0.098139
1340.000000;0.361064;-0.097627
1341.000000;0.359553;-0.098891
1342.000000;0.359554;-0.098395
1343.000000;0.359175;-0.097387
1344.000000;0.359891;-0.097813
1345.000000;0.359523;-0.097938
1346.000000;0.359361;-0.096885
1347.000000;0.359382;-0.097370
1348.000000;0.358496;-0.098484
1349.000000;0.359509;-0.097367
1350.000000;0.358863;-0.097971
1351.000000;0.358631;-0.097462
1352.000000;0.358003;-0.097117
1353.000000;0.357313;-0.098009
1354.000000;0.358185;-0.097601
1355.000000;0.358507;-0.096679
1356.000000;0.358388;-0.096994
1357.000000;0.359204;-0.095826
1358.000000;0.357833;-0.095146
1359.000000;0.357196;-0.096403
1360.000000;0.358412;-0.096405
1361.000000;0.357392;-0.096726
1362.000000;0.358346;-0.095973
1363.000000;0.357283;-0.094696
1364.000000;0.357621;-0.094502
1365.000000;0.358345;-0.094300
1366.000000;0.357411;-0.093719
1367.000000;0.357253;-0.094152
1368.000000;0.357435;-0.095714
1369.000000;0.357616;-0.094340
1370.000000;0.357026;-0.093763
1371.000000;0.355411;-0.092352
1372.000000;0.355523;-0.093039
1373.000000;0.357121;-0.093674
1374.000000;0.356696;-0.092813
1375.000000;0.355046;-0.092261
1376.000000;0.355088;-0.092303
1377.000000;0.355309;-0.092237
1378.000000;0.356208;-0.092089
1379.000000;0.356387;-0.093219
1380.000000;0.355469;-0.093479
1381.000000;0.355706;-0.092667
1382.000000;0.355845;-0.091697
1383.000000;0.356639;-0.091299
1384.000000;0.356450;-0.092165
1385.000000;0.355055;-0.092818
1386.000000;0.355700;-0.091287
1387.000000;0.355800;-0.090968
1388.000000;0.354433;-0.091431
1389.000000;0.355365;-0.090162
1390.000000;0.355063;-0.089621
1391.000000;0.353966;-0.088850
1392.000000;0.354856;-0.089051
1393.000000;0.356191;-0.089782
1394.000000;0.354715;-0.089169
1395.000000;0.355571;-0.088941
1396.000000;0.354405;-0.088752
1397.000000;0.353677;-0.088905
1398.000000;0.354557;-0.088878
1399.000000;0.355000;-0.087801
1400.000000;0.354394;-0.087638
1401.000000;0.354207;-0.087761
1402.000000;0.353371;-0.086886
1403.000000;0.353706;-0.087326
1404.000000;0.354523;-0.086282
1405.000000;0.354224;-0.086240
1406.000000;0.354402;-0.086660
1407.000000;0.353378;-0.086116
1408.000000;0.354444;-0.085264
1409.000000;0.355027;-0.085105
1410.000000;0.353501;-0.085076
1411.000000;0.353193;-0.085599
1412.000000;0.353871;-0.085261
1413.000000;0.353932;-0.084575
1414.000000;0.353555;-0.084256
1415.000000;0.353286;-0.084132
1416.000000;0.353604;-0.084705
1417.000000;0.353551;-0.083906
1418.000000;0.354192;-0.083300
1419.000000;0.354397;-0.083207
1420.000000;0.353257;-0.083289
1421.000000;0.353228;-0.082097
1422.000000;0.354203;-0.081539
1423.000000;0.353304;-0.081595
1424.000000;0.353480;-0.081640
1425.000000;0.353826;-0.081709
1426.000000;0.353615;-0.081178
1427.000000;0.353537;-0.081377
1428.000000;0.354253;-0.081019
1429.000000;0.353512;-0.080542
1430.000000;0.353503;-0.079623
1431.000000;0.353521;-0.078697
1432.000000;0.353796;-0.078615
1433.000000;0.354249;-0.078873
1434.000000;0.354701;-0.078896
1435.000000;0.353928;-0.077773
1436.000000;0.354111;-0.077139
1437.000000;0.354074;-0.077971
1438.000000;0.354119;-0.077936
1439.000000;0.355067;-0.078221
1440.000000;0.354906;-0.078024
1441.000000;0.355016;-0.077706
1442.000000;0.355406;-0.076937
1443.000000;0.355222;-0.076398
1444.000000;0.354765;-0.076357
1445.000000;0.355396;-0.075632
1446.000000;0.355442;-0.075260
1447.000000;0.355851;-0.075609
1448.000000;0.355554;-0.075255
1449.000000;0.355380;-0.074978
1450.000000;0.355075;-0.075031
1451.000000;0.356036;-0.074818
1452.000000;0.355957;-0.074011
1453.000000;0.356969;-0.073689
1454.000000;0.356625;-0.073833
1455.000000;0.355910;-0.073578
1456.000000;0.354998;-0.073123
1457.000000;0.355300;-0.072922
1458.000000;0.356906;-0.072370
1459.000000;0.357378;-0.072133
1460.000000;0.356615;-0.072291
1461.000000;0.356198;-0.071931
1462.000000;0.357140;-0.072078
1463.000000;0.357125;-0.071696
1464.000000;0.357633;-0.071096
1465.000000;0.358200;-0.071111
1466.000000;0.357819;-0.071102
1467.000000;0.356563;-0.071381
1468.000000;0.356477;-0.071673
1469.000000;0.357889;-0.071746
1470.000000;0.358173;-0.070734
1471.000000;0.358118;-0.070252
1472.000000;0.358555;-0.070358
1473.000000;0.357892;-0.069937
1474.000000;0.358523;-0.070526
1475.000000;0.358747;-0.070414
1476.000000;0.358973;-0.069828
1477.000000;0.359506;-0.069786
1478.000000;0.359701;-0.070472
1479.000000;0.360034;-0.070563
1480.000000;0.359498;-0.069451
1481.000000;0.359573;-0.069349
1482.000000;0.360081;-0.068779
1483.000000;0.360382;-0.068857
1484.000000;0.360795;-0.069481
1485.000000;0.360668;-0.069642
1486.000000;0.361123;-0.069168
1487.000000;0.361751;-0.069011
1488.000000;0.360963;-0.068558
1489.000000;0.361232;-0.068895
1490.000000;0.362312;-0.069209
1491.000000;0.362561;-0.069497
1492.000000;0.362395;-0.069219
1493.000000;0.362742;-0.068347
1494.000000;0.362007;-0.068974
1495.000000;0.361292;-0.068592
1496.000000;0.362299;-0.068281
1497.000000;0.361925;-0.068451
1498.000000;0.362493;-0.068197
1499.000000;0.362977;-0.068375
1500.000000;0.362580;-0.068346
1501.000000;0.363313;-0.067736
1502.000000;0.363120;-0.067962
1503.000000;0.363145;-0.068678
1504.000000;0.363260;-0.068114
1505.000000;0.362991;-0.068445
1506.000000;0.362807;-0.068130
1507.000000;0.363356;-0.067933
1508.000000;0.363269;-0.067727
1509.000000;0.363547;-0.068117
1510.000000;0.363935;-0.068712
1511.000000;0.364112;-0.069094
1512.000000;0.364429;-0.068726
1513.000000;0.364397;-0.068462
1514.000000;0.364466;-0.068324
1515.000000;0.363994;-0.068237
1516.000000;0.364047;-0.068368
1517.000000;0.364556;-0.068339
1518.000000;0.365316;-0.068710
1519.000000;0.364748;-0.068624
1520.000000;0.364008;-0.068072
1521.000000;0.364451;-0.067757
1522.000000;0.364478;-0.068177
1523.000000;0.363676;-0.068718
1524.000000;0.364200;-0.067925
1525.000000;0.365236;-0.067813
1526.000000;0.364746;-0.068434
1527.000000;0.364461;-0.069115
1528.000000;0.364518;-0.069506
1529.000000;0.365090;-0.069075
1530.000000;0.364858;-0.068744
1531.000000;0.364822;-0.068497
1532.000000;0.364831;-0.068241
1533.000000;0.364644;-0.068353
1534.000000;0.364347;-0.067845
1535.000000;0.364758;-0.067565
1536.000000;0.364812;-0.068397
1537.000000;0.364576;-0.068646
1538.000000;0.364449;-0.068498
1539.000000;0.364563;-0.069111
1540.000000;0.364767;-0.069665
1541.000000;0.365149;-0.069637
1542.000000;0.364868;-0.069611
1543.000000;0.364772;-0.069513
1544.000000;0.363938;-0.069119
1545.000000;0.362774;-0.069493
1546.000000;0.363699;-0.069736
1547.000000;0.364361;-0.069140
1548.000000;0.363878;-0.069240
1549.000000;0.363086;-0.069150
1550.000000;0.362909;-0.068954
1551.000000;0.363117;-0.069246
1552.000000;0.362981;-0.069730
1553.000000;0.362865;-0.070104
1554.000000;0.363386;-0.069657
1555.000000;0.362583;-0.069927
1556.000000;0.362207;-0.069559
1557.000000;0.361568;-0.069874
1558.000000;0.361732;-0.070001
1559.000000;0.361756;-0.069154
1560.000000;0.361766;-0.069203
1561.000000;0.361583;-0.070105
1562.000000;0.361942;-0.069910
1563.000000;0.361775;-0.069779
1564.000000;0.361377;-0.068861
1565.000000;0.361293;-0.068844
1566.000000;0.361280;-0.069344
1567.000000;0.360562;-0.069089
1568.000000;0.360215;-0.068646
1569.000000;0.359957;-0.069401
1570.000000;0.359986;-0.068828
1571.000000;0.359918;-0.068608
1572.000000;0.359664;-0.068607
1573.000000;0.359492;-0.067763
1574.000000;0.359656;-0.067737
1575.000000;0.359622;-0.067024
1576.000000;0.358807;-0.067348
1577.000000;0.357111;-0.067121
1578.000000;0.356615;-0.066846
1579.000000;0.358051;-0.067541
1580.000000;0.358541;-0.067456
1581.000000;0.357885;-0.067162
1582.000000;0.357006;-0.066662
1583.000000;0.356748;-0.065993
1584.000000;0.356527;-0.065625
1585.000000;0.356568;-0.065525
1586.000000;0.357244;-0.065506
1587.000000;0.357002;-0.065442
1588.000000;0.356863;-0.064469
1589.000000;0.355703;-0.064361
1590.000000;0.354759;-0.063651
1591.000000;0.356213;-0.063282
1592.000000;0.357742;-0.063218
1593.000000;0.356175;-0.063650
1594.000000;0.354594;-0.063051
1595.000000;0.355197;-0.062603
1596.000000;0.355243;-0.062677
1597.000000;0.355847;-0.062167
1598.000000;0.354879;-0.061427
1599.000000;0.353803;-0.060628
1600.000000;0.353696;-0.059734
1601.000000;0.353774;-0.059866
1602.000000;0.354648;-0.060276
1603.000000;0.356145;-0.059715
1604.000000;0.354980;-0.058258
1605.000000;0.355376;-0.057405
1606.000000;0.354402;-0.057663
1607.000000;0.353820;-0.057688
1608.000000;0.354924;-0.056821
1609.000000;0.353859;-0.057199
1610.000000;0.354206;-0.057758
1611.000000;0.355369;-0.057965
1612.000000;0.356963;-0.056703
1613.000000;0.357242;-0.056023
1614.000000;0.355798;-0.055674
1615.000000;0.354861;-0.055057
1616.000000;0.356460;-0.055102
1617.000000;0.355523;-0.054550
1618.000000;0.355425;-0.055663
1619.000000;0.356644;-0.054733
1620.000000;0.355919;-0.054446
1621.000000;0.355810;-0.052983
1622.000000;0.355729;-0.052484
1623.000000;0.356591;-0.054053
1624.000000;0.356921;-0.054705
1625.000000;0.356205;-0.052935
1626.000000;0.357006;-0.053426
1627.000000;0.357172;-0.053650
1628.000000;0.356918;-0.052175
1629.000000;0.358036;-0.051698
1630.000000;0.357282;-0.051221
1631.000000;0.357999;-0.050138
1632.000000;0.358109;-0.050385
1633.000000;0.359108;-0.051514
1634.000000;0.358965;-0.050721
1635.000000;0.358428;-0.050772
1636.000000;0.357725;-0.052003
1637.000000;0.358455;-0.050845
1638.000000;0.359227;-0.050134
1639.000000;0.358422;-0.049843
1640.000000;0.359097;-0.050064
1641.000000;0.358635;-0.050287
1642.000000;0.360215;-0.049858
1643.000000;0.361790;-0.049868
1644.000000;0.360126;-0.050582
1645.000000;0.359590;-0.049614
1646.000000;0.359092;-0.049902
1647.000000;0.359656;-0.049353
1648.000000;0.358585;-0.047168
1649.000000;0.359970;-0.046800
1650.000000;0.361805;-0.048285
1651.000000;0.359266;-0.048837
1652.000000;0.360209;-0.049028
1653.000000;0.360248;-0.048084
1654.000000;0.359854;-0.048155
1655.000000;0.360814;-0.047364
1656.000000;0.360363;-0.046777
1657.000000;0.360190;-0.046281
1658.000000;0.360569;-0.047754
1659.000000;0.362069;-0.048692
1660.000000;0.362095;-0.047913
1661.000000;0.361470;-0.047466
1662.000000;0.361458;-0.046645
1663.000000;0.361766;-0.047341
1664.000000;0.361093;-0.047983
1665.000000;0.361951;-0.047435
1666.000000;0.362005;-0.048564
1667.000000;0.361109;-0.048221
1668.000000;0.360575;-0.047289
1669.000000;0.360502;-0.046374
1670.000000;0.360944;-0.045744
1671.000000;0.360968;-0.045208
1672.000000;0.361499;-0.043891
1673.000000;0.360804;-0.045879
1674.000000;0.361283;-0.046592
1675.000000;0.361264;-0.046064
1676.000000;0.361925;-0.046342
1677.000000;0.361775;-0.045584
1678.000000;0.363135;-0.045665
1679.000000;0.364105;-0.047050
1680.000000;0.361597;-0.044803
1681.000000;0.361841;-0.044982
1682.000000;0.362007;-0.044348
1683.000000;0.362356;-0.044761
1684.000000;0.363660;-0.044322
1685.000000;0.363763;-0.045921
1686.000000;0.362728;-0.044211
1687.000000;0.364361;-0.043651
1688.000000;0.363156;-0.042848
1689.000000;0.362917;-0.042676
1690.000000;0.362982;-0.043836
1691.000000;0.362012;-0.046221
1692.000000;0.361682;-0.044787
1693.000000;0.362245;-0.045239
1694.000000;0.362845;-0.045774
1695.000000;0.364487;-0.044867
1696.000000;0.365276;-0.042136
1697.000000;0.363411;-0.041507
1698.000000;0.363307;-0.042540
1699.000000;0.363976;-0.043318
1700.000000;0.363905;-0.043995
1701.000000;0.364221;-0.044477
1702.000000;0.365068;-0.044110
1703.000000;0.364838;-0.041869
1704.000000;0.363186;-0.040099
1705.000000;0.363094;-0.041165
1706.000000;0.364486;-0.042345
1707.000000;0.364069;-0.044256
1708.000000;0.363944;-0.041469
1709.000000;0.365990;-0.040864
1710.000000;0.363926;-0.042204
1711.000000;0.363684;-0.040443
1712.000000;0.364774;-0.039830
1713.000000;0.366359;-0.039679
1714.000000;0.366765;-0.039122
1715.000000;0.367262;-0.040320
1716.000000;0.368098;-0.042617
1717.000000;0.366441;-0.041462
1718.000000;0.366589;-0.040593
1719.000000;0.368016;-0.040359
1720.000000;0.366123;-0.042140
1721.000000;0.366082;-0.042661
1722.000000;0.364995;-0.042092
1723.000000;0.366273;-0.041502
1724.000000;0.366520;-0.040245
1725.000000;0.364396;-0.040236
1726.000000;0.365319;-0.040371
1727.000000;0.364473;-0.039074
1728.000000;0.365259;-0.040622
1729.000000;0.367637;-0.040936
1730.000000;0.367663;-0.040654
1731.000000;0.367674;-0.039210
1732.000000;0.367528;-0.039023
1733.000000;0.366545;-0.040728
1734.000000;0.367206;-0.039213
1735.000000;0.366646;-0.038019
1736.000000;0.367330;-0.038217
1737.000000;0.366692;-0.040350
1738.000000;0.367061;-0.039716
1739.000000;0.365730;-0.038489
1740.000000;0.367164;-0.037925
1741.000000;0.368070;-0.037204
1742.000000;0.366323;-0.037725
1743.000000;0.367018;-0.037932
1744.000000;0.368744;-0.036596
1745.000000;0.368102;-0.037299
1746.000000;0.367650;-0.036585
1747.000000;0.369139;-0.038932
1748.000000;0.368149;-0.038390
1749.000000;0.367753;-0.034468
1750.000000;0.367933;-0.037156
1751.000000;0.368252;-0.038408
1752.000000;0.368410;-0.037827
1753.000000;0.366823;-0.037274
1754.000000;0.367893;-0.037892
1755.000000;0.369440;-0.037189
1756.000000;0.371030;-0.037283
1757.000000;0.372028;-0.036693
1758.000000;0.368625;-0.036884
1759.000000;0.368898;-0.037067
1760.000000;0.369539;-0.037585
1761.000000;0.367698;-0.037207
1762.000000;0.366993;-0.036566
1763.000000;0.368723;-0.036445
1764.000000;0.367876;-0.035691
1765.000000;0.368491;-0.036118
1766.000000;0.369287;-0.037210
1767.000000;0.368842;-0.035708
1768.000000;0.370577;-0.034763
1769.000000;0.370306;-0.035007
1770.000000;0.369796;-0.035368
1771.000000;0.368244;-0.035681
1772.000000;0.368348;-0.037279
1773.000000;0.369929;-0.038933
1774.000000;0.369000;-0.037564
1775.000000;0.368857;-0.035796
1776.000000;0.369047;-0.036149
1777.000000;0.369396;-0.036191
1778.000000;0.371313;-0.037079
1779.000000;0.370662;-0.036099
1780.000000;0.369322;-0.035719
1781.000000;0.367977;-0.036302
1782.000000;0.369706;-0.037928
1783.000000;0.370134;-0.034889
1784.000000;0.370974;-0.036166
1785.000000;0.370230;-0.035765
1786.000000;0.370660;-0.035594
1787.000000;0.370829;-0.037912
1788.000000;0.369530;-0.037073
1789.000000;0.370224;-0.036258
1790.000000;0.371518;-0.035611
1791.000000;0.371150;-0.037070
1792.000000;0.371597;-0.036592
1793.000000;0.371074;-0.037302
1794.000000;0.369984;-0.036316
1795.000000;0.370573;-0.036301
1796.000000;0.371819;-0.037773
1797.000000;0.371711;-0.036173
1798.000000;0.371813;-0.036166
1799.000000;0.371354;-0.032706
1800.000000;0.372858;-0.033041
1801.000000;0.371993;-0.035912
1802.000000;0.370505;-0.034994
1803.000000;0.371591;-0.034581
1804.000000;0.371128;-0.035627
1805.000000;0.370308;-0.033479
1806.000000;0.372553;-0.033961
1807.000000;0.372016;-0.035268
1808.000000;0.372706;-0.035878
1809.000000;0.372953;-0.036173
1810.000000;0.372217;-0.035415
1811.000000;0.370288;-0.033962
1812.000000;0.369928;-0.035561
1813.000000;0.372035;-0.034116
1814.000000;0.372217;-0.033537
1815.000000;0.370028;-0.034455
1816.000000;0.370142;-0.035792
1817.000000;0.370343;-0.035917
1818.000000;0.372031;-0.035460
1819.000000;0.371776;-0.033844
1820.000000;0.370920;-0.034252
1821.000000;0.372330;-0.035432
1822.000000;0.372532;-0.032887
1823.000000;0.372915;-0.033613
1824.000000;0.372763;-0.032977
1825.000000;0.372505;-0.033681
1826.000000;0.371298;-0.034313
1827.000000;0.371179;-0.033713
1828.000000;0.371398;-0.033264
1829.000000;0.372329;-0.033758
1830.000000;0.371380;-0.035248
1831.000000;0.371607;-0.033142
1832.000000;0.372201;-0.032881
1833.000000;0.371663;-0.033437
1834.000000;0.372854;-0.033601
1835.000000;0.373534;-0.034270
1836.000000;0.372285;-0.034276
1837.000000;0.371456;-0.033686
1838.000000;0.372142;-0.033118
1839.000000;0.371287;-0.033666
1840.000000;0.371431;-0.032993
1841.000000;0.371007;-0.033285
1842.000000;0.370367;-0.032487
1843.000000;0.371272;-0.033206
1844.000000;0.371901;-0.031888
1845.000000;0.372968;-0.031935
1846.000000;0.371549;-0.031619
1847.000000;0.371741;-0.032218
1848.000000;0.371462;-0.032029
1849.000000;0.371324;-0.032098
1850.000000;0.373238;-0.032327
1851.000000;0.374437;-0.031670
1852.000000;0.373096;-0.031793
1853.000000;0.371878;-0.031970
1854.000000;0.372049;-0.032058
1855.000000;0.371572;-0.031777
1856.000000;0.371439;-0.031538
1857.000000;0.373574;-0.030839
1858.000000;0.373084;-0.030903
1859.000000;0.371713;-0.030475
1860.000000;0.372601;-0.031241
1861.000000;0.372171;-0.032242
1862.000000;0.371909;-0.032513
1863.000000;0.371936;-0.032225
1864.000000;0.372236;-0.031739
1865.000000;0.372254;-0.030796
1866.000000;0.372857;-0.030702
1867.000000;0.372405;-0.030087
1868.000000;0.371506;-0.030526
1869.000000;0.372077;-0.030451
1870.000000;0.372600;-0.030096
1871.000000;0.372599;-0.030121
1872.000000;0.373457;-0.030532
1873.000000;0.373150;-0.030005
1874.000000;0.371788;-0.029918
1875.000000;0.372466;-0.029093
1876.000000;0.372279;-0.029471
1877.000000;0.373282;-0.030394
1878.000000;0.372943;-0.029890
1879.000000;0.372344;-0.029000
1880.000000;0.372901;-0.030858
1881.000000;0.373040;-0.030467
1882.000000;0.372844;-0.030524
1883.000000;0.373011;-0.028936
1884.000000;0.372406;-0.028602
1885.000000;0.371911;-0.028545
1886.000000;0.373493;-0.027708
1887.000000;0.373434;-0.028864
1888.000000;0.373234;-0.028666
1889.000000;0.374381;-0.027835
1890.000000;0.374091;-0.027931
1891.000000;0.373549;-0.027855
1892.000000;0.372973;-0.027560
1893.000000;0.373928;-0.029012
1894.000000;0.373984;-0.028685
1895.000000;0.372431;-0.026883
1896.000000;0.373659;-0.027700
1897.000000;0.374074;-0.027381
1898.000000;0.374760;-0.026672
1899.000000;0.373659;-0.026074
1900.000000;0.373457;-0.027180
1901.000000;0.372077;-0.028537
1902.000000;0.372676;-0.027928
1903.000000;0.373897;-0.027646
1904.000000;0.373827;-0.028191
1905.000000;0.373638;-0.027419
1906.000000;0.374132;-0.026470
1907.000000;0.374509;-0.026755
1908.000000;0.374497;-0.027857
1909.000000;0.374267;-0.026560
1910.000000;0.375398;-0.026744
1911.000000;0.374660;-0.025904
1912.000000;0.374476;-0.025541
1913.000000;0.374369;-0.026708
1914.000000;0.374095;-0.025841
1915.000000;0.375253;-0.026019
1916.000000;0.375908;-0.025909
1917.000000;0.376237;-0.026355
1918.000000;0.375020;-0.025988
1919.000000;0.374476;-0.026327
1920.000000;0.374985;-0.025121
1921.000000;0.375529;-0.023986
1922.000000;0.374961;-0.024855
1923.000000;0.375709;-0.024969
1924.000000;0.376200;-0.025251
1925.000000;0.376453;-0.025765
1926.000000;0.376828;-0.025148
1927.000000;0.375746;-0.025244
1928.000000;0.375712;-0.024439
1929.000000;0.376654;-0.024364
1930.000000;0.376248;-0.024847
1931.000000;0.377656;-0.024324
1932.000000;0.377664;-0.023763
1933.000000;0.377294;-0.024121
1934.000000;0.377024;-0.023989
1935.000000;0.377722;-0.023202
1936.000000;0.378388;-0.022400
1937.000000;0.378368;-0.023753
1938.000000;0.377630;-0.024232
1939.000000;0.377824;-0.024077
1940.000000;0.378055;-0.023265
1941.000000;0.378382;-0.023808
1942.000000;0.378099;-0.024327
1943.000000;0.378486;-0.023794
1944.000000;0.378959;-0.022480
1945.000000;0.378709;-0.023425
1946.000000;0.378128;-0.023029
1947.000000;0.379413;-0.023883
1948.000000;0.380138;-0.024133
1949.000000;0.380462;-0.023881
1950.000000;0.380547;-0.024008
1951.000000;0.379962;-0.023578
1952.000000;0.379554;-0.023340
1953.000000;0.379973;-0.023355
1954.000000;0.379293;-0.023130
1955.000000;0.379047;-0.022791
1956.000000;0.379350;-0.022375
1957.000000;0.380312;-0.023355
1958.000000;0.380922;-0.023155
1959.000000;0.381714;-0.024321
1960.000000;0.382140;-0.024541
1961.000000;0.381956;-0.023111
1962.000000;0.381606;-0.023064
1963.000000;0.382458;-0.024134
1964.000000;0.382437;-0.024076
1965.000000;0.381883;-0.022762
1966.000000;0.382897;-0.024048
1967.000000;0.382470;-0.022938
1968.000000;0.381819;-0.023901
1969.000000;0.383327;-0.023985
1970.000000;0.383957;-0.024506
1971.000000;0.382897;-0.024572
1972.000000;0.382899;-0.023927
1973.000000;0.382278;-0.023268
1974.000000;0.382432;-0.023709
1975.000000;0.382495;-0.024240
1976.000000;0.382236;-0.023942
1977.000000;0.383222;-0.024162
1978.000000;0.384059;-0.024252
1979.000000;0.385081;-0.022803
1980.000000;0.382998;-0.023007
1981.000000;0.383791;-0.023578
1982.000000;0.384120;-0.023787
1983.000000;0.384472;-0.023286
1984.000000;0.384584;-0.023330
1985.000000;0.384717;-0.024121
1986.000000;0.384226;-0.024519
1987.000000;0.383740;-0.024196
1988.000000;0.384456;-0.025966
1989.000000;0.385403;-0.025260
1990.000000;0.385466;-0.023941
1991.000000;0.384949;-0.024465
1992.000000;0.384416;-0.024479
1993.000000;0.385621;-0.025658
1994.000000;0.385939;-0.025321
1995.000000;0.385551;-0.024841
1996.000000;0.385699;-0.025216
1997.000000;0.384978;-0.025428
1998.000000;0.384738;-0.025629
1999.000000;0.385764;-0.025900
2000.000000;0.386426;-0.024970
2001.000000;0.386189;-0.025642
2002.000000;0.386696;-0.025714
2003.000000;0.386451;-0.024892
2004.000000;0.386561;-0.025357
2005.000000;0.386732;-0.025577
2006.000000;0.386464;-0.025578
2007.000000;0.386754;-0.025076
2008.000000;0.387070;-0.025335
2009.000000;0.386211;-0.026904
2010.000000;0.386595;-0.026695
2011.000000;0.387299;-0.026034
2012.000000;0.385909;-0.026449
2013.000000;0.386242;-0.027259
2014.000000;0.387365;-0.027616
2015.000000;0.387035;-0.026602
2016.000000;0.386438;-0.025059
2017.000000;0.386833;-0.025416
2018.000000;0.385986;-0.025857
2019.000000;0.387733;-0.026682
2020.000000;0.386857;-0.026231
2021.000000;0.387823;-0.026003
2022.000000;0.387492;-0.026355
2023.000000;0.386293;-0.026926
2024.000000;0.387880;-0.026815
2025.000000;0.387283;-0.025872
2026.000000;0.387302;-0.026964
2027.000000;0.387813;-0.028192
2028.000000;0.387863;-0.028089
2029.000000;0.386869;-0.026121
2030.000000;0.388435;-0.027341
2031.000000;0.389733;-0.027802
2032.000000;0.389433;-0.025738
2033.000000;0.387915;-0.027027
2034.000000;0.387764;-0.028116
2035.000000;0.388198;-0.028952
2036.000000;0.388033;-0.028451
2037.000000;0.388385;-0.029535
2038.000000;0.388106;-0.028470
2039.000000;0.388048;-0.028002
2040.000000;0.387676;-0.028289
2041.000000;0.388945;-0.028813
2042.000000;0.388670;-0.028468
2043.000000;0.387639;-0.027961
2044.000000;0.388687;-0.028702
2045.000000;0.389441;-0.030303
2046.000000;0.389082;-0.029023
2047.000000;0.390276;-0.028743
2048.000000;0.389287;-0.029968
2049.000000;0.389200;-0.029792
2050.000000;0.388987;-0.029224
2051.000000;0.388829;-0.028194
2052.000000;0.388851;-0.028344
2053.000000;0.389163;-0.031119
2054.000000;0.389305;-0.031454
2055.000000;0.389070;-0.030336
2056.000000;0.387716;-0.030450
2057.000000;0.387708;-0.030230
2058.000000;0.387975;-0.029489
2059.000000;0.389051;-0.029424
2060.000000;0.389249;-0.029831
2061.000000;0.388593;-0.031229
2062.000000;0.388915;-0.032295
2063.000000;0.389006;-0.031336
2064.000000;0.389447;-0.031036
2065.000000;0.389040;-0.030765
2066.000000;0.389805;-0.031180
2067.000000;0.389095;-0.030418
2068.000000;0.388864;-0.031609
2069.000000;0.389129;-0.032201
2070.000000;0.387393;-0.032431
2071.000000;0.387137;-0.032492
2072.000000;0.389947;-0.032421
2073.000000;0.388303;-0.032303
2074.000000;0.385236;-0.031852
2075.000000;0.386620;-0.031748
2076.000000;0.387629;-0.032647
2077.000000;0.388401;-0.032849
2078.000000;0.387115;-0.033650
2079.000000;0.387366;-0.034073
2080.000000;0.387583;-0.033440
2081.000000;0.384102;-0.034112
2082.000000;0.386411;-0.033413
2083.000000;0.387323;-0.033665
2084.000000;0.388053;-0.034654
2085.000000;0.388070;-0.035590
2086.000000;0.389329;-0.034210
2087.000000;0.388979;-0.032892
2088.000000;0.389374;-0.031675
2089.000000;0.386759;-0.033331
2090.000000;0.387736;-0.035187
2091.000000;0.387038;-0.034914
2092.000000;0.388074;-0.034966
2093.000000;0.389067;-0.033795
2094.000000;0.389916;-0.035152
2095.000000;0.389241;-0.034534
2096.000000;0.387853;-0.033326
2097.000000;0.387580;-0.034581
2098.000000;0.387627;-0.034732
2099.000000;0.389320;-0.036533
2100.000000;0.387980;-0.035549
2101.000000;0.387810;-0.035685
2102.000000;0.387781;-0.033680
2103.000000;0.387076;-0.034525
2104.000000;0.387504;-0.035576
2105.000000;0.386370;-0.034534
2106.000000;0.385386;-0.033297
2107.000000;0.384993;-0.033685
2108.000000;0.384684;-0.033992
2109.000000;0.384726;-0.033435
2110.000000;0.386768;-0.033551
2111.000000;0.386873;-0.034675
2112.000000;0.385783;-0.034532
2113.000000;0.385812;-0.036500
2114.000000;0.386886;-0.038547
2115.000000;0.382996;-0.037965
2116.000000;0.384421;-0.036315
2117.000000;0.386752;-0.036190
2118.000000;0.383932;-0.036166
2119.000000;0.385604;-0.035857
2120.000000;0.383713;-0.036505
2121.000000;0.384756;-0.036245
2122.000000;0.386789;-0.034909
2123.000000;0.386372;-0.035316
2124.000000;0.384397;-0.037895
2125.000000;0.381584;-0.038433
2126.000000;0.381840;-0.037829
2127.000000;0.382052;-0.037291
2128.000000;0.383106;-0.036449
2129.000000;0.384288;-0.035956
2130.000000;0.383398;-0.037315
2131.000000;0.383074;-0.036801
2132.000000;0.382542;-0.036626
2133.000000;0.383743;-0.036592
2134.000000;0.383286;-0.036707
2135.000000;0.386422;-0.036703
2136.000000;0.384289;-0.037778
2137.000000;0.383335;-0.037975
2138.000000;0.383049;-0.035335
2139.000000;0.383181;-0.032602
2140.000000;0.381356;-0.035500
2141.000000;0.381453;-0.038281
2142.000000;0.382736;-0.037502
2143.000000;0.383957;-0.037447
2144.000000;0.382592;-0.037389
2145.000000;0.381865;-0.037600
2146.000000;0.383384;-0.038375
2147.000000;0.382804;-0.036190
2148.000000;0.382277;-0.036872
2149.000000;0.380255;-0.037563
2150.000000;0.382471;-0.036854
2151.000000;0.381551;-0.037986
2152.000000;0.383849;-0.037464
2153.000000;0.383576;-0.038096
2154.000000;0.381043;-0.038050
2155.000000;0.379691;-0.039494
2156.000000;0.380951;-0.038283
2157.000000;0.379739;-0.035930
2158.000000;0.379242;-0.035600
2159.000000;0.379065;-0.035867
2160.000000;0.378308;-0.035244
2161.000000;0.379733;-0.034546
2162.000000;0.379985;-0.035038
2163.000000;0.379991;-0.035673
2164.000000;0.379370;-0.038502
2165.000000;0.378999;-0.038460
2166.000000;0.379566;-0.036432
2167.000000;0.379201;-0.036627
2168.000000;0.378866;-0.037410
2169.000000;0.380104;-0.036223
2170.000000;0.378434;-0.036758
2171.000000;0.378805;-0.039513
2172.000000;0.378644;-0.039681
2173.000000;0.377111;-0.038086
2174.000000;0.376621;-0.036713
2175.000000;0.378096;-0.036028
2176.000000;0.379813;-0.035461
2177.000000;0.379403;-0.034310
2178.000000;0.378570;-0.035557
2179.000000;0.379671;-0.037440
2180.000000;0.376313;-0.037479
2181.000000;0.376177;-0.037349
2182.000000;0.378667;-0.036947
2183.000000;0.378710;-0.035770
2184.000000;0.377526;-0.036157
2185.000000;0.378198;-0.036542
2186.000000;0.378904;-0.036788
2187.000000;0.376594;-0.037064
2188.000000;0.377571;-0.035756
2189.000000;0.378462;-0.032286
2190.000000;0.377339;-0.033684
2191.000000;0.376457;-0.036159
2192.000000;0.375749;-0.036696
2193.000000;0.376397;-0.035453
2194.000000;0.374753;-0.035790
2195.000000;0.376326;-0.035576
2196.000000;0.374750;-0.035744
2197.000000;0.372861;-0.034685
2198.000000;0.373307;-0.033674
2199.000000;0.375372;-0.035751
2200.000000;0.374927;-0.035232
2201.000000;0.374252;-0.036042
2202.000000;0.374653;-0.037098
2203.000000;0.376311;-0.036882
2204.000000;0.375696;-0.033965
2205.000000;0.375232;-0.032928
2206.000000;0.374303;-0.032660
2207.000000;0.374819;-0.032333
2208.000000;0.375619;-0.033763
2209.000000;0.374797;-0.035219
2210.000000;0.376038;-0.034809
2211.000000;0.375532;-0.034120
2212.000000;0.374161;-0.033429
2213.000000;0.373055;-0.032845
2214.000000;0.373345;-0.031985
2215.000000;0.375591;-0.031540
2216.000000;0.374923;-0.031571
2217.000000;0.375207;-0.030767
2218.000000;0.375255;-0.032101
2219.000000;0.376183;-0.031516
2220.000000;0.374443;-0.031764
2221.000000;0.375559;-0.031340
2222.000000;0.376943;-0.031488
2223.000000;0.377536;-0.031378
2224.000000;0.376261;-0.030122
2225.000000;0.374297;-0.029076
2226.000000;0.374438;-0.031641
2227.000000;0.375239;-0.030810
2228.000000;0.374778;-0.032209
2229.000000;0.375135;-0.030824
2230.000000;0.374533;-0.031679
2231.000000;0.373276;-0.031380
2232.000000;0.373464;-0.029741
2233.000000;0.374724;-0.031310
2234.000000;0.376313;-0.029195
2235.000000;0.377309;-0.028334
2236.000000;0.376233;-0.029323
2237.000000;0.376244;-0.030322
2238.000000;0.375045;-0.029807
2239.000000;0.375260;-0.030785
2240.000000;0.375354;-0.030595
2241.000000;0.374984;-0.029499
2242.000000;0.376970;-0.031030
2243.000000;0.377032;-0.029394
2244.000000;0.376980;-0.030026
2245.000000;0.376215;-0.030050
2246.000000;0.375375;-0.028912
2247.000000;0.376303;-0.028408
2248.000000;0.376336;-0.027816
2249.000000;0.376326;-0.028997
2250.000000;0.375699;-0.029728
2251.000000;0.376314;-0.029778
2252.000000;0.376704;-0.029269
2253.000000;0.375788;-0.029330
2254.000000;0.377158;-0.030366
2255.000000;0.377442;-0.031326
2256.000000;0.377327;-0.030455
2257.000000;0.376952;-0.029136
2258.000000;0.378239;-0.028161
2259.000000;0.378978;-0.028525
2260.000000;0.377242;-0.029502
2261.000000;0.376721;-0.027964
2262.000000;0.376040;-0.028298
2263.000000;0.376156;-0.029581
2264.000000;0.376847;-0.030609
2265.000000;0.378133;-0.028596
2266.000000;0.377228;-0.029513
2267.000000;0.377114;-0.029919
2268.000000;0.377111;-0.029245
2269.000000;0.375849;-0.028715
2270.000000;0.375496;-0.028789
2271.000000;0.376226;-0.028500
2272.000000;0.375616;-0.027891
2273.000000;0.377504;-0.027535
2274.000000;0.377130;-0.029030
2275.000000;0.378057;-0.027984
2276.000000;0.377784;-0.029012
2277.000000;0.378336;-0.028880
2278.000000;0.377574;-0.028851
2279.000000;0.376360;-0.028829
2280.000000;0.376392;-0.028055
2281.000000;0.377065;-0.029219
2282.000000;0.376154;-0.028928
2283.000000;0.377692;-0.029506
2284.000000;0.377964;-0.029994
2285.000000;0.376830;-0.029566
2286.000000;0.377002;-0.027671
2287.000000;0.376242;-0.028238
2288.000000;0.376398;-0.029926
2289.000000;0.376857;-0.030389
2290.000000;0.376541;-0.029073
2291.000000;0.376732;-0.029000
2292.000000;0.376328;-0.029935
2293.000000;0.374481;-0.029209
2294.000000;0.375632;-0.029795
2295.000000;0.376701;-0.028026
2296.000000;0.376257;-0.029164
2297.000000;0.374925;-0.028753
2298.000000;0.375765;-0.028265
2299.000000;0.375665;-0.029035
2300.000000;0.375057;-0.028829
2301.000000;0.375069;-0.028609
2302.000000;0.375906;-0.027704
2303.000000;0.376701;-0.028867
2304.000000;0.375790;-0.028304
2305.000000;0.375911;-0.027845
2306.000000;0.376127;-0.028494
2307.000000;0.375886;-0.028392
2308.000000;0.375813;-0.028309
2309.000000;0.375900;-0.027664
2310.000000;0.375695;-0.027706
2311.000000;0.376386;-0.027378
2312.000000;0.377251;-0.027905
2313.000000;0.376945;-0.027942
2314.000000;0.376417;-0.027783
2315.000000;0.375192;-0.027925
2316.000000;0.375233;-0.028557
2317.000000;0.375466;-0.028355
2318.000000;0.376619;-0.027706
2319.000000;0.376122;-0.027689
2320.000000;0.375777;-0.028662
2321.000000;0.375408;-0.026838
2322.000000;0.374864;-0.025992
2323.000000;0.374482;-0.026966
2324.000000;0.375280;-0.027945
2325.000000;0.375826;-0.027103
2326.000000;0.374986;-0.027536
2327.000000;0.375827;-0.027765
2328.000000;0.374800;-0.027567
2329.000000;0.373596;-0.028092
2330.000000;0.374511;-0.027002
2331.000000;0.375156;-0.026691
2332.000000;0.374801;-0.027332
2333.000000;0.374596;-0.026338
2334.000000;0.374242;-0.025591
2335.000000;0.374885;-0.026764
2336.000000;0.374293;-0.027009
2337.000000;0.375013;-0.026608
2338.000000;0.375466;-0.026493
2339.000000;0.374387;-0.027510
2340.000000;0.374903;-0.027252
2341.000000;0.375062;-0.025139
2342.000000;0.374576;-0.026095
2343.000000;0.374773;-0.026575
2344.000000;0.374527;-0.026645
2345.000000;0.374300;-0.026066
2346.000000;0.374254;-0.025790
2347.000000;0.373947;-0.025660
2348.000000;0.374246;-0.025883
2349.000000;0.373065;-0.025599
2350.000000;0.372906;-0.025414
2351.000000;0.373574;-0.025425
2352.000000;0.374170;-0.025748
2353.000000;0.374964;-0.024802
2354.000000;0.374463;-0.025075
2355.000000;0.375013;-0.025250
2356.000000;0.374585;-0.024552
2357.000000;0.372918;-0.024338
2358.000000;0.372479;-0.024766
2359.000000;0.373131;-0.025402
2360.000000;0.373822;-0.024795
2361.000000;0.374014;-0.024054
2362.000000;0.373519;-0.024075
2363.000000;0.373301;-0.024312
2364.000000;0.373807;-0.024223
2365.000000;0.374050;-0.023667
2366.000000;0.374182;-0.024287
2367.000000;0.373601;-0.024608
2368.000000;0.373084;-0.023535
2369.000000;0.372333;-0.022697
2370.000000;0.372920;-0.022767
2371.000000;0.372729;-0.023061
2372.000000;0.372850;-0.021904
2373.000000;0.372578;-0.021828
2374.000000;0.373492;-0.022471
2375.000000;0.373209;-0.022148
2376.000000;0.373292;-0.021787
2377.000000;0.372848;-0.021048
2378.000000;0.372333;-0.021929
2379.000000;0.373448;-0.020902
2380.000000;0.373698;-0.022174
2381.000000;0.372119;-0.021905
2382.000000;0.372259;-0.020446
2383.000000;0.372471;-0.021279
2384.000000;0.371472;-0.020831
2385.000000;0.372572;-0.020387
2386.000000;0.372822;-0.020351
2387.000000;0.371660;-0.020220
2388.000000;0.372145;-0.020332
2389.000000;0.372761;-0.020269
2390.000000;0.372924;-0.019309
2391.000000;0.374153;-0.018625
2392.000000;0.373792;-0.019026
2393.000000;0.373791;-0.018073
2394.000000;0.373487;-0.017771
2395.000000;0.374090;-0.018538
2396.000000;0.373898;-0.017991
2397.000000;0.372593;-0.017364
2398.000000;0.373154;-0.018298
2399.000000;0.372579;-0.018525
2400.000000;0.372523;-0.017555
2401.000000;0.372428;-0.016881
2402.000000;0.372800;-0.017598
2403.000000;0.372896;-0.017540
2404.000000;0.374145;-0.017169
2405.000000;0.374205;-0.017031
2406.000000;0.374051;-0.017545
2407.000000;0.373624;-0.015974
2408.000000;0.372935;-0.017161
2409.000000;0.373979;-0.017189
2410.000000;0.374225;-0.016878
2411.000000;0.374091;-0.016125
2412.000000;0.373941;-0.015667
2413.000000;0.373399;-0.014963
2414.000000;0.373456;-0.015361
2415.000000;0.374504;-0.015196
2416.000000;0.374614;-0.014693
2417.000000;0.374302;-0.014165
2418.000000;0.374914;-0.014937
2419.000000;0.375328;-0.016218
2420.000000;0.375077;-0.014404
2421.000000;0.373962;-0.013065
2422.000000;0.374504;-0.014289
2423.000000;0.375877;-0.015223
2424.000000;0.375372;-0.014505
2425.000000;0.374384;-0.014035
2426.000000;0.374433;-0.013694
2427.000000;0.375817;-0.013401
2428.000000;0.376098;-0.012997
2429.000000;0.376318;-0.014253
2430.000000;0.376210;-0.012552
2431.000000;0.375674;-0.012150
2432.000000;0.375325;-0.011765
2433.000000;0.375193;-0.011496
2434.000000;0.375543;-0.012442
2435.000000;0.376468;-0.012592
2436.000000;0.377078;-0.011034
2437.000000;0.377273;-0.011529
2438.000000;0.377493;-0.012539
2439.000000;0.377061;-0.011573
2440.000000;0.377510;-0.011739
2441.000000;0.376950;-0.011212
2442.000000;0.376660;-0.011843
2443.000000;0.376942;-0.011518
2444.000000;0.377224;-0.011431
2445.000000;0.379273;-0.010872
2446.000000;0.377960;-0.011040
2447.000000;0.378392;-0.010709
2448.000000;0.379721;-0.009340
2449.000000;0.379031;-0.010477
2450.000000;0.379064;-0.011875
2451.000000;0.379584;-0.011167
2452.000000;0.379521;-0.011094
2453.000000;0.378190;-0.011506
2454.000000;0.378316;-0.011439
2455.000000;0.380209;-0.009353
2456.000000;0.379372;-0.009250
2457.000000;0.379104;-0.009897
2458.000000;0.379314;-0.010274
2459.000000;0.379525;-0.010102
2460.000000;0.379221;-0.009475
2461.000000;0.381022;-0.009211
2462.000000;0.381428;-0.009943
2463.000000;0.380034;-0.008569
2464.000000;0.380830;-0.007796
2465.000000;0.381144;-0.009526
2466.000000;0.379131;-0.009782
2467.000000;0.380059;-0.009030
2468.000000;0.380957;-0.009233
2469.000000;0.381548;-0.008435
2470.000000;0.381777;-0.007398
2471.000000;0.381295;-0.009173
2472.000000;0.380869;-0.009841
2473.000000;0.381275;-0.008996
2474.000000;0.382815;-0.009301
2475.000000;0.383128;-0.010449
2476.000000;0.382982;-0.009468
2477.000000;0.383073;-0.006805
2478.000000;0.382172;-0.008878
2479.000000;0.382431;-0.009553
2480.000000;0.383385;-0.009885
2481.000000;0.384690;-0.009488
2482.000000;0.384104;-0.008626
2483.000000;0.383442;-0.008331
2484.000000;0.383732;-0.007708
2485.000000;0.385172;-0.010458
2486.000000;0.384488;-0.008078
2487.000000;0.385039;-0.006368
2488.000000;0.384111;-0.008129
2489.000000;0.384988;-0.008414
2490.000000;0.385918;-0.007787
2491.000000;0.386874;-0.009929
2492.000000;0.386506;-0.009936
2493.000000;0.385472;-0.007685
2494.000000;0.385225;-0.009667
2495.000000;0.385641;-0.010585
2496.000000;0.385258;-0.008602
2497.000000;0.385060;-0.009502
2498.000000;0.387361;-0.010957
2499.000000;0.387632;-0.009050
2500.000000;0.387364;-0.010353
2501.000000;0.387892;-0.010951
2502.000000;0.387798;-0.010148
2503.000000;0.388047;-0.010747
2504.000000;0.388189;-0.009546
2505.000000;0.389105;-0.009583
2506.000000;0.387816;-0.010849
2507.000000;0.385194;-0.010093
2508.000000;0.386705;-0.011705
2509.000000;0.387601;-0.009029
2510.000000;0.386589;-0.009892
2511.000000;0.388529;-0.010155
2512.000000;0.389227;-0.008860
2513.000000;0.388586;-0.008798
2514.000000;0.389480;-0.011321
2515.000000;0.389220;-0.009544
2516.000000;0.389009;-0.008626
2517.000000;0.390159;-0.008943
2518.000000;0.389485;-0.010531
2519.000000;0.389754;-0.010866
2520.000000;0.388206;-0.011459
2521.000000;0.387083;-0.011480
2522.000000;0.388554;-0.010934
2523.000000;0.387216;-0.010341
2524.000000;0.388562;-0.010281
2525.000000;0.388434;-0.009445
2526.000000;0.389065;-0.010844
2527.000000;0.389407;-0.008909
2528.000000;0.388408;-0.009441
2529.000000;0.388811;-0.011444
2530.000000;0.388586;-0.010857
2531.000000;0.389426;-0.011256
2532.000000;0.389833;-0.011794
2533.000000;0.389660;-0.011972
2534.000000;0.390454;-0.012503
2535.000000;0.389716;-0.013347
2536.000000;0.389803;-0.013425
2537.000000;0.389349;-0.012259
2538.000000;0.390255;-0.011051
2539.000000;0.390835;-0.011929
2540.000000;0.390108;-0.010716
2541.000000;0.390460;-0.010825
2542.000000;0.389678;-0.013741
2543.000000;0.390888;-0.013859
2544.000000;0.392705;-0.012420
2545.000000;0.389880;-0.011797
2546.000000;0.388717;-0.012543
2547.000000;0.389239;-0.012347
2548.000000;0.390131;-0.011546
2549.000000;0.389270;-0.013328
2550.000000;0.391629;-0.013803
2551.000000;0.392451;-0.012241
2552.000000;0.388652;-0.013677
2553.000000;0.389507;-0.013308
2554.000000;0.391369;-0.012231
2555.000000;0.391561;-0.011791
2556.000000;0.389587;-0.012782
2557.000000;0.388831;-0.013965
2558.000000;0.388689;-0.015011
2559.000000;0.390209;-0.014405
2560.000000;0.391218;-0.013150
2561.000000;0.390633;-0.012771
2562.000000;0.388770;-0.014616
2563.000000;0.389200;-0.012718
2564.000000;0.392217;-0.013225
2565.000000;0.390467;-0.013917
2566.000000;0.388757;-0.013930
2567.000000;0.389609;-0.012226
2568.000000;0.391016;-0.013388
2569.000000;0.389721;-0.014283
2570.000000;0.389745;-0.016071
2571.000000;0.390842;-0.013194
2572.000000;0.391293;-0.012727
2573.000000;0.389991;-0.013557
2574.000000;0.389088;-0.014012
2575.000000;0.390476;-0.011917
2576.000000;0.391059;-0.011353
2577.000000;0.389353;-0.013001
2578.000000;0.388912;-0.014221
2579.000000;0.388418;-0.014322
2580.000000;0.389526;-0.012056
2581.000000;0.390160;-0.012544
2582.000000;0.390571;-0.013919
2583.000000;0.388377;-0.012643
2584.000000;0.390349;-0.010398
2585.000000;0.392044;-0.011191
2586.000000;0.390635;-0.013006
2587.000000;0.389728;-0.012535
2588.000000;0.390406;-0.014463
2589.000000;0.391375;-0.014359
2590.000000;0.393092;-0.012935
2591.000000;0.391898;-0.012660
2592.000000;0.389541;-0.010895
2593.000000;0.390458;-0.014044
2594.000000;0.389680;-0.013846
2595.000000;0.388875;-0.012106
2596.000000;0.389375;-0.013149
2597.000000;0.388113;-0.013350
2598.000000;0.388568;-0.012786
2599.000000;0.390831;-0.012305
2600.000000;0.390127;-0.011722
2601.000000;0.388678;-0.011833
2602.000000;0.389153;-0.012268
2603.000000;0.390501;-0.012469
2604.000000;0.390571;-0.011933
2605.000000;0.390978;-0.013819
2606.000000;0.390855;-0.014803
2607.000000;0.391173;-0.016022
2608.000000;0.392223;-0.015363
2609.000000;0.391667;-0.014068
2610.000000;0.391413;-0.014975
2611.000000;0.389992;-0.014257
2612.000000;0.391324;-0.014252
2613.000000;0.392457;-0.013274
2614.000000;0.389164;-0.012080
2615.000000;0.389543;-0.012613
2616.000000;0.391371;-0.014275
2617.000000;0.390144;-0.014585
2618.000000;0.391209;-0.015824
2619.000000;0.391148;-0.013957
2620.000000;0.389023;-0.011949
2621.000000;0.389358;-0.014322
2622.000000;0.388851;-0.013186
2623.000000;0.388702;-0.012862
2624.000000;0.390521;-0.014555
2625.000000;0.391214;-0.014918
2626.000000;0.389987;-0.014789
2627.000000;0.389218;-0.013764
2628.000000;0.389041;-0.013431
2629.000000;0.388842;-0.013558
2630.000000;0.388961;-0.012358
2631.000000;0.389446;-0.014205
2632.000000;0.391325;-0.014670
2633.000000;0.391431;-0.013495
2634.000000;0.391910;-0.013920
2635.000000;0.391076;-0.015605
2636.000000;0.390689;-0.016149
2637.000000;0.390447;-0.014880
2638.000000;0.390659;-0.015826
2639.000000;0.391517;-0.014821
2640.000000;0.390515;-0.014133
2641.000000;0.389488;-0.015164
2642.000000;0.390382;-0.015083
2643.000000;0.389753;-0.015062
2644.000000;0.391418;-0.014652
2645.000000;0.391881;-0.014610
2646.000000;0.390791;-0.015732
2647.000000;0.390156;-0.014145
2648.000000;0.389867;-0.013364
2649.000000;0.389140;-0.013664
2650.000000;0.389880;-0.014879
2651.000000;0.389716;-0.014191
2652.000000;0.390634;-0.012045
2653.000000;0.389742;-0.012750
2654.000000;0.389207;-0.014304
2655.000000;0.387729;-0.014867
2656.000000;0.387637;-0.013812
2657.000000;0.388669;-0.014076
2658.000000;0.389314;-0.014790
2659.000000;0.389123;-0.013625
2660.000000;0.388795;-0.013612
2661.000000;0.389480;-0.014794
2662.000000;0.388635;-0.013969
2663.000000;0.387684;-0.014216
2664.000000;0.388644;-0.015851
2665.000000;0.389757;-0.013259
2666.000000;0.391815;-0.014159
2667.000000;0.390521;-0.014495
2668.000000;0.387210;-0.013832
2669.000000;0.389415;-0.012645
2670.000000;0.390356;-0.012220
2671.000000;0.389077;-0.012723
2672.000000;0.388475;-0.014825
2673.000000;0.389113;-0.014776
2674.000000;0.390917;-0.013938
2675.000000;0.390901;-0.014997
2676.000000;0.390197;-0.013630
2677.000000;0.391101;-0.012288
2678.000000;0.389558;-0.014000
2679.000000;0.388611;-0.015485
2680.000000;0.389522;-0.014639
2681.000000;0.390399;-0.013589
2682.000000;0.390948;-0.013384
2683.000000;0.390808;-0.012919
2684.000000;0.391363;-0.015364
2685.000000;0.392503;-0.014948
2686.000000;0.391277;-0.013461
2687.000000;0.391764;-0.012484
2688.000000;0.389352;-0.012970
2689.000000;0.389314;-0.014095
2690.000000;0.389798;-0.015566
2691.000000;0.390340;-0.015428
2692.000000;0.390389;-0.014067
2693.000000;0.391305;-0.013321
2694.000000;0.391255;-0.013062
2695.000000;0.391747;-0.013341
2696.000000;0.392627;-0.013721
2697.000000;0.391231;-0.014423
2698.000000;0.390018;-0.013458
2699.000000;0.389773;-0.014915
2700.000000;0.390582;-0.015229
2701.000000;0.389414;-0.015012
2702.000000;0.389164;-0.015526
2703.000000;0.390907;-0.016424
2704.000000;0.390744;-0.014913
2705.000000;0.392001;-0.013603
2706.000000;0.390485;-0.015297
2707.000000;0.389076;-0.014743
2708.000000;0.390155;-0.013561
2709.000000;0.390685;-0.015259
2710.000000;0.390987;-0.014996
2711.000000;0.391568;-0.014656
2712.000000;0.389682;-0.014429
2713.000000;0.389962;-0.014392
2714.000000;0.391658;-0.015676
2715.000000;0.390316;-0.014857
2716.000000;0.390310;-0.015195
2717.000000;0.391117;-0.015216
2718.000000;0.390501;-0.014764
2719.000000;0.391601;-0.014440
2720.000000;0.391064;-0.014741
2721.000000;0.390521;-0.014101
2722.000000;0.391845;-0.014916
2723.000000;0.391088;-0.014868
2724.000000;0.389221;-0.015798
2725.000000;0.387456;-0.015659
2726.000000;0.389304;-0.016039
2727.000000;0.390031;-0.016191
2728.000000;0.389579;-0.014068
2729.000000;0.390061;-0.014979
2730.000000;0.391310;-0.015514
2731.000000;0.391666;-0.015506
2732.000000;0.390403;-0.015538
2733.000000;0.389559;-0.014854
2734.000000;0.390824;-0.016476
2735.000000;0.390642;-0.017029
2736.000000;0.389750;-0.015566
2737.000000;0.390003;-0.015001
2738.000000;0.389935;-0.015957
2739.000000;0.389673;-0.016247
2740.000000;0.389178;-0.015376
2741.000000;0.390589;-0.014782
2742.000000;0.391392;-0.014404
2743.000000;0.390784;-0.015055
2744.000000;0.390239;-0.016569
2745.000000;0.390465;-0.017313
2746.000000;0.390673;-0.016547
2747.000000;0.388942;-0.016316
2748.000000;0.390244;-0.016340
2749.000000;0.391172;-0.015616
2750.000000;0.391075;-0.015844
2751.000000;0.390649;-0.015964
2752.000000;0.391120;-0.015229
2753.000000;0.389547;-0.015882
2754.000000;0.389483;-0.015624
2755.000000;0.389605;-0.014729
2756.000000;0.390361;-0.015554
2757.000000;0.389914;-0.016366
2758.000000;0.389190;-0.016766
2759.000000;0.388807;-0.016737
2760.000000;0.390401;-0.016492
2761.000000;0.390363;-0.017221
2762.000000;0.389499;-0.016710
2763.000000;0.389476;-0.016478
2764.000000;0.389896;-0.017023
2765.000000;0.389602;-0.016302
2766.000000;0.390203;-0.015451
2767.000000;0.390029;-0.015822
2768.000000;0.389689;-0.015939
2769.000000;0.389573;-0.015897
2770.000000;0.390006;-0.016031
2771.000000;0.390418;-0.016257
2772.000000;0.389005;-0.016384
2773.000000;0.388813;-0.016286
2774.000000;0.389648;-0.016246
2775.000000;0.389619;-0.016751
2776.000000;0.389567;-0.017271
2777.000000;0.388895;-0.016191
2778.000000;0.388776;-0.014895
2779.000000;0.389770;-0.015974
2780.000000;0.389905;-0.015515
2781.000000;0.389784;-0.015993
2782.000000;0.391108;-0.017022
2783.000000;0.389849;-0.016973
2784.000000;0.389106;-0.017647
2785.000000;0.388582;-0.017774
2786.000000;0.389591;-0.018511
2787.000000;0.389634;-0.019122
2788.000000;0.389991;-0.017367
2789.000000;0.389487;-0.016098
2790.000000;0.388410;-0.016823
2791.000000;0.388351;-0.016913
2792.000000;0.388905;-0.017608
2793.000000;0.389737;-0.018307
2794.000000;0.389721;-0.017583
2795.000000;0.389053;-0.018169
2796.000000;0.388774;-0.018370
2797.000000;0.388634;-0.018085
2798.000000;0.388791;-0.017440
2799.000000;0.389150;-0.017114
2800.000000;0.388615;-0.016914
2801.000000;0.387857;-0.017275
2802.000000;0.388356;-0.016688
2803.000000;0.388489;-0.016980
2804.000000;0.388307;-0.017453
2805.000000;0.388582;-0.017515
2806.000000;0.388150;-0.017690
2807.000000;0.387919;-0.018076
2808.000000;0.387985;-0.018041
2809.000000;0.387978;-0.018247
2810.000000;0.388491;-0.017908
2811.000000;0.388797;-0.017786
2812.000000;0.387666;-0.017945
2813.000000;0.386647;-0.018865
2814.000000;0.386658;-0.018164
2815.000000;0.388453;-0.017537
2816.000000;0.387758;-0.018518
2817.000000;0.387252;-0.018234
2818.000000;0.388349;-0.017213
2819.000000;0.387660;-0.017758
2820.000000;0.387443;-0.017517
2821.000000;0.388524;-0.018548
2822.000000;0.388579;-0.019021
2823.000000;0.387724;-0.017883
2824.000000;0.387389;-0.017716
2825.000000;0.387760;-0.018902
2826.000000;0.387841;-0.019222
2827.000000;0.387659;-0.018383
2828.000000;0.387304;-0.019046
2829.000000;0.387577;-0.018934
2830.000000;0.387944;-0.018660
2831.000000;0.387646;-0.019630
2832.000000;0.387334;-0.018482
2833.000000;0.387734;-0.018288
2834.000000;0.387666;-0.018854
2835.000000;0.387844;-0.019084
2836.000000;0.387206;-0.019637
2837.000000;0.387027;-0.019303
2838.000000;0.387134;-0.018847
2839.000000;0.387223;-0.018711
2840.000000;0.386159;-0.019531
2841.000000;0.386349;-0.019292
2842.000000;0.387211;-0.019105
2843.000000;0.386621;-0.018967
2844.000000;0.385947;-0.018418
2845.000000;0.386193;-0.018290
2846.000000;0.385974;-0.018921
2847.000000;0.386352;-0.019837
2848.000000;0.386295;-0.019224
2849.000000;0.386741;-0.019187
2850.000000;0.387196;-0.019349
2851.000000;0.387283;-0.020928
2852.000000;0.387942;-0.019631
2853.000000;0.386599;-0.019042
2854.000000;0.385618;-0.019574
2855.000000;0.386030;-0.019701
2856.000000;0.387354;-0.018568
2857.000000;0.386950;-0.019470
2858.000000;0.387431;-0.020240
2859.000000;0.386918;-0.019234
2860.000000;0.386464;-0.019029
2861.000000;0.385877;-0.018837
2862.000000;0.385811;-0.019651
2863.000000;0.386536;-0.020171
2864.000000;0.385589;-0.019463
2865.000000;0.384888;-0.019363
2866.000000;0.385976;-0.019338
2867.000000;0.387363;-0.019707
2868.000000;0.386748;-0.020137
2869.000000;0.385262;-0.019475
2870.000000;0.385223;-0.019629
2871.000000;0.385319;-0.021248
2872.000000;0.385258;-0.020925
2873.000000;0.385619;-0.020117
2874.000000;0.384768;-0.020448
2875.000000;0.384685;-0.020308
2876.000000;0.384610;-0.019421
2877.000000;0.385645;-0.020745
2878.000000;0.386051;-0.020299
2879.000000;0.386094;-0.020226
2880.000000;0.385690;-0.020417
2881.000000;0.385054;-0.020089
2882.000000;0.385533;-0.020718
2883.000000;0.385683;-0.019401
2884.000000;0.386159;-0.019607
2885.000000;0.384694;-0.018829
2886.000000;0.384654;-0.019325
2887.000000;0.384692;-0.020521
2888.000000;0.383311;-0.020615
2889.000000;0.383844;-0.019845
2890.000000;0.383891;-0.020505
2891.000000;0.384793;-0.020400
2892.000000;0.384676;-0.020036
2893.000000;0.384332;-0.020136
2894.000000;0.383538;-0.020347
2895.000000;0.384432;-0.021035
2896.000000;0.384510;-0.020427
2897.000000;0.384142;-0.021027
2898.000000;0.384387;-0.020911
2899.000000;0.384632;-0.019994
2900.000000;0.383680;-0.020620
2901.000000;0.383008;-0.020066
2902.000000;0.384363;-0.020018
2903.000000;0.384495;-0.022048
2904.000000;0.384590;-0.022608
2905.000000;0.384053;-0.021373
2906.000000;0.383098;-0.021159
2907.000000;0.384088;-0.022588
2908.000000;0.384237;-0.021720
2909.000000;0.382862;-0.021020
2910.000000;0.383395;-0.020577
2911.000000;0.383116;-0.019744
2912.000000;0.383105;-0.020803
2913.000000;0.383445;-0.021357
2914.000000;0.383250;-0.021257
2915.000000;0.382680;-0.021275
2916.000000;0.383709;-0.021037
2917.000000;0.383785;-0.021746
2918.000000;0.384120;-0.021527
2919.000000;0.383099;-0.021232
2920.000000;0.383053;-0.021095
2921.000000;0.382176;-0.021524
2922.000000;0.383152;-0.020884
2923.000000;0.383369;-0.020546
2924.000000;0.382199;-0.021483
2925.000000;0.382615;-0.022433
2926.000000;0.382157;-0.022057
2927.000000;0.381916;-0.022505
2928.000000;0.382606;-0.021193
2929.000000;0.381228;-0.021511
2930.000000;0.382610;-0.021999
2931.000000;0.382547;-0.022047
2932.000000;0.381089;-0.021962
2933.000000;0.381314;-0.021712
2934.000000;0.381794;-0.022181
2935.000000;0.380934;-0.022115
2936.000000;0.380974;-0.021277
2937.000000;0.381361;-0.022156
2938.000000;0.381469;-0.023010
2939.000000;0.380525;-0.022647
2940.000000;0.380851;-0.022516
2941.000000;0.381010;-0.023121
2942.000000;0.379926;-0.023038
2943.000000;0.380443;-0.022368
2944.000000;0.382265;-0.021146
2945.000000;0.381817;-0.019635
2946.000000;0.379951;-0.022918
2947.000000;0.380994;-0.022468
2948.000000;0.380333;-0.022192
2949.000000;0.380127;-0.022646
2950.000000;0.381381;-0.021700
2951.000000;0.381519;-0.023116
2952.000000;0.380460;-0.022371
2953.000000;0.379794;-0.021486
2954.000000;0.379941;-0.021118
2955.000000;0.380103;-0.022442
2956.000000;0.380467;-0.023528
2957.000000;0.379930;-0.021734
2958.000000;0.379166;-0.021383
2959.000000;0.379072;-0.021455
2960.000000;0.379095;-0.022785
2961.000000;0.379040;-0.024184
2962.000000;0.378192;-0.022374
2963.000000;0.378548;-0.022471
2964.000000;0.379285;-0.021795
2965.000000;0.378903;-0.021614
2966.000000;0.379706;-0.022623
2967.000000;0.378339;-0.022536
2968.000000;0.377616;-0.021627
2969.000000;0.378285;-0.020749
2970.000000;0.378262;-0.020165
2971.000000;0.378672;-0.021628
2972.000000;0.379532;-0.021850
2973.000000;0.379106;-0.021850
2974.000000;0.379306;-0.021529
2975.000000;0.379571;-0.020569
2976.000000;0.378779;-0.021983
2977.000000;0.377867;-0.024076
2978.000000;0.378022;-0.022891
2979.000000;0.379596;-0.023303
2980.000000;0.378924;-0.022293
2981.000000;0.377360;-0.021638
2982.000000;0.378229;-0.022630
2983.000000;0.378217;-0.021706
2984.000000;0.378854;-0.021830
2985.000000;0.378457;-0.021596
2986.000000;0.376347;-0.023407
2987.000000;0.376329;-0.023281
2988.000000;0.377688;-0.023450
2989.000000;0.377690;-0.022714
2990.000000;0.378456;-0.021252
2991.000000;0.376765;-0.019341
2992.000000;0.376904;-0.019228
2993.000000;0.377809;-0.022712
2994.000000;0.376842;-0.022916
2995.000000;0.378020;-0.020554
2996.000000;0.378080;-0.022236
2997.000000;0.377696;-0.021489
2998.000000;0.377626;-0.020058
2999.000000;0.377846;-0.019329
3000.000000;0.376734;-0.019573
3001.000000;0.377327;-0.020386
3002.000000;0.376346;-0.021547
3003.000000;0.376453;-0.021763
3004.000000;0.376095;-0.021567
3005.000000;0.376370;-0.019644
3006.000000;0.376624;-0.020194
3007.000000;0.376484;-0.021154
3008.000000;0.375887;-0.020048
3009.000000;0.375893;-0.019443
3010.000000;0.376304;-0.020101
3011.000000;0.375824;-0.020161
3012.000000;0.376050;-0.019510
3013.000000;0.375273;-0.020178
3014.000000;0.376410;-0.020731
3015.000000;0.376854;-0.019462
3016.000000;0.375478;-0.020747
3017.000000;0.375740;-0.021814
3018.000000;0.376691;-0.022288
3019.000000;0.375833;-0.021042
3020.000000;0.374827;-0.020618
3021.000000;0.375248;-0.022003
3022.000000;0.375471;-0.022280
3023.000000;0.375161;-0.022038
3024.000000;0.375410;-0.019751
3025.000000;0.375016;-0.018710
3026.000000;0.375036;-0.019333
3027.000000;0.375249;-0.018900
3028.000000;0.375092;-0.018867
3029.000000;0.374394;-0.019206
3030.000000;0.375512;-0.020359
3031.000000;0.376586;-0.021194
3032.000000;0.375180;-0.021070
3033.000000;0.374075;-0.021446
3034.000000;0.374042;-0.019585
3035.000000;0.375677;-0.018594
3036.000000;0.375246;-0.019825
3037.000000;0.374987;-0.020947
3038.000000;0.375149;-0.019931
3039.000000;0.375964;-0.019348
3040.000000;0.375031;-0.018339
3041.000000;0.373971;-0.020140
3042.000000;0.374157;-0.018283
3043.000000;0.375258;-0.019990
3044.000000;0.377259;-0.021568
3045.000000;0.376077;-0.019287
3046.000000;0.373670;-0.018717
3047.000000;0.374524;-0.019010
3048.000000;0.375800;-0.020238
3049.000000;0.374088;-0.021053
3050.000000;0.374484;-0.022212
3051.000000;0.373345;-0.022762
3052.000000;0.375383;-0.021669
3053.000000;0.373639;-0.018736
3054.000000;0.373045;-0.020242
3055.000000;0.373503;-0.020603
3056.000000;0.374379;-0.020224
3057.000000;0.375010;-0.021724
3058.000000;0.375238;-0.021514
3059.000000;0.374532;-0.019331
3060.000000;0.373888;-0.018156
3061.000000;0.373171;-0.020357
3062.000000;0.374984;-0.020137
3063.000000;0.375169;-0.018053
3064.000000;0.374523;-0.019050
3065.000000;0.374041;-0.018663
3066.000000;0.373727;-0.019151
3067.000000;0.374041;-0.018169
3068.000000;0.372232;-0.020291
3069.000000;0.373234;-0.021845
3070.000000;0.374909;-0.021022
3071.000000;0.373400;-0.019459
3072.000000;0.373610;-0.020069
3073.000000;0.373725;-0.020471
3074.000000;0.374503;-0.018683
3075.000000;0.373257;-0.020688
3076.000000;0.372392;-0.019870
3077.000000;0.372015;-0.019975
3078.000000;0.374160;-0.020241
3079.000000;0.375052;-0.020118
3080.000000;0.375185;-0.021511
3081.000000;0.373325;-0.019713
3082.000000;0.375380;-0.020499
3083.000000;0.373577;-0.020851
3084.000000;0.373334;-0.020717
3085.000000;0.373636;-0.019398
3086.000000;0.373239;-0.019093
3087.000000;0.373004;-0.019798
3088.000000;0.371872;-0.019361
3089.000000;0.370774;-0.020412
3090.000000;0.372228;-0.021298
3091.000000;0.372388;-0.021703
3092.000000;0.372278;-0.021990
3093.000000;0.373441;-0.020539
3094.000000;0.373521;-0.019474
3095.000000;0.371108;-0.021177
3096.000000;0.371476;-0.021906
3097.000000;0.372116;-0.021045
3098.000000;0.371058;-0.020536
3099.000000;0.372158;-0.021656
3100.000000;0.370942;-0.020875
3101.000000;0.370622;-0.020231
3102.000000;0.372832;-0.019232
3103.000000;0.372266;-0.020940
3104.000000;0.369428;-0.020405
3105.000000;0.371086;-0.020657
3106.000000;0.372161;-0.021263
3107.000000;0.373465;-0.022078
3108.000000;0.373189;-0.020636
3109.000000;0.372487;-0.019847
3110.000000;0.369890;-0.019890
3111.000000;0.370683;-0.022312
3112.000000;0.373081;-0.023101
3113.000000;0.373925;-0.019519
3114.000000;0.372442;-0.021481
3115.000000;0.373224;-0.021017
3116.000000;0.372454;-0.020185
3117.000000;0.370955;-0.020199
3118.000000;0.368702;-0.021353
3119.000000;0.370166;-0.018840
3120.000000;0.371264;-0.020854
3121.000000;0.369658;-0.019992
3122.000000;0.370134;-0.020334
3123.000000;0.370587;-0.020288
3124.000000;0.370036;-0.019215
3125.000000;0.372081;-0.018346
3126.000000;0.370301;-0.018269
3127.000000;0.369484;-0.021350
3128.000000;0.369744;-0.020566
3129.000000;0.368727;-0.019599
3130.000000;0.367950;-0.019859
3131.000000;0.368958;-0.018899
3132.000000;0.368564;-0.018625
3133.000000;0.370477;-0.019824
3134.000000;0.369063;-0.019217
3135.000000;0.369753;-0.020468
3136.000000;0.369621;-0.019964
3137.000000;0.370372;-0.019786
3138.000000;0.369147;-0.020650
3139.000000;0.368069;-0.020080
3140.000000;0.369064;-0.018229
3141.000000;0.368792;-0.017670
3142.000000;0.366554;-0.018587
3143.000000;0.366123;-0.017661
3144.000000;0.367299;-0.018103
3145.000000;0.368843;-0.021417
3146.000000;0.370173;-0.021783
3147.000000;0.371863;-0.018907
3148.000000;0.372285;-0.020792
3149.000000;0.368541;-0.020377
3150.000000;0.368155;-0.019784
3151.000000;0.368636;-0.019309
3152.000000;0.367186;-0.019134
3153.000000;0.365814;-0.019435
3154.000000;0.367056;-0.017914
3155.000000;0.367625;-0.017411
3156.000000;0.369466;-0.017046
3157.000000;0.368845;-0.017766
3158.000000;0.366835;-0.019069
3159.000000;0.366413;-0.019654
3160.000000;0.368300;-0.023468
3161.000000;0.368177;-0.020806
3162.000000;0.366534;-0.020069
3163.000000;0.368724;-0.020032
3164.000000;0.367138;-0.017638
3165.000000;0.365178;-0.017315
3166.000000;0.365883;-0.019429
3167.000000;0.366393;-0.019905
3168.000000;0.367739;-0.020956
3169.000000;0.371982;-0.020258
3170.000000;0.368452;-0.020905
3171.000000;0.365401;-0.019519
3172.000000;0.360398;-0.020129
3173.000000;0.360464;-0.023074
3174.000000;0.362262;-0.020749
3175.000000;0.363865;-0.019572
3176.000000;0.365558;-0.018595
3177.000000;0.363221;-0.016774
3178.000000;0.365790;-0.018377
3179.000000;0.369372;-0.016669
3180.000000;0.367144;-0.015933
3181.000000;0.364168;-0.018912
3182.000000;0.364151;-0.018652
3183.000000;0.363955;-0.019099
3184.000000;0.363461;-0.018247
3185.000000;0.363729;-0.015783
3186.000000;0.363988;-0.016831
3187.000000;0.362208;-0.018784
3188.000000;0.363920;-0.020311
3189.000000;0.366355;-0.020994
3190.000000;0.365105;-0.019260
3191.000000;0.364099;-0.020690
3192.000000;0.362685;-0.018396
3193.000000;0.364319;-0.018694
3194.000000;0.365035;-0.014258
3195.000000;0.364939;-0.017947
3196.000000;0.365396;-0.020794
3197.000000;0.363069;-0.019721
3198.000000;0.363913;-0.016818
3199.000000;0.364422;-0.018967
3200.000000;0.365804;-0.017845
3201.000000;0.363185;-0.015866
3202.000000;0.360266;-0.016660
3203.000000;0.360643;-0.017436
3204.000000;0.362556;-0.017218
3205.000000;0.363918;-0.016067
3206.000000;0.363012;-0.017557
3207.000000;0.367158;-0.015167
3208.000000;0.365732;-0.015712
3209.000000;0.360263;-0.017415
3210.000000;0.361896;-0.018061
3211.000000;0.361544;-0.018018
3212.000000;0.360654;-0.015814
3213.000000;0.361528;-0.014660
3214.000000;0.363522;-0.014068
3215.000000;0.362926;-0.015524
3216.000000;0.362905;-0.014689
3217.000000;0.362247;-0.016770
3218.000000;0.363358;-0.016123
3219.000000;0.360631;-0.016093
3220.000000;0.360942;-0.014973
3221.000000;0.360767;-0.014035
3222.000000;0.361434;-0.017552
3223.000000;0.362512;-0.016348
3224.000000;0.361874;-0.016835
3225.000000;0.359500;-0.016530
3226.000000;0.362234;-0.015752
3227.000000;0.362742;-0.014551
3228.000000;0.361226;-0.016396
3229.000000;0.361645;-0.020087
3230.000000;0.361551;-0.014869
3231.000000;0.363401;-0.013457
3232.000000;0.363775;-0.011534
3233.000000;0.363640;-0.014658
3234.000000;0.363602;-0.016523
3235.000000;0.363070;-0.015575
3236.000000;0.362519;-0.015519
3237.000000;0.361700;-0.014830
3238.000000;0.362234;-0.014821
3239.000000;0.361845;-0.013669
3240.000000;0.362356;-0.013043
3241.000000;0.362258;-0.012759
3242.000000;0.361695;-0.015017
3243.000000;0.358841;-0.013656
3244.000000;0.359926;-0.014062
3245.000000;0.362373;-0.015910
3246.000000;0.362177;-0.015136
3247.000000;0.360350;-0.013031
3248.000000;0.360662;-0.013715
3249.000000;0.362382;-0.013606
3250.000000;0.362553;-0.013836
3251.000000;0.359921;-0.015859
3252.000000;0.361462;-0.014666
3253.000000;0.361663;-0.013810
3254.000000;0.363133;-0.013690
3255.000000;0.362053;-0.013839
3256.000000;0.365483;-0.014490
3257.000000;0.364564;-0.015025
3258.000000;0.362338;-0.014576
3259.000000;0.361821;-0.010223
3260.000000;0.362379;-0.010930
3261.000000;0.359808;-0.013690
3262.000000;0.360859;-0.013526
3263.000000;0.360599;-0.014577
3264.000000;0.360065;-0.016514
3265.000000;0.363705;-0.015728
3266.000000;0.360600;-0.014607
3267.000000;0.361067;-0.015070
3268.000000;0.363826;-0.014071
3269.000000;0.363020;-0.013953
3270.000000;0.362373;-0.014544
3271.000000;0.362519;-0.012885
3272.000000;0.363208;-0.013243
3273.000000;0.359914;-0.012043
3274.000000;0.359494;-0.012506
3275.000000;0.360147;-0.011581
3276.000000;0.359902;-0.013454
3277.000000;0.361485;-0.014841
3278.000000;0.360914;-0.015515
3279.000000;0.360568;-0.014926
3280.000000;0.359361;-0.013216
3281.000000;0.360475;-0.013375
3282.000000;0.361489;-0.012860
3283.000000;0.361833;-0.012488
3284.000000;0.359526;-0.012499
3285.000000;0.359052;-0.011089
3286.000000;0.359727;-0.011882
3287.000000;0.358702;-0.012405
3288.000000;0.359906;-0.013847
3289.000000;0.361411;-0.012759
3290.000000;0.361825;-0.011495
3291.000000;0.363998;-0.012833
3292.000000;0.361343;-0.014726
3293.000000;0.361084;-0.014296
3294.000000;0.364061;-0.015336
3295.000000;0.360371;-0.016142
3296.000000;0.359468;-0.014291
3297.000000;0.359229;-0.014785
3298.000000;0.360159;-0.015310
3299.000000;0.362427;-0.012385
3300.000000;0.360985;-0.011965
3301.000000;0.361308;-0.012864
3302.000000;0.363197;-0.012662
3303.000000;0.360053;-0.012712
3304.000000;0.362414;-0.015062
3305.000000;0.361808;-0.013545
3306.000000;0.356775;-0.014456
3307.000000;0.357419;-0.013263
3308.000000;0.360029;-0.014695
3309.000000;0.360109;-0.015026
3310.000000;0.359538;-0.013443
3311.000000;0.360983;-0.012430
3312.000000;0.360180;-0.012215
3313.000000;0.360436;-0.013496
3314.000000;0.359186;-0.013530
3315.000000;0.358703;-0.012839
3316.000000;0.358772;-0.013447
3317.000000;0.359745;-0.014022
3318.000000;0.359620;-0.014150
3319.000000;0.361226;-0.014725
3320.000000;0.360527;-0.013943
3321.000000;0.359107;-0.015123
3322.000000;0.360868;-0.014426
3323.000000;0.361374;-0.014661
3324.000000;0.360930;-0.015781
3325.000000;0.362840;-0.014055
3326.000000;0.361703;-0.013079
3327.000000;0.359227;-0.012898
3328.000000;0.359798;-0.012951
3329.000000;0.359930;-0.013185
3330.000000;0.360639;-0.015658
3331.000000;0.360686;-0.016433
3332.000000;0.360247;-0.016563
3333.000000;0.359341;-0.014817
3334.000000;0.357767;-0.013457
3335.000000;0.359862;-0.013483
3336.000000;0.359303;-0.013301
3337.000000;0.358714;-0.014309
3338.000000;0.358599;-0.013704
3339.000000;0.357824;-0.015256
3340.000000;0.357964;-0.016075
3341.000000;0.358131;-0.015062
3342.000000;0.358092;-0.015629
3343.000000;0.357494;-0.015329
3344.000000;0.359833;-0.015708
3345.000000;0.360090;-0.015981
3346.000000;0.359501;-0.016926
3347.000000;0.360057;-0.015740
3348.000000;0.360050;-0.013656
3349.000000;0.359762;-0.013409
3350.000000;0.357633;-0.013914
3351.000000;0.358438;-0.014850
3352.000000;0.359175;-0.014622
3353.000000;0.358132;-0.013356
3354.000000;0.355816;-0.013843
3355.000000;0.356177;-0.014289
3356.000000;0.356771;-0.012733
3357.000000;0.357146;-0.012938
3358.000000;0.357813;-0.013428
3359.000000;0.358193;-0.013706
3360.000000;0.356303;-0.013937
3361.000000;0.355867;-0.014860
3362.000000;0.357833;-0.014385
3363.000000;0.355893;-0.012856
3364.000000;0.355634;-0.013028
3365.000000;0.355357;-0.012195
3366.000000;0.354372;-0.013209
3367.000000;0.356834;-0.013350
3368.000000;0.357686;-0.013568
3369.000000;0.358903;-0.013569
3370.000000;0.357710;-0.013570
3371.000000;0.356872;-0.013126
3372.000000;0.356689;-0.014264
3373.000000;0.358489;-0.013536
3374.000000;0.357598;-0.012738
3375.000000;0.357995;-0.013584
3376.000000;0.358241;-0.014942
3377.000000;0.357176;-0.015414
3378.000000;0.356306;-0.015527
3379.000000;0.357319;-0.015571
3380.000000;0.357610;-0.014968
3381.000000;0.357986;-0.015264
3382.000000;0.358146;-0.015557
3383.000000;0.358860;-0.015359
3384.000000;0.356489;-0.014021
3385.000000;0.354813;-0.014986
3386.000000;0.354032;-0.015460
3387.000000;0.355504;-0.015045
3388.000000;0.355731;-0.014481
3389.000000;0.355751;-0.014262
3390.000000;0.354245;-0.014051
3391.000000;0.354026;-0.013859
3392.000000;0.355110;-0.015033
3393.000000;0.354612;-0.014686
3394.000000;0.354933;-0.013123
3395.000000;0.355920;-0.014550
3396.000000;0.356278;-0.016213
3397.000000;0.356654;-0.015683
3398.000000;0.356701;-0.014914
3399.000000;0.355734;-0.013179
3400.000000;0.354173;-0.014405
3401.000000;0.354364;-0.014191
3402.000000;0.353349;-0.013674
3403.000000;0.354093;-0.014809
3404.000000;0.355997;-0.014570
3405.000000;0.355684;-0.014971
3406.000000;0.355660;-0.016098
3407.000000;0.357146;-0.015475
3408.000000;0.356796;-0.015480
3409.000000;0.355935;-0.015954
3410.000000;0.355059;-0.015768
3411.000000;0.355891;-0.014170
3412.000000;0.354791;-0.014171
3413.000000;0.353125;-0.014712
3414.000000;0.352577;-0.013860
3415.000000;0.352037;-0.015983
3416.000000;0.352655;-0.016206
3417.000000;0.354276;-0.015457
3418.000000;0.354909;-0.015337
3419.000000;0.352621;-0.015524
3420.000000;0.353664;-0.015222
3421.000000;0.353295;-0.013814
3422.000000;0.353418;-0.013359
3423.000000;0.353953;-0.015268
3424.000000;0.352221;-0.017036
3425.000000;0.351704;-0.015235
3426.000000;0.352667;-0.015048
3427.000000;0.353501;-0.014313
3428.000000;0.353161;-0.013918
3429.000000;0.352706;-0.015592
3430.000000;0.352472;-0.013933
3431.000000;0.354439;-0.012688
3432.000000;0.353033;-0.014633
3433.000000;0.353383;-0.013654
3434.000000;0.351147;-0.014378
3435.000000;0.351625;-0.014995
3436.000000;0.352222;-0.014719
3437.000000;0.352342;-0.015015
3438.000000;0.351041;-0.015785
3439.000000;0.350290;-0.014690
3440.000000;0.351019;-0.014563
3441.000000;0.351540;-0.016316
3442.000000;0.350413;-0.018331
3443.000000;0.351851;-0.017127
3444.000000;0.352153;-0.016164
3445.000000;0.352374;-0.014817
3446.000000;0.352042;-0.014162
3447.000000;0.352446;-0.015320
3448.000000;0.353385;-0.016487
3449.000000;0.351988;-0.014731
3450.000000;0.350653;-0.015514
3451.000000;0.350932;-0.015258
3452.000000;0.350721;-0.016636
3453.000000;0.351573;-0.016394
3454.000000;0.350239;-0.015383
3455.000000;0.348279;-0.015011
3456.000000;0.350873;-0.015645
3457.000000;0.353086;-0.015683
3458.000000;0.351280;-0.015825
3459.000000;0.351126;-0.016355
3460.000000;0.351291;-0.015609
3461.000000;0.350596;-0.016014
3462.000000;0.352231;-0.014500
3463.000000;0.352192;-0.016316
3464.000000;0.351386;-0.017080
3465.000000;0.349923;-0.015341
3466.000000;0.350403;-0.014113
3467.000000;0.350644;-0.015645
3468.000000;0.350681;-0.015283
3469.000000;0.351213;-0.016207
3470.000000;0.350808;-0.014707
3471.000000;0.350526;-0.015279
3472.000000;0.352064;-0.016946
3473.000000;0.351654;-0.015352
3474.000000;0.350272;-0.015029
3475.000000;0.349879;-0.015327
3476.000000;0.350216;-0.015886
3477.000000;0.350800;-0.015805
3478.000000;0.350657;-0.015387
3479.000000;0.349182;-0.013639
3480.000000;0.350127;-0.014031
3481.000000;0.350519;-0.014384
3482.000000;0.348420;-0.012887
3483.000000;0.347016;-0.012693
3484.000000;0.348625;-0.014104
3485.000000;0.349673;-0.015567
3486.000000;0.349095;-0.016927
3487.000000;0.348987;-0.016814
3488.000000;0.349096;-0.014830
3489.000000;0.348154;-0.014680
3490.000000;0.349636;-0.013545
3491.000000;0.348476;-0.015314
3492.000000;0.348109;-0.016566
3493.000000;0.349357;-0.014951
3494.000000;0.349765;-0.014307
3495.000000;0.347667;-0.014285
3496.000000;0.347496;-0.015051
3497.000000;0.348989;-0.014892
3498.000000;0.349348;-0.015570
3499.000000;0.348477;-0.015970
3500.000000;0.347928;-0.015272
3501.000000;0.347381;-0.016241
3502.000000;0.347484;-0.015452
3503.000000;0.348399;-0.014189
3504.000000;0.348891;-0.013043
3505.000000;0.347089;-0.014446
3506.000000;0.347452;-0.015453
3507.000000;0.347795;-0.015658
3508.000000;0.346748;-0.014669
3509.000000;0.346680;-0.017057
3510.000000;0.346851;-0.017129
3511.000000;0.346107;-0.017195
3512.000000;0.346323;-0.016491
3513.000000;0.345037;-0.015430
3514.000000;0.345310;-0.013505
3515.000000;0.345367;-0.014664
3516.000000;0.345188;-0.014646
3517.000000;0.345037;-0.014959
3518.000000;0.345643;-0.015673
3519.000000;0.345306;-0.016499
3520.000000;0.346783;-0.015439
3521.000000;0.347435;-0.014621
3522.000000;0.347182;-0.015916
3523.000000;0.346177;-0.016186
3524.000000;0.344598;-0.016878
3525.000000;0.345184;-0.015778
3526.000000;0.346013;-0.015745
3527.000000;0.345322;-0.016315
3528.000000;0.345149;-0.015842
3529.000000;0.346087;-0.016433
3530.000000;0.345551;-0.014066
3531.000000;0.344961;-0.013949
3532.000000;0.343861;-0.015023
3533.000000;0.343450;-0.014322
3534.000000;0.342717;-0.015076
3535.000000;0.343579;-0.015595
3536.000000;0.344761;-0.014798
3537.000000;0.344872;-0.015814
3538.000000;0.344885;-0.016504
3539.000000;0.345223;-0.015881
3540.000000;0.343740;-0.015252
3541.000000;0.341958;-0.015277
3542.000000;0.342792;-0.014396
3543.000000;0.343984;-0.015170
3544.000000;0.343613;-0.015515
3545.000000;0.344710;-0.015652
3546.000000;0.345257;-0.014650
3547.000000;0.344238;-0.013228
3548.000000;0.342954;-0.015148
3549.000000;0.342656;-0.014400
3550.000000;0.343013;-0.014037
3551.000000;0.342915;-0.015094
3552.000000;0.343645;-0.015096
3553.000000;0.342998;-0.014472
3554.000000;0.342258;-0.014605
3555.000000;0.342910;-0.014936
3556.000000;0.343643;-0.015434
3557.000000;0.343330;-0.016291
3558.000000;0.342457;-0.016493
3559.000000;0.342280;-0.016307
3560.000000;0.342897;-0.015920
3561.000000;0.343033;-0.015576
3562.000000;0.342610;-0.015905
3563.000000;0.342254;-0.015604
3564.000000;0.341377;-0.014977
3565.000000;0.342191;-0.015117
3566.000000;0.342231;-0.014990
3567.000000;0.342477;-0.014904
3568.000000;0.342105;-0.015464
3569.000000;0.342546;-0.015833
3570.000000;0.342467;-0.015199
3571.000000;0.341833;-0.015146
3572.000000;0.342017;-0.014717
3573.000000;0.342771;-0.013894
3574.000000;0.342941;-0.014048
3575.000000;0.341751;-0.013464
3576.000000;0.342164;-0.014932
3577.000000;0.341693;-0.015336
3578.000000;0.341860;-0.015153
3579.000000;0.341777;-0.015053
3580.000000;0.341697;-0.014540
3581.000000;0.340714;-0.014438
3582.000000;0.340047;-0.014843
3583.000000;0.340469;-0.014086
3584.000000;0.340250;-0.014312
3585.000000;0.339922;-0.013554
3586.000000;0.340253;-0.013613
3587.000000;0.340501;-0.013612
3588.000000;0.341704;-0.013254
3589.000000;0.341333;-0.013594
3590.000000;0.340432;-0.014045
3591.000000;0.340073;-0.014430
3592.000000;0.340576;-0.013820
3593.000000;0.340020;-0.014607
3594.000000;0.340915;-0.013680
3595.000000;0.340689;-0.013545
3596.000000;0.341838;-0.013600
3597.000000;0.340598;-0.013134
3598.000000;0.339506;-0.014125
3599.000000;0.340171;-0.013658
3600.000000;0.339996;-0.013237
3601.000000;0.338969;-0.014569
3602.000000;0.339591;-0.013809
3603.000000;0.339426;-0.013001
3604.000000;0.340122;-0.013348
3605.000000;0.340254;-0.013317
3606.000000;0.340378;-0.012056
3607.000000;0.340073;-0.012113
3608.000000;0.337722;-0.012382
3609.000000;0.338072;-0.013205
3610.000000;0.339427;-0.012597
3611.000000;0.340232;-0.013180
3612.000000;0.339714;-0.013820
3613.000000;0.339478;-0.013365
3614.000000;0.338606;-0.012336
3615.000000;0.338837;-0.013098
3616.000000;0.338534;-0.012872
3617.000000;0.339220;-0.012393
3618.000000;0.338304;-0.011870
3619.000000;0.338053;-0.012628
3620.000000;0.337733;-0.012303
3621.000000;0.338161;-0.011631
3622.000000;0.338092;-0.011982
3623.000000;0.338591;-0.012202
3624.000000;0.339218;-0.012069
3625.000000;0.338949;-0.012287
3626.000000;0.339459;-0.013133
3627.000000;0.339804;-0.012849
3628.000000;0.339348;-0.011792
3629.000000;0.339606;-0.011310
3630.000000;0.339822;-0.011491
3631.000000;0.338473;-0.011826
3632.000000;0.338285;-0.012233
3633.000000;0.338508;-0.012187
3634.000000;0.338593;-0.011677
3635.000000;0.338128;-0.011783
3636.000000;0.338648;-0.012385
3637.000000;0.337603;-0.012859
3638.000000;0.337221;-0.012088
3639.000000;0.337485;-0.011267
3640.000000;0.339076;-0.011518
3641.000000;0.339129;-0.012114
3642.000000;0.337530;-0.012606
3643.000000;0.337735;-0.012498
3644.000000;0.337938;-0.011709
3645.000000;0.338134;-0.011984
3646.000000;0.336889;-0.011234
3647.000000;0.337249;-0.011298
3648.000000;0.336648;-0.011676
3649.000000;0.336212;-0.011590
3650.000000;0.337330;-0.011271
3651.000000;0.336542;-0.010788
3652.000000;0.336800;-0.011373
3653.000000;0.336704;-0.012065
3654.000000;0.336894;-0.011788
3655.000000;0.337712;-0.011444
3656.000000;0.335996;-0.011490
3657.000000;0.336537;-0.011714
3658.000000;0.336692;-0.010831
3659.000000;0.335994;-0.011091
3660.000000;0.334532;-0.011645
3661.000000;0.335566;-0.011268
3662.000000;0.336326;-0.011774
3663.000000;0.336263;-0.011878
3664.000000;0.336033;-0.011100
3665.000000;0.336779;-0.010805
3666.000000;0.335763;-0.010353
3667.000000;0.335260;-0.010912
3668.000000;0.335136;-0.010168
3669.000000;0.335884;-0.010885
3670.000000;0.336411;-0.011334
3671.000000;0.335502;-0.011131
3672.000000;0.335219;-0.010853
3673.000000;0.335149;-0.009545
3674.000000;0.335429;-0.010057
3675.000000;0.335622;-0.010882
3676.000000;0.335625;-0.011483
3677.000000;0.334395;-0.011042
3678.000000;0.334806;-0.010702
3679.000000;0.335787;-0.009805
3680.000000;0.335303;-0.009992
3681.000000;0.334789;-0.010345
3682.000000;0.335522;-0.010319
3683.000000;0.335104;-0.010329
3684.000000;0.334376;-0.009476
3685.000000;0.333896;-0.009861
3686.000000;0.334911;-0.009618
3687.000000;0.335047;-0.009719
3688.000000;0.335069;-0.009275
3689.000000;0.334829;-0.008993
3690.000000;0.335683;-0.009575
3691.000000;0.335088;-0.008886
3692.000000;0.335247;-0.009512
3693.000000;0.335600;-0.009243
3694.000000;0.335015;-0.008697
3695.000000;0.335291;-0.008680
3696.000000;0.335528;-0.008292
3697.000000;0.334807;-0.009331
3698.000000;0.334219;-0.009710
3699.000000;0.334248;-0.008889
3700.000000;0.334645;-0.009241
3701.000000;0.334541;-0.009350
3702.000000;0.334460;-0.009342
3703.000000;0.334673;-0.009235
3704.000000;0.334558;-0.009198
3705.000000;0.334242;-0.008778
3706.000000;0.333924;-0.008362
3707.000000;0.334128;-0.008457
3708.000000;0.333891;-0.008595
3709.000000;0.334498;-0.008834
3710.000000;0.334295;-0.008783
3711.000000;0.333502;-0.008758
3712.000000;0.333297;-0.009107
3713.000000;0.333982;-0.008077
3714.000000;0.334309;-0.008006
3715.000000;0.333753;-0.008085
3716.000000;0.333482;-0.008221
3717.000000;0.334218;-0.008901
3718.000000;0.333575;-0.008864
3719.000000;0.332735;-0.008126
3720.000000;0.333833;-0.008309
3721.000000;0.333302;-0.007901
3722.000000;0.332886;-0.007719
3723.000000;0.332959;-0.008691
3724.000000;0.333252;-0.008794
3725.000000;0.332807;-0.008503
3726.000000;0.331960;-0.008015
3727.000000;0.332700;-0.007639
3728.000000;0.333657;-0.008702
3729.000000;0.334045;-0.008790
3730.000000;0.333445;-0.008681
3731.000000;0.333154;-0.008954
3732.000000;0.332433;-0.008430
3733.000000;0.332812;-0.008405
3734.000000;0.332494;-0.008625
3735.000000;0.332782;-0.008288
3736.000000;0.332497;-0.008356
3737.000000;0.332461;-0.007973
3738.000000;0.332306;-0.007309
3739.000000;0.332699;-0.008335
3740.000000;0.332343;-0.007952
3741.000000;0.331880;-0.008481
3742.000000;0.332618;-0.009805
3743.000000;0.332611;-0.009719
3744.000000;0.332161;-0.008294
3745.000000;0.331822;-0.008151
3746.000000;0.331780;-0.008158
3747.000000;0.331626;-0.008067
3748.000000;0.331459;-0.007716
3749.000000;0.331278;-0.008600
3750.000000;0.331956;-0.008194
3751.000000;0.330915;-0.007948
3752.000000;0.331211;-0.007736
3753.000000;0.331137;-0.008092
3754.000000;0.330914;-0.009146
3755.000000;0.330922;-0.008924
3756.000000;0.331067;-0.008476
3757.000000;0.331010;-0.008655
3758.000000;0.330150;-0.008835
3759.000000;0.330711;-0.008688
3760.000000;0.330899;-0.008122
3761.000000;0.331702;-0.007522
3762.000000;0.330679;-0.007294
3763.000000;0.330087;-0.008008
3764.000000;0.330367;-0.007782
3765.000000;0.331223;-0.007519
3766.000000;0.330271;-0.007277
3767.000000;0.330292;-0.007418
3768.000000;0.330898;-0.006871
3769.000000;0.329756;-0.006745
3770.000000;0.329603;-0.006709
3771.000000;0.329852;-0.007239
3772.000000;0.329798;-0.006777
3773.000000;0.329987;-0.007793
3774.000000;0.329563;-0.007519
3775.000000;0.329259;-0.007964
3776.000000;0.329037;-0.006630
3777.000000;0.328430;-0.006748
3778.000000;0.327745;-0.007066
3779.000000;0.329535;-0.006403
3780.000000;0.329736;-0.006505
3781.000000;0.329880;-0.006419
3782.000000;0.329393;-0.006363
3783.000000;0.328704;-0.006662
3784.000000;0.327772;-0.006760
3785.000000;0.328367;-0.006967
3786.000000;0.328757;-0.007274
3787.000000;0.327688;-0.007476
3788.000000;0.326420;-0.007385
3789.000000;0.327141;-0.007673
3790.000000;0.328649;-0.006769
3791.000000;0.328606;-0.006329
3792.000000;0.328557;-0.006843
3793.000000;0.327869;-0.007827
3794.000000;0.328003;-0.007480
3795.000000;0.327222;-0.007503
3796.000000;0.327255;-0.006888
3797.000000;0.327530;-0.006877
3798.000000;0.327851;-0.005666
3799.000000;0.328549;-0.005678
3800.000000;0.327512;-0.006476
3801.000000;0.327094;-0.006579
3802.000000;0.326998;-0.006775
3803.000000;0.326965;-0.006704
3804.000000;0.327420;-0.005279
3805.000000;0.327104;-0.005677
3806.000000;0.326649;-0.006455
3807.000000;0.326251;-0.006548
3808.000000;0.325644;-0.006322
3809.000000;0.325664;-0.006545
3810.000000;0.326492;-0.007082
3811.000000;0.327018;-0.006099
3812.000000;0.326417;-0.006625
3813.000000;0.326331;-0.006991
3814.000000;0.326066;-0.006000
3815.000000;0.327014;-0.004339
3816.000000;0.326811;-0.005403
3817.000000;0.326317;-0.005408
3818.000000;0.325361;-0.005487
3819.000000;0.325987;-0.006070
3820.000000;0.327156;-0.005464
3821.000000;0.326004;-0.005203
3822.000000;0.325435;-0.005245
3823.000000;0.325408;-0.006236
3824.000000;0.325459;-0.006306
3825.000000;0.325809;-0.005990
3826.000000;0.325420;-0.007007
3827.000000;0.324081;-0.007694
3828.000000;0.324740;-0.007026
3829.000000;0.324935;-0.006252
3830.000000;0.325990;-0.005713
3831.000000;0.325058;-0.005160
3832.000000;0.324431;-0.004933
3833.000000;0.324654;-0.006344
3834.000000;0.324326;-0.005453
3835.000000;0.324571;-0.004927
3836.000000;0.324874;-0.005344
3837.000000;0.325701;-0.005090
3838.000000;0.323976;-0.004815
3839.000000;0.324550;-0.004571
3840.000000;0.325230;-0.005301
3841.000000;0.323894;-0.005732
3842.000000;0.323939;-0.006003
3843.000000;0.324534;-0.004378
3844.000000;0.323623;-0.004565
3845.000000;0.324128;-0.004849
3846.000000;0.323996;-0.005556
3847.000000;0.324023;-0.004732
3848.000000;0.323536;-0.004704
3849.000000;0.322725;-0.005181
3850.000000;0.322116;-0.005106
3851.000000;0.323172;-0.005477
3852.000000;0.323872;-0.005088
3853.000000;0.322940;-0.004410
3854.000000;0.322311;-0.005463
3855.000000;0.321862;-0.004877
3856.000000;0.322480;-0.004337
3857.000000;0.322164;-0.004176
3858.000000;0.322175;-0.005770
3859.000000;0.322148;-0.005309
3860.000000;0.321112;-0.005155
3861.000000;0.319927;-0.005182
3862.000000;0.321303;-0.004299
3863.000000;0.322278;-0.004261
3864.000000;0.322247;-0.005598
3865.000000;0.321823;-0.006351
3866.000000;0.321649;-0.005115
3867.000000;0.320631;-0.004099
3868.000000;0.320942;-0.004388
3869.000000;0.320931;-0.003729
3870.000000;0.321021;-0.002742
3871.000000;0.321290;-0.003875
3872.000000;0.321856;-0.003768
3873.000000;0.320562;-0.005486
3874.000000;0.320249;-0.004346
3875.000000;0.320210;-0.004560
3876.000000;0.320415;-0.004788
3877.000000;0.319885;-0.004921
3878.000000;0.321090;-0.004403
3879.000000;0.321849;-0.004313
3880.000000;0.320310;-0.003439
3881.000000;0.320062;-0.003120
3882.000000;0.320322;-0.004290
3883.000000;0.321161;-0.004739
3884.000000;0.321203;-0.004351
3885.000000;0.319999;-0.002989
3886.000000;0.321337;-0.003787
3887.000000;0.319289;-0.003741
3888.000000;0.318715;-0.003738
3889.000000;0.321098;-0.004272
3890.000000;0.319852;-0.003525
3891.000000;0.318389;-0.003891
3892.000000;0.319180;-0.004986
3893.000000;0.318761;-0.004746
3894.000000;0.319677;-0.004838
3895.000000;0.320546;-0.003271
3896.000000;0.320663;-0.002970
3897.000000;0.319465;-0.004257
3898.000000;0.319117;-0.004934
3899.000000;0.319547;-0.003569
3900.000000;0.318913;-0.003420
3901.000000;0.319047;-0.002776
3902.000000;0.319798;-0.002961
3903.000000;0.319091;-0.004554
3904.000000;0.317805;-0.004617
3905.000000;0.317134;-0.003191
3906.000000;0.317412;-0.003415
3907.000000;0.317415;-0.004966
3908.000000;0.317820;-0.005127
3909.000000;0.318087;-0.003656
3910.000000;0.317841;-0.002692
3911.000000;0.318943;-0.004505
3912.000000;0.318466;-0.004802
3913.000000;0.317831;-0.003782
3914.000000;0.316843;-0.004272
3915.000000;0.316344;-0.004892
3916.000000;0.316466;-0.003868
3917.000000;0.317160;-0.003447
3918.000000;0.316420;-0.004244
3919.000000;0.317465;-0.004537
3920.000000;0.317038;-0.004716
3921.000000;0.317725;-0.005177
3922.000000;0.317205;-0.005357
3923.000000;0.315911;-0.004007
3924.000000;0.315314;-0.003901
3925.000000;0.315327;-0.004697
3926.000000;0.316134;-0.004708
3927.000000;0.316297;-0.003668
3928.000000;0.314339;-0.002775
3929.000000;0.313822;-0.002770
3930.000000;0.313950;-0.003541
3931.000000;0.315547;-0.003257
3932.000000;0.315114;-0.002761
3933.000000;0.314782;-0.002794
3934.000000;0.314802;-0.003319
3935.000000;0.316190;-0.004027
3936.000000;0.315520;-0.004196
3937.000000;0.315058;-0.003260
3938.000000;0.314074;-0.002679
3939.000000;0.315192;-0.003365
3940.000000;0.315625;-0.003037
3941.000000;0.316914;-0.003052
3942.000000;0.316157;-0.002686
3943.000000;0.315614;-0.002504
3944.000000;0.314733;-0.002157
3945.000000;0.314110;-0.001700
3946.000000;0.312935;-0.001512
3947.000000;0.313423;-0.003150
3948.000000;0.313472;-0.003552
3949.000000;0.313106;-0.003028
3950.000000;0.313320;-0.003708
3951.000000;0.314384;-0.003547
3952.000000;0.314777;-0.002674
3953.000000;0.314506;-0.003629
3954.000000;0.314002;-0.003163
3955.000000;0.313274;-0.002346
3956.000000;0.314286;-0.003912
3957.000000;0.314310;-0.001929
3958.000000;0.314284;-0.002646
3959.000000;0.313246;-0.002833
3960.000000;0.312798;-0.002318
3961.000000;0.312668;-0.003208
3962.000000;0.312822;-0.002457
3963.000000;0.313373;-0.002269
3964.000000;0.313421;-0.003248
3965.000000;0.311954;-0.002958
3966.000000;0.311707;-0.002511
3967.000000;0.311007;-0.003379
3968.000000;0.308950;-0.003399
3969.000000;0.309881;-0.001345
3970.000000;0.310600;-0.002131
3971.000000;0.310991;-0.003120
3972.000000;0.311678;-0.002056
3973.000000;0.312130;-0.003010
3974.000000;0.311557;-0.002701
3975.000000;0.311485;-0.002201
3976.000000;0.312055;-0.002711
3977.000000;0.311603;-0.001272
3978.000000;0.311685;-0.001434
3979.000000;0.311264;-0.002652
3980.000000;0.310179;-0.002942
3981.000000;0.310215;-0.002204
3982.000000;0.310939;-0.002161
3983.000000;0.311752;-0.002776
3984.000000;0.312397;-0.003085
3985.000000;0.311061;-0.002430
3986.000000;0.310453;-0.000754
3987.000000;0.311024;-0.002256
3988.000000;0.309865;-0.003460
3989.000000;0.308814;-0.003432
3990.000000;0.311471;-0.002271
3991.000000;0.310502;-0.003429
3992.000000;0.308782;-0.003561
3993.000000;0.308618;-0.001094
3994.000000;0.309524;-0.001303
3995.000000;0.310279;-0.001706
3996.000000;0.309767;-0.001629
3997.000000;0.310059;-0.001229
3998.000000;0.309352;-0.001957
3999.000000;0.308220;-0.001961
4000.000000;0.308539;-0.002534
4001.000000;0.309296;-0.003607
4002.000000;0.309454;-0.002965
4003.000000;0.309796;-0.002442
4004.000000;0.309951;-0.001896
4005.000000;0.308918;-0.001760
4006.000000;0.308055;-0.001540
4007.000000;0.308836;-0.002747
4008.000000;0.309028;-0.002661
4009.000000;0.309018;-0.002258
4010.000000;0.309653;-0.001928
4011.000000;0.309319;-0.003106
4012.000000;0.308526;-0.002248
4013.000000;0.308084;-0.001255
4014.000000;0.308043;-0.001378
4015.000000;0.308184;-0.001902
4016.000000;0.308575;-0.002303
4017.000000;0.307618;-0.002884
4018.000000;0.308675;-0.003353
4019.000000;0.307903;-0.002161
4020.000000;0.308248;-0.002198
4021.000000;0.308269;-0.002497
4022.000000;0.306723;-0.002126
4023.000000;0.305959;-0.001856
4024.000000;0.306560;-0.001666
4025.000000;0.307999;-0.002680
4026.000000;0.307646;-0.002072
4027.000000;0.306918;-0.001465
4028.000000;0.305936;-0.002914
4029.000000;0.306925;-0.001672
4030.000000;0.308340;-0.001284
4031.000000;0.307217;-0.002330
4032.000000;0.307295;-0.002417
4033.000000;0.306343;-0.002399
4034.000000;0.306499;-0.002139
4035.000000;0.306982;-0.002744
4036.000000;0.306404;-0.002637
4037.000000;0.305608;-0.002304
4038.000000;0.307010;-0.002668
4039.000000;0.308026;-0.002020
4040.000000;0.307050;-0.002410
4041.000000;0.306529;-0.002904
4042.000000;0.305847;-0.002984
4043.000000;0.305656;-0.002681
4044.000000;0.306736;-0.002303
4045.000000;0.307806;-0.002400
4046.000000;0.305170;-0.001691
4047.000000;0.304667;-0.002209
4048.000000;0.305211;-0.003947
4049.000000;0.304391;-0.002721
4050.000000;0.304649;-0.001964
4051.000000;0.305134;-0.001666
4052.000000;0.306096;-0.001860
4053.000000;0.305947;-0.001437
4054.000000;0.305749;-0.001668
4055.000000;0.306100;-0.001095
4056.000000;0.305282;-0.001340
4057.000000;0.304820;-0.002971
4058.000000;0.304900;-0.003384
4059.000000;0.305839;-0.002353
4060.000000;0.306003;-0.002197
4061.000000;0.304787;-0.001747
4062.000000;0.304517;-0.003342
4063.000000;0.305134;-0.003180
4064.000000;0.305106;-0.002376
4065.000000;0.305101;-0.001465
4066.000000;0.304115;-0.001523
4067.000000;0.303469;-0.002866
4068.000000;0.304033;-0.003280
4069.000000;0.304436;-0.002631
4070.000000;0.303620;-0.001721
4071.000000;0.303479;-0.002576
4072.000000;0.303714;-0.001744
4073.000000;0.304408;-0.002611
4074.000000;0.305173;-0.003477
4075.000000;0.304442;-0.003267
4076.000000;0.303963;-0.002880
4077.000000;0.304697;-0.002550
4078.000000;0.303584;-0.001970
4079.000000;0.304725;-0.003639
4080.000000;0.301979;-0.003338
4081.000000;0.301351;-0.003740
4082.000000;0.303224;-0.002823
4083.000000;0.303309;-0.003245
4084.000000;0.302654;-0.004089
4085.000000;0.303061;-0.002751
4086.000000;0.302620;-0.003220
4087.000000;0.302588;-0.003620
4088.000000;0.302837;-0.001993
4089.000000;0.303294;-0.002697
4090.000000;0.303683;-0.002933
4091.000000;0.302574;-0.002066
4092.000000;0.301863;-0.003566
4093.000000;0.302030;-0.002692
4094.000000;0.303651;-0.002552
4095.000000;0.303661;-0.002804
4096.000000;0.301959;-0.003455
4097.000000;0.301694;-0.002890
4098.000000;0.302270;-0.001624
4099.000000;0.301599;-0.002832
4100.000000;0.301219;-0.001931
4101.000000;0.301897;-0.003231
4102.000000;0.302698;-0.002930
4103.000000;0.302222;-0.003208
4104.000000;0.302756;-0.003259
4105.000000;0.302537;-0.002553
4106.000000;0.302339;-0.003512
4107.000000;0.301971;-0.002910
4108.000000;0.301900;-0.002530
4109.000000;0.301424;-0.002683
4110.000000;0.300784;-0.003775
4111.000000;0.301073;-0.002672
4112.000000;0.301419;-0.002531
4113.000000;0.300682;-0.002082
4114.000000;0.301432;-0.002380
4115.000000;0.301967;-0.003843
4116.000000;0.301139;-0.003577
4117.000000;0.301208;-0.002205
4118.000000;0.301217;-0.002737
4119.000000;0.301061;-0.003031
4120.000000;0.301527;-0.002234
4121.000000;0.300707;-0.002650
4122.000000;0.300231;-0.002776
4123.000000;0.301088;-0.002824
4124.000000;0.301569;-0.001715
4125.000000;0.300578;-0.001820
4126.000000;0.300034;-0.002350
4127.000000;0.299185;-0.002387
4128.000000;0.300516;-0.002219
4129.000000;0.299735;-0.002304
4130.000000;0.298889;-0.001712
4131.000000;0.299070;-0.003161
4132.000000;0.300785;-0.002295
4133.000000;0.301063;-0.001578
4134.000000;0.300422;-0.001592
4135.000000;0.301098;-0.001080
4136.000000;0.301720;-0.001635
4137.000000;0.299128;-0.001026
4138.000000;0.298397;-0.002147
4139.000000;0.299784;-0.002538
4140.000000;0.299242;-0.001041
4141.000000;0.299244;-0.001614
4142.000000;0.299367;-0.001671
4143.000000;0.299927;-0.003155
4144.000000;0.299429;-0.003192
4145.000000;0.299616;-0.001942
4146.000000;0.299943;-0.001542
4147.000000;0.299929;-0.000855
4148.000000;0.299118;-0.001474
4149.000000;0.298219;-0.002664
4150.000000;0.299560;-0.003272
4151.000000;0.298904;-0.003083
4152.000000;0.299378;-0.002050
4153.000000;0.298671;-0.000882
4154.000000;0.300724;-0.000946
4155.000000;0.298446;-0.000873
4156.000000;0.297402;-0.002669
4157.000000;0.298364;-0.001835
4158.000000;0.298906;-0.000959
4159.000000;0.299883;-0.001029
4160.000000;0.298541;-0.000564
4161.000000;0.297746;0.000216
4162.000000;0.299425;-0.001529
4163.000000;0.298272;-0.001639
4164.000000;0.298016;-0.001585
4165.000000;0.296333;-0.001389
4166.000000;0.298071;-0.000634
4167.000000;0.298915;-0.001701
4168.000000;0.298666;-0.000739
4169.000000;0.298158;-0.001447
4170.000000;0.297234;-0.000942
4171.000000;0.296210;-0.000598
4172.000000;0.296840;-0.002366
4173.000000;0.297051;-0.002479
4174.000000;0.297570;-0.001327
4175.000000;0.296759;-0.002388
4176.000000;0.298032;-0.002565
4177.000000;0.296519;-0.001433
4178.000000;0.295931;-0.000863
4179.000000;0.299121;-0.001920
4180.000000;0.299457;-0.000884
4181.000000;0.299066;-0.000531
4182.000000;0.298490;-0.001072
4183.000000;0.297309;-0.001179
4184.000000;0.296143;-0.000976
4185.000000;0.297442;-0.002038
4186.000000;0.298430;-0.001152
4187.000000;0.297393;-0.000671
4188.000000;0.295993;-0.001839
4189.000000;0.297122;-0.001709
4190.000000;0.297549;-0.002163
4191.000000;0.298165;-0.001353
4192.000000;0.298156;-0.001235
4193.000000;0.297211;-0.002267
4194.000000;0.296610;-0.001028
4195.000000;0.296910;-0.002262
4196.000000;0.297200;-0.001822
4197.000000;0.296344;-0.001829
4198.000000;0.296091;-0.002485
4199.000000;0.297130;-0.001099
4200.000000;0.298644;-0.001191
4201.000000;0.297292;-0.001389
4202.000000;0.297151;-0.000449
4203.000000;0.296681;-0.001147
4204.000000;0.297431;-0.001639
4205.000000;0.297428;-0.001196
4206.000000;0.296964;-0.002506
4207.000000;0.296706;-0.000845
4208.000000;0.296870;-0.000227
4209.000000;0.296180;-0.000067
4210.000000;0.297179;-0.000831
4211.000000;0.296948;-0.001043
4212.000000;0.296007;-0.000706
4213.000000;0.295988;0.000952
4214.000000;0.296619;0.000864
4215.000000;0.296524;-0.000227
4216.000000;0.296768;0.000286
4217.000000;0.297358;0.000166
4218.000000;0.298081;-0.000682
4219.000000;0.296023;-0.000393
4220.000000;0.295878;-0.000529
4221.000000;0.296166;-0.001288
4222.000000;0.294211;-0.000964
4223.000000;0.293257;-0.000798
4224.000000;0.293713;0.000340
4225.000000;0.295196;0.000427
4226.000000;0.295729;0.000757
4227.000000;0.295180;0.000591
4228.000000;0.294037;0.001008
4229.000000;0.293277;-0.000696
4230.000000;0.293543;-0.001784
4231.000000;0.295895;-0.001603
4232.000000;0.295320;-0.000324
4233.000000;0.296288;0.000557
4234.000000;0.295935;-0.000468
4235.000000;0.295536;-0.001049
4236.000000;0.293640;0.000235
4237.000000;0.293385;-0.000241
4238.000000;0.294405;-0.000337
4239.000000;0.294329;-0.001146
4240.000000;0.294024;0.001889
4241.000000;0.294379;0.003005
4242.000000;0.294292;0.000799
4243.000000;0.293331;0.000377
4244.000000;0.293984;-0.000770
4245.000000;0.294391;0.000588
4246.000000;0.293860;-0.000395
4247.000000;0.293170;-0.000791
4248.000000;0.292782;-0.001285
4249.000000;0.293193;0.000389
4250.000000;0.294078;0.000181
4251.000000;0.293942;-0.001201
4252.000000;0.292200;-0.000640
4253.000000;0.293955;0.000479
4254.000000;0.293709;0.000166
4255.000000;0.293271;0.000981
4256.000000;0.293352;0.002125
4257.000000;0.292530;0.001329
4258.000000;0.291633;0.000118
4259.000000;0.292780;0.002504
4260.000000;0.293152;0.001680
4261.000000;0.293049;0.000629
4262.000000;0.293211;-0.001185
4263.000000;0.294301;-0.000930
4264.000000;0.295228;-0.000181
4265.000000;0.293816;0.001117
4266.000000;0.294223;0.001822
4267.000000;0.293906;0.001128
4268.000000;0.292385;0.000910
4269.000000;0.291755;0.002076
4270.000000;0.292645;0.001915
4271.000000;0.292245;0.002148
4272.000000;0.293856;0.001539
4273.000000;0.295042;0.002083
4274.000000;0.293099;0.003615
4275.000000;0.290830;0.002822
4276.000000;0.290156;0.001879
4277.000000;0.291284;0.000686
4278.000000;0.291282;0.000453
4279.000000;0.290685;0.001812
4280.000000;0.291157;0.002166
4281.000000;0.290657;0.002384
4282.000000;0.292659;0.002516
4283.000000;0.292111;0.002672
4284.000000;0.292257;0.002060
4285.000000;0.293310;0.002911
4286.000000;0.293679;0.001701
4287.000000;0.293028;0.001433
4288.000000;0.292733;0.001629
4289.000000;0.291804;0.001766
4290.000000;0.292121;0.002187
4291.000000;0.291721;0.002328
4292.000000;0.291802;0.003111
4293.000000;0.292806;0.003008
4294.000000;0.292904;0.001680
4295.000000;0.292721;0.001362
4296.000000;0.290283;0.001116
4297.000000;0.290748;-0.000546
4298.000000;0.292130;-0.000519
4299.000000;0.293207;0.002003
4300.000000;0.289929;0.003582
4301.000000;0.289635;0.002667
4302.000000;0.290611;0.002656
4303.000000;0.290026;0.003395
4304.000000;0.288818;0.003088
4305.000000;0.288991;0.003243
4306.000000;0.289227;0.002967
4307.000000;0.289818;0.003368
4308.000000;0.290002;0.003869
4309.000000;0.290982;0.003776
4310.000000;0.291571;0.002350
4311.000000;0.290833;0.002659
4312.000000;0.289845;0.003617
4313.000000;0.290384;0.003202
4314.000000;0.290879;0.003900
4315.000000;0.291721;0.004779
4316.000000;0.291340;0.002819
4317.000000;0.291015;0.001960
4318.000000;0.289240;0.004512
4319.000000;0.288740;0.005986
4320.000000;0.288550;0.006167
4321.000000;0.290165;0.005498
4322.000000;0.289477;0.004029
4323.000000;0.288326;0.003906
4324.000000;0.288079;0.002908
4325.000000;0.288484;0.003438
4326.000000;0.288401;0.005680
4327.000000;0.287767;0.004329
4328.000000;0.287618;0.003203
4329.000000;0.289441;0.005175
4330.000000;0.288318;0.005488
4331.000000;0.288376;0.004801
4332.000000;0.288095;0.004668
4333.000000;0.289057;0.005276
4334.000000;0.288295;0.005896
4335.000000;0.287886;0.006826
4336.000000;0.288027;0.006739
4337.000000;0.288211;0.005267
4338.000000;0.288580;0.004220
4339.000000;0.288298;0.005109
4340.000000;0.287403;0.005002
4341.000000;0.286262;0.004265
4342.000000;0.287240;0.004271
4343.000000;0.287279;0.005346
4344.000000;0.288634;0.006754
4345.000000;0.288572;0.005666
4346.000000;0.288833;0.004083
4347.000000;0.288409;0.004291
4348.000000;0.287284;0.006866
4349.000000;0.288068;0.005612
4350.000000;0.288598;0.006068
4351.000000;0.287391;0.004036
4352.000000;0.287026;0.005186
4353.000000;0.287141;0.004629
4354.000000;0.288184;0.004268
4355.000000;0.289223;0.006642
4356.000000;0.287747;0.006361
4357.000000;0.288306;0.005876
4358.000000;0.286489;0.005803
4359.000000;0.287521;0.006093
4360.000000;0.287887;0.006632
4361.000000;0.287263;0.007806
4362.000000;0.285963;0.006586
4363.000000;0.285807;0.006136
4364.000000;0.285318;0.006747
4365.000000;0.285649;0.007107
4366.000000;0.285607;0.006374
4367.000000;0.286760;0.006729
4368.000000;0.287339;0.007421
4369.000000;0.287771;0.006633
4370.000000;0.285889;0.004648
4371.000000;0.284682;0.004508
4372.000000;0.285704;0.006493
4373.000000;0.285129;0.008837
4374.000000;0.283907;0.008036
4375.000000;0.284701;0.007659
4376.000000;0.282956;0.007687
4377.000000;0.283295;0.006136
4378.000000;0.283787;0.005421
4379.000000;0.286673;0.006422
4380.000000;0.285321;0.007657
4381.000000;0.283560;0.006966
4382.000000;0.285906;0.006584
4383.000000;0.287213;0.005595
4384.000000;0.285726;0.007274
4385.000000;0.284587;0.007640
4386.000000;0.283660;0.008262
4387.000000;0.283779;0.007336
4388.000000;0.284767;0.007380
4389.000000;0.284252;0.006436
4390.000000;0.283994;0.006813
4391.000000;0.283990;0.008071
4392.000000;0.285039;0.008311
4393.000000;0.285760;0.008841
4394.000000;0.283414;0.007065
4395.000000;0.282434;0.006057
4396.000000;0.284655;0.007833
4397.000000;0.285653;0.007217
4398.000000;0.282732;0.007264
4399.000000;0.282480;0.007799
4400.000000;0.283935;0.009355
4401.000000;0.283315;0.009790
4402.000000;0.282802;0.008213
4403.000000;0.283653;0.009244
4404.000000;0.283635;0.010277
4405.000000;0.283371;0.008711
4406.000000;0.283384;0.008528
4407.000000;0.283728;0.008785
4408.000000;0.283085;0.008373
4409.000000;0.283211;0.009611
4410.000000;0.282244;0.008637
4411.000000;0.282524;0.008638
4412.000000;0.282335;0.009487
4413.000000;0.281580;0.009326
4414.000000;0.282210;0.008899
4415.000000;0.282091;0.008013
4416.000000;0.282673;0.007859
4417.000000;0.281101;0.008873
4418.000000;0.281491;0.010057
4419.000000;0.282751;0.009499
4420.000000;0.281140;0.010764
4421.000000;0.281115;0.009229
4422.000000;0.281137;0.011017
4423.000000;0.280978;0.011530
4424.000000;0.281042;0.010047
4425.000000;0.280652;0.008533
4426.000000;0.280988;0.008270
4427.000000;0.281013;0.007895
4428.000000;0.280256;0.009572
4429.000000;0.279598;0.010364
4430.000000;0.281666;0.010468
4431.000000;0.281096;0.010485
4432.000000;0.280274;0.010108
4433.000000;0.280336;0.010520
4434.000000;0.280675;0.011164
4435.000000;0.280466;0.011614
4436.000000;0.280436;0.011435
4437.000000;0.279104;0.010907
4438.000000;0.279377;0.011217
4439.000000;0.280379;0.010180
4440.000000;0.279831;0.010360
4441.000000;0.278821;0.012450
4442.000000;0.279413;0.015730
4443.000000;0.279663;0.015130
4444.000000;0.279310;0.013067
4445.000000;0.278462;0.012775
4446.000000;0.278720;0.011393
4447.000000;0.280289;0.010480
4448.000000;0.278160;0.011647
4449.000000;0.278194;0.010937
4450.000000;0.279377;0.010824
4451.000000;0.279314;0.011649
4452.000000;0.278707;0.010977
4453.000000;0.279117;0.011401
4454.000000;0.279892;0.013836
4455.000000;0.280398;0.013080
4456.000000;0.278727;0.013425
4457.000000;0.279023;0.011648
4458.000000;0.277574;0.010908
4459.000000;0.276449;0.011489
4460.000000;0.277692;0.012671
4461.000000;0.278983;0.012098
4462.000000;0.278867;0.012372
4463.000000;0.279247;0.013601
4464.000000;0.278067;0.013002
4465.000000;0.278893;0.011488
4466.000000;0.278550;0.011845
4467.000000;0.276441;0.012985
4468.000000;0.277620;0.013866
4469.000000;0.277002;0.012864
4470.000000;0.274647;0.012463
4471.000000;0.276075;0.013556
4472.000000;0.278007;0.012916
4473.000000;0.278720;0.012836
4474.000000;0.279520;0.013710
4475.000000;0.278452;0.013316
4476.000000;0.277880;0.013886
4477.000000;0.278993;0.014354
4478.000000;0.277306;0.013560
4479.000000;0.277376;0.013641
4480.000000;0.277905;0.014700
4481.000000;0.276741;0.016209
4482.000000;0.276123;0.014414
4483.000000;0.278080;0.011855
4484.000000;0.277430;0.012399
4485.000000;0.276683;0.013653
4486.000000;0.277099;0.014358
4487.000000;0.277497;0.014127
4488.000000;0.276335;0.012900
4489.000000;0.276084;0.012710
4490.000000;0.276641;0.012385
4491.000000;0.276376;0.013394
4492.000000;0.276698;0.014043
4493.000000;0.278515;0.015818
4494.000000;0.277644;0.014629
4495.000000;0.276173;0.013882
4496.000000;0.274371;0.014623
4497.000000;0.274556;0.014118
4498.000000;0.275319;0.014033
4499.000000;0.275413;0.013364
4500.000000;0.275138;0.014252
4501.000000;0.277210;0.013237
4502.000000;0.276126;0.011936
4503.000000;0.274552;0.013523
4504.000000;0.275938;0.014684
4505.000000;0.275598;0.014365
4506.000000;0.276916;0.013121
4507.000000;0.277271;0.013616
4508.000000;0.275844;0.013949
4509.000000;0.275883;0.012812
4510.000000;0.276087;0.014384
4511.000000;0.274110;0.013061
4512.000000;0.274858;0.012703
4513.000000;0.275573;0.013694
4514.000000;0.274586;0.014759
4515.000000;0.274366;0.016013
4516.000000;0.273291;0.013979
4517.000000;0.274009;0.014235
4518.000000;0.274520;0.013804
4519.000000;0.272822;0.014054
4520.000000;0.273172;0.013766
4521.000000;0.274582;0.013547
4522.000000;0.274202;0.013124
4523.000000;0.273565;0.012315
4524.000000;0.273216;0.013122
4525.000000;0.273689;0.013591
4526.000000;0.273932;0.013500
4527.000000;0.275143;0.013688
4528.000000;0.273475;0.014368
4529.000000;0.273640;0.014638
4530.000000;0.274004;0.013815
4531.000000;0.274650;0.013782
4532.000000;0.274735;0.012738
4533.000000;0.273186;0.013208
4534.000000;0.273302;0.013752
4535.000000;0.272793;0.012660
4536.000000;0.271966;0.013118
4537.000000;0.272191;0.013792
4538.000000;0.272263;0.013292
4539.000000;0.273340;0.013074
4540.000000;0.272812;0.013553
4541.000000;0.272757;0.014168
4542.000000;0.271938;0.015011
4543.000000;0.271550;0.014929
4544.000000;0.271382;0.014389
4545.000000;0.271375;0.013869
4546.000000;0.271406;0.013893
4547.000000;0.270869;0.013673
4548.000000;0.272977;0.014928
4549.000000;0.272315;0.013887
4550.000000;0.271411;0.012694
4551.000000;0.271644;0.012184
4552.000000;0.272430;0.012782
4553.000000;0.272801;0.014225
4554.000000;0.270945;0.014587
4555.000000;0.270898;0.014022
4556.000000;0.271621;0.013658
4557.000000;0.271310;0.013340
4558.000000;0.271418;0.013094
4559.000000;0.271028;0.012669
4560.000000;0.272139;0.012976
4561.000000;0.272334;0.013421
4562.000000;0.270473;0.013152
4563.000000;0.270014;0.012000
4564.000000;0.269426;0.012035
4565.000000;0.269519;0.013503
4566.000000;0.270350;0.014119
4567.000000;0.270970;0.015073
4568.000000;0.270523;0.014186
4569.000000;0.270747;0.012418
4570.000000;0.269767;0.012927
4571.000000;0.269641;0.012737
4572.000000;0.268855;0.012605
4573.000000;0.268985;0.012765
4574.000000;0.269812;0.012454
4575.000000;0.269823;0.012353
4576.000000;0.270115;0.012189
4577.000000;0.269108;0.012845
4578.000000;0.268794;0.013698
4579.000000;0.269256;0.015026
4580.000000;0.269825;0.014700
4581.000000;0.269569;0.014181
4582.000000;0.268373;0.013890
4583.000000;0.268446;0.014772
4584.000000;0.269016;0.012686
4585.000000;0.268296;0.011736
4586.000000;0.269128;0.012083
4587.000000;0.269061;0.013478
4588.000000;0.267994;0.012674
4589.000000;0.268072;0.012879
4590.000000;0.270124;0.011758
4591.000000;0.268415;0.013162
4592.000000;0.266714;0.013850
4593.000000;0.268438;0.014390
4594.000000;0.268014;0.013537
4595.000000;0.267255;0.012078
4596.000000;0.266555;0.012827
4597.000000;0.268251;0.014167
4598.000000;0.269742;0.014000
4599.000000;0.269500;0.013364
4600.000000;0.268878;0.013296
4601.000000;0.267744;0.013601
4602.000000;0.267544;0.012778
4603.000000;0.267403;0.014911
4604.000000;0.268152;0.013569
4605.000000;0.267767;0.012619
4606.000000;0.267320;0.012694
4607.000000;0.267195;0.012610
4608.000000;0.267074;0.013033
4609.000000;0.267835;0.013557
4610.000000;0.267413;0.012903
4611.000000;0.268425;0.011255
4612.000000;0.266956;0.012075
4613.000000;0.267265;0.012839
4614.000000;0.266993;0.012907
4615.000000;0.266101;0.011801
4616.000000;0.267361;0.013482
4617.000000;0.267814;0.013406
4618.000000;0.267659;0.013387
4619.000000;0.267498;0.013516
4620.000000;0.266765;0.012800
4621.000000;0.265845;0.013112
4622.000000;0.266377;0.013042
4623.000000;0.266476;0.012201
4624.000000;0.267026;0.011524
4625.000000;0.266944;0.013125
4626.000000;0.265959;0.013424
4627.000000;0.265964;0.013297
4628.000000;0.266934;0.013606
4629.000000;0.265425;0.013536
4630.000000;0.265471;0.012730
4631.000000;0.265819;0.012971
4632.000000;0.265069;0.013561
4633.000000;0.266135;0.012945
4634.000000;0.266787;0.012217
4635.000000;0.266307;0.013563
4636.000000;0.266498;0.013797
4637.000000;0.266557;0.013701
4638.000000;0.266462;0.013985
4639.000000;0.265559;0.012105
4640.000000;0.263266;0.011085
4641.000000;0.263755;0.013121
4642.000000;0.264408;0.013004
4643.000000;0.266307;0.013739
4644.000000;0.266052;0.012621
4645.000000;0.264832;0.011973
4646.000000;0.265261;0.012376
4647.000000;0.265499;0.012020
4648.000000;0.265008;0.011570
4649.000000;0.264197;0.011839
4650.000000;0.263853;0.012083
4651.000000;0.263867;0.012760
4652.000000;0.264751;0.012165
4653.000000;0.263665;0.013122
4654.000000;0.263457;0.012807
4655.000000;0.263085;0.011904
4656.000000;0.263418;0.012036
4657.000000;0.263737;0.012564
4658.000000;0.264700;0.012291
4659.000000;0.265190;0.013091
4660.000000;0.265750;0.014337
4661.000000;0.264798;0.012755
4662.000000;0.264496;0.012586
4663.000000;0.264180;0.011661
4664.000000;0.264491;0.012033
4665.000000;0.264483;0.014059
4666.000000;0.264820;0.013771
4667.000000;0.264662;0.012592
4668.000000;0.263971;0.011776
4669.000000;0.263771;0.012537
4670.000000;0.264428;0.014350
4671.000000;0.263225;0.013021
4672.000000;0.263421;0.011982
4673.000000;0.264982;0.014168
4674.000000;0.266062;0.014045
4675.000000;0.264627;0.012736
4676.000000;0.263296;0.012296
4677.000000;0.264183;0.013048
4678.000000;0.264494;0.013321
4679.000000;0.264369;0.012009
4680.000000;0.262864;0.011418
4681.000000;0.263316;0.012060
4682.000000;0.264107;0.011782
4683.000000;0.264241;0.012505
4684.000000;0.264967;0.012903
4685.000000;0.264328;0.012630
4686.000000;0.265008;0.013434
4687.000000;0.264366;0.012323
4688.000000;0.264052;0.012867
4689.000000;0.263817;0.012863
4690.000000;0.264009;0.012204
4691.000000;0.263664;0.013314
4692.000000;0.264377;0.012840
4693.000000;0.264034;0.012145
4694.000000;0.263599;0.013505
4695.000000;0.263086;0.013167
4696.000000;0.262971;0.013517
4697.000000;0.262370;0.012499
4698.000000;0.263011;0.012459
4699.000000;0.263785;0.011706
4700.000000;0.264570;0.011228
4701.000000;0.263486;0.012789
4702.000000;0.262479;0.012036
4703.000000;0.263143;0.012719
4704.000000;0.263225;0.013208
4705.000000;0.263472;0.013189
4706.000000;0.264331;0.013224
4707.000000;0.264190;0.013778
4708.000000;0.263300;0.013595
4709.000000;0.262834;0.013185
4710.000000;0.263177;0.012520
4711.000000;0.263411;0.013505
4712.000000;0.263351;0.012869
4713.000000;0.264104;0.013921
4714.000000;0.263385;0.013231
4715.000000;0.263517;0.013047
4716.000000;0.264501;0.011989
4717.000000;0.263392;0.012495
4718.000000;0.263373;0.012948
4719.000000;0.262527;0.012679
4720.000000;0.261659;0.011882
4721.000000;0.263064;0.010935
4722.000000;0.264891;0.011546
4723.000000;0.264954;0.011635
4724.000000;0.262880;0.012053
4725.000000;0.263459;0.011598
4726.000000;0.263800;0.010567
4727.000000;0.262564;0.011467
4728.000000;0.262373;0.012409
4729.000000;0.260922;0.012486
4730.000000;0.262569;0.011518
4731.000000;0.265627;0.012635
4732.000000;0.264472;0.013184
4733.000000;0.263463;0.015254
4734.000000;0.263886;0.014025
4735.000000;0.264106;0.012874
4736.000000;0.262893;0.013614
4737.000000;0.263032;0.012456
4738.000000;0.263136;0.011131
4739.000000;0.263555;0.011654
4740.000000;0.262598;0.012861
4741.000000;0.262484;0.012340
4742.000000;0.262605;0.010647
4743.000000;0.263535;0.010867
4744.000000;0.263745;0.012606
4745.000000;0.263510;0.012776
4746.000000;0.262591;0.010510
4747.000000;0.263837;0.011042
4748.000000;0.263735;0.014065
4749.000000;0.262795;0.014608
4750.000000;0.263286;0.013040
4751.000000;0.263558;0.012421
4752.000000;0.263208;0.013690
4753.000000;0.263685;0.014001
4754.000000;0.263338;0.013854
4755.000000;0.262712;0.012841
4756.000000;0.263045;0.013047
4757.000000;0.263201;0.013998
4758.000000;0.262460;0.013382
4759.000000;0.263515;0.012419
4760.000000;0.263295;0.013064
4761.000000;0.263376;0.012997
4762.000000;0.263694;0.012296
4763.000000;0.262794;0.011711
4764.000000;0.263431;0.012684
4765.000000;0.263484;0.012729
4766.000000;0.263648;0.011952
4767.000000;0.262855;0.011394
4768.000000;0.262242;0.011954
4769.000000;0.261701;0.013470
4770.000000;0.263320;0.013425
4771.000000;0.262826;0.013421
4772.000000;0.262287;0.014225
4773.000000;0.262097;0.013771
4774.000000;0.261754;0.014535
4775.000000;0.261725;0.014801
4776.000000;0.261085;0.013418
4777.000000;0.259991;0.012558
4778.000000;0.261034;0.014686
4779.000000;0.262193;0.014346
4780.000000;0.262050;0.014329
4781.000000;0.263182;0.013899
4782.000000;0.262093;0.014108
4783.000000;0.262258;0.013511
4784.000000;0.263806;0.014539
4785.000000;0.265302;0.015668
4786.000000;0.263031;0.016011
4787.000000;0.261129;0.013944
4788.000000;0.261753;0.012706
4789.000000;0.261172;0.013581
4790.000000;0.259758;0.014022
4791.000000;0.261125;0.014711
4792.000000;0.262799;0.015495
4793.000000;0.264263;0.014112
4794.000000;0.262376;0.011566
4795.000000;0.260973;0.013201
4796.000000;0.260414;0.015175
4797.000000;0.261726;0.014871
4798.000000;0.262038;0.013177
4799.000000;0.261187;0.013591
4800.000000;0.261469;0.013246
4801.000000;0.260582;0.014093
4802.000000;0.260213;0.014673
4803.000000;0.260490;0.015353
4804.000000;0.260303;0.015146
4805.000000;0.261426;0.016466
4806.000000;0.261442;0.016142
4807.000000;0.260697;0.015667
4808.000000;0.259151;0.016016
4809.000000;0.259839;0.015327
4810.000000;0.261124;0.016263
4811.000000;0.262109;0.015529
4812.000000;0.261803;0.014136
4813.000000;0.262388;0.014620
4814.000000;0.261880;0.014954
4815.000000;0.260932;0.014535
4816.000000;0.259177;0.015112
4817.000000;0.260161;0.015488
4818.000000;0.261176;0.015189
4819.000000;0.259957;0.014497
4820.000000;0.260526;0.016359
4821.000000;0.260961;0.016967
4822.000000;0.260629;0.015883
4823.000000;0.260408;0.017454
4824.000000;0.260429;0.019744
4825.000000;0.259707;0.017209
4826.000000;0.258411;0.015561
4827.000000;0.257294;0.014632
4828.000000;0.259889;0.015816
4829.000000;0.258825;0.015695
4830.000000;0.258959;0.015903
4831.000000;0.258335;0.017615
4832.000000;0.260377;0.018035
4833.000000;0.260174;0.017822
4834.000000;0.259382;0.018078
4835.000000;0.257912;0.017524
4836.000000;0.257270;0.018471
4837.000000;0.257304;0.017542
4838.000000;0.256890;0.018159
4839.000000;0.257668;0.019089
4840.000000;0.258222;0.019705
4841.000000;0.258799;0.019044
4842.000000;0.258395;0.019462
4843.000000;0.259079;0.019451
4844.000000;0.258373;0.020017
4845.000000;0.257936;0.019366
4846.000000;0.258443;0.022555
4847.000000;0.256140;0.021200
4848.000000;0.257365;0.019233
4849.000000;0.258465;0.019976
4850.000000;0.257335;0.020031
4851.000000;0.256531;0.016917
4852.000000;0.256715;0.017282
4853.000000;0.256815;0.018216
4854.000000;0.256917;0.019997
4855.000000;0.256260;0.019457
4856.000000;0.255637;0.021062
4857.000000;0.253901;0.024391
4858.000000;0.255121;0.025094
4859.000000;0.254794;0.025308
4860.000000;0.252859;0.023866
4861.000000;0.253127;0.023036
4862.000000;0.254509;0.022787
4863.000000;0.254357;0.024421
4864.000000;0.253582;0.025315
4865.000000;0.253412;0.027093
4866.000000;0.253516;0.026831
4867.000000;0.254463;0.027984
4868.000000;0.254727;0.028296
4869.000000;0.253780;0.029703
4870.000000;0.254722;0.028722
4871.000000;0.255979;0.029251
4872.000000;0.255219;0.029488
4873.000000;0.256159;0.030005
4874.000000;0.255825;0.031346
4875.000000;0.254750;0.030266
4876.000000;0.256066;0.031088
4877.000000;0.257730;0.034654
4878.000000;0.255492;0.033156
4879.000000;0.253754;0.033477
4880.000000;0.253568;0.033191
4881.000000;0.254959;0.033237
4882.000000;0.254853;0.035544
4883.000000;0.255608;0.036277
4884.000000;0.254929;0.037844
4885.000000;0.255435;0.036561
4886.000000;0.256108;0.035548
4887.000000;0.255591;0.037316
4888.000000;0.256322;0.037158
4889.000000;0.256832;0.035963
4890.000000;0.257079;0.037186
4891.000000;0.255984;0.039519
4892.000000;0.255997;0.039102
4893.000000;0.257405;0.039056
4894.000000;0.258272;0.040265
4895.000000;0.258961;0.039664
4896.000000;0.259575;0.039958
4897.000000;0.257438;0.038453
4898.000000;0.258101;0.037505
4899.000000;0.259789;0.040243
4900.000000;0.259242;0.041102
4901.000000;0.259030;0.041987
4902.000000;0.261869;0.042371
4903.000000;0.260387;0.042262
4904.000000;0.258053;0.042045
4905.000000;0.258605;0.043598
4906.000000;0.259605;0.045101
4907.000000;0.261928;0.044225
4908.000000;0.261761;0.043071
4909.000000;0.261508;0.043680
4910.000000;0.260796;0.044687
4911.000000;0.261750;0.045018
4912.000000;0.263644;0.045271
4913.000000;0.261970;0.044245
4914.000000;0.260580;0.045123
4915.000000;0.262610;0.044748
4916.000000;0.263389;0.044422
4917.000000;0.261250;0.044613
4918.000000;0.261800;0.044694
4919.000000;0.261513;0.045521
4920.000000;0.262325;0.046702
4921.000000;0.262595;0.047362
4922.000000;0.264315;0.047701
4923.000000;0.264342;0.047149
4924.000000;0.264695;0.048430
4925.000000;0.265669;0.048769
4926.000000;0.264740;0.047637
4927.000000;0.265509;0.049154
4928.000000;0.266089;0.048111
4929.000000;0.265866;0.048465
4930.000000;0.264738;0.049350
4931.000000;0.266414;0.048677
4932.000000;0.266743;0.049121
4933.000000;0.266505;0.049028
4934.000000;0.266559;0.049488
4935.000000;0.267044;0.051446
4936.000000;0.267501;0.051313
4937.000000;0.267617;0.052450
4938.000000;0.265178;0.052158
4939.000000;0.267814;0.051886
4940.000000;0.267249;0.051403
4941.000000;0.267199;0.052576
4942.000000;0.267930;0.053184
4943.000000;0.268705;0.052998
4944.000000;0.266834;0.053751
4945.000000;0.268650;0.052839
4946.000000;0.269687;0.052823
4947.000000;0.268300;0.053271
4948.000000;0.268134;0.053188
4949.000000;0.270535;0.052597
4950.000000;0.270371;0.054661
4951.000000;0.270227;0.055056
4952.000000;0.271111;0.053704
4953.000000;0.271988;0.053014
4954.000000;0.270129;0.055095
4955.000000;0.270013;0.054989
4956.000000;0.271502;0.054545
4957.000000;0.271585;0.054910
4958.000000;0.271153;0.055498
4959.000000;0.270497;0.056592
4960.000000;0.271111;0.056228
4961.000000;0.270631;0.054773
4962.000000;0.270595;0.056611
4963.000000;0.269853;0.057348
4964.000000;0.272417;0.056417
4965.000000;0.272898;0.056126
4966.000000;0.271864;0.056777
4967.000000;0.271791;0.056840
4968.000000;0.273043;0.057560
4969.000000;0.273406;0.058139
4970.000000;0.274223;0.057840
4971.000000;0.274454;0.058075
4972.000000;0.275039;0.059013
4973.000000;0.274110;0.060029
4974.000000;0.272763;0.059790
4975.000000;0.272219;0.060820
4976.000000;0.273158;0.061145
4977.000000;0.273317;0.060847
4978.000000;0.274250;0.061763
4979.000000;0.273965;0.062697
4980.000000;0.273468;0.060665
4981.000000;0.273119;0.061137
4982.000000;0.274851;0.062575
4983.000000;0.276228;0.064609
4984.000000;0.274622;0.065601
4985.000000;0.275958;0.064800
4986.000000;0.275708;0.064836
4987.000000;0.275364;0.065236
4988.000000;0.275921;0.064862
4989.000000;0.275822;0.065875
4990.000000;0.276031;0.066456
4991.000000;0.275962;0.068169
4992.000000;0.278301;0.069533
4993.000000;0.278232;0.071913
4994.000000;0.277866;0.073206
4995.000000;0.278777;0.072396
4996.000000;0.277753;0.072945
4997.000000;0.276643;0.074599
4998.000000;0.277460;0.074779
4999.000000;0.279196;0.076194
5000.000000;0.280727;0.078287
5001.000000;0.280994;0.079262
5002.000000;0.281914;0.078704
5003.000000;0.283972;0.080404
5004.000000;0.285160;0.080829
5005.000000;0.286577;0.081299
5006.000000;0.287953;0.081240
5007.000000;0.288624;0.084200
5008.000000;0.291266;0.086368
5009.000000;0.292479;0.087280
5010.000000;0.292857;0.087299
